,image_name,label,predicted
0,2705_LeafPhotoA_2025-09-09 10_19_54.020-05_00_1.png,1.25,2.0750775909712638
1,2705_LeafPhotoA_2025-09-09 10_19_54.020-05_00_2.png,1.25,2.0626859621501645
2,2705_LeafPhotoA_2025-09-09 10_19_54.020-05_00_0.png,1.25,1.9654999670128348
7,2002_LeafPhotoA_2025-09-08 10_34_30.740-05_00_0.png,1.25,1.9037245461187995
8,2002_LeafPhotoA_2025-09-08 10_34_30.740-05_00_3.png,1.25,1.9000677549896787
9,2002_LeafPhotoA_2025-09-08 10_34_30.740-05_00_1.png,1.25,1.8389498811839171
10,2002_LeafPhotoA_2025-09-08 10_34_30.740-05_00_2.png,1.25,1.8708288689760264
15,2645_LeafPhotoA_2025-09-09 11_30_33.412-05_00_1.png,1.75,1.8229803053771707
16,2645_LeafPhotoA_2025-09-09 11_30_33.412-05_00_0.png,1.75,1.7465978392236154
17,2645_LeafPhotoA_2025-09-09 11_30_33.412-05_00_2.png,1.75,1.6784826934403176
25,2863_LeafPhotoA_2025-09-09 14_53_39.925-05_00_0.png,1.5,1.8554463289799017
26,2863_LeafPhotoA_2025-09-09 14_53_39.925-05_00_1.png,1.5,1.8885923980703387
38,1268_LeafPhotoA_2025-09-08 16_18_21.694-05_00_0.png,1.25,1.8715953209264926
39,1268_LeafPhotoA_2025-09-08 16_18_21.694-05_00_1.png,1.25,1.7391848505417569
40,1268_LeafPhotoA_2025-09-08 16_18_21.694-05_00_2.png,1.25,1.8649382167074706
41,1268_LeafPhotoA_2025-09-08 16_18_21.694-05_00_3.png,1.25,1.7777393927774157
62,2339_LeafPhotoA_2025-09-08 11_07_39.980-05_00_3.png,1.25,2.01683012050156
63,2339_LeafPhotoA_2025-09-08 11_07_39.980-05_00_0.png,1.25,1.9218489935846745
64,2339_LeafPhotoA_2025-09-08 11_07_39.980-05_00_2.png,1.25,1.9841186472518713
65,2339_LeafPhotoA_2025-09-08 11_07_39.980-05_00_1.png,1.25,1.7282139285866076
77,1827_LeafPhotoA_2025-09-09 09_28_41.756-05_00_0.png,1.5,1.8421508475292339
78,1827_LeafPhotoA_2025-09-09 09_28_41.756-05_00_1.png,1.5,1.7784965091596272
79,1827_LeafPhotoA_2025-09-09 09_28_41.756-05_00_2.png,1.5,1.688873347409241
80,1827_LeafPhotoA_2025-09-09 09_28_41.756-05_00_3.png,1.5,1.9179716818090473
93,2675_LeafPhotoA_2025-09-09 11_09_07.955-05_00_0.png,2.0,1.788223217915556
94,2675_LeafPhotoA_2025-09-09 11_09_07.955-05_00_1.png,2.0,1.771896204940999
95,2675_LeafPhotoA_2025-09-09 11_09_07.955-05_00_2.png,2.0,1.848836923614884
96,1256_LeafPhotoA_2025-09-08 16_33_20.459-05_00_1.png,2.5,2.1535640249091297
97,1256_LeafPhotoA_2025-09-08 16_33_20.459-05_00_2.png,2.5,2.102238223431626
98,1256_LeafPhotoA_2025-09-08 16_33_20.459-05_00_0.png,2.5,2.0073846642765
118,1150_LeafPhotoA_2025-09-08 10_48_11.571-05_00_0.png,1.75,1.9461974617659616
119,1150_LeafPhotoA_2025-09-08 10_48_11.571-05_00_1.png,1.75,2.035574319958223
120,1150_LeafPhotoA_2025-09-08 10_48_11.571-05_00_2.png,1.75,2.033253381855645
121,1150_LeafPhotoA_2025-09-08 10_48_11.571-05_00_3.png,1.75,2.0367322278075957
129,2616_LeafPhotoA_2025-09-09 12_03_18.288-05_00_2.png,2.0,1.6663142033512595
130,2616_LeafPhotoA_2025-09-09 12_03_18.288-05_00_3.png,2.0,1.6828358181564453
131,2616_LeafPhotoA_2025-09-09 12_03_18.288-05_00_1.png,2.0,1.7481943578473174
132,2616_LeafPhotoA_2025-09-09 12_03_18.288-05_00_0.png,2.0,1.9052946025888176
148,2445_LeafPhotoB_2025-09-08 11_21_12.225-05_00_2.png,1.5,1.843781367253891
149,2445_LeafPhotoB_2025-09-08 11_21_12.225-05_00_1.png,1.5,1.7607995558864367
150,2445_LeafPhotoB_2025-09-08 11_21_12.225-05_00_3.png,1.5,1.93920773184289
151,2445_LeafPhotoB_2025-09-08 11_21_12.225-05_00_0.png,1.5,1.8319302211662891
171,2469_LeafPhotoB_2025-09-08 11_45_54.424-05_00_0.png,1.75,1.9051723518891663
172,2469_LeafPhotoB_2025-09-08 11_45_54.424-05_00_3.png,1.75,2.099959281881689
173,2469_LeafPhotoB_2025-09-08 11_45_54.424-05_00_2.png,1.75,2.0834362724729396
174,2469_LeafPhotoB_2025-09-08 11_45_54.424-05_00_1.png,1.75,1.8868892416636216
241,2637_LeafPhotoA_2025-09-09 11_40_45.027-05_00_0.png,1.25,1.8267381943821575
242,2637_LeafPhotoA_2025-09-09 11_40_45.027-05_00_1.png,1.25,1.9136246668528978
243,2637_LeafPhotoA_2025-09-09 11_40_45.027-05_00_2.png,1.25,1.8694323699355615
244,2637_LeafPhotoA_2025-09-09 11_40_45.027-05_00_3.png,1.25,1.641309639588568
245,2240_LeafPhotoA_2025-09-08 11_49_15.391-05_00_3.png,1.75,1.591670250766033
246,2240_LeafPhotoA_2025-09-08 11_49_15.391-05_00_2.png,1.75,1.7550306452806441
247,2240_LeafPhotoA_2025-09-08 11_49_15.391-05_00_0.png,1.75,1.8294478085303358
248,2240_LeafPhotoA_2025-09-08 11_49_15.391-05_00_1.png,1.75,1.6749272541936053
253,2225_LeafPhotoA_2025-09-08 11_27_06.412-05_00_0.png,1.25,1.740031348363682
254,2225_LeafPhotoA_2025-09-08 11_27_06.412-05_00_1.png,1.25,1.8863370033210394
255,2225_LeafPhotoA_2025-09-08 11_27_06.412-05_00_2.png,1.25,1.9829438038347678
256,2225_LeafPhotoA_2025-09-08 11_27_06.412-05_00_3.png,1.25,1.9342074811690737
264,2177_LeafPhotoA_2025-09-09 12_21_22.406-05_00_0.png,1.5,1.9480854683457236
265,2177_LeafPhotoA_2025-09-09 12_21_22.406-05_00_1.png,1.5,1.8882183851759136
266,2177_LeafPhotoA_2025-09-09 12_21_22.406-05_00_2.png,1.5,1.9902708625188312
267,2177_LeafPhotoA_2025-09-09 12_21_22.406-05_00_3.png,1.5,1.900191386231732
281,1830_LeafPhotoA_2025-09-09 09_33_52.287-05_00_1.png,2.0,1.6770545086864739
282,1830_LeafPhotoA_2025-09-09 09_33_52.287-05_00_0.png,2.0,2.077754046875468
283,1830_LeafPhotoA_2025-09-09 09_33_52.287-05_00_2.png,2.0,1.7177951247489758
284,1830_LeafPhotoA_2025-09-09 09_33_52.287-05_00_3.png,2.0,1.8980351992778477
297,2671_LeafPhotoA_2025-09-09 11_45_37.038-05_00_0.png,4.5,2.329126301305192
298,2671_LeafPhotoA_2025-09-09 11_45_37.038-05_00_1.png,4.5,2.1717161000584975
299,2671_LeafPhotoA_2025-09-09 11_45_37.038-05_00_2.png,4.5,2.273615954146042
300,2671_LeafPhotoA_2025-09-09 11_45_37.038-05_00_3.png,4.5,2.2343352920836477
309,1085_LeafPhotoA_2025-09-09 10_58_08.346-05_00_0.png,2.0,2.0377348531778674
310,1085_LeafPhotoA_2025-09-09 10_58_08.346-05_00_1.png,2.0,1.9855734385869819
311,1085_LeafPhotoA_2025-09-09 10_58_08.346-05_00_2.png,2.0,1.767133312314619
312,1085_LeafPhotoA_2025-09-09 10_58_08.346-05_00_3.png,2.0,1.9106506819060982
324,1090_LeafPhotoA_2025-09-09 11_01_46.837-05_00_2.png,2.0,1.9264176215976718
325,1090_LeafPhotoA_2025-09-09 11_01_46.837-05_00_0.png,2.0,1.9603822470385948
326,1090_LeafPhotoA_2025-09-09 11_01_46.837-05_00_1.png,2.0,1.8891280982197183
327,1090_LeafPhotoA_2025-09-09 11_01_46.837-05_00_3.png,2.0,2.1273455486542763
328,2539_LeafPhotoA_2025-09-09 10_38_11.553-05_00_0.png,1.5,2.0911173859465277
329,2539_LeafPhotoA_2025-09-09 10_38_11.553-05_00_1.png,1.5,2.0859729209344158
330,2539_LeafPhotoA_2025-09-09 10_38_11.553-05_00_2.png,1.5,1.9133260847697762
331,2539_LeafPhotoA_2025-09-09 10_38_11.553-05_00_3.png,1.5,1.9522497298811154
344,2439_LeafPhotoB_2025-09-08 11_15_32.151-05_00_0.png,1.0,1.9680016683093307
345,2439_LeafPhotoB_2025-09-08 11_15_32.151-05_00_1.png,1.0,1.9999186228431578
346,2439_LeafPhotoB_2025-09-08 11_15_32.151-05_00_2.png,1.0,1.7858579720037728
347,2439_LeafPhotoB_2025-09-08 11_15_32.151-05_00_3.png,1.0,1.7698330667440572
360,1743_LeafPhotoA_2025-09-09 09_59_38.653-05_00_0.png,1.0,2.0187387265762844
361,1743_LeafPhotoA_2025-09-09 09_59_38.653-05_00_1.png,1.0,1.9707181331596966
362,1743_LeafPhotoA_2025-09-09 09_59_38.653-05_00_2.png,1.0,2.052683270766185
363,1743_LeafPhotoA_2025-09-09 09_59_38.653-05_00_3.png,1.0,2.0057990639570558
368,2076_LeafPhotoA_2025-09-08 12_11_50.135-05_00_0.png,1.25,1.87377573357585
369,2076_LeafPhotoA_2025-09-08 12_11_50.135-05_00_1.png,1.25,1.8337674106903012
370,2076_LeafPhotoA_2025-09-08 12_11_50.135-05_00_2.png,1.25,2.0058177684601834
371,2076_LeafPhotoA_2025-09-08 12_11_50.135-05_00_3.png,1.25,2.071249213437777
380,2570_LeafPhotoA_2025-09-09 10_49_34.407-05_00_0.png,2.75,1.8583293522102546
381,2570_LeafPhotoA_2025-09-09 10_49_34.407-05_00_1.png,2.75,1.9925612198402436
382,2570_LeafPhotoA_2025-09-09 10_49_34.407-05_00_2.png,2.75,2.0839296769657647
395,2262_LeafPhotoA_2025-09-08 12_34_41.227-05_00_0.png,1.5,1.8605034388377066
396,2262_LeafPhotoA_2025-09-08 12_34_41.227-05_00_2.png,1.5,1.8449255322743137
397,2262_LeafPhotoA_2025-09-08 12_34_41.227-05_00_3.png,1.5,1.861504920510919
398,2262_LeafPhotoA_2025-09-08 12_34_41.227-05_00_1.png,1.5,1.9423065952759249
407,6042_LeafPhotoA_2025-09-09 16_06_35.024-05_00_0.png,1.25,1.7545479518940241
408,6042_LeafPhotoA_2025-09-09 16_06_35.024-05_00_1.png,1.25,1.7784558148787057
409,6042_LeafPhotoA_2025-09-09 16_06_35.024-05_00_2.png,1.25,1.7758035450209404
410,6042_LeafPhotoA_2025-09-09 16_06_35.024-05_00_3.png,1.25,1.7174989416614805
422,1625_LeafPhotoA_2025-09-09 10_02_28.135-05_00_3.png,2.25,2.1394785951421027
423,1625_LeafPhotoA_2025-09-09 10_02_28.135-05_00_1.png,2.25,2.059439057803222
424,1625_LeafPhotoA_2025-09-09 10_02_28.135-05_00_2.png,2.25,2.0456956273036973
425,1625_LeafPhotoA_2025-09-09 10_02_28.135-05_00_0.png,2.25,2.2631639690861856
444,2436_LeafPhotoB_2025-09-08 11_12_35.180-05_00_2.png,1.5,1.8825680612172464
445,2436_LeafPhotoB_2025-09-08 11_12_35.180-05_00_3.png,1.5,1.9162832799510423
446,2436_LeafPhotoB_2025-09-08 11_12_35.180-05_00_1.png,1.5,1.8707594257701645
447,2436_LeafPhotoB_2025-09-08 11_12_35.180-05_00_0.png,1.5,2.046183185160642
455,1203_LeafPhotoA_2025-09-08 09_19_50.867-05_00_1.png,2.25,2.034834171823045
456,1203_LeafPhotoA_2025-09-08 09_19_50.867-05_00_0.png,2.25,1.979541194121497
457,1203_LeafPhotoA_2025-09-08 09_19_50.867-05_00_3.png,2.25,2.074269939085826
458,1203_LeafPhotoA_2025-09-08 09_19_50.867-05_00_2.png,2.25,2.030672481382138
521,2062_LeafPhotoA_2025-09-08 11_56_16.610-05_00_0.png,1.25,1.7994162656408195
522,2062_LeafPhotoA_2025-09-08 11_56_16.610-05_00_1.png,1.25,2.104056531943432
523,2062_LeafPhotoA_2025-09-08 11_56_16.610-05_00_2.png,1.25,2.054288521019171
524,1347_LeafPhotoA_2025-09-08 10_15_29.541-05_00_0.png,1.75,1.9041079987908545
525,1347_LeafPhotoA_2025-09-08 10_15_29.541-05_00_1.png,1.75,2.1147819812232544
526,1347_LeafPhotoA_2025-09-08 10_15_29.541-05_00_2.png,1.75,1.7576132397336925
527,1347_LeafPhotoA_2025-09-08 10_15_29.541-05_00_3.png,1.75,2.0711097180074534
532,2639_LeafPhotoA_2025-09-09 11_37_01.257-05_00_1.png,1.25,1.7118806386502785
533,2639_LeafPhotoA_2025-09-09 11_37_01.257-05_00_2.png,1.25,1.8956130166595524
534,2639_LeafPhotoA_2025-09-09 11_37_01.257-05_00_0.png,1.25,1.860703095941583
535,2639_LeafPhotoA_2025-09-09 11_37_01.257-05_00_3.png,1.25,1.8093677600671598
536,1301_LeafPhotoA_2025-09-08 10_20_24.380-05_00_0.png,1.5,1.7923419201591602
537,1301_LeafPhotoA_2025-09-08 10_20_24.380-05_00_1.png,1.5,1.8591522500762054
538,1301_LeafPhotoA_2025-09-08 10_20_24.380-05_00_2.png,1.5,1.8535697618335967
539,1301_LeafPhotoA_2025-09-08 10_20_24.380-05_00_3.png,1.5,1.8129637033825308
614,1942_LeafPhotoA_2025-09-09 15_57_21.713-05_00_0.png,2.25,1.947034518725598
615,1942_LeafPhotoA_2025-09-09 15_57_21.713-05_00_2.png,2.25,2.001605381857994
616,1942_LeafPhotoA_2025-09-09 15_57_21.713-05_00_1.png,2.25,1.9904354551608798
617,1942_LeafPhotoA_2025-09-09 15_57_21.713-05_00_3.png,2.25,2.0101113276737306
622,2311_LeafPhotoA_2025-09-08 10_40_04.548-05_00_0.png,1.5,1.8451867893852218
623,2311_LeafPhotoA_2025-09-08 10_40_04.548-05_00_1.png,1.5,1.6840031359822378
624,2311_LeafPhotoA_2025-09-08 10_40_04.548-05_00_2.png,1.5,1.8374791663051135
625,2311_LeafPhotoA_2025-09-08 10_40_04.548-05_00_3.png,1.5,1.8516812031063186
643,1142_LeafPhotoA_2025-09-08 10_37_21.587-05_00_0.png,1.0,1.903646496677843
644,1142_LeafPhotoA_2025-09-08 10_37_21.587-05_00_1.png,1.0,1.9624059722097662
645,1142_LeafPhotoA_2025-09-08 10_37_21.587-05_00_2.png,1.0,1.9937213134696685
646,1142_LeafPhotoA_2025-09-08 10_37_21.587-05_00_3.png,1.0,2.026498489774904
651,1715_LeafPhotoA_2025-09-09 09_11_42.677-05_00_0.png,2.25,1.968440978128768
652,1715_LeafPhotoA_2025-09-09 09_11_42.677-05_00_1.png,2.25,1.983519715718148
653,1715_LeafPhotoA_2025-09-09 09_11_42.677-05_00_2.png,2.25,1.9729631022214236
654,1715_LeafPhotoA_2025-09-09 09_11_42.677-05_00_3.png,2.25,1.9988243464481832
702,1449_LeafPhotoB_2025-09-08 10_37_44.031-05_00_1.png,2.0,2.064025020161726
703,1449_LeafPhotoB_2025-09-08 10_37_44.031-05_00_0.png,2.0,2.058685237914534
704,1449_LeafPhotoB_2025-09-08 10_37_44.031-05_00_2.png,2.0,2.183451247772553
709,1269_LeafPhotoA_2025-09-08 16_17_52.960-05_00_0.png,2.25,1.9391486976681445
710,1269_LeafPhotoA_2025-09-08 16_17_52.960-05_00_1.png,2.25,1.7568837711530239
711,1269_LeafPhotoA_2025-09-08 16_17_52.960-05_00_3.png,2.25,2.077460489179723
712,1269_LeafPhotoA_2025-09-08 16_17_52.960-05_00_2.png,2.25,1.9238462459882733
717,,1.5,1.7242436015574594
718,,2.0,1.7242436015574594
731,1143_LeafPhotoA_2025-09-08 10_38_21.557-05_00_1.png,4.25,2.1210344499197054
732,1143_LeafPhotoA_2025-09-08 10_38_21.557-05_00_0.png,4.25,2.0239917247999686
733,2313_LeafPhotoA_2025-09-08 10_41_17.601-05_00_3.png,1.75,1.7163108741104096
734,2313_LeafPhotoA_2025-09-08 10_41_17.601-05_00_0.png,1.75,1.92843556281037
735,2313_LeafPhotoA_2025-09-08 10_41_17.601-05_00_1.png,1.75,1.8793162240057548
736,2313_LeafPhotoA_2025-09-08 10_41_17.601-05_00_2.png,1.75,1.8076455149060606
749,1038_LeafPhotoA_2025-09-08 10_15_32.315-05_00_1.png,2.0,2.0345099718249884
750,1038_LeafPhotoA_2025-09-08 10_15_32.315-05_00_0.png,2.0,2.0727306607651044
751,1038_LeafPhotoA_2025-09-08 10_15_32.315-05_00_3.png,2.0,1.907470310516655
752,1038_LeafPhotoA_2025-09-08 10_15_32.315-05_00_2.png,2.0,1.8546682460842676
756,1629_LeafPhotoA_2025-09-09 10_11_31.349-05_00_2.png,1.25,1.94559284614451
757,1629_LeafPhotoA_2025-09-09 10_11_31.349-05_00_0.png,1.25,1.86264684916262
758,1629_LeafPhotoA_2025-09-09 10_11_31.349-05_00_1.png,1.25,1.8698810678056028
759,1629_LeafPhotoA_2025-09-09 10_11_31.349-05_00_3.png,1.25,1.7769363304680648
769,2160_LeafPhotoA_2025-09-08 12_38_59.488-05_00_0.png,1.75,2.039631542362581
770,2160_LeafPhotoA_2025-09-08 12_38_59.488-05_00_2.png,1.75,2.0601493859919735
771,2160_LeafPhotoA_2025-09-08 12_38_59.488-05_00_3.png,1.75,2.050618450792988
772,2160_LeafPhotoA_2025-09-08 12_38_59.488-05_00_1.png,1.75,1.9479496335457063
792,1677_LeafPhotoA_2025-09-09 09_35_17.102-05_00_0.png,1.25,1.8130788699210723
793,1677_LeafPhotoA_2025-09-09 09_35_17.102-05_00_1.png,1.25,1.6338144460709276
794,1677_LeafPhotoA_2025-09-09 09_35_17.102-05_00_2.png,1.25,1.6148716076378618
795,1750_LeafPhotoA_2025-09-09 10_09_28.880-05_00_2.png,2.5,2.146658213224971
796,1750_LeafPhotoA_2025-09-09 10_09_28.880-05_00_0.png,2.5,2.197734671181073
797,1750_LeafPhotoA_2025-09-09 10_09_28.880-05_00_1.png,2.5,2.1668694004295785
798,1750_LeafPhotoA_2025-09-09 10_09_28.880-05_00_3.png,2.5,1.9422844923430247
803,1123_LeafPhotoA_2025-09-08 10_09_09.535-05_00_3.png,1.5,1.8642080372363852
804,1123_LeafPhotoA_2025-09-08 10_09_09.535-05_00_0.png,1.5,1.9594416035818907
805,1123_LeafPhotoA_2025-09-08 10_09_09.535-05_00_1.png,1.5,2.076730894091576
806,1123_LeafPhotoA_2025-09-08 10_09_09.535-05_00_2.png,1.5,2.084899004919517
823,2167_LeafPhotoA_2025-09-09 12_01_16.586-05_00_0.png,2.75,2.054153268325384
824,2167_LeafPhotoA_2025-09-09 12_01_16.586-05_00_1.png,2.75,2.1544950353868706
825,2167_LeafPhotoA_2025-09-09 12_01_16.586-05_00_2.png,2.75,2.115012566023015
826,2167_LeafPhotoA_2025-09-09 12_01_16.586-05_00_3.png,2.75,2.0445491870101
855,1249_LeafPhotoA_2025-09-08 10_41_51.533-05_00_1.png,1.0,1.7377796560916723
856,1249_LeafPhotoA_2025-09-08 10_41_51.533-05_00_3.png,1.0,2.0190755030537337
857,1249_LeafPhotoA_2025-09-08 10_41_51.533-05_00_0.png,1.0,1.7510666619385642
858,1249_LeafPhotoA_2025-09-08 10_41_51.533-05_00_2.png,1.0,1.8409554414167413
864,1907_LeafPhotoA_2025-09-09 14_42_36.286-05_00_0.png,1.5,1.95820221569796
865,1907_LeafPhotoA_2025-09-09 14_42_36.286-05_00_1.png,1.5,1.9029038233832152
866,1907_LeafPhotoA_2025-09-09 14_42_36.286-05_00_2.png,1.5,2.0593035129072277
867,1907_LeafPhotoA_2025-09-09 14_42_36.286-05_00_3.png,1.5,2.164063860717885
878,5045_LeafPhotoA_2025-09-09 17_01_44.217-05_00_3.png,1.25,1.7507704461288056
879,5045_LeafPhotoA_2025-09-09 17_01_44.217-05_00_2.png,1.25,1.6636121225086984
880,5045_LeafPhotoA_2025-09-09 17_01_44.217-05_00_1.png,1.25,1.66312782895639
881,5045_LeafPhotoA_2025-09-09 17_01_44.217-05_00_0.png,1.25,1.6478297266995994
882,1250_LeafPhotoA_2025-09-08 10_43_41.179-05_00_0.png,1.25,1.6426097962029653
883,1250_LeafPhotoA_2025-09-08 10_43_41.179-05_00_1.png,1.25,1.6604155192037358
884,1250_LeafPhotoA_2025-09-08 10_43_41.179-05_00_2.png,1.25,1.9500991421038816
885,1250_LeafPhotoA_2025-09-08 10_43_41.179-05_00_3.png,1.25,1.8977618378783245
898,1256_LeafPhotoA_2025-09-08 16_32_47.764-05_00_1.png,3.0,1.9179934916161703
899,1256_LeafPhotoA_2025-09-08 16_32_47.764-05_00_0.png,3.0,1.938760672871161
900,1256_LeafPhotoA_2025-09-08 16_32_47.764-05_00_2.png,3.0,2.1802682187988873
905,2902_LeafPhotoA_2025-09-09 16_13_57.638-05_00_0.png,1.25,1.819757348631188
906,2902_LeafPhotoA_2025-09-09 16_13_57.638-05_00_1.png,1.25,1.7847672746535939
915,2442_LeafPhotoB_2025-09-08 11_18_36.514-05_00_0.png,2.0,1.9390462042723073
916,2442_LeafPhotoB_2025-09-08 11_18_36.514-05_00_1.png,2.0,1.8564620015633928
930,1026_LeafPhotoA_2025-09-08 10_01_59.080-05_00_2.png,1.75,1.9505320399558024
931,1026_LeafPhotoA_2025-09-08 10_01_59.080-05_00_1.png,1.75,1.954872614381804
932,1026_LeafPhotoA_2025-09-08 10_01_59.080-05_00_3.png,1.75,2.0739212289509306
933,1026_LeafPhotoA_2025-09-08 10_01_59.080-05_00_0.png,1.75,1.9842768831472377
941,2073_LeafPhotoA_2025-09-08 12_07_54.433-05_00_0.png,1.5,1.9507238109721674
942,2073_LeafPhotoA_2025-09-08 12_07_54.433-05_00_1.png,1.5,2.003876927936041
943,2073_LeafPhotoA_2025-09-08 12_07_54.433-05_00_2.png,1.5,1.9294531100743377
944,2073_LeafPhotoA_2025-09-08 12_07_54.433-05_00_3.png,1.5,2.044485464004234
953,2760_LeafPhotoA_2025-09-09 16_19_13.921-05_00_1.png,1.25,1.7560936358210935
954,2760_LeafPhotoA_2025-09-09 16_19_13.921-05_00_0.png,1.25,1.9065953449571866
955,2760_LeafPhotoA_2025-09-09 16_19_13.921-05_00_2.png,1.25,1.9540649201410596
967,2755_LeafPhotoA_2025-09-09 16_28_33.930-05_00_2.png,1.0,2.04992292370727
968,2755_LeafPhotoA_2025-09-09 16_28_33.930-05_00_0.png,1.0,1.7471453067343168
969,2755_LeafPhotoA_2025-09-09 16_28_33.930-05_00_1.png,1.0,1.6775850475669556
970,2755_LeafPhotoA_2025-09-09 16_28_33.930-05_00_3.png,1.0,1.8217632888088588
1002,1217_LeafPhotoA_2025-09-08 09_53_36.339-05_00_0.png,1.5,1.7409162306740669
1003,1217_LeafPhotoA_2025-09-08 09_53_36.339-05_00_3.png,1.5,1.8754296352297517
1004,1217_LeafPhotoA_2025-09-08 09_53_36.339-05_00_2.png,1.5,1.9129983474629375
1005,1217_LeafPhotoA_2025-09-08 09_53_36.339-05_00_1.png,1.5,1.9583104736036239
1014,2476_LeafPhotoB_2025-09-08 11_51_54.468-05_00_0.png,1.75,1.8993672511627224
1015,2476_LeafPhotoB_2025-09-08 11_51_54.468-05_00_1.png,1.75,1.870235452670823
1016,2476_LeafPhotoB_2025-09-08 11_51_54.468-05_00_2.png,1.75,1.7914120263229203
1017,2476_LeafPhotoB_2025-09-08 11_51_54.468-05_00_3.png,1.75,1.6965935824223362
1018,1899_LeafPhotoA_2025-09-09 13_47_11.649-05_00_0.png,1.25,1.712534143022727
1019,1899_LeafPhotoA_2025-09-09 13_47_11.649-05_00_1.png,1.25,1.812539391654814
1020,1899_LeafPhotoA_2025-09-09 13_47_11.649-05_00_2.png,1.25,1.7837251391217137
1021,1899_LeafPhotoA_2025-09-09 13_47_11.649-05_00_3.png,1.25,1.8300086764836185
1022,1605_LeafPhotoA_2025-09-09 09_07_08.633-05_00_2.png,1.5,1.866393998151544
1023,1605_LeafPhotoA_2025-09-09 09_07_08.633-05_00_0.png,1.5,2.100600463541447
1024,1605_LeafPhotoA_2025-09-09 09_07_08.633-05_00_3.png,1.5,1.8724069019681446
1025,1605_LeafPhotoA_2025-09-09 09_07_08.633-05_00_1.png,1.5,1.9473848448879396
1030,2769_LeafPhotoA_2025-09-09 15_55_06.978-05_00_0.png,1.5,2.018900074251372
1031,2769_LeafPhotoA_2025-09-09 15_55_06.978-05_00_1.png,1.5,1.9859315092909324
1032,2769_LeafPhotoA_2025-09-09 15_55_06.978-05_00_2.png,1.5,2.032075828178673
1033,2769_LeafPhotoA_2025-09-09 15_55_06.978-05_00_3.png,1.5,1.997659167135754
1051,2390_LeafPhotoA_2025-09-08 12_00_53.414-05_00_0.png,1.0,1.7706470841357649
1052,2390_LeafPhotoA_2025-09-08 12_00_53.414-05_00_1.png,1.0,1.761249637008732
1053,2390_LeafPhotoA_2025-09-08 12_00_53.414-05_00_2.png,1.0,1.725517948740859
1058,2441_LeafPhotoB_2025-09-08 11_17_12.000-05_00_2.png,2.0,2.080568785749997
1059,2441_LeafPhotoB_2025-09-08 11_17_12.000-05_00_1.png,2.0,2.059430074973902
1060,2441_LeafPhotoB_2025-09-08 11_17_12.000-05_00_0.png,2.0,1.969849372416225
1061,2441_LeafPhotoB_2025-09-08 11_17_12.000-05_00_3.png,2.0,1.923147086559237
1081,2538_LeafPhotoA_2025-09-09 10_37_31.295-05_00_0.png,2.25,1.9680645275562079
1082,2538_LeafPhotoA_2025-09-09 10_37_31.295-05_00_1.png,2.25,1.8380696117572077
1083,2538_LeafPhotoA_2025-09-09 10_37_31.295-05_00_2.png,2.25,1.9975868866112676
1084,2538_LeafPhotoA_2025-09-09 10_37_31.295-05_00_3.png,2.25,2.003087435343723
1086,1008_LeafPhotoA_2025-09-08 09_38_43.510-05_00_2.png,1.0,1.84598458412932
1087,1008_LeafPhotoA_2025-09-08 09_38_43.510-05_00_0.png,1.0,1.957181983608067
1088,1008_LeafPhotoA_2025-09-08 09_38_43.510-05_00_1.png,1.0,2.2097534451809793
1089,1008_LeafPhotoA_2025-09-08 09_38_43.510-05_00_3.png,1.0,1.8760295132176907
1106,2975_LeafPhotoA_2025-09-09 16_24_07.497-05_00_0.png,1.75,2.0018493280491154
1107,2975_LeafPhotoA_2025-09-09 16_24_07.497-05_00_1.png,1.75,2.0675866735496187
1108,2975_LeafPhotoA_2025-09-09 16_24_07.497-05_00_2.png,1.75,2.050526773994267
1109,2975_LeafPhotoA_2025-09-09 16_24_07.497-05_00_3.png,1.75,2.0120354695399207
1110,1038_LeafPhotoA_2025-09-08 10_16_04.977-05_00_2.png,1.5,1.9637876061918258
1111,1038_LeafPhotoA_2025-09-08 10_16_04.977-05_00_1.png,1.5,1.996513175048779
1112,1038_LeafPhotoA_2025-09-08 10_16_04.977-05_00_0.png,1.5,1.868420048472196
1158,2089_LeafPhotoA_2025-09-08 12_26_16.331-05_00_2.png,2.0,1.7301120111685127
1159,2089_LeafPhotoA_2025-09-08 12_26_16.331-05_00_1.png,2.0,1.8527877484858917
1160,2089_LeafPhotoA_2025-09-08 12_26_16.331-05_00_0.png,2.0,1.8815371766319922
1161,1468_LeafPhotoB_2025-09-08 16_31_09.404-05_00_3.png,1.25,1.863077313134491
1162,1468_LeafPhotoB_2025-09-08 16_31_09.404-05_00_2.png,1.25,2.037918596124092
1163,1468_LeafPhotoB_2025-09-08 16_31_09.404-05_00_0.png,1.25,1.8423681898883137
1164,1468_LeafPhotoB_2025-09-08 16_31_09.404-05_00_1.png,1.25,1.9696002977822828
1177,1145_LeafPhotoA_2025-09-08 10_41_37.289-05_00_0.png,1.5,2.040059603100433
1178,1145_LeafPhotoA_2025-09-08 10_41_37.289-05_00_1.png,1.5,2.00701681712895
1179,1145_LeafPhotoA_2025-09-08 10_41_37.289-05_00_2.png,1.5,2.0697289926240194
1180,1145_LeafPhotoA_2025-09-08 10_41_37.289-05_00_3.png,1.5,1.9152701911807954
1209,,1.0,1.7242436015574594
1210,6008_LeafPhotoA_2025-09-09 17_03_49.237-05_00_0.png,1.25,1.742493141010749
1211,6008_LeafPhotoA_2025-09-09 17_03_49.237-05_00_3.png,1.25,1.8979219554632694
1212,6008_LeafPhotoA_2025-09-09 17_03_49.237-05_00_1.png,1.25,1.756826815481129
1213,6008_LeafPhotoA_2025-09-09 17_03_49.237-05_00_2.png,1.25,1.860548988159959
1233,2393_LeafPhotoA_2025-09-08 12_18_13.823-05_00_0.png,2.5,1.9122173506497226
1234,2393_LeafPhotoA_2025-09-08 12_18_13.823-05_00_1.png,2.5,1.9280695482457282
1235,2393_LeafPhotoA_2025-09-08 12_18_13.823-05_00_2.png,2.5,1.8897648380350587
1236,2393_LeafPhotoA_2025-09-08 12_18_13.823-05_00_3.png,2.5,1.9592030367186142
1237,,2.25,1.7242436015574594
1257,1859_LeafPhotoA_2025-09-09 13_37_34.301-05_00_3.png,3.0,1.8094747470988761
1258,1859_LeafPhotoA_2025-09-09 13_37_34.301-05_00_1.png,3.0,1.7698747949318765
1259,1859_LeafPhotoA_2025-09-09 13_37_34.301-05_00_2.png,3.0,1.9764890885509119
1260,1859_LeafPhotoA_2025-09-09 13_37_34.301-05_00_0.png,3.0,1.8872605173858092
1261,1810_LeafPhotoA_2025-09-09 09_05_30.894-05_00_3.png,4.25,2.1249477245678885
1262,1810_LeafPhotoA_2025-09-09 09_05_30.894-05_00_2.png,4.25,2.2172705697009096
1263,1810_LeafPhotoA_2025-09-09 09_05_30.894-05_00_0.png,4.25,2.1059515214568423
1264,1810_LeafPhotoA_2025-09-09 09_05_30.894-05_00_1.png,4.25,2.184640596908108
1277,2983_LeafPhotoA_2025-09-09 16_35_57.602-05_00_3.png,2.0,1.949042213677274
1278,2983_LeafPhotoA_2025-09-09 16_35_57.602-05_00_1.png,2.0,2.0179853285725002
1279,2983_LeafPhotoA_2025-09-09 16_35_57.602-05_00_0.png,2.0,1.9243201003467065
1280,2983_LeafPhotoA_2025-09-09 16_35_57.602-05_00_2.png,2.0,2.147831086164582
1308,2792_LeafPhotoA_2025-09-09 11_23_03.034-05_00_0.png,1.5,2.010359208150811
1309,2792_LeafPhotoA_2025-09-09 11_23_03.034-05_00_1.png,1.5,2.0481710825079626
1310,2792_LeafPhotoA_2025-09-09 11_23_03.034-05_00_2.png,1.5,1.9254901895203769
1311,2792_LeafPhotoA_2025-09-09 11_23_03.034-05_00_3.png,1.5,1.9193073228872364
1312,6029_LeafPhotoA_2025-09-09 16_30_34.819-05_00_0.png,2.0,1.841376497209218
1313,6029_LeafPhotoA_2025-09-09 16_30_34.819-05_00_1.png,2.0,1.737765009174548
1314,6029_LeafPhotoA_2025-09-09 16_30_34.819-05_00_2.png,2.0,1.7836626271690121
1315,6029_LeafPhotoA_2025-09-09 16_30_34.819-05_00_3.png,2.0,1.9221294941012437
1356,2082_LeafPhotoA_2025-09-08 12_18_18.860-05_00_1.png,1.0,1.8280276969619085
1357,2082_LeafPhotoA_2025-09-08 12_18_18.860-05_00_3.png,1.0,1.8438861682728744
1358,2082_LeafPhotoA_2025-09-08 12_18_18.860-05_00_2.png,1.0,1.876501008029065
1359,2082_LeafPhotoA_2025-09-08 12_18_18.860-05_00_0.png,1.0,1.8499042643194143
1360,1868_LeafPhotoA_2025-09-09 13_29_01.704-05_00_2.png,1.25,2.098668549050709
1361,1868_LeafPhotoA_2025-09-09 13_29_01.704-05_00_1.png,1.25,1.961125729769886
1362,1868_LeafPhotoA_2025-09-09 13_29_01.704-05_00_3.png,1.25,1.9738238635182321
1363,1868_LeafPhotoA_2025-09-09 13_29_01.704-05_00_0.png,1.25,2.134137471876249
1364,1561_LeafPhotoA_2025-09-09 10_12_13.903-05_00_2.png,1.25,1.7942550966835018
1365,1561_LeafPhotoA_2025-09-09 10_12_13.903-05_00_0.png,1.25,1.9075247393251447
1366,1561_LeafPhotoA_2025-09-09 10_12_13.903-05_00_1.png,1.25,1.7585782384504323
1367,2902_LeafPhotoA_2025-09-09 16_14_17.420-05_00_0.png,1.5,1.8204065278582482
1368,2902_LeafPhotoA_2025-09-09 16_14_17.420-05_00_1.png,1.5,1.8128539493630436
1369,2902_LeafPhotoA_2025-09-09 16_14_17.420-05_00_2.png,1.5,1.9220400087707563
1370,2902_LeafPhotoA_2025-09-09 16_14_17.420-05_00_3.png,1.5,1.8832844189873004
1380,2088_LeafPhotoA_2025-09-08 12_25_17.092-05_00_1.png,2.5,1.921120560160227
1381,2088_LeafPhotoA_2025-09-08 12_25_17.092-05_00_2.png,2.5,1.771385477607904
1382,2088_LeafPhotoA_2025-09-08 12_25_17.092-05_00_0.png,2.5,1.8217583487562201
1391,1978_LeafPhotoA_2025-09-09 16_46_20.867-05_00_2.png,1.0,1.8010782860858323
1392,1978_LeafPhotoA_2025-09-09 16_46_20.867-05_00_1.png,1.0,1.6382329994208864
1393,1978_LeafPhotoA_2025-09-09 16_46_20.867-05_00_3.png,1.0,1.8798761775970554
1394,1978_LeafPhotoA_2025-09-09 16_46_20.867-05_00_0.png,1.0,1.6817381749800475
1395,2520_LeafPhotoA_2025-09-09 10_17_04.786-05_00_0.png,1.0,1.7100131182027454
1396,2520_LeafPhotoA_2025-09-09 10_17_04.786-05_00_1.png,1.0,1.6340881647842749
1397,2520_LeafPhotoA_2025-09-09 10_17_04.786-05_00_2.png,1.0,1.6901232660564116
1398,2520_LeafPhotoA_2025-09-09 10_17_04.786-05_00_3.png,1.0,1.7694178075035267
1439,1203_LeafPhotoA_2025-09-08 09_17_50.777-05_00_0.png,2.0,2.040608150027074
1440,1203_LeafPhotoA_2025-09-08 09_17_50.777-05_00_2.png,2.0,2.0997147666145337
1441,1203_LeafPhotoA_2025-09-08 09_17_50.777-05_00_1.png,2.0,2.2766869095351097
1442,1203_LeafPhotoA_2025-09-08 09_17_50.777-05_00_3.png,2.0,1.8544839310407204
1455,2293_LeafPhotoA_2025-09-08 16_47_21.144-05_00_0.png,1.25,1.7971776737123093
1456,2293_LeafPhotoA_2025-09-08 16_47_21.144-05_00_1.png,1.25,1.8533150207026943
1457,2293_LeafPhotoA_2025-09-08 16_47_21.144-05_00_2.png,1.25,1.694465072419697
1458,2293_LeafPhotoA_2025-09-08 16_47_21.144-05_00_3.png,1.25,1.8929102921036949
1485,1212_LeafPhotoA_2025-09-08 09_42_54.332-05_00_0.png,2.25,1.8812887801518794
1486,1212_LeafPhotoA_2025-09-08 09_42_54.332-05_00_1.png,2.25,1.9679068658558796
1487,1212_LeafPhotoA_2025-09-08 09_42_54.332-05_00_2.png,2.25,1.847213383655818
1488,1212_LeafPhotoA_2025-09-08 09_42_54.332-05_00_3.png,2.25,1.9591205438402624
1493,1666_LeafPhotoA_2025-09-09 09_55_47.332-05_00_0.png,1.25,1.791280487425513
1494,1666_LeafPhotoA_2025-09-09 09_55_47.332-05_00_3.png,1.25,1.9537263657932202
1495,1666_LeafPhotoA_2025-09-09 09_55_47.332-05_00_1.png,1.25,1.7443839676835038
1496,1666_LeafPhotoA_2025-09-09 09_55_47.332-05_00_2.png,1.25,1.846030226778584
1498,2758_LeafPhotoA_2025-09-09 16_22_09.492-05_00_0.png,1.25,2.0209032404357474
1499,2758_LeafPhotoA_2025-09-09 16_22_09.492-05_00_1.png,1.25,2.1198334115467445
1500,2758_LeafPhotoA_2025-09-09 16_22_09.492-05_00_2.png,1.25,1.9957419412659358
1501,2758_LeafPhotoA_2025-09-09 16_22_09.492-05_00_3.png,1.25,1.9541161987772853
1513,1652_LeafPhotoA_2025-09-09 10_20_27.938-05_00_0.png,1.25,1.9535125659836365
1514,1652_LeafPhotoA_2025-09-09 10_20_27.938-05_00_1.png,1.25,1.938546898828439
1515,1652_LeafPhotoA_2025-09-09 10_20_27.938-05_00_2.png,1.25,1.8529444145465812
1520,2446_LeafPhotoB_2025-09-08 11_21_40.834-05_00_0.png,3.0,1.97754804448003
1521,2446_LeafPhotoB_2025-09-08 11_21_40.834-05_00_3.png,3.0,2.0507295836688253
1522,2446_LeafPhotoB_2025-09-08 11_21_40.834-05_00_2.png,3.0,1.9840295713846403
1523,2446_LeafPhotoB_2025-09-08 11_21_40.834-05_00_1.png,3.0,2.326781670069983
1547,2177_LeafPhotoA_2025-09-09 12_21_32.834-05_00_0.png,3.0,1.9391643979909265
1548,2177_LeafPhotoA_2025-09-09 12_21_32.834-05_00_1.png,3.0,2.180133615671252
1549,2177_LeafPhotoA_2025-09-09 12_21_32.834-05_00_2.png,3.0,2.0999517791683995
1550,2177_LeafPhotoA_2025-09-09 12_21_32.834-05_00_3.png,3.0,2.0601033325835956
1556,2515_LeafPhotoA_2025-09-09 10_13_03.695-05_00_0.png,1.25,1.9319706647519148
1557,2515_LeafPhotoA_2025-09-09 10_13_03.695-05_00_1.png,1.25,1.8145586856706253
1558,2515_LeafPhotoA_2025-09-09 10_13_03.695-05_00_2.png,1.25,1.8322609812501454
1559,2515_LeafPhotoA_2025-09-09 10_13_03.695-05_00_3.png,1.25,1.6688759758473382
1577,1051_LeafPhotoA_2025-09-08 12_42_13.116-05_00_0.png,1.25,1.926019518528999
1578,1051_LeafPhotoA_2025-09-08 12_42_13.116-05_00_1.png,1.25,1.7886098645363346
1579,1051_LeafPhotoA_2025-09-08 12_42_13.116-05_00_2.png,1.25,2.0592805741658293
1580,1051_LeafPhotoA_2025-09-08 12_42_13.116-05_00_3.png,1.25,2.003528442844135
1590,2093_LeafPhotoA_2025-09-08 12_29_42.069-05_00_3.png,2.0,2.000907886610866
1591,2093_LeafPhotoA_2025-09-08 12_29_42.069-05_00_1.png,2.0,1.9486339838495412
1592,2093_LeafPhotoA_2025-09-08 12_29_42.069-05_00_2.png,2.0,1.9050486409803367
1593,2093_LeafPhotoA_2025-09-08 12_29_42.069-05_00_0.png,2.0,2.156478788755104
1599,2637_LeafPhotoA_2025-09-09 11_40_07.094-05_00_0.png,1.5,1.9194268398726604
1600,2637_LeafPhotoA_2025-09-09 11_40_07.094-05_00_1.png,1.5,1.8374743232057456
1601,2637_LeafPhotoA_2025-09-09 11_40_07.094-05_00_2.png,1.5,1.635606489761385
1602,2637_LeafPhotoA_2025-09-09 11_40_07.094-05_00_3.png,1.5,1.8383777273244193
1627,,1.5,1.7242436015574594
1655,2346_LeafPhotoA_2025-09-08 11_14_15.994-05_00_0.png,1.25,1.8726905489054286
1656,2346_LeafPhotoA_2025-09-08 11_14_15.994-05_00_1.png,1.25,1.928226319618348
1657,2346_LeafPhotoA_2025-09-08 11_14_15.994-05_00_2.png,1.25,1.73429341602455
1658,2346_LeafPhotoA_2025-09-08 11_14_15.994-05_00_3.png,1.25,1.786837793760103
1663,2463_LeafPhotoB_2025-09-08 11_41_05.461-05_00_0.png,2.0,2.064496611113775
1664,2463_LeafPhotoB_2025-09-08 11_41_05.461-05_00_1.png,2.0,1.8880159327149462
1665,2463_LeafPhotoB_2025-09-08 11_41_05.461-05_00_2.png,2.0,2.0080467612739286
1666,2463_LeafPhotoB_2025-09-08 11_41_05.461-05_00_3.png,2.0,1.8725809395533668
1673,1355_LeafPhotoA_2025-09-08 12_32_02.036-05_00_0.png,2.0,2.1921366673402276
1708,1905_LeafPhotoA_2025-09-09 14_39_48.802-05_00_0.png,1.5,1.7707906495272023
1709,1905_LeafPhotoA_2025-09-09 14_39_48.802-05_00_1.png,1.5,1.7300233622765548
1736,2689_LeafPhotoA_2025-09-09 10_43_51.800-05_00_0.png,1.25,2.07420664906559
1737,2689_LeafPhotoA_2025-09-09 10_43_51.800-05_00_1.png,1.25,2.0885062178318763
1738,2689_LeafPhotoA_2025-09-09 10_43_51.800-05_00_2.png,1.25,1.9445966651490054
1751,1065_LeafPhotoA_2025-09-08 12_57_07.532-05_00_0.png,1.25,1.9900383026201534
1752,1065_LeafPhotoA_2025-09-08 12_57_07.532-05_00_1.png,1.25,1.9411540948409174
1753,1065_LeafPhotoA_2025-09-08 12_57_07.532-05_00_2.png,1.25,1.8283310343194255
1754,1065_LeafPhotoA_2025-09-08 12_57_07.532-05_00_3.png,1.25,1.9387408172466216
1796,2527_LeafPhotoA_2025-09-09 10_24_54.172-05_00_0.png,1.5,1.8791677478545712
1797,2527_LeafPhotoA_2025-09-09 10_24_54.172-05_00_1.png,1.5,1.9771551718799207
1798,2527_LeafPhotoA_2025-09-09 10_24_54.172-05_00_2.png,1.5,1.9779440956933225
1799,2527_LeafPhotoA_2025-09-09 10_24_54.172-05_00_3.png,1.5,2.109616719391006
1800,1408_LeafPhotoB_2025-09-08 10_02_06.407-05_00_0.png,1.5,1.7738693755862884
1801,1408_LeafPhotoB_2025-09-08 10_02_06.407-05_00_1.png,1.5,1.8802723671953538
1802,1408_LeafPhotoB_2025-09-08 10_02_06.407-05_00_2.png,1.5,1.8973785853880678
1803,1408_LeafPhotoB_2025-09-08 10_02_06.407-05_00_3.png,1.5,1.8484684094070714
1804,1332_LeafPhotoA_2025-09-08 10_00_19.909-05_00_0.png,2.0,1.8704083597538521
1805,1332_LeafPhotoA_2025-09-08 10_00_19.909-05_00_1.png,2.0,1.878791448038545
1806,1332_LeafPhotoA_2025-09-08 10_00_19.909-05_00_2.png,2.0,1.937094164986775
1807,1332_LeafPhotoA_2025-09-08 10_00_19.909-05_00_3.png,2.0,1.9852991010036283
1891,2129_LeafPhotoA_2025-09-08 11_46_50.494-05_00_0.png,1.75,1.7564149743266422
1892,2129_LeafPhotoA_2025-09-08 11_46_50.494-05_00_1.png,1.75,1.839437513917972
1914,2271_LeafPhotoA_2025-09-08 17_12_04.853-05_00_0.png,2.25,2.008004350006575
1915,2271_LeafPhotoA_2025-09-08 17_12_04.853-05_00_1.png,2.25,1.8697517321573056
1969,1521_LeafPhotoA_2025-09-09 09_17_54.205-05_00_0.png,2.25,2.0975250727228283
1970,1521_LeafPhotoA_2025-09-09 09_17_54.205-05_00_2.png,2.25,2.3431204643095125
1971,1521_LeafPhotoA_2025-09-09 09_17_54.205-05_00_3.png,2.25,2.1487080905671263
1972,1521_LeafPhotoA_2025-09-09 09_17_54.205-05_00_1.png,2.25,2.210617208954186
1973,1216_LeafPhotoA_2025-09-08 09_51_18.258-05_00_1.png,1.5,1.9153860204445532
1974,1216_LeafPhotoA_2025-09-08 09_51_18.258-05_00_2.png,1.5,1.8362390140568334
1975,1216_LeafPhotoA_2025-09-08 09_51_18.258-05_00_0.png,1.5,1.7748106262251966
1976,1216_LeafPhotoA_2025-09-08 09_51_18.258-05_00_3.png,1.5,1.863992615936694
2012,2469_LeafPhotoB_2025-09-08 11_46_21.698-05_00_0.png,1.5,1.9464374526939339
2013,2469_LeafPhotoB_2025-09-08 11_46_21.698-05_00_2.png,1.5,1.8134911400161013
2014,2469_LeafPhotoB_2025-09-08 11_46_21.698-05_00_1.png,1.5,1.834488941578145
2015,2469_LeafPhotoB_2025-09-08 11_46_21.698-05_00_3.png,1.5,1.749768506068235
2046,1317_LeafPhotoA_2025-09-08 09_35_24.203-05_00_0.png,3.0,1.9308445437789479
2047,1317_LeafPhotoA_2025-09-08 09_35_24.203-05_00_1.png,3.0,2.058432719220064
2048,1317_LeafPhotoA_2025-09-08 09_35_24.203-05_00_2.png,3.0,1.9433599030434365
2049,1317_LeafPhotoA_2025-09-08 09_35_24.203-05_00_3.png,3.0,2.0206978884584346
2071,2792_LeafPhotoA_2025-09-09 11_21_24.578-05_00_0.png,1.25,1.7142414810063804
2072,2792_LeafPhotoA_2025-09-09 11_21_24.578-05_00_1.png,1.25,1.7173724738668625
2073,2792_LeafPhotoA_2025-09-09 11_21_24.578-05_00_2.png,1.25,1.7989714712353069
2074,2792_LeafPhotoA_2025-09-09 11_21_24.578-05_00_3.png,1.25,1.8967413077190558
2118,1492_LeafPhotoB_2025-09-08 16_56_04.972-05_00_0.png,1.5,1.8343325873651914
2119,1492_LeafPhotoB_2025-09-08 16_56_04.972-05_00_1.png,1.5,1.8067681053108697
2120,1492_LeafPhotoB_2025-09-08 16_56_04.972-05_00_2.png,1.5,1.9004601350196353
2121,1492_LeafPhotoB_2025-09-08 16_56_04.972-05_00_3.png,1.5,1.8404733180118251
2122,1438_LeafPhotoB_2025-09-08 10_28_46.756-05_00_1.png,2.5,1.8441543193576866
2123,1438_LeafPhotoB_2025-09-08 10_28_46.756-05_00_0.png,2.5,1.9144442881106947
2124,1438_LeafPhotoB_2025-09-08 10_28_46.756-05_00_2.png,2.5,1.8070521285774779
2133,2268_LeafPhotoA_2025-09-08 17_14_58.767-05_00_0.png,2.0,2.07156548942114
2145,1626_LeafPhotoA_2025-09-09 10_03_50.260-05_00_0.png,1.5,1.986057225350475
2146,1626_LeafPhotoA_2025-09-09 10_03_50.260-05_00_1.png,1.5,1.853317617821779
2147,1626_LeafPhotoA_2025-09-09 10_03_50.260-05_00_2.png,1.5,1.8919991174367132
2148,1626_LeafPhotoA_2025-09-09 10_03_50.260-05_00_3.png,1.5,1.9743355064876933
2157,1301_LeafPhotoA_2025-09-08 10_19_50.410-05_00_0.png,1.5,1.9726079422598404
2158,1301_LeafPhotoA_2025-09-08 10_19_50.410-05_00_1.png,1.5,1.919072460523796
2159,1301_LeafPhotoA_2025-09-08 10_19_50.410-05_00_2.png,1.5,1.8960531651584283
2160,1301_LeafPhotoA_2025-09-08 10_19_50.410-05_00_3.png,1.5,1.916093916639777
2161,2325_LeafPhotoA_2025-09-08 10_52_52.963-05_00_0.png,1.0,1.8747727219031394
2162,2325_LeafPhotoA_2025-09-08 10_52_52.963-05_00_1.png,1.0,1.9725473060006735
2163,2325_LeafPhotoA_2025-09-08 10_52_52.963-05_00_2.png,1.0,1.8361744873740804
2164,2325_LeafPhotoA_2025-09-08 10_52_52.963-05_00_3.png,1.0,1.7986823577537578
2189,1236_LeafPhotoA_2025-09-08 10_23_03.516-05_00_3.png,1.5,1.961318512599084
2190,1236_LeafPhotoA_2025-09-08 10_23_03.516-05_00_1.png,1.5,1.9677172028750984
2191,1236_LeafPhotoA_2025-09-08 10_23_03.516-05_00_0.png,1.5,1.9054791006135818
2192,1236_LeafPhotoA_2025-09-08 10_23_03.516-05_00_2.png,1.5,2.0407216870354445
2243,2903_LeafPhotoA_2025-09-09 16_19_58.490-05_00_0.png,3.0,1.8512902176011679
2244,2903_LeafPhotoA_2025-09-09 16_19_58.490-05_00_3.png,3.0,1.9185034725479788
2245,2903_LeafPhotoA_2025-09-09 16_19_58.490-05_00_2.png,3.0,1.9874376726214957
2246,2903_LeafPhotoA_2025-09-09 16_19_58.490-05_00_1.png,3.0,1.9268824509254077
2262,,1.25,1.7242436015574594
2267,,1.0,1.7242436015574594
2302,2436_LeafPhotoB_2025-09-08 11_12_52.698-05_00_0.png,1.5,1.6844346523288078
2303,2436_LeafPhotoB_2025-09-08 11_12_52.698-05_00_2.png,1.5,1.8185020107386594
2304,2436_LeafPhotoB_2025-09-08 11_12_52.698-05_00_3.png,1.5,1.8594665797452172
2305,2436_LeafPhotoB_2025-09-08 11_12_52.698-05_00_1.png,1.5,1.7195387072937385
2397,2941_LeafPhotoA_2025-09-09 16_28_44.280-05_00_0.png,1.25,1.8666659336678697
2398,2941_LeafPhotoA_2025-09-09 16_28_44.280-05_00_1.png,1.25,1.8451305527297208
2399,2941_LeafPhotoA_2025-09-09 16_28_44.280-05_00_2.png,1.25,1.7852561019848174
2400,2941_LeafPhotoA_2025-09-09 16_28_44.280-05_00_3.png,1.25,1.7565928158850959
2420,2002_LeafPhotoA_2025-09-08 10_34_47.962-05_00_2.png,3.25,1.942866499083993
2421,2002_LeafPhotoA_2025-09-08 10_34_47.962-05_00_1.png,3.25,1.9058438042113555
2422,2002_LeafPhotoA_2025-09-08 10_34_47.962-05_00_0.png,3.25,1.9196422388814027
2423,2002_LeafPhotoA_2025-09-08 10_34_47.962-05_00_3.png,3.25,1.9322268913934944
2428,1969_LeafPhotoA_2025-09-09 17_07_30.768-05_00_0.png,1.5,1.817593935626637
2429,1969_LeafPhotoA_2025-09-09 17_07_30.768-05_00_1.png,1.5,2.018392946317386
2430,1969_LeafPhotoA_2025-09-09 17_07_30.768-05_00_2.png,1.5,2.039311583085674
2431,1969_LeafPhotoA_2025-09-09 17_07_30.768-05_00_3.png,1.5,1.9068677107457093
2438,2536_LeafPhotoA_2025-09-09 10_35_28.301-05_00_0.png,1.75,1.8751765435645071
2439,2536_LeafPhotoA_2025-09-09 10_35_28.301-05_00_1.png,1.75,1.8709535335844347
2440,2536_LeafPhotoA_2025-09-09 10_35_28.301-05_00_2.png,1.75,1.9087433342013438
2441,2536_LeafPhotoA_2025-09-09 10_35_28.301-05_00_3.png,1.75,1.8544533424378646
2483,1247_LeafPhotoA_2025-09-08 10_38_45.722-05_00_0.png,2.0,1.934509068492138
2484,1247_LeafPhotoA_2025-09-08 10_38_45.722-05_00_1.png,2.0,1.9301611492258728
2485,1247_LeafPhotoA_2025-09-08 10_38_45.722-05_00_2.png,2.0,1.8413952449232052
2494,2370_LeafPhotoA_2025-09-08 11_38_56.854-05_00_0.png,2.25,1.905225352759699
2495,2370_LeafPhotoA_2025-09-08 11_38_56.854-05_00_1.png,2.25,1.8558186882454497
2496,2370_LeafPhotoA_2025-09-08 11_38_56.854-05_00_2.png,2.25,2.0391060987337113
2497,2370_LeafPhotoA_2025-09-08 11_38_56.854-05_00_3.png,2.25,1.8400073044895995
2516,1719_LeafPhotoA_2025-09-09 09_17_16.298-05_00_0.png,3.25,2.255010459204537
2517,1719_LeafPhotoA_2025-09-09 09_17_16.298-05_00_2.png,3.25,2.168767178498604
2518,1719_LeafPhotoA_2025-09-09 09_17_16.298-05_00_1.png,3.25,2.2555497841082195
2519,1971_LeafPhotoA_2025-09-09 17_00_57.416-05_00_0.png,2.25,1.8125905383029999
2520,1971_LeafPhotoA_2025-09-09 17_00_57.416-05_00_1.png,2.25,1.8063447887860615
2521,1971_LeafPhotoA_2025-09-09 17_00_57.416-05_00_2.png,2.25,1.6683892479603595
2522,1971_LeafPhotoA_2025-09-09 17_00_57.416-05_00_3.png,2.25,1.6702682768799257
2542,2671_LeafPhotoA_2025-09-09 11_45_10.930-05_00_0.png,3.75,2.289346392341748
2543,2671_LeafPhotoA_2025-09-09 11_45_10.930-05_00_1.png,3.75,2.195290263618533
2544,2671_LeafPhotoA_2025-09-09 11_45_10.930-05_00_2.png,3.75,2.2212567609012077
2545,2671_LeafPhotoA_2025-09-09 11_45_10.930-05_00_3.png,3.75,2.1762603730691956
2551,1156_LeafPhotoA_2025-09-08 16_52_15.162-05_00_0.png,1.75,2.130594112371976
2552,1156_LeafPhotoA_2025-09-08 16_52_15.162-05_00_1.png,1.75,2.0723471634896757
2553,1156_LeafPhotoA_2025-09-08 16_52_15.162-05_00_2.png,1.75,2.1485833383950648
2554,1156_LeafPhotoA_2025-09-08 16_52_15.162-05_00_3.png,1.75,2.0036688707140526
2559,1073_LeafPhotoA_2025-09-08 13_06_10.190-05_00_1.png,2.25,1.9325790112414534
2560,1073_LeafPhotoA_2025-09-08 13_06_10.190-05_00_3.png,2.25,1.9803620600818745
2561,1073_LeafPhotoA_2025-09-08 13_06_10.190-05_00_0.png,2.25,1.7854559017192517
2562,1073_LeafPhotoA_2025-09-08 13_06_10.190-05_00_2.png,2.25,2.084813349583281
2567,2672_LeafPhotoA_2025-09-09 11_46_40.643-05_00_0.png,2.0,1.9076650065549052
2568,2672_LeafPhotoA_2025-09-09 11_46_40.643-05_00_1.png,2.0,1.8900509001554857
2569,2672_LeafPhotoA_2025-09-09 11_46_40.643-05_00_2.png,2.0,1.9658202027805352
2570,2672_LeafPhotoA_2025-09-09 11_46_40.643-05_00_3.png,2.0,2.0409458545267385
2576,1661_LeafPhotoA_2025-09-09 10_07_18.041-05_00_0.png,2.0,2.029493101010901
2577,1661_LeafPhotoA_2025-09-09 10_07_18.041-05_00_1.png,2.0,1.9994081638534034
2578,1661_LeafPhotoA_2025-09-09 10_07_18.041-05_00_2.png,2.0,2.024051509718208
2579,2902_LeafPhotoA_2025-09-09 16_15_16.673-05_00_0.png,1.25,1.8103748467304972
2580,2902_LeafPhotoA_2025-09-09 16_15_16.673-05_00_1.png,1.25,1.8818184743461446
2581,2902_LeafPhotoA_2025-09-09 16_15_16.673-05_00_2.png,1.25,1.884894460265397
2582,2902_LeafPhotoA_2025-09-09 16_15_16.673-05_00_3.png,1.25,1.9584391086209985
2593,2259_LeafPhotoA_2025-09-08 12_30_29.796-05_00_0.png,1.25,1.8142451694654675
2594,2259_LeafPhotoA_2025-09-08 12_30_29.796-05_00_1.png,1.25,1.8234258830766188
2595,2259_LeafPhotoA_2025-09-08 12_30_29.796-05_00_2.png,1.25,1.7460155460366367
2596,2259_LeafPhotoA_2025-09-08 12_30_29.796-05_00_3.png,1.25,1.7724100813473873
2605,1004_LeafPhotoA_2025-09-08 09_23_15.296-05_00_0.png,1.5,1.9166560584274392
2606,1004_LeafPhotoA_2025-09-08 09_23_15.296-05_00_1.png,1.5,1.932286747412232
2607,1004_LeafPhotoA_2025-09-08 09_23_15.296-05_00_2.png,1.5,1.904968265516447
2608,1004_LeafPhotoA_2025-09-08 09_23_15.296-05_00_3.png,1.5,2.00852082634571
2638,2196_LeafPhotoA_2025-09-08 17_09_05.011-05_00_3.png,2.25,2.1072663226508053
2639,2196_LeafPhotoA_2025-09-08 17_09_05.011-05_00_2.png,2.25,2.0403508432213924
2640,2196_LeafPhotoA_2025-09-08 17_09_05.011-05_00_0.png,2.25,2.0541595400106436
2641,2196_LeafPhotoA_2025-09-08 17_09_05.011-05_00_1.png,2.25,2.0034643575235678
2642,1573_LeafPhotoA_2025-09-09 09_54_35.196-05_00_0.png,2.5,1.993645864025894
2643,1573_LeafPhotoA_2025-09-09 09_54_35.196-05_00_3.png,2.5,1.951738134239198
2644,1573_LeafPhotoA_2025-09-09 09_54_35.196-05_00_1.png,2.5,1.9048128356171097
2645,1573_LeafPhotoA_2025-09-09 09_54_35.196-05_00_2.png,2.5,1.951706228558881
2650,2860_LeafPhotoA_2025-09-09 14_56_33.247-05_00_0.png,1.25,1.8331847353462114
2651,2860_LeafPhotoA_2025-09-09 14_56_33.247-05_00_1.png,1.25,1.8544823705097497
2652,2860_LeafPhotoA_2025-09-09 14_56_33.247-05_00_2.png,1.25,1.7633470070127382
2653,2860_LeafPhotoA_2025-09-09 14_56_33.247-05_00_3.png,1.25,1.8700412511823112
2654,1530_LeafPhotoA_2025-09-09 09_28_13.536-05_00_0.png,2.25,1.971054945624121
2655,1530_LeafPhotoA_2025-09-09 09_28_13.536-05_00_1.png,2.25,2.247816338320693
2656,1530_LeafPhotoA_2025-09-09 09_28_13.536-05_00_2.png,2.25,2.1698441493791734
2657,1530_LeafPhotoA_2025-09-09 09_28_13.536-05_00_3.png,2.25,1.9460911946419874
2658,2690_LeafPhotoA_2025-09-09 10_42_26.059-05_00_0.png,1.5,1.6951631562058231
2659,2690_LeafPhotoA_2025-09-09 10_42_26.059-05_00_2.png,1.5,1.9074743423823342
2660,2690_LeafPhotoA_2025-09-09 10_42_26.059-05_00_1.png,1.5,1.729592117942544
2661,2690_LeafPhotoA_2025-09-09 10_42_26.059-05_00_3.png,1.5,2.072602402800159
2680,1994_LeafPhotoA_2025-09-09 16_07_18.609-05_00_0.png,1.75,1.8295219813654402
2681,1994_LeafPhotoA_2025-09-09 16_07_18.609-05_00_1.png,1.75,2.0561845374088983
2682,1994_LeafPhotoA_2025-09-09 16_07_18.609-05_00_2.png,1.75,2.082796535364645
2695,2062_LeafPhotoA_2025-09-08 11_56_29.638-05_00_0.png,1.5,1.7582027962577487
2696,2062_LeafPhotoA_2025-09-08 11_56_29.638-05_00_1.png,1.5,2.095323362567945
2697,2062_LeafPhotoA_2025-09-08 11_56_29.638-05_00_2.png,1.5,2.055293725080102
2698,2062_LeafPhotoA_2025-09-08 11_56_29.638-05_00_3.png,1.5,2.026559789306984
2703,1714_LeafPhotoA_2025-09-09 09_09_56.290-05_00_0.png,2.25,2.0410176637732746
2704,1714_LeafPhotoA_2025-09-09 09_09_56.290-05_00_1.png,2.25,2.017795467987322
2705,1714_LeafPhotoA_2025-09-09 09_09_56.290-05_00_2.png,2.25,2.0014390575991774
2706,1714_LeafPhotoA_2025-09-09 09_09_56.290-05_00_3.png,2.25,2.003440229314746
2711,1246_LeafPhotoA_2025-09-08 10_36_51.001-05_00_1.png,2.0,1.811583242351044
2712,1246_LeafPhotoA_2025-09-08 10_36_51.001-05_00_3.png,2.0,1.845635469406754
2713,1246_LeafPhotoA_2025-09-08 10_36_51.001-05_00_2.png,2.0,1.8998105208631537
2714,1246_LeafPhotoA_2025-09-08 10_36_51.001-05_00_0.png,2.0,1.6176015110226591
2727,1742_LeafPhotoA_2025-09-09 09_58_17.497-05_00_1.png,3.0,2.1701730047379235
2728,1742_LeafPhotoA_2025-09-09 09_58_17.497-05_00_2.png,3.0,1.94101425835588
2729,1742_LeafPhotoA_2025-09-09 09_58_17.497-05_00_0.png,3.0,2.1779202610505806
2769,1265_LeafPhotoA_2025-09-08 16_21_10.202-05_00_0.png,2.25,1.9407564679902138
2783,,1.75,1.7242436015574594
2819,1969_LeafPhotoA_2025-09-09 17_06_13.365-05_00_0.png,1.25,2.05073056190026
2820,1969_LeafPhotoA_2025-09-09 17_06_13.365-05_00_1.png,1.25,1.7481448270547537
2821,1969_LeafPhotoA_2025-09-09 17_06_13.365-05_00_2.png,1.25,1.907846455162341
2822,1969_LeafPhotoA_2025-09-09 17_06_13.365-05_00_3.png,1.25,2.0973762185634297
2823,2402_LeafPhotoB_2025-09-08 10_41_29.920-05_00_0.png,1.0,1.8511524476054282
2824,2402_LeafPhotoB_2025-09-08 10_41_29.920-05_00_1.png,1.0,1.7947882078147182
2825,2402_LeafPhotoB_2025-09-08 10_41_29.920-05_00_2.png,1.0,1.6667120315328516
2826,2402_LeafPhotoB_2025-09-08 10_41_29.920-05_00_3.png,1.0,1.7563186915781743
2837,6040_LeafPhotoA_2025-09-09 16_10_33.353-05_00_2.png,1.5,1.928093277619497
2838,6040_LeafPhotoA_2025-09-09 16_10_33.353-05_00_0.png,1.5,1.8039170471126742
2839,6040_LeafPhotoA_2025-09-09 16_10_33.353-05_00_1.png,1.5,1.7928859333892224
2840,6040_LeafPhotoA_2025-09-09 16_10_33.353-05_00_3.png,1.5,1.9082855785711823
2842,1578_LeafPhotoA_2025-09-09 09_51_18.559-05_00_0.png,1.0,1.9458712528728013
2843,1578_LeafPhotoA_2025-09-09 09_51_18.559-05_00_1.png,1.0,1.8409420884914312
2844,1578_LeafPhotoA_2025-09-09 09_51_18.559-05_00_2.png,1.0,1.8804289992629761
2845,1578_LeafPhotoA_2025-09-09 09_51_18.559-05_00_3.png,1.0,1.9282423598395928
2854,2262_LeafPhotoA_2025-09-08 12_34_17.650-05_00_3.png,1.5,1.9537739115244923
2855,2262_LeafPhotoA_2025-09-08 12_34_17.650-05_00_2.png,1.5,1.9715295264555137
2856,2262_LeafPhotoA_2025-09-08 12_34_17.650-05_00_1.png,1.5,1.835403359443704
2857,2262_LeafPhotoA_2025-09-08 12_34_17.650-05_00_0.png,1.5,1.8843948739742076
2858,6025_LeafPhotoA_2025-09-09 16_35_46.802-05_00_2.png,1.5,1.6895373990259828
2859,6025_LeafPhotoA_2025-09-09 16_35_46.802-05_00_1.png,1.5,1.7808579038350714
2860,6025_LeafPhotoA_2025-09-09 16_35_46.802-05_00_0.png,1.5,1.7368460039165352
2861,1894_LeafPhotoA_2025-09-09 12_58_44.856-05_00_3.png,1.25,1.8906874958940556
2862,1894_LeafPhotoA_2025-09-09 12_58_44.856-05_00_0.png,1.25,1.8874573298326212
2863,1894_LeafPhotoA_2025-09-09 12_58_44.856-05_00_1.png,1.25,2.054482055236214
2864,1894_LeafPhotoA_2025-09-09 12_58_44.856-05_00_2.png,1.25,1.833738259354165
2869,2045_LeafPhotoA_2025-09-08 11_26_04.594-05_00_1.png,1.75,1.9740544323452616
2870,2045_LeafPhotoA_2025-09-08 11_26_04.594-05_00_0.png,1.75,1.9768801101003124
2871,2045_LeafPhotoA_2025-09-08 11_26_04.594-05_00_2.png,1.75,2.1284868812388162
2884,2830_LeafPhotoA_2025-09-09 10_46_44.993-05_00_1.png,1.5,2.0115559979164876
2885,2830_LeafPhotoA_2025-09-09 10_46_44.993-05_00_0.png,1.5,1.9909636613529809
2886,2830_LeafPhotoA_2025-09-09 10_46_44.993-05_00_3.png,1.5,1.910311004920719
2887,2830_LeafPhotoA_2025-09-09 10_46_44.993-05_00_2.png,1.5,1.9823445205429524
2891,2919_LeafPhotoA_2025-09-09 16_43_36.577-05_00_0.png,1.5,1.929416873524652
2892,2919_LeafPhotoA_2025-09-09 16_43_36.577-05_00_1.png,1.5,1.9139377608259178
2893,2919_LeafPhotoA_2025-09-09 16_43_36.577-05_00_2.png,1.5,1.7545058020325053
2894,2919_LeafPhotoA_2025-09-09 16_43_36.577-05_00_3.png,1.5,1.740939382727696
2895,1978_LeafPhotoA_2025-09-09 16_46_02.859-05_00_0.png,1.25,1.9635257644509772
2896,1978_LeafPhotoA_2025-09-09 16_46_02.859-05_00_2.png,1.25,1.9936912896328545
2897,1978_LeafPhotoA_2025-09-09 16_46_02.859-05_00_1.png,1.25,1.7958282372261674
2948,1269_LeafPhotoA_2025-09-08 16_17_38.730-05_00_2.png,1.75,1.8668431871025724
2949,1269_LeafPhotoA_2025-09-08 16_17_38.730-05_00_1.png,1.75,1.8660645473699848
2950,1269_LeafPhotoA_2025-09-08 16_17_38.730-05_00_0.png,1.75,1.7938466835631115
2951,1269_LeafPhotoA_2025-09-08 16_17_38.730-05_00_3.png,1.75,1.7496744430749853
2952,1908_LeafPhotoA_2025-09-09 14_44_38.996-05_00_0.png,2.5,2.0264197849328456
2953,1908_LeafPhotoA_2025-09-09 14_44_38.996-05_00_1.png,2.5,1.9151621298879415
2954,1908_LeafPhotoA_2025-09-09 14_44_38.996-05_00_2.png,2.5,2.040122643803564
2955,1908_LeafPhotoA_2025-09-09 14_44_38.996-05_00_3.png,2.5,1.8873489276497208
2968,1468_LeafPhotoB_2025-09-08 16_31_26.894-05_00_0.png,1.25,2.025600300875165
2969,1468_LeafPhotoB_2025-09-08 16_31_26.894-05_00_2.png,1.25,1.9404346436837723
2970,1468_LeafPhotoB_2025-09-08 16_31_26.894-05_00_1.png,1.25,2.1872087756441467
2971,1468_LeafPhotoB_2025-09-08 16_31_26.894-05_00_3.png,1.25,1.9892964209351585
3003,1216_LeafPhotoA_2025-09-08 09_51_38.597-05_00_1.png,2.0,1.6961337986274125
3004,1216_LeafPhotoA_2025-09-08 09_51_38.597-05_00_2.png,2.0,1.7091903036906895
3005,1216_LeafPhotoA_2025-09-08 09_51_38.597-05_00_3.png,2.0,1.7034304506982527
3006,1216_LeafPhotoA_2025-09-08 09_51_38.597-05_00_0.png,2.0,1.6951109694184376
3089,1851_LeafPhotoA_2025-09-09 13_45_07.951-05_00_2.png,1.5,2.0938037575885877
3090,1851_LeafPhotoA_2025-09-09 13_45_07.951-05_00_1.png,1.5,1.9450530560627306
3091,1851_LeafPhotoA_2025-09-09 13_45_07.951-05_00_3.png,1.5,2.06958858768582
3092,1851_LeafPhotoA_2025-09-09 13_45_07.951-05_00_0.png,1.5,2.0535075199425052
3102,1728_LeafPhotoA_2025-09-09 09_30_58.151-05_00_2.png,3.5,2.349767365628724
3103,1728_LeafPhotoA_2025-09-09 09_30_58.151-05_00_1.png,3.5,2.125477118716767
3104,1728_LeafPhotoA_2025-09-09 09_30_58.151-05_00_3.png,3.5,2.1873174032387475
3105,1728_LeafPhotoA_2025-09-09 09_30_58.151-05_00_0.png,3.5,1.991068405550991
3129,2689_LeafPhotoA_2025-09-09 10_44_36.223-05_00_0.png,1.25,1.917978499892779
3130,2689_LeafPhotoA_2025-09-09 10_44_36.223-05_00_1.png,1.25,1.792199118509199
3131,2689_LeafPhotoA_2025-09-09 10_44_36.223-05_00_2.png,1.25,1.9534584752694282
3141,1191_LeafPhotoA_2025-09-08 15_54_25.154-05_00_0.png,2.0,2.016027630497155
3142,1191_LeafPhotoA_2025-09-08 15_54_25.154-05_00_1.png,2.0,2.045859983995336
3143,1191_LeafPhotoA_2025-09-08 15_54_25.154-05_00_2.png,2.0,2.0718536233539138
3144,1191_LeafPhotoA_2025-09-08 15_54_25.154-05_00_3.png,2.0,2.0295866275143557
3185,2185_LeafPhotoA_2025-09-09 12_32_19.175-05_00_0.png,2.0,1.9366101492425996
3186,2185_LeafPhotoA_2025-09-09 12_32_19.175-05_00_1.png,2.0,2.201440124496818
3187,2185_LeafPhotoA_2025-09-09 12_32_19.175-05_00_2.png,2.0,2.193351057772208
3188,2185_LeafPhotoA_2025-09-09 12_32_19.175-05_00_3.png,2.0,2.06885369863195
3218,1301_LeafPhotoA_2025-09-08 10_20_06.394-05_00_0.png,1.5,1.7045330845803957
3219,1301_LeafPhotoA_2025-09-08 10_20_06.394-05_00_1.png,1.5,1.865258347012896
3220,1301_LeafPhotoA_2025-09-08 10_20_06.394-05_00_2.png,1.5,1.8058873463173961
3221,1301_LeafPhotoA_2025-09-08 10_20_06.394-05_00_3.png,1.5,1.8977248864432477
3252,1090_LeafPhotoA_2025-09-09 11_02_26.123-05_00_2.png,1.5,2.220773228362626
3253,1090_LeafPhotoA_2025-09-09 11_02_26.123-05_00_1.png,1.5,2.089728151374339
3254,1090_LeafPhotoA_2025-09-09 11_02_26.123-05_00_0.png,1.5,2.0689050162656972
3261,2082_LeafPhotoA_2025-09-08 12_18_36.645-05_00_3.png,1.5,1.8321665216448506
3262,2082_LeafPhotoA_2025-09-08 12_18_36.645-05_00_2.png,1.5,1.9732764723093692
3263,2082_LeafPhotoA_2025-09-08 12_18_36.645-05_00_0.png,1.5,1.8938003854590522
3264,2082_LeafPhotoA_2025-09-08 12_18_36.645-05_00_1.png,1.5,2.100366159557821
3273,2654_LeafPhotoA_2025-09-09 11_27_41.628-05_00_3.png,2.25,2.1497360872987783
3274,2654_LeafPhotoA_2025-09-09 11_27_41.628-05_00_2.png,2.25,2.087742140470467
3275,2654_LeafPhotoA_2025-09-09 11_27_41.628-05_00_0.png,2.25,1.85438162108789
3276,2654_LeafPhotoA_2025-09-09 11_27_41.628-05_00_1.png,2.25,1.8989097578727034
3323,2089_LeafPhotoA_2025-09-08 12_26_53.526-05_00_0.png,1.75,1.8856691903942282
3324,2089_LeafPhotoA_2025-09-08 12_26_53.526-05_00_1.png,1.75,1.9254571779806868
3325,2089_LeafPhotoA_2025-09-08 12_26_53.526-05_00_2.png,1.75,2.071506513155605
3328,1343_LeafPhotoA_2025-09-08 10_11_04.420-05_00_0.png,1.25,1.761361055729186
3329,1343_LeafPhotoA_2025-09-08 10_11_04.420-05_00_1.png,1.25,1.7792939961118164
3330,1343_LeafPhotoA_2025-09-08 10_11_04.420-05_00_2.png,1.25,1.886470944682825
3331,1343_LeafPhotoA_2025-09-08 10_11_04.420-05_00_3.png,1.25,1.8829075071815005
3348,2343_LeafPhotoA_2025-09-08 11_11_17.973-05_00_2.png,1.25,1.809075168030858
3349,2343_LeafPhotoA_2025-09-08 11_11_17.973-05_00_1.png,1.25,1.7502711099422594
3350,2343_LeafPhotoA_2025-09-08 11_11_17.973-05_00_0.png,1.25,1.7470379411645858
3359,2343_LeafPhotoA_2025-09-08 11_11_03.769-05_00_1.png,1.25,1.807907272673721
3360,2343_LeafPhotoA_2025-09-08 11_11_03.769-05_00_0.png,1.25,1.7971421461128314
3369,2393_LeafPhotoA_2025-09-08 12_17_57.585-05_00_0.png,3.0,1.958737885222793
3401,1457_LeafPhotoB_2025-09-08 12_33_31.319-05_00_0.png,2.0,1.9838050795308915
3402,1457_LeafPhotoB_2025-09-08 12_33_31.319-05_00_1.png,2.0,1.9100143817454194
3403,1457_LeafPhotoB_2025-09-08 12_33_31.319-05_00_2.png,2.0,1.7926705833010006
3404,1457_LeafPhotoB_2025-09-08 12_33_31.319-05_00_3.png,2.0,2.003432310257968
3417,1467_LeafPhotoB_2025-09-08 16_30_30.667-05_00_0.png,2.0,1.8497510219506164
3418,1467_LeafPhotoB_2025-09-08 16_30_30.667-05_00_1.png,2.0,1.9487825971041928
3419,1467_LeafPhotoB_2025-09-08 16_30_30.667-05_00_2.png,2.0,1.8688245093292506
3420,1467_LeafPhotoB_2025-09-08 16_30_30.667-05_00_3.png,2.0,2.078969213012363
3426,1714_LeafPhotoA_2025-09-09 09_09_41.593-05_00_0.png,2.5,2.1390479151302495
3427,2325_LeafPhotoA_2025-09-08 10_53_41.168-05_00_0.png,1.25,1.7217188883921668
3428,2325_LeafPhotoA_2025-09-08 10_53_41.168-05_00_1.png,1.25,1.711660213861646
3429,2325_LeafPhotoA_2025-09-08 10_53_41.168-05_00_2.png,1.25,1.8218648843130263
3437,1437_LeafPhotoB_2025-09-08 10_28_09.727-05_00_0.png,2.0,1.7268153741539956
3438,1437_LeafPhotoB_2025-09-08 10_28_09.727-05_00_1.png,2.0,1.8150050669073505
3439,1437_LeafPhotoB_2025-09-08 10_28_09.727-05_00_2.png,2.0,1.8905693205788001
3440,1437_LeafPhotoB_2025-09-08 10_28_09.727-05_00_3.png,2.0,1.849142266445283
3453,2520_LeafPhotoA_2025-09-09 10_16_27.887-05_00_0.png,1.0,1.7043469041636605
3454,2520_LeafPhotoA_2025-09-09 10_16_27.887-05_00_1.png,1.0,1.6522134070886976
3455,2520_LeafPhotoA_2025-09-09 10_16_27.887-05_00_2.png,1.0,1.8001165940433543
3456,2520_LeafPhotoA_2025-09-09 10_16_27.887-05_00_3.png,1.0,1.6053678872798463
3465,2015_LeafPhotoA_2025-09-08 10_50_10.021-05_00_0.png,1.75,1.9630034018985274
3466,2015_LeafPhotoA_2025-09-08 10_50_10.021-05_00_1.png,1.75,1.9360548001333613
3467,2015_LeafPhotoA_2025-09-08 10_50_10.021-05_00_2.png,1.75,1.7797448853247995
3468,2015_LeafPhotoA_2025-09-08 10_50_10.021-05_00_3.png,1.75,1.652959299218297
3488,1191_LeafPhotoA_2025-09-08 15_54_08.755-05_00_0.png,2.25,1.983821619324231
3489,1191_LeafPhotoA_2025-09-08 15_54_08.755-05_00_1.png,2.25,2.0415561661778763
3490,1191_LeafPhotoA_2025-09-08 15_54_08.755-05_00_2.png,2.25,2.128720076266612
3491,1191_LeafPhotoA_2025-09-08 15_54_08.755-05_00_3.png,2.25,1.9677047762966895
3513,1418_LeafPhotoA_2025-09-08 09_39_31.263-05_00_3.png,1.5,1.8883375237593494
3514,1418_LeafPhotoA_2025-09-08 09_39_31.263-05_00_1.png,1.5,1.847087501174866
3515,1418_LeafPhotoA_2025-09-08 09_39_31.263-05_00_0.png,1.5,1.8100269707932257
3516,1418_LeafPhotoA_2025-09-08 09_39_31.263-05_00_2.png,1.5,1.859053587995539
3529,1894_LeafPhotoA_2025-09-09 17_18_06.332-05_00_3.png,1.25,1.828076359778567
3530,1894_LeafPhotoA_2025-09-09 17_18_06.332-05_00_2.png,1.25,1.7882063931403134
3531,1894_LeafPhotoA_2025-09-09 17_18_06.332-05_00_1.png,1.25,1.7875800636734267
3532,1894_LeafPhotoA_2025-09-09 17_18_06.332-05_00_0.png,1.25,1.818919793391737
11,1346_LeafPhotoA_2025-09-08 10_15_00.579-05_00_0.png,3.0,1.6918758797263527
12,1346_LeafPhotoA_2025-09-08 10_15_00.579-05_00_1.png,3.0,1.8192754435523504
13,1346_LeafPhotoA_2025-09-08 10_15_00.579-05_00_2.png,3.0,1.8607568845950255
14,1346_LeafPhotoA_2025-09-08 10_15_00.579-05_00_3.png,3.0,1.9782284048014152
21,2664_LeafPhotoA_2025-09-09 11_37_29.251-05_00_3.png,2.0,2.1450055944509683
22,2664_LeafPhotoA_2025-09-09 11_37_29.251-05_00_1.png,2.0,2.186780585442411
23,2664_LeafPhotoA_2025-09-09 11_37_29.251-05_00_0.png,2.0,2.170668555482131
24,2664_LeafPhotoA_2025-09-09 11_37_29.251-05_00_2.png,2.0,1.9508339735129971
27,1427_LeafPhotoB_2025-09-08 10_19_32.588-05_00_1.png,2.75,2.061645419947591
28,1427_LeafPhotoB_2025-09-08 10_19_32.588-05_00_0.png,2.75,1.8962139498251145
29,1427_LeafPhotoB_2025-09-08 10_19_32.588-05_00_2.png,2.75,2.109986127350089
46,1118_LeafPhotoA_2025-09-08 10_03_02.378-05_00_1.png,1.0,1.7441882692524622
47,1118_LeafPhotoA_2025-09-08 10_03_02.378-05_00_0.png,1.0,1.8413483757196756
48,1118_LeafPhotoA_2025-09-08 10_03_02.378-05_00_2.png,1.0,2.082235033154357
49,1118_LeafPhotoA_2025-09-08 10_03_02.378-05_00_3.png,1.0,2.15884860415132
54,1608_LeafPhotoA_2025-09-09 09_23_59.629-05_00_0.png,1.75,1.7053069456544816
55,1608_LeafPhotoA_2025-09-09 09_23_59.629-05_00_1.png,1.75,1.6402788834093858
56,1608_LeafPhotoA_2025-09-09 09_23_59.629-05_00_2.png,1.75,1.6450934591791186
57,1608_LeafPhotoA_2025-09-09 09_23_59.629-05_00_3.png,1.75,1.8603797002173308
58,1048_LeafPhotoA_2025-09-08 10_27_26.311-05_00_3.png,1.25,2.045848823238541
59,1048_LeafPhotoA_2025-09-08 10_27_26.311-05_00_0.png,1.25,1.9144810812910558
60,1048_LeafPhotoA_2025-09-08 10_27_26.311-05_00_1.png,1.25,1.8817033346313743
61,1048_LeafPhotoA_2025-09-08 10_27_26.311-05_00_2.png,1.25,1.8791825720947117
73,2906_LeafPhotoA_2025-09-09 16_24_18.555-05_00_0.png,1.75,2.006332781390761
74,2906_LeafPhotoA_2025-09-09 16_24_18.555-05_00_1.png,1.75,2.2298741552605357
75,2906_LeafPhotoA_2025-09-09 16_24_18.555-05_00_2.png,1.75,2.1039075330548553
76,2906_LeafPhotoA_2025-09-09 16_24_18.555-05_00_3.png,1.75,2.2146819098030903
107,2685_LeafPhotoA_2025-09-09 10_50_31.334-05_00_2.png,2.25,1.8210199738583788
108,2685_LeafPhotoA_2025-09-09 10_50_31.334-05_00_0.png,2.25,1.8079513727975791
109,2685_LeafPhotoA_2025-09-09 10_50_31.334-05_00_1.png,2.25,1.9115078374242807
126,1672_LeafPhotoA_2025-09-09 09_45_47.566-05_00_0.png,1.75,1.8919252086425677
127,1672_LeafPhotoA_2025-09-09 09_45_47.566-05_00_2.png,1.75,1.9297528778585653
128,1672_LeafPhotoA_2025-09-09 09_45_47.566-05_00_1.png,1.75,2.046316930911043
133,1680_LeafPhotoA_2025-09-09 09_30_52.328-05_00_0.png,1.25,1.5920081912733826
134,1680_LeafPhotoA_2025-09-09 09_30_52.328-05_00_1.png,1.25,1.5391073226886527
135,6016_LeafPhotoA_2025-09-09 16_48_44.576-05_00_1.png,1.5,1.8887452635446647
136,6016_LeafPhotoA_2025-09-09 16_48_44.576-05_00_2.png,1.5,1.665904864740415
137,6016_LeafPhotoA_2025-09-09 16_48_44.576-05_00_0.png,1.5,1.737075918023059
156,1272_LeafPhotoA_2025-09-08 16_15_18.232-05_00_0.png,3.25,1.874837332196636
157,1272_LeafPhotoA_2025-09-08 16_15_18.232-05_00_1.png,3.25,1.9783792918696057
158,1272_LeafPhotoA_2025-09-08 16_15_18.232-05_00_2.png,3.25,1.8853461916346246
167,2715_LeafPhotoA_2025-09-09 10_34_49.690-05_00_0.png,2.25,2.0314847793702047
168,2715_LeafPhotoA_2025-09-09 10_34_49.690-05_00_1.png,2.25,1.81629896536427
169,2715_LeafPhotoA_2025-09-09 10_34_49.690-05_00_2.png,2.25,1.843863991521568
170,2715_LeafPhotoA_2025-09-09 10_34_49.690-05_00_3.png,2.25,1.9666518149906174
210,1587_LeafPhotoA_2025-09-09 09_37_51.582-05_00_2.png,1.5,1.9598112360742972
211,1587_LeafPhotoA_2025-09-09 09_37_51.582-05_00_1.png,1.5,1.8815505803576285
212,1587_LeafPhotoA_2025-09-09 09_37_51.582-05_00_0.png,1.5,1.9599390785311752
213,1587_LeafPhotoA_2025-09-09 09_37_51.582-05_00_3.png,1.5,2.0405503664225257
239,,1.25,1.6126389604440095
240,,1.5,1.6126389604440095
293,2650_LeafPhotoA_2025-09-09 11_24_20.852-05_00_0.png,1.0,1.6128459283140864
294,2650_LeafPhotoA_2025-09-09 11_24_20.852-05_00_1.png,1.0,1.5662347849545737
295,2650_LeafPhotoA_2025-09-09 11_24_20.852-05_00_2.png,1.0,1.686892359710991
296,2650_LeafPhotoA_2025-09-09 11_24_20.852-05_00_3.png,1.0,1.805991930455169
305,2197_LeafPhotoA_2025-09-08 17_07_18.265-05_00_1.png,1.0,1.9094876779446361
306,2197_LeafPhotoA_2025-09-08 17_07_18.265-05_00_3.png,1.0,1.7736113906558575
307,2197_LeafPhotoA_2025-09-08 17_07_18.265-05_00_2.png,1.0,1.8996269852250627
308,2197_LeafPhotoA_2025-09-08 17_07_18.265-05_00_0.png,1.0,1.986885901379323
364,1623_LeafPhotoA_2025-09-09 09_58_46.896-05_00_0.png,2.0,2.199370033637726
365,1623_LeafPhotoA_2025-09-09 09_58_46.896-05_00_1.png,2.0,2.109233729242678
366,1623_LeafPhotoA_2025-09-09 09_58_46.896-05_00_2.png,2.0,2.088318952847979
367,1623_LeafPhotoA_2025-09-09 09_58_46.896-05_00_3.png,2.0,2.1990178918921424
372,2495_LeafPhotoB_2025-09-08 12_20_03.955-05_00_0.png,1.0,1.6595323358970342
373,2495_LeafPhotoB_2025-09-08 12_20_03.955-05_00_1.png,1.0,1.8233828031851076
374,2495_LeafPhotoB_2025-09-08 12_20_03.955-05_00_2.png,1.0,1.6819349492432767
375,2495_LeafPhotoB_2025-09-08 12_20_03.955-05_00_3.png,1.0,1.7810105816834858
387,1623_LeafPhotoA_2025-09-09 09_57_37.816-05_00_0.png,1.75,1.986743291650946
388,1623_LeafPhotoA_2025-09-09 09_57_37.816-05_00_1.png,1.75,1.870964768108622
389,1623_LeafPhotoA_2025-09-09 09_57_37.816-05_00_2.png,1.75,1.990215455132567
390,1623_LeafPhotoA_2025-09-09 09_57_37.816-05_00_3.png,1.75,1.9003901375260335
399,1136_LeafPhotoA_2025-09-08 10_28_29.129-05_00_0.png,1.5,1.710429284963509
404,2649_LeafPhotoA_2025-09-09 11_26_12.925-05_00_1.png,3.0,1.7872423973891225
405,2649_LeafPhotoA_2025-09-09 11_26_12.925-05_00_0.png,3.0,1.8986109545554195
406,2649_LeafPhotoA_2025-09-09 11_26_12.925-05_00_2.png,3.0,1.8591180832317522
411,2011_LeafPhotoA_2025-09-08 10_45_16.513-05_00_0.png,2.0,2.0118291173078093
412,2011_LeafPhotoA_2025-09-08 10_45_16.513-05_00_1.png,2.0,2.0373786639675044
413,2011_LeafPhotoA_2025-09-08 10_45_16.513-05_00_2.png,2.0,2.0459561013797556
414,2011_LeafPhotoA_2025-09-08 10_45_16.513-05_00_3.png,2.0,1.8160614398461135
436,2748_LeafPhotoA_2025-09-09 11_19_26.990-05_00_0.png,3.25,1.9474677841602335
437,2748_LeafPhotoA_2025-09-09 11_19_26.990-05_00_1.png,3.25,2.134321892553451
438,2748_LeafPhotoA_2025-09-09 11_19_26.990-05_00_2.png,3.25,2.1721300099472143
439,2748_LeafPhotoA_2025-09-09 11_19_26.990-05_00_3.png,3.25,2.0098761144793444
479,6049_LeafPhotoA_2025-09-09 15_54_47.227-05_00_0.png,1.0,1.6832227024016047
480,6049_LeafPhotoA_2025-09-09 15_54_47.227-05_00_1.png,1.0,1.7233429794306485
481,6049_LeafPhotoA_2025-09-09 15_54_47.227-05_00_2.png,1.0,1.611291120661511
482,6049_LeafPhotoA_2025-09-09 15_54_47.227-05_00_3.png,1.0,1.6842028382210743
491,1882_LeafPhotoA_2025-09-09 13_17_09.662-05_00_2.png,1.75,1.9061339769648356
492,1882_LeafPhotoA_2025-09-09 13_17_09.662-05_00_0.png,1.75,2.1152621761113206
493,1882_LeafPhotoA_2025-09-09 13_17_09.662-05_00_1.png,1.75,1.8085331899325945
528,1419_LeafPhotoA_2025-09-08 09_40_27.704-05_00_1.png,1.75,2.157103654362388
529,1419_LeafPhotoA_2025-09-08 09_40_27.704-05_00_2.png,1.75,2.1335069874293344
530,1419_LeafPhotoA_2025-09-08 09_40_27.704-05_00_3.png,1.75,2.0085313683443635
531,1419_LeafPhotoA_2025-09-08 09_40_27.704-05_00_0.png,1.75,1.814031806196632
577,2263_LeafPhotoA_2025-09-08 12_36_09.842-05_00_0.png,1.0,1.8211446966990692
578,2263_LeafPhotoA_2025-09-08 12_36_09.842-05_00_1.png,1.0,1.771991176663088
579,2263_LeafPhotoA_2025-09-08 12_36_09.842-05_00_2.png,1.0,1.8739488203856818
580,2263_LeafPhotoA_2025-09-08 12_36_09.842-05_00_3.png,1.0,1.7251106332393114
585,1893_LeafPhotoA_2025-09-09 17_17_29.747-05_00_2.png,2.5,2.0034888994989255
586,1893_LeafPhotoA_2025-09-09 17_17_29.747-05_00_3.png,2.5,2.1330498644748364
587,1893_LeafPhotoA_2025-09-09 17_17_29.747-05_00_1.png,2.5,1.8475647141560807
588,1893_LeafPhotoA_2025-09-09 17_17_29.747-05_00_0.png,2.5,1.8334446363749795
705,2106_LeafPhotoA_2025-09-08 11_01_04.699-05_00_1.png,1.0,1.7041261343911187
706,2106_LeafPhotoA_2025-09-08 11_01_04.699-05_00_2.png,1.0,1.6979081628027566
707,2106_LeafPhotoA_2025-09-08 11_01_04.699-05_00_3.png,1.0,1.7664707257611674
708,2106_LeafPhotoA_2025-09-08 11_01_04.699-05_00_0.png,1.0,1.6778560614557971
723,1772_LeafPhotoA_2025-09-09 09_57_17.313-05_00_0.png,1.25,1.8637790259048126
724,1772_LeafPhotoA_2025-09-09 09_57_17.313-05_00_3.png,1.25,1.775207727427745
725,1772_LeafPhotoA_2025-09-09 09_57_17.313-05_00_1.png,1.25,1.8900733183185192
726,1772_LeafPhotoA_2025-09-09 09_57_17.313-05_00_2.png,1.25,1.8282763825388142
737,1210_LeafPhotoA_2025-09-08 09_39_04.129-05_00_2.png,1.25,1.8883715068041702
738,1210_LeafPhotoA_2025-09-08 09_39_04.129-05_00_1.png,1.25,1.9394728827123524
739,1210_LeafPhotoA_2025-09-08 09_39_04.129-05_00_3.png,1.25,1.7548279919805543
740,1210_LeafPhotoA_2025-09-08 09_39_04.129-05_00_0.png,1.25,1.951354623444044
764,6015_LeafPhotoA_2025-09-09 16_52_18.680-05_00_0.png,1.0,1.7429240597777267
765,6015_LeafPhotoA_2025-09-09 16_52_18.680-05_00_1.png,1.0,1.7997218623216
784,1495_LeafPhotoB_2025-09-08 16_59_04.309-05_00_2.png,1.5,2.0636626527698643
785,1495_LeafPhotoB_2025-09-08 16_59_04.309-05_00_1.png,1.5,1.8880801306805095
786,1495_LeafPhotoB_2025-09-08 16_59_04.309-05_00_0.png,1.5,1.884218700068205
787,1495_LeafPhotoB_2025-09-08 16_59_04.309-05_00_3.png,1.5,1.9275110822605874
811,2150_LeafPhotoA_2025-09-08 12_22_07.286-05_00_2.png,1.5,1.9433826282801954
812,2150_LeafPhotoA_2025-09-08 12_22_07.286-05_00_1.png,1.5,1.9981399041422878
813,2150_LeafPhotoA_2025-09-08 12_22_07.286-05_00_3.png,1.5,1.8586746827492038
814,2150_LeafPhotoA_2025-09-08 12_22_07.286-05_00_0.png,1.5,1.9515388502590012
819,1452_LeafPhotoB_2025-09-08 12_28_36.613-05_00_2.png,1.0,1.83210759294133
820,1452_LeafPhotoB_2025-09-08 12_28_36.613-05_00_3.png,1.0,1.6291210072003068
821,1452_LeafPhotoB_2025-09-08 12_28_36.613-05_00_1.png,1.0,1.6980502300793037
822,1452_LeafPhotoB_2025-09-08 12_28_36.613-05_00_0.png,1.0,1.9661510277500376
827,2317_LeafPhotoA_2025-09-08 10_45_32.243-05_00_0.png,3.25,1.9668031719822785
828,2317_LeafPhotoA_2025-09-08 10_45_32.243-05_00_3.png,3.25,1.8291448929601721
829,2317_LeafPhotoA_2025-09-08 10_45_32.243-05_00_1.png,3.25,1.799756684065099
830,2317_LeafPhotoA_2025-09-08 10_45_32.243-05_00_2.png,3.25,1.8140088010544682
839,2235_LeafPhotoA_2025-09-08 11_40_03.588-05_00_0.png,2.5,1.9390599552988297
840,2235_LeafPhotoA_2025-09-08 11_40_03.588-05_00_1.png,2.5,1.6464482151244428
841,2235_LeafPhotoA_2025-09-08 11_40_03.588-05_00_2.png,2.5,1.6644365822381721
842,2235_LeafPhotoA_2025-09-08 11_40_03.588-05_00_3.png,2.5,1.6677814567613316
851,1396_LeafPhotoA_2025-09-08 13_22_43.424-05_00_1.png,1.5,1.877381896428254
852,1396_LeafPhotoA_2025-09-08 13_22_43.424-05_00_0.png,1.5,1.8325692120433297
853,1396_LeafPhotoA_2025-09-08 13_22_43.424-05_00_2.png,1.5,1.6655656712595301
854,1396_LeafPhotoA_2025-09-08 13_22_43.424-05_00_3.png,1.5,1.7494478305787573
863,1480_LeafPhotoB_2025-09-08 16_44_45.429-05_00_0.png,1.75,1.9277983708301283
874,2625_LeafPhotoA_2025-09-09 12_15_05.460-05_00_1.png,2.75,1.922695000841094
875,2625_LeafPhotoA_2025-09-09 12_15_05.460-05_00_2.png,2.75,1.799658742124857
876,2625_LeafPhotoA_2025-09-09 12_15_05.460-05_00_0.png,2.75,1.8656390668115121
877,2625_LeafPhotoA_2025-09-09 12_15_05.460-05_00_3.png,2.75,1.7699730455075018
894,2742_LeafPhotoA_2025-09-09 11_11_59.314-05_00_2.png,2.75,2.116596122913303
895,2742_LeafPhotoA_2025-09-09 11_11_59.314-05_00_3.png,2.75,2.0919402708386605
896,2742_LeafPhotoA_2025-09-09 11_11_59.314-05_00_0.png,2.75,1.9479151744569827
897,2742_LeafPhotoA_2025-09-09 11_11_59.314-05_00_1.png,2.75,1.8313344419745936
945,6018_LeafPhotoA_2025-09-09 16_46_05.626-05_00_0.png,1.0,1.816178010796662
946,6018_LeafPhotoA_2025-09-09 16_46_05.626-05_00_2.png,1.0,1.890911674300823
947,6018_LeafPhotoA_2025-09-09 16_46_05.626-05_00_1.png,1.0,1.7479275553925555
948,6018_LeafPhotoA_2025-09-09 16_46_05.626-05_00_3.png,1.0,1.8722740019308945
949,1882_LeafPhotoA_2025-09-09 13_17_22.842-05_00_0.png,1.75,1.8684288342671889
950,1882_LeafPhotoA_2025-09-09 13_17_22.842-05_00_3.png,1.75,1.7374740320644821
951,1882_LeafPhotoA_2025-09-09 13_17_22.842-05_00_2.png,1.75,1.8173459648715797
952,1882_LeafPhotoA_2025-09-09 13_17_22.842-05_00_1.png,1.75,1.77769838617265
956,1095_LeafPhotoA_2025-09-09 11_06_50.542-05_00_0.png,1.5,1.878257048774184
957,1095_LeafPhotoA_2025-09-09 11_06_50.542-05_00_2.png,1.5,1.9810666579077967
958,1095_LeafPhotoA_2025-09-09 11_06_50.542-05_00_3.png,1.5,1.9822563606978028
959,1095_LeafPhotoA_2025-09-09 11_06_50.542-05_00_1.png,1.5,1.82575338369115
971,2887_LeafPhotoA_2025-09-09 14_03_46.022-05_00_1.png,2.5,1.8265634301588594
972,2887_LeafPhotoA_2025-09-09 14_03_46.022-05_00_0.png,2.5,1.6611369389017405
973,2887_LeafPhotoA_2025-09-09 14_03_46.022-05_00_2.png,2.5,1.85041706838161
974,1689_LeafPhotoA_2025-09-09 09_13_19.326-05_00_0.png,1.0,1.6651053404276
975,1689_LeafPhotoA_2025-09-09 09_13_19.326-05_00_1.png,1.0,1.770413796479903
980,,2.75,1.6126389604440095
989,2035_LeafPhotoA_2025-09-08 11_13_14.336-05_00_0.png,1.25,1.8425447323601123
990,2035_LeafPhotoA_2025-09-08 11_13_14.336-05_00_1.png,1.25,1.8768784144548605
991,2035_LeafPhotoA_2025-09-08 11_13_14.336-05_00_2.png,1.25,2.0963807215786336
992,2035_LeafPhotoA_2025-09-08 11_13_14.336-05_00_3.png,1.25,1.9594286614537322
1010,1549_LeafPhotoA_2025-09-09 09_50_49.099-05_00_2.png,2.75,2.0911112043526554
1011,1549_LeafPhotoA_2025-09-09 09_50_49.099-05_00_3.png,2.75,1.942854304748293
1012,1549_LeafPhotoA_2025-09-09 09_50_49.099-05_00_0.png,2.75,2.0675985818702176
1013,1549_LeafPhotoA_2025-09-09 09_50_49.099-05_00_1.png,2.75,2.029594165965828
1034,1874_LeafPhotoA_2025-09-09 13_24_05.096-05_00_0.png,1.25,1.84501631531147
1035,1874_LeafPhotoA_2025-09-09 13_24_05.096-05_00_1.png,1.25,1.9992836296360241
1036,1874_LeafPhotoA_2025-09-09 13_24_05.096-05_00_2.png,1.25,1.958972060170759
1037,1874_LeafPhotoA_2025-09-09 13_24_05.096-05_00_3.png,1.25,1.953177967246624
1044,1577_LeafPhotoA_2025-09-09 09_51_50.173-05_00_0.png,1.75,1.8140038551637445
1045,1577_LeafPhotoA_2025-09-09 09_51_50.173-05_00_1.png,1.75,1.9729719487840398
1046,1577_LeafPhotoA_2025-09-09 09_51_50.173-05_00_2.png,1.75,1.9844850970497618
1065,1218_LeafPhotoA_2025-09-08 09_55_48.140-05_00_2.png,3.5,2.2920261366425887
1066,1218_LeafPhotoA_2025-09-08 09_55_48.140-05_00_3.png,3.5,2.2164065643584694
1067,1218_LeafPhotoA_2025-09-08 09_55_48.140-05_00_1.png,3.5,1.959034138701102
1068,1218_LeafPhotoA_2025-09-08 09_55_48.140-05_00_0.png,3.5,2.064751277655738
1069,5036_LeafPhotoA_2025-09-09 17_09_05.761-05_00_2.png,1.5,1.8108123907007059
1070,5036_LeafPhotoA_2025-09-09 17_09_05.761-05_00_3.png,1.5,1.7820901267943767
1071,5036_LeafPhotoA_2025-09-09 17_09_05.761-05_00_1.png,1.5,1.9618567452271136
1072,5036_LeafPhotoA_2025-09-09 17_09_05.761-05_00_0.png,1.5,1.8288213054306794
1077,6010_LeafPhotoA_2025-09-09 17_01_22.660-05_00_0.png,1.25,1.7209713805138913
1078,6010_LeafPhotoA_2025-09-09 17_01_22.660-05_00_1.png,1.25,1.5909487126529638
1079,6010_LeafPhotoA_2025-09-09 17_01_22.660-05_00_3.png,1.25,1.8284877323023132
1080,6010_LeafPhotoA_2025-09-09 17_01_22.660-05_00_2.png,1.25,1.6411550923625964
1121,2772_LeafPhotoA_2025-09-09 15_47_32.015-05_00_0.png,1.0,1.6307746460853927
1122,2772_LeafPhotoA_2025-09-09 15_47_32.015-05_00_2.png,1.0,1.5932586821060242
1123,2772_LeafPhotoA_2025-09-09 15_47_32.015-05_00_1.png,1.0,1.5712673516029145
1124,,1.5,1.6126389604440095
1127,2656_LeafPhotoA_2025-09-09 11_30_02.897-05_00_2.png,2.0,1.673782787197431
1128,2656_LeafPhotoA_2025-09-09 11_30_02.897-05_00_0.png,2.0,1.6424931498696722
1129,2656_LeafPhotoA_2025-09-09 11_30_02.897-05_00_1.png,2.0,1.6739663806453904
1138,,1.5,1.6126389604440095
1139,1427_LeafPhotoA_2025-09-08 09_49_32.229-05_00_2.png,3.25,1.7986296988521127
1140,1427_LeafPhotoA_2025-09-08 09_49_32.229-05_00_0.png,3.25,1.9702577206196494
1141,1427_LeafPhotoA_2025-09-08 09_49_32.229-05_00_3.png,3.25,2.079461593946828
1142,1427_LeafPhotoA_2025-09-08 09_49_32.229-05_00_1.png,3.25,1.9750618522881496
1201,2186_LeafPhotoA_2025-09-09 12_31_28.944-05_00_0.png,2.5,1.8761217742713732
1202,2186_LeafPhotoA_2025-09-09 12_31_28.944-05_00_2.png,2.5,2.115809493094143
1203,2186_LeafPhotoA_2025-09-09 12_31_28.944-05_00_3.png,2.5,1.9147113700390594
1204,2186_LeafPhotoA_2025-09-09 12_31_28.944-05_00_1.png,2.5,2.1776636828594294
1205,1792_LeafPhotoA_2025-09-09 09_09_06.607-05_00_0.png,1.25,1.754136571428657
1206,1792_LeafPhotoA_2025-09-09 09_09_06.607-05_00_1.png,1.25,1.8754158190652133
1207,1792_LeafPhotoA_2025-09-09 09_09_06.607-05_00_2.png,1.25,1.929092168022895
1208,1792_LeafPhotoA_2025-09-09 09_09_06.607-05_00_3.png,1.25,1.896842453058048
1214,1137_LeafPhotoA_2025-09-08 10_30_17.775-05_00_0.png,1.5,1.6769689752286865
1215,1137_LeafPhotoA_2025-09-08 10_30_17.775-05_00_1.png,1.5,1.6830428324591324
1216,1137_LeafPhotoA_2025-09-08 10_30_17.775-05_00_2.png,1.5,1.7231655079754804
1217,1137_LeafPhotoA_2025-09-08 10_30_17.775-05_00_3.png,1.5,1.758705294587163
1226,2140_LeafPhotoA_2025-09-08 12_01_54.848-05_00_2.png,2.25,1.7880100415875617
1227,2140_LeafPhotoA_2025-09-08 12_01_54.848-05_00_1.png,2.25,1.8232252001618428
1228,2140_LeafPhotoA_2025-09-08 12_01_54.848-05_00_0.png,2.25,1.9280392981443453
1243,5021_LeafPhotoA_2025-09-09 16_37_05.057-05_00_0.png,1.75,1.76557812948629
1244,5021_LeafPhotoA_2025-09-09 16_37_05.057-05_00_1.png,1.75,1.9952333999312533
1245,5021_LeafPhotoA_2025-09-09 16_37_05.057-05_00_2.png,1.75,1.7641782478787145
1246,5021_LeafPhotoA_2025-09-09 16_37_05.057-05_00_3.png,1.75,1.920757205496331
1285,5006_LeafPhotoA_2025-09-09 16_01_39.048-05_00_1.png,1.25,1.8310859043092387
1286,5006_LeafPhotoA_2025-09-09 16_01_39.048-05_00_0.png,1.25,1.7050782409038874
1287,5006_LeafPhotoA_2025-09-09 16_01_39.048-05_00_2.png,1.25,1.6271503901048203
1288,5006_LeafPhotoA_2025-09-09 16_01_39.048-05_00_3.png,1.25,1.8694828792423648
1289,1157_LeafPhotoA_2025-09-08 16_50_24.357-05_00_2.png,2.5,2.139812621901716
1290,1157_LeafPhotoA_2025-09-08 16_50_24.357-05_00_1.png,2.5,2.0011041536333365
1291,1157_LeafPhotoA_2025-09-08 16_50_24.357-05_00_0.png,2.5,1.9931522780356474
1300,2956_LeafPhotoA_2025-09-09 15_59_30.545-05_00_0.png,1.5,2.002120149988632
1301,2956_LeafPhotoA_2025-09-09 15_59_30.545-05_00_1.png,1.5,1.9350222461214504
1302,2956_LeafPhotoA_2025-09-09 15_59_30.545-05_00_2.png,1.5,1.8785292542304066
1303,2956_LeafPhotoA_2025-09-09 15_59_30.545-05_00_3.png,1.5,1.758886836635267
1304,1638_LeafPhotoA_2025-09-09 10_27_46.342-05_00_0.png,2.5,2.023820638758818
1305,1638_LeafPhotoA_2025-09-09 10_27_46.342-05_00_3.png,2.5,2.176665532995075
1306,1638_LeafPhotoA_2025-09-09 10_27_46.342-05_00_1.png,2.5,1.9685030414000888
1307,1638_LeafPhotoA_2025-09-09 10_27_46.342-05_00_2.png,2.5,2.027705446072621
1316,2464_LeafPhotoB_2025-09-08 11_41_40.408-05_00_0.png,2.75,1.9215408089166928
1317,2464_LeafPhotoB_2025-09-08 11_41_40.408-05_00_1.png,2.75,2.1217737257246863
1318,2464_LeafPhotoB_2025-09-08 11_41_40.408-05_00_2.png,2.75,1.9940222501674338
1319,2464_LeafPhotoB_2025-09-08 11_41_40.408-05_00_3.png,2.75,1.8800306690844721
1324,6043_LeafPhotoA_2025-09-09 16_04_16.208-05_00_0.png,2.0,1.7988060286175473
1325,6043_LeafPhotoA_2025-09-09 16_04_16.208-05_00_1.png,2.0,1.7329219045152808
1326,6043_LeafPhotoA_2025-09-09 16_04_16.208-05_00_2.png,2.0,1.9527604711438145
1327,6043_LeafPhotoA_2025-09-09 16_04_16.208-05_00_3.png,2.0,2.0650852554348704
1328,1534_LeafPhotoA_2025-09-09 09_32_36.020-05_00_2.png,2.75,1.7842269559310133
1329,1534_LeafPhotoA_2025-09-09 09_32_36.020-05_00_0.png,2.75,2.0371053254491347
1330,1534_LeafPhotoA_2025-09-09 09_32_36.020-05_00_1.png,2.75,1.9513164768735016
1331,1534_LeafPhotoA_2025-09-09 09_32_36.020-05_00_3.png,2.75,1.865438938168812
1336,,1.0,1.6126389604440095
1337,2453_LeafPhotoB_2025-09-08 11_30_51.747-05_00_0.png,1.75,1.932382484379279
1338,2453_LeafPhotoB_2025-09-08 11_30_51.747-05_00_3.png,1.75,1.9188724463745752
1339,2453_LeafPhotoB_2025-09-08 11_30_51.747-05_00_1.png,1.75,1.9316468782765244
1340,2453_LeafPhotoB_2025-09-08 11_30_51.747-05_00_2.png,1.75,1.8173039856210946
1341,,2.25,1.6126389604440095
1348,1539_LeafPhotoA_2025-09-09 09_37_58.578-05_00_1.png,2.0,1.8245691977226408
1349,1539_LeafPhotoA_2025-09-09 09_37_58.578-05_00_0.png,2.0,1.8717700593999336
1350,1539_LeafPhotoA_2025-09-09 09_37_58.578-05_00_3.png,2.0,1.8454847192080037
1351,1539_LeafPhotoA_2025-09-09 09_37_58.578-05_00_2.png,2.0,1.9108150731613263
1375,,2.75,1.6126389604440095
1404,2505_LeafPhotoA_2025-09-09 10_00_57.054-05_00_0.png,1.25,1.8601605364839089
1405,2505_LeafPhotoA_2025-09-09 10_00_57.054-05_00_2.png,1.25,1.701762612960816
1406,2505_LeafPhotoA_2025-09-09 10_00_57.054-05_00_1.png,1.25,1.8836753225355463
1407,2505_LeafPhotoA_2025-09-09 10_00_57.054-05_00_3.png,1.25,1.9391764874218933
1408,1479_LeafPhotoB_2025-09-08 16_43_58.192-05_00_2.png,2.25,2.037740501876435
1409,1479_LeafPhotoB_2025-09-08 16_43_58.192-05_00_1.png,2.25,2.050612657610009
1410,1479_LeafPhotoB_2025-09-08 16_43_58.192-05_00_3.png,2.25,2.0005727053331315
1411,1479_LeafPhotoB_2025-09-08 16_43_58.192-05_00_0.png,2.25,1.91629839963394
1420,5016_LeafPhotoA_2025-09-09 16_24_50.932-05_00_0.png,1.0,1.8594421472396405
1421,5016_LeafPhotoA_2025-09-09 16_24_50.932-05_00_2.png,1.0,1.7537266610775695
1422,5016_LeafPhotoA_2025-09-09 16_24_50.932-05_00_1.png,1.0,1.9935388362913642
1423,5016_LeafPhotoA_2025-09-09 16_24_50.932-05_00_3.png,1.0,1.8399042897797637
1431,,1.25,1.6126389604440095
1436,1385_LeafPhotoA_2025-09-08 13_04_24.143-05_00_1.png,2.0,2.0945900382686733
1437,1385_LeafPhotoA_2025-09-08 13_04_24.143-05_00_0.png,2.0,1.9753386898900993
1438,1385_LeafPhotoA_2025-09-08 13_04_24.143-05_00_2.png,2.0,2.0734021106817138
1450,,1.25,1.6126389604440095
1465,1391_LeafPhotoA_2025-09-08 13_11_35.950-05_00_2.png,4.5,2.2161788696366647
1466,1391_LeafPhotoA_2025-09-08 13_11_35.950-05_00_3.png,4.5,2.3025048583986627
1467,1391_LeafPhotoA_2025-09-08 13_11_35.950-05_00_1.png,4.5,2.2448513447216185
1468,1391_LeafPhotoA_2025-09-08 13_11_35.950-05_00_0.png,4.5,2.0697032994109077
1497,,2.0,1.6126389604440095
1502,2145_LeafPhotoA_2025-09-08 12_12_59.236-05_00_3.png,2.0,2.109504060506168
1503,2145_LeafPhotoA_2025-09-08 12_12_59.236-05_00_2.png,2.0,2.1303450123792596
1504,2145_LeafPhotoA_2025-09-08 12_12_59.236-05_00_0.png,2.0,1.8246028685340077
1505,2145_LeafPhotoA_2025-09-08 12_12_59.236-05_00_1.png,2.0,2.0676505915784515
1528,1941_LeafPhotoA_2025-09-09 15_40_00.245-05_00_0.png,2.0,1.9285033901386825
1529,1941_LeafPhotoA_2025-09-09 15_40_00.245-05_00_1.png,2.0,1.8262975554475411
1530,1941_LeafPhotoA_2025-09-09 15_40_00.245-05_00_2.png,2.0,1.9730717830756184
1535,1118_LeafPhotoA_2025-09-08 10_02_17.783-05_00_2.png,1.75,1.7748531252231041
1536,1118_LeafPhotoA_2025-09-08 10_02_17.783-05_00_3.png,1.75,1.7315528823923783
1537,1118_LeafPhotoA_2025-09-08 10_02_17.783-05_00_0.png,1.75,1.9280872583527275
1538,1118_LeafPhotoA_2025-09-08 10_02_17.783-05_00_1.png,1.75,1.863383213339701
1539,2030_LeafPhotoA_2025-09-08 11_08_05.704-05_00_0.png,1.75,2.1277803604634102
1540,2030_LeafPhotoA_2025-09-08 11_08_05.704-05_00_1.png,1.75,1.9219697560620077
1541,2030_LeafPhotoA_2025-09-08 11_08_05.704-05_00_2.png,1.75,2.0061223959179064
1542,2030_LeafPhotoA_2025-09-08 11_08_05.704-05_00_3.png,1.75,1.8300454667720494
1555,,1.5,1.6126389604440095
1561,1405_LeafPhotoB_2025-09-08 09_59_46.991-05_00_1.png,1.0,1.943214240321138
1562,1405_LeafPhotoB_2025-09-08 09_59_46.991-05_00_0.png,1.0,2.0471813290634158
1563,1405_LeafPhotoB_2025-09-08 09_59_46.991-05_00_2.png,1.0,1.8338990974598806
1564,1405_LeafPhotoB_2025-09-08 09_59_46.991-05_00_3.png,1.0,1.8631072790419592
1573,1603_LeafPhotoA_2025-09-09 08_56_04.202-05_00_2.png,2.75,1.951676653857627
1574,1603_LeafPhotoA_2025-09-09 08_56_04.202-05_00_0.png,2.75,1.8348999904034726
1575,1603_LeafPhotoA_2025-09-09 08_56_04.202-05_00_3.png,2.75,1.9624769384019936
1576,1603_LeafPhotoA_2025-09-09 08_56_04.202-05_00_1.png,2.75,1.850528968208595
1611,2186_LeafPhotoA_2025-09-09 12_31_18.903-05_00_3.png,2.75,2.2435243404310277
1612,2186_LeafPhotoA_2025-09-09 12_31_18.903-05_00_1.png,2.75,2.294824893715192
1613,2186_LeafPhotoA_2025-09-09 12_31_18.903-05_00_0.png,2.75,1.9803806358370648
1614,2186_LeafPhotoA_2025-09-09 12_31_18.903-05_00_2.png,2.75,2.212924776535763
1643,1385_LeafPhotoA_2025-09-08 13_05_07.306-05_00_2.png,2.75,1.7226099813324698
1644,1385_LeafPhotoA_2025-09-08 13_05_07.306-05_00_3.png,2.75,1.888127462095438
1645,1385_LeafPhotoA_2025-09-08 13_05_07.306-05_00_0.png,2.75,1.8886673520394603
1646,1385_LeafPhotoA_2025-09-08 13_05_07.306-05_00_1.png,2.75,1.7812941501813884
1680,1534_LeafPhotoA_2025-09-09 09_32_49.938-05_00_1.png,1.25,1.9530354588181984
1681,1534_LeafPhotoA_2025-09-09 09_32_49.938-05_00_0.png,1.25,1.9729857765441985
1682,1534_LeafPhotoA_2025-09-09 09_32_49.938-05_00_3.png,1.25,1.8797097761374437
1683,1534_LeafPhotoA_2025-09-09 09_32_49.938-05_00_2.png,1.25,1.9082222209872182
1710,1210_LeafPhotoA_2025-09-08 09_38_24.164-05_00_3.png,1.25,1.824416827030737
1711,1210_LeafPhotoA_2025-09-08 09_38_24.164-05_00_0.png,1.25,1.8617052214600949
1712,1210_LeafPhotoA_2025-09-08 09_38_24.164-05_00_2.png,1.25,1.7640040663039773
1713,1210_LeafPhotoA_2025-09-08 09_38_24.164-05_00_1.png,1.25,1.865255529629307
1743,2118_LeafPhotoA_2025-09-08 11_24_23.851-05_00_3.png,3.0,2.042020830217631
1744,2118_LeafPhotoA_2025-09-08 11_24_23.851-05_00_0.png,3.0,1.8524250950247834
1745,2118_LeafPhotoA_2025-09-08 11_24_23.851-05_00_1.png,3.0,1.8151831655348007
1746,2118_LeafPhotoA_2025-09-08 11_24_23.851-05_00_2.png,3.0,1.9759786267653945
1773,1351_LeafPhotoA_2025-09-08 12_28_03.896-05_00_0.png,2.0,1.990163428743707
1774,1351_LeafPhotoA_2025-09-08 12_28_03.896-05_00_2.png,2.0,1.9040501781285457
1775,1351_LeafPhotoA_2025-09-08 12_28_03.896-05_00_1.png,2.0,1.7920472566018535
1788,2796_LeafPhotoA_2025-09-09 11_09_54.572-05_00_0.png,1.5,2.265215692256229
1789,2796_LeafPhotoA_2025-09-09 11_09_54.572-05_00_1.png,1.5,2.236228755628778
1790,2796_LeafPhotoA_2025-09-09 11_09_54.572-05_00_2.png,1.5,2.2576768597598216
1791,2796_LeafPhotoA_2025-09-09 11_09_54.572-05_00_3.png,1.5,2.1091030931102894
1824,1809_LeafPhotoA_2025-09-09 09_04_05.610-05_00_1.png,2.25,1.8106792368332136
1825,1809_LeafPhotoA_2025-09-09 09_04_05.610-05_00_3.png,2.25,1.7591432472635213
1826,1809_LeafPhotoA_2025-09-09 09_04_05.610-05_00_2.png,2.25,1.8225980442026906
1827,1809_LeafPhotoA_2025-09-09 09_04_05.610-05_00_0.png,2.25,1.9133100274983024
1828,1897_LeafPhotoA_2025-09-09 17_20_57.001-05_00_2.png,1.5,2.0952076113399523
1829,1897_LeafPhotoA_2025-09-09 17_20_57.001-05_00_1.png,1.5,2.012224587757713
1830,1897_LeafPhotoA_2025-09-09 17_20_57.001-05_00_0.png,1.5,1.9662263487300142
1839,1480_LeafPhotoB_2025-09-08 16_45_21.155-05_00_3.png,1.5,2.0190584851299587
1840,1480_LeafPhotoB_2025-09-08 16_45_21.155-05_00_1.png,1.5,2.0729503902020103
1841,1480_LeafPhotoB_2025-09-08 16_45_21.155-05_00_0.png,1.5,1.9065572616345643
1842,1480_LeafPhotoB_2025-09-08 16_45_21.155-05_00_2.png,1.5,2.001586229143772
1847,1921_LeafPhotoA_2025-09-09 15_12_57.015-05_00_2.png,2.5,1.8843634450962472
1848,1921_LeafPhotoA_2025-09-09 15_12_57.015-05_00_3.png,2.5,1.8583287264917834
1849,1921_LeafPhotoA_2025-09-09 15_12_57.015-05_00_0.png,2.5,1.9420344888841157
1850,1921_LeafPhotoA_2025-09-09 15_12_57.015-05_00_1.png,2.5,2.0037378310449983
1851,2274_LeafPhotoA_2025-09-08 17_09_38.644-05_00_2.png,2.0,1.8414445144115137
1852,2274_LeafPhotoA_2025-09-08 17_09_38.644-05_00_3.png,2.0,2.14249439467696
1853,2274_LeafPhotoA_2025-09-08 17_09_38.644-05_00_1.png,2.0,2.037584750559417
1854,2274_LeafPhotoA_2025-09-08 17_09_38.644-05_00_0.png,2.0,1.9294229834251357
1859,,3.5,1.6126389604440095
1879,1427_LeafPhotoA_2025-09-08 09_50_09.893-05_00_3.png,2.5,1.9176800638006868
1880,1427_LeafPhotoA_2025-09-08 09_50_09.893-05_00_1.png,2.5,2.0477288389862505
1881,1427_LeafPhotoA_2025-09-08 09_50_09.893-05_00_2.png,2.5,2.0199474348173414
1882,1427_LeafPhotoA_2025-09-08 09_50_09.893-05_00_0.png,2.5,1.9532915332565828
1887,6043_LeafPhotoA_2025-09-09 16_04_58.355-05_00_0.png,1.75,1.954870529124458
1888,6043_LeafPhotoA_2025-09-09 16_04_58.355-05_00_1.png,1.75,1.9387758091031273
1889,6043_LeafPhotoA_2025-09-09 16_04_58.355-05_00_2.png,1.75,1.9696786682006178
1890,6043_LeafPhotoA_2025-09-09 16_04_58.355-05_00_3.png,1.75,1.95221027302564
1910,2489_LeafPhotoB_2025-09-08 12_04_49.131-05_00_0.png,2.5,2.001657172893809
1911,2489_LeafPhotoB_2025-09-08 12_04_49.131-05_00_1.png,2.5,1.9062892959293887
1912,2489_LeafPhotoB_2025-09-08 12_04_49.131-05_00_2.png,2.5,1.9253217948846812
1913,2489_LeafPhotoB_2025-09-08 12_04_49.131-05_00_3.png,2.5,1.8172459308246358
1920,1792_LeafPhotoA_2025-09-09 09_08_36.909-05_00_0.png,1.75,1.9129781240310557
1921,1792_LeafPhotoA_2025-09-09 09_08_36.909-05_00_1.png,1.75,1.900103193960536
1922,1792_LeafPhotoA_2025-09-09 09_08_36.909-05_00_2.png,1.75,2.105520321128387
1923,1792_LeafPhotoA_2025-09-09 09_08_36.909-05_00_3.png,1.75,2.0711450825106383
1932,1037_LeafPhotoA_2025-09-08 10_14_34.857-05_00_0.png,2.25,1.924166673863256
1933,1037_LeafPhotoA_2025-09-08 10_14_34.857-05_00_2.png,2.25,1.849844115262159
1934,1037_LeafPhotoA_2025-09-08 10_14_34.857-05_00_1.png,2.25,2.1168000179000583
1935,1037_LeafPhotoA_2025-09-08 10_14_34.857-05_00_3.png,2.25,1.9207362194170328
1960,1576_LeafPhotoA_2025-09-09 09_52_24.983-05_00_0.png,1.25,1.8570492020395748
1961,1576_LeafPhotoA_2025-09-09 09_52_24.983-05_00_1.png,1.25,1.7453780822143223
1962,1576_LeafPhotoA_2025-09-09 09_52_24.983-05_00_2.png,1.25,1.6751335767023634
1963,1576_LeafPhotoA_2025-09-09 09_52_24.983-05_00_3.png,1.25,1.6512618054191688
1964,1747_LeafPhotoA_2025-09-09 10_05_14.099-05_00_0.png,3.5,1.9273084023470306
1965,1747_LeafPhotoA_2025-09-09 10_05_14.099-05_00_3.png,3.5,1.9842960573621864
1966,1747_LeafPhotoA_2025-09-09 10_05_14.099-05_00_1.png,3.5,1.849830248996683
1967,1747_LeafPhotoA_2025-09-09 10_05_14.099-05_00_2.png,3.5,1.91439102629343
1968,,3.25,1.6126389604440095
1977,2394_LeafPhotoA_2025-09-08 12_19_19.139-05_00_1.png,2.75,2.020547602298534
1978,2394_LeafPhotoA_2025-09-08 12_19_19.139-05_00_0.png,2.75,1.863319956469506
1979,2394_LeafPhotoA_2025-09-08 12_19_19.139-05_00_2.png,2.75,2.054377179094017
1980,2394_LeafPhotoA_2025-09-08 12_19_19.139-05_00_3.png,2.75,1.9294819992622947
1981,2277_LeafPhotoA_2025-09-08 17_02_56.416-05_00_0.png,2.25,1.7881969749886988
1982,2277_LeafPhotoA_2025-09-08 17_02_56.416-05_00_1.png,2.25,1.9635351608315992
1983,2277_LeafPhotoA_2025-09-08 17_02_56.416-05_00_2.png,2.25,1.8982091556279237
2019,1405_LeafPhotoA_2025-09-08 09_26_00.409-05_00_0.png,1.25,1.691902300597312
2020,1405_LeafPhotoA_2025-09-08 09_26_00.409-05_00_3.png,1.25,1.6008126645026812
2021,1405_LeafPhotoA_2025-09-08 09_26_00.409-05_00_1.png,1.25,1.8076737435372183
2022,1405_LeafPhotoA_2025-09-08 09_26_00.409-05_00_2.png,1.25,1.5942461357643354
2055,2590_LeafPhotoA_2025-09-09 10_31_27.084-05_00_2.png,1.5,1.600573801118258
2056,2590_LeafPhotoA_2025-09-09 10_31_27.084-05_00_3.png,1.5,1.785677697620844
2057,2590_LeafPhotoA_2025-09-09 10_31_27.084-05_00_1.png,1.5,1.6004672269823086
2058,2590_LeafPhotoA_2025-09-09 10_31_27.084-05_00_0.png,1.5,1.6796792715892115
2075,1171_LeafPhotoA_2025-09-08 16_30_33.870-05_00_0.png,2.0,1.9909242699742515
2076,1171_LeafPhotoA_2025-09-08 16_30_33.870-05_00_1.png,2.0,1.84549287433198
2077,1171_LeafPhotoA_2025-09-08 16_30_33.870-05_00_2.png,2.0,1.9298281473562762
2078,1171_LeafPhotoA_2025-09-08 16_30_33.870-05_00_3.png,2.0,1.844909892073009
2087,6018_LeafPhotoA_2025-09-09 16_46_19.898-05_00_3.png,1.25,1.8151600888536237
2088,6018_LeafPhotoA_2025-09-09 16_46_19.898-05_00_2.png,1.25,1.7134500231584937
2089,6018_LeafPhotoA_2025-09-09 16_46_19.898-05_00_0.png,1.25,1.6528262625572643
2090,6018_LeafPhotoA_2025-09-09 16_46_19.898-05_00_1.png,1.25,1.822927113743992
2091,2935_LeafPhotoA_2025-09-09 16_33_34.724-05_00_0.png,1.5,1.6283342562056635
2092,2935_LeafPhotoA_2025-09-09 16_33_34.724-05_00_1.png,1.5,1.7214057850809867
2093,2935_LeafPhotoA_2025-09-09 16_33_34.724-05_00_3.png,1.5,1.948449045509657
2094,2935_LeafPhotoA_2025-09-09 16_33_34.724-05_00_2.png,1.5,1.7937119554905443
2103,1240_LeafPhotoA_2025-09-08 10_28_24.122-05_00_2.png,1.5,1.7957396567503583
2104,1240_LeafPhotoA_2025-09-08 10_28_24.122-05_00_3.png,1.5,1.7173968447770085
2105,1240_LeafPhotoA_2025-09-08 10_28_24.122-05_00_0.png,1.5,1.8454844622490818
2106,1240_LeafPhotoA_2025-09-08 10_28_24.122-05_00_1.png,1.5,1.7875013622468765
2129,2091_LeafPhotoA_2025-09-08 12_28_15.428-05_00_0.png,2.75,1.6300931759320405
2130,2091_LeafPhotoA_2025-09-08 12_28_15.428-05_00_1.png,2.75,1.859361265933767
2131,2091_LeafPhotoA_2025-09-08 12_28_15.428-05_00_2.png,2.75,1.834015225130854
2132,2091_LeafPhotoA_2025-09-08 12_28_15.428-05_00_3.png,2.75,1.907410234527845
2149,1324_LeafPhotoA_2025-09-08 09_47_08.944-05_00_3.png,2.0,2.273947575566312
2150,1324_LeafPhotoA_2025-09-08 09_47_08.944-05_00_1.png,2.0,1.9125866835504775
2151,1324_LeafPhotoA_2025-09-08 09_47_08.944-05_00_0.png,2.0,1.8838460727049777
2152,1324_LeafPhotoA_2025-09-08 09_47_08.944-05_00_2.png,2.0,1.8701478388353023
2177,1098_LeafPhotoA_2025-09-09 11_09_21.218-05_00_0.png,1.25,2.0603837602590263
2178,1098_LeafPhotoA_2025-09-09 11_09_21.218-05_00_1.png,1.25,2.007266344233414
2179,1098_LeafPhotoA_2025-09-09 11_09_21.218-05_00_2.png,1.25,1.84105189258948
2180,1098_LeafPhotoA_2025-09-09 11_09_21.218-05_00_3.png,1.25,2.048392267520547
2184,2097_LeafPhotoA_2025-09-08 12_33_49.300-05_00_1.png,1.5,1.7631458257716093
2185,2097_LeafPhotoA_2025-09-08 12_33_49.300-05_00_2.png,1.5,2.0037379530822963
2186,2097_LeafPhotoA_2025-09-08 12_33_49.300-05_00_0.png,1.5,1.9246663234359291
2187,2097_LeafPhotoA_2025-09-08 12_33_49.300-05_00_3.png,1.5,1.730975503989208
2214,1876_LeafPhotoA_2025-09-09 17_04_03.852-05_00_3.png,2.25,1.7323341607330585
2215,1876_LeafPhotoA_2025-09-09 17_04_03.852-05_00_0.png,2.25,1.8524379519111895
2216,1876_LeafPhotoA_2025-09-09 17_04_03.852-05_00_2.png,2.25,1.6226983018835532
2217,1876_LeafPhotoA_2025-09-09 17_04_03.852-05_00_1.png,2.25,1.892118237542953
2231,1405_LeafPhotoB_2025-09-08 10_00_01.542-05_00_3.png,1.5,1.7274101837140998
2232,1405_LeafPhotoB_2025-09-08 10_00_01.542-05_00_2.png,1.5,1.8086122891167051
2233,1405_LeafPhotoB_2025-09-08 10_00_01.542-05_00_1.png,1.5,1.776895710984598
2234,1405_LeafPhotoB_2025-09-08 10_00_01.542-05_00_0.png,1.5,1.9009243447229367
2263,1562_LeafPhotoA_2025-09-09 10_11_10.077-05_00_0.png,1.0,1.9084826878528136
2264,1562_LeafPhotoA_2025-09-09 10_11_10.077-05_00_1.png,1.0,1.7059489594150379
2265,1562_LeafPhotoA_2025-09-09 10_11_10.077-05_00_2.png,1.0,1.6611421409204394
2266,1562_LeafPhotoA_2025-09-09 10_11_10.077-05_00_3.png,1.0,1.6273116363689855
2268,5028_LeafPhotoA_2025-09-09 16_52_02.474-05_00_0.png,2.25,1.6619135851624711
2269,5028_LeafPhotoA_2025-09-09 16_52_02.474-05_00_1.png,2.25,1.689425034022241
2270,5028_LeafPhotoA_2025-09-09 16_52_02.474-05_00_2.png,2.25,1.7885003207281414
2271,5028_LeafPhotoA_2025-09-09 16_52_02.474-05_00_3.png,2.25,1.9473450965206955
2272,1659_LeafPhotoA_2025-09-09 10_11_01.636-05_00_0.png,1.5,1.574766083205687
2273,1659_LeafPhotoA_2025-09-09 10_11_01.636-05_00_1.png,1.5,1.6097841403092945
2274,1659_LeafPhotoA_2025-09-09 10_11_01.636-05_00_2.png,1.5,1.7453679220609024
2279,1479_LeafPhotoB_2025-09-08 16_43_30.857-05_00_3.png,1.75,2.066724749586341
2280,1479_LeafPhotoB_2025-09-08 16_43_30.857-05_00_2.png,1.75,2.136124727018235
2281,1479_LeafPhotoB_2025-09-08 16_43_30.857-05_00_1.png,1.75,1.9982659123037985
2282,1479_LeafPhotoB_2025-09-08 16_43_30.857-05_00_0.png,1.75,2.0311370792721526
2290,2090_LeafPhotoA_2025-09-08 12_27_18.336-05_00_0.png,1.0,1.8959850998781922
2291,2090_LeafPhotoA_2025-09-08 12_27_18.336-05_00_3.png,1.0,2.0187212356598736
2292,2090_LeafPhotoA_2025-09-08 12_27_18.336-05_00_2.png,1.0,1.980913665714341
2293,2090_LeafPhotoA_2025-09-08 12_27_18.336-05_00_1.png,1.0,1.9862944187413027
2314,2449_LeafPhotoB_2025-09-08 11_23_39.370-05_00_0.png,2.0,1.789960060602074
2315,2449_LeafPhotoB_2025-09-08 11_23_39.370-05_00_1.png,2.0,1.885705673702856
2316,2449_LeafPhotoB_2025-09-08 11_23_39.370-05_00_2.png,2.0,1.9783603257297508
2317,2449_LeafPhotoB_2025-09-08 11_23_39.370-05_00_3.png,2.0,2.004156550440499
2318,1187_LeafPhotoA_2025-09-08 16_03_30.325-05_00_2.png,2.0,1.686639078989731
2319,1187_LeafPhotoA_2025-09-08 16_03_30.325-05_00_3.png,2.0,1.728964968544581
2320,1187_LeafPhotoA_2025-09-08 16_03_30.325-05_00_0.png,2.0,1.6785860584714773
2321,1187_LeafPhotoA_2025-09-08 16_03_30.325-05_00_1.png,2.0,1.6552688639337851
2326,1600_LeafPhotoA_2025-09-09 10_22_37.520-05_00_0.png,2.0,1.7069452852104143
2327,1600_LeafPhotoA_2025-09-09 10_22_37.520-05_00_1.png,2.0,1.6917635833660771
2328,1600_LeafPhotoA_2025-09-09 10_22_37.520-05_00_2.png,2.0,1.687356785303028
2340,2078_LeafPhotoA_2025-09-08 12_14_10.635-05_00_0.png,2.75,1.7943550311581578
2341,2078_LeafPhotoA_2025-09-08 12_14_10.635-05_00_1.png,2.75,1.5798259873498
2342,2078_LeafPhotoA_2025-09-08 12_14_10.635-05_00_3.png,2.75,1.9553607149711427
2343,2078_LeafPhotoA_2025-09-08 12_14_10.635-05_00_2.png,2.75,1.8349059079143253
2356,2952_LeafPhotoA_2025-09-09 15_55_46.839-05_00_0.png,2.5,1.8766993201090592
2357,2952_LeafPhotoA_2025-09-09 15_55_46.839-05_00_1.png,2.5,1.800019378985952
2366,2541_LeafPhotoA_2025-09-09 10_40_27.804-05_00_0.png,1.75,1.9168017616628308
2367,2541_LeafPhotoA_2025-09-09 10_40_27.804-05_00_1.png,1.75,2.057064929318133
2368,2541_LeafPhotoA_2025-09-09 10_40_27.804-05_00_2.png,1.75,1.9718440992339388
2369,2541_LeafPhotoA_2025-09-09 10_40_27.804-05_00_3.png,1.75,2.0621573890317824
2409,1188_LeafPhotoA_2025-09-08 16_01_44.544-05_00_2.png,2.25,1.9386386518846976
2410,1188_LeafPhotoA_2025-09-08 16_01_44.544-05_00_1.png,2.25,1.7692169413551604
2411,1188_LeafPhotoA_2025-09-08 16_01_44.544-05_00_0.png,2.25,1.8801674065797045
2442,2114_LeafPhotoA_2025-09-08 11_14_43.534-05_00_1.png,1.75,1.9935529214588104
2443,2114_LeafPhotoA_2025-09-08 11_14_43.534-05_00_0.png,1.75,1.8558348014872679
2444,2114_LeafPhotoA_2025-09-08 11_14_43.534-05_00_3.png,1.75,2.162935329364426
2445,2114_LeafPhotoA_2025-09-08 11_14_43.534-05_00_2.png,1.75,2.2143617235125586
2450,2578_LeafPhotoA_2025-09-09 10_42_22.010-05_00_2.png,1.75,1.6450469840939066
2451,2578_LeafPhotoA_2025-09-09 10_42_22.010-05_00_0.png,1.75,1.7593947298911754
2452,2578_LeafPhotoA_2025-09-09 10_42_22.010-05_00_3.png,1.75,1.6360411051756203
2453,2578_LeafPhotoA_2025-09-09 10_42_22.010-05_00_1.png,1.75,1.719730034514151
2471,2649_LeafPhotoA_2025-09-09 11_26_00.362-05_00_3.png,2.25,1.865268899736849
2472,2649_LeafPhotoA_2025-09-09 11_26_00.362-05_00_0.png,2.25,1.9317571922938594
2473,2649_LeafPhotoA_2025-09-09 11_26_00.362-05_00_1.png,2.25,1.7752397093870824
2474,2649_LeafPhotoA_2025-09-09 11_26_00.362-05_00_2.png,2.25,1.8769022133186934
2479,1434_LeafPhotoB_2025-09-08 10_25_56.347-05_00_0.png,1.75,1.9224251827853225
2480,1434_LeafPhotoB_2025-09-08 10_25_56.347-05_00_3.png,1.75,2.0088572317882525
2481,1434_LeafPhotoB_2025-09-08 10_25_56.347-05_00_1.png,1.75,1.9842422416053052
2482,1434_LeafPhotoB_2025-09-08 10_25_56.347-05_00_2.png,1.75,2.0357232764252653
2486,2458_LeafPhotoB_2025-09-08 11_35_26.865-05_00_2.png,1.25,1.893012589820578
2487,2458_LeafPhotoB_2025-09-08 11_35_26.865-05_00_3.png,1.25,1.8690529517808698
2488,2458_LeafPhotoB_2025-09-08 11_35_26.865-05_00_1.png,1.25,1.8168625710670276
2489,2458_LeafPhotoB_2025-09-08 11_35_26.865-05_00_0.png,1.25,1.8237678067814955
2502,5011_LeafPhotoA_2025-09-09 16_15_48.428-05_00_3.png,1.75,1.7495393198589528
2503,5011_LeafPhotoA_2025-09-09 16_15_48.428-05_00_2.png,1.75,1.7751613862425948
2504,5011_LeafPhotoA_2025-09-09 16_15_48.428-05_00_0.png,1.75,1.6530113458496083
2505,5011_LeafPhotoA_2025-09-09 16_15_48.428-05_00_1.png,1.75,1.6403776885792658
2509,1916_LeafPhotoA_2025-09-09 14_55_34.742-05_00_1.png,2.25,1.6958752062055817
2510,1916_LeafPhotoA_2025-09-09 14_55_34.742-05_00_3.png,2.25,1.709528189144554
2511,1916_LeafPhotoA_2025-09-09 14_55_34.742-05_00_0.png,2.25,1.8585701643128107
2512,1916_LeafPhotoA_2025-09-09 14_55_34.742-05_00_2.png,2.25,1.7236334816445609
2523,2991_LeafPhotoA_2025-09-09 16_44_34.559-05_00_2.png,2.25,2.0903888895587484
2524,2991_LeafPhotoA_2025-09-09 16_44_34.559-05_00_1.png,2.25,2.124498528487391
2525,2991_LeafPhotoA_2025-09-09 16_44_34.559-05_00_0.png,2.25,1.9246435937468862
2526,2991_LeafPhotoA_2025-09-09 16_44_34.559-05_00_3.png,2.25,1.949544803018513
2527,2844_LeafPhotoA_2025-09-09 11_13_34.394-05_00_0.png,2.5,1.8511231035369007
2531,2722_LeafPhotoA_2025-09-09 10_43_28.841-05_00_2.png,3.5,2.1286874372160973
2532,2722_LeafPhotoA_2025-09-09 10_43_28.841-05_00_0.png,3.5,2.4158212608778724
2533,2722_LeafPhotoA_2025-09-09 10_43_28.841-05_00_1.png,3.5,2.1227447596129134
2538,2453_LeafPhotoB_2025-09-08 11_31_31.055-05_00_1.png,1.5,1.921023130238787
2539,2453_LeafPhotoB_2025-09-08 11_31_31.055-05_00_3.png,1.5,1.6576111311061115
2540,2453_LeafPhotoB_2025-09-08 11_31_31.055-05_00_0.png,1.5,1.879101764344135
2541,2453_LeafPhotoB_2025-09-08 11_31_31.055-05_00_2.png,1.5,1.6305250524624813
2555,1425_LeafPhotoA_2025-09-08 09_47_28.860-05_00_0.png,1.5,1.9115502596885494
2556,1425_LeafPhotoA_2025-09-08 09_47_28.860-05_00_2.png,1.5,2.0258637706127187
2557,1425_LeafPhotoA_2025-09-08 09_47_28.860-05_00_3.png,1.5,1.8908839761889267
2558,1425_LeafPhotoA_2025-09-08 09_47_28.860-05_00_1.png,1.5,1.8691631562223796
2571,,2.5,1.6126389604440095
2583,,1.25,1.6126389604440095
2588,2107_LeafPhotoA_2025-09-08 11_02_37.715-05_00_2.png,1.25,1.7510424612152544
2589,2107_LeafPhotoA_2025-09-08 11_02_37.715-05_00_1.png,1.25,1.7336271409726325
2590,2107_LeafPhotoA_2025-09-08 11_02_37.715-05_00_3.png,1.25,1.81196059235366
2591,2107_LeafPhotoA_2025-09-08 11_02_37.715-05_00_0.png,1.25,1.715895823971457
2670,2648_LeafPhotoA_2025-09-09 11_27_06.528-05_00_0.png,1.25,1.7183127276100998
2671,2648_LeafPhotoA_2025-09-09 11_27_06.528-05_00_1.png,1.25,1.711378839553013
2672,2648_LeafPhotoA_2025-09-09 11_27_06.528-05_00_2.png,1.25,1.8658966113033215
2673,2648_LeafPhotoA_2025-09-09 11_27_06.528-05_00_3.png,1.25,1.7071107258821427
2691,1500_LeafPhotoB_2025-09-08 12_25_38.479-05_00_3.png,1.75,1.9444212832486476
2692,1500_LeafPhotoB_2025-09-08 12_25_38.479-05_00_1.png,1.75,1.933481071918439
2693,1500_LeafPhotoB_2025-09-08 12_25_38.479-05_00_2.png,1.75,2.0104573013523246
2694,1500_LeafPhotoB_2025-09-08 12_25_38.479-05_00_0.png,1.75,2.0113976077416833
2723,1893_LeafPhotoA_2025-09-09 12_59_38.775-05_00_1.png,2.0,1.7625158470753959
2724,1893_LeafPhotoA_2025-09-09 12_59_38.775-05_00_0.png,2.0,1.7483441329321245
2725,1893_LeafPhotoA_2025-09-09 12_59_38.775-05_00_3.png,2.0,1.71200194471287
2726,1893_LeafPhotoA_2025-09-09 12_59_38.775-05_00_2.png,2.0,1.7449875969605202
2737,2893_LeafPhotoA_2025-09-09 13_59_49.093-05_00_0.png,2.25,1.7581188164771027
2738,2893_LeafPhotoA_2025-09-09 13_59_49.093-05_00_3.png,2.25,1.8061152967340355
2739,2893_LeafPhotoA_2025-09-09 13_59_49.093-05_00_1.png,2.25,1.8589089932819371
2740,2893_LeafPhotoA_2025-09-09 13_59_49.093-05_00_2.png,2.25,1.884950493302118
2745,2711_LeafPhotoA_2025-09-09 10_28_23.854-05_00_3.png,2.5,2.227272932731933
2746,2711_LeafPhotoA_2025-09-09 10_28_23.854-05_00_2.png,2.5,2.308016553988293
2747,2711_LeafPhotoA_2025-09-09 10_28_23.854-05_00_1.png,2.5,2.2244165977681494
2748,2711_LeafPhotoA_2025-09-09 10_28_23.854-05_00_0.png,2.5,2.0476867316362046
2758,1287_LeafPhotoA_2025-09-08 16_00_42.513-05_00_0.png,3.0,1.7229698396141284
2759,1287_LeafPhotoA_2025-09-08 16_00_42.513-05_00_1.png,3.0,1.8367349218293851
2760,1287_LeafPhotoA_2025-09-08 16_00_42.513-05_00_2.png,3.0,1.9555975685552403
2765,1427_LeafPhotoB_2025-09-08 10_20_17.635-05_00_3.png,2.25,2.097693535876697
2766,1427_LeafPhotoB_2025-09-08 10_20_17.635-05_00_2.png,2.25,2.302087595572215
2767,1427_LeafPhotoB_2025-09-08 10_20_17.635-05_00_1.png,2.25,2.1593888464785462
2768,1427_LeafPhotoB_2025-09-08 10_20_17.635-05_00_0.png,2.25,2.0109572225160472
2770,6044_LeafPhotoA_2025-09-09 16_03_00.837-05_00_0.png,1.5,1.776318827791631
2771,6044_LeafPhotoA_2025-09-09 16_03_00.837-05_00_2.png,1.5,1.7368549722537836
2772,6044_LeafPhotoA_2025-09-09 16_03_00.837-05_00_1.png,1.5,1.7779608179810418
2773,6044_LeafPhotoA_2025-09-09 16_03_00.837-05_00_3.png,1.5,1.719423512210023
2815,2090_LeafPhotoA_2025-09-08 12_27_42.323-05_00_1.png,1.25,2.0889592922100886
2816,2090_LeafPhotoA_2025-09-08 12_27_42.323-05_00_3.png,1.25,1.9263390212459988
2817,2090_LeafPhotoA_2025-09-08 12_27_42.323-05_00_0.png,1.25,2.110692765114036
2818,2090_LeafPhotoA_2025-09-08 12_27_42.323-05_00_2.png,1.25,1.8916046787655603
2841,,3.0,1.6126389604440095
2850,2210_LeafPhotoA_2025-09-08 11_00_04.684-05_00_0.png,1.25,1.7764409880128358
2851,2210_LeafPhotoA_2025-09-08 11_00_04.684-05_00_2.png,1.25,1.77739891410592
2852,2210_LeafPhotoA_2025-09-08 11_00_04.684-05_00_3.png,1.25,1.7452297286087566
2853,2210_LeafPhotoA_2025-09-08 11_00_04.684-05_00_1.png,1.25,1.6476711990830464
2904,1495_LeafPhotoB_2025-09-08 16_59_36.020-05_00_2.png,2.5,1.9447695916820231
2905,1495_LeafPhotoB_2025-09-08 16_59_36.020-05_00_0.png,2.5,1.7424546134617114
2906,1495_LeafPhotoB_2025-09-08 16_59_36.020-05_00_3.png,2.5,2.015268120686233
2907,1495_LeafPhotoB_2025-09-08 16_59_36.020-05_00_1.png,2.5,1.879748553837214
2912,5030_LeafPhotoA_2025-09-09 16_55_05.294-05_00_0.png,1.25,1.5716263914386364
2913,5030_LeafPhotoA_2025-09-09 16_55_05.294-05_00_1.png,1.25,1.7995101448541266
2914,5030_LeafPhotoA_2025-09-09 16_55_05.294-05_00_2.png,1.25,1.660447616349669
2915,5030_LeafPhotoA_2025-09-09 16_55_05.294-05_00_3.png,1.25,1.6195449920521523
2920,2524_LeafPhotoA_2025-09-09 10_21_34.620-05_00_3.png,1.5,1.941431459455795
2921,2524_LeafPhotoA_2025-09-09 10_21_34.620-05_00_1.png,1.5,2.1455212052806263
2922,2524_LeafPhotoA_2025-09-09 10_21_34.620-05_00_0.png,1.5,2.0348401811721883
2923,2524_LeafPhotoA_2025-09-09 10_21_34.620-05_00_2.png,1.5,1.9980580880046694
2928,1576_LeafPhotoA_2025-09-09 09_52_40.800-05_00_0.png,2.0,1.7509992892545623
2929,1576_LeafPhotoA_2025-09-09 09_52_40.800-05_00_1.png,2.0,1.7911153905393826
2934,2715_LeafPhotoA_2025-09-09 10_34_25.383-05_00_1.png,3.25,2.11080485162144
2935,2715_LeafPhotoA_2025-09-09 10_34_25.383-05_00_3.png,3.25,1.8214252884561153
2936,2715_LeafPhotoA_2025-09-09 10_34_25.383-05_00_2.png,3.25,1.9630409021528652
2937,2715_LeafPhotoA_2025-09-09 10_34_25.383-05_00_0.png,3.25,1.9503340274102297
2938,2386_LeafPhotoA_2025-09-08 11_57_13.953-05_00_1.png,1.5,1.7068298527788541
2939,2386_LeafPhotoA_2025-09-08 11_57_13.953-05_00_0.png,1.5,1.8257188022568236
2944,5036_LeafPhotoA_2025-09-09 17_09_44.541-05_00_0.png,1.5,1.6938346818555428
2945,5036_LeafPhotoA_2025-09-09 17_09_44.541-05_00_3.png,1.5,1.7529102656284943
2946,5036_LeafPhotoA_2025-09-09 17_09_44.541-05_00_1.png,1.5,1.6596427129922555
2947,5036_LeafPhotoA_2025-09-09 17_09_44.541-05_00_2.png,1.5,1.8432556841244203
2956,2256_LeafPhotoA_2025-09-08 12_24_33.115-05_00_1.png,2.0,1.9210129723916012
2957,2256_LeafPhotoA_2025-09-08 12_24_33.115-05_00_2.png,2.0,2.1313106993008057
2958,2256_LeafPhotoA_2025-09-08 12_24_33.115-05_00_0.png,2.0,1.8269419592678349
2959,2256_LeafPhotoA_2025-09-08 12_24_33.115-05_00_3.png,2.0,1.758382084155739
2976,2386_LeafPhotoA_2025-09-08 11_56_54.323-05_00_2.png,1.25,1.7021812521293105
2977,2386_LeafPhotoA_2025-09-08 11_56_54.323-05_00_3.png,1.25,1.8346696156695796
2978,2386_LeafPhotoA_2025-09-08 11_56_54.323-05_00_0.png,1.25,1.791925143086616
2979,2386_LeafPhotoA_2025-09-08 11_56_54.323-05_00_1.png,1.25,1.6484820797094548
2995,1943_LeafPhotoA_2025-09-09 16_00_56.560-05_00_1.png,1.5,1.8954402850197385
2996,1943_LeafPhotoA_2025-09-09 16_00_56.560-05_00_3.png,1.5,1.9668773783849136
2997,1943_LeafPhotoA_2025-09-09 16_00_56.560-05_00_2.png,1.5,1.7761673379805418
2998,1943_LeafPhotoA_2025-09-09 16_00_56.560-05_00_0.png,1.5,1.9115236702125478
2999,1360_LeafPhotoA_2025-09-08 12_40_13.454-05_00_0.png,2.0,1.713498617814549
3000,1360_LeafPhotoA_2025-09-08 12_40_13.454-05_00_1.png,2.0,1.7237606964248553
3001,1360_LeafPhotoA_2025-09-08 12_40_13.454-05_00_2.png,2.0,1.8317150770867627
3002,1360_LeafPhotoA_2025-09-08 12_40_13.454-05_00_3.png,2.0,1.7229814987805017
3030,1180_LeafPhotoA_2025-09-08 16_15_29.779-05_00_2.png,2.0,1.9951475886071597
3031,1180_LeafPhotoA_2025-09-08 16_15_29.779-05_00_3.png,2.0,1.9504975146690142
3032,1180_LeafPhotoA_2025-09-08 16_15_29.779-05_00_1.png,2.0,1.890849134271893
3033,1180_LeafPhotoA_2025-09-08 16_15_29.779-05_00_0.png,2.0,1.8373575723341966
3048,2204_LeafPhotoA_2025-09-08 10_51_32.424-05_00_0.png,1.0,1.5914241217038354
3049,2204_LeafPhotoA_2025-09-08 10_51_32.424-05_00_1.png,1.0,1.5775326964299246
3050,2204_LeafPhotoA_2025-09-08 10_51_32.424-05_00_2.png,1.0,1.643076101050812
3051,2204_LeafPhotoA_2025-09-08 10_51_32.424-05_00_3.png,1.0,1.6899448179985888
3052,2253_LeafPhotoA_2025-09-08 12_18_44.610-05_00_0.png,1.25,1.7011419801012964
3053,2253_LeafPhotoA_2025-09-08 12_18_44.610-05_00_1.png,1.25,1.6010551137928848
3054,2253_LeafPhotoA_2025-09-08 12_18_44.610-05_00_3.png,1.25,1.6628258731239098
3055,2253_LeafPhotoA_2025-09-08 12_18_44.610-05_00_2.png,1.25,1.7041749107593356
3132,2197_LeafPhotoA_2025-09-08 17_08_13.372-05_00_0.png,1.5,1.8974829650819283
3145,2097_LeafPhotoA_2025-09-08 12_34_03.075-05_00_2.png,2.0,2.0009367504968787
3146,2097_LeafPhotoA_2025-09-08 12_34_03.075-05_00_3.png,2.0,2.0534955351558475
3147,2097_LeafPhotoA_2025-09-08 12_34_03.075-05_00_1.png,2.0,2.049267636129295
3148,2097_LeafPhotoA_2025-09-08 12_34_03.075-05_00_0.png,2.0,1.9268601380787818
3149,1121_LeafPhotoA_2025-09-08 10_06_53.769-05_00_2.png,3.0,1.7098031644353235
3150,1121_LeafPhotoA_2025-09-08 10_06_53.769-05_00_1.png,3.0,1.8080850098702141
3151,1121_LeafPhotoA_2025-09-08 10_06_53.769-05_00_0.png,3.0,1.830240131310471
3152,1121_LeafPhotoA_2025-09-08 10_06_53.769-05_00_3.png,3.0,1.8179505257196589
3202,2648_LeafPhotoA_2025-09-09 11_26_52.423-05_00_0.png,1.75,1.6906410215937004
3203,2648_LeafPhotoA_2025-09-09 11_26_52.423-05_00_2.png,1.75,1.7819910433120691
3204,2648_LeafPhotoA_2025-09-09 11_26_52.423-05_00_1.png,1.75,2.0862442761070756
3205,2648_LeafPhotoA_2025-09-09 11_26_52.423-05_00_3.png,1.75,1.698687704677934
3207,2178_LeafPhotoA_2025-09-09 12_22_12.377-05_00_0.png,2.0,2.1386503831941637
3208,2178_LeafPhotoA_2025-09-09 12_22_12.377-05_00_3.png,2.0,1.9409193649152159
3209,2178_LeafPhotoA_2025-09-09 12_22_12.377-05_00_1.png,2.0,2.1450589216962075
3210,2178_LeafPhotoA_2025-09-09 12_22_12.377-05_00_2.png,2.0,2.030101379499091
3215,1963_LeafPhotoA_2025-09-09 17_19_17.230-05_00_0.png,1.5,1.9109032037229847
3216,1963_LeafPhotoA_2025-09-09 17_19_17.230-05_00_1.png,1.5,2.0000904354664533
3217,1963_LeafPhotoA_2025-09-09 17_19_17.230-05_00_2.png,1.5,2.0749529801835713
3232,2394_LeafPhotoA_2025-09-08 12_19_48.103-05_00_1.png,3.25,1.971810532861049
3233,2394_LeafPhotoA_2025-09-08 12_19_48.103-05_00_2.png,3.25,1.9174482525934269
3234,2394_LeafPhotoA_2025-09-08 12_19_48.103-05_00_3.png,3.25,2.032238156274198
3235,2394_LeafPhotoA_2025-09-08 12_19_48.103-05_00_0.png,3.25,1.9734715153858438
3236,1916_LeafPhotoA_2025-09-09 14_56_01.187-05_00_0.png,1.75,2.117895415407608
3237,1916_LeafPhotoA_2025-09-09 14_56_01.187-05_00_2.png,1.75,1.9923420542950359
3238,1916_LeafPhotoA_2025-09-09 14_56_01.187-05_00_3.png,1.75,2.151453138414574
3239,1916_LeafPhotoA_2025-09-09 14_56_01.187-05_00_1.png,1.75,2.1513115531900477
3244,,2.75,1.6126389604440095
3245,2224_LeafPhotoA_2025-09-08 11_25_14.126-05_00_0.png,2.5,1.7258508253496183
3246,2224_LeafPhotoA_2025-09-08 11_25_14.126-05_00_1.png,2.5,1.7716382581946006
3247,2224_LeafPhotoA_2025-09-08 11_25_14.126-05_00_2.png,2.5,1.6721777248929797
3248,2224_LeafPhotoA_2025-09-08 11_25_14.126-05_00_3.png,2.5,1.844524545914399
3299,2149_LeafPhotoA_2025-09-08 12_20_25.908-05_00_3.png,1.5,2.1147897083137033
3300,2149_LeafPhotoA_2025-09-08 12_20_25.908-05_00_0.png,1.5,2.058824533770271
3301,2149_LeafPhotoA_2025-09-08 12_20_25.908-05_00_2.png,1.5,1.849591724058697
3302,2149_LeafPhotoA_2025-09-08 12_20_25.908-05_00_1.png,1.5,1.8195368944820978
3306,2656_LeafPhotoA_2025-09-09 11_29_51.657-05_00_0.png,2.5,1.920303589893241
3315,2451_LeafPhotoB_2025-09-08 11_29_15.932-05_00_3.png,2.0,2.0859581190975316
3316,2451_LeafPhotoB_2025-09-08 11_29_15.932-05_00_2.png,2.0,2.1046504090822884
3317,2451_LeafPhotoB_2025-09-08 11_29_15.932-05_00_0.png,2.0,1.9149463919763485
3318,2451_LeafPhotoB_2025-09-08 11_29_15.932-05_00_1.png,2.0,1.9970256266405144
3344,1272_LeafPhotoA_2025-09-08 16_14_44.397-05_00_0.png,2.25,1.8293165621613412
3345,1272_LeafPhotoA_2025-09-08 16_14_44.397-05_00_1.png,2.25,2.0412533750917565
3346,1272_LeafPhotoA_2025-09-08 16_14_44.397-05_00_2.png,2.25,2.0676947565302335
3347,1272_LeafPhotoA_2025-09-08 16_14_44.397-05_00_3.png,2.25,1.9693701463681865
3355,6027_LeafPhotoA_2025-09-09 16_33_32.836-05_00_3.png,2.0,1.8259956734307803
3356,6027_LeafPhotoA_2025-09-09 16_33_32.836-05_00_1.png,2.0,1.9725930110185879
3357,6027_LeafPhotoA_2025-09-09 16_33_32.836-05_00_2.png,2.0,2.052917873533791
3358,6027_LeafPhotoA_2025-09-09 16_33_32.836-05_00_0.png,2.0,1.7383067007798194
3389,2238_LeafPhotoA_2025-09-08 11_44_44.603-05_00_0.png,2.5,1.946855441534247
3390,2238_LeafPhotoA_2025-09-08 11_44_44.603-05_00_1.png,2.5,1.899589109930103
3391,2238_LeafPhotoA_2025-09-08 11_44_44.603-05_00_2.png,2.5,1.881341792961241
3392,2238_LeafPhotoA_2025-09-08 11_44_44.603-05_00_3.png,2.5,2.008669752525596
3393,1950_LeafPhotoA_2025-09-09 16_09_30.048-05_00_1.png,1.5,1.7926803589950944
3394,1950_LeafPhotoA_2025-09-09 16_09_30.048-05_00_0.png,1.5,1.790131103673109
3395,1950_LeafPhotoA_2025-09-09 16_09_30.048-05_00_2.png,1.5,1.6765522249253249
3409,1381_LeafPhotoA_2025-09-08 13_01_59.229-05_00_1.png,2.25,1.8905675035694876
3410,1381_LeafPhotoA_2025-09-08 13_01_59.229-05_00_2.png,2.25,1.821669090648773
3411,1381_LeafPhotoA_2025-09-08 13_01_59.229-05_00_3.png,2.25,1.7828318061850859
3412,1381_LeafPhotoA_2025-09-08 13_01_59.229-05_00_0.png,2.25,1.987129632646443
3445,6044_LeafPhotoA_2025-09-09 16_03_43.942-05_00_0.png,1.5,1.7345061394855679
3446,6044_LeafPhotoA_2025-09-09 16_03_43.942-05_00_1.png,1.5,1.724754224482628
3447,6044_LeafPhotoA_2025-09-09 16_03_43.942-05_00_3.png,1.5,1.7146848726514832
3448,6044_LeafPhotoA_2025-09-09 16_03_43.942-05_00_2.png,1.5,1.974265258212879
3469,1926_LeafPhotoA_2025-09-09 15_19_00.799-05_00_0.png,1.5,2.010306669570431
3470,1926_LeafPhotoA_2025-09-09 15_19_00.799-05_00_1.png,1.5,1.8354791608581147
3471,1926_LeafPhotoA_2025-09-09 15_19_00.799-05_00_2.png,1.5,1.645023072118368
3472,1926_LeafPhotoA_2025-09-09 15_19_00.799-05_00_3.png,1.5,1.7751148912093677
3505,2498_LeafPhotoB_2025-09-08 12_22_17.705-05_00_0.png,1.5,1.7938312339105686
3506,2498_LeafPhotoB_2025-09-08 12_22_17.705-05_00_2.png,1.5,1.910595968176562
3507,2498_LeafPhotoB_2025-09-08 12_22_17.705-05_00_1.png,1.5,1.9072896125645613
3508,2498_LeafPhotoB_2025-09-08 12_22_17.705-05_00_3.png,1.5,1.8682319237833473
3509,2150_LeafPhotoA_2025-09-08 12_22_44.950-05_00_3.png,1.75,2.0155239356446786
3510,2150_LeafPhotoA_2025-09-08 12_22_44.950-05_00_2.png,1.75,2.0385487058521123
3511,2150_LeafPhotoA_2025-09-08 12_22_44.950-05_00_0.png,1.75,1.8580345764983333
3512,2150_LeafPhotoA_2025-09-08 12_22_44.950-05_00_1.png,1.75,1.9530138486787345
3525,1298_LeafPhotoA_2025-09-08 15_47_21.277-05_00_0.png,2.25,1.823628469391109
3526,1298_LeafPhotoA_2025-09-08 15_47_21.277-05_00_1.png,2.25,1.7866226646389092
3527,1298_LeafPhotoA_2025-09-08 15_47_21.277-05_00_2.png,2.25,1.780056069540517
3528,1298_LeafPhotoA_2025-09-08 15_47_21.277-05_00_3.png,2.25,1.9282324322376334
3537,1865_LeafPhotoA_2025-09-09 13_31_46.367-05_00_0.png,1.5,1.9315494493225
3538,1865_LeafPhotoA_2025-09-09 13_31_46.367-05_00_1.png,1.5,2.0048348133097575
3539,1865_LeafPhotoA_2025-09-09 13_31_46.367-05_00_3.png,1.5,1.9651391171581043
3540,1865_LeafPhotoA_2025-09-09 13_31_46.367-05_00_2.png,1.5,1.971214806350823
3542,2084_LeafPhotoA_2025-09-08 12_20_48.194-05_00_1.png,2.25,1.9789845909137949
3543,2084_LeafPhotoA_2025-09-08 12_20_48.194-05_00_3.png,2.25,1.9875046720283396
3544,2084_LeafPhotoA_2025-09-08 12_20_48.194-05_00_2.png,2.25,2.012535968065841
3545,2084_LeafPhotoA_2025-09-08 12_20_48.194-05_00_0.png,2.25,1.9025361808558794
18,1887_LeafPhotoA_2025-09-09 17_12_27.474-05_00_1.png,1.75,1.9182931397686747
19,1887_LeafPhotoA_2025-09-09 17_12_27.474-05_00_2.png,1.75,2.022303178256642
20,1887_LeafPhotoA_2025-09-09 17_12_27.474-05_00_0.png,1.75,1.8560704841039577
42,1900_LeafPhotoA_2025-09-09 13_45_59.573-05_00_2.png,2.5,1.7417070496676867
43,1900_LeafPhotoA_2025-09-09 13_45_59.573-05_00_1.png,2.5,1.8465684574807173
44,1900_LeafPhotoA_2025-09-09 13_45_59.573-05_00_0.png,2.5,1.7155684535904518
45,1900_LeafPhotoA_2025-09-09 13_45_59.573-05_00_3.png,2.5,1.7088481854792223
85,1411_LeafPhotoA_2025-09-08 09_32_24.163-05_00_0.png,1.5,1.7196547098278154
86,1411_LeafPhotoA_2025-09-08 09_32_24.163-05_00_1.png,1.5,1.8195821247989508
87,1411_LeafPhotoA_2025-09-08 09_32_24.163-05_00_2.png,1.5,1.8396500351415352
88,1411_LeafPhotoA_2025-09-08 09_32_24.163-05_00_3.png,1.5,1.7557669247985754
103,2010_LeafPhotoA_2025-09-08 10_43_56.742-05_00_0.png,2.0,1.9501030875715557
104,2010_LeafPhotoA_2025-09-08 10_43_56.742-05_00_1.png,2.0,1.9016541247629448
105,2010_LeafPhotoA_2025-09-08 10_43_56.742-05_00_3.png,2.0,1.6227368941097162
106,2010_LeafPhotoA_2025-09-08 10_43_56.742-05_00_2.png,2.0,1.9096113300506656
110,1202_LeafPhotoA_2025-09-08 10_45_39.926-05_00_0.png,1.0,1.8434050035509615
111,1202_LeafPhotoA_2025-09-08 10_45_39.926-05_00_3.png,1.0,1.7897214478444874
112,1202_LeafPhotoA_2025-09-08 10_45_39.926-05_00_1.png,1.0,1.8063115374732661
113,1202_LeafPhotoA_2025-09-08 10_45_39.926-05_00_2.png,1.0,1.830497695354288
114,1594_LeafPhotoA_2025-09-09 09_32_04.545-05_00_0.png,2.5,1.9116985795959294
115,1594_LeafPhotoA_2025-09-09 09_32_04.545-05_00_1.png,2.5,2.0497701336371623
116,1594_LeafPhotoA_2025-09-09 09_32_04.545-05_00_2.png,2.5,2.079908321823087
117,1594_LeafPhotoA_2025-09-09 09_32_04.545-05_00_3.png,2.5,1.9493581625162844
144,2344_LeafPhotoA_2025-09-08 11_12_07.490-05_00_2.png,1.75,1.8855244912842133
145,2344_LeafPhotoA_2025-09-08 11_12_07.490-05_00_0.png,1.75,1.8201254719464603
146,2344_LeafPhotoA_2025-09-08 11_12_07.490-05_00_1.png,1.75,1.819699578500275
147,2344_LeafPhotoA_2025-09-08 11_12_07.490-05_00_3.png,1.75,1.9548136337279742
163,1011_LeafPhotoA_2025-09-08 09_43_02.719-05_00_0.png,2.5,2.2105783866855004
164,1011_LeafPhotoA_2025-09-08 09_43_02.719-05_00_1.png,2.5,2.1621155172871522
165,1011_LeafPhotoA_2025-09-08 09_43_02.719-05_00_2.png,2.5,2.017970990571765
166,1011_LeafPhotoA_2025-09-08 09_43_02.719-05_00_3.png,2.5,2.011901053741527
214,2144_LeafPhotoA_2025-09-08 12_08_32.877-05_00_0.png,1.5,1.8204423333844417
215,2144_LeafPhotoA_2025-09-08 12_08_32.877-05_00_1.png,1.5,1.847019525939477
216,2144_LeafPhotoA_2025-09-08 12_08_32.877-05_00_2.png,1.5,1.840083170151573
217,2144_LeafPhotoA_2025-09-08 12_08_32.877-05_00_3.png,1.5,1.8442127049601051
222,1411_LeafPhotoA_2025-09-08 09_32_12.507-05_00_0.png,1.5,1.8959169473229167
223,1411_LeafPhotoA_2025-09-08 09_32_12.507-05_00_1.png,1.5,1.7935927644793486
224,1411_LeafPhotoA_2025-09-08 09_32_12.507-05_00_2.png,1.5,1.8014708104221102
225,1411_LeafPhotoA_2025-09-08 09_32_12.507-05_00_3.png,1.5,1.693182909473943
230,1783_LeafPhotoA_2025-09-09 09_32_23.737-05_00_0.png,1.75,2.073738899774118
231,1783_LeafPhotoA_2025-09-09 09_32_23.737-05_00_1.png,1.75,2.2906204346653642
232,1783_LeafPhotoA_2025-09-09 09_32_23.737-05_00_2.png,1.75,2.14815519519556
233,1783_LeafPhotoA_2025-09-09 09_32_23.737-05_00_3.png,1.75,2.049393575329199
238,,1.25,1.7403885603573968
257,1811_LeafPhotoA_2025-09-09 09_06_09.841-05_00_1.png,1.25,1.9503176415665429
258,1811_LeafPhotoA_2025-09-09 09_06_09.841-05_00_0.png,1.25,1.9536329113299409
259,1811_LeafPhotoA_2025-09-09 09_06_09.841-05_00_2.png,1.25,1.9539588309142044
268,,2.5,1.7403885603573968
269,1197_LeafPhotoA_2025-09-08 15_42_33.635-05_00_0.png,1.25,2.0485002479648626
270,1197_LeafPhotoA_2025-09-08 15_42_33.635-05_00_1.png,1.25,2.064014050630256
271,1197_LeafPhotoA_2025-09-08 15_42_33.635-05_00_2.png,1.25,1.8447109512743307
272,1197_LeafPhotoA_2025-09-08 15_42_33.635-05_00_3.png,1.25,2.0561210218834383
277,2173_LeafPhotoA_2025-09-09 12_14_23.103-05_00_0.png,2.0,1.9797966474999753
278,2173_LeafPhotoA_2025-09-09 12_14_23.103-05_00_1.png,2.0,2.180582569888078
279,2173_LeafPhotoA_2025-09-09 12_14_23.103-05_00_2.png,2.0,2.0847437586090574
280,2173_LeafPhotoA_2025-09-09 12_14_23.103-05_00_3.png,2.0,2.061120389754133
301,1383_LeafPhotoA_2025-09-08 13_02_56.131-05_00_1.png,1.5,1.5968551703915592
302,1383_LeafPhotoA_2025-09-08 13_02_56.131-05_00_2.png,1.5,1.7481146761412816
303,1383_LeafPhotoA_2025-09-08 13_02_56.131-05_00_0.png,1.5,1.705714284081931
304,1383_LeafPhotoA_2025-09-08 13_02_56.131-05_00_3.png,1.5,1.860402417357647
320,2597_LeafPhotoA_2025-09-09 10_25_59.565-05_00_2.png,1.75,1.6113528827352246
321,2597_LeafPhotoA_2025-09-09 10_25_59.565-05_00_0.png,1.75,1.5839200842533376
322,2597_LeafPhotoA_2025-09-09 10_25_59.565-05_00_1.png,1.75,1.6085858735240492
323,2597_LeafPhotoA_2025-09-09 10_25_59.565-05_00_3.png,1.75,1.6676525031918445
340,6013_LeafPhotoA_2025-09-09 16_55_44.021-05_00_0.png,1.25,1.7441328397466285
341,6013_LeafPhotoA_2025-09-09 16_55_44.021-05_00_1.png,1.25,1.9171008211237512
342,6013_LeafPhotoA_2025-09-09 16_55_44.021-05_00_3.png,1.25,1.6069654417716897
343,6013_LeafPhotoA_2025-09-09 16_55_44.021-05_00_2.png,1.25,1.5539706468255485
352,1585_LeafPhotoA_2025-09-09 09_39_14.646-05_00_0.png,3.75,1.9632193988998736
353,1585_LeafPhotoA_2025-09-09 09_39_14.646-05_00_1.png,3.75,1.8001822700594456
354,1585_LeafPhotoA_2025-09-09 09_39_14.646-05_00_2.png,3.75,1.808088980472035
355,1585_LeafPhotoA_2025-09-09 09_39_14.646-05_00_3.png,3.75,1.85332730723063
356,1072_LeafPhotoA_2025-09-08 13_03_29.236-05_00_0.png,2.5,1.597009168480567
357,1072_LeafPhotoA_2025-09-08 13_03_29.236-05_00_1.png,2.5,1.6925609192458193
358,1072_LeafPhotoA_2025-09-08 13_03_29.236-05_00_2.png,2.5,2.00016406689366
359,1072_LeafPhotoA_2025-09-08 13_03_29.236-05_00_3.png,2.5,1.7157713941907635
391,2163_LeafPhotoA_2025-09-09 11_54_54.715-05_00_0.png,3.25,1.967620418233081
392,2163_LeafPhotoA_2025-09-09 11_54_54.715-05_00_1.png,3.25,1.8898831165112724
393,2163_LeafPhotoA_2025-09-09 11_54_54.715-05_00_2.png,3.25,1.9865309904368298
394,2163_LeafPhotoA_2025-09-09 11_54_54.715-05_00_3.png,3.25,2.026631877963586
400,1648_LeafPhotoA_2025-09-09 10_44_29.803-05_00_0.png,1.75,1.9121185603612083
401,1648_LeafPhotoA_2025-09-09 10_44_29.803-05_00_1.png,1.75,2.1198640912791107
402,1648_LeafPhotoA_2025-09-09 10_44_29.803-05_00_2.png,1.75,1.9836589233497708
403,1648_LeafPhotoA_2025-09-09 10_44_29.803-05_00_3.png,1.75,1.9759892296949906
418,1615_LeafPhotoA_2025-09-09 09_39_37.565-05_00_1.png,2.0,2.031879681956707
419,1615_LeafPhotoA_2025-09-09 09_39_37.565-05_00_2.png,2.0,1.9275969434869396
420,1615_LeafPhotoA_2025-09-09 09_39_37.565-05_00_3.png,2.0,1.9134871396837696
421,1615_LeafPhotoA_2025-09-09 09_39_37.565-05_00_0.png,2.0,2.106871936533592
426,2765_LeafPhotoA_2025-09-09 16_06_20.833-05_00_0.png,1.75,1.6855246426179802
427,2765_LeafPhotoA_2025-09-09 16_06_20.833-05_00_1.png,1.75,1.6834491699042047
428,2765_LeafPhotoA_2025-09-09 16_06_20.833-05_00_2.png,1.75,1.7455144325636416
429,2765_LeafPhotoA_2025-09-09 16_06_20.833-05_00_3.png,1.75,1.7404305343698503
440,1702_LeafPhotoA_2025-09-09 10_12_23.395-05_00_0.png,3.0,1.8133089383647498
441,1702_LeafPhotoA_2025-09-09 10_12_23.395-05_00_3.png,3.0,1.7841126326964647
442,1702_LeafPhotoA_2025-09-09 10_12_23.395-05_00_1.png,3.0,2.0340671693502554
443,1702_LeafPhotoA_2025-09-09 10_12_23.395-05_00_2.png,3.0,1.9030386571176305
451,5008_LeafPhotoA_2025-09-09 16_06_40.356-05_00_3.png,1.25,1.6013342034387283
452,5008_LeafPhotoA_2025-09-09 16_06_40.356-05_00_1.png,1.25,1.865705330693612
453,5008_LeafPhotoA_2025-09-09 16_06_40.356-05_00_2.png,1.25,1.9235838370503024
454,5008_LeafPhotoA_2025-09-09 16_06_40.356-05_00_0.png,1.25,1.6924029171064885
459,1159_LeafPhotoA_2025-09-08 16_47_54.035-05_00_1.png,1.25,1.8400531509576594
460,1159_LeafPhotoA_2025-09-08 16_47_54.035-05_00_2.png,1.25,1.897587767991007
461,1159_LeafPhotoA_2025-09-08 16_47_54.035-05_00_0.png,1.25,2.0059349633854318
462,1159_LeafPhotoA_2025-09-08 16_47_54.035-05_00_3.png,1.25,1.9751953479191422
467,1022_LeafPhotoA_2025-09-08 09_57_30.921-05_00_0.png,1.5,1.8242033381793306
468,1022_LeafPhotoA_2025-09-08 09_57_30.921-05_00_1.png,1.5,1.9249112849856007
469,1022_LeafPhotoA_2025-09-08 09_57_30.921-05_00_2.png,1.5,2.170716723131099
470,1022_LeafPhotoA_2025-09-08 09_57_30.921-05_00_3.png,1.5,2.304204364228288
471,1099_LeafPhotoA_2025-09-08 12_38_29.235-05_00_3.png,1.25,1.7093830041258082
472,1099_LeafPhotoA_2025-09-08 12_38_29.235-05_00_2.png,1.25,1.6324676553035564
473,1099_LeafPhotoA_2025-09-08 12_38_29.235-05_00_0.png,1.25,1.9403270387767668
474,1099_LeafPhotoA_2025-09-08 12_38_29.235-05_00_1.png,1.25,1.8009782542448962
475,2189_LeafPhotoA_2025-09-08 17_18_50.308-05_00_0.png,1.5,1.8667225515108257
476,2189_LeafPhotoA_2025-09-08 17_18_50.308-05_00_1.png,1.5,1.828336226520727
477,2189_LeafPhotoA_2025-09-08 17_18_50.308-05_00_2.png,1.5,1.946560433945194
478,2189_LeafPhotoA_2025-09-08 17_18_50.308-05_00_3.png,1.5,1.9927278497404532
494,2068_LeafPhotoA_2025-09-08 12_02_55.291-05_00_1.png,1.25,1.9780640681866624
495,2068_LeafPhotoA_2025-09-08 12_02_55.291-05_00_0.png,1.25,1.864375347580105
496,2068_LeafPhotoA_2025-09-08 12_02_55.291-05_00_2.png,1.25,1.9005405630687895
497,2068_LeafPhotoA_2025-09-08 12_02_55.291-05_00_3.png,1.25,2.071338318393853
498,1641_LeafPhotoA_2025-09-09 10_30_20.507-05_00_1.png,1.0,1.7531867105619185
499,1641_LeafPhotoA_2025-09-09 10_30_20.507-05_00_2.png,1.0,1.7155269920285994
500,1641_LeafPhotoA_2025-09-09 10_30_20.507-05_00_0.png,1.0,1.7721517471136645
501,6013_LeafPhotoA_2025-09-09 16_56_02.230-05_00_1.png,1.25,1.6255979509718887
502,6013_LeafPhotoA_2025-09-09 16_56_02.230-05_00_2.png,1.25,1.8785025496720658
503,6013_LeafPhotoA_2025-09-09 16_56_02.230-05_00_3.png,1.25,1.89336289336309
504,6013_LeafPhotoA_2025-09-09 16_56_02.230-05_00_0.png,1.25,1.627435595968466
548,2314_LeafPhotoA_2025-09-08 10_42_26.409-05_00_0.png,1.0,1.6234456016026142
549,2314_LeafPhotoA_2025-09-08 10_42_26.409-05_00_2.png,1.0,1.7000153961428148
550,2314_LeafPhotoA_2025-09-08 10_42_26.409-05_00_1.png,1.0,1.6484452468594801
559,2347_LeafPhotoA_2025-09-08 11_14_48.020-05_00_1.png,1.5,1.9346237395215722
560,2347_LeafPhotoA_2025-09-08 11_14_48.020-05_00_0.png,1.5,1.8603429307633892
569,1445_LeafPhotoB_2025-09-08 10_34_39.346-05_00_1.png,1.75,1.9555644429838615
570,1445_LeafPhotoB_2025-09-08 10_34_39.346-05_00_0.png,1.75,1.8197995274459675
571,1445_LeafPhotoB_2025-09-08 10_34_39.346-05_00_2.png,1.75,2.0033966919572084
572,1445_LeafPhotoB_2025-09-08 10_34_39.346-05_00_3.png,1.75,1.839692031939829
589,2429_LeafPhotoB_2025-09-08 11_05_20.910-05_00_2.png,2.5,1.9048256809853041
590,2429_LeafPhotoB_2025-09-08 11_05_20.910-05_00_1.png,2.5,2.0195068742505144
591,2429_LeafPhotoB_2025-09-08 11_05_20.910-05_00_0.png,2.5,1.9606798263347085
592,2429_LeafPhotoB_2025-09-08 11_05_20.910-05_00_3.png,2.5,2.003246626494957
597,2974_LeafPhotoA_2025-09-09 16_23_04.095-05_00_0.png,3.25,1.8812995081879453
598,2974_LeafPhotoA_2025-09-09 16_23_04.095-05_00_2.png,3.25,1.9767071461940717
599,2974_LeafPhotoA_2025-09-09 16_23_04.095-05_00_3.png,3.25,2.036506454229303
600,2974_LeafPhotoA_2025-09-09 16_23_04.095-05_00_1.png,3.25,2.0716505257540216
627,1413_LeafPhotoA_2025-09-08 09_35_26.834-05_00_0.png,1.75,1.6928867971943022
628,1413_LeafPhotoA_2025-09-08 09_35_26.834-05_00_1.png,1.75,1.6065523067699212
629,1413_LeafPhotoA_2025-09-08 09_35_26.834-05_00_2.png,1.75,1.6285107161258754
630,1413_LeafPhotoA_2025-09-08 09_35_26.834-05_00_3.png,1.75,1.6171180138056698
639,6017_LeafPhotoA_2025-09-09 16_48_02.296-05_00_1.png,1.75,1.8158868623448507
640,6017_LeafPhotoA_2025-09-09 16_48_02.296-05_00_0.png,1.75,1.8332382347721932
641,6017_LeafPhotoA_2025-09-09 16_48_02.296-05_00_3.png,1.75,1.7596904511789393
642,6017_LeafPhotoA_2025-09-09 16_48_02.296-05_00_2.png,1.75,1.7990460967575066
667,1619_LeafPhotoA_2025-09-09 09_49_42.512-05_00_0.png,1.75,1.848728283264831
668,1619_LeafPhotoA_2025-09-09 09_49_42.512-05_00_3.png,1.75,1.960355480603362
669,1619_LeafPhotoA_2025-09-09 09_49_42.512-05_00_1.png,1.75,1.9029766515921946
670,1619_LeafPhotoA_2025-09-09 09_49_42.512-05_00_2.png,1.75,1.8655983186812322
678,1531_LeafPhotoA_2025-09-09 09_29_04.886-05_00_0.png,2.25,1.9545701009691299
679,1531_LeafPhotoA_2025-09-09 09_29_04.886-05_00_1.png,2.25,1.940749655217449
680,1531_LeafPhotoA_2025-09-09 09_29_04.886-05_00_2.png,2.25,1.89292504784222
681,1531_LeafPhotoA_2025-09-09 09_29_04.886-05_00_3.png,2.25,1.984348463783594
690,1497_LeafPhotoB_2025-09-08 17_01_53.160-05_00_1.png,1.75,1.968262415981531
691,1497_LeafPhotoB_2025-09-08 17_01_53.160-05_00_2.png,1.75,1.8768713971034992
692,1497_LeafPhotoB_2025-09-08 17_01_53.160-05_00_0.png,1.75,1.8752417488597481
693,1497_LeafPhotoB_2025-09-08 17_01_53.160-05_00_3.png,1.75,1.8436601068175764
780,1838_LeafPhotoA_2025-09-09 09_47_07.906-05_00_0.png,1.0,1.8722712645648962
781,1838_LeafPhotoA_2025-09-09 09_47_07.906-05_00_3.png,1.0,1.9753827590296489
782,1838_LeafPhotoA_2025-09-09 09_47_07.906-05_00_2.png,1.0,1.9050746369965605
783,1838_LeafPhotoA_2025-09-09 09_47_07.906-05_00_1.png,1.0,1.9171343460823551
788,2683_LeafPhotoA_2025-09-09 10_58_56.882-05_00_0.png,1.0,1.774915945149836
789,2683_LeafPhotoA_2025-09-09 10_58_56.882-05_00_3.png,1.0,1.8765422294719165
790,2683_LeafPhotoA_2025-09-09 10_58_56.882-05_00_1.png,1.0,1.9643055952300934
791,2683_LeafPhotoA_2025-09-09 10_58_56.882-05_00_2.png,1.0,1.9258791134905693
799,2010_LeafPhotoA_2025-09-08 10_44_22.059-05_00_3.png,1.25,1.9606816268043534
800,2010_LeafPhotoA_2025-09-08 10_44_22.059-05_00_0.png,1.25,1.9999704300754408
801,2010_LeafPhotoA_2025-09-08 10_44_22.059-05_00_1.png,1.25,1.9999631148072885
802,2010_LeafPhotoA_2025-09-08 10_44_22.059-05_00_2.png,1.25,1.997638879502851
807,1510_LeafPhotoA_2025-09-09 09_05_13.748-05_00_2.png,1.5,1.9296393762286153
808,1510_LeafPhotoA_2025-09-09 09_05_13.748-05_00_0.png,1.5,1.9401330578445026
809,1510_LeafPhotoA_2025-09-09 09_05_13.748-05_00_1.png,1.5,1.9326282677751825
810,1510_LeafPhotoA_2025-09-09 09_05_13.748-05_00_3.png,1.5,1.8429826587872387
835,2662_LeafPhotoA_2025-09-09 11_35_27.644-05_00_0.png,3.5,2.07980929678471
836,2662_LeafPhotoA_2025-09-09 11_35_27.644-05_00_3.png,3.5,1.866783389001995
837,2662_LeafPhotoA_2025-09-09 11_35_27.644-05_00_1.png,3.5,2.224059110745956
838,2662_LeafPhotoA_2025-09-09 11_35_27.644-05_00_2.png,3.5,2.07494651784753
886,2153_LeafPhotoA_2025-09-08 12_29_10.390-05_00_2.png,1.25,1.9089736946073916
887,2153_LeafPhotoA_2025-09-08 12_29_10.390-05_00_0.png,1.25,1.7928481774624265
888,2153_LeafPhotoA_2025-09-08 12_29_10.390-05_00_3.png,1.25,1.8815496779917487
889,2153_LeafPhotoA_2025-09-08 12_29_10.390-05_00_1.png,1.25,1.9029535749580015
890,2248_LeafPhotoA_2025-09-08 12_01_20.448-05_00_0.png,1.5,1.889994089877701
891,2248_LeafPhotoA_2025-09-08 12_01_20.448-05_00_1.png,1.5,1.8022621552343643
892,2248_LeafPhotoA_2025-09-08 12_01_20.448-05_00_2.png,1.5,1.7708536316463488
893,2248_LeafPhotoA_2025-09-08 12_01_20.448-05_00_3.png,1.5,1.7695412981169825
912,1811_LeafPhotoA_2025-09-09 09_05_51.708-05_00_2.png,1.5,1.719999708091777
913,1811_LeafPhotoA_2025-09-09 09_05_51.708-05_00_0.png,1.5,1.8010986524843182
914,1811_LeafPhotoA_2025-09-09 09_05_51.708-05_00_1.png,1.5,1.6516029204525497
937,2950_LeafPhotoA_2025-09-09 16_20_58.442-05_00_1.png,2.0,1.8584886558780582
938,2950_LeafPhotoA_2025-09-09 16_20_58.442-05_00_0.png,2.0,1.7863494325309932
939,2950_LeafPhotoA_2025-09-09 16_20_58.442-05_00_2.png,2.0,1.8940432701959522
940,2950_LeafPhotoA_2025-09-09 16_20_58.442-05_00_3.png,2.0,1.8067733446115057
1006,1062_LeafPhotoA_2025-09-08 12_54_11.961-05_00_0.png,3.25,1.9978630630044636
1007,1062_LeafPhotoA_2025-09-08 12_54_11.961-05_00_1.png,3.25,1.8246109925895508
1008,1062_LeafPhotoA_2025-09-08 12_54_11.961-05_00_2.png,3.25,2.2389703680218034
1009,1062_LeafPhotoA_2025-09-08 12_54_11.961-05_00_3.png,3.25,2.0936323306963187
1073,1402_LeafPhotoB_2025-09-08 10_39_37.458-05_00_1.png,1.75,1.819605637406058
1074,1402_LeafPhotoB_2025-09-08 10_39_37.458-05_00_0.png,1.75,2.0072639678137705
1075,1402_LeafPhotoB_2025-09-08 10_39_37.458-05_00_2.png,1.75,1.9406962623826993
1076,1402_LeafPhotoB_2025-09-08 10_39_37.458-05_00_3.png,1.75,2.01367881246935
1098,1005_LeafPhotoA_2025-09-08 09_35_15.574-05_00_0.png,2.0,2.127811718911626
1099,1005_LeafPhotoA_2025-09-08 09_35_15.574-05_00_1.png,2.0,1.9688015925100872
1100,1005_LeafPhotoA_2025-09-08 09_35_15.574-05_00_2.png,2.0,1.8087047130823257
1101,1005_LeafPhotoA_2025-09-08 09_35_15.574-05_00_3.png,2.0,1.9328079174759725
1117,2218_LeafPhotoA_2025-09-08 11_14_46.146-05_00_2.png,1.25,1.936332386033406
1118,2218_LeafPhotoA_2025-09-08 11_14_46.146-05_00_1.png,1.25,1.901041950324519
1119,2218_LeafPhotoA_2025-09-08 11_14_46.146-05_00_3.png,1.25,1.9317735141038788
1120,2218_LeafPhotoA_2025-09-08 11_14_46.146-05_00_0.png,1.25,1.8098394372279318
1143,1997_LeafPhotoA_2025-09-09 15_58_29.800-05_00_3.png,2.0,2.059976984907991
1144,1997_LeafPhotoA_2025-09-09 15_58_29.800-05_00_1.png,2.0,2.093118167989347
1145,1997_LeafPhotoA_2025-09-09 15_58_29.800-05_00_0.png,2.0,2.007988234530562
1146,1997_LeafPhotoA_2025-09-09 15_58_29.800-05_00_2.png,2.0,2.088231046447802
1154,1404_LeafPhotoB_2025-09-08 09_58_06.206-05_00_2.png,2.25,1.821941441120103
1155,1404_LeafPhotoB_2025-09-08 09_58_06.206-05_00_0.png,2.25,1.8176935783944301
1156,1404_LeafPhotoB_2025-09-08 09_58_06.206-05_00_1.png,2.25,1.951677288487818
1157,1404_LeafPhotoB_2025-09-08 09_58_06.206-05_00_3.png,2.25,1.8474148925952567
1169,2189_LeafPhotoA_2025-09-08 17_18_33.881-05_00_0.png,1.0,1.7131498471630204
1170,2189_LeafPhotoA_2025-09-08 17_18_33.881-05_00_1.png,1.0,1.7744991141496316
1171,2189_LeafPhotoA_2025-09-08 17_18_33.881-05_00_2.png,1.0,1.6818182992913302
1172,2189_LeafPhotoA_2025-09-08 17_18_33.881-05_00_3.png,1.0,1.811238570231798
1181,2273_LeafPhotoA_2025-09-08 17_10_20.317-05_00_2.png,2.0,1.7184595286155715
1182,2273_LeafPhotoA_2025-09-08 17_10_20.317-05_00_0.png,2.0,2.0500571561933216
1183,2273_LeafPhotoA_2025-09-08 17_10_20.317-05_00_1.png,2.0,1.7886075175536646
1184,2273_LeafPhotoA_2025-09-08 17_10_20.317-05_00_3.png,2.0,1.864011265285655
1193,2182_LeafPhotoA_2025-09-09 12_26_51.449-05_00_1.png,2.5,2.1551711150328936
1194,2182_LeafPhotoA_2025-09-09 12_26_51.449-05_00_3.png,2.5,1.9908267285555679
1195,2182_LeafPhotoA_2025-09-09 12_26_51.449-05_00_2.png,2.5,1.971026877336896
1196,2182_LeafPhotoA_2025-09-09 12_26_51.449-05_00_0.png,2.5,1.8685222768918677
1225,2794_LeafPhotoA_2025-09-09 11_14_44.812-05_00_0.png,1.25,2.0123337200000053
1229,1935_LeafPhotoA_2025-09-09 15_31_58.041-05_00_2.png,2.5,2.0741313381589572
1230,1935_LeafPhotoA_2025-09-09 15_31_58.041-05_00_3.png,2.5,2.0229202682838614
1231,1935_LeafPhotoA_2025-09-09 15_31_58.041-05_00_0.png,2.5,1.882755215031895
1232,1935_LeafPhotoA_2025-09-09 15_31_58.041-05_00_1.png,2.5,1.9648423274969562
1247,1350_LeafPhotoA_2025-09-08 10_18_59.648-05_00_0.png,1.75,1.752956323945125
1248,2884_LeafPhotoA_2025-09-09 14_07_40.879-05_00_3.png,1.5,2.0378167844595736
1249,2884_LeafPhotoA_2025-09-09 14_07_40.879-05_00_0.png,1.5,1.767908077863937
1250,2884_LeafPhotoA_2025-09-09 14_07_40.879-05_00_2.png,1.5,2.106209702786195
1251,2884_LeafPhotoA_2025-09-09 14_07_40.879-05_00_1.png,1.5,1.8805546342954442
1265,1181_LeafPhotoA_2025-09-08 16_13_30.089-05_00_0.png,2.5,2.0516335832129884
1266,1181_LeafPhotoA_2025-09-08 16_13_30.089-05_00_1.png,2.5,2.006322846153242
1267,1181_LeafPhotoA_2025-09-08 16_13_30.089-05_00_2.png,2.5,2.0500648371344
1268,1181_LeafPhotoA_2025-09-08 16_13_30.089-05_00_3.png,2.5,2.2728808250304517
1296,2814_LeafPhotoA_2025-09-09 10_25_44.101-05_00_0.png,3.25,1.902006863934192
1297,2814_LeafPhotoA_2025-09-09 10_25_44.101-05_00_3.png,3.25,1.9049312401269385
1298,2814_LeafPhotoA_2025-09-09 10_25_44.101-05_00_1.png,3.25,1.939872190123098
1299,2814_LeafPhotoA_2025-09-09 10_25_44.101-05_00_2.png,3.25,2.1045571712617224
1320,1525_LeafPhotoA_2025-09-09 09_23_09.815-05_00_0.png,2.25,2.097000659825644
1321,1525_LeafPhotoA_2025-09-09 09_23_09.815-05_00_1.png,2.25,2.077181053419673
1322,1525_LeafPhotoA_2025-09-09 09_23_09.815-05_00_2.png,2.25,2.176632708342085
1323,1525_LeafPhotoA_2025-09-09 09_23_09.815-05_00_3.png,2.25,2.165752006774563
1332,1402_LeafPhotoB_2025-09-08 10_40_07.212-05_00_0.png,2.25,1.8468490851213752
1333,1402_LeafPhotoB_2025-09-08 10_40_07.212-05_00_1.png,2.25,1.9617321379721608
1334,1402_LeafPhotoB_2025-09-08 10_40_07.212-05_00_3.png,2.25,1.9001458046852417
1335,1402_LeafPhotoB_2025-09-08 10_40_07.212-05_00_2.png,2.25,1.982369568424727
1387,2729_LeafPhotoA_2025-09-09 10_55_43.588-05_00_3.png,4.0,1.896662784510007
1388,2729_LeafPhotoA_2025-09-09 10_55_43.588-05_00_0.png,4.0,2.0622149473602174
1389,2729_LeafPhotoA_2025-09-09 10_55_43.588-05_00_1.png,4.0,2.0545046722605758
1390,2729_LeafPhotoA_2025-09-09 10_55_43.588-05_00_2.png,4.0,2.0110631091327065
1399,2286_LeafPhotoA_2025-09-08 16_54_14.459-05_00_0.png,1.75,1.9323375437489798
1400,2286_LeafPhotoA_2025-09-08 16_54_14.459-05_00_2.png,1.75,1.8834459794175225
1401,2286_LeafPhotoA_2025-09-08 16_54_14.459-05_00_3.png,1.75,1.8782173891331067
1402,2286_LeafPhotoA_2025-09-08 16_54_14.459-05_00_1.png,1.75,1.77290244402973
1403,1167_LeafPhotoA_2025-09-08 16_37_11.962-05_00_0.png,1.75,1.851508165069796
1416,2817_LeafPhotoA_2025-09-09 10_29_25.768-05_00_0.png,1.0,1.6013209827560653
1417,2817_LeafPhotoA_2025-09-09 10_29_25.768-05_00_1.png,1.0,1.6351439757433617
1418,2817_LeafPhotoA_2025-09-09 10_29_25.768-05_00_2.png,1.0,1.6743670213206676
1419,2817_LeafPhotoA_2025-09-09 10_29_25.768-05_00_3.png,1.0,1.587342607298104
1459,2791_LeafPhotoA_2025-09-09 11_24_33.408-05_00_0.png,2.75,2.0073402878202486
1460,2791_LeafPhotoA_2025-09-09 11_24_33.408-05_00_1.png,2.75,1.9731688936896226
1461,2791_LeafPhotoA_2025-09-09 11_24_33.408-05_00_3.png,2.75,2.076640357583809
1462,2791_LeafPhotoA_2025-09-09 11_24_33.408-05_00_2.png,2.75,2.049981211769341
1477,2009_LeafPhotoA_2025-09-08 10_43_35.775-05_00_1.png,1.5,1.9706573582398839
1478,2009_LeafPhotoA_2025-09-08 10_43_35.775-05_00_3.png,1.5,1.7153441193282768
1479,2009_LeafPhotoA_2025-09-08 10_43_35.775-05_00_2.png,1.5,2.0276095194539816
1480,2009_LeafPhotoA_2025-09-08 10_43_35.775-05_00_0.png,1.5,1.8498030327622998
1510,1034_LeafPhotoA_2025-09-08 10_10_03.182-05_00_1.png,2.0,1.9196229714034374
1511,1034_LeafPhotoA_2025-09-08 10_10_03.182-05_00_0.png,2.0,2.134609734229426
1512,1034_LeafPhotoA_2025-09-08 10_10_03.182-05_00_2.png,2.0,2.1595752363552765
1531,1417_LeafPhotoB_2025-09-08 10_11_12.838-05_00_0.png,2.5,1.7360245824665201
1532,1417_LeafPhotoB_2025-09-08 10_11_12.838-05_00_3.png,2.5,1.7307838466197103
1533,1417_LeafPhotoB_2025-09-08 10_11_12.838-05_00_1.png,2.5,1.7169659973910902
1534,1417_LeafPhotoB_2025-09-08 10_11_12.838-05_00_2.png,2.5,1.726957664151189
1543,1075_LeafPhotoA_2025-09-08 13_08_10.230-05_00_0.png,2.0,1.8019804472112406
1544,1075_LeafPhotoA_2025-09-08 13_08_10.230-05_00_1.png,2.0,1.8790775621410523
1545,1075_LeafPhotoA_2025-09-08 13_08_10.230-05_00_2.png,2.0,1.9030062921684425
1546,1075_LeafPhotoA_2025-09-08 13_08_10.230-05_00_3.png,2.0,1.662714123461464
1565,2699_LeafPhotoA_2025-09-09 10_27_27.811-05_00_0.png,3.0,1.7089528669631364
1566,2699_LeafPhotoA_2025-09-09 10_27_27.811-05_00_3.png,3.0,1.9704809124094758
1567,2699_LeafPhotoA_2025-09-09 10_27_27.811-05_00_2.png,3.0,1.7608070825279476
1568,2699_LeafPhotoA_2025-09-09 10_27_27.811-05_00_1.png,3.0,1.7659390314586827
1636,1389_LeafPhotoA_2025-09-08 13_08_37.035-05_00_1.png,1.75,1.9128473084658524
1637,1389_LeafPhotoA_2025-09-08 13_08_37.035-05_00_2.png,1.75,1.9825731467776522
1638,1389_LeafPhotoA_2025-09-08 13_08_37.035-05_00_0.png,1.75,1.791775702911477
1651,2460_LeafPhotoB_2025-09-08 11_37_28.626-05_00_1.png,1.75,1.7907561060853936
1652,2460_LeafPhotoB_2025-09-08 11_37_28.626-05_00_3.png,1.75,1.7976269317788782
1653,2460_LeafPhotoB_2025-09-08 11_37_28.626-05_00_0.png,1.75,1.795763490869564
1654,2460_LeafPhotoB_2025-09-08 11_37_28.626-05_00_2.png,1.75,1.848633086217402
1659,1445_LeafPhotoB_2025-09-08 10_33_50.397-05_00_3.png,1.5,1.9322052763278807
1660,1445_LeafPhotoB_2025-09-08 10_33_50.397-05_00_2.png,1.5,1.9925580170133554
1661,1445_LeafPhotoB_2025-09-08 10_33_50.397-05_00_1.png,1.5,1.9085714539064855
1662,1445_LeafPhotoB_2025-09-08 10_33_50.397-05_00_0.png,1.5,1.8845730773408322
1678,2318_LeafPhotoA_2025-09-08 10_46_13.359-05_00_0.png,1.5,1.9236842170718433
1679,2318_LeafPhotoA_2025-09-08 10_46_13.359-05_00_1.png,1.5,1.8785858581724006
1691,1234_LeafPhotoA_2025-09-08 10_20_18.045-05_00_0.png,1.75,1.901858844232395
1692,1234_LeafPhotoA_2025-09-08 10_20_18.045-05_00_2.png,1.75,1.8587186309119477
1693,1234_LeafPhotoA_2025-09-08 10_20_18.045-05_00_1.png,1.75,1.932166610022889
1694,1234_LeafPhotoA_2025-09-08 10_20_18.045-05_00_3.png,1.75,1.8169467132427888
1695,1279_LeafPhotoA_2025-09-08 16_08_00.467-05_00_2.png,1.0,1.6869653487449279
1696,1279_LeafPhotoA_2025-09-08 16_08_00.467-05_00_0.png,1.0,1.7082175029844706
1697,1279_LeafPhotoA_2025-09-08 16_08_00.467-05_00_3.png,1.0,1.7233123871326124
1698,1279_LeafPhotoA_2025-09-08 16_08_00.467-05_00_1.png,1.0,1.6030266530129855
1704,1417_LeafPhotoB_2025-09-08 10_10_54.682-05_00_0.png,2.25,1.7829703186779775
1705,1417_LeafPhotoB_2025-09-08 10_10_54.682-05_00_1.png,2.25,1.8395612715283403
1706,1417_LeafPhotoB_2025-09-08 10_10_54.682-05_00_3.png,2.25,1.8096296063126436
1707,1417_LeafPhotoB_2025-09-08 10_10_54.682-05_00_2.png,2.25,1.6409519655060627
1726,1043_LeafPhotoA_2025-09-08 10_21_46.526-05_00_3.png,3.0,1.846328404374266
1727,1043_LeafPhotoA_2025-09-08 10_21_46.526-05_00_0.png,3.0,2.1214462276360995
1728,1043_LeafPhotoA_2025-09-08 10_21_46.526-05_00_1.png,3.0,1.9401871445010967
1729,1043_LeafPhotoA_2025-09-08 10_21_46.526-05_00_2.png,3.0,1.8049062410327885
1739,1488_LeafPhotoB_2025-09-08 16_52_36.463-05_00_0.png,2.75,1.8424891647511725
1740,1488_LeafPhotoB_2025-09-08 16_52_36.463-05_00_3.png,2.75,1.7962051938966617
1741,1488_LeafPhotoB_2025-09-08 16_52_36.463-05_00_2.png,2.75,1.9549166007670629
1742,1488_LeafPhotoB_2025-09-08 16_52_36.463-05_00_1.png,2.75,1.8702700792486127
1761,1456_LeafPhotoB_2025-09-08 12_32_32.393-05_00_1.png,1.25,1.905920139244624
1762,1456_LeafPhotoB_2025-09-08 12_32_32.393-05_00_3.png,1.25,2.0346863931360737
1763,1456_LeafPhotoB_2025-09-08 12_32_32.393-05_00_2.png,1.25,1.9885747881934015
1764,1456_LeafPhotoB_2025-09-08 12_32_32.393-05_00_0.png,1.25,1.9099421683622555
1855,1181_LeafPhotoA_2025-09-08 16_13_46.902-05_00_0.png,2.5,2.167494079582859
1856,1181_LeafPhotoA_2025-09-08 16_13_46.902-05_00_1.png,2.5,2.0319606334417433
1857,1181_LeafPhotoA_2025-09-08 16_13_46.902-05_00_2.png,2.5,2.1236287728681056
1858,1181_LeafPhotoA_2025-09-08 16_13_46.902-05_00_3.png,2.5,2.032541813890012
1860,5009_LeafPhotoA_2025-09-09 16_08_39.148-05_00_3.png,1.75,1.6886808769347603
1861,5009_LeafPhotoA_2025-09-09 16_08_39.148-05_00_0.png,1.75,1.8240848789086648
1862,5009_LeafPhotoA_2025-09-09 16_08_39.148-05_00_2.png,1.75,1.7923452398242445
1863,5009_LeafPhotoA_2025-09-09 16_08_39.148-05_00_1.png,1.75,1.7844065356553367
1872,1413_LeafPhotoA_2025-09-08 09_35_09.246-05_00_0.png,1.75,1.845748284632946
1873,1413_LeafPhotoA_2025-09-08 09_35_09.246-05_00_1.png,1.75,1.8595894157267634
1874,1413_LeafPhotoA_2025-09-08 09_35_09.246-05_00_2.png,1.75,1.750398637989656
1883,2586_LeafPhotoA_2025-09-09 10_34_33.986-05_00_1.png,1.25,1.6304233982942236
1884,2586_LeafPhotoA_2025-09-09 10_34_33.986-05_00_0.png,1.25,1.9178298834727567
1885,2586_LeafPhotoA_2025-09-09 10_34_33.986-05_00_2.png,1.25,1.5365143452138792
1886,2586_LeafPhotoA_2025-09-09 10_34_33.986-05_00_3.png,1.25,1.5627259334434382
1893,2055_LeafPhotoA_2025-09-08 11_49_38.748-05_00_0.png,2.75,2.010339356411615
1894,2055_LeafPhotoA_2025-09-08 11_49_38.748-05_00_2.png,2.75,2.274340060650459
1895,2055_LeafPhotoA_2025-09-08 11_49_38.748-05_00_1.png,2.75,1.8210472307083194
1924,1878_LeafPhotoA_2025-09-09 17_05_46.079-05_00_2.png,1.75,1.8253812254795105
1925,1878_LeafPhotoA_2025-09-09 17_05_46.079-05_00_1.png,1.75,1.9180827465246848
1926,1878_LeafPhotoA_2025-09-09 17_05_46.079-05_00_3.png,1.75,1.7853648685752117
1927,1878_LeafPhotoA_2025-09-09 17_05_46.079-05_00_0.png,1.75,1.9542179142116396
1940,1631_LeafPhotoA_2025-09-09 10_13_12.245-05_00_0.png,1.5,1.991128102476462
1941,1631_LeafPhotoA_2025-09-09 10_13_12.245-05_00_2.png,1.5,1.7482735612985223
1942,1631_LeafPhotoA_2025-09-09 10_13_12.245-05_00_1.png,1.5,1.9104438574304092
1943,1075_LeafPhotoA_2025-09-08 13_08_28.899-05_00_0.png,2.25,1.8244368373808308
1944,1075_LeafPhotoA_2025-09-08 13_08_28.899-05_00_1.png,2.25,1.641768658270532
1945,1075_LeafPhotoA_2025-09-08 13_08_28.899-05_00_2.png,2.25,1.7720391536984164
1946,1075_LeafPhotoA_2025-09-08 13_08_28.899-05_00_3.png,2.25,1.9016881895395965
1955,2395_LeafPhotoA_2025-09-08 12_20_28.826-05_00_0.png,1.5,1.8562277024902594
1956,2395_LeafPhotoA_2025-09-08 12_20_28.826-05_00_1.png,1.5,1.7492327456819268
1957,2395_LeafPhotoA_2025-09-08 12_20_28.826-05_00_2.png,1.5,1.8469322887174209
1958,2395_LeafPhotoA_2025-09-08 12_20_28.826-05_00_3.png,1.5,1.7313303631178667
1984,2630_LeafPhotoA_2025-09-09 11_53_58.743-05_00_0.png,2.0,1.9451964368862367
1985,2630_LeafPhotoA_2025-09-09 11_53_58.743-05_00_1.png,2.0,1.7906196591841805
1986,2630_LeafPhotoA_2025-09-09 11_53_58.743-05_00_2.png,2.0,2.0533687582640634
1987,2630_LeafPhotoA_2025-09-09 11_53_58.743-05_00_3.png,2.0,1.7747218944773724
2000,1904_LeafPhotoA_2025-09-09 14_38_44.936-05_00_1.png,1.75,1.9622396799322104
2001,1904_LeafPhotoA_2025-09-09 14_38_44.936-05_00_2.png,1.75,1.9111255816229684
2002,1904_LeafPhotoA_2025-09-09 14_38_44.936-05_00_3.png,1.75,1.8797568264504492
2003,1904_LeafPhotoA_2025-09-09 14_38_44.936-05_00_0.png,1.75,2.1077510012978387
2027,2597_LeafPhotoA_2025-09-09 10_25_46.649-05_00_1.png,1.75,1.76556381066662
2028,2597_LeafPhotoA_2025-09-09 10_25_46.649-05_00_2.png,1.75,1.7345310529347997
2029,2597_LeafPhotoA_2025-09-09 10_25_46.649-05_00_0.png,1.75,1.764381395014836
2067,1010_LeafPhotoA_2025-09-08 09_41_44.218-05_00_0.png,2.0,1.876428760789754
2068,1010_LeafPhotoA_2025-09-08 09_41_44.218-05_00_1.png,2.0,1.8709236583916695
2069,1010_LeafPhotoA_2025-09-08 09_41_44.218-05_00_2.png,2.0,1.787272312480154
2070,1010_LeafPhotoA_2025-09-08 09_41_44.218-05_00_3.png,2.0,2.016461499840782
2079,1259_LeafPhotoA_2025-09-08 16_30_23.555-05_00_2.png,2.75,1.9861395566105071
2080,1259_LeafPhotoA_2025-09-08 16_30_23.555-05_00_0.png,2.75,1.9979562817347982
2081,1259_LeafPhotoA_2025-09-08 16_30_23.555-05_00_3.png,2.75,1.8844061055567578
2082,1259_LeafPhotoA_2025-09-08 16_30_23.555-05_00_1.png,2.75,2.0358972100176858
2083,2561_LeafPhotoA_2025-09-09 11_01_04.730-05_00_3.png,1.75,1.7649726823757268
2084,2561_LeafPhotoA_2025-09-09 11_01_04.730-05_00_1.png,1.75,1.732264459027653
2085,2561_LeafPhotoA_2025-09-09 11_01_04.730-05_00_2.png,1.75,1.7375768145696429
2086,2561_LeafPhotoA_2025-09-09 11_01_04.730-05_00_0.png,1.75,1.7114577985546444
2107,1202_LeafPhotoA_2025-09-08 10_46_25.784-05_00_1.png,1.25,1.830596828511993
2108,1202_LeafPhotoA_2025-09-08 10_46_25.784-05_00_0.png,1.25,1.8955013097712408
2109,1202_LeafPhotoA_2025-09-08 10_46_25.784-05_00_3.png,1.25,1.8131813820142595
2110,1202_LeafPhotoA_2025-09-08 10_46_25.784-05_00_2.png,1.25,1.7218689335716957
2134,1746_LeafPhotoA_2025-09-09 10_03_34.287-05_00_2.png,1.5,1.8534274891560127
2135,1746_LeafPhotoA_2025-09-09 10_03_34.287-05_00_1.png,1.5,2.008011385616773
2136,1746_LeafPhotoA_2025-09-09 10_03_34.287-05_00_0.png,1.5,2.075255582653982
2137,1931_LeafPhotoA_2025-09-09 15_27_04.726-05_00_2.png,1.25,1.7728485770026867
2138,1931_LeafPhotoA_2025-09-09 15_27_04.726-05_00_1.png,1.25,1.7746957039281543
2139,1931_LeafPhotoA_2025-09-09 15_27_04.726-05_00_3.png,1.25,1.870947474258305
2140,1931_LeafPhotoA_2025-09-09 15_27_04.726-05_00_0.png,1.25,1.8392729388586333
2153,1206_LeafPhotoA_2025-09-08 09_30_08.342-05_00_0.png,2.0,1.7638440165852491
2154,1206_LeafPhotoA_2025-09-08 09_30_08.342-05_00_1.png,2.0,1.6370578523026034
2155,1206_LeafPhotoA_2025-09-08 09_30_08.342-05_00_2.png,2.0,1.5734497485886703
2156,1206_LeafPhotoA_2025-09-08 09_30_08.342-05_00_3.png,2.0,1.707234502220293
2169,1163_LeafPhotoA_2025-09-08 16_42_10.758-05_00_3.png,1.25,2.089659888205565
2170,1163_LeafPhotoA_2025-09-08 16_42_10.758-05_00_0.png,1.25,2.0698605234057412
2171,1163_LeafPhotoA_2025-09-08 16_42_10.758-05_00_2.png,1.25,2.122743529802885
2172,1163_LeafPhotoA_2025-09-08 16_42_10.758-05_00_1.png,1.25,2.1754994195529704
2173,2518_LeafPhotoA_2025-09-09 10_14_44.963-05_00_1.png,2.25,2.1176002778302387
2174,2518_LeafPhotoA_2025-09-09 10_14_44.963-05_00_2.png,2.25,2.0551135761813
2175,2518_LeafPhotoA_2025-09-09 10_14_44.963-05_00_0.png,2.25,2.123813814026637
2176,2518_LeafPhotoA_2025-09-09 10_14_44.963-05_00_3.png,2.25,1.9436257499461138
2181,2429_LeafPhotoB_2025-09-08 11_06_06.696-05_00_0.png,2.25,1.7985212490548463
2182,1227_LeafPhotoA_2025-09-08 10_09_23.405-05_00_1.png,2.25,1.965694899836468
2183,1227_LeafPhotoA_2025-09-08 10_09_23.405-05_00_0.png,2.25,2.1963861392882897
2188,,1.75,1.7403885603573968
2206,2403_LeafPhotoB_2025-09-08 10_42_58.623-05_00_0.png,1.25,1.5822058879587897
2207,2403_LeafPhotoB_2025-09-08 10_42_58.623-05_00_1.png,1.25,1.617380340292285
2208,2403_LeafPhotoB_2025-09-08 10_42_58.623-05_00_2.png,1.25,1.6683528655458337
2209,2403_LeafPhotoB_2025-09-08 10_42_58.623-05_00_3.png,1.25,1.794733101668122
2223,1700_LeafPhotoA_2025-09-09 10_24_58.399-05_00_0.png,2.0,2.0696247680365096
2224,1700_LeafPhotoA_2025-09-09 10_24_58.399-05_00_1.png,2.0,2.026126120649003
2225,1700_LeafPhotoA_2025-09-09 10_24_58.399-05_00_2.png,2.0,1.949720201835754
2230,,1.75,1.7403885603573968
2247,1774_LeafPhotoA_2025-09-09 09_53_13.789-05_00_0.png,1.25,1.9733769031536061
2248,1774_LeafPhotoA_2025-09-09 09_53_13.789-05_00_1.png,1.25,1.9231434102788239
2249,1774_LeafPhotoA_2025-09-09 09_53_13.789-05_00_2.png,1.25,1.9154126943224168
2250,1774_LeafPhotoA_2025-09-09 09_53_13.789-05_00_3.png,1.25,2.1209840115098078
2251,2692_LeafPhotoA_2025-09-09 10_39_36.661-05_00_0.png,1.25,1.8170468795211958
2252,2692_LeafPhotoA_2025-09-09 10_39_36.661-05_00_1.png,1.25,1.9528648585944932
2253,2692_LeafPhotoA_2025-09-09 10_39_36.661-05_00_2.png,1.25,1.9386375817312973
2254,2692_LeafPhotoA_2025-09-09 10_39_36.661-05_00_3.png,1.25,1.9723759743223774
2283,1490_LeafPhotoB_2025-09-08 16_54_44.052-05_00_2.png,1.5,1.8688592131297606
2284,1490_LeafPhotoB_2025-09-08 16_54_44.052-05_00_1.png,1.5,1.8630652756900812
2285,1490_LeafPhotoB_2025-09-08 16_54_44.052-05_00_0.png,1.5,2.035587363470452
2306,1182_LeafPhotoA_2025-09-08 16_12_58.388-05_00_1.png,1.5,1.9055317642145104
2307,1182_LeafPhotoA_2025-09-08 16_12_58.388-05_00_2.png,1.5,1.8727621503762282
2308,1182_LeafPhotoA_2025-09-08 16_12_58.388-05_00_0.png,1.5,1.9694806969950533
2309,1182_LeafPhotoA_2025-09-08 16_12_58.388-05_00_3.png,1.5,1.9670570963237604
2336,1220_LeafPhotoA_2025-09-08 09_59_32.289-05_00_1.png,2.25,1.6993393044635459
2337,1220_LeafPhotoA_2025-09-08 09_59_32.289-05_00_0.png,2.25,2.004022955078816
2338,1220_LeafPhotoA_2025-09-08 09_59_32.289-05_00_2.png,2.25,1.762858708597955
2339,1220_LeafPhotoA_2025-09-08 09_59_32.289-05_00_3.png,2.25,1.7999229089341893
2344,1550_LeafPhotoA_2025-09-09 09_52_22.748-05_00_2.png,2.25,2.0105476379042666
2345,1550_LeafPhotoA_2025-09-09 09_52_22.748-05_00_3.png,2.25,2.0511869958118525
2346,1550_LeafPhotoA_2025-09-09 09_52_22.748-05_00_0.png,2.25,2.003639584586057
2347,1550_LeafPhotoA_2025-09-09 09_52_22.748-05_00_1.png,2.25,1.9070878038061554
2358,2234_LeafPhotoA_2025-09-08 11_39_18.537-05_00_3.png,1.75,1.8807738380202104
2359,2234_LeafPhotoA_2025-09-08 11_39_18.537-05_00_0.png,1.75,1.8753693069137387
2360,2234_LeafPhotoA_2025-09-08 11_39_18.537-05_00_1.png,1.75,1.77057327917825
2361,2234_LeafPhotoA_2025-09-08 11_39_18.537-05_00_2.png,1.75,1.9795016924697901
2373,2201_LeafPhotoA_2025-09-08 10_47_34.501-05_00_1.png,1.25,1.7355301759590178
2374,2201_LeafPhotoA_2025-09-08 10_47_34.501-05_00_3.png,1.25,1.7323768658577965
2375,2201_LeafPhotoA_2025-09-08 10_47_34.501-05_00_0.png,1.25,1.690958399810166
2376,2201_LeafPhotoA_2025-09-08 10_47_34.501-05_00_2.png,1.25,1.7936319223391954
2377,1174_LeafPhotoA_2025-09-08 16_26_52.134-05_00_0.png,1.5,2.0269010012444095
2378,1174_LeafPhotoA_2025-09-08 16_26_52.134-05_00_1.png,1.5,1.9506419881583636
2379,1174_LeafPhotoA_2025-09-08 16_26_52.134-05_00_2.png,1.5,1.8937914206711
2380,1174_LeafPhotoA_2025-09-08 16_26_52.134-05_00_3.png,1.5,1.916849670144633
2381,1278_LeafPhotoA_2025-09-08 16_08_45.462-05_00_3.png,2.0,1.887595128330132
2382,1278_LeafPhotoA_2025-09-08 16_08_45.462-05_00_1.png,2.0,1.7856123831985864
2383,1278_LeafPhotoA_2025-09-08 16_08_45.462-05_00_2.png,2.0,1.7201081128140445
2384,1278_LeafPhotoA_2025-09-08 16_08_45.462-05_00_0.png,2.0,1.8184451942871918
2385,1735_LeafPhotoA_2025-09-09 09_46_39.828-05_00_2.png,3.25,2.341134179615746
2386,1735_LeafPhotoA_2025-09-09 09_46_39.828-05_00_3.png,3.25,1.9301062092442962
2387,1735_LeafPhotoA_2025-09-09 09_46_39.828-05_00_0.png,3.25,2.1492627524855172
2388,1735_LeafPhotoA_2025-09-09 09_46_39.828-05_00_1.png,3.25,2.0549547947322715
2389,2174_LeafPhotoA_2025-09-09 12_15_14.269-05_00_0.png,2.25,1.9010569772571886
2390,2174_LeafPhotoA_2025-09-09 12_15_14.269-05_00_1.png,2.25,2.1376012137882565
2391,2174_LeafPhotoA_2025-09-09 12_15_14.269-05_00_2.png,2.25,2.2742205294168327
2392,2174_LeafPhotoA_2025-09-09 12_15_14.269-05_00_3.png,2.25,2.0941556173203066
2393,1702_LeafPhotoA_2025-09-09 10_12_12.772-05_00_0.png,3.0,2.0350118004603566
2394,1702_LeafPhotoA_2025-09-09 10_12_12.772-05_00_2.png,3.0,2.0238127859332136
2395,1702_LeafPhotoA_2025-09-09 10_12_12.772-05_00_1.png,3.0,1.9965822122574495
2396,1702_LeafPhotoA_2025-09-09 10_12_12.772-05_00_3.png,3.0,1.9243539580729614
2412,2101_LeafPhotoA_2025-09-08 10_53_40.932-05_00_0.png,1.75,1.6666989374561103
2413,2101_LeafPhotoA_2025-09-08 10_53_40.932-05_00_3.png,1.75,1.739898626181933
2414,2101_LeafPhotoA_2025-09-08 10_53_40.932-05_00_2.png,1.75,1.697678195588328
2415,2101_LeafPhotoA_2025-09-08 10_53_40.932-05_00_1.png,1.75,1.6879765520225933
2446,2201_LeafPhotoA_2025-09-08 10_47_11.543-05_00_3.png,1.0,1.6180275609269905
2447,2201_LeafPhotoA_2025-09-08 10_47_11.543-05_00_1.png,1.0,1.8837133780499706
2448,2201_LeafPhotoA_2025-09-08 10_47_11.543-05_00_2.png,1.0,1.6943768519519042
2449,2201_LeafPhotoA_2025-09-08 10_47_11.543-05_00_0.png,1.0,1.9170948541818194
2454,1784_LeafPhotoA_2025-09-09 09_29_57.480-05_00_1.png,1.5,1.8340152835076642
2455,1784_LeafPhotoA_2025-09-09 09_29_57.480-05_00_3.png,1.5,1.9247391752648255
2456,1784_LeafPhotoA_2025-09-09 09_29_57.480-05_00_0.png,1.5,1.7205325752974034
2457,1784_LeafPhotoA_2025-09-09 09_29_57.480-05_00_2.png,1.5,1.94232827461147
2458,2756_LeafPhotoA_2025-09-09 16_27_37.923-05_00_0.png,1.25,1.81674126211336
2459,2756_LeafPhotoA_2025-09-09 16_27_37.923-05_00_1.png,1.25,1.8372914904448643
2460,1329_LeafPhotoA_2025-09-08 09_56_53.667-05_00_2.png,2.5,2.0549334560133703
2461,1329_LeafPhotoA_2025-09-08 09_56_53.667-05_00_3.png,2.5,2.1110387883396076
2462,1329_LeafPhotoA_2025-09-08 09_56_53.667-05_00_1.png,2.5,2.039639080414016
2463,1329_LeafPhotoA_2025-09-08 09_56_53.667-05_00_0.png,2.5,2.122526591383547
2464,1616_LeafPhotoA_2025-09-09 09_41_23.675-05_00_0.png,2.0,1.7272719134567174
2465,1616_LeafPhotoA_2025-09-09 09_41_23.675-05_00_1.png,2.0,1.7223195137993779
2466,1616_LeafPhotoA_2025-09-09 09_41_23.675-05_00_2.png,2.0,1.7014014914568678
2467,1616_LeafPhotoA_2025-09-09 09_41_23.675-05_00_3.png,2.0,1.8158615211891869
2468,2562_LeafPhotoA_2025-09-09 10_59_13.146-05_00_2.png,2.5,1.7834257716008528
2469,2562_LeafPhotoA_2025-09-09 10_59_13.146-05_00_1.png,2.5,1.8603529403643215
2470,2562_LeafPhotoA_2025-09-09 10_59_13.146-05_00_0.png,2.5,1.5937821823563656
2490,1186_LeafPhotoA_2025-09-08 16_05_34.142-05_00_3.png,1.25,1.945226337388101
2491,1186_LeafPhotoA_2025-09-08 16_05_34.142-05_00_0.png,1.25,1.9203093281941117
2492,1186_LeafPhotoA_2025-09-08 16_05_34.142-05_00_1.png,1.25,1.9923048951929567
2493,1186_LeafPhotoA_2025-09-08 16_05_34.142-05_00_2.png,1.25,1.9919474068968335
2528,1155_LeafPhotoA_2025-09-08 16_53_48.092-05_00_2.png,1.75,1.8586378557520815
2529,1155_LeafPhotoA_2025-09-08 16_53_48.092-05_00_1.png,1.75,1.8911246063099054
2530,1155_LeafPhotoA_2025-09-08 16_53_48.092-05_00_0.png,1.75,2.0422233767197584
2546,,1.25,1.7403885603573968
2592,,2.0,1.7403885603573968
2601,1445_LeafPhotoB_2025-09-08 10_34_53.870-05_00_3.png,1.5,1.847817335655777
2602,1445_LeafPhotoB_2025-09-08 10_34_53.870-05_00_1.png,1.5,1.7662333089221167
2603,1445_LeafPhotoB_2025-09-08 10_34_53.870-05_00_0.png,1.5,1.7594811460039808
2604,1445_LeafPhotoB_2025-09-08 10_34_53.870-05_00_2.png,1.5,1.678210013454412
2613,2703_LeafPhotoA_2025-09-09 10_15_56.392-05_00_2.png,4.25,2.192421218229654
2614,2703_LeafPhotoA_2025-09-09 10_15_56.392-05_00_1.png,4.25,2.2319317237844705
2615,2703_LeafPhotoA_2025-09-09 10_15_56.392-05_00_3.png,4.25,2.1101803689019865
2616,2703_LeafPhotoA_2025-09-09 10_15_56.392-05_00_0.png,4.25,2.2683680791777125
2625,1234_LeafPhotoA_2025-09-08 10_19_27.121-05_00_1.png,1.5,1.7570996877300349
2626,1234_LeafPhotoA_2025-09-08 10_19_27.121-05_00_3.png,1.5,1.8015733048958926
2627,1234_LeafPhotoA_2025-09-08 10_19_27.121-05_00_2.png,1.5,1.780069589454182
2628,1234_LeafPhotoA_2025-09-08 10_19_27.121-05_00_0.png,1.5,1.80833025581203
2646,2266_LeafPhotoA_2025-09-08 17_17_09.917-05_00_2.png,2.75,2.0006271022095805
2647,2266_LeafPhotoA_2025-09-08 17_17_09.917-05_00_3.png,2.75,2.0399918651784366
2648,2266_LeafPhotoA_2025-09-08 17_17_09.917-05_00_1.png,2.75,1.92512533964117
2649,2266_LeafPhotoA_2025-09-08 17_17_09.917-05_00_0.png,2.75,1.8660678895126075
2662,2978_LeafPhotoA_2025-09-09 16_28_25.306-05_00_0.png,1.5,1.7900247110117606
2663,2978_LeafPhotoA_2025-09-09 16_28_25.306-05_00_1.png,1.5,1.7517699483273317
2664,2978_LeafPhotoA_2025-09-09 16_28_25.306-05_00_3.png,1.5,1.935418688677433
2665,2978_LeafPhotoA_2025-09-09 16_28_25.306-05_00_2.png,1.5,1.7556079262383317
2687,1891_LeafPhotoA_2025-09-09 17_16_06.533-05_00_3.png,1.5,1.7724889933848182
2688,1891_LeafPhotoA_2025-09-09 17_16_06.533-05_00_1.png,1.5,1.922725940018497
2689,1891_LeafPhotoA_2025-09-09 17_16_06.533-05_00_0.png,1.5,1.8140825946593293
2690,1891_LeafPhotoA_2025-09-09 17_16_06.533-05_00_2.png,1.5,1.736361243530507
2719,1144_LeafPhotoA_2025-09-08 10_40_26.306-05_00_0.png,2.25,1.8155327049595131
2720,1144_LeafPhotoA_2025-09-08 10_40_26.306-05_00_1.png,2.25,1.851444004008063
2721,1144_LeafPhotoA_2025-09-08 10_40_26.306-05_00_2.png,2.25,1.7811915758363375
2722,1144_LeafPhotoA_2025-09-08 10_40_26.306-05_00_3.png,2.25,2.129494827249583
2753,1621_LeafPhotoA_2025-09-09 09_52_05.240-05_00_1.png,1.25,1.6731690286877594
2754,1621_LeafPhotoA_2025-09-09 09_52_05.240-05_00_3.png,1.25,1.5975145218182658
2755,1621_LeafPhotoA_2025-09-09 09_52_05.240-05_00_0.png,1.25,1.8464636961416394
2756,1621_LeafPhotoA_2025-09-09 09_52_05.240-05_00_2.png,1.25,1.7090912227097166
2757,,2.5,1.7403885603573968
2774,1288_LeafPhotoA_2025-09-08 15_59_14.840-05_00_0.png,1.5,1.8588461640685043
2775,1288_LeafPhotoA_2025-09-08 15_59_14.840-05_00_2.png,1.5,1.9186781534236454
2776,1288_LeafPhotoA_2025-09-08 15_59_14.840-05_00_1.png,1.5,1.8488752140559168
2784,1648_LeafPhotoA_2025-09-09 10_43_26.038-05_00_0.png,2.0,1.9782075626391367
2785,1648_LeafPhotoA_2025-09-09 10_43_26.038-05_00_1.png,2.0,1.9081876833391933
2786,1648_LeafPhotoA_2025-09-09 10_43_26.038-05_00_2.png,2.0,1.9533194133531921
2787,1648_LeafPhotoA_2025-09-09 10_43_26.038-05_00_3.png,2.0,2.0443393101982648
2805,,1.75,1.7403885603573968
2807,1415_LeafPhotoB_2025-09-08 10_09_27.941-05_00_0.png,1.25,1.8551736844892073
2808,1415_LeafPhotoB_2025-09-08 10_09_27.941-05_00_1.png,1.25,1.8728699336761454
2809,1415_LeafPhotoB_2025-09-08 10_09_27.941-05_00_2.png,1.25,1.7722279351168921
2810,1415_LeafPhotoB_2025-09-08 10_09_27.941-05_00_3.png,1.25,1.742139090373261
2811,1829_LeafPhotoA_2025-09-09 09_31_52.096-05_00_0.png,2.25,1.6593707399787598
2812,1829_LeafPhotoA_2025-09-09 09_31_52.096-05_00_1.png,2.25,1.644508670339917
2813,1829_LeafPhotoA_2025-09-09 09_31_52.096-05_00_2.png,2.25,1.794810605276646
2814,1829_LeafPhotoA_2025-09-09 09_31_52.096-05_00_3.png,2.25,1.7742862736020768
2827,2802_LeafPhotoA_2025-09-09 10_10_24.476-05_00_0.png,2.25,1.8775254251292985
2828,2802_LeafPhotoA_2025-09-09 10_10_24.476-05_00_1.png,2.25,2.0185535214994608
2829,2802_LeafPhotoA_2025-09-09 10_10_24.476-05_00_2.png,2.25,1.8959952162963245
2830,2802_LeafPhotoA_2025-09-09 10_10_24.476-05_00_3.png,2.25,1.8948030094421835
2831,1057_LeafPhotoA_2025-09-08 12_48_09.886-05_00_0.png,4.0,2.1545896883662228
2832,1057_LeafPhotoA_2025-09-08 12_48_09.886-05_00_1.png,4.0,2.1623086068719273
2833,1803_LeafPhotoA_2025-09-09 08_52_14.872-05_00_3.png,1.5,1.9146486608815487
2834,1803_LeafPhotoA_2025-09-09 08_52_14.872-05_00_2.png,1.5,1.7633376994858097
2835,1803_LeafPhotoA_2025-09-09 08_52_14.872-05_00_1.png,1.5,1.7155344478725505
2836,1803_LeafPhotoA_2025-09-09 08_52_14.872-05_00_0.png,1.5,1.8808315297224811
2865,2532_LeafPhotoA_2025-09-09 10_30_36.212-05_00_0.png,1.5,1.871992405144144
2866,2532_LeafPhotoA_2025-09-09 10_30_36.212-05_00_1.png,1.5,2.0481488839583717
2867,2532_LeafPhotoA_2025-09-09 10_30_36.212-05_00_2.png,1.5,2.1513270758041
2868,2532_LeafPhotoA_2025-09-09 10_30_36.212-05_00_3.png,1.5,1.9692974798746232
2876,2519_LeafPhotoA_2025-09-09 10_16_07.193-05_00_0.png,1.25,1.8425348663969887
2877,2519_LeafPhotoA_2025-09-09 10_16_07.193-05_00_1.png,1.25,1.8359806259205118
2878,2519_LeafPhotoA_2025-09-09 10_16_07.193-05_00_2.png,1.25,1.8751448770567978
2879,2519_LeafPhotoA_2025-09-09 10_16_07.193-05_00_3.png,1.25,1.922758144766043
2964,2783_LeafPhotoA_2025-09-09 15_14_29.872-05_00_1.png,1.25,2.174961766396498
2965,2783_LeafPhotoA_2025-09-09 15_14_29.872-05_00_0.png,1.25,1.9309646707244397
2966,2783_LeafPhotoA_2025-09-09 15_14_29.872-05_00_2.png,1.25,1.8199393892504028
2967,2783_LeafPhotoA_2025-09-09 15_14_29.872-05_00_3.png,1.25,1.7430023254139329
2984,2331_LeafPhotoA_2025-09-08 10_59_46.770-05_00_2.png,2.5,1.9688575379594397
2985,2331_LeafPhotoA_2025-09-08 10_59_46.770-05_00_1.png,2.5,1.9411161433004989
2986,2331_LeafPhotoA_2025-09-08 10_59_46.770-05_00_0.png,2.5,1.9898100212655558
2987,2993_LeafPhotoA_2025-09-09 16_47_51.394-05_00_2.png,1.5,1.9999451756869382
2988,2993_LeafPhotoA_2025-09-09 16_47_51.394-05_00_3.png,1.5,1.9735242553123251
2989,2993_LeafPhotoA_2025-09-09 16_47_51.394-05_00_1.png,1.5,2.0441298843404847
2990,2993_LeafPhotoA_2025-09-09 16_47_51.394-05_00_0.png,1.5,1.955618476817139
3007,2729_LeafPhotoA_2025-09-09 10_55_26.872-05_00_2.png,2.75,2.0022197786948173
3008,2729_LeafPhotoA_2025-09-09 10_55_26.872-05_00_3.png,2.75,2.2012792323493393
3009,2729_LeafPhotoA_2025-09-09 10_55_26.872-05_00_1.png,2.75,1.9933803165036723
3010,2729_LeafPhotoA_2025-09-09 10_55_26.872-05_00_0.png,2.75,1.8316057268929145
3023,1616_LeafPhotoA_2025-09-09 09_40_32.568-05_00_0.png,1.5,1.7731236498252991
3024,1616_LeafPhotoA_2025-09-09 09_40_32.568-05_00_1.png,1.5,1.7013984931289232
3025,1616_LeafPhotoA_2025-09-09 09_40_32.568-05_00_2.png,1.5,1.7974979694623312
3034,,1.75,1.7403885603573968
3039,2734_LeafPhotoA_2025-09-09 11_00_52.812-05_00_2.png,2.25,2.150994586725629
3040,2734_LeafPhotoA_2025-09-09 11_00_52.812-05_00_1.png,2.25,2.1348871557203104
3041,2734_LeafPhotoA_2025-09-09 11_00_52.812-05_00_3.png,2.25,2.160270832446009
3042,2734_LeafPhotoA_2025-09-09 11_00_52.812-05_00_0.png,2.25,2.1681223765444315
3084,2246_LeafPhotoA_2025-09-08 11_58_26.493-05_00_0.png,2.25,2.0845041250929044
3085,2246_LeafPhotoA_2025-09-08 11_58_26.493-05_00_3.png,2.25,1.9523958239311865
3086,2246_LeafPhotoA_2025-09-08 11_58_26.493-05_00_1.png,2.25,1.9574898984260927
3087,2246_LeafPhotoA_2025-09-08 11_58_26.493-05_00_2.png,2.25,2.0729902896367802
3088,1815_LeafPhotoA_2025-09-09 09_11_30.894-05_00_0.png,1.25,1.7671022898065862
3106,2916_LeafPhotoA_2025-09-09 16_36_27.915-05_00_1.png,3.0,1.864260432529769
3107,2916_LeafPhotoA_2025-09-09 16_36_27.915-05_00_0.png,3.0,1.991295235924045
3108,2916_LeafPhotoA_2025-09-09 16_36_27.915-05_00_2.png,3.0,1.8141127905113243
3113,2234_LeafPhotoA_2025-09-08 11_39_01.597-05_00_0.png,1.5,1.690902120415436
3114,2234_LeafPhotoA_2025-09-08 11_39_01.597-05_00_2.png,1.5,1.836979359527479
3115,2234_LeafPhotoA_2025-09-08 11_39_01.597-05_00_3.png,1.5,1.8693963425447315
3116,2234_LeafPhotoA_2025-09-08 11_39_01.597-05_00_1.png,1.5,1.6660108463866938
3121,1615_LeafPhotoA_2025-09-09 09_38_30.259-05_00_0.png,1.75,1.8390403878873451
3122,1615_LeafPhotoA_2025-09-09 09_38_30.259-05_00_1.png,1.75,1.957824060069294
3123,1615_LeafPhotoA_2025-09-09 09_38_30.259-05_00_3.png,1.75,1.9015216917102074
3124,1615_LeafPhotoA_2025-09-09 09_38_30.259-05_00_2.png,1.75,1.8419679052659066
3137,1528_LeafPhotoA_2025-09-09 09_26_28.328-05_00_0.png,3.25,2.1416648429950356
3138,1528_LeafPhotoA_2025-09-09 09_26_28.328-05_00_1.png,3.25,1.9893635176313191
3139,1528_LeafPhotoA_2025-09-09 09_26_28.328-05_00_2.png,3.25,2.2579786506721384
3140,1528_LeafPhotoA_2025-09-09 09_26_28.328-05_00_3.png,3.25,2.105026628068569
3165,1566_LeafPhotoA_2025-09-09 10_03_07.791-05_00_3.png,1.5,1.852433484019797
3166,1566_LeafPhotoA_2025-09-09 10_03_07.791-05_00_1.png,1.5,1.9222049292082215
3167,1566_LeafPhotoA_2025-09-09 10_03_07.791-05_00_2.png,1.5,1.777088889866962
3168,1566_LeafPhotoA_2025-09-09 10_03_07.791-05_00_0.png,1.5,1.7541702092090048
3173,2444_LeafPhotoB_2025-09-08 11_19_56.783-05_00_0.png,2.25,2.086634619704448
3174,2444_LeafPhotoB_2025-09-08 11_19_56.783-05_00_1.png,2.25,2.1837023157548514
3175,2444_LeafPhotoB_2025-09-08 11_19_56.783-05_00_2.png,2.25,1.9134349851497054
3176,2444_LeafPhotoB_2025-09-08 11_19_56.783-05_00_3.png,2.25,1.9149098809874987
3193,,1.25,1.7403885603573968
3206,1599_LeafPhotoA_2025-09-09 10_23_41.725-05_00_0.png,1.5,1.8868509372289983
3240,1411_LeafPhotoB_2025-09-08 10_05_27.189-05_00_0.png,1.25,1.8680190565019579
3241,1411_LeafPhotoB_2025-09-08 10_05_27.189-05_00_1.png,1.25,1.66529527522003
3242,1411_LeafPhotoB_2025-09-08 10_05_27.189-05_00_2.png,1.25,1.5868053090082652
3243,1411_LeafPhotoB_2025-09-08 10_05_27.189-05_00_3.png,1.25,1.7280112178346159
3249,1011_LeafPhotoA_2025-09-08 09_42_35.227-05_00_0.png,2.25,2.108970246831554
3250,1011_LeafPhotoA_2025-09-08 09_42_35.227-05_00_1.png,2.25,2.144794278742737
3251,1011_LeafPhotoA_2025-09-08 09_42_35.227-05_00_2.png,2.25,1.9842963100912143
3255,2716_LeafPhotoA_2025-09-09 10_35_36.382-05_00_0.png,2.75,1.9100682837329501
3256,2716_LeafPhotoA_2025-09-09 10_35_36.382-05_00_1.png,2.75,2.020373802351113
3257,2202_LeafPhotoA_2025-09-08 10_48_52.303-05_00_2.png,1.5,1.7912349407598653
3258,2202_LeafPhotoA_2025-09-08 10_48_52.303-05_00_3.png,1.5,1.7359213386748686
3259,2202_LeafPhotoA_2025-09-08 10_48_52.303-05_00_0.png,1.5,1.5974311020412881
3260,2202_LeafPhotoA_2025-09-08 10_48_52.303-05_00_1.png,1.5,1.628635430231587
3285,1933_LeafPhotoA_2025-09-09 15_28_49.123-05_00_0.png,2.25,1.9461598927213897
3286,1933_LeafPhotoA_2025-09-09 15_28_49.123-05_00_1.png,2.25,1.9002939601597475
3287,1933_LeafPhotoA_2025-09-09 15_28_49.123-05_00_2.png,2.25,2.0103380680408676
3288,1933_LeafPhotoA_2025-09-09 15_28_49.123-05_00_3.png,2.25,1.8950382968169714
3311,1828_LeafPhotoA_2025-09-09 09_30_57.848-05_00_0.png,2.0,1.912838441505068
3312,1828_LeafPhotoA_2025-09-09 09_30_57.848-05_00_1.png,2.0,1.7183945843995176
3313,1828_LeafPhotoA_2025-09-09 09_30_57.848-05_00_2.png,2.0,1.5946407425067084
3314,1828_LeafPhotoA_2025-09-09 09_30_57.848-05_00_3.png,2.0,1.7616231425724587
3326,2866_LeafPhotoA_2025-09-09 14_51_42.101-05_00_0.png,1.25,1.8993402241584199
3327,2866_LeafPhotoA_2025-09-09 14_51_42.101-05_00_1.png,1.25,1.8103955708947495
3351,1815_LeafPhotoA_2025-09-09 09_11_08.154-05_00_3.png,1.5,1.8299921571175306
3352,1815_LeafPhotoA_2025-09-09 09_11_08.154-05_00_1.png,1.5,1.8421698258446266
3353,1815_LeafPhotoA_2025-09-09 09_11_08.154-05_00_2.png,1.5,1.890139359694316
3354,1815_LeafPhotoA_2025-09-09 09_11_08.154-05_00_0.png,1.5,1.8482081067219784
3365,2184_LeafPhotoA_2025-09-09 12_29_02.951-05_00_2.png,1.25,1.8921615242060867
3366,2184_LeafPhotoA_2025-09-09 12_29_02.951-05_00_1.png,1.25,1.8707892969616913
3367,2184_LeafPhotoA_2025-09-09 12_29_02.951-05_00_0.png,1.25,1.846823779363375
3368,2184_LeafPhotoA_2025-09-09 12_29_02.951-05_00_3.png,1.25,1.9935693850769445
3370,1904_LeafPhotoA_2025-09-09 14_39_09.961-05_00_2.png,4.75,2.1081569403007343
3371,1904_LeafPhotoA_2025-09-09 14_39_09.961-05_00_0.png,4.75,2.1318414927543223
3372,1904_LeafPhotoA_2025-09-09 14_39_09.961-05_00_1.png,4.75,2.0578955402572268
3405,2662_LeafPhotoA_2025-09-09 11_35_09.264-05_00_0.png,2.25,1.957563668271871
3406,2662_LeafPhotoA_2025-09-09 11_35_09.264-05_00_3.png,2.25,2.1603568501542227
3407,2662_LeafPhotoA_2025-09-09 11_35_09.264-05_00_2.png,2.25,2.2758904358227228
3408,2662_LeafPhotoA_2025-09-09 11_35_09.264-05_00_1.png,2.25,2.085684511730635
3441,2395_LeafPhotoA_2025-09-08 12_20_11.123-05_00_3.png,2.25,1.893506610156756
3442,2395_LeafPhotoA_2025-09-08 12_20_11.123-05_00_2.png,2.25,1.9310317564568
3443,2395_LeafPhotoA_2025-09-08 12_20_11.123-05_00_1.png,2.25,1.9041896395483509
3444,2395_LeafPhotoA_2025-09-08 12_20_11.123-05_00_0.png,2.25,2.0442302342963647
3479,5031_LeafPhotoA_2025-09-09 16_57_35.057-05_00_2.png,1.25,1.6241804224850973
3480,5031_LeafPhotoA_2025-09-09 16_57_35.057-05_00_0.png,1.25,1.8350413374317573
3481,5031_LeafPhotoA_2025-09-09 16_57_35.057-05_00_1.png,1.25,1.6959954334075384
3482,5031_LeafPhotoA_2025-09-09 16_57_35.057-05_00_3.png,1.25,1.6425081096140377
3499,1307_LeafPhotoA_2025-09-08 09_22_15.163-05_00_3.png,1.75,1.8448712929831688
3500,1307_LeafPhotoA_2025-09-08 09_22_15.163-05_00_0.png,1.75,1.7587353553658465
3501,1307_LeafPhotoA_2025-09-08 09_22_15.163-05_00_2.png,1.75,1.724007666856653
3502,1307_LeafPhotoA_2025-09-08 09_22_15.163-05_00_1.png,1.75,1.6561357919149142
3517,2120_LeafPhotoA_2025-09-08 11_31_02.513-05_00_2.png,1.25,1.8773377569766405
3518,2120_LeafPhotoA_2025-09-08 11_31_02.513-05_00_3.png,1.25,1.8875713413599353
3519,2120_LeafPhotoA_2025-09-08 11_31_02.513-05_00_0.png,1.25,1.8378954686752524
3520,2120_LeafPhotoA_2025-09-08 11_31_02.513-05_00_1.png,1.25,1.7911410035518849
3521,1259_LeafPhotoA_2025-09-08 16_30_12.453-05_00_0.png,2.25,1.8449877359227558
3522,1259_LeafPhotoA_2025-09-08 16_30_12.453-05_00_1.png,2.25,1.9957778117605536
3523,1259_LeafPhotoA_2025-09-08 16_30_12.453-05_00_3.png,2.25,1.8191645988895637
3524,1259_LeafPhotoA_2025-09-08 16_30_12.453-05_00_2.png,2.25,1.9628809436943002
3533,2318_LeafPhotoA_2025-09-08 10_46_40.691-05_00_1.png,1.0,1.733547074370096
3534,2318_LeafPhotoA_2025-09-08 10_46_40.691-05_00_0.png,1.0,1.85925379162139
3535,2318_LeafPhotoA_2025-09-08 10_46_40.691-05_00_2.png,1.0,1.8816181440557551
3536,2318_LeafPhotoA_2025-09-08 10_46_40.691-05_00_3.png,1.0,1.856092193231765
3546,1806_LeafPhotoA_2025-09-09 08_58_19.870-05_00_0.png,3.0,1.7201445361510934
3547,1806_LeafPhotoA_2025-09-09 08_58_32.090-05_00_1.png,1.75,1.6773673689061424
3548,1806_LeafPhotoA_2025-09-09 08_58_32.090-05_00_3.png,1.75,1.5141706804386266
3549,1806_LeafPhotoA_2025-09-09 08_58_32.090-05_00_0.png,1.75,1.669565906365575
3550,1806_LeafPhotoA_2025-09-09 08_58_32.090-05_00_2.png,1.75,1.6566985962510463
3551,2205_LeafPhotoA_2025-09-08 10_52_49.920-05_00_0.png,2.0,1.8095270598612558
3552,2205_LeafPhotoA_2025-09-08 10_52_49.920-05_00_3.png,2.0,1.8061747114134052
3553,2205_LeafPhotoA_2025-09-08 10_52_49.920-05_00_1.png,2.0,1.8472996361103102
3554,2205_LeafPhotoA_2025-09-08 10_52_49.920-05_00_2.png,2.0,1.8315883728173075
3555,2205_LeafPhotoA_2025-09-08 10_52_29.620-05_00_0.png,1.25,1.807945169992494
3556,2205_LeafPhotoA_2025-09-08 10_52_29.620-05_00_2.png,1.25,1.7245767680314308
3557,2205_LeafPhotoA_2025-09-08 10_52_29.620-05_00_1.png,1.25,1.9702530536588565
3558,2205_LeafPhotoA_2025-09-08 10_52_29.620-05_00_3.png,1.25,1.6886666994345745
3559,1806_LeafPhotoA_2025-09-09 08_58_50.435-05_00_1.png,2.25,1.800403055060588
3560,1806_LeafPhotoA_2025-09-09 08_58_50.435-05_00_0.png,2.25,1.7210812811575686
3561,1806_LeafPhotoA_2025-09-09 08_58_50.435-05_00_3.png,2.25,1.7291637722925943
3562,1806_LeafPhotoA_2025-09-09 08_58_50.435-05_00_2.png,2.25,2.041426982638802
3563,2205_LeafPhotoA_2025-09-08 10_52_09.894-05_00_2.png,1.5,1.8973142865825494
3564,2205_LeafPhotoA_2025-09-08 10_52_09.894-05_00_3.png,1.5,1.866420545636479
3565,2205_LeafPhotoA_2025-09-08 10_52_09.894-05_00_0.png,1.5,1.931586636649814
3566,2205_LeafPhotoA_2025-09-08 10_52_09.894-05_00_1.png,1.5,1.8910419279682404
3,2601_LeafPhotoA_2025-09-09 10_53_20.928-05_00_3.png,1.0,1.7590313620324145
4,2601_LeafPhotoA_2025-09-09 10_53_20.928-05_00_2.png,1.0,1.7745252185612708
5,2601_LeafPhotoA_2025-09-09 10_53_20.928-05_00_1.png,1.0,1.7601975323505301
6,2601_LeafPhotoA_2025-09-09 10_53_20.928-05_00_0.png,1.0,1.6750208776404838
34,1483_LeafPhotoB_2025-09-08 16_48_33.487-05_00_1.png,1.25,1.6643083428555812
35,1483_LeafPhotoB_2025-09-08 16_48_33.487-05_00_2.png,1.25,1.6760136735174225
36,1483_LeafPhotoB_2025-09-08 16_48_33.487-05_00_0.png,1.25,1.8932351157963327
37,1483_LeafPhotoB_2025-09-08 16_48_33.487-05_00_3.png,1.25,1.7039798656553933
66,1864_LeafPhotoA_2025-09-09 16_54_10.885-05_00_1.png,2.25,1.7989230898382786
67,1864_LeafPhotoA_2025-09-09 16_54_10.885-05_00_3.png,2.25,1.7871459363555795
68,1864_LeafPhotoA_2025-09-09 16_54_10.885-05_00_2.png,2.25,1.8281904261110202
69,1864_LeafPhotoA_2025-09-09 16_54_10.885-05_00_0.png,2.25,1.8401837177391436
70,1459_LeafPhotoB_2025-09-08 12_35_29.491-05_00_1.png,2.5,1.903580803822996
71,1459_LeafPhotoB_2025-09-08 12_35_29.491-05_00_0.png,2.5,2.0697941548770955
72,1459_LeafPhotoB_2025-09-08 12_35_29.491-05_00_2.png,2.5,2.045969814821399
81,2330_LeafPhotoA_2025-09-08 10_58_31.927-05_00_3.png,1.25,1.8127463303326792
82,2330_LeafPhotoA_2025-09-08 10_58_31.927-05_00_2.png,1.25,1.6946735246943134
83,2330_LeafPhotoA_2025-09-08 10_58_31.927-05_00_1.png,1.25,1.7648554386024535
84,2330_LeafPhotoA_2025-09-08 10_58_31.927-05_00_0.png,1.25,1.8558096538260296
138,1945_LeafPhotoA_2025-09-09 16_03_25.425-05_00_0.png,2.0,2.0330996898456473
139,1945_LeafPhotoA_2025-09-09 16_03_25.425-05_00_1.png,2.0,1.860149600792923
179,1984_LeafPhotoA_2025-09-09 16_31_27.437-05_00_2.png,1.25,1.7285163600710114
180,1984_LeafPhotoA_2025-09-09 16_31_27.437-05_00_1.png,1.25,1.7758968295824185
181,1984_LeafPhotoA_2025-09-09 16_31_27.437-05_00_0.png,1.25,1.8059427807569872
182,2965_LeafPhotoA_2025-09-09 16_10_16.858-05_00_3.png,1.75,2.199751485868201
183,2965_LeafPhotoA_2025-09-09 16_10_16.858-05_00_1.png,1.75,1.9627329419161865
184,2965_LeafPhotoA_2025-09-09 16_10_16.858-05_00_0.png,1.75,2.0881024450735777
185,2965_LeafPhotoA_2025-09-09 16_10_16.858-05_00_2.png,1.75,2.004505754216334
194,1209_LeafPhotoA_2025-09-08 09_37_14.965-05_00_2.png,1.25,1.6396164578079722
195,1209_LeafPhotoA_2025-09-08 09_37_14.965-05_00_1.png,1.25,1.9237941725752556
196,1209_LeafPhotoA_2025-09-08 09_37_14.965-05_00_0.png,1.25,1.8442637582240078
197,1209_LeafPhotoA_2025-09-08 09_37_14.965-05_00_3.png,1.25,1.5795936980156793
198,1644_LeafPhotoA_2025-09-09 10_35_46.183-05_00_0.png,1.5,1.7289393555025436
199,1644_LeafPhotoA_2025-09-09 10_35_46.183-05_00_1.png,1.5,1.8779008898993066
200,1644_LeafPhotoA_2025-09-09 10_35_46.183-05_00_2.png,1.5,1.7325529751036708
201,1644_LeafPhotoA_2025-09-09 10_35_46.183-05_00_3.png,1.5,1.8082166040860073
202,2905_LeafPhotoA_2025-09-09 16_23_24.410-05_00_2.png,3.0,1.895110125701879
203,2905_LeafPhotoA_2025-09-09 16_23_24.410-05_00_1.png,3.0,1.8912928923958103
204,2905_LeafPhotoA_2025-09-09 16_23_24.410-05_00_0.png,3.0,1.8273403631488492
205,2905_LeafPhotoA_2025-09-09 16_23_24.410-05_00_3.png,3.0,2.0322570433965437
218,2680_LeafPhotoA_2025-09-09 11_02_16.370-05_00_3.png,3.0,1.8928407888094656
219,2680_LeafPhotoA_2025-09-09 11_02_16.370-05_00_2.png,3.0,1.9564297838720106
220,2680_LeafPhotoA_2025-09-09 11_02_16.370-05_00_0.png,3.0,1.8865159109506657
221,2680_LeafPhotoA_2025-09-09 11_02_16.370-05_00_1.png,3.0,1.8932038500500212
249,1877_LeafPhotoA_2025-09-09 17_04_30.257-05_00_2.png,1.5,1.7069471899037507
250,1877_LeafPhotoA_2025-09-09 17_04_30.257-05_00_3.png,1.5,2.021272121410097
251,1877_LeafPhotoA_2025-09-09 17_04_30.257-05_00_0.png,1.5,1.8121340487119193
252,1877_LeafPhotoA_2025-09-09 17_04_30.257-05_00_1.png,1.5,1.857278256363735
292,6024_LeafPhotoA_2025-09-09 16_37_05.339-05_00_0.png,1.0,1.9559536686519359
313,2891_LeafPhotoA_2025-09-09 14_01_28.259-05_00_0.png,1.75,1.7751470205611917
314,2891_LeafPhotoA_2025-09-09 14_01_28.259-05_00_1.png,1.75,1.8042294311403269
315,2891_LeafPhotoA_2025-09-09 14_01_28.259-05_00_2.png,1.75,1.709390346615084
316,2891_LeafPhotoA_2025-09-09 14_01_28.259-05_00_3.png,1.75,1.77284085867451
317,1233_LeafPhotoA_2025-09-08 10_18_11.748-05_00_1.png,1.0,1.821488554888203
318,1233_LeafPhotoA_2025-09-08 10_18_11.748-05_00_0.png,1.0,1.7953156239064856
319,1233_LeafPhotoA_2025-09-08 10_18_11.748-05_00_2.png,1.0,1.9016678046473543
348,1834_LeafPhotoA_2025-09-09 09_42_27.442-05_00_0.png,2.5,1.6669653496523908
349,1834_LeafPhotoA_2025-09-09 09_42_27.442-05_00_1.png,2.5,1.6751190067444062
350,1834_LeafPhotoA_2025-09-09 09_42_27.442-05_00_2.png,2.5,1.7940014510491122
351,1834_LeafPhotoA_2025-09-09 09_42_27.442-05_00_3.png,2.5,1.6674811356594672
376,2450_LeafPhotoB_2025-09-08 11_25_41.315-05_00_1.png,1.25,1.7567941851333773
377,2450_LeafPhotoB_2025-09-08 11_25_41.315-05_00_2.png,1.25,1.8049758610224709
378,2450_LeafPhotoB_2025-09-08 11_25_41.315-05_00_3.png,1.25,1.6638340148453963
379,2450_LeafPhotoB_2025-09-08 11_25_41.315-05_00_0.png,1.25,1.7577722563491736
415,1306_LeafPhotoA_2025-09-08 09_21_07.935-05_00_0.png,2.0,1.727048731279791
416,1306_LeafPhotoA_2025-09-08 09_21_07.935-05_00_1.png,2.0,1.7817558909555569
417,1306_LeafPhotoA_2025-09-08 09_21_07.935-05_00_2.png,2.0,1.8519343245052047
430,1151_LeafPhotoA_2025-09-08 16_59_29.011-05_00_1.png,2.0,1.7421335085327707
431,1151_LeafPhotoA_2025-09-08 16_59_29.011-05_00_0.png,2.0,1.8504383515910576
432,1151_LeafPhotoA_2025-09-08 16_59_29.011-05_00_2.png,2.0,1.9257565848123002
483,2908_LeafPhotoA_2025-09-09 16_27_08.906-05_00_2.png,2.25,1.8849901642179847
484,2908_LeafPhotoA_2025-09-09 16_27_08.906-05_00_1.png,2.25,1.6736153345480098
485,2908_LeafPhotoA_2025-09-09 16_27_08.906-05_00_0.png,2.25,1.6521553751519176
486,2908_LeafPhotoA_2025-09-09 16_27_08.906-05_00_3.png,2.25,1.8180886950824902
509,1101_LeafPhotoA_2025-09-08 10_50_13.286-05_00_3.png,2.75,1.8384457189804513
510,1101_LeafPhotoA_2025-09-08 10_50_13.286-05_00_1.png,2.75,1.8101537664208427
511,1101_LeafPhotoA_2025-09-08 10_50_13.286-05_00_2.png,2.75,2.0300381507051277
512,1101_LeafPhotoA_2025-09-08 10_50_13.286-05_00_0.png,2.75,1.8072703067929334
517,2652_LeafPhotoA_2025-09-09 11_26_03.712-05_00_2.png,3.0,1.8625802098443367
518,2652_LeafPhotoA_2025-09-09 11_26_03.712-05_00_3.png,3.0,1.7670091235572574
519,2652_LeafPhotoA_2025-09-09 11_26_03.712-05_00_0.png,3.0,1.8955908713373417
520,2652_LeafPhotoA_2025-09-09 11_26_03.712-05_00_1.png,3.0,1.7234938077340722
551,1711_LeafPhotoA_2025-09-09 09_06_57.472-05_00_0.png,4.5,2.141975294596777
552,1711_LeafPhotoA_2025-09-09 09_06_57.472-05_00_1.png,4.5,2.187399420872815
553,1711_LeafPhotoA_2025-09-09 09_06_57.472-05_00_2.png,4.5,2.1247443685633134
554,1711_LeafPhotoA_2025-09-09 09_06_57.472-05_00_3.png,4.5,2.037834573250267
573,2071_LeafPhotoA_2025-09-08 12_06_01.483-05_00_0.png,2.5,1.8781082537522877
574,2071_LeafPhotoA_2025-09-08 12_06_01.483-05_00_1.png,2.5,1.8560296238835474
575,2071_LeafPhotoA_2025-09-08 12_06_01.483-05_00_2.png,2.5,1.903202026195823
576,2071_LeafPhotoA_2025-09-08 12_06_01.483-05_00_3.png,2.5,1.8239179016650615
593,1758_LeafPhotoA_2025-09-09 10_31_19.555-05_00_1.png,2.0,1.9192953091236038
594,1758_LeafPhotoA_2025-09-09 10_31_19.555-05_00_3.png,2.0,1.9335381043280016
595,1758_LeafPhotoA_2025-09-09 10_31_19.555-05_00_0.png,2.0,1.965485138493577
596,1758_LeafPhotoA_2025-09-09 10_31_19.555-05_00_2.png,2.0,1.9977402803138333
613,,4.25,1.61254392770757
618,,2.0,1.61254392770757
631,1469_LeafPhotoB_2025-09-08 16_35_32.382-05_00_0.png,1.0,1.8999520914054349
632,1469_LeafPhotoB_2025-09-08 16_35_32.382-05_00_3.png,1.0,1.9848176554818275
633,1469_LeafPhotoB_2025-09-08 16_35_32.382-05_00_2.png,1.0,1.842449240291442
634,1469_LeafPhotoB_2025-09-08 16_35_32.382-05_00_1.png,1.0,1.8771235675538234
659,1880_LeafPhotoA_2025-09-09 13_17_54.406-05_00_1.png,1.25,2.072619033392325
660,1880_LeafPhotoA_2025-09-09 13_17_54.406-05_00_3.png,1.25,2.0241735872835687
661,1880_LeafPhotoA_2025-09-09 13_17_54.406-05_00_0.png,1.25,1.937301029707522
662,1880_LeafPhotoA_2025-09-09 13_17_54.406-05_00_2.png,1.25,2.049289237815688
663,2257_LeafPhotoA_2025-09-08 12_26_56.434-05_00_0.png,1.25,1.5892608450228156
664,2257_LeafPhotoA_2025-09-08 12_26_56.434-05_00_1.png,1.25,1.7663112479316883
665,2257_LeafPhotoA_2025-09-08 12_26_56.434-05_00_2.png,1.25,1.6590830321061925
666,2257_LeafPhotoA_2025-09-08 12_26_56.434-05_00_3.png,1.25,1.6432586353986665
686,1322_LeafPhotoA_2025-09-08 09_45_01.696-05_00_1.png,1.5,1.6962886033318139
687,1322_LeafPhotoA_2025-09-08 09_45_01.696-05_00_2.png,1.5,1.6422802966606298
688,1322_LeafPhotoA_2025-09-08 09_45_01.696-05_00_3.png,1.5,1.6865948271915894
689,1322_LeafPhotoA_2025-09-08 09_45_01.696-05_00_0.png,1.5,1.6308403338980222
694,2552_LeafPhotoA_2025-09-09 11_07_31.178-05_00_2.png,1.75,1.9191692886039844
695,2552_LeafPhotoA_2025-09-09 11_07_31.178-05_00_1.png,1.75,1.8368312448792932
696,2552_LeafPhotoA_2025-09-09 11_07_31.178-05_00_0.png,1.75,1.9019327319849166
697,2552_LeafPhotoA_2025-09-09 11_07_31.178-05_00_3.png,1.75,1.8193883697410689
713,1322_LeafPhotoA_2025-09-08 09_44_46.085-05_00_2.png,1.5,1.683802997547203
714,1322_LeafPhotoA_2025-09-08 09_44_46.085-05_00_0.png,1.5,1.7379923834953104
715,1322_LeafPhotoA_2025-09-08 09_44_46.085-05_00_3.png,1.5,1.7002044778554668
716,1322_LeafPhotoA_2025-09-08 09_44_46.085-05_00_1.png,1.5,2.010194092368652
719,1813_LeafPhotoA_2025-09-09 09_08_08.790-05_00_1.png,1.75,1.883643128829213
720,1813_LeafPhotoA_2025-09-09 09_08_08.790-05_00_2.png,1.75,1.818532138890898
721,1813_LeafPhotoA_2025-09-09 09_08_08.790-05_00_3.png,1.75,1.9051197946696075
722,1813_LeafPhotoA_2025-09-09 09_08_08.790-05_00_0.png,1.75,1.8573377367091317
753,2156_LeafPhotoA_2025-09-08 12_32_46.869-05_00_0.png,3.25,2.189838199496422
754,2156_LeafPhotoA_2025-09-08 12_32_46.869-05_00_1.png,3.25,2.029173390186148
755,2156_LeafPhotoA_2025-09-08 12_32_46.869-05_00_2.png,3.25,1.9886357185502408
773,2503_LeafPhotoA_2025-09-09 09_58_27.327-05_00_0.png,3.5,2.0440807217445562
774,2503_LeafPhotoA_2025-09-09 09_58_27.327-05_00_1.png,3.5,2.083427795154034
775,2503_LeafPhotoA_2025-09-09 09_58_27.327-05_00_2.png,3.5,2.0332627372412584
776,2503_LeafPhotoA_2025-09-09 09_58_27.327-05_00_3.png,3.5,2.0523688364519685
831,2914_LeafPhotoA_2025-09-09 16_34_44.640-05_00_0.png,3.75,1.9222957010739523
832,2914_LeafPhotoA_2025-09-09 16_34_44.640-05_00_2.png,3.75,1.923905576436271
833,2914_LeafPhotoA_2025-09-09 16_34_44.640-05_00_1.png,3.75,1.910492670377598
834,2914_LeafPhotoA_2025-09-09 16_34_44.640-05_00_3.png,3.75,1.8468067958188286
859,1045_LeafPhotoA_2025-09-08 10_24_39.722-05_00_3.png,1.0,1.9803547973448459
860,1045_LeafPhotoA_2025-09-08 10_24_39.722-05_00_0.png,1.0,1.913359188806874
861,1045_LeafPhotoA_2025-09-08 10_24_39.722-05_00_2.png,1.0,1.93930228913351
862,1045_LeafPhotoA_2025-09-08 10_24_39.722-05_00_1.png,1.0,1.8071370573977967
907,1284_LeafPhotoA_2025-09-08 16_03_49.001-05_00_1.png,1.25,1.938886737210644
908,1284_LeafPhotoA_2025-09-08 16_03_49.001-05_00_0.png,1.25,2.167623886951651
921,,3.75,1.61254392770757
922,1081_LeafPhotoA_2025-09-08 13_14_07.416-05_00_0.png,3.0,1.9445067339472228
923,1081_LeafPhotoA_2025-09-08 13_14_07.416-05_00_1.png,3.0,2.029101578342967
924,1081_LeafPhotoA_2025-09-08 13_14_07.416-05_00_2.png,3.0,2.010788725744983
925,1081_LeafPhotoA_2025-09-08 13_14_07.416-05_00_3.png,3.0,1.6556740548430775
934,1678_LeafPhotoA_2025-09-09 09_34_24.350-05_00_0.png,3.25,1.8880720655548422
935,1678_LeafPhotoA_2025-09-09 09_34_24.350-05_00_1.png,3.25,2.0437981535766236
936,1678_LeafPhotoA_2025-09-09 09_34_24.350-05_00_2.png,3.25,1.9434501199130905
960,1956_LeafPhotoA_2025-09-09 17_17_49.256-05_00_2.png,1.75,2.032357177674891
961,1956_LeafPhotoA_2025-09-09 17_17_49.256-05_00_1.png,1.75,1.9451112010859322
962,1956_LeafPhotoA_2025-09-09 17_17_49.256-05_00_3.png,1.75,1.727233703498864
963,1956_LeafPhotoA_2025-09-09 17_17_49.256-05_00_0.png,1.75,2.198008206694835
964,2897_LeafPhotoA_2025-09-09 13_55_49.813-05_00_1.png,1.25,1.750512142187609
965,2897_LeafPhotoA_2025-09-09 13_55_49.813-05_00_0.png,1.25,1.8850576938299708
966,2897_LeafPhotoA_2025-09-09 13_55_49.813-05_00_2.png,1.25,1.6110329033254975
981,2455_LeafPhotoB_2025-09-08 11_32_47.648-05_00_0.png,4.0,1.9897255782156984
982,2455_LeafPhotoB_2025-09-08 11_32_47.648-05_00_3.png,4.0,2.218639352543365
983,2455_LeafPhotoB_2025-09-08 11_32_47.648-05_00_1.png,4.0,2.062080623642192
984,2455_LeafPhotoB_2025-09-08 11_32_47.648-05_00_2.png,4.0,2.245354901239649
993,,2.75,1.61254392770757
994,1081_LeafPhotoA_2025-09-08 13_14_31.503-05_00_0.png,2.0,1.8912619139881963
995,1081_LeafPhotoA_2025-09-08 13_14_31.503-05_00_1.png,2.0,1.9494141046969036
996,1081_LeafPhotoA_2025-09-08 13_14_31.503-05_00_2.png,2.0,1.7797160228254822
997,1081_LeafPhotoA_2025-09-08 13_14_31.503-05_00_3.png,2.0,1.7355686112871802
998,1872_LeafPhotoA_2025-09-09 17_01_06.251-05_00_1.png,1.5,1.9659299894520361
999,1872_LeafPhotoA_2025-09-09 17_01_06.251-05_00_0.png,1.5,1.7988671046929081
1000,1872_LeafPhotoA_2025-09-09 17_01_06.251-05_00_2.png,1.5,1.8046051639708756
1001,1872_LeafPhotoA_2025-09-09 17_01_06.251-05_00_3.png,1.5,1.8427260364844782
1026,2069_LeafPhotoA_2025-09-08 12_03_26.688-05_00_0.png,1.75,1.9513955023278047
1027,2069_LeafPhotoA_2025-09-08 12_03_26.688-05_00_1.png,1.75,1.8621985748304233
1028,2069_LeafPhotoA_2025-09-08 12_03_26.688-05_00_2.png,1.75,1.8817265319873173
1029,2069_LeafPhotoA_2025-09-08 12_03_26.688-05_00_3.png,1.75,1.9620047775863754
1042,2687_LeafPhotoA_2025-09-09 10_47_11.070-05_00_0.png,1.0,1.79330002013649
1043,2687_LeafPhotoA_2025-09-09 10_47_11.070-05_00_1.png,1.0,1.7771830749431496
1054,1016_LeafPhotoA_2025-09-08 09_49_45.693-05_00_0.png,2.25,1.931054823087451
1055,1016_LeafPhotoA_2025-09-08 09_49_45.693-05_00_1.png,2.25,1.8771113208284027
1056,1016_LeafPhotoA_2025-09-08 09_49_45.693-05_00_2.png,2.25,1.7770327475926941
1057,1016_LeafPhotoA_2025-09-08 09_49_45.693-05_00_3.png,2.25,1.9046196087463019
1085,,1.5,1.61254392770757
1090,2572_LeafPhotoA_2025-09-09 10_48_03.925-05_00_3.png,1.0,1.796931359856658
1091,2572_LeafPhotoA_2025-09-09 10_48_03.925-05_00_2.png,1.0,1.7790876994509062
1092,2572_LeafPhotoA_2025-09-09 10_48_03.925-05_00_0.png,1.0,1.9327120822933512
1093,2572_LeafPhotoA_2025-09-09 10_48_03.925-05_00_1.png,1.0,2.0379534592594997
1094,1483_LeafPhotoB_2025-09-08 16_48_47.018-05_00_0.png,1.75,1.8580220162870011
1095,1483_LeafPhotoB_2025-09-08 16_48_47.018-05_00_1.png,1.75,1.7345347414923313
1096,1483_LeafPhotoB_2025-09-08 16_48_47.018-05_00_3.png,1.75,1.748069013226303
1097,1483_LeafPhotoB_2025-09-08 16_48_47.018-05_00_2.png,1.75,1.8251950117628328
1125,2158_LeafPhotoA_2025-09-08 12_35_42.896-05_00_0.png,1.5,1.7763291586952448
1126,2158_LeafPhotoA_2025-09-08 12_35_42.896-05_00_1.png,1.5,1.8015602831014024
1130,1800_LeafPhotoA_2025-09-09 10_52_27.692-05_00_1.png,1.5,1.7639457712037159
1131,1800_LeafPhotoA_2025-09-09 10_52_27.692-05_00_0.png,1.5,1.861301993756536
1132,1800_LeafPhotoA_2025-09-09 10_52_27.692-05_00_3.png,1.5,1.7232220744632585
1133,1800_LeafPhotoA_2025-09-09 10_52_27.692-05_00_2.png,1.5,1.7878989486108896
1151,1508_LeafPhotoA_2025-09-09 09_02_17.390-05_00_2.png,1.25,1.894801457286427
1152,1508_LeafPhotoA_2025-09-09 09_02_17.390-05_00_1.png,1.25,2.1218099651090685
1153,1508_LeafPhotoA_2025-09-09 09_02_17.390-05_00_0.png,1.25,2.022095682433969
1165,1428_LeafPhotoB_2025-09-08 10_20_54.940-05_00_0.png,1.5,1.941357612467833
1166,1428_LeafPhotoB_2025-09-08 10_20_54.940-05_00_1.png,1.5,1.9672156653935269
1167,1428_LeafPhotoB_2025-09-08 10_20_54.940-05_00_2.png,1.5,1.8143945784271958
1168,1428_LeafPhotoB_2025-09-08 10_20_54.940-05_00_3.png,1.5,1.7790603633364646
1173,1314_LeafPhotoA_2025-09-08 09_31_44.782-05_00_0.png,2.0,1.9920808492588322
1174,1314_LeafPhotoA_2025-09-08 09_31_44.782-05_00_1.png,2.0,1.793840684093114
1175,1314_LeafPhotoA_2025-09-08 09_31_44.782-05_00_3.png,2.0,1.9016614094727735
1176,1314_LeafPhotoA_2025-09-08 09_31_44.782-05_00_2.png,2.0,2.026058093913901
1189,1877_LeafPhotoA_2025-09-09 13_21_11.014-05_00_2.png,2.0,1.8984716278867564
1190,1877_LeafPhotoA_2025-09-09 13_21_11.014-05_00_3.png,2.0,1.9772598839096278
1191,1877_LeafPhotoA_2025-09-09 13_21_11.014-05_00_0.png,2.0,1.7471915383780985
1192,1877_LeafPhotoA_2025-09-09 13_21_11.014-05_00_1.png,2.0,1.8502085833963624
1221,1658_LeafPhotoA_2025-09-09 10_12_25.098-05_00_1.png,1.5,1.824660421441839
1222,1658_LeafPhotoA_2025-09-09 10_12_25.098-05_00_2.png,1.5,1.989357393835685
1223,1658_LeafPhotoA_2025-09-09 10_12_25.098-05_00_3.png,1.5,2.1310097842567974
1224,1658_LeafPhotoA_2025-09-09 10_12_25.098-05_00_0.png,1.5,1.8635675962364844
1269,1864_LeafPhotoA_2025-09-09 13_32_45.370-05_00_1.png,1.25,1.8377780187662052
1270,1864_LeafPhotoA_2025-09-09 13_32_45.370-05_00_0.png,1.25,1.9290155623422842
1271,1864_LeafPhotoA_2025-09-09 13_32_45.370-05_00_2.png,1.25,1.8366099567813727
1272,1864_LeafPhotoA_2025-09-09 13_32_45.370-05_00_3.png,1.25,1.9242905024515145
1273,2763_LeafPhotoA_2025-09-09 16_10_47.493-05_00_0.png,1.5,1.8552478838362032
1274,2763_LeafPhotoA_2025-09-09 16_10_47.493-05_00_2.png,1.5,1.8083701022879026
1275,2763_LeafPhotoA_2025-09-09 16_10_47.493-05_00_1.png,1.5,1.9240293221033355
1276,2763_LeafPhotoA_2025-09-09 16_10_47.493-05_00_3.png,1.5,1.8553590259687633
1281,2694_LeafPhotoA_2025-09-09 10_36_57.596-05_00_3.png,2.0,1.7480189746170907
1282,2694_LeafPhotoA_2025-09-09 10_36_57.596-05_00_1.png,2.0,1.8342630406565081
1283,2694_LeafPhotoA_2025-09-09 10_36_57.596-05_00_2.png,2.0,1.7545616529180519
1284,2694_LeafPhotoA_2025-09-09 10_36_57.596-05_00_0.png,2.0,1.835297823142953
1292,6035_LeafPhotoA_2025-09-09 16_19_41.324-05_00_3.png,1.5,1.6564248293523642
1293,6035_LeafPhotoA_2025-09-09 16_19_41.324-05_00_2.png,1.5,1.7754691399595743
1294,6035_LeafPhotoA_2025-09-09 16_19_41.324-05_00_0.png,1.5,1.5805918665433822
1295,6035_LeafPhotoA_2025-09-09 16_19_41.324-05_00_1.png,1.5,1.6368431557222545
1342,2307_LeafPhotoA_2025-09-08 10_35_04.821-05_00_0.png,1.5,1.9057297573414196
1343,2307_LeafPhotoA_2025-09-08 10_35_04.821-05_00_1.png,1.5,1.9434686568510804
1344,2307_LeafPhotoA_2025-09-08 10_35_04.821-05_00_2.png,1.5,1.9705928927319434
1345,2357_LeafPhotoA_2025-09-08 11_28_10.254-05_00_1.png,1.0,1.7840234532261805
1346,2357_LeafPhotoA_2025-09-08 11_28_10.254-05_00_0.png,1.0,1.8124540850325628
1347,2357_LeafPhotoA_2025-09-08 11_28_10.254-05_00_2.png,1.0,1.747880662319869
1371,2040_LeafPhotoA_2025-09-08 11_19_26.696-05_00_0.png,1.75,1.7954800653704865
1372,2040_LeafPhotoA_2025-09-08 11_19_26.696-05_00_1.png,1.75,1.7956039502763215
1373,2040_LeafPhotoA_2025-09-08 11_19_26.696-05_00_2.png,1.75,1.7073633529071435
1374,2040_LeafPhotoA_2025-09-08 11_19_26.696-05_00_3.png,1.75,1.7665928359592993
1383,1077_LeafPhotoA_2025-09-08 13_10_16.495-05_00_0.png,2.5,1.8732030650096256
1384,1077_LeafPhotoA_2025-09-08 13_10_16.495-05_00_1.png,2.5,1.8440040822878982
1385,1077_LeafPhotoA_2025-09-08 13_10_16.495-05_00_2.png,2.5,1.8241306483428315
1386,1077_LeafPhotoA_2025-09-08 13_10_16.495-05_00_3.png,2.5,1.831151728928215
1412,1119_LeafPhotoA_2025-09-08 10_03_58.358-05_00_1.png,1.75,1.6564306949191672
1413,1119_LeafPhotoA_2025-09-08 10_03_58.358-05_00_3.png,1.75,1.72609303472263
1414,1119_LeafPhotoA_2025-09-08 10_03_58.358-05_00_0.png,1.75,1.872433533330063
1415,1119_LeafPhotoA_2025-09-08 10_03_58.358-05_00_2.png,1.75,1.8888441229889943
1424,1023_LeafPhotoA_2025-09-08 09_57_52.275-05_00_2.png,1.0,2.098068284096741
1425,1023_LeafPhotoA_2025-09-08 09_57_52.275-05_00_1.png,1.0,2.1636616303024234
1426,1023_LeafPhotoA_2025-09-08 09_57_52.275-05_00_0.png,1.0,2.1266998901712637
1432,2169_LeafPhotoA_2025-09-09 12_05_18.887-05_00_1.png,2.0,1.9418253937848686
1433,2169_LeafPhotoA_2025-09-09 12_05_18.887-05_00_0.png,2.0,1.9591520098811352
1434,2169_LeafPhotoA_2025-09-09 12_05_18.887-05_00_2.png,2.0,1.9405369620230086
1435,2169_LeafPhotoA_2025-09-09 12_05_18.887-05_00_3.png,2.0,1.9971068307780666
1446,1428_LeafPhotoA_2025-09-08 09_50_33.027-05_00_0.png,2.0,2.0100775748696624
1447,1428_LeafPhotoA_2025-09-08 09_50_33.027-05_00_1.png,2.0,2.1575520185761095
1448,1428_LeafPhotoA_2025-09-08 09_50_33.027-05_00_2.png,2.0,1.873005584485013
1449,1428_LeafPhotoA_2025-09-08 09_50_33.027-05_00_3.png,2.0,1.8098395396997984
1451,2917_LeafPhotoA_2025-09-09 16_38_04.615-05_00_0.png,1.75,1.7514397654960516
1452,2917_LeafPhotoA_2025-09-09 16_38_04.615-05_00_3.png,1.75,2.046387595806327
1453,2917_LeafPhotoA_2025-09-09 16_38_04.615-05_00_1.png,1.75,1.9048344121800977
1454,2917_LeafPhotoA_2025-09-09 16_38_04.615-05_00_2.png,1.75,2.0137445594387255
1463,1681_LeafPhotoA_2025-09-09 09_29_00.984-05_00_0.png,1.25,1.9754242132861748
1464,1681_LeafPhotoA_2025-09-09 09_29_00.984-05_00_1.png,1.25,2.0345165182510034
1481,2652_LeafPhotoA_2025-09-09 11_26_15.311-05_00_3.png,3.25,1.963844777600763
1482,2652_LeafPhotoA_2025-09-09 11_26_15.311-05_00_1.png,3.25,2.0131184853319604
1483,2652_LeafPhotoA_2025-09-09 11_26_15.311-05_00_0.png,3.25,2.031791929929481
1484,2652_LeafPhotoA_2025-09-09 11_26_15.311-05_00_2.png,3.25,1.9634128721832886
1489,2117_LeafPhotoA_2025-09-08 11_22_01.521-05_00_1.png,2.25,1.6984623998265889
1490,2117_LeafPhotoA_2025-09-08 11_22_01.521-05_00_0.png,2.25,1.774206471338958
1491,2117_LeafPhotoA_2025-09-08 11_22_01.521-05_00_3.png,2.25,1.5719195715315686
1492,2117_LeafPhotoA_2025-09-08 11_22_01.521-05_00_2.png,2.25,1.6782295548274313
1516,1800_LeafPhotoA_2025-09-09 10_53_17.816-05_00_3.png,2.0,1.8118616907795522
1517,1800_LeafPhotoA_2025-09-09 10_53_17.816-05_00_2.png,2.0,1.7746103723498496
1518,1800_LeafPhotoA_2025-09-09 10_53_17.816-05_00_1.png,2.0,1.8025142565848122
1519,1800_LeafPhotoA_2025-09-09 10_53_17.816-05_00_0.png,2.0,1.7137872465578912
1551,1911_LeafPhotoA_2025-09-09 14_48_38.419-05_00_0.png,2.5,1.823571258096425
1552,1911_LeafPhotoA_2025-09-09 14_48_38.419-05_00_1.png,2.5,1.9523698152633167
1553,1911_LeafPhotoA_2025-09-09 14_48_38.419-05_00_2.png,2.5,1.8461248129074677
1554,1911_LeafPhotoA_2025-09-09 14_48_38.419-05_00_3.png,2.5,1.966595984247734
1569,2181_LeafPhotoA_2025-09-09 12_25_47.850-05_00_0.png,4.25,2.17321098387847
1570,2181_LeafPhotoA_2025-09-09 12_25_47.850-05_00_1.png,4.25,1.9427206635571792
1571,2181_LeafPhotoA_2025-09-09 12_25_47.850-05_00_2.png,4.25,2.139037169806351
1572,2181_LeafPhotoA_2025-09-09 12_25_47.850-05_00_3.png,4.25,1.9941605986556772
1585,1412_LeafPhotoB_2025-09-08 10_06_24.412-05_00_3.png,1.25,1.7309143160290963
1586,1412_LeafPhotoB_2025-09-08 10_06_24.412-05_00_1.png,1.25,1.7450014100429145
1587,1412_LeafPhotoB_2025-09-08 10_06_24.412-05_00_2.png,1.25,1.7971293563677475
1588,1412_LeafPhotoB_2025-09-08 10_06_24.412-05_00_0.png,1.25,1.694653024680803
1589,2733_LeafPhotoA_2025-09-09 10_59_34.111-05_00_0.png,3.5,2.0776497868477835
1595,2290_LeafPhotoA_2025-09-08 16_50_22.595-05_00_2.png,2.25,1.9704912274217983
1596,2290_LeafPhotoA_2025-09-08 16_50_22.595-05_00_1.png,2.25,1.903298085969489
1597,2290_LeafPhotoA_2025-09-08 16_50_22.595-05_00_3.png,2.25,1.7948365809645066
1598,2290_LeafPhotoA_2025-09-08 16_50_22.595-05_00_0.png,2.25,1.9521888140950991
1607,2491_LeafPhotoB_2025-09-08 12_06_12.641-05_00_0.png,1.5,1.6957726224136334
1608,2491_LeafPhotoB_2025-09-08 12_06_12.641-05_00_1.png,1.5,1.8301536541118961
1609,2491_LeafPhotoB_2025-09-08 12_06_12.641-05_00_2.png,1.5,1.8488560294154712
1610,2491_LeafPhotoB_2025-09-08 12_06_12.641-05_00_3.png,1.5,1.9478776351934872
1615,1403_LeafPhotoB_2025-09-08 09_57_03.631-05_00_0.png,2.0,1.9454587971327881
1616,1403_LeafPhotoB_2025-09-08 09_57_03.631-05_00_1.png,2.0,2.083078939303302
1617,1403_LeafPhotoB_2025-09-08 09_57_03.631-05_00_2.png,2.0,1.8565467373935838
1618,1403_LeafPhotoB_2025-09-08 09_57_03.631-05_00_3.png,2.0,1.76934227307216
1619,2481_LeafPhotoB_2025-09-08 11_58_03.951-05_00_0.png,2.5,2.0752696011311556
1620,2481_LeafPhotoB_2025-09-08 11_58_03.951-05_00_1.png,2.5,2.0450905797418937
1621,2481_LeafPhotoB_2025-09-08 11_58_03.951-05_00_2.png,2.5,2.0204765258297437
1622,2481_LeafPhotoB_2025-09-08 11_58_03.951-05_00_3.png,2.5,2.00778328960288
1628,1412_LeafPhotoB_2025-09-08 10_06_46.177-05_00_1.png,1.25,1.7172294245062008
1629,1412_LeafPhotoB_2025-09-08 10_06_46.177-05_00_3.png,1.25,1.8387292630225698
1630,1412_LeafPhotoB_2025-09-08 10_06_46.177-05_00_0.png,1.25,1.821210047155287
1631,1412_LeafPhotoB_2025-09-08 10_06_46.177-05_00_2.png,1.25,1.845538354213835
1639,1230_LeafPhotoA_2025-09-08 10_14_02.865-05_00_0.png,1.5,1.723979812442783
1640,1230_LeafPhotoA_2025-09-08 10_14_02.865-05_00_1.png,1.5,1.719281264011938
1641,1230_LeafPhotoA_2025-09-08 10_14_02.865-05_00_2.png,1.5,1.828929376791508
1642,1230_LeafPhotoA_2025-09-08 10_14_02.865-05_00_3.png,1.5,1.7884568748862713
1667,2551_LeafPhotoA_2025-09-09 11_08_14.599-05_00_0.png,1.75,1.7566427589975402
1668,2551_LeafPhotoA_2025-09-09 11_08_14.599-05_00_2.png,1.75,1.906552144607038
1669,2551_LeafPhotoA_2025-09-09 11_08_14.599-05_00_3.png,1.75,1.819020059241532
1670,2551_LeafPhotoA_2025-09-09 11_08_14.599-05_00_1.png,1.75,1.8189331796863502
1674,1130_LeafPhotoA_2025-09-08 10_20_05.265-05_00_0.png,3.25,1.736407215383357
1675,1130_LeafPhotoA_2025-09-08 10_20_05.265-05_00_1.png,3.25,1.8362606969738968
1676,1130_LeafPhotoA_2025-09-08 10_20_05.265-05_00_2.png,3.25,1.8337163281710993
1677,1130_LeafPhotoA_2025-09-08 10_20_05.265-05_00_3.png,3.25,1.8044734028642813
1684,2191_LeafPhotoA_2025-09-08 17_16_00.546-05_00_0.png,1.5,1.7468670713558232
1685,2191_LeafPhotoA_2025-09-08 17_16_00.546-05_00_1.png,1.5,1.7096984376320925
1686,2191_LeafPhotoA_2025-09-08 17_16_00.546-05_00_2.png,1.5,1.8419324382671414
1687,2992_LeafPhotoA_2025-09-09 16_46_31.136-05_00_3.png,2.25,2.162324572429959
1688,2992_LeafPhotoA_2025-09-09 16_46_31.136-05_00_1.png,2.25,2.236078939366395
1689,2992_LeafPhotoA_2025-09-09 16_46_31.136-05_00_0.png,2.25,2.0402126168424917
1690,2992_LeafPhotoA_2025-09-09 16_46_31.136-05_00_2.png,2.25,2.1234650968025472
1702,2687_LeafPhotoA_2025-09-09 10_47_32.733-05_00_0.png,1.25,1.8159197762752814
1703,2687_LeafPhotoA_2025-09-09 10_47_32.733-05_00_1.png,1.25,1.7683996513542994
1714,1205_LeafPhotoA_2025-09-08 09_27_17.999-05_00_0.png,1.25,1.5844702126228107
1715,1205_LeafPhotoA_2025-09-08 09_27_17.999-05_00_1.png,1.25,1.643768046584585
1716,1205_LeafPhotoA_2025-09-08 09_27_17.999-05_00_2.png,1.25,1.6689716542353203
1717,1205_LeafPhotoA_2025-09-08 09_27_17.999-05_00_3.png,1.25,1.5910596620871371
1722,2450_LeafPhotoB_2025-09-08 11_25_27.986-05_00_0.png,1.5,1.8426317278621331
1723,2450_LeafPhotoB_2025-09-08 11_25_27.986-05_00_2.png,1.5,1.6693643010406989
1724,2450_LeafPhotoB_2025-09-08 11_25_27.986-05_00_3.png,1.5,1.6961269940003125
1725,2450_LeafPhotoB_2025-09-08 11_25_27.986-05_00_1.png,1.5,1.76231279494875
1734,2763_LeafPhotoA_2025-09-09 16_11_24.849-05_00_0.png,1.75,2.0788519534019354
1735,2763_LeafPhotoA_2025-09-09 16_11_24.849-05_00_1.png,1.75,2.1238261184241143
1755,1617_LeafPhotoA_2025-09-09 09_43_56.607-05_00_3.png,1.5,1.9692290850663883
1756,1617_LeafPhotoA_2025-09-09 09_43_56.607-05_00_0.png,1.5,1.8266471280214034
1757,1617_LeafPhotoA_2025-09-09 09_43_56.607-05_00_1.png,1.5,1.670452070673455
1758,1617_LeafPhotoA_2025-09-09 09_43_56.607-05_00_2.png,1.5,1.7402132761701024
1759,2272_LeafPhotoA_2025-09-08 17_11_05.980-05_00_0.png,2.25,1.8334296111377553
1760,2272_LeafPhotoA_2025-09-08 17_11_05.980-05_00_1.png,2.25,1.8371664791445672
1776,2315_LeafPhotoA_2025-09-08 10_43_18.717-05_00_0.png,2.0,1.6904909950931724
1777,2315_LeafPhotoA_2025-09-08 10_43_18.717-05_00_1.png,2.0,1.6888351098962298
1778,2315_LeafPhotoA_2025-09-08 10_43_18.717-05_00_2.png,2.0,1.7348748540358212
1779,2315_LeafPhotoA_2025-09-08 10_43_18.717-05_00_3.png,2.0,1.6563198023086552
1780,1423_LeafPhotoB_2025-09-08 10_15_40.160-05_00_1.png,3.0,1.9360572049907867
1781,1423_LeafPhotoB_2025-09-08 10_15_40.160-05_00_3.png,3.0,1.8141916511823875
1782,1423_LeafPhotoB_2025-09-08 10_15_40.160-05_00_0.png,3.0,1.7850448157591992
1783,1423_LeafPhotoB_2025-09-08 10_15_40.160-05_00_2.png,3.0,1.8383274178750049
1784,1016_LeafPhotoA_2025-09-08 09_49_16.143-05_00_0.png,2.5,1.7847710038002844
1785,1016_LeafPhotoA_2025-09-08 09_49_16.143-05_00_1.png,2.5,1.9913050509754278
1786,1016_LeafPhotoA_2025-09-08 09_49_16.143-05_00_2.png,2.5,2.0038812801351953
1787,1016_LeafPhotoA_2025-09-08 09_49_16.143-05_00_3.png,2.5,1.8329104062821542
1792,2526_LeafPhotoA_2025-09-09 10_24_08.055-05_00_3.png,1.75,1.8885868948182327
1793,2526_LeafPhotoA_2025-09-09 10_24_08.055-05_00_1.png,1.75,1.9749211435937335
1794,2526_LeafPhotoA_2025-09-09 10_24_08.055-05_00_0.png,1.75,1.9688980070926687
1795,2526_LeafPhotoA_2025-09-09 10_24_08.055-05_00_2.png,1.75,1.9269126228585745
1812,2037_LeafPhotoA_2025-09-08 11_16_12.785-05_00_3.png,2.0,2.141029810057882
1813,2037_LeafPhotoA_2025-09-08 11_16_12.785-05_00_2.png,2.0,2.1090471359686616
1814,2037_LeafPhotoA_2025-09-08 11_16_12.785-05_00_1.png,2.0,2.2025245126659163
1815,2037_LeafPhotoA_2025-09-08 11_16_12.785-05_00_0.png,2.0,2.043810106843354
1816,2269_LeafPhotoA_2025-09-08 17_13_41.456-05_00_0.png,2.5,1.8766967912145693
1817,2269_LeafPhotoA_2025-09-08 17_13_41.456-05_00_2.png,2.5,1.80305030388831
1818,2269_LeafPhotoA_2025-09-08 17_13_41.456-05_00_3.png,2.5,2.048576188052897
1819,2269_LeafPhotoA_2025-09-08 17_13_41.456-05_00_1.png,2.5,1.8099121109503025
1835,1981_LeafPhotoA_2025-09-09 16_40_09.824-05_00_2.png,1.0,1.7724828444232734
1836,1981_LeafPhotoA_2025-09-09 16_40_09.824-05_00_0.png,1.0,1.7148514926926808
1837,1981_LeafPhotoA_2025-09-09 16_40_09.824-05_00_3.png,1.0,1.612113715285833
1838,1981_LeafPhotoA_2025-09-09 16_40_09.824-05_00_1.png,1.0,1.7109945755944687
1843,1392_LeafPhotoA_2025-09-08 13_12_01.932-05_00_0.png,2.25,1.9648291919128542
1844,1392_LeafPhotoA_2025-09-08 13_12_01.932-05_00_1.png,2.25,1.9353314646189197
1845,1392_LeafPhotoA_2025-09-08 13_12_01.932-05_00_2.png,2.25,1.960377571669925
1846,1392_LeafPhotoA_2025-09-08 13_12_01.932-05_00_3.png,2.25,1.8981643273293924
1902,1209_LeafPhotoA_2025-09-08 09_36_46.496-05_00_0.png,1.0,1.815330615002526
1903,1209_LeafPhotoA_2025-09-08 09_36_46.496-05_00_1.png,1.0,1.8621274956446205
1904,1209_LeafPhotoA_2025-09-08 09_36_46.496-05_00_3.png,1.0,1.8325515985669816
1905,1209_LeafPhotoA_2025-09-08 09_36_46.496-05_00_2.png,1.0,1.8308706181334256
1906,1487_LeafPhotoB_2025-09-08 16_51_33.738-05_00_0.png,1.75,1.8119085949296994
1907,1487_LeafPhotoB_2025-09-08 16_51_33.738-05_00_1.png,1.75,1.8265834054576313
1908,1487_LeafPhotoB_2025-09-08 16_51_33.738-05_00_2.png,1.75,1.8936162884337326
1909,1487_LeafPhotoB_2025-09-08 16_51_33.738-05_00_3.png,1.75,1.6917172746360505
1928,2717_LeafPhotoA_2025-09-09 10_36_42.002-05_00_1.png,4.5,2.066417850129103
1929,2717_LeafPhotoA_2025-09-09 10_36_42.002-05_00_3.png,4.5,2.206647751543261
1930,2717_LeafPhotoA_2025-09-09 10_36_42.002-05_00_0.png,4.5,2.0478401311168932
1931,2717_LeafPhotoA_2025-09-09 10_36_42.002-05_00_2.png,4.5,1.8933599254162699
1989,2723_LeafPhotoA_2025-09-09 10_44_34.871-05_00_1.png,3.25,2.0375661782157035
1990,2723_LeafPhotoA_2025-09-09 10_44_34.871-05_00_0.png,3.25,2.111823046291193
1991,2723_LeafPhotoA_2025-09-09 10_44_34.871-05_00_2.png,3.25,2.1054769600414325
1992,2723_LeafPhotoA_2025-09-09 10_44_34.871-05_00_3.png,3.25,1.9179282000652214
1993,1125_LeafPhotoA_2025-09-08 10_12_23.672-05_00_2.png,1.75,1.7649331757893696
1994,1125_LeafPhotoA_2025-09-08 10_12_23.672-05_00_1.png,1.75,1.7913039690935049
1995,1125_LeafPhotoA_2025-09-08 10_12_23.672-05_00_3.png,1.75,1.776250120437163
1996,1125_LeafPhotoA_2025-09-08 10_12_23.672-05_00_0.png,1.75,1.7083995319615244
1997,2678_LeafPhotoA_2025-09-09 11_04_41.551-05_00_1.png,2.0,2.046532594784982
1998,2678_LeafPhotoA_2025-09-09 11_04_41.551-05_00_2.png,2.0,2.1733916207134674
1999,2678_LeafPhotoA_2025-09-09 11_04_41.551-05_00_0.png,2.0,2.2366001597919434
2005,2040_LeafPhotoA_2025-09-08 11_19_56.770-05_00_0.png,2.5,1.8265731786568937
2006,2040_LeafPhotoA_2025-09-08 11_19_56.770-05_00_1.png,2.5,1.6904927636983424
2007,2040_LeafPhotoA_2025-09-08 11_19_56.770-05_00_2.png,2.5,1.7658870252393388
2008,2040_LeafPhotoA_2025-09-08 11_19_56.770-05_00_3.png,2.5,1.7088380809010266
2023,2229_LeafPhotoA_2025-09-08 11_33_21.108-05_00_2.png,2.0,1.916050151034949
2024,2229_LeafPhotoA_2025-09-08 11_33_21.108-05_00_0.png,2.0,1.9062281846469875
2025,2229_LeafPhotoA_2025-09-08 11_33_21.108-05_00_1.png,2.0,1.8374920191312163
2026,2229_LeafPhotoA_2025-09-08 11_33_21.108-05_00_3.png,2.0,1.8090388024320871
2034,5010_LeafPhotoA_2025-09-09 16_12_11.860-05_00_0.png,1.25,1.614826768353605
2035,5010_LeafPhotoA_2025-09-09 16_12_11.860-05_00_2.png,1.25,1.610906037810015
2036,5010_LeafPhotoA_2025-09-09 16_12_11.860-05_00_3.png,1.25,1.6502796223988536
2037,5010_LeafPhotoA_2025-09-09 16_12_11.860-05_00_1.png,1.25,1.651759510563556
2042,1125_LeafPhotoA_2025-09-08 10_13_03.747-05_00_2.png,1.25,1.8176365692378662
2043,1125_LeafPhotoA_2025-09-08 10_13_03.747-05_00_3.png,1.25,1.6617177012860174
2044,1125_LeafPhotoA_2025-09-08 10_13_03.747-05_00_1.png,1.25,2.028859937746186
2045,1125_LeafPhotoA_2025-09-08 10_13_03.747-05_00_0.png,1.25,1.971193947166955
2059,2750_LeafPhotoA_2025-09-09 11_21_52.462-05_00_0.png,1.5,1.7888217566934912
2060,2750_LeafPhotoA_2025-09-09 11_21_52.462-05_00_1.png,1.5,1.825892733955124
2061,2750_LeafPhotoA_2025-09-09 11_21_52.462-05_00_2.png,1.5,1.7199410767345282
2062,2750_LeafPhotoA_2025-09-09 11_21_52.462-05_00_3.png,1.5,1.972636427021659
2063,1258_LeafPhotoA_2025-09-08 16_31_15.963-05_00_2.png,2.25,2.112820780723995
2064,1258_LeafPhotoA_2025-09-08 16_31_15.963-05_00_1.png,2.25,2.0516675204471766
2065,1258_LeafPhotoA_2025-09-08 16_31_15.963-05_00_3.png,2.25,1.9890362117927542
2066,1258_LeafPhotoA_2025-09-08 16_31_15.963-05_00_0.png,2.25,1.8472179526766754
2099,2037_LeafPhotoA_2025-09-08 11_16_27.368-05_00_2.png,1.75,2.0256485165792557
2100,2037_LeafPhotoA_2025-09-08 11_16_27.368-05_00_3.png,1.75,2.0692631370701355
2101,2037_LeafPhotoA_2025-09-08 11_16_27.368-05_00_1.png,1.75,1.8583792389590321
2102,2037_LeafPhotoA_2025-09-08 11_16_27.368-05_00_0.png,1.75,1.9482183825040935
2111,2678_LeafPhotoA_2025-09-09 11_04_09.961-05_00_1.png,2.0,1.972811941748159
2112,2678_LeafPhotoA_2025-09-09 11_04_09.961-05_00_0.png,2.0,1.8582707062808408
2113,2678_LeafPhotoA_2025-09-09 11_04_09.961-05_00_2.png,2.0,2.011088590137932
2114,1944_LeafPhotoA_2025-09-09 16_01_21.249-05_00_0.png,2.5,2.0324194713256727
2115,1944_LeafPhotoA_2025-09-09 16_01_21.249-05_00_1.png,2.5,2.0594284500906626
2116,1944_LeafPhotoA_2025-09-09 16_01_21.249-05_00_2.png,2.5,2.1586282485131307
2117,1944_LeafPhotoA_2025-09-09 16_01_21.249-05_00_3.png,2.5,1.9932859293121834
2125,2434_LeafPhotoB_2025-09-08 11_10_53.702-05_00_0.png,1.5,1.8643315472676087
2126,2434_LeafPhotoB_2025-09-08 11_10_53.702-05_00_1.png,1.5,1.9420981425198358
2127,2434_LeafPhotoB_2025-09-08 11_10_53.702-05_00_2.png,1.5,1.9031467443200827
2128,2434_LeafPhotoB_2025-09-08 11_10_53.702-05_00_3.png,1.5,1.8280550786717584
2141,1127_LeafPhotoA_2025-09-08 10_15_24.325-05_00_0.png,2.5,1.771635764317919
2142,1127_LeafPhotoA_2025-09-08 10_15_24.325-05_00_1.png,2.5,1.7845795418273882
2143,1127_LeafPhotoA_2025-09-08 10_15_24.325-05_00_2.png,2.5,1.9308987770901618
2144,1127_LeafPhotoA_2025-09-08 10_15_24.325-05_00_3.png,2.5,1.7667786440117015
2198,1493_LeafPhotoB_2025-09-08 16_57_00.908-05_00_2.png,2.5,1.9863333364570903
2199,1493_LeafPhotoB_2025-09-08 16_57_00.908-05_00_0.png,2.5,1.9684311329097022
2200,1493_LeafPhotoB_2025-09-08 16_57_00.908-05_00_1.png,2.5,2.0228488296310374
2201,1493_LeafPhotoB_2025-09-08 16_57_00.908-05_00_3.png,2.5,1.9553860706032145
2218,1877_LeafPhotoA_2025-09-09 13_21_50.382-05_00_1.png,1.25,1.8558604868925457
2219,1877_LeafPhotoA_2025-09-09 13_21_50.382-05_00_3.png,1.25,1.8632538527715943
2220,1877_LeafPhotoA_2025-09-09 13_21_50.382-05_00_2.png,1.25,1.8345277941550209
2221,1877_LeafPhotoA_2025-09-09 13_21_50.382-05_00_0.png,1.25,1.7267373296503754
2222,,2.0,1.61254392770757
2226,1582_LeafPhotoA_2025-09-09 09_42_32.403-05_00_1.png,2.25,1.759571682491164
2227,1582_LeafPhotoA_2025-09-09 09_42_32.403-05_00_2.png,2.25,1.7869480727672826
2228,1582_LeafPhotoA_2025-09-09 09_42_32.403-05_00_3.png,2.25,1.9128482533105353
2229,1582_LeafPhotoA_2025-09-09 09_42_32.403-05_00_0.png,2.25,1.9230380126261877
2235,2477_LeafPhotoB_2025-09-08 11_52_47.408-05_00_3.png,3.25,2.0478698068021886
2236,2477_LeafPhotoB_2025-09-08 11_52_47.408-05_00_2.png,3.25,2.060878926561808
2237,2477_LeafPhotoB_2025-09-08 11_52_47.408-05_00_1.png,3.25,2.0398795427944494
2238,2477_LeafPhotoB_2025-09-08 11_52_47.408-05_00_0.png,3.25,1.9515253953670193
2286,1067_LeafPhotoA_2025-09-08 12_59_13.071-05_00_0.png,1.25,1.8006007304582676
2287,1067_LeafPhotoA_2025-09-08 12_59_13.071-05_00_2.png,1.25,1.8346721809684885
2288,1067_LeafPhotoA_2025-09-08 12_59_13.071-05_00_3.png,1.25,1.8298378689070327
2289,1067_LeafPhotoA_2025-09-08 12_59_13.071-05_00_1.png,1.25,1.8066877817462796
2298,1311_LeafPhotoA_2025-09-08 09_27_50.762-05_00_3.png,2.25,1.8740796677401863
2299,1311_LeafPhotoA_2025-09-08 09_27_50.762-05_00_0.png,2.25,1.9474444182489117
2300,1311_LeafPhotoA_2025-09-08 09_27_50.762-05_00_2.png,2.25,1.8395932352646407
2301,1311_LeafPhotoA_2025-09-08 09_27_50.762-05_00_1.png,2.25,1.7882625659769256
2310,1627_LeafPhotoA_2025-09-09 10_06_34.203-05_00_0.png,1.5,1.7438500432987434
2311,1627_LeafPhotoA_2025-09-09 10_06_34.203-05_00_1.png,1.5,1.7236768379579575
2312,1627_LeafPhotoA_2025-09-09 10_06_34.203-05_00_2.png,1.5,1.7083368271171349
2313,1627_LeafPhotoA_2025-09-09 10_06_34.203-05_00_3.png,1.5,1.7420552508126754
2329,2717_LeafPhotoA_2025-09-09 10_36_52.862-05_00_1.png,3.25,1.868570716463459
2330,2717_LeafPhotoA_2025-09-09 10_36_52.862-05_00_2.png,3.25,1.9149655207354985
2331,2717_LeafPhotoA_2025-09-09 10_36_52.862-05_00_0.png,3.25,1.9342081502102684
2332,1130_LeafPhotoA_2025-09-08 10_20_33.571-05_00_3.png,1.75,1.8067545971178984
2333,1130_LeafPhotoA_2025-09-08 10_20_33.571-05_00_0.png,1.75,1.775055606578718
2334,1130_LeafPhotoA_2025-09-08 10_20_33.571-05_00_2.png,1.75,1.8799046987329067
2335,1130_LeafPhotoA_2025-09-08 10_20_33.571-05_00_1.png,1.75,1.769316568340393
2362,2207_LeafPhotoA_2025-09-08 10_54_55.448-05_00_0.png,1.25,1.7787145814214917
2363,2207_LeafPhotoA_2025-09-08 10_54_55.448-05_00_1.png,1.25,1.8046700971806175
2364,2207_LeafPhotoA_2025-09-08 10_54_55.448-05_00_2.png,1.25,1.7319628928016968
2365,2207_LeafPhotoA_2025-09-08 10_54_55.448-05_00_3.png,1.25,1.8444487347756615
2370,1617_LeafPhotoA_2025-09-09 09_44_34.252-05_00_2.png,1.5,2.1642690204478625
2371,1617_LeafPhotoA_2025-09-09 09_44_34.252-05_00_0.png,1.5,2.2349850395468507
2372,1617_LeafPhotoA_2025-09-09 09_44_34.252-05_00_1.png,1.5,2.2988976612429113
2405,1184_LeafPhotoA_2025-09-08 16_08_30.015-05_00_0.png,2.75,2.0436642106992684
2406,1184_LeafPhotoA_2025-09-08 16_08_30.015-05_00_3.png,2.75,1.981793854303696
2407,1184_LeafPhotoA_2025-09-08 16_08_30.015-05_00_1.png,2.75,1.9415460384062022
2408,1184_LeafPhotoA_2025-09-08 16_08_30.015-05_00_2.png,2.75,1.9381642953320237
2475,2338_LeafPhotoA_2025-09-08 11_06_38.534-05_00_0.png,3.5,2.00864000892039
2476,2338_LeafPhotoA_2025-09-08 11_06_38.534-05_00_2.png,3.5,2.0019178915594975
2477,2338_LeafPhotoA_2025-09-08 11_06_38.534-05_00_1.png,3.5,1.9759615372399544
2478,2338_LeafPhotoA_2025-09-08 11_06_38.534-05_00_3.png,3.5,1.9498483679700203
2498,1644_LeafPhotoA_2025-09-09 10_35_13.308-05_00_0.png,1.25,1.7600370958026976
2499,1644_LeafPhotoA_2025-09-09 10_35_13.308-05_00_1.png,1.25,1.7405927554557576
2500,1644_LeafPhotoA_2025-09-09 10_35_13.308-05_00_2.png,1.25,1.6753344066655302
2501,1644_LeafPhotoA_2025-09-09 10_35_13.308-05_00_3.png,1.25,1.7762757836351704
2506,2981_LeafPhotoA_2025-09-09 16_33_03.761-05_00_1.png,2.5,1.9800159004960796
2507,2981_LeafPhotoA_2025-09-09 16_33_03.761-05_00_2.png,2.5,1.9032519480446988
2508,2981_LeafPhotoA_2025-09-09 16_33_03.761-05_00_0.png,2.5,2.142507309745531
2513,1731_LeafPhotoA_2025-09-09 09_38_23.442-05_00_0.png,1.5,1.8146304038520915
2514,1731_LeafPhotoA_2025-09-09 09_38_23.442-05_00_1.png,1.5,1.95773026533392
2515,1731_LeafPhotoA_2025-09-09 09_38_23.442-05_00_2.png,1.5,2.1634276305265088
2572,2466_LeafPhotoB_2025-09-08 11_42_42.225-05_00_1.png,1.0,1.8641953185233324
2573,2466_LeafPhotoB_2025-09-08 11_42_42.225-05_00_0.png,1.0,1.795496835436344
2574,2466_LeafPhotoB_2025-09-08 11_42_42.225-05_00_3.png,1.0,1.730723231736875
2575,2466_LeafPhotoB_2025-09-08 11_42_42.225-05_00_2.png,1.0,1.7341562359732967
2584,2877_LeafPhotoA_2025-09-09 14_42_55.104-05_00_0.png,1.25,1.7896921373099282
2585,2877_LeafPhotoA_2025-09-09 14_42_55.104-05_00_2.png,1.25,1.808640431064599
2586,2877_LeafPhotoA_2025-09-09 14_42_55.104-05_00_1.png,1.25,1.9156301931669355
2587,2877_LeafPhotoA_2025-09-09 14_42_55.104-05_00_3.png,1.25,1.7799981155070552
2629,,1.5,1.61254392770757
2634,2169_LeafPhotoA_2025-09-09 12_05_10.533-05_00_0.png,2.25,2.0895467208149827
2666,2568_LeafPhotoA_2025-09-09 10_50_54.288-05_00_0.png,1.25,1.9432510601256978
2667,2568_LeafPhotoA_2025-09-09 10_50_54.288-05_00_3.png,1.25,1.9589716793972065
2668,2568_LeafPhotoA_2025-09-09 10_50_54.288-05_00_2.png,1.25,1.9468748922995005
2669,2568_LeafPhotoA_2025-09-09 10_50_54.288-05_00_1.png,1.25,1.9289173572358793
2674,1873_LeafPhotoA_2025-09-09 13_24_25.512-05_00_3.png,2.25,1.8612231333969067
2675,1873_LeafPhotoA_2025-09-09 13_24_25.512-05_00_0.png,2.25,2.0475130555275776
2676,1873_LeafPhotoA_2025-09-09 13_24_25.512-05_00_1.png,2.25,2.1044431034530815
2677,1873_LeafPhotoA_2025-09-09 13_24_25.512-05_00_2.png,2.25,2.0226929746594986
2678,1657_LeafPhotoA_2025-09-09 10_13_53.773-05_00_1.png,1.25,1.6345005426491626
2679,1657_LeafPhotoA_2025-09-09 10_13_53.773-05_00_0.png,1.25,1.8215891719233306
2683,1873_LeafPhotoA_2025-09-09 13_25_03.055-05_00_2.png,2.75,1.9025579066441716
2684,1873_LeafPhotoA_2025-09-09 13_25_03.055-05_00_1.png,2.75,1.9472774324260524
2685,1873_LeafPhotoA_2025-09-09 13_25_03.055-05_00_3.png,2.75,1.773670500941377
2686,1873_LeafPhotoA_2025-09-09 13_25_03.055-05_00_0.png,2.75,1.9296163706501719
2699,2066_LeafPhotoA_2025-09-08 12_00_00.120-05_00_1.png,1.5,1.7240822544811996
2700,2066_LeafPhotoA_2025-09-08 12_00_00.120-05_00_0.png,1.5,1.9629750559723078
2701,2066_LeafPhotoA_2025-09-08 12_00_00.120-05_00_3.png,1.5,1.9650665730656314
2702,2066_LeafPhotoA_2025-09-08 12_00_00.120-05_00_2.png,1.5,1.8307860117299821
2707,1877_LeafPhotoA_2025-09-09 13_21_29.026-05_00_1.png,2.5,1.8839734107871084
2708,1877_LeafPhotoA_2025-09-09 13_21_29.026-05_00_2.png,2.5,1.8269793135973733
2709,1877_LeafPhotoA_2025-09-09 13_21_29.026-05_00_0.png,2.5,1.9193585842034084
2710,1877_LeafPhotoA_2025-09-09 13_21_29.026-05_00_3.png,2.5,1.8409727623476786
2715,1149_LeafPhotoA_2025-09-08 10_47_32.215-05_00_0.png,2.25,1.9737752201828842
2716,1149_LeafPhotoA_2025-09-08 10_47_32.215-05_00_1.png,2.25,2.051905805465286
2717,1149_LeafPhotoA_2025-09-08 10_47_32.215-05_00_2.png,2.25,2.0735030359163975
2718,1149_LeafPhotoA_2025-09-08 10_47_32.215-05_00_3.png,2.25,1.9041532805013708
2730,1359_LeafPhotoA_2025-09-08 12_38_47.936-05_00_2.png,2.0,1.8722219526138966
2731,1359_LeafPhotoA_2025-09-08 12_38_47.936-05_00_0.png,2.0,1.9212896838256968
2732,1359_LeafPhotoA_2025-09-08 12_38_47.936-05_00_1.png,2.0,1.7813231036853698
2741,2992_LeafPhotoA_2025-09-09 16_46_47.466-05_00_0.png,1.5,1.7931866414754611
2742,2992_LeafPhotoA_2025-09-09 16_46_47.466-05_00_1.png,1.5,2.070333241736226
2743,2992_LeafPhotoA_2025-09-09 16_46_47.466-05_00_2.png,1.5,2.173358022017007
2744,2992_LeafPhotoA_2025-09-09 16_46_47.466-05_00_3.png,1.5,1.797949582409335
2801,2071_LeafPhotoA_2025-09-08 12_05_40.977-05_00_0.png,1.75,1.874595699430054
2802,2071_LeafPhotoA_2025-09-08 12_05_40.977-05_00_1.png,1.75,1.8203431475255791
2803,2071_LeafPhotoA_2025-09-08 12_05_40.977-05_00_2.png,1.75,1.9638982347215557
2804,2071_LeafPhotoA_2025-09-08 12_05_40.977-05_00_3.png,1.75,1.9074844827890969
2806,,2.5,1.61254392770757
2846,1553_LeafPhotoA_2025-09-09 10_18_50.828-05_00_0.png,1.5,1.9147577572563443
2847,1553_LeafPhotoA_2025-09-09 10_18_50.828-05_00_1.png,1.5,1.7458066364011473
2848,1553_LeafPhotoA_2025-09-09 10_18_50.828-05_00_2.png,1.5,1.7517376163917149
2849,1553_LeafPhotoA_2025-09-09 10_18_50.828-05_00_3.png,1.5,1.6611225655109547
2872,2826_LeafPhotoA_2025-09-09 10_42_31.280-05_00_0.png,2.0,1.9408158015982142
2873,2826_LeafPhotoA_2025-09-09 10_42_31.280-05_00_1.png,2.0,1.7768065510703506
2874,2826_LeafPhotoA_2025-09-09 10_42_31.280-05_00_2.png,2.0,1.9479361481808621
2875,2826_LeafPhotoA_2025-09-09 10_42_31.280-05_00_3.png,2.0,1.7589816858622982
2888,2831_LeafPhotoA_2025-09-09 10_48_28.918-05_00_1.png,2.0,1.9933966663415925
2889,2831_LeafPhotoA_2025-09-09 10_48_28.918-05_00_0.png,2.0,1.8622076836092298
2890,2831_LeafPhotoA_2025-09-09 10_48_28.918-05_00_2.png,2.0,1.7695212331957684
2898,2478_LeafPhotoB_2025-09-08 11_54_11.812-05_00_0.png,1.75,1.8958567885462612
2899,2478_LeafPhotoB_2025-09-08 11_54_11.812-05_00_1.png,1.75,1.9947965479974965
2900,2478_LeafPhotoB_2025-09-08 11_54_11.812-05_00_2.png,1.75,1.9843725666117213
2901,2478_LeafPhotoB_2025-09-08 11_54_11.812-05_00_3.png,1.75,2.023450065359423
2924,1464_LeafPhotoB_2025-09-08 16_27_57.851-05_00_3.png,1.75,1.7924124771776422
2925,1464_LeafPhotoB_2025-09-08 16_27_57.851-05_00_2.png,1.75,1.955637415370739
2926,1464_LeafPhotoB_2025-09-08 16_27_57.851-05_00_1.png,1.75,2.0924380780803857
2927,1464_LeafPhotoB_2025-09-08 16_27_57.851-05_00_0.png,1.75,2.081793853945281
2940,2290_LeafPhotoA_2025-09-08 16_50_03.639-05_00_2.png,1.5,1.8628058452488236
2941,2290_LeafPhotoA_2025-09-08 16_50_03.639-05_00_1.png,1.5,1.8729332833757661
2942,2290_LeafPhotoA_2025-09-08 16_50_03.639-05_00_0.png,1.5,1.9269524809743708
2943,2290_LeafPhotoA_2025-09-08 16_50_03.639-05_00_3.png,1.5,1.8273167579754253
2972,1032_LeafPhotoA_2025-09-08 10_07_30.322-05_00_2.png,1.75,1.8860642202788833
2973,1032_LeafPhotoA_2025-09-08 10_07_30.322-05_00_0.png,1.75,1.9174329050077912
2974,1032_LeafPhotoA_2025-09-08 10_07_30.322-05_00_3.png,1.75,2.194603518050042
2975,1032_LeafPhotoA_2025-09-08 10_07_30.322-05_00_1.png,1.75,1.8891142844929716
3015,1877_LeafPhotoA_2025-09-09 17_04_42.599-05_00_2.png,2.25,1.8278537999533784
3016,1877_LeafPhotoA_2025-09-09 17_04_42.599-05_00_3.png,2.25,1.9584580803183758
3017,1877_LeafPhotoA_2025-09-09 17_04_42.599-05_00_0.png,2.25,1.7777653061565866
3018,1877_LeafPhotoA_2025-09-09 17_04_42.599-05_00_1.png,2.25,1.8801394125605837
3035,2737_LeafPhotoA_2025-09-09 11_04_04.650-05_00_0.png,3.25,1.8046648331512418
3036,2737_LeafPhotoA_2025-09-09 11_04_04.650-05_00_1.png,3.25,1.825799756334028
3037,2737_LeafPhotoA_2025-09-09 11_04_04.650-05_00_2.png,3.25,1.8773751458124937
3038,2737_LeafPhotoA_2025-09-09 11_04_04.650-05_00_3.png,3.25,1.7448481429252394
3043,1903_LeafPhotoA_2025-09-09 14_22_36.498-05_00_1.png,2.5,2.1117264848222064
3044,1903_LeafPhotoA_2025-09-09 14_22_36.498-05_00_2.png,2.5,1.9507300272074857
3045,1903_LeafPhotoA_2025-09-09 14_22_36.498-05_00_0.png,2.5,1.9065006696063431
3046,1903_LeafPhotoA_2025-09-09 14_22_36.498-05_00_3.png,2.5,1.741541781430857
3047,,1.75,1.61254392770757
3056,1712_LeafPhotoA_2025-09-09 09_07_57.472-05_00_0.png,3.5,2.0259294435972306
3057,1712_LeafPhotoA_2025-09-09 09_07_57.472-05_00_1.png,3.5,2.193212760327262
3058,1712_LeafPhotoA_2025-09-09 09_07_57.472-05_00_2.png,3.5,2.0740651475663574
3059,1712_LeafPhotoA_2025-09-09 09_07_57.472-05_00_3.png,3.5,2.105623809021485
3063,1302_LeafPhotoA_2025-09-08 10_22_31.224-05_00_2.png,3.0,1.8873129443722891
3064,1302_LeafPhotoA_2025-09-08 10_22_31.224-05_00_1.png,3.0,2.171424088217748
3065,1302_LeafPhotoA_2025-09-08 10_22_31.224-05_00_0.png,3.0,2.0723983421777445
3066,1654_LeafPhotoA_2025-09-09 10_18_00.201-05_00_1.png,1.25,1.851553220991848
3067,1654_LeafPhotoA_2025-09-09 10_18_00.201-05_00_2.png,1.25,1.9757376250112426
3068,1654_LeafPhotoA_2025-09-09 10_18_00.201-05_00_0.png,1.25,1.7868276487216237
3073,1374_LeafPhotoA_2025-09-08 12_56_08.244-05_00_0.png,1.25,1.8445471002864098
3074,1374_LeafPhotoA_2025-09-08 12_56_08.244-05_00_3.png,1.25,1.9140266998881423
3075,1374_LeafPhotoA_2025-09-08 12_56_08.244-05_00_2.png,1.25,1.9748291302391183
3076,1374_LeafPhotoA_2025-09-08 12_56_08.244-05_00_1.png,1.25,1.826467080171075
3093,1825_LeafPhotoA_2025-09-09 09_26_26.568-05_00_3.png,1.0,1.6816985125176982
3094,1825_LeafPhotoA_2025-09-09 09_26_26.568-05_00_1.png,1.0,1.7473337401346192
3095,1825_LeafPhotoA_2025-09-09 09_26_26.568-05_00_0.png,1.0,1.7478080902988287
3096,1825_LeafPhotoA_2025-09-09 09_26_26.568-05_00_2.png,1.0,1.7089495381276913
3117,2979_LeafPhotoA_2025-09-09 16_31_00.348-05_00_2.png,1.5,1.709981090345522
3118,2979_LeafPhotoA_2025-09-09 16_31_00.348-05_00_0.png,1.5,1.8245606566380905
3119,2979_LeafPhotoA_2025-09-09 16_31_00.348-05_00_1.png,1.5,1.740014504290591
3120,2979_LeafPhotoA_2025-09-09 16_31_00.348-05_00_3.png,1.5,1.7999067839625127
3153,2543_LeafPhotoA_2025-09-09 10_42_41.692-05_00_2.png,2.25,1.9612669025953293
3154,2543_LeafPhotoA_2025-09-09 10_42_41.692-05_00_3.png,2.25,2.004741123092055
3155,2543_LeafPhotoA_2025-09-09 10_42_41.692-05_00_0.png,2.25,1.8229113915329824
3156,2543_LeafPhotoA_2025-09-09 10_42_41.692-05_00_1.png,2.25,1.788072126172117
3161,2309_LeafPhotoA_2025-09-08 10_37_11.316-05_00_1.png,1.75,1.9223418486948753
3162,2309_LeafPhotoA_2025-09-08 10_37_11.316-05_00_2.png,1.75,1.8368064259616452
3163,2309_LeafPhotoA_2025-09-08 10_37_11.316-05_00_3.png,1.75,1.8848374210002146
3164,2309_LeafPhotoA_2025-09-08 10_37_11.316-05_00_0.png,1.75,1.880568837396479
3177,2069_LeafPhotoA_2025-09-08 12_03_40.102-05_00_0.png,1.5,1.9884770729329782
3178,2069_LeafPhotoA_2025-09-08 12_03_40.102-05_00_1.png,1.5,1.9614460707891104
3179,2069_LeafPhotoA_2025-09-08 12_03_40.102-05_00_2.png,1.5,1.7882529116721997
3180,2069_LeafPhotoA_2025-09-08 12_03_40.102-05_00_3.png,1.5,1.8286988416049461
3181,2220_LeafPhotoA_2025-09-08 11_18_41.599-05_00_0.png,2.75,1.794762513863738
3182,2220_LeafPhotoA_2025-09-08 11_18_41.599-05_00_1.png,2.75,1.869743155088913
3183,2220_LeafPhotoA_2025-09-08 11_18_41.599-05_00_2.png,2.75,1.91689459952162
3184,2220_LeafPhotoA_2025-09-08 11_18_41.599-05_00_3.png,2.75,1.9974314703016884
3189,2432_LeafPhotoB_2025-09-08 11_09_28.923-05_00_2.png,1.25,1.6333373225152699
3190,2432_LeafPhotoB_2025-09-08 11_09_28.923-05_00_1.png,1.25,1.5497934718946595
3191,2432_LeafPhotoB_2025-09-08 11_09_28.923-05_00_0.png,1.25,1.8122798798531214
3192,2432_LeafPhotoB_2025-09-08 11_09_28.923-05_00_3.png,1.25,1.7452827165430584
3194,2322_LeafPhotoA_2025-09-08 10_50_00.196-05_00_2.png,1.25,1.7025657373900285
3195,2322_LeafPhotoA_2025-09-08 10_50_00.196-05_00_0.png,1.25,1.6604968678847611
3196,2322_LeafPhotoA_2025-09-08 10_50_00.196-05_00_3.png,1.25,1.7865463101905519
3197,2322_LeafPhotoA_2025-09-08 10_50_00.196-05_00_1.png,1.25,1.6631191509889751
3198,2826_LeafPhotoA_2025-09-09 10_41_32.330-05_00_0.png,1.5,1.843885220284745
3199,2826_LeafPhotoA_2025-09-09 10_41_32.330-05_00_1.png,1.5,1.7866504507583403
3200,2826_LeafPhotoA_2025-09-09 10_41_32.330-05_00_2.png,1.5,1.735535105728894
3201,2826_LeafPhotoA_2025-09-09 10_41_32.330-05_00_3.png,1.5,1.6408729841682879
3211,2257_LeafPhotoA_2025-09-08 12_26_38.283-05_00_0.png,1.5,1.5717217077875563
3212,2257_LeafPhotoA_2025-09-08 12_26_38.283-05_00_1.png,1.5,1.6970219506156052
3213,2257_LeafPhotoA_2025-09-08 12_26_38.283-05_00_2.png,1.5,1.5539419612384728
3214,2257_LeafPhotoA_2025-09-08 12_26_38.283-05_00_3.png,1.5,1.6107542091350033
3222,1834_LeafPhotoA_2025-09-09 09_42_08.907-05_00_0.png,2.0,1.703359623825339
3223,1834_LeafPhotoA_2025-09-09 09_42_08.907-05_00_1.png,2.0,1.7193683549033438
3224,1834_LeafPhotoA_2025-09-09 09_42_08.907-05_00_2.png,2.0,1.7936145297461954
3225,1834_LeafPhotoA_2025-09-09 09_42_08.907-05_00_3.png,2.0,1.654732978275004
3226,,1.5,1.61254392770757
3227,2418_LeafPhotoB_2025-09-08 10_56_40.105-05_00_2.png,1.75,1.6628735576858644
3228,2418_LeafPhotoB_2025-09-08 10_56_40.105-05_00_3.png,1.75,1.7480974033867291
3229,2418_LeafPhotoB_2025-09-08 10_56_40.105-05_00_1.png,1.75,1.7285018851923388
3230,2418_LeafPhotoB_2025-09-08 10_56_40.105-05_00_0.png,1.75,1.7306433512979293
3265,2706_LeafPhotoA_2025-09-09 10_21_29.913-05_00_0.png,3.5,2.240627898516709
3266,2706_LeafPhotoA_2025-09-09 10_21_29.913-05_00_1.png,3.5,2.1517898890459586
3267,2706_LeafPhotoA_2025-09-09 10_21_29.913-05_00_2.png,3.5,2.142313995205917
3268,2706_LeafPhotoA_2025-09-09 10_21_29.913-05_00_3.png,3.5,2.0632166969476513
3277,1545_LeafPhotoA_2025-09-09 09_45_27.497-05_00_1.png,1.25,1.6784675681551549
3278,1545_LeafPhotoA_2025-09-09 09_45_27.497-05_00_3.png,1.25,1.769741895684404
3279,1545_LeafPhotoA_2025-09-09 09_45_27.497-05_00_0.png,1.25,1.898691698732768
3280,1545_LeafPhotoA_2025-09-09 09_45_27.497-05_00_2.png,1.25,1.6992325143372815
3281,6014_LeafPhotoA_2025-09-09 16_54_50.169-05_00_3.png,1.5,1.7004870438352964
3282,6014_LeafPhotoA_2025-09-09 16_54_50.169-05_00_2.png,1.5,1.592453415418163
3283,6014_LeafPhotoA_2025-09-09 16_54_50.169-05_00_0.png,1.5,1.6564955527533294
3284,6014_LeafPhotoA_2025-09-09 16_54_50.169-05_00_1.png,1.5,1.5988144855257633
3289,2095_LeafPhotoA_2025-09-08 12_31_36.632-05_00_2.png,2.75,1.9809690923930858
3290,2095_LeafPhotoA_2025-09-08 12_31_36.632-05_00_3.png,2.75,1.8798012953879937
3291,2095_LeafPhotoA_2025-09-08 12_31_36.632-05_00_1.png,2.75,1.7212278436795279
3292,2095_LeafPhotoA_2025-09-08 12_31_36.632-05_00_0.png,2.75,1.7905830831602267
3297,1300_LeafPhotoA_2025-09-08 16_38_09.236-05_00_1.png,2.75,1.9027243880775238
3298,1300_LeafPhotoA_2025-09-08 16_38_09.236-05_00_0.png,2.75,1.7740777078609185
3303,2419_LeafPhotoB_2025-09-08 10_57_28.297-05_00_0.png,1.5,1.9911667234151509
3304,2419_LeafPhotoB_2025-09-08 10_57_28.297-05_00_1.png,1.5,1.9324648911782227
3305,2419_LeafPhotoB_2025-09-08 10_57_28.297-05_00_2.png,1.5,1.9473627092090608
3373,2478_LeafPhotoB_2025-09-08 11_53_38.180-05_00_0.png,2.5,2.11331689969092
3374,2478_LeafPhotoB_2025-09-08 11_53_38.180-05_00_1.png,2.5,2.1803538929358397
3375,2478_LeafPhotoB_2025-09-08 11_53_38.180-05_00_2.png,2.5,1.9632791592786512
3380,2652_LeafPhotoA_2025-09-09 11_26_57.371-05_00_3.png,2.75,2.0373627153988534
3381,2652_LeafPhotoA_2025-09-09 11_26_57.371-05_00_0.png,2.75,2.1391590010101176
3382,2652_LeafPhotoA_2025-09-09 11_26_57.371-05_00_2.png,2.75,1.9239913170079952
3383,2652_LeafPhotoA_2025-09-09 11_26_57.371-05_00_1.png,2.75,1.939002680472531
3396,2405_LeafPhotoB_2025-09-08 10_44_24.813-05_00_0.png,2.25,2.0072774304554137
3413,2265_LeafPhotoA_2025-09-08 12_39_28.832-05_00_0.png,2.25,1.7607293162902207
3414,2265_LeafPhotoA_2025-09-08 12_39_28.832-05_00_1.png,2.25,1.8436803721613257
3415,2265_LeafPhotoA_2025-09-08 12_39_28.832-05_00_2.png,2.25,1.8736379008767488
3416,2265_LeafPhotoA_2025-09-08 12_39_28.832-05_00_3.png,2.25,2.0022685823069777
3421,1987_LeafPhotoA_2025-09-09 16_24_58.420-05_00_0.png,2.0,1.798120667137622
3422,1987_LeafPhotoA_2025-09-09 16_24_58.420-05_00_1.png,2.0,1.869855063500527
3434,1403_LeafPhotoA_2025-09-08 09_23_43.647-05_00_0.png,1.75,1.7156272398455292
3435,1403_LeafPhotoA_2025-09-08 09_23_43.647-05_00_1.png,1.75,1.7996606000383437
3436,1403_LeafPhotoA_2025-09-08 09_23_43.647-05_00_2.png,1.75,1.9234587268999292
3449,1149_LeafPhotoA_2025-09-08 10_46_42.123-05_00_0.png,2.75,1.9011925381630532
3450,1149_LeafPhotoA_2025-09-08 10_46_42.123-05_00_1.png,2.75,1.879365458667364
3451,1149_LeafPhotoA_2025-09-08 10_46_42.123-05_00_2.png,2.75,1.9030423751743302
3452,1149_LeafPhotoA_2025-09-08 10_46_42.123-05_00_3.png,2.75,1.7123537540434068
3457,2960_LeafPhotoA_2025-09-09 16_05_27.861-05_00_0.png,1.0,1.730712512132853
3458,2960_LeafPhotoA_2025-09-09 16_05_27.861-05_00_1.png,1.0,1.6161718613303728
3459,2960_LeafPhotoA_2025-09-09 16_05_27.861-05_00_2.png,1.0,1.7695086933136943
3460,2960_LeafPhotoA_2025-09-09 16_05_27.861-05_00_3.png,1.0,1.6324244491788642
3475,2269_LeafPhotoA_2025-09-08 17_14_12.666-05_00_2.png,2.25,1.9109095037216306
3476,2269_LeafPhotoA_2025-09-08 17_14_12.666-05_00_1.png,2.25,1.8649747740166196
3477,2269_LeafPhotoA_2025-09-08 17_14_12.666-05_00_0.png,2.25,1.827140560856252
3478,2269_LeafPhotoA_2025-09-08 17_14_12.666-05_00_3.png,2.25,1.9705586858115771
3495,2750_LeafPhotoA_2025-09-09 11_21_31.376-05_00_0.png,1.75,1.8409048877665475
3496,2750_LeafPhotoA_2025-09-09 11_21_31.376-05_00_1.png,1.75,1.9057197703182636
3497,2750_LeafPhotoA_2025-09-09 11_21_31.376-05_00_2.png,1.75,1.98526818309695
3498,2750_LeafPhotoA_2025-09-09 11_21_31.376-05_00_3.png,1.75,1.9444441804889527
3503,1459_LeafPhotoB_2025-09-08 12_36_19.960-05_00_0.png,3.0,1.9944175717065997
3504,1459_LeafPhotoB_2025-09-08 12_36_19.960-05_00_1.png,3.0,1.9993996833959693
3541,,2.0,1.61254392770757
30,2872_LeafPhotoA_2025-09-09 14_46_31.841-05_00_2.png,1.0,1.9384912169094894
31,2872_LeafPhotoA_2025-09-09 14_46_31.841-05_00_3.png,1.0,1.7789111601386642
32,2872_LeafPhotoA_2025-09-09 14_46_31.841-05_00_0.png,1.0,1.7615698678901066
33,2872_LeafPhotoA_2025-09-09 14_46_31.841-05_00_1.png,1.0,1.8767175989913512
50,1031_LeafPhotoA_2025-09-08 10_06_33.217-05_00_0.png,1.5,1.7868083893029558
51,1031_LeafPhotoA_2025-09-08 10_06_33.217-05_00_3.png,1.5,1.742971132916847
52,1031_LeafPhotoA_2025-09-08 10_06_33.217-05_00_2.png,1.5,1.8428971545391084
53,1031_LeafPhotoA_2025-09-08 10_06_33.217-05_00_1.png,1.5,1.8431927293686934
89,1543_LeafPhotoA_2025-09-09 09_43_28.797-05_00_2.png,1.75,2.022368532353439
90,1543_LeafPhotoA_2025-09-09 09_43_28.797-05_00_0.png,1.75,1.9960896041952552
91,1543_LeafPhotoA_2025-09-09 09_43_28.797-05_00_1.png,1.75,2.2657073249650903
92,1543_LeafPhotoA_2025-09-09 09_43_28.797-05_00_3.png,1.75,2.109301471301048
99,1214_LeafPhotoA_2025-09-08 09_47_10.824-05_00_3.png,1.5,1.9887380133518873
100,1214_LeafPhotoA_2025-09-08 09_47_10.824-05_00_2.png,1.5,1.9749504054462705
101,1214_LeafPhotoA_2025-09-08 09_47_10.824-05_00_1.png,1.5,1.9403927004368198
102,1214_LeafPhotoA_2025-09-08 09_47_10.824-05_00_0.png,1.5,1.9937252396779763
122,2843_LeafPhotoA_2025-09-09 11_07_54.202-05_00_0.png,2.25,2.0131966178077705
123,2843_LeafPhotoA_2025-09-09 11_07_54.202-05_00_1.png,2.25,1.9960829562983569
124,2843_LeafPhotoA_2025-09-09 11_07_54.202-05_00_2.png,2.25,1.9196144348105428
125,2843_LeafPhotoA_2025-09-09 11_07_54.202-05_00_3.png,2.25,2.004291963215557
140,2999_LeafPhotoA_2025-09-09 16_54_48.280-05_00_0.png,1.25,2.024028011142732
141,2999_LeafPhotoA_2025-09-09 16_54_48.280-05_00_3.png,1.25,1.9356515827250862
142,2999_LeafPhotoA_2025-09-09 16_54_48.280-05_00_2.png,1.25,1.9202318570299772
143,2999_LeafPhotoA_2025-09-09 16_54_48.280-05_00_1.png,1.25,1.9167490807239511
152,1030_LeafPhotoA_2025-09-08 10_05_12.593-05_00_2.png,2.25,2.146037543718913
153,1030_LeafPhotoA_2025-09-08 10_05_12.593-05_00_0.png,2.25,1.9084149349680148
154,1030_LeafPhotoA_2025-09-08 10_05_12.593-05_00_3.png,2.25,2.0954647558176367
155,1030_LeafPhotoA_2025-09-08 10_05_12.593-05_00_1.png,2.25,1.8929895371253485
159,1138_LeafPhotoA_2025-09-08 10_30_50.978-05_00_0.png,2.25,1.8237085112317908
160,1138_LeafPhotoA_2025-09-08 10_30_50.978-05_00_1.png,2.25,1.736865622666647
161,1138_LeafPhotoA_2025-09-08 10_30_50.978-05_00_2.png,2.25,1.802214432466454
162,1138_LeafPhotoA_2025-09-08 10_30_50.978-05_00_3.png,2.25,1.7296221705469228
175,1713_LeafPhotoA_2025-09-09 09_08_57.026-05_00_1.png,3.0,2.0280126073200626
176,1713_LeafPhotoA_2025-09-09 09_08_57.026-05_00_0.png,3.0,2.0402112114899094
177,1713_LeafPhotoA_2025-09-09 09_08_57.026-05_00_2.png,3.0,2.0694986954224928
178,1713_LeafPhotoA_2025-09-09 09_08_57.026-05_00_3.png,3.0,1.87016159802449
186,1736_LeafPhotoA_2025-09-09 09_48_40.445-05_00_2.png,1.0,2.1600490109024
187,1736_LeafPhotoA_2025-09-09 09_48_40.445-05_00_3.png,1.0,2.175654476468236
188,1736_LeafPhotoA_2025-09-09 09_48_40.445-05_00_0.png,1.0,2.0191013782278433
189,1736_LeafPhotoA_2025-09-09 09_48_40.445-05_00_1.png,1.0,2.119725742580111
190,1086_LeafPhotoA_2025-09-09 10_59_11.313-05_00_1.png,1.75,1.8579135220120995
191,1086_LeafPhotoA_2025-09-09 10_59_11.313-05_00_2.png,1.75,1.8910756307675813
192,1086_LeafPhotoA_2025-09-09 10_59_11.313-05_00_3.png,1.75,1.8578888887533092
193,1086_LeafPhotoA_2025-09-09 10_59_11.313-05_00_0.png,1.75,1.7902687277046678
206,2470_LeafPhotoB_2025-09-08 11_47_37.543-05_00_2.png,1.75,1.7722053951890666
207,2470_LeafPhotoB_2025-09-08 11_47_37.543-05_00_0.png,1.75,1.9632236920971067
208,2470_LeafPhotoB_2025-09-08 11_47_37.543-05_00_1.png,1.75,1.8595954591812869
209,2470_LeafPhotoB_2025-09-08 11_47_37.543-05_00_3.png,1.75,1.7000587522011559
226,1660_LeafPhotoA_2025-09-09 10_09_36.852-05_00_3.png,1.5,1.810461502441006
227,1660_LeafPhotoA_2025-09-09 10_09_36.852-05_00_0.png,1.5,1.7632406575380886
228,1660_LeafPhotoA_2025-09-09 10_09_36.852-05_00_2.png,1.5,1.7511750651524283
229,1660_LeafPhotoA_2025-09-09 10_09_36.852-05_00_1.png,1.5,1.7187744916869314
234,1966_LeafPhotoA_2025-09-09 17_14_11.633-05_00_0.png,1.25,1.8640158190810512
235,1966_LeafPhotoA_2025-09-09 17_14_11.633-05_00_1.png,1.25,1.7348371735897608
236,1966_LeafPhotoA_2025-09-09 17_14_11.633-05_00_2.png,1.25,1.87019376016839
237,1966_LeafPhotoA_2025-09-09 17_14_11.633-05_00_3.png,1.25,1.6829142870735974
260,2775_LeafPhotoA_2025-09-09 15_39_08.142-05_00_3.png,1.0,1.917840555910322
261,2775_LeafPhotoA_2025-09-09 15_39_08.142-05_00_1.png,1.0,1.8754215052851135
262,2775_LeafPhotoA_2025-09-09 15_39_08.142-05_00_0.png,1.0,1.8630408851930225
263,2775_LeafPhotoA_2025-09-09 15_39_08.142-05_00_2.png,1.0,1.9595093157683499
273,1196_LeafPhotoA_2025-09-08 15_46_27.438-05_00_2.png,1.75,1.905843558406407
274,1196_LeafPhotoA_2025-09-08 15_46_27.438-05_00_3.png,1.75,1.9062930715413546
275,1196_LeafPhotoA_2025-09-08 15_46_27.438-05_00_1.png,1.75,1.919818289413974
276,1196_LeafPhotoA_2025-09-08 15_46_27.438-05_00_0.png,1.75,2.042216217180384
285,2942_LeafPhotoA_2025-09-09 16_27_44.669-05_00_2.png,2.25,2.0887796064860806
286,2942_LeafPhotoA_2025-09-09 16_27_44.669-05_00_1.png,2.25,1.914624531749155
287,2942_LeafPhotoA_2025-09-09 16_27_44.669-05_00_3.png,2.25,1.9725001853769504
288,2942_LeafPhotoA_2025-09-09 16_27_44.669-05_00_0.png,2.25,1.8109430345156343
289,2301_LeafPhotoA_2025-09-08 10_23_19.706-05_00_0.png,2.5,1.867143328457051
290,2301_LeafPhotoA_2025-09-08 10_23_19.706-05_00_2.png,2.5,1.9461040215146366
291,2301_LeafPhotoA_2025-09-08 10_23_19.706-05_00_1.png,2.5,2.0824874929207393
332,2962_LeafPhotoA_2025-09-09 16_07_33.642-05_00_1.png,2.5,1.7838858878600439
333,2962_LeafPhotoA_2025-09-09 16_07_33.642-05_00_3.png,2.5,1.9527351515738962
334,2962_LeafPhotoA_2025-09-09 16_07_33.642-05_00_0.png,2.5,1.9045784023499295
335,2962_LeafPhotoA_2025-09-09 16_07_33.642-05_00_2.png,2.5,1.8267734070235633
336,2693_LeafPhotoA_2025-09-09 10_37_58.417-05_00_0.png,1.5,1.877723114729535
337,2693_LeafPhotoA_2025-09-09 10_37_58.417-05_00_1.png,1.5,1.9193303650723943
338,2693_LeafPhotoA_2025-09-09 10_37_58.417-05_00_2.png,1.5,1.8653340802751586
339,2693_LeafPhotoA_2025-09-09 10_37_58.417-05_00_3.png,1.5,1.857940315127018
383,2957_LeafPhotoA_2025-09-09 16_00_50.634-05_00_0.png,2.25,2.050858053753951
384,2957_LeafPhotoA_2025-09-09 16_00_50.634-05_00_1.png,2.25,1.9588976075859659
385,2957_LeafPhotoA_2025-09-09 16_00_50.634-05_00_2.png,2.25,1.9023335848891068
386,2957_LeafPhotoA_2025-09-09 16_00_50.634-05_00_3.png,2.25,2.0214488927878516
433,1414_LeafPhotoA_2025-09-08 09_36_43.216-05_00_2.png,1.5,2.009702430434474
434,1414_LeafPhotoA_2025-09-08 09_36_43.216-05_00_0.png,1.5,1.8171258202366944
435,1414_LeafPhotoA_2025-09-08 09_36_43.216-05_00_1.png,1.5,1.9734751083714277
448,1687_LeafPhotoA_2025-09-09 09_18_28.478-05_00_1.png,2.0,2.316068759021978
449,1687_LeafPhotoA_2025-09-09 09_18_28.478-05_00_2.png,2.0,2.117810221188719
450,1687_LeafPhotoA_2025-09-09 09_18_28.478-05_00_0.png,2.0,2.126891035690209
463,2206_LeafPhotoA_2025-09-08 10_53_32.789-05_00_0.png,1.5,1.7679754479575598
464,2206_LeafPhotoA_2025-09-08 10_53_32.789-05_00_1.png,1.5,1.7145299647986512
465,2206_LeafPhotoA_2025-09-08 10_53_32.789-05_00_2.png,1.5,1.8713380152833274
466,2206_LeafPhotoA_2025-09-08 10_53_32.789-05_00_3.png,1.5,1.7957651469953004
487,2949_LeafPhotoA_2025-09-09 16_21_26.314-05_00_3.png,1.75,1.7316066849333591
488,2949_LeafPhotoA_2025-09-09 16_21_26.314-05_00_2.png,1.75,1.7796100078488328
489,2949_LeafPhotoA_2025-09-09 16_21_26.314-05_00_0.png,1.75,1.7216142404059755
490,2949_LeafPhotoA_2025-09-09 16_21_26.314-05_00_1.png,1.75,1.638306810316716
505,2110_LeafPhotoA_2025-09-08 11_07_19.238-05_00_1.png,1.0,1.8214051588005011
506,2110_LeafPhotoA_2025-09-08 11_07_19.238-05_00_2.png,1.0,1.9232405100100194
507,2110_LeafPhotoA_2025-09-08 11_07_19.238-05_00_3.png,1.0,1.6523813682125408
508,2110_LeafPhotoA_2025-09-08 11_07_19.238-05_00_0.png,1.0,1.8269546971588133
513,1805_LeafPhotoA_2025-09-09 08_57_47.562-05_00_3.png,1.25,1.890959707634932
514,1805_LeafPhotoA_2025-09-09 08_57_47.562-05_00_0.png,1.25,1.920111754014499
515,1805_LeafPhotoA_2025-09-09 08_57_47.562-05_00_2.png,1.25,1.8729348560514012
516,1805_LeafPhotoA_2025-09-09 08_57_47.562-05_00_1.png,1.25,1.9753211399359676
540,2999_LeafPhotoA_2025-09-09 16_54_09.800-05_00_0.png,1.5,1.6255942053799421
541,2999_LeafPhotoA_2025-09-09 16_54_09.800-05_00_3.png,1.5,1.5991919404971
542,2999_LeafPhotoA_2025-09-09 16_54_09.800-05_00_2.png,1.5,1.8508829516743364
543,2999_LeafPhotoA_2025-09-09 16_54_09.800-05_00_1.png,1.5,1.5980473290979536
544,1802_LeafPhotoA_2025-09-09 10_06_55.886-05_00_2.png,1.0,1.571700260738574
545,1802_LeafPhotoA_2025-09-09 10_06_55.886-05_00_0.png,1.0,1.6157072604266747
546,1802_LeafPhotoA_2025-09-09 10_06_55.886-05_00_3.png,1.0,1.6883815764652765
547,1802_LeafPhotoA_2025-09-09 10_06_55.886-05_00_1.png,1.0,1.620151804647454
555,2166_LeafPhotoA_2025-09-09 11_59_53.673-05_00_0.png,2.0,2.2915702698144633
556,2166_LeafPhotoA_2025-09-09 11_59_53.673-05_00_1.png,2.0,2.1173811080117293
557,2166_LeafPhotoA_2025-09-09 11_59_53.673-05_00_2.png,2.0,1.9957210184627459
558,2166_LeafPhotoA_2025-09-09 11_59_53.673-05_00_3.png,2.0,2.3225680492377005
561,1863_LeafPhotoA_2025-09-09 13_33_41.872-05_00_2.png,2.25,2.002768130515266
562,1863_LeafPhotoA_2025-09-09 13_33_41.872-05_00_0.png,2.25,2.1515047344430847
563,1863_LeafPhotoA_2025-09-09 13_33_41.872-05_00_3.png,2.25,2.0663617308943962
564,1863_LeafPhotoA_2025-09-09 13_33_41.872-05_00_1.png,2.25,2.28823731230124
565,2529_LeafPhotoA_2025-09-09 10_27_20.782-05_00_0.png,1.5,1.9551134448438787
566,2529_LeafPhotoA_2025-09-09 10_27_20.782-05_00_1.png,1.5,1.933573666740304
567,2529_LeafPhotoA_2025-09-09 10_27_20.782-05_00_2.png,1.5,1.8399940161881672
568,2529_LeafPhotoA_2025-09-09 10_27_20.782-05_00_3.png,1.5,2.0180162197422153
581,2227_LeafPhotoA_2025-09-08 11_30_56.055-05_00_0.png,2.5,1.862382469556532
582,2227_LeafPhotoA_2025-09-08 11_30_56.055-05_00_1.png,2.5,1.8306885991625959
583,2227_LeafPhotoA_2025-09-08 11_30_56.055-05_00_2.png,2.5,2.0632188654233112
584,2227_LeafPhotoA_2025-09-08 11_30_56.055-05_00_3.png,2.5,2.064567682634488
601,2657_LeafPhotoA_2025-09-09 11_30_26.164-05_00_2.png,3.0,1.942886382378908
602,2657_LeafPhotoA_2025-09-09 11_30_26.164-05_00_1.png,3.0,2.0865183888501404
603,2657_LeafPhotoA_2025-09-09 11_30_26.164-05_00_3.png,3.0,2.0473945689579263
604,2657_LeafPhotoA_2025-09-09 11_30_26.164-05_00_0.png,3.0,1.9553701436417756
605,2736_LeafPhotoA_2025-09-09 11_03_17.238-05_00_1.png,2.75,2.0001529063512056
606,2736_LeafPhotoA_2025-09-09 11_03_17.238-05_00_3.png,2.75,2.0612425428431855
607,2736_LeafPhotoA_2025-09-09 11_03_17.238-05_00_2.png,2.75,2.092108189168233
608,2736_LeafPhotoA_2025-09-09 11_03_17.238-05_00_0.png,2.75,1.8303826577256703
609,2244_LeafPhotoA_2025-09-08 11_56_08.443-05_00_1.png,1.25,1.7766538997033985
610,2244_LeafPhotoA_2025-09-08 11_56_08.443-05_00_0.png,1.25,1.7260819320508984
611,2244_LeafPhotoA_2025-09-08 11_56_08.443-05_00_3.png,1.25,1.7307510753551887
612,2244_LeafPhotoA_2025-09-08 11_56_08.443-05_00_2.png,1.25,1.7215884630572504
619,1722_LeafPhotoA_2025-09-09 09_21_25.253-05_00_1.png,3.0,2.1752295243832096
620,1722_LeafPhotoA_2025-09-09 09_21_25.253-05_00_2.png,3.0,2.1750521367016624
621,1722_LeafPhotoA_2025-09-09 09_21_25.253-05_00_0.png,3.0,2.088195437023415
626,,1.25,1.7334796230950216
635,2401_LeafPhotoB_2025-09-08 10_40_27.891-05_00_0.png,2.0,1.9026006859913702
636,2401_LeafPhotoB_2025-09-08 10_40_27.891-05_00_1.png,2.0,1.8546294701493056
637,2401_LeafPhotoB_2025-09-08 10_40_27.891-05_00_2.png,2.0,1.8360671624919516
638,2401_LeafPhotoB_2025-09-08 10_40_27.891-05_00_3.png,2.0,1.7699384193122933
647,2594_LeafPhotoA_2025-09-09 10_28_20.057-05_00_0.png,1.5,1.7779882601569192
648,2594_LeafPhotoA_2025-09-09 10_28_20.057-05_00_1.png,1.5,1.758204357046463
649,2594_LeafPhotoA_2025-09-09 10_28_20.057-05_00_2.png,1.5,1.7871750151025005
650,2594_LeafPhotoA_2025-09-09 10_28_20.057-05_00_3.png,1.5,1.9249802720110027
655,1946_LeafPhotoA_2025-09-09 16_05_11.903-05_00_3.png,1.5,1.7360237632151445
656,1946_LeafPhotoA_2025-09-09 16_05_11.903-05_00_2.png,1.5,1.808269726054604
657,1946_LeafPhotoA_2025-09-09 16_05_11.903-05_00_1.png,1.5,1.9428510086659891
658,1946_LeafPhotoA_2025-09-09 16_05_11.903-05_00_0.png,1.5,1.8915629204037916
671,1789_LeafPhotoA_2025-09-09 09_15_57.914-05_00_3.png,1.0,2.007883030750907
672,1789_LeafPhotoA_2025-09-09 09_15_57.914-05_00_2.png,1.0,1.9030636498474747
673,1789_LeafPhotoA_2025-09-09 09_15_57.914-05_00_0.png,1.0,1.8414559049736683
674,1789_LeafPhotoA_2025-09-09 09_15_57.914-05_00_1.png,1.0,1.8737128203740159
675,1200_LeafPhotoA_2025-09-08 17_01_52.096-05_00_0.png,1.0,1.825623858267312
676,1200_LeafPhotoA_2025-09-08 17_01_52.096-05_00_1.png,1.0,1.7466332687377362
677,1200_LeafPhotoA_2025-09-08 17_01_52.096-05_00_2.png,1.0,2.020571293916945
682,2724_LeafPhotoA_2025-09-09 10_46_27.417-05_00_0.png,1.75,1.8559521385906845
683,2724_LeafPhotoA_2025-09-09 10_46_27.417-05_00_2.png,1.75,2.0590159934986767
684,2724_LeafPhotoA_2025-09-09 10_46_27.417-05_00_3.png,1.75,1.9504879749136952
685,2724_LeafPhotoA_2025-09-09 10_46_27.417-05_00_1.png,1.75,2.0362893282918937
698,2115_LeafPhotoA_2025-09-08 11_16_33.968-05_00_3.png,1.75,1.9489646927290116
699,2115_LeafPhotoA_2025-09-08 11_16_33.968-05_00_2.png,1.75,1.7750732885441571
700,2115_LeafPhotoA_2025-09-08 11_16_33.968-05_00_1.png,1.75,1.778825007447083
701,2115_LeafPhotoA_2025-09-08 11_16_33.968-05_00_0.png,1.75,1.8348725743586929
727,2048_LeafPhotoA_2025-09-08 11_28_25.459-05_00_2.png,2.0,1.8686093493159197
728,2048_LeafPhotoA_2025-09-08 11_28_25.459-05_00_0.png,2.0,1.8526411521471624
729,2048_LeafPhotoA_2025-09-08 11_28_25.459-05_00_3.png,2.0,1.9178597303270783
730,2048_LeafPhotoA_2025-09-08 11_28_25.459-05_00_1.png,2.0,1.711361961177206
741,2655_LeafPhotoA_2025-09-09 11_29_02.979-05_00_0.png,1.25,1.7742913028287928
742,2655_LeafPhotoA_2025-09-09 11_29_02.979-05_00_1.png,1.25,1.6128433049162425
743,2655_LeafPhotoA_2025-09-09 11_29_02.979-05_00_2.png,1.25,1.8084277276717418
744,2655_LeafPhotoA_2025-09-09 11_29_02.979-05_00_3.png,1.25,1.752841162249503
745,1056_LeafPhotoA_2025-09-08 12_47_34.787-05_00_1.png,1.75,2.0066061305691023
746,1056_LeafPhotoA_2025-09-08 12_47_34.787-05_00_2.png,1.75,2.0429068891849442
747,1056_LeafPhotoA_2025-09-08 12_47_34.787-05_00_0.png,1.75,1.7341158408168744
748,1056_LeafPhotoA_2025-09-08 12_47_34.787-05_00_3.png,1.75,1.8524728943818036
760,2409_LeafPhotoB_2025-09-08 10_48_08.751-05_00_0.png,2.75,1.8497215649927765
761,2409_LeafPhotoB_2025-09-08 10_48_08.751-05_00_3.png,2.75,1.9080258525605371
762,2409_LeafPhotoB_2025-09-08 10_48_08.751-05_00_2.png,2.75,1.941323687574304
763,2409_LeafPhotoB_2025-09-08 10_48_08.751-05_00_1.png,2.75,2.042228945486649
766,2673_LeafPhotoA_2025-09-09 11_11_18.428-05_00_0.png,1.0,1.7461503124713276
767,2673_LeafPhotoA_2025-09-09 11_11_18.428-05_00_2.png,1.0,1.6973501674489737
768,2673_LeafPhotoA_2025-09-09 11_11_18.428-05_00_1.png,1.0,1.7146111040299674
777,2933_LeafPhotoA_2025-09-09 16_35_09.095-05_00_0.png,1.0,1.7117517655619543
778,2933_LeafPhotoA_2025-09-09 16_35_09.095-05_00_1.png,1.0,1.9672693124554235
779,2933_LeafPhotoA_2025-09-09 16_35_09.095-05_00_2.png,1.0,1.8856456482906392
815,9351_LeafPhotoA_2025-09-09 17_07_37.530-05_00_1.png,1.0,1.8548047034624406
816,9351_LeafPhotoA_2025-09-09 17_07_37.530-05_00_2.png,1.0,2.047692435826773
817,9351_LeafPhotoA_2025-09-09 17_07_37.530-05_00_3.png,1.0,1.9152289589602862
818,9351_LeafPhotoA_2025-09-09 17_07_37.530-05_00_0.png,1.0,2.1945849633199193
843,2693_LeafPhotoA_2025-09-09 10_38_35.796-05_00_0.png,1.75,1.9473258780827223
844,2693_LeafPhotoA_2025-09-09 10_38_35.796-05_00_1.png,1.75,2.01695853397468
845,2693_LeafPhotoA_2025-09-09 10_38_35.796-05_00_2.png,1.75,1.9758389495257582
846,2693_LeafPhotoA_2025-09-09 10_38_35.796-05_00_3.png,1.75,2.103920449487302
847,2499_LeafPhotoB_2025-09-08 12_23_25.734-05_00_0.png,1.75,1.9210262040940012
848,2499_LeafPhotoB_2025-09-08 12_23_25.734-05_00_1.png,1.75,1.8586321558907395
849,2499_LeafPhotoB_2025-09-08 12_23_25.734-05_00_2.png,1.75,1.8279472530178804
850,2499_LeafPhotoB_2025-09-08 12_23_25.734-05_00_3.png,1.75,1.6757804507745009
868,2506_LeafPhotoA_2025-09-09 10_01_46.426-05_00_3.png,2.75,1.940258818238489
869,2506_LeafPhotoA_2025-09-09 10_01_46.426-05_00_2.png,2.75,2.0112857250450227
870,2506_LeafPhotoA_2025-09-09 10_01_46.426-05_00_0.png,2.75,2.066465639879934
871,2506_LeafPhotoA_2025-09-09 10_01_46.426-05_00_1.png,2.75,1.994854080014948
872,2341_LeafPhotoA_2025-09-08 11_09_22.552-05_00_0.png,1.0,1.851196807001156
873,2341_LeafPhotoA_2025-09-08 11_09_22.552-05_00_1.png,1.0,1.908399149975786
901,2833_LeafPhotoA_2025-09-09 10_51_02.314-05_00_2.png,1.0,1.8936371370314635
902,2833_LeafPhotoA_2025-09-09 10_51_02.314-05_00_1.png,1.0,1.7537848866027457
903,2833_LeafPhotoA_2025-09-09 10_51_02.314-05_00_3.png,1.0,1.6966602961505723
904,2833_LeafPhotoA_2025-09-09 10_51_02.314-05_00_0.png,1.0,1.684364098417975
909,1472_LeafPhotoB_2025-09-08 16_38_48.113-05_00_1.png,1.5,1.9907153946884604
910,1472_LeafPhotoB_2025-09-08 16_38_48.113-05_00_0.png,1.5,2.0009892685211357
911,1472_LeafPhotoB_2025-09-08 16_38_48.113-05_00_2.png,1.5,1.9772597474549867
917,1697_LeafPhotoA_2025-09-09 08_53_49.546-05_00_0.png,1.25,1.8263080008253911
918,1697_LeafPhotoA_2025-09-09 08_53_49.546-05_00_2.png,1.25,1.765226258925003
919,1697_LeafPhotoA_2025-09-09 08_53_49.546-05_00_3.png,1.25,1.7425942853612881
920,1697_LeafPhotoA_2025-09-09 08_53_49.546-05_00_1.png,1.25,1.8847996600224244
926,2381_LeafPhotoA_2025-09-08 11_51_21.824-05_00_3.png,1.25,1.8718642529788634
927,2381_LeafPhotoA_2025-09-08 11_51_21.824-05_00_2.png,1.25,2.064388060197777
928,2381_LeafPhotoA_2025-09-08 11_51_21.824-05_00_1.png,1.25,1.8278839007677035
929,2381_LeafPhotoA_2025-09-08 11_51_21.824-05_00_0.png,1.25,1.7972888279309154
976,1679_LeafPhotoA_2025-09-09 09_32_13.519-05_00_0.png,2.25,1.8628524648417133
977,1679_LeafPhotoA_2025-09-09 09_32_13.519-05_00_1.png,2.25,1.823215267987677
978,1679_LeafPhotoA_2025-09-09 09_32_13.519-05_00_2.png,2.25,2.0125043531970035
979,1679_LeafPhotoA_2025-09-09 09_32_13.519-05_00_3.png,2.25,2.015309008594924
985,1512_LeafPhotoA_2025-09-09 09_08_29.596-05_00_0.png,2.5,1.9471099146556166
986,1512_LeafPhotoA_2025-09-09 09_08_29.596-05_00_1.png,2.5,1.9442695911034484
987,1512_LeafPhotoA_2025-09-09 09_08_29.596-05_00_2.png,2.5,2.0087777719115034
988,1512_LeafPhotoA_2025-09-09 09_08_29.596-05_00_3.png,2.5,1.9801027560948472
1038,1001_LeafPhotoA_2025-09-08 10_30_44.491-05_00_3.png,1.75,1.8707786556435702
1039,1001_LeafPhotoA_2025-09-08 10_30_44.491-05_00_2.png,1.75,1.7531066208070631
1040,1001_LeafPhotoA_2025-09-08 10_30_44.491-05_00_0.png,1.75,1.8760222287374126
1041,1001_LeafPhotoA_2025-09-08 10_30_44.491-05_00_1.png,1.75,1.9167047732606335
1047,1705_LeafPhotoA_2025-09-09 08_56_59.048-05_00_2.png,2.25,2.248887473940855
1048,1705_LeafPhotoA_2025-09-09 08_56_59.048-05_00_3.png,2.25,2.194333100173764
1049,1705_LeafPhotoA_2025-09-09 08_56_59.048-05_00_1.png,2.25,2.2013379188294295
1050,1705_LeafPhotoA_2025-09-09 08_56_59.048-05_00_0.png,2.25,2.1330005452426697
1062,1665_LeafPhotoA_2025-09-09 09_57_34.568-05_00_0.png,2.0,2.0459474596583975
1063,1665_LeafPhotoA_2025-09-09 09_57_34.568-05_00_1.png,2.0,1.949206723697483
1064,1665_LeafPhotoA_2025-09-09 09_57_34.568-05_00_2.png,2.0,2.01183615879278
1102,1053_LeafPhotoA_2025-09-08 12_43_49.634-05_00_0.png,2.5,2.092936027387966
1103,1053_LeafPhotoA_2025-09-08 12_43_49.634-05_00_3.png,2.5,2.122509994795633
1104,1053_LeafPhotoA_2025-09-08 12_43_49.634-05_00_1.png,2.5,2.1482227893956316
1105,1053_LeafPhotoA_2025-09-08 12_43_49.634-05_00_2.png,2.5,2.031961036125897
1113,2631_LeafPhotoA_2025-09-09 11_48_53.491-05_00_0.png,2.5,1.7797966346089404
1114,2631_LeafPhotoA_2025-09-09 11_48_53.491-05_00_3.png,2.5,1.8114851184583083
1115,2631_LeafPhotoA_2025-09-09 11_48_53.491-05_00_2.png,2.5,1.7324230923364778
1116,2631_LeafPhotoA_2025-09-09 11_48_53.491-05_00_1.png,2.5,1.860963288663791
1134,1013_LeafPhotoA_2025-09-08 09_45_15.101-05_00_1.png,1.25,2.091922393154446
1135,1013_LeafPhotoA_2025-09-08 09_45_15.101-05_00_3.png,1.25,1.8504008370504852
1136,1013_LeafPhotoA_2025-09-08 09_45_15.101-05_00_0.png,1.25,2.056181681776849
1137,1013_LeafPhotoA_2025-09-08 09_45_15.101-05_00_2.png,1.25,2.204348557082859
1147,9260_LeafPhotoA_2025-09-08 12_05_57.503-05_00_3.png,1.0,1.7378556871754158
1148,9260_LeafPhotoA_2025-09-08 12_05_57.503-05_00_1.png,1.0,1.7488972959243745
1149,9260_LeafPhotoA_2025-09-08 12_05_57.503-05_00_2.png,1.0,1.6217367735477128
1150,9260_LeafPhotoA_2025-09-08 12_05_57.503-05_00_0.png,1.0,1.7237012316794493
1185,2433_LeafPhotoB_2025-09-08 11_09_46.410-05_00_0.png,1.5,1.689367336201327
1186,2433_LeafPhotoB_2025-09-08 11_09_46.410-05_00_1.png,1.5,1.7377146312445515
1187,2433_LeafPhotoB_2025-09-08 11_09_46.410-05_00_2.png,1.5,1.6327004910576284
1188,2433_LeafPhotoB_2025-09-08 11_09_46.410-05_00_3.png,1.5,1.5770068641570314
1197,2490_LeafPhotoB_2025-09-08 12_05_22.252-05_00_0.png,1.5,1.8717931191816746
1198,2490_LeafPhotoB_2025-09-08 12_05_22.252-05_00_1.png,1.5,1.7371918144473781
1199,2490_LeafPhotoB_2025-09-08 12_05_22.252-05_00_2.png,1.5,1.7696237813412632
1200,2490_LeafPhotoB_2025-09-08 12_05_22.252-05_00_3.png,1.5,1.9177263630184853
1218,1014_LeafPhotoA_2025-09-08 09_46_05.675-05_00_0.png,3.75,2.2364274233490304
1219,1014_LeafPhotoA_2025-09-08 09_46_05.675-05_00_2.png,3.75,2.2145622917110215
1220,1014_LeafPhotoA_2025-09-08 09_46_05.675-05_00_1.png,3.75,2.2111619808223817
1238,2530_LeafPhotoA_2025-09-09 10_28_43.092-05_00_3.png,3.75,2.1038082778598555
1239,2530_LeafPhotoA_2025-09-09 10_28_43.092-05_00_1.png,3.75,1.9935245207833823
1240,2530_LeafPhotoA_2025-09-09 10_28_43.092-05_00_0.png,3.75,2.0876896263203704
1241,2530_LeafPhotoA_2025-09-09 10_28_43.092-05_00_2.png,3.75,2.11291742888631
1242,1397_LeafPhotoA_2025-09-08 13_28_16.462-05_00_0.png,2.5,1.856567930663785
1252,2867_LeafPhotoA_2025-09-09 14_50_34.297-05_00_1.png,1.5,1.88402748414189
1253,2867_LeafPhotoA_2025-09-09 14_50_34.297-05_00_2.png,1.5,1.7474617241150228
1254,2867_LeafPhotoA_2025-09-09 14_50_34.297-05_00_0.png,1.5,1.7480407188566291
1255,2867_LeafPhotoA_2025-09-09 14_50_34.297-05_00_3.png,1.5,1.624845477488896
1256,,2.25,1.7334796230950216
1352,1170_LeafPhotoA_2025-09-08 16_32_45.562-05_00_3.png,1.75,1.916065470544354
1353,1170_LeafPhotoA_2025-09-08 16_32_45.562-05_00_2.png,1.75,1.8821830612909736
1354,1170_LeafPhotoA_2025-09-08 16_32_45.562-05_00_1.png,1.75,1.8636132242598842
1355,1170_LeafPhotoA_2025-09-08 16_32_45.562-05_00_0.png,1.75,1.9226917415350924
1376,2222_LeafPhotoA_2025-09-08 11_22_53.252-05_00_0.png,2.25,1.824829356004765
1377,2222_LeafPhotoA_2025-09-08 11_22_53.252-05_00_1.png,2.25,2.0328411356995773
1378,2222_LeafPhotoA_2025-09-08 11_22_53.252-05_00_2.png,2.25,2.160274529368012
1379,2222_LeafPhotoA_2025-09-08 11_22_53.252-05_00_3.png,2.25,1.8374682707361334
1427,2876_LeafPhotoA_2025-09-09 14_43_15.675-05_00_2.png,1.75,1.8943606760577387
1428,2876_LeafPhotoA_2025-09-09 14_43_15.675-05_00_1.png,1.75,1.8050798520633557
1429,2876_LeafPhotoA_2025-09-09 14_43_15.675-05_00_3.png,1.75,1.8624967466770657
1430,2876_LeafPhotoA_2025-09-09 14_43_15.675-05_00_0.png,1.75,1.9063958781116668
1443,2041_LeafPhotoA_2025-09-08 11_20_20.644-05_00_0.png,2.0,1.740950228898262
1444,2041_LeafPhotoA_2025-09-08 11_20_20.644-05_00_2.png,2.0,1.8505957802973818
1445,2041_LeafPhotoA_2025-09-08 11_20_20.644-05_00_1.png,2.0,1.878099926002792
1469,1584_LeafPhotoA_2025-09-09 09_39_38.950-05_00_0.png,2.25,1.8852961105949317
1470,1584_LeafPhotoA_2025-09-09 09_39_38.950-05_00_3.png,2.25,1.9061551232216132
1471,1584_LeafPhotoA_2025-09-09 09_39_38.950-05_00_1.png,2.25,1.8883016793980656
1472,1584_LeafPhotoA_2025-09-09 09_39_38.950-05_00_2.png,2.25,1.970772407826577
1473,1946_LeafPhotoA_2025-09-09 16_04_53.847-05_00_2.png,3.0,2.1011583463110908
1474,1946_LeafPhotoA_2025-09-09 16_04_53.847-05_00_3.png,3.0,1.702277913186688
1475,1946_LeafPhotoA_2025-09-09 16_04_53.847-05_00_0.png,3.0,1.9148762836347712
1476,1946_LeafPhotoA_2025-09-09 16_04_53.847-05_00_1.png,3.0,1.9963914427317793
1506,1442_LeafPhotoB_2025-09-08 10_31_26.108-05_00_3.png,1.25,1.6738889792053486
1507,1442_LeafPhotoB_2025-09-08 10_31_26.108-05_00_0.png,1.25,1.830406770458001
1508,1442_LeafPhotoB_2025-09-08 10_31_26.108-05_00_2.png,1.25,1.9751303179574864
1509,1442_LeafPhotoB_2025-09-08 10_31_26.108-05_00_1.png,1.25,2.1271092768909226
1524,1693_LeafPhotoA_2025-09-09 09_07_35.518-05_00_0.png,1.75,2.0118157119220763
1525,1693_LeafPhotoA_2025-09-09 09_07_35.518-05_00_1.png,1.75,1.9751434470819762
1526,1693_LeafPhotoA_2025-09-09 09_07_35.518-05_00_2.png,1.75,1.8780157251173
1527,1693_LeafPhotoA_2025-09-09 09_07_35.518-05_00_3.png,1.75,1.9582464911961202
1560,1266_LeafPhotoA_2025-09-08 16_20_40.775-05_00_0.png,1.5,1.990064969553793
1581,2104_LeafPhotoA_2025-09-08 10_58_03.934-05_00_0.png,2.0,1.6477032309822333
1582,2104_LeafPhotoA_2025-09-08 10_58_03.934-05_00_1.png,2.0,1.797342018388602
1583,2104_LeafPhotoA_2025-09-08 10_58_03.934-05_00_2.png,2.0,1.8283579108396995
1584,2104_LeafPhotoA_2025-09-08 10_58_03.934-05_00_3.png,2.0,1.9124954144824264
1594,,1.5,1.7334796230950216
1603,2029_LeafPhotoA_2025-09-08 11_07_23.840-05_00_2.png,3.5,1.929415993229121
1604,2029_LeafPhotoA_2025-09-08 11_07_23.840-05_00_1.png,3.5,1.8523299895892302
1605,2029_LeafPhotoA_2025-09-08 11_07_23.840-05_00_0.png,3.5,1.8847198510674588
1606,2029_LeafPhotoA_2025-09-08 11_07_23.840-05_00_3.png,3.5,2.0269761787704903
1623,1152_LeafPhotoA_2025-09-08 16_58_21.742-05_00_3.png,2.0,2.0564874325034803
1624,1152_LeafPhotoA_2025-09-08 16_58_21.742-05_00_2.png,2.0,2.0775335128018604
1625,1152_LeafPhotoA_2025-09-08 16_58_21.742-05_00_1.png,2.0,2.1155358104093818
1626,1152_LeafPhotoA_2025-09-08 16_58_21.742-05_00_0.png,2.0,1.9613830819566362
1632,1572_LeafPhotoA_2025-09-09 09_56_18.547-05_00_3.png,1.5,1.8366795834816951
1633,1572_LeafPhotoA_2025-09-09 09_56_18.547-05_00_2.png,1.5,1.881135614011084
1634,1572_LeafPhotoA_2025-09-09 09_56_18.547-05_00_0.png,1.5,1.8014164617564992
1635,1572_LeafPhotoA_2025-09-09 09_56_18.547-05_00_1.png,1.5,1.7516899115783595
1647,2237_LeafPhotoA_2025-09-08 11_42_52.155-05_00_3.png,1.5,1.6168831974578035
1648,2237_LeafPhotoA_2025-09-08 11_42_52.155-05_00_2.png,1.5,1.6185035402441557
1649,2237_LeafPhotoA_2025-09-08 11_42_52.155-05_00_0.png,1.5,1.773638255207768
1650,2237_LeafPhotoA_2025-09-08 11_42_52.155-05_00_1.png,1.5,1.618825019052101
1671,2618_LeafPhotoA_2025-09-09 12_06_25.737-05_00_0.png,2.25,1.8530007553640226
1672,2618_LeafPhotoA_2025-09-09 12_06_25.737-05_00_1.png,2.25,1.6517889019412813
1699,2686_LeafPhotoA_2025-09-09 10_48_10.419-05_00_0.png,3.0,1.838126490441747
1700,2686_LeafPhotoA_2025-09-09 10_48_10.419-05_00_1.png,3.0,1.8209308304838012
1701,2686_LeafPhotoA_2025-09-09 10_48_10.419-05_00_2.png,3.0,1.8848639872097925
1718,1198_LeafPhotoA_2025-09-08 09_25_24.531-05_00_0.png,1.25,1.8067205569534206
1719,1198_LeafPhotoA_2025-09-08 09_25_24.531-05_00_3.png,1.25,1.7063447532644522
1720,1198_LeafPhotoA_2025-09-08 09_25_24.531-05_00_2.png,1.25,1.784368249883609
1721,1198_LeafPhotoA_2025-09-08 09_25_24.531-05_00_1.png,1.25,1.86834726925444
1730,2876_LeafPhotoA_2025-09-09 14_43_31.946-05_00_1.png,1.5,1.7874257055965403
1731,2876_LeafPhotoA_2025-09-09 14_43_31.946-05_00_0.png,1.5,1.761160127788503
1732,2876_LeafPhotoA_2025-09-09 14_43_31.946-05_00_2.png,1.5,1.6922824317347718
1733,2876_LeafPhotoA_2025-09-09 14_43_31.946-05_00_3.png,1.5,1.9593157613974546
1747,2064_LeafPhotoA_2025-09-08 11_57_49.749-05_00_0.png,2.0,1.7168694170439767
1748,2064_LeafPhotoA_2025-09-08 11_57_49.749-05_00_1.png,2.0,1.596046049876982
1749,2064_LeafPhotoA_2025-09-08 11_57_49.749-05_00_3.png,2.0,1.6285184485075999
1750,2064_LeafPhotoA_2025-09-08 11_57_49.749-05_00_2.png,2.0,1.6446291324103108
1765,1267_LeafPhotoA_2025-09-08 16_19_11.885-05_00_2.png,2.25,1.9792615258448898
1766,1267_LeafPhotoA_2025-09-08 16_19_11.885-05_00_1.png,2.25,2.0291180197914183
1767,1267_LeafPhotoA_2025-09-08 16_19_11.885-05_00_0.png,2.25,2.0781695208883084
1768,1267_LeafPhotoA_2025-09-08 16_19_11.885-05_00_3.png,2.25,1.882425243179755
1769,2871_LeafPhotoA_2025-09-09 14_47_23.331-05_00_0.png,2.5,1.8090298727276766
1770,2871_LeafPhotoA_2025-09-09 14_47_23.331-05_00_2.png,2.5,2.1665339578399734
1771,2871_LeafPhotoA_2025-09-09 14_47_23.331-05_00_1.png,2.5,2.047992014329463
1772,2871_LeafPhotoA_2025-09-09 14_47_23.331-05_00_3.png,2.5,2.0183299055404196
1808,2447_LeafPhotoB_2025-09-08 11_22_51.883-05_00_1.png,2.0,1.7684062989907732
1809,2447_LeafPhotoB_2025-09-08 11_22_51.883-05_00_2.png,2.0,1.7991480072456993
1810,2447_LeafPhotoB_2025-09-08 11_22_51.883-05_00_3.png,2.0,1.7978983823731314
1811,2447_LeafPhotoB_2025-09-08 11_22_51.883-05_00_0.png,2.0,1.9141086112513628
1820,2287_LeafPhotoA_2025-09-08 16_53_06.874-05_00_1.png,3.75,2.1921822418127324
1821,2287_LeafPhotoA_2025-09-08 16_53_06.874-05_00_2.png,3.75,2.012557710915994
1822,2287_LeafPhotoA_2025-09-08 16_53_06.874-05_00_3.png,3.75,2.1459324448180386
1823,2287_LeafPhotoA_2025-09-08 16_53_06.874-05_00_0.png,3.75,2.0827524968098214
1831,1713_LeafPhotoA_2025-09-09 09_08_31.161-05_00_1.png,1.75,1.9167926521725507
1832,1713_LeafPhotoA_2025-09-09 09_08_31.161-05_00_3.png,1.75,2.0181404380188854
1833,1713_LeafPhotoA_2025-09-09 09_08_31.161-05_00_2.png,1.75,1.8908362362074624
1834,1713_LeafPhotoA_2025-09-09 09_08_31.161-05_00_0.png,1.75,2.008185515403176
1864,2130_LeafPhotoA_2025-09-08 11_49_10.108-05_00_0.png,1.75,1.8867694823813839
1865,2130_LeafPhotoA_2025-09-08 11_49_10.108-05_00_1.png,1.75,1.6515151537220525
1866,2130_LeafPhotoA_2025-09-08 11_49_10.108-05_00_2.png,1.75,1.9007267076238379
1867,2130_LeafPhotoA_2025-09-08 11_49_10.108-05_00_3.png,1.75,1.7805724169580934
1868,2852_LeafPhotoA_2025-09-09 15_03_44.065-05_00_2.png,1.5,1.9567209604201947
1869,2852_LeafPhotoA_2025-09-09 15_03_44.065-05_00_0.png,1.5,1.8510072684963585
1870,2852_LeafPhotoA_2025-09-09 15_03_44.065-05_00_1.png,1.5,1.9620760265034871
1871,2852_LeafPhotoA_2025-09-09 15_03_44.065-05_00_3.png,1.5,1.9531186078364169
1875,1047_LeafPhotoA_2025-09-08 10_26_48.305-05_00_0.png,2.0,2.014635385331096
1876,1047_LeafPhotoA_2025-09-08 10_26_48.305-05_00_1.png,2.0,1.9612909045047444
1877,1047_LeafPhotoA_2025-09-08 10_26_48.305-05_00_2.png,2.0,2.0407391703100397
1878,1047_LeafPhotoA_2025-09-08 10_26_48.305-05_00_3.png,2.0,1.990845601073977
1896,1687_LeafPhotoA_2025-09-09 09_18_05.463-05_00_0.png,1.75,1.8960205959814609
1897,1687_LeafPhotoA_2025-09-09 09_18_05.463-05_00_1.png,1.75,1.8249522827936366
1898,2049_LeafPhotoA_2025-09-08 11_29_22.980-05_00_0.png,1.25,1.7542765240650309
1899,2049_LeafPhotoA_2025-09-08 11_29_22.980-05_00_1.png,1.25,1.6954776752127518
1900,2049_LeafPhotoA_2025-09-08 11_29_22.980-05_00_2.png,1.25,1.6772960267488246
1901,2049_LeafPhotoA_2025-09-08 11_29_22.980-05_00_3.png,1.25,1.743562357297845
1916,2049_LeafPhotoA_2025-09-08 11_29_12.336-05_00_0.png,2.25,1.6491146977404467
1917,2049_LeafPhotoA_2025-09-08 11_29_12.336-05_00_1.png,2.25,1.8547010536803135
1918,2049_LeafPhotoA_2025-09-08 11_29_12.336-05_00_2.png,2.25,1.6883177754786827
1919,2049_LeafPhotoA_2025-09-08 11_29_12.336-05_00_3.png,2.25,1.8077005370709673
1936,1540_LeafPhotoA_2025-09-09 09_38_25.826-05_00_0.png,2.75,2.1703832736441986
1937,1540_LeafPhotoA_2025-09-09 09_38_25.826-05_00_1.png,2.75,2.098903381535527
1938,1540_LeafPhotoA_2025-09-09 09_38_25.826-05_00_2.png,2.75,2.045410804365912
1939,1540_LeafPhotoA_2025-09-09 09_38_25.826-05_00_3.png,2.75,2.086875999495001
1947,1070_LeafPhotoA_2025-09-08 13_01_31.955-05_00_1.png,1.5,1.8844182512037233
1948,1070_LeafPhotoA_2025-09-08 13_01_31.955-05_00_2.png,1.5,1.7767948579561024
1949,1070_LeafPhotoA_2025-09-08 13_01_31.955-05_00_3.png,1.5,1.7740126094397077
1950,1070_LeafPhotoA_2025-09-08 13_01_31.955-05_00_0.png,1.5,1.8773128344286447
1951,1031_LeafPhotoA_2025-09-08 10_05_56.491-05_00_2.png,1.75,2.0894252875768475
1952,1031_LeafPhotoA_2025-09-08 10_05_56.491-05_00_1.png,1.75,2.032579049885927
1953,1031_LeafPhotoA_2025-09-08 10_05_56.491-05_00_3.png,1.75,1.8519952654052283
1954,1031_LeafPhotoA_2025-09-08 10_05_56.491-05_00_0.png,1.75,2.0664757646934144
1959,2835_LeafPhotoA_2025-09-09 10_59_12.275-05_00_0.png,2.5,2.097029623092874
1988,,2.5,1.7334796230950216
2004,2915_LeafPhotoA_2025-09-09 16_35_42.182-05_00_0.png,2.0,1.763796148859954
2009,1697_LeafPhotoA_2025-09-09 08_54_31.422-05_00_0.png,1.5,1.6859627773408021
2010,1697_LeafPhotoA_2025-09-09 08_54_31.422-05_00_1.png,1.5,1.859031673916845
2011,1697_LeafPhotoA_2025-09-09 08_54_31.422-05_00_2.png,1.5,1.8268545554731217
2016,2999_LeafPhotoA_2025-09-09 16_55_04.325-05_00_1.png,2.0,1.8940061291491148
2017,2999_LeafPhotoA_2025-09-09 16_55_04.325-05_00_2.png,2.0,1.9748801823713789
2018,2999_LeafPhotoA_2025-09-09 16_55_04.325-05_00_0.png,2.0,1.780184078521722
2030,2164_LeafPhotoA_2025-09-09 11_57_19.201-05_00_0.png,1.5,1.996136121400852
2031,2164_LeafPhotoA_2025-09-09 11_57_19.201-05_00_1.png,1.5,2.011299648859055
2032,2164_LeafPhotoA_2025-09-09 11_57_19.201-05_00_2.png,1.5,1.955428165718656
2033,2164_LeafPhotoA_2025-09-09 11_57_19.201-05_00_3.png,1.5,1.7574387823715805
2038,2862_LeafPhotoA_2025-09-09 14_54_36.677-05_00_3.png,1.75,1.7251939190974357
2039,2862_LeafPhotoA_2025-09-09 14_54_36.677-05_00_0.png,1.75,1.6647053404528376
2040,2862_LeafPhotoA_2025-09-09 14_54_36.677-05_00_2.png,1.75,1.8250139212245446
2041,2862_LeafPhotoA_2025-09-09 14_54_36.677-05_00_1.png,1.75,1.7217537027574041
2050,2833_LeafPhotoA_2025-09-09 10_55_45.835-05_00_0.png,1.5,1.8334139256976796
2051,2618_LeafPhotoA_2025-09-09 12_05_14.747-05_00_0.png,1.5,1.9009424233344248
2052,2618_LeafPhotoA_2025-09-09 12_05_14.747-05_00_1.png,1.5,2.04172843197958
2053,2618_LeafPhotoA_2025-09-09 12_05_14.747-05_00_2.png,1.5,1.8377615301056542
2054,2618_LeafPhotoA_2025-09-09 12_05_14.747-05_00_3.png,1.5,1.8641834107021085
2095,1338_LeafPhotoA_2025-09-08 10_07_02.814-05_00_1.png,4.5,2.1545241086380185
2096,1338_LeafPhotoA_2025-09-08 10_07_02.814-05_00_0.png,4.5,2.0374488673145312
2097,1338_LeafPhotoA_2025-09-08 10_07_02.814-05_00_3.png,4.5,2.130933217443941
2098,1338_LeafPhotoA_2025-09-08 10_07_02.814-05_00_2.png,4.5,2.3037269110170993
2165,1420_LeafPhotoB_2025-09-08 10_13_16.780-05_00_0.png,1.75,1.8560367276664689
2166,1420_LeafPhotoB_2025-09-08 10_13_16.780-05_00_1.png,1.75,1.8924262757782635
2167,1420_LeafPhotoB_2025-09-08 10_13_16.780-05_00_2.png,1.75,1.7960316308366446
2168,1420_LeafPhotoB_2025-09-08 10_13_16.780-05_00_3.png,1.75,1.8812430085246796
2193,5014_LeafPhotoA_2025-09-09 16_20_31.482-05_00_0.png,1.75,1.9129142057699895
2194,5014_LeafPhotoA_2025-09-09 16_20_31.482-05_00_1.png,1.75,1.8051714548633453
2195,5014_LeafPhotoA_2025-09-09 16_20_31.482-05_00_2.png,1.75,1.9041110762557778
2196,5014_LeafPhotoA_2025-09-09 16_20_31.482-05_00_3.png,1.75,1.7432951791030715
2197,2119_LeafPhotoA_2025-09-08 11_28_47.667-05_00_0.png,1.5,1.8221272324636906
2202,2461_LeafPhotoB_2025-09-08 11_38_43.859-05_00_0.png,2.0,1.948506042932332
2203,2461_LeafPhotoB_2025-09-08 11_38_43.859-05_00_1.png,2.0,1.9582977616047952
2204,2461_LeafPhotoB_2025-09-08 11_38_43.859-05_00_2.png,2.0,1.866599610316693
2205,2461_LeafPhotoB_2025-09-08 11_38_43.859-05_00_3.png,2.0,2.107902065754378
2210,1693_LeafPhotoA_2025-09-09 09_06_11.383-05_00_0.png,1.25,2.0779548249362003
2211,1693_LeafPhotoA_2025-09-09 09_06_11.383-05_00_1.png,1.25,1.8377428702631755
2212,1693_LeafPhotoA_2025-09-09 09_06_11.383-05_00_2.png,1.25,1.8753166747266832
2213,1693_LeafPhotoA_2025-09-09 09_06_11.383-05_00_3.png,1.25,1.897285322806547
2239,1345_LeafPhotoA_2025-09-08 10_13_26.383-05_00_2.png,2.5,1.6896133553503063
2240,1345_LeafPhotoA_2025-09-08 10_13_26.383-05_00_3.png,2.5,1.807259799087599
2241,1345_LeafPhotoA_2025-09-08 10_13_26.383-05_00_0.png,2.5,1.6962383961564862
2242,1345_LeafPhotoA_2025-09-08 10_13_26.383-05_00_1.png,2.5,1.6532057507537516
2255,2438_LeafPhotoB_2025-09-08 11_14_34.150-05_00_0.png,2.25,1.7650360294375378
2256,2438_LeafPhotoB_2025-09-08 11_14_34.150-05_00_1.png,2.25,1.7017811950744923
2257,2438_LeafPhotoB_2025-09-08 11_14_34.150-05_00_2.png,2.25,1.6289063638406214
2258,2438_LeafPhotoB_2025-09-08 11_14_34.150-05_00_3.png,2.25,1.5858031637305678
2259,1543_LeafPhotoA_2025-09-09 09_43_51.333-05_00_2.png,1.5,1.953614749630795
2260,1543_LeafPhotoA_2025-09-09 09_43_51.333-05_00_0.png,1.5,2.141708782539593
2261,1543_LeafPhotoA_2025-09-09 09_43_51.333-05_00_1.png,1.5,2.0797538315415878
2275,1798_LeafPhotoA_2025-09-09 08_54_43.161-05_00_3.png,2.25,1.7653685263421854
2276,1798_LeafPhotoA_2025-09-09 08_54_43.161-05_00_0.png,2.25,1.7410380798534206
2277,1798_LeafPhotoA_2025-09-09 08_54_43.161-05_00_1.png,2.25,1.8292853316462288
2278,1798_LeafPhotoA_2025-09-09 08_54_43.161-05_00_2.png,2.25,1.9109963875469749
2294,1223_LeafPhotoA_2025-09-08 10_03_13.455-05_00_0.png,1.5,1.720109853599379
2295,1223_LeafPhotoA_2025-09-08 10_03_13.455-05_00_2.png,1.5,1.7460825652849985
2296,1223_LeafPhotoA_2025-09-08 10_03_13.455-05_00_1.png,1.5,1.686675950647058
2297,1223_LeafPhotoA_2025-09-08 10_03_13.455-05_00_3.png,1.5,1.7572307288944282
2322,1086_LeafPhotoA_2025-09-09 10_58_54.973-05_00_1.png,2.5,1.6607139415707166
2323,1086_LeafPhotoA_2025-09-09 10_58_54.973-05_00_0.png,2.5,1.9123372881888392
2324,1086_LeafPhotoA_2025-09-09 10_58_54.973-05_00_3.png,2.5,1.899533355585708
2325,1086_LeafPhotoA_2025-09-09 10_58_54.973-05_00_2.png,2.5,1.8371401578338162
2348,2385_LeafPhotoA_2025-09-08 11_56_10.265-05_00_1.png,1.25,1.9220903057989693
2349,2385_LeafPhotoA_2025-09-08 11_56_10.265-05_00_3.png,1.25,1.7482891067588262
2350,2385_LeafPhotoA_2025-09-08 11_56_10.265-05_00_2.png,1.25,1.796094528370023
2351,2385_LeafPhotoA_2025-09-08 11_56_10.265-05_00_0.png,1.25,1.8744052517494019
2352,2381_LeafPhotoA_2025-09-08 11_51_50.879-05_00_1.png,2.0,1.8996122048571369
2353,2381_LeafPhotoA_2025-09-08 11_51_50.879-05_00_2.png,2.0,1.8644997767513478
2354,2381_LeafPhotoA_2025-09-08 11_51_50.879-05_00_3.png,2.0,1.9195479337510815
2355,2381_LeafPhotoA_2025-09-08 11_51_50.879-05_00_0.png,2.0,1.7979372245468783
2401,9351_LeafPhotoA_2025-09-09 17_07_25.532-05_00_0.png,1.25,1.8679454210274165
2402,9351_LeafPhotoA_2025-09-09 17_07_25.532-05_00_1.png,1.25,1.8331209119867808
2403,9351_LeafPhotoA_2025-09-09 17_07_25.532-05_00_3.png,1.25,1.863555197895392
2404,9351_LeafPhotoA_2025-09-09 17_07_25.532-05_00_2.png,1.25,1.9327599888058584
2416,1915_LeafPhotoA_2025-09-09 14_54_52.435-05_00_0.png,1.75,1.7120038148824417
2417,1915_LeafPhotoA_2025-09-09 14_54_52.435-05_00_1.png,1.75,1.8726883774362222
2418,1915_LeafPhotoA_2025-09-09 14_54_52.435-05_00_2.png,1.75,1.9444492206830528
2419,1915_LeafPhotoA_2025-09-09 14_54_52.435-05_00_3.png,1.75,1.8137188881433763
2424,1466_LeafPhotoB_2025-09-08 16_29_29.831-05_00_0.png,2.0,1.7759994479084171
2425,1466_LeafPhotoB_2025-09-08 16_29_29.831-05_00_1.png,2.0,1.8675940830956443
2426,1466_LeafPhotoB_2025-09-08 16_29_29.831-05_00_2.png,2.0,1.6609184857956258
2427,1466_LeafPhotoB_2025-09-08 16_29_29.831-05_00_3.png,2.0,1.7992713776094802
2432,2051_LeafPhotoA_2025-09-08 11_43_12.742-05_00_0.png,3.75,1.903016742059431
2433,2051_LeafPhotoA_2025-09-08 11_43_12.742-05_00_1.png,3.75,1.9038809658237128
2434,2533_LeafPhotoA_2025-09-09 10_31_53.410-05_00_0.png,1.75,1.8423319644187726
2435,2533_LeafPhotoA_2025-09-09 10_31_53.410-05_00_1.png,1.75,1.7234293380902082
2436,2533_LeafPhotoA_2025-09-09 10_31_53.410-05_00_2.png,1.75,1.783871435316169
2437,2533_LeafPhotoA_2025-09-09 10_31_53.410-05_00_3.png,1.75,1.9192034953740031
2534,2295_LeafPhotoA_2025-09-08 16_45_42.473-05_00_0.png,2.25,1.7426439982003172
2535,2295_LeafPhotoA_2025-09-08 16_45_42.473-05_00_3.png,2.25,1.8889356023904906
2536,2295_LeafPhotoA_2025-09-08 16_45_42.473-05_00_2.png,2.25,2.00853544824548
2537,2295_LeafPhotoA_2025-09-08 16_45_42.473-05_00_1.png,2.25,1.9546977350699037
2547,1913_LeafPhotoA_2025-09-09 14_52_15.644-05_00_2.png,1.5,1.8350690502630298
2548,1913_LeafPhotoA_2025-09-09 14_52_15.644-05_00_0.png,1.5,1.8556111003558309
2549,1913_LeafPhotoA_2025-09-09 14_52_15.644-05_00_3.png,1.5,1.8118034622138486
2550,1913_LeafPhotoA_2025-09-09 14_52_15.644-05_00_1.png,1.5,1.8398250686603803
2563,1407_LeafPhotoA_2025-09-08 09_28_58.311-05_00_1.png,1.0,1.8029325187196725
2564,1407_LeafPhotoA_2025-09-08 09_28_58.311-05_00_0.png,1.0,1.819720196965541
2565,1407_LeafPhotoA_2025-09-08 09_28_58.311-05_00_2.png,1.0,1.9082507687799382
2566,1407_LeafPhotoA_2025-09-08 09_28_58.311-05_00_3.png,1.0,1.962311901297713
2597,2470_LeafPhotoB_2025-09-08 11_46_55.188-05_00_0.png,2.25,1.9511091730914298
2598,2470_LeafPhotoB_2025-09-08 11_46_55.188-05_00_3.png,2.25,1.938761591733752
2599,2470_LeafPhotoB_2025-09-08 11_46_55.188-05_00_1.png,2.25,1.9302152463482387
2600,2470_LeafPhotoB_2025-09-08 11_46_55.188-05_00_2.png,2.25,1.890904106157321
2609,2130_LeafPhotoA_2025-09-08 11_48_43.180-05_00_0.png,2.5,2.1446831651025495
2610,2130_LeafPhotoA_2025-09-08 11_48_43.180-05_00_1.png,2.5,2.2433978824645457
2611,2130_LeafPhotoA_2025-09-08 11_48_43.180-05_00_2.png,2.5,2.174353748229484
2612,2130_LeafPhotoA_2025-09-08 11_48_43.180-05_00_3.png,2.5,2.1174124416766165
2617,2391_LeafPhotoA_2025-09-08 12_03_15.238-05_00_0.png,1.25,1.9135682888192946
2618,2391_LeafPhotoA_2025-09-08 12_03_15.238-05_00_1.png,1.25,1.9572763110736353
2619,2391_LeafPhotoA_2025-09-08 12_03_15.238-05_00_3.png,1.25,1.9154580880693741
2620,2391_LeafPhotoA_2025-09-08 12_03_15.238-05_00_2.png,1.25,1.7761543246001938
2621,2391_LeafPhotoA_2025-09-08 12_01_42.651-05_00_3.png,1.75,1.868675556312613
2622,2391_LeafPhotoA_2025-09-08 12_01_42.651-05_00_0.png,1.75,1.8237948362159846
2623,2391_LeafPhotoA_2025-09-08 12_01_42.651-05_00_2.png,1.75,1.8857288646340873
2624,2391_LeafPhotoA_2025-09-08 12_01_42.651-05_00_1.png,1.75,1.735747042095653
2630,1937_LeafPhotoA_2025-09-09 15_34_34.063-05_00_0.png,1.75,1.7484744468865878
2631,1937_LeafPhotoA_2025-09-09 15_34_34.063-05_00_1.png,1.75,1.7862051288011522
2632,1937_LeafPhotoA_2025-09-09 15_34_34.063-05_00_2.png,1.75,1.8490348123843066
2633,1937_LeafPhotoA_2025-09-09 15_34_34.063-05_00_3.png,1.75,1.8890171962862552
2635,1642_LeafPhotoA_2025-09-09 10_32_36.943-05_00_1.png,1.5,1.8755234905528653
2636,1642_LeafPhotoA_2025-09-09 10_32_36.943-05_00_0.png,1.5,1.933528633782635
2637,1642_LeafPhotoA_2025-09-09 10_32_36.943-05_00_2.png,1.5,1.9259882631169023
2733,2942_LeafPhotoA_2025-09-09 16_27_26.746-05_00_2.png,2.75,1.8672952301128078
2734,2942_LeafPhotoA_2025-09-09 16_27_26.746-05_00_3.png,2.75,1.9127910813507634
2735,2942_LeafPhotoA_2025-09-09 16_27_26.746-05_00_1.png,2.75,1.854833374024065
2736,2942_LeafPhotoA_2025-09-09 16_27_26.746-05_00_0.png,2.75,1.9567517988587693
2749,2127_LeafPhotoA_2025-09-08 11_44_05.581-05_00_3.png,2.0,1.6649206400284542
2750,2127_LeafPhotoA_2025-09-08 11_44_05.581-05_00_1.png,2.0,1.8303741142342027
2751,2127_LeafPhotoA_2025-09-08 11_44_05.581-05_00_2.png,2.0,1.8245817555270556
2752,2127_LeafPhotoA_2025-09-08 11_44_05.581-05_00_0.png,2.0,1.8311911231734044
2761,2594_LeafPhotoA_2025-09-09 10_28_00.830-05_00_0.png,1.25,1.8537535767654072
2762,2594_LeafPhotoA_2025-09-09 10_28_00.830-05_00_1.png,1.25,1.845958272353613
2763,2594_LeafPhotoA_2025-09-09 10_28_00.830-05_00_2.png,1.25,1.9922365572177738
2764,2594_LeafPhotoA_2025-09-09 10_28_00.830-05_00_3.png,1.25,1.9422477307465795
2777,1079_LeafPhotoA_2025-09-08 13_11_39.389-05_00_0.png,1.5,1.7885155647760524
2778,1079_LeafPhotoA_2025-09-08 13_11_39.389-05_00_1.png,1.5,1.7798994742975238
2779,1079_LeafPhotoA_2025-09-08 13_11_39.389-05_00_2.png,1.5,1.8482620358657516
2780,1079_LeafPhotoA_2025-09-08 13_11_39.389-05_00_3.png,1.5,1.8064744538616815
2781,1842_LeafPhotoA_2025-09-09 09_52_16.462-05_00_0.png,2.25,1.7180178943299353
2782,1842_LeafPhotoA_2025-09-09 09_52_16.462-05_00_1.png,2.25,1.6071371584131615
2788,2879_LeafPhotoA_2025-09-09 14_38_53.940-05_00_0.png,1.25,1.7657613666634682
2789,2879_LeafPhotoA_2025-09-09 14_38_53.940-05_00_1.png,1.25,1.7426609409601619
2790,1669_LeafPhotoA_2025-09-09 09_51_13.731-05_00_1.png,1.5,1.9142897932095644
2791,1669_LeafPhotoA_2025-09-09 09_51_13.731-05_00_0.png,1.5,1.8010193406887125
2792,1669_LeafPhotoA_2025-09-09 09_51_13.731-05_00_2.png,1.5,1.8929160614416767
2793,1736_LeafPhotoA_2025-09-09 09_48_22.904-05_00_2.png,1.5,1.902501640455938
2794,1736_LeafPhotoA_2025-09-09 09_48_22.904-05_00_1.png,1.5,1.9415591044541443
2795,1736_LeafPhotoA_2025-09-09 09_48_22.904-05_00_3.png,1.5,1.7160185796262122
2796,1736_LeafPhotoA_2025-09-09 09_48_22.904-05_00_0.png,1.5,2.1576496529987366
2797,1466_LeafPhotoB_2025-09-08 16_29_39.552-05_00_0.png,1.25,1.8420176232583958
2798,1466_LeafPhotoB_2025-09-08 16_29_39.552-05_00_1.png,1.25,1.7296937295174408
2799,1466_LeafPhotoB_2025-09-08 16_29_39.552-05_00_2.png,1.25,1.7181500355281427
2800,1466_LeafPhotoB_2025-09-08 16_29_39.552-05_00_3.png,1.25,1.8357635691675462
2880,2744_LeafPhotoA_2025-09-09 11_15_01.877-05_00_3.png,2.25,2.1030330133456605
2881,2744_LeafPhotoA_2025-09-09 11_15_01.877-05_00_2.png,2.25,1.8853741651821898
2882,2744_LeafPhotoA_2025-09-09 11_15_01.877-05_00_1.png,2.25,1.8420389356690026
2883,2744_LeafPhotoA_2025-09-09 11_15_01.877-05_00_0.png,2.25,1.830226532815575
2902,2404_LeafPhotoB_2025-09-08 10_44_08.041-05_00_1.png,3.25,1.753105484554037
2903,2404_LeafPhotoB_2025-09-08 10_44_08.041-05_00_0.png,3.25,2.0024816479301895
2908,2215_LeafPhotoA_2025-09-08 11_08_31.563-05_00_1.png,2.25,1.83901480136167
2909,2215_LeafPhotoA_2025-09-08 11_08_31.563-05_00_0.png,2.25,2.1335554787570303
2910,2215_LeafPhotoA_2025-09-08 11_08_31.563-05_00_2.png,2.25,1.8386587297345311
2911,2215_LeafPhotoA_2025-09-08 11_08_31.563-05_00_3.png,2.25,1.7137868716438982
2916,2728_LeafPhotoA_2025-09-09 10_52_13.946-05_00_2.png,3.25,1.9106235372223657
2917,2728_LeafPhotoA_2025-09-09 10_52_13.946-05_00_1.png,3.25,2.0882562799096736
2918,2728_LeafPhotoA_2025-09-09 10_52_13.946-05_00_0.png,3.25,1.8946058349330428
2919,2728_LeafPhotoA_2025-09-09 10_52_13.946-05_00_3.png,3.25,2.074051631099968
2930,,1.5,1.7334796230950216
2931,1001_LeafPhotoA_2025-09-08 10_31_01.387-05_00_1.png,1.25,1.9827239180976741
2932,1001_LeafPhotoA_2025-09-08 10_31_01.387-05_00_2.png,1.25,1.8603072689304927
2933,1001_LeafPhotoA_2025-09-08 10_31_01.387-05_00_0.png,1.25,1.886373237388634
2960,1122_LeafPhotoA_2025-09-08 10_08_12.180-05_00_2.png,2.25,1.8693179169444882
2961,1122_LeafPhotoA_2025-09-08 10_08_12.180-05_00_0.png,2.25,1.916951822025311
2962,1122_LeafPhotoA_2025-09-08 10_08_12.180-05_00_3.png,2.25,1.8544807388389049
2963,1122_LeafPhotoA_2025-09-08 10_08_12.180-05_00_1.png,2.25,1.8237524861525318
2980,2833_LeafPhotoA_2025-09-09 10_50_33.812-05_00_3.png,1.25,2.1430951978622637
2981,2833_LeafPhotoA_2025-09-09 10_50_33.812-05_00_0.png,1.25,2.072659016948393
2982,2833_LeafPhotoA_2025-09-09 10_50_33.812-05_00_1.png,1.25,2.06065175467807
2983,2833_LeafPhotoA_2025-09-09 10_50_33.812-05_00_2.png,1.25,2.016702737346661
2991,1267_LeafPhotoA_2025-09-08 16_19_24.654-05_00_1.png,2.25,1.875364468922193
2992,1267_LeafPhotoA_2025-09-08 16_19_24.654-05_00_3.png,2.25,1.9047417409006762
2993,1267_LeafPhotoA_2025-09-08 16_19_24.654-05_00_0.png,2.25,1.9430922432279953
2994,1267_LeafPhotoA_2025-09-08 16_19_24.654-05_00_2.png,2.25,2.1175011693202834
3011,2278_LeafPhotoA_2025-09-08 17_01_54.314-05_00_0.png,3.0,1.9270600317563844
3012,2278_LeafPhotoA_2025-09-08 17_01_54.314-05_00_3.png,3.0,2.041499839324494
3013,2278_LeafPhotoA_2025-09-08 17_01_54.314-05_00_2.png,3.0,2.0195456961111113
3014,2278_LeafPhotoA_2025-09-08 17_01_54.314-05_00_1.png,3.0,1.976884420617598
3019,2579_LeafPhotoA_2025-09-09 10_41_50.960-05_00_1.png,1.0,1.5695139549643469
3020,2579_LeafPhotoA_2025-09-09 10_41_50.960-05_00_0.png,1.0,1.6551048604388388
3021,2579_LeafPhotoA_2025-09-09 10_41_50.960-05_00_3.png,1.0,1.769674278591098
3022,2579_LeafPhotoA_2025-09-09 10_41_50.960-05_00_2.png,1.0,1.7355558377985205
3026,2206_LeafPhotoA_2025-09-08 10_54_07.474-05_00_0.png,1.5,1.7618993858389413
3027,2206_LeafPhotoA_2025-09-08 10_54_07.474-05_00_1.png,1.5,1.6579633664677693
3028,2206_LeafPhotoA_2025-09-08 10_54_07.474-05_00_2.png,1.5,1.7138049795263532
3029,2206_LeafPhotoA_2025-09-08 10_54_07.474-05_00_3.png,1.5,1.665643114813248
3060,1823_LeafPhotoA_2025-09-09 09_24_42.198-05_00_0.png,1.75,1.9160108857766434
3061,1823_LeafPhotoA_2025-09-09 09_24_42.198-05_00_1.png,1.75,1.8300231504082984
3062,1823_LeafPhotoA_2025-09-09 09_24_42.198-05_00_2.png,1.75,1.8551247548783343
3069,5027_LeafPhotoA_2025-09-09 16_48_30.065-05_00_1.png,1.5,1.8858951256499015
3070,5027_LeafPhotoA_2025-09-09 16_48_30.065-05_00_0.png,1.5,2.0127354402791577
3071,5027_LeafPhotoA_2025-09-09 16_48_30.065-05_00_3.png,1.5,1.893390207033998
3072,5027_LeafPhotoA_2025-09-09 16_48_30.065-05_00_2.png,1.5,1.7617845816034665
3077,1357_LeafPhotoA_2025-09-08 12_34_05.972-05_00_2.png,3.75,2.1058203552888988
3078,1357_LeafPhotoA_2025-09-08 12_34_05.972-05_00_1.png,3.75,2.1863391853674345
3079,1357_LeafPhotoA_2025-09-08 12_34_05.972-05_00_0.png,3.75,2.1466761576419673
3080,1975_LeafPhotoA_2025-09-09 16_51_47.447-05_00_2.png,1.0,1.8591380377032334
3081,1975_LeafPhotoA_2025-09-09 16_51_47.447-05_00_3.png,1.0,1.8744740583727741
3082,1975_LeafPhotoA_2025-09-09 16_51_47.447-05_00_1.png,1.0,1.872999077457897
3083,1975_LeafPhotoA_2025-09-09 16_51_47.447-05_00_0.png,1.0,1.8554529157216748
3097,1462_LeafPhotoB_2025-09-08 16_26_18.579-05_00_0.png,1.25,1.698972295429836
3098,1462_LeafPhotoB_2025-09-08 16_26_18.579-05_00_2.png,1.25,1.998877947735689
3099,1462_LeafPhotoB_2025-09-08 16_26_18.579-05_00_3.png,1.25,1.862669053492571
3100,1462_LeafPhotoB_2025-09-08 16_26_18.579-05_00_1.png,1.25,1.848030004776571
3101,2596_LeafPhotoA_2025-09-09 10_26_28.393-05_00_0.png,2.75,1.9089611379171658
3109,1134_LeafPhotoA_2025-09-08 10_25_22.077-05_00_0.png,2.0,1.6609159521343264
3110,1134_LeafPhotoA_2025-09-08 10_25_22.077-05_00_1.png,2.0,1.707931404997438
3111,1134_LeafPhotoA_2025-09-08 10_25_22.077-05_00_2.png,2.0,1.7082264475425033
3112,1134_LeafPhotoA_2025-09-08 10_25_22.077-05_00_3.png,2.0,1.660952716120686
3125,1175_LeafPhotoA_2025-09-08 16_24_37.781-05_00_2.png,1.75,1.8401469139023927
3126,1175_LeafPhotoA_2025-09-08 16_24_37.781-05_00_1.png,1.75,1.9490516880524973
3127,1175_LeafPhotoA_2025-09-08 16_24_37.781-05_00_0.png,1.75,2.166284413352813
3128,1175_LeafPhotoA_2025-09-08 16_24_37.781-05_00_3.png,1.75,1.9652441011108777
3133,1122_LeafPhotoA_2025-09-08 10_07_49.073-05_00_2.png,2.5,1.8856706533087872
3134,1122_LeafPhotoA_2025-09-08 10_07_49.073-05_00_3.png,2.5,1.8146476523616122
3135,1122_LeafPhotoA_2025-09-08 10_07_49.073-05_00_1.png,2.5,1.7968012259256698
3136,1122_LeafPhotoA_2025-09-08 10_07_49.073-05_00_0.png,2.5,1.8689610061568864
3157,2962_LeafPhotoA_2025-09-09 16_07_02.844-05_00_3.png,2.0,1.864339880379984
3158,2962_LeafPhotoA_2025-09-09 16_07_02.844-05_00_2.png,2.0,2.0530633953733317
3159,2962_LeafPhotoA_2025-09-09 16_07_02.844-05_00_0.png,2.0,1.912618115004942
3160,2962_LeafPhotoA_2025-09-09 16_07_02.844-05_00_1.png,2.0,2.0040906627879327
3169,5029_LeafPhotoA_2025-09-09 16_52_43.123-05_00_2.png,1.25,1.897697708350835
3170,5029_LeafPhotoA_2025-09-09 16_52_43.123-05_00_1.png,1.25,1.6988439092968672
3171,5029_LeafPhotoA_2025-09-09 16_52_43.123-05_00_3.png,1.25,1.7075565679993152
3172,5029_LeafPhotoA_2025-09-09 16_52_43.123-05_00_0.png,1.25,1.6503813300643067
3231,,2.0,1.7334796230950216
3269,2834_LeafPhotoA_2025-09-09 10_58_21.581-05_00_2.png,3.75,2.054399910733564
3270,2834_LeafPhotoA_2025-09-09 10_58_21.581-05_00_0.png,3.75,1.7604130297081886
3271,2834_LeafPhotoA_2025-09-09 10_58_21.581-05_00_3.png,3.75,2.0133915842821604
3272,2834_LeafPhotoA_2025-09-09 10_58_21.581-05_00_1.png,3.75,1.9188817122594586
3293,1593_LeafPhotoA_2025-09-09 09_33_14.926-05_00_0.png,2.25,1.825518294060813
3294,1593_LeafPhotoA_2025-09-09 09_33_14.926-05_00_2.png,2.25,1.8888139552441026
3295,1593_LeafPhotoA_2025-09-09 09_33_14.926-05_00_1.png,2.25,1.9247782411302183
3296,1593_LeafPhotoA_2025-09-09 09_33_14.926-05_00_3.png,2.25,1.8567191642556156
3307,1113_LeafPhotoA_2025-09-08 09_54_47.376-05_00_0.png,1.5,2.0679934334147636
3308,1113_LeafPhotoA_2025-09-08 09_54_47.376-05_00_1.png,1.5,2.060877040327769
3309,1113_LeafPhotoA_2025-09-08 09_54_47.376-05_00_2.png,1.5,2.1632072033318526
3310,1113_LeafPhotoA_2025-09-08 09_54_47.376-05_00_3.png,1.5,2.1308160242736602
3319,2404_LeafPhotoB_2025-09-08 10_43_34.946-05_00_0.png,1.5,1.730749798692824
3320,2404_LeafPhotoB_2025-09-08 10_43_34.946-05_00_1.png,1.5,1.9962756122312306
3321,2404_LeafPhotoB_2025-09-08 10_43_34.946-05_00_3.png,1.5,1.9660140258965995
3322,2404_LeafPhotoB_2025-09-08 10_43_34.946-05_00_2.png,1.5,1.9499243209370067
3332,1407_LeafPhotoB_2025-09-08 10_01_50.917-05_00_0.png,1.25,1.826014403275229
3333,1407_LeafPhotoB_2025-09-08 10_01_50.917-05_00_1.png,1.25,1.759136334185519
3334,1407_LeafPhotoB_2025-09-08 10_01_50.917-05_00_2.png,1.25,1.7464661238891726
3335,1407_LeafPhotoB_2025-09-08 10_01_50.917-05_00_3.png,1.25,1.6273455897374356
3336,2490_LeafPhotoB_2025-09-08 12_05_51.103-05_00_0.png,1.5,1.8081956182214838
3337,2490_LeafPhotoB_2025-09-08 12_05_51.103-05_00_1.png,1.5,1.848432690771987
3338,2490_LeafPhotoB_2025-09-08 12_05_51.103-05_00_2.png,1.5,1.8863755916479905
3339,2490_LeafPhotoB_2025-09-08 12_05_51.103-05_00_3.png,1.5,1.758322646903965
3340,2958_LeafPhotoA_2025-09-09 16_03_21.913-05_00_0.png,1.25,1.6567282757084758
3341,2958_LeafPhotoA_2025-09-09 16_03_21.913-05_00_3.png,1.25,1.7033487717213776
3342,2958_LeafPhotoA_2025-09-09 16_03_21.913-05_00_1.png,1.25,1.6284444964327889
3343,2958_LeafPhotoA_2025-09-09 16_03_21.913-05_00_2.png,1.25,1.6452705172941842
3361,1679_LeafPhotoA_2025-09-09 09_33_07.078-05_00_0.png,2.0,1.8455617666714184
3362,1679_LeafPhotoA_2025-09-09 09_33_07.078-05_00_1.png,2.0,1.809000270901055
3363,1679_LeafPhotoA_2025-09-09 09_33_07.078-05_00_2.png,2.0,2.037455916951878
3364,1679_LeafPhotoA_2025-09-09 09_33_07.078-05_00_3.png,2.0,1.8686321765502296
3376,1414_LeafPhotoB_2025-09-08 10_08_06.102-05_00_0.png,2.25,1.7053499248979955
3377,1414_LeafPhotoB_2025-09-08 10_08_06.102-05_00_3.png,2.25,1.9312267261005887
3378,1414_LeafPhotoB_2025-09-08 10_08_06.102-05_00_2.png,2.25,1.8639472390368184
3379,1414_LeafPhotoB_2025-09-08 10_08_06.102-05_00_1.png,2.25,1.7476413245431366
3384,2104_LeafPhotoA_2025-09-08 10_57_30.453-05_00_0.png,1.25,1.8610012106379186
3385,2292_LeafPhotoA_2025-09-08 16_48_06.499-05_00_0.png,1.75,1.9007192192361624
3386,2292_LeafPhotoA_2025-09-08 16_48_06.499-05_00_2.png,1.75,1.7892314050100526
3387,2292_LeafPhotoA_2025-09-08 16_48_06.499-05_00_3.png,1.75,1.8762063682844932
3388,2292_LeafPhotoA_2025-09-08 16_48_06.499-05_00_1.png,1.75,1.8762887766500171
3397,1761_LeafPhotoA_2025-09-09 10_25_02.889-05_00_2.png,1.25,1.8344090806585496
3398,1761_LeafPhotoA_2025-09-09 10_25_02.889-05_00_1.png,1.25,1.864689632260477
3399,1761_LeafPhotoA_2025-09-09 10_25_02.889-05_00_0.png,1.25,1.9112640698855978
3400,1761_LeafPhotoA_2025-09-09 10_25_02.889-05_00_3.png,1.25,1.852943841489446
3423,1721_LeafPhotoA_2025-09-09 09_20_24.206-05_00_1.png,2.5,1.8357594126222818
3424,1721_LeafPhotoA_2025-09-09 09_20_24.206-05_00_0.png,2.5,2.115305773033241
3425,1721_LeafPhotoA_2025-09-09 09_20_24.206-05_00_2.png,2.5,1.7864299864611766
3430,1365_LeafPhotoA_2025-09-08 12_47_18.027-05_00_1.png,2.0,1.705023037183835
3431,1365_LeafPhotoA_2025-09-08 12_47_18.027-05_00_2.png,2.0,1.796789306817572
3432,1365_LeafPhotoA_2025-09-08 12_47_18.027-05_00_0.png,2.0,1.730232587232115
3433,1365_LeafPhotoA_2025-09-08 12_47_18.027-05_00_3.png,2.0,1.8342303551523518
3461,1704_LeafPhotoA_2025-09-09 08_56_01.667-05_00_0.png,2.25,2.112196000062242
3462,1704_LeafPhotoA_2025-09-09 08_56_01.667-05_00_1.png,2.25,2.004558631860648
3463,1704_LeafPhotoA_2025-09-09 08_56_01.667-05_00_3.png,2.25,1.9707897540115735
3464,1704_LeafPhotoA_2025-09-09 08_56_01.667-05_00_2.png,2.25,1.953332206832823
3473,2970_LeafPhotoA_2025-09-09 16_17_01.331-05_00_1.png,1.25,1.8868141785424202
3474,2970_LeafPhotoA_2025-09-09 16_17_01.331-05_00_0.png,1.25,1.9970732247131853
3483,1548_LeafPhotoA_2025-09-09 09_49_29.604-05_00_0.png,3.0,1.9301517389505498
3484,1548_LeafPhotoA_2025-09-09 09_49_29.604-05_00_2.png,3.0,2.252106210687369
3485,1548_LeafPhotoA_2025-09-09 09_49_29.604-05_00_3.png,3.0,2.0460197981735346
3486,1548_LeafPhotoA_2025-09-09 09_49_29.604-05_00_1.png,3.0,2.273057089582244
3487,,1.5,1.7334796230950216
3492,1472_LeafPhotoB_2025-09-08 16_38_58.831-05_00_2.png,2.75,1.9118632776993596
3493,1472_LeafPhotoB_2025-09-08 16_38_58.831-05_00_1.png,2.75,1.862757525350573
3494,1472_LeafPhotoB_2025-09-08 16_38_58.831-05_00_0.png,2.75,1.9766097728072247
