,image_name,label,predicted
0,2705_LeafPhotoA_2025-09-09 10_19_54.020-05_00_1.png,1.25,2.1359690171101273
1,2705_LeafPhotoA_2025-09-09 10_19_54.020-05_00_0.png,1.25,2.0976215920007273
2,2705_LeafPhotoA_2025-09-09 10_19_54.020-05_00_2.png,1.25,2.0002633809071257
7,2002_LeafPhotoA_2025-09-08 10_34_30.740-05_00_0.png,1.25,1.9066436576490045
8,2002_LeafPhotoA_2025-09-08 10_34_30.740-05_00_2.png,1.25,1.7797080178861813
9,2002_LeafPhotoA_2025-09-08 10_34_30.740-05_00_3.png,1.25,1.8625284132603943
10,2002_LeafPhotoA_2025-09-08 10_34_30.740-05_00_1.png,1.25,1.8626255596640404
15,2645_LeafPhotoA_2025-09-09 11_30_33.412-05_00_2.png,1.75,1.720161442259475
16,2645_LeafPhotoA_2025-09-09 11_30_33.412-05_00_0.png,1.75,1.780774726692296
17,2645_LeafPhotoA_2025-09-09 11_30_33.412-05_00_1.png,1.75,1.7160570274373266
25,2863_LeafPhotoA_2025-09-09 14_53_39.925-05_00_0.png,1.5,1.7718402198614074
26,2863_LeafPhotoA_2025-09-09 14_53_39.925-05_00_1.png,1.5,1.807063344053499
38,1268_LeafPhotoA_2025-09-08 16_18_21.694-05_00_0.png,1.25,1.9265890084073127
39,1268_LeafPhotoA_2025-09-08 16_18_21.694-05_00_1.png,1.25,1.9010321863271742
40,1268_LeafPhotoA_2025-09-08 16_18_21.694-05_00_2.png,1.25,1.8923533006649784
41,1268_LeafPhotoA_2025-09-08 16_18_21.694-05_00_3.png,1.25,1.9646466922444814
62,2339_LeafPhotoA_2025-09-08 11_07_39.980-05_00_1.png,1.25,1.812722442267913
63,2339_LeafPhotoA_2025-09-08 11_07_39.980-05_00_3.png,1.25,2.0775515477277278
64,2339_LeafPhotoA_2025-09-08 11_07_39.980-05_00_0.png,1.25,1.9699891403289482
65,2339_LeafPhotoA_2025-09-08 11_07_39.980-05_00_2.png,1.25,1.868798680217701
77,1827_LeafPhotoA_2025-09-09 09_28_41.756-05_00_0.png,1.5,2.0419507344328367
78,1827_LeafPhotoA_2025-09-09 09_28_41.756-05_00_1.png,1.5,1.9495795839974435
79,1827_LeafPhotoA_2025-09-09 09_28_41.756-05_00_2.png,1.5,1.8623300543545074
80,1827_LeafPhotoA_2025-09-09 09_28_41.756-05_00_3.png,1.5,1.7496337658004406
93,2675_LeafPhotoA_2025-09-09 11_09_07.955-05_00_0.png,2.0,1.8755853748907376
94,2675_LeafPhotoA_2025-09-09 11_09_07.955-05_00_1.png,2.0,1.8013358295954576
95,2675_LeafPhotoA_2025-09-09 11_09_07.955-05_00_2.png,2.0,1.7298226412900621
96,1256_LeafPhotoA_2025-09-08 16_33_20.459-05_00_0.png,2.5,1.9806902542493177
97,1256_LeafPhotoA_2025-09-08 16_33_20.459-05_00_2.png,2.5,1.8809532275269012
98,1256_LeafPhotoA_2025-09-08 16_33_20.459-05_00_1.png,2.5,2.029635627589431
118,1150_LeafPhotoA_2025-09-08 10_48_11.571-05_00_0.png,1.75,1.875556836476003
119,1150_LeafPhotoA_2025-09-08 10_48_11.571-05_00_1.png,1.75,1.8754439138674583
120,1150_LeafPhotoA_2025-09-08 10_48_11.571-05_00_2.png,1.75,1.940970963454007
121,1150_LeafPhotoA_2025-09-08 10_48_11.571-05_00_3.png,1.75,1.8110293587239206
129,2616_LeafPhotoA_2025-09-09 12_03_18.288-05_00_0.png,2.0,1.880490598641769
130,2616_LeafPhotoA_2025-09-09 12_03_18.288-05_00_1.png,2.0,1.7391911844256316
131,2616_LeafPhotoA_2025-09-09 12_03_18.288-05_00_3.png,2.0,1.6961181585066567
132,2616_LeafPhotoA_2025-09-09 12_03_18.288-05_00_2.png,2.0,1.7230161940984063
148,2445_LeafPhotoB_2025-09-08 11_21_12.225-05_00_2.png,1.5,1.768766327613197
149,2445_LeafPhotoB_2025-09-08 11_21_12.225-05_00_3.png,1.5,1.731772322268911
150,2445_LeafPhotoB_2025-09-08 11_21_12.225-05_00_0.png,1.5,1.7867939627129852
151,2445_LeafPhotoB_2025-09-08 11_21_12.225-05_00_1.png,1.5,1.7796136536966645
171,2469_LeafPhotoB_2025-09-08 11_45_54.424-05_00_3.png,1.75,1.9504882939826342
172,2469_LeafPhotoB_2025-09-08 11_45_54.424-05_00_0.png,1.75,1.8454298600731696
173,2469_LeafPhotoB_2025-09-08 11_45_54.424-05_00_1.png,1.75,1.8774754923009551
174,2469_LeafPhotoB_2025-09-08 11_45_54.424-05_00_2.png,1.75,1.9226293885100976
241,2637_LeafPhotoA_2025-09-09 11_40_45.027-05_00_0.png,1.25,1.8566021836726663
242,2637_LeafPhotoA_2025-09-09 11_40_45.027-05_00_1.png,1.25,2.057306212629281
243,2637_LeafPhotoA_2025-09-09 11_40_45.027-05_00_2.png,1.25,1.9979123388221667
244,2637_LeafPhotoA_2025-09-09 11_40_45.027-05_00_3.png,1.25,1.868525040002354
245,2240_LeafPhotoA_2025-09-08 11_49_15.391-05_00_2.png,1.75,1.6739492487485412
246,2240_LeafPhotoA_2025-09-08 11_49_15.391-05_00_0.png,1.75,1.7690484196262548
247,2240_LeafPhotoA_2025-09-08 11_49_15.391-05_00_3.png,1.75,1.640044764918605
248,2240_LeafPhotoA_2025-09-08 11_49_15.391-05_00_1.png,1.75,1.7090677835451447
253,2225_LeafPhotoA_2025-09-08 11_27_06.412-05_00_0.png,1.25,1.8466918008972246
254,2225_LeafPhotoA_2025-09-08 11_27_06.412-05_00_1.png,1.25,1.921664918656551
255,2225_LeafPhotoA_2025-09-08 11_27_06.412-05_00_2.png,1.25,1.9210697569947017
256,2225_LeafPhotoA_2025-09-08 11_27_06.412-05_00_3.png,1.25,2.1112151899930787
264,2177_LeafPhotoA_2025-09-09 12_21_22.406-05_00_0.png,1.5,1.9007503289409229
265,2177_LeafPhotoA_2025-09-09 12_21_22.406-05_00_1.png,1.5,1.9699369792735208
266,2177_LeafPhotoA_2025-09-09 12_21_22.406-05_00_2.png,1.5,1.9895360823333457
267,2177_LeafPhotoA_2025-09-09 12_21_22.406-05_00_3.png,1.5,2.0014349412439323
281,1830_LeafPhotoA_2025-09-09 09_33_52.287-05_00_2.png,2.0,1.6968649624449978
282,1830_LeafPhotoA_2025-09-09 09_33_52.287-05_00_0.png,2.0,1.8342090981129286
283,1830_LeafPhotoA_2025-09-09 09_33_52.287-05_00_3.png,2.0,1.7260759417230744
284,1830_LeafPhotoA_2025-09-09 09_33_52.287-05_00_1.png,2.0,1.741058350364054
297,2671_LeafPhotoA_2025-09-09 11_45_37.038-05_00_0.png,4.5,2.4989136865188053
298,2671_LeafPhotoA_2025-09-09 11_45_37.038-05_00_1.png,4.5,2.582700694364974
299,2671_LeafPhotoA_2025-09-09 11_45_37.038-05_00_2.png,4.5,2.3437444309028836
300,2671_LeafPhotoA_2025-09-09 11_45_37.038-05_00_3.png,4.5,2.2875166138202605
309,1085_LeafPhotoA_2025-09-09 10_58_08.346-05_00_0.png,2.0,1.9674435513102317
310,1085_LeafPhotoA_2025-09-09 10_58_08.346-05_00_1.png,2.0,1.8192168575211338
311,1085_LeafPhotoA_2025-09-09 10_58_08.346-05_00_2.png,2.0,1.7817135344902142
312,1085_LeafPhotoA_2025-09-09 10_58_08.346-05_00_3.png,2.0,1.906654731588072
324,1090_LeafPhotoA_2025-09-09 11_01_46.837-05_00_3.png,2.0,1.9466424130028048
325,1090_LeafPhotoA_2025-09-09 11_01_46.837-05_00_0.png,2.0,1.8978616235523142
326,1090_LeafPhotoA_2025-09-09 11_01_46.837-05_00_1.png,2.0,1.8287572137883195
327,1090_LeafPhotoA_2025-09-09 11_01_46.837-05_00_2.png,2.0,1.901207744464106
328,2539_LeafPhotoA_2025-09-09 10_38_11.553-05_00_0.png,1.5,1.90987605227536
329,2539_LeafPhotoA_2025-09-09 10_38_11.553-05_00_1.png,1.5,1.9717460543305152
330,2539_LeafPhotoA_2025-09-09 10_38_11.553-05_00_2.png,1.5,1.803223139973309
331,2539_LeafPhotoA_2025-09-09 10_38_11.553-05_00_3.png,1.5,1.9773601296310752
344,2439_LeafPhotoB_2025-09-08 11_15_32.151-05_00_0.png,1.0,1.8810710626796878
345,2439_LeafPhotoB_2025-09-08 11_15_32.151-05_00_1.png,1.0,1.7987522532802374
346,2439_LeafPhotoB_2025-09-08 11_15_32.151-05_00_2.png,1.0,1.824681051428899
347,2439_LeafPhotoB_2025-09-08 11_15_32.151-05_00_3.png,1.0,1.83563093197652
360,1743_LeafPhotoA_2025-09-09 09_59_38.653-05_00_0.png,1.0,1.8609254545629585
361,1743_LeafPhotoA_2025-09-09 09_59_38.653-05_00_1.png,1.0,2.0236748659246233
362,1743_LeafPhotoA_2025-09-09 09_59_38.653-05_00_2.png,1.0,2.2147008580192598
363,1743_LeafPhotoA_2025-09-09 09_59_38.653-05_00_3.png,1.0,2.202294975841366
368,2076_LeafPhotoA_2025-09-08 12_11_50.135-05_00_0.png,1.25,1.8861063809502767
369,2076_LeafPhotoA_2025-09-08 12_11_50.135-05_00_1.png,1.25,1.7929431861621778
370,2076_LeafPhotoA_2025-09-08 12_11_50.135-05_00_2.png,1.25,1.8012107994559616
371,2076_LeafPhotoA_2025-09-08 12_11_50.135-05_00_3.png,1.25,2.17002312152126
380,2570_LeafPhotoA_2025-09-09 10_49_34.407-05_00_0.png,2.75,1.8927358148494944
381,2570_LeafPhotoA_2025-09-09 10_49_34.407-05_00_1.png,2.75,1.8970840633018946
382,2570_LeafPhotoA_2025-09-09 10_49_34.407-05_00_2.png,2.75,2.275060828874322
395,2262_LeafPhotoA_2025-09-08 12_34_41.227-05_00_3.png,1.5,1.9327537969963489
396,2262_LeafPhotoA_2025-09-08 12_34_41.227-05_00_0.png,1.5,1.9248569057039469
397,2262_LeafPhotoA_2025-09-08 12_34_41.227-05_00_2.png,1.5,1.9351195166686168
398,2262_LeafPhotoA_2025-09-08 12_34_41.227-05_00_1.png,1.5,1.84055560097958
407,6042_LeafPhotoA_2025-09-09 16_06_35.024-05_00_0.png,1.25,2.0030005878275268
408,6042_LeafPhotoA_2025-09-09 16_06_35.024-05_00_1.png,1.25,2.0689036453688656
409,6042_LeafPhotoA_2025-09-09 16_06_35.024-05_00_2.png,1.25,2.0864604145612495
410,6042_LeafPhotoA_2025-09-09 16_06_35.024-05_00_3.png,1.25,2.097742071533019
422,1625_LeafPhotoA_2025-09-09 10_02_28.135-05_00_1.png,2.25,2.0729762671028875
423,1625_LeafPhotoA_2025-09-09 10_02_28.135-05_00_3.png,2.25,2.0399189217000733
424,1625_LeafPhotoA_2025-09-09 10_02_28.135-05_00_0.png,2.25,1.8727038076812892
425,1625_LeafPhotoA_2025-09-09 10_02_28.135-05_00_2.png,2.25,2.049935188800707
444,2436_LeafPhotoB_2025-09-08 11_12_35.180-05_00_3.png,1.5,1.9274596278844789
445,2436_LeafPhotoB_2025-09-08 11_12_35.180-05_00_2.png,1.5,1.8579588687993291
446,2436_LeafPhotoB_2025-09-08 11_12_35.180-05_00_0.png,1.5,1.8530584445331924
447,2436_LeafPhotoB_2025-09-08 11_12_35.180-05_00_1.png,1.5,1.8759054234057138
455,1203_LeafPhotoA_2025-09-08 09_19_50.867-05_00_0.png,2.25,2.0137972201624503
456,1203_LeafPhotoA_2025-09-08 09_19_50.867-05_00_2.png,2.25,1.9760433182067771
457,1203_LeafPhotoA_2025-09-08 09_19_50.867-05_00_3.png,2.25,2.04905851304376
458,1203_LeafPhotoA_2025-09-08 09_19_50.867-05_00_1.png,2.25,1.9741534898280264
521,2062_LeafPhotoA_2025-09-08 11_56_16.610-05_00_0.png,1.25,1.7425161428725426
522,2062_LeafPhotoA_2025-09-08 11_56_16.610-05_00_1.png,1.25,1.7585104210965758
523,2062_LeafPhotoA_2025-09-08 11_56_16.610-05_00_2.png,1.25,1.869151626022756
524,1347_LeafPhotoA_2025-09-08 10_15_29.541-05_00_0.png,1.75,1.870958379914506
525,1347_LeafPhotoA_2025-09-08 10_15_29.541-05_00_1.png,1.75,1.878537976742576
526,1347_LeafPhotoA_2025-09-08 10_15_29.541-05_00_2.png,1.75,1.8507778709401197
527,1347_LeafPhotoA_2025-09-08 10_15_29.541-05_00_3.png,1.75,1.7964898924443724
532,2639_LeafPhotoA_2025-09-09 11_37_01.257-05_00_0.png,1.25,1.8356475844470725
533,2639_LeafPhotoA_2025-09-09 11_37_01.257-05_00_2.png,1.25,1.872452388867155
534,2639_LeafPhotoA_2025-09-09 11_37_01.257-05_00_3.png,1.25,1.8422350115243162
535,2639_LeafPhotoA_2025-09-09 11_37_01.257-05_00_1.png,1.25,1.871847555493722
536,1301_LeafPhotoA_2025-09-08 10_20_24.380-05_00_0.png,1.5,1.773406210181824
537,1301_LeafPhotoA_2025-09-08 10_20_24.380-05_00_1.png,1.5,1.8472415814883647
538,1301_LeafPhotoA_2025-09-08 10_20_24.380-05_00_2.png,1.5,1.9307579770375825
539,1301_LeafPhotoA_2025-09-08 10_20_24.380-05_00_3.png,1.5,1.8910993222114794
614,1942_LeafPhotoA_2025-09-09 15_57_21.713-05_00_2.png,2.25,1.9385071551953827
615,1942_LeafPhotoA_2025-09-09 15_57_21.713-05_00_1.png,2.25,1.9761802327144817
616,1942_LeafPhotoA_2025-09-09 15_57_21.713-05_00_0.png,2.25,1.9296986002983723
617,1942_LeafPhotoA_2025-09-09 15_57_21.713-05_00_3.png,2.25,1.9229046994269277
622,2311_LeafPhotoA_2025-09-08 10_40_04.548-05_00_0.png,1.5,1.6170112406244852
623,2311_LeafPhotoA_2025-09-08 10_40_04.548-05_00_1.png,1.5,1.6368395556998256
624,2311_LeafPhotoA_2025-09-08 10_40_04.548-05_00_2.png,1.5,1.7187123637080595
625,2311_LeafPhotoA_2025-09-08 10_40_04.548-05_00_3.png,1.5,1.773043014242488
643,1142_LeafPhotoA_2025-09-08 10_37_21.587-05_00_0.png,1.0,1.8521652292146933
644,1142_LeafPhotoA_2025-09-08 10_37_21.587-05_00_1.png,1.0,1.9750641993858176
645,1142_LeafPhotoA_2025-09-08 10_37_21.587-05_00_2.png,1.0,1.84240876132113
646,1142_LeafPhotoA_2025-09-08 10_37_21.587-05_00_3.png,1.0,1.8599874651223822
651,1715_LeafPhotoA_2025-09-09 09_11_42.677-05_00_0.png,2.25,1.9483757245237985
652,1715_LeafPhotoA_2025-09-09 09_11_42.677-05_00_1.png,2.25,2.088472654608249
653,1715_LeafPhotoA_2025-09-09 09_11_42.677-05_00_2.png,2.25,2.0863907992189485
654,1715_LeafPhotoA_2025-09-09 09_11_42.677-05_00_3.png,2.25,2.0391169325117184
702,1449_LeafPhotoB_2025-09-08 10_37_44.031-05_00_0.png,2.0,1.9706960418054182
703,1449_LeafPhotoB_2025-09-08 10_37_44.031-05_00_1.png,2.0,2.0282019112745693
704,1449_LeafPhotoB_2025-09-08 10_37_44.031-05_00_2.png,2.0,2.3304783685204553
709,1269_LeafPhotoA_2025-09-08 16_17_52.960-05_00_1.png,2.25,1.749722314463679
710,1269_LeafPhotoA_2025-09-08 16_17_52.960-05_00_3.png,2.25,1.7822611369619141
711,1269_LeafPhotoA_2025-09-08 16_17_52.960-05_00_0.png,2.25,1.8674747884420164
712,1269_LeafPhotoA_2025-09-08 16_17_52.960-05_00_2.png,2.25,1.802892924592929
717,,1.5,1.722885446148386
718,,2.0,1.722885446148386
731,1143_LeafPhotoA_2025-09-08 10_38_21.557-05_00_1.png,4.25,2.3129320678005127
732,1143_LeafPhotoA_2025-09-08 10_38_21.557-05_00_0.png,4.25,2.04937408417391
733,2313_LeafPhotoA_2025-09-08 10_41_17.601-05_00_3.png,1.75,1.9364483601623714
734,2313_LeafPhotoA_2025-09-08 10_41_17.601-05_00_0.png,1.75,1.88305284614766
735,2313_LeafPhotoA_2025-09-08 10_41_17.601-05_00_2.png,1.75,2.0516241992200053
736,2313_LeafPhotoA_2025-09-08 10_41_17.601-05_00_1.png,1.75,2.1346106972259973
749,1038_LeafPhotoA_2025-09-08 10_15_32.315-05_00_3.png,2.0,1.7870918230295887
750,1038_LeafPhotoA_2025-09-08 10_15_32.315-05_00_2.png,2.0,1.886465934438045
751,1038_LeafPhotoA_2025-09-08 10_15_32.315-05_00_0.png,2.0,1.914024670759988
752,1038_LeafPhotoA_2025-09-08 10_15_32.315-05_00_1.png,2.0,1.7795748836566125
756,1629_LeafPhotoA_2025-09-09 10_11_31.349-05_00_1.png,1.25,1.8420212973918717
757,1629_LeafPhotoA_2025-09-09 10_11_31.349-05_00_2.png,1.25,1.8961868988746884
758,1629_LeafPhotoA_2025-09-09 10_11_31.349-05_00_0.png,1.25,1.9136542688101792
759,1629_LeafPhotoA_2025-09-09 10_11_31.349-05_00_3.png,1.25,1.8292122071335744
769,2160_LeafPhotoA_2025-09-08 12_38_59.488-05_00_2.png,1.75,2.1108596342571033
770,2160_LeafPhotoA_2025-09-08 12_38_59.488-05_00_1.png,1.75,2.128661784530401
771,2160_LeafPhotoA_2025-09-08 12_38_59.488-05_00_0.png,1.75,2.0243106770760844
772,2160_LeafPhotoA_2025-09-08 12_38_59.488-05_00_3.png,1.75,2.2044112885791973
792,1677_LeafPhotoA_2025-09-09 09_35_17.102-05_00_0.png,1.25,1.7550840836875332
793,1677_LeafPhotoA_2025-09-09 09_35_17.102-05_00_1.png,1.25,1.8711278657353776
794,1677_LeafPhotoA_2025-09-09 09_35_17.102-05_00_2.png,1.25,1.862722490508288
795,1750_LeafPhotoA_2025-09-09 10_09_28.880-05_00_0.png,2.5,2.1154410202827143
796,1750_LeafPhotoA_2025-09-09 10_09_28.880-05_00_2.png,2.5,2.08995487941335
797,1750_LeafPhotoA_2025-09-09 10_09_28.880-05_00_1.png,2.5,2.144008773728637
798,1750_LeafPhotoA_2025-09-09 10_09_28.880-05_00_3.png,2.5,2.0272889877848757
803,1123_LeafPhotoA_2025-09-08 10_09_09.535-05_00_2.png,1.5,2.0114887632040293
804,1123_LeafPhotoA_2025-09-08 10_09_09.535-05_00_0.png,1.5,2.2672942049350726
805,1123_LeafPhotoA_2025-09-08 10_09_09.535-05_00_1.png,1.5,1.9799996912997344
806,1123_LeafPhotoA_2025-09-08 10_09_09.535-05_00_3.png,1.5,1.941026508973806
823,2167_LeafPhotoA_2025-09-09 12_01_16.586-05_00_0.png,2.75,2.011401086406068
824,2167_LeafPhotoA_2025-09-09 12_01_16.586-05_00_1.png,2.75,2.228733242022423
825,2167_LeafPhotoA_2025-09-09 12_01_16.586-05_00_2.png,2.75,2.3120832393333366
826,2167_LeafPhotoA_2025-09-09 12_01_16.586-05_00_3.png,2.75,2.0281077635116436
855,1249_LeafPhotoA_2025-09-08 10_41_51.533-05_00_3.png,1.0,2.0993003859745345
856,1249_LeafPhotoA_2025-09-08 10_41_51.533-05_00_1.png,1.0,1.9338193363600198
857,1249_LeafPhotoA_2025-09-08 10_41_51.533-05_00_2.png,1.0,2.0155263313290597
858,1249_LeafPhotoA_2025-09-08 10_41_51.533-05_00_0.png,1.0,1.7374554294550908
864,1907_LeafPhotoA_2025-09-09 14_42_36.286-05_00_0.png,1.5,1.9502443246629106
865,1907_LeafPhotoA_2025-09-09 14_42_36.286-05_00_1.png,1.5,1.914096981100899
866,1907_LeafPhotoA_2025-09-09 14_42_36.286-05_00_2.png,1.5,1.9766800874671426
867,1907_LeafPhotoA_2025-09-09 14_42_36.286-05_00_3.png,1.5,1.9590013973975369
878,5045_LeafPhotoA_2025-09-09 17_01_44.217-05_00_0.png,1.25,1.7805230853544014
879,5045_LeafPhotoA_2025-09-09 17_01_44.217-05_00_2.png,1.25,1.8573971260373399
880,5045_LeafPhotoA_2025-09-09 17_01_44.217-05_00_3.png,1.25,1.9091136386242331
881,5045_LeafPhotoA_2025-09-09 17_01_44.217-05_00_1.png,1.25,1.749881863967753
882,1250_LeafPhotoA_2025-09-08 10_43_41.179-05_00_0.png,1.25,1.8244433941612008
883,1250_LeafPhotoA_2025-09-08 10_43_41.179-05_00_1.png,1.25,1.7303574142521998
884,1250_LeafPhotoA_2025-09-08 10_43_41.179-05_00_2.png,1.25,1.90375051749667
885,1250_LeafPhotoA_2025-09-08 10_43_41.179-05_00_3.png,1.25,1.9103222791382395
898,1256_LeafPhotoA_2025-09-08 16_32_47.764-05_00_0.png,3.0,1.8943739768412298
899,1256_LeafPhotoA_2025-09-08 16_32_47.764-05_00_1.png,3.0,2.2218578203165067
900,1256_LeafPhotoA_2025-09-08 16_32_47.764-05_00_2.png,3.0,2.0815718921977138
905,2902_LeafPhotoA_2025-09-09 16_13_57.638-05_00_0.png,1.25,1.7985179498219341
906,2902_LeafPhotoA_2025-09-09 16_13_57.638-05_00_1.png,1.25,1.7476000673464378
915,2442_LeafPhotoB_2025-09-08 11_18_36.514-05_00_0.png,2.0,1.862046946826286
916,2442_LeafPhotoB_2025-09-08 11_18_36.514-05_00_1.png,2.0,1.901894162664069
930,1026_LeafPhotoA_2025-09-08 10_01_59.080-05_00_2.png,1.75,1.831037604930866
931,1026_LeafPhotoA_2025-09-08 10_01_59.080-05_00_3.png,1.75,2.0498557225207286
932,1026_LeafPhotoA_2025-09-08 10_01_59.080-05_00_0.png,1.75,1.9071713275893591
933,1026_LeafPhotoA_2025-09-08 10_01_59.080-05_00_1.png,1.75,1.8441896580318116
941,2073_LeafPhotoA_2025-09-08 12_07_54.433-05_00_0.png,1.5,2.093777232386099
942,2073_LeafPhotoA_2025-09-08 12_07_54.433-05_00_1.png,1.5,1.9707038049213201
943,2073_LeafPhotoA_2025-09-08 12_07_54.433-05_00_2.png,1.5,1.8992903171067823
944,2073_LeafPhotoA_2025-09-08 12_07_54.433-05_00_3.png,1.5,1.932355202081523
953,2760_LeafPhotoA_2025-09-09 16_19_13.921-05_00_2.png,1.25,1.8714434643390228
954,2760_LeafPhotoA_2025-09-09 16_19_13.921-05_00_0.png,1.25,1.6657636209437932
955,2760_LeafPhotoA_2025-09-09 16_19_13.921-05_00_1.png,1.25,1.7072214937678845
967,2755_LeafPhotoA_2025-09-09 16_28_33.930-05_00_0.png,1.0,1.8461475838000367
968,2755_LeafPhotoA_2025-09-09 16_28_33.930-05_00_2.png,1.0,2.1274365706667133
969,2755_LeafPhotoA_2025-09-09 16_28_33.930-05_00_3.png,1.0,2.0573577301450268
970,2755_LeafPhotoA_2025-09-09 16_28_33.930-05_00_1.png,1.0,1.8606179750010048
1002,1217_LeafPhotoA_2025-09-08 09_53_36.339-05_00_2.png,1.5,1.8479805400003984
1003,1217_LeafPhotoA_2025-09-08 09_53_36.339-05_00_3.png,1.5,1.6752238506731052
1004,1217_LeafPhotoA_2025-09-08 09_53_36.339-05_00_1.png,1.5,1.8582379459152387
1005,1217_LeafPhotoA_2025-09-08 09_53_36.339-05_00_0.png,1.5,1.6720046669419988
1014,2476_LeafPhotoB_2025-09-08 11_51_54.468-05_00_0.png,1.75,1.8118653441340646
1015,2476_LeafPhotoB_2025-09-08 11_51_54.468-05_00_1.png,1.75,1.642836759148895
1016,2476_LeafPhotoB_2025-09-08 11_51_54.468-05_00_2.png,1.75,1.6868982327791104
1017,2476_LeafPhotoB_2025-09-08 11_51_54.468-05_00_3.png,1.75,1.7148376884768164
1018,1899_LeafPhotoA_2025-09-09 13_47_11.649-05_00_0.png,1.25,1.7433164395427838
1019,1899_LeafPhotoA_2025-09-09 13_47_11.649-05_00_1.png,1.25,1.691967773766053
1020,1899_LeafPhotoA_2025-09-09 13_47_11.649-05_00_2.png,1.25,1.8107081885128755
1021,1899_LeafPhotoA_2025-09-09 13_47_11.649-05_00_3.png,1.25,1.7244703472159955
1022,1605_LeafPhotoA_2025-09-09 09_07_08.633-05_00_3.png,1.5,1.787358933601121
1023,1605_LeafPhotoA_2025-09-09 09_07_08.633-05_00_1.png,1.5,1.7334408297294803
1024,1605_LeafPhotoA_2025-09-09 09_07_08.633-05_00_2.png,1.5,1.774052473205651
1025,1605_LeafPhotoA_2025-09-09 09_07_08.633-05_00_0.png,1.5,1.912740602851526
1030,2769_LeafPhotoA_2025-09-09 15_55_06.978-05_00_0.png,1.5,2.151612455296038
1031,2769_LeafPhotoA_2025-09-09 15_55_06.978-05_00_1.png,1.5,2.010358729108438
1032,2769_LeafPhotoA_2025-09-09 15_55_06.978-05_00_2.png,1.5,2.134419726453563
1033,2769_LeafPhotoA_2025-09-09 15_55_06.978-05_00_3.png,1.5,1.983936584952499
1051,2390_LeafPhotoA_2025-09-08 12_00_53.414-05_00_0.png,1.0,1.7637414549057109
1052,2390_LeafPhotoA_2025-09-08 12_00_53.414-05_00_1.png,1.0,1.7030120938519238
1053,2390_LeafPhotoA_2025-09-08 12_00_53.414-05_00_2.png,1.0,1.7651878289516647
1058,2441_LeafPhotoB_2025-09-08 11_17_12.000-05_00_3.png,2.0,2.0325206812961496
1059,2441_LeafPhotoB_2025-09-08 11_17_12.000-05_00_1.png,2.0,1.9717156483947553
1060,2441_LeafPhotoB_2025-09-08 11_17_12.000-05_00_2.png,2.0,1.968694257029735
1061,2441_LeafPhotoB_2025-09-08 11_17_12.000-05_00_0.png,2.0,1.9371691721295783
1081,2538_LeafPhotoA_2025-09-09 10_37_31.295-05_00_0.png,2.25,1.9094872816462642
1082,2538_LeafPhotoA_2025-09-09 10_37_31.295-05_00_1.png,2.25,2.0671201523606486
1083,2538_LeafPhotoA_2025-09-09 10_37_31.295-05_00_2.png,2.25,2.1527466105419144
1084,2538_LeafPhotoA_2025-09-09 10_37_31.295-05_00_3.png,2.25,2.169705933476784
1086,1008_LeafPhotoA_2025-09-08 09_38_43.510-05_00_1.png,1.0,2.055546828010742
1087,1008_LeafPhotoA_2025-09-08 09_38_43.510-05_00_3.png,1.0,1.8441042459298316
1088,1008_LeafPhotoA_2025-09-08 09_38_43.510-05_00_0.png,1.0,2.052864248308666
1089,1008_LeafPhotoA_2025-09-08 09_38_43.510-05_00_2.png,1.0,1.9301323843908507
1106,2975_LeafPhotoA_2025-09-09 16_24_07.497-05_00_0.png,1.75,1.8325350035187984
1107,2975_LeafPhotoA_2025-09-09 16_24_07.497-05_00_1.png,1.75,1.955012262768408
1108,2975_LeafPhotoA_2025-09-09 16_24_07.497-05_00_2.png,1.75,1.7992586819248009
1109,2975_LeafPhotoA_2025-09-09 16_24_07.497-05_00_3.png,1.75,1.9903704838279634
1110,1038_LeafPhotoA_2025-09-08 10_16_04.977-05_00_0.png,1.5,1.9905269092846
1111,1038_LeafPhotoA_2025-09-08 10_16_04.977-05_00_1.png,1.5,2.0236937616745574
1112,1038_LeafPhotoA_2025-09-08 10_16_04.977-05_00_2.png,1.5,2.081761207389423
1158,2089_LeafPhotoA_2025-09-08 12_26_16.331-05_00_0.png,2.0,1.8946146207351946
1159,2089_LeafPhotoA_2025-09-08 12_26_16.331-05_00_2.png,2.0,1.7814434692334036
1160,2089_LeafPhotoA_2025-09-08 12_26_16.331-05_00_1.png,2.0,1.8090384053752622
1161,1468_LeafPhotoB_2025-09-08 16_31_09.404-05_00_1.png,1.25,1.9841368436264661
1162,1468_LeafPhotoB_2025-09-08 16_31_09.404-05_00_0.png,1.25,1.8673549650706196
1163,1468_LeafPhotoB_2025-09-08 16_31_09.404-05_00_3.png,1.25,1.7706450399311517
1164,1468_LeafPhotoB_2025-09-08 16_31_09.404-05_00_2.png,1.25,1.8193814797200778
1177,1145_LeafPhotoA_2025-09-08 10_41_37.289-05_00_0.png,1.5,1.9991148467921402
1178,1145_LeafPhotoA_2025-09-08 10_41_37.289-05_00_1.png,1.5,1.8834322272128226
1179,1145_LeafPhotoA_2025-09-08 10_41_37.289-05_00_2.png,1.5,1.9170224716669435
1180,1145_LeafPhotoA_2025-09-08 10_41_37.289-05_00_3.png,1.5,1.8139262126976907
1209,,1.0,1.722885446148386
1210,6008_LeafPhotoA_2025-09-09 17_03_49.237-05_00_0.png,1.25,1.8740238134946199
1211,6008_LeafPhotoA_2025-09-09 17_03_49.237-05_00_2.png,1.25,2.0173551403822785
1212,6008_LeafPhotoA_2025-09-09 17_03_49.237-05_00_1.png,1.25,2.0137716063498776
1213,6008_LeafPhotoA_2025-09-09 17_03_49.237-05_00_3.png,1.25,1.7784198307739103
1233,2393_LeafPhotoA_2025-09-08 12_18_13.823-05_00_0.png,2.5,2.01088222099162
1234,2393_LeafPhotoA_2025-09-08 12_18_13.823-05_00_1.png,2.5,1.9799196660510767
1235,2393_LeafPhotoA_2025-09-08 12_18_13.823-05_00_2.png,2.5,1.8629525175090438
1236,2393_LeafPhotoA_2025-09-08 12_18_13.823-05_00_3.png,2.5,1.927815860677098
1237,,2.25,1.722885446148386
1257,1859_LeafPhotoA_2025-09-09 13_37_34.301-05_00_1.png,3.0,1.8749777166149542
1258,1859_LeafPhotoA_2025-09-09 13_37_34.301-05_00_2.png,3.0,1.8091765474941521
1259,1859_LeafPhotoA_2025-09-09 13_37_34.301-05_00_3.png,3.0,1.7824112158320256
1260,1859_LeafPhotoA_2025-09-09 13_37_34.301-05_00_0.png,3.0,1.7957705609583277
1261,1810_LeafPhotoA_2025-09-09 09_05_30.894-05_00_0.png,4.25,2.3733796303831602
1262,1810_LeafPhotoA_2025-09-09 09_05_30.894-05_00_2.png,4.25,2.373434249944456
1263,1810_LeafPhotoA_2025-09-09 09_05_30.894-05_00_1.png,4.25,2.525974922770297
1264,1810_LeafPhotoA_2025-09-09 09_05_30.894-05_00_3.png,4.25,2.174462131368698
1277,2983_LeafPhotoA_2025-09-09 16_35_57.602-05_00_0.png,2.0,1.9214830362383584
1278,2983_LeafPhotoA_2025-09-09 16_35_57.602-05_00_3.png,2.0,1.8828232707641077
1279,2983_LeafPhotoA_2025-09-09 16_35_57.602-05_00_2.png,2.0,1.9718654209003705
1280,2983_LeafPhotoA_2025-09-09 16_35_57.602-05_00_1.png,2.0,1.9730019842800164
1308,2792_LeafPhotoA_2025-09-09 11_23_03.034-05_00_0.png,1.5,1.9463181205323956
1309,2792_LeafPhotoA_2025-09-09 11_23_03.034-05_00_1.png,1.5,1.9953045057314134
1310,2792_LeafPhotoA_2025-09-09 11_23_03.034-05_00_2.png,1.5,1.844796886775505
1311,2792_LeafPhotoA_2025-09-09 11_23_03.034-05_00_3.png,1.5,1.750861100307502
1312,6029_LeafPhotoA_2025-09-09 16_30_34.819-05_00_1.png,2.0,1.8020005679869022
1313,6029_LeafPhotoA_2025-09-09 16_30_34.819-05_00_0.png,2.0,1.8688651696600602
1314,6029_LeafPhotoA_2025-09-09 16_30_34.819-05_00_3.png,2.0,1.9128524244771834
1315,6029_LeafPhotoA_2025-09-09 16_30_34.819-05_00_2.png,2.0,1.8808344368023404
1356,2082_LeafPhotoA_2025-09-08 12_18_18.860-05_00_2.png,1.0,1.8832366340444902
1357,2082_LeafPhotoA_2025-09-08 12_18_18.860-05_00_3.png,1.0,1.819836860217955
1358,2082_LeafPhotoA_2025-09-08 12_18_18.860-05_00_0.png,1.0,1.8515886413101006
1359,2082_LeafPhotoA_2025-09-08 12_18_18.860-05_00_1.png,1.0,1.835288161826885
1360,1868_LeafPhotoA_2025-09-09 13_29_01.704-05_00_0.png,1.25,1.9903484540485328
1361,1868_LeafPhotoA_2025-09-09 13_29_01.704-05_00_3.png,1.25,1.9258153263279771
1362,1868_LeafPhotoA_2025-09-09 13_29_01.704-05_00_1.png,1.25,1.946384706600483
1363,1868_LeafPhotoA_2025-09-09 13_29_01.704-05_00_2.png,1.25,1.9799774123365455
1364,1561_LeafPhotoA_2025-09-09 10_12_13.903-05_00_0.png,1.25,1.763426480143417
1365,1561_LeafPhotoA_2025-09-09 10_12_13.903-05_00_2.png,1.25,1.6975294766561706
1366,1561_LeafPhotoA_2025-09-09 10_12_13.903-05_00_1.png,1.25,1.7759161174572113
1367,2902_LeafPhotoA_2025-09-09 16_14_17.420-05_00_0.png,1.5,1.8438816206824864
1368,2902_LeafPhotoA_2025-09-09 16_14_17.420-05_00_1.png,1.5,1.9468652268032083
1369,2902_LeafPhotoA_2025-09-09 16_14_17.420-05_00_2.png,1.5,1.961720151969742
1370,2902_LeafPhotoA_2025-09-09 16_14_17.420-05_00_3.png,1.5,1.8084254168254987
1380,2088_LeafPhotoA_2025-09-08 12_25_17.092-05_00_0.png,2.5,1.9269057634563154
1381,2088_LeafPhotoA_2025-09-08 12_25_17.092-05_00_1.png,2.5,2.1061716669231196
1382,2088_LeafPhotoA_2025-09-08 12_25_17.092-05_00_2.png,2.5,1.9954064024828602
1391,1978_LeafPhotoA_2025-09-09 16_46_20.867-05_00_3.png,1.0,1.6313286682384731
1392,1978_LeafPhotoA_2025-09-09 16_46_20.867-05_00_2.png,1.0,1.64816135504395
1393,1978_LeafPhotoA_2025-09-09 16_46_20.867-05_00_1.png,1.0,1.6302510992270327
1394,1978_LeafPhotoA_2025-09-09 16_46_20.867-05_00_0.png,1.0,1.6099770019765671
1395,2520_LeafPhotoA_2025-09-09 10_17_04.786-05_00_0.png,1.0,1.7976453672477757
1396,2520_LeafPhotoA_2025-09-09 10_17_04.786-05_00_1.png,1.0,1.780441038150017
1397,2520_LeafPhotoA_2025-09-09 10_17_04.786-05_00_2.png,1.0,1.7131052862363805
1398,2520_LeafPhotoA_2025-09-09 10_17_04.786-05_00_3.png,1.0,1.77625196134651
1439,1203_LeafPhotoA_2025-09-08 09_17_50.777-05_00_1.png,2.0,1.9521688497771388
1440,1203_LeafPhotoA_2025-09-08 09_17_50.777-05_00_2.png,2.0,1.9258721256491187
1441,1203_LeafPhotoA_2025-09-08 09_17_50.777-05_00_0.png,2.0,1.9943934985347045
1442,1203_LeafPhotoA_2025-09-08 09_17_50.777-05_00_3.png,2.0,1.8623583666908237
1455,2293_LeafPhotoA_2025-09-08 16_47_21.144-05_00_0.png,1.25,1.7708188356191448
1456,2293_LeafPhotoA_2025-09-08 16_47_21.144-05_00_1.png,1.25,1.7495656055572613
1457,2293_LeafPhotoA_2025-09-08 16_47_21.144-05_00_2.png,1.25,1.7606743514027037
1458,2293_LeafPhotoA_2025-09-08 16_47_21.144-05_00_3.png,1.25,1.8297759532134532
1485,1212_LeafPhotoA_2025-09-08 09_42_54.332-05_00_0.png,2.25,1.9040593586383299
1486,1212_LeafPhotoA_2025-09-08 09_42_54.332-05_00_1.png,2.25,1.851274077364198
1487,1212_LeafPhotoA_2025-09-08 09_42_54.332-05_00_2.png,2.25,1.887680982695494
1488,1212_LeafPhotoA_2025-09-08 09_42_54.332-05_00_3.png,2.25,1.857586119631034
1493,1666_LeafPhotoA_2025-09-09 09_55_47.332-05_00_2.png,1.25,1.8547001389697553
1494,1666_LeafPhotoA_2025-09-09 09_55_47.332-05_00_0.png,1.25,1.7895792904421015
1495,1666_LeafPhotoA_2025-09-09 09_55_47.332-05_00_1.png,1.25,1.8665238775618502
1496,1666_LeafPhotoA_2025-09-09 09_55_47.332-05_00_3.png,1.25,1.8632611142754087
1498,2758_LeafPhotoA_2025-09-09 16_22_09.492-05_00_0.png,1.25,1.9260968584997937
1499,2758_LeafPhotoA_2025-09-09 16_22_09.492-05_00_1.png,1.25,1.8871137622536132
1500,2758_LeafPhotoA_2025-09-09 16_22_09.492-05_00_2.png,1.25,1.8475651584156076
1501,2758_LeafPhotoA_2025-09-09 16_22_09.492-05_00_3.png,1.25,1.912639080467712
1513,1652_LeafPhotoA_2025-09-09 10_20_27.938-05_00_0.png,1.25,1.6971551740877155
1514,1652_LeafPhotoA_2025-09-09 10_20_27.938-05_00_1.png,1.25,1.8515165792052166
1515,1652_LeafPhotoA_2025-09-09 10_20_27.938-05_00_2.png,1.25,1.9857599390177014
1520,2446_LeafPhotoB_2025-09-08 11_21_40.834-05_00_2.png,3.0,1.9978361179261923
1521,2446_LeafPhotoB_2025-09-08 11_21_40.834-05_00_0.png,3.0,2.114318301041817
1522,2446_LeafPhotoB_2025-09-08 11_21_40.834-05_00_1.png,3.0,2.1837961861946953
1523,2446_LeafPhotoB_2025-09-08 11_21_40.834-05_00_3.png,3.0,2.052871204848106
1547,2177_LeafPhotoA_2025-09-09 12_21_32.834-05_00_0.png,3.0,2.0663228053229012
1548,2177_LeafPhotoA_2025-09-09 12_21_32.834-05_00_1.png,3.0,2.1707201741300266
1549,2177_LeafPhotoA_2025-09-09 12_21_32.834-05_00_2.png,3.0,2.0736956239253312
1550,2177_LeafPhotoA_2025-09-09 12_21_32.834-05_00_3.png,3.0,2.0301887029164516
1556,2515_LeafPhotoA_2025-09-09 10_13_03.695-05_00_0.png,1.25,1.8313312307022398
1557,2515_LeafPhotoA_2025-09-09 10_13_03.695-05_00_1.png,1.25,1.7930705459803975
1558,2515_LeafPhotoA_2025-09-09 10_13_03.695-05_00_2.png,1.25,1.826685980036261
1559,2515_LeafPhotoA_2025-09-09 10_13_03.695-05_00_3.png,1.25,1.6215552642661777
1577,1051_LeafPhotoA_2025-09-08 12_42_13.116-05_00_0.png,1.25,1.7987961355138464
1578,1051_LeafPhotoA_2025-09-08 12_42_13.116-05_00_1.png,1.25,2.0919739732581015
1579,1051_LeafPhotoA_2025-09-08 12_42_13.116-05_00_2.png,1.25,2.1688002051536777
1580,1051_LeafPhotoA_2025-09-08 12_42_13.116-05_00_3.png,1.25,2.1329275726879957
1590,2093_LeafPhotoA_2025-09-08 12_29_42.069-05_00_2.png,2.0,2.0563599117385896
1591,2093_LeafPhotoA_2025-09-08 12_29_42.069-05_00_1.png,2.0,2.0217938600813756
1592,2093_LeafPhotoA_2025-09-08 12_29_42.069-05_00_3.png,2.0,2.1673432010670792
1593,2093_LeafPhotoA_2025-09-08 12_29_42.069-05_00_0.png,2.0,2.1474354483424003
1599,2637_LeafPhotoA_2025-09-09 11_40_07.094-05_00_0.png,1.5,1.9004793203200947
1600,2637_LeafPhotoA_2025-09-09 11_40_07.094-05_00_1.png,1.5,1.8400353710375226
1601,2637_LeafPhotoA_2025-09-09 11_40_07.094-05_00_2.png,1.5,1.8252629491788743
1602,2637_LeafPhotoA_2025-09-09 11_40_07.094-05_00_3.png,1.5,1.8137119124774634
1627,,1.5,1.722885446148386
1655,2346_LeafPhotoA_2025-09-08 11_14_15.994-05_00_0.png,1.25,1.80548144570213
1656,2346_LeafPhotoA_2025-09-08 11_14_15.994-05_00_1.png,1.25,2.0135968240136206
1657,2346_LeafPhotoA_2025-09-08 11_14_15.994-05_00_2.png,1.25,1.8731472157040807
1658,2346_LeafPhotoA_2025-09-08 11_14_15.994-05_00_3.png,1.25,1.772693833071277
1663,2463_LeafPhotoB_2025-09-08 11_41_05.461-05_00_0.png,2.0,2.180900504452868
1664,2463_LeafPhotoB_2025-09-08 11_41_05.461-05_00_1.png,2.0,2.053688257007117
1665,2463_LeafPhotoB_2025-09-08 11_41_05.461-05_00_2.png,2.0,1.9189046724501209
1666,2463_LeafPhotoB_2025-09-08 11_41_05.461-05_00_3.png,2.0,1.8560923509620542
1673,1355_LeafPhotoA_2025-09-08 12_32_02.036-05_00_0.png,2.0,2.002224175028403
1708,1905_LeafPhotoA_2025-09-09 14_39_48.802-05_00_0.png,1.5,1.6966959436681517
1709,1905_LeafPhotoA_2025-09-09 14_39_48.802-05_00_1.png,1.5,1.7354909661417006
1736,2689_LeafPhotoA_2025-09-09 10_43_51.800-05_00_0.png,1.25,2.1755599426776144
1737,2689_LeafPhotoA_2025-09-09 10_43_51.800-05_00_1.png,1.25,2.0974499254185797
1738,2689_LeafPhotoA_2025-09-09 10_43_51.800-05_00_2.png,1.25,2.1787002875032813
1751,1065_LeafPhotoA_2025-09-08 12_57_07.532-05_00_0.png,1.25,1.831151398929481
1752,1065_LeafPhotoA_2025-09-08 12_57_07.532-05_00_1.png,1.25,1.8843155092322312
1753,1065_LeafPhotoA_2025-09-08 12_57_07.532-05_00_2.png,1.25,1.8415988990933616
1754,1065_LeafPhotoA_2025-09-08 12_57_07.532-05_00_3.png,1.25,1.7679777419835714
1796,2527_LeafPhotoA_2025-09-09 10_24_54.172-05_00_0.png,1.5,1.8572248635518016
1797,2527_LeafPhotoA_2025-09-09 10_24_54.172-05_00_1.png,1.5,2.059575517139058
1798,2527_LeafPhotoA_2025-09-09 10_24_54.172-05_00_2.png,1.5,2.0469624390192065
1799,2527_LeafPhotoA_2025-09-09 10_24_54.172-05_00_3.png,1.5,2.2243555619646953
1800,1408_LeafPhotoB_2025-09-08 10_02_06.407-05_00_0.png,1.5,1.854820588067226
1801,1408_LeafPhotoB_2025-09-08 10_02_06.407-05_00_1.png,1.5,1.8565514438288964
1802,1408_LeafPhotoB_2025-09-08 10_02_06.407-05_00_2.png,1.5,1.8189853825359574
1803,1408_LeafPhotoB_2025-09-08 10_02_06.407-05_00_3.png,1.5,2.017445339476806
1804,1332_LeafPhotoA_2025-09-08 10_00_19.909-05_00_0.png,2.0,1.8145785873429543
1805,1332_LeafPhotoA_2025-09-08 10_00_19.909-05_00_1.png,2.0,1.894719018184043
1806,1332_LeafPhotoA_2025-09-08 10_00_19.909-05_00_2.png,2.0,1.9232287307823523
1807,1332_LeafPhotoA_2025-09-08 10_00_19.909-05_00_3.png,2.0,1.8914946845219194
1891,2129_LeafPhotoA_2025-09-08 11_46_50.494-05_00_0.png,1.75,1.7113538675242674
1892,2129_LeafPhotoA_2025-09-08 11_46_50.494-05_00_1.png,1.75,1.8056927025180718
1914,2271_LeafPhotoA_2025-09-08 17_12_04.853-05_00_0.png,2.25,1.93541289909029
1915,2271_LeafPhotoA_2025-09-08 17_12_04.853-05_00_1.png,2.25,1.778633382575671
1969,1521_LeafPhotoA_2025-09-09 09_17_54.205-05_00_0.png,2.25,2.3210456037448104
1970,1521_LeafPhotoA_2025-09-09 09_17_54.205-05_00_2.png,2.25,2.297593283672812
1971,1521_LeafPhotoA_2025-09-09 09_17_54.205-05_00_3.png,2.25,2.3124617722104204
1972,1521_LeafPhotoA_2025-09-09 09_17_54.205-05_00_1.png,2.25,2.4776042380821806
1973,1216_LeafPhotoA_2025-09-08 09_51_18.258-05_00_1.png,1.5,2.0086079109846766
1974,1216_LeafPhotoA_2025-09-08 09_51_18.258-05_00_2.png,1.5,1.9908274879575185
1975,1216_LeafPhotoA_2025-09-08 09_51_18.258-05_00_3.png,1.5,1.8681382110053264
1976,1216_LeafPhotoA_2025-09-08 09_51_18.258-05_00_0.png,1.5,1.9981630778894968
2012,2469_LeafPhotoB_2025-09-08 11_46_21.698-05_00_2.png,1.5,1.767678938673447
2013,2469_LeafPhotoB_2025-09-08 11_46_21.698-05_00_0.png,1.5,1.7548746959068413
2014,2469_LeafPhotoB_2025-09-08 11_46_21.698-05_00_3.png,1.5,1.7365137541337234
2015,2469_LeafPhotoB_2025-09-08 11_46_21.698-05_00_1.png,1.5,1.8721873908980369
2046,1317_LeafPhotoA_2025-09-08 09_35_24.203-05_00_0.png,3.0,1.8974466821394536
2047,1317_LeafPhotoA_2025-09-08 09_35_24.203-05_00_1.png,3.0,1.9410325079627777
2048,1317_LeafPhotoA_2025-09-08 09_35_24.203-05_00_2.png,3.0,1.9648303030872212
2049,1317_LeafPhotoA_2025-09-08 09_35_24.203-05_00_3.png,3.0,1.8512073942622995
2071,2792_LeafPhotoA_2025-09-09 11_21_24.578-05_00_0.png,1.25,1.7320547942984101
2072,2792_LeafPhotoA_2025-09-09 11_21_24.578-05_00_1.png,1.25,1.6777999399390178
2073,2792_LeafPhotoA_2025-09-09 11_21_24.578-05_00_2.png,1.25,1.7011953308102934
2074,2792_LeafPhotoA_2025-09-09 11_21_24.578-05_00_3.png,1.25,1.7796655757947126
2118,1492_LeafPhotoB_2025-09-08 16_56_04.972-05_00_0.png,1.5,1.7745927362353209
2119,1492_LeafPhotoB_2025-09-08 16_56_04.972-05_00_1.png,1.5,1.8898803269421496
2120,1492_LeafPhotoB_2025-09-08 16_56_04.972-05_00_2.png,1.5,1.9391191419224276
2121,1492_LeafPhotoB_2025-09-08 16_56_04.972-05_00_3.png,1.5,2.0269628599250553
2122,1438_LeafPhotoB_2025-09-08 10_28_46.756-05_00_2.png,2.5,1.798156247742088
2123,1438_LeafPhotoB_2025-09-08 10_28_46.756-05_00_1.png,2.5,1.7653041333585795
2124,1438_LeafPhotoB_2025-09-08 10_28_46.756-05_00_0.png,2.5,1.8824691131935234
2133,2268_LeafPhotoA_2025-09-08 17_14_58.767-05_00_0.png,2.0,1.9221935450224443
2145,1626_LeafPhotoA_2025-09-09 10_03_50.260-05_00_0.png,1.5,1.9742445291206892
2146,1626_LeafPhotoA_2025-09-09 10_03_50.260-05_00_1.png,1.5,1.8937968601369835
2147,1626_LeafPhotoA_2025-09-09 10_03_50.260-05_00_2.png,1.5,1.9552766896120952
2148,1626_LeafPhotoA_2025-09-09 10_03_50.260-05_00_3.png,1.5,2.0455225373155184
2157,1301_LeafPhotoA_2025-09-08 10_19_50.410-05_00_0.png,1.5,1.903994466030722
2158,1301_LeafPhotoA_2025-09-08 10_19_50.410-05_00_1.png,1.5,1.826768832933817
2159,1301_LeafPhotoA_2025-09-08 10_19_50.410-05_00_2.png,1.5,1.8380620834193548
2160,1301_LeafPhotoA_2025-09-08 10_19_50.410-05_00_3.png,1.5,1.846417833805556
2161,2325_LeafPhotoA_2025-09-08 10_52_52.963-05_00_0.png,1.0,1.814845586302242
2162,2325_LeafPhotoA_2025-09-08 10_52_52.963-05_00_1.png,1.0,1.8868934636323849
2163,2325_LeafPhotoA_2025-09-08 10_52_52.963-05_00_2.png,1.0,1.8400247322847199
2164,2325_LeafPhotoA_2025-09-08 10_52_52.963-05_00_3.png,1.0,1.7194294211120849
2189,1236_LeafPhotoA_2025-09-08 10_23_03.516-05_00_0.png,1.5,1.7786849887943166
2190,1236_LeafPhotoA_2025-09-08 10_23_03.516-05_00_2.png,1.5,2.0599751123596888
2191,1236_LeafPhotoA_2025-09-08 10_23_03.516-05_00_1.png,1.5,1.9381778550450681
2192,1236_LeafPhotoA_2025-09-08 10_23_03.516-05_00_3.png,1.5,1.908046978058492
2243,2903_LeafPhotoA_2025-09-09 16_19_58.490-05_00_2.png,3.0,2.0812676831386905
2244,2903_LeafPhotoA_2025-09-09 16_19_58.490-05_00_1.png,3.0,2.163212848667714
2245,2903_LeafPhotoA_2025-09-09 16_19_58.490-05_00_0.png,3.0,1.9860380256702583
2246,2903_LeafPhotoA_2025-09-09 16_19_58.490-05_00_3.png,3.0,2.0908782900643397
2262,,1.25,1.722885446148386
2267,,1.0,1.722885446148386
2302,2436_LeafPhotoB_2025-09-08 11_12_52.698-05_00_0.png,1.5,1.73297076449737
2303,2436_LeafPhotoB_2025-09-08 11_12_52.698-05_00_3.png,1.5,1.765737703287747
2304,2436_LeafPhotoB_2025-09-08 11_12_52.698-05_00_1.png,1.5,1.6552430369257707
2305,2436_LeafPhotoB_2025-09-08 11_12_52.698-05_00_2.png,1.5,1.6368051866085203
2397,2941_LeafPhotoA_2025-09-09 16_28_44.280-05_00_0.png,1.25,1.7690725616939822
2398,2941_LeafPhotoA_2025-09-09 16_28_44.280-05_00_1.png,1.25,1.8510806847064836
2399,2941_LeafPhotoA_2025-09-09 16_28_44.280-05_00_2.png,1.25,1.8972602147433313
2400,2941_LeafPhotoA_2025-09-09 16_28_44.280-05_00_3.png,1.25,1.7318461595996668
2420,2002_LeafPhotoA_2025-09-08 10_34_47.962-05_00_2.png,3.25,1.8564579388941798
2421,2002_LeafPhotoA_2025-09-08 10_34_47.962-05_00_3.png,3.25,1.8574133036833305
2422,2002_LeafPhotoA_2025-09-08 10_34_47.962-05_00_1.png,3.25,1.8452500175988242
2423,2002_LeafPhotoA_2025-09-08 10_34_47.962-05_00_0.png,3.25,1.8698007782524277
2428,1969_LeafPhotoA_2025-09-09 17_07_30.768-05_00_0.png,1.5,1.800478277948938
2429,1969_LeafPhotoA_2025-09-09 17_07_30.768-05_00_1.png,1.5,2.002087222297288
2430,1969_LeafPhotoA_2025-09-09 17_07_30.768-05_00_2.png,1.5,2.1610962831350777
2431,1969_LeafPhotoA_2025-09-09 17_07_30.768-05_00_3.png,1.5,1.9462324660902
2438,2536_LeafPhotoA_2025-09-09 10_35_28.301-05_00_0.png,1.75,1.823266293043794
2439,2536_LeafPhotoA_2025-09-09 10_35_28.301-05_00_1.png,1.75,1.7949260655495192
2440,2536_LeafPhotoA_2025-09-09 10_35_28.301-05_00_2.png,1.75,1.797945622166791
2441,2536_LeafPhotoA_2025-09-09 10_35_28.301-05_00_3.png,1.75,1.8186730580865638
2483,1247_LeafPhotoA_2025-09-08 10_38_45.722-05_00_0.png,2.0,1.9481793751296212
2484,1247_LeafPhotoA_2025-09-08 10_38_45.722-05_00_1.png,2.0,1.9782474969023927
2485,1247_LeafPhotoA_2025-09-08 10_38_45.722-05_00_2.png,2.0,1.798403653783008
2494,2370_LeafPhotoA_2025-09-08 11_38_56.854-05_00_0.png,2.25,1.9012212695768715
2495,2370_LeafPhotoA_2025-09-08 11_38_56.854-05_00_1.png,2.25,1.9904706081859942
2496,2370_LeafPhotoA_2025-09-08 11_38_56.854-05_00_2.png,2.25,2.0072309866641573
2497,2370_LeafPhotoA_2025-09-08 11_38_56.854-05_00_3.png,2.25,1.979119733377112
2516,1719_LeafPhotoA_2025-09-09 09_17_16.298-05_00_1.png,3.25,2.123738057645612
2517,1719_LeafPhotoA_2025-09-09 09_17_16.298-05_00_0.png,3.25,2.358204552480653
2518,1719_LeafPhotoA_2025-09-09 09_17_16.298-05_00_2.png,3.25,1.990886334619114
2519,1971_LeafPhotoA_2025-09-09 17_00_57.416-05_00_0.png,2.25,1.8037380023818192
2520,1971_LeafPhotoA_2025-09-09 17_00_57.416-05_00_1.png,2.25,1.9424506427686088
2521,1971_LeafPhotoA_2025-09-09 17_00_57.416-05_00_2.png,2.25,1.7371937001686186
2522,1971_LeafPhotoA_2025-09-09 17_00_57.416-05_00_3.png,2.25,1.7471383687906532
2542,2671_LeafPhotoA_2025-09-09 11_45_10.930-05_00_0.png,3.75,2.2267893613712344
2543,2671_LeafPhotoA_2025-09-09 11_45_10.930-05_00_1.png,3.75,2.173046100020872
2544,2671_LeafPhotoA_2025-09-09 11_45_10.930-05_00_2.png,3.75,2.2989005532167766
2545,2671_LeafPhotoA_2025-09-09 11_45_10.930-05_00_3.png,3.75,2.2147522333805467
2551,1156_LeafPhotoA_2025-09-08 16_52_15.162-05_00_0.png,1.75,1.888818303659491
2552,1156_LeafPhotoA_2025-09-08 16_52_15.162-05_00_1.png,1.75,2.1492676375750586
2553,1156_LeafPhotoA_2025-09-08 16_52_15.162-05_00_2.png,1.75,2.1298041985534244
2554,1156_LeafPhotoA_2025-09-08 16_52_15.162-05_00_3.png,1.75,2.062972147627913
2559,1073_LeafPhotoA_2025-09-08 13_06_10.190-05_00_3.png,2.25,2.011331229400113
2560,1073_LeafPhotoA_2025-09-08 13_06_10.190-05_00_2.png,2.25,2.105143564808835
2561,1073_LeafPhotoA_2025-09-08 13_06_10.190-05_00_0.png,2.25,1.9742378891237973
2562,1073_LeafPhotoA_2025-09-08 13_06_10.190-05_00_1.png,2.25,2.075921542445342
2567,2672_LeafPhotoA_2025-09-09 11_46_40.643-05_00_0.png,2.0,2.053299217176443
2568,2672_LeafPhotoA_2025-09-09 11_46_40.643-05_00_1.png,2.0,1.9968959367032628
2569,2672_LeafPhotoA_2025-09-09 11_46_40.643-05_00_2.png,2.0,2.0174735237565153
2570,2672_LeafPhotoA_2025-09-09 11_46_40.643-05_00_3.png,2.0,2.102740772084813
2576,1661_LeafPhotoA_2025-09-09 10_07_18.041-05_00_0.png,2.0,1.9059241423941982
2577,1661_LeafPhotoA_2025-09-09 10_07_18.041-05_00_1.png,2.0,2.063652746295886
2578,1661_LeafPhotoA_2025-09-09 10_07_18.041-05_00_2.png,2.0,1.985395424863449
2579,2902_LeafPhotoA_2025-09-09 16_15_16.673-05_00_0.png,1.25,1.9175880773235412
2580,2902_LeafPhotoA_2025-09-09 16_15_16.673-05_00_1.png,1.25,1.7602402918342834
2581,2902_LeafPhotoA_2025-09-09 16_15_16.673-05_00_2.png,1.25,1.7661275450636171
2582,2902_LeafPhotoA_2025-09-09 16_15_16.673-05_00_3.png,1.25,1.8412088807949871
2593,2259_LeafPhotoA_2025-09-08 12_30_29.796-05_00_0.png,1.25,1.8466197172925123
2594,2259_LeafPhotoA_2025-09-08 12_30_29.796-05_00_1.png,1.25,1.8371284400718184
2595,2259_LeafPhotoA_2025-09-08 12_30_29.796-05_00_2.png,1.25,1.8257165060037799
2596,2259_LeafPhotoA_2025-09-08 12_30_29.796-05_00_3.png,1.25,1.7028636318773471
2605,1004_LeafPhotoA_2025-09-08 09_23_15.296-05_00_0.png,1.5,1.8488382365720795
2606,1004_LeafPhotoA_2025-09-08 09_23_15.296-05_00_1.png,1.5,1.8407564642502976
2607,1004_LeafPhotoA_2025-09-08 09_23_15.296-05_00_2.png,1.5,1.862981084377223
2608,1004_LeafPhotoA_2025-09-08 09_23_15.296-05_00_3.png,1.5,1.8584568093692508
2638,2196_LeafPhotoA_2025-09-08 17_09_05.011-05_00_3.png,2.25,2.0077676957491675
2639,2196_LeafPhotoA_2025-09-08 17_09_05.011-05_00_1.png,2.25,2.1445749845028335
2640,2196_LeafPhotoA_2025-09-08 17_09_05.011-05_00_0.png,2.25,2.1897466616066903
2641,2196_LeafPhotoA_2025-09-08 17_09_05.011-05_00_2.png,2.25,2.0054304462925074
2642,1573_LeafPhotoA_2025-09-09 09_54_35.196-05_00_3.png,2.5,1.882638217352181
2643,1573_LeafPhotoA_2025-09-09 09_54_35.196-05_00_2.png,2.5,1.9724724665948319
2644,1573_LeafPhotoA_2025-09-09 09_54_35.196-05_00_0.png,2.5,1.9626557777555262
2645,1573_LeafPhotoA_2025-09-09 09_54_35.196-05_00_1.png,2.5,1.935109362266023
2650,2860_LeafPhotoA_2025-09-09 14_56_33.247-05_00_0.png,1.25,1.9558578398537525
2651,2860_LeafPhotoA_2025-09-09 14_56_33.247-05_00_1.png,1.25,1.9183299463721064
2652,2860_LeafPhotoA_2025-09-09 14_56_33.247-05_00_2.png,1.25,1.8059600694954576
2653,2860_LeafPhotoA_2025-09-09 14_56_33.247-05_00_3.png,1.25,2.0291552996850486
2654,1530_LeafPhotoA_2025-09-09 09_28_13.536-05_00_0.png,2.25,1.8743728091089975
2655,1530_LeafPhotoA_2025-09-09 09_28_13.536-05_00_1.png,2.25,1.8633746626422465
2656,1530_LeafPhotoA_2025-09-09 09_28_13.536-05_00_2.png,2.25,1.797927801972065
2657,1530_LeafPhotoA_2025-09-09 09_28_13.536-05_00_3.png,2.25,1.838376115958667
2658,2690_LeafPhotoA_2025-09-09 10_42_26.059-05_00_3.png,1.5,2.2160777995385685
2659,2690_LeafPhotoA_2025-09-09 10_42_26.059-05_00_1.png,1.5,1.9458900747918029
2660,2690_LeafPhotoA_2025-09-09 10_42_26.059-05_00_0.png,1.5,1.9978094118697367
2661,2690_LeafPhotoA_2025-09-09 10_42_26.059-05_00_2.png,1.5,2.032755308755358
2680,1994_LeafPhotoA_2025-09-09 16_07_18.609-05_00_0.png,1.75,1.841263622388212
2681,1994_LeafPhotoA_2025-09-09 16_07_18.609-05_00_1.png,1.75,1.8931745876430708
2682,1994_LeafPhotoA_2025-09-09 16_07_18.609-05_00_2.png,1.75,1.8889506892504422
2695,2062_LeafPhotoA_2025-09-08 11_56_29.638-05_00_0.png,1.5,1.8325793232207466
2696,2062_LeafPhotoA_2025-09-08 11_56_29.638-05_00_1.png,1.5,1.8621808359393015
2697,2062_LeafPhotoA_2025-09-08 11_56_29.638-05_00_2.png,1.5,1.9559304734975211
2698,2062_LeafPhotoA_2025-09-08 11_56_29.638-05_00_3.png,1.5,1.948334582997412
2703,1714_LeafPhotoA_2025-09-09 09_09_56.290-05_00_0.png,2.25,2.291058448270425
2704,1714_LeafPhotoA_2025-09-09 09_09_56.290-05_00_1.png,2.25,2.0928861135478307
2705,1714_LeafPhotoA_2025-09-09 09_09_56.290-05_00_2.png,2.25,1.997010294280347
2706,1714_LeafPhotoA_2025-09-09 09_09_56.290-05_00_3.png,2.25,2.1945071612818077
2711,1246_LeafPhotoA_2025-09-08 10_36_51.001-05_00_2.png,2.0,1.8594835734414144
2712,1246_LeafPhotoA_2025-09-08 10_36_51.001-05_00_0.png,2.0,1.749106643133805
2713,1246_LeafPhotoA_2025-09-08 10_36_51.001-05_00_1.png,2.0,1.7828820230552038
2714,1246_LeafPhotoA_2025-09-08 10_36_51.001-05_00_3.png,2.0,1.8120736738348726
2727,1742_LeafPhotoA_2025-09-09 09_58_17.497-05_00_0.png,3.0,2.003489204578746
2728,1742_LeafPhotoA_2025-09-09 09_58_17.497-05_00_2.png,3.0,1.930962611248724
2729,1742_LeafPhotoA_2025-09-09 09_58_17.497-05_00_1.png,3.0,1.986295670271314
2769,1265_LeafPhotoA_2025-09-08 16_21_10.202-05_00_0.png,2.25,1.9399254050392545
2783,,1.75,1.722885446148386
2819,1969_LeafPhotoA_2025-09-09 17_06_13.365-05_00_0.png,1.25,1.70451127016527
2820,1969_LeafPhotoA_2025-09-09 17_06_13.365-05_00_1.png,1.25,1.824806204228562
2821,1969_LeafPhotoA_2025-09-09 17_06_13.365-05_00_2.png,1.25,2.039692066361572
2822,1969_LeafPhotoA_2025-09-09 17_06_13.365-05_00_3.png,1.25,1.8291545871810724
2823,2402_LeafPhotoB_2025-09-08 10_41_29.920-05_00_0.png,1.0,1.8255481846155213
2824,2402_LeafPhotoB_2025-09-08 10_41_29.920-05_00_1.png,1.0,1.8743510114890498
2825,2402_LeafPhotoB_2025-09-08 10_41_29.920-05_00_2.png,1.0,1.7210862762645858
2826,2402_LeafPhotoB_2025-09-08 10_41_29.920-05_00_3.png,1.0,1.761984057174121
2837,6040_LeafPhotoA_2025-09-09 16_10_33.353-05_00_3.png,1.5,1.8831703810223777
2838,6040_LeafPhotoA_2025-09-09 16_10_33.353-05_00_1.png,1.5,1.9463003522213074
2839,6040_LeafPhotoA_2025-09-09 16_10_33.353-05_00_0.png,1.5,1.7861871577183352
2840,6040_LeafPhotoA_2025-09-09 16_10_33.353-05_00_2.png,1.5,1.9390507316202448
2842,1578_LeafPhotoA_2025-09-09 09_51_18.559-05_00_0.png,1.0,1.948614085924286
2843,1578_LeafPhotoA_2025-09-09 09_51_18.559-05_00_1.png,1.0,1.908556590965042
2844,1578_LeafPhotoA_2025-09-09 09_51_18.559-05_00_2.png,1.0,2.178431823226547
2845,1578_LeafPhotoA_2025-09-09 09_51_18.559-05_00_3.png,1.0,2.0430036965608998
2854,2262_LeafPhotoA_2025-09-08 12_34_17.650-05_00_0.png,1.5,1.9643456222355211
2855,2262_LeafPhotoA_2025-09-08 12_34_17.650-05_00_2.png,1.5,2.0650809860262496
2856,2262_LeafPhotoA_2025-09-08 12_34_17.650-05_00_1.png,1.5,2.0074507678692557
2857,2262_LeafPhotoA_2025-09-08 12_34_17.650-05_00_3.png,1.5,1.9786207215906082
2858,6025_LeafPhotoA_2025-09-09 16_35_46.802-05_00_2.png,1.5,1.7501469969148709
2859,6025_LeafPhotoA_2025-09-09 16_35_46.802-05_00_0.png,1.5,1.8324479317149354
2860,6025_LeafPhotoA_2025-09-09 16_35_46.802-05_00_1.png,1.5,1.8664220250531214
2861,1894_LeafPhotoA_2025-09-09 12_58_44.856-05_00_3.png,1.25,1.9132996690997126
2862,1894_LeafPhotoA_2025-09-09 12_58_44.856-05_00_2.png,1.25,1.8890141994658245
2863,1894_LeafPhotoA_2025-09-09 12_58_44.856-05_00_0.png,1.25,1.9236909721336235
2864,1894_LeafPhotoA_2025-09-09 12_58_44.856-05_00_1.png,1.25,1.9619563118904013
2869,2045_LeafPhotoA_2025-09-08 11_26_04.594-05_00_2.png,1.75,2.177101510108936
2870,2045_LeafPhotoA_2025-09-08 11_26_04.594-05_00_1.png,1.75,1.9382808991780076
2871,2045_LeafPhotoA_2025-09-08 11_26_04.594-05_00_0.png,1.75,1.9049708286585691
2884,2830_LeafPhotoA_2025-09-09 10_46_44.993-05_00_0.png,1.5,2.090229693168137
2885,2830_LeafPhotoA_2025-09-09 10_46_44.993-05_00_2.png,1.5,2.026411090044071
2886,2830_LeafPhotoA_2025-09-09 10_46_44.993-05_00_1.png,1.5,2.0976447632094635
2887,2830_LeafPhotoA_2025-09-09 10_46_44.993-05_00_3.png,1.5,2.0882467323912737
2891,2919_LeafPhotoA_2025-09-09 16_43_36.577-05_00_0.png,1.5,2.104676443015403
2892,2919_LeafPhotoA_2025-09-09 16_43_36.577-05_00_1.png,1.5,2.1356115644063114
2893,2919_LeafPhotoA_2025-09-09 16_43_36.577-05_00_2.png,1.5,2.0146594134199356
2894,2919_LeafPhotoA_2025-09-09 16_43_36.577-05_00_3.png,1.5,1.8670561848470368
2895,1978_LeafPhotoA_2025-09-09 16_46_02.859-05_00_2.png,1.25,1.8554011385098612
2896,1978_LeafPhotoA_2025-09-09 16_46_02.859-05_00_1.png,1.25,1.751612685272781
2897,1978_LeafPhotoA_2025-09-09 16_46_02.859-05_00_0.png,1.25,1.8018888964358468
2948,1269_LeafPhotoA_2025-09-08 16_17_38.730-05_00_2.png,1.75,1.6497556440968295
2949,1269_LeafPhotoA_2025-09-08 16_17_38.730-05_00_1.png,1.75,1.7797368369182416
2950,1269_LeafPhotoA_2025-09-08 16_17_38.730-05_00_3.png,1.75,1.6504826301928412
2951,1269_LeafPhotoA_2025-09-08 16_17_38.730-05_00_0.png,1.75,1.7762971438230253
2952,1908_LeafPhotoA_2025-09-09 14_44_38.996-05_00_0.png,2.5,2.028064997330671
2953,1908_LeafPhotoA_2025-09-09 14_44_38.996-05_00_1.png,2.5,1.9440885443434066
2954,1908_LeafPhotoA_2025-09-09 14_44_38.996-05_00_2.png,2.5,1.737320579379234
2955,1908_LeafPhotoA_2025-09-09 14_44_38.996-05_00_3.png,2.5,1.8344742496817776
2968,1468_LeafPhotoB_2025-09-08 16_31_26.894-05_00_1.png,1.25,2.207049518536482
2969,1468_LeafPhotoB_2025-09-08 16_31_26.894-05_00_2.png,1.25,2.1584069938569974
2970,1468_LeafPhotoB_2025-09-08 16_31_26.894-05_00_0.png,1.25,2.007235135193969
2971,1468_LeafPhotoB_2025-09-08 16_31_26.894-05_00_3.png,1.25,2.1383730836425774
3003,1216_LeafPhotoA_2025-09-08 09_51_38.597-05_00_1.png,2.0,1.7472197683771562
3004,1216_LeafPhotoA_2025-09-08 09_51_38.597-05_00_0.png,2.0,1.6008911978087923
3005,1216_LeafPhotoA_2025-09-08 09_51_38.597-05_00_3.png,2.0,1.7233437643072653
3006,1216_LeafPhotoA_2025-09-08 09_51_38.597-05_00_2.png,2.0,1.7238869764512672
3089,1851_LeafPhotoA_2025-09-09 13_45_07.951-05_00_3.png,1.5,1.8716918152555002
3090,1851_LeafPhotoA_2025-09-09 13_45_07.951-05_00_1.png,1.5,1.9011247142896246
3091,1851_LeafPhotoA_2025-09-09 13_45_07.951-05_00_2.png,1.5,1.964679418228615
3092,1851_LeafPhotoA_2025-09-09 13_45_07.951-05_00_0.png,1.5,1.94307395262922
3102,1728_LeafPhotoA_2025-09-09 09_30_58.151-05_00_1.png,3.5,2.33015856156711
3103,1728_LeafPhotoA_2025-09-09 09_30_58.151-05_00_3.png,3.5,2.464914063426253
3104,1728_LeafPhotoA_2025-09-09 09_30_58.151-05_00_2.png,3.5,2.3799549367605453
3105,1728_LeafPhotoA_2025-09-09 09_30_58.151-05_00_0.png,3.5,2.2247275176234136
3129,2689_LeafPhotoA_2025-09-09 10_44_36.223-05_00_0.png,1.25,2.0206789021441462
3130,2689_LeafPhotoA_2025-09-09 10_44_36.223-05_00_1.png,1.25,2.05941979190078
3131,2689_LeafPhotoA_2025-09-09 10_44_36.223-05_00_2.png,1.25,2.243839490760036
3141,1191_LeafPhotoA_2025-09-08 15_54_25.154-05_00_0.png,2.0,2.073758630494894
3142,1191_LeafPhotoA_2025-09-08 15_54_25.154-05_00_1.png,2.0,2.0108900235954716
3143,1191_LeafPhotoA_2025-09-08 15_54_25.154-05_00_2.png,2.0,1.8897977071222756
3144,1191_LeafPhotoA_2025-09-08 15_54_25.154-05_00_3.png,2.0,1.979196416371724
3185,2185_LeafPhotoA_2025-09-09 12_32_19.175-05_00_0.png,2.0,2.0693171372830834
3186,2185_LeafPhotoA_2025-09-09 12_32_19.175-05_00_1.png,2.0,2.3584793317358366
3187,2185_LeafPhotoA_2025-09-09 12_32_19.175-05_00_2.png,2.0,2.2771212453482192
3188,2185_LeafPhotoA_2025-09-09 12_32_19.175-05_00_3.png,2.0,2.0306389830043323
3218,1301_LeafPhotoA_2025-09-08 10_20_06.394-05_00_0.png,1.5,1.7414303987850814
3219,1301_LeafPhotoA_2025-09-08 10_20_06.394-05_00_1.png,1.5,1.7914555817016895
3220,1301_LeafPhotoA_2025-09-08 10_20_06.394-05_00_2.png,1.5,1.8018205589264764
3221,1301_LeafPhotoA_2025-09-08 10_20_06.394-05_00_3.png,1.5,1.797797485833526
3252,1090_LeafPhotoA_2025-09-09 11_02_26.123-05_00_0.png,1.5,1.7875074102722608
3253,1090_LeafPhotoA_2025-09-09 11_02_26.123-05_00_1.png,1.5,1.945946846464937
3254,1090_LeafPhotoA_2025-09-09 11_02_26.123-05_00_2.png,1.5,1.9854898143410387
3261,2082_LeafPhotoA_2025-09-08 12_18_36.645-05_00_2.png,1.5,1.9095370904653277
3262,2082_LeafPhotoA_2025-09-08 12_18_36.645-05_00_1.png,1.5,1.941896634228772
3263,2082_LeafPhotoA_2025-09-08 12_18_36.645-05_00_0.png,1.5,2.010979093959769
3264,2082_LeafPhotoA_2025-09-08 12_18_36.645-05_00_3.png,1.5,1.8817375416363162
3273,2654_LeafPhotoA_2025-09-09 11_27_41.628-05_00_1.png,2.25,1.998690611498708
3274,2654_LeafPhotoA_2025-09-09 11_27_41.628-05_00_0.png,2.25,2.063483101400985
3275,2654_LeafPhotoA_2025-09-09 11_27_41.628-05_00_2.png,2.25,2.136718920419963
3276,2654_LeafPhotoA_2025-09-09 11_27_41.628-05_00_3.png,2.25,2.0901089605698733
3323,2089_LeafPhotoA_2025-09-08 12_26_53.526-05_00_1.png,1.75,2.1307037357288174
3324,2089_LeafPhotoA_2025-09-08 12_26_53.526-05_00_2.png,1.75,2.103694700984539
3325,2089_LeafPhotoA_2025-09-08 12_26_53.526-05_00_0.png,1.75,2.078114282282045
3328,1343_LeafPhotoA_2025-09-08 10_11_04.420-05_00_0.png,1.25,1.871322838517692
3329,1343_LeafPhotoA_2025-09-08 10_11_04.420-05_00_1.png,1.25,1.849880266722225
3330,1343_LeafPhotoA_2025-09-08 10_11_04.420-05_00_2.png,1.25,2.0023786021232803
3331,1343_LeafPhotoA_2025-09-08 10_11_04.420-05_00_3.png,1.25,1.8796704097496704
3348,2343_LeafPhotoA_2025-09-08 11_11_17.973-05_00_0.png,1.25,1.7513324386929496
3349,2343_LeafPhotoA_2025-09-08 11_11_17.973-05_00_1.png,1.25,1.7613199805547908
3350,2343_LeafPhotoA_2025-09-08 11_11_17.973-05_00_2.png,1.25,1.7980500025027646
3359,2343_LeafPhotoA_2025-09-08 11_11_03.769-05_00_0.png,1.25,1.7905460900737131
3360,2343_LeafPhotoA_2025-09-08 11_11_03.769-05_00_1.png,1.25,1.7465562627087416
3369,2393_LeafPhotoA_2025-09-08 12_17_57.585-05_00_0.png,3.0,1.9924461206443846
3401,1457_LeafPhotoB_2025-09-08 12_33_31.319-05_00_0.png,2.0,2.1510019558749014
3402,1457_LeafPhotoB_2025-09-08 12_33_31.319-05_00_1.png,2.0,2.2847568421699123
3403,1457_LeafPhotoB_2025-09-08 12_33_31.319-05_00_2.png,2.0,2.0442300744330053
3404,1457_LeafPhotoB_2025-09-08 12_33_31.319-05_00_3.png,2.0,2.2551607743740822
3417,1467_LeafPhotoB_2025-09-08 16_30_30.667-05_00_0.png,2.0,1.831129115509532
3418,1467_LeafPhotoB_2025-09-08 16_30_30.667-05_00_1.png,2.0,1.988732117158298
3419,1467_LeafPhotoB_2025-09-08 16_30_30.667-05_00_2.png,2.0,2.044910283263563
3420,1467_LeafPhotoB_2025-09-08 16_30_30.667-05_00_3.png,2.0,2.1483636409868505
3426,1714_LeafPhotoA_2025-09-09 09_09_41.593-05_00_0.png,2.5,2.2226476123877195
3427,2325_LeafPhotoA_2025-09-08 10_53_41.168-05_00_0.png,1.25,1.7361265331675546
3428,2325_LeafPhotoA_2025-09-08 10_53_41.168-05_00_1.png,1.25,1.72723142542657
3429,2325_LeafPhotoA_2025-09-08 10_53_41.168-05_00_2.png,1.25,1.743336467808508
3437,1437_LeafPhotoB_2025-09-08 10_28_09.727-05_00_0.png,2.0,1.7456524467131809
3438,1437_LeafPhotoB_2025-09-08 10_28_09.727-05_00_1.png,2.0,1.8060899068386251
3439,1437_LeafPhotoB_2025-09-08 10_28_09.727-05_00_2.png,2.0,1.7723292566163829
3440,1437_LeafPhotoB_2025-09-08 10_28_09.727-05_00_3.png,2.0,1.7455487042063336
3453,2520_LeafPhotoA_2025-09-09 10_16_27.887-05_00_0.png,1.0,1.762397733297404
3454,2520_LeafPhotoA_2025-09-09 10_16_27.887-05_00_1.png,1.0,1.8049279987942917
3455,2520_LeafPhotoA_2025-09-09 10_16_27.887-05_00_2.png,1.0,1.774161313647115
3456,2520_LeafPhotoA_2025-09-09 10_16_27.887-05_00_3.png,1.0,1.7928820561399157
3465,2015_LeafPhotoA_2025-09-08 10_50_10.021-05_00_0.png,1.75,1.7942723893296908
3466,2015_LeafPhotoA_2025-09-08 10_50_10.021-05_00_1.png,1.75,1.8968158835676496
3467,2015_LeafPhotoA_2025-09-08 10_50_10.021-05_00_2.png,1.75,2.054103427346968
3468,2015_LeafPhotoA_2025-09-08 10_50_10.021-05_00_3.png,1.75,2.0135536265098
3488,1191_LeafPhotoA_2025-09-08 15_54_08.755-05_00_0.png,2.25,2.0944669260263287
3489,1191_LeafPhotoA_2025-09-08 15_54_08.755-05_00_1.png,2.25,2.0188107684637795
3490,1191_LeafPhotoA_2025-09-08 15_54_08.755-05_00_2.png,2.25,1.9314057077898026
3491,1191_LeafPhotoA_2025-09-08 15_54_08.755-05_00_3.png,2.25,1.8779555278769453
3513,1418_LeafPhotoA_2025-09-08 09_39_31.263-05_00_2.png,1.5,1.862061508634553
3514,1418_LeafPhotoA_2025-09-08 09_39_31.263-05_00_0.png,1.5,1.7263242945779702
3515,1418_LeafPhotoA_2025-09-08 09_39_31.263-05_00_1.png,1.5,1.9018295288141938
3516,1418_LeafPhotoA_2025-09-08 09_39_31.263-05_00_3.png,1.5,1.9945054424231794
3529,1894_LeafPhotoA_2025-09-09 17_18_06.332-05_00_0.png,1.25,1.8221320676174095
3530,1894_LeafPhotoA_2025-09-09 17_18_06.332-05_00_2.png,1.25,1.9092423996389756
3531,1894_LeafPhotoA_2025-09-09 17_18_06.332-05_00_3.png,1.25,1.9731279705846256
3532,1894_LeafPhotoA_2025-09-09 17_18_06.332-05_00_1.png,1.25,1.8023864695407357
11,1346_LeafPhotoA_2025-09-08 10_15_00.579-05_00_0.png,3.0,1.829142826307107
12,1346_LeafPhotoA_2025-09-08 10_15_00.579-05_00_1.png,3.0,1.8953332792043125
13,1346_LeafPhotoA_2025-09-08 10_15_00.579-05_00_2.png,3.0,1.9648336296486462
14,1346_LeafPhotoA_2025-09-08 10_15_00.579-05_00_3.png,3.0,1.9170666238932494
21,2664_LeafPhotoA_2025-09-09 11_37_29.251-05_00_2.png,2.0,2.32052527872884
22,2664_LeafPhotoA_2025-09-09 11_37_29.251-05_00_3.png,2.0,2.2355811619044044
23,2664_LeafPhotoA_2025-09-09 11_37_29.251-05_00_0.png,2.0,2.2517341904383317
24,2664_LeafPhotoA_2025-09-09 11_37_29.251-05_00_1.png,2.0,2.3477070544694385
27,1427_LeafPhotoB_2025-09-08 10_19_32.588-05_00_0.png,2.75,2.4498639959398467
28,1427_LeafPhotoB_2025-09-08 10_19_32.588-05_00_1.png,2.75,2.3011302851882367
29,1427_LeafPhotoB_2025-09-08 10_19_32.588-05_00_2.png,2.75,2.1766024003838447
46,1118_LeafPhotoA_2025-09-08 10_03_02.378-05_00_2.png,1.0,1.9195200496277307
47,1118_LeafPhotoA_2025-09-08 10_03_02.378-05_00_3.png,1.0,2.0005328277387098
48,1118_LeafPhotoA_2025-09-08 10_03_02.378-05_00_1.png,1.0,1.5897091499509264
49,1118_LeafPhotoA_2025-09-08 10_03_02.378-05_00_0.png,1.0,1.8251439397017948
54,1608_LeafPhotoA_2025-09-09 09_23_59.629-05_00_0.png,1.75,1.7035556052636163
55,1608_LeafPhotoA_2025-09-09 09_23_59.629-05_00_1.png,1.75,1.7369071553016984
56,1608_LeafPhotoA_2025-09-09 09_23_59.629-05_00_2.png,1.75,1.8446909962994515
57,1608_LeafPhotoA_2025-09-09 09_23_59.629-05_00_3.png,1.75,1.9875818496769535
58,1048_LeafPhotoA_2025-09-08 10_27_26.311-05_00_1.png,1.25,1.9552584618504705
59,1048_LeafPhotoA_2025-09-08 10_27_26.311-05_00_3.png,1.25,2.084059230433167
60,1048_LeafPhotoA_2025-09-08 10_27_26.311-05_00_0.png,1.25,2.2336173479298473
61,1048_LeafPhotoA_2025-09-08 10_27_26.311-05_00_2.png,1.25,2.0576177508565268
73,2906_LeafPhotoA_2025-09-09 16_24_18.555-05_00_0.png,1.75,2.0214654217722137
74,2906_LeafPhotoA_2025-09-09 16_24_18.555-05_00_1.png,1.75,2.0562698045060657
75,2906_LeafPhotoA_2025-09-09 16_24_18.555-05_00_2.png,1.75,2.012791762485164
76,2906_LeafPhotoA_2025-09-09 16_24_18.555-05_00_3.png,1.75,1.9545305888033249
107,2685_LeafPhotoA_2025-09-09 10_50_31.334-05_00_2.png,2.25,2.048422161061191
108,2685_LeafPhotoA_2025-09-09 10_50_31.334-05_00_0.png,2.25,1.974649678970984
109,2685_LeafPhotoA_2025-09-09 10_50_31.334-05_00_1.png,2.25,2.1634880876025426
126,1672_LeafPhotoA_2025-09-09 09_45_47.566-05_00_2.png,1.75,1.8830771499348324
127,1672_LeafPhotoA_2025-09-09 09_45_47.566-05_00_1.png,1.75,1.9903248595802765
128,1672_LeafPhotoA_2025-09-09 09_45_47.566-05_00_0.png,1.75,1.886778069131592
133,1680_LeafPhotoA_2025-09-09 09_30_52.328-05_00_0.png,1.25,1.6107023070203212
134,1680_LeafPhotoA_2025-09-09 09_30_52.328-05_00_1.png,1.25,1.5900052961779931
135,6016_LeafPhotoA_2025-09-09 16_48_44.576-05_00_1.png,1.5,1.804333885462948
136,6016_LeafPhotoA_2025-09-09 16_48_44.576-05_00_0.png,1.5,1.8051673720514665
137,6016_LeafPhotoA_2025-09-09 16_48_44.576-05_00_2.png,1.5,1.6548876335724245
156,1272_LeafPhotoA_2025-09-08 16_15_18.232-05_00_0.png,3.25,1.7275397189061077
157,1272_LeafPhotoA_2025-09-08 16_15_18.232-05_00_1.png,3.25,1.8222356122478043
158,1272_LeafPhotoA_2025-09-08 16_15_18.232-05_00_2.png,3.25,1.9873581437589773
167,2715_LeafPhotoA_2025-09-09 10_34_49.690-05_00_3.png,2.25,2.0222026947976066
168,2715_LeafPhotoA_2025-09-09 10_34_49.690-05_00_0.png,2.25,1.9892133445007885
169,2715_LeafPhotoA_2025-09-09 10_34_49.690-05_00_1.png,2.25,1.8506448278315544
170,2715_LeafPhotoA_2025-09-09 10_34_49.690-05_00_2.png,2.25,1.9294261184506942
210,1587_LeafPhotoA_2025-09-09 09_37_51.582-05_00_2.png,1.5,2.224744166444437
211,1587_LeafPhotoA_2025-09-09 09_37_51.582-05_00_3.png,1.5,1.9503304074630512
212,1587_LeafPhotoA_2025-09-09 09_37_51.582-05_00_0.png,1.5,2.013456455058815
213,1587_LeafPhotoA_2025-09-09 09_37_51.582-05_00_1.png,1.5,2.082325481450094
239,,1.25,1.5756999946289805
240,,1.5,1.5756999946289805
293,2650_LeafPhotoA_2025-09-09 11_24_20.852-05_00_1.png,1.0,1.6834323602667256
294,2650_LeafPhotoA_2025-09-09 11_24_20.852-05_00_2.png,1.0,1.708900371594065
295,2650_LeafPhotoA_2025-09-09 11_24_20.852-05_00_3.png,1.0,1.8644862773857556
296,2650_LeafPhotoA_2025-09-09 11_24_20.852-05_00_0.png,1.0,1.622191526689398
305,2197_LeafPhotoA_2025-09-08 17_07_18.265-05_00_1.png,1.0,1.9137104046695759
306,2197_LeafPhotoA_2025-09-08 17_07_18.265-05_00_0.png,1.0,1.8649091666596505
307,2197_LeafPhotoA_2025-09-08 17_07_18.265-05_00_2.png,1.0,1.971110434235239
308,2197_LeafPhotoA_2025-09-08 17_07_18.265-05_00_3.png,1.0,1.900850579610448
364,1623_LeafPhotoA_2025-09-09 09_58_46.896-05_00_0.png,2.0,2.155431670364236
365,1623_LeafPhotoA_2025-09-09 09_58_46.896-05_00_1.png,2.0,2.1476122710565435
366,1623_LeafPhotoA_2025-09-09 09_58_46.896-05_00_2.png,2.0,1.9869008244579065
367,1623_LeafPhotoA_2025-09-09 09_58_46.896-05_00_3.png,2.0,1.7478623682603946
372,2495_LeafPhotoB_2025-09-08 12_20_03.955-05_00_0.png,1.0,1.755415703627584
373,2495_LeafPhotoB_2025-09-08 12_20_03.955-05_00_1.png,1.0,1.6923232444298615
374,2495_LeafPhotoB_2025-09-08 12_20_03.955-05_00_2.png,1.0,1.6887241275344023
375,2495_LeafPhotoB_2025-09-08 12_20_03.955-05_00_3.png,1.0,1.6356874228998846
387,1623_LeafPhotoA_2025-09-09 09_57_37.816-05_00_0.png,1.75,1.816603521517898
388,1623_LeafPhotoA_2025-09-09 09_57_37.816-05_00_1.png,1.75,1.7883805771649233
389,1623_LeafPhotoA_2025-09-09 09_57_37.816-05_00_2.png,1.75,1.9124944279863019
390,1623_LeafPhotoA_2025-09-09 09_57_37.816-05_00_3.png,1.75,1.7240224178413044
399,1136_LeafPhotoA_2025-09-08 10_28_29.129-05_00_0.png,1.5,1.7258718033271048
404,2649_LeafPhotoA_2025-09-09 11_26_12.925-05_00_0.png,3.0,1.8800654128687226
405,2649_LeafPhotoA_2025-09-09 11_26_12.925-05_00_2.png,3.0,1.8928873843269174
406,2649_LeafPhotoA_2025-09-09 11_26_12.925-05_00_1.png,3.0,1.918164423378336
411,2011_LeafPhotoA_2025-09-08 10_45_16.513-05_00_0.png,2.0,1.8894514711473875
412,2011_LeafPhotoA_2025-09-08 10_45_16.513-05_00_1.png,2.0,2.1128782163399036
413,2011_LeafPhotoA_2025-09-08 10_45_16.513-05_00_2.png,2.0,1.8716352990727028
414,2011_LeafPhotoA_2025-09-08 10_45_16.513-05_00_3.png,2.0,1.904106715441565
436,2748_LeafPhotoA_2025-09-09 11_19_26.990-05_00_0.png,3.25,1.9609345870561052
437,2748_LeafPhotoA_2025-09-09 11_19_26.990-05_00_1.png,3.25,2.175440954559862
438,2748_LeafPhotoA_2025-09-09 11_19_26.990-05_00_2.png,3.25,2.191166338312817
439,2748_LeafPhotoA_2025-09-09 11_19_26.990-05_00_3.png,3.25,2.1099913322974455
479,6049_LeafPhotoA_2025-09-09 15_54_47.227-05_00_2.png,1.0,1.7330284915999898
480,6049_LeafPhotoA_2025-09-09 15_54_47.227-05_00_3.png,1.0,1.8205633843388285
481,6049_LeafPhotoA_2025-09-09 15_54_47.227-05_00_0.png,1.0,1.7907729458722104
482,6049_LeafPhotoA_2025-09-09 15_54_47.227-05_00_1.png,1.0,1.8103534499556166
491,1882_LeafPhotoA_2025-09-09 13_17_09.662-05_00_1.png,1.75,1.8170371768897313
492,1882_LeafPhotoA_2025-09-09 13_17_09.662-05_00_2.png,1.75,2.001241296321212
493,1882_LeafPhotoA_2025-09-09 13_17_09.662-05_00_0.png,1.75,2.106364707202555
528,1419_LeafPhotoA_2025-09-08 09_40_27.704-05_00_0.png,1.75,2.0289920308807683
529,1419_LeafPhotoA_2025-09-08 09_40_27.704-05_00_1.png,1.75,2.22065588666508
530,1419_LeafPhotoA_2025-09-08 09_40_27.704-05_00_3.png,1.75,2.0350626795088886
531,1419_LeafPhotoA_2025-09-08 09_40_27.704-05_00_2.png,1.75,2.020641670578591
577,2263_LeafPhotoA_2025-09-08 12_36_09.842-05_00_0.png,1.0,1.941272180430365
578,2263_LeafPhotoA_2025-09-08 12_36_09.842-05_00_1.png,1.0,1.8299600081864018
579,2263_LeafPhotoA_2025-09-08 12_36_09.842-05_00_2.png,1.0,1.8764776285483526
580,2263_LeafPhotoA_2025-09-08 12_36_09.842-05_00_3.png,1.0,1.8826883047185867
585,1893_LeafPhotoA_2025-09-09 17_17_29.747-05_00_1.png,2.5,1.7703715767233568
586,1893_LeafPhotoA_2025-09-09 17_17_29.747-05_00_3.png,2.5,1.8902484277275298
587,1893_LeafPhotoA_2025-09-09 17_17_29.747-05_00_2.png,2.5,1.852655623866731
588,1893_LeafPhotoA_2025-09-09 17_17_29.747-05_00_0.png,2.5,1.8485659484063122
705,2106_LeafPhotoA_2025-09-08 11_01_04.699-05_00_3.png,1.0,1.7265303726237362
706,2106_LeafPhotoA_2025-09-08 11_01_04.699-05_00_1.png,1.0,1.649011873811603
707,2106_LeafPhotoA_2025-09-08 11_01_04.699-05_00_2.png,1.0,1.7457434339575388
708,2106_LeafPhotoA_2025-09-08 11_01_04.699-05_00_0.png,1.0,1.680309245296184
723,1772_LeafPhotoA_2025-09-09 09_57_17.313-05_00_0.png,1.25,1.7914183099000236
724,1772_LeafPhotoA_2025-09-09 09_57_17.313-05_00_1.png,1.25,1.8184059077424974
725,1772_LeafPhotoA_2025-09-09 09_57_17.313-05_00_2.png,1.25,1.7780920268457032
726,1772_LeafPhotoA_2025-09-09 09_57_17.313-05_00_3.png,1.25,1.7310807363323804
737,1210_LeafPhotoA_2025-09-08 09_39_04.129-05_00_3.png,1.25,1.7389038235478824
738,1210_LeafPhotoA_2025-09-08 09_39_04.129-05_00_1.png,1.25,1.689405610815054
739,1210_LeafPhotoA_2025-09-08 09_39_04.129-05_00_2.png,1.25,1.7860832474342545
740,1210_LeafPhotoA_2025-09-08 09_39_04.129-05_00_0.png,1.25,1.8076180593035274
764,6015_LeafPhotoA_2025-09-09 16_52_18.680-05_00_1.png,1.0,1.8091795252820817
765,6015_LeafPhotoA_2025-09-09 16_52_18.680-05_00_0.png,1.0,1.7474838968973052
784,1495_LeafPhotoB_2025-09-08 16_59_04.309-05_00_1.png,1.5,1.839145179564587
785,1495_LeafPhotoB_2025-09-08 16_59_04.309-05_00_0.png,1.5,1.7676281829124316
786,1495_LeafPhotoB_2025-09-08 16_59_04.309-05_00_2.png,1.5,1.891842841383476
787,1495_LeafPhotoB_2025-09-08 16_59_04.309-05_00_3.png,1.5,1.9660814856511453
811,2150_LeafPhotoA_2025-09-08 12_22_07.286-05_00_3.png,1.5,1.9127857502189942
812,2150_LeafPhotoA_2025-09-08 12_22_07.286-05_00_0.png,1.5,1.8251109602794005
813,2150_LeafPhotoA_2025-09-08 12_22_07.286-05_00_2.png,1.5,2.0082764328285814
814,2150_LeafPhotoA_2025-09-08 12_22_07.286-05_00_1.png,1.5,1.8813407281751913
819,1452_LeafPhotoB_2025-09-08 12_28_36.613-05_00_0.png,1.0,1.7416764340177653
820,1452_LeafPhotoB_2025-09-08 12_28_36.613-05_00_1.png,1.0,1.7688290933352857
821,1452_LeafPhotoB_2025-09-08 12_28_36.613-05_00_2.png,1.0,1.666837925239821
822,1452_LeafPhotoB_2025-09-08 12_28_36.613-05_00_3.png,1.0,1.779196680086482
827,2317_LeafPhotoA_2025-09-08 10_45_32.243-05_00_3.png,3.25,2.062058888648188
828,2317_LeafPhotoA_2025-09-08 10_45_32.243-05_00_0.png,3.25,2.084685960661
829,2317_LeafPhotoA_2025-09-08 10_45_32.243-05_00_2.png,3.25,2.1657677599640635
830,2317_LeafPhotoA_2025-09-08 10_45_32.243-05_00_1.png,3.25,2.0623227118133296
839,2235_LeafPhotoA_2025-09-08 11_40_03.588-05_00_0.png,2.5,1.8236130714615622
840,2235_LeafPhotoA_2025-09-08 11_40_03.588-05_00_1.png,2.5,1.7053676246211074
841,2235_LeafPhotoA_2025-09-08 11_40_03.588-05_00_2.png,2.5,1.699312101315294
842,2235_LeafPhotoA_2025-09-08 11_40_03.588-05_00_3.png,2.5,1.7161648031871513
851,1396_LeafPhotoA_2025-09-08 13_22_43.424-05_00_2.png,1.5,1.916028897358233
852,1396_LeafPhotoA_2025-09-08 13_22_43.424-05_00_1.png,1.5,1.8516474459779404
853,1396_LeafPhotoA_2025-09-08 13_22_43.424-05_00_3.png,1.5,1.7948340100373772
854,1396_LeafPhotoA_2025-09-08 13_22_43.424-05_00_0.png,1.5,1.8773344928026627
863,1480_LeafPhotoB_2025-09-08 16_44_45.429-05_00_0.png,1.75,1.850434985837463
874,2625_LeafPhotoA_2025-09-09 12_15_05.460-05_00_3.png,2.75,1.942924091699924
875,2625_LeafPhotoA_2025-09-09 12_15_05.460-05_00_2.png,2.75,1.944934344271999
876,2625_LeafPhotoA_2025-09-09 12_15_05.460-05_00_1.png,2.75,1.9566189587917533
877,2625_LeafPhotoA_2025-09-09 12_15_05.460-05_00_0.png,2.75,2.069720180944931
894,2742_LeafPhotoA_2025-09-09 11_11_59.314-05_00_0.png,2.75,2.2713516071096373
895,2742_LeafPhotoA_2025-09-09 11_11_59.314-05_00_3.png,2.75,2.141698785150894
896,2742_LeafPhotoA_2025-09-09 11_11_59.314-05_00_2.png,2.75,2.220969243404228
897,2742_LeafPhotoA_2025-09-09 11_11_59.314-05_00_1.png,2.75,2.2141222464970522
945,6018_LeafPhotoA_2025-09-09 16_46_05.626-05_00_0.png,1.0,1.8918199462323875
946,6018_LeafPhotoA_2025-09-09 16_46_05.626-05_00_3.png,1.0,1.788941121507492
947,6018_LeafPhotoA_2025-09-09 16_46_05.626-05_00_2.png,1.0,1.8986566369539495
948,6018_LeafPhotoA_2025-09-09 16_46_05.626-05_00_1.png,1.0,1.9054499266679026
949,1882_LeafPhotoA_2025-09-09 13_17_22.842-05_00_2.png,1.75,1.8132575142256842
950,1882_LeafPhotoA_2025-09-09 13_17_22.842-05_00_0.png,1.75,1.8648739240205967
951,1882_LeafPhotoA_2025-09-09 13_17_22.842-05_00_3.png,1.75,1.7476545948962734
952,1882_LeafPhotoA_2025-09-09 13_17_22.842-05_00_1.png,1.75,1.852249248089516
956,1095_LeafPhotoA_2025-09-09 11_06_50.542-05_00_3.png,1.5,1.8706721296347852
957,1095_LeafPhotoA_2025-09-09 11_06_50.542-05_00_2.png,1.5,1.9954751498143517
958,1095_LeafPhotoA_2025-09-09 11_06_50.542-05_00_0.png,1.5,1.6272611797995888
959,1095_LeafPhotoA_2025-09-09 11_06_50.542-05_00_1.png,1.5,1.8432051579741233
971,2887_LeafPhotoA_2025-09-09 14_03_46.022-05_00_1.png,2.5,1.7268019190132193
972,2887_LeafPhotoA_2025-09-09 14_03_46.022-05_00_2.png,2.5,1.6405300561867897
973,2887_LeafPhotoA_2025-09-09 14_03_46.022-05_00_0.png,2.5,1.5687724009521606
974,1689_LeafPhotoA_2025-09-09 09_13_19.326-05_00_0.png,1.0,1.7363741497007739
975,1689_LeafPhotoA_2025-09-09 09_13_19.326-05_00_1.png,1.0,1.767075035924687
980,,2.75,1.5756999946289805
989,2035_LeafPhotoA_2025-09-08 11_13_14.336-05_00_0.png,1.25,1.6577350746053334
990,2035_LeafPhotoA_2025-09-08 11_13_14.336-05_00_1.png,1.25,1.5819152078392598
991,2035_LeafPhotoA_2025-09-08 11_13_14.336-05_00_2.png,1.25,1.7149138725982778
992,2035_LeafPhotoA_2025-09-08 11_13_14.336-05_00_3.png,1.25,1.8475615238985028
1010,1549_LeafPhotoA_2025-09-09 09_50_49.099-05_00_2.png,2.75,1.8845057661744007
1011,1549_LeafPhotoA_2025-09-09 09_50_49.099-05_00_0.png,2.75,2.030995319273378
1012,1549_LeafPhotoA_2025-09-09 09_50_49.099-05_00_1.png,2.75,1.7845725283918015
1013,1549_LeafPhotoA_2025-09-09 09_50_49.099-05_00_3.png,2.75,2.0759505660855293
1034,1874_LeafPhotoA_2025-09-09 13_24_05.096-05_00_0.png,1.25,1.9421520961623515
1035,1874_LeafPhotoA_2025-09-09 13_24_05.096-05_00_1.png,1.25,1.8995020120738952
1036,1874_LeafPhotoA_2025-09-09 13_24_05.096-05_00_2.png,1.25,1.9785856523614849
1037,1874_LeafPhotoA_2025-09-09 13_24_05.096-05_00_3.png,1.25,1.938682200772081
1044,1577_LeafPhotoA_2025-09-09 09_51_50.173-05_00_0.png,1.75,1.6611170887541815
1045,1577_LeafPhotoA_2025-09-09 09_51_50.173-05_00_1.png,1.75,1.7101322588731636
1046,1577_LeafPhotoA_2025-09-09 09_51_50.173-05_00_2.png,1.75,1.7613821410644164
1065,1218_LeafPhotoA_2025-09-08 09_55_48.140-05_00_3.png,3.5,2.1704163368021736
1066,1218_LeafPhotoA_2025-09-08 09_55_48.140-05_00_2.png,3.5,2.297236065516154
1067,1218_LeafPhotoA_2025-09-08 09_55_48.140-05_00_0.png,3.5,2.250308641969343
1068,1218_LeafPhotoA_2025-09-08 09_55_48.140-05_00_1.png,3.5,2.2225746072204084
1069,5036_LeafPhotoA_2025-09-09 17_09_05.761-05_00_3.png,1.5,2.0880897520951693
1070,5036_LeafPhotoA_2025-09-09 17_09_05.761-05_00_0.png,1.5,1.9753965369318491
1071,5036_LeafPhotoA_2025-09-09 17_09_05.761-05_00_1.png,1.5,2.2159820145419027
1072,5036_LeafPhotoA_2025-09-09 17_09_05.761-05_00_2.png,1.5,2.085527172750567
1077,6010_LeafPhotoA_2025-09-09 17_01_22.660-05_00_2.png,1.25,1.7422091175615764
1078,6010_LeafPhotoA_2025-09-09 17_01_22.660-05_00_1.png,1.25,1.5228051857413323
1079,6010_LeafPhotoA_2025-09-09 17_01_22.660-05_00_3.png,1.25,1.737738382081454
1080,6010_LeafPhotoA_2025-09-09 17_01_22.660-05_00_0.png,1.25,1.6523981824562308
1121,2772_LeafPhotoA_2025-09-09 15_47_32.015-05_00_2.png,1.0,1.6163780598021118
1122,2772_LeafPhotoA_2025-09-09 15_47_32.015-05_00_0.png,1.0,1.5946850306413005
1123,2772_LeafPhotoA_2025-09-09 15_47_32.015-05_00_1.png,1.0,1.690538848564004
1124,,1.5,1.5756999946289805
1127,2656_LeafPhotoA_2025-09-09 11_30_02.897-05_00_0.png,2.0,1.8287798419653112
1128,2656_LeafPhotoA_2025-09-09 11_30_02.897-05_00_2.png,2.0,1.6244791336329647
1129,2656_LeafPhotoA_2025-09-09 11_30_02.897-05_00_1.png,2.0,1.7012284928586214
1138,,1.5,1.5756999946289805
1139,1427_LeafPhotoA_2025-09-08 09_49_32.229-05_00_3.png,3.25,1.9270697575558255
1140,1427_LeafPhotoA_2025-09-08 09_49_32.229-05_00_2.png,3.25,1.7629826594472482
1141,1427_LeafPhotoA_2025-09-08 09_49_32.229-05_00_0.png,3.25,1.9662257821620244
1142,1427_LeafPhotoA_2025-09-08 09_49_32.229-05_00_1.png,3.25,2.0745322993820463
1201,2186_LeafPhotoA_2025-09-09 12_31_28.944-05_00_2.png,2.5,2.3608779254084995
1202,2186_LeafPhotoA_2025-09-09 12_31_28.944-05_00_1.png,2.5,2.2381028618676644
1203,2186_LeafPhotoA_2025-09-09 12_31_28.944-05_00_0.png,2.5,2.044123453157898
1204,2186_LeafPhotoA_2025-09-09 12_31_28.944-05_00_3.png,2.5,1.911483713576013
1205,1792_LeafPhotoA_2025-09-09 09_09_06.607-05_00_2.png,1.25,2.000064800273971
1206,1792_LeafPhotoA_2025-09-09 09_09_06.607-05_00_1.png,1.25,2.008435934392976
1207,1792_LeafPhotoA_2025-09-09 09_09_06.607-05_00_3.png,1.25,2.1012291866415316
1208,1792_LeafPhotoA_2025-09-09 09_09_06.607-05_00_0.png,1.25,1.9233900269013455
1214,1137_LeafPhotoA_2025-09-08 10_30_17.775-05_00_0.png,1.5,1.8098097963125062
1215,1137_LeafPhotoA_2025-09-08 10_30_17.775-05_00_1.png,1.5,1.9766323926188485
1216,1137_LeafPhotoA_2025-09-08 10_30_17.775-05_00_2.png,1.5,1.8688498315195294
1217,1137_LeafPhotoA_2025-09-08 10_30_17.775-05_00_3.png,1.5,1.7926852091908207
1226,2140_LeafPhotoA_2025-09-08 12_01_54.848-05_00_1.png,2.25,2.0207274300311253
1227,2140_LeafPhotoA_2025-09-08 12_01_54.848-05_00_2.png,2.25,1.7334829161314276
1228,2140_LeafPhotoA_2025-09-08 12_01_54.848-05_00_0.png,2.25,1.8344584646627038
1243,5021_LeafPhotoA_2025-09-09 16_37_05.057-05_00_2.png,1.75,1.8882186472976923
1244,5021_LeafPhotoA_2025-09-09 16_37_05.057-05_00_1.png,1.75,1.7761096363002318
1245,5021_LeafPhotoA_2025-09-09 16_37_05.057-05_00_0.png,1.75,1.8647247185111921
1246,5021_LeafPhotoA_2025-09-09 16_37_05.057-05_00_3.png,1.75,2.042573739298197
1285,5006_LeafPhotoA_2025-09-09 16_01_39.048-05_00_3.png,1.25,1.9834580497081462
1286,5006_LeafPhotoA_2025-09-09 16_01_39.048-05_00_0.png,1.25,1.7719527721483015
1287,5006_LeafPhotoA_2025-09-09 16_01_39.048-05_00_2.png,1.25,1.7399767423659633
1288,5006_LeafPhotoA_2025-09-09 16_01_39.048-05_00_1.png,1.25,1.6992307114074723
1289,1157_LeafPhotoA_2025-09-08 16_50_24.357-05_00_0.png,2.5,2.0912274326371647
1290,1157_LeafPhotoA_2025-09-08 16_50_24.357-05_00_1.png,2.5,2.10439561616932
1291,1157_LeafPhotoA_2025-09-08 16_50_24.357-05_00_2.png,2.5,2.012617241880494
1300,2956_LeafPhotoA_2025-09-09 15_59_30.545-05_00_0.png,1.5,1.8433811134470965
1301,2956_LeafPhotoA_2025-09-09 15_59_30.545-05_00_1.png,1.5,1.739311403863165
1302,2956_LeafPhotoA_2025-09-09 15_59_30.545-05_00_2.png,1.5,1.864804814022695
1303,2956_LeafPhotoA_2025-09-09 15_59_30.545-05_00_3.png,1.5,1.6871190690794986
1304,1638_LeafPhotoA_2025-09-09 10_27_46.342-05_00_3.png,2.5,2.018622172876429
1305,1638_LeafPhotoA_2025-09-09 10_27_46.342-05_00_2.png,2.5,1.8888036717109855
1306,1638_LeafPhotoA_2025-09-09 10_27_46.342-05_00_1.png,2.5,2.0656178787708397
1307,1638_LeafPhotoA_2025-09-09 10_27_46.342-05_00_0.png,2.5,2.0088481371247426
1316,2464_LeafPhotoB_2025-09-08 11_41_40.408-05_00_0.png,2.75,2.2353116090458403
1317,2464_LeafPhotoB_2025-09-08 11_41_40.408-05_00_1.png,2.75,2.092750232102207
1318,2464_LeafPhotoB_2025-09-08 11_41_40.408-05_00_2.png,2.75,2.22019165671217
1319,2464_LeafPhotoB_2025-09-08 11_41_40.408-05_00_3.png,2.75,2.0169795639051644
1324,6043_LeafPhotoA_2025-09-09 16_04_16.208-05_00_0.png,2.0,1.9542612510182171
1325,6043_LeafPhotoA_2025-09-09 16_04_16.208-05_00_1.png,2.0,2.1658010716350486
1326,6043_LeafPhotoA_2025-09-09 16_04_16.208-05_00_2.png,2.0,2.081632161780284
1327,6043_LeafPhotoA_2025-09-09 16_04_16.208-05_00_3.png,2.0,2.031424496581134
1328,1534_LeafPhotoA_2025-09-09 09_32_36.020-05_00_3.png,2.75,1.7835968004017533
1329,1534_LeafPhotoA_2025-09-09 09_32_36.020-05_00_2.png,2.75,1.7997889013756845
1330,1534_LeafPhotoA_2025-09-09 09_32_36.020-05_00_1.png,2.75,1.9598815172364903
1331,1534_LeafPhotoA_2025-09-09 09_32_36.020-05_00_0.png,2.75,2.1023218759833506
1336,,1.0,1.5756999946289805
1337,2453_LeafPhotoB_2025-09-08 11_30_51.747-05_00_2.png,1.75,1.9749870549449697
1338,2453_LeafPhotoB_2025-09-08 11_30_51.747-05_00_3.png,1.75,1.8962071019902884
1339,2453_LeafPhotoB_2025-09-08 11_30_51.747-05_00_1.png,1.75,2.024178083365294
1340,2453_LeafPhotoB_2025-09-08 11_30_51.747-05_00_0.png,1.75,1.8419813046717077
1341,,2.25,1.5756999946289805
1348,1539_LeafPhotoA_2025-09-09 09_37_58.578-05_00_3.png,2.0,1.8685335545982802
1349,1539_LeafPhotoA_2025-09-09 09_37_58.578-05_00_1.png,2.0,1.8076147502272704
1350,1539_LeafPhotoA_2025-09-09 09_37_58.578-05_00_2.png,2.0,1.9381886690450931
1351,1539_LeafPhotoA_2025-09-09 09_37_58.578-05_00_0.png,2.0,1.8080052005957574
1375,,2.75,1.5756999946289805
1404,2505_LeafPhotoA_2025-09-09 10_00_57.054-05_00_3.png,1.25,2.000895491158164
1405,2505_LeafPhotoA_2025-09-09 10_00_57.054-05_00_0.png,1.25,1.798084157529203
1406,2505_LeafPhotoA_2025-09-09 10_00_57.054-05_00_1.png,1.25,1.7830694211690725
1407,2505_LeafPhotoA_2025-09-09 10_00_57.054-05_00_2.png,1.25,1.825475308689704
1408,1479_LeafPhotoB_2025-09-08 16_43_58.192-05_00_2.png,2.25,2.043019087655407
1409,1479_LeafPhotoB_2025-09-08 16_43_58.192-05_00_3.png,2.25,1.8961522004862759
1410,1479_LeafPhotoB_2025-09-08 16_43_58.192-05_00_0.png,2.25,1.8149239545642406
1411,1479_LeafPhotoB_2025-09-08 16_43_58.192-05_00_1.png,2.25,2.0222947507965876
1420,5016_LeafPhotoA_2025-09-09 16_24_50.932-05_00_2.png,1.0,1.8124107168559587
1421,5016_LeafPhotoA_2025-09-09 16_24_50.932-05_00_0.png,1.0,1.8556762263078053
1422,5016_LeafPhotoA_2025-09-09 16_24_50.932-05_00_3.png,1.0,1.8419609634610599
1423,5016_LeafPhotoA_2025-09-09 16_24_50.932-05_00_1.png,1.0,1.819759109737729
1431,,1.25,1.5756999946289805
1436,1385_LeafPhotoA_2025-09-08 13_04_24.143-05_00_1.png,2.0,2.0544105110146114
1437,1385_LeafPhotoA_2025-09-08 13_04_24.143-05_00_0.png,2.0,1.8839726681557176
1438,1385_LeafPhotoA_2025-09-08 13_04_24.143-05_00_2.png,2.0,1.9884135186672927
1450,,1.25,1.5756999946289805
1465,1391_LeafPhotoA_2025-09-08 13_11_35.950-05_00_2.png,4.5,2.2276179564329723
1466,1391_LeafPhotoA_2025-09-08 13_11_35.950-05_00_3.png,4.5,2.32342207971194
1467,1391_LeafPhotoA_2025-09-08 13_11_35.950-05_00_1.png,4.5,2.435120664298004
1468,1391_LeafPhotoA_2025-09-08 13_11_35.950-05_00_0.png,4.5,2.2197125542478666
1497,,2.0,1.5756999946289805
1502,2145_LeafPhotoA_2025-09-08 12_12_59.236-05_00_3.png,2.0,1.879887861686818
1503,2145_LeafPhotoA_2025-09-08 12_12_59.236-05_00_0.png,2.0,1.9337668726683825
1504,2145_LeafPhotoA_2025-09-08 12_12_59.236-05_00_2.png,2.0,1.8210784777980014
1505,2145_LeafPhotoA_2025-09-08 12_12_59.236-05_00_1.png,2.0,1.8698853554784287
1528,1941_LeafPhotoA_2025-09-09 15_40_00.245-05_00_0.png,2.0,1.9176591316320415
1529,1941_LeafPhotoA_2025-09-09 15_40_00.245-05_00_1.png,2.0,2.155038673118104
1530,1941_LeafPhotoA_2025-09-09 15_40_00.245-05_00_2.png,2.0,2.028568659754418
1535,1118_LeafPhotoA_2025-09-08 10_02_17.783-05_00_1.png,1.75,1.925489775847363
1536,1118_LeafPhotoA_2025-09-08 10_02_17.783-05_00_0.png,1.75,1.8466959715193054
1537,1118_LeafPhotoA_2025-09-08 10_02_17.783-05_00_3.png,1.75,1.8100690987432484
1538,1118_LeafPhotoA_2025-09-08 10_02_17.783-05_00_2.png,1.75,1.9397956023594554
1539,2030_LeafPhotoA_2025-09-08 11_08_05.704-05_00_0.png,1.75,1.9552491162267678
1540,2030_LeafPhotoA_2025-09-08 11_08_05.704-05_00_1.png,1.75,2.0250351898023147
1541,2030_LeafPhotoA_2025-09-08 11_08_05.704-05_00_3.png,1.75,1.8019659214266415
1542,2030_LeafPhotoA_2025-09-08 11_08_05.704-05_00_2.png,1.75,1.8860163791925595
1555,,1.5,1.5756999946289805
1561,1405_LeafPhotoB_2025-09-08 09_59_46.991-05_00_3.png,1.0,1.6232681872221348
1562,1405_LeafPhotoB_2025-09-08 09_59_46.991-05_00_1.png,1.0,1.72967477539159
1563,1405_LeafPhotoB_2025-09-08 09_59_46.991-05_00_2.png,1.0,1.7270734617871801
1564,1405_LeafPhotoB_2025-09-08 09_59_46.991-05_00_0.png,1.0,1.805491962966228
1573,1603_LeafPhotoA_2025-09-09 08_56_04.202-05_00_2.png,2.75,2.0258091272117986
1574,1603_LeafPhotoA_2025-09-09 08_56_04.202-05_00_1.png,2.75,1.964549765064083
1575,1603_LeafPhotoA_2025-09-09 08_56_04.202-05_00_3.png,2.75,2.0001024356835106
1576,1603_LeafPhotoA_2025-09-09 08_56_04.202-05_00_0.png,2.75,2.0322040088752544
1611,2186_LeafPhotoA_2025-09-09 12_31_18.903-05_00_3.png,2.75,2.4766253603709085
1612,2186_LeafPhotoA_2025-09-09 12_31_18.903-05_00_2.png,2.75,2.1257236291471977
1613,2186_LeafPhotoA_2025-09-09 12_31_18.903-05_00_1.png,2.75,2.256602945808635
1614,2186_LeafPhotoA_2025-09-09 12_31_18.903-05_00_0.png,2.75,2.1686585307000357
1643,1385_LeafPhotoA_2025-09-08 13_05_07.306-05_00_1.png,2.75,1.6415734243432578
1644,1385_LeafPhotoA_2025-09-08 13_05_07.306-05_00_2.png,2.75,1.6621436132094023
1645,1385_LeafPhotoA_2025-09-08 13_05_07.306-05_00_3.png,2.75,1.5994893756233728
1646,1385_LeafPhotoA_2025-09-08 13_05_07.306-05_00_0.png,2.75,1.7053369901977669
1680,1534_LeafPhotoA_2025-09-09 09_32_49.938-05_00_1.png,1.25,1.7936757305767572
1681,1534_LeafPhotoA_2025-09-09 09_32_49.938-05_00_2.png,1.25,1.8276755400458966
1682,1534_LeafPhotoA_2025-09-09 09_32_49.938-05_00_0.png,1.25,1.761076655417308
1683,1534_LeafPhotoA_2025-09-09 09_32_49.938-05_00_3.png,1.25,1.8388364646905677
1710,1210_LeafPhotoA_2025-09-08 09_38_24.164-05_00_2.png,1.25,1.6226684387629629
1711,1210_LeafPhotoA_2025-09-08 09_38_24.164-05_00_1.png,1.25,1.7445358416129522
1712,1210_LeafPhotoA_2025-09-08 09_38_24.164-05_00_0.png,1.25,1.792775591127855
1713,1210_LeafPhotoA_2025-09-08 09_38_24.164-05_00_3.png,1.25,1.7157620746771283
1743,2118_LeafPhotoA_2025-09-08 11_24_23.851-05_00_2.png,3.0,1.9652981017950055
1744,2118_LeafPhotoA_2025-09-08 11_24_23.851-05_00_0.png,3.0,1.6878847625578475
1745,2118_LeafPhotoA_2025-09-08 11_24_23.851-05_00_1.png,3.0,1.9118795285883146
1746,2118_LeafPhotoA_2025-09-08 11_24_23.851-05_00_3.png,3.0,1.8247445813166603
1773,1351_LeafPhotoA_2025-09-08 12_28_03.896-05_00_2.png,2.0,1.8938080750554631
1774,1351_LeafPhotoA_2025-09-08 12_28_03.896-05_00_1.png,2.0,1.8045707398072912
1775,1351_LeafPhotoA_2025-09-08 12_28_03.896-05_00_0.png,2.0,1.9123546980088206
1788,2796_LeafPhotoA_2025-09-09 11_09_54.572-05_00_0.png,1.5,2.04168974537531
1789,2796_LeafPhotoA_2025-09-09 11_09_54.572-05_00_1.png,1.5,2.0592689095963084
1790,2796_LeafPhotoA_2025-09-09 11_09_54.572-05_00_2.png,1.5,2.1137630603042754
1791,2796_LeafPhotoA_2025-09-09 11_09_54.572-05_00_3.png,1.5,1.9087420733935831
1824,1809_LeafPhotoA_2025-09-09 09_04_05.610-05_00_2.png,2.25,1.6702657634440723
1825,1809_LeafPhotoA_2025-09-09 09_04_05.610-05_00_1.png,2.25,1.746270744251879
1826,1809_LeafPhotoA_2025-09-09 09_04_05.610-05_00_0.png,2.25,1.7697635152908944
1827,1809_LeafPhotoA_2025-09-09 09_04_05.610-05_00_3.png,2.25,1.665546447543255
1828,1897_LeafPhotoA_2025-09-09 17_20_57.001-05_00_0.png,1.5,2.0285223715840974
1829,1897_LeafPhotoA_2025-09-09 17_20_57.001-05_00_1.png,1.5,1.939285550874851
1830,1897_LeafPhotoA_2025-09-09 17_20_57.001-05_00_2.png,1.5,1.9965235746652152
1839,1480_LeafPhotoB_2025-09-08 16_45_21.155-05_00_3.png,1.5,2.1023851986256212
1840,1480_LeafPhotoB_2025-09-08 16_45_21.155-05_00_0.png,1.5,2.112737760673424
1841,1480_LeafPhotoB_2025-09-08 16_45_21.155-05_00_1.png,1.5,1.9858264843852107
1842,1480_LeafPhotoB_2025-09-08 16_45_21.155-05_00_2.png,1.5,1.957503871064437
1847,1921_LeafPhotoA_2025-09-09 15_12_57.015-05_00_3.png,2.5,1.8874540746491202
1848,1921_LeafPhotoA_2025-09-09 15_12_57.015-05_00_0.png,2.5,1.8874059606794704
1849,1921_LeafPhotoA_2025-09-09 15_12_57.015-05_00_1.png,2.5,2.059113709833911
1850,1921_LeafPhotoA_2025-09-09 15_12_57.015-05_00_2.png,2.5,1.8955043097418294
1851,2274_LeafPhotoA_2025-09-08 17_09_38.644-05_00_2.png,2.0,1.7912334642374304
1852,2274_LeafPhotoA_2025-09-08 17_09_38.644-05_00_0.png,2.0,1.8673926581710059
1853,2274_LeafPhotoA_2025-09-08 17_09_38.644-05_00_1.png,2.0,1.91109255566773
1854,2274_LeafPhotoA_2025-09-08 17_09_38.644-05_00_3.png,2.0,1.8808892784631943
1859,,3.5,1.5756999946289805
1879,1427_LeafPhotoA_2025-09-08 09_50_09.893-05_00_0.png,2.5,1.9471507688254026
1880,1427_LeafPhotoA_2025-09-08 09_50_09.893-05_00_3.png,2.5,1.9046003207676976
1881,1427_LeafPhotoA_2025-09-08 09_50_09.893-05_00_1.png,2.5,1.8975630984977938
1882,1427_LeafPhotoA_2025-09-08 09_50_09.893-05_00_2.png,2.5,1.9355510015332962
1887,6043_LeafPhotoA_2025-09-09 16_04_58.355-05_00_0.png,1.75,1.9520710057701165
1888,6043_LeafPhotoA_2025-09-09 16_04_58.355-05_00_1.png,1.75,2.026300032465958
1889,6043_LeafPhotoA_2025-09-09 16_04_58.355-05_00_2.png,1.75,1.9769344542196718
1890,6043_LeafPhotoA_2025-09-09 16_04_58.355-05_00_3.png,1.75,1.9457203731833184
1910,2489_LeafPhotoB_2025-09-08 12_04_49.131-05_00_0.png,2.5,2.094029435827618
1911,2489_LeafPhotoB_2025-09-08 12_04_49.131-05_00_1.png,2.5,2.030232619425924
1912,2489_LeafPhotoB_2025-09-08 12_04_49.131-05_00_2.png,2.5,1.7890293947180556
1913,2489_LeafPhotoB_2025-09-08 12_04_49.131-05_00_3.png,2.5,1.924484869032468
1920,1792_LeafPhotoA_2025-09-09 09_08_36.909-05_00_3.png,1.75,1.9955582208576614
1921,1792_LeafPhotoA_2025-09-09 09_08_36.909-05_00_0.png,1.75,1.9950303231054007
1922,1792_LeafPhotoA_2025-09-09 09_08_36.909-05_00_1.png,1.75,1.980067612838801
1923,1792_LeafPhotoA_2025-09-09 09_08_36.909-05_00_2.png,1.75,1.944775351540443
1932,1037_LeafPhotoA_2025-09-08 10_14_34.857-05_00_2.png,2.25,1.6873881863750284
1933,1037_LeafPhotoA_2025-09-08 10_14_34.857-05_00_3.png,2.25,1.6935953388430165
1934,1037_LeafPhotoA_2025-09-08 10_14_34.857-05_00_1.png,2.25,1.7682995787000235
1935,1037_LeafPhotoA_2025-09-08 10_14_34.857-05_00_0.png,2.25,1.9228736123088872
1960,1576_LeafPhotoA_2025-09-09 09_52_24.983-05_00_0.png,1.25,1.7330080946924011
1961,1576_LeafPhotoA_2025-09-09 09_52_24.983-05_00_1.png,1.25,1.761291578845274
1962,1576_LeafPhotoA_2025-09-09 09_52_24.983-05_00_2.png,1.25,1.6299349748942424
1963,1576_LeafPhotoA_2025-09-09 09_52_24.983-05_00_3.png,1.25,1.6687897382938999
1964,1747_LeafPhotoA_2025-09-09 10_05_14.099-05_00_0.png,3.5,2.246230832552525
1965,1747_LeafPhotoA_2025-09-09 10_05_14.099-05_00_1.png,3.5,2.020445686845262
1966,1747_LeafPhotoA_2025-09-09 10_05_14.099-05_00_2.png,3.5,1.8392535745236016
1967,1747_LeafPhotoA_2025-09-09 10_05_14.099-05_00_3.png,3.5,1.8377823189738831
1968,,3.25,1.5756999946289805
1977,2394_LeafPhotoA_2025-09-08 12_19_19.139-05_00_1.png,2.75,1.963080716926693
1978,2394_LeafPhotoA_2025-09-08 12_19_19.139-05_00_3.png,2.75,2.068899326131814
1979,2394_LeafPhotoA_2025-09-08 12_19_19.139-05_00_2.png,2.75,1.8770584089077704
1980,2394_LeafPhotoA_2025-09-08 12_19_19.139-05_00_0.png,2.75,1.864488473271366
1981,2277_LeafPhotoA_2025-09-08 17_02_56.416-05_00_0.png,2.25,1.8978567702149352
1982,2277_LeafPhotoA_2025-09-08 17_02_56.416-05_00_1.png,2.25,1.9276565473283749
1983,2277_LeafPhotoA_2025-09-08 17_02_56.416-05_00_2.png,2.25,1.8312217240104223
2019,1405_LeafPhotoA_2025-09-08 09_26_00.409-05_00_3.png,1.25,1.6636590960638948
2020,1405_LeafPhotoA_2025-09-08 09_26_00.409-05_00_0.png,1.25,1.677002912027487
2021,1405_LeafPhotoA_2025-09-08 09_26_00.409-05_00_2.png,1.25,1.6561417213856262
2022,1405_LeafPhotoA_2025-09-08 09_26_00.409-05_00_1.png,1.25,1.6850364954246526
2055,2590_LeafPhotoA_2025-09-09 10_31_27.084-05_00_1.png,1.5,1.6405409852338058
2056,2590_LeafPhotoA_2025-09-09 10_31_27.084-05_00_0.png,1.5,1.649542088705499
2057,2590_LeafPhotoA_2025-09-09 10_31_27.084-05_00_3.png,1.5,1.8274327642959611
2058,2590_LeafPhotoA_2025-09-09 10_31_27.084-05_00_2.png,1.5,1.74548367275283
2075,1171_LeafPhotoA_2025-09-08 16_30_33.870-05_00_3.png,2.0,1.7794513389588842
2076,1171_LeafPhotoA_2025-09-08 16_30_33.870-05_00_0.png,2.0,1.6868699872968456
2077,1171_LeafPhotoA_2025-09-08 16_30_33.870-05_00_1.png,2.0,1.8589805400496193
2078,1171_LeafPhotoA_2025-09-08 16_30_33.870-05_00_2.png,2.0,1.8166991856433603
2087,6018_LeafPhotoA_2025-09-09 16_46_19.898-05_00_3.png,1.25,1.7287983918279
2088,6018_LeafPhotoA_2025-09-09 16_46_19.898-05_00_1.png,1.25,1.8267042451406814
2089,6018_LeafPhotoA_2025-09-09 16_46_19.898-05_00_0.png,1.25,1.6555292359930514
2090,6018_LeafPhotoA_2025-09-09 16_46_19.898-05_00_2.png,1.25,1.735959655293538
2091,2935_LeafPhotoA_2025-09-09 16_33_34.724-05_00_2.png,1.5,1.7841548972827992
2092,2935_LeafPhotoA_2025-09-09 16_33_34.724-05_00_0.png,1.5,1.6462939464896693
2093,2935_LeafPhotoA_2025-09-09 16_33_34.724-05_00_3.png,1.5,1.6524879764735607
2094,2935_LeafPhotoA_2025-09-09 16_33_34.724-05_00_1.png,1.5,1.7385193898378888
2103,1240_LeafPhotoA_2025-09-08 10_28_24.122-05_00_0.png,1.5,1.8814173579616684
2104,1240_LeafPhotoA_2025-09-08 10_28_24.122-05_00_1.png,1.5,1.8406382801745618
2105,1240_LeafPhotoA_2025-09-08 10_28_24.122-05_00_2.png,1.5,1.8303509928646358
2106,1240_LeafPhotoA_2025-09-08 10_28_24.122-05_00_3.png,1.5,1.724095711499543
2129,2091_LeafPhotoA_2025-09-08 12_28_15.428-05_00_0.png,2.75,1.5731974162068
2130,2091_LeafPhotoA_2025-09-08 12_28_15.428-05_00_1.png,2.75,1.8128435263316263
2131,2091_LeafPhotoA_2025-09-08 12_28_15.428-05_00_2.png,2.75,1.8721607907200004
2132,2091_LeafPhotoA_2025-09-08 12_28_15.428-05_00_3.png,2.75,1.8845438783102286
2149,1324_LeafPhotoA_2025-09-08 09_47_08.944-05_00_2.png,2.0,1.898877099039735
2150,1324_LeafPhotoA_2025-09-08 09_47_08.944-05_00_3.png,2.0,1.9839216397422657
2151,1324_LeafPhotoA_2025-09-08 09_47_08.944-05_00_0.png,2.0,1.9135253049574854
2152,1324_LeafPhotoA_2025-09-08 09_47_08.944-05_00_1.png,2.0,2.122380908257262
2177,1098_LeafPhotoA_2025-09-09 11_09_21.218-05_00_2.png,1.25,1.940850901853708
2178,1098_LeafPhotoA_2025-09-09 11_09_21.218-05_00_0.png,1.25,2.085139240757953
2179,1098_LeafPhotoA_2025-09-09 11_09_21.218-05_00_1.png,1.25,1.8558111641791015
2180,1098_LeafPhotoA_2025-09-09 11_09_21.218-05_00_3.png,1.25,1.8579569306360126
2184,2097_LeafPhotoA_2025-09-08 12_33_49.300-05_00_3.png,1.5,1.7585647579544632
2185,2097_LeafPhotoA_2025-09-08 12_33_49.300-05_00_2.png,1.5,2.1416878198341047
2186,2097_LeafPhotoA_2025-09-08 12_33_49.300-05_00_0.png,1.5,2.0586053777305713
2187,2097_LeafPhotoA_2025-09-08 12_33_49.300-05_00_1.png,1.5,1.967356630970795
2214,1876_LeafPhotoA_2025-09-09 17_04_03.852-05_00_3.png,2.25,1.5697191468948437
2215,1876_LeafPhotoA_2025-09-09 17_04_03.852-05_00_2.png,2.25,1.5826664001668844
2216,1876_LeafPhotoA_2025-09-09 17_04_03.852-05_00_1.png,2.25,1.8128868982432258
2217,1876_LeafPhotoA_2025-09-09 17_04_03.852-05_00_0.png,2.25,1.8007924552943892
2231,1405_LeafPhotoB_2025-09-08 10_00_01.542-05_00_1.png,1.5,1.7629099434850215
2232,1405_LeafPhotoB_2025-09-08 10_00_01.542-05_00_2.png,1.5,1.6179113421157738
2233,1405_LeafPhotoB_2025-09-08 10_00_01.542-05_00_3.png,1.5,1.5323428189386008
2234,1405_LeafPhotoB_2025-09-08 10_00_01.542-05_00_0.png,1.5,1.721606056134984
2263,1562_LeafPhotoA_2025-09-09 10_11_10.077-05_00_0.png,1.0,1.8349503028146603
2264,1562_LeafPhotoA_2025-09-09 10_11_10.077-05_00_1.png,1.0,1.7306348602807584
2265,1562_LeafPhotoA_2025-09-09 10_11_10.077-05_00_2.png,1.0,1.7547760014430873
2266,1562_LeafPhotoA_2025-09-09 10_11_10.077-05_00_3.png,1.0,1.6433154967023
2268,5028_LeafPhotoA_2025-09-09 16_52_02.474-05_00_0.png,2.25,1.8322658178988478
2269,5028_LeafPhotoA_2025-09-09 16_52_02.474-05_00_1.png,2.25,1.8582245236775035
2270,5028_LeafPhotoA_2025-09-09 16_52_02.474-05_00_2.png,2.25,1.76014442833783
2271,5028_LeafPhotoA_2025-09-09 16_52_02.474-05_00_3.png,2.25,1.972892880987405
2272,1659_LeafPhotoA_2025-09-09 10_11_01.636-05_00_2.png,1.5,1.7846938844716524
2273,1659_LeafPhotoA_2025-09-09 10_11_01.636-05_00_0.png,1.5,1.5804125171461665
2274,1659_LeafPhotoA_2025-09-09 10_11_01.636-05_00_1.png,1.5,1.8228208730518134
2279,1479_LeafPhotoB_2025-09-08 16_43_30.857-05_00_1.png,1.75,2.0465648052999064
2280,1479_LeafPhotoB_2025-09-08 16_43_30.857-05_00_2.png,1.75,2.0801090142192105
2281,1479_LeafPhotoB_2025-09-08 16_43_30.857-05_00_0.png,1.75,2.0842482668690105
2282,1479_LeafPhotoB_2025-09-08 16_43_30.857-05_00_3.png,1.75,1.9639971790299782
2290,2090_LeafPhotoA_2025-09-08 12_27_18.336-05_00_1.png,1.0,2.121246775040119
2291,2090_LeafPhotoA_2025-09-08 12_27_18.336-05_00_0.png,1.0,2.0785527355019413
2292,2090_LeafPhotoA_2025-09-08 12_27_18.336-05_00_3.png,1.0,2.0806217957524082
2293,2090_LeafPhotoA_2025-09-08 12_27_18.336-05_00_2.png,1.0,2.236268683071313
2314,2449_LeafPhotoB_2025-09-08 11_23_39.370-05_00_0.png,2.0,2.0193259456724046
2315,2449_LeafPhotoB_2025-09-08 11_23_39.370-05_00_1.png,2.0,1.9080802097262046
2316,2449_LeafPhotoB_2025-09-08 11_23_39.370-05_00_2.png,2.0,2.010904699324009
2317,2449_LeafPhotoB_2025-09-08 11_23_39.370-05_00_3.png,2.0,1.9103411560597123
2318,1187_LeafPhotoA_2025-09-08 16_03_30.325-05_00_0.png,2.0,1.6963580476791587
2319,1187_LeafPhotoA_2025-09-08 16_03_30.325-05_00_1.png,2.0,1.702716355958714
2320,1187_LeafPhotoA_2025-09-08 16_03_30.325-05_00_3.png,2.0,1.8126361234296606
2321,1187_LeafPhotoA_2025-09-08 16_03_30.325-05_00_2.png,2.0,1.6655251356722922
2326,1600_LeafPhotoA_2025-09-09 10_22_37.520-05_00_0.png,2.0,1.7905960852836817
2327,1600_LeafPhotoA_2025-09-09 10_22_37.520-05_00_1.png,2.0,1.7425010418431475
2328,1600_LeafPhotoA_2025-09-09 10_22_37.520-05_00_2.png,2.0,1.5647757982292612
2340,2078_LeafPhotoA_2025-09-08 12_14_10.635-05_00_0.png,2.75,1.7948005406866674
2341,2078_LeafPhotoA_2025-09-08 12_14_10.635-05_00_2.png,2.75,1.8495170047709728
2342,2078_LeafPhotoA_2025-09-08 12_14_10.635-05_00_3.png,2.75,2.011903944109441
2343,2078_LeafPhotoA_2025-09-08 12_14_10.635-05_00_1.png,2.75,1.6418978579505858
2356,2952_LeafPhotoA_2025-09-09 15_55_46.839-05_00_1.png,2.5,1.8490499762034198
2357,2952_LeafPhotoA_2025-09-09 15_55_46.839-05_00_0.png,2.5,1.8457311769005849
2366,2541_LeafPhotoA_2025-09-09 10_40_27.804-05_00_0.png,1.75,1.9179442187141502
2367,2541_LeafPhotoA_2025-09-09 10_40_27.804-05_00_1.png,1.75,1.80868948079068
2368,2541_LeafPhotoA_2025-09-09 10_40_27.804-05_00_2.png,1.75,2.0971412852677327
2369,2541_LeafPhotoA_2025-09-09 10_40_27.804-05_00_3.png,1.75,2.0938947650646558
2409,1188_LeafPhotoA_2025-09-08 16_01_44.544-05_00_2.png,2.25,2.0227595198274386
2410,1188_LeafPhotoA_2025-09-08 16_01_44.544-05_00_1.png,2.25,1.9603719374271813
2411,1188_LeafPhotoA_2025-09-08 16_01_44.544-05_00_0.png,2.25,1.7949314882457301
2442,2114_LeafPhotoA_2025-09-08 11_14_43.534-05_00_3.png,1.75,2.0602005996454547
2443,2114_LeafPhotoA_2025-09-08 11_14_43.534-05_00_0.png,1.75,1.989971556006774
2444,2114_LeafPhotoA_2025-09-08 11_14_43.534-05_00_1.png,1.75,2.101375397417485
2445,2114_LeafPhotoA_2025-09-08 11_14_43.534-05_00_2.png,1.75,2.0865676277662555
2450,2578_LeafPhotoA_2025-09-09 10_42_22.010-05_00_0.png,1.75,1.7159793281981754
2451,2578_LeafPhotoA_2025-09-09 10_42_22.010-05_00_1.png,1.75,1.6522046397409202
2452,2578_LeafPhotoA_2025-09-09 10_42_22.010-05_00_3.png,1.75,1.563381167386392
2453,2578_LeafPhotoA_2025-09-09 10_42_22.010-05_00_2.png,1.75,1.5985605143587927
2471,2649_LeafPhotoA_2025-09-09 11_26_00.362-05_00_0.png,2.25,1.7487642296608052
2472,2649_LeafPhotoA_2025-09-09 11_26_00.362-05_00_2.png,2.25,1.8893187922221413
2473,2649_LeafPhotoA_2025-09-09 11_26_00.362-05_00_3.png,2.25,1.9207321060002944
2474,2649_LeafPhotoA_2025-09-09 11_26_00.362-05_00_1.png,2.25,1.7728542307079447
2479,1434_LeafPhotoB_2025-09-08 10_25_56.347-05_00_1.png,1.75,1.8540720711678538
2480,1434_LeafPhotoB_2025-09-08 10_25_56.347-05_00_0.png,1.75,1.8646098478762958
2481,1434_LeafPhotoB_2025-09-08 10_25_56.347-05_00_2.png,1.75,1.753837271990136
2482,1434_LeafPhotoB_2025-09-08 10_25_56.347-05_00_3.png,1.75,1.7959148384653403
2486,2458_LeafPhotoB_2025-09-08 11_35_26.865-05_00_3.png,1.25,1.864388700509443
2487,2458_LeafPhotoB_2025-09-08 11_35_26.865-05_00_2.png,1.25,1.8716257123473663
2488,2458_LeafPhotoB_2025-09-08 11_35_26.865-05_00_1.png,1.25,1.8011973378287243
2489,2458_LeafPhotoB_2025-09-08 11_35_26.865-05_00_0.png,1.25,1.9032277854154807
2502,5011_LeafPhotoA_2025-09-09 16_15_48.428-05_00_2.png,1.75,1.9761839706954838
2503,5011_LeafPhotoA_2025-09-09 16_15_48.428-05_00_1.png,1.75,1.8485026771724722
2504,5011_LeafPhotoA_2025-09-09 16_15_48.428-05_00_3.png,1.75,1.9384417719864708
2505,5011_LeafPhotoA_2025-09-09 16_15_48.428-05_00_0.png,1.75,1.7394797847419745
2509,1916_LeafPhotoA_2025-09-09 14_55_34.742-05_00_1.png,2.25,1.7425034147533176
2510,1916_LeafPhotoA_2025-09-09 14_55_34.742-05_00_0.png,2.25,1.7325762982180348
2511,1916_LeafPhotoA_2025-09-09 14_55_34.742-05_00_2.png,2.25,1.6730596294579456
2512,1916_LeafPhotoA_2025-09-09 14_55_34.742-05_00_3.png,2.25,1.6847306494961287
2523,2991_LeafPhotoA_2025-09-09 16_44_34.559-05_00_1.png,2.25,2.0321329731428426
2524,2991_LeafPhotoA_2025-09-09 16_44_34.559-05_00_2.png,2.25,2.1343892236039106
2525,2991_LeafPhotoA_2025-09-09 16_44_34.559-05_00_3.png,2.25,2.03480695701787
2526,2991_LeafPhotoA_2025-09-09 16_44_34.559-05_00_0.png,2.25,1.9750626257378405
2527,2844_LeafPhotoA_2025-09-09 11_13_34.394-05_00_0.png,2.5,1.7875017934135575
2531,2722_LeafPhotoA_2025-09-09 10_43_28.841-05_00_1.png,3.5,2.1373064721226496
2532,2722_LeafPhotoA_2025-09-09 10_43_28.841-05_00_2.png,3.5,2.0452677696830186
2533,2722_LeafPhotoA_2025-09-09 10_43_28.841-05_00_0.png,3.5,2.41251942586066
2538,2453_LeafPhotoB_2025-09-08 11_31_31.055-05_00_0.png,1.5,1.7799113077002975
2539,2453_LeafPhotoB_2025-09-08 11_31_31.055-05_00_3.png,1.5,1.6454517909170574
2540,2453_LeafPhotoB_2025-09-08 11_31_31.055-05_00_2.png,1.5,1.6644470297862326
2541,2453_LeafPhotoB_2025-09-08 11_31_31.055-05_00_1.png,1.5,1.799598398111751
2555,1425_LeafPhotoA_2025-09-08 09_47_28.860-05_00_2.png,1.5,2.0232539698254683
2556,1425_LeafPhotoA_2025-09-08 09_47_28.860-05_00_0.png,1.5,2.058592362244452
2557,1425_LeafPhotoA_2025-09-08 09_47_28.860-05_00_1.png,1.5,2.014840740396372
2558,1425_LeafPhotoA_2025-09-08 09_47_28.860-05_00_3.png,1.5,1.9983707487902533
2571,,2.5,1.5756999946289805
2583,,1.25,1.5756999946289805
2588,2107_LeafPhotoA_2025-09-08 11_02_37.715-05_00_0.png,1.25,1.778344997741766
2589,2107_LeafPhotoA_2025-09-08 11_02_37.715-05_00_3.png,1.25,1.7276508562816617
2590,2107_LeafPhotoA_2025-09-08 11_02_37.715-05_00_1.png,1.25,1.8770577404657338
2591,2107_LeafPhotoA_2025-09-08 11_02_37.715-05_00_2.png,1.25,1.7167453508751878
2670,2648_LeafPhotoA_2025-09-09 11_27_06.528-05_00_3.png,1.25,1.6705289531339267
2671,2648_LeafPhotoA_2025-09-09 11_27_06.528-05_00_2.png,1.25,1.7727007029849513
2672,2648_LeafPhotoA_2025-09-09 11_27_06.528-05_00_0.png,1.25,1.6142979512711517
2673,2648_LeafPhotoA_2025-09-09 11_27_06.528-05_00_1.png,1.25,1.650588282750531
2691,1500_LeafPhotoB_2025-09-08 12_25_38.479-05_00_3.png,1.75,1.9737763386746565
2692,1500_LeafPhotoB_2025-09-08 12_25_38.479-05_00_1.png,1.75,1.9048501430629912
2693,1500_LeafPhotoB_2025-09-08 12_25_38.479-05_00_2.png,1.75,1.9045809049087878
2694,1500_LeafPhotoB_2025-09-08 12_25_38.479-05_00_0.png,1.75,1.9175744785149769
2723,1893_LeafPhotoA_2025-09-09 12_59_38.775-05_00_2.png,2.0,1.7437322267945328
2724,1893_LeafPhotoA_2025-09-09 12_59_38.775-05_00_0.png,2.0,1.7417545185829826
2725,1893_LeafPhotoA_2025-09-09 12_59_38.775-05_00_1.png,2.0,1.7321878704012987
2726,1893_LeafPhotoA_2025-09-09 12_59_38.775-05_00_3.png,2.0,1.759832944016767
2737,2893_LeafPhotoA_2025-09-09 13_59_49.093-05_00_0.png,2.25,1.9113317086966473
2738,2893_LeafPhotoA_2025-09-09 13_59_49.093-05_00_1.png,2.25,1.8160346809945311
2739,2893_LeafPhotoA_2025-09-09 13_59_49.093-05_00_2.png,2.25,1.876876162533575
2740,2893_LeafPhotoA_2025-09-09 13_59_49.093-05_00_3.png,2.25,1.8115352846328066
2745,2711_LeafPhotoA_2025-09-09 10_28_23.854-05_00_0.png,2.5,2.030315716994994
2746,2711_LeafPhotoA_2025-09-09 10_28_23.854-05_00_3.png,2.5,2.049832655082847
2747,2711_LeafPhotoA_2025-09-09 10_28_23.854-05_00_2.png,2.5,2.2094856093983433
2748,2711_LeafPhotoA_2025-09-09 10_28_23.854-05_00_1.png,2.5,2.2326039976642704
2758,1287_LeafPhotoA_2025-09-08 16_00_42.513-05_00_0.png,3.0,1.7063768872703666
2759,1287_LeafPhotoA_2025-09-08 16_00_42.513-05_00_1.png,3.0,1.7769662034302125
2760,1287_LeafPhotoA_2025-09-08 16_00_42.513-05_00_2.png,3.0,2.148977487589525
2765,1427_LeafPhotoB_2025-09-08 10_20_17.635-05_00_2.png,2.25,1.9915966288863944
2766,1427_LeafPhotoB_2025-09-08 10_20_17.635-05_00_1.png,2.25,1.9748405311328108
2767,1427_LeafPhotoB_2025-09-08 10_20_17.635-05_00_0.png,2.25,2.0314991412526227
2768,1427_LeafPhotoB_2025-09-08 10_20_17.635-05_00_3.png,2.25,1.905449166706616
2770,6044_LeafPhotoA_2025-09-09 16_03_00.837-05_00_1.png,1.5,1.7685158283373263
2771,6044_LeafPhotoA_2025-09-09 16_03_00.837-05_00_2.png,1.5,1.8726082163665376
2772,6044_LeafPhotoA_2025-09-09 16_03_00.837-05_00_3.png,1.5,1.715551795598622
2773,6044_LeafPhotoA_2025-09-09 16_03_00.837-05_00_0.png,1.5,1.820534239145502
2815,2090_LeafPhotoA_2025-09-08 12_27_42.323-05_00_1.png,1.25,1.891027999556057
2816,2090_LeafPhotoA_2025-09-08 12_27_42.323-05_00_3.png,1.25,1.8982756854822453
2817,2090_LeafPhotoA_2025-09-08 12_27_42.323-05_00_0.png,1.25,1.9849498083973705
2818,2090_LeafPhotoA_2025-09-08 12_27_42.323-05_00_2.png,1.25,1.7341699590900446
2841,,3.0,1.5756999946289805
2850,2210_LeafPhotoA_2025-09-08 11_00_04.684-05_00_2.png,1.25,1.8697641732192813
2851,2210_LeafPhotoA_2025-09-08 11_00_04.684-05_00_0.png,1.25,1.9403710209424212
2852,2210_LeafPhotoA_2025-09-08 11_00_04.684-05_00_3.png,1.25,1.9605235719589438
2853,2210_LeafPhotoA_2025-09-08 11_00_04.684-05_00_1.png,1.25,1.8317859447412472
2904,1495_LeafPhotoB_2025-09-08 16_59_36.020-05_00_0.png,2.5,1.8419106693136298
2905,1495_LeafPhotoB_2025-09-08 16_59_36.020-05_00_3.png,2.5,1.8456140874053995
2906,1495_LeafPhotoB_2025-09-08 16_59_36.020-05_00_2.png,2.5,1.8889732878025256
2907,1495_LeafPhotoB_2025-09-08 16_59_36.020-05_00_1.png,2.5,1.9081992510306172
2912,5030_LeafPhotoA_2025-09-09 16_55_05.294-05_00_0.png,1.25,1.7743773271970837
2913,5030_LeafPhotoA_2025-09-09 16_55_05.294-05_00_1.png,1.25,1.8661274389883131
2914,5030_LeafPhotoA_2025-09-09 16_55_05.294-05_00_2.png,1.25,1.7669873651531922
2915,5030_LeafPhotoA_2025-09-09 16_55_05.294-05_00_3.png,1.25,1.7398514816187995
2920,2524_LeafPhotoA_2025-09-09 10_21_34.620-05_00_0.png,1.5,2.0755916837290704
2921,2524_LeafPhotoA_2025-09-09 10_21_34.620-05_00_2.png,1.5,1.8482596111927572
2922,2524_LeafPhotoA_2025-09-09 10_21_34.620-05_00_3.png,1.5,1.8451859987098964
2923,2524_LeafPhotoA_2025-09-09 10_21_34.620-05_00_1.png,1.5,2.0227634785450195
2928,1576_LeafPhotoA_2025-09-09 09_52_40.800-05_00_0.png,2.0,1.8184356311151006
2929,1576_LeafPhotoA_2025-09-09 09_52_40.800-05_00_1.png,2.0,1.7205935613413348
2934,2715_LeafPhotoA_2025-09-09 10_34_25.383-05_00_2.png,3.25,2.3732869991635486
2935,2715_LeafPhotoA_2025-09-09 10_34_25.383-05_00_0.png,3.25,2.1170428488565105
2936,2715_LeafPhotoA_2025-09-09 10_34_25.383-05_00_3.png,3.25,2.2497376342088993
2937,2715_LeafPhotoA_2025-09-09 10_34_25.383-05_00_1.png,3.25,2.16875860765267
2938,2386_LeafPhotoA_2025-09-08 11_57_13.953-05_00_1.png,1.5,1.7069715168266828
2939,2386_LeafPhotoA_2025-09-08 11_57_13.953-05_00_0.png,1.5,1.6922819689197386
2944,5036_LeafPhotoA_2025-09-09 17_09_44.541-05_00_1.png,1.5,1.79932763515223
2945,5036_LeafPhotoA_2025-09-09 17_09_44.541-05_00_3.png,1.5,2.2210241424382273
2946,5036_LeafPhotoA_2025-09-09 17_09_44.541-05_00_0.png,1.5,1.9483146521163177
2947,5036_LeafPhotoA_2025-09-09 17_09_44.541-05_00_2.png,1.5,2.22992947581744
2956,2256_LeafPhotoA_2025-09-08 12_24_33.115-05_00_2.png,2.0,2.066730627756459
2957,2256_LeafPhotoA_2025-09-08 12_24_33.115-05_00_1.png,2.0,2.0250861657656354
2958,2256_LeafPhotoA_2025-09-08 12_24_33.115-05_00_3.png,2.0,1.911493644212683
2959,2256_LeafPhotoA_2025-09-08 12_24_33.115-05_00_0.png,2.0,2.022224730968637
2976,2386_LeafPhotoA_2025-09-08 11_56_54.323-05_00_2.png,1.25,1.7979073897056677
2977,2386_LeafPhotoA_2025-09-08 11_56_54.323-05_00_1.png,1.25,1.7626141507951691
2978,2386_LeafPhotoA_2025-09-08 11_56_54.323-05_00_3.png,1.25,1.7673306890871727
2979,2386_LeafPhotoA_2025-09-08 11_56_54.323-05_00_0.png,1.25,1.7255132175973897
2995,1943_LeafPhotoA_2025-09-09 16_00_56.560-05_00_3.png,1.5,1.7603178637703585
2996,1943_LeafPhotoA_2025-09-09 16_00_56.560-05_00_2.png,1.5,1.7826300245914224
2997,1943_LeafPhotoA_2025-09-09 16_00_56.560-05_00_1.png,1.5,2.132773342666821
2998,1943_LeafPhotoA_2025-09-09 16_00_56.560-05_00_0.png,1.5,2.0580762949425884
2999,1360_LeafPhotoA_2025-09-08 12_40_13.454-05_00_0.png,2.0,1.9186599197872432
3000,1360_LeafPhotoA_2025-09-08 12_40_13.454-05_00_1.png,2.0,1.8295336181634558
3001,1360_LeafPhotoA_2025-09-08 12_40_13.454-05_00_2.png,2.0,1.8713231664849308
3002,1360_LeafPhotoA_2025-09-08 12_40_13.454-05_00_3.png,2.0,1.844931090151678
3030,1180_LeafPhotoA_2025-09-08 16_15_29.779-05_00_3.png,2.0,1.9590427320107082
3031,1180_LeafPhotoA_2025-09-08 16_15_29.779-05_00_1.png,2.0,1.8783751592977607
3032,1180_LeafPhotoA_2025-09-08 16_15_29.779-05_00_2.png,2.0,1.891487995449683
3033,1180_LeafPhotoA_2025-09-08 16_15_29.779-05_00_0.png,2.0,1.903556265282562
3048,2204_LeafPhotoA_2025-09-08 10_51_32.424-05_00_0.png,1.0,1.5609028113376997
3049,2204_LeafPhotoA_2025-09-08 10_51_32.424-05_00_1.png,1.0,1.622690508450958
3050,2204_LeafPhotoA_2025-09-08 10_51_32.424-05_00_2.png,1.0,1.6086375793682304
3051,2204_LeafPhotoA_2025-09-08 10_51_32.424-05_00_3.png,1.0,1.6237229972756282
3052,2253_LeafPhotoA_2025-09-08 12_18_44.610-05_00_0.png,1.25,1.8021941800459604
3053,2253_LeafPhotoA_2025-09-08 12_18_44.610-05_00_2.png,1.25,1.7828951849520733
3054,2253_LeafPhotoA_2025-09-08 12_18_44.610-05_00_1.png,1.25,1.8844502238137097
3055,2253_LeafPhotoA_2025-09-08 12_18_44.610-05_00_3.png,1.25,1.7899875673396382
3132,2197_LeafPhotoA_2025-09-08 17_08_13.372-05_00_0.png,1.5,1.8329994500647546
3145,2097_LeafPhotoA_2025-09-08 12_34_03.075-05_00_1.png,2.0,2.012619723682321
3146,2097_LeafPhotoA_2025-09-08 12_34_03.075-05_00_2.png,2.0,1.8727192810128181
3147,2097_LeafPhotoA_2025-09-08 12_34_03.075-05_00_0.png,2.0,2.0269460398705763
3148,2097_LeafPhotoA_2025-09-08 12_34_03.075-05_00_3.png,2.0,1.9352408689951275
3149,1121_LeafPhotoA_2025-09-08 10_06_53.769-05_00_0.png,3.0,1.840726917210471
3150,1121_LeafPhotoA_2025-09-08 10_06_53.769-05_00_2.png,3.0,1.7619931275402438
3151,1121_LeafPhotoA_2025-09-08 10_06_53.769-05_00_3.png,3.0,1.855233115532845
3152,1121_LeafPhotoA_2025-09-08 10_06_53.769-05_00_1.png,3.0,1.906525009043102
3202,2648_LeafPhotoA_2025-09-09 11_26_52.423-05_00_0.png,1.75,1.880547064075702
3203,2648_LeafPhotoA_2025-09-09 11_26_52.423-05_00_3.png,1.75,1.742691708321061
3204,2648_LeafPhotoA_2025-09-09 11_26_52.423-05_00_1.png,1.75,1.8271873529950153
3205,2648_LeafPhotoA_2025-09-09 11_26_52.423-05_00_2.png,1.75,1.735073577283426
3207,2178_LeafPhotoA_2025-09-09 12_22_12.377-05_00_1.png,2.0,1.9574282877604279
3208,2178_LeafPhotoA_2025-09-09 12_22_12.377-05_00_3.png,2.0,1.9470135963537663
3209,2178_LeafPhotoA_2025-09-09 12_22_12.377-05_00_0.png,2.0,2.1638447179254063
3210,2178_LeafPhotoA_2025-09-09 12_22_12.377-05_00_2.png,2.0,2.036786488726988
3215,1963_LeafPhotoA_2025-09-09 17_19_17.230-05_00_0.png,1.5,2.319331481584577
3216,1963_LeafPhotoA_2025-09-09 17_19_17.230-05_00_1.png,1.5,2.2609078575184403
3217,1963_LeafPhotoA_2025-09-09 17_19_17.230-05_00_2.png,1.5,2.0778477672210274
3232,2394_LeafPhotoA_2025-09-08 12_19_48.103-05_00_1.png,3.25,1.9593456686502357
3233,2394_LeafPhotoA_2025-09-08 12_19_48.103-05_00_0.png,3.25,1.899501635630022
3234,2394_LeafPhotoA_2025-09-08 12_19_48.103-05_00_3.png,3.25,1.929375153659693
3235,2394_LeafPhotoA_2025-09-08 12_19_48.103-05_00_2.png,3.25,2.0103063153235365
3236,1916_LeafPhotoA_2025-09-09 14_56_01.187-05_00_0.png,1.75,1.939134450366456
3237,1916_LeafPhotoA_2025-09-09 14_56_01.187-05_00_1.png,1.75,1.9741384534583062
3238,1916_LeafPhotoA_2025-09-09 14_56_01.187-05_00_2.png,1.75,1.7804202303365424
3239,1916_LeafPhotoA_2025-09-09 14_56_01.187-05_00_3.png,1.75,1.7944403827310182
3244,,2.75,1.5756999946289805
3245,2224_LeafPhotoA_2025-09-08 11_25_14.126-05_00_0.png,2.5,1.7467277388325173
3246,2224_LeafPhotoA_2025-09-08 11_25_14.126-05_00_1.png,2.5,1.6588687031027376
3247,2224_LeafPhotoA_2025-09-08 11_25_14.126-05_00_2.png,2.5,1.6636574853058013
3248,2224_LeafPhotoA_2025-09-08 11_25_14.126-05_00_3.png,2.5,1.7634660622601799
3299,2149_LeafPhotoA_2025-09-08 12_20_25.908-05_00_0.png,1.5,2.040104011091822
3300,2149_LeafPhotoA_2025-09-08 12_20_25.908-05_00_3.png,1.5,1.9324867330274662
3301,2149_LeafPhotoA_2025-09-08 12_20_25.908-05_00_1.png,1.5,2.007652229149134
3302,2149_LeafPhotoA_2025-09-08 12_20_25.908-05_00_2.png,1.5,1.8276929905534791
3306,2656_LeafPhotoA_2025-09-09 11_29_51.657-05_00_0.png,2.5,1.9125172922515226
3315,2451_LeafPhotoB_2025-09-08 11_29_15.932-05_00_1.png,2.0,1.947013860941975
3316,2451_LeafPhotoB_2025-09-08 11_29_15.932-05_00_2.png,2.0,2.0450070274260486
3317,2451_LeafPhotoB_2025-09-08 11_29_15.932-05_00_0.png,2.0,2.078783768275641
3318,2451_LeafPhotoB_2025-09-08 11_29_15.932-05_00_3.png,2.0,2.0442210408199175
3344,1272_LeafPhotoA_2025-09-08 16_14_44.397-05_00_0.png,2.25,1.6871602590664125
3345,1272_LeafPhotoA_2025-09-08 16_14_44.397-05_00_1.png,2.25,1.8145075626235658
3346,1272_LeafPhotoA_2025-09-08 16_14_44.397-05_00_2.png,2.25,1.9031257467485228
3347,1272_LeafPhotoA_2025-09-08 16_14_44.397-05_00_3.png,2.25,1.8116434238240542
3355,6027_LeafPhotoA_2025-09-09 16_33_32.836-05_00_1.png,2.0,2.0005869943967864
3356,6027_LeafPhotoA_2025-09-09 16_33_32.836-05_00_0.png,2.0,1.6656244168878653
3357,6027_LeafPhotoA_2025-09-09 16_33_32.836-05_00_3.png,2.0,1.8932956083948747
3358,6027_LeafPhotoA_2025-09-09 16_33_32.836-05_00_2.png,2.0,1.9625008163491142
3389,2238_LeafPhotoA_2025-09-08 11_44_44.603-05_00_0.png,2.5,1.821597298423827
3390,2238_LeafPhotoA_2025-09-08 11_44_44.603-05_00_1.png,2.5,1.7321288575294962
3391,2238_LeafPhotoA_2025-09-08 11_44_44.603-05_00_2.png,2.5,1.7377143203373862
3392,2238_LeafPhotoA_2025-09-08 11_44_44.603-05_00_3.png,2.5,1.9810295167150833
3393,1950_LeafPhotoA_2025-09-09 16_09_30.048-05_00_0.png,1.5,1.8451852613151962
3394,1950_LeafPhotoA_2025-09-09 16_09_30.048-05_00_1.png,1.5,1.6301236701536623
3395,1950_LeafPhotoA_2025-09-09 16_09_30.048-05_00_2.png,1.5,1.6716436463218587
3409,1381_LeafPhotoA_2025-09-08 13_01_59.229-05_00_0.png,2.25,2.0237796835338435
3410,1381_LeafPhotoA_2025-09-08 13_01_59.229-05_00_2.png,2.25,2.0428880466010892
3411,1381_LeafPhotoA_2025-09-08 13_01_59.229-05_00_1.png,2.25,1.918426037076385
3412,1381_LeafPhotoA_2025-09-08 13_01_59.229-05_00_3.png,2.25,1.7975718715838684
3445,6044_LeafPhotoA_2025-09-09 16_03_43.942-05_00_1.png,1.5,1.7935008989083103
3446,6044_LeafPhotoA_2025-09-09 16_03_43.942-05_00_3.png,1.5,1.740334876184044
3447,6044_LeafPhotoA_2025-09-09 16_03_43.942-05_00_0.png,1.5,1.6846670633395677
3448,6044_LeafPhotoA_2025-09-09 16_03_43.942-05_00_2.png,1.5,1.942375717416256
3469,1926_LeafPhotoA_2025-09-09 15_19_00.799-05_00_0.png,1.5,1.8633228890598286
3470,1926_LeafPhotoA_2025-09-09 15_19_00.799-05_00_1.png,1.5,2.039764684264396
3471,1926_LeafPhotoA_2025-09-09 15_19_00.799-05_00_2.png,1.5,1.8646739745498446
3472,1926_LeafPhotoA_2025-09-09 15_19_00.799-05_00_3.png,1.5,1.8475158402112744
3505,2498_LeafPhotoB_2025-09-08 12_22_17.705-05_00_3.png,1.5,1.9385143266069156
3506,2498_LeafPhotoB_2025-09-08 12_22_17.705-05_00_2.png,1.5,1.9500773002940173
3507,2498_LeafPhotoB_2025-09-08 12_22_17.705-05_00_1.png,1.5,1.961540319884651
3508,2498_LeafPhotoB_2025-09-08 12_22_17.705-05_00_0.png,1.5,1.7921088453922225
3509,2150_LeafPhotoA_2025-09-08 12_22_44.950-05_00_3.png,1.75,2.0081919353794353
3510,2150_LeafPhotoA_2025-09-08 12_22_44.950-05_00_1.png,1.75,2.0928189116668214
3511,2150_LeafPhotoA_2025-09-08 12_22_44.950-05_00_2.png,1.75,2.191629524836762
3512,2150_LeafPhotoA_2025-09-08 12_22_44.950-05_00_0.png,1.75,1.89534529586484
3525,1298_LeafPhotoA_2025-09-08 15_47_21.277-05_00_0.png,2.25,1.8567445424050493
3526,1298_LeafPhotoA_2025-09-08 15_47_21.277-05_00_1.png,2.25,1.8048883979618313
3527,1298_LeafPhotoA_2025-09-08 15_47_21.277-05_00_2.png,2.25,1.793164882553234
3528,1298_LeafPhotoA_2025-09-08 15_47_21.277-05_00_3.png,2.25,1.8624827383730254
3537,1865_LeafPhotoA_2025-09-09 13_31_46.367-05_00_3.png,1.5,1.9831999060379466
3538,1865_LeafPhotoA_2025-09-09 13_31_46.367-05_00_0.png,1.5,2.0914959878800827
3539,1865_LeafPhotoA_2025-09-09 13_31_46.367-05_00_2.png,1.5,2.0278811827111927
3540,1865_LeafPhotoA_2025-09-09 13_31_46.367-05_00_1.png,1.5,2.01856187845236
3542,2084_LeafPhotoA_2025-09-08 12_20_48.194-05_00_2.png,2.25,1.9379298022740363
3543,2084_LeafPhotoA_2025-09-08 12_20_48.194-05_00_1.png,2.25,1.9635499434202999
3544,2084_LeafPhotoA_2025-09-08 12_20_48.194-05_00_3.png,2.25,2.2183267963117035
3545,2084_LeafPhotoA_2025-09-08 12_20_48.194-05_00_0.png,2.25,1.8922536457171715
18,1887_LeafPhotoA_2025-09-09 17_12_27.474-05_00_2.png,1.75,1.9632874968249607
19,1887_LeafPhotoA_2025-09-09 17_12_27.474-05_00_1.png,1.75,1.908041405357038
20,1887_LeafPhotoA_2025-09-09 17_12_27.474-05_00_0.png,1.75,1.9107923824353503
42,1900_LeafPhotoA_2025-09-09 13_45_59.573-05_00_0.png,2.5,1.9051238705905122
43,1900_LeafPhotoA_2025-09-09 13_45_59.573-05_00_3.png,2.5,1.6523245210040745
44,1900_LeafPhotoA_2025-09-09 13_45_59.573-05_00_2.png,2.5,1.626093701857622
45,1900_LeafPhotoA_2025-09-09 13_45_59.573-05_00_1.png,2.5,1.7486963989782882
85,1411_LeafPhotoA_2025-09-08 09_32_24.163-05_00_0.png,1.5,1.8376020503887682
86,1411_LeafPhotoA_2025-09-08 09_32_24.163-05_00_1.png,1.5,1.9182194694978671
87,1411_LeafPhotoA_2025-09-08 09_32_24.163-05_00_2.png,1.5,1.9828337430784932
88,1411_LeafPhotoA_2025-09-08 09_32_24.163-05_00_3.png,1.5,1.838267387387186
103,2010_LeafPhotoA_2025-09-08 10_43_56.742-05_00_0.png,2.0,1.7524471507245531
104,2010_LeafPhotoA_2025-09-08 10_43_56.742-05_00_2.png,2.0,1.7063809106995307
105,2010_LeafPhotoA_2025-09-08 10_43_56.742-05_00_3.png,2.0,1.5218903790151725
106,2010_LeafPhotoA_2025-09-08 10_43_56.742-05_00_1.png,2.0,1.7711265378954764
110,1202_LeafPhotoA_2025-09-08 10_45_39.926-05_00_2.png,1.0,1.6468042809900152
111,1202_LeafPhotoA_2025-09-08 10_45_39.926-05_00_0.png,1.0,1.7144432875158244
112,1202_LeafPhotoA_2025-09-08 10_45_39.926-05_00_3.png,1.0,1.7150394284789952
113,1202_LeafPhotoA_2025-09-08 10_45_39.926-05_00_1.png,1.0,1.642869220231148
114,1594_LeafPhotoA_2025-09-09 09_32_04.545-05_00_0.png,2.5,1.8450290183659095
115,1594_LeafPhotoA_2025-09-09 09_32_04.545-05_00_1.png,2.5,2.2213595510714557
116,1594_LeafPhotoA_2025-09-09 09_32_04.545-05_00_2.png,2.5,2.0994978007539205
117,1594_LeafPhotoA_2025-09-09 09_32_04.545-05_00_3.png,2.5,2.0591586984633974
144,2344_LeafPhotoA_2025-09-08 11_12_07.490-05_00_3.png,1.75,1.7716167742699769
145,2344_LeafPhotoA_2025-09-08 11_12_07.490-05_00_0.png,1.75,1.8574159980483278
146,2344_LeafPhotoA_2025-09-08 11_12_07.490-05_00_1.png,1.75,1.8973378060345354
147,2344_LeafPhotoA_2025-09-08 11_12_07.490-05_00_2.png,1.75,1.8757470892715056
163,1011_LeafPhotoA_2025-09-08 09_43_02.719-05_00_0.png,2.5,2.111707829318352
164,1011_LeafPhotoA_2025-09-08 09_43_02.719-05_00_1.png,2.5,1.9833287517449552
165,1011_LeafPhotoA_2025-09-08 09_43_02.719-05_00_2.png,2.5,1.9781452935045467
166,1011_LeafPhotoA_2025-09-08 09_43_02.719-05_00_3.png,2.5,1.9439176921947703
214,2144_LeafPhotoA_2025-09-08 12_08_32.877-05_00_0.png,1.5,2.031450294334741
215,2144_LeafPhotoA_2025-09-08 12_08_32.877-05_00_1.png,1.5,1.9266766331310172
216,2144_LeafPhotoA_2025-09-08 12_08_32.877-05_00_2.png,1.5,1.9255942127537233
217,2144_LeafPhotoA_2025-09-08 12_08_32.877-05_00_3.png,1.5,1.8076229576559468
222,1411_LeafPhotoA_2025-09-08 09_32_12.507-05_00_0.png,1.5,1.8657344254271395
223,1411_LeafPhotoA_2025-09-08 09_32_12.507-05_00_1.png,1.5,1.842490148356224
224,1411_LeafPhotoA_2025-09-08 09_32_12.507-05_00_2.png,1.5,1.8193328731529825
225,1411_LeafPhotoA_2025-09-08 09_32_12.507-05_00_3.png,1.5,1.6665265164039706
230,1783_LeafPhotoA_2025-09-09 09_32_23.737-05_00_0.png,1.75,1.9369033378499068
231,1783_LeafPhotoA_2025-09-09 09_32_23.737-05_00_1.png,1.75,2.0184756595958224
232,1783_LeafPhotoA_2025-09-09 09_32_23.737-05_00_2.png,1.75,1.92635718640718
233,1783_LeafPhotoA_2025-09-09 09_32_23.737-05_00_3.png,1.75,2.014419805166345
238,,1.25,1.6436944312698116
257,1811_LeafPhotoA_2025-09-09 09_06_09.841-05_00_0.png,1.25,1.9251980225750684
258,1811_LeafPhotoA_2025-09-09 09_06_09.841-05_00_1.png,1.25,1.9219908972123088
259,1811_LeafPhotoA_2025-09-09 09_06_09.841-05_00_2.png,1.25,1.900082275564886
268,,2.5,1.6436944312698116
269,1197_LeafPhotoA_2025-09-08 15_42_33.635-05_00_0.png,1.25,2.121711997182708
270,1197_LeafPhotoA_2025-09-08 15_42_33.635-05_00_1.png,1.25,1.9965415377401887
271,1197_LeafPhotoA_2025-09-08 15_42_33.635-05_00_2.png,1.25,2.0598174659112267
272,1197_LeafPhotoA_2025-09-08 15_42_33.635-05_00_3.png,1.25,2.1450853447418483
277,2173_LeafPhotoA_2025-09-09 12_14_23.103-05_00_0.png,2.0,2.0504424008090085
278,2173_LeafPhotoA_2025-09-09 12_14_23.103-05_00_1.png,2.0,2.0953262160096515
279,2173_LeafPhotoA_2025-09-09 12_14_23.103-05_00_2.png,2.0,2.1671900831460733
280,2173_LeafPhotoA_2025-09-09 12_14_23.103-05_00_3.png,2.0,1.9877275568657031
301,1383_LeafPhotoA_2025-09-08 13_02_56.131-05_00_3.png,1.5,1.8347489845801441
302,1383_LeafPhotoA_2025-09-08 13_02_56.131-05_00_0.png,1.5,1.7740636172567648
303,1383_LeafPhotoA_2025-09-08 13_02_56.131-05_00_2.png,1.5,1.8744361499112094
304,1383_LeafPhotoA_2025-09-08 13_02_56.131-05_00_1.png,1.5,1.7660524993031874
320,2597_LeafPhotoA_2025-09-09 10_25_59.565-05_00_2.png,1.75,1.6598972470315962
321,2597_LeafPhotoA_2025-09-09 10_25_59.565-05_00_3.png,1.75,1.7091328760557776
322,2597_LeafPhotoA_2025-09-09 10_25_59.565-05_00_1.png,1.75,1.6542688207609604
323,2597_LeafPhotoA_2025-09-09 10_25_59.565-05_00_0.png,1.75,1.6875802704468423
340,6013_LeafPhotoA_2025-09-09 16_55_44.021-05_00_0.png,1.25,1.7664638725876265
341,6013_LeafPhotoA_2025-09-09 16_55_44.021-05_00_2.png,1.25,1.5959375964673228
342,6013_LeafPhotoA_2025-09-09 16_55_44.021-05_00_3.png,1.25,1.744679775770648
343,6013_LeafPhotoA_2025-09-09 16_55_44.021-05_00_1.png,1.25,1.7389844120890803
352,1585_LeafPhotoA_2025-09-09 09_39_14.646-05_00_0.png,3.75,2.1700090486340624
353,1585_LeafPhotoA_2025-09-09 09_39_14.646-05_00_1.png,3.75,2.2076636672755425
354,1585_LeafPhotoA_2025-09-09 09_39_14.646-05_00_2.png,3.75,2.206162171390376
355,1585_LeafPhotoA_2025-09-09 09_39_14.646-05_00_3.png,3.75,1.9018420600337804
356,1072_LeafPhotoA_2025-09-08 13_03_29.236-05_00_0.png,2.5,1.7230363511402584
357,1072_LeafPhotoA_2025-09-08 13_03_29.236-05_00_1.png,2.5,1.876039111947187
358,1072_LeafPhotoA_2025-09-08 13_03_29.236-05_00_2.png,2.5,1.89443343741312
359,1072_LeafPhotoA_2025-09-08 13_03_29.236-05_00_3.png,2.5,1.813538373189956
391,2163_LeafPhotoA_2025-09-09 11_54_54.715-05_00_0.png,3.25,2.0630601700809827
392,2163_LeafPhotoA_2025-09-09 11_54_54.715-05_00_1.png,3.25,2.0233618397332496
393,2163_LeafPhotoA_2025-09-09 11_54_54.715-05_00_2.png,3.25,2.178209014453414
394,2163_LeafPhotoA_2025-09-09 11_54_54.715-05_00_3.png,3.25,2.224290612832782
400,1648_LeafPhotoA_2025-09-09 10_44_29.803-05_00_0.png,1.75,1.981323978942884
401,1648_LeafPhotoA_2025-09-09 10_44_29.803-05_00_1.png,1.75,1.9480169904807105
402,1648_LeafPhotoA_2025-09-09 10_44_29.803-05_00_2.png,1.75,2.1731640531770533
403,1648_LeafPhotoA_2025-09-09 10_44_29.803-05_00_3.png,1.75,1.8712073532923486
418,1615_LeafPhotoA_2025-09-09 09_39_37.565-05_00_0.png,2.0,2.1828592192282703
419,1615_LeafPhotoA_2025-09-09 09_39_37.565-05_00_3.png,2.0,2.000146036565505
420,1615_LeafPhotoA_2025-09-09 09_39_37.565-05_00_1.png,2.0,2.1422927722673997
421,1615_LeafPhotoA_2025-09-09 09_39_37.565-05_00_2.png,2.0,1.9685510733152847
426,2765_LeafPhotoA_2025-09-09 16_06_20.833-05_00_0.png,1.75,1.6490941137224275
427,2765_LeafPhotoA_2025-09-09 16_06_20.833-05_00_1.png,1.75,1.7093066220724058
428,2765_LeafPhotoA_2025-09-09 16_06_20.833-05_00_2.png,1.75,1.6902491403075774
429,2765_LeafPhotoA_2025-09-09 16_06_20.833-05_00_3.png,1.75,1.6373347708779329
440,1702_LeafPhotoA_2025-09-09 10_12_23.395-05_00_1.png,3.0,1.9869309388313372
441,1702_LeafPhotoA_2025-09-09 10_12_23.395-05_00_3.png,3.0,1.885726920843441
442,1702_LeafPhotoA_2025-09-09 10_12_23.395-05_00_0.png,3.0,1.7900411027150087
443,1702_LeafPhotoA_2025-09-09 10_12_23.395-05_00_2.png,3.0,1.8296845383772158
451,5008_LeafPhotoA_2025-09-09 16_06_40.356-05_00_2.png,1.25,1.770425701377388
452,5008_LeafPhotoA_2025-09-09 16_06_40.356-05_00_1.png,1.25,1.7530082256548492
453,5008_LeafPhotoA_2025-09-09 16_06_40.356-05_00_3.png,1.25,1.8602434415913038
454,5008_LeafPhotoA_2025-09-09 16_06_40.356-05_00_0.png,1.25,1.6886595434391258
459,1159_LeafPhotoA_2025-09-08 16_47_54.035-05_00_1.png,1.25,1.8014688579743494
460,1159_LeafPhotoA_2025-09-08 16_47_54.035-05_00_3.png,1.25,1.9571026354791505
461,1159_LeafPhotoA_2025-09-08 16_47_54.035-05_00_0.png,1.25,1.7915214215152542
462,1159_LeafPhotoA_2025-09-08 16_47_54.035-05_00_2.png,1.25,1.8706323835008392
467,1022_LeafPhotoA_2025-09-08 09_57_30.921-05_00_0.png,1.5,1.907772612971663
468,1022_LeafPhotoA_2025-09-08 09_57_30.921-05_00_1.png,1.5,1.934113690036691
469,1022_LeafPhotoA_2025-09-08 09_57_30.921-05_00_2.png,1.5,1.9370008382194428
470,1022_LeafPhotoA_2025-09-08 09_57_30.921-05_00_3.png,1.5,1.8728680762257826
471,1099_LeafPhotoA_2025-09-08 12_38_29.235-05_00_2.png,1.25,1.745607549046295
472,1099_LeafPhotoA_2025-09-08 12_38_29.235-05_00_1.png,1.25,1.70075974907526
473,1099_LeafPhotoA_2025-09-08 12_38_29.235-05_00_3.png,1.25,1.7068858828878046
474,1099_LeafPhotoA_2025-09-08 12_38_29.235-05_00_0.png,1.25,1.926867879359257
475,2189_LeafPhotoA_2025-09-08 17_18_50.308-05_00_0.png,1.5,1.5307500983775555
476,2189_LeafPhotoA_2025-09-08 17_18_50.308-05_00_1.png,1.5,1.720536878404211
477,2189_LeafPhotoA_2025-09-08 17_18_50.308-05_00_2.png,1.5,1.6976628398865596
478,2189_LeafPhotoA_2025-09-08 17_18_50.308-05_00_3.png,1.5,1.8836125071837049
494,2068_LeafPhotoA_2025-09-08 12_02_55.291-05_00_2.png,1.25,2.0668569709229527
495,2068_LeafPhotoA_2025-09-08 12_02_55.291-05_00_3.png,1.25,2.2041456132017254
496,2068_LeafPhotoA_2025-09-08 12_02_55.291-05_00_1.png,1.25,2.0615770192502594
497,2068_LeafPhotoA_2025-09-08 12_02_55.291-05_00_0.png,1.25,2.025166001155972
498,1641_LeafPhotoA_2025-09-09 10_30_20.507-05_00_2.png,1.0,1.5333510758046232
499,1641_LeafPhotoA_2025-09-09 10_30_20.507-05_00_1.png,1.0,1.6432144210829267
500,1641_LeafPhotoA_2025-09-09 10_30_20.507-05_00_0.png,1.0,1.668914754681431
501,6013_LeafPhotoA_2025-09-09 16_56_02.230-05_00_2.png,1.25,1.9148832460821001
502,6013_LeafPhotoA_2025-09-09 16_56_02.230-05_00_1.png,1.25,1.8376931112456945
503,6013_LeafPhotoA_2025-09-09 16_56_02.230-05_00_0.png,1.25,1.6983218678439524
504,6013_LeafPhotoA_2025-09-09 16_56_02.230-05_00_3.png,1.25,2.0078297615522502
548,2314_LeafPhotoA_2025-09-08 10_42_26.409-05_00_0.png,1.0,1.649357422490488
549,2314_LeafPhotoA_2025-09-08 10_42_26.409-05_00_1.png,1.0,1.669380898393776
550,2314_LeafPhotoA_2025-09-08 10_42_26.409-05_00_2.png,1.0,1.6625000276694837
559,2347_LeafPhotoA_2025-09-08 11_14_48.020-05_00_0.png,1.5,1.8965260836541527
560,2347_LeafPhotoA_2025-09-08 11_14_48.020-05_00_1.png,1.5,1.9465020463175449
569,1445_LeafPhotoB_2025-09-08 10_34_39.346-05_00_2.png,1.75,1.9155730010161707
570,1445_LeafPhotoB_2025-09-08 10_34_39.346-05_00_3.png,1.75,1.8168938513071984
571,1445_LeafPhotoB_2025-09-08 10_34_39.346-05_00_0.png,1.75,1.9175727341691584
572,1445_LeafPhotoB_2025-09-08 10_34_39.346-05_00_1.png,1.75,2.0854709661669935
589,2429_LeafPhotoB_2025-09-08 11_05_20.910-05_00_1.png,2.5,1.9908873654523689
590,2429_LeafPhotoB_2025-09-08 11_05_20.910-05_00_2.png,2.5,1.9631188610876362
591,2429_LeafPhotoB_2025-09-08 11_05_20.910-05_00_0.png,2.5,2.089641658603962
592,2429_LeafPhotoB_2025-09-08 11_05_20.910-05_00_3.png,2.5,2.015822074904639
597,2974_LeafPhotoA_2025-09-09 16_23_04.095-05_00_2.png,3.25,1.8497573366565618
598,2974_LeafPhotoA_2025-09-09 16_23_04.095-05_00_3.png,3.25,1.8914601614120548
599,2974_LeafPhotoA_2025-09-09 16_23_04.095-05_00_0.png,3.25,1.937970394837521
600,2974_LeafPhotoA_2025-09-09 16_23_04.095-05_00_1.png,3.25,2.088652819004126
627,1413_LeafPhotoA_2025-09-08 09_35_26.834-05_00_0.png,1.75,1.8380956168041853
628,1413_LeafPhotoA_2025-09-08 09_35_26.834-05_00_1.png,1.75,1.8023935187243554
629,1413_LeafPhotoA_2025-09-08 09_35_26.834-05_00_2.png,1.75,1.708612833564677
630,1413_LeafPhotoA_2025-09-08 09_35_26.834-05_00_3.png,1.75,1.7999651617369679
639,6017_LeafPhotoA_2025-09-09 16_48_02.296-05_00_3.png,1.75,1.871767649091481
640,6017_LeafPhotoA_2025-09-09 16_48_02.296-05_00_0.png,1.75,1.8599254920050923
641,6017_LeafPhotoA_2025-09-09 16_48_02.296-05_00_2.png,1.75,1.8096186884473442
642,6017_LeafPhotoA_2025-09-09 16_48_02.296-05_00_1.png,1.75,1.8396492217268983
667,1619_LeafPhotoA_2025-09-09 09_49_42.512-05_00_0.png,1.75,1.8577628716205552
668,1619_LeafPhotoA_2025-09-09 09_49_42.512-05_00_1.png,1.75,1.8595144518364333
669,1619_LeafPhotoA_2025-09-09 09_49_42.512-05_00_2.png,1.75,1.7650473791156605
670,1619_LeafPhotoA_2025-09-09 09_49_42.512-05_00_3.png,1.75,1.782994715729959
678,1531_LeafPhotoA_2025-09-09 09_29_04.886-05_00_0.png,2.25,2.0360276302148064
679,1531_LeafPhotoA_2025-09-09 09_29_04.886-05_00_1.png,2.25,1.9715903700219184
680,1531_LeafPhotoA_2025-09-09 09_29_04.886-05_00_2.png,2.25,1.9674449202301614
681,1531_LeafPhotoA_2025-09-09 09_29_04.886-05_00_3.png,2.25,1.9027712137457817
690,1497_LeafPhotoB_2025-09-08 17_01_53.160-05_00_1.png,1.75,1.884283740578416
691,1497_LeafPhotoB_2025-09-08 17_01_53.160-05_00_3.png,1.75,1.831932319016663
692,1497_LeafPhotoB_2025-09-08 17_01_53.160-05_00_2.png,1.75,2.0510110504779977
693,1497_LeafPhotoB_2025-09-08 17_01_53.160-05_00_0.png,1.75,1.9049629776921884
780,1838_LeafPhotoA_2025-09-09 09_47_07.906-05_00_1.png,1.0,1.990256910450928
781,1838_LeafPhotoA_2025-09-09 09_47_07.906-05_00_2.png,1.0,1.8548031654837345
782,1838_LeafPhotoA_2025-09-09 09_47_07.906-05_00_0.png,1.0,1.9267881625450656
783,1838_LeafPhotoA_2025-09-09 09_47_07.906-05_00_3.png,1.0,1.8559415642850123
788,2683_LeafPhotoA_2025-09-09 10_58_56.882-05_00_1.png,1.0,2.125580392481454
789,2683_LeafPhotoA_2025-09-09 10_58_56.882-05_00_0.png,1.0,2.116255377107522
790,2683_LeafPhotoA_2025-09-09 10_58_56.882-05_00_3.png,1.0,1.987696468220462
791,2683_LeafPhotoA_2025-09-09 10_58_56.882-05_00_2.png,1.0,2.0686223557936625
799,2010_LeafPhotoA_2025-09-08 10_44_22.059-05_00_3.png,1.25,1.974734727243595
800,2010_LeafPhotoA_2025-09-08 10_44_22.059-05_00_1.png,1.25,1.916963968070971
801,2010_LeafPhotoA_2025-09-08 10_44_22.059-05_00_0.png,1.25,1.8142908605291663
802,2010_LeafPhotoA_2025-09-08 10_44_22.059-05_00_2.png,1.25,1.8910654903621593
807,1510_LeafPhotoA_2025-09-09 09_05_13.748-05_00_1.png,1.5,1.9729038906757814
808,1510_LeafPhotoA_2025-09-09 09_05_13.748-05_00_2.png,1.5,1.9589371062065428
809,1510_LeafPhotoA_2025-09-09 09_05_13.748-05_00_0.png,1.5,2.056834424830846
810,1510_LeafPhotoA_2025-09-09 09_05_13.748-05_00_3.png,1.5,1.9212879196786288
835,2662_LeafPhotoA_2025-09-09 11_35_27.644-05_00_2.png,3.5,1.9421357299337663
836,2662_LeafPhotoA_2025-09-09 11_35_27.644-05_00_1.png,3.5,2.0544586010542516
837,2662_LeafPhotoA_2025-09-09 11_35_27.644-05_00_3.png,3.5,1.8593129959243568
838,2662_LeafPhotoA_2025-09-09 11_35_27.644-05_00_0.png,3.5,2.136832542395794
886,2153_LeafPhotoA_2025-09-08 12_29_10.390-05_00_2.png,1.25,1.8694927667227659
887,2153_LeafPhotoA_2025-09-08 12_29_10.390-05_00_3.png,1.25,1.8633334579883059
888,2153_LeafPhotoA_2025-09-08 12_29_10.390-05_00_1.png,1.25,1.7507045561145202
889,2153_LeafPhotoA_2025-09-08 12_29_10.390-05_00_0.png,1.25,1.8447711810503626
890,2248_LeafPhotoA_2025-09-08 12_01_20.448-05_00_0.png,1.5,1.900821904196058
891,2248_LeafPhotoA_2025-09-08 12_01_20.448-05_00_1.png,1.5,1.9396031595616194
892,2248_LeafPhotoA_2025-09-08 12_01_20.448-05_00_2.png,1.5,1.9969383245967989
893,2248_LeafPhotoA_2025-09-08 12_01_20.448-05_00_3.png,1.5,1.9543574535414705
912,1811_LeafPhotoA_2025-09-09 09_05_51.708-05_00_0.png,1.5,1.9356712107149177
913,1811_LeafPhotoA_2025-09-09 09_05_51.708-05_00_2.png,1.5,1.8069187816827104
914,1811_LeafPhotoA_2025-09-09 09_05_51.708-05_00_1.png,1.5,1.8683997110842467
937,2950_LeafPhotoA_2025-09-09 16_20_58.442-05_00_0.png,2.0,1.791861068018829
938,2950_LeafPhotoA_2025-09-09 16_20_58.442-05_00_3.png,2.0,1.860970443508805
939,2950_LeafPhotoA_2025-09-09 16_20_58.442-05_00_2.png,2.0,1.874163997894466
940,2950_LeafPhotoA_2025-09-09 16_20_58.442-05_00_1.png,2.0,1.9042615139861545
1006,1062_LeafPhotoA_2025-09-08 12_54_11.961-05_00_0.png,3.25,2.0564409392677216
1007,1062_LeafPhotoA_2025-09-08 12_54_11.961-05_00_1.png,3.25,1.9846288415692934
1008,1062_LeafPhotoA_2025-09-08 12_54_11.961-05_00_2.png,3.25,2.064913694783942
1009,1062_LeafPhotoA_2025-09-08 12_54_11.961-05_00_3.png,3.25,2.151195670447438
1073,1402_LeafPhotoB_2025-09-08 10_39_37.458-05_00_1.png,1.75,2.027838292476194
1074,1402_LeafPhotoB_2025-09-08 10_39_37.458-05_00_2.png,1.75,2.162455641945774
1075,1402_LeafPhotoB_2025-09-08 10_39_37.458-05_00_3.png,1.75,2.048925292288658
1076,1402_LeafPhotoB_2025-09-08 10_39_37.458-05_00_0.png,1.75,2.117257193181185
1098,1005_LeafPhotoA_2025-09-08 09_35_15.574-05_00_0.png,2.0,1.8463702347515993
1099,1005_LeafPhotoA_2025-09-08 09_35_15.574-05_00_1.png,2.0,1.6989381505657875
1100,1005_LeafPhotoA_2025-09-08 09_35_15.574-05_00_2.png,2.0,1.8422851584327355
1101,1005_LeafPhotoA_2025-09-08 09_35_15.574-05_00_3.png,2.0,1.882806332175093
1117,2218_LeafPhotoA_2025-09-08 11_14_46.146-05_00_0.png,1.25,1.8267683893884448
1118,2218_LeafPhotoA_2025-09-08 11_14_46.146-05_00_1.png,1.25,1.863167399771067
1119,2218_LeafPhotoA_2025-09-08 11_14_46.146-05_00_2.png,1.25,1.8523009867118925
1120,2218_LeafPhotoA_2025-09-08 11_14_46.146-05_00_3.png,1.25,1.8506750541675914
1143,1997_LeafPhotoA_2025-09-09 15_58_29.800-05_00_2.png,2.0,2.062129819477211
1144,1997_LeafPhotoA_2025-09-09 15_58_29.800-05_00_0.png,2.0,1.8428783757065719
1145,1997_LeafPhotoA_2025-09-09 15_58_29.800-05_00_3.png,2.0,1.975038589331958
1146,1997_LeafPhotoA_2025-09-09 15_58_29.800-05_00_1.png,2.0,1.9797983232985377
1154,1404_LeafPhotoB_2025-09-08 09_58_06.206-05_00_1.png,2.25,1.9671718140753196
1155,1404_LeafPhotoB_2025-09-08 09_58_06.206-05_00_2.png,2.25,1.8832993147270805
1156,1404_LeafPhotoB_2025-09-08 09_58_06.206-05_00_3.png,2.25,2.0038650764144923
1157,1404_LeafPhotoB_2025-09-08 09_58_06.206-05_00_0.png,2.25,1.827208330017613
1169,2189_LeafPhotoA_2025-09-08 17_18_33.881-05_00_0.png,1.0,1.8369890509024958
1170,2189_LeafPhotoA_2025-09-08 17_18_33.881-05_00_1.png,1.0,1.7856046594780048
1171,2189_LeafPhotoA_2025-09-08 17_18_33.881-05_00_2.png,1.0,1.6788302574430398
1172,2189_LeafPhotoA_2025-09-08 17_18_33.881-05_00_3.png,1.0,1.7109014760233314
1181,2273_LeafPhotoA_2025-09-08 17_10_20.317-05_00_1.png,2.0,1.6435533219763316
1182,2273_LeafPhotoA_2025-09-08 17_10_20.317-05_00_3.png,2.0,1.771012513820782
1183,2273_LeafPhotoA_2025-09-08 17_10_20.317-05_00_2.png,2.0,1.6471679587088708
1184,2273_LeafPhotoA_2025-09-08 17_10_20.317-05_00_0.png,2.0,1.8033616256719602
1193,2182_LeafPhotoA_2025-09-09 12_26_51.449-05_00_0.png,2.5,1.9627207742821013
1194,2182_LeafPhotoA_2025-09-09 12_26_51.449-05_00_1.png,2.5,2.2134782215857225
1195,2182_LeafPhotoA_2025-09-09 12_26_51.449-05_00_2.png,2.5,1.98697325031162
1196,2182_LeafPhotoA_2025-09-09 12_26_51.449-05_00_3.png,2.5,1.9311097840565141
1225,2794_LeafPhotoA_2025-09-09 11_14_44.812-05_00_0.png,1.25,1.8901430403759993
1229,1935_LeafPhotoA_2025-09-09 15_31_58.041-05_00_3.png,2.5,2.1643121306233977
1230,1935_LeafPhotoA_2025-09-09 15_31_58.041-05_00_2.png,2.5,1.9261808310086774
1231,1935_LeafPhotoA_2025-09-09 15_31_58.041-05_00_0.png,2.5,2.04752535092026
1232,1935_LeafPhotoA_2025-09-09 15_31_58.041-05_00_1.png,2.5,2.0341934017860135
1247,1350_LeafPhotoA_2025-09-08 10_18_59.648-05_00_0.png,1.75,1.8308761088896028
1248,2884_LeafPhotoA_2025-09-09 14_07_40.879-05_00_1.png,1.5,1.8746263931931515
1249,2884_LeafPhotoA_2025-09-09 14_07_40.879-05_00_3.png,1.5,2.0201580778639374
1250,2884_LeafPhotoA_2025-09-09 14_07_40.879-05_00_2.png,1.5,1.9383188618374994
1251,2884_LeafPhotoA_2025-09-09 14_07_40.879-05_00_0.png,1.5,1.8357713452348963
1265,1181_LeafPhotoA_2025-09-08 16_13_30.089-05_00_0.png,2.5,2.092955025427199
1266,1181_LeafPhotoA_2025-09-08 16_13_30.089-05_00_1.png,2.5,2.136578743592581
1267,1181_LeafPhotoA_2025-09-08 16_13_30.089-05_00_2.png,2.5,2.169525710407422
1268,1181_LeafPhotoA_2025-09-08 16_13_30.089-05_00_3.png,2.5,2.0448128507360814
1296,2814_LeafPhotoA_2025-09-09 10_25_44.101-05_00_0.png,3.25,1.9647830476036274
1297,2814_LeafPhotoA_2025-09-09 10_25_44.101-05_00_2.png,3.25,1.9652016509865036
1298,2814_LeafPhotoA_2025-09-09 10_25_44.101-05_00_3.png,3.25,2.013705427236105
1299,2814_LeafPhotoA_2025-09-09 10_25_44.101-05_00_1.png,3.25,1.9333785549501128
1320,1525_LeafPhotoA_2025-09-09 09_23_09.815-05_00_0.png,2.25,1.9405819454654698
1321,1525_LeafPhotoA_2025-09-09 09_23_09.815-05_00_3.png,2.25,1.9243571316427615
1322,1525_LeafPhotoA_2025-09-09 09_23_09.815-05_00_1.png,2.25,1.9240697068226174
1323,1525_LeafPhotoA_2025-09-09 09_23_09.815-05_00_2.png,2.25,1.952486742537005
1332,1402_LeafPhotoB_2025-09-08 10_40_07.212-05_00_3.png,2.25,1.9385789973888112
1333,1402_LeafPhotoB_2025-09-08 10_40_07.212-05_00_2.png,2.25,1.9555085898122126
1334,1402_LeafPhotoB_2025-09-08 10_40_07.212-05_00_0.png,2.25,1.8627665517666259
1335,1402_LeafPhotoB_2025-09-08 10_40_07.212-05_00_1.png,2.25,1.9074355853460807
1387,2729_LeafPhotoA_2025-09-09 10_55_43.588-05_00_3.png,4.0,2.406197815227106
1388,2729_LeafPhotoA_2025-09-09 10_55_43.588-05_00_1.png,4.0,2.3875322725157626
1389,2729_LeafPhotoA_2025-09-09 10_55_43.588-05_00_0.png,4.0,2.3316384131447863
1390,2729_LeafPhotoA_2025-09-09 10_55_43.588-05_00_2.png,4.0,2.1470629635282905
1399,2286_LeafPhotoA_2025-09-08 16_54_14.459-05_00_1.png,1.75,1.7622460129390518
1400,2286_LeafPhotoA_2025-09-08 16_54_14.459-05_00_2.png,1.75,1.8736922366808568
1401,2286_LeafPhotoA_2025-09-08 16_54_14.459-05_00_3.png,1.75,1.8406052942800217
1402,2286_LeafPhotoA_2025-09-08 16_54_14.459-05_00_0.png,1.75,1.8004515815872721
1403,1167_LeafPhotoA_2025-09-08 16_37_11.962-05_00_0.png,1.75,1.9800466754312305
1416,2817_LeafPhotoA_2025-09-09 10_29_25.768-05_00_0.png,1.0,1.695405289772792
1417,2817_LeafPhotoA_2025-09-09 10_29_25.768-05_00_1.png,1.0,1.7278527677240298
1418,2817_LeafPhotoA_2025-09-09 10_29_25.768-05_00_2.png,1.0,1.7536056133368816
1419,2817_LeafPhotoA_2025-09-09 10_29_25.768-05_00_3.png,1.0,1.8559500539960334
1459,2791_LeafPhotoA_2025-09-09 11_24_33.408-05_00_2.png,2.75,1.93896547817078
1460,2791_LeafPhotoA_2025-09-09 11_24_33.408-05_00_1.png,2.75,1.9145202878114391
1461,2791_LeafPhotoA_2025-09-09 11_24_33.408-05_00_3.png,2.75,1.9597143090035314
1462,2791_LeafPhotoA_2025-09-09 11_24_33.408-05_00_0.png,2.75,1.9662871020703456
1477,2009_LeafPhotoA_2025-09-08 10_43_35.775-05_00_0.png,1.5,1.7385259049985833
1478,2009_LeafPhotoA_2025-09-08 10_43_35.775-05_00_3.png,1.5,1.7011978007681492
1479,2009_LeafPhotoA_2025-09-08 10_43_35.775-05_00_2.png,1.5,1.8277389119053564
1480,2009_LeafPhotoA_2025-09-08 10_43_35.775-05_00_1.png,1.5,1.7989868084755383
1510,1034_LeafPhotoA_2025-09-08 10_10_03.182-05_00_0.png,2.0,1.9582117754066624
1511,1034_LeafPhotoA_2025-09-08 10_10_03.182-05_00_1.png,2.0,1.9547100917926676
1512,1034_LeafPhotoA_2025-09-08 10_10_03.182-05_00_2.png,2.0,2.0083231231474374
1531,1417_LeafPhotoB_2025-09-08 10_11_12.838-05_00_0.png,2.5,1.728129057868354
1532,1417_LeafPhotoB_2025-09-08 10_11_12.838-05_00_1.png,2.5,1.797627177864385
1533,1417_LeafPhotoB_2025-09-08 10_11_12.838-05_00_3.png,2.5,1.7596277624594188
1534,1417_LeafPhotoB_2025-09-08 10_11_12.838-05_00_2.png,2.5,1.7385723717515396
1543,1075_LeafPhotoA_2025-09-08 13_08_10.230-05_00_0.png,2.0,1.7567205202992746
1544,1075_LeafPhotoA_2025-09-08 13_08_10.230-05_00_1.png,2.0,1.8323061280717068
1545,1075_LeafPhotoA_2025-09-08 13_08_10.230-05_00_2.png,2.0,1.8680065601820055
1546,1075_LeafPhotoA_2025-09-08 13_08_10.230-05_00_3.png,2.0,1.7597315065905657
1565,2699_LeafPhotoA_2025-09-09 10_27_27.811-05_00_2.png,3.0,2.0431677926490104
1566,2699_LeafPhotoA_2025-09-09 10_27_27.811-05_00_3.png,3.0,2.0628206296721316
1567,2699_LeafPhotoA_2025-09-09 10_27_27.811-05_00_1.png,3.0,2.0615636389915126
1568,2699_LeafPhotoA_2025-09-09 10_27_27.811-05_00_0.png,3.0,2.084070995096717
1636,1389_LeafPhotoA_2025-09-08 13_08_37.035-05_00_0.png,1.75,1.830554307804393
1637,1389_LeafPhotoA_2025-09-08 13_08_37.035-05_00_2.png,1.75,2.039431397055816
1638,1389_LeafPhotoA_2025-09-08 13_08_37.035-05_00_1.png,1.75,1.9169796324448136
1651,2460_LeafPhotoB_2025-09-08 11_37_28.626-05_00_0.png,1.75,1.8740445743412046
1652,2460_LeafPhotoB_2025-09-08 11_37_28.626-05_00_1.png,1.75,1.741692031914325
1653,2460_LeafPhotoB_2025-09-08 11_37_28.626-05_00_2.png,1.75,1.7637167137195546
1654,2460_LeafPhotoB_2025-09-08 11_37_28.626-05_00_3.png,1.75,1.8340988953359894
1659,1445_LeafPhotoB_2025-09-08 10_33_50.397-05_00_0.png,1.5,1.8807644968282045
1660,1445_LeafPhotoB_2025-09-08 10_33_50.397-05_00_2.png,1.5,1.899895843405337
1661,1445_LeafPhotoB_2025-09-08 10_33_50.397-05_00_3.png,1.5,1.8985537243034094
1662,1445_LeafPhotoB_2025-09-08 10_33_50.397-05_00_1.png,1.5,1.872335662360997
1678,2318_LeafPhotoA_2025-09-08 10_46_13.359-05_00_1.png,1.5,1.864803009669052
1679,2318_LeafPhotoA_2025-09-08 10_46_13.359-05_00_0.png,1.5,1.8058260792986156
1691,1234_LeafPhotoA_2025-09-08 10_20_18.045-05_00_3.png,1.75,1.7569754595182827
1692,1234_LeafPhotoA_2025-09-08 10_20_18.045-05_00_2.png,1.75,1.9790623213726204
1693,1234_LeafPhotoA_2025-09-08 10_20_18.045-05_00_1.png,1.75,1.880866775476795
1694,1234_LeafPhotoA_2025-09-08 10_20_18.045-05_00_0.png,1.75,1.9892642917650023
1695,1279_LeafPhotoA_2025-09-08 16_08_00.467-05_00_0.png,1.0,1.746079568992132
1696,1279_LeafPhotoA_2025-09-08 16_08_00.467-05_00_1.png,1.0,1.6878805143192719
1697,1279_LeafPhotoA_2025-09-08 16_08_00.467-05_00_3.png,1.0,1.738390621641322
1698,1279_LeafPhotoA_2025-09-08 16_08_00.467-05_00_2.png,1.0,1.685831585900445
1704,1417_LeafPhotoB_2025-09-08 10_10_54.682-05_00_3.png,2.25,1.938606896889768
1705,1417_LeafPhotoB_2025-09-08 10_10_54.682-05_00_1.png,2.25,1.869509251118517
1706,1417_LeafPhotoB_2025-09-08 10_10_54.682-05_00_0.png,2.25,1.8701753435829829
1707,1417_LeafPhotoB_2025-09-08 10_10_54.682-05_00_2.png,2.25,1.7368486640074523
1726,1043_LeafPhotoA_2025-09-08 10_21_46.526-05_00_0.png,3.0,1.9655571657592403
1727,1043_LeafPhotoA_2025-09-08 10_21_46.526-05_00_1.png,3.0,1.855716235917558
1728,1043_LeafPhotoA_2025-09-08 10_21_46.526-05_00_2.png,3.0,1.8015154852511182
1729,1043_LeafPhotoA_2025-09-08 10_21_46.526-05_00_3.png,3.0,1.7256132180727761
1739,1488_LeafPhotoB_2025-09-08 16_52_36.463-05_00_0.png,2.75,1.8143831971678488
1740,1488_LeafPhotoB_2025-09-08 16_52_36.463-05_00_3.png,2.75,1.8631924439952572
1741,1488_LeafPhotoB_2025-09-08 16_52_36.463-05_00_1.png,2.75,1.9462682283679411
1742,1488_LeafPhotoB_2025-09-08 16_52_36.463-05_00_2.png,2.75,1.8065829535236244
1761,1456_LeafPhotoB_2025-09-08 12_32_32.393-05_00_0.png,1.25,1.8041689546102753
1762,1456_LeafPhotoB_2025-09-08 12_32_32.393-05_00_1.png,1.25,1.8559758553723207
1763,1456_LeafPhotoB_2025-09-08 12_32_32.393-05_00_3.png,1.25,1.855438287839292
1764,1456_LeafPhotoB_2025-09-08 12_32_32.393-05_00_2.png,1.25,1.801367025384103
1855,1181_LeafPhotoA_2025-09-08 16_13_46.902-05_00_0.png,2.5,2.0533358071411856
1856,1181_LeafPhotoA_2025-09-08 16_13_46.902-05_00_1.png,2.5,2.070752837186624
1857,1181_LeafPhotoA_2025-09-08 16_13_46.902-05_00_2.png,2.5,2.1021446080324138
1858,1181_LeafPhotoA_2025-09-08 16_13_46.902-05_00_3.png,2.5,1.9505891451680188
1860,5009_LeafPhotoA_2025-09-09 16_08_39.148-05_00_2.png,1.75,1.7235565968340023
1861,5009_LeafPhotoA_2025-09-09 16_08_39.148-05_00_0.png,1.75,1.899072908618997
1862,5009_LeafPhotoA_2025-09-09 16_08_39.148-05_00_1.png,1.75,1.9380304774908839
1863,5009_LeafPhotoA_2025-09-09 16_08_39.148-05_00_3.png,1.75,1.7142022873067781
1872,1413_LeafPhotoA_2025-09-08 09_35_09.246-05_00_0.png,1.75,1.9285775937075167
1873,1413_LeafPhotoA_2025-09-08 09_35_09.246-05_00_1.png,1.75,1.8713810708165979
1874,1413_LeafPhotoA_2025-09-08 09_35_09.246-05_00_2.png,1.75,1.9122448875473625
1883,2586_LeafPhotoA_2025-09-09 10_34_33.986-05_00_3.png,1.25,1.5620840013932331
1884,2586_LeafPhotoA_2025-09-09 10_34_33.986-05_00_1.png,1.25,1.6333341340502343
1885,2586_LeafPhotoA_2025-09-09 10_34_33.986-05_00_2.png,1.25,1.599513120986876
1886,2586_LeafPhotoA_2025-09-09 10_34_33.986-05_00_0.png,1.25,1.8430993061940013
1893,2055_LeafPhotoA_2025-09-08 11_49_38.748-05_00_1.png,2.75,2.0230978693447623
1894,2055_LeafPhotoA_2025-09-08 11_49_38.748-05_00_0.png,2.75,1.8751864949635846
1895,2055_LeafPhotoA_2025-09-08 11_49_38.748-05_00_2.png,2.75,2.0128321775430678
1924,1878_LeafPhotoA_2025-09-09 17_05_46.079-05_00_2.png,1.75,1.9901198605718975
1925,1878_LeafPhotoA_2025-09-09 17_05_46.079-05_00_0.png,1.75,1.834637099566507
1926,1878_LeafPhotoA_2025-09-09 17_05_46.079-05_00_1.png,1.75,2.035683349934487
1927,1878_LeafPhotoA_2025-09-09 17_05_46.079-05_00_3.png,1.75,1.8295622687828805
1940,1631_LeafPhotoA_2025-09-09 10_13_12.245-05_00_0.png,1.5,1.7058837556465491
1941,1631_LeafPhotoA_2025-09-09 10_13_12.245-05_00_1.png,1.5,1.5671006125381006
1942,1631_LeafPhotoA_2025-09-09 10_13_12.245-05_00_2.png,1.5,1.5853514656742573
1943,1075_LeafPhotoA_2025-09-08 13_08_28.899-05_00_0.png,2.25,1.7630641266641516
1944,1075_LeafPhotoA_2025-09-08 13_08_28.899-05_00_1.png,2.25,1.7282575369663333
1945,1075_LeafPhotoA_2025-09-08 13_08_28.899-05_00_2.png,2.25,1.8665770242882764
1946,1075_LeafPhotoA_2025-09-08 13_08_28.899-05_00_3.png,2.25,1.76754507871192
1955,2395_LeafPhotoA_2025-09-08 12_20_28.826-05_00_0.png,1.5,1.8545773706441144
1956,2395_LeafPhotoA_2025-09-08 12_20_28.826-05_00_1.png,1.5,1.828785254734943
1957,2395_LeafPhotoA_2025-09-08 12_20_28.826-05_00_3.png,1.5,1.767478808044005
1958,2395_LeafPhotoA_2025-09-08 12_20_28.826-05_00_2.png,1.5,1.833484406837627
1984,2630_LeafPhotoA_2025-09-09 11_53_58.743-05_00_0.png,2.0,1.8081167862777192
1985,2630_LeafPhotoA_2025-09-09 11_53_58.743-05_00_1.png,2.0,1.8234370997160507
1986,2630_LeafPhotoA_2025-09-09 11_53_58.743-05_00_2.png,2.0,1.8569325882665657
1987,2630_LeafPhotoA_2025-09-09 11_53_58.743-05_00_3.png,2.0,1.82941580776223
2000,1904_LeafPhotoA_2025-09-09 14_38_44.936-05_00_2.png,1.75,1.739653865866944
2001,1904_LeafPhotoA_2025-09-09 14_38_44.936-05_00_0.png,1.75,1.9705777592881393
2002,1904_LeafPhotoA_2025-09-09 14_38_44.936-05_00_1.png,1.75,1.9297430448714186
2003,1904_LeafPhotoA_2025-09-09 14_38_44.936-05_00_3.png,1.75,1.8316979832898241
2027,2597_LeafPhotoA_2025-09-09 10_25_46.649-05_00_0.png,1.75,1.8005185949604094
2028,2597_LeafPhotoA_2025-09-09 10_25_46.649-05_00_2.png,1.75,1.751581020358047
2029,2597_LeafPhotoA_2025-09-09 10_25_46.649-05_00_1.png,1.75,1.7696081654802982
2067,1010_LeafPhotoA_2025-09-08 09_41_44.218-05_00_0.png,2.0,1.84451859836473
2068,1010_LeafPhotoA_2025-09-08 09_41_44.218-05_00_1.png,2.0,2.024230491753311
2069,1010_LeafPhotoA_2025-09-08 09_41_44.218-05_00_2.png,2.0,2.0500070152948067
2070,1010_LeafPhotoA_2025-09-08 09_41_44.218-05_00_3.png,2.0,1.9208498477679021
2079,1259_LeafPhotoA_2025-09-08 16_30_23.555-05_00_3.png,2.75,1.7903894513652505
2080,1259_LeafPhotoA_2025-09-08 16_30_23.555-05_00_2.png,2.75,1.8307781338029034
2081,1259_LeafPhotoA_2025-09-08 16_30_23.555-05_00_1.png,2.75,1.853109128381562
2082,1259_LeafPhotoA_2025-09-08 16_30_23.555-05_00_0.png,2.75,1.8816411851432746
2083,2561_LeafPhotoA_2025-09-09 11_01_04.730-05_00_1.png,1.75,1.674859701500449
2084,2561_LeafPhotoA_2025-09-09 11_01_04.730-05_00_0.png,1.75,1.6887026506399083
2085,2561_LeafPhotoA_2025-09-09 11_01_04.730-05_00_2.png,1.75,1.9028762697302293
2086,2561_LeafPhotoA_2025-09-09 11_01_04.730-05_00_3.png,1.75,1.9167663083847066
2107,1202_LeafPhotoA_2025-09-08 10_46_25.784-05_00_3.png,1.25,1.707904691461144
2108,1202_LeafPhotoA_2025-09-08 10_46_25.784-05_00_2.png,1.25,1.737892058243558
2109,1202_LeafPhotoA_2025-09-08 10_46_25.784-05_00_0.png,1.25,1.832621352476859
2110,1202_LeafPhotoA_2025-09-08 10_46_25.784-05_00_1.png,1.25,1.7722510638803817
2134,1746_LeafPhotoA_2025-09-09 10_03_34.287-05_00_1.png,1.5,1.9382392609513603
2135,1746_LeafPhotoA_2025-09-09 10_03_34.287-05_00_2.png,1.5,1.9324282560485417
2136,1746_LeafPhotoA_2025-09-09 10_03_34.287-05_00_0.png,1.5,1.8969669093457053
2137,1931_LeafPhotoA_2025-09-09 15_27_04.726-05_00_3.png,1.25,1.7863950347011734
2138,1931_LeafPhotoA_2025-09-09 15_27_04.726-05_00_1.png,1.25,1.9161775876369285
2139,1931_LeafPhotoA_2025-09-09 15_27_04.726-05_00_0.png,1.25,1.8323713798993393
2140,1931_LeafPhotoA_2025-09-09 15_27_04.726-05_00_2.png,1.25,1.7679661625233545
2153,1206_LeafPhotoA_2025-09-08 09_30_08.342-05_00_0.png,2.0,1.681581002667942
2154,1206_LeafPhotoA_2025-09-08 09_30_08.342-05_00_1.png,2.0,1.7436133616018492
2155,1206_LeafPhotoA_2025-09-08 09_30_08.342-05_00_2.png,2.0,1.7554574228593816
2156,1206_LeafPhotoA_2025-09-08 09_30_08.342-05_00_3.png,2.0,1.743158964704993
2169,1163_LeafPhotoA_2025-09-08 16_42_10.758-05_00_0.png,1.25,2.1335652034516803
2170,1163_LeafPhotoA_2025-09-08 16_42_10.758-05_00_3.png,1.25,2.159580401194951
2171,1163_LeafPhotoA_2025-09-08 16_42_10.758-05_00_1.png,1.25,2.181555834284126
2172,1163_LeafPhotoA_2025-09-08 16_42_10.758-05_00_2.png,1.25,2.1558758270278817
2173,2518_LeafPhotoA_2025-09-09 10_14_44.963-05_00_2.png,2.25,2.127753265003133
2174,2518_LeafPhotoA_2025-09-09 10_14_44.963-05_00_0.png,2.25,2.1311320224994508
2175,2518_LeafPhotoA_2025-09-09 10_14_44.963-05_00_1.png,2.25,2.301965451293307
2176,2518_LeafPhotoA_2025-09-09 10_14_44.963-05_00_3.png,2.25,2.0487083102172594
2181,2429_LeafPhotoB_2025-09-08 11_06_06.696-05_00_0.png,2.25,1.8451150645020602
2182,1227_LeafPhotoA_2025-09-08 10_09_23.405-05_00_0.png,2.25,1.8982703388882984
2183,1227_LeafPhotoA_2025-09-08 10_09_23.405-05_00_1.png,2.25,1.868776556559088
2188,,1.75,1.6436944312698116
2206,2403_LeafPhotoB_2025-09-08 10_42_58.623-05_00_0.png,1.25,1.6381555985894978
2207,2403_LeafPhotoB_2025-09-08 10_42_58.623-05_00_1.png,1.25,1.6100342202325686
2208,2403_LeafPhotoB_2025-09-08 10_42_58.623-05_00_2.png,1.25,1.7799476713379234
2209,2403_LeafPhotoB_2025-09-08 10_42_58.623-05_00_3.png,1.25,1.5860676405355785
2223,1700_LeafPhotoA_2025-09-09 10_24_58.399-05_00_0.png,2.0,1.984052607623875
2224,1700_LeafPhotoA_2025-09-09 10_24_58.399-05_00_1.png,2.0,2.022810072754529
2225,1700_LeafPhotoA_2025-09-09 10_24_58.399-05_00_2.png,2.0,1.980942014201402
2230,,1.75,1.6436944312698116
2247,1774_LeafPhotoA_2025-09-09 09_53_13.789-05_00_0.png,1.25,1.9062470880955673
2248,1774_LeafPhotoA_2025-09-09 09_53_13.789-05_00_1.png,1.25,1.7837036472420464
2249,1774_LeafPhotoA_2025-09-09 09_53_13.789-05_00_2.png,1.25,1.882709743341347
2250,1774_LeafPhotoA_2025-09-09 09_53_13.789-05_00_3.png,1.25,1.9403651982719057
2251,2692_LeafPhotoA_2025-09-09 10_39_36.661-05_00_0.png,1.25,2.0013413646601315
2252,2692_LeafPhotoA_2025-09-09 10_39_36.661-05_00_2.png,1.25,2.197201493975741
2253,2692_LeafPhotoA_2025-09-09 10_39_36.661-05_00_3.png,1.25,2.071170997076483
2254,2692_LeafPhotoA_2025-09-09 10_39_36.661-05_00_1.png,1.25,1.958570220814294
2283,1490_LeafPhotoB_2025-09-08 16_54_44.052-05_00_1.png,1.5,1.7700041738917154
2284,1490_LeafPhotoB_2025-09-08 16_54_44.052-05_00_0.png,1.5,1.8146516975215006
2285,1490_LeafPhotoB_2025-09-08 16_54_44.052-05_00_2.png,1.5,1.9080604160631287
2306,1182_LeafPhotoA_2025-09-08 16_12_58.388-05_00_3.png,1.5,1.987685830499962
2307,1182_LeafPhotoA_2025-09-08 16_12_58.388-05_00_0.png,1.5,2.037863528130207
2308,1182_LeafPhotoA_2025-09-08 16_12_58.388-05_00_2.png,1.5,1.9862112416817574
2309,1182_LeafPhotoA_2025-09-08 16_12_58.388-05_00_1.png,1.5,2.0884398576207164
2336,1220_LeafPhotoA_2025-09-08 09_59_32.289-05_00_3.png,2.25,1.8931069598159653
2337,1220_LeafPhotoA_2025-09-08 09_59_32.289-05_00_0.png,2.25,1.8883860147071505
2338,1220_LeafPhotoA_2025-09-08 09_59_32.289-05_00_1.png,2.25,2.015945995213506
2339,1220_LeafPhotoA_2025-09-08 09_59_32.289-05_00_2.png,2.25,2.2104386693766642
2344,1550_LeafPhotoA_2025-09-09 09_52_22.748-05_00_0.png,2.25,1.8028683153979475
2345,1550_LeafPhotoA_2025-09-09 09_52_22.748-05_00_1.png,2.25,1.914410457312029
2346,1550_LeafPhotoA_2025-09-09 09_52_22.748-05_00_3.png,2.25,1.767115513610325
2347,1550_LeafPhotoA_2025-09-09 09_52_22.748-05_00_2.png,2.25,1.9499572534931944
2358,2234_LeafPhotoA_2025-09-08 11_39_18.537-05_00_0.png,1.75,1.9154552193042063
2359,2234_LeafPhotoA_2025-09-08 11_39_18.537-05_00_3.png,1.75,1.9789876666080968
2360,2234_LeafPhotoA_2025-09-08 11_39_18.537-05_00_2.png,1.75,1.9503438271582885
2361,2234_LeafPhotoA_2025-09-08 11_39_18.537-05_00_1.png,1.75,1.8690110126224084
2373,2201_LeafPhotoA_2025-09-08 10_47_34.501-05_00_0.png,1.25,1.7191238611105086
2374,2201_LeafPhotoA_2025-09-08 10_47_34.501-05_00_3.png,1.25,1.8516995253413604
2375,2201_LeafPhotoA_2025-09-08 10_47_34.501-05_00_1.png,1.25,1.7999319742408235
2376,2201_LeafPhotoA_2025-09-08 10_47_34.501-05_00_2.png,1.25,1.77227397835706
2377,1174_LeafPhotoA_2025-09-08 16_26_52.134-05_00_0.png,1.5,1.8731856682605619
2378,1174_LeafPhotoA_2025-09-08 16_26_52.134-05_00_1.png,1.5,1.869233592965236
2379,1174_LeafPhotoA_2025-09-08 16_26_52.134-05_00_2.png,1.5,1.880216610787249
2380,1174_LeafPhotoA_2025-09-08 16_26_52.134-05_00_3.png,1.5,1.893722596536159
2381,1278_LeafPhotoA_2025-09-08 16_08_45.462-05_00_3.png,2.0,1.894448411385551
2382,1278_LeafPhotoA_2025-09-08 16_08_45.462-05_00_0.png,2.0,2.0666554845357807
2383,1278_LeafPhotoA_2025-09-08 16_08_45.462-05_00_1.png,2.0,1.8727606852453744
2384,1278_LeafPhotoA_2025-09-08 16_08_45.462-05_00_2.png,2.0,1.9252574084116976
2385,1735_LeafPhotoA_2025-09-09 09_46_39.828-05_00_0.png,3.25,1.933177446559074
2386,1735_LeafPhotoA_2025-09-09 09_46_39.828-05_00_1.png,3.25,2.0401365852284985
2387,1735_LeafPhotoA_2025-09-09 09_46_39.828-05_00_2.png,3.25,2.0550500840372674
2388,1735_LeafPhotoA_2025-09-09 09_46_39.828-05_00_3.png,3.25,2.0793844146613822
2389,2174_LeafPhotoA_2025-09-09 12_15_14.269-05_00_0.png,2.25,2.031601246926663
2390,2174_LeafPhotoA_2025-09-09 12_15_14.269-05_00_1.png,2.25,1.9636589779584799
2391,2174_LeafPhotoA_2025-09-09 12_15_14.269-05_00_2.png,2.25,2.010825696040287
2392,2174_LeafPhotoA_2025-09-09 12_15_14.269-05_00_3.png,2.25,2.0046933618282288
2393,1702_LeafPhotoA_2025-09-09 10_12_12.772-05_00_3.png,3.0,1.9414133786065277
2394,1702_LeafPhotoA_2025-09-09 10_12_12.772-05_00_1.png,3.0,1.8687704514026353
2395,1702_LeafPhotoA_2025-09-09 10_12_12.772-05_00_0.png,3.0,1.874541633192659
2396,1702_LeafPhotoA_2025-09-09 10_12_12.772-05_00_2.png,3.0,2.015553215939061
2412,2101_LeafPhotoA_2025-09-08 10_53_40.932-05_00_2.png,1.75,1.8327794554530095
2413,2101_LeafPhotoA_2025-09-08 10_53_40.932-05_00_0.png,1.75,1.690786722764033
2414,2101_LeafPhotoA_2025-09-08 10_53_40.932-05_00_1.png,1.75,1.6481704869697105
2415,2101_LeafPhotoA_2025-09-08 10_53_40.932-05_00_3.png,1.75,1.8486198495253137
2446,2201_LeafPhotoA_2025-09-08 10_47_11.543-05_00_0.png,1.0,1.8464827038729785
2447,2201_LeafPhotoA_2025-09-08 10_47_11.543-05_00_2.png,1.0,1.6474874742117518
2448,2201_LeafPhotoA_2025-09-08 10_47_11.543-05_00_3.png,1.0,1.7017773847937827
2449,2201_LeafPhotoA_2025-09-08 10_47_11.543-05_00_1.png,1.0,1.8049163554235523
2454,1784_LeafPhotoA_2025-09-09 09_29_57.480-05_00_3.png,1.5,1.9405388473688225
2455,1784_LeafPhotoA_2025-09-09 09_29_57.480-05_00_2.png,1.5,2.039581544428437
2456,1784_LeafPhotoA_2025-09-09 09_29_57.480-05_00_1.png,1.5,1.7959232640840728
2457,1784_LeafPhotoA_2025-09-09 09_29_57.480-05_00_0.png,1.5,1.7390145727044999
2458,2756_LeafPhotoA_2025-09-09 16_27_37.923-05_00_0.png,1.25,1.888743033047588
2459,2756_LeafPhotoA_2025-09-09 16_27_37.923-05_00_1.png,1.25,1.9314829135983251
2460,1329_LeafPhotoA_2025-09-08 09_56_53.667-05_00_2.png,2.5,1.9287707808617245
2461,1329_LeafPhotoA_2025-09-08 09_56_53.667-05_00_3.png,2.5,1.8796531952551438
2462,1329_LeafPhotoA_2025-09-08 09_56_53.667-05_00_1.png,2.5,2.011860553295549
2463,1329_LeafPhotoA_2025-09-08 09_56_53.667-05_00_0.png,2.5,1.8653398529145446
2464,1616_LeafPhotoA_2025-09-09 09_41_23.675-05_00_0.png,2.0,1.7472092951942364
2465,1616_LeafPhotoA_2025-09-09 09_41_23.675-05_00_1.png,2.0,1.700908421027552
2466,1616_LeafPhotoA_2025-09-09 09_41_23.675-05_00_2.png,2.0,1.708188424379842
2467,1616_LeafPhotoA_2025-09-09 09_41_23.675-05_00_3.png,2.0,1.8049657823216625
2468,2562_LeafPhotoA_2025-09-09 10_59_13.146-05_00_0.png,2.5,1.6030966284559316
2469,2562_LeafPhotoA_2025-09-09 10_59_13.146-05_00_2.png,2.5,1.8458178444577433
2470,2562_LeafPhotoA_2025-09-09 10_59_13.146-05_00_1.png,2.5,1.65909303797123
2490,1186_LeafPhotoA_2025-09-08 16_05_34.142-05_00_0.png,1.25,1.8635173298976986
2491,1186_LeafPhotoA_2025-09-08 16_05_34.142-05_00_1.png,1.25,1.8328664933425582
2492,1186_LeafPhotoA_2025-09-08 16_05_34.142-05_00_2.png,1.25,1.9303584560085374
2493,1186_LeafPhotoA_2025-09-08 16_05_34.142-05_00_3.png,1.25,1.807193465553893
2528,1155_LeafPhotoA_2025-09-08 16_53_48.092-05_00_0.png,1.75,1.8967772079142051
2529,1155_LeafPhotoA_2025-09-08 16_53_48.092-05_00_1.png,1.75,1.8096597005854678
2530,1155_LeafPhotoA_2025-09-08 16_53_48.092-05_00_2.png,1.75,1.8405022765735088
2546,,1.25,1.6436944312698116
2592,,2.0,1.6436944312698116
2601,1445_LeafPhotoB_2025-09-08 10_34_53.870-05_00_0.png,1.5,1.7690166385230497
2602,1445_LeafPhotoB_2025-09-08 10_34_53.870-05_00_2.png,1.5,1.7948781600545456
2603,1445_LeafPhotoB_2025-09-08 10_34_53.870-05_00_1.png,1.5,1.8582173228227312
2604,1445_LeafPhotoB_2025-09-08 10_34_53.870-05_00_3.png,1.5,1.723331099817201
2613,2703_LeafPhotoA_2025-09-09 10_15_56.392-05_00_3.png,4.25,2.242217334144504
2614,2703_LeafPhotoA_2025-09-09 10_15_56.392-05_00_2.png,4.25,2.1484461639863524
2615,2703_LeafPhotoA_2025-09-09 10_15_56.392-05_00_1.png,4.25,2.4285652553702217
2616,2703_LeafPhotoA_2025-09-09 10_15_56.392-05_00_0.png,4.25,2.5013596469883934
2625,1234_LeafPhotoA_2025-09-08 10_19_27.121-05_00_3.png,1.5,1.7932235407499169
2626,1234_LeafPhotoA_2025-09-08 10_19_27.121-05_00_0.png,1.5,1.9589060555887172
2627,1234_LeafPhotoA_2025-09-08 10_19_27.121-05_00_1.png,1.5,1.8495254176185874
2628,1234_LeafPhotoA_2025-09-08 10_19_27.121-05_00_2.png,1.5,1.8079355815162208
2646,2266_LeafPhotoA_2025-09-08 17_17_09.917-05_00_2.png,2.75,1.8745406832508948
2647,2266_LeafPhotoA_2025-09-08 17_17_09.917-05_00_0.png,2.75,1.93921929666964
2648,2266_LeafPhotoA_2025-09-08 17_17_09.917-05_00_1.png,2.75,2.0875690033247833
2649,2266_LeafPhotoA_2025-09-08 17_17_09.917-05_00_3.png,2.75,2.1174405676036754
2662,2978_LeafPhotoA_2025-09-09 16_28_25.306-05_00_2.png,1.5,1.648095382988187
2663,2978_LeafPhotoA_2025-09-09 16_28_25.306-05_00_3.png,1.5,1.6882437252464713
2664,2978_LeafPhotoA_2025-09-09 16_28_25.306-05_00_0.png,1.5,1.763767256088694
2665,2978_LeafPhotoA_2025-09-09 16_28_25.306-05_00_1.png,1.5,1.6558716778819078
2687,1891_LeafPhotoA_2025-09-09 17_16_06.533-05_00_0.png,1.5,1.8277263187650319
2688,1891_LeafPhotoA_2025-09-09 17_16_06.533-05_00_2.png,1.5,1.7651014801439535
2689,1891_LeafPhotoA_2025-09-09 17_16_06.533-05_00_1.png,1.5,1.743428533291076
2690,1891_LeafPhotoA_2025-09-09 17_16_06.533-05_00_3.png,1.5,1.859695842840726
2719,1144_LeafPhotoA_2025-09-08 10_40_26.306-05_00_3.png,2.25,2.185998952808295
2720,1144_LeafPhotoA_2025-09-08 10_40_26.306-05_00_2.png,2.25,2.020919976190393
2721,1144_LeafPhotoA_2025-09-08 10_40_26.306-05_00_1.png,2.25,1.8742573747148534
2722,1144_LeafPhotoA_2025-09-08 10_40_26.306-05_00_0.png,2.25,1.8303489613322474
2753,1621_LeafPhotoA_2025-09-09 09_52_05.240-05_00_2.png,1.25,1.5834495994322695
2754,1621_LeafPhotoA_2025-09-09 09_52_05.240-05_00_0.png,1.25,1.7825179172527037
2755,1621_LeafPhotoA_2025-09-09 09_52_05.240-05_00_1.png,1.25,1.5963646430069005
2756,1621_LeafPhotoA_2025-09-09 09_52_05.240-05_00_3.png,1.25,1.5968398239066903
2757,,2.5,1.6436944312698116
2774,1288_LeafPhotoA_2025-09-08 15_59_14.840-05_00_1.png,1.5,1.9420857652006782
2775,1288_LeafPhotoA_2025-09-08 15_59_14.840-05_00_0.png,1.5,1.9153347042628328
2776,1288_LeafPhotoA_2025-09-08 15_59_14.840-05_00_2.png,1.5,1.8371748574675215
2784,1648_LeafPhotoA_2025-09-09 10_43_26.038-05_00_0.png,2.0,1.8187476011247425
2785,1648_LeafPhotoA_2025-09-09 10_43_26.038-05_00_1.png,2.0,1.8908502582419822
2786,1648_LeafPhotoA_2025-09-09 10_43_26.038-05_00_2.png,2.0,2.1059255672759662
2787,1648_LeafPhotoA_2025-09-09 10_43_26.038-05_00_3.png,2.0,1.9845461339741166
2805,,1.75,1.6436944312698116
2807,1415_LeafPhotoB_2025-09-08 10_09_27.941-05_00_0.png,1.25,1.6995150785599074
2808,1415_LeafPhotoB_2025-09-08 10_09_27.941-05_00_1.png,1.25,1.7844039259365174
2809,1415_LeafPhotoB_2025-09-08 10_09_27.941-05_00_2.png,1.25,1.7855328268759973
2810,1415_LeafPhotoB_2025-09-08 10_09_27.941-05_00_3.png,1.25,1.7389198925684617
2811,1829_LeafPhotoA_2025-09-09 09_31_52.096-05_00_0.png,2.25,1.7732467442043673
2812,1829_LeafPhotoA_2025-09-09 09_31_52.096-05_00_1.png,2.25,1.803272563626499
2813,1829_LeafPhotoA_2025-09-09 09_31_52.096-05_00_2.png,2.25,1.84628522202476
2814,1829_LeafPhotoA_2025-09-09 09_31_52.096-05_00_3.png,2.25,1.8684242291962614
2827,2802_LeafPhotoA_2025-09-09 10_10_24.476-05_00_0.png,2.25,1.8858901389046738
2828,2802_LeafPhotoA_2025-09-09 10_10_24.476-05_00_1.png,2.25,1.8844646381001697
2829,2802_LeafPhotoA_2025-09-09 10_10_24.476-05_00_2.png,2.25,1.695710928703274
2830,2802_LeafPhotoA_2025-09-09 10_10_24.476-05_00_3.png,2.25,1.8619836487619605
2831,1057_LeafPhotoA_2025-09-08 12_48_09.886-05_00_1.png,4.0,2.0116060428327263
2832,1057_LeafPhotoA_2025-09-08 12_48_09.886-05_00_0.png,4.0,2.185627486739159
2833,1803_LeafPhotoA_2025-09-09 08_52_14.872-05_00_0.png,1.5,1.6722859448665355
2834,1803_LeafPhotoA_2025-09-09 08_52_14.872-05_00_3.png,1.5,1.5770833628163987
2835,1803_LeafPhotoA_2025-09-09 08_52_14.872-05_00_1.png,1.5,1.6236697949171444
2836,1803_LeafPhotoA_2025-09-09 08_52_14.872-05_00_2.png,1.5,1.547828229270677
2865,2532_LeafPhotoA_2025-09-09 10_30_36.212-05_00_0.png,1.5,2.0225184880183678
2866,2532_LeafPhotoA_2025-09-09 10_30_36.212-05_00_1.png,1.5,2.051781072172689
2867,2532_LeafPhotoA_2025-09-09 10_30_36.212-05_00_2.png,1.5,2.1909901932432865
2868,2532_LeafPhotoA_2025-09-09 10_30_36.212-05_00_3.png,1.5,2.1617938655489555
2876,2519_LeafPhotoA_2025-09-09 10_16_07.193-05_00_0.png,1.25,1.853258675408806
2877,2519_LeafPhotoA_2025-09-09 10_16_07.193-05_00_1.png,1.25,1.7997835784652012
2878,2519_LeafPhotoA_2025-09-09 10_16_07.193-05_00_2.png,1.25,1.768935761927648
2879,2519_LeafPhotoA_2025-09-09 10_16_07.193-05_00_3.png,1.25,1.7437266916775056
2964,2783_LeafPhotoA_2025-09-09 15_14_29.872-05_00_2.png,1.25,1.8353021750754195
2965,2783_LeafPhotoA_2025-09-09 15_14_29.872-05_00_3.png,1.25,1.8156920513737111
2966,2783_LeafPhotoA_2025-09-09 15_14_29.872-05_00_0.png,1.25,1.924687158278116
2967,2783_LeafPhotoA_2025-09-09 15_14_29.872-05_00_1.png,1.25,2.022443645096789
2984,2331_LeafPhotoA_2025-09-08 10_59_46.770-05_00_0.png,2.5,1.8405551872864314
2985,2331_LeafPhotoA_2025-09-08 10_59_46.770-05_00_1.png,2.5,1.9275045309639065
2986,2331_LeafPhotoA_2025-09-08 10_59_46.770-05_00_2.png,2.5,2.0597687348086335
2987,2993_LeafPhotoA_2025-09-09 16_47_51.394-05_00_2.png,1.5,2.276880437316707
2988,2993_LeafPhotoA_2025-09-09 16_47_51.394-05_00_3.png,1.5,2.328076309912997
2989,2993_LeafPhotoA_2025-09-09 16_47_51.394-05_00_0.png,1.5,2.1508559509121024
2990,2993_LeafPhotoA_2025-09-09 16_47_51.394-05_00_1.png,1.5,2.0741766954544714
3007,2729_LeafPhotoA_2025-09-09 10_55_26.872-05_00_3.png,2.75,2.068739336528304
3008,2729_LeafPhotoA_2025-09-09 10_55_26.872-05_00_1.png,2.75,1.8996626734172688
3009,2729_LeafPhotoA_2025-09-09 10_55_26.872-05_00_0.png,2.75,1.8625659401751815
3010,2729_LeafPhotoA_2025-09-09 10_55_26.872-05_00_2.png,2.75,1.9509778879558022
3023,1616_LeafPhotoA_2025-09-09 09_40_32.568-05_00_0.png,1.5,1.760521546632009
3024,1616_LeafPhotoA_2025-09-09 09_40_32.568-05_00_1.png,1.5,1.6771114158392209
3025,1616_LeafPhotoA_2025-09-09 09_40_32.568-05_00_2.png,1.5,1.626152283735465
3034,,1.75,1.6436944312698116
3039,2734_LeafPhotoA_2025-09-09 11_00_52.812-05_00_0.png,2.25,2.0377681519211257
3040,2734_LeafPhotoA_2025-09-09 11_00_52.812-05_00_1.png,2.25,2.1365254716916735
3041,2734_LeafPhotoA_2025-09-09 11_00_52.812-05_00_2.png,2.25,2.11329288355747
3042,2734_LeafPhotoA_2025-09-09 11_00_52.812-05_00_3.png,2.25,2.149766383844862
3084,2246_LeafPhotoA_2025-09-08 11_58_26.493-05_00_0.png,2.25,2.1786307874930047
3085,2246_LeafPhotoA_2025-09-08 11_58_26.493-05_00_1.png,2.25,2.083143995973281
3086,2246_LeafPhotoA_2025-09-08 11_58_26.493-05_00_3.png,2.25,2.123185992253414
3087,2246_LeafPhotoA_2025-09-08 11_58_26.493-05_00_2.png,2.25,2.0913960999964405
3088,1815_LeafPhotoA_2025-09-09 09_11_30.894-05_00_0.png,1.25,1.8963144953266016
3106,2916_LeafPhotoA_2025-09-09 16_36_27.915-05_00_0.png,3.0,1.8835175678133813
3107,2916_LeafPhotoA_2025-09-09 16_36_27.915-05_00_2.png,3.0,1.7650103559836177
3108,2916_LeafPhotoA_2025-09-09 16_36_27.915-05_00_1.png,3.0,1.8803870333527817
3113,2234_LeafPhotoA_2025-09-08 11_39_01.597-05_00_1.png,1.5,1.745052962008591
3114,2234_LeafPhotoA_2025-09-08 11_39_01.597-05_00_3.png,1.5,1.8002945584432033
3115,2234_LeafPhotoA_2025-09-08 11_39_01.597-05_00_2.png,1.5,1.9085269758366095
3116,2234_LeafPhotoA_2025-09-08 11_39_01.597-05_00_0.png,1.5,1.8360187482742163
3121,1615_LeafPhotoA_2025-09-09 09_38_30.259-05_00_2.png,1.75,1.9649523681177252
3122,1615_LeafPhotoA_2025-09-09 09_38_30.259-05_00_1.png,1.75,1.978849917640997
3123,1615_LeafPhotoA_2025-09-09 09_38_30.259-05_00_0.png,1.75,2.021118880195312
3124,1615_LeafPhotoA_2025-09-09 09_38_30.259-05_00_3.png,1.75,1.946098524753918
3137,1528_LeafPhotoA_2025-09-09 09_26_28.328-05_00_0.png,3.25,2.2096473859038928
3138,1528_LeafPhotoA_2025-09-09 09_26_28.328-05_00_1.png,3.25,1.9798212610228523
3139,1528_LeafPhotoA_2025-09-09 09_26_28.328-05_00_2.png,3.25,2.082147884625801
3140,1528_LeafPhotoA_2025-09-09 09_26_28.328-05_00_3.png,3.25,2.0847742339427118
3165,1566_LeafPhotoA_2025-09-09 10_03_07.791-05_00_3.png,1.5,1.8988094869661023
3166,1566_LeafPhotoA_2025-09-09 10_03_07.791-05_00_0.png,1.5,1.8339848646177717
3167,1566_LeafPhotoA_2025-09-09 10_03_07.791-05_00_1.png,1.5,1.7490493026200022
3168,1566_LeafPhotoA_2025-09-09 10_03_07.791-05_00_2.png,1.5,1.7611468447461331
3173,2444_LeafPhotoB_2025-09-08 11_19_56.783-05_00_0.png,2.25,1.9532122402397674
3174,2444_LeafPhotoB_2025-09-08 11_19_56.783-05_00_1.png,2.25,2.037195745261897
3175,2444_LeafPhotoB_2025-09-08 11_19_56.783-05_00_2.png,2.25,1.9587053035691389
3176,2444_LeafPhotoB_2025-09-08 11_19_56.783-05_00_3.png,2.25,1.8717623166522166
3193,,1.25,1.6436944312698116
3206,1599_LeafPhotoA_2025-09-09 10_23_41.725-05_00_0.png,1.5,1.8920812256467738
3240,1411_LeafPhotoB_2025-09-08 10_05_27.189-05_00_0.png,1.25,1.7758531551330512
3241,1411_LeafPhotoB_2025-09-08 10_05_27.189-05_00_1.png,1.25,1.6858122670350821
3242,1411_LeafPhotoB_2025-09-08 10_05_27.189-05_00_2.png,1.25,1.6068366581697788
3243,1411_LeafPhotoB_2025-09-08 10_05_27.189-05_00_3.png,1.25,1.7454856751382002
3249,1011_LeafPhotoA_2025-09-08 09_42_35.227-05_00_0.png,2.25,2.2067487951343914
3250,1011_LeafPhotoA_2025-09-08 09_42_35.227-05_00_1.png,2.25,2.1448328792259828
3251,1011_LeafPhotoA_2025-09-08 09_42_35.227-05_00_2.png,2.25,1.9572608010096522
3255,2716_LeafPhotoA_2025-09-09 10_35_36.382-05_00_0.png,2.75,2.1802179442638754
3256,2716_LeafPhotoA_2025-09-09 10_35_36.382-05_00_1.png,2.75,2.126225902613951
3257,2202_LeafPhotoA_2025-09-08 10_48_52.303-05_00_1.png,1.5,1.661545742932571
3258,2202_LeafPhotoA_2025-09-08 10_48_52.303-05_00_3.png,1.5,1.7183421832013759
3259,2202_LeafPhotoA_2025-09-08 10_48_52.303-05_00_2.png,1.5,1.6536189419428817
3260,2202_LeafPhotoA_2025-09-08 10_48_52.303-05_00_0.png,1.5,1.8081773993040193
3285,1933_LeafPhotoA_2025-09-09 15_28_49.123-05_00_0.png,2.25,2.034894663555292
3286,1933_LeafPhotoA_2025-09-09 15_28_49.123-05_00_1.png,2.25,1.8570812056517727
3287,1933_LeafPhotoA_2025-09-09 15_28_49.123-05_00_2.png,2.25,2.1296042625218554
3288,1933_LeafPhotoA_2025-09-09 15_28_49.123-05_00_3.png,2.25,2.019202503779008
3311,1828_LeafPhotoA_2025-09-09 09_30_57.848-05_00_0.png,2.0,1.8097739518339864
3312,1828_LeafPhotoA_2025-09-09 09_30_57.848-05_00_1.png,2.0,1.829093376715678
3313,1828_LeafPhotoA_2025-09-09 09_30_57.848-05_00_2.png,2.0,1.816873550869171
3314,1828_LeafPhotoA_2025-09-09 09_30_57.848-05_00_3.png,2.0,1.810836826593598
3326,2866_LeafPhotoA_2025-09-09 14_51_42.101-05_00_0.png,1.25,1.8897425099343264
3327,2866_LeafPhotoA_2025-09-09 14_51_42.101-05_00_1.png,1.25,1.919259244582389
3351,1815_LeafPhotoA_2025-09-09 09_11_08.154-05_00_0.png,1.5,1.7658268547220746
3352,1815_LeafPhotoA_2025-09-09 09_11_08.154-05_00_2.png,1.5,1.7352157734524474
3353,1815_LeafPhotoA_2025-09-09 09_11_08.154-05_00_1.png,1.5,1.7163099955586534
3354,1815_LeafPhotoA_2025-09-09 09_11_08.154-05_00_3.png,1.5,1.7992392759164
3365,2184_LeafPhotoA_2025-09-09 12_29_02.951-05_00_3.png,1.25,2.101560912913734
3366,2184_LeafPhotoA_2025-09-09 12_29_02.951-05_00_0.png,1.25,1.9250210028028791
3367,2184_LeafPhotoA_2025-09-09 12_29_02.951-05_00_1.png,1.25,1.8844693629571971
3368,2184_LeafPhotoA_2025-09-09 12_29_02.951-05_00_2.png,1.25,1.9039802391115372
3370,1904_LeafPhotoA_2025-09-09 14_39_09.961-05_00_0.png,4.75,2.168258907215236
3371,1904_LeafPhotoA_2025-09-09 14_39_09.961-05_00_2.png,4.75,2.2574913658752664
3372,1904_LeafPhotoA_2025-09-09 14_39_09.961-05_00_1.png,4.75,2.188936194583495
3405,2662_LeafPhotoA_2025-09-09 11_35_09.264-05_00_2.png,2.25,2.117845829459982
3406,2662_LeafPhotoA_2025-09-09 11_35_09.264-05_00_1.png,2.25,2.0681013941016833
3407,2662_LeafPhotoA_2025-09-09 11_35_09.264-05_00_0.png,2.25,2.111630708993664
3408,2662_LeafPhotoA_2025-09-09 11_35_09.264-05_00_3.png,2.25,2.234000806662375
3441,2395_LeafPhotoA_2025-09-08 12_20_11.123-05_00_1.png,2.25,1.9499161249974564
3442,2395_LeafPhotoA_2025-09-08 12_20_11.123-05_00_2.png,2.25,1.722828083009825
3443,2395_LeafPhotoA_2025-09-08 12_20_11.123-05_00_0.png,2.25,1.8821477843527843
3444,2395_LeafPhotoA_2025-09-08 12_20_11.123-05_00_3.png,2.25,1.9112380472057933
3479,5031_LeafPhotoA_2025-09-09 16_57_35.057-05_00_1.png,1.25,1.6933284215341216
3480,5031_LeafPhotoA_2025-09-09 16_57_35.057-05_00_0.png,1.25,1.8523560752328174
3481,5031_LeafPhotoA_2025-09-09 16_57_35.057-05_00_3.png,1.25,1.8683602322036181
3482,5031_LeafPhotoA_2025-09-09 16_57_35.057-05_00_2.png,1.25,1.8730484694654215
3499,1307_LeafPhotoA_2025-09-08 09_22_15.163-05_00_0.png,1.75,1.718506263700234
3500,1307_LeafPhotoA_2025-09-08 09_22_15.163-05_00_1.png,1.75,1.6822238416871007
3501,1307_LeafPhotoA_2025-09-08 09_22_15.163-05_00_3.png,1.75,1.77923438982409
3502,1307_LeafPhotoA_2025-09-08 09_22_15.163-05_00_2.png,1.75,1.6298470988854852
3517,2120_LeafPhotoA_2025-09-08 11_31_02.513-05_00_2.png,1.25,1.8097767893253323
3518,2120_LeafPhotoA_2025-09-08 11_31_02.513-05_00_0.png,1.25,1.9324567761247942
3519,2120_LeafPhotoA_2025-09-08 11_31_02.513-05_00_3.png,1.25,1.9495822385630563
3520,2120_LeafPhotoA_2025-09-08 11_31_02.513-05_00_1.png,1.25,1.8102223852858554
3521,1259_LeafPhotoA_2025-09-08 16_30_12.453-05_00_1.png,2.25,1.7564854195324162
3522,1259_LeafPhotoA_2025-09-08 16_30_12.453-05_00_2.png,2.25,1.7385068173785314
3523,1259_LeafPhotoA_2025-09-08 16_30_12.453-05_00_3.png,2.25,1.7124790847227347
3524,1259_LeafPhotoA_2025-09-08 16_30_12.453-05_00_0.png,2.25,1.743857798324021
3533,2318_LeafPhotoA_2025-09-08 10_46_40.691-05_00_2.png,1.0,2.1665043501860084
3534,2318_LeafPhotoA_2025-09-08 10_46_40.691-05_00_3.png,1.0,1.7828956974035703
3535,2318_LeafPhotoA_2025-09-08 10_46_40.691-05_00_1.png,1.0,1.9198023237082842
3536,2318_LeafPhotoA_2025-09-08 10_46_40.691-05_00_0.png,1.0,1.8678686782075424
3546,1806_LeafPhotoA_2025-09-09 08_58_19.870-05_00_0.png,3.0,2.0934016935251814
3547,1806_LeafPhotoA_2025-09-09 08_58_32.090-05_00_0.png,1.75,1.9133910130990137
3548,1806_LeafPhotoA_2025-09-09 08_58_32.090-05_00_2.png,1.75,1.8079109535424478
3549,1806_LeafPhotoA_2025-09-09 08_58_32.090-05_00_3.png,1.75,1.6576584797332528
3550,1806_LeafPhotoA_2025-09-09 08_58_32.090-05_00_1.png,1.75,1.8438438276657165
3551,2205_LeafPhotoA_2025-09-08 10_52_49.920-05_00_2.png,2.0,1.8072180484593785
3552,2205_LeafPhotoA_2025-09-08 10_52_49.920-05_00_3.png,2.0,1.7946534999201658
3553,2205_LeafPhotoA_2025-09-08 10_52_49.920-05_00_1.png,2.0,1.6864509515964041
3554,2205_LeafPhotoA_2025-09-08 10_52_49.920-05_00_0.png,2.0,1.7856955384602944
3555,2205_LeafPhotoA_2025-09-08 10_52_29.620-05_00_0.png,1.25,1.9224015658323668
3556,2205_LeafPhotoA_2025-09-08 10_52_29.620-05_00_1.png,1.25,1.9076482271652078
3557,2205_LeafPhotoA_2025-09-08 10_52_29.620-05_00_2.png,1.25,1.8364166932676051
3558,2205_LeafPhotoA_2025-09-08 10_52_29.620-05_00_3.png,1.25,1.699145641557177
3559,1806_LeafPhotoA_2025-09-09 08_58_50.435-05_00_2.png,2.25,1.8584063820274141
3560,1806_LeafPhotoA_2025-09-09 08_58_50.435-05_00_1.png,2.25,1.8057289566218304
3561,1806_LeafPhotoA_2025-09-09 08_58_50.435-05_00_3.png,2.25,1.865163551841498
3562,1806_LeafPhotoA_2025-09-09 08_58_50.435-05_00_0.png,2.25,1.7419978064336021
3563,2205_LeafPhotoA_2025-09-08 10_52_09.894-05_00_2.png,1.5,1.8428157301689263
3564,2205_LeafPhotoA_2025-09-08 10_52_09.894-05_00_1.png,1.5,1.873756012755252
3565,2205_LeafPhotoA_2025-09-08 10_52_09.894-05_00_3.png,1.5,1.8074108493952712
3566,2205_LeafPhotoA_2025-09-08 10_52_09.894-05_00_0.png,1.5,1.8972056744425168
3,2601_LeafPhotoA_2025-09-09 10_53_20.928-05_00_2.png,1.0,1.7255272085854023
4,2601_LeafPhotoA_2025-09-09 10_53_20.928-05_00_3.png,1.0,1.718699951972531
5,2601_LeafPhotoA_2025-09-09 10_53_20.928-05_00_1.png,1.0,1.6959290024091087
6,2601_LeafPhotoA_2025-09-09 10_53_20.928-05_00_0.png,1.0,1.7256338976654262
34,1483_LeafPhotoB_2025-09-08 16_48_33.487-05_00_1.png,1.25,1.9091041158435222
35,1483_LeafPhotoB_2025-09-08 16_48_33.487-05_00_2.png,1.25,1.6736932716876245
36,1483_LeafPhotoB_2025-09-08 16_48_33.487-05_00_3.png,1.25,1.6851266923932735
37,1483_LeafPhotoB_2025-09-08 16_48_33.487-05_00_0.png,1.25,1.8653297537770857
66,1864_LeafPhotoA_2025-09-09 16_54_10.885-05_00_3.png,2.25,1.7642617047420892
67,1864_LeafPhotoA_2025-09-09 16_54_10.885-05_00_0.png,2.25,1.7150473789505452
68,1864_LeafPhotoA_2025-09-09 16_54_10.885-05_00_2.png,2.25,1.7157700862760592
69,1864_LeafPhotoA_2025-09-09 16_54_10.885-05_00_1.png,2.25,1.8461586041345144
70,1459_LeafPhotoB_2025-09-08 12_35_29.491-05_00_1.png,2.5,2.191187879172073
71,1459_LeafPhotoB_2025-09-08 12_35_29.491-05_00_2.png,2.5,2.1211232331359176
72,1459_LeafPhotoB_2025-09-08 12_35_29.491-05_00_0.png,2.5,1.993234365636782
81,2330_LeafPhotoA_2025-09-08 10_58_31.927-05_00_0.png,1.25,1.7361448754016229
82,2330_LeafPhotoA_2025-09-08 10_58_31.927-05_00_2.png,1.25,1.752701879606085
83,2330_LeafPhotoA_2025-09-08 10_58_31.927-05_00_1.png,1.25,1.7588748029293833
84,2330_LeafPhotoA_2025-09-08 10_58_31.927-05_00_3.png,1.25,1.703590094214402
138,1945_LeafPhotoA_2025-09-09 16_03_25.425-05_00_0.png,2.0,2.079132622838121
139,1945_LeafPhotoA_2025-09-09 16_03_25.425-05_00_1.png,2.0,1.8434512896803914
179,1984_LeafPhotoA_2025-09-09 16_31_27.437-05_00_1.png,1.25,1.7148102129947267
180,1984_LeafPhotoA_2025-09-09 16_31_27.437-05_00_2.png,1.25,1.650736076094689
181,1984_LeafPhotoA_2025-09-09 16_31_27.437-05_00_0.png,1.25,1.7466277416656928
182,2965_LeafPhotoA_2025-09-09 16_10_16.858-05_00_0.png,1.75,2.0345722513130355
183,2965_LeafPhotoA_2025-09-09 16_10_16.858-05_00_3.png,1.75,2.231237788888367
184,2965_LeafPhotoA_2025-09-09 16_10_16.858-05_00_1.png,1.75,2.0281915118389104
185,2965_LeafPhotoA_2025-09-09 16_10_16.858-05_00_2.png,1.75,2.0224011499188914
194,1209_LeafPhotoA_2025-09-08 09_37_14.965-05_00_3.png,1.25,1.5569399441543035
195,1209_LeafPhotoA_2025-09-08 09_37_14.965-05_00_0.png,1.25,1.7248483240790093
196,1209_LeafPhotoA_2025-09-08 09_37_14.965-05_00_2.png,1.25,1.69361221775086
197,1209_LeafPhotoA_2025-09-08 09_37_14.965-05_00_1.png,1.25,1.7182269668447017
198,1644_LeafPhotoA_2025-09-09 10_35_46.183-05_00_0.png,1.5,1.7144468989123849
199,1644_LeafPhotoA_2025-09-09 10_35_46.183-05_00_1.png,1.5,1.9432874105907325
200,1644_LeafPhotoA_2025-09-09 10_35_46.183-05_00_2.png,1.5,1.6742403953693268
201,1644_LeafPhotoA_2025-09-09 10_35_46.183-05_00_3.png,1.5,1.760361982771005
202,2905_LeafPhotoA_2025-09-09 16_23_24.410-05_00_1.png,3.0,1.9412289892165686
203,2905_LeafPhotoA_2025-09-09 16_23_24.410-05_00_3.png,3.0,2.0582736092932374
204,2905_LeafPhotoA_2025-09-09 16_23_24.410-05_00_2.png,3.0,1.8923708195399382
205,2905_LeafPhotoA_2025-09-09 16_23_24.410-05_00_0.png,3.0,1.7646311632553868
218,2680_LeafPhotoA_2025-09-09 11_02_16.370-05_00_1.png,3.0,2.043797111577308
219,2680_LeafPhotoA_2025-09-09 11_02_16.370-05_00_2.png,3.0,1.9473209224502275
220,2680_LeafPhotoA_2025-09-09 11_02_16.370-05_00_0.png,3.0,1.9450361729813743
221,2680_LeafPhotoA_2025-09-09 11_02_16.370-05_00_3.png,3.0,1.9401607668445795
249,1877_LeafPhotoA_2025-09-09 17_04_30.257-05_00_1.png,1.5,1.7217108153821619
250,1877_LeafPhotoA_2025-09-09 17_04_30.257-05_00_0.png,1.5,1.8070273621999033
251,1877_LeafPhotoA_2025-09-09 17_04_30.257-05_00_2.png,1.5,1.7653229335365666
252,1877_LeafPhotoA_2025-09-09 17_04_30.257-05_00_3.png,1.5,1.930499139970636
292,6024_LeafPhotoA_2025-09-09 16_37_05.339-05_00_0.png,1.0,1.8445572452049688
313,2891_LeafPhotoA_2025-09-09 14_01_28.259-05_00_0.png,1.75,1.7375480236648233
314,2891_LeafPhotoA_2025-09-09 14_01_28.259-05_00_1.png,1.75,1.9198087999676636
315,2891_LeafPhotoA_2025-09-09 14_01_28.259-05_00_2.png,1.75,1.7294182699664
316,2891_LeafPhotoA_2025-09-09 14_01_28.259-05_00_3.png,1.75,1.7171981594767234
317,1233_LeafPhotoA_2025-09-08 10_18_11.748-05_00_0.png,1.0,1.6772311434775882
318,1233_LeafPhotoA_2025-09-08 10_18_11.748-05_00_1.png,1.0,1.777041749920778
319,1233_LeafPhotoA_2025-09-08 10_18_11.748-05_00_2.png,1.0,1.8395316943736306
348,1834_LeafPhotoA_2025-09-09 09_42_27.442-05_00_0.png,2.5,1.674647241100887
349,1834_LeafPhotoA_2025-09-09 09_42_27.442-05_00_1.png,2.5,1.6535498290248651
350,1834_LeafPhotoA_2025-09-09 09_42_27.442-05_00_2.png,2.5,1.7815823975068725
351,1834_LeafPhotoA_2025-09-09 09_42_27.442-05_00_3.png,2.5,1.606351505159517
376,2450_LeafPhotoB_2025-09-08 11_25_41.315-05_00_0.png,1.25,1.8633093786145367
377,2450_LeafPhotoB_2025-09-08 11_25_41.315-05_00_3.png,1.25,1.8226527057810074
378,2450_LeafPhotoB_2025-09-08 11_25_41.315-05_00_1.png,1.25,1.8832736521062992
379,2450_LeafPhotoB_2025-09-08 11_25_41.315-05_00_2.png,1.25,1.8659441543779907
415,1306_LeafPhotoA_2025-09-08 09_21_07.935-05_00_0.png,2.0,1.8536310883899187
416,1306_LeafPhotoA_2025-09-08 09_21_07.935-05_00_1.png,2.0,1.7774802668105563
417,1306_LeafPhotoA_2025-09-08 09_21_07.935-05_00_2.png,2.0,1.8637041430026284
430,1151_LeafPhotoA_2025-09-08 16_59_29.011-05_00_0.png,2.0,1.7389988352425212
431,1151_LeafPhotoA_2025-09-08 16_59_29.011-05_00_1.png,2.0,1.8185090552936929
432,1151_LeafPhotoA_2025-09-08 16_59_29.011-05_00_2.png,2.0,1.759048852445875
483,2908_LeafPhotoA_2025-09-09 16_27_08.906-05_00_3.png,2.25,1.7438026048249802
484,2908_LeafPhotoA_2025-09-09 16_27_08.906-05_00_1.png,2.25,1.7117761159347724
485,2908_LeafPhotoA_2025-09-09 16_27_08.906-05_00_2.png,2.25,1.7416300378636997
486,2908_LeafPhotoA_2025-09-09 16_27_08.906-05_00_0.png,2.25,1.6557635079717001
509,1101_LeafPhotoA_2025-09-08 10_50_13.286-05_00_1.png,2.75,1.9777005533488703
510,1101_LeafPhotoA_2025-09-08 10_50_13.286-05_00_0.png,2.75,1.8034601376153856
511,1101_LeafPhotoA_2025-09-08 10_50_13.286-05_00_3.png,2.75,1.9144689717518784
512,1101_LeafPhotoA_2025-09-08 10_50_13.286-05_00_2.png,2.75,1.9834978537101349
517,2652_LeafPhotoA_2025-09-09 11_26_03.712-05_00_2.png,3.0,1.9293090962910298
518,2652_LeafPhotoA_2025-09-09 11_26_03.712-05_00_0.png,3.0,1.8140363614055683
519,2652_LeafPhotoA_2025-09-09 11_26_03.712-05_00_1.png,3.0,1.9169213555380589
520,2652_LeafPhotoA_2025-09-09 11_26_03.712-05_00_3.png,3.0,1.7810869007127008
551,1711_LeafPhotoA_2025-09-09 09_06_57.472-05_00_0.png,4.5,2.1373381228683797
552,1711_LeafPhotoA_2025-09-09 09_06_57.472-05_00_1.png,4.5,2.1476696288478876
553,1711_LeafPhotoA_2025-09-09 09_06_57.472-05_00_2.png,4.5,2.267759857285873
554,1711_LeafPhotoA_2025-09-09 09_06_57.472-05_00_3.png,4.5,2.0373215156822453
573,2071_LeafPhotoA_2025-09-08 12_06_01.483-05_00_0.png,2.5,1.8666448801483395
574,2071_LeafPhotoA_2025-09-08 12_06_01.483-05_00_1.png,2.5,1.7361107603763728
575,2071_LeafPhotoA_2025-09-08 12_06_01.483-05_00_2.png,2.5,1.8955020607066984
576,2071_LeafPhotoA_2025-09-08 12_06_01.483-05_00_3.png,2.5,1.8180466226495282
593,1758_LeafPhotoA_2025-09-09 10_31_19.555-05_00_2.png,2.0,1.9347062906523413
594,1758_LeafPhotoA_2025-09-09 10_31_19.555-05_00_3.png,2.0,1.7707947292403785
595,1758_LeafPhotoA_2025-09-09 10_31_19.555-05_00_0.png,2.0,1.9164786482773004
596,1758_LeafPhotoA_2025-09-09 10_31_19.555-05_00_1.png,2.0,1.9591746462064759
613,,4.25,1.5157717780499624
618,,2.0,1.5157717780499624
631,1469_LeafPhotoB_2025-09-08 16_35_32.382-05_00_2.png,1.0,1.7331819875641106
632,1469_LeafPhotoB_2025-09-08 16_35_32.382-05_00_1.png,1.0,1.8144567200582458
633,1469_LeafPhotoB_2025-09-08 16_35_32.382-05_00_0.png,1.0,1.828626266743393
634,1469_LeafPhotoB_2025-09-08 16_35_32.382-05_00_3.png,1.0,1.6821785726689462
659,1880_LeafPhotoA_2025-09-09 13_17_54.406-05_00_2.png,1.25,1.9623284085316672
660,1880_LeafPhotoA_2025-09-09 13_17_54.406-05_00_3.png,1.25,1.966881949906657
661,1880_LeafPhotoA_2025-09-09 13_17_54.406-05_00_0.png,1.25,2.089676867102734
662,1880_LeafPhotoA_2025-09-09 13_17_54.406-05_00_1.png,1.25,2.0121620220124843
663,2257_LeafPhotoA_2025-09-08 12_26_56.434-05_00_0.png,1.25,1.6535340432647416
664,2257_LeafPhotoA_2025-09-08 12_26_56.434-05_00_1.png,1.25,1.4791068121482822
665,2257_LeafPhotoA_2025-09-08 12_26_56.434-05_00_2.png,1.25,1.4713460400686227
666,2257_LeafPhotoA_2025-09-08 12_26_56.434-05_00_3.png,1.25,1.487355174679176
686,1322_LeafPhotoA_2025-09-08 09_45_01.696-05_00_3.png,1.5,1.906361000121743
687,1322_LeafPhotoA_2025-09-08 09_45_01.696-05_00_0.png,1.5,1.8476049045513383
688,1322_LeafPhotoA_2025-09-08 09_45_01.696-05_00_2.png,1.5,1.7797668554865964
689,1322_LeafPhotoA_2025-09-08 09_45_01.696-05_00_1.png,1.5,1.681448019180144
694,2552_LeafPhotoA_2025-09-09 11_07_31.178-05_00_2.png,1.75,1.95039901819403
695,2552_LeafPhotoA_2025-09-09 11_07_31.178-05_00_1.png,1.75,1.976269317674662
696,2552_LeafPhotoA_2025-09-09 11_07_31.178-05_00_3.png,1.75,1.7513895902590264
697,2552_LeafPhotoA_2025-09-09 11_07_31.178-05_00_0.png,1.75,1.8621305224541955
713,1322_LeafPhotoA_2025-09-08 09_44_46.085-05_00_3.png,1.5,1.8314487305511369
714,1322_LeafPhotoA_2025-09-08 09_44_46.085-05_00_1.png,1.5,1.8658463067907984
715,1322_LeafPhotoA_2025-09-08 09_44_46.085-05_00_2.png,1.5,1.8554286684878916
716,1322_LeafPhotoA_2025-09-08 09_44_46.085-05_00_0.png,1.5,1.8123447825904535
719,1813_LeafPhotoA_2025-09-09 09_08_08.790-05_00_0.png,1.75,1.8333355714552257
720,1813_LeafPhotoA_2025-09-09 09_08_08.790-05_00_3.png,1.75,1.7630077940165385
721,1813_LeafPhotoA_2025-09-09 09_08_08.790-05_00_1.png,1.75,1.7459064694912814
722,1813_LeafPhotoA_2025-09-09 09_08_08.790-05_00_2.png,1.75,1.7392303989453608
753,2156_LeafPhotoA_2025-09-08 12_32_46.869-05_00_0.png,3.25,2.060434904455547
754,2156_LeafPhotoA_2025-09-08 12_32_46.869-05_00_1.png,3.25,1.9606234243267897
755,2156_LeafPhotoA_2025-09-08 12_32_46.869-05_00_2.png,3.25,1.940862207047929
773,2503_LeafPhotoA_2025-09-09 09_58_27.327-05_00_0.png,3.5,1.9816757540248486
774,2503_LeafPhotoA_2025-09-09 09_58_27.327-05_00_1.png,3.5,1.847122220131038
775,2503_LeafPhotoA_2025-09-09 09_58_27.327-05_00_2.png,3.5,2.0556448279948807
776,2503_LeafPhotoA_2025-09-09 09_58_27.327-05_00_3.png,3.5,2.02986201164193
831,2914_LeafPhotoA_2025-09-09 16_34_44.640-05_00_0.png,3.75,2.072245789993782
832,2914_LeafPhotoA_2025-09-09 16_34_44.640-05_00_1.png,3.75,2.029550589134215
833,2914_LeafPhotoA_2025-09-09 16_34_44.640-05_00_2.png,3.75,2.0188798131598893
834,2914_LeafPhotoA_2025-09-09 16_34_44.640-05_00_3.png,3.75,2.1195686168849743
859,1045_LeafPhotoA_2025-09-08 10_24_39.722-05_00_1.png,1.0,2.0211421173412374
860,1045_LeafPhotoA_2025-09-08 10_24_39.722-05_00_0.png,1.0,1.8619558440301958
861,1045_LeafPhotoA_2025-09-08 10_24_39.722-05_00_3.png,1.0,2.0226581381133935
862,1045_LeafPhotoA_2025-09-08 10_24_39.722-05_00_2.png,1.0,2.0725724361167814
907,1284_LeafPhotoA_2025-09-08 16_03_49.001-05_00_1.png,1.25,1.815922399188522
908,1284_LeafPhotoA_2025-09-08 16_03_49.001-05_00_0.png,1.25,1.7883990023805973
921,,3.75,1.5157717780499624
922,1081_LeafPhotoA_2025-09-08 13_14_07.416-05_00_0.png,3.0,1.96834477851091
923,1081_LeafPhotoA_2025-09-08 13_14_07.416-05_00_1.png,3.0,2.035330293094417
924,1081_LeafPhotoA_2025-09-08 13_14_07.416-05_00_2.png,3.0,2.049235930621828
925,1081_LeafPhotoA_2025-09-08 13_14_07.416-05_00_3.png,3.0,1.6504916329035046
934,1678_LeafPhotoA_2025-09-09 09_34_24.350-05_00_0.png,3.25,1.9495637850522975
935,1678_LeafPhotoA_2025-09-09 09_34_24.350-05_00_1.png,3.25,2.1146541819852955
936,1678_LeafPhotoA_2025-09-09 09_34_24.350-05_00_2.png,3.25,2.116549357831444
960,1956_LeafPhotoA_2025-09-09 17_17_49.256-05_00_1.png,1.75,1.9681969627446958
961,1956_LeafPhotoA_2025-09-09 17_17_49.256-05_00_2.png,1.75,1.8982346433531871
962,1956_LeafPhotoA_2025-09-09 17_17_49.256-05_00_3.png,1.75,1.7991328444181707
963,1956_LeafPhotoA_2025-09-09 17_17_49.256-05_00_0.png,1.75,1.9376081687342686
964,2897_LeafPhotoA_2025-09-09 13_55_49.813-05_00_1.png,1.25,1.6511335712750548
965,2897_LeafPhotoA_2025-09-09 13_55_49.813-05_00_2.png,1.25,1.5191558721219978
966,2897_LeafPhotoA_2025-09-09 13_55_49.813-05_00_0.png,1.25,1.6647422964945688
981,2455_LeafPhotoB_2025-09-08 11_32_47.648-05_00_0.png,4.0,2.1625049063276025
982,2455_LeafPhotoB_2025-09-08 11_32_47.648-05_00_3.png,4.0,2.380408767763295
983,2455_LeafPhotoB_2025-09-08 11_32_47.648-05_00_1.png,4.0,2.405979023622203
984,2455_LeafPhotoB_2025-09-08 11_32_47.648-05_00_2.png,4.0,2.294066541799864
993,,2.75,1.5157717780499624
994,1081_LeafPhotoA_2025-09-08 13_14_31.503-05_00_0.png,2.0,1.8075384883796877
995,1081_LeafPhotoA_2025-09-08 13_14_31.503-05_00_1.png,2.0,1.8630613333994104
996,1081_LeafPhotoA_2025-09-08 13_14_31.503-05_00_2.png,2.0,1.85827555382354
997,1081_LeafPhotoA_2025-09-08 13_14_31.503-05_00_3.png,2.0,2.004250996924311
998,1872_LeafPhotoA_2025-09-09 17_01_06.251-05_00_2.png,1.5,1.7893711185266172
999,1872_LeafPhotoA_2025-09-09 17_01_06.251-05_00_1.png,1.5,1.7414266568565404
1000,1872_LeafPhotoA_2025-09-09 17_01_06.251-05_00_0.png,1.5,1.7801628608064735
1001,1872_LeafPhotoA_2025-09-09 17_01_06.251-05_00_3.png,1.5,1.6956587101356322
1026,2069_LeafPhotoA_2025-09-08 12_03_26.688-05_00_0.png,1.75,2.000553365557247
1027,2069_LeafPhotoA_2025-09-08 12_03_26.688-05_00_1.png,1.75,1.9072149553447937
1028,2069_LeafPhotoA_2025-09-08 12_03_26.688-05_00_2.png,1.75,1.8438632742037577
1029,2069_LeafPhotoA_2025-09-08 12_03_26.688-05_00_3.png,1.75,1.999021426656636
1042,2687_LeafPhotoA_2025-09-09 10_47_11.070-05_00_0.png,1.0,1.8897506672396978
1043,2687_LeafPhotoA_2025-09-09 10_47_11.070-05_00_1.png,1.0,1.9072978547751942
1054,1016_LeafPhotoA_2025-09-08 09_49_45.693-05_00_0.png,2.25,1.8833553547536628
1055,1016_LeafPhotoA_2025-09-08 09_49_45.693-05_00_1.png,2.25,1.7867450346082787
1056,1016_LeafPhotoA_2025-09-08 09_49_45.693-05_00_2.png,2.25,1.7945582477418416
1057,1016_LeafPhotoA_2025-09-08 09_49_45.693-05_00_3.png,2.25,1.9638283764228788
1085,,1.5,1.5157717780499624
1090,2572_LeafPhotoA_2025-09-09 10_48_03.925-05_00_3.png,1.0,1.8337692386289648
1091,2572_LeafPhotoA_2025-09-09 10_48_03.925-05_00_1.png,1.0,1.8381057726860979
1092,2572_LeafPhotoA_2025-09-09 10_48_03.925-05_00_2.png,1.0,1.900480893607864
1093,2572_LeafPhotoA_2025-09-09 10_48_03.925-05_00_0.png,1.0,1.9130678832127408
1094,1483_LeafPhotoB_2025-09-08 16_48_47.018-05_00_1.png,1.75,1.9246773187118829
1095,1483_LeafPhotoB_2025-09-08 16_48_47.018-05_00_3.png,1.75,1.8482859853988685
1096,1483_LeafPhotoB_2025-09-08 16_48_47.018-05_00_2.png,1.75,1.9552406431650449
1097,1483_LeafPhotoB_2025-09-08 16_48_47.018-05_00_0.png,1.75,1.8106567462586098
1125,2158_LeafPhotoA_2025-09-08 12_35_42.896-05_00_0.png,1.5,1.7455564797837084
1126,2158_LeafPhotoA_2025-09-08 12_35_42.896-05_00_1.png,1.5,1.7466136008209963
1130,1800_LeafPhotoA_2025-09-09 10_52_27.692-05_00_3.png,1.5,1.814564235911093
1131,1800_LeafPhotoA_2025-09-09 10_52_27.692-05_00_2.png,1.5,1.7849247163668478
1132,1800_LeafPhotoA_2025-09-09 10_52_27.692-05_00_1.png,1.5,1.728590716626105
1133,1800_LeafPhotoA_2025-09-09 10_52_27.692-05_00_0.png,1.5,1.8128723176024715
1151,1508_LeafPhotoA_2025-09-09 09_02_17.390-05_00_2.png,1.25,1.8184461281456976
1152,1508_LeafPhotoA_2025-09-09 09_02_17.390-05_00_1.png,1.25,1.9331532732645125
1153,1508_LeafPhotoA_2025-09-09 09_02_17.390-05_00_0.png,1.25,1.8945439909435913
1165,1428_LeafPhotoB_2025-09-08 10_20_54.940-05_00_0.png,1.5,1.9907079390901712
1166,1428_LeafPhotoB_2025-09-08 10_20_54.940-05_00_1.png,1.5,2.016520716168935
1167,1428_LeafPhotoB_2025-09-08 10_20_54.940-05_00_2.png,1.5,1.9476068371719015
1168,1428_LeafPhotoB_2025-09-08 10_20_54.940-05_00_3.png,1.5,1.839677219361093
1173,1314_LeafPhotoA_2025-09-08 09_31_44.782-05_00_2.png,2.0,1.7896605602819207
1174,1314_LeafPhotoA_2025-09-08 09_31_44.782-05_00_3.png,2.0,2.000816980356889
1175,1314_LeafPhotoA_2025-09-08 09_31_44.782-05_00_0.png,2.0,1.9554242186987205
1176,1314_LeafPhotoA_2025-09-08 09_31_44.782-05_00_1.png,2.0,1.7424611004575794
1189,1877_LeafPhotoA_2025-09-09 13_21_11.014-05_00_1.png,2.0,2.0569823433964682
1190,1877_LeafPhotoA_2025-09-09 13_21_11.014-05_00_2.png,2.0,2.1104045168824346
1191,1877_LeafPhotoA_2025-09-09 13_21_11.014-05_00_0.png,2.0,1.9532534087845723
1192,1877_LeafPhotoA_2025-09-09 13_21_11.014-05_00_3.png,2.0,1.9776448747062625
1221,1658_LeafPhotoA_2025-09-09 10_12_25.098-05_00_1.png,1.5,1.9752961578875752
1222,1658_LeafPhotoA_2025-09-09 10_12_25.098-05_00_0.png,1.5,1.9129174958182191
1223,1658_LeafPhotoA_2025-09-09 10_12_25.098-05_00_2.png,1.5,1.9883978529680568
1224,1658_LeafPhotoA_2025-09-09 10_12_25.098-05_00_3.png,1.5,2.079854714978056
1269,1864_LeafPhotoA_2025-09-09 13_32_45.370-05_00_3.png,1.25,1.8807717221691929
1270,1864_LeafPhotoA_2025-09-09 13_32_45.370-05_00_1.png,1.25,2.0172685131896513
1271,1864_LeafPhotoA_2025-09-09 13_32_45.370-05_00_0.png,1.25,1.9765652563837315
1272,1864_LeafPhotoA_2025-09-09 13_32_45.370-05_00_2.png,1.25,1.9996048085793645
1273,2763_LeafPhotoA_2025-09-09 16_10_47.493-05_00_0.png,1.5,1.9874242153964263
1274,2763_LeafPhotoA_2025-09-09 16_10_47.493-05_00_1.png,1.5,1.850304673842453
1275,2763_LeafPhotoA_2025-09-09 16_10_47.493-05_00_2.png,1.5,1.862616528674447
1276,2763_LeafPhotoA_2025-09-09 16_10_47.493-05_00_3.png,1.5,1.8275718408416386
1281,2694_LeafPhotoA_2025-09-09 10_36_57.596-05_00_2.png,2.0,1.7049624724166967
1282,2694_LeafPhotoA_2025-09-09 10_36_57.596-05_00_3.png,2.0,1.821303388071928
1283,2694_LeafPhotoA_2025-09-09 10_36_57.596-05_00_1.png,2.0,1.7553028302456244
1284,2694_LeafPhotoA_2025-09-09 10_36_57.596-05_00_0.png,2.0,1.8457234784371948
1292,6035_LeafPhotoA_2025-09-09 16_19_41.324-05_00_1.png,1.5,1.6448346518422365
1293,6035_LeafPhotoA_2025-09-09 16_19_41.324-05_00_2.png,1.5,1.6687858293398639
1294,6035_LeafPhotoA_2025-09-09 16_19_41.324-05_00_0.png,1.5,1.5984762230185756
1295,6035_LeafPhotoA_2025-09-09 16_19_41.324-05_00_3.png,1.5,1.7009307585903943
1342,2307_LeafPhotoA_2025-09-08 10_35_04.821-05_00_0.png,1.5,1.94766778296496
1343,2307_LeafPhotoA_2025-09-08 10_35_04.821-05_00_2.png,1.5,1.998395847584218
1344,2307_LeafPhotoA_2025-09-08 10_35_04.821-05_00_1.png,1.5,1.9387628625217863
1345,2357_LeafPhotoA_2025-09-08 11_28_10.254-05_00_2.png,1.0,1.7632534856529023
1346,2357_LeafPhotoA_2025-09-08 11_28_10.254-05_00_0.png,1.0,1.7501409666977237
1347,2357_LeafPhotoA_2025-09-08 11_28_10.254-05_00_1.png,1.0,1.750457136869787
1371,2040_LeafPhotoA_2025-09-08 11_19_26.696-05_00_0.png,1.75,1.7881510309637378
1372,2040_LeafPhotoA_2025-09-08 11_19_26.696-05_00_1.png,1.75,1.6774686165456174
1373,2040_LeafPhotoA_2025-09-08 11_19_26.696-05_00_2.png,1.75,1.662449461636574
1374,2040_LeafPhotoA_2025-09-08 11_19_26.696-05_00_3.png,1.75,1.725105256486181
1383,1077_LeafPhotoA_2025-09-08 13_10_16.495-05_00_0.png,2.5,1.8981714191233734
1384,1077_LeafPhotoA_2025-09-08 13_10_16.495-05_00_1.png,2.5,1.7500617316429183
1385,1077_LeafPhotoA_2025-09-08 13_10_16.495-05_00_2.png,2.5,1.8397093881941506
1386,1077_LeafPhotoA_2025-09-08 13_10_16.495-05_00_3.png,2.5,1.8864049989478808
1412,1119_LeafPhotoA_2025-09-08 10_03_58.358-05_00_1.png,1.75,1.7593664411716494
1413,1119_LeafPhotoA_2025-09-08 10_03_58.358-05_00_2.png,1.75,1.8191404177030486
1414,1119_LeafPhotoA_2025-09-08 10_03_58.358-05_00_0.png,1.75,1.7104071122053923
1415,1119_LeafPhotoA_2025-09-08 10_03_58.358-05_00_3.png,1.75,1.762639941239516
1424,1023_LeafPhotoA_2025-09-08 09_57_52.275-05_00_0.png,1.0,1.980545031502509
1425,1023_LeafPhotoA_2025-09-08 09_57_52.275-05_00_2.png,1.0,1.8346728826473762
1426,1023_LeafPhotoA_2025-09-08 09_57_52.275-05_00_1.png,1.0,1.9519905065291812
1432,2169_LeafPhotoA_2025-09-09 12_05_18.887-05_00_2.png,2.0,1.7350852215742518
1433,2169_LeafPhotoA_2025-09-09 12_05_18.887-05_00_1.png,2.0,1.7159536214586302
1434,2169_LeafPhotoA_2025-09-09 12_05_18.887-05_00_0.png,2.0,1.893925978912568
1435,2169_LeafPhotoA_2025-09-09 12_05_18.887-05_00_3.png,2.0,1.8353043223331562
1446,1428_LeafPhotoA_2025-09-08 09_50_33.027-05_00_0.png,2.0,2.0021238748902137
1447,1428_LeafPhotoA_2025-09-08 09_50_33.027-05_00_1.png,2.0,2.038941335815781
1448,1428_LeafPhotoA_2025-09-08 09_50_33.027-05_00_2.png,2.0,2.122093747207814
1449,1428_LeafPhotoA_2025-09-08 09_50_33.027-05_00_3.png,2.0,1.8504357920295547
1451,2917_LeafPhotoA_2025-09-09 16_38_04.615-05_00_2.png,1.75,1.8747424606240635
1452,2917_LeafPhotoA_2025-09-09 16_38_04.615-05_00_1.png,1.75,1.9587546626449877
1453,2917_LeafPhotoA_2025-09-09 16_38_04.615-05_00_3.png,1.75,1.9711038026435435
1454,2917_LeafPhotoA_2025-09-09 16_38_04.615-05_00_0.png,1.75,1.86624408905481
1463,1681_LeafPhotoA_2025-09-09 09_29_00.984-05_00_0.png,1.25,1.8835929852392
1464,1681_LeafPhotoA_2025-09-09 09_29_00.984-05_00_1.png,1.25,1.7371151808274612
1481,2652_LeafPhotoA_2025-09-09 11_26_15.311-05_00_2.png,3.25,1.8817810167787732
1482,2652_LeafPhotoA_2025-09-09 11_26_15.311-05_00_1.png,3.25,2.1676569209621666
1483,2652_LeafPhotoA_2025-09-09 11_26_15.311-05_00_3.png,3.25,1.7643203708794999
1484,2652_LeafPhotoA_2025-09-09 11_26_15.311-05_00_0.png,3.25,2.003628145819769
1489,2117_LeafPhotoA_2025-09-08 11_22_01.521-05_00_2.png,2.25,1.9036752608148233
1490,2117_LeafPhotoA_2025-09-08 11_22_01.521-05_00_1.png,2.25,1.7786473459944334
1491,2117_LeafPhotoA_2025-09-08 11_22_01.521-05_00_0.png,2.25,1.8552064857012602
1492,2117_LeafPhotoA_2025-09-08 11_22_01.521-05_00_3.png,2.25,1.7892282441581242
1516,1800_LeafPhotoA_2025-09-09 10_53_17.816-05_00_3.png,2.0,1.7594953704424108
1517,1800_LeafPhotoA_2025-09-09 10_53_17.816-05_00_0.png,2.0,1.7221678699938914
1518,1800_LeafPhotoA_2025-09-09 10_53_17.816-05_00_2.png,2.0,1.8147983191720147
1519,1800_LeafPhotoA_2025-09-09 10_53_17.816-05_00_1.png,2.0,1.7577808593047906
1551,1911_LeafPhotoA_2025-09-09 14_48_38.419-05_00_0.png,2.5,1.8732655914454486
1552,1911_LeafPhotoA_2025-09-09 14_48_38.419-05_00_1.png,2.5,1.9920732753846389
1553,1911_LeafPhotoA_2025-09-09 14_48_38.419-05_00_2.png,2.5,1.9081873001197953
1554,1911_LeafPhotoA_2025-09-09 14_48_38.419-05_00_3.png,2.5,1.8851319504328767
1569,2181_LeafPhotoA_2025-09-09 12_25_47.850-05_00_0.png,4.25,2.343143140153673
1570,2181_LeafPhotoA_2025-09-09 12_25_47.850-05_00_1.png,4.25,2.2432304076722844
1571,2181_LeafPhotoA_2025-09-09 12_25_47.850-05_00_2.png,4.25,2.263729683747195
1572,2181_LeafPhotoA_2025-09-09 12_25_47.850-05_00_3.png,4.25,2.129900947212941
1585,1412_LeafPhotoB_2025-09-08 10_06_24.412-05_00_1.png,1.25,1.7951514658130607
1586,1412_LeafPhotoB_2025-09-08 10_06_24.412-05_00_0.png,1.25,1.603932650832998
1587,1412_LeafPhotoB_2025-09-08 10_06_24.412-05_00_2.png,1.25,1.801267848535409
1588,1412_LeafPhotoB_2025-09-08 10_06_24.412-05_00_3.png,1.25,1.637190342368277
1589,2733_LeafPhotoA_2025-09-09 10_59_34.111-05_00_0.png,3.5,2.1452372224156875
1595,2290_LeafPhotoA_2025-09-08 16_50_22.595-05_00_1.png,2.25,1.7754181616349762
1596,2290_LeafPhotoA_2025-09-08 16_50_22.595-05_00_3.png,2.25,1.7973104435487022
1597,2290_LeafPhotoA_2025-09-08 16_50_22.595-05_00_0.png,2.25,1.8448791520858214
1598,2290_LeafPhotoA_2025-09-08 16_50_22.595-05_00_2.png,2.25,1.7953721174658666
1607,2491_LeafPhotoB_2025-09-08 12_06_12.641-05_00_0.png,1.5,1.7252561399272168
1608,2491_LeafPhotoB_2025-09-08 12_06_12.641-05_00_1.png,1.5,2.0044195841152015
1609,2491_LeafPhotoB_2025-09-08 12_06_12.641-05_00_2.png,1.5,1.7820287632944007
1610,2491_LeafPhotoB_2025-09-08 12_06_12.641-05_00_3.png,1.5,1.7957622665365147
1615,1403_LeafPhotoB_2025-09-08 09_57_03.631-05_00_0.png,2.0,2.0264716065909703
1616,1403_LeafPhotoB_2025-09-08 09_57_03.631-05_00_1.png,2.0,1.8813910292936873
1617,1403_LeafPhotoB_2025-09-08 09_57_03.631-05_00_2.png,2.0,1.919180655656748
1618,1403_LeafPhotoB_2025-09-08 09_57_03.631-05_00_3.png,2.0,1.8152769774125843
1619,2481_LeafPhotoB_2025-09-08 11_58_03.951-05_00_0.png,2.5,1.9646974641648214
1620,2481_LeafPhotoB_2025-09-08 11_58_03.951-05_00_1.png,2.5,1.8225308006635275
1621,2481_LeafPhotoB_2025-09-08 11_58_03.951-05_00_2.png,2.5,1.8336554585268443
1622,2481_LeafPhotoB_2025-09-08 11_58_03.951-05_00_3.png,2.5,1.7893618154023065
1628,1412_LeafPhotoB_2025-09-08 10_06_46.177-05_00_2.png,1.25,1.7481734315762731
1629,1412_LeafPhotoB_2025-09-08 10_06_46.177-05_00_1.png,1.25,1.720231106870426
1630,1412_LeafPhotoB_2025-09-08 10_06_46.177-05_00_0.png,1.25,1.7254402226613796
1631,1412_LeafPhotoB_2025-09-08 10_06_46.177-05_00_3.png,1.25,1.7147548931318404
1639,1230_LeafPhotoA_2025-09-08 10_14_02.865-05_00_0.png,1.5,1.7576683997761788
1640,1230_LeafPhotoA_2025-09-08 10_14_02.865-05_00_1.png,1.5,1.9303259202460663
1641,1230_LeafPhotoA_2025-09-08 10_14_02.865-05_00_2.png,1.5,1.901448703662931
1642,1230_LeafPhotoA_2025-09-08 10_14_02.865-05_00_3.png,1.5,1.8497708715889594
1667,2551_LeafPhotoA_2025-09-09 11_08_14.599-05_00_3.png,1.75,1.8374603402085739
1668,2551_LeafPhotoA_2025-09-09 11_08_14.599-05_00_2.png,1.75,1.8709994473808578
1669,2551_LeafPhotoA_2025-09-09 11_08_14.599-05_00_0.png,1.75,1.885422263060083
1670,2551_LeafPhotoA_2025-09-09 11_08_14.599-05_00_1.png,1.75,1.9541668193763924
1674,1130_LeafPhotoA_2025-09-08 10_20_05.265-05_00_2.png,3.25,1.8043117814310758
1675,1130_LeafPhotoA_2025-09-08 10_20_05.265-05_00_1.png,3.25,1.790782389321742
1676,1130_LeafPhotoA_2025-09-08 10_20_05.265-05_00_0.png,3.25,1.7878246586172033
1677,1130_LeafPhotoA_2025-09-08 10_20_05.265-05_00_3.png,3.25,1.8377078702346104
1684,2191_LeafPhotoA_2025-09-08 17_16_00.546-05_00_0.png,1.5,1.7371289919499575
1685,2191_LeafPhotoA_2025-09-08 17_16_00.546-05_00_1.png,1.5,1.7616032075281445
1686,2191_LeafPhotoA_2025-09-08 17_16_00.546-05_00_2.png,1.5,1.683399781233881
1687,2992_LeafPhotoA_2025-09-09 16_46_31.136-05_00_3.png,2.25,2.1290120372900345
1688,2992_LeafPhotoA_2025-09-09 16_46_31.136-05_00_2.png,2.25,2.165518433972129
1689,2992_LeafPhotoA_2025-09-09 16_46_31.136-05_00_0.png,2.25,1.9429072787256931
1690,2992_LeafPhotoA_2025-09-09 16_46_31.136-05_00_1.png,2.25,2.1369001982534908
1702,2687_LeafPhotoA_2025-09-09 10_47_32.733-05_00_0.png,1.25,1.8702496756983984
1703,2687_LeafPhotoA_2025-09-09 10_47_32.733-05_00_1.png,1.25,1.9202936820392804
1714,1205_LeafPhotoA_2025-09-08 09_27_17.999-05_00_0.png,1.25,1.6966483477688243
1715,1205_LeafPhotoA_2025-09-08 09_27_17.999-05_00_1.png,1.25,1.7014985336140027
1716,1205_LeafPhotoA_2025-09-08 09_27_17.999-05_00_2.png,1.25,1.702052889787116
1717,1205_LeafPhotoA_2025-09-08 09_27_17.999-05_00_3.png,1.25,1.6159664868195847
1722,2450_LeafPhotoB_2025-09-08 11_25_27.986-05_00_2.png,1.5,1.724694640122948
1723,2450_LeafPhotoB_2025-09-08 11_25_27.986-05_00_0.png,1.5,1.874841079367238
1724,2450_LeafPhotoB_2025-09-08 11_25_27.986-05_00_1.png,1.5,1.8272680008612046
1725,2450_LeafPhotoB_2025-09-08 11_25_27.986-05_00_3.png,1.5,1.7304423969496154
1734,2763_LeafPhotoA_2025-09-09 16_11_24.849-05_00_1.png,1.75,1.9262276792654474
1735,2763_LeafPhotoA_2025-09-09 16_11_24.849-05_00_0.png,1.75,1.8937081442298902
1755,1617_LeafPhotoA_2025-09-09 09_43_56.607-05_00_3.png,1.5,1.7234494015790833
1756,1617_LeafPhotoA_2025-09-09 09_43_56.607-05_00_1.png,1.5,1.6884752445830957
1757,1617_LeafPhotoA_2025-09-09 09_43_56.607-05_00_0.png,1.5,1.7786464785805456
1758,1617_LeafPhotoA_2025-09-09 09_43_56.607-05_00_2.png,1.5,1.6111322384159328
1759,2272_LeafPhotoA_2025-09-08 17_11_05.980-05_00_1.png,2.25,1.7980565713445682
1760,2272_LeafPhotoA_2025-09-08 17_11_05.980-05_00_0.png,2.25,1.896830397500678
1776,2315_LeafPhotoA_2025-09-08 10_43_18.717-05_00_0.png,2.0,1.6609671239412678
1777,2315_LeafPhotoA_2025-09-08 10_43_18.717-05_00_1.png,2.0,1.6750949932245545
1778,2315_LeafPhotoA_2025-09-08 10_43_18.717-05_00_2.png,2.0,1.669301475654442
1779,2315_LeafPhotoA_2025-09-08 10_43_18.717-05_00_3.png,2.0,1.8689703583659432
1780,1423_LeafPhotoB_2025-09-08 10_15_40.160-05_00_1.png,3.0,1.839109245865453
1781,1423_LeafPhotoB_2025-09-08 10_15_40.160-05_00_0.png,3.0,1.884329207951813
1782,1423_LeafPhotoB_2025-09-08 10_15_40.160-05_00_2.png,3.0,1.8784112013502496
1783,1423_LeafPhotoB_2025-09-08 10_15_40.160-05_00_3.png,3.0,1.997747805826838
1784,1016_LeafPhotoA_2025-09-08 09_49_16.143-05_00_0.png,2.5,1.9056432212317571
1785,1016_LeafPhotoA_2025-09-08 09_49_16.143-05_00_1.png,2.5,2.077585712253864
1786,1016_LeafPhotoA_2025-09-08 09_49_16.143-05_00_2.png,2.5,1.8640124468163832
1787,1016_LeafPhotoA_2025-09-08 09_49_16.143-05_00_3.png,2.5,1.840748295389573
1792,2526_LeafPhotoA_2025-09-09 10_24_08.055-05_00_1.png,1.75,1.7277872142665331
1793,2526_LeafPhotoA_2025-09-09 10_24_08.055-05_00_3.png,1.75,1.8519613582501322
1794,2526_LeafPhotoA_2025-09-09 10_24_08.055-05_00_0.png,1.75,1.7833949626144652
1795,2526_LeafPhotoA_2025-09-09 10_24_08.055-05_00_2.png,1.75,1.8772417635952368
1812,2037_LeafPhotoA_2025-09-08 11_16_12.785-05_00_1.png,2.0,1.9221794880614413
1813,2037_LeafPhotoA_2025-09-08 11_16_12.785-05_00_0.png,2.0,1.982655596761501
1814,2037_LeafPhotoA_2025-09-08 11_16_12.785-05_00_2.png,2.0,1.950849132375083
1815,2037_LeafPhotoA_2025-09-08 11_16_12.785-05_00_3.png,2.0,2.0110130235154404
1816,2269_LeafPhotoA_2025-09-08 17_13_41.456-05_00_2.png,2.5,1.7610137452255297
1817,2269_LeafPhotoA_2025-09-08 17_13_41.456-05_00_3.png,2.5,1.8523137567734123
1818,2269_LeafPhotoA_2025-09-08 17_13_41.456-05_00_1.png,2.5,1.7078259177049078
1819,2269_LeafPhotoA_2025-09-08 17_13_41.456-05_00_0.png,2.5,1.8996706013016498
1835,1981_LeafPhotoA_2025-09-09 16_40_09.824-05_00_2.png,1.0,1.7489701257634718
1836,1981_LeafPhotoA_2025-09-09 16_40_09.824-05_00_1.png,1.0,1.780766228364429
1837,1981_LeafPhotoA_2025-09-09 16_40_09.824-05_00_3.png,1.0,1.6665785775541995
1838,1981_LeafPhotoA_2025-09-09 16_40_09.824-05_00_0.png,1.0,1.6443288873001867
1843,1392_LeafPhotoA_2025-09-08 13_12_01.932-05_00_0.png,2.25,1.7330789503082713
1844,1392_LeafPhotoA_2025-09-08 13_12_01.932-05_00_1.png,2.25,1.816786252941243
1845,1392_LeafPhotoA_2025-09-08 13_12_01.932-05_00_2.png,2.25,1.7491571420079401
1846,1392_LeafPhotoA_2025-09-08 13_12_01.932-05_00_3.png,2.25,1.9952351817711138
1902,1209_LeafPhotoA_2025-09-08 09_36_46.496-05_00_1.png,1.0,1.8297432280387849
1903,1209_LeafPhotoA_2025-09-08 09_36_46.496-05_00_3.png,1.0,1.7054026618389881
1904,1209_LeafPhotoA_2025-09-08 09_36_46.496-05_00_2.png,1.0,1.8064066193054564
1905,1209_LeafPhotoA_2025-09-08 09_36_46.496-05_00_0.png,1.0,1.724120072704158
1906,1487_LeafPhotoB_2025-09-08 16_51_33.738-05_00_0.png,1.75,1.7479954427734379
1907,1487_LeafPhotoB_2025-09-08 16_51_33.738-05_00_1.png,1.75,1.7442134083800835
1908,1487_LeafPhotoB_2025-09-08 16_51_33.738-05_00_2.png,1.75,1.7169858005905525
1909,1487_LeafPhotoB_2025-09-08 16_51_33.738-05_00_3.png,1.75,1.8176711727962336
1928,2717_LeafPhotoA_2025-09-09 10_36_42.002-05_00_2.png,4.5,2.137037517605269
1929,2717_LeafPhotoA_2025-09-09 10_36_42.002-05_00_3.png,4.5,2.0417118327323815
1930,2717_LeafPhotoA_2025-09-09 10_36_42.002-05_00_0.png,4.5,2.021005764457473
1931,2717_LeafPhotoA_2025-09-09 10_36_42.002-05_00_1.png,4.5,2.1960636645507474
1989,2723_LeafPhotoA_2025-09-09 10_44_34.871-05_00_1.png,3.25,1.9740811040108528
1990,2723_LeafPhotoA_2025-09-09 10_44_34.871-05_00_2.png,3.25,1.8810646016068464
1991,2723_LeafPhotoA_2025-09-09 10_44_34.871-05_00_3.png,3.25,1.851045240164676
1992,2723_LeafPhotoA_2025-09-09 10_44_34.871-05_00_0.png,3.25,2.0466522386671757
1993,1125_LeafPhotoA_2025-09-08 10_12_23.672-05_00_1.png,1.75,1.7055976577346907
1994,1125_LeafPhotoA_2025-09-08 10_12_23.672-05_00_0.png,1.75,1.7493065318781027
1995,1125_LeafPhotoA_2025-09-08 10_12_23.672-05_00_2.png,1.75,1.733283109261255
1996,1125_LeafPhotoA_2025-09-08 10_12_23.672-05_00_3.png,1.75,1.7760585783634442
1997,2678_LeafPhotoA_2025-09-09 11_04_41.551-05_00_0.png,2.0,2.011594629546474
1998,2678_LeafPhotoA_2025-09-09 11_04_41.551-05_00_1.png,2.0,2.0341494040740606
1999,2678_LeafPhotoA_2025-09-09 11_04_41.551-05_00_2.png,2.0,2.1870985372502916
2005,2040_LeafPhotoA_2025-09-08 11_19_56.770-05_00_0.png,2.5,1.7221928068075392
2006,2040_LeafPhotoA_2025-09-08 11_19_56.770-05_00_1.png,2.5,1.6583295504630293
2007,2040_LeafPhotoA_2025-09-08 11_19_56.770-05_00_2.png,2.5,1.8849636397139917
2008,2040_LeafPhotoA_2025-09-08 11_19_56.770-05_00_3.png,2.5,1.8711163232796755
2023,2229_LeafPhotoA_2025-09-08 11_33_21.108-05_00_1.png,2.0,1.7605751180847427
2024,2229_LeafPhotoA_2025-09-08 11_33_21.108-05_00_2.png,2.0,1.7120100083941145
2025,2229_LeafPhotoA_2025-09-08 11_33_21.108-05_00_3.png,2.0,1.7921636932146825
2026,2229_LeafPhotoA_2025-09-08 11_33_21.108-05_00_0.png,2.0,1.816587608162552
2034,5010_LeafPhotoA_2025-09-09 16_12_11.860-05_00_1.png,1.25,1.6424385811650835
2035,5010_LeafPhotoA_2025-09-09 16_12_11.860-05_00_0.png,1.25,1.7198437045169122
2036,5010_LeafPhotoA_2025-09-09 16_12_11.860-05_00_3.png,1.25,1.649510566973499
2037,5010_LeafPhotoA_2025-09-09 16_12_11.860-05_00_2.png,1.25,1.644989289969951
2042,1125_LeafPhotoA_2025-09-08 10_13_03.747-05_00_1.png,1.25,1.8373434228807088
2043,1125_LeafPhotoA_2025-09-08 10_13_03.747-05_00_0.png,1.25,1.8477400936938215
2044,1125_LeafPhotoA_2025-09-08 10_13_03.747-05_00_3.png,1.25,1.7511090905528197
2045,1125_LeafPhotoA_2025-09-08 10_13_03.747-05_00_2.png,1.25,1.712392660895176
2059,2750_LeafPhotoA_2025-09-09 11_21_52.462-05_00_0.png,1.5,1.8483527865766527
2060,2750_LeafPhotoA_2025-09-09 11_21_52.462-05_00_1.png,1.5,1.833212041578454
2061,2750_LeafPhotoA_2025-09-09 11_21_52.462-05_00_2.png,1.5,1.95659309213301
2062,2750_LeafPhotoA_2025-09-09 11_21_52.462-05_00_3.png,1.5,2.0480750551679456
2063,1258_LeafPhotoA_2025-09-08 16_31_15.963-05_00_0.png,2.25,1.881311360902439
2064,1258_LeafPhotoA_2025-09-08 16_31_15.963-05_00_1.png,2.25,1.9725268242853766
2065,1258_LeafPhotoA_2025-09-08 16_31_15.963-05_00_3.png,2.25,1.888495432877286
2066,1258_LeafPhotoA_2025-09-08 16_31_15.963-05_00_2.png,2.25,1.8643481859947024
2099,2037_LeafPhotoA_2025-09-08 11_16_27.368-05_00_0.png,1.75,1.6657708633976511
2100,2037_LeafPhotoA_2025-09-08 11_16_27.368-05_00_1.png,1.75,1.7598196335666816
2101,2037_LeafPhotoA_2025-09-08 11_16_27.368-05_00_2.png,1.75,1.8175802590404937
2102,2037_LeafPhotoA_2025-09-08 11_16_27.368-05_00_3.png,1.75,2.0479148996280743
2111,2678_LeafPhotoA_2025-09-09 11_04_09.961-05_00_2.png,2.0,1.888253530821872
2112,2678_LeafPhotoA_2025-09-09 11_04_09.961-05_00_1.png,2.0,1.9011281216901876
2113,2678_LeafPhotoA_2025-09-09 11_04_09.961-05_00_0.png,2.0,1.9023835660437363
2114,1944_LeafPhotoA_2025-09-09 16_01_21.249-05_00_0.png,2.5,2.2347365943269963
2115,1944_LeafPhotoA_2025-09-09 16_01_21.249-05_00_1.png,2.5,1.981761062766299
2116,1944_LeafPhotoA_2025-09-09 16_01_21.249-05_00_2.png,2.5,1.9698863929825017
2117,1944_LeafPhotoA_2025-09-09 16_01_21.249-05_00_3.png,2.5,1.9941561406013684
2125,2434_LeafPhotoB_2025-09-08 11_10_53.702-05_00_3.png,1.5,1.7728722499014626
2126,2434_LeafPhotoB_2025-09-08 11_10_53.702-05_00_0.png,1.5,1.928431295965276
2127,2434_LeafPhotoB_2025-09-08 11_10_53.702-05_00_1.png,1.5,1.9460235343337968
2128,2434_LeafPhotoB_2025-09-08 11_10_53.702-05_00_2.png,1.5,1.8411745449535084
2141,1127_LeafPhotoA_2025-09-08 10_15_24.325-05_00_0.png,2.5,1.7474881539209752
2142,1127_LeafPhotoA_2025-09-08 10_15_24.325-05_00_1.png,2.5,1.8760666057704436
2143,1127_LeafPhotoA_2025-09-08 10_15_24.325-05_00_2.png,2.5,1.8210836097972811
2144,1127_LeafPhotoA_2025-09-08 10_15_24.325-05_00_3.png,2.5,1.9849405669687221
2198,1493_LeafPhotoB_2025-09-08 16_57_00.908-05_00_0.png,2.5,1.9000957176208717
2199,1493_LeafPhotoB_2025-09-08 16_57_00.908-05_00_3.png,2.5,2.0388270316177612
2200,1493_LeafPhotoB_2025-09-08 16_57_00.908-05_00_1.png,2.5,1.9747972357060621
2201,1493_LeafPhotoB_2025-09-08 16_57_00.908-05_00_2.png,2.5,2.114524639890233
2218,1877_LeafPhotoA_2025-09-09 13_21_50.382-05_00_2.png,1.25,1.8275700291468744
2219,1877_LeafPhotoA_2025-09-09 13_21_50.382-05_00_1.png,1.25,1.7995116706291017
2220,1877_LeafPhotoA_2025-09-09 13_21_50.382-05_00_0.png,1.25,1.6888490115727932
2221,1877_LeafPhotoA_2025-09-09 13_21_50.382-05_00_3.png,1.25,1.8914884924949389
2222,,2.0,1.5157717780499624
2226,1582_LeafPhotoA_2025-09-09 09_42_32.403-05_00_2.png,2.25,1.8756621437168675
2227,1582_LeafPhotoA_2025-09-09 09_42_32.403-05_00_0.png,2.25,1.8858683289266214
2228,1582_LeafPhotoA_2025-09-09 09_42_32.403-05_00_1.png,2.25,1.8065360178177503
2229,1582_LeafPhotoA_2025-09-09 09_42_32.403-05_00_3.png,2.25,1.8331684961038925
2235,2477_LeafPhotoB_2025-09-08 11_52_47.408-05_00_3.png,3.25,2.0776970255379967
2236,2477_LeafPhotoB_2025-09-08 11_52_47.408-05_00_2.png,3.25,2.0343299370491574
2237,2477_LeafPhotoB_2025-09-08 11_52_47.408-05_00_1.png,3.25,2.0572996223802757
2238,2477_LeafPhotoB_2025-09-08 11_52_47.408-05_00_0.png,3.25,2.077735960153212
2286,1067_LeafPhotoA_2025-09-08 12_59_13.071-05_00_3.png,1.25,1.8269091663410537
2287,1067_LeafPhotoA_2025-09-08 12_59_13.071-05_00_0.png,1.25,1.7767079317767958
2288,1067_LeafPhotoA_2025-09-08 12_59_13.071-05_00_1.png,1.25,1.6887572215245528
2289,1067_LeafPhotoA_2025-09-08 12_59_13.071-05_00_2.png,1.25,1.77073104742775
2298,1311_LeafPhotoA_2025-09-08 09_27_50.762-05_00_3.png,2.25,1.741399198068497
2299,1311_LeafPhotoA_2025-09-08 09_27_50.762-05_00_0.png,2.25,1.7683940600338008
2300,1311_LeafPhotoA_2025-09-08 09_27_50.762-05_00_1.png,2.25,1.680933378322154
2301,1311_LeafPhotoA_2025-09-08 09_27_50.762-05_00_2.png,2.25,1.702136921501595
2310,1627_LeafPhotoA_2025-09-09 10_06_34.203-05_00_0.png,1.5,1.7991548369272936
2311,1627_LeafPhotoA_2025-09-09 10_06_34.203-05_00_1.png,1.5,1.649216558525056
2312,1627_LeafPhotoA_2025-09-09 10_06_34.203-05_00_2.png,1.5,1.6999418696977457
2313,1627_LeafPhotoA_2025-09-09 10_06_34.203-05_00_3.png,1.5,1.5765240670438536
2329,2717_LeafPhotoA_2025-09-09 10_36_52.862-05_00_2.png,3.25,2.060397163647272
2330,2717_LeafPhotoA_2025-09-09 10_36_52.862-05_00_0.png,3.25,2.062215587721104
2331,2717_LeafPhotoA_2025-09-09 10_36_52.862-05_00_1.png,3.25,1.9403524008603923
2332,1130_LeafPhotoA_2025-09-08 10_20_33.571-05_00_1.png,1.75,1.7902350813772796
2333,1130_LeafPhotoA_2025-09-08 10_20_33.571-05_00_0.png,1.75,1.7768666131742983
2334,1130_LeafPhotoA_2025-09-08 10_20_33.571-05_00_3.png,1.75,1.815256325540429
2335,1130_LeafPhotoA_2025-09-08 10_20_33.571-05_00_2.png,1.75,1.852892861958035
2362,2207_LeafPhotoA_2025-09-08 10_54_55.448-05_00_0.png,1.25,2.0201484935168788
2363,2207_LeafPhotoA_2025-09-08 10_54_55.448-05_00_1.png,1.25,1.8778634803623544
2364,2207_LeafPhotoA_2025-09-08 10_54_55.448-05_00_2.png,1.25,1.9129514573189086
2365,2207_LeafPhotoA_2025-09-08 10_54_55.448-05_00_3.png,1.25,1.7532932542643866
2370,1617_LeafPhotoA_2025-09-09 09_44_34.252-05_00_0.png,1.5,2.1050379407972177
2371,1617_LeafPhotoA_2025-09-09 09_44_34.252-05_00_2.png,1.5,2.007440946726077
2372,1617_LeafPhotoA_2025-09-09 09_44_34.252-05_00_1.png,1.5,2.040309783960664
2405,1184_LeafPhotoA_2025-09-08 16_08_30.015-05_00_0.png,2.75,2.006483672831135
2406,1184_LeafPhotoA_2025-09-08 16_08_30.015-05_00_2.png,2.75,2.0757967325971993
2407,1184_LeafPhotoA_2025-09-08 16_08_30.015-05_00_3.png,2.75,2.0088250913858134
2408,1184_LeafPhotoA_2025-09-08 16_08_30.015-05_00_1.png,2.75,2.0597757819665707
2475,2338_LeafPhotoA_2025-09-08 11_06_38.534-05_00_3.png,3.5,1.981708029269707
2476,2338_LeafPhotoA_2025-09-08 11_06_38.534-05_00_2.png,3.5,2.0412156277379534
2477,2338_LeafPhotoA_2025-09-08 11_06_38.534-05_00_0.png,3.5,2.1103538419126755
2478,2338_LeafPhotoA_2025-09-08 11_06_38.534-05_00_1.png,3.5,2.0877168591951003
2498,1644_LeafPhotoA_2025-09-09 10_35_13.308-05_00_0.png,1.25,1.8925880004632654
2499,1644_LeafPhotoA_2025-09-09 10_35_13.308-05_00_1.png,1.25,1.8381504895710552
2500,1644_LeafPhotoA_2025-09-09 10_35_13.308-05_00_2.png,1.25,1.8632285953371945
2501,1644_LeafPhotoA_2025-09-09 10_35_13.308-05_00_3.png,1.25,1.6832123326275457
2506,2981_LeafPhotoA_2025-09-09 16_33_03.761-05_00_0.png,2.5,1.7463076983122336
2507,2981_LeafPhotoA_2025-09-09 16_33_03.761-05_00_1.png,2.5,1.9793425678101562
2508,2981_LeafPhotoA_2025-09-09 16_33_03.761-05_00_2.png,2.5,1.7382503322539606
2513,1731_LeafPhotoA_2025-09-09 09_38_23.442-05_00_1.png,1.5,1.9887142717385948
2514,1731_LeafPhotoA_2025-09-09 09_38_23.442-05_00_2.png,1.5,2.174497610087927
2515,1731_LeafPhotoA_2025-09-09 09_38_23.442-05_00_0.png,1.5,1.884911889752833
2572,2466_LeafPhotoB_2025-09-08 11_42_42.225-05_00_2.png,1.0,1.6481391837597832
2573,2466_LeafPhotoB_2025-09-08 11_42_42.225-05_00_1.png,1.0,1.6708618213652298
2574,2466_LeafPhotoB_2025-09-08 11_42_42.225-05_00_0.png,1.0,1.6544347981377185
2575,2466_LeafPhotoB_2025-09-08 11_42_42.225-05_00_3.png,1.0,1.650417979361742
2584,2877_LeafPhotoA_2025-09-09 14_42_55.104-05_00_0.png,1.25,1.7931171339571566
2585,2877_LeafPhotoA_2025-09-09 14_42_55.104-05_00_1.png,1.25,1.798673646845715
2586,2877_LeafPhotoA_2025-09-09 14_42_55.104-05_00_3.png,1.25,1.701948120905636
2587,2877_LeafPhotoA_2025-09-09 14_42_55.104-05_00_2.png,1.25,1.7954487121455376
2629,,1.5,1.5157717780499624
2634,2169_LeafPhotoA_2025-09-09 12_05_10.533-05_00_0.png,2.25,2.060602937718457
2666,2568_LeafPhotoA_2025-09-09 10_50_54.288-05_00_2.png,1.25,1.9979912239033757
2667,2568_LeafPhotoA_2025-09-09 10_50_54.288-05_00_3.png,1.25,1.9555029348110926
2668,2568_LeafPhotoA_2025-09-09 10_50_54.288-05_00_1.png,1.25,1.9197575870350527
2669,2568_LeafPhotoA_2025-09-09 10_50_54.288-05_00_0.png,1.25,1.9636365427470066
2674,1873_LeafPhotoA_2025-09-09 13_24_25.512-05_00_0.png,2.25,1.9256944983551005
2675,1873_LeafPhotoA_2025-09-09 13_24_25.512-05_00_1.png,2.25,2.0953520876107476
2676,1873_LeafPhotoA_2025-09-09 13_24_25.512-05_00_2.png,2.25,1.9524002452118732
2677,1873_LeafPhotoA_2025-09-09 13_24_25.512-05_00_3.png,2.25,1.9007520808547331
2678,1657_LeafPhotoA_2025-09-09 10_13_53.773-05_00_0.png,1.25,1.7825926455550698
2679,1657_LeafPhotoA_2025-09-09 10_13_53.773-05_00_1.png,1.25,1.8134048016155455
2683,1873_LeafPhotoA_2025-09-09 13_25_03.055-05_00_2.png,2.75,1.9474135330439142
2684,1873_LeafPhotoA_2025-09-09 13_25_03.055-05_00_0.png,2.75,1.910551825001141
2685,1873_LeafPhotoA_2025-09-09 13_25_03.055-05_00_3.png,2.75,1.936503701793562
2686,1873_LeafPhotoA_2025-09-09 13_25_03.055-05_00_1.png,2.75,1.8460907951039665
2699,2066_LeafPhotoA_2025-09-08 12_00_00.120-05_00_0.png,1.5,1.9058511321235425
2700,2066_LeafPhotoA_2025-09-08 12_00_00.120-05_00_1.png,1.5,1.7590356897869726
2701,2066_LeafPhotoA_2025-09-08 12_00_00.120-05_00_2.png,1.5,1.8234295066684039
2702,2066_LeafPhotoA_2025-09-08 12_00_00.120-05_00_3.png,1.5,1.8012520433052066
2707,1877_LeafPhotoA_2025-09-09 13_21_29.026-05_00_2.png,2.5,2.0864808926306013
2708,1877_LeafPhotoA_2025-09-09 13_21_29.026-05_00_0.png,2.5,2.0480090664785404
2709,1877_LeafPhotoA_2025-09-09 13_21_29.026-05_00_3.png,2.5,2.1335337298164205
2710,1877_LeafPhotoA_2025-09-09 13_21_29.026-05_00_1.png,2.5,1.900181293552993
2715,1149_LeafPhotoA_2025-09-08 10_47_32.215-05_00_0.png,2.25,2.0762935032373893
2716,1149_LeafPhotoA_2025-09-08 10_47_32.215-05_00_1.png,2.25,1.9882693858751346
2717,1149_LeafPhotoA_2025-09-08 10_47_32.215-05_00_2.png,2.25,2.099140494453249
2718,1149_LeafPhotoA_2025-09-08 10_47_32.215-05_00_3.png,2.25,2.1541313807760325
2730,1359_LeafPhotoA_2025-09-08 12_38_47.936-05_00_0.png,2.0,1.932200276695645
2731,1359_LeafPhotoA_2025-09-08 12_38_47.936-05_00_1.png,2.0,1.9280446141231369
2732,1359_LeafPhotoA_2025-09-08 12_38_47.936-05_00_2.png,2.0,1.9179427105791638
2741,2992_LeafPhotoA_2025-09-09 16_46_47.466-05_00_1.png,1.5,1.9582775444208773
2742,2992_LeafPhotoA_2025-09-09 16_46_47.466-05_00_0.png,1.5,1.8606547194232703
2743,2992_LeafPhotoA_2025-09-09 16_46_47.466-05_00_3.png,1.5,1.8556381412208245
2744,2992_LeafPhotoA_2025-09-09 16_46_47.466-05_00_2.png,1.5,2.1389947093388115
2801,2071_LeafPhotoA_2025-09-08 12_05_40.977-05_00_0.png,1.75,1.9523337867815689
2802,2071_LeafPhotoA_2025-09-08 12_05_40.977-05_00_1.png,1.75,2.0139562938217397
2803,2071_LeafPhotoA_2025-09-08 12_05_40.977-05_00_2.png,1.75,2.115171106954353
2804,2071_LeafPhotoA_2025-09-08 12_05_40.977-05_00_3.png,1.75,1.9612349117989958
2806,,2.5,1.5157717780499624
2846,1553_LeafPhotoA_2025-09-09 10_18_50.828-05_00_0.png,1.5,1.7146669500614078
2847,1553_LeafPhotoA_2025-09-09 10_18_50.828-05_00_1.png,1.5,1.7054476449950742
2848,1553_LeafPhotoA_2025-09-09 10_18_50.828-05_00_2.png,1.5,1.6940192629880986
2849,1553_LeafPhotoA_2025-09-09 10_18_50.828-05_00_3.png,1.5,1.6381275721760071
2872,2826_LeafPhotoA_2025-09-09 10_42_31.280-05_00_0.png,2.0,1.9482713763100379
2873,2826_LeafPhotoA_2025-09-09 10_42_31.280-05_00_1.png,2.0,1.7605718553838228
2874,2826_LeafPhotoA_2025-09-09 10_42_31.280-05_00_2.png,2.0,1.998609790026151
2875,2826_LeafPhotoA_2025-09-09 10_42_31.280-05_00_3.png,2.0,1.7983928809784566
2888,2831_LeafPhotoA_2025-09-09 10_48_28.918-05_00_1.png,2.0,1.8799153312086643
2889,2831_LeafPhotoA_2025-09-09 10_48_28.918-05_00_0.png,2.0,1.8593543855632664
2890,2831_LeafPhotoA_2025-09-09 10_48_28.918-05_00_2.png,2.0,1.8019290845127864
2898,2478_LeafPhotoB_2025-09-08 11_54_11.812-05_00_0.png,1.75,2.239192367643754
2899,2478_LeafPhotoB_2025-09-08 11_54_11.812-05_00_1.png,1.75,2.189232210352859
2900,2478_LeafPhotoB_2025-09-08 11_54_11.812-05_00_2.png,1.75,2.0196258608656783
2901,2478_LeafPhotoB_2025-09-08 11_54_11.812-05_00_3.png,1.75,2.160640377117025
2924,1464_LeafPhotoB_2025-09-08 16_27_57.851-05_00_1.png,1.75,2.123285370360957
2925,1464_LeafPhotoB_2025-09-08 16_27_57.851-05_00_2.png,1.75,2.0377389813743942
2926,1464_LeafPhotoB_2025-09-08 16_27_57.851-05_00_3.png,1.75,1.7841131105212853
2927,1464_LeafPhotoB_2025-09-08 16_27_57.851-05_00_0.png,1.75,2.0194842826014825
2940,2290_LeafPhotoA_2025-09-08 16_50_03.639-05_00_0.png,1.5,1.8669460875811492
2941,2290_LeafPhotoA_2025-09-08 16_50_03.639-05_00_1.png,1.5,1.8734180571307246
2942,2290_LeafPhotoA_2025-09-08 16_50_03.639-05_00_2.png,1.5,1.7841033769856087
2943,2290_LeafPhotoA_2025-09-08 16_50_03.639-05_00_3.png,1.5,1.7376626174379772
2972,1032_LeafPhotoA_2025-09-08 10_07_30.322-05_00_2.png,1.75,2.096934706390261
2973,1032_LeafPhotoA_2025-09-08 10_07_30.322-05_00_1.png,1.75,1.9770115066861984
2974,1032_LeafPhotoA_2025-09-08 10_07_30.322-05_00_3.png,1.75,2.0243609415704156
2975,1032_LeafPhotoA_2025-09-08 10_07_30.322-05_00_0.png,1.75,1.8639702516453915
3015,1877_LeafPhotoA_2025-09-09 17_04_42.599-05_00_0.png,2.25,1.7631365970066875
3016,1877_LeafPhotoA_2025-09-09 17_04_42.599-05_00_3.png,2.25,1.8938484905375619
3017,1877_LeafPhotoA_2025-09-09 17_04_42.599-05_00_2.png,2.25,1.8696184799315
3018,1877_LeafPhotoA_2025-09-09 17_04_42.599-05_00_1.png,2.25,1.6469066100590262
3035,2737_LeafPhotoA_2025-09-09 11_04_04.650-05_00_0.png,3.25,1.9418458944829982
3036,2737_LeafPhotoA_2025-09-09 11_04_04.650-05_00_1.png,3.25,1.9629593889230716
3037,2737_LeafPhotoA_2025-09-09 11_04_04.650-05_00_2.png,3.25,1.8133486145535522
3038,2737_LeafPhotoA_2025-09-09 11_04_04.650-05_00_3.png,3.25,1.8054260415085337
3043,1903_LeafPhotoA_2025-09-09 14_22_36.498-05_00_1.png,2.5,1.8376499024563429
3044,1903_LeafPhotoA_2025-09-09 14_22_36.498-05_00_0.png,2.5,1.8331900593346404
3045,1903_LeafPhotoA_2025-09-09 14_22_36.498-05_00_3.png,2.5,1.7511346341352134
3046,1903_LeafPhotoA_2025-09-09 14_22_36.498-05_00_2.png,2.5,1.8624114122891233
3047,,1.75,1.5157717780499624
3056,1712_LeafPhotoA_2025-09-09 09_07_57.472-05_00_0.png,3.5,2.059796143784355
3057,1712_LeafPhotoA_2025-09-09 09_07_57.472-05_00_1.png,3.5,2.022875986503287
3058,1712_LeafPhotoA_2025-09-09 09_07_57.472-05_00_2.png,3.5,2.2293572011413287
3059,1712_LeafPhotoA_2025-09-09 09_07_57.472-05_00_3.png,3.5,2.211334752128676
3063,1302_LeafPhotoA_2025-09-08 10_22_31.224-05_00_1.png,3.0,1.840947366337651
3064,1302_LeafPhotoA_2025-09-08 10_22_31.224-05_00_2.png,3.0,1.815941082120223
3065,1302_LeafPhotoA_2025-09-08 10_22_31.224-05_00_0.png,3.0,1.8133491983270422
3066,1654_LeafPhotoA_2025-09-09 10_18_00.201-05_00_2.png,1.25,1.847148078245069
3067,1654_LeafPhotoA_2025-09-09 10_18_00.201-05_00_0.png,1.25,1.834367542311597
3068,1654_LeafPhotoA_2025-09-09 10_18_00.201-05_00_1.png,1.25,1.7311075557529088
3073,1374_LeafPhotoA_2025-09-08 12_56_08.244-05_00_2.png,1.25,1.932804116741052
3074,1374_LeafPhotoA_2025-09-08 12_56_08.244-05_00_0.png,1.25,1.743095883431049
3075,1374_LeafPhotoA_2025-09-08 12_56_08.244-05_00_3.png,1.25,1.9964384646799396
3076,1374_LeafPhotoA_2025-09-08 12_56_08.244-05_00_1.png,1.25,1.9460970934366963
3093,1825_LeafPhotoA_2025-09-09 09_26_26.568-05_00_2.png,1.0,1.5900191171138596
3094,1825_LeafPhotoA_2025-09-09 09_26_26.568-05_00_3.png,1.0,1.6259664212139677
3095,1825_LeafPhotoA_2025-09-09 09_26_26.568-05_00_1.png,1.0,1.5585751071643457
3096,1825_LeafPhotoA_2025-09-09 09_26_26.568-05_00_0.png,1.0,1.691468816219097
3117,2979_LeafPhotoA_2025-09-09 16_31_00.348-05_00_3.png,1.5,1.9284144825977256
3118,2979_LeafPhotoA_2025-09-09 16_31_00.348-05_00_1.png,1.5,1.9606610307047638
3119,2979_LeafPhotoA_2025-09-09 16_31_00.348-05_00_2.png,1.5,1.9540338663569727
3120,2979_LeafPhotoA_2025-09-09 16_31_00.348-05_00_0.png,1.5,1.9625015842229332
3153,2543_LeafPhotoA_2025-09-09 10_42_41.692-05_00_3.png,2.25,2.070476175222537
3154,2543_LeafPhotoA_2025-09-09 10_42_41.692-05_00_0.png,2.25,1.9233026265301933
3155,2543_LeafPhotoA_2025-09-09 10_42_41.692-05_00_2.png,2.25,1.9653522956916558
3156,2543_LeafPhotoA_2025-09-09 10_42_41.692-05_00_1.png,2.25,1.9547460843814084
3161,2309_LeafPhotoA_2025-09-08 10_37_11.316-05_00_0.png,1.75,1.9110449025196525
3162,2309_LeafPhotoA_2025-09-08 10_37_11.316-05_00_2.png,1.75,1.799246759031141
3163,2309_LeafPhotoA_2025-09-08 10_37_11.316-05_00_1.png,1.75,1.9108485254479384
3164,2309_LeafPhotoA_2025-09-08 10_37_11.316-05_00_3.png,1.75,1.8116396560901682
3177,2069_LeafPhotoA_2025-09-08 12_03_40.102-05_00_0.png,1.5,1.9166020520345455
3178,2069_LeafPhotoA_2025-09-08 12_03_40.102-05_00_1.png,1.5,1.8089091922211242
3179,2069_LeafPhotoA_2025-09-08 12_03_40.102-05_00_2.png,1.5,1.6882257593077161
3180,2069_LeafPhotoA_2025-09-08 12_03_40.102-05_00_3.png,1.5,1.7813285597043456
3181,2220_LeafPhotoA_2025-09-08 11_18_41.599-05_00_0.png,2.75,1.6920122895975527
3182,2220_LeafPhotoA_2025-09-08 11_18_41.599-05_00_1.png,2.75,1.866694238783876
3183,2220_LeafPhotoA_2025-09-08 11_18_41.599-05_00_2.png,2.75,1.9982926223914743
3184,2220_LeafPhotoA_2025-09-08 11_18_41.599-05_00_3.png,2.75,1.984716107170963
3189,2432_LeafPhotoB_2025-09-08 11_09_28.923-05_00_3.png,1.25,1.7447203015677883
3190,2432_LeafPhotoB_2025-09-08 11_09_28.923-05_00_1.png,1.25,1.6496541569187175
3191,2432_LeafPhotoB_2025-09-08 11_09_28.923-05_00_2.png,1.25,1.7586975349843137
3192,2432_LeafPhotoB_2025-09-08 11_09_28.923-05_00_0.png,1.25,1.8951240506569451
3194,2322_LeafPhotoA_2025-09-08 10_50_00.196-05_00_0.png,1.25,1.623817043456255
3195,2322_LeafPhotoA_2025-09-08 10_50_00.196-05_00_1.png,1.25,1.5178717088429527
3196,2322_LeafPhotoA_2025-09-08 10_50_00.196-05_00_2.png,1.25,1.7307760023935044
3197,2322_LeafPhotoA_2025-09-08 10_50_00.196-05_00_3.png,1.25,1.6627576489276001
3198,2826_LeafPhotoA_2025-09-09 10_41_32.330-05_00_0.png,1.5,1.8608117118237697
3199,2826_LeafPhotoA_2025-09-09 10_41_32.330-05_00_1.png,1.5,1.8057835146503396
3200,2826_LeafPhotoA_2025-09-09 10_41_32.330-05_00_2.png,1.5,1.803432722055208
3201,2826_LeafPhotoA_2025-09-09 10_41_32.330-05_00_3.png,1.5,1.7942212746994586
3211,2257_LeafPhotoA_2025-09-08 12_26_38.283-05_00_0.png,1.5,1.5910393236565954
3212,2257_LeafPhotoA_2025-09-08 12_26_38.283-05_00_1.png,1.5,1.5234258132191818
3213,2257_LeafPhotoA_2025-09-08 12_26_38.283-05_00_2.png,1.5,1.5264759719219012
3214,2257_LeafPhotoA_2025-09-08 12_26_38.283-05_00_3.png,1.5,1.579821615054515
3222,1834_LeafPhotoA_2025-09-09 09_42_08.907-05_00_0.png,2.0,1.6471548432164262
3223,1834_LeafPhotoA_2025-09-09 09_42_08.907-05_00_1.png,2.0,1.8148169718742841
3224,1834_LeafPhotoA_2025-09-09 09_42_08.907-05_00_2.png,2.0,1.7497331624035257
3225,1834_LeafPhotoA_2025-09-09 09_42_08.907-05_00_3.png,2.0,1.6402028831344655
3226,,1.5,1.5157717780499624
3227,2418_LeafPhotoB_2025-09-08 10_56_40.105-05_00_3.png,1.75,1.803436527166343
3228,2418_LeafPhotoB_2025-09-08 10_56_40.105-05_00_0.png,1.75,1.8241762627315037
3229,2418_LeafPhotoB_2025-09-08 10_56_40.105-05_00_1.png,1.75,1.6359891757883605
3230,2418_LeafPhotoB_2025-09-08 10_56_40.105-05_00_2.png,1.75,1.67323615736071
3265,2706_LeafPhotoA_2025-09-09 10_21_29.913-05_00_0.png,3.5,2.0053364675910386
3266,2706_LeafPhotoA_2025-09-09 10_21_29.913-05_00_1.png,3.5,2.0770071204689176
3267,2706_LeafPhotoA_2025-09-09 10_21_29.913-05_00_2.png,3.5,2.007294904706417
3268,2706_LeafPhotoA_2025-09-09 10_21_29.913-05_00_3.png,3.5,1.940980908289662
3277,1545_LeafPhotoA_2025-09-09 09_45_27.497-05_00_0.png,1.25,1.8188064846297616
3278,1545_LeafPhotoA_2025-09-09 09_45_27.497-05_00_1.png,1.25,1.7205194569751807
3279,1545_LeafPhotoA_2025-09-09 09_45_27.497-05_00_2.png,1.25,1.706861181121135
3280,1545_LeafPhotoA_2025-09-09 09_45_27.497-05_00_3.png,1.25,1.7562700531255688
3281,6014_LeafPhotoA_2025-09-09 16_54_50.169-05_00_1.png,1.5,1.6815311656290146
3282,6014_LeafPhotoA_2025-09-09 16_54_50.169-05_00_2.png,1.5,1.7264177863947827
3283,6014_LeafPhotoA_2025-09-09 16_54_50.169-05_00_3.png,1.5,1.7296157321672985
3284,6014_LeafPhotoA_2025-09-09 16_54_50.169-05_00_0.png,1.5,1.7453975113696734
3289,2095_LeafPhotoA_2025-09-08 12_31_36.632-05_00_3.png,2.75,2.093432824892203
3290,2095_LeafPhotoA_2025-09-08 12_31_36.632-05_00_2.png,2.75,2.002372212330368
3291,2095_LeafPhotoA_2025-09-08 12_31_36.632-05_00_0.png,2.75,1.9023083795249383
3292,2095_LeafPhotoA_2025-09-08 12_31_36.632-05_00_1.png,2.75,1.8481444989277696
3297,1300_LeafPhotoA_2025-09-08 16_38_09.236-05_00_1.png,2.75,1.92207334720958
3298,1300_LeafPhotoA_2025-09-08 16_38_09.236-05_00_0.png,2.75,1.837398326015284
3303,2419_LeafPhotoB_2025-09-08 10_57_28.297-05_00_0.png,1.5,2.0067332365535004
3304,2419_LeafPhotoB_2025-09-08 10_57_28.297-05_00_1.png,1.5,1.9085749807615722
3305,2419_LeafPhotoB_2025-09-08 10_57_28.297-05_00_2.png,1.5,1.9477257038734408
3373,2478_LeafPhotoB_2025-09-08 11_53_38.180-05_00_0.png,2.5,2.048664828866308
3374,2478_LeafPhotoB_2025-09-08 11_53_38.180-05_00_1.png,2.5,2.1493612185458146
3375,2478_LeafPhotoB_2025-09-08 11_53_38.180-05_00_2.png,2.5,2.015661585107948
3380,2652_LeafPhotoA_2025-09-09 11_26_57.371-05_00_2.png,2.75,2.1066534565647745
3381,2652_LeafPhotoA_2025-09-09 11_26_57.371-05_00_0.png,2.75,2.0190770377941325
3382,2652_LeafPhotoA_2025-09-09 11_26_57.371-05_00_1.png,2.75,1.9456055068579625
3383,2652_LeafPhotoA_2025-09-09 11_26_57.371-05_00_3.png,2.75,2.06268279421172
3396,2405_LeafPhotoB_2025-09-08 10_44_24.813-05_00_0.png,2.25,1.9253481684562865
3413,2265_LeafPhotoA_2025-09-08 12_39_28.832-05_00_0.png,2.25,1.734240070169661
3414,2265_LeafPhotoA_2025-09-08 12_39_28.832-05_00_1.png,2.25,1.6301463507857046
3415,2265_LeafPhotoA_2025-09-08 12_39_28.832-05_00_2.png,2.25,1.774380995324228
3416,2265_LeafPhotoA_2025-09-08 12_39_28.832-05_00_3.png,2.25,1.8414660856939542
3421,1987_LeafPhotoA_2025-09-09 16_24_58.420-05_00_0.png,2.0,1.8058508200887617
3422,1987_LeafPhotoA_2025-09-09 16_24_58.420-05_00_1.png,2.0,1.758479415573894
3434,1403_LeafPhotoA_2025-09-08 09_23_43.647-05_00_0.png,1.75,2.0387694106853123
3435,1403_LeafPhotoA_2025-09-08 09_23_43.647-05_00_1.png,1.75,1.9981067975671705
3436,1403_LeafPhotoA_2025-09-08 09_23_43.647-05_00_2.png,1.75,1.9921358702598768
3449,1149_LeafPhotoA_2025-09-08 10_46_42.123-05_00_0.png,2.75,1.8461987057181395
3450,1149_LeafPhotoA_2025-09-08 10_46_42.123-05_00_1.png,2.75,1.7263721061789952
3451,1149_LeafPhotoA_2025-09-08 10_46_42.123-05_00_2.png,2.75,1.8933380544007692
3452,1149_LeafPhotoA_2025-09-08 10_46_42.123-05_00_3.png,2.75,1.9411501715424775
3457,2960_LeafPhotoA_2025-09-09 16_05_27.861-05_00_0.png,1.0,1.724326526495307
3458,2960_LeafPhotoA_2025-09-09 16_05_27.861-05_00_1.png,1.0,1.6820670972769707
3459,2960_LeafPhotoA_2025-09-09 16_05_27.861-05_00_2.png,1.0,1.53101965104818
3460,2960_LeafPhotoA_2025-09-09 16_05_27.861-05_00_3.png,1.0,1.7932868427326982
3475,2269_LeafPhotoA_2025-09-08 17_14_12.666-05_00_0.png,2.25,2.0154660015686288
3476,2269_LeafPhotoA_2025-09-08 17_14_12.666-05_00_1.png,2.25,2.0205340788637645
3477,2269_LeafPhotoA_2025-09-08 17_14_12.666-05_00_3.png,2.25,1.9765452558935401
3478,2269_LeafPhotoA_2025-09-08 17_14_12.666-05_00_2.png,2.25,2.0053340940400957
3495,2750_LeafPhotoA_2025-09-09 11_21_31.376-05_00_0.png,1.75,2.0111592662771325
3496,2750_LeafPhotoA_2025-09-09 11_21_31.376-05_00_1.png,1.75,2.0840590339272964
3497,2750_LeafPhotoA_2025-09-09 11_21_31.376-05_00_2.png,1.75,2.029181634567434
3498,2750_LeafPhotoA_2025-09-09 11_21_31.376-05_00_3.png,1.75,2.0376700154487835
3503,1459_LeafPhotoB_2025-09-08 12_36_19.960-05_00_1.png,3.0,2.1253109645007
3504,1459_LeafPhotoB_2025-09-08 12_36_19.960-05_00_0.png,3.0,2.152201946640017
3541,,2.0,1.5157717780499624
30,2872_LeafPhotoA_2025-09-09 14_46_31.841-05_00_2.png,1.0,1.8821753493593207
31,2872_LeafPhotoA_2025-09-09 14_46_31.841-05_00_0.png,1.0,1.7922682475038076
32,2872_LeafPhotoA_2025-09-09 14_46_31.841-05_00_1.png,1.0,1.9005293460423003
33,2872_LeafPhotoA_2025-09-09 14_46_31.841-05_00_3.png,1.0,1.7662470313054697
50,1031_LeafPhotoA_2025-09-08 10_06_33.217-05_00_0.png,1.5,1.7250134630658414
51,1031_LeafPhotoA_2025-09-08 10_06_33.217-05_00_3.png,1.5,1.689815033220992
52,1031_LeafPhotoA_2025-09-08 10_06_33.217-05_00_1.png,1.5,1.710634246401337
53,1031_LeafPhotoA_2025-09-08 10_06_33.217-05_00_2.png,1.5,1.7069009573574327
89,1543_LeafPhotoA_2025-09-09 09_43_28.797-05_00_0.png,1.75,1.9559477136627026
90,1543_LeafPhotoA_2025-09-09 09_43_28.797-05_00_3.png,1.75,1.9687953796826656
91,1543_LeafPhotoA_2025-09-09 09_43_28.797-05_00_2.png,1.75,2.13768769581946
92,1543_LeafPhotoA_2025-09-09 09_43_28.797-05_00_1.png,1.75,2.131012574374961
99,1214_LeafPhotoA_2025-09-08 09_47_10.824-05_00_1.png,1.5,1.907727430217271
100,1214_LeafPhotoA_2025-09-08 09_47_10.824-05_00_2.png,1.5,1.912103559617358
101,1214_LeafPhotoA_2025-09-08 09_47_10.824-05_00_0.png,1.5,1.8626597629451729
102,1214_LeafPhotoA_2025-09-08 09_47_10.824-05_00_3.png,1.5,1.8866741702449057
122,2843_LeafPhotoA_2025-09-09 11_07_54.202-05_00_0.png,2.25,1.8771508515470268
123,2843_LeafPhotoA_2025-09-09 11_07_54.202-05_00_1.png,2.25,1.9316426371991886
124,2843_LeafPhotoA_2025-09-09 11_07_54.202-05_00_2.png,2.25,1.9473387039960048
125,2843_LeafPhotoA_2025-09-09 11_07_54.202-05_00_3.png,2.25,1.949900613204465
140,2999_LeafPhotoA_2025-09-09 16_54_48.280-05_00_2.png,1.25,1.8913638181281984
141,2999_LeafPhotoA_2025-09-09 16_54_48.280-05_00_1.png,1.25,1.8641887441924723
142,2999_LeafPhotoA_2025-09-09 16_54_48.280-05_00_3.png,1.25,1.7984076810205505
143,2999_LeafPhotoA_2025-09-09 16_54_48.280-05_00_0.png,1.25,1.896133558405496
152,1030_LeafPhotoA_2025-09-08 10_05_12.593-05_00_1.png,2.25,2.145712947776877
153,1030_LeafPhotoA_2025-09-08 10_05_12.593-05_00_0.png,2.25,2.168799550732528
154,1030_LeafPhotoA_2025-09-08 10_05_12.593-05_00_2.png,2.25,2.2146126100582846
155,1030_LeafPhotoA_2025-09-08 10_05_12.593-05_00_3.png,2.25,2.052737589856554
159,1138_LeafPhotoA_2025-09-08 10_30_50.978-05_00_3.png,2.25,1.9720512251792934
160,1138_LeafPhotoA_2025-09-08 10_30_50.978-05_00_0.png,2.25,1.7617237516028765
161,1138_LeafPhotoA_2025-09-08 10_30_50.978-05_00_2.png,2.25,1.7688694491688748
162,1138_LeafPhotoA_2025-09-08 10_30_50.978-05_00_1.png,2.25,1.6633253331729652
175,1713_LeafPhotoA_2025-09-09 09_08_57.026-05_00_0.png,3.0,2.0438889010308685
176,1713_LeafPhotoA_2025-09-09 09_08_57.026-05_00_1.png,3.0,1.9889989073775618
177,1713_LeafPhotoA_2025-09-09 09_08_57.026-05_00_2.png,3.0,1.9414392992051048
178,1713_LeafPhotoA_2025-09-09 09_08_57.026-05_00_3.png,3.0,1.9359801202543807
186,1736_LeafPhotoA_2025-09-09 09_48_40.445-05_00_2.png,1.0,2.209004066838251
187,1736_LeafPhotoA_2025-09-09 09_48_40.445-05_00_3.png,1.0,2.2007002693554214
188,1736_LeafPhotoA_2025-09-09 09_48_40.445-05_00_0.png,1.0,2.137287277580681
189,1736_LeafPhotoA_2025-09-09 09_48_40.445-05_00_1.png,1.0,2.1350277952289343
190,1086_LeafPhotoA_2025-09-09 10_59_11.313-05_00_2.png,1.75,1.7834561990283861
191,1086_LeafPhotoA_2025-09-09 10_59_11.313-05_00_0.png,1.75,1.7086102009136914
192,1086_LeafPhotoA_2025-09-09 10_59_11.313-05_00_1.png,1.75,1.7476268306708878
193,1086_LeafPhotoA_2025-09-09 10_59_11.313-05_00_3.png,1.75,1.768579151567118
206,2470_LeafPhotoB_2025-09-08 11_47_37.543-05_00_1.png,1.75,1.852420641578924
207,2470_LeafPhotoB_2025-09-08 11_47_37.543-05_00_0.png,1.75,1.8943675430069595
208,2470_LeafPhotoB_2025-09-08 11_47_37.543-05_00_3.png,1.75,1.8289397712066062
209,2470_LeafPhotoB_2025-09-08 11_47_37.543-05_00_2.png,1.75,1.8258447681073335
226,1660_LeafPhotoA_2025-09-09 10_09_36.852-05_00_1.png,1.5,1.7636054741665674
227,1660_LeafPhotoA_2025-09-09 10_09_36.852-05_00_2.png,1.5,1.88907191536077
228,1660_LeafPhotoA_2025-09-09 10_09_36.852-05_00_0.png,1.5,1.7917838088849365
229,1660_LeafPhotoA_2025-09-09 10_09_36.852-05_00_3.png,1.5,1.8210516873920377
234,1966_LeafPhotoA_2025-09-09 17_14_11.633-05_00_0.png,1.25,1.7574471959284292
235,1966_LeafPhotoA_2025-09-09 17_14_11.633-05_00_1.png,1.25,1.7238670742634556
236,1966_LeafPhotoA_2025-09-09 17_14_11.633-05_00_2.png,1.25,1.8473985050319575
237,1966_LeafPhotoA_2025-09-09 17_14_11.633-05_00_3.png,1.25,1.6493040896608755
260,2775_LeafPhotoA_2025-09-09 15_39_08.142-05_00_0.png,1.0,1.9346098958674285
261,2775_LeafPhotoA_2025-09-09 15_39_08.142-05_00_1.png,1.0,1.7706743482239076
262,2775_LeafPhotoA_2025-09-09 15_39_08.142-05_00_3.png,1.0,1.6671830697279373
263,2775_LeafPhotoA_2025-09-09 15_39_08.142-05_00_2.png,1.0,1.7013564544330806
273,1196_LeafPhotoA_2025-09-08 15_46_27.438-05_00_0.png,1.75,2.021557199133908
274,1196_LeafPhotoA_2025-09-08 15_46_27.438-05_00_1.png,1.75,2.163020478305613
275,1196_LeafPhotoA_2025-09-08 15_46_27.438-05_00_3.png,1.75,1.927788070597593
276,1196_LeafPhotoA_2025-09-08 15_46_27.438-05_00_2.png,1.75,2.0104450428326093
285,2942_LeafPhotoA_2025-09-09 16_27_44.669-05_00_3.png,2.25,1.8464144398907119
286,2942_LeafPhotoA_2025-09-09 16_27_44.669-05_00_2.png,2.25,1.8127553286872635
287,2942_LeafPhotoA_2025-09-09 16_27_44.669-05_00_1.png,2.25,1.8616323264489727
288,2942_LeafPhotoA_2025-09-09 16_27_44.669-05_00_0.png,2.25,1.8834214116972314
289,2301_LeafPhotoA_2025-09-08 10_23_19.706-05_00_0.png,2.5,1.9106911758235525
290,2301_LeafPhotoA_2025-09-08 10_23_19.706-05_00_1.png,2.5,1.9077116852660583
291,2301_LeafPhotoA_2025-09-08 10_23_19.706-05_00_2.png,2.5,1.9858304687309414
332,2962_LeafPhotoA_2025-09-09 16_07_33.642-05_00_1.png,2.5,1.8059832422318387
333,2962_LeafPhotoA_2025-09-09 16_07_33.642-05_00_0.png,2.5,1.8355834719921893
334,2962_LeafPhotoA_2025-09-09 16_07_33.642-05_00_3.png,2.5,1.802268729178618
335,2962_LeafPhotoA_2025-09-09 16_07_33.642-05_00_2.png,2.5,1.7752968231566353
336,2693_LeafPhotoA_2025-09-09 10_37_58.417-05_00_0.png,1.5,1.781226054704829
337,2693_LeafPhotoA_2025-09-09 10_37_58.417-05_00_1.png,1.5,1.7911442650285425
338,2693_LeafPhotoA_2025-09-09 10_37_58.417-05_00_2.png,1.5,1.8578563609686984
339,2693_LeafPhotoA_2025-09-09 10_37_58.417-05_00_3.png,1.5,1.6988534278678187
383,2957_LeafPhotoA_2025-09-09 16_00_50.634-05_00_0.png,2.25,1.9436024925434163
384,2957_LeafPhotoA_2025-09-09 16_00_50.634-05_00_1.png,2.25,1.8743457691232732
385,2957_LeafPhotoA_2025-09-09 16_00_50.634-05_00_2.png,2.25,1.9017317379647478
386,2957_LeafPhotoA_2025-09-09 16_00_50.634-05_00_3.png,2.25,1.954486966877021
433,1414_LeafPhotoA_2025-09-08 09_36_43.216-05_00_0.png,1.5,1.8607959875360713
434,1414_LeafPhotoA_2025-09-08 09_36_43.216-05_00_2.png,1.5,1.8978800546141266
435,1414_LeafPhotoA_2025-09-08 09_36_43.216-05_00_1.png,1.5,1.9741436369935443
448,1687_LeafPhotoA_2025-09-09 09_18_28.478-05_00_2.png,2.0,2.0350839731089336
449,1687_LeafPhotoA_2025-09-09 09_18_28.478-05_00_1.png,2.0,2.022246340226144
450,1687_LeafPhotoA_2025-09-09 09_18_28.478-05_00_0.png,2.0,2.0939734133886727
463,2206_LeafPhotoA_2025-09-08 10_53_32.789-05_00_0.png,1.5,1.6427807505437988
464,2206_LeafPhotoA_2025-09-08 10_53_32.789-05_00_1.png,1.5,1.5476309649739775
465,2206_LeafPhotoA_2025-09-08 10_53_32.789-05_00_2.png,1.5,1.6333818912412306
466,2206_LeafPhotoA_2025-09-08 10_53_32.789-05_00_3.png,1.5,1.7673859314329028
487,2949_LeafPhotoA_2025-09-09 16_21_26.314-05_00_3.png,1.75,1.7413454007266167
488,2949_LeafPhotoA_2025-09-09 16_21_26.314-05_00_1.png,1.75,1.7652574822072795
489,2949_LeafPhotoA_2025-09-09 16_21_26.314-05_00_0.png,1.75,1.826193118091918
490,2949_LeafPhotoA_2025-09-09 16_21_26.314-05_00_2.png,1.75,1.7053836491622618
505,2110_LeafPhotoA_2025-09-08 11_07_19.238-05_00_1.png,1.0,1.732352217054048
506,2110_LeafPhotoA_2025-09-08 11_07_19.238-05_00_2.png,1.0,1.7803169079198133
507,2110_LeafPhotoA_2025-09-08 11_07_19.238-05_00_3.png,1.0,1.8666120376938276
508,2110_LeafPhotoA_2025-09-08 11_07_19.238-05_00_0.png,1.0,1.8431697174957506
513,1805_LeafPhotoA_2025-09-09 08_57_47.562-05_00_3.png,1.25,1.9681201079702715
514,1805_LeafPhotoA_2025-09-09 08_57_47.562-05_00_2.png,1.25,1.7396839826276025
515,1805_LeafPhotoA_2025-09-09 08_57_47.562-05_00_1.png,1.25,1.8489132532722998
516,1805_LeafPhotoA_2025-09-09 08_57_47.562-05_00_0.png,1.25,1.833893802203668
540,2999_LeafPhotoA_2025-09-09 16_54_09.800-05_00_1.png,1.5,1.626381256110323
541,2999_LeafPhotoA_2025-09-09 16_54_09.800-05_00_2.png,1.5,1.732698707555881
542,2999_LeafPhotoA_2025-09-09 16_54_09.800-05_00_3.png,1.5,1.617802954728773
543,2999_LeafPhotoA_2025-09-09 16_54_09.800-05_00_0.png,1.5,1.5943172763137832
544,1802_LeafPhotoA_2025-09-09 10_06_55.886-05_00_3.png,1.0,1.811759079223257
545,1802_LeafPhotoA_2025-09-09 10_06_55.886-05_00_1.png,1.0,1.6506730468762085
546,1802_LeafPhotoA_2025-09-09 10_06_55.886-05_00_2.png,1.0,1.6152445986044928
547,1802_LeafPhotoA_2025-09-09 10_06_55.886-05_00_0.png,1.0,1.6605309417373588
555,2166_LeafPhotoA_2025-09-09 11_59_53.673-05_00_0.png,2.0,2.025104421426739
556,2166_LeafPhotoA_2025-09-09 11_59_53.673-05_00_1.png,2.0,2.1201835979100894
557,2166_LeafPhotoA_2025-09-09 11_59_53.673-05_00_2.png,2.0,2.103323752104665
558,2166_LeafPhotoA_2025-09-09 11_59_53.673-05_00_3.png,2.0,2.0659515992894613
561,1863_LeafPhotoA_2025-09-09 13_33_41.872-05_00_1.png,2.25,1.9686530441415342
562,1863_LeafPhotoA_2025-09-09 13_33_41.872-05_00_2.png,2.25,1.9869739280743668
563,1863_LeafPhotoA_2025-09-09 13_33_41.872-05_00_3.png,2.25,2.0172746104286463
564,1863_LeafPhotoA_2025-09-09 13_33_41.872-05_00_0.png,2.25,2.055356271144899
565,2529_LeafPhotoA_2025-09-09 10_27_20.782-05_00_0.png,1.5,1.852285402546263
566,2529_LeafPhotoA_2025-09-09 10_27_20.782-05_00_1.png,1.5,1.7469263382896576
567,2529_LeafPhotoA_2025-09-09 10_27_20.782-05_00_2.png,1.5,1.784172168007649
568,2529_LeafPhotoA_2025-09-09 10_27_20.782-05_00_3.png,1.5,1.918497783112141
581,2227_LeafPhotoA_2025-09-08 11_30_56.055-05_00_0.png,2.5,2.1376712516043264
582,2227_LeafPhotoA_2025-09-08 11_30_56.055-05_00_1.png,2.5,2.138940430242915
583,2227_LeafPhotoA_2025-09-08 11_30_56.055-05_00_2.png,2.5,2.0553612858603065
584,2227_LeafPhotoA_2025-09-08 11_30_56.055-05_00_3.png,2.5,2.0482826295530554
601,2657_LeafPhotoA_2025-09-09 11_30_26.164-05_00_0.png,3.0,2.3451907386666475
602,2657_LeafPhotoA_2025-09-09 11_30_26.164-05_00_1.png,3.0,2.325425027845876
603,2657_LeafPhotoA_2025-09-09 11_30_26.164-05_00_3.png,3.0,2.185578693993701
604,2657_LeafPhotoA_2025-09-09 11_30_26.164-05_00_2.png,3.0,2.272450204599538
605,2736_LeafPhotoA_2025-09-09 11_03_17.238-05_00_1.png,2.75,2.1392289351770435
606,2736_LeafPhotoA_2025-09-09 11_03_17.238-05_00_0.png,2.75,2.0930834171606474
607,2736_LeafPhotoA_2025-09-09 11_03_17.238-05_00_2.png,2.75,2.020167188114011
608,2736_LeafPhotoA_2025-09-09 11_03_17.238-05_00_3.png,2.75,1.9864041196900262
609,2244_LeafPhotoA_2025-09-08 11_56_08.443-05_00_0.png,1.25,1.6693364951383654
610,2244_LeafPhotoA_2025-09-08 11_56_08.443-05_00_3.png,1.25,1.6338914103840454
611,2244_LeafPhotoA_2025-09-08 11_56_08.443-05_00_1.png,1.25,1.6320133483043324
612,2244_LeafPhotoA_2025-09-08 11_56_08.443-05_00_2.png,1.25,1.6457545791881711
619,1722_LeafPhotoA_2025-09-09 09_21_25.253-05_00_1.png,3.0,2.149680976155336
620,1722_LeafPhotoA_2025-09-09 09_21_25.253-05_00_2.png,3.0,2.1289359706059217
621,1722_LeafPhotoA_2025-09-09 09_21_25.253-05_00_0.png,3.0,2.132234376704843
626,,1.25,1.6422022974432147
635,2401_LeafPhotoB_2025-09-08 10_40_27.891-05_00_0.png,2.0,1.8328544668615054
636,2401_LeafPhotoB_2025-09-08 10_40_27.891-05_00_1.png,2.0,2.0933144201819087
637,2401_LeafPhotoB_2025-09-08 10_40_27.891-05_00_2.png,2.0,2.1660663300381042
638,2401_LeafPhotoB_2025-09-08 10_40_27.891-05_00_3.png,2.0,2.118029886002641
647,2594_LeafPhotoA_2025-09-09 10_28_20.057-05_00_0.png,1.5,1.6782369030433697
648,2594_LeafPhotoA_2025-09-09 10_28_20.057-05_00_1.png,1.5,1.799392076524319
649,2594_LeafPhotoA_2025-09-09 10_28_20.057-05_00_2.png,1.5,1.8345390805498694
650,2594_LeafPhotoA_2025-09-09 10_28_20.057-05_00_3.png,1.5,1.8091080506127435
655,1946_LeafPhotoA_2025-09-09 16_05_11.903-05_00_2.png,1.5,2.0409373124201773
656,1946_LeafPhotoA_2025-09-09 16_05_11.903-05_00_0.png,1.5,1.9666618365684139
657,1946_LeafPhotoA_2025-09-09 16_05_11.903-05_00_1.png,1.5,2.0092557532363795
658,1946_LeafPhotoA_2025-09-09 16_05_11.903-05_00_3.png,1.5,1.9194654822449542
671,1789_LeafPhotoA_2025-09-09 09_15_57.914-05_00_1.png,1.0,2.0906313866745254
672,1789_LeafPhotoA_2025-09-09 09_15_57.914-05_00_3.png,1.0,2.2750719356685543
673,1789_LeafPhotoA_2025-09-09 09_15_57.914-05_00_2.png,1.0,2.119429303374484
674,1789_LeafPhotoA_2025-09-09 09_15_57.914-05_00_0.png,1.0,1.8187356555647114
675,1200_LeafPhotoA_2025-09-08 17_01_52.096-05_00_0.png,1.0,1.6926213987908896
676,1200_LeafPhotoA_2025-09-08 17_01_52.096-05_00_1.png,1.0,1.7544996728511766
677,1200_LeafPhotoA_2025-09-08 17_01_52.096-05_00_2.png,1.0,1.92289345770302
682,2724_LeafPhotoA_2025-09-09 10_46_27.417-05_00_3.png,1.75,1.9063791820199283
683,2724_LeafPhotoA_2025-09-09 10_46_27.417-05_00_0.png,1.75,1.8993099736050951
684,2724_LeafPhotoA_2025-09-09 10_46_27.417-05_00_1.png,1.75,2.0261689370315867
685,2724_LeafPhotoA_2025-09-09 10_46_27.417-05_00_2.png,1.75,1.9927333708737336
698,2115_LeafPhotoA_2025-09-08 11_16_33.968-05_00_1.png,1.75,1.7997972144075935
699,2115_LeafPhotoA_2025-09-08 11_16_33.968-05_00_2.png,1.75,1.8296948696567024
700,2115_LeafPhotoA_2025-09-08 11_16_33.968-05_00_3.png,1.75,1.9291795906863363
701,2115_LeafPhotoA_2025-09-08 11_16_33.968-05_00_0.png,1.75,1.8298236304459214
727,2048_LeafPhotoA_2025-09-08 11_28_25.459-05_00_0.png,2.0,1.741654014405839
728,2048_LeafPhotoA_2025-09-08 11_28_25.459-05_00_2.png,2.0,1.8423207645293191
729,2048_LeafPhotoA_2025-09-08 11_28_25.459-05_00_1.png,2.0,1.7449979036566927
730,2048_LeafPhotoA_2025-09-08 11_28_25.459-05_00_3.png,2.0,1.780249590461568
741,2655_LeafPhotoA_2025-09-09 11_29_02.979-05_00_0.png,1.25,1.8718687052944265
742,2655_LeafPhotoA_2025-09-09 11_29_02.979-05_00_1.png,1.25,1.8420696614751149
743,2655_LeafPhotoA_2025-09-09 11_29_02.979-05_00_2.png,1.25,1.865098438031052
744,2655_LeafPhotoA_2025-09-09 11_29_02.979-05_00_3.png,1.25,1.7605571262068545
745,1056_LeafPhotoA_2025-09-08 12_47_34.787-05_00_1.png,1.75,1.9839056137844353
746,1056_LeafPhotoA_2025-09-08 12_47_34.787-05_00_0.png,1.75,2.0844334241421847
747,1056_LeafPhotoA_2025-09-08 12_47_34.787-05_00_2.png,1.75,2.0747188348663297
748,1056_LeafPhotoA_2025-09-08 12_47_34.787-05_00_3.png,1.75,2.0691050594545404
760,2409_LeafPhotoB_2025-09-08 10_48_08.751-05_00_2.png,2.75,1.8955896533981262
761,2409_LeafPhotoB_2025-09-08 10_48_08.751-05_00_0.png,2.75,2.019380974123754
762,2409_LeafPhotoB_2025-09-08 10_48_08.751-05_00_3.png,2.75,1.8151449987611832
763,2409_LeafPhotoB_2025-09-08 10_48_08.751-05_00_1.png,2.75,2.0397380191496985
766,2673_LeafPhotoA_2025-09-09 11_11_18.428-05_00_2.png,1.0,1.770465775449934
767,2673_LeafPhotoA_2025-09-09 11_11_18.428-05_00_0.png,1.0,1.792837728260086
768,2673_LeafPhotoA_2025-09-09 11_11_18.428-05_00_1.png,1.0,1.72226638283135
777,2933_LeafPhotoA_2025-09-09 16_35_09.095-05_00_0.png,1.0,1.7736347028337134
778,2933_LeafPhotoA_2025-09-09 16_35_09.095-05_00_1.png,1.0,1.8387816245891304
779,2933_LeafPhotoA_2025-09-09 16_35_09.095-05_00_2.png,1.0,1.9844617420655555
815,9351_LeafPhotoA_2025-09-09 17_07_37.530-05_00_2.png,1.0,1.971641790596476
816,9351_LeafPhotoA_2025-09-09 17_07_37.530-05_00_0.png,1.0,1.9651489555564507
817,9351_LeafPhotoA_2025-09-09 17_07_37.530-05_00_1.png,1.0,1.7532151261782158
818,9351_LeafPhotoA_2025-09-09 17_07_37.530-05_00_3.png,1.0,1.7965108349870587
843,2693_LeafPhotoA_2025-09-09 10_38_35.796-05_00_0.png,1.75,1.9543475239863233
844,2693_LeafPhotoA_2025-09-09 10_38_35.796-05_00_1.png,1.75,1.9486888254329842
845,2693_LeafPhotoA_2025-09-09 10_38_35.796-05_00_2.png,1.75,1.9726403480957482
846,2693_LeafPhotoA_2025-09-09 10_38_35.796-05_00_3.png,1.75,1.9707686413858656
847,2499_LeafPhotoB_2025-09-08 12_23_25.734-05_00_0.png,1.75,1.7114768099238764
848,2499_LeafPhotoB_2025-09-08 12_23_25.734-05_00_1.png,1.75,1.7018960487450696
849,2499_LeafPhotoB_2025-09-08 12_23_25.734-05_00_2.png,1.75,1.739568774177642
850,2499_LeafPhotoB_2025-09-08 12_23_25.734-05_00_3.png,1.75,1.6543873310655315
868,2506_LeafPhotoA_2025-09-09 10_01_46.426-05_00_1.png,2.75,2.016061673329199
869,2506_LeafPhotoA_2025-09-09 10_01_46.426-05_00_2.png,2.75,2.061429208179753
870,2506_LeafPhotoA_2025-09-09 10_01_46.426-05_00_3.png,2.75,2.0411464929804364
871,2506_LeafPhotoA_2025-09-09 10_01_46.426-05_00_0.png,2.75,1.927818183216961
872,2341_LeafPhotoA_2025-09-08 11_09_22.552-05_00_0.png,1.0,1.7458883889843284
873,2341_LeafPhotoA_2025-09-08 11_09_22.552-05_00_1.png,1.0,1.7673498258989144
901,2833_LeafPhotoA_2025-09-09 10_51_02.314-05_00_0.png,1.0,1.8046877608102552
902,2833_LeafPhotoA_2025-09-09 10_51_02.314-05_00_1.png,1.0,1.7872038877646574
903,2833_LeafPhotoA_2025-09-09 10_51_02.314-05_00_3.png,1.0,1.742825776892845
904,2833_LeafPhotoA_2025-09-09 10_51_02.314-05_00_2.png,1.0,1.878219429299793
909,1472_LeafPhotoB_2025-09-08 16_38_48.113-05_00_0.png,1.5,1.8416438464114817
910,1472_LeafPhotoB_2025-09-08 16_38_48.113-05_00_2.png,1.5,1.9305526887328353
911,1472_LeafPhotoB_2025-09-08 16_38_48.113-05_00_1.png,1.5,2.0215347297960253
917,1697_LeafPhotoA_2025-09-09 08_53_49.546-05_00_3.png,1.25,1.60112845480731
918,1697_LeafPhotoA_2025-09-09 08_53_49.546-05_00_2.png,1.25,1.606525115117513
919,1697_LeafPhotoA_2025-09-09 08_53_49.546-05_00_0.png,1.25,1.8944354818902402
920,1697_LeafPhotoA_2025-09-09 08_53_49.546-05_00_1.png,1.25,1.6250790309957173
926,2381_LeafPhotoA_2025-09-08 11_51_21.824-05_00_0.png,1.25,1.7175900412944367
927,2381_LeafPhotoA_2025-09-08 11_51_21.824-05_00_1.png,1.25,1.8078810588840348
928,2381_LeafPhotoA_2025-09-08 11_51_21.824-05_00_2.png,1.25,1.775760763201044
929,2381_LeafPhotoA_2025-09-08 11_51_21.824-05_00_3.png,1.25,1.907629080985771
976,1679_LeafPhotoA_2025-09-09 09_32_13.519-05_00_0.png,2.25,1.9352989404467014
977,1679_LeafPhotoA_2025-09-09 09_32_13.519-05_00_1.png,2.25,1.9862753965456414
978,1679_LeafPhotoA_2025-09-09 09_32_13.519-05_00_2.png,2.25,2.04793575592042
979,1679_LeafPhotoA_2025-09-09 09_32_13.519-05_00_3.png,2.25,2.0468209110411975
985,1512_LeafPhotoA_2025-09-09 09_08_29.596-05_00_3.png,2.5,1.6939409204580582
986,1512_LeafPhotoA_2025-09-09 09_08_29.596-05_00_1.png,2.5,1.8590867201630052
987,1512_LeafPhotoA_2025-09-09 09_08_29.596-05_00_0.png,2.5,1.9120624392592256
988,1512_LeafPhotoA_2025-09-09 09_08_29.596-05_00_2.png,2.5,1.813664295144087
1038,1001_LeafPhotoA_2025-09-08 10_30_44.491-05_00_3.png,1.75,1.7186766429533356
1039,1001_LeafPhotoA_2025-09-08 10_30_44.491-05_00_1.png,1.75,1.8114315499266282
1040,1001_LeafPhotoA_2025-09-08 10_30_44.491-05_00_0.png,1.75,1.9283518235975297
1041,1001_LeafPhotoA_2025-09-08 10_30_44.491-05_00_2.png,1.75,1.7461326308683363
1047,1705_LeafPhotoA_2025-09-09 08_56_59.048-05_00_2.png,2.25,1.8836211027279466
1048,1705_LeafPhotoA_2025-09-09 08_56_59.048-05_00_3.png,2.25,2.004954645659102
1049,1705_LeafPhotoA_2025-09-09 08_56_59.048-05_00_1.png,2.25,2.046773203717562
1050,1705_LeafPhotoA_2025-09-09 08_56_59.048-05_00_0.png,2.25,1.9649736056239275
1062,1665_LeafPhotoA_2025-09-09 09_57_34.568-05_00_0.png,2.0,2.062167609335325
1063,1665_LeafPhotoA_2025-09-09 09_57_34.568-05_00_1.png,2.0,2.0343686831301118
1064,1665_LeafPhotoA_2025-09-09 09_57_34.568-05_00_2.png,2.0,1.850153274086059
1102,1053_LeafPhotoA_2025-09-08 12_43_49.634-05_00_1.png,2.5,1.9720121788672618
1103,1053_LeafPhotoA_2025-09-08 12_43_49.634-05_00_3.png,2.5,2.020365759844839
1104,1053_LeafPhotoA_2025-09-08 12_43_49.634-05_00_2.png,2.5,1.9709221079246462
1105,1053_LeafPhotoA_2025-09-08 12_43_49.634-05_00_0.png,2.5,2.0645852178840034
1113,2631_LeafPhotoA_2025-09-09 11_48_53.491-05_00_2.png,2.5,1.9070766495125513
1114,2631_LeafPhotoA_2025-09-09 11_48_53.491-05_00_1.png,2.5,1.9326760533484717
1115,2631_LeafPhotoA_2025-09-09 11_48_53.491-05_00_3.png,2.5,1.8824143547156325
1116,2631_LeafPhotoA_2025-09-09 11_48_53.491-05_00_0.png,2.5,1.8595871398862036
1134,1013_LeafPhotoA_2025-09-08 09_45_15.101-05_00_1.png,1.25,2.093033732015267
1135,1013_LeafPhotoA_2025-09-08 09_45_15.101-05_00_3.png,1.25,1.9665089677291456
1136,1013_LeafPhotoA_2025-09-08 09_45_15.101-05_00_2.png,1.25,2.093537058325662
1137,1013_LeafPhotoA_2025-09-08 09_45_15.101-05_00_0.png,1.25,2.0157186559637568
1147,9260_LeafPhotoA_2025-09-08 12_05_57.503-05_00_1.png,1.0,1.7448076083286879
1148,9260_LeafPhotoA_2025-09-08 12_05_57.503-05_00_3.png,1.0,1.7453162824380515
1149,9260_LeafPhotoA_2025-09-08 12_05_57.503-05_00_2.png,1.0,1.745420434590726
1150,9260_LeafPhotoA_2025-09-08 12_05_57.503-05_00_0.png,1.0,1.8059146167071978
1185,2433_LeafPhotoB_2025-09-08 11_09_46.410-05_00_2.png,1.5,1.7337044556817551
1186,2433_LeafPhotoB_2025-09-08 11_09_46.410-05_00_3.png,1.5,1.5488438671872167
1187,2433_LeafPhotoB_2025-09-08 11_09_46.410-05_00_1.png,1.5,1.7612073807376512
1188,2433_LeafPhotoB_2025-09-08 11_09_46.410-05_00_0.png,1.5,1.6889443130533246
1197,2490_LeafPhotoB_2025-09-08 12_05_22.252-05_00_3.png,1.5,1.9465657347884653
1198,2490_LeafPhotoB_2025-09-08 12_05_22.252-05_00_2.png,1.5,1.8240073326575603
1199,2490_LeafPhotoB_2025-09-08 12_05_22.252-05_00_1.png,1.5,1.819695307457958
1200,2490_LeafPhotoB_2025-09-08 12_05_22.252-05_00_0.png,1.5,1.803855214197997
1218,1014_LeafPhotoA_2025-09-08 09_46_05.675-05_00_2.png,3.75,2.087042400993992
1219,1014_LeafPhotoA_2025-09-08 09_46_05.675-05_00_1.png,3.75,2.416391076821246
1220,1014_LeafPhotoA_2025-09-08 09_46_05.675-05_00_0.png,3.75,2.2889203347190827
1238,2530_LeafPhotoA_2025-09-09 10_28_43.092-05_00_0.png,3.75,2.048015672986659
1239,2530_LeafPhotoA_2025-09-09 10_28_43.092-05_00_3.png,3.75,2.212397938088098
1240,2530_LeafPhotoA_2025-09-09 10_28_43.092-05_00_1.png,3.75,2.010599363938544
1241,2530_LeafPhotoA_2025-09-09 10_28_43.092-05_00_2.png,3.75,2.087034438498594
1242,1397_LeafPhotoA_2025-09-08 13_28_16.462-05_00_0.png,2.5,1.7608044167560046
1252,2867_LeafPhotoA_2025-09-09 14_50_34.297-05_00_3.png,1.5,1.8232499751535765
1253,2867_LeafPhotoA_2025-09-09 14_50_34.297-05_00_1.png,1.5,1.8676904970097092
1254,2867_LeafPhotoA_2025-09-09 14_50_34.297-05_00_2.png,1.5,1.7609344284550474
1255,2867_LeafPhotoA_2025-09-09 14_50_34.297-05_00_0.png,1.5,1.9254432672322088
1256,,2.25,1.6422022974432147
1352,1170_LeafPhotoA_2025-09-08 16_32_45.562-05_00_2.png,1.75,2.1842492634711452
1353,1170_LeafPhotoA_2025-09-08 16_32_45.562-05_00_3.png,1.75,1.9375664141688
1354,1170_LeafPhotoA_2025-09-08 16_32_45.562-05_00_0.png,1.75,1.9654560547824742
1355,1170_LeafPhotoA_2025-09-08 16_32_45.562-05_00_1.png,1.75,2.0544894869210513
1376,2222_LeafPhotoA_2025-09-08 11_22_53.252-05_00_0.png,2.25,1.7870667699294709
1377,2222_LeafPhotoA_2025-09-08 11_22_53.252-05_00_1.png,2.25,2.0377653965952054
1378,2222_LeafPhotoA_2025-09-08 11_22_53.252-05_00_2.png,2.25,1.9253713578840332
1379,2222_LeafPhotoA_2025-09-08 11_22_53.252-05_00_3.png,2.25,1.842703774656985
1427,2876_LeafPhotoA_2025-09-09 14_43_15.675-05_00_3.png,1.75,1.8782907704556806
1428,2876_LeafPhotoA_2025-09-09 14_43_15.675-05_00_0.png,1.75,1.9603775433386366
1429,2876_LeafPhotoA_2025-09-09 14_43_15.675-05_00_2.png,1.75,1.8719818692028323
1430,2876_LeafPhotoA_2025-09-09 14_43_15.675-05_00_1.png,1.75,2.004612742072278
1443,2041_LeafPhotoA_2025-09-08 11_20_20.644-05_00_1.png,2.0,1.7200381079591833
1444,2041_LeafPhotoA_2025-09-08 11_20_20.644-05_00_0.png,2.0,1.7497657457835007
1445,2041_LeafPhotoA_2025-09-08 11_20_20.644-05_00_2.png,2.0,1.7739622207709846
1469,1584_LeafPhotoA_2025-09-09 09_39_38.950-05_00_2.png,2.25,1.8815083546336846
1470,1584_LeafPhotoA_2025-09-09 09_39_38.950-05_00_0.png,2.25,1.983734542668051
1471,1584_LeafPhotoA_2025-09-09 09_39_38.950-05_00_3.png,2.25,2.114810267615511
1472,1584_LeafPhotoA_2025-09-09 09_39_38.950-05_00_1.png,2.25,1.932360824800685
1473,1946_LeafPhotoA_2025-09-09 16_04_53.847-05_00_0.png,3.0,2.192759567563072
1474,1946_LeafPhotoA_2025-09-09 16_04_53.847-05_00_1.png,3.0,2.1018225619544073
1475,1946_LeafPhotoA_2025-09-09 16_04_53.847-05_00_3.png,3.0,1.8629810700498235
1476,1946_LeafPhotoA_2025-09-09 16_04_53.847-05_00_2.png,3.0,1.935085746965561
1506,1442_LeafPhotoB_2025-09-08 10_31_26.108-05_00_1.png,1.25,1.8576687893451143
1507,1442_LeafPhotoB_2025-09-08 10_31_26.108-05_00_3.png,1.25,1.7797910914778035
1508,1442_LeafPhotoB_2025-09-08 10_31_26.108-05_00_2.png,1.25,1.8690586151075326
1509,1442_LeafPhotoB_2025-09-08 10_31_26.108-05_00_0.png,1.25,1.7316088729301529
1524,1693_LeafPhotoA_2025-09-09 09_07_35.518-05_00_0.png,1.75,2.0544858341209444
1525,1693_LeafPhotoA_2025-09-09 09_07_35.518-05_00_1.png,1.75,1.9182560638710384
1526,1693_LeafPhotoA_2025-09-09 09_07_35.518-05_00_2.png,1.75,2.121550034769955
1527,1693_LeafPhotoA_2025-09-09 09_07_35.518-05_00_3.png,1.75,2.060706249263563
1560,1266_LeafPhotoA_2025-09-08 16_20_40.775-05_00_0.png,1.5,1.759615507221858
1581,2104_LeafPhotoA_2025-09-08 10_58_03.934-05_00_0.png,2.0,1.761529004496268
1582,2104_LeafPhotoA_2025-09-08 10_58_03.934-05_00_1.png,2.0,1.927058849732999
1583,2104_LeafPhotoA_2025-09-08 10_58_03.934-05_00_2.png,2.0,1.9940701581767148
1584,2104_LeafPhotoA_2025-09-08 10_58_03.934-05_00_3.png,2.0,1.848116642387541
1594,,1.5,1.6422022974432147
1603,2029_LeafPhotoA_2025-09-08 11_07_23.840-05_00_1.png,3.5,1.9135395682587548
1604,2029_LeafPhotoA_2025-09-08 11_07_23.840-05_00_0.png,3.5,1.9279065265444901
1605,2029_LeafPhotoA_2025-09-08 11_07_23.840-05_00_3.png,3.5,2.0989175392501274
1606,2029_LeafPhotoA_2025-09-08 11_07_23.840-05_00_2.png,3.5,1.7611229041721723
1623,1152_LeafPhotoA_2025-09-08 16_58_21.742-05_00_0.png,2.0,1.9605241420341661
1624,1152_LeafPhotoA_2025-09-08 16_58_21.742-05_00_1.png,2.0,1.9522918296846552
1625,1152_LeafPhotoA_2025-09-08 16_58_21.742-05_00_2.png,2.0,1.9321958921442772
1626,1152_LeafPhotoA_2025-09-08 16_58_21.742-05_00_3.png,2.0,1.978742720513437
1632,1572_LeafPhotoA_2025-09-09 09_56_18.547-05_00_0.png,1.5,1.7927141671323148
1633,1572_LeafPhotoA_2025-09-09 09_56_18.547-05_00_2.png,1.5,1.8691464496062522
1634,1572_LeafPhotoA_2025-09-09 09_56_18.547-05_00_1.png,1.5,1.8462688949015371
1635,1572_LeafPhotoA_2025-09-09 09_56_18.547-05_00_3.png,1.5,1.912038734016831
1647,2237_LeafPhotoA_2025-09-08 11_42_52.155-05_00_2.png,1.5,1.6806876114806908
1648,2237_LeafPhotoA_2025-09-08 11_42_52.155-05_00_3.png,1.5,1.6275200204623732
1649,2237_LeafPhotoA_2025-09-08 11_42_52.155-05_00_0.png,1.5,1.8278710455149971
1650,2237_LeafPhotoA_2025-09-08 11_42_52.155-05_00_1.png,1.5,1.6775379420845749
1671,2618_LeafPhotoA_2025-09-09 12_06_25.737-05_00_0.png,2.25,1.6702288972556747
1672,2618_LeafPhotoA_2025-09-09 12_06_25.737-05_00_1.png,2.25,1.6461536448587533
1699,2686_LeafPhotoA_2025-09-09 10_48_10.419-05_00_0.png,3.0,1.9453950054986708
1700,2686_LeafPhotoA_2025-09-09 10_48_10.419-05_00_1.png,3.0,2.0408299647173007
1701,2686_LeafPhotoA_2025-09-09 10_48_10.419-05_00_2.png,3.0,2.0768499437425656
1718,1198_LeafPhotoA_2025-09-08 09_25_24.531-05_00_3.png,1.25,1.6839761422264206
1719,1198_LeafPhotoA_2025-09-08 09_25_24.531-05_00_2.png,1.25,1.7446241498520159
1720,1198_LeafPhotoA_2025-09-08 09_25_24.531-05_00_1.png,1.25,1.730526287225953
1721,1198_LeafPhotoA_2025-09-08 09_25_24.531-05_00_0.png,1.25,1.657143541192047
1730,2876_LeafPhotoA_2025-09-09 14_43_31.946-05_00_1.png,1.5,1.7536632975405237
1731,2876_LeafPhotoA_2025-09-09 14_43_31.946-05_00_2.png,1.5,1.8241717558998676
1732,2876_LeafPhotoA_2025-09-09 14_43_31.946-05_00_0.png,1.5,1.700897597166284
1733,2876_LeafPhotoA_2025-09-09 14_43_31.946-05_00_3.png,1.5,1.8107650811977203
1747,2064_LeafPhotoA_2025-09-08 11_57_49.749-05_00_2.png,2.0,1.7607519701096757
1748,2064_LeafPhotoA_2025-09-08 11_57_49.749-05_00_0.png,2.0,1.661107171325355
1749,2064_LeafPhotoA_2025-09-08 11_57_49.749-05_00_1.png,2.0,1.6326235544332364
1750,2064_LeafPhotoA_2025-09-08 11_57_49.749-05_00_3.png,2.0,1.6707967510699229
1765,1267_LeafPhotoA_2025-09-08 16_19_11.885-05_00_2.png,2.25,2.0497517030505628
1766,1267_LeafPhotoA_2025-09-08 16_19_11.885-05_00_1.png,2.25,2.2001361248266527
1767,1267_LeafPhotoA_2025-09-08 16_19_11.885-05_00_0.png,2.25,2.035871502246732
1768,1267_LeafPhotoA_2025-09-08 16_19_11.885-05_00_3.png,2.25,2.011566947383598
1769,2871_LeafPhotoA_2025-09-09 14_47_23.331-05_00_3.png,2.5,1.9450826600407671
1770,2871_LeafPhotoA_2025-09-09 14_47_23.331-05_00_0.png,2.5,1.9803454980651551
1771,2871_LeafPhotoA_2025-09-09 14_47_23.331-05_00_2.png,2.5,2.0011900053904212
1772,2871_LeafPhotoA_2025-09-09 14_47_23.331-05_00_1.png,2.5,2.141120158253766
1808,2447_LeafPhotoB_2025-09-08 11_22_51.883-05_00_2.png,2.0,1.7810858265670095
1809,2447_LeafPhotoB_2025-09-08 11_22_51.883-05_00_0.png,2.0,1.8003818111417513
1810,2447_LeafPhotoB_2025-09-08 11_22_51.883-05_00_3.png,2.0,1.7722882201996686
1811,2447_LeafPhotoB_2025-09-08 11_22_51.883-05_00_1.png,2.0,1.7307301323708546
1820,2287_LeafPhotoA_2025-09-08 16_53_06.874-05_00_1.png,3.75,1.9392051129098566
1821,2287_LeafPhotoA_2025-09-08 16_53_06.874-05_00_2.png,3.75,2.0007542093914013
1822,2287_LeafPhotoA_2025-09-08 16_53_06.874-05_00_0.png,3.75,2.0324520919746125
1823,2287_LeafPhotoA_2025-09-08 16_53_06.874-05_00_3.png,3.75,1.8546325954840959
1831,1713_LeafPhotoA_2025-09-09 09_08_31.161-05_00_3.png,1.75,2.0893443134536294
1832,1713_LeafPhotoA_2025-09-09 09_08_31.161-05_00_1.png,1.75,2.083953042046588
1833,1713_LeafPhotoA_2025-09-09 09_08_31.161-05_00_0.png,1.75,1.9871723888104504
1834,1713_LeafPhotoA_2025-09-09 09_08_31.161-05_00_2.png,1.75,2.0713928756706195
1864,2130_LeafPhotoA_2025-09-08 11_49_10.108-05_00_0.png,1.75,1.759587329599098
1865,2130_LeafPhotoA_2025-09-08 11_49_10.108-05_00_1.png,1.75,1.6687836466549317
1866,2130_LeafPhotoA_2025-09-08 11_49_10.108-05_00_2.png,1.75,1.7340666729802239
1867,2130_LeafPhotoA_2025-09-08 11_49_10.108-05_00_3.png,1.75,1.6773112548624827
1868,2852_LeafPhotoA_2025-09-09 15_03_44.065-05_00_1.png,1.5,1.8760505763747355
1869,2852_LeafPhotoA_2025-09-09 15_03_44.065-05_00_3.png,1.5,1.909173440583754
1870,2852_LeafPhotoA_2025-09-09 15_03_44.065-05_00_2.png,1.5,1.946471068020012
1871,2852_LeafPhotoA_2025-09-09 15_03_44.065-05_00_0.png,1.5,1.8557501993888883
1875,1047_LeafPhotoA_2025-09-08 10_26_48.305-05_00_0.png,2.0,2.0373435896372705
1876,1047_LeafPhotoA_2025-09-08 10_26_48.305-05_00_1.png,2.0,1.7003756351604418
1877,1047_LeafPhotoA_2025-09-08 10_26_48.305-05_00_2.png,2.0,1.910185629304209
1878,1047_LeafPhotoA_2025-09-08 10_26_48.305-05_00_3.png,2.0,1.9982697898976574
1896,1687_LeafPhotoA_2025-09-09 09_18_05.463-05_00_0.png,1.75,1.9045106553045557
1897,1687_LeafPhotoA_2025-09-09 09_18_05.463-05_00_1.png,1.75,1.8350715124859998
1898,2049_LeafPhotoA_2025-09-08 11_29_22.980-05_00_0.png,1.25,1.8466244510630532
1899,2049_LeafPhotoA_2025-09-08 11_29_22.980-05_00_1.png,1.25,1.8037852571740813
1900,2049_LeafPhotoA_2025-09-08 11_29_22.980-05_00_2.png,1.25,1.869304280027516
1901,2049_LeafPhotoA_2025-09-08 11_29_22.980-05_00_3.png,1.25,1.8330407049185249
1916,2049_LeafPhotoA_2025-09-08 11_29_12.336-05_00_0.png,2.25,1.8339666765902038
1917,2049_LeafPhotoA_2025-09-08 11_29_12.336-05_00_1.png,2.25,1.9394459056648992
1918,2049_LeafPhotoA_2025-09-08 11_29_12.336-05_00_2.png,2.25,1.9207986720908312
1919,2049_LeafPhotoA_2025-09-08 11_29_12.336-05_00_3.png,2.25,2.0700850334937124
1936,1540_LeafPhotoA_2025-09-09 09_38_25.826-05_00_0.png,2.75,2.2656985276867876
1937,1540_LeafPhotoA_2025-09-09 09_38_25.826-05_00_1.png,2.75,2.0538864447453253
1938,1540_LeafPhotoA_2025-09-09 09_38_25.826-05_00_2.png,2.75,1.9961205670793887
1939,1540_LeafPhotoA_2025-09-09 09_38_25.826-05_00_3.png,2.75,1.9826376248920399
1947,1070_LeafPhotoA_2025-09-08 13_01_31.955-05_00_0.png,1.5,1.9108100529622256
1948,1070_LeafPhotoA_2025-09-08 13_01_31.955-05_00_3.png,1.5,1.947388351718046
1949,1070_LeafPhotoA_2025-09-08 13_01_31.955-05_00_2.png,1.5,1.7462710414921003
1950,1070_LeafPhotoA_2025-09-08 13_01_31.955-05_00_1.png,1.5,2.013611615794604
1951,1031_LeafPhotoA_2025-09-08 10_05_56.491-05_00_2.png,1.75,1.8244551899822299
1952,1031_LeafPhotoA_2025-09-08 10_05_56.491-05_00_0.png,1.75,1.9790338724111833
1953,1031_LeafPhotoA_2025-09-08 10_05_56.491-05_00_1.png,1.75,1.9218460515219544
1954,1031_LeafPhotoA_2025-09-08 10_05_56.491-05_00_3.png,1.75,1.8418610213235562
1959,2835_LeafPhotoA_2025-09-09 10_59_12.275-05_00_0.png,2.5,1.9812176013700773
1988,,2.5,1.6422022974432147
2004,2915_LeafPhotoA_2025-09-09 16_35_42.182-05_00_0.png,2.0,1.778649737693239
2009,1697_LeafPhotoA_2025-09-09 08_54_31.422-05_00_2.png,1.5,1.8172334217116413
2010,1697_LeafPhotoA_2025-09-09 08_54_31.422-05_00_1.png,1.5,1.7689984875765035
2011,1697_LeafPhotoA_2025-09-09 08_54_31.422-05_00_0.png,1.5,1.6168772148890291
2016,2999_LeafPhotoA_2025-09-09 16_55_04.325-05_00_0.png,2.0,1.8457388008515496
2017,2999_LeafPhotoA_2025-09-09 16_55_04.325-05_00_1.png,2.0,1.8029582859735738
2018,2999_LeafPhotoA_2025-09-09 16_55_04.325-05_00_2.png,2.0,1.7370746245418054
2030,2164_LeafPhotoA_2025-09-09 11_57_19.201-05_00_0.png,1.5,1.9336139207826286
2031,2164_LeafPhotoA_2025-09-09 11_57_19.201-05_00_1.png,1.5,1.9548279209704438
2032,2164_LeafPhotoA_2025-09-09 11_57_19.201-05_00_2.png,1.5,2.0140746063066843
2033,2164_LeafPhotoA_2025-09-09 11_57_19.201-05_00_3.png,1.5,2.000506187982341
2038,2862_LeafPhotoA_2025-09-09 14_54_36.677-05_00_3.png,1.75,1.6381222012126397
2039,2862_LeafPhotoA_2025-09-09 14_54_36.677-05_00_0.png,1.75,1.6594880208223248
2040,2862_LeafPhotoA_2025-09-09 14_54_36.677-05_00_1.png,1.75,1.753052567353313
2041,2862_LeafPhotoA_2025-09-09 14_54_36.677-05_00_2.png,1.75,1.6678544723465405
2050,2833_LeafPhotoA_2025-09-09 10_55_45.835-05_00_0.png,1.5,1.8637567946530915
2051,2618_LeafPhotoA_2025-09-09 12_05_14.747-05_00_0.png,1.5,1.9520754240854512
2052,2618_LeafPhotoA_2025-09-09 12_05_14.747-05_00_1.png,1.5,1.9071614191299753
2053,2618_LeafPhotoA_2025-09-09 12_05_14.747-05_00_2.png,1.5,1.8562619866427434
2054,2618_LeafPhotoA_2025-09-09 12_05_14.747-05_00_3.png,1.5,1.8479509912910763
2095,1338_LeafPhotoA_2025-09-08 10_07_02.814-05_00_0.png,4.5,2.016358436644464
2096,1338_LeafPhotoA_2025-09-08 10_07_02.814-05_00_2.png,4.5,2.3026653251101536
2097,1338_LeafPhotoA_2025-09-08 10_07_02.814-05_00_1.png,4.5,2.347977243300591
2098,1338_LeafPhotoA_2025-09-08 10_07_02.814-05_00_3.png,4.5,2.3682047386724374
2165,1420_LeafPhotoB_2025-09-08 10_13_16.780-05_00_0.png,1.75,1.8691998050820988
2166,1420_LeafPhotoB_2025-09-08 10_13_16.780-05_00_1.png,1.75,1.8709254952510093
2167,1420_LeafPhotoB_2025-09-08 10_13_16.780-05_00_2.png,1.75,1.8600670596267657
2168,1420_LeafPhotoB_2025-09-08 10_13_16.780-05_00_3.png,1.75,1.903681593561238
2193,5014_LeafPhotoA_2025-09-09 16_20_31.482-05_00_0.png,1.75,1.8379987586856317
2194,5014_LeafPhotoA_2025-09-09 16_20_31.482-05_00_1.png,1.75,1.9535668371822121
2195,5014_LeafPhotoA_2025-09-09 16_20_31.482-05_00_2.png,1.75,1.9414725750255928
2196,5014_LeafPhotoA_2025-09-09 16_20_31.482-05_00_3.png,1.75,1.6921900383355248
2197,2119_LeafPhotoA_2025-09-08 11_28_47.667-05_00_0.png,1.5,1.9361551357139575
2202,2461_LeafPhotoB_2025-09-08 11_38_43.859-05_00_0.png,2.0,1.8493358569602132
2203,2461_LeafPhotoB_2025-09-08 11_38_43.859-05_00_1.png,2.0,1.9317361240867195
2204,2461_LeafPhotoB_2025-09-08 11_38_43.859-05_00_2.png,2.0,1.8203028237591667
2205,2461_LeafPhotoB_2025-09-08 11_38_43.859-05_00_3.png,2.0,2.0383419065588946
2210,1693_LeafPhotoA_2025-09-09 09_06_11.383-05_00_0.png,1.25,1.8835145909194875
2211,1693_LeafPhotoA_2025-09-09 09_06_11.383-05_00_1.png,1.25,1.7863192418015834
2212,1693_LeafPhotoA_2025-09-09 09_06_11.383-05_00_2.png,1.25,1.8573526125067101
2213,1693_LeafPhotoA_2025-09-09 09_06_11.383-05_00_3.png,1.25,1.8406691181732784
2239,1345_LeafPhotoA_2025-09-08 10_13_26.383-05_00_0.png,2.5,1.6903030556461425
2240,1345_LeafPhotoA_2025-09-08 10_13_26.383-05_00_2.png,2.5,1.8804952491179272
2241,1345_LeafPhotoA_2025-09-08 10_13_26.383-05_00_1.png,2.5,1.7690907267719393
2242,1345_LeafPhotoA_2025-09-08 10_13_26.383-05_00_3.png,2.5,1.8538812504037931
2255,2438_LeafPhotoB_2025-09-08 11_14_34.150-05_00_0.png,2.25,1.7891766087705383
2256,2438_LeafPhotoB_2025-09-08 11_14_34.150-05_00_1.png,2.25,1.854588294060227
2257,2438_LeafPhotoB_2025-09-08 11_14_34.150-05_00_2.png,2.25,1.72786118966549
2258,2438_LeafPhotoB_2025-09-08 11_14_34.150-05_00_3.png,2.25,1.6034377167501068
2259,1543_LeafPhotoA_2025-09-09 09_43_51.333-05_00_0.png,1.5,1.9025745021031277
2260,1543_LeafPhotoA_2025-09-09 09_43_51.333-05_00_1.png,1.5,1.9056264228346158
2261,1543_LeafPhotoA_2025-09-09 09_43_51.333-05_00_2.png,1.5,1.8535293592769917
2275,1798_LeafPhotoA_2025-09-09 08_54_43.161-05_00_0.png,2.25,1.8080297591085506
2276,1798_LeafPhotoA_2025-09-09 08_54_43.161-05_00_2.png,2.25,1.7610806193773973
2277,1798_LeafPhotoA_2025-09-09 08_54_43.161-05_00_3.png,2.25,1.6676283428634908
2278,1798_LeafPhotoA_2025-09-09 08_54_43.161-05_00_1.png,2.25,1.924434339127935
2294,1223_LeafPhotoA_2025-09-08 10_03_13.455-05_00_2.png,1.5,1.7758194021549172
2295,1223_LeafPhotoA_2025-09-08 10_03_13.455-05_00_1.png,1.5,1.7819020455459356
2296,1223_LeafPhotoA_2025-09-08 10_03_13.455-05_00_0.png,1.5,1.684528180684769
2297,1223_LeafPhotoA_2025-09-08 10_03_13.455-05_00_3.png,1.5,1.6808083116265073
2322,1086_LeafPhotoA_2025-09-09 10_58_54.973-05_00_3.png,2.5,1.7950265132184655
2323,1086_LeafPhotoA_2025-09-09 10_58_54.973-05_00_1.png,2.5,1.7221228155337094
2324,1086_LeafPhotoA_2025-09-09 10_58_54.973-05_00_0.png,2.5,1.8293680621453825
2325,1086_LeafPhotoA_2025-09-09 10_58_54.973-05_00_2.png,2.5,1.7688722887637582
2348,2385_LeafPhotoA_2025-09-08 11_56_10.265-05_00_1.png,1.25,1.9375386922360716
2349,2385_LeafPhotoA_2025-09-08 11_56_10.265-05_00_0.png,1.25,1.8537564971282814
2350,2385_LeafPhotoA_2025-09-08 11_56_10.265-05_00_3.png,1.25,1.7688646493470386
2351,2385_LeafPhotoA_2025-09-08 11_56_10.265-05_00_2.png,1.25,1.8848597713010562
2352,2381_LeafPhotoA_2025-09-08 11_51_50.879-05_00_1.png,2.0,1.9877580442003833
2353,2381_LeafPhotoA_2025-09-08 11_51_50.879-05_00_2.png,2.0,1.906550353450944
2354,2381_LeafPhotoA_2025-09-08 11_51_50.879-05_00_0.png,2.0,1.8386529286645268
2355,2381_LeafPhotoA_2025-09-08 11_51_50.879-05_00_3.png,2.0,1.9332635106296474
2401,9351_LeafPhotoA_2025-09-09 17_07_25.532-05_00_2.png,1.25,1.844911143790956
2402,9351_LeafPhotoA_2025-09-09 17_07_25.532-05_00_1.png,1.25,1.8488157828892275
2403,9351_LeafPhotoA_2025-09-09 17_07_25.532-05_00_3.png,1.25,1.9041926008771513
2404,9351_LeafPhotoA_2025-09-09 17_07_25.532-05_00_0.png,1.25,1.8609258111008797
2416,1915_LeafPhotoA_2025-09-09 14_54_52.435-05_00_0.png,1.75,1.806960879807809
2417,1915_LeafPhotoA_2025-09-09 14_54_52.435-05_00_1.png,1.75,1.7026382950447378
2418,1915_LeafPhotoA_2025-09-09 14_54_52.435-05_00_2.png,1.75,1.7583061775162079
2419,1915_LeafPhotoA_2025-09-09 14_54_52.435-05_00_3.png,1.75,1.6042565600491048
2424,1466_LeafPhotoB_2025-09-08 16_29_29.831-05_00_0.png,2.0,1.8070050508393067
2425,1466_LeafPhotoB_2025-09-08 16_29_29.831-05_00_1.png,2.0,1.9347423600463196
2426,1466_LeafPhotoB_2025-09-08 16_29_29.831-05_00_2.png,2.0,1.75100874846607
2427,1466_LeafPhotoB_2025-09-08 16_29_29.831-05_00_3.png,2.0,1.956970542370963
2432,2051_LeafPhotoA_2025-09-08 11_43_12.742-05_00_0.png,3.75,2.0309303338238176
2433,2051_LeafPhotoA_2025-09-08 11_43_12.742-05_00_1.png,3.75,2.1013644176627695
2434,2533_LeafPhotoA_2025-09-09 10_31_53.410-05_00_0.png,1.75,1.72076681998423
2435,2533_LeafPhotoA_2025-09-09 10_31_53.410-05_00_1.png,1.75,1.8248522900670145
2436,2533_LeafPhotoA_2025-09-09 10_31_53.410-05_00_2.png,1.75,1.8016104474381631
2437,2533_LeafPhotoA_2025-09-09 10_31_53.410-05_00_3.png,1.75,1.8401730054122556
2534,2295_LeafPhotoA_2025-09-08 16_45_42.473-05_00_2.png,2.25,1.798779145073405
2535,2295_LeafPhotoA_2025-09-08 16_45_42.473-05_00_1.png,2.25,1.9238408783365974
2536,2295_LeafPhotoA_2025-09-08 16_45_42.473-05_00_0.png,2.25,1.9091894014836646
2537,2295_LeafPhotoA_2025-09-08 16_45_42.473-05_00_3.png,2.25,1.9206454450638397
2547,1913_LeafPhotoA_2025-09-09 14_52_15.644-05_00_2.png,1.5,1.8404688951037038
2548,1913_LeafPhotoA_2025-09-09 14_52_15.644-05_00_1.png,1.5,1.891049125184669
2549,1913_LeafPhotoA_2025-09-09 14_52_15.644-05_00_3.png,1.5,1.8013002751610196
2550,1913_LeafPhotoA_2025-09-09 14_52_15.644-05_00_0.png,1.5,1.9166491498026161
2563,1407_LeafPhotoA_2025-09-08 09_28_58.311-05_00_1.png,1.0,1.88777081441762
2564,1407_LeafPhotoA_2025-09-08 09_28_58.311-05_00_2.png,1.0,1.954323305630182
2565,1407_LeafPhotoA_2025-09-08 09_28_58.311-05_00_0.png,1.0,1.7589434792329177
2566,1407_LeafPhotoA_2025-09-08 09_28_58.311-05_00_3.png,1.0,2.0933968255256934
2597,2470_LeafPhotoB_2025-09-08 11_46_55.188-05_00_3.png,2.25,1.7688988206093246
2598,2470_LeafPhotoB_2025-09-08 11_46_55.188-05_00_2.png,2.25,1.8876280610017673
2599,2470_LeafPhotoB_2025-09-08 11_46_55.188-05_00_0.png,2.25,1.9534334221460403
2600,2470_LeafPhotoB_2025-09-08 11_46_55.188-05_00_1.png,2.25,1.9431281595229577
2609,2130_LeafPhotoA_2025-09-08 11_48_43.180-05_00_0.png,2.5,2.040052968837364
2610,2130_LeafPhotoA_2025-09-08 11_48_43.180-05_00_1.png,2.5,1.9893296684060158
2611,2130_LeafPhotoA_2025-09-08 11_48_43.180-05_00_2.png,2.5,1.9565134752239288
2612,2130_LeafPhotoA_2025-09-08 11_48_43.180-05_00_3.png,2.5,2.0791910883194147
2617,2391_LeafPhotoA_2025-09-08 12_03_15.238-05_00_2.png,1.25,1.9837808857594086
2618,2391_LeafPhotoA_2025-09-08 12_03_15.238-05_00_1.png,1.25,1.9988254775933891
2619,2391_LeafPhotoA_2025-09-08 12_03_15.238-05_00_0.png,1.25,1.9061802258293292
2620,2391_LeafPhotoA_2025-09-08 12_03_15.238-05_00_3.png,1.25,1.8967667870015377
2621,2391_LeafPhotoA_2025-09-08 12_01_42.651-05_00_2.png,1.75,1.8633200891828858
2622,2391_LeafPhotoA_2025-09-08 12_01_42.651-05_00_3.png,1.75,2.061239160043389
2623,2391_LeafPhotoA_2025-09-08 12_01_42.651-05_00_1.png,1.75,1.7932721594683907
2624,2391_LeafPhotoA_2025-09-08 12_01_42.651-05_00_0.png,1.75,1.825623658150844
2630,1937_LeafPhotoA_2025-09-09 15_34_34.063-05_00_0.png,1.75,1.8399655875519625
2631,1937_LeafPhotoA_2025-09-09 15_34_34.063-05_00_1.png,1.75,1.8652485217257395
2632,1937_LeafPhotoA_2025-09-09 15_34_34.063-05_00_2.png,1.75,1.8671525435214742
2633,1937_LeafPhotoA_2025-09-09 15_34_34.063-05_00_3.png,1.75,1.9973058068535923
2635,1642_LeafPhotoA_2025-09-09 10_32_36.943-05_00_2.png,1.5,1.885527824902621
2636,1642_LeafPhotoA_2025-09-09 10_32_36.943-05_00_1.png,1.5,1.866219421684378
2637,1642_LeafPhotoA_2025-09-09 10_32_36.943-05_00_0.png,1.5,1.9053852375949552
2733,2942_LeafPhotoA_2025-09-09 16_27_26.746-05_00_3.png,2.75,1.7352807614091608
2734,2942_LeafPhotoA_2025-09-09 16_27_26.746-05_00_2.png,2.75,1.8246245275219486
2735,2942_LeafPhotoA_2025-09-09 16_27_26.746-05_00_1.png,2.75,1.8901229005732088
2736,2942_LeafPhotoA_2025-09-09 16_27_26.746-05_00_0.png,2.75,1.869532427848532
2749,2127_LeafPhotoA_2025-09-08 11_44_05.581-05_00_0.png,2.0,1.8008789303567618
2750,2127_LeafPhotoA_2025-09-08 11_44_05.581-05_00_1.png,2.0,1.7736305335168858
2751,2127_LeafPhotoA_2025-09-08 11_44_05.581-05_00_3.png,2.0,1.5939058656395613
2752,2127_LeafPhotoA_2025-09-08 11_44_05.581-05_00_2.png,2.0,1.7914212849038216
2761,2594_LeafPhotoA_2025-09-09 10_28_00.830-05_00_0.png,1.25,2.0689641108147394
2762,2594_LeafPhotoA_2025-09-09 10_28_00.830-05_00_1.png,1.25,1.8607343676664865
2763,2594_LeafPhotoA_2025-09-09 10_28_00.830-05_00_2.png,1.25,1.9377746944787984
2764,2594_LeafPhotoA_2025-09-09 10_28_00.830-05_00_3.png,1.25,2.0044001007780254
2777,1079_LeafPhotoA_2025-09-08 13_11_39.389-05_00_0.png,1.5,1.8468667673526016
2778,1079_LeafPhotoA_2025-09-08 13_11_39.389-05_00_1.png,1.5,1.8714368162622446
2779,1079_LeafPhotoA_2025-09-08 13_11_39.389-05_00_2.png,1.5,1.837200810107775
2780,1079_LeafPhotoA_2025-09-08 13_11_39.389-05_00_3.png,1.5,1.9099453130879673
2781,1842_LeafPhotoA_2025-09-09 09_52_16.462-05_00_0.png,2.25,1.855835275562769
2782,1842_LeafPhotoA_2025-09-09 09_52_16.462-05_00_1.png,2.25,1.599105099597577
2788,2879_LeafPhotoA_2025-09-09 14_38_53.940-05_00_0.png,1.25,1.8001599929729275
2789,2879_LeafPhotoA_2025-09-09 14_38_53.940-05_00_1.png,1.25,1.763251707926146
2790,1669_LeafPhotoA_2025-09-09 09_51_13.731-05_00_2.png,1.5,1.8656917022632746
2791,1669_LeafPhotoA_2025-09-09 09_51_13.731-05_00_1.png,1.5,1.931257509080724
2792,1669_LeafPhotoA_2025-09-09 09_51_13.731-05_00_0.png,1.5,1.8970545266472967
2793,1736_LeafPhotoA_2025-09-09 09_48_22.904-05_00_1.png,1.5,2.096214765913805
2794,1736_LeafPhotoA_2025-09-09 09_48_22.904-05_00_0.png,1.5,2.1328284876713326
2795,1736_LeafPhotoA_2025-09-09 09_48_22.904-05_00_2.png,1.5,1.9274032313293779
2796,1736_LeafPhotoA_2025-09-09 09_48_22.904-05_00_3.png,1.5,1.8291049642249069
2797,1466_LeafPhotoB_2025-09-08 16_29_39.552-05_00_0.png,1.25,1.8647095972925987
2798,1466_LeafPhotoB_2025-09-08 16_29_39.552-05_00_1.png,1.25,1.7556550580549595
2799,1466_LeafPhotoB_2025-09-08 16_29_39.552-05_00_2.png,1.25,1.8096304543772257
2800,1466_LeafPhotoB_2025-09-08 16_29_39.552-05_00_3.png,1.25,1.6909147392103072
2880,2744_LeafPhotoA_2025-09-09 11_15_01.877-05_00_3.png,2.25,1.9827369928430079
2881,2744_LeafPhotoA_2025-09-09 11_15_01.877-05_00_1.png,2.25,1.833701214773305
2882,2744_LeafPhotoA_2025-09-09 11_15_01.877-05_00_0.png,2.25,1.8738990246804925
2883,2744_LeafPhotoA_2025-09-09 11_15_01.877-05_00_2.png,2.25,1.87586913580244
2902,2404_LeafPhotoB_2025-09-08 10_44_08.041-05_00_0.png,3.25,1.9800661986684642
2903,2404_LeafPhotoB_2025-09-08 10_44_08.041-05_00_1.png,3.25,2.1374425103110046
2908,2215_LeafPhotoA_2025-09-08 11_08_31.563-05_00_2.png,2.25,1.8300923346371667
2909,2215_LeafPhotoA_2025-09-08 11_08_31.563-05_00_1.png,2.25,2.0356117054438947
2910,2215_LeafPhotoA_2025-09-08 11_08_31.563-05_00_3.png,2.25,1.753000330620264
2911,2215_LeafPhotoA_2025-09-08 11_08_31.563-05_00_0.png,2.25,1.9498004150052095
2916,2728_LeafPhotoA_2025-09-09 10_52_13.946-05_00_0.png,3.25,2.013197596683553
2917,2728_LeafPhotoA_2025-09-09 10_52_13.946-05_00_3.png,3.25,1.977151762592844
2918,2728_LeafPhotoA_2025-09-09 10_52_13.946-05_00_2.png,3.25,2.053482823232197
2919,2728_LeafPhotoA_2025-09-09 10_52_13.946-05_00_1.png,3.25,2.0844539929924646
2930,,1.5,1.6422022974432147
2931,1001_LeafPhotoA_2025-09-08 10_31_01.387-05_00_2.png,1.25,1.813666454645821
2932,1001_LeafPhotoA_2025-09-08 10_31_01.387-05_00_0.png,1.25,1.8373458644602925
2933,1001_LeafPhotoA_2025-09-08 10_31_01.387-05_00_1.png,1.25,1.8272919219905477
2960,1122_LeafPhotoA_2025-09-08 10_08_12.180-05_00_1.png,2.25,2.003936539489545
2961,1122_LeafPhotoA_2025-09-08 10_08_12.180-05_00_3.png,2.25,1.9625548663690089
2962,1122_LeafPhotoA_2025-09-08 10_08_12.180-05_00_2.png,2.25,1.902644173381765
2963,1122_LeafPhotoA_2025-09-08 10_08_12.180-05_00_0.png,2.25,1.8803538305184142
2980,2833_LeafPhotoA_2025-09-09 10_50_33.812-05_00_0.png,1.25,2.133496414274097
2981,2833_LeafPhotoA_2025-09-09 10_50_33.812-05_00_1.png,1.25,2.2936920901958264
2982,2833_LeafPhotoA_2025-09-09 10_50_33.812-05_00_2.png,1.25,2.2615504261564987
2983,2833_LeafPhotoA_2025-09-09 10_50_33.812-05_00_3.png,1.25,2.2263369688393397
2991,1267_LeafPhotoA_2025-09-08 16_19_24.654-05_00_2.png,2.25,1.7459446502419356
2992,1267_LeafPhotoA_2025-09-08 16_19_24.654-05_00_1.png,2.25,1.8595642936677166
2993,1267_LeafPhotoA_2025-09-08 16_19_24.654-05_00_0.png,2.25,1.7906872698648535
2994,1267_LeafPhotoA_2025-09-08 16_19_24.654-05_00_3.png,2.25,1.6881701875615134
3011,2278_LeafPhotoA_2025-09-08 17_01_54.314-05_00_2.png,3.0,1.7917098482416076
3012,2278_LeafPhotoA_2025-09-08 17_01_54.314-05_00_0.png,3.0,1.8684487214604306
3013,2278_LeafPhotoA_2025-09-08 17_01_54.314-05_00_1.png,3.0,1.8592302390806668
3014,2278_LeafPhotoA_2025-09-08 17_01_54.314-05_00_3.png,3.0,1.838579940062839
3019,2579_LeafPhotoA_2025-09-09 10_41_50.960-05_00_0.png,1.0,1.8258415977512328
3020,2579_LeafPhotoA_2025-09-09 10_41_50.960-05_00_3.png,1.0,1.6282155088673698
3021,2579_LeafPhotoA_2025-09-09 10_41_50.960-05_00_1.png,1.0,1.5903056775754023
3022,2579_LeafPhotoA_2025-09-09 10_41_50.960-05_00_2.png,1.0,1.6002503072343697
3026,2206_LeafPhotoA_2025-09-08 10_54_07.474-05_00_0.png,1.5,1.6276612437404565
3027,2206_LeafPhotoA_2025-09-08 10_54_07.474-05_00_1.png,1.5,1.6447008749200354
3028,2206_LeafPhotoA_2025-09-08 10_54_07.474-05_00_2.png,1.5,1.711361038202854
3029,2206_LeafPhotoA_2025-09-08 10_54_07.474-05_00_3.png,1.5,1.6586031498346103
3060,1823_LeafPhotoA_2025-09-09 09_24_42.198-05_00_0.png,1.75,1.948434616732917
3061,1823_LeafPhotoA_2025-09-09 09_24_42.198-05_00_1.png,1.75,1.8684533153975136
3062,1823_LeafPhotoA_2025-09-09 09_24_42.198-05_00_2.png,1.75,1.8525406706256538
3069,5027_LeafPhotoA_2025-09-09 16_48_30.065-05_00_1.png,1.5,1.8139470188716522
3070,5027_LeafPhotoA_2025-09-09 16_48_30.065-05_00_3.png,1.5,2.015916223246138
3071,5027_LeafPhotoA_2025-09-09 16_48_30.065-05_00_2.png,1.5,1.8698321280153325
3072,5027_LeafPhotoA_2025-09-09 16_48_30.065-05_00_0.png,1.5,1.8639249558558169
3077,1357_LeafPhotoA_2025-09-08 12_34_05.972-05_00_1.png,3.75,2.2184246701279857
3078,1357_LeafPhotoA_2025-09-08 12_34_05.972-05_00_0.png,3.75,2.0978191723916155
3079,1357_LeafPhotoA_2025-09-08 12_34_05.972-05_00_2.png,3.75,2.1535110584008272
3080,1975_LeafPhotoA_2025-09-09 16_51_47.447-05_00_0.png,1.0,1.6906346333311175
3081,1975_LeafPhotoA_2025-09-09 16_51_47.447-05_00_1.png,1.0,1.8071114354892277
3082,1975_LeafPhotoA_2025-09-09 16_51_47.447-05_00_3.png,1.0,1.7432566221993953
3083,1975_LeafPhotoA_2025-09-09 16_51_47.447-05_00_2.png,1.0,1.656205820271114
3097,1462_LeafPhotoB_2025-09-08 16_26_18.579-05_00_2.png,1.25,1.8223915905551815
3098,1462_LeafPhotoB_2025-09-08 16_26_18.579-05_00_3.png,1.25,1.725512722391665
3099,1462_LeafPhotoB_2025-09-08 16_26_18.579-05_00_1.png,1.25,1.9082223003403211
3100,1462_LeafPhotoB_2025-09-08 16_26_18.579-05_00_0.png,1.25,1.7963181337174168
3101,2596_LeafPhotoA_2025-09-09 10_26_28.393-05_00_0.png,2.75,1.971325476448325
3109,1134_LeafPhotoA_2025-09-08 10_25_22.077-05_00_0.png,2.0,1.753867661415758
3110,1134_LeafPhotoA_2025-09-08 10_25_22.077-05_00_1.png,2.0,1.5945167392672475
3111,1134_LeafPhotoA_2025-09-08 10_25_22.077-05_00_2.png,2.0,1.6021950174787576
3112,1134_LeafPhotoA_2025-09-08 10_25_22.077-05_00_3.png,2.0,1.6370050820997017
3125,1175_LeafPhotoA_2025-09-08 16_24_37.781-05_00_2.png,1.75,1.9942323933148365
3126,1175_LeafPhotoA_2025-09-08 16_24_37.781-05_00_3.png,1.75,1.9312576344713284
3127,1175_LeafPhotoA_2025-09-08 16_24_37.781-05_00_1.png,1.75,2.0116936745140745
3128,1175_LeafPhotoA_2025-09-08 16_24_37.781-05_00_0.png,1.75,2.080431482267141
3133,1122_LeafPhotoA_2025-09-08 10_07_49.073-05_00_3.png,2.5,1.9876306781400146
3134,1122_LeafPhotoA_2025-09-08 10_07_49.073-05_00_0.png,2.5,2.011475942742222
3135,1122_LeafPhotoA_2025-09-08 10_07_49.073-05_00_1.png,2.5,2.027706021328603
3136,1122_LeafPhotoA_2025-09-08 10_07_49.073-05_00_2.png,2.5,2.0786850700495973
3157,2962_LeafPhotoA_2025-09-09 16_07_02.844-05_00_1.png,2.0,2.063137234629085
3158,2962_LeafPhotoA_2025-09-09 16_07_02.844-05_00_3.png,2.0,2.140322016043222
3159,2962_LeafPhotoA_2025-09-09 16_07_02.844-05_00_0.png,2.0,2.090179516050416
3160,2962_LeafPhotoA_2025-09-09 16_07_02.844-05_00_2.png,2.0,2.108661229768789
3169,5029_LeafPhotoA_2025-09-09 16_52_43.123-05_00_1.png,1.25,1.6702731953544299
3170,5029_LeafPhotoA_2025-09-09 16_52_43.123-05_00_0.png,1.25,1.7227537035306233
3171,5029_LeafPhotoA_2025-09-09 16_52_43.123-05_00_3.png,1.25,1.7301177116831523
3172,5029_LeafPhotoA_2025-09-09 16_52_43.123-05_00_2.png,1.25,1.8353847760091102
3231,,2.0,1.6422022974432147
3269,2834_LeafPhotoA_2025-09-09 10_58_21.581-05_00_3.png,3.75,2.069472935902139
3270,2834_LeafPhotoA_2025-09-09 10_58_21.581-05_00_0.png,3.75,1.9444137851769197
3271,2834_LeafPhotoA_2025-09-09 10_58_21.581-05_00_1.png,3.75,1.953516596673825
3272,2834_LeafPhotoA_2025-09-09 10_58_21.581-05_00_2.png,3.75,2.0409059719775304
3293,1593_LeafPhotoA_2025-09-09 09_33_14.926-05_00_0.png,2.25,1.8321201121934505
3294,1593_LeafPhotoA_2025-09-09 09_33_14.926-05_00_3.png,2.25,1.8134739282972032
3295,1593_LeafPhotoA_2025-09-09 09_33_14.926-05_00_1.png,2.25,1.938569932891648
3296,1593_LeafPhotoA_2025-09-09 09_33_14.926-05_00_2.png,2.25,1.8610161397648937
3307,1113_LeafPhotoA_2025-09-08 09_54_47.376-05_00_0.png,1.5,1.7893195062645035
3308,1113_LeafPhotoA_2025-09-08 09_54_47.376-05_00_1.png,1.5,1.8454396926092667
3309,1113_LeafPhotoA_2025-09-08 09_54_47.376-05_00_2.png,1.5,2.0413851810961554
3310,1113_LeafPhotoA_2025-09-08 09_54_47.376-05_00_3.png,1.5,2.0529704236614696
3319,2404_LeafPhotoB_2025-09-08 10_43_34.946-05_00_0.png,1.5,1.7952535845150621
3320,2404_LeafPhotoB_2025-09-08 10_43_34.946-05_00_1.png,1.5,1.9690261803161258
3321,2404_LeafPhotoB_2025-09-08 10_43_34.946-05_00_2.png,1.5,1.9763115602497137
3322,2404_LeafPhotoB_2025-09-08 10_43_34.946-05_00_3.png,1.5,1.793001343720456
3332,1407_LeafPhotoB_2025-09-08 10_01_50.917-05_00_1.png,1.25,1.8594981513544173
3333,1407_LeafPhotoB_2025-09-08 10_01_50.917-05_00_2.png,1.25,1.847535529582644
3334,1407_LeafPhotoB_2025-09-08 10_01_50.917-05_00_3.png,1.25,1.6766383873345223
3335,1407_LeafPhotoB_2025-09-08 10_01_50.917-05_00_0.png,1.25,1.7752158928989177
3336,2490_LeafPhotoB_2025-09-08 12_05_51.103-05_00_3.png,1.5,1.762105442181283
3337,2490_LeafPhotoB_2025-09-08 12_05_51.103-05_00_0.png,1.5,2.0080837440275676
3338,2490_LeafPhotoB_2025-09-08 12_05_51.103-05_00_2.png,1.5,1.6769542467484235
3339,2490_LeafPhotoB_2025-09-08 12_05_51.103-05_00_1.png,1.5,1.8684807573894853
3340,2958_LeafPhotoA_2025-09-09 16_03_21.913-05_00_3.png,1.25,1.861542860823978
3341,2958_LeafPhotoA_2025-09-09 16_03_21.913-05_00_0.png,1.25,1.6707599776988689
3342,2958_LeafPhotoA_2025-09-09 16_03_21.913-05_00_1.png,1.25,1.8187172772738633
3343,2958_LeafPhotoA_2025-09-09 16_03_21.913-05_00_2.png,1.25,1.886519013870117
3361,1679_LeafPhotoA_2025-09-09 09_33_07.078-05_00_0.png,2.0,1.8209895773422133
3362,1679_LeafPhotoA_2025-09-09 09_33_07.078-05_00_1.png,2.0,1.8273369669438744
3363,1679_LeafPhotoA_2025-09-09 09_33_07.078-05_00_2.png,2.0,1.8713100683608608
3364,1679_LeafPhotoA_2025-09-09 09_33_07.078-05_00_3.png,2.0,1.8750582060765282
3376,1414_LeafPhotoB_2025-09-08 10_08_06.102-05_00_2.png,2.25,1.7886082183103287
3377,1414_LeafPhotoB_2025-09-08 10_08_06.102-05_00_3.png,2.25,2.107901610461692
3378,1414_LeafPhotoB_2025-09-08 10_08_06.102-05_00_1.png,2.25,1.9477713410412465
3379,1414_LeafPhotoB_2025-09-08 10_08_06.102-05_00_0.png,2.25,1.7636902548560807
3384,2104_LeafPhotoA_2025-09-08 10_57_30.453-05_00_0.png,1.25,2.047304393418438
3385,2292_LeafPhotoA_2025-09-08 16_48_06.499-05_00_3.png,1.75,1.7392517566632062
3386,2292_LeafPhotoA_2025-09-08 16_48_06.499-05_00_0.png,1.75,1.7633814181993717
3387,2292_LeafPhotoA_2025-09-08 16_48_06.499-05_00_2.png,1.75,1.7043617796153478
3388,2292_LeafPhotoA_2025-09-08 16_48_06.499-05_00_1.png,1.75,1.9332454656626503
3397,1761_LeafPhotoA_2025-09-09 10_25_02.889-05_00_3.png,1.25,1.9545340567249558
3398,1761_LeafPhotoA_2025-09-09 10_25_02.889-05_00_2.png,1.25,1.9253750921676263
3399,1761_LeafPhotoA_2025-09-09 10_25_02.889-05_00_0.png,1.25,1.8191931623077864
3400,1761_LeafPhotoA_2025-09-09 10_25_02.889-05_00_1.png,1.25,1.9060196398673588
3423,1721_LeafPhotoA_2025-09-09 09_20_24.206-05_00_2.png,2.5,1.9041306118390355
3424,1721_LeafPhotoA_2025-09-09 09_20_24.206-05_00_0.png,2.5,2.111918145502052
3425,1721_LeafPhotoA_2025-09-09 09_20_24.206-05_00_1.png,2.5,2.0325819609661284
3430,1365_LeafPhotoA_2025-09-08 12_47_18.027-05_00_2.png,2.0,1.9225828690720947
3431,1365_LeafPhotoA_2025-09-08 12_47_18.027-05_00_1.png,2.0,1.7634397701675915
3432,1365_LeafPhotoA_2025-09-08 12_47_18.027-05_00_3.png,2.0,1.7907081410081351
3433,1365_LeafPhotoA_2025-09-08 12_47_18.027-05_00_0.png,2.0,1.9404642488198487
3461,1704_LeafPhotoA_2025-09-09 08_56_01.667-05_00_3.png,2.25,1.9699406027113793
3462,1704_LeafPhotoA_2025-09-09 08_56_01.667-05_00_1.png,2.25,1.9545076606588094
3463,1704_LeafPhotoA_2025-09-09 08_56_01.667-05_00_0.png,2.25,1.9169691950622811
3464,1704_LeafPhotoA_2025-09-09 08_56_01.667-05_00_2.png,2.25,2.0538779868652166
3473,2970_LeafPhotoA_2025-09-09 16_17_01.331-05_00_0.png,1.25,1.9559029916632127
3474,2970_LeafPhotoA_2025-09-09 16_17_01.331-05_00_1.png,1.25,2.027304967564258
3483,1548_LeafPhotoA_2025-09-09 09_49_29.604-05_00_1.png,3.0,2.342212794742293
3484,1548_LeafPhotoA_2025-09-09 09_49_29.604-05_00_3.png,3.0,1.9520883069834778
3485,1548_LeafPhotoA_2025-09-09 09_49_29.604-05_00_0.png,3.0,2.032749585533628
3486,1548_LeafPhotoA_2025-09-09 09_49_29.604-05_00_2.png,3.0,2.069600500378161
3487,,1.5,1.6422022974432147
3492,1472_LeafPhotoB_2025-09-08 16_38_58.831-05_00_0.png,2.75,1.8968126616849874
3493,1472_LeafPhotoB_2025-09-08 16_38_58.831-05_00_1.png,2.75,1.9659553335421793
3494,1472_LeafPhotoB_2025-09-08 16_38_58.831-05_00_2.png,2.75,1.919607992503068
