,image_name,label,predicted
0,2705_LeafPhotoA_2025-09-09 10_19_54.020-05_00_2.png,1.25,1.876791306721744
1,2705_LeafPhotoA_2025-09-09 10_19_54.020-05_00_1.png,1.25,1.9611915584294786
2,2705_LeafPhotoA_2025-09-09 10_19_54.020-05_00_0.png,1.25,2.004421436186576
7,2002_LeafPhotoA_2025-09-08 10_34_30.740-05_00_3.png,1.25,1.977127641455765
8,2002_LeafPhotoA_2025-09-08 10_34_30.740-05_00_0.png,1.25,1.7933693500234713
9,2002_LeafPhotoA_2025-09-08 10_34_30.740-05_00_1.png,1.25,1.8200770777223807
10,2002_LeafPhotoA_2025-09-08 10_34_30.740-05_00_2.png,1.25,1.812663463531921
15,2645_LeafPhotoA_2025-09-09 11_30_33.412-05_00_2.png,1.75,1.6830560612364507
16,2645_LeafPhotoA_2025-09-09 11_30_33.412-05_00_1.png,1.75,1.6416507165099588
17,2645_LeafPhotoA_2025-09-09 11_30_33.412-05_00_0.png,1.75,1.6432092990128504
25,2863_LeafPhotoA_2025-09-09 14_53_39.925-05_00_0.png,1.5,1.9698147160555757
26,2863_LeafPhotoA_2025-09-09 14_53_39.925-05_00_1.png,1.5,1.9090180836897792
38,1268_LeafPhotoA_2025-09-08 16_18_21.694-05_00_0.png,1.25,2.00633581616209
39,1268_LeafPhotoA_2025-09-08 16_18_21.694-05_00_1.png,1.25,1.9766810700984458
40,1268_LeafPhotoA_2025-09-08 16_18_21.694-05_00_2.png,1.25,2.0004692528672288
41,1268_LeafPhotoA_2025-09-08 16_18_21.694-05_00_3.png,1.25,1.959035508854697
62,2339_LeafPhotoA_2025-09-08 11_07_39.980-05_00_3.png,1.25,1.907069568527556
63,2339_LeafPhotoA_2025-09-08 11_07_39.980-05_00_0.png,1.25,2.0820877881833404
64,2339_LeafPhotoA_2025-09-08 11_07_39.980-05_00_1.png,1.25,2.266444407876213
65,2339_LeafPhotoA_2025-09-08 11_07_39.980-05_00_2.png,1.25,2.1385751143971805
77,1827_LeafPhotoA_2025-09-09 09_28_41.756-05_00_0.png,1.5,1.7691203073900352
78,1827_LeafPhotoA_2025-09-09 09_28_41.756-05_00_1.png,1.5,1.7929927260441108
79,1827_LeafPhotoA_2025-09-09 09_28_41.756-05_00_2.png,1.5,1.646315140141561
80,1827_LeafPhotoA_2025-09-09 09_28_41.756-05_00_3.png,1.5,1.7126318715361888
93,2675_LeafPhotoA_2025-09-09 11_09_07.955-05_00_0.png,2.0,1.9801784874737314
94,2675_LeafPhotoA_2025-09-09 11_09_07.955-05_00_1.png,2.0,2.0445900065276987
95,2675_LeafPhotoA_2025-09-09 11_09_07.955-05_00_2.png,2.0,1.9476641291057049
96,1256_LeafPhotoA_2025-09-08 16_33_20.459-05_00_1.png,2.5,2.131177915993909
97,1256_LeafPhotoA_2025-09-08 16_33_20.459-05_00_2.png,2.5,2.0381220463711873
98,1256_LeafPhotoA_2025-09-08 16_33_20.459-05_00_0.png,2.5,2.0207927415882625
118,1150_LeafPhotoA_2025-09-08 10_48_11.571-05_00_0.png,1.75,2.0022687036247557
119,1150_LeafPhotoA_2025-09-08 10_48_11.571-05_00_1.png,1.75,1.9641336748409701
120,1150_LeafPhotoA_2025-09-08 10_48_11.571-05_00_2.png,1.75,2.030736734598071
121,1150_LeafPhotoA_2025-09-08 10_48_11.571-05_00_3.png,1.75,1.816424704924257
129,2616_LeafPhotoA_2025-09-09 12_03_18.288-05_00_1.png,2.0,1.7550533728236428
130,2616_LeafPhotoA_2025-09-09 12_03_18.288-05_00_3.png,2.0,1.8293951239557995
131,2616_LeafPhotoA_2025-09-09 12_03_18.288-05_00_2.png,2.0,1.765621071710527
132,2616_LeafPhotoA_2025-09-09 12_03_18.288-05_00_0.png,2.0,1.9398898137117255
148,2445_LeafPhotoB_2025-09-08 11_21_12.225-05_00_0.png,1.5,1.8982067011197097
149,2445_LeafPhotoB_2025-09-08 11_21_12.225-05_00_3.png,1.5,1.9628788025176265
150,2445_LeafPhotoB_2025-09-08 11_21_12.225-05_00_1.png,1.5,1.8678760121779667
151,2445_LeafPhotoB_2025-09-08 11_21_12.225-05_00_2.png,1.5,1.8547605480658398
171,2469_LeafPhotoB_2025-09-08 11_45_54.424-05_00_1.png,1.75,2.0497065660504243
172,2469_LeafPhotoB_2025-09-08 11_45_54.424-05_00_2.png,1.75,2.1618906102041002
173,2469_LeafPhotoB_2025-09-08 11_45_54.424-05_00_3.png,1.75,1.9629774607621675
174,2469_LeafPhotoB_2025-09-08 11_45_54.424-05_00_0.png,1.75,1.981799900351736
241,2637_LeafPhotoA_2025-09-09 11_40_45.027-05_00_0.png,1.25,1.9862548617962708
242,2637_LeafPhotoA_2025-09-09 11_40_45.027-05_00_1.png,1.25,2.0085790740718927
243,2637_LeafPhotoA_2025-09-09 11_40_45.027-05_00_2.png,1.25,2.0208560105145206
244,2637_LeafPhotoA_2025-09-09 11_40_45.027-05_00_3.png,1.25,1.811677564083234
245,2240_LeafPhotoA_2025-09-08 11_49_15.391-05_00_0.png,1.75,1.7763783044253014
246,2240_LeafPhotoA_2025-09-08 11_49_15.391-05_00_3.png,1.75,1.6915625458697015
247,2240_LeafPhotoA_2025-09-08 11_49_15.391-05_00_1.png,1.75,1.697216430677866
248,2240_LeafPhotoA_2025-09-08 11_49_15.391-05_00_2.png,1.75,1.6985171307316471
253,2225_LeafPhotoA_2025-09-08 11_27_06.412-05_00_0.png,1.25,1.8199927516637555
254,2225_LeafPhotoA_2025-09-08 11_27_06.412-05_00_1.png,1.25,1.9388471915927556
255,2225_LeafPhotoA_2025-09-08 11_27_06.412-05_00_2.png,1.25,1.928896455300697
256,2225_LeafPhotoA_2025-09-08 11_27_06.412-05_00_3.png,1.25,1.803866085083429
264,2177_LeafPhotoA_2025-09-09 12_21_22.406-05_00_0.png,1.5,2.0185740956951688
265,2177_LeafPhotoA_2025-09-09 12_21_22.406-05_00_1.png,1.5,2.0375481585032196
266,2177_LeafPhotoA_2025-09-09 12_21_22.406-05_00_2.png,1.5,2.0766320860793908
267,2177_LeafPhotoA_2025-09-09 12_21_22.406-05_00_3.png,1.5,1.9773340223775826
281,1830_LeafPhotoA_2025-09-09 09_33_52.287-05_00_2.png,2.0,1.7006045303219741
282,1830_LeafPhotoA_2025-09-09 09_33_52.287-05_00_1.png,2.0,1.7524367579176499
283,1830_LeafPhotoA_2025-09-09 09_33_52.287-05_00_3.png,2.0,1.759499480660217
284,1830_LeafPhotoA_2025-09-09 09_33_52.287-05_00_0.png,2.0,1.8296965295706813
297,2671_LeafPhotoA_2025-09-09 11_45_37.038-05_00_0.png,4.5,2.274809070275377
298,2671_LeafPhotoA_2025-09-09 11_45_37.038-05_00_1.png,4.5,2.306160807041308
299,2671_LeafPhotoA_2025-09-09 11_45_37.038-05_00_2.png,4.5,2.229008489763375
300,2671_LeafPhotoA_2025-09-09 11_45_37.038-05_00_3.png,4.5,2.1843419348807798
309,1085_LeafPhotoA_2025-09-09 10_58_08.346-05_00_0.png,2.0,2.049981017143276
310,1085_LeafPhotoA_2025-09-09 10_58_08.346-05_00_1.png,2.0,2.0133281166449226
311,1085_LeafPhotoA_2025-09-09 10_58_08.346-05_00_2.png,2.0,2.1035571079180446
312,1085_LeafPhotoA_2025-09-09 10_58_08.346-05_00_3.png,2.0,2.035695923058334
324,1090_LeafPhotoA_2025-09-09 11_01_46.837-05_00_2.png,2.0,2.138823675146395
325,1090_LeafPhotoA_2025-09-09 11_01_46.837-05_00_3.png,2.0,2.2866604328012006
326,1090_LeafPhotoA_2025-09-09 11_01_46.837-05_00_1.png,2.0,2.104534331027646
327,1090_LeafPhotoA_2025-09-09 11_01_46.837-05_00_0.png,2.0,1.9470539744778599
328,2539_LeafPhotoA_2025-09-09 10_38_11.553-05_00_0.png,1.5,1.9805486351601513
329,2539_LeafPhotoA_2025-09-09 10_38_11.553-05_00_1.png,1.5,2.052479812956921
330,2539_LeafPhotoA_2025-09-09 10_38_11.553-05_00_2.png,1.5,1.811670595119911
331,2539_LeafPhotoA_2025-09-09 10_38_11.553-05_00_3.png,1.5,1.9588608052298813
344,2439_LeafPhotoB_2025-09-08 11_15_32.151-05_00_0.png,1.0,1.8659934529520084
345,2439_LeafPhotoB_2025-09-08 11_15_32.151-05_00_1.png,1.0,2.045011893281727
346,2439_LeafPhotoB_2025-09-08 11_15_32.151-05_00_2.png,1.0,1.874444897393304
347,2439_LeafPhotoB_2025-09-08 11_15_32.151-05_00_3.png,1.0,1.9040838380584402
360,1743_LeafPhotoA_2025-09-09 09_59_38.653-05_00_0.png,1.0,1.9620114115277136
361,1743_LeafPhotoA_2025-09-09 09_59_38.653-05_00_1.png,1.0,1.9939669559188247
362,1743_LeafPhotoA_2025-09-09 09_59_38.653-05_00_2.png,1.0,2.132427981259905
363,1743_LeafPhotoA_2025-09-09 09_59_38.653-05_00_3.png,1.0,2.1345816670953224
368,2076_LeafPhotoA_2025-09-08 12_11_50.135-05_00_0.png,1.25,1.784184080539344
369,2076_LeafPhotoA_2025-09-08 12_11_50.135-05_00_1.png,1.25,1.7722884459344428
370,2076_LeafPhotoA_2025-09-08 12_11_50.135-05_00_2.png,1.25,1.801486289307583
371,2076_LeafPhotoA_2025-09-08 12_11_50.135-05_00_3.png,1.25,2.0268618847250224
380,2570_LeafPhotoA_2025-09-09 10_49_34.407-05_00_0.png,2.75,1.9549373100615839
381,2570_LeafPhotoA_2025-09-09 10_49_34.407-05_00_1.png,2.75,1.9980057079962614
382,2570_LeafPhotoA_2025-09-09 10_49_34.407-05_00_2.png,2.75,1.9155833126698187
395,2262_LeafPhotoA_2025-09-08 12_34_41.227-05_00_2.png,1.5,1.8419628916015933
396,2262_LeafPhotoA_2025-09-08 12_34_41.227-05_00_1.png,1.5,1.741730928938409
397,2262_LeafPhotoA_2025-09-08 12_34_41.227-05_00_0.png,1.5,1.794616544844957
398,2262_LeafPhotoA_2025-09-08 12_34_41.227-05_00_3.png,1.5,1.7397027785783836
407,6042_LeafPhotoA_2025-09-09 16_06_35.024-05_00_0.png,1.25,1.6838096452481128
408,6042_LeafPhotoA_2025-09-09 16_06_35.024-05_00_1.png,1.25,1.7037271181771236
409,6042_LeafPhotoA_2025-09-09 16_06_35.024-05_00_2.png,1.25,1.7619915341500805
410,6042_LeafPhotoA_2025-09-09 16_06_35.024-05_00_3.png,1.25,1.7272050307404052
422,1625_LeafPhotoA_2025-09-09 10_02_28.135-05_00_0.png,2.25,2.0277706910432927
423,1625_LeafPhotoA_2025-09-09 10_02_28.135-05_00_2.png,2.25,2.0424124758688067
424,1625_LeafPhotoA_2025-09-09 10_02_28.135-05_00_1.png,2.25,2.0747571439541495
425,1625_LeafPhotoA_2025-09-09 10_02_28.135-05_00_3.png,2.25,1.9675099007835573
444,2436_LeafPhotoB_2025-09-08 11_12_35.180-05_00_3.png,1.5,1.9440251430339959
445,2436_LeafPhotoB_2025-09-08 11_12_35.180-05_00_0.png,1.5,1.9817679395875027
446,2436_LeafPhotoB_2025-09-08 11_12_35.180-05_00_1.png,1.5,1.9235871524161356
447,2436_LeafPhotoB_2025-09-08 11_12_35.180-05_00_2.png,1.5,1.8056952221352145
455,1203_LeafPhotoA_2025-09-08 09_19_50.867-05_00_0.png,2.25,2.0543234905265546
456,1203_LeafPhotoA_2025-09-08 09_19_50.867-05_00_3.png,2.25,1.8803892081457634
457,1203_LeafPhotoA_2025-09-08 09_19_50.867-05_00_2.png,2.25,1.9144694280513637
458,1203_LeafPhotoA_2025-09-08 09_19_50.867-05_00_1.png,2.25,2.0187550739875983
521,2062_LeafPhotoA_2025-09-08 11_56_16.610-05_00_0.png,1.25,1.7924523642341694
522,2062_LeafPhotoA_2025-09-08 11_56_16.610-05_00_1.png,1.25,1.8762728303755178
523,2062_LeafPhotoA_2025-09-08 11_56_16.610-05_00_2.png,1.25,1.9367553509106437
524,1347_LeafPhotoA_2025-09-08 10_15_29.541-05_00_0.png,1.75,1.971496349746422
525,1347_LeafPhotoA_2025-09-08 10_15_29.541-05_00_1.png,1.75,1.882093196437152
526,1347_LeafPhotoA_2025-09-08 10_15_29.541-05_00_2.png,1.75,1.817482573275214
527,1347_LeafPhotoA_2025-09-08 10_15_29.541-05_00_3.png,1.75,1.7097735184022305
532,2639_LeafPhotoA_2025-09-09 11_37_01.257-05_00_0.png,1.25,1.9375939884311595
533,2639_LeafPhotoA_2025-09-09 11_37_01.257-05_00_3.png,1.25,1.8078942750280536
534,2639_LeafPhotoA_2025-09-09 11_37_01.257-05_00_1.png,1.25,1.8597052246160726
535,2639_LeafPhotoA_2025-09-09 11_37_01.257-05_00_2.png,1.25,1.8812055933899365
536,1301_LeafPhotoA_2025-09-08 10_20_24.380-05_00_0.png,1.5,1.643879729086916
537,1301_LeafPhotoA_2025-09-08 10_20_24.380-05_00_1.png,1.5,1.9553176563941477
538,1301_LeafPhotoA_2025-09-08 10_20_24.380-05_00_2.png,1.5,1.9111789909638326
539,1301_LeafPhotoA_2025-09-08 10_20_24.380-05_00_3.png,1.5,1.8880164262632553
614,1942_LeafPhotoA_2025-09-09 15_57_21.713-05_00_2.png,2.25,1.9675174413649625
615,1942_LeafPhotoA_2025-09-09 15_57_21.713-05_00_3.png,2.25,1.9682267451747075
616,1942_LeafPhotoA_2025-09-09 15_57_21.713-05_00_0.png,2.25,1.993695920235273
617,1942_LeafPhotoA_2025-09-09 15_57_21.713-05_00_1.png,2.25,1.9447600763516135
622,2311_LeafPhotoA_2025-09-08 10_40_04.548-05_00_0.png,1.5,1.799771327233352
623,2311_LeafPhotoA_2025-09-08 10_40_04.548-05_00_1.png,1.5,1.7501678976392119
624,2311_LeafPhotoA_2025-09-08 10_40_04.548-05_00_2.png,1.5,1.848633177485622
625,2311_LeafPhotoA_2025-09-08 10_40_04.548-05_00_3.png,1.5,1.7918895311814833
643,1142_LeafPhotoA_2025-09-08 10_37_21.587-05_00_0.png,1.0,2.0475887857635713
644,1142_LeafPhotoA_2025-09-08 10_37_21.587-05_00_1.png,1.0,2.2134782205628163
645,1142_LeafPhotoA_2025-09-08 10_37_21.587-05_00_2.png,1.0,2.1599111931576043
646,1142_LeafPhotoA_2025-09-08 10_37_21.587-05_00_3.png,1.0,2.010377888236634
651,1715_LeafPhotoA_2025-09-09 09_11_42.677-05_00_0.png,2.25,2.0001093545480746
652,1715_LeafPhotoA_2025-09-09 09_11_42.677-05_00_1.png,2.25,1.9861378535237038
653,1715_LeafPhotoA_2025-09-09 09_11_42.677-05_00_2.png,2.25,2.0695716034132468
654,1715_LeafPhotoA_2025-09-09 09_11_42.677-05_00_3.png,2.25,1.860486785203745
702,1449_LeafPhotoB_2025-09-08 10_37_44.031-05_00_1.png,2.0,1.9040572357263061
703,1449_LeafPhotoB_2025-09-08 10_37_44.031-05_00_0.png,2.0,1.8852872377598209
704,1449_LeafPhotoB_2025-09-08 10_37_44.031-05_00_2.png,2.0,2.1972182955476525
709,1269_LeafPhotoA_2025-09-08 16_17_52.960-05_00_1.png,2.25,2.1167131967861224
710,1269_LeafPhotoA_2025-09-08 16_17_52.960-05_00_0.png,2.25,1.8946923362960981
711,1269_LeafPhotoA_2025-09-08 16_17_52.960-05_00_3.png,2.25,2.0709846293211105
712,1269_LeafPhotoA_2025-09-08 16_17_52.960-05_00_2.png,2.25,2.051618525795832
717,,1.5,1.8394655499312884
718,,2.0,1.8394655499312884
731,1143_LeafPhotoA_2025-09-08 10_38_21.557-05_00_1.png,4.25,2.1494789420259495
732,1143_LeafPhotoA_2025-09-08 10_38_21.557-05_00_0.png,4.25,2.0853238147341893
733,2313_LeafPhotoA_2025-09-08 10_41_17.601-05_00_0.png,1.75,1.7671276859334002
734,2313_LeafPhotoA_2025-09-08 10_41_17.601-05_00_3.png,1.75,1.8215244971585431
735,2313_LeafPhotoA_2025-09-08 10_41_17.601-05_00_1.png,1.75,2.0313518227236327
736,2313_LeafPhotoA_2025-09-08 10_41_17.601-05_00_2.png,1.75,1.9122920425404706
749,1038_LeafPhotoA_2025-09-08 10_15_32.315-05_00_1.png,2.0,1.9102641676389396
750,1038_LeafPhotoA_2025-09-08 10_15_32.315-05_00_2.png,2.0,2.0779731047286836
751,1038_LeafPhotoA_2025-09-08 10_15_32.315-05_00_0.png,2.0,1.9560773482703868
752,1038_LeafPhotoA_2025-09-08 10_15_32.315-05_00_3.png,2.0,2.0400473556196865
756,1629_LeafPhotoA_2025-09-09 10_11_31.349-05_00_2.png,1.25,2.0625331389282278
757,1629_LeafPhotoA_2025-09-09 10_11_31.349-05_00_0.png,1.25,1.982206264435328
758,1629_LeafPhotoA_2025-09-09 10_11_31.349-05_00_1.png,1.25,2.074542449445119
759,1629_LeafPhotoA_2025-09-09 10_11_31.349-05_00_3.png,1.25,2.0633452341123455
769,2160_LeafPhotoA_2025-09-08 12_38_59.488-05_00_3.png,1.75,2.009230416681114
770,2160_LeafPhotoA_2025-09-08 12_38_59.488-05_00_2.png,1.75,1.9192046230303177
771,2160_LeafPhotoA_2025-09-08 12_38_59.488-05_00_0.png,1.75,1.9642171985087247
772,2160_LeafPhotoA_2025-09-08 12_38_59.488-05_00_1.png,1.75,1.8916578993063593
792,1677_LeafPhotoA_2025-09-09 09_35_17.102-05_00_0.png,1.25,1.7241783477530404
793,1677_LeafPhotoA_2025-09-09 09_35_17.102-05_00_1.png,1.25,1.658514395544361
794,1677_LeafPhotoA_2025-09-09 09_35_17.102-05_00_2.png,1.25,1.6602190777770676
795,1750_LeafPhotoA_2025-09-09 10_09_28.880-05_00_2.png,2.5,2.0184847790574247
796,1750_LeafPhotoA_2025-09-09 10_09_28.880-05_00_0.png,2.5,2.123744998730038
797,1750_LeafPhotoA_2025-09-09 10_09_28.880-05_00_3.png,2.5,2.02864590959624
798,1750_LeafPhotoA_2025-09-09 10_09_28.880-05_00_1.png,2.5,2.1991356500853185
803,1123_LeafPhotoA_2025-09-08 10_09_09.535-05_00_1.png,1.5,1.9484434171953884
804,1123_LeafPhotoA_2025-09-08 10_09_09.535-05_00_3.png,1.5,1.666241650625831
805,1123_LeafPhotoA_2025-09-08 10_09_09.535-05_00_0.png,1.5,1.8630041144181646
806,1123_LeafPhotoA_2025-09-08 10_09_09.535-05_00_2.png,1.5,1.9689163564280137
823,2167_LeafPhotoA_2025-09-09 12_01_16.586-05_00_0.png,2.75,2.1387124419308656
824,2167_LeafPhotoA_2025-09-09 12_01_16.586-05_00_1.png,2.75,2.1939588734185174
825,2167_LeafPhotoA_2025-09-09 12_01_16.586-05_00_2.png,2.75,2.1944503378189997
826,2167_LeafPhotoA_2025-09-09 12_01_16.586-05_00_3.png,2.75,2.1870754837912356
855,1249_LeafPhotoA_2025-09-08 10_41_51.533-05_00_2.png,1.0,1.9589938357337886
856,1249_LeafPhotoA_2025-09-08 10_41_51.533-05_00_3.png,1.0,1.7939226986383288
857,1249_LeafPhotoA_2025-09-08 10_41_51.533-05_00_1.png,1.0,1.7480416112726607
858,1249_LeafPhotoA_2025-09-08 10_41_51.533-05_00_0.png,1.0,1.664800264243303
864,1907_LeafPhotoA_2025-09-09 14_42_36.286-05_00_0.png,1.5,2.096969886328197
865,1907_LeafPhotoA_2025-09-09 14_42_36.286-05_00_1.png,1.5,2.14566871974855
866,1907_LeafPhotoA_2025-09-09 14_42_36.286-05_00_2.png,1.5,2.2161406889410475
867,1907_LeafPhotoA_2025-09-09 14_42_36.286-05_00_3.png,1.5,2.141150773514843
878,5045_LeafPhotoA_2025-09-09 17_01_44.217-05_00_3.png,1.25,1.5883429693438762
879,5045_LeafPhotoA_2025-09-09 17_01_44.217-05_00_2.png,1.25,1.6353410325471212
880,5045_LeafPhotoA_2025-09-09 17_01_44.217-05_00_1.png,1.25,1.7207570234941683
881,5045_LeafPhotoA_2025-09-09 17_01_44.217-05_00_0.png,1.25,1.631017925797059
882,1250_LeafPhotoA_2025-09-08 10_43_41.179-05_00_0.png,1.25,1.744766230172638
883,1250_LeafPhotoA_2025-09-08 10_43_41.179-05_00_1.png,1.25,1.6299431635709831
884,1250_LeafPhotoA_2025-09-08 10_43_41.179-05_00_2.png,1.25,1.7609755999088321
885,1250_LeafPhotoA_2025-09-08 10_43_41.179-05_00_3.png,1.25,1.8745331266761687
898,1256_LeafPhotoA_2025-09-08 16_32_47.764-05_00_2.png,3.0,2.0883106611002193
899,1256_LeafPhotoA_2025-09-08 16_32_47.764-05_00_1.png,3.0,2.0339632389857103
900,1256_LeafPhotoA_2025-09-08 16_32_47.764-05_00_0.png,3.0,1.859094283969223
905,2902_LeafPhotoA_2025-09-09 16_13_57.638-05_00_0.png,1.25,1.7501733821237102
906,2902_LeafPhotoA_2025-09-09 16_13_57.638-05_00_1.png,1.25,1.8465231360527066
915,2442_LeafPhotoB_2025-09-08 11_18_36.514-05_00_0.png,2.0,2.0023214626575707
916,2442_LeafPhotoB_2025-09-08 11_18_36.514-05_00_1.png,2.0,2.0023130212070526
930,1026_LeafPhotoA_2025-09-08 10_01_59.080-05_00_0.png,1.75,1.824668259651427
931,1026_LeafPhotoA_2025-09-08 10_01_59.080-05_00_1.png,1.75,2.13523214609903
932,1026_LeafPhotoA_2025-09-08 10_01_59.080-05_00_3.png,1.75,2.1651695190801004
933,1026_LeafPhotoA_2025-09-08 10_01_59.080-05_00_2.png,1.75,2.1693849098017783
941,2073_LeafPhotoA_2025-09-08 12_07_54.433-05_00_0.png,1.5,1.9938708566854009
942,2073_LeafPhotoA_2025-09-08 12_07_54.433-05_00_1.png,1.5,2.0203928007192333
943,2073_LeafPhotoA_2025-09-08 12_07_54.433-05_00_2.png,1.5,1.9513418873451658
944,2073_LeafPhotoA_2025-09-08 12_07_54.433-05_00_3.png,1.5,1.8364632982001796
953,2760_LeafPhotoA_2025-09-09 16_19_13.921-05_00_0.png,1.25,1.8879360371149752
954,2760_LeafPhotoA_2025-09-09 16_19_13.921-05_00_1.png,1.25,1.8995349158226964
955,2760_LeafPhotoA_2025-09-09 16_19_13.921-05_00_2.png,1.25,1.9699895418707203
967,2755_LeafPhotoA_2025-09-09 16_28_33.930-05_00_1.png,1.0,1.908215550743441
968,2755_LeafPhotoA_2025-09-09 16_28_33.930-05_00_2.png,1.0,2.0450861464306467
969,2755_LeafPhotoA_2025-09-09 16_28_33.930-05_00_0.png,1.0,1.9592081238603611
970,2755_LeafPhotoA_2025-09-09 16_28_33.930-05_00_3.png,1.0,2.050249374000076
1002,1217_LeafPhotoA_2025-09-08 09_53_36.339-05_00_2.png,1.5,1.8474304102410954
1003,1217_LeafPhotoA_2025-09-08 09_53_36.339-05_00_3.png,1.5,1.9381818766056136
1004,1217_LeafPhotoA_2025-09-08 09_53_36.339-05_00_0.png,1.5,1.7807464658207939
1005,1217_LeafPhotoA_2025-09-08 09_53_36.339-05_00_1.png,1.5,1.8435420989936284
1014,2476_LeafPhotoB_2025-09-08 11_51_54.468-05_00_0.png,1.75,1.8531117617252242
1015,2476_LeafPhotoB_2025-09-08 11_51_54.468-05_00_1.png,1.75,1.6974546111259423
1016,2476_LeafPhotoB_2025-09-08 11_51_54.468-05_00_2.png,1.75,1.8446426445233053
1017,2476_LeafPhotoB_2025-09-08 11_51_54.468-05_00_3.png,1.75,1.695400524665339
1018,1899_LeafPhotoA_2025-09-09 13_47_11.649-05_00_0.png,1.25,1.7383088949288164
1019,1899_LeafPhotoA_2025-09-09 13_47_11.649-05_00_1.png,1.25,1.8424033545600609
1020,1899_LeafPhotoA_2025-09-09 13_47_11.649-05_00_2.png,1.25,1.8206296125480776
1021,1899_LeafPhotoA_2025-09-09 13_47_11.649-05_00_3.png,1.25,1.910738287540469
1022,1605_LeafPhotoA_2025-09-09 09_07_08.633-05_00_0.png,1.5,1.9374525101325732
1023,1605_LeafPhotoA_2025-09-09 09_07_08.633-05_00_3.png,1.5,1.8373895318325475
1024,1605_LeafPhotoA_2025-09-09 09_07_08.633-05_00_1.png,1.5,1.7845929842485082
1025,1605_LeafPhotoA_2025-09-09 09_07_08.633-05_00_2.png,1.5,2.0701341748851396
1030,2769_LeafPhotoA_2025-09-09 15_55_06.978-05_00_0.png,1.5,2.00087215172652
1031,2769_LeafPhotoA_2025-09-09 15_55_06.978-05_00_1.png,1.5,2.1139009083787426
1032,2769_LeafPhotoA_2025-09-09 15_55_06.978-05_00_2.png,1.5,2.188812378923856
1033,2769_LeafPhotoA_2025-09-09 15_55_06.978-05_00_3.png,1.5,2.05494442220227
1051,2390_LeafPhotoA_2025-09-08 12_00_53.414-05_00_0.png,1.0,1.879007478423066
1052,2390_LeafPhotoA_2025-09-08 12_00_53.414-05_00_1.png,1.0,1.7479680013372205
1053,2390_LeafPhotoA_2025-09-08 12_00_53.414-05_00_2.png,1.0,1.8822745234305929
1058,2441_LeafPhotoB_2025-09-08 11_17_12.000-05_00_2.png,2.0,1.9180155164349975
1059,2441_LeafPhotoB_2025-09-08 11_17_12.000-05_00_1.png,2.0,2.135185147982445
1060,2441_LeafPhotoB_2025-09-08 11_17_12.000-05_00_3.png,2.0,1.8769978971500967
1061,2441_LeafPhotoB_2025-09-08 11_17_12.000-05_00_0.png,2.0,1.8969770340330039
1081,2538_LeafPhotoA_2025-09-09 10_37_31.295-05_00_0.png,2.25,1.91347212758056
1082,2538_LeafPhotoA_2025-09-09 10_37_31.295-05_00_1.png,2.25,1.9719717347509411
1083,2538_LeafPhotoA_2025-09-09 10_37_31.295-05_00_2.png,2.25,2.082540182624123
1084,2538_LeafPhotoA_2025-09-09 10_37_31.295-05_00_3.png,2.25,1.9577292402769981
1086,1008_LeafPhotoA_2025-09-08 09_38_43.510-05_00_1.png,1.0,2.1093283641480003
1087,1008_LeafPhotoA_2025-09-08 09_38_43.510-05_00_2.png,1.0,2.0430417868071564
1088,1008_LeafPhotoA_2025-09-08 09_38_43.510-05_00_0.png,1.0,1.9693145755160204
1089,1008_LeafPhotoA_2025-09-08 09_38_43.510-05_00_3.png,1.0,1.9439791151347352
1106,2975_LeafPhotoA_2025-09-09 16_24_07.497-05_00_0.png,1.75,1.8964714930416489
1107,2975_LeafPhotoA_2025-09-09 16_24_07.497-05_00_1.png,1.75,1.8441632467052953
1108,2975_LeafPhotoA_2025-09-09 16_24_07.497-05_00_2.png,1.75,1.8586642990652273
1109,2975_LeafPhotoA_2025-09-09 16_24_07.497-05_00_3.png,1.75,1.8430580248583244
1110,1038_LeafPhotoA_2025-09-08 10_16_04.977-05_00_1.png,1.5,1.939531891901958
1111,1038_LeafPhotoA_2025-09-08 10_16_04.977-05_00_2.png,1.5,1.9922227474068002
1112,1038_LeafPhotoA_2025-09-08 10_16_04.977-05_00_0.png,1.5,1.8713702271804786
1158,2089_LeafPhotoA_2025-09-08 12_26_16.331-05_00_1.png,2.0,1.8656679701769656
1159,2089_LeafPhotoA_2025-09-08 12_26_16.331-05_00_2.png,2.0,1.734591921429963
1160,2089_LeafPhotoA_2025-09-08 12_26_16.331-05_00_0.png,2.0,1.9306873889341105
1161,1468_LeafPhotoB_2025-09-08 16_31_09.404-05_00_3.png,1.25,1.7625132700332
1162,1468_LeafPhotoB_2025-09-08 16_31_09.404-05_00_2.png,1.25,2.0859501837547985
1163,1468_LeafPhotoB_2025-09-08 16_31_09.404-05_00_0.png,1.25,1.8097486024333218
1164,1468_LeafPhotoB_2025-09-08 16_31_09.404-05_00_1.png,1.25,1.8752205705586136
1177,1145_LeafPhotoA_2025-09-08 10_41_37.289-05_00_0.png,1.5,2.036295110494512
1178,1145_LeafPhotoA_2025-09-08 10_41_37.289-05_00_1.png,1.5,2.1408759389193417
1179,1145_LeafPhotoA_2025-09-08 10_41_37.289-05_00_2.png,1.5,1.86481719136154
1180,1145_LeafPhotoA_2025-09-08 10_41_37.289-05_00_3.png,1.5,1.8134669917084667
1209,,1.0,1.8394655499312884
1210,6008_LeafPhotoA_2025-09-09 17_03_49.237-05_00_2.png,1.25,1.7724242931775833
1211,6008_LeafPhotoA_2025-09-09 17_03_49.237-05_00_0.png,1.25,1.6380354048538432
1212,6008_LeafPhotoA_2025-09-09 17_03_49.237-05_00_3.png,1.25,1.7718376140972882
1213,6008_LeafPhotoA_2025-09-09 17_03_49.237-05_00_1.png,1.25,1.8559246853803018
1233,2393_LeafPhotoA_2025-09-08 12_18_13.823-05_00_0.png,2.5,1.777792362088641
1234,2393_LeafPhotoA_2025-09-08 12_18_13.823-05_00_1.png,2.5,1.888061465852369
1235,2393_LeafPhotoA_2025-09-08 12_18_13.823-05_00_2.png,2.5,1.6969341212891407
1236,2393_LeafPhotoA_2025-09-08 12_18_13.823-05_00_3.png,2.5,1.8037059908266597
1237,,2.25,1.8394655499312884
1257,1859_LeafPhotoA_2025-09-09 13_37_34.301-05_00_0.png,3.0,2.017638076085046
1258,1859_LeafPhotoA_2025-09-09 13_37_34.301-05_00_2.png,3.0,1.8706049981915769
1259,1859_LeafPhotoA_2025-09-09 13_37_34.301-05_00_3.png,3.0,2.0569771563696566
1260,1859_LeafPhotoA_2025-09-09 13_37_34.301-05_00_1.png,3.0,1.8508024474235767
1261,1810_LeafPhotoA_2025-09-09 09_05_30.894-05_00_3.png,4.25,2.1647251704425163
1262,1810_LeafPhotoA_2025-09-09 09_05_30.894-05_00_0.png,4.25,2.151536846008147
1263,1810_LeafPhotoA_2025-09-09 09_05_30.894-05_00_1.png,4.25,2.2436922550784058
1264,1810_LeafPhotoA_2025-09-09 09_05_30.894-05_00_2.png,4.25,2.2612069081199904
1277,2983_LeafPhotoA_2025-09-09 16_35_57.602-05_00_0.png,2.0,1.8787815024954475
1278,2983_LeafPhotoA_2025-09-09 16_35_57.602-05_00_1.png,2.0,1.9681302503973377
1279,2983_LeafPhotoA_2025-09-09 16_35_57.602-05_00_2.png,2.0,2.062735502846933
1280,2983_LeafPhotoA_2025-09-09 16_35_57.602-05_00_3.png,2.0,2.0089720868334466
1308,2792_LeafPhotoA_2025-09-09 11_23_03.034-05_00_0.png,1.5,1.917197619245219
1309,2792_LeafPhotoA_2025-09-09 11_23_03.034-05_00_1.png,1.5,1.9138822975095835
1310,2792_LeafPhotoA_2025-09-09 11_23_03.034-05_00_2.png,1.5,1.9553874680624963
1311,2792_LeafPhotoA_2025-09-09 11_23_03.034-05_00_3.png,1.5,1.7577410635231965
1312,6029_LeafPhotoA_2025-09-09 16_30_34.819-05_00_2.png,2.0,1.929623181621441
1313,6029_LeafPhotoA_2025-09-09 16_30_34.819-05_00_3.png,2.0,1.8518839097953221
1314,6029_LeafPhotoA_2025-09-09 16_30_34.819-05_00_0.png,2.0,1.8955691064248936
1315,6029_LeafPhotoA_2025-09-09 16_30_34.819-05_00_1.png,2.0,1.659535331189815
1356,2082_LeafPhotoA_2025-09-08 12_18_18.860-05_00_0.png,1.0,1.7034225525694444
1357,2082_LeafPhotoA_2025-09-08 12_18_18.860-05_00_2.png,1.0,1.8826845604623283
1358,2082_LeafPhotoA_2025-09-08 12_18_18.860-05_00_1.png,1.0,1.801350718578057
1359,2082_LeafPhotoA_2025-09-08 12_18_18.860-05_00_3.png,1.0,1.8930890389897985
1360,1868_LeafPhotoA_2025-09-09 13_29_01.704-05_00_2.png,1.25,2.112049350846954
1361,1868_LeafPhotoA_2025-09-09 13_29_01.704-05_00_1.png,1.25,2.0176462536270487
1362,1868_LeafPhotoA_2025-09-09 13_29_01.704-05_00_0.png,1.25,2.150842523427834
1363,1868_LeafPhotoA_2025-09-09 13_29_01.704-05_00_3.png,1.25,1.9543705330496277
1364,1561_LeafPhotoA_2025-09-09 10_12_13.903-05_00_0.png,1.25,1.9897592609569466
1365,1561_LeafPhotoA_2025-09-09 10_12_13.903-05_00_2.png,1.25,1.741772724234882
1366,1561_LeafPhotoA_2025-09-09 10_12_13.903-05_00_1.png,1.25,1.8348174923000686
1367,2902_LeafPhotoA_2025-09-09 16_14_17.420-05_00_0.png,1.5,1.7340206265854252
1368,2902_LeafPhotoA_2025-09-09 16_14_17.420-05_00_1.png,1.5,1.8389296183665618
1369,2902_LeafPhotoA_2025-09-09 16_14_17.420-05_00_2.png,1.5,1.824113360621896
1370,2902_LeafPhotoA_2025-09-09 16_14_17.420-05_00_3.png,1.5,1.7688760767405447
1380,2088_LeafPhotoA_2025-09-08 12_25_17.092-05_00_1.png,2.5,1.9346683669854516
1381,2088_LeafPhotoA_2025-09-08 12_25_17.092-05_00_0.png,2.5,1.8622127883766455
1382,2088_LeafPhotoA_2025-09-08 12_25_17.092-05_00_2.png,2.5,1.8783311368995752
1391,1978_LeafPhotoA_2025-09-09 16_46_20.867-05_00_0.png,1.0,1.710264670550466
1392,1978_LeafPhotoA_2025-09-09 16_46_20.867-05_00_3.png,1.0,1.7423683725894208
1393,1978_LeafPhotoA_2025-09-09 16_46_20.867-05_00_2.png,1.0,1.7545961580062426
1394,1978_LeafPhotoA_2025-09-09 16_46_20.867-05_00_1.png,1.0,1.7082040746504625
1395,2520_LeafPhotoA_2025-09-09 10_17_04.786-05_00_0.png,1.0,1.6729465075191285
1396,2520_LeafPhotoA_2025-09-09 10_17_04.786-05_00_1.png,1.0,1.9143730169979438
1397,2520_LeafPhotoA_2025-09-09 10_17_04.786-05_00_2.png,1.0,1.798884085141885
1398,2520_LeafPhotoA_2025-09-09 10_17_04.786-05_00_3.png,1.0,1.8410872332821249
1439,1203_LeafPhotoA_2025-09-08 09_17_50.777-05_00_2.png,2.0,1.9582182649866489
1440,1203_LeafPhotoA_2025-09-08 09_17_50.777-05_00_1.png,2.0,1.9414460986612938
1441,1203_LeafPhotoA_2025-09-08 09_17_50.777-05_00_0.png,2.0,1.8234160874237677
1442,1203_LeafPhotoA_2025-09-08 09_17_50.777-05_00_3.png,2.0,1.8571265267025694
1455,2293_LeafPhotoA_2025-09-08 16_47_21.144-05_00_0.png,1.25,1.8960751525830029
1456,2293_LeafPhotoA_2025-09-08 16_47_21.144-05_00_1.png,1.25,1.6957321512407617
1457,2293_LeafPhotoA_2025-09-08 16_47_21.144-05_00_2.png,1.25,1.6697482191870743
1458,2293_LeafPhotoA_2025-09-08 16_47_21.144-05_00_3.png,1.25,1.7612087816724036
1485,1212_LeafPhotoA_2025-09-08 09_42_54.332-05_00_0.png,2.25,1.9151384254854418
1486,1212_LeafPhotoA_2025-09-08 09_42_54.332-05_00_1.png,2.25,1.7095276452362256
1487,1212_LeafPhotoA_2025-09-08 09_42_54.332-05_00_2.png,2.25,1.6789005851685073
1488,1212_LeafPhotoA_2025-09-08 09_42_54.332-05_00_3.png,2.25,1.718454151722835
1493,1666_LeafPhotoA_2025-09-09 09_55_47.332-05_00_1.png,1.25,1.94499138787178
1494,1666_LeafPhotoA_2025-09-09 09_55_47.332-05_00_2.png,1.25,1.7998849284396166
1495,1666_LeafPhotoA_2025-09-09 09_55_47.332-05_00_0.png,1.25,1.7301337111192459
1496,1666_LeafPhotoA_2025-09-09 09_55_47.332-05_00_3.png,1.25,1.7222205654642146
1498,2758_LeafPhotoA_2025-09-09 16_22_09.492-05_00_0.png,1.25,2.0919328986394605
1499,2758_LeafPhotoA_2025-09-09 16_22_09.492-05_00_1.png,1.25,2.0743550694298927
1500,2758_LeafPhotoA_2025-09-09 16_22_09.492-05_00_2.png,1.25,2.0317039154784404
1501,2758_LeafPhotoA_2025-09-09 16_22_09.492-05_00_3.png,1.25,1.9593761796782159
1513,1652_LeafPhotoA_2025-09-09 10_20_27.938-05_00_0.png,1.25,1.7865958537560231
1514,1652_LeafPhotoA_2025-09-09 10_20_27.938-05_00_1.png,1.25,1.8637022781744523
1515,1652_LeafPhotoA_2025-09-09 10_20_27.938-05_00_2.png,1.25,1.8097066469996386
1520,2446_LeafPhotoB_2025-09-08 11_21_40.834-05_00_3.png,3.0,1.7736068755483445
1521,2446_LeafPhotoB_2025-09-08 11_21_40.834-05_00_1.png,3.0,2.137033857929405
1522,2446_LeafPhotoB_2025-09-08 11_21_40.834-05_00_0.png,3.0,2.032650592918165
1523,2446_LeafPhotoB_2025-09-08 11_21_40.834-05_00_2.png,3.0,2.0366801360659372
1547,2177_LeafPhotoA_2025-09-09 12_21_32.834-05_00_0.png,3.0,2.149282711239247
1548,2177_LeafPhotoA_2025-09-09 12_21_32.834-05_00_1.png,3.0,1.9720684225636322
1549,2177_LeafPhotoA_2025-09-09 12_21_32.834-05_00_2.png,3.0,2.068346561432742
1550,2177_LeafPhotoA_2025-09-09 12_21_32.834-05_00_3.png,3.0,2.137272015924554
1556,2515_LeafPhotoA_2025-09-09 10_13_03.695-05_00_0.png,1.25,1.8511506588258266
1557,2515_LeafPhotoA_2025-09-09 10_13_03.695-05_00_1.png,1.25,1.7285066425729536
1558,2515_LeafPhotoA_2025-09-09 10_13_03.695-05_00_2.png,1.25,1.8177240967921684
1559,2515_LeafPhotoA_2025-09-09 10_13_03.695-05_00_3.png,1.25,1.6903240811073372
1577,1051_LeafPhotoA_2025-09-08 12_42_13.116-05_00_0.png,1.25,1.8541003830513296
1578,1051_LeafPhotoA_2025-09-08 12_42_13.116-05_00_1.png,1.25,2.0535025938516895
1579,1051_LeafPhotoA_2025-09-08 12_42_13.116-05_00_2.png,1.25,2.0522749087186245
1580,1051_LeafPhotoA_2025-09-08 12_42_13.116-05_00_3.png,1.25,2.069225626719181
1590,2093_LeafPhotoA_2025-09-08 12_29_42.069-05_00_3.png,2.0,1.874974007317394
1591,2093_LeafPhotoA_2025-09-08 12_29_42.069-05_00_1.png,2.0,2.0560692977548616
1592,2093_LeafPhotoA_2025-09-08 12_29_42.069-05_00_2.png,2.0,2.06994606229442
1593,2093_LeafPhotoA_2025-09-08 12_29_42.069-05_00_0.png,2.0,1.838740481533753
1599,2637_LeafPhotoA_2025-09-09 11_40_07.094-05_00_0.png,1.5,1.9582878786160516
1600,2637_LeafPhotoA_2025-09-09 11_40_07.094-05_00_1.png,1.5,1.7270116245701224
1601,2637_LeafPhotoA_2025-09-09 11_40_07.094-05_00_2.png,1.5,1.723872613125771
1602,2637_LeafPhotoA_2025-09-09 11_40_07.094-05_00_3.png,1.5,1.6007031417316326
1627,,1.5,1.8394655499312884
1655,2346_LeafPhotoA_2025-09-08 11_14_15.994-05_00_0.png,1.25,1.8680181271753802
1656,2346_LeafPhotoA_2025-09-08 11_14_15.994-05_00_1.png,1.25,2.1117752099659044
1657,2346_LeafPhotoA_2025-09-08 11_14_15.994-05_00_2.png,1.25,1.9523269637260414
1658,2346_LeafPhotoA_2025-09-08 11_14_15.994-05_00_3.png,1.25,1.874220604882357
1663,2463_LeafPhotoB_2025-09-08 11_41_05.461-05_00_0.png,2.0,2.131102888095416
1664,2463_LeafPhotoB_2025-09-08 11_41_05.461-05_00_1.png,2.0,2.2116807807547083
1665,2463_LeafPhotoB_2025-09-08 11_41_05.461-05_00_2.png,2.0,2.078366050010631
1666,2463_LeafPhotoB_2025-09-08 11_41_05.461-05_00_3.png,2.0,1.9133691533878379
1673,1355_LeafPhotoA_2025-09-08 12_32_02.036-05_00_0.png,2.0,2.130154650927471
1708,1905_LeafPhotoA_2025-09-09 14_39_48.802-05_00_0.png,1.5,1.64323460190668
1709,1905_LeafPhotoA_2025-09-09 14_39_48.802-05_00_1.png,1.5,1.8016920741286793
1736,2689_LeafPhotoA_2025-09-09 10_43_51.800-05_00_0.png,1.25,2.0179872359967153
1737,2689_LeafPhotoA_2025-09-09 10_43_51.800-05_00_1.png,1.25,1.956134048248791
1738,2689_LeafPhotoA_2025-09-09 10_43_51.800-05_00_2.png,1.25,2.07440018715321
1751,1065_LeafPhotoA_2025-09-08 12_57_07.532-05_00_0.png,1.25,1.789006625433229
1752,1065_LeafPhotoA_2025-09-08 12_57_07.532-05_00_1.png,1.25,1.8344765458368295
1753,1065_LeafPhotoA_2025-09-08 12_57_07.532-05_00_2.png,1.25,1.8560645539087983
1754,1065_LeafPhotoA_2025-09-08 12_57_07.532-05_00_3.png,1.25,1.8067715809383054
1796,2527_LeafPhotoA_2025-09-09 10_24_54.172-05_00_0.png,1.5,2.0571383909093264
1797,2527_LeafPhotoA_2025-09-09 10_24_54.172-05_00_1.png,1.5,1.928392217931062
1798,2527_LeafPhotoA_2025-09-09 10_24_54.172-05_00_2.png,1.5,2.1534488072503235
1799,2527_LeafPhotoA_2025-09-09 10_24_54.172-05_00_3.png,1.5,2.0376465855158785
1800,1408_LeafPhotoB_2025-09-08 10_02_06.407-05_00_0.png,1.5,1.786987983480872
1801,1408_LeafPhotoB_2025-09-08 10_02_06.407-05_00_1.png,1.5,1.9378970170884102
1802,1408_LeafPhotoB_2025-09-08 10_02_06.407-05_00_2.png,1.5,1.8417141415771088
1803,1408_LeafPhotoB_2025-09-08 10_02_06.407-05_00_3.png,1.5,1.9731518607515863
1804,1332_LeafPhotoA_2025-09-08 10_00_19.909-05_00_0.png,2.0,1.8700891198893432
1805,1332_LeafPhotoA_2025-09-08 10_00_19.909-05_00_1.png,2.0,1.8770155181801127
1806,1332_LeafPhotoA_2025-09-08 10_00_19.909-05_00_2.png,2.0,1.8677340976097978
1807,1332_LeafPhotoA_2025-09-08 10_00_19.909-05_00_3.png,2.0,1.8580372942814407
1891,2129_LeafPhotoA_2025-09-08 11_46_50.494-05_00_0.png,1.75,1.6413893323402906
1892,2129_LeafPhotoA_2025-09-08 11_46_50.494-05_00_1.png,1.75,1.7480288669717345
1914,2271_LeafPhotoA_2025-09-08 17_12_04.853-05_00_0.png,2.25,1.9337491078886913
1915,2271_LeafPhotoA_2025-09-08 17_12_04.853-05_00_1.png,2.25,1.8806553752579673
1969,1521_LeafPhotoA_2025-09-09 09_17_54.205-05_00_1.png,2.25,2.3072841692688235
1970,1521_LeafPhotoA_2025-09-09 09_17_54.205-05_00_0.png,2.25,2.30409701585287
1971,1521_LeafPhotoA_2025-09-09 09_17_54.205-05_00_2.png,2.25,2.2634640220876774
1972,1521_LeafPhotoA_2025-09-09 09_17_54.205-05_00_3.png,2.25,2.2549507861084046
1973,1216_LeafPhotoA_2025-09-08 09_51_18.258-05_00_1.png,1.5,1.7492173264445188
1974,1216_LeafPhotoA_2025-09-08 09_51_18.258-05_00_0.png,1.5,1.8217261448481223
1975,1216_LeafPhotoA_2025-09-08 09_51_18.258-05_00_2.png,1.5,1.8514006186733922
1976,1216_LeafPhotoA_2025-09-08 09_51_18.258-05_00_3.png,1.5,1.8006339059936554
2012,2469_LeafPhotoB_2025-09-08 11_46_21.698-05_00_1.png,1.5,1.8590068799207975
2013,2469_LeafPhotoB_2025-09-08 11_46_21.698-05_00_0.png,1.5,1.9093663576020734
2014,2469_LeafPhotoB_2025-09-08 11_46_21.698-05_00_2.png,1.5,1.9206856313916338
2015,2469_LeafPhotoB_2025-09-08 11_46_21.698-05_00_3.png,1.5,1.8920318557793994
2046,1317_LeafPhotoA_2025-09-08 09_35_24.203-05_00_0.png,3.0,1.9821997707100258
2047,1317_LeafPhotoA_2025-09-08 09_35_24.203-05_00_1.png,3.0,2.102780265098196
2048,1317_LeafPhotoA_2025-09-08 09_35_24.203-05_00_2.png,3.0,2.070058027772665
2049,1317_LeafPhotoA_2025-09-08 09_35_24.203-05_00_3.png,3.0,1.95779296272935
2071,2792_LeafPhotoA_2025-09-09 11_21_24.578-05_00_0.png,1.25,1.6768043103401795
2072,2792_LeafPhotoA_2025-09-09 11_21_24.578-05_00_1.png,1.25,1.8217645419394528
2073,2792_LeafPhotoA_2025-09-09 11_21_24.578-05_00_2.png,1.25,1.7789629636627986
2074,2792_LeafPhotoA_2025-09-09 11_21_24.578-05_00_3.png,1.25,1.7787969899199114
2118,1492_LeafPhotoB_2025-09-08 16_56_04.972-05_00_0.png,1.5,1.8310952404739655
2119,1492_LeafPhotoB_2025-09-08 16_56_04.972-05_00_1.png,1.5,1.9307959337609955
2120,1492_LeafPhotoB_2025-09-08 16_56_04.972-05_00_2.png,1.5,1.7057547698635633
2121,1492_LeafPhotoB_2025-09-08 16_56_04.972-05_00_3.png,1.5,1.803046192224743
2122,1438_LeafPhotoB_2025-09-08 10_28_46.756-05_00_2.png,2.5,1.9683969560415715
2123,1438_LeafPhotoB_2025-09-08 10_28_46.756-05_00_1.png,2.5,1.773665792424004
2124,1438_LeafPhotoB_2025-09-08 10_28_46.756-05_00_0.png,2.5,1.9457232912251936
2133,2268_LeafPhotoA_2025-09-08 17_14_58.767-05_00_0.png,2.0,1.879976845980656
2145,1626_LeafPhotoA_2025-09-09 10_03_50.260-05_00_0.png,1.5,1.846578801247182
2146,1626_LeafPhotoA_2025-09-09 10_03_50.260-05_00_1.png,1.5,1.8036076257870937
2147,1626_LeafPhotoA_2025-09-09 10_03_50.260-05_00_2.png,1.5,1.7623546589678916
2148,1626_LeafPhotoA_2025-09-09 10_03_50.260-05_00_3.png,1.5,1.8752213942130505
2157,1301_LeafPhotoA_2025-09-08 10_19_50.410-05_00_0.png,1.5,1.7996981106483805
2158,1301_LeafPhotoA_2025-09-08 10_19_50.410-05_00_1.png,1.5,1.920198151971385
2159,1301_LeafPhotoA_2025-09-08 10_19_50.410-05_00_2.png,1.5,1.9219527526781792
2160,1301_LeafPhotoA_2025-09-08 10_19_50.410-05_00_3.png,1.5,1.902749942589714
2161,2325_LeafPhotoA_2025-09-08 10_52_52.963-05_00_0.png,1.0,1.9172739748305856
2162,2325_LeafPhotoA_2025-09-08 10_52_52.963-05_00_1.png,1.0,1.9920367724716461
2163,2325_LeafPhotoA_2025-09-08 10_52_52.963-05_00_2.png,1.0,1.9595797998817046
2164,2325_LeafPhotoA_2025-09-08 10_52_52.963-05_00_3.png,1.0,1.8947027283499216
2189,1236_LeafPhotoA_2025-09-08 10_23_03.516-05_00_1.png,1.5,1.8486504992591377
2190,1236_LeafPhotoA_2025-09-08 10_23_03.516-05_00_2.png,1.5,1.9276040074047054
2191,1236_LeafPhotoA_2025-09-08 10_23_03.516-05_00_3.png,1.5,2.0008302267733047
2192,1236_LeafPhotoA_2025-09-08 10_23_03.516-05_00_0.png,1.5,1.8441972853374256
2243,2903_LeafPhotoA_2025-09-09 16_19_58.490-05_00_1.png,3.0,2.2057177347076715
2244,2903_LeafPhotoA_2025-09-09 16_19_58.490-05_00_2.png,3.0,1.9873237360375153
2245,2903_LeafPhotoA_2025-09-09 16_19_58.490-05_00_3.png,3.0,1.9405851640230154
2246,2903_LeafPhotoA_2025-09-09 16_19_58.490-05_00_0.png,3.0,1.9661459669863917
2262,,1.25,1.8394655499312884
2267,,1.0,1.8394655499312884
2302,2436_LeafPhotoB_2025-09-08 11_12_52.698-05_00_3.png,1.5,1.7160176292897866
2303,2436_LeafPhotoB_2025-09-08 11_12_52.698-05_00_2.png,1.5,1.7820170727387628
2304,2436_LeafPhotoB_2025-09-08 11_12_52.698-05_00_0.png,1.5,1.768925467067386
2305,2436_LeafPhotoB_2025-09-08 11_12_52.698-05_00_1.png,1.5,1.9187497654685015
2397,2941_LeafPhotoA_2025-09-09 16_28_44.280-05_00_0.png,1.25,1.7312904900168962
2398,2941_LeafPhotoA_2025-09-09 16_28_44.280-05_00_1.png,1.25,1.9341110716339056
2399,2941_LeafPhotoA_2025-09-09 16_28_44.280-05_00_2.png,1.25,1.7479898987804865
2400,2941_LeafPhotoA_2025-09-09 16_28_44.280-05_00_3.png,1.25,1.8242477994759587
2420,2002_LeafPhotoA_2025-09-08 10_34_47.962-05_00_2.png,3.25,2.0459854695380417
2421,2002_LeafPhotoA_2025-09-08 10_34_47.962-05_00_0.png,3.25,1.814754261966372
2422,2002_LeafPhotoA_2025-09-08 10_34_47.962-05_00_1.png,3.25,1.9663691171565474
2423,2002_LeafPhotoA_2025-09-08 10_34_47.962-05_00_3.png,3.25,2.04524774037828
2428,1969_LeafPhotoA_2025-09-09 17_07_30.768-05_00_0.png,1.5,1.9962963422349072
2429,1969_LeafPhotoA_2025-09-09 17_07_30.768-05_00_1.png,1.5,2.1512152322597853
2430,1969_LeafPhotoA_2025-09-09 17_07_30.768-05_00_2.png,1.5,2.082686615990058
2431,1969_LeafPhotoA_2025-09-09 17_07_30.768-05_00_3.png,1.5,2.1364959101544136
2438,2536_LeafPhotoA_2025-09-09 10_35_28.301-05_00_0.png,1.75,1.9450511633176233
2439,2536_LeafPhotoA_2025-09-09 10_35_28.301-05_00_1.png,1.75,1.9043627467585844
2440,2536_LeafPhotoA_2025-09-09 10_35_28.301-05_00_2.png,1.75,1.9999683233567473
2441,2536_LeafPhotoA_2025-09-09 10_35_28.301-05_00_3.png,1.75,2.0354061667566254
2483,1247_LeafPhotoA_2025-09-08 10_38_45.722-05_00_0.png,2.0,1.8221812646055457
2484,1247_LeafPhotoA_2025-09-08 10_38_45.722-05_00_1.png,2.0,1.9652723300266246
2485,1247_LeafPhotoA_2025-09-08 10_38_45.722-05_00_2.png,2.0,1.7901895587360577
2494,2370_LeafPhotoA_2025-09-08 11_38_56.854-05_00_0.png,2.25,2.0009684296168535
2495,2370_LeafPhotoA_2025-09-08 11_38_56.854-05_00_1.png,2.25,1.964914934847202
2496,2370_LeafPhotoA_2025-09-08 11_38_56.854-05_00_2.png,2.25,1.9669799150193512
2497,2370_LeafPhotoA_2025-09-08 11_38_56.854-05_00_3.png,2.25,1.769256372449146
2516,1719_LeafPhotoA_2025-09-09 09_17_16.298-05_00_0.png,3.25,2.31344015996742
2517,1719_LeafPhotoA_2025-09-09 09_17_16.298-05_00_2.png,3.25,1.9615710601425573
2518,1719_LeafPhotoA_2025-09-09 09_17_16.298-05_00_1.png,3.25,2.107996800511202
2519,1971_LeafPhotoA_2025-09-09 17_00_57.416-05_00_0.png,2.25,1.7160710183604544
2520,1971_LeafPhotoA_2025-09-09 17_00_57.416-05_00_1.png,2.25,1.8340418097997317
2521,1971_LeafPhotoA_2025-09-09 17_00_57.416-05_00_2.png,2.25,1.668468185782549
2522,1971_LeafPhotoA_2025-09-09 17_00_57.416-05_00_3.png,2.25,1.7695881437426504
2542,2671_LeafPhotoA_2025-09-09 11_45_10.930-05_00_0.png,3.75,2.2915716187984585
2543,2671_LeafPhotoA_2025-09-09 11_45_10.930-05_00_1.png,3.75,2.2307138070893986
2544,2671_LeafPhotoA_2025-09-09 11_45_10.930-05_00_2.png,3.75,2.1828525825027976
2545,2671_LeafPhotoA_2025-09-09 11_45_10.930-05_00_3.png,3.75,2.0726075785884244
2551,1156_LeafPhotoA_2025-09-08 16_52_15.162-05_00_0.png,1.75,1.997421637205136
2552,1156_LeafPhotoA_2025-09-08 16_52_15.162-05_00_1.png,1.75,2.2085001501954142
2553,1156_LeafPhotoA_2025-09-08 16_52_15.162-05_00_2.png,1.75,2.1975272156209034
2554,1156_LeafPhotoA_2025-09-08 16_52_15.162-05_00_3.png,1.75,2.213682007528236
2559,1073_LeafPhotoA_2025-09-08 13_06_10.190-05_00_2.png,2.25,2.0342502770223856
2560,1073_LeafPhotoA_2025-09-08 13_06_10.190-05_00_3.png,2.25,2.00231499952549
2561,1073_LeafPhotoA_2025-09-08 13_06_10.190-05_00_0.png,2.25,1.8972851200750924
2562,1073_LeafPhotoA_2025-09-08 13_06_10.190-05_00_1.png,2.25,1.9932082914814253
2567,2672_LeafPhotoA_2025-09-09 11_46_40.643-05_00_0.png,2.0,1.8550630627555815
2568,2672_LeafPhotoA_2025-09-09 11_46_40.643-05_00_1.png,2.0,1.942336044844767
2569,2672_LeafPhotoA_2025-09-09 11_46_40.643-05_00_2.png,2.0,1.9668805480201468
2570,2672_LeafPhotoA_2025-09-09 11_46_40.643-05_00_3.png,2.0,2.103635411389705
2576,1661_LeafPhotoA_2025-09-09 10_07_18.041-05_00_0.png,2.0,1.8762828325717849
2577,1661_LeafPhotoA_2025-09-09 10_07_18.041-05_00_1.png,2.0,1.9482019791985072
2578,1661_LeafPhotoA_2025-09-09 10_07_18.041-05_00_2.png,2.0,1.879974194787142
2579,2902_LeafPhotoA_2025-09-09 16_15_16.673-05_00_0.png,1.25,1.9191209675660381
2580,2902_LeafPhotoA_2025-09-09 16_15_16.673-05_00_1.png,1.25,1.7701010469444334
2581,2902_LeafPhotoA_2025-09-09 16_15_16.673-05_00_2.png,1.25,1.7117798204990435
2582,2902_LeafPhotoA_2025-09-09 16_15_16.673-05_00_3.png,1.25,1.679223945732254
2593,2259_LeafPhotoA_2025-09-08 12_30_29.796-05_00_0.png,1.25,1.665585584127453
2594,2259_LeafPhotoA_2025-09-08 12_30_29.796-05_00_1.png,1.25,1.7565634764004068
2595,2259_LeafPhotoA_2025-09-08 12_30_29.796-05_00_2.png,1.25,1.7262252701772314
2596,2259_LeafPhotoA_2025-09-08 12_30_29.796-05_00_3.png,1.25,1.69420622892759
2605,1004_LeafPhotoA_2025-09-08 09_23_15.296-05_00_0.png,1.5,1.7293132439429106
2606,1004_LeafPhotoA_2025-09-08 09_23_15.296-05_00_1.png,1.5,1.7625314510762826
2607,1004_LeafPhotoA_2025-09-08 09_23_15.296-05_00_2.png,1.5,1.9798368470772294
2608,1004_LeafPhotoA_2025-09-08 09_23_15.296-05_00_3.png,1.5,1.7528984688919493
2638,2196_LeafPhotoA_2025-09-08 17_09_05.011-05_00_3.png,2.25,2.1416431799651385
2639,2196_LeafPhotoA_2025-09-08 17_09_05.011-05_00_1.png,2.25,2.0506893204445094
2640,2196_LeafPhotoA_2025-09-08 17_09_05.011-05_00_2.png,2.25,2.2333239021765747
2641,2196_LeafPhotoA_2025-09-08 17_09_05.011-05_00_0.png,2.25,2.205637903584363
2642,1573_LeafPhotoA_2025-09-09 09_54_35.196-05_00_2.png,2.5,2.014905796753127
2643,1573_LeafPhotoA_2025-09-09 09_54_35.196-05_00_0.png,2.5,2.084027062924607
2644,1573_LeafPhotoA_2025-09-09 09_54_35.196-05_00_3.png,2.5,1.9903839933367078
2645,1573_LeafPhotoA_2025-09-09 09_54_35.196-05_00_1.png,2.5,1.979246080410603
2650,2860_LeafPhotoA_2025-09-09 14_56_33.247-05_00_0.png,1.25,1.8260336114733968
2651,2860_LeafPhotoA_2025-09-09 14_56_33.247-05_00_1.png,1.25,1.7808059236958087
2652,2860_LeafPhotoA_2025-09-09 14_56_33.247-05_00_2.png,1.25,1.8285112381558184
2653,2860_LeafPhotoA_2025-09-09 14_56_33.247-05_00_3.png,1.25,1.9049453772182952
2654,1530_LeafPhotoA_2025-09-09 09_28_13.536-05_00_0.png,2.25,2.029974474514456
2655,1530_LeafPhotoA_2025-09-09 09_28_13.536-05_00_1.png,2.25,2.0189415896952436
2656,1530_LeafPhotoA_2025-09-09 09_28_13.536-05_00_2.png,2.25,1.9183386556992528
2657,1530_LeafPhotoA_2025-09-09 09_28_13.536-05_00_3.png,2.25,2.0789586230547887
2658,2690_LeafPhotoA_2025-09-09 10_42_26.059-05_00_3.png,1.5,2.066317426040698
2659,2690_LeafPhotoA_2025-09-09 10_42_26.059-05_00_2.png,1.5,1.90004286382155
2660,2690_LeafPhotoA_2025-09-09 10_42_26.059-05_00_1.png,1.5,1.6665786795213204
2661,2690_LeafPhotoA_2025-09-09 10_42_26.059-05_00_0.png,1.5,1.6881991449383087
2680,1994_LeafPhotoA_2025-09-09 16_07_18.609-05_00_0.png,1.75,1.8933421502012369
2681,1994_LeafPhotoA_2025-09-09 16_07_18.609-05_00_1.png,1.75,1.9707198823278569
2682,1994_LeafPhotoA_2025-09-09 16_07_18.609-05_00_2.png,1.75,1.9483433827269336
2695,2062_LeafPhotoA_2025-09-08 11_56_29.638-05_00_0.png,1.5,1.7195714972068397
2696,2062_LeafPhotoA_2025-09-08 11_56_29.638-05_00_1.png,1.5,1.8905248121063218
2697,2062_LeafPhotoA_2025-09-08 11_56_29.638-05_00_2.png,1.5,2.0504422165704086
2698,2062_LeafPhotoA_2025-09-08 11_56_29.638-05_00_3.png,1.5,1.9474724534943786
2703,1714_LeafPhotoA_2025-09-09 09_09_56.290-05_00_0.png,2.25,2.201525040838665
2704,1714_LeafPhotoA_2025-09-09 09_09_56.290-05_00_1.png,2.25,1.9774719078409324
2705,1714_LeafPhotoA_2025-09-09 09_09_56.290-05_00_2.png,2.25,1.9283117566745895
2706,1714_LeafPhotoA_2025-09-09 09_09_56.290-05_00_3.png,2.25,2.0740166441315853
2711,1246_LeafPhotoA_2025-09-08 10_36_51.001-05_00_2.png,2.0,1.825366090947023
2712,1246_LeafPhotoA_2025-09-08 10_36_51.001-05_00_3.png,2.0,1.7210689220077533
2713,1246_LeafPhotoA_2025-09-08 10_36_51.001-05_00_0.png,2.0,1.7707392471971644
2714,1246_LeafPhotoA_2025-09-08 10_36_51.001-05_00_1.png,2.0,1.9315427375946295
2727,1742_LeafPhotoA_2025-09-09 09_58_17.497-05_00_1.png,3.0,2.009914550968681
2728,1742_LeafPhotoA_2025-09-09 09_58_17.497-05_00_0.png,3.0,1.9902323425547837
2729,1742_LeafPhotoA_2025-09-09 09_58_17.497-05_00_2.png,3.0,1.8747624924874111
2769,1265_LeafPhotoA_2025-09-08 16_21_10.202-05_00_0.png,2.25,1.8649656986688603
2783,,1.75,1.8394655499312884
2819,1969_LeafPhotoA_2025-09-09 17_06_13.365-05_00_0.png,1.25,1.9287871190637482
2820,1969_LeafPhotoA_2025-09-09 17_06_13.365-05_00_1.png,1.25,1.8984100488864437
2821,1969_LeafPhotoA_2025-09-09 17_06_13.365-05_00_2.png,1.25,1.9396772541345404
2822,1969_LeafPhotoA_2025-09-09 17_06_13.365-05_00_3.png,1.25,2.039159201436678
2823,2402_LeafPhotoB_2025-09-08 10_41_29.920-05_00_0.png,1.0,1.773234436483119
2824,2402_LeafPhotoB_2025-09-08 10_41_29.920-05_00_1.png,1.0,1.6951861299027886
2825,2402_LeafPhotoB_2025-09-08 10_41_29.920-05_00_2.png,1.0,1.7821534303692426
2826,2402_LeafPhotoB_2025-09-08 10_41_29.920-05_00_3.png,1.0,1.7165835142750043
2837,6040_LeafPhotoA_2025-09-09 16_10_33.353-05_00_2.png,1.5,1.9210650121654973
2838,6040_LeafPhotoA_2025-09-09 16_10_33.353-05_00_0.png,1.5,1.6700647144500669
2839,6040_LeafPhotoA_2025-09-09 16_10_33.353-05_00_3.png,1.5,1.9408273788971724
2840,6040_LeafPhotoA_2025-09-09 16_10_33.353-05_00_1.png,1.5,1.8164938476878296
2842,1578_LeafPhotoA_2025-09-09 09_51_18.559-05_00_0.png,1.0,1.928780851607489
2843,1578_LeafPhotoA_2025-09-09 09_51_18.559-05_00_1.png,1.0,1.9315767422668069
2844,1578_LeafPhotoA_2025-09-09 09_51_18.559-05_00_2.png,1.0,1.764369083512054
2845,1578_LeafPhotoA_2025-09-09 09_51_18.559-05_00_3.png,1.0,1.8458994557133823
2854,2262_LeafPhotoA_2025-09-08 12_34_17.650-05_00_2.png,1.5,1.8057777285332919
2855,2262_LeafPhotoA_2025-09-08 12_34_17.650-05_00_1.png,1.5,1.8133611177559754
2856,2262_LeafPhotoA_2025-09-08 12_34_17.650-05_00_0.png,1.5,1.7535139974243605
2857,2262_LeafPhotoA_2025-09-08 12_34_17.650-05_00_3.png,1.5,1.7304279902472521
2858,6025_LeafPhotoA_2025-09-09 16_35_46.802-05_00_2.png,1.5,1.7192191608942509
2859,6025_LeafPhotoA_2025-09-09 16_35_46.802-05_00_0.png,1.5,1.8661011499237237
2860,6025_LeafPhotoA_2025-09-09 16_35_46.802-05_00_1.png,1.5,1.795164642039569
2861,1894_LeafPhotoA_2025-09-09 12_58_44.856-05_00_2.png,1.25,1.7875049429481877
2862,1894_LeafPhotoA_2025-09-09 12_58_44.856-05_00_3.png,1.25,1.8865251717545768
2863,1894_LeafPhotoA_2025-09-09 12_58_44.856-05_00_0.png,1.25,1.8657897189709904
2864,1894_LeafPhotoA_2025-09-09 12_58_44.856-05_00_1.png,1.25,2.1030693516781116
2869,2045_LeafPhotoA_2025-09-08 11_26_04.594-05_00_0.png,1.75,1.828955652678238
2870,2045_LeafPhotoA_2025-09-08 11_26_04.594-05_00_1.png,1.75,2.0086946686904956
2871,2045_LeafPhotoA_2025-09-08 11_26_04.594-05_00_2.png,1.75,2.0649827569956476
2884,2830_LeafPhotoA_2025-09-09 10_46_44.993-05_00_0.png,1.5,1.8522298465973852
2885,2830_LeafPhotoA_2025-09-09 10_46_44.993-05_00_3.png,1.5,1.8450255285878245
2886,2830_LeafPhotoA_2025-09-09 10_46_44.993-05_00_1.png,1.5,1.8359145816585596
2887,2830_LeafPhotoA_2025-09-09 10_46_44.993-05_00_2.png,1.5,1.9186949219323204
2891,2919_LeafPhotoA_2025-09-09 16_43_36.577-05_00_0.png,1.5,1.8204613474116171
2892,2919_LeafPhotoA_2025-09-09 16_43_36.577-05_00_1.png,1.5,1.9239991277226078
2893,2919_LeafPhotoA_2025-09-09 16_43_36.577-05_00_2.png,1.5,1.8594874897728144
2894,2919_LeafPhotoA_2025-09-09 16_43_36.577-05_00_3.png,1.5,1.7761310168347944
2895,1978_LeafPhotoA_2025-09-09 16_46_02.859-05_00_1.png,1.25,1.9217590013199393
2896,1978_LeafPhotoA_2025-09-09 16_46_02.859-05_00_0.png,1.25,2.0008411178658365
2897,1978_LeafPhotoA_2025-09-09 16_46_02.859-05_00_2.png,1.25,1.9241900323967613
2948,1269_LeafPhotoA_2025-09-08 16_17_38.730-05_00_0.png,1.75,1.9240978731209233
2949,1269_LeafPhotoA_2025-09-08 16_17_38.730-05_00_1.png,1.75,1.925726577079771
2950,1269_LeafPhotoA_2025-09-08 16_17_38.730-05_00_2.png,1.75,1.712803867934504
2951,1269_LeafPhotoA_2025-09-08 16_17_38.730-05_00_3.png,1.75,1.797740216723153
2952,1908_LeafPhotoA_2025-09-09 14_44_38.996-05_00_0.png,2.5,1.7358767508667377
2953,1908_LeafPhotoA_2025-09-09 14_44_38.996-05_00_1.png,2.5,1.8863460905038152
2954,1908_LeafPhotoA_2025-09-09 14_44_38.996-05_00_2.png,2.5,1.6357019424275747
2955,1908_LeafPhotoA_2025-09-09 14_44_38.996-05_00_3.png,2.5,1.780202779723448
2968,1468_LeafPhotoB_2025-09-08 16_31_26.894-05_00_2.png,1.25,1.8803467431731389
2969,1468_LeafPhotoB_2025-09-08 16_31_26.894-05_00_1.png,1.25,2.102972462105856
2970,1468_LeafPhotoB_2025-09-08 16_31_26.894-05_00_0.png,1.25,2.023771124163612
2971,1468_LeafPhotoB_2025-09-08 16_31_26.894-05_00_3.png,1.25,1.9598542084702484
3003,1216_LeafPhotoA_2025-09-08 09_51_38.597-05_00_2.png,2.0,1.6590612158376665
3004,1216_LeafPhotoA_2025-09-08 09_51_38.597-05_00_3.png,2.0,1.6278955383402818
3005,1216_LeafPhotoA_2025-09-08 09_51_38.597-05_00_1.png,2.0,1.6241732786182035
3006,1216_LeafPhotoA_2025-09-08 09_51_38.597-05_00_0.png,2.0,1.627294656471732
3089,1851_LeafPhotoA_2025-09-09 13_45_07.951-05_00_3.png,1.5,1.8349424669945447
3090,1851_LeafPhotoA_2025-09-09 13_45_07.951-05_00_0.png,1.5,2.0579464200230437
3091,1851_LeafPhotoA_2025-09-09 13_45_07.951-05_00_2.png,1.5,1.9863790558185144
3092,1851_LeafPhotoA_2025-09-09 13_45_07.951-05_00_1.png,1.5,2.040607709701666
3102,1728_LeafPhotoA_2025-09-09 09_30_58.151-05_00_1.png,3.5,2.1285378995467035
3103,1728_LeafPhotoA_2025-09-09 09_30_58.151-05_00_3.png,3.5,2.191015610567889
3104,1728_LeafPhotoA_2025-09-09 09_30_58.151-05_00_2.png,3.5,2.2993567123947707
3105,1728_LeafPhotoA_2025-09-09 09_30_58.151-05_00_0.png,3.5,2.0663963617947028
3129,2689_LeafPhotoA_2025-09-09 10_44_36.223-05_00_0.png,1.25,1.9018563093186376
3130,2689_LeafPhotoA_2025-09-09 10_44_36.223-05_00_1.png,1.25,1.9142872460034812
3131,2689_LeafPhotoA_2025-09-09 10_44_36.223-05_00_2.png,1.25,1.81782886099458
3141,1191_LeafPhotoA_2025-09-08 15_54_25.154-05_00_0.png,2.0,2.218150857336786
3142,1191_LeafPhotoA_2025-09-08 15_54_25.154-05_00_1.png,2.0,2.2635482045380337
3143,1191_LeafPhotoA_2025-09-08 15_54_25.154-05_00_2.png,2.0,2.25921159176946
3144,1191_LeafPhotoA_2025-09-08 15_54_25.154-05_00_3.png,2.0,2.1506693365248664
3185,2185_LeafPhotoA_2025-09-09 12_32_19.175-05_00_0.png,2.0,2.086878068803781
3186,2185_LeafPhotoA_2025-09-09 12_32_19.175-05_00_1.png,2.0,2.162779830126713
3187,2185_LeafPhotoA_2025-09-09 12_32_19.175-05_00_2.png,2.0,2.1439939675088313
3188,2185_LeafPhotoA_2025-09-09 12_32_19.175-05_00_3.png,2.0,1.9036306924002937
3218,1301_LeafPhotoA_2025-09-08 10_20_06.394-05_00_0.png,1.5,1.8446190400774614
3219,1301_LeafPhotoA_2025-09-08 10_20_06.394-05_00_1.png,1.5,1.8352870441177316
3220,1301_LeafPhotoA_2025-09-08 10_20_06.394-05_00_2.png,1.5,1.8714988508733916
3221,1301_LeafPhotoA_2025-09-08 10_20_06.394-05_00_3.png,1.5,1.8471284022626995
3252,1090_LeafPhotoA_2025-09-09 11_02_26.123-05_00_2.png,1.5,1.9708551968904726
3253,1090_LeafPhotoA_2025-09-09 11_02_26.123-05_00_0.png,1.5,2.1171878113904286
3254,1090_LeafPhotoA_2025-09-09 11_02_26.123-05_00_1.png,1.5,2.093155301898664
3261,2082_LeafPhotoA_2025-09-08 12_18_36.645-05_00_3.png,1.5,1.8826864334992603
3262,2082_LeafPhotoA_2025-09-08 12_18_36.645-05_00_0.png,1.5,1.9734722644271767
3263,2082_LeafPhotoA_2025-09-08 12_18_36.645-05_00_2.png,1.5,1.940765479328462
3264,2082_LeafPhotoA_2025-09-08 12_18_36.645-05_00_1.png,1.5,2.0555350548077542
3273,2654_LeafPhotoA_2025-09-09 11_27_41.628-05_00_2.png,2.25,1.888952183786499
3274,2654_LeafPhotoA_2025-09-09 11_27_41.628-05_00_3.png,2.25,2.1688620889264
3275,2654_LeafPhotoA_2025-09-09 11_27_41.628-05_00_1.png,2.25,1.9298053656023726
3276,2654_LeafPhotoA_2025-09-09 11_27_41.628-05_00_0.png,2.25,1.9047366544838256
3323,2089_LeafPhotoA_2025-09-08 12_26_53.526-05_00_0.png,1.75,2.1185202605997144
3324,2089_LeafPhotoA_2025-09-08 12_26_53.526-05_00_2.png,1.75,1.9995659554234677
3325,2089_LeafPhotoA_2025-09-08 12_26_53.526-05_00_1.png,1.75,2.0476522705840017
3328,1343_LeafPhotoA_2025-09-08 10_11_04.420-05_00_0.png,1.25,1.8340174994236267
3329,1343_LeafPhotoA_2025-09-08 10_11_04.420-05_00_1.png,1.25,1.960422203982538
3330,1343_LeafPhotoA_2025-09-08 10_11_04.420-05_00_2.png,1.25,1.8448638628139054
3331,1343_LeafPhotoA_2025-09-08 10_11_04.420-05_00_3.png,1.25,1.8890493800320016
3348,2343_LeafPhotoA_2025-09-08 11_11_17.973-05_00_2.png,1.25,1.9295645432917825
3349,2343_LeafPhotoA_2025-09-08 11_11_17.973-05_00_0.png,1.25,1.88323452024197
3350,2343_LeafPhotoA_2025-09-08 11_11_17.973-05_00_1.png,1.25,1.9143581054630778
3359,2343_LeafPhotoA_2025-09-08 11_11_03.769-05_00_0.png,1.25,1.8701322919372938
3360,2343_LeafPhotoA_2025-09-08 11_11_03.769-05_00_1.png,1.25,1.7979811286870584
3369,2393_LeafPhotoA_2025-09-08 12_17_57.585-05_00_0.png,3.0,1.9328830081758201
3401,1457_LeafPhotoB_2025-09-08 12_33_31.319-05_00_0.png,2.0,2.1459600112166366
3402,1457_LeafPhotoB_2025-09-08 12_33_31.319-05_00_1.png,2.0,2.0872223312825713
3403,1457_LeafPhotoB_2025-09-08 12_33_31.319-05_00_2.png,2.0,2.0500185934555866
3404,1457_LeafPhotoB_2025-09-08 12_33_31.319-05_00_3.png,2.0,1.9228389375556099
3417,1467_LeafPhotoB_2025-09-08 16_30_30.667-05_00_0.png,2.0,1.9613664178206551
3418,1467_LeafPhotoB_2025-09-08 16_30_30.667-05_00_1.png,2.0,1.8233194151077023
3419,1467_LeafPhotoB_2025-09-08 16_30_30.667-05_00_2.png,2.0,2.0648275493332453
3420,1467_LeafPhotoB_2025-09-08 16_30_30.667-05_00_3.png,2.0,2.0003733292918024
3426,1714_LeafPhotoA_2025-09-09 09_09_41.593-05_00_0.png,2.5,1.9586939667310472
3427,2325_LeafPhotoA_2025-09-08 10_53_41.168-05_00_0.png,1.25,1.8351861803326077
3428,2325_LeafPhotoA_2025-09-08 10_53_41.168-05_00_1.png,1.25,1.8176772861533887
3429,2325_LeafPhotoA_2025-09-08 10_53_41.168-05_00_2.png,1.25,1.8860031449807733
3437,1437_LeafPhotoB_2025-09-08 10_28_09.727-05_00_0.png,2.0,1.692908925418409
3438,1437_LeafPhotoB_2025-09-08 10_28_09.727-05_00_1.png,2.0,1.772622975331288
3439,1437_LeafPhotoB_2025-09-08 10_28_09.727-05_00_2.png,2.0,1.7390264772690758
3440,1437_LeafPhotoB_2025-09-08 10_28_09.727-05_00_3.png,2.0,1.90475198260605
3453,2520_LeafPhotoA_2025-09-09 10_16_27.887-05_00_0.png,1.0,1.7600877208003862
3454,2520_LeafPhotoA_2025-09-09 10_16_27.887-05_00_1.png,1.0,1.9424311056509938
3455,2520_LeafPhotoA_2025-09-09 10_16_27.887-05_00_2.png,1.0,2.0419730967951133
3456,2520_LeafPhotoA_2025-09-09 10_16_27.887-05_00_3.png,1.0,1.9166215512307903
3465,2015_LeafPhotoA_2025-09-08 10_50_10.021-05_00_0.png,1.75,1.8986392302322181
3466,2015_LeafPhotoA_2025-09-08 10_50_10.021-05_00_1.png,1.75,1.8934577479664207
3467,2015_LeafPhotoA_2025-09-08 10_50_10.021-05_00_2.png,1.75,1.8483343477504155
3468,2015_LeafPhotoA_2025-09-08 10_50_10.021-05_00_3.png,1.75,1.9076360195532
3488,1191_LeafPhotoA_2025-09-08 15_54_08.755-05_00_0.png,2.25,2.1507532442617587
3489,1191_LeafPhotoA_2025-09-08 15_54_08.755-05_00_1.png,2.25,2.1267664266659754
3490,1191_LeafPhotoA_2025-09-08 15_54_08.755-05_00_2.png,2.25,2.1309589124876362
3491,1191_LeafPhotoA_2025-09-08 15_54_08.755-05_00_3.png,2.25,2.0496269072532876
3513,1418_LeafPhotoA_2025-09-08 09_39_31.263-05_00_2.png,1.5,1.8772860118548251
3514,1418_LeafPhotoA_2025-09-08 09_39_31.263-05_00_1.png,1.5,1.9390674384484712
3515,1418_LeafPhotoA_2025-09-08 09_39_31.263-05_00_0.png,1.5,2.038310344871794
3516,1418_LeafPhotoA_2025-09-08 09_39_31.263-05_00_3.png,1.5,1.8951186393115917
3529,1894_LeafPhotoA_2025-09-09 17_18_06.332-05_00_3.png,1.25,1.9400742350990532
3530,1894_LeafPhotoA_2025-09-09 17_18_06.332-05_00_1.png,1.25,1.8748290062110444
3531,1894_LeafPhotoA_2025-09-09 17_18_06.332-05_00_2.png,1.25,1.8850250427690327
3532,1894_LeafPhotoA_2025-09-09 17_18_06.332-05_00_0.png,1.25,1.8658644341863302
11,1346_LeafPhotoA_2025-09-08 10_15_00.579-05_00_0.png,3.0,1.8253509161010135
12,1346_LeafPhotoA_2025-09-08 10_15_00.579-05_00_1.png,3.0,1.8860791463405704
13,1346_LeafPhotoA_2025-09-08 10_15_00.579-05_00_2.png,3.0,1.8444666701032921
14,1346_LeafPhotoA_2025-09-08 10_15_00.579-05_00_3.png,3.0,1.9747909675526296
21,2664_LeafPhotoA_2025-09-09 11_37_29.251-05_00_2.png,2.0,1.9268589931565565
22,2664_LeafPhotoA_2025-09-09 11_37_29.251-05_00_0.png,2.0,2.071418974622728
23,2664_LeafPhotoA_2025-09-09 11_37_29.251-05_00_1.png,2.0,2.111753297933471
24,2664_LeafPhotoA_2025-09-09 11_37_29.251-05_00_3.png,2.0,1.9958965213694428
27,1427_LeafPhotoB_2025-09-08 10_19_32.588-05_00_1.png,2.75,2.195451425310802
28,1427_LeafPhotoB_2025-09-08 10_19_32.588-05_00_0.png,2.75,2.1863530412857144
29,1427_LeafPhotoB_2025-09-08 10_19_32.588-05_00_2.png,2.75,2.251571868383595
46,1118_LeafPhotoA_2025-09-08 10_03_02.378-05_00_1.png,1.0,1.7694734306411575
47,1118_LeafPhotoA_2025-09-08 10_03_02.378-05_00_0.png,1.0,1.8964126865391975
48,1118_LeafPhotoA_2025-09-08 10_03_02.378-05_00_3.png,1.0,2.067073884840863
49,1118_LeafPhotoA_2025-09-08 10_03_02.378-05_00_2.png,1.0,1.8105587148972864
54,1608_LeafPhotoA_2025-09-09 09_23_59.629-05_00_0.png,1.75,1.6890072426122622
55,1608_LeafPhotoA_2025-09-09 09_23_59.629-05_00_1.png,1.75,1.6624849659687373
56,1608_LeafPhotoA_2025-09-09 09_23_59.629-05_00_2.png,1.75,1.8180673923438544
57,1608_LeafPhotoA_2025-09-09 09_23_59.629-05_00_3.png,1.75,1.736078848639158
58,1048_LeafPhotoA_2025-09-08 10_27_26.311-05_00_3.png,1.25,1.7735546707374892
59,1048_LeafPhotoA_2025-09-08 10_27_26.311-05_00_0.png,1.25,1.8462305984376195
60,1048_LeafPhotoA_2025-09-08 10_27_26.311-05_00_2.png,1.25,2.035377969679254
61,1048_LeafPhotoA_2025-09-08 10_27_26.311-05_00_1.png,1.25,2.0310930855296685
73,2906_LeafPhotoA_2025-09-09 16_24_18.555-05_00_0.png,1.75,2.0097043944241575
74,2906_LeafPhotoA_2025-09-09 16_24_18.555-05_00_1.png,1.75,2.0052793582272326
75,2906_LeafPhotoA_2025-09-09 16_24_18.555-05_00_2.png,1.75,1.8128084665552138
76,2906_LeafPhotoA_2025-09-09 16_24_18.555-05_00_3.png,1.75,1.8520662098519725
107,2685_LeafPhotoA_2025-09-09 10_50_31.334-05_00_2.png,2.25,1.8188078943612394
108,2685_LeafPhotoA_2025-09-09 10_50_31.334-05_00_1.png,2.25,1.9152357153121116
109,2685_LeafPhotoA_2025-09-09 10_50_31.334-05_00_0.png,2.25,1.7728859955149008
126,1672_LeafPhotoA_2025-09-09 09_45_47.566-05_00_1.png,1.75,2.104839725882188
127,1672_LeafPhotoA_2025-09-09 09_45_47.566-05_00_2.png,1.75,1.8864588861310154
128,1672_LeafPhotoA_2025-09-09 09_45_47.566-05_00_0.png,1.75,2.0176435667423704
133,1680_LeafPhotoA_2025-09-09 09_30_52.328-05_00_0.png,1.25,1.6547343840423847
134,1680_LeafPhotoA_2025-09-09 09_30_52.328-05_00_1.png,1.25,1.6543075607138704
135,6016_LeafPhotoA_2025-09-09 16_48_44.576-05_00_1.png,1.5,1.6194353622840227
136,6016_LeafPhotoA_2025-09-09 16_48_44.576-05_00_0.png,1.5,1.6128021021148067
137,6016_LeafPhotoA_2025-09-09 16_48_44.576-05_00_2.png,1.5,1.682238408864956
156,1272_LeafPhotoA_2025-09-08 16_15_18.232-05_00_0.png,3.25,1.7980708310316609
157,1272_LeafPhotoA_2025-09-08 16_15_18.232-05_00_1.png,3.25,1.989434126779546
158,1272_LeafPhotoA_2025-09-08 16_15_18.232-05_00_2.png,3.25,2.098242274479263
167,2715_LeafPhotoA_2025-09-09 10_34_49.690-05_00_2.png,2.25,1.9924824842044995
168,2715_LeafPhotoA_2025-09-09 10_34_49.690-05_00_1.png,2.25,2.055501183528213
169,2715_LeafPhotoA_2025-09-09 10_34_49.690-05_00_3.png,2.25,2.0191376994903747
170,2715_LeafPhotoA_2025-09-09 10_34_49.690-05_00_0.png,2.25,1.9592059668930666
210,1587_LeafPhotoA_2025-09-09 09_37_51.582-05_00_2.png,1.5,1.9430347909972427
211,1587_LeafPhotoA_2025-09-09 09_37_51.582-05_00_0.png,1.5,1.8405893931530166
212,1587_LeafPhotoA_2025-09-09 09_37_51.582-05_00_1.png,1.5,1.9102878119271167
213,1587_LeafPhotoA_2025-09-09 09_37_51.582-05_00_3.png,1.5,1.844791216289837
239,,1.25,1.6946560175473444
240,,1.5,1.6946560175473444
293,2650_LeafPhotoA_2025-09-09 11_24_20.852-05_00_0.png,1.0,1.5767467937777417
294,2650_LeafPhotoA_2025-09-09 11_24_20.852-05_00_2.png,1.0,1.7591746442236451
295,2650_LeafPhotoA_2025-09-09 11_24_20.852-05_00_3.png,1.0,1.649064668240742
296,2650_LeafPhotoA_2025-09-09 11_24_20.852-05_00_1.png,1.0,1.6910066366758036
305,2197_LeafPhotoA_2025-09-08 17_07_18.265-05_00_3.png,1.0,2.0338881561912343
306,2197_LeafPhotoA_2025-09-08 17_07_18.265-05_00_2.png,1.0,1.997041567130624
307,2197_LeafPhotoA_2025-09-08 17_07_18.265-05_00_0.png,1.0,1.9874712722307897
308,2197_LeafPhotoA_2025-09-08 17_07_18.265-05_00_1.png,1.0,2.0960188376160915
364,1623_LeafPhotoA_2025-09-09 09_58_46.896-05_00_0.png,2.0,1.9627557613659317
365,1623_LeafPhotoA_2025-09-09 09_58_46.896-05_00_1.png,2.0,1.9407588601843622
366,1623_LeafPhotoA_2025-09-09 09_58_46.896-05_00_2.png,2.0,1.9597645974327977
367,1623_LeafPhotoA_2025-09-09 09_58_46.896-05_00_3.png,2.0,1.8237267327105522
372,2495_LeafPhotoB_2025-09-08 12_20_03.955-05_00_0.png,1.0,1.8722587724600708
373,2495_LeafPhotoB_2025-09-08 12_20_03.955-05_00_1.png,1.0,1.7639372963342332
374,2495_LeafPhotoB_2025-09-08 12_20_03.955-05_00_2.png,1.0,1.7369721107281078
375,2495_LeafPhotoB_2025-09-08 12_20_03.955-05_00_3.png,1.0,1.9091807449489553
387,1623_LeafPhotoA_2025-09-09 09_57_37.816-05_00_0.png,1.75,1.7128959914792454
388,1623_LeafPhotoA_2025-09-09 09_57_37.816-05_00_1.png,1.75,1.7881479224317238
389,1623_LeafPhotoA_2025-09-09 09_57_37.816-05_00_2.png,1.75,1.8392737306767883
390,1623_LeafPhotoA_2025-09-09 09_57_37.816-05_00_3.png,1.75,1.7923217291636155
399,1136_LeafPhotoA_2025-09-08 10_28_29.129-05_00_0.png,1.5,1.7147919274406795
404,2649_LeafPhotoA_2025-09-09 11_26_12.925-05_00_0.png,3.0,2.053518820946211
405,2649_LeafPhotoA_2025-09-09 11_26_12.925-05_00_2.png,3.0,1.7725107858257994
406,2649_LeafPhotoA_2025-09-09 11_26_12.925-05_00_1.png,3.0,1.7818923703172687
411,2011_LeafPhotoA_2025-09-08 10_45_16.513-05_00_0.png,2.0,1.9554713379599094
412,2011_LeafPhotoA_2025-09-08 10_45_16.513-05_00_1.png,2.0,1.9640489158781547
413,2011_LeafPhotoA_2025-09-08 10_45_16.513-05_00_2.png,2.0,1.9021210518752714
414,2011_LeafPhotoA_2025-09-08 10_45_16.513-05_00_3.png,2.0,1.9812066854284343
436,2748_LeafPhotoA_2025-09-09 11_19_26.990-05_00_0.png,3.25,2.0211040483625755
437,2748_LeafPhotoA_2025-09-09 11_19_26.990-05_00_1.png,3.25,1.8991602047051577
438,2748_LeafPhotoA_2025-09-09 11_19_26.990-05_00_2.png,3.25,2.269484837438266
439,2748_LeafPhotoA_2025-09-09 11_19_26.990-05_00_3.png,3.25,1.9624721434597712
479,6049_LeafPhotoA_2025-09-09 15_54_47.227-05_00_1.png,1.0,1.6450768653645949
480,6049_LeafPhotoA_2025-09-09 15_54_47.227-05_00_2.png,1.0,1.547339098678135
481,6049_LeafPhotoA_2025-09-09 15_54_47.227-05_00_3.png,1.0,1.6271314377124526
482,6049_LeafPhotoA_2025-09-09 15_54_47.227-05_00_0.png,1.0,1.6606732862644962
491,1882_LeafPhotoA_2025-09-09 13_17_09.662-05_00_2.png,1.75,1.8774417454924786
492,1882_LeafPhotoA_2025-09-09 13_17_09.662-05_00_0.png,1.75,2.0372219808552394
493,1882_LeafPhotoA_2025-09-09 13_17_09.662-05_00_1.png,1.75,2.089527652326766
528,1419_LeafPhotoA_2025-09-08 09_40_27.704-05_00_0.png,1.75,1.8282802704771788
529,1419_LeafPhotoA_2025-09-08 09_40_27.704-05_00_1.png,1.75,2.1356847756915003
530,1419_LeafPhotoA_2025-09-08 09_40_27.704-05_00_2.png,1.75,2.2126576767685826
531,1419_LeafPhotoA_2025-09-08 09_40_27.704-05_00_3.png,1.75,2.056627264486566
577,2263_LeafPhotoA_2025-09-08 12_36_09.842-05_00_0.png,1.0,1.7858134388830993
578,2263_LeafPhotoA_2025-09-08 12_36_09.842-05_00_1.png,1.0,1.6783010840410353
579,2263_LeafPhotoA_2025-09-08 12_36_09.842-05_00_2.png,1.0,1.7303710377532144
580,2263_LeafPhotoA_2025-09-08 12_36_09.842-05_00_3.png,1.0,1.6362036173925063
585,1893_LeafPhotoA_2025-09-09 17_17_29.747-05_00_1.png,2.5,2.0589518926313595
586,1893_LeafPhotoA_2025-09-09 17_17_29.747-05_00_0.png,2.5,1.8454393030416751
587,1893_LeafPhotoA_2025-09-09 17_17_29.747-05_00_3.png,2.5,2.097900078868769
588,1893_LeafPhotoA_2025-09-09 17_17_29.747-05_00_2.png,2.5,2.0318296488070224
705,2106_LeafPhotoA_2025-09-08 11_01_04.699-05_00_3.png,1.0,1.7234062156185315
706,2106_LeafPhotoA_2025-09-08 11_01_04.699-05_00_1.png,1.0,1.6893936125229907
707,2106_LeafPhotoA_2025-09-08 11_01_04.699-05_00_2.png,1.0,1.7412549839812326
708,2106_LeafPhotoA_2025-09-08 11_01_04.699-05_00_0.png,1.0,1.8514042551929077
723,1772_LeafPhotoA_2025-09-09 09_57_17.313-05_00_1.png,1.25,1.8277548387231533
724,1772_LeafPhotoA_2025-09-09 09_57_17.313-05_00_2.png,1.25,1.8946349253937171
725,1772_LeafPhotoA_2025-09-09 09_57_17.313-05_00_0.png,1.25,1.9589337327149212
726,1772_LeafPhotoA_2025-09-09 09_57_17.313-05_00_3.png,1.25,1.772696121627835
737,1210_LeafPhotoA_2025-09-08 09_39_04.129-05_00_3.png,1.25,1.9209000716949982
738,1210_LeafPhotoA_2025-09-08 09_39_04.129-05_00_0.png,1.25,1.8511388544617773
739,1210_LeafPhotoA_2025-09-08 09_39_04.129-05_00_1.png,1.25,1.7804677016847088
740,1210_LeafPhotoA_2025-09-08 09_39_04.129-05_00_2.png,1.25,1.9063219879119506
764,6015_LeafPhotoA_2025-09-09 16_52_18.680-05_00_1.png,1.0,1.6708336487898832
765,6015_LeafPhotoA_2025-09-09 16_52_18.680-05_00_0.png,1.0,1.7360680341290198
784,1495_LeafPhotoB_2025-09-08 16_59_04.309-05_00_1.png,1.5,1.9702063322792867
785,1495_LeafPhotoB_2025-09-08 16_59_04.309-05_00_3.png,1.5,2.0099737482025852
786,1495_LeafPhotoB_2025-09-08 16_59_04.309-05_00_0.png,1.5,1.915870905096688
787,1495_LeafPhotoB_2025-09-08 16_59_04.309-05_00_2.png,1.5,2.0385308036812364
811,2150_LeafPhotoA_2025-09-08 12_22_07.286-05_00_2.png,1.5,1.9918723268341367
812,2150_LeafPhotoA_2025-09-08 12_22_07.286-05_00_0.png,1.5,1.8199556340028102
813,2150_LeafPhotoA_2025-09-08 12_22_07.286-05_00_1.png,1.5,1.931970081410678
814,2150_LeafPhotoA_2025-09-08 12_22_07.286-05_00_3.png,1.5,1.9948465704925757
819,1452_LeafPhotoB_2025-09-08 12_28_36.613-05_00_2.png,1.0,1.8489042072518873
820,1452_LeafPhotoB_2025-09-08 12_28_36.613-05_00_1.png,1.0,1.937395773686614
821,1452_LeafPhotoB_2025-09-08 12_28_36.613-05_00_0.png,1.0,1.9430932506565595
822,1452_LeafPhotoB_2025-09-08 12_28_36.613-05_00_3.png,1.0,1.806377308001704
827,2317_LeafPhotoA_2025-09-08 10_45_32.243-05_00_3.png,3.25,1.895066078444743
828,2317_LeafPhotoA_2025-09-08 10_45_32.243-05_00_0.png,3.25,1.8734949823965728
829,2317_LeafPhotoA_2025-09-08 10_45_32.243-05_00_1.png,3.25,2.0686787183345205
830,2317_LeafPhotoA_2025-09-08 10_45_32.243-05_00_2.png,3.25,1.9428847173188835
839,2235_LeafPhotoA_2025-09-08 11_40_03.588-05_00_0.png,2.5,1.7274027300582526
840,2235_LeafPhotoA_2025-09-08 11_40_03.588-05_00_1.png,2.5,1.8110133291993404
841,2235_LeafPhotoA_2025-09-08 11_40_03.588-05_00_2.png,2.5,1.5755983015710406
842,2235_LeafPhotoA_2025-09-08 11_40_03.588-05_00_3.png,2.5,1.6816184723778322
851,1396_LeafPhotoA_2025-09-08 13_22_43.424-05_00_0.png,1.5,1.992385634869247
852,1396_LeafPhotoA_2025-09-08 13_22_43.424-05_00_1.png,1.5,2.0401781421407956
853,1396_LeafPhotoA_2025-09-08 13_22_43.424-05_00_3.png,1.5,1.908918758566639
854,1396_LeafPhotoA_2025-09-08 13_22_43.424-05_00_2.png,1.5,2.0321713636421075
863,1480_LeafPhotoB_2025-09-08 16_44_45.429-05_00_0.png,1.75,1.8360103277328756
874,2625_LeafPhotoA_2025-09-09 12_15_05.460-05_00_1.png,2.75,2.0301099767159645
875,2625_LeafPhotoA_2025-09-09 12_15_05.460-05_00_3.png,2.75,1.9261509972870263
876,2625_LeafPhotoA_2025-09-09 12_15_05.460-05_00_2.png,2.75,1.9028781356470885
877,2625_LeafPhotoA_2025-09-09 12_15_05.460-05_00_0.png,2.75,1.9709066715139545
894,2742_LeafPhotoA_2025-09-09 11_11_59.314-05_00_3.png,2.75,1.9248244930164433
895,2742_LeafPhotoA_2025-09-09 11_11_59.314-05_00_2.png,2.75,2.0385414459376943
896,2742_LeafPhotoA_2025-09-09 11_11_59.314-05_00_1.png,2.75,2.0338636482384786
897,2742_LeafPhotoA_2025-09-09 11_11_59.314-05_00_0.png,2.75,1.8888361831492273
945,6018_LeafPhotoA_2025-09-09 16_46_05.626-05_00_1.png,1.0,1.8928510102446483
946,6018_LeafPhotoA_2025-09-09 16_46_05.626-05_00_2.png,1.0,1.781238516723858
947,6018_LeafPhotoA_2025-09-09 16_46_05.626-05_00_3.png,1.0,1.8044959840614119
948,6018_LeafPhotoA_2025-09-09 16_46_05.626-05_00_0.png,1.0,1.8110269049446313
949,1882_LeafPhotoA_2025-09-09 13_17_22.842-05_00_1.png,1.75,1.928102144740471
950,1882_LeafPhotoA_2025-09-09 13_17_22.842-05_00_2.png,1.75,2.023285603639996
951,1882_LeafPhotoA_2025-09-09 13_17_22.842-05_00_0.png,1.75,1.8247243634767587
952,1882_LeafPhotoA_2025-09-09 13_17_22.842-05_00_3.png,1.75,1.8480294364715215
956,1095_LeafPhotoA_2025-09-09 11_06_50.542-05_00_2.png,1.5,2.019147236121937
957,1095_LeafPhotoA_2025-09-09 11_06_50.542-05_00_1.png,1.5,1.9212133371498215
958,1095_LeafPhotoA_2025-09-09 11_06_50.542-05_00_3.png,1.5,1.8983871171277427
959,1095_LeafPhotoA_2025-09-09 11_06_50.542-05_00_0.png,1.5,1.9619391988757098
971,2887_LeafPhotoA_2025-09-09 14_03_46.022-05_00_1.png,2.5,1.8178185851426576
972,2887_LeafPhotoA_2025-09-09 14_03_46.022-05_00_2.png,2.5,1.7081594154388984
973,2887_LeafPhotoA_2025-09-09 14_03_46.022-05_00_0.png,2.5,1.710786548582675
974,1689_LeafPhotoA_2025-09-09 09_13_19.326-05_00_0.png,1.0,1.824731817846754
975,1689_LeafPhotoA_2025-09-09 09_13_19.326-05_00_1.png,1.0,1.6329803738761033
980,,2.75,1.6946560175473444
989,2035_LeafPhotoA_2025-09-08 11_13_14.336-05_00_0.png,1.25,1.7333596539353007
990,2035_LeafPhotoA_2025-09-08 11_13_14.336-05_00_1.png,1.25,1.7486893250905433
991,2035_LeafPhotoA_2025-09-08 11_13_14.336-05_00_2.png,1.25,2.0216485025082545
992,2035_LeafPhotoA_2025-09-08 11_13_14.336-05_00_3.png,1.25,2.15391379990704
1010,1549_LeafPhotoA_2025-09-09 09_50_49.099-05_00_2.png,2.75,2.1367685164033476
1011,1549_LeafPhotoA_2025-09-09 09_50_49.099-05_00_1.png,2.75,1.9614232822762343
1012,1549_LeafPhotoA_2025-09-09 09_50_49.099-05_00_3.png,2.75,2.2228134123640513
1013,1549_LeafPhotoA_2025-09-09 09_50_49.099-05_00_0.png,2.75,1.9566609044509962
1034,1874_LeafPhotoA_2025-09-09 13_24_05.096-05_00_0.png,1.25,2.006944780395364
1035,1874_LeafPhotoA_2025-09-09 13_24_05.096-05_00_1.png,1.25,1.83327297170261
1036,1874_LeafPhotoA_2025-09-09 13_24_05.096-05_00_2.png,1.25,1.7948147668599208
1037,1874_LeafPhotoA_2025-09-09 13_24_05.096-05_00_3.png,1.25,1.8376035197629392
1044,1577_LeafPhotoA_2025-09-09 09_51_50.173-05_00_0.png,1.75,1.6898340844929698
1045,1577_LeafPhotoA_2025-09-09 09_51_50.173-05_00_1.png,1.75,1.9356048302778646
1046,1577_LeafPhotoA_2025-09-09 09_51_50.173-05_00_2.png,1.75,1.8138408199262244
1065,1218_LeafPhotoA_2025-09-08 09_55_48.140-05_00_0.png,3.5,1.957742384669907
1066,1218_LeafPhotoA_2025-09-08 09_55_48.140-05_00_1.png,3.5,2.145798612939455
1067,1218_LeafPhotoA_2025-09-08 09_55_48.140-05_00_3.png,3.5,2.1960219519298096
1068,1218_LeafPhotoA_2025-09-08 09_55_48.140-05_00_2.png,3.5,2.0690023238997077
1069,5036_LeafPhotoA_2025-09-09 17_09_05.761-05_00_2.png,1.5,1.8147189068657845
1070,5036_LeafPhotoA_2025-09-09 17_09_05.761-05_00_0.png,1.5,1.9053159322684627
1071,5036_LeafPhotoA_2025-09-09 17_09_05.761-05_00_3.png,1.5,1.7266693888125633
1072,5036_LeafPhotoA_2025-09-09 17_09_05.761-05_00_1.png,1.5,1.729703700302965
1077,6010_LeafPhotoA_2025-09-09 17_01_22.660-05_00_1.png,1.25,1.619284853217334
1078,6010_LeafPhotoA_2025-09-09 17_01_22.660-05_00_0.png,1.25,1.6687448352381853
1079,6010_LeafPhotoA_2025-09-09 17_01_22.660-05_00_3.png,1.25,1.7702914354723709
1080,6010_LeafPhotoA_2025-09-09 17_01_22.660-05_00_2.png,1.25,1.6338991827812828
1121,2772_LeafPhotoA_2025-09-09 15_47_32.015-05_00_2.png,1.0,1.6746432686036041
1122,2772_LeafPhotoA_2025-09-09 15_47_32.015-05_00_1.png,1.0,1.731602266630107
1123,2772_LeafPhotoA_2025-09-09 15_47_32.015-05_00_0.png,1.0,1.7188708498834786
1124,,1.5,1.6946560175473444
1127,2656_LeafPhotoA_2025-09-09 11_30_02.897-05_00_2.png,2.0,1.9618104629221722
1128,2656_LeafPhotoA_2025-09-09 11_30_02.897-05_00_0.png,2.0,1.7743515223072939
1129,2656_LeafPhotoA_2025-09-09 11_30_02.897-05_00_1.png,2.0,1.6947400218752393
1138,,1.5,1.6946560175473444
1139,1427_LeafPhotoA_2025-09-08 09_49_32.229-05_00_3.png,3.25,1.874675614266572
1140,1427_LeafPhotoA_2025-09-08 09_49_32.229-05_00_2.png,3.25,1.9201588969582506
1141,1427_LeafPhotoA_2025-09-08 09_49_32.229-05_00_1.png,3.25,1.9048768618587948
1142,1427_LeafPhotoA_2025-09-08 09_49_32.229-05_00_0.png,3.25,1.9574805292706188
1201,2186_LeafPhotoA_2025-09-09 12_31_28.944-05_00_1.png,2.5,2.1373340734504156
1202,2186_LeafPhotoA_2025-09-09 12_31_28.944-05_00_0.png,2.5,2.060467657785648
1203,2186_LeafPhotoA_2025-09-09 12_31_28.944-05_00_2.png,2.5,2.2627288653522677
1204,2186_LeafPhotoA_2025-09-09 12_31_28.944-05_00_3.png,2.5,2.15063793733759
1205,1792_LeafPhotoA_2025-09-09 09_09_06.607-05_00_3.png,1.25,1.8893264729256154
1206,1792_LeafPhotoA_2025-09-09 09_09_06.607-05_00_1.png,1.25,1.9412996340067756
1207,1792_LeafPhotoA_2025-09-09 09_09_06.607-05_00_0.png,1.25,1.8410956155839444
1208,1792_LeafPhotoA_2025-09-09 09_09_06.607-05_00_2.png,1.25,2.0409932188688718
1214,1137_LeafPhotoA_2025-09-08 10_30_17.775-05_00_0.png,1.5,1.7336993696354057
1215,1137_LeafPhotoA_2025-09-08 10_30_17.775-05_00_1.png,1.5,1.9531226694903305
1216,1137_LeafPhotoA_2025-09-08 10_30_17.775-05_00_2.png,1.5,1.6531512051625483
1217,1137_LeafPhotoA_2025-09-08 10_30_17.775-05_00_3.png,1.5,1.7000258340274066
1226,2140_LeafPhotoA_2025-09-08 12_01_54.848-05_00_1.png,2.25,1.95977610469354
1227,2140_LeafPhotoA_2025-09-08 12_01_54.848-05_00_0.png,2.25,1.6958619299799045
1228,2140_LeafPhotoA_2025-09-08 12_01_54.848-05_00_2.png,2.25,1.6952569880817387
1243,5021_LeafPhotoA_2025-09-09 16_37_05.057-05_00_3.png,1.75,1.7517983824526027
1244,5021_LeafPhotoA_2025-09-09 16_37_05.057-05_00_0.png,1.75,1.9905306220119863
1245,5021_LeafPhotoA_2025-09-09 16_37_05.057-05_00_1.png,1.75,1.9003134310502114
1246,5021_LeafPhotoA_2025-09-09 16_37_05.057-05_00_2.png,1.75,1.813262083587959
1285,5006_LeafPhotoA_2025-09-09 16_01_39.048-05_00_1.png,1.25,1.6731184753257373
1286,5006_LeafPhotoA_2025-09-09 16_01_39.048-05_00_2.png,1.25,1.6152159902817567
1287,5006_LeafPhotoA_2025-09-09 16_01_39.048-05_00_0.png,1.25,1.6345102390407162
1288,5006_LeafPhotoA_2025-09-09 16_01_39.048-05_00_3.png,1.25,1.7488656568923948
1289,1157_LeafPhotoA_2025-09-08 16_50_24.357-05_00_2.png,2.5,1.9271988426681235
1290,1157_LeafPhotoA_2025-09-08 16_50_24.357-05_00_1.png,2.5,2.1786649186578937
1291,1157_LeafPhotoA_2025-09-08 16_50_24.357-05_00_0.png,2.5,2.0747928282775647
1300,2956_LeafPhotoA_2025-09-09 15_59_30.545-05_00_0.png,1.5,1.7409540047639396
1301,2956_LeafPhotoA_2025-09-09 15_59_30.545-05_00_1.png,1.5,1.7417451329630118
1302,2956_LeafPhotoA_2025-09-09 15_59_30.545-05_00_2.png,1.5,1.8766080958676299
1303,2956_LeafPhotoA_2025-09-09 15_59_30.545-05_00_3.png,1.5,1.7415040805011637
1304,1638_LeafPhotoA_2025-09-09 10_27_46.342-05_00_1.png,2.5,1.8318975301793388
1305,1638_LeafPhotoA_2025-09-09 10_27_46.342-05_00_3.png,2.5,1.8338176412121492
1306,1638_LeafPhotoA_2025-09-09 10_27_46.342-05_00_0.png,2.5,2.1208636480921594
1307,1638_LeafPhotoA_2025-09-09 10_27_46.342-05_00_2.png,2.5,1.9299911388356867
1316,2464_LeafPhotoB_2025-09-08 11_41_40.408-05_00_0.png,2.75,2.00003909994746
1317,2464_LeafPhotoB_2025-09-08 11_41_40.408-05_00_1.png,2.75,2.0503757041381565
1318,2464_LeafPhotoB_2025-09-08 11_41_40.408-05_00_2.png,2.75,2.040583859715329
1319,2464_LeafPhotoB_2025-09-08 11_41_40.408-05_00_3.png,2.75,2.093983628293091
1324,6043_LeafPhotoA_2025-09-09 16_04_16.208-05_00_0.png,2.0,1.8083640284294287
1325,6043_LeafPhotoA_2025-09-09 16_04_16.208-05_00_1.png,2.0,1.9799103509686893
1326,6043_LeafPhotoA_2025-09-09 16_04_16.208-05_00_2.png,2.0,1.8881949691739501
1327,6043_LeafPhotoA_2025-09-09 16_04_16.208-05_00_3.png,2.0,1.9725000958498191
1328,1534_LeafPhotoA_2025-09-09 09_32_36.020-05_00_2.png,2.75,2.029253245985395
1329,1534_LeafPhotoA_2025-09-09 09_32_36.020-05_00_3.png,2.75,1.8928439258499605
1330,1534_LeafPhotoA_2025-09-09 09_32_36.020-05_00_1.png,2.75,2.0956617817972805
1331,1534_LeafPhotoA_2025-09-09 09_32_36.020-05_00_0.png,2.75,1.8849038394988065
1336,,1.0,1.6946560175473444
1337,2453_LeafPhotoB_2025-09-08 11_30_51.747-05_00_3.png,1.75,1.9304961562673262
1338,2453_LeafPhotoB_2025-09-08 11_30_51.747-05_00_2.png,1.75,1.8504185236632984
1339,2453_LeafPhotoB_2025-09-08 11_30_51.747-05_00_1.png,1.75,1.8148570347633208
1340,2453_LeafPhotoB_2025-09-08 11_30_51.747-05_00_0.png,1.75,1.900544002857358
1341,,2.25,1.6946560175473444
1348,1539_LeafPhotoA_2025-09-09 09_37_58.578-05_00_0.png,2.0,1.806116115775994
1349,1539_LeafPhotoA_2025-09-09 09_37_58.578-05_00_1.png,2.0,2.066214015258906
1350,1539_LeafPhotoA_2025-09-09 09_37_58.578-05_00_2.png,2.0,1.9763392196388287
1351,1539_LeafPhotoA_2025-09-09 09_37_58.578-05_00_3.png,2.0,1.8738408680538365
1375,,2.75,1.6946560175473444
1404,2505_LeafPhotoA_2025-09-09 10_00_57.054-05_00_2.png,1.25,2.1439247382224127
1405,2505_LeafPhotoA_2025-09-09 10_00_57.054-05_00_3.png,1.25,2.004398507218724
1406,2505_LeafPhotoA_2025-09-09 10_00_57.054-05_00_0.png,1.25,1.883744349674447
1407,2505_LeafPhotoA_2025-09-09 10_00_57.054-05_00_1.png,1.25,1.9779922519860602
1408,1479_LeafPhotoB_2025-09-08 16_43_58.192-05_00_2.png,2.25,1.9545323016122143
1409,1479_LeafPhotoB_2025-09-08 16_43_58.192-05_00_0.png,2.25,1.8783876938160626
1410,1479_LeafPhotoB_2025-09-08 16_43_58.192-05_00_3.png,2.25,1.9815592320009388
1411,1479_LeafPhotoB_2025-09-08 16_43_58.192-05_00_1.png,2.25,1.9000742765018177
1420,5016_LeafPhotoA_2025-09-09 16_24_50.932-05_00_1.png,1.0,1.9638374019408624
1421,5016_LeafPhotoA_2025-09-09 16_24_50.932-05_00_2.png,1.0,1.765180434632445
1422,5016_LeafPhotoA_2025-09-09 16_24_50.932-05_00_3.png,1.0,1.939077023011656
1423,5016_LeafPhotoA_2025-09-09 16_24_50.932-05_00_0.png,1.0,1.937329448073052
1431,,1.25,1.6946560175473444
1436,1385_LeafPhotoA_2025-09-08 13_04_24.143-05_00_0.png,2.0,2.090767226472732
1437,1385_LeafPhotoA_2025-09-08 13_04_24.143-05_00_2.png,2.0,1.927250390838844
1438,1385_LeafPhotoA_2025-09-08 13_04_24.143-05_00_1.png,2.0,2.002090208569167
1450,,1.25,1.6946560175473444
1465,1391_LeafPhotoA_2025-09-08 13_11_35.950-05_00_1.png,4.5,2.0721173112555658
1466,1391_LeafPhotoA_2025-09-08 13_11_35.950-05_00_0.png,4.5,2.1755920230400063
1467,1391_LeafPhotoA_2025-09-08 13_11_35.950-05_00_3.png,4.5,2.183059568714039
1468,1391_LeafPhotoA_2025-09-08 13_11_35.950-05_00_2.png,4.5,2.0285581549513467
1497,,2.0,1.6946560175473444
1502,2145_LeafPhotoA_2025-09-08 12_12_59.236-05_00_0.png,2.0,2.104286968105858
1503,2145_LeafPhotoA_2025-09-08 12_12_59.236-05_00_2.png,2.0,2.1157464280075615
1504,2145_LeafPhotoA_2025-09-08 12_12_59.236-05_00_1.png,2.0,2.0773987992142016
1505,2145_LeafPhotoA_2025-09-08 12_12_59.236-05_00_3.png,2.0,1.9572429736492105
1528,1941_LeafPhotoA_2025-09-09 15_40_00.245-05_00_0.png,2.0,1.963188129080725
1529,1941_LeafPhotoA_2025-09-09 15_40_00.245-05_00_1.png,2.0,2.0291231556447165
1530,1941_LeafPhotoA_2025-09-09 15_40_00.245-05_00_2.png,2.0,2.0964446878769265
1535,1118_LeafPhotoA_2025-09-08 10_02_17.783-05_00_1.png,1.75,1.8470937508330658
1536,1118_LeafPhotoA_2025-09-08 10_02_17.783-05_00_2.png,1.75,1.8237072641357188
1537,1118_LeafPhotoA_2025-09-08 10_02_17.783-05_00_3.png,1.75,1.652092399589035
1538,1118_LeafPhotoA_2025-09-08 10_02_17.783-05_00_0.png,1.75,2.058338583832695
1539,2030_LeafPhotoA_2025-09-08 11_08_05.704-05_00_0.png,1.75,1.7365658845905536
1540,2030_LeafPhotoA_2025-09-08 11_08_05.704-05_00_1.png,1.75,1.8727532055121328
1541,2030_LeafPhotoA_2025-09-08 11_08_05.704-05_00_3.png,1.75,1.7776171282197555
1542,2030_LeafPhotoA_2025-09-08 11_08_05.704-05_00_2.png,1.75,1.8889518991997107
1555,,1.5,1.6946560175473444
1561,1405_LeafPhotoB_2025-09-08 09_59_46.991-05_00_2.png,1.0,1.8900644551043644
1562,1405_LeafPhotoB_2025-09-08 09_59_46.991-05_00_0.png,1.0,1.8557604705826933
1563,1405_LeafPhotoB_2025-09-08 09_59_46.991-05_00_1.png,1.0,1.8258098542270829
1564,1405_LeafPhotoB_2025-09-08 09_59_46.991-05_00_3.png,1.0,1.809090127883056
1573,1603_LeafPhotoA_2025-09-09 08_56_04.202-05_00_1.png,2.75,1.925648488054664
1574,1603_LeafPhotoA_2025-09-09 08_56_04.202-05_00_3.png,2.75,2.061072653374317
1575,1603_LeafPhotoA_2025-09-09 08_56_04.202-05_00_0.png,2.75,1.8766192267024926
1576,1603_LeafPhotoA_2025-09-09 08_56_04.202-05_00_2.png,2.75,2.1868737525549045
1611,2186_LeafPhotoA_2025-09-09 12_31_18.903-05_00_1.png,2.75,2.1165710380091185
1612,2186_LeafPhotoA_2025-09-09 12_31_18.903-05_00_0.png,2.75,2.0052063817393364
1613,2186_LeafPhotoA_2025-09-09 12_31_18.903-05_00_2.png,2.75,2.0603137858980554
1614,2186_LeafPhotoA_2025-09-09 12_31_18.903-05_00_3.png,2.75,2.1364160756254424
1643,1385_LeafPhotoA_2025-09-08 13_05_07.306-05_00_1.png,2.75,1.735885199881655
1644,1385_LeafPhotoA_2025-09-08 13_05_07.306-05_00_2.png,2.75,1.8183739401611267
1645,1385_LeafPhotoA_2025-09-08 13_05_07.306-05_00_0.png,2.75,1.7672643586391885
1646,1385_LeafPhotoA_2025-09-08 13_05_07.306-05_00_3.png,2.75,1.7222655283635362
1680,1534_LeafPhotoA_2025-09-09 09_32_49.938-05_00_2.png,1.25,1.8209638456967352
1681,1534_LeafPhotoA_2025-09-09 09_32_49.938-05_00_0.png,1.25,1.8036491885334522
1682,1534_LeafPhotoA_2025-09-09 09_32_49.938-05_00_3.png,1.25,1.9080212285336253
1683,1534_LeafPhotoA_2025-09-09 09_32_49.938-05_00_1.png,1.25,1.9830789320409337
1710,1210_LeafPhotoA_2025-09-08 09_38_24.164-05_00_1.png,1.25,1.8148319957946162
1711,1210_LeafPhotoA_2025-09-08 09_38_24.164-05_00_3.png,1.25,1.7738042973766515
1712,1210_LeafPhotoA_2025-09-08 09_38_24.164-05_00_2.png,1.25,1.8332361838018985
1713,1210_LeafPhotoA_2025-09-08 09_38_24.164-05_00_0.png,1.25,1.8674792471259067
1743,2118_LeafPhotoA_2025-09-08 11_24_23.851-05_00_3.png,3.0,1.8146372545395124
1744,2118_LeafPhotoA_2025-09-08 11_24_23.851-05_00_1.png,3.0,1.764440099670977
1745,2118_LeafPhotoA_2025-09-08 11_24_23.851-05_00_2.png,3.0,1.900018457533877
1746,2118_LeafPhotoA_2025-09-08 11_24_23.851-05_00_0.png,3.0,1.6964964276027563
1773,1351_LeafPhotoA_2025-09-08 12_28_03.896-05_00_0.png,2.0,2.070802562707278
1774,1351_LeafPhotoA_2025-09-08 12_28_03.896-05_00_2.png,2.0,2.0776582139910316
1775,1351_LeafPhotoA_2025-09-08 12_28_03.896-05_00_1.png,2.0,1.862769265066128
1788,2796_LeafPhotoA_2025-09-09 11_09_54.572-05_00_0.png,1.5,2.1874183557898603
1789,2796_LeafPhotoA_2025-09-09 11_09_54.572-05_00_1.png,1.5,2.19572116599619
1790,2796_LeafPhotoA_2025-09-09 11_09_54.572-05_00_2.png,1.5,2.1027702854125834
1791,2796_LeafPhotoA_2025-09-09 11_09_54.572-05_00_3.png,1.5,2.3051497320471186
1824,1809_LeafPhotoA_2025-09-09 09_04_05.610-05_00_0.png,2.25,1.8113184944027514
1825,1809_LeafPhotoA_2025-09-09 09_04_05.610-05_00_2.png,2.25,1.9094935890589637
1826,1809_LeafPhotoA_2025-09-09 09_04_05.610-05_00_1.png,2.25,1.8765826283266427
1827,1809_LeafPhotoA_2025-09-09 09_04_05.610-05_00_3.png,2.25,1.8657160598648954
1828,1897_LeafPhotoA_2025-09-09 17_20_57.001-05_00_0.png,1.5,1.8345705926058686
1829,1897_LeafPhotoA_2025-09-09 17_20_57.001-05_00_2.png,1.5,1.8988368260673796
1830,1897_LeafPhotoA_2025-09-09 17_20_57.001-05_00_1.png,1.5,1.956170682285762
1839,1480_LeafPhotoB_2025-09-08 16_45_21.155-05_00_0.png,1.5,1.8713011087934888
1840,1480_LeafPhotoB_2025-09-08 16_45_21.155-05_00_2.png,1.5,1.8653730649027183
1841,1480_LeafPhotoB_2025-09-08 16_45_21.155-05_00_1.png,1.5,1.9600251686227628
1842,1480_LeafPhotoB_2025-09-08 16_45_21.155-05_00_3.png,1.5,2.092552777642463
1847,1921_LeafPhotoA_2025-09-09 15_12_57.015-05_00_3.png,2.5,1.8156811170642733
1848,1921_LeafPhotoA_2025-09-09 15_12_57.015-05_00_0.png,2.5,1.8659389626863514
1849,1921_LeafPhotoA_2025-09-09 15_12_57.015-05_00_1.png,2.5,1.8469703966129176
1850,1921_LeafPhotoA_2025-09-09 15_12_57.015-05_00_2.png,2.5,1.7244951510209359
1851,2274_LeafPhotoA_2025-09-08 17_09_38.644-05_00_2.png,2.0,1.9342917725629871
1852,2274_LeafPhotoA_2025-09-08 17_09_38.644-05_00_1.png,2.0,1.719632375788771
1853,2274_LeafPhotoA_2025-09-08 17_09_38.644-05_00_3.png,2.0,1.9457658994302156
1854,2274_LeafPhotoA_2025-09-08 17_09_38.644-05_00_0.png,2.0,2.061208087986145
1859,,3.5,1.6946560175473444
1879,1427_LeafPhotoA_2025-09-08 09_50_09.893-05_00_1.png,2.5,1.8810725877660155
1880,1427_LeafPhotoA_2025-09-08 09_50_09.893-05_00_2.png,2.5,1.896122681026885
1881,1427_LeafPhotoA_2025-09-08 09_50_09.893-05_00_0.png,2.5,2.064469484260204
1882,1427_LeafPhotoA_2025-09-08 09_50_09.893-05_00_3.png,2.5,1.8859453544431901
1887,6043_LeafPhotoA_2025-09-09 16_04_58.355-05_00_0.png,1.75,1.7650323862463109
1888,6043_LeafPhotoA_2025-09-09 16_04_58.355-05_00_1.png,1.75,1.7660786433598314
1889,6043_LeafPhotoA_2025-09-09 16_04_58.355-05_00_2.png,1.75,1.8778103023580817
1890,6043_LeafPhotoA_2025-09-09 16_04_58.355-05_00_3.png,1.75,1.7998022697828608
1910,2489_LeafPhotoB_2025-09-08 12_04_49.131-05_00_0.png,2.5,1.977769124609804
1911,2489_LeafPhotoB_2025-09-08 12_04_49.131-05_00_1.png,2.5,2.025925485238068
1912,2489_LeafPhotoB_2025-09-08 12_04_49.131-05_00_2.png,2.5,1.8008938742850078
1913,2489_LeafPhotoB_2025-09-08 12_04_49.131-05_00_3.png,2.5,1.8559134034945628
1920,1792_LeafPhotoA_2025-09-09 09_08_36.909-05_00_0.png,1.75,2.084025757352382
1921,1792_LeafPhotoA_2025-09-09 09_08_36.909-05_00_1.png,1.75,2.303690414297928
1922,1792_LeafPhotoA_2025-09-09 09_08_36.909-05_00_2.png,1.75,2.099225315355604
1923,1792_LeafPhotoA_2025-09-09 09_08_36.909-05_00_3.png,1.75,1.8086695061809643
1932,1037_LeafPhotoA_2025-09-08 10_14_34.857-05_00_3.png,2.25,1.7387232427982244
1933,1037_LeafPhotoA_2025-09-08 10_14_34.857-05_00_2.png,2.25,1.749522887510613
1934,1037_LeafPhotoA_2025-09-08 10_14_34.857-05_00_1.png,2.25,1.8835083034762783
1935,1037_LeafPhotoA_2025-09-08 10_14_34.857-05_00_0.png,2.25,1.8244362043091593
1960,1576_LeafPhotoA_2025-09-09 09_52_24.983-05_00_0.png,1.25,1.9073288469289473
1961,1576_LeafPhotoA_2025-09-09 09_52_24.983-05_00_1.png,1.25,1.8003461270975543
1962,1576_LeafPhotoA_2025-09-09 09_52_24.983-05_00_2.png,1.25,1.8616857412117778
1963,1576_LeafPhotoA_2025-09-09 09_52_24.983-05_00_3.png,1.25,1.5695263656528033
1964,1747_LeafPhotoA_2025-09-09 10_05_14.099-05_00_1.png,3.5,1.846200162868444
1965,1747_LeafPhotoA_2025-09-09 10_05_14.099-05_00_2.png,3.5,1.879806192708113
1966,1747_LeafPhotoA_2025-09-09 10_05_14.099-05_00_3.png,3.5,1.9318627386894354
1967,1747_LeafPhotoA_2025-09-09 10_05_14.099-05_00_0.png,3.5,1.8754098854093553
1968,,3.25,1.6946560175473444
1977,2394_LeafPhotoA_2025-09-08 12_19_19.139-05_00_2.png,2.75,2.0662772688670743
1978,2394_LeafPhotoA_2025-09-08 12_19_19.139-05_00_0.png,2.75,1.8865358725583323
1979,2394_LeafPhotoA_2025-09-08 12_19_19.139-05_00_3.png,2.75,1.9643278688304056
1980,2394_LeafPhotoA_2025-09-08 12_19_19.139-05_00_1.png,2.75,2.121332752208392
1981,2277_LeafPhotoA_2025-09-08 17_02_56.416-05_00_0.png,2.25,1.9047615987424078
1982,2277_LeafPhotoA_2025-09-08 17_02_56.416-05_00_1.png,2.25,2.0518647466654447
1983,2277_LeafPhotoA_2025-09-08 17_02_56.416-05_00_2.png,2.25,1.9425504133500322
2019,1405_LeafPhotoA_2025-09-08 09_26_00.409-05_00_1.png,1.25,1.7096415274517918
2020,1405_LeafPhotoA_2025-09-08 09_26_00.409-05_00_3.png,1.25,1.7438074123575398
2021,1405_LeafPhotoA_2025-09-08 09_26_00.409-05_00_0.png,1.25,1.762836052645432
2022,1405_LeafPhotoA_2025-09-08 09_26_00.409-05_00_2.png,1.25,1.6817305001432945
2055,2590_LeafPhotoA_2025-09-09 10_31_27.084-05_00_3.png,1.5,1.8324250269397562
2056,2590_LeafPhotoA_2025-09-09 10_31_27.084-05_00_2.png,1.5,1.8056164906161525
2057,2590_LeafPhotoA_2025-09-09 10_31_27.084-05_00_0.png,1.5,1.7288731984134844
2058,2590_LeafPhotoA_2025-09-09 10_31_27.084-05_00_1.png,1.5,1.8469828846293987
2075,1171_LeafPhotoA_2025-09-08 16_30_33.870-05_00_1.png,2.0,2.006746625254581
2076,1171_LeafPhotoA_2025-09-08 16_30_33.870-05_00_3.png,2.0,1.7923947065858234
2077,1171_LeafPhotoA_2025-09-08 16_30_33.870-05_00_0.png,2.0,1.9318684302198619
2078,1171_LeafPhotoA_2025-09-08 16_30_33.870-05_00_2.png,2.0,1.8578475849069775
2087,6018_LeafPhotoA_2025-09-09 16_46_19.898-05_00_0.png,1.25,1.5962144935267144
2088,6018_LeafPhotoA_2025-09-09 16_46_19.898-05_00_3.png,1.25,1.675660390413679
2089,6018_LeafPhotoA_2025-09-09 16_46_19.898-05_00_2.png,1.25,1.8654907210441989
2090,6018_LeafPhotoA_2025-09-09 16_46_19.898-05_00_1.png,1.25,1.8095327689247247
2091,2935_LeafPhotoA_2025-09-09 16_33_34.724-05_00_1.png,1.5,1.9722619603344504
2092,2935_LeafPhotoA_2025-09-09 16_33_34.724-05_00_2.png,1.5,2.057938307196651
2093,2935_LeafPhotoA_2025-09-09 16_33_34.724-05_00_0.png,1.5,1.8125811868751496
2094,2935_LeafPhotoA_2025-09-09 16_33_34.724-05_00_3.png,1.5,1.9434159192268132
2103,1240_LeafPhotoA_2025-09-08 10_28_24.122-05_00_2.png,1.5,1.642611657152512
2104,1240_LeafPhotoA_2025-09-08 10_28_24.122-05_00_0.png,1.5,1.6618515759312433
2105,1240_LeafPhotoA_2025-09-08 10_28_24.122-05_00_1.png,1.5,1.7404036650033246
2106,1240_LeafPhotoA_2025-09-08 10_28_24.122-05_00_3.png,1.5,1.7138306276962285
2129,2091_LeafPhotoA_2025-09-08 12_28_15.428-05_00_0.png,2.75,1.6790494175009827
2130,2091_LeafPhotoA_2025-09-08 12_28_15.428-05_00_1.png,2.75,1.8059119540939144
2131,2091_LeafPhotoA_2025-09-08 12_28_15.428-05_00_2.png,2.75,1.7084668860792822
2132,2091_LeafPhotoA_2025-09-08 12_28_15.428-05_00_3.png,2.75,1.796165978205016
2149,1324_LeafPhotoA_2025-09-08 09_47_08.944-05_00_3.png,2.0,2.0180991386682416
2150,1324_LeafPhotoA_2025-09-08 09_47_08.944-05_00_1.png,2.0,1.9072021486291286
2151,1324_LeafPhotoA_2025-09-08 09_47_08.944-05_00_2.png,2.0,1.9015975898067237
2152,1324_LeafPhotoA_2025-09-08 09_47_08.944-05_00_0.png,2.0,1.9159046186562514
2177,1098_LeafPhotoA_2025-09-09 11_09_21.218-05_00_0.png,1.25,1.91782235500648
2178,1098_LeafPhotoA_2025-09-09 11_09_21.218-05_00_2.png,1.25,1.993540907925169
2179,1098_LeafPhotoA_2025-09-09 11_09_21.218-05_00_1.png,1.25,1.901482127626307
2180,1098_LeafPhotoA_2025-09-09 11_09_21.218-05_00_3.png,1.25,2.009120514547373
2184,2097_LeafPhotoA_2025-09-08 12_33_49.300-05_00_1.png,1.5,1.9314720234964762
2185,2097_LeafPhotoA_2025-09-08 12_33_49.300-05_00_2.png,1.5,1.7368352099074809
2186,2097_LeafPhotoA_2025-09-08 12_33_49.300-05_00_3.png,1.5,1.71035401325621
2187,2097_LeafPhotoA_2025-09-08 12_33_49.300-05_00_0.png,1.5,1.7925365314161041
2214,1876_LeafPhotoA_2025-09-09 17_04_03.852-05_00_1.png,2.25,2.1902305657878416
2215,1876_LeafPhotoA_2025-09-09 17_04_03.852-05_00_3.png,2.25,1.9180528063455922
2216,1876_LeafPhotoA_2025-09-09 17_04_03.852-05_00_2.png,2.25,1.9688967450771957
2217,1876_LeafPhotoA_2025-09-09 17_04_03.852-05_00_0.png,2.25,1.946864731205058
2231,1405_LeafPhotoB_2025-09-08 10_00_01.542-05_00_0.png,1.5,1.7759862388401715
2232,1405_LeafPhotoB_2025-09-08 10_00_01.542-05_00_1.png,1.5,1.84437674494811
2233,1405_LeafPhotoB_2025-09-08 10_00_01.542-05_00_2.png,1.5,1.8599850735739247
2234,1405_LeafPhotoB_2025-09-08 10_00_01.542-05_00_3.png,1.5,1.662786354689557
2263,1562_LeafPhotoA_2025-09-09 10_11_10.077-05_00_0.png,1.0,2.025834759372251
2264,1562_LeafPhotoA_2025-09-09 10_11_10.077-05_00_1.png,1.0,2.1851938831064333
2265,1562_LeafPhotoA_2025-09-09 10_11_10.077-05_00_2.png,1.0,2.071862421914654
2266,1562_LeafPhotoA_2025-09-09 10_11_10.077-05_00_3.png,1.0,1.9360453076644197
2268,5028_LeafPhotoA_2025-09-09 16_52_02.474-05_00_0.png,2.25,1.65448277932642
2269,5028_LeafPhotoA_2025-09-09 16_52_02.474-05_00_1.png,2.25,1.8971692071661375
2270,5028_LeafPhotoA_2025-09-09 16_52_02.474-05_00_2.png,2.25,1.668562955189321
2271,5028_LeafPhotoA_2025-09-09 16_52_02.474-05_00_3.png,2.25,1.8006623421714487
2272,1659_LeafPhotoA_2025-09-09 10_11_01.636-05_00_0.png,1.5,1.5924882299100318
2273,1659_LeafPhotoA_2025-09-09 10_11_01.636-05_00_1.png,1.5,1.591534860192428
2274,1659_LeafPhotoA_2025-09-09 10_11_01.636-05_00_2.png,1.5,1.5982237443029212
2279,1479_LeafPhotoB_2025-09-08 16_43_30.857-05_00_1.png,1.75,1.9832867798199283
2280,1479_LeafPhotoB_2025-09-08 16_43_30.857-05_00_0.png,1.75,1.9383231660115157
2281,1479_LeafPhotoB_2025-09-08 16_43_30.857-05_00_2.png,1.75,1.9651044609397021
2282,1479_LeafPhotoB_2025-09-08 16_43_30.857-05_00_3.png,1.75,1.927439931142452
2290,2090_LeafPhotoA_2025-09-08 12_27_18.336-05_00_2.png,1.0,2.0485187027951515
2291,2090_LeafPhotoA_2025-09-08 12_27_18.336-05_00_1.png,1.0,1.8589269641338624
2292,2090_LeafPhotoA_2025-09-08 12_27_18.336-05_00_3.png,1.0,1.908396075277546
2293,2090_LeafPhotoA_2025-09-08 12_27_18.336-05_00_0.png,1.0,1.9073945226385234
2314,2449_LeafPhotoB_2025-09-08 11_23_39.370-05_00_0.png,2.0,1.9007841602618212
2315,2449_LeafPhotoB_2025-09-08 11_23_39.370-05_00_1.png,2.0,1.871065274869529
2316,2449_LeafPhotoB_2025-09-08 11_23_39.370-05_00_2.png,2.0,1.8755730156885704
2317,2449_LeafPhotoB_2025-09-08 11_23_39.370-05_00_3.png,2.0,1.8701178073724456
2318,1187_LeafPhotoA_2025-09-08 16_03_30.325-05_00_2.png,2.0,1.8510071375401762
2319,1187_LeafPhotoA_2025-09-08 16_03_30.325-05_00_0.png,2.0,1.841459437825249
2320,1187_LeafPhotoA_2025-09-08 16_03_30.325-05_00_1.png,2.0,1.8684608651045371
2321,1187_LeafPhotoA_2025-09-08 16_03_30.325-05_00_3.png,2.0,1.850940947495272
2326,1600_LeafPhotoA_2025-09-09 10_22_37.520-05_00_0.png,2.0,1.945485686274726
2327,1600_LeafPhotoA_2025-09-09 10_22_37.520-05_00_1.png,2.0,1.8358247057514416
2328,1600_LeafPhotoA_2025-09-09 10_22_37.520-05_00_2.png,2.0,1.638885224855606
2340,2078_LeafPhotoA_2025-09-08 12_14_10.635-05_00_2.png,2.75,1.7998508138023184
2341,2078_LeafPhotoA_2025-09-08 12_14_10.635-05_00_0.png,2.75,1.7021834555569566
2342,2078_LeafPhotoA_2025-09-08 12_14_10.635-05_00_3.png,2.75,1.91746813733813
2343,2078_LeafPhotoA_2025-09-08 12_14_10.635-05_00_1.png,2.75,1.7229495802225703
2356,2952_LeafPhotoA_2025-09-09 15_55_46.839-05_00_0.png,2.5,1.8615688560484873
2357,2952_LeafPhotoA_2025-09-09 15_55_46.839-05_00_1.png,2.5,1.880850426386191
2366,2541_LeafPhotoA_2025-09-09 10_40_27.804-05_00_0.png,1.75,1.7793533784622442
2367,2541_LeafPhotoA_2025-09-09 10_40_27.804-05_00_1.png,1.75,1.7794023339209695
2368,2541_LeafPhotoA_2025-09-09 10_40_27.804-05_00_2.png,1.75,1.9588862276676686
2369,2541_LeafPhotoA_2025-09-09 10_40_27.804-05_00_3.png,1.75,2.0315878810047114
2409,1188_LeafPhotoA_2025-09-08 16_01_44.544-05_00_1.png,2.25,2.1733230122681433
2410,1188_LeafPhotoA_2025-09-08 16_01_44.544-05_00_2.png,2.25,2.0410178713870297
2411,1188_LeafPhotoA_2025-09-08 16_01_44.544-05_00_0.png,2.25,1.987649737792575
2442,2114_LeafPhotoA_2025-09-08 11_14_43.534-05_00_2.png,1.75,2.0638291828073774
2443,2114_LeafPhotoA_2025-09-08 11_14_43.534-05_00_0.png,1.75,2.052289718928032
2444,2114_LeafPhotoA_2025-09-08 11_14_43.534-05_00_3.png,1.75,1.8397820377627745
2445,2114_LeafPhotoA_2025-09-08 11_14_43.534-05_00_1.png,1.75,1.995012004299288
2450,2578_LeafPhotoA_2025-09-09 10_42_22.010-05_00_0.png,1.75,1.814546652673228
2451,2578_LeafPhotoA_2025-09-09 10_42_22.010-05_00_2.png,1.75,1.6277542979976483
2452,2578_LeafPhotoA_2025-09-09 10_42_22.010-05_00_1.png,1.75,1.77375630279083
2453,2578_LeafPhotoA_2025-09-09 10_42_22.010-05_00_3.png,1.75,1.6541479126389402
2471,2649_LeafPhotoA_2025-09-09 11_26_00.362-05_00_1.png,2.25,1.8430670680959462
2472,2649_LeafPhotoA_2025-09-09 11_26_00.362-05_00_3.png,2.25,1.8038636856980643
2473,2649_LeafPhotoA_2025-09-09 11_26_00.362-05_00_2.png,2.25,1.8704305396575507
2474,2649_LeafPhotoA_2025-09-09 11_26_00.362-05_00_0.png,2.25,1.753556825934906
2479,1434_LeafPhotoB_2025-09-08 10_25_56.347-05_00_0.png,1.75,1.8715919714825704
2480,1434_LeafPhotoB_2025-09-08 10_25_56.347-05_00_2.png,1.75,2.103053669110763
2481,1434_LeafPhotoB_2025-09-08 10_25_56.347-05_00_3.png,1.75,2.0414370819252654
2482,1434_LeafPhotoB_2025-09-08 10_25_56.347-05_00_1.png,1.75,2.034194126009117
2486,2458_LeafPhotoB_2025-09-08 11_35_26.865-05_00_2.png,1.25,2.0847842376142744
2487,2458_LeafPhotoB_2025-09-08 11_35_26.865-05_00_1.png,1.25,1.9049894632626052
2488,2458_LeafPhotoB_2025-09-08 11_35_26.865-05_00_0.png,1.25,2.0897794219118833
2489,2458_LeafPhotoB_2025-09-08 11_35_26.865-05_00_3.png,1.25,1.9573474470704164
2502,5011_LeafPhotoA_2025-09-09 16_15_48.428-05_00_2.png,1.75,1.7864680689698584
2503,5011_LeafPhotoA_2025-09-09 16_15_48.428-05_00_3.png,1.75,1.8591827883655838
2504,5011_LeafPhotoA_2025-09-09 16_15_48.428-05_00_1.png,1.75,1.6414622665937
2505,5011_LeafPhotoA_2025-09-09 16_15_48.428-05_00_0.png,1.75,1.6998417870869142
2509,1916_LeafPhotoA_2025-09-09 14_55_34.742-05_00_2.png,2.25,1.7626376304482185
2510,1916_LeafPhotoA_2025-09-09 14_55_34.742-05_00_0.png,2.25,1.6760246085117043
2511,1916_LeafPhotoA_2025-09-09 14_55_34.742-05_00_1.png,2.25,1.9274852781672864
2512,1916_LeafPhotoA_2025-09-09 14_55_34.742-05_00_3.png,2.25,1.6773200717934782
2523,2991_LeafPhotoA_2025-09-09 16_44_34.559-05_00_1.png,2.25,2.000131043972688
2524,2991_LeafPhotoA_2025-09-09 16_44_34.559-05_00_3.png,2.25,1.8989956224613145
2525,2991_LeafPhotoA_2025-09-09 16_44_34.559-05_00_2.png,2.25,1.9416964122801017
2526,2991_LeafPhotoA_2025-09-09 16_44_34.559-05_00_0.png,2.25,1.921712551004637
2527,2844_LeafPhotoA_2025-09-09 11_13_34.394-05_00_0.png,2.5,1.771753213069826
2531,2722_LeafPhotoA_2025-09-09 10_43_28.841-05_00_0.png,3.5,2.2656739099098564
2532,2722_LeafPhotoA_2025-09-09 10_43_28.841-05_00_2.png,3.5,2.1089954790087595
2533,2722_LeafPhotoA_2025-09-09 10_43_28.841-05_00_1.png,3.5,2.070827573669556
2538,2453_LeafPhotoB_2025-09-08 11_31_31.055-05_00_2.png,1.5,1.850453916631561
2539,2453_LeafPhotoB_2025-09-08 11_31_31.055-05_00_3.png,1.5,1.7159549966529215
2540,2453_LeafPhotoB_2025-09-08 11_31_31.055-05_00_1.png,1.5,1.817469472601485
2541,2453_LeafPhotoB_2025-09-08 11_31_31.055-05_00_0.png,1.5,1.9989393585632076
2555,1425_LeafPhotoA_2025-09-08 09_47_28.860-05_00_0.png,1.5,1.8623766839385447
2556,1425_LeafPhotoA_2025-09-08 09_47_28.860-05_00_3.png,1.5,1.8850103959105262
2557,1425_LeafPhotoA_2025-09-08 09_47_28.860-05_00_2.png,1.5,1.9921674665150413
2558,1425_LeafPhotoA_2025-09-08 09_47_28.860-05_00_1.png,1.5,2.0955412808027463
2571,,2.5,1.6946560175473444
2583,,1.25,1.6946560175473444
2588,2107_LeafPhotoA_2025-09-08 11_02_37.715-05_00_3.png,1.25,1.8080380197704224
2589,2107_LeafPhotoA_2025-09-08 11_02_37.715-05_00_1.png,1.25,1.7888726239280381
2590,2107_LeafPhotoA_2025-09-08 11_02_37.715-05_00_2.png,1.25,1.61061773408104
2591,2107_LeafPhotoA_2025-09-08 11_02_37.715-05_00_0.png,1.25,1.9063594927939818
2670,2648_LeafPhotoA_2025-09-09 11_27_06.528-05_00_0.png,1.25,1.6073746435493361
2671,2648_LeafPhotoA_2025-09-09 11_27_06.528-05_00_1.png,1.25,1.6133704634906518
2672,2648_LeafPhotoA_2025-09-09 11_27_06.528-05_00_3.png,1.25,1.6327763302806477
2673,2648_LeafPhotoA_2025-09-09 11_27_06.528-05_00_2.png,1.25,1.7374972607291426
2691,1500_LeafPhotoB_2025-09-08 12_25_38.479-05_00_2.png,1.75,2.027048570245866
2692,1500_LeafPhotoB_2025-09-08 12_25_38.479-05_00_1.png,1.75,2.0940895409307756
2693,1500_LeafPhotoB_2025-09-08 12_25_38.479-05_00_3.png,1.75,2.0308916877044423
2694,1500_LeafPhotoB_2025-09-08 12_25_38.479-05_00_0.png,1.75,2.028225533459593
2723,1893_LeafPhotoA_2025-09-09 12_59_38.775-05_00_1.png,2.0,1.7257499857544871
2724,1893_LeafPhotoA_2025-09-09 12_59_38.775-05_00_2.png,2.0,1.878661000649837
2725,1893_LeafPhotoA_2025-09-09 12_59_38.775-05_00_3.png,2.0,1.702233059565189
2726,1893_LeafPhotoA_2025-09-09 12_59_38.775-05_00_0.png,2.0,2.008592163547344
2737,2893_LeafPhotoA_2025-09-09 13_59_49.093-05_00_2.png,2.25,1.9429151736528871
2738,2893_LeafPhotoA_2025-09-09 13_59_49.093-05_00_0.png,2.25,1.9471191075073984
2739,2893_LeafPhotoA_2025-09-09 13_59_49.093-05_00_1.png,2.25,1.8109315359093205
2740,2893_LeafPhotoA_2025-09-09 13_59_49.093-05_00_3.png,2.25,1.8072400271364442
2745,2711_LeafPhotoA_2025-09-09 10_28_23.854-05_00_2.png,2.5,2.225937837073163
2746,2711_LeafPhotoA_2025-09-09 10_28_23.854-05_00_3.png,2.5,1.9866012294526811
2747,2711_LeafPhotoA_2025-09-09 10_28_23.854-05_00_0.png,2.5,2.051769423565565
2748,2711_LeafPhotoA_2025-09-09 10_28_23.854-05_00_1.png,2.5,2.1181872258624246
2758,1287_LeafPhotoA_2025-09-08 16_00_42.513-05_00_0.png,3.0,1.874011871963124
2759,1287_LeafPhotoA_2025-09-08 16_00_42.513-05_00_1.png,3.0,1.8205552673067076
2760,1287_LeafPhotoA_2025-09-08 16_00_42.513-05_00_2.png,3.0,2.022851824439215
2765,1427_LeafPhotoB_2025-09-08 10_20_17.635-05_00_0.png,2.25,2.020566011114143
2766,1427_LeafPhotoB_2025-09-08 10_20_17.635-05_00_1.png,2.25,2.1429180907497143
2767,1427_LeafPhotoB_2025-09-08 10_20_17.635-05_00_3.png,2.25,1.8657340621785732
2768,1427_LeafPhotoB_2025-09-08 10_20_17.635-05_00_2.png,2.25,1.9784901296378388
2770,6044_LeafPhotoA_2025-09-09 16_03_00.837-05_00_0.png,1.5,1.669631021466064
2771,6044_LeafPhotoA_2025-09-09 16_03_00.837-05_00_2.png,1.5,1.7913698405594447
2772,6044_LeafPhotoA_2025-09-09 16_03_00.837-05_00_3.png,1.5,1.6026609520282258
2773,6044_LeafPhotoA_2025-09-09 16_03_00.837-05_00_1.png,1.5,1.8374320618698041
2815,2090_LeafPhotoA_2025-09-08 12_27_42.323-05_00_3.png,1.25,1.9064613479727384
2816,2090_LeafPhotoA_2025-09-08 12_27_42.323-05_00_1.png,1.25,2.059608683382375
2817,2090_LeafPhotoA_2025-09-08 12_27_42.323-05_00_2.png,1.25,1.765618193698931
2818,2090_LeafPhotoA_2025-09-08 12_27_42.323-05_00_0.png,1.25,2.079862502992736
2841,,3.0,1.6946560175473444
2850,2210_LeafPhotoA_2025-09-08 11_00_04.684-05_00_0.png,1.25,1.8535760296696784
2851,2210_LeafPhotoA_2025-09-08 11_00_04.684-05_00_3.png,1.25,1.6855290723597967
2852,2210_LeafPhotoA_2025-09-08 11_00_04.684-05_00_2.png,1.25,1.7787323273279776
2853,2210_LeafPhotoA_2025-09-08 11_00_04.684-05_00_1.png,1.25,1.754355448187726
2904,1495_LeafPhotoB_2025-09-08 16_59_36.020-05_00_2.png,2.5,1.8640671640396926
2905,1495_LeafPhotoB_2025-09-08 16_59_36.020-05_00_1.png,2.5,1.926723394653587
2906,1495_LeafPhotoB_2025-09-08 16_59_36.020-05_00_3.png,2.5,1.803705903903781
2907,1495_LeafPhotoB_2025-09-08 16_59_36.020-05_00_0.png,2.5,1.9778554680366667
2912,5030_LeafPhotoA_2025-09-09 16_55_05.294-05_00_0.png,1.25,1.5994028299204985
2913,5030_LeafPhotoA_2025-09-09 16_55_05.294-05_00_1.png,1.25,1.81653484690807
2914,5030_LeafPhotoA_2025-09-09 16_55_05.294-05_00_2.png,1.25,1.7512419223967564
2915,5030_LeafPhotoA_2025-09-09 16_55_05.294-05_00_3.png,1.25,1.7673253887508806
2920,2524_LeafPhotoA_2025-09-09 10_21_34.620-05_00_3.png,1.5,2.064996254918164
2921,2524_LeafPhotoA_2025-09-09 10_21_34.620-05_00_0.png,1.5,1.9850194102356096
2922,2524_LeafPhotoA_2025-09-09 10_21_34.620-05_00_2.png,1.5,1.8965091964024225
2923,2524_LeafPhotoA_2025-09-09 10_21_34.620-05_00_1.png,1.5,1.9358359695564358
2928,1576_LeafPhotoA_2025-09-09 09_52_40.800-05_00_0.png,2.0,1.8499038615484522
2929,1576_LeafPhotoA_2025-09-09 09_52_40.800-05_00_1.png,2.0,1.8197236913561048
2934,2715_LeafPhotoA_2025-09-09 10_34_25.383-05_00_0.png,3.25,2.185710745894889
2935,2715_LeafPhotoA_2025-09-09 10_34_25.383-05_00_3.png,3.25,1.8496949196736288
2936,2715_LeafPhotoA_2025-09-09 10_34_25.383-05_00_2.png,3.25,1.9699569248239999
2937,2715_LeafPhotoA_2025-09-09 10_34_25.383-05_00_1.png,3.25,2.0229031894444716
2938,2386_LeafPhotoA_2025-09-08 11_57_13.953-05_00_0.png,1.5,1.8871387708586473
2939,2386_LeafPhotoA_2025-09-08 11_57_13.953-05_00_1.png,1.5,1.6276259441998835
2944,5036_LeafPhotoA_2025-09-09 17_09_44.541-05_00_0.png,1.5,1.6077588583009799
2945,5036_LeafPhotoA_2025-09-09 17_09_44.541-05_00_2.png,1.5,1.7760084731646406
2946,5036_LeafPhotoA_2025-09-09 17_09_44.541-05_00_1.png,1.5,1.9527656818666161
2947,5036_LeafPhotoA_2025-09-09 17_09_44.541-05_00_3.png,1.5,1.810074978621792
2956,2256_LeafPhotoA_2025-09-08 12_24_33.115-05_00_0.png,2.0,1.8185173228702505
2957,2256_LeafPhotoA_2025-09-08 12_24_33.115-05_00_1.png,2.0,1.999675003830395
2958,2256_LeafPhotoA_2025-09-08 12_24_33.115-05_00_3.png,2.0,1.8639939231133646
2959,2256_LeafPhotoA_2025-09-08 12_24_33.115-05_00_2.png,2.0,2.0270958879113725
2976,2386_LeafPhotoA_2025-09-08 11_56_54.323-05_00_0.png,1.25,1.8192969900528067
2977,2386_LeafPhotoA_2025-09-08 11_56_54.323-05_00_2.png,1.25,1.7815121316900666
2978,2386_LeafPhotoA_2025-09-08 11_56_54.323-05_00_3.png,1.25,1.8068109489651432
2979,2386_LeafPhotoA_2025-09-08 11_56_54.323-05_00_1.png,1.25,1.7755728710669063
2995,1943_LeafPhotoA_2025-09-09 16_00_56.560-05_00_3.png,1.5,1.7457747510433759
2996,1943_LeafPhotoA_2025-09-09 16_00_56.560-05_00_1.png,1.5,1.9190765161427412
2997,1943_LeafPhotoA_2025-09-09 16_00_56.560-05_00_0.png,1.5,1.8669254891806903
2998,1943_LeafPhotoA_2025-09-09 16_00_56.560-05_00_2.png,1.5,1.7602486240083228
2999,1360_LeafPhotoA_2025-09-08 12_40_13.454-05_00_0.png,2.0,1.9004956361510772
3000,1360_LeafPhotoA_2025-09-08 12_40_13.454-05_00_1.png,2.0,2.0431455913958345
3001,1360_LeafPhotoA_2025-09-08 12_40_13.454-05_00_2.png,2.0,1.9500693036954784
3002,1360_LeafPhotoA_2025-09-08 12_40_13.454-05_00_3.png,2.0,1.9486927275967323
3030,1180_LeafPhotoA_2025-09-08 16_15_29.779-05_00_0.png,2.0,1.8115254954757445
3031,1180_LeafPhotoA_2025-09-08 16_15_29.779-05_00_2.png,2.0,1.8747484798979923
3032,1180_LeafPhotoA_2025-09-08 16_15_29.779-05_00_3.png,2.0,1.8331636197326946
3033,1180_LeafPhotoA_2025-09-08 16_15_29.779-05_00_1.png,2.0,1.846306385412429
3048,2204_LeafPhotoA_2025-09-08 10_51_32.424-05_00_0.png,1.0,1.5925456568607705
3049,2204_LeafPhotoA_2025-09-08 10_51_32.424-05_00_1.png,1.0,1.5819673837688903
3050,2204_LeafPhotoA_2025-09-08 10_51_32.424-05_00_2.png,1.0,1.6129315218222064
3051,2204_LeafPhotoA_2025-09-08 10_51_32.424-05_00_3.png,1.0,1.7165549930832211
3052,2253_LeafPhotoA_2025-09-08 12_18_44.610-05_00_3.png,1.25,1.6019073186472323
3053,2253_LeafPhotoA_2025-09-08 12_18_44.610-05_00_1.png,1.25,1.721576521501322
3054,2253_LeafPhotoA_2025-09-08 12_18_44.610-05_00_2.png,1.25,1.8083644155552057
3055,2253_LeafPhotoA_2025-09-08 12_18_44.610-05_00_0.png,1.25,1.7661822613821938
3132,2197_LeafPhotoA_2025-09-08 17_08_13.372-05_00_0.png,1.5,1.9564059228404367
3145,2097_LeafPhotoA_2025-09-08 12_34_03.075-05_00_3.png,2.0,1.860103719263246
3146,2097_LeafPhotoA_2025-09-08 12_34_03.075-05_00_1.png,2.0,1.790165841324835
3147,2097_LeafPhotoA_2025-09-08 12_34_03.075-05_00_0.png,2.0,1.7171868425047618
3148,2097_LeafPhotoA_2025-09-08 12_34_03.075-05_00_2.png,2.0,1.9820208816314289
3149,1121_LeafPhotoA_2025-09-08 10_06_53.769-05_00_2.png,3.0,1.6275983825962554
3150,1121_LeafPhotoA_2025-09-08 10_06_53.769-05_00_3.png,3.0,1.7637370010974052
3151,1121_LeafPhotoA_2025-09-08 10_06_53.769-05_00_0.png,3.0,1.73353894754116
3152,1121_LeafPhotoA_2025-09-08 10_06_53.769-05_00_1.png,3.0,1.7985580030774668
3202,2648_LeafPhotoA_2025-09-09 11_26_52.423-05_00_3.png,1.75,1.7266191981151602
3203,2648_LeafPhotoA_2025-09-09 11_26_52.423-05_00_2.png,1.75,1.8409476306300872
3204,2648_LeafPhotoA_2025-09-09 11_26_52.423-05_00_0.png,1.75,1.7744429615053516
3205,2648_LeafPhotoA_2025-09-09 11_26_52.423-05_00_1.png,1.75,1.7700864597487538
3207,2178_LeafPhotoA_2025-09-09 12_22_12.377-05_00_1.png,2.0,2.126774925910701
3208,2178_LeafPhotoA_2025-09-09 12_22_12.377-05_00_0.png,2.0,2.2229562383391355
3209,2178_LeafPhotoA_2025-09-09 12_22_12.377-05_00_3.png,2.0,2.092656336791326
3210,2178_LeafPhotoA_2025-09-09 12_22_12.377-05_00_2.png,2.0,2.016967636467041
3215,1963_LeafPhotoA_2025-09-09 17_19_17.230-05_00_0.png,1.5,1.7979312535858087
3216,1963_LeafPhotoA_2025-09-09 17_19_17.230-05_00_1.png,1.5,1.8095408666062003
3217,1963_LeafPhotoA_2025-09-09 17_19_17.230-05_00_2.png,1.5,1.9032978564156002
3232,2394_LeafPhotoA_2025-09-08 12_19_48.103-05_00_2.png,3.25,2.0354546207871738
3233,2394_LeafPhotoA_2025-09-08 12_19_48.103-05_00_0.png,3.25,2.0844281019722586
3234,2394_LeafPhotoA_2025-09-08 12_19_48.103-05_00_1.png,3.25,1.9663341757496713
3235,2394_LeafPhotoA_2025-09-08 12_19_48.103-05_00_3.png,3.25,1.916184069714257
3236,1916_LeafPhotoA_2025-09-09 14_56_01.187-05_00_3.png,1.75,2.1965976516053054
3237,1916_LeafPhotoA_2025-09-09 14_56_01.187-05_00_1.png,1.75,2.194476144729988
3238,1916_LeafPhotoA_2025-09-09 14_56_01.187-05_00_2.png,1.75,2.2270826720847503
3239,1916_LeafPhotoA_2025-09-09 14_56_01.187-05_00_0.png,1.75,2.1427780677462387
3244,,2.75,1.6946560175473444
3245,2224_LeafPhotoA_2025-09-08 11_25_14.126-05_00_0.png,2.5,1.8144428269402115
3246,2224_LeafPhotoA_2025-09-08 11_25_14.126-05_00_1.png,2.5,1.7923856509492244
3247,2224_LeafPhotoA_2025-09-08 11_25_14.126-05_00_2.png,2.5,1.8129872262361486
3248,2224_LeafPhotoA_2025-09-08 11_25_14.126-05_00_3.png,2.5,1.9086505667347153
3299,2149_LeafPhotoA_2025-09-08 12_20_25.908-05_00_2.png,1.5,1.9473751354142832
3300,2149_LeafPhotoA_2025-09-08 12_20_25.908-05_00_0.png,1.5,2.001721589312983
3301,2149_LeafPhotoA_2025-09-08 12_20_25.908-05_00_1.png,1.5,1.9697885975863592
3302,2149_LeafPhotoA_2025-09-08 12_20_25.908-05_00_3.png,1.5,1.9474377432355978
3306,2656_LeafPhotoA_2025-09-09 11_29_51.657-05_00_0.png,2.5,1.8623817718935018
3315,2451_LeafPhotoB_2025-09-08 11_29_15.932-05_00_1.png,2.0,2.185668905545669
3316,2451_LeafPhotoB_2025-09-08 11_29_15.932-05_00_0.png,2.0,2.15933361066044
3317,2451_LeafPhotoB_2025-09-08 11_29_15.932-05_00_3.png,2.0,2.22017247031139
3318,2451_LeafPhotoB_2025-09-08 11_29_15.932-05_00_2.png,2.0,2.305926370598463
3344,1272_LeafPhotoA_2025-09-08 16_14_44.397-05_00_0.png,2.25,1.891966274504757
3345,1272_LeafPhotoA_2025-09-08 16_14_44.397-05_00_1.png,2.25,1.9526676517738562
3346,1272_LeafPhotoA_2025-09-08 16_14_44.397-05_00_2.png,2.25,2.0383369868220877
3347,1272_LeafPhotoA_2025-09-08 16_14_44.397-05_00_3.png,2.25,2.0904890726036864
3355,6027_LeafPhotoA_2025-09-09 16_33_32.836-05_00_2.png,2.0,1.7943130066232582
3356,6027_LeafPhotoA_2025-09-09 16_33_32.836-05_00_0.png,2.0,1.7832942575650825
3357,6027_LeafPhotoA_2025-09-09 16_33_32.836-05_00_1.png,2.0,1.7360988904456405
3358,6027_LeafPhotoA_2025-09-09 16_33_32.836-05_00_3.png,2.0,1.702712362341497
3389,2238_LeafPhotoA_2025-09-08 11_44_44.603-05_00_0.png,2.5,1.7547275501537178
3390,2238_LeafPhotoA_2025-09-08 11_44_44.603-05_00_1.png,2.5,1.9029365305854278
3391,2238_LeafPhotoA_2025-09-08 11_44_44.603-05_00_2.png,2.5,1.7463076898666168
3392,2238_LeafPhotoA_2025-09-08 11_44_44.603-05_00_3.png,2.5,2.0733451512012944
3393,1950_LeafPhotoA_2025-09-09 16_09_30.048-05_00_2.png,1.5,1.7861125533648394
3394,1950_LeafPhotoA_2025-09-09 16_09_30.048-05_00_0.png,1.5,1.8023615252848362
3395,1950_LeafPhotoA_2025-09-09 16_09_30.048-05_00_1.png,1.5,1.7515932069172455
3409,1381_LeafPhotoA_2025-09-08 13_01_59.229-05_00_3.png,2.25,2.0569704119906707
3410,1381_LeafPhotoA_2025-09-08 13_01_59.229-05_00_2.png,2.25,1.8322807160428574
3411,1381_LeafPhotoA_2025-09-08 13_01_59.229-05_00_0.png,2.25,1.972361357440931
3412,1381_LeafPhotoA_2025-09-08 13_01_59.229-05_00_1.png,2.25,1.9149939074634212
3445,6044_LeafPhotoA_2025-09-09 16_03_43.942-05_00_0.png,1.5,1.6096467687839202
3446,6044_LeafPhotoA_2025-09-09 16_03_43.942-05_00_3.png,1.5,1.7521705227821716
3447,6044_LeafPhotoA_2025-09-09 16_03_43.942-05_00_2.png,1.5,1.7398214885107905
3448,6044_LeafPhotoA_2025-09-09 16_03_43.942-05_00_1.png,1.5,1.7387149098066634
3469,1926_LeafPhotoA_2025-09-09 15_19_00.799-05_00_0.png,1.5,1.9751266201105708
3470,1926_LeafPhotoA_2025-09-09 15_19_00.799-05_00_1.png,1.5,1.904202501586872
3471,1926_LeafPhotoA_2025-09-09 15_19_00.799-05_00_2.png,1.5,1.8373118223271923
3472,1926_LeafPhotoA_2025-09-09 15_19_00.799-05_00_3.png,1.5,1.869200606399052
3505,2498_LeafPhotoB_2025-09-08 12_22_17.705-05_00_1.png,1.5,1.9261521392908756
3506,2498_LeafPhotoB_2025-09-08 12_22_17.705-05_00_2.png,1.5,1.9793083172941053
3507,2498_LeafPhotoB_2025-09-08 12_22_17.705-05_00_3.png,1.5,1.8480798482844685
3508,2498_LeafPhotoB_2025-09-08 12_22_17.705-05_00_0.png,1.5,1.9031057312100628
3509,2150_LeafPhotoA_2025-09-08 12_22_44.950-05_00_1.png,1.75,1.9719571831024933
3510,2150_LeafPhotoA_2025-09-08 12_22_44.950-05_00_0.png,1.75,1.813496878721066
3511,2150_LeafPhotoA_2025-09-08 12_22_44.950-05_00_3.png,1.75,1.9466615249142785
3512,2150_LeafPhotoA_2025-09-08 12_22_44.950-05_00_2.png,1.75,2.079935152792998
3525,1298_LeafPhotoA_2025-09-08 15_47_21.277-05_00_0.png,2.25,1.9773226997756077
3526,1298_LeafPhotoA_2025-09-08 15_47_21.277-05_00_1.png,2.25,1.9126071826812368
3527,1298_LeafPhotoA_2025-09-08 15_47_21.277-05_00_2.png,2.25,1.891365900543836
3528,1298_LeafPhotoA_2025-09-08 15_47_21.277-05_00_3.png,2.25,1.9721624757649723
3537,1865_LeafPhotoA_2025-09-09 13_31_46.367-05_00_2.png,1.5,1.922240899365513
3538,1865_LeafPhotoA_2025-09-09 13_31_46.367-05_00_1.png,1.5,1.6675532451925759
3539,1865_LeafPhotoA_2025-09-09 13_31_46.367-05_00_3.png,1.5,1.7743255165806204
3540,1865_LeafPhotoA_2025-09-09 13_31_46.367-05_00_0.png,1.5,1.8968922273238138
3542,2084_LeafPhotoA_2025-09-08 12_20_48.194-05_00_1.png,2.25,1.916009933854845
3543,2084_LeafPhotoA_2025-09-08 12_20_48.194-05_00_0.png,2.25,1.8124230391077567
3544,2084_LeafPhotoA_2025-09-08 12_20_48.194-05_00_3.png,2.25,2.068941438898433
3545,2084_LeafPhotoA_2025-09-08 12_20_48.194-05_00_2.png,2.25,1.8446798434113396
18,1887_LeafPhotoA_2025-09-09 17_12_27.474-05_00_0.png,1.75,1.850601203508178
19,1887_LeafPhotoA_2025-09-09 17_12_27.474-05_00_1.png,1.75,2.0544239821992702
20,1887_LeafPhotoA_2025-09-09 17_12_27.474-05_00_2.png,1.75,2.0891305748653957
42,1900_LeafPhotoA_2025-09-09 13_45_59.573-05_00_1.png,2.5,1.9671872726798596
43,1900_LeafPhotoA_2025-09-09 13_45_59.573-05_00_2.png,2.5,1.7904378375832755
44,1900_LeafPhotoA_2025-09-09 13_45_59.573-05_00_3.png,2.5,1.8044077626772081
45,1900_LeafPhotoA_2025-09-09 13_45_59.573-05_00_0.png,2.5,1.9903120944283492
85,1411_LeafPhotoA_2025-09-08 09_32_24.163-05_00_0.png,1.5,1.7500492147614723
86,1411_LeafPhotoA_2025-09-08 09_32_24.163-05_00_1.png,1.5,1.9594257931449803
87,1411_LeafPhotoA_2025-09-08 09_32_24.163-05_00_2.png,1.5,1.967048060846532
88,1411_LeafPhotoA_2025-09-08 09_32_24.163-05_00_3.png,1.5,2.0056460164953265
103,2010_LeafPhotoA_2025-09-08 10_43_56.742-05_00_2.png,2.0,1.8833519630510869
104,2010_LeafPhotoA_2025-09-08 10_43_56.742-05_00_1.png,2.0,1.7870464544686795
105,2010_LeafPhotoA_2025-09-08 10_43_56.742-05_00_0.png,2.0,1.822321044510348
106,2010_LeafPhotoA_2025-09-08 10_43_56.742-05_00_3.png,2.0,1.658015733428079
110,1202_LeafPhotoA_2025-09-08 10_45_39.926-05_00_3.png,1.0,1.7127827858604017
111,1202_LeafPhotoA_2025-09-08 10_45_39.926-05_00_0.png,1.0,1.8028515999810637
112,1202_LeafPhotoA_2025-09-08 10_45_39.926-05_00_1.png,1.0,1.8385940702381653
113,1202_LeafPhotoA_2025-09-08 10_45_39.926-05_00_2.png,1.0,1.6841662253792054
114,1594_LeafPhotoA_2025-09-09 09_32_04.545-05_00_0.png,2.5,1.8871041757989928
115,1594_LeafPhotoA_2025-09-09 09_32_04.545-05_00_1.png,2.5,2.0938661838180646
116,1594_LeafPhotoA_2025-09-09 09_32_04.545-05_00_2.png,2.5,2.08294489232173
117,1594_LeafPhotoA_2025-09-09 09_32_04.545-05_00_3.png,2.5,2.087834720821294
144,2344_LeafPhotoA_2025-09-08 11_12_07.490-05_00_0.png,1.75,1.8523491254241549
145,2344_LeafPhotoA_2025-09-08 11_12_07.490-05_00_1.png,1.75,2.053711707637103
146,2344_LeafPhotoA_2025-09-08 11_12_07.490-05_00_3.png,1.75,1.8675222711034594
147,2344_LeafPhotoA_2025-09-08 11_12_07.490-05_00_2.png,1.75,2.0528343018659503
163,1011_LeafPhotoA_2025-09-08 09_43_02.719-05_00_0.png,2.5,2.054465211108979
164,1011_LeafPhotoA_2025-09-08 09_43_02.719-05_00_1.png,2.5,1.9918653931328916
165,1011_LeafPhotoA_2025-09-08 09_43_02.719-05_00_2.png,2.5,1.86162901815623
166,1011_LeafPhotoA_2025-09-08 09_43_02.719-05_00_3.png,2.5,1.8764269763845745
214,2144_LeafPhotoA_2025-09-08 12_08_32.877-05_00_0.png,1.5,1.691268996962629
215,2144_LeafPhotoA_2025-09-08 12_08_32.877-05_00_1.png,1.5,1.956983555198242
216,2144_LeafPhotoA_2025-09-08 12_08_32.877-05_00_2.png,1.5,1.8190136905202212
217,2144_LeafPhotoA_2025-09-08 12_08_32.877-05_00_3.png,1.5,1.6856802821200558
222,1411_LeafPhotoA_2025-09-08 09_32_12.507-05_00_0.png,1.5,1.6970221461477857
223,1411_LeafPhotoA_2025-09-08 09_32_12.507-05_00_1.png,1.5,1.7494630099177673
224,1411_LeafPhotoA_2025-09-08 09_32_12.507-05_00_2.png,1.5,1.6891044174143153
225,1411_LeafPhotoA_2025-09-08 09_32_12.507-05_00_3.png,1.5,1.8201793122933687
230,1783_LeafPhotoA_2025-09-09 09_32_23.737-05_00_0.png,1.75,2.043085184748283
231,1783_LeafPhotoA_2025-09-09 09_32_23.737-05_00_1.png,1.75,2.042540255210209
232,1783_LeafPhotoA_2025-09-09 09_32_23.737-05_00_2.png,1.75,1.9957606477616252
233,1783_LeafPhotoA_2025-09-09 09_32_23.737-05_00_3.png,1.75,1.933857594443473
238,,1.25,1.7715648504637005
257,1811_LeafPhotoA_2025-09-09 09_06_09.841-05_00_0.png,1.25,1.9577446169913033
258,1811_LeafPhotoA_2025-09-09 09_06_09.841-05_00_1.png,1.25,1.926488405303579
259,1811_LeafPhotoA_2025-09-09 09_06_09.841-05_00_2.png,1.25,1.795561928087929
268,,2.5,1.7715648504637005
269,1197_LeafPhotoA_2025-09-08 15_42_33.635-05_00_0.png,1.25,2.2577059026070243
270,1197_LeafPhotoA_2025-09-08 15_42_33.635-05_00_1.png,1.25,2.2311234844594576
271,1197_LeafPhotoA_2025-09-08 15_42_33.635-05_00_2.png,1.25,2.092384027417477
272,1197_LeafPhotoA_2025-09-08 15_42_33.635-05_00_3.png,1.25,2.2178480840879873
277,2173_LeafPhotoA_2025-09-09 12_14_23.103-05_00_0.png,2.0,2.0871908524052474
278,2173_LeafPhotoA_2025-09-09 12_14_23.103-05_00_1.png,2.0,2.1220781824733783
279,2173_LeafPhotoA_2025-09-09 12_14_23.103-05_00_2.png,2.0,2.1229743979629303
280,2173_LeafPhotoA_2025-09-09 12_14_23.103-05_00_3.png,2.0,2.2997332040715235
301,1383_LeafPhotoA_2025-09-08 13_02_56.131-05_00_1.png,1.5,1.992249135030615
302,1383_LeafPhotoA_2025-09-08 13_02_56.131-05_00_2.png,1.5,1.9710650176344229
303,1383_LeafPhotoA_2025-09-08 13_02_56.131-05_00_3.png,1.5,1.8422773649303401
304,1383_LeafPhotoA_2025-09-08 13_02_56.131-05_00_0.png,1.5,1.7823124345433845
320,2597_LeafPhotoA_2025-09-09 10_25_59.565-05_00_1.png,1.75,1.756528022367855
321,2597_LeafPhotoA_2025-09-09 10_25_59.565-05_00_3.png,1.75,1.834057005193811
322,2597_LeafPhotoA_2025-09-09 10_25_59.565-05_00_2.png,1.75,1.69895244550019
323,2597_LeafPhotoA_2025-09-09 10_25_59.565-05_00_0.png,1.75,1.781146965546793
340,6013_LeafPhotoA_2025-09-09 16_55_44.021-05_00_2.png,1.25,1.7099247895717764
341,6013_LeafPhotoA_2025-09-09 16_55_44.021-05_00_1.png,1.25,1.8740855369234088
342,6013_LeafPhotoA_2025-09-09 16_55_44.021-05_00_3.png,1.25,1.5683552654574202
343,6013_LeafPhotoA_2025-09-09 16_55_44.021-05_00_0.png,1.25,1.6965950201316042
352,1585_LeafPhotoA_2025-09-09 09_39_14.646-05_00_0.png,3.75,2.2212180234062258
353,1585_LeafPhotoA_2025-09-09 09_39_14.646-05_00_1.png,3.75,1.9781208576801157
354,1585_LeafPhotoA_2025-09-09 09_39_14.646-05_00_2.png,3.75,1.9347734403982344
355,1585_LeafPhotoA_2025-09-09 09_39_14.646-05_00_3.png,3.75,1.8468401364381535
356,1072_LeafPhotoA_2025-09-08 13_03_29.236-05_00_0.png,2.5,1.713889261181175
357,1072_LeafPhotoA_2025-09-08 13_03_29.236-05_00_1.png,2.5,1.8585287014005107
358,1072_LeafPhotoA_2025-09-08 13_03_29.236-05_00_2.png,2.5,1.9575001278861208
359,1072_LeafPhotoA_2025-09-08 13_03_29.236-05_00_3.png,2.5,2.020520131159101
391,2163_LeafPhotoA_2025-09-09 11_54_54.715-05_00_0.png,3.25,1.8958546985753124
392,2163_LeafPhotoA_2025-09-09 11_54_54.715-05_00_1.png,3.25,2.144397327531107
393,2163_LeafPhotoA_2025-09-09 11_54_54.715-05_00_2.png,3.25,2.066960322408391
394,2163_LeafPhotoA_2025-09-09 11_54_54.715-05_00_3.png,3.25,1.9362124624312502
400,1648_LeafPhotoA_2025-09-09 10_44_29.803-05_00_0.png,1.75,2.1135320831747144
401,1648_LeafPhotoA_2025-09-09 10_44_29.803-05_00_1.png,1.75,2.1301416521054195
402,1648_LeafPhotoA_2025-09-09 10_44_29.803-05_00_2.png,1.75,2.153627228118348
403,1648_LeafPhotoA_2025-09-09 10_44_29.803-05_00_3.png,1.75,2.189279500695813
418,1615_LeafPhotoA_2025-09-09 09_39_37.565-05_00_2.png,2.0,2.039757417334614
419,1615_LeafPhotoA_2025-09-09 09_39_37.565-05_00_3.png,2.0,2.0164842856420115
420,1615_LeafPhotoA_2025-09-09 09_39_37.565-05_00_0.png,2.0,2.141953472828448
421,1615_LeafPhotoA_2025-09-09 09_39_37.565-05_00_1.png,2.0,2.01511118262596
426,2765_LeafPhotoA_2025-09-09 16_06_20.833-05_00_0.png,1.75,1.6440176735714291
427,2765_LeafPhotoA_2025-09-09 16_06_20.833-05_00_1.png,1.75,1.6687430458164676
428,2765_LeafPhotoA_2025-09-09 16_06_20.833-05_00_2.png,1.75,1.6193496044732376
429,2765_LeafPhotoA_2025-09-09 16_06_20.833-05_00_3.png,1.75,1.723711068825341
440,1702_LeafPhotoA_2025-09-09 10_12_23.395-05_00_2.png,3.0,1.8006737792208103
441,1702_LeafPhotoA_2025-09-09 10_12_23.395-05_00_0.png,3.0,1.834211387153278
442,1702_LeafPhotoA_2025-09-09 10_12_23.395-05_00_1.png,3.0,1.9392233384493716
443,1702_LeafPhotoA_2025-09-09 10_12_23.395-05_00_3.png,3.0,1.6318750450307025
451,5008_LeafPhotoA_2025-09-09 16_06_40.356-05_00_1.png,1.25,1.681108392323888
452,5008_LeafPhotoA_2025-09-09 16_06_40.356-05_00_2.png,1.25,1.8236967952578675
453,5008_LeafPhotoA_2025-09-09 16_06_40.356-05_00_3.png,1.25,1.7003706711768924
454,5008_LeafPhotoA_2025-09-09 16_06_40.356-05_00_0.png,1.25,1.66724444733382
459,1159_LeafPhotoA_2025-09-08 16_47_54.035-05_00_1.png,1.25,1.9114874709886567
460,1159_LeafPhotoA_2025-09-08 16_47_54.035-05_00_2.png,1.25,2.1212582034207275
461,1159_LeafPhotoA_2025-09-08 16_47_54.035-05_00_3.png,1.25,2.171890343028198
462,1159_LeafPhotoA_2025-09-08 16_47_54.035-05_00_0.png,1.25,1.9718027860861422
467,1022_LeafPhotoA_2025-09-08 09_57_30.921-05_00_0.png,1.5,1.7995039381372941
468,1022_LeafPhotoA_2025-09-08 09_57_30.921-05_00_1.png,1.5,2.097373132680333
469,1022_LeafPhotoA_2025-09-08 09_57_30.921-05_00_2.png,1.5,2.1932878060930605
470,1022_LeafPhotoA_2025-09-08 09_57_30.921-05_00_3.png,1.5,2.0916807577983825
471,1099_LeafPhotoA_2025-09-08 12_38_29.235-05_00_2.png,1.25,1.7048114950656064
472,1099_LeafPhotoA_2025-09-08 12_38_29.235-05_00_1.png,1.25,1.7543811698948837
473,1099_LeafPhotoA_2025-09-08 12_38_29.235-05_00_3.png,1.25,1.7903239819914654
474,1099_LeafPhotoA_2025-09-08 12_38_29.235-05_00_0.png,1.25,1.8481813449466578
475,2189_LeafPhotoA_2025-09-08 17_18_50.308-05_00_0.png,1.5,1.8215373701953248
476,2189_LeafPhotoA_2025-09-08 17_18_50.308-05_00_1.png,1.5,1.8330433796885532
477,2189_LeafPhotoA_2025-09-08 17_18_50.308-05_00_2.png,1.5,2.002658981031223
478,2189_LeafPhotoA_2025-09-08 17_18_50.308-05_00_3.png,1.5,2.0523404268952494
494,2068_LeafPhotoA_2025-09-08 12_02_55.291-05_00_3.png,1.25,1.9241416165641219
495,2068_LeafPhotoA_2025-09-08 12_02_55.291-05_00_2.png,1.25,1.9693721945315263
496,2068_LeafPhotoA_2025-09-08 12_02_55.291-05_00_0.png,1.25,1.6478305668749156
497,2068_LeafPhotoA_2025-09-08 12_02_55.291-05_00_1.png,1.25,1.8389474132584507
498,1641_LeafPhotoA_2025-09-09 10_30_20.507-05_00_1.png,1.0,1.7541449580637347
499,1641_LeafPhotoA_2025-09-09 10_30_20.507-05_00_0.png,1.0,1.8102849392032232
500,1641_LeafPhotoA_2025-09-09 10_30_20.507-05_00_2.png,1.0,1.703902186266714
501,6013_LeafPhotoA_2025-09-09 16_56_02.230-05_00_0.png,1.25,1.6388441412093437
502,6013_LeafPhotoA_2025-09-09 16_56_02.230-05_00_1.png,1.25,1.738501612811961
503,6013_LeafPhotoA_2025-09-09 16_56_02.230-05_00_3.png,1.25,1.7755334983442443
504,6013_LeafPhotoA_2025-09-09 16_56_02.230-05_00_2.png,1.25,1.8526434258157247
548,2314_LeafPhotoA_2025-09-08 10_42_26.409-05_00_0.png,1.0,1.7230996068573359
549,2314_LeafPhotoA_2025-09-08 10_42_26.409-05_00_1.png,1.0,1.6707928303703623
550,2314_LeafPhotoA_2025-09-08 10_42_26.409-05_00_2.png,1.0,1.6719700167326568
559,2347_LeafPhotoA_2025-09-08 11_14_48.020-05_00_0.png,1.5,1.9924306479701814
560,2347_LeafPhotoA_2025-09-08 11_14_48.020-05_00_1.png,1.5,1.8437828657357005
569,1445_LeafPhotoB_2025-09-08 10_34_39.346-05_00_3.png,1.75,1.8038033158550053
570,1445_LeafPhotoB_2025-09-08 10_34_39.346-05_00_1.png,1.75,1.9600499460428946
571,1445_LeafPhotoB_2025-09-08 10_34_39.346-05_00_0.png,1.75,1.9283530863097094
572,1445_LeafPhotoB_2025-09-08 10_34_39.346-05_00_2.png,1.75,1.945717548830006
589,2429_LeafPhotoB_2025-09-08 11_05_20.910-05_00_1.png,2.5,1.9771903954195096
590,2429_LeafPhotoB_2025-09-08 11_05_20.910-05_00_3.png,2.5,2.237199431478286
591,2429_LeafPhotoB_2025-09-08 11_05_20.910-05_00_0.png,2.5,1.9447206073429717
592,2429_LeafPhotoB_2025-09-08 11_05_20.910-05_00_2.png,2.5,1.936004296424357
597,2974_LeafPhotoA_2025-09-09 16_23_04.095-05_00_2.png,3.25,1.8967112908242212
598,2974_LeafPhotoA_2025-09-09 16_23_04.095-05_00_1.png,3.25,2.0923027282395745
599,2974_LeafPhotoA_2025-09-09 16_23_04.095-05_00_0.png,3.25,2.006858830645993
600,2974_LeafPhotoA_2025-09-09 16_23_04.095-05_00_3.png,3.25,1.8138300634801245
627,1413_LeafPhotoA_2025-09-08 09_35_26.834-05_00_0.png,1.75,1.8225127480086278
628,1413_LeafPhotoA_2025-09-08 09_35_26.834-05_00_1.png,1.75,1.7705659486443641
629,1413_LeafPhotoA_2025-09-08 09_35_26.834-05_00_2.png,1.75,1.8679038388941636
630,1413_LeafPhotoA_2025-09-08 09_35_26.834-05_00_3.png,1.75,1.746544119392175
639,6017_LeafPhotoA_2025-09-09 16_48_02.296-05_00_0.png,1.75,1.6897476523318138
640,6017_LeafPhotoA_2025-09-09 16_48_02.296-05_00_2.png,1.75,1.7750229514060178
641,6017_LeafPhotoA_2025-09-09 16_48_02.296-05_00_1.png,1.75,1.6772527417099896
642,6017_LeafPhotoA_2025-09-09 16_48_02.296-05_00_3.png,1.75,1.8800056289264027
667,1619_LeafPhotoA_2025-09-09 09_49_42.512-05_00_2.png,1.75,1.9382518158736466
668,1619_LeafPhotoA_2025-09-09 09_49_42.512-05_00_3.png,1.75,1.7941446176681395
669,1619_LeafPhotoA_2025-09-09 09_49_42.512-05_00_0.png,1.75,1.7775394746614734
670,1619_LeafPhotoA_2025-09-09 09_49_42.512-05_00_1.png,1.75,1.8524753089510224
678,1531_LeafPhotoA_2025-09-09 09_29_04.886-05_00_0.png,2.25,2.008155514840388
679,1531_LeafPhotoA_2025-09-09 09_29_04.886-05_00_1.png,2.25,2.0827362810115724
680,1531_LeafPhotoA_2025-09-09 09_29_04.886-05_00_2.png,2.25,1.9130064728040497
681,1531_LeafPhotoA_2025-09-09 09_29_04.886-05_00_3.png,2.25,1.8795634315415297
690,1497_LeafPhotoB_2025-09-08 17_01_53.160-05_00_0.png,1.75,1.8335971588194773
691,1497_LeafPhotoB_2025-09-08 17_01_53.160-05_00_2.png,1.75,2.098660696790258
692,1497_LeafPhotoB_2025-09-08 17_01_53.160-05_00_1.png,1.75,1.8570481811988304
693,1497_LeafPhotoB_2025-09-08 17_01_53.160-05_00_3.png,1.75,1.8376200804323375
780,1838_LeafPhotoA_2025-09-09 09_47_07.906-05_00_1.png,1.0,1.854370254899629
781,1838_LeafPhotoA_2025-09-09 09_47_07.906-05_00_0.png,1.0,1.8109882469450491
782,1838_LeafPhotoA_2025-09-09 09_47_07.906-05_00_3.png,1.0,1.8140502075780471
783,1838_LeafPhotoA_2025-09-09 09_47_07.906-05_00_2.png,1.0,1.795413999414058
788,2683_LeafPhotoA_2025-09-09 10_58_56.882-05_00_1.png,1.0,1.7803741097304597
789,2683_LeafPhotoA_2025-09-09 10_58_56.882-05_00_3.png,1.0,1.637255888209015
790,2683_LeafPhotoA_2025-09-09 10_58_56.882-05_00_2.png,1.0,1.8437526020872936
791,2683_LeafPhotoA_2025-09-09 10_58_56.882-05_00_0.png,1.0,1.9329209505543818
799,2010_LeafPhotoA_2025-09-08 10_44_22.059-05_00_1.png,1.25,2.122359170646928
800,2010_LeafPhotoA_2025-09-08 10_44_22.059-05_00_3.png,1.25,2.051030633654596
801,2010_LeafPhotoA_2025-09-08 10_44_22.059-05_00_2.png,1.25,1.8966599749834674
802,2010_LeafPhotoA_2025-09-08 10_44_22.059-05_00_0.png,1.25,1.9095743820995605
807,1510_LeafPhotoA_2025-09-09 09_05_13.748-05_00_2.png,1.5,2.026967466028285
808,1510_LeafPhotoA_2025-09-09 09_05_13.748-05_00_1.png,1.5,1.918696609098298
809,1510_LeafPhotoA_2025-09-09 09_05_13.748-05_00_3.png,1.5,1.8666890956131732
810,1510_LeafPhotoA_2025-09-09 09_05_13.748-05_00_0.png,1.5,1.8808733773187363
835,2662_LeafPhotoA_2025-09-09 11_35_27.644-05_00_0.png,3.5,2.1315123718824505
836,2662_LeafPhotoA_2025-09-09 11_35_27.644-05_00_2.png,3.5,1.9095869159757506
837,2662_LeafPhotoA_2025-09-09 11_35_27.644-05_00_3.png,3.5,1.8151449987437318
838,2662_LeafPhotoA_2025-09-09 11_35_27.644-05_00_1.png,3.5,2.162406289887982
886,2153_LeafPhotoA_2025-09-08 12_29_10.390-05_00_1.png,1.25,2.00064216121748
887,2153_LeafPhotoA_2025-09-08 12_29_10.390-05_00_3.png,1.25,1.9526171024497625
888,2153_LeafPhotoA_2025-09-08 12_29_10.390-05_00_2.png,1.25,2.1330777548193005
889,2153_LeafPhotoA_2025-09-08 12_29_10.390-05_00_0.png,1.25,1.9836663687230294
890,2248_LeafPhotoA_2025-09-08 12_01_20.448-05_00_0.png,1.5,1.7753042998533741
891,2248_LeafPhotoA_2025-09-08 12_01_20.448-05_00_1.png,1.5,1.8751306187523769
892,2248_LeafPhotoA_2025-09-08 12_01_20.448-05_00_2.png,1.5,1.7422666275664067
893,2248_LeafPhotoA_2025-09-08 12_01_20.448-05_00_3.png,1.5,1.8808669254359456
912,1811_LeafPhotoA_2025-09-09 09_05_51.708-05_00_2.png,1.5,1.614887515536364
913,1811_LeafPhotoA_2025-09-09 09_05_51.708-05_00_0.png,1.5,1.7481281382929534
914,1811_LeafPhotoA_2025-09-09 09_05_51.708-05_00_1.png,1.5,1.753873144623642
937,2950_LeafPhotoA_2025-09-09 16_20_58.442-05_00_1.png,2.0,2.013587981202556
938,2950_LeafPhotoA_2025-09-09 16_20_58.442-05_00_3.png,2.0,1.8407557043073561
939,2950_LeafPhotoA_2025-09-09 16_20_58.442-05_00_2.png,2.0,1.8254054646964983
940,2950_LeafPhotoA_2025-09-09 16_20_58.442-05_00_0.png,2.0,1.9664339035913019
1006,1062_LeafPhotoA_2025-09-08 12_54_11.961-05_00_0.png,3.25,2.1203470047915194
1007,1062_LeafPhotoA_2025-09-08 12_54_11.961-05_00_1.png,3.25,2.013367080678771
1008,1062_LeafPhotoA_2025-09-08 12_54_11.961-05_00_2.png,3.25,2.021493357176019
1009,1062_LeafPhotoA_2025-09-08 12_54_11.961-05_00_3.png,3.25,2.0498196679588894
1073,1402_LeafPhotoB_2025-09-08 10_39_37.458-05_00_3.png,1.75,1.954787611824076
1074,1402_LeafPhotoB_2025-09-08 10_39_37.458-05_00_0.png,1.75,2.2104646889152644
1075,1402_LeafPhotoB_2025-09-08 10_39_37.458-05_00_1.png,1.75,1.9921604528539278
1076,1402_LeafPhotoB_2025-09-08 10_39_37.458-05_00_2.png,1.75,2.1654191548932
1098,1005_LeafPhotoA_2025-09-08 09_35_15.574-05_00_0.png,2.0,1.798914372437953
1099,1005_LeafPhotoA_2025-09-08 09_35_15.574-05_00_1.png,2.0,1.729797716175399
1100,1005_LeafPhotoA_2025-09-08 09_35_15.574-05_00_2.png,2.0,2.0454746760498392
1101,1005_LeafPhotoA_2025-09-08 09_35_15.574-05_00_3.png,2.0,1.9978332479622645
1117,2218_LeafPhotoA_2025-09-08 11_14_46.146-05_00_2.png,1.25,1.9341034417669938
1118,2218_LeafPhotoA_2025-09-08 11_14_46.146-05_00_3.png,1.25,1.8530359864338555
1119,2218_LeafPhotoA_2025-09-08 11_14_46.146-05_00_0.png,1.25,1.8037879944138897
1120,2218_LeafPhotoA_2025-09-08 11_14_46.146-05_00_1.png,1.25,1.891611474989258
1143,1997_LeafPhotoA_2025-09-09 15_58_29.800-05_00_2.png,2.0,2.100531717473594
1144,1997_LeafPhotoA_2025-09-09 15_58_29.800-05_00_1.png,2.0,2.07921906048968
1145,1997_LeafPhotoA_2025-09-09 15_58_29.800-05_00_0.png,2.0,1.9858445928735349
1146,1997_LeafPhotoA_2025-09-09 15_58_29.800-05_00_3.png,2.0,1.98053743687352
1154,1404_LeafPhotoB_2025-09-08 09_58_06.206-05_00_2.png,2.25,1.920928232560623
1155,1404_LeafPhotoB_2025-09-08 09_58_06.206-05_00_3.png,2.25,1.999952184612075
1156,1404_LeafPhotoB_2025-09-08 09_58_06.206-05_00_0.png,2.25,1.8961078231771544
1157,1404_LeafPhotoB_2025-09-08 09_58_06.206-05_00_1.png,2.25,2.0096468639048184
1169,2189_LeafPhotoA_2025-09-08 17_18_33.881-05_00_0.png,1.0,1.937949413915709
1170,2189_LeafPhotoA_2025-09-08 17_18_33.881-05_00_1.png,1.0,1.8153998024531455
1171,2189_LeafPhotoA_2025-09-08 17_18_33.881-05_00_2.png,1.0,1.6658925335997075
1172,2189_LeafPhotoA_2025-09-08 17_18_33.881-05_00_3.png,1.0,1.9190073789581696
1181,2273_LeafPhotoA_2025-09-08 17_10_20.317-05_00_2.png,2.0,1.7694593902225122
1182,2273_LeafPhotoA_2025-09-08 17_10_20.317-05_00_3.png,2.0,1.7981722198899437
1183,2273_LeafPhotoA_2025-09-08 17_10_20.317-05_00_0.png,2.0,1.985042650020687
1184,2273_LeafPhotoA_2025-09-08 17_10_20.317-05_00_1.png,2.0,1.755493241439933
1193,2182_LeafPhotoA_2025-09-09 12_26_51.449-05_00_1.png,2.5,2.0667414162124667
1194,2182_LeafPhotoA_2025-09-09 12_26_51.449-05_00_0.png,2.5,1.9564378606188069
1195,2182_LeafPhotoA_2025-09-09 12_26_51.449-05_00_3.png,2.5,1.8912524171909229
1196,2182_LeafPhotoA_2025-09-09 12_26_51.449-05_00_2.png,2.5,1.9252791490039474
1225,2794_LeafPhotoA_2025-09-09 11_14_44.812-05_00_0.png,1.25,2.167452214905942
1229,1935_LeafPhotoA_2025-09-09 15_31_58.041-05_00_2.png,2.5,1.8217585494087507
1230,1935_LeafPhotoA_2025-09-09 15_31_58.041-05_00_1.png,2.5,1.9695627542445953
1231,1935_LeafPhotoA_2025-09-09 15_31_58.041-05_00_0.png,2.5,1.9575342959843716
1232,1935_LeafPhotoA_2025-09-09 15_31_58.041-05_00_3.png,2.5,2.011854174934488
1247,1350_LeafPhotoA_2025-09-08 10_18_59.648-05_00_0.png,1.75,1.878721395691027
1248,2884_LeafPhotoA_2025-09-09 14_07_40.879-05_00_3.png,1.5,1.9007749381117456
1249,2884_LeafPhotoA_2025-09-09 14_07_40.879-05_00_2.png,1.5,1.8585714845802546
1250,2884_LeafPhotoA_2025-09-09 14_07_40.879-05_00_0.png,1.5,1.7459306370658922
1251,2884_LeafPhotoA_2025-09-09 14_07_40.879-05_00_1.png,1.5,1.7783555799514728
1265,1181_LeafPhotoA_2025-09-08 16_13_30.089-05_00_0.png,2.5,2.105295501177636
1266,1181_LeafPhotoA_2025-09-08 16_13_30.089-05_00_1.png,2.5,2.15062988843748
1267,1181_LeafPhotoA_2025-09-08 16_13_30.089-05_00_2.png,2.5,2.104547754106166
1268,1181_LeafPhotoA_2025-09-08 16_13_30.089-05_00_3.png,2.5,2.195111717350956
1296,2814_LeafPhotoA_2025-09-09 10_25_44.101-05_00_0.png,3.25,1.7897801496279018
1297,2814_LeafPhotoA_2025-09-09 10_25_44.101-05_00_3.png,3.25,1.8301124887982365
1298,2814_LeafPhotoA_2025-09-09 10_25_44.101-05_00_1.png,3.25,1.882213503087523
1299,2814_LeafPhotoA_2025-09-09 10_25_44.101-05_00_2.png,3.25,1.8240884001941475
1320,1525_LeafPhotoA_2025-09-09 09_23_09.815-05_00_3.png,2.25,1.9986751694257854
1321,1525_LeafPhotoA_2025-09-09 09_23_09.815-05_00_0.png,2.25,2.1251419073339917
1322,1525_LeafPhotoA_2025-09-09 09_23_09.815-05_00_1.png,2.25,2.0163017860340453
1323,1525_LeafPhotoA_2025-09-09 09_23_09.815-05_00_2.png,2.25,1.9779664386584124
1332,1402_LeafPhotoB_2025-09-08 10_40_07.212-05_00_3.png,2.25,1.9252420885304478
1333,1402_LeafPhotoB_2025-09-08 10_40_07.212-05_00_2.png,2.25,1.9619551693563042
1334,1402_LeafPhotoB_2025-09-08 10_40_07.212-05_00_1.png,2.25,2.006483371813406
1335,1402_LeafPhotoB_2025-09-08 10_40_07.212-05_00_0.png,2.25,1.922468198783662
1387,2729_LeafPhotoA_2025-09-09 10_55_43.588-05_00_2.png,4.0,2.0898243257390323
1388,2729_LeafPhotoA_2025-09-09 10_55_43.588-05_00_3.png,4.0,1.9716479630352008
1389,2729_LeafPhotoA_2025-09-09 10_55_43.588-05_00_0.png,4.0,2.080067167201081
1390,2729_LeafPhotoA_2025-09-09 10_55_43.588-05_00_1.png,4.0,2.173489076139557
1399,2286_LeafPhotoA_2025-09-08 16_54_14.459-05_00_3.png,1.75,1.7186152396955898
1400,2286_LeafPhotoA_2025-09-08 16_54_14.459-05_00_0.png,1.75,1.916013483278311
1401,2286_LeafPhotoA_2025-09-08 16_54_14.459-05_00_2.png,1.75,1.7263191137986746
1402,2286_LeafPhotoA_2025-09-08 16_54_14.459-05_00_1.png,1.75,1.9501475494507874
1403,1167_LeafPhotoA_2025-09-08 16_37_11.962-05_00_0.png,1.75,1.9685460471693674
1416,2817_LeafPhotoA_2025-09-09 10_29_25.768-05_00_0.png,1.0,1.5526189319138377
1417,2817_LeafPhotoA_2025-09-09 10_29_25.768-05_00_1.png,1.0,1.6716131738555675
1418,2817_LeafPhotoA_2025-09-09 10_29_25.768-05_00_2.png,1.0,1.745156289279873
1419,2817_LeafPhotoA_2025-09-09 10_29_25.768-05_00_3.png,1.0,1.580911297417537
1459,2791_LeafPhotoA_2025-09-09 11_24_33.408-05_00_0.png,2.75,1.7983375258481196
1460,2791_LeafPhotoA_2025-09-09 11_24_33.408-05_00_3.png,2.75,1.9525104390524772
1461,2791_LeafPhotoA_2025-09-09 11_24_33.408-05_00_1.png,2.75,1.9110769653946422
1462,2791_LeafPhotoA_2025-09-09 11_24_33.408-05_00_2.png,2.75,2.040577984702075
1477,2009_LeafPhotoA_2025-09-08 10_43_35.775-05_00_2.png,1.5,1.7341547518085947
1478,2009_LeafPhotoA_2025-09-08 10_43_35.775-05_00_0.png,1.5,1.7663957674740012
1479,2009_LeafPhotoA_2025-09-08 10_43_35.775-05_00_3.png,1.5,1.6922497221439903
1480,2009_LeafPhotoA_2025-09-08 10_43_35.775-05_00_1.png,1.5,1.934627159290979
1510,1034_LeafPhotoA_2025-09-08 10_10_03.182-05_00_2.png,2.0,1.9202310228323567
1511,1034_LeafPhotoA_2025-09-08 10_10_03.182-05_00_1.png,2.0,2.091354775781925
1512,1034_LeafPhotoA_2025-09-08 10_10_03.182-05_00_0.png,2.0,2.1058942460510783
1531,1417_LeafPhotoB_2025-09-08 10_11_12.838-05_00_3.png,2.5,1.8136890382471833
1532,1417_LeafPhotoB_2025-09-08 10_11_12.838-05_00_1.png,2.5,1.8227613925878359
1533,1417_LeafPhotoB_2025-09-08 10_11_12.838-05_00_0.png,2.5,1.864724543404922
1534,1417_LeafPhotoB_2025-09-08 10_11_12.838-05_00_2.png,2.5,1.836618050047702
1543,1075_LeafPhotoA_2025-09-08 13_08_10.230-05_00_0.png,2.0,1.745056090048314
1544,1075_LeafPhotoA_2025-09-08 13_08_10.230-05_00_1.png,2.0,1.7692206494284546
1545,1075_LeafPhotoA_2025-09-08 13_08_10.230-05_00_2.png,2.0,1.932504942424652
1546,1075_LeafPhotoA_2025-09-08 13_08_10.230-05_00_3.png,2.0,1.8120171840194366
1565,2699_LeafPhotoA_2025-09-09 10_27_27.811-05_00_1.png,3.0,1.8287230487118016
1566,2699_LeafPhotoA_2025-09-09 10_27_27.811-05_00_2.png,3.0,1.874168216875951
1567,2699_LeafPhotoA_2025-09-09 10_27_27.811-05_00_3.png,3.0,1.8023839874784888
1568,2699_LeafPhotoA_2025-09-09 10_27_27.811-05_00_0.png,3.0,1.8041979702726005
1636,1389_LeafPhotoA_2025-09-08 13_08_37.035-05_00_2.png,1.75,1.8837560536634539
1637,1389_LeafPhotoA_2025-09-08 13_08_37.035-05_00_1.png,1.75,1.906150957092979
1638,1389_LeafPhotoA_2025-09-08 13_08_37.035-05_00_0.png,1.75,1.886184566202416
1651,2460_LeafPhotoB_2025-09-08 11_37_28.626-05_00_2.png,1.75,1.8055230960627031
1652,2460_LeafPhotoB_2025-09-08 11_37_28.626-05_00_0.png,1.75,1.7967321779232328
1653,2460_LeafPhotoB_2025-09-08 11_37_28.626-05_00_1.png,1.75,1.8584067361946628
1654,2460_LeafPhotoB_2025-09-08 11_37_28.626-05_00_3.png,1.75,2.062768344363111
1659,1445_LeafPhotoB_2025-09-08 10_33_50.397-05_00_3.png,1.5,1.9826662116384346
1660,1445_LeafPhotoB_2025-09-08 10_33_50.397-05_00_2.png,1.5,1.849935502089285
1661,1445_LeafPhotoB_2025-09-08 10_33_50.397-05_00_0.png,1.5,1.982616546587389
1662,1445_LeafPhotoB_2025-09-08 10_33_50.397-05_00_1.png,1.5,1.9505949381205505
1678,2318_LeafPhotoA_2025-09-08 10_46_13.359-05_00_0.png,1.5,1.7649522477879578
1679,2318_LeafPhotoA_2025-09-08 10_46_13.359-05_00_1.png,1.5,1.7414893762565373
1691,1234_LeafPhotoA_2025-09-08 10_20_18.045-05_00_2.png,1.75,1.840840535261573
1692,1234_LeafPhotoA_2025-09-08 10_20_18.045-05_00_0.png,1.75,1.8480559218459849
1693,1234_LeafPhotoA_2025-09-08 10_20_18.045-05_00_1.png,1.75,1.8739466725077565
1694,1234_LeafPhotoA_2025-09-08 10_20_18.045-05_00_3.png,1.75,1.8779270058501871
1695,1279_LeafPhotoA_2025-09-08 16_08_00.467-05_00_1.png,1.0,1.7010997994080532
1696,1279_LeafPhotoA_2025-09-08 16_08_00.467-05_00_3.png,1.0,1.8276536825908425
1697,1279_LeafPhotoA_2025-09-08 16_08_00.467-05_00_0.png,1.0,1.7515223359049805
1698,1279_LeafPhotoA_2025-09-08 16_08_00.467-05_00_2.png,1.0,1.691429086170644
1704,1417_LeafPhotoB_2025-09-08 10_10_54.682-05_00_1.png,2.25,1.8671875745540385
1705,1417_LeafPhotoB_2025-09-08 10_10_54.682-05_00_0.png,2.25,1.856049740654834
1706,1417_LeafPhotoB_2025-09-08 10_10_54.682-05_00_2.png,2.25,1.763305670245916
1707,1417_LeafPhotoB_2025-09-08 10_10_54.682-05_00_3.png,2.25,1.7835524017404722
1726,1043_LeafPhotoA_2025-09-08 10_21_46.526-05_00_3.png,3.0,1.88203061407842
1727,1043_LeafPhotoA_2025-09-08 10_21_46.526-05_00_0.png,3.0,1.9705109182921814
1728,1043_LeafPhotoA_2025-09-08 10_21_46.526-05_00_1.png,3.0,2.018264795731659
1729,1043_LeafPhotoA_2025-09-08 10_21_46.526-05_00_2.png,3.0,2.1263571491422457
1739,1488_LeafPhotoB_2025-09-08 16_52_36.463-05_00_3.png,2.75,1.9498058455226712
1740,1488_LeafPhotoB_2025-09-08 16_52_36.463-05_00_1.png,2.75,1.7329791407248465
1741,1488_LeafPhotoB_2025-09-08 16_52_36.463-05_00_2.png,2.75,1.8326355627717976
1742,1488_LeafPhotoB_2025-09-08 16_52_36.463-05_00_0.png,2.75,1.8405820003010365
1761,1456_LeafPhotoB_2025-09-08 12_32_32.393-05_00_1.png,1.25,1.8652896901255687
1762,1456_LeafPhotoB_2025-09-08 12_32_32.393-05_00_2.png,1.25,1.9328110099676843
1763,1456_LeafPhotoB_2025-09-08 12_32_32.393-05_00_0.png,1.25,1.8322957667453499
1764,1456_LeafPhotoB_2025-09-08 12_32_32.393-05_00_3.png,1.25,1.945285642748042
1855,1181_LeafPhotoA_2025-09-08 16_13_46.902-05_00_0.png,2.5,1.8679401239160078
1856,1181_LeafPhotoA_2025-09-08 16_13_46.902-05_00_1.png,2.5,1.9775271992799097
1857,1181_LeafPhotoA_2025-09-08 16_13_46.902-05_00_2.png,2.5,1.9793420963321937
1858,1181_LeafPhotoA_2025-09-08 16_13_46.902-05_00_3.png,2.5,2.057233285093229
1860,5009_LeafPhotoA_2025-09-09 16_08_39.148-05_00_0.png,1.75,1.646767229660927
1861,5009_LeafPhotoA_2025-09-09 16_08_39.148-05_00_2.png,1.75,1.720461007532843
1862,5009_LeafPhotoA_2025-09-09 16_08_39.148-05_00_3.png,1.75,1.7980411977392547
1863,5009_LeafPhotoA_2025-09-09 16_08_39.148-05_00_1.png,1.75,1.8447999540221007
1872,1413_LeafPhotoA_2025-09-08 09_35_09.246-05_00_0.png,1.75,1.9212485705634794
1873,1413_LeafPhotoA_2025-09-08 09_35_09.246-05_00_1.png,1.75,1.908212133521902
1874,1413_LeafPhotoA_2025-09-08 09_35_09.246-05_00_2.png,1.75,1.7731205802295062
1883,2586_LeafPhotoA_2025-09-09 10_34_33.986-05_00_2.png,1.25,1.6623920848163067
1884,2586_LeafPhotoA_2025-09-09 10_34_33.986-05_00_3.png,1.25,1.6285985719136582
1885,2586_LeafPhotoA_2025-09-09 10_34_33.986-05_00_0.png,1.25,1.8093652864593253
1886,2586_LeafPhotoA_2025-09-09 10_34_33.986-05_00_1.png,1.25,1.640348276029257
1893,2055_LeafPhotoA_2025-09-08 11_49_38.748-05_00_1.png,2.75,1.8507688089062557
1894,2055_LeafPhotoA_2025-09-08 11_49_38.748-05_00_0.png,2.75,1.9632192409521172
1895,2055_LeafPhotoA_2025-09-08 11_49_38.748-05_00_2.png,2.75,1.8556093502663398
1924,1878_LeafPhotoA_2025-09-09 17_05_46.079-05_00_3.png,1.75,1.8249929318053584
1925,1878_LeafPhotoA_2025-09-09 17_05_46.079-05_00_1.png,1.75,2.0666528678042813
1926,1878_LeafPhotoA_2025-09-09 17_05_46.079-05_00_0.png,1.75,1.9402737364786287
1927,1878_LeafPhotoA_2025-09-09 17_05_46.079-05_00_2.png,1.75,1.7570401641030784
1940,1631_LeafPhotoA_2025-09-09 10_13_12.245-05_00_2.png,1.5,1.8015318993858216
1941,1631_LeafPhotoA_2025-09-09 10_13_12.245-05_00_0.png,1.5,1.8360412437324585
1942,1631_LeafPhotoA_2025-09-09 10_13_12.245-05_00_1.png,1.5,1.7626998676002046
1943,1075_LeafPhotoA_2025-09-08 13_08_28.899-05_00_0.png,2.25,1.8101943473018978
1944,1075_LeafPhotoA_2025-09-08 13_08_28.899-05_00_1.png,2.25,2.0204915693665217
1945,1075_LeafPhotoA_2025-09-08 13_08_28.899-05_00_2.png,2.25,2.03375055212514
1946,1075_LeafPhotoA_2025-09-08 13_08_28.899-05_00_3.png,2.25,1.890446110854286
1955,2395_LeafPhotoA_2025-09-08 12_20_28.826-05_00_1.png,1.5,1.9010476632326103
1956,2395_LeafPhotoA_2025-09-08 12_20_28.826-05_00_2.png,1.5,1.6765915344411149
1957,2395_LeafPhotoA_2025-09-08 12_20_28.826-05_00_0.png,1.5,1.8567595002700579
1958,2395_LeafPhotoA_2025-09-08 12_20_28.826-05_00_3.png,1.5,1.764195938005924
1984,2630_LeafPhotoA_2025-09-09 11_53_58.743-05_00_0.png,2.0,1.8686758424418184
1985,2630_LeafPhotoA_2025-09-09 11_53_58.743-05_00_1.png,2.0,1.710261742980263
1986,2630_LeafPhotoA_2025-09-09 11_53_58.743-05_00_2.png,2.0,1.8225046397490612
1987,2630_LeafPhotoA_2025-09-09 11_53_58.743-05_00_3.png,2.0,1.8150623841753173
2000,1904_LeafPhotoA_2025-09-09 14_38_44.936-05_00_3.png,1.75,1.834075392792836
2001,1904_LeafPhotoA_2025-09-09 14_38_44.936-05_00_0.png,1.75,1.9706248849015529
2002,1904_LeafPhotoA_2025-09-09 14_38_44.936-05_00_2.png,1.75,1.9722717836563357
2003,1904_LeafPhotoA_2025-09-09 14_38_44.936-05_00_1.png,1.75,1.9888676823115083
2027,2597_LeafPhotoA_2025-09-09 10_25_46.649-05_00_2.png,1.75,1.627733701251018
2028,2597_LeafPhotoA_2025-09-09 10_25_46.649-05_00_1.png,1.75,1.73441806160896
2029,2597_LeafPhotoA_2025-09-09 10_25_46.649-05_00_0.png,1.75,1.7988286885449116
2067,1010_LeafPhotoA_2025-09-08 09_41_44.218-05_00_0.png,2.0,2.0556534622471387
2068,1010_LeafPhotoA_2025-09-08 09_41_44.218-05_00_1.png,2.0,1.9149372259402864
2069,1010_LeafPhotoA_2025-09-08 09_41_44.218-05_00_2.png,2.0,1.995585482011326
2070,1010_LeafPhotoA_2025-09-08 09_41_44.218-05_00_3.png,2.0,2.073941253238239
2079,1259_LeafPhotoA_2025-09-08 16_30_23.555-05_00_0.png,2.75,2.0930107044134605
2080,1259_LeafPhotoA_2025-09-08 16_30_23.555-05_00_3.png,2.75,2.00067827051421
2081,1259_LeafPhotoA_2025-09-08 16_30_23.555-05_00_1.png,2.75,2.0307093158886262
2082,1259_LeafPhotoA_2025-09-08 16_30_23.555-05_00_2.png,2.75,2.0268475860909683
2083,2561_LeafPhotoA_2025-09-09 11_01_04.730-05_00_1.png,1.75,1.8119952381424937
2084,2561_LeafPhotoA_2025-09-09 11_01_04.730-05_00_0.png,1.75,1.7198472491788959
2085,2561_LeafPhotoA_2025-09-09 11_01_04.730-05_00_2.png,1.75,1.9204168996893107
2086,2561_LeafPhotoA_2025-09-09 11_01_04.730-05_00_3.png,1.75,1.9893150649552527
2107,1202_LeafPhotoA_2025-09-08 10_46_25.784-05_00_3.png,1.25,1.7671789778043154
2108,1202_LeafPhotoA_2025-09-08 10_46_25.784-05_00_0.png,1.25,1.791700558176129
2109,1202_LeafPhotoA_2025-09-08 10_46_25.784-05_00_2.png,1.25,1.8584992467945474
2110,1202_LeafPhotoA_2025-09-08 10_46_25.784-05_00_1.png,1.25,1.8057727373178838
2134,1746_LeafPhotoA_2025-09-09 10_03_34.287-05_00_1.png,1.5,2.0479283293138733
2135,1746_LeafPhotoA_2025-09-09 10_03_34.287-05_00_0.png,1.5,1.8854683334112965
2136,1746_LeafPhotoA_2025-09-09 10_03_34.287-05_00_2.png,1.5,1.8912996855440727
2137,1931_LeafPhotoA_2025-09-09 15_27_04.726-05_00_1.png,1.25,1.798063547739402
2138,1931_LeafPhotoA_2025-09-09 15_27_04.726-05_00_0.png,1.25,1.8195885926509014
2139,1931_LeafPhotoA_2025-09-09 15_27_04.726-05_00_2.png,1.25,1.8133690638982953
2140,1931_LeafPhotoA_2025-09-09 15_27_04.726-05_00_3.png,1.25,1.7880588570571163
2153,1206_LeafPhotoA_2025-09-08 09_30_08.342-05_00_0.png,2.0,1.830902901768263
2154,1206_LeafPhotoA_2025-09-08 09_30_08.342-05_00_1.png,2.0,1.678501462711855
2155,1206_LeafPhotoA_2025-09-08 09_30_08.342-05_00_2.png,2.0,1.6167331386914277
2156,1206_LeafPhotoA_2025-09-08 09_30_08.342-05_00_3.png,2.0,1.5993126051002764
2169,1163_LeafPhotoA_2025-09-08 16_42_10.758-05_00_0.png,1.25,2.1082819841326788
2170,1163_LeafPhotoA_2025-09-08 16_42_10.758-05_00_1.png,1.25,2.225793624975331
2171,1163_LeafPhotoA_2025-09-08 16_42_10.758-05_00_2.png,1.25,2.148081164128751
2172,1163_LeafPhotoA_2025-09-08 16_42_10.758-05_00_3.png,1.25,2.2086270209462464
2173,2518_LeafPhotoA_2025-09-09 10_14_44.963-05_00_0.png,2.25,2.15244716688567
2174,2518_LeafPhotoA_2025-09-09 10_14_44.963-05_00_3.png,2.25,2.048619506228795
2175,2518_LeafPhotoA_2025-09-09 10_14_44.963-05_00_1.png,2.25,2.2432419490379663
2176,2518_LeafPhotoA_2025-09-09 10_14_44.963-05_00_2.png,2.25,2.0833443854906712
2181,2429_LeafPhotoB_2025-09-08 11_06_06.696-05_00_0.png,2.25,1.9689540903860387
2182,1227_LeafPhotoA_2025-09-08 10_09_23.405-05_00_0.png,2.25,1.9682101051602563
2183,1227_LeafPhotoA_2025-09-08 10_09_23.405-05_00_1.png,2.25,1.823553900385605
2188,,1.75,1.7715648504637005
2206,2403_LeafPhotoB_2025-09-08 10_42_58.623-05_00_0.png,1.25,1.5686381801006632
2207,2403_LeafPhotoB_2025-09-08 10_42_58.623-05_00_1.png,1.25,1.59217604094607
2208,2403_LeafPhotoB_2025-09-08 10_42_58.623-05_00_2.png,1.25,1.6571073063369175
2209,2403_LeafPhotoB_2025-09-08 10_42_58.623-05_00_3.png,1.25,1.5753635693189678
2223,1700_LeafPhotoA_2025-09-09 10_24_58.399-05_00_0.png,2.0,1.9374426532789528
2224,1700_LeafPhotoA_2025-09-09 10_24_58.399-05_00_1.png,2.0,1.6923046666606334
2225,1700_LeafPhotoA_2025-09-09 10_24_58.399-05_00_2.png,2.0,1.663513553645412
2230,,1.75,1.7715648504637005
2247,1774_LeafPhotoA_2025-09-09 09_53_13.789-05_00_0.png,1.25,1.9665079403002108
2248,1774_LeafPhotoA_2025-09-09 09_53_13.789-05_00_1.png,1.25,1.8591656058858816
2249,1774_LeafPhotoA_2025-09-09 09_53_13.789-05_00_2.png,1.25,1.8411264579047342
2250,1774_LeafPhotoA_2025-09-09 09_53_13.789-05_00_3.png,1.25,1.8584332598354962
2251,2692_LeafPhotoA_2025-09-09 10_39_36.661-05_00_2.png,1.25,1.899415861782964
2252,2692_LeafPhotoA_2025-09-09 10_39_36.661-05_00_0.png,1.25,1.692567139630933
2253,2692_LeafPhotoA_2025-09-09 10_39_36.661-05_00_3.png,1.25,1.833605328645384
2254,2692_LeafPhotoA_2025-09-09 10_39_36.661-05_00_1.png,1.25,1.87341935074353
2283,1490_LeafPhotoB_2025-09-08 16_54_44.052-05_00_2.png,1.5,1.9978429176777053
2284,1490_LeafPhotoB_2025-09-08 16_54_44.052-05_00_1.png,1.5,1.7905942953379808
2285,1490_LeafPhotoB_2025-09-08 16_54_44.052-05_00_0.png,1.5,1.8421097343448716
2306,1182_LeafPhotoA_2025-09-08 16_12_58.388-05_00_3.png,1.5,1.9780058845939377
2307,1182_LeafPhotoA_2025-09-08 16_12_58.388-05_00_2.png,1.5,2.1667559061353803
2308,1182_LeafPhotoA_2025-09-08 16_12_58.388-05_00_1.png,1.5,2.0989476253732624
2309,1182_LeafPhotoA_2025-09-08 16_12_58.388-05_00_0.png,1.5,2.191332253981827
2336,1220_LeafPhotoA_2025-09-08 09_59_32.289-05_00_0.png,2.25,1.7523730570765446
2337,1220_LeafPhotoA_2025-09-08 09_59_32.289-05_00_1.png,2.25,1.6827023740162192
2338,1220_LeafPhotoA_2025-09-08 09_59_32.289-05_00_2.png,2.25,1.818085395275036
2339,1220_LeafPhotoA_2025-09-08 09_59_32.289-05_00_3.png,2.25,1.812147491898206
2344,1550_LeafPhotoA_2025-09-09 09_52_22.748-05_00_1.png,2.25,2.077693344256258
2345,1550_LeafPhotoA_2025-09-09 09_52_22.748-05_00_0.png,2.25,2.1498791092834946
2346,1550_LeafPhotoA_2025-09-09 09_52_22.748-05_00_3.png,2.25,2.1067120531982395
2347,1550_LeafPhotoA_2025-09-09 09_52_22.748-05_00_2.png,2.25,1.9434841065662716
2358,2234_LeafPhotoA_2025-09-08 11_39_18.537-05_00_3.png,1.75,1.819401605661283
2359,2234_LeafPhotoA_2025-09-08 11_39_18.537-05_00_0.png,1.75,1.7692485250226642
2360,2234_LeafPhotoA_2025-09-08 11_39_18.537-05_00_2.png,1.75,1.8486509498104788
2361,2234_LeafPhotoA_2025-09-08 11_39_18.537-05_00_1.png,1.75,1.7082162382761512
2373,2201_LeafPhotoA_2025-09-08 10_47_34.501-05_00_1.png,1.25,1.9766736345950022
2374,2201_LeafPhotoA_2025-09-08 10_47_34.501-05_00_0.png,1.25,1.7022249664720266
2375,2201_LeafPhotoA_2025-09-08 10_47_34.501-05_00_3.png,1.25,1.8383984327734202
2376,2201_LeafPhotoA_2025-09-08 10_47_34.501-05_00_2.png,1.25,1.7809324834763829
2377,1174_LeafPhotoA_2025-09-08 16_26_52.134-05_00_0.png,1.5,2.118778063076038
2378,1174_LeafPhotoA_2025-09-08 16_26_52.134-05_00_1.png,1.5,2.0003844202685754
2379,1174_LeafPhotoA_2025-09-08 16_26_52.134-05_00_2.png,1.5,2.009743617242589
2380,1174_LeafPhotoA_2025-09-08 16_26_52.134-05_00_3.png,1.5,1.9416120830829504
2381,1278_LeafPhotoA_2025-09-08 16_08_45.462-05_00_1.png,2.0,1.8979359945301213
2382,1278_LeafPhotoA_2025-09-08 16_08_45.462-05_00_0.png,2.0,1.8951445216787095
2383,1278_LeafPhotoA_2025-09-08 16_08_45.462-05_00_3.png,2.0,1.6933092424807317
2384,1278_LeafPhotoA_2025-09-08 16_08_45.462-05_00_2.png,2.0,1.9978351295207284
2385,1735_LeafPhotoA_2025-09-09 09_46_39.828-05_00_2.png,3.25,1.8888491012824908
2386,1735_LeafPhotoA_2025-09-09 09_46_39.828-05_00_1.png,3.25,1.9608302000139646
2387,1735_LeafPhotoA_2025-09-09 09_46_39.828-05_00_3.png,3.25,1.8595144429323145
2388,1735_LeafPhotoA_2025-09-09 09_46_39.828-05_00_0.png,3.25,1.9630176647599356
2389,2174_LeafPhotoA_2025-09-09 12_15_14.269-05_00_0.png,2.25,1.9950219341162052
2390,2174_LeafPhotoA_2025-09-09 12_15_14.269-05_00_1.png,2.25,2.1470355072881215
2391,2174_LeafPhotoA_2025-09-09 12_15_14.269-05_00_2.png,2.25,2.2324697317525435
2392,2174_LeafPhotoA_2025-09-09 12_15_14.269-05_00_3.png,2.25,2.1897370948960404
2393,1702_LeafPhotoA_2025-09-09 10_12_12.772-05_00_3.png,3.0,1.77699832329532
2394,1702_LeafPhotoA_2025-09-09 10_12_12.772-05_00_1.png,3.0,1.7524050363645107
2395,1702_LeafPhotoA_2025-09-09 10_12_12.772-05_00_0.png,3.0,1.9776615504445791
2396,1702_LeafPhotoA_2025-09-09 10_12_12.772-05_00_2.png,3.0,1.8011861440194326
2412,2101_LeafPhotoA_2025-09-08 10_53_40.932-05_00_3.png,1.75,1.7640036185273695
2413,2101_LeafPhotoA_2025-09-08 10_53_40.932-05_00_0.png,1.75,1.6650601140104098
2414,2101_LeafPhotoA_2025-09-08 10_53_40.932-05_00_1.png,1.75,1.6740155134669594
2415,2101_LeafPhotoA_2025-09-08 10_53_40.932-05_00_2.png,1.75,1.875454872104001
2446,2201_LeafPhotoA_2025-09-08 10_47_11.543-05_00_3.png,1.0,1.7399594706334254
2447,2201_LeafPhotoA_2025-09-08 10_47_11.543-05_00_0.png,1.0,1.926737904584183
2448,2201_LeafPhotoA_2025-09-08 10_47_11.543-05_00_1.png,1.0,1.8686617525840399
2449,2201_LeafPhotoA_2025-09-08 10_47_11.543-05_00_2.png,1.0,1.7596803339634244
2454,1784_LeafPhotoA_2025-09-09 09_29_57.480-05_00_1.png,1.5,1.7234689028547023
2455,1784_LeafPhotoA_2025-09-09 09_29_57.480-05_00_2.png,1.5,1.9675119643267394
2456,1784_LeafPhotoA_2025-09-09 09_29_57.480-05_00_3.png,1.5,2.081544470850468
2457,1784_LeafPhotoA_2025-09-09 09_29_57.480-05_00_0.png,1.5,1.6785921050215242
2458,2756_LeafPhotoA_2025-09-09 16_27_37.923-05_00_0.png,1.25,1.9412506071808633
2459,2756_LeafPhotoA_2025-09-09 16_27_37.923-05_00_1.png,1.25,1.9181647897891387
2460,1329_LeafPhotoA_2025-09-08 09_56_53.667-05_00_2.png,2.5,1.9463010258628954
2461,1329_LeafPhotoA_2025-09-08 09_56_53.667-05_00_1.png,2.5,2.100658490199923
2462,1329_LeafPhotoA_2025-09-08 09_56_53.667-05_00_3.png,2.5,1.939920052878836
2463,1329_LeafPhotoA_2025-09-08 09_56_53.667-05_00_0.png,2.5,1.9989186641988255
2464,1616_LeafPhotoA_2025-09-09 09_41_23.675-05_00_0.png,2.0,1.8055787004492878
2465,1616_LeafPhotoA_2025-09-09 09_41_23.675-05_00_1.png,2.0,1.6148224539424703
2466,1616_LeafPhotoA_2025-09-09 09_41_23.675-05_00_2.png,2.0,1.7476101213216393
2467,1616_LeafPhotoA_2025-09-09 09_41_23.675-05_00_3.png,2.0,1.8573651645938585
2468,2562_LeafPhotoA_2025-09-09 10_59_13.146-05_00_1.png,2.5,1.6980105859335128
2469,2562_LeafPhotoA_2025-09-09 10_59_13.146-05_00_0.png,2.5,1.7690410522261244
2470,2562_LeafPhotoA_2025-09-09 10_59_13.146-05_00_2.png,2.5,2.0205370670324494
2490,1186_LeafPhotoA_2025-09-08 16_05_34.142-05_00_0.png,1.25,2.002542440610515
2491,1186_LeafPhotoA_2025-09-08 16_05_34.142-05_00_3.png,1.25,1.9026239522981885
2492,1186_LeafPhotoA_2025-09-08 16_05_34.142-05_00_2.png,1.25,1.988477262120996
2493,1186_LeafPhotoA_2025-09-08 16_05_34.142-05_00_1.png,1.25,1.968192338055983
2528,1155_LeafPhotoA_2025-09-08 16_53_48.092-05_00_0.png,1.75,2.085209478728081
2529,1155_LeafPhotoA_2025-09-08 16_53_48.092-05_00_2.png,1.75,1.99908519777624
2530,1155_LeafPhotoA_2025-09-08 16_53_48.092-05_00_1.png,1.75,1.9841671891234964
2546,,1.25,1.7715648504637005
2592,,2.0,1.7715648504637005
2601,1445_LeafPhotoB_2025-09-08 10_34_53.870-05_00_3.png,1.5,1.6462351255005192
2602,1445_LeafPhotoB_2025-09-08 10_34_53.870-05_00_1.png,1.5,1.70180758359368
2603,1445_LeafPhotoB_2025-09-08 10_34_53.870-05_00_0.png,1.5,1.7707657879599759
2604,1445_LeafPhotoB_2025-09-08 10_34_53.870-05_00_2.png,1.5,1.713090794758967
2613,2703_LeafPhotoA_2025-09-09 10_15_56.392-05_00_2.png,4.25,2.155950015922975
2614,2703_LeafPhotoA_2025-09-09 10_15_56.392-05_00_1.png,4.25,2.2354385268087493
2615,2703_LeafPhotoA_2025-09-09 10_15_56.392-05_00_0.png,4.25,2.2355227733880865
2616,2703_LeafPhotoA_2025-09-09 10_15_56.392-05_00_3.png,4.25,2.169242891056903
2625,1234_LeafPhotoA_2025-09-08 10_19_27.121-05_00_2.png,1.5,1.8214329071448845
2626,1234_LeafPhotoA_2025-09-08 10_19_27.121-05_00_0.png,1.5,1.7484367451353449
2627,1234_LeafPhotoA_2025-09-08 10_19_27.121-05_00_1.png,1.5,1.68144687646885
2628,1234_LeafPhotoA_2025-09-08 10_19_27.121-05_00_3.png,1.5,1.6420729240243424
2646,2266_LeafPhotoA_2025-09-08 17_17_09.917-05_00_2.png,2.75,2.0508237068913964
2647,2266_LeafPhotoA_2025-09-08 17_17_09.917-05_00_3.png,2.75,2.073265667277447
2648,2266_LeafPhotoA_2025-09-08 17_17_09.917-05_00_0.png,2.75,2.076480723998708
2649,2266_LeafPhotoA_2025-09-08 17_17_09.917-05_00_1.png,2.75,1.9061643382148916
2662,2978_LeafPhotoA_2025-09-09 16_28_25.306-05_00_3.png,1.5,1.650973664058465
2663,2978_LeafPhotoA_2025-09-09 16_28_25.306-05_00_0.png,1.5,1.9074266820076824
2664,2978_LeafPhotoA_2025-09-09 16_28_25.306-05_00_1.png,1.5,1.7186008169327875
2665,2978_LeafPhotoA_2025-09-09 16_28_25.306-05_00_2.png,1.5,1.670692867404675
2687,1891_LeafPhotoA_2025-09-09 17_16_06.533-05_00_0.png,1.5,2.0524726528121224
2688,1891_LeafPhotoA_2025-09-09 17_16_06.533-05_00_1.png,1.5,2.0981374872695104
2689,1891_LeafPhotoA_2025-09-09 17_16_06.533-05_00_3.png,1.5,1.7626206225727319
2690,1891_LeafPhotoA_2025-09-09 17_16_06.533-05_00_2.png,1.5,1.9239207804069216
2719,1144_LeafPhotoA_2025-09-08 10_40_26.306-05_00_1.png,2.25,1.9775814679440364
2720,1144_LeafPhotoA_2025-09-08 10_40_26.306-05_00_0.png,2.25,1.923127328473256
2721,1144_LeafPhotoA_2025-09-08 10_40_26.306-05_00_3.png,2.25,1.9396085537497956
2722,1144_LeafPhotoA_2025-09-08 10_40_26.306-05_00_2.png,2.25,1.9297511521966717
2753,1621_LeafPhotoA_2025-09-09 09_52_05.240-05_00_2.png,1.25,1.6664173949021963
2754,1621_LeafPhotoA_2025-09-09 09_52_05.240-05_00_1.png,1.25,1.5444310244426946
2755,1621_LeafPhotoA_2025-09-09 09_52_05.240-05_00_3.png,1.25,1.6614952101132436
2756,1621_LeafPhotoA_2025-09-09 09_52_05.240-05_00_0.png,1.25,1.8457945702952208
2757,,2.5,1.7715648504637005
2774,1288_LeafPhotoA_2025-09-08 15_59_14.840-05_00_0.png,1.5,2.087348194024919
2775,1288_LeafPhotoA_2025-09-08 15_59_14.840-05_00_2.png,1.5,1.9265524835582162
2776,1288_LeafPhotoA_2025-09-08 15_59_14.840-05_00_1.png,1.5,1.864245017260485
2784,1648_LeafPhotoA_2025-09-09 10_43_26.038-05_00_0.png,2.0,1.9173744985342296
2785,1648_LeafPhotoA_2025-09-09 10_43_26.038-05_00_1.png,2.0,2.0517527884388267
2786,1648_LeafPhotoA_2025-09-09 10_43_26.038-05_00_2.png,2.0,1.9204305000756363
2787,1648_LeafPhotoA_2025-09-09 10_43_26.038-05_00_3.png,2.0,2.0408106697140855
2805,,1.75,1.7715648504637005
2807,1415_LeafPhotoB_2025-09-08 10_09_27.941-05_00_0.png,1.25,1.815177536943996
2808,1415_LeafPhotoB_2025-09-08 10_09_27.941-05_00_1.png,1.25,1.8027030116319014
2809,1415_LeafPhotoB_2025-09-08 10_09_27.941-05_00_2.png,1.25,1.663378877601908
2810,1415_LeafPhotoB_2025-09-08 10_09_27.941-05_00_3.png,1.25,1.7783975695733125
2811,1829_LeafPhotoA_2025-09-09 09_31_52.096-05_00_0.png,2.25,1.588037835200252
2812,1829_LeafPhotoA_2025-09-09 09_31_52.096-05_00_1.png,2.25,1.724998871936938
2813,1829_LeafPhotoA_2025-09-09 09_31_52.096-05_00_2.png,2.25,1.854113275625355
2814,1829_LeafPhotoA_2025-09-09 09_31_52.096-05_00_3.png,2.25,1.652626543156333
2827,2802_LeafPhotoA_2025-09-09 10_10_24.476-05_00_0.png,2.25,1.9443830537864377
2828,2802_LeafPhotoA_2025-09-09 10_10_24.476-05_00_1.png,2.25,1.6860967674879705
2829,2802_LeafPhotoA_2025-09-09 10_10_24.476-05_00_2.png,2.25,1.6875070093828917
2830,2802_LeafPhotoA_2025-09-09 10_10_24.476-05_00_3.png,2.25,1.6651867109767162
2831,1057_LeafPhotoA_2025-09-08 12_48_09.886-05_00_1.png,4.0,2.0977899214863247
2832,1057_LeafPhotoA_2025-09-08 12_48_09.886-05_00_0.png,4.0,2.052506132668878
2833,1803_LeafPhotoA_2025-09-09 08_52_14.872-05_00_0.png,1.5,1.6640264335002246
2834,1803_LeafPhotoA_2025-09-09 08_52_14.872-05_00_3.png,1.5,1.71378925981086
2835,1803_LeafPhotoA_2025-09-09 08_52_14.872-05_00_1.png,1.5,1.6292283593679944
2836,1803_LeafPhotoA_2025-09-09 08_52_14.872-05_00_2.png,1.5,1.6850399140615266
2865,2532_LeafPhotoA_2025-09-09 10_30_36.212-05_00_0.png,1.5,1.9646396319565564
2866,2532_LeafPhotoA_2025-09-09 10_30_36.212-05_00_1.png,1.5,2.0014056375502256
2867,2532_LeafPhotoA_2025-09-09 10_30_36.212-05_00_2.png,1.5,2.0201658528976396
2868,2532_LeafPhotoA_2025-09-09 10_30_36.212-05_00_3.png,1.5,1.9948422013331333
2876,2519_LeafPhotoA_2025-09-09 10_16_07.193-05_00_0.png,1.25,1.8997870630482137
2877,2519_LeafPhotoA_2025-09-09 10_16_07.193-05_00_1.png,1.25,1.8339549826973638
2878,2519_LeafPhotoA_2025-09-09 10_16_07.193-05_00_2.png,1.25,1.8674349218154245
2879,2519_LeafPhotoA_2025-09-09 10_16_07.193-05_00_3.png,1.25,2.0659121415891697
2964,2783_LeafPhotoA_2025-09-09 15_14_29.872-05_00_1.png,1.25,2.0670895144519967
2965,2783_LeafPhotoA_2025-09-09 15_14_29.872-05_00_2.png,1.25,1.8383395166468146
2966,2783_LeafPhotoA_2025-09-09 15_14_29.872-05_00_0.png,1.25,2.127758818608992
2967,2783_LeafPhotoA_2025-09-09 15_14_29.872-05_00_3.png,1.25,1.7232378216683557
2984,2331_LeafPhotoA_2025-09-08 10_59_46.770-05_00_2.png,2.5,1.9338250054254311
2985,2331_LeafPhotoA_2025-09-08 10_59_46.770-05_00_0.png,2.5,1.9193303033758382
2986,2331_LeafPhotoA_2025-09-08 10_59_46.770-05_00_1.png,2.5,2.069633576141244
2987,2993_LeafPhotoA_2025-09-09 16_47_51.394-05_00_2.png,1.5,2.132046646008576
2988,2993_LeafPhotoA_2025-09-09 16_47_51.394-05_00_1.png,1.5,1.960119911427259
2989,2993_LeafPhotoA_2025-09-09 16_47_51.394-05_00_0.png,1.5,1.911027363931595
2990,2993_LeafPhotoA_2025-09-09 16_47_51.394-05_00_3.png,1.5,2.0460702238481128
3007,2729_LeafPhotoA_2025-09-09 10_55_26.872-05_00_2.png,2.75,2.015398982800394
3008,2729_LeafPhotoA_2025-09-09 10_55_26.872-05_00_0.png,2.75,2.0831493987971004
3009,2729_LeafPhotoA_2025-09-09 10_55_26.872-05_00_3.png,2.75,1.844446519859782
3010,2729_LeafPhotoA_2025-09-09 10_55_26.872-05_00_1.png,2.75,2.009109539968493
3023,1616_LeafPhotoA_2025-09-09 09_40_32.568-05_00_0.png,1.5,1.8950420792684504
3024,1616_LeafPhotoA_2025-09-09 09_40_32.568-05_00_1.png,1.5,1.8112218483136875
3025,1616_LeafPhotoA_2025-09-09 09_40_32.568-05_00_2.png,1.5,1.736737437693187
3034,,1.75,1.7715648504637005
3039,2734_LeafPhotoA_2025-09-09 11_00_52.812-05_00_1.png,2.25,1.956631967122898
3040,2734_LeafPhotoA_2025-09-09 11_00_52.812-05_00_2.png,2.25,2.21363466109457
3041,2734_LeafPhotoA_2025-09-09 11_00_52.812-05_00_0.png,2.25,2.0142070641199306
3042,2734_LeafPhotoA_2025-09-09 11_00_52.812-05_00_3.png,2.25,2.1069170696595694
3084,2246_LeafPhotoA_2025-09-08 11_58_26.493-05_00_0.png,2.25,1.9899381126524724
3085,2246_LeafPhotoA_2025-09-08 11_58_26.493-05_00_1.png,2.25,1.8688437406945047
3086,2246_LeafPhotoA_2025-09-08 11_58_26.493-05_00_3.png,2.25,1.875033384982857
3087,2246_LeafPhotoA_2025-09-08 11_58_26.493-05_00_2.png,2.25,1.9786699845602354
3088,1815_LeafPhotoA_2025-09-09 09_11_30.894-05_00_0.png,1.25,1.8164758957905491
3106,2916_LeafPhotoA_2025-09-09 16_36_27.915-05_00_1.png,3.0,1.8019839042563275
3107,2916_LeafPhotoA_2025-09-09 16_36_27.915-05_00_0.png,3.0,1.882666373499273
3108,2916_LeafPhotoA_2025-09-09 16_36_27.915-05_00_2.png,3.0,1.659092350802307
3113,2234_LeafPhotoA_2025-09-08 11_39_01.597-05_00_1.png,1.5,1.6930743339974552
3114,2234_LeafPhotoA_2025-09-08 11_39_01.597-05_00_2.png,1.5,1.7521761018519557
3115,2234_LeafPhotoA_2025-09-08 11_39_01.597-05_00_0.png,1.5,1.6281600050034877
3116,2234_LeafPhotoA_2025-09-08 11_39_01.597-05_00_3.png,1.5,1.7817394535155033
3121,1615_LeafPhotoA_2025-09-09 09_38_30.259-05_00_0.png,1.75,2.050256782077517
3122,1615_LeafPhotoA_2025-09-09 09_38_30.259-05_00_1.png,1.75,1.9504969185374188
3123,1615_LeafPhotoA_2025-09-09 09_38_30.259-05_00_3.png,1.75,1.9081037340698817
3124,1615_LeafPhotoA_2025-09-09 09_38_30.259-05_00_2.png,1.75,2.115022040501156
3137,1528_LeafPhotoA_2025-09-09 09_26_28.328-05_00_0.png,3.25,2.100349126240332
3138,1528_LeafPhotoA_2025-09-09 09_26_28.328-05_00_1.png,3.25,2.0273142540992297
3139,1528_LeafPhotoA_2025-09-09 09_26_28.328-05_00_2.png,3.25,2.2201128402377313
3140,1528_LeafPhotoA_2025-09-09 09_26_28.328-05_00_3.png,3.25,2.0136934615146225
3165,1566_LeafPhotoA_2025-09-09 10_03_07.791-05_00_3.png,1.5,1.8379896728873126
3166,1566_LeafPhotoA_2025-09-09 10_03_07.791-05_00_0.png,1.5,1.7912109389095143
3167,1566_LeafPhotoA_2025-09-09 10_03_07.791-05_00_2.png,1.5,1.8787021445885121
3168,1566_LeafPhotoA_2025-09-09 10_03_07.791-05_00_1.png,1.5,1.8104818060833316
3173,2444_LeafPhotoB_2025-09-08 11_19_56.783-05_00_0.png,2.25,1.995379724377497
3174,2444_LeafPhotoB_2025-09-08 11_19_56.783-05_00_1.png,2.25,2.0962595664743855
3175,2444_LeafPhotoB_2025-09-08 11_19_56.783-05_00_2.png,2.25,2.2228220189589063
3176,2444_LeafPhotoB_2025-09-08 11_19_56.783-05_00_3.png,2.25,1.9927498478299186
3193,,1.25,1.7715648504637005
3206,1599_LeafPhotoA_2025-09-09 10_23_41.725-05_00_0.png,1.5,1.850278850559593
3240,1411_LeafPhotoB_2025-09-08 10_05_27.189-05_00_0.png,1.25,1.7720231200473069
3241,1411_LeafPhotoB_2025-09-08 10_05_27.189-05_00_1.png,1.25,1.6673307137344713
3242,1411_LeafPhotoB_2025-09-08 10_05_27.189-05_00_2.png,1.25,1.7892106640054322
3243,1411_LeafPhotoB_2025-09-08 10_05_27.189-05_00_3.png,1.25,1.7106588960481062
3249,1011_LeafPhotoA_2025-09-08 09_42_35.227-05_00_0.png,2.25,2.11272393404669
3250,1011_LeafPhotoA_2025-09-08 09_42_35.227-05_00_1.png,2.25,1.9869468633697407
3251,1011_LeafPhotoA_2025-09-08 09_42_35.227-05_00_2.png,2.25,2.0525615087016735
3255,2716_LeafPhotoA_2025-09-09 10_35_36.382-05_00_0.png,2.75,2.003928602373504
3256,2716_LeafPhotoA_2025-09-09 10_35_36.382-05_00_1.png,2.75,1.8824378145276084
3257,2202_LeafPhotoA_2025-09-08 10_48_52.303-05_00_1.png,1.5,1.67674616923566
3258,2202_LeafPhotoA_2025-09-08 10_48_52.303-05_00_3.png,1.5,1.7596412174614817
3259,2202_LeafPhotoA_2025-09-08 10_48_52.303-05_00_0.png,1.5,1.7315981941242553
3260,2202_LeafPhotoA_2025-09-08 10_48_52.303-05_00_2.png,1.5,1.8208141271366778
3285,1933_LeafPhotoA_2025-09-09 15_28_49.123-05_00_0.png,2.25,1.8380106733034114
3286,1933_LeafPhotoA_2025-09-09 15_28_49.123-05_00_1.png,2.25,2.017528682749247
3287,1933_LeafPhotoA_2025-09-09 15_28_49.123-05_00_2.png,2.25,1.988820993489869
3288,1933_LeafPhotoA_2025-09-09 15_28_49.123-05_00_3.png,2.25,1.8567554483632873
3311,1828_LeafPhotoA_2025-09-09 09_30_57.848-05_00_0.png,2.0,1.813098652856163
3312,1828_LeafPhotoA_2025-09-09 09_30_57.848-05_00_1.png,2.0,1.72742194500302
3313,1828_LeafPhotoA_2025-09-09 09_30_57.848-05_00_2.png,2.0,1.7097576679547344
3314,1828_LeafPhotoA_2025-09-09 09_30_57.848-05_00_3.png,2.0,1.693821304238632
3326,2866_LeafPhotoA_2025-09-09 14_51_42.101-05_00_1.png,1.25,1.934618851117652
3327,2866_LeafPhotoA_2025-09-09 14_51_42.101-05_00_0.png,1.25,2.111212917260169
3351,1815_LeafPhotoA_2025-09-09 09_11_08.154-05_00_2.png,1.5,1.7272722416539565
3352,1815_LeafPhotoA_2025-09-09 09_11_08.154-05_00_3.png,1.5,1.7130358937185308
3353,1815_LeafPhotoA_2025-09-09 09_11_08.154-05_00_1.png,1.5,1.753561723497252
3354,1815_LeafPhotoA_2025-09-09 09_11_08.154-05_00_0.png,1.5,1.8519984576437387
3365,2184_LeafPhotoA_2025-09-09 12_29_02.951-05_00_0.png,1.25,1.874319880555623
3366,2184_LeafPhotoA_2025-09-09 12_29_02.951-05_00_2.png,1.25,1.8130060399965076
3367,2184_LeafPhotoA_2025-09-09 12_29_02.951-05_00_1.png,1.25,1.8134202176285172
3368,2184_LeafPhotoA_2025-09-09 12_29_02.951-05_00_3.png,1.25,1.8514269219718593
3370,1904_LeafPhotoA_2025-09-09 14_39_09.961-05_00_0.png,4.75,2.1305542838305267
3371,1904_LeafPhotoA_2025-09-09 14_39_09.961-05_00_2.png,4.75,2.0690660490811528
3372,1904_LeafPhotoA_2025-09-09 14_39_09.961-05_00_1.png,4.75,1.990305019858667
3405,2662_LeafPhotoA_2025-09-09 11_35_09.264-05_00_0.png,2.25,2.0587483028076594
3406,2662_LeafPhotoA_2025-09-09 11_35_09.264-05_00_1.png,2.25,2.0485352432064405
3407,2662_LeafPhotoA_2025-09-09 11_35_09.264-05_00_3.png,2.25,2.155521519869987
3408,2662_LeafPhotoA_2025-09-09 11_35_09.264-05_00_2.png,2.25,2.2190523224544862
3441,2395_LeafPhotoA_2025-09-08 12_20_11.123-05_00_1.png,2.25,2.1539976178751674
3442,2395_LeafPhotoA_2025-09-08 12_20_11.123-05_00_3.png,2.25,2.0710385956184
3443,2395_LeafPhotoA_2025-09-08 12_20_11.123-05_00_0.png,2.25,2.0879009624196114
3444,2395_LeafPhotoA_2025-09-08 12_20_11.123-05_00_2.png,2.25,2.050666721745207
3479,5031_LeafPhotoA_2025-09-09 16_57_35.057-05_00_3.png,1.25,1.7193072305862682
3480,5031_LeafPhotoA_2025-09-09 16_57_35.057-05_00_0.png,1.25,1.6581911653891015
3481,5031_LeafPhotoA_2025-09-09 16_57_35.057-05_00_2.png,1.25,1.6721216111916317
3482,5031_LeafPhotoA_2025-09-09 16_57_35.057-05_00_1.png,1.25,1.6452751014854714
3499,1307_LeafPhotoA_2025-09-08 09_22_15.163-05_00_3.png,1.75,1.731292018361219
3500,1307_LeafPhotoA_2025-09-08 09_22_15.163-05_00_2.png,1.75,1.891333363993679
3501,1307_LeafPhotoA_2025-09-08 09_22_15.163-05_00_0.png,1.75,1.7589475021304903
3502,1307_LeafPhotoA_2025-09-08 09_22_15.163-05_00_1.png,1.75,1.6762235917408619
3517,2120_LeafPhotoA_2025-09-08 11_31_02.513-05_00_0.png,1.25,1.743366319451159
3518,2120_LeafPhotoA_2025-09-08 11_31_02.513-05_00_1.png,1.25,1.7086940229976095
3519,2120_LeafPhotoA_2025-09-08 11_31_02.513-05_00_3.png,1.25,1.7767649409199315
3520,2120_LeafPhotoA_2025-09-08 11_31_02.513-05_00_2.png,1.25,1.6779510302568326
3521,1259_LeafPhotoA_2025-09-08 16_30_12.453-05_00_1.png,2.25,1.9322073279398393
3522,1259_LeafPhotoA_2025-09-08 16_30_12.453-05_00_3.png,2.25,1.9076738783245997
3523,1259_LeafPhotoA_2025-09-08 16_30_12.453-05_00_0.png,2.25,1.7812974204963827
3524,1259_LeafPhotoA_2025-09-08 16_30_12.453-05_00_2.png,2.25,1.9987275908149187
3533,2318_LeafPhotoA_2025-09-08 10_46_40.691-05_00_0.png,1.0,1.8447512821380017
3534,2318_LeafPhotoA_2025-09-08 10_46_40.691-05_00_1.png,1.0,1.8182212209458615
3535,2318_LeafPhotoA_2025-09-08 10_46_40.691-05_00_3.png,1.0,1.7525602391795179
3536,2318_LeafPhotoA_2025-09-08 10_46_40.691-05_00_2.png,1.0,1.7784285824147483
3546,1806_LeafPhotoA_2025-09-09 08_58_19.870-05_00_0.png,3.0,1.7982718764173047
3547,1806_LeafPhotoA_2025-09-09 08_58_32.090-05_00_2.png,1.75,1.7583356250319786
3548,1806_LeafPhotoA_2025-09-09 08_58_32.090-05_00_3.png,1.75,1.600310203226104
3549,1806_LeafPhotoA_2025-09-09 08_58_32.090-05_00_0.png,1.75,1.6243506316686012
3550,1806_LeafPhotoA_2025-09-09 08_58_32.090-05_00_1.png,1.75,1.7384048934341478
3551,2205_LeafPhotoA_2025-09-08 10_52_49.920-05_00_1.png,2.0,1.7560295201525136
3552,2205_LeafPhotoA_2025-09-08 10_52_49.920-05_00_3.png,2.0,1.7247955355604494
3553,2205_LeafPhotoA_2025-09-08 10_52_49.920-05_00_0.png,2.0,1.7534073298401347
3554,2205_LeafPhotoA_2025-09-08 10_52_49.920-05_00_2.png,2.0,1.884852837509872
3555,2205_LeafPhotoA_2025-09-08 10_52_29.620-05_00_2.png,1.25,1.6608926893351963
3556,2205_LeafPhotoA_2025-09-08 10_52_29.620-05_00_1.png,1.25,1.7230536058704484
3557,2205_LeafPhotoA_2025-09-08 10_52_29.620-05_00_0.png,1.25,1.7998290326334425
3558,2205_LeafPhotoA_2025-09-08 10_52_29.620-05_00_3.png,1.25,1.6740535991396701
3559,1806_LeafPhotoA_2025-09-09 08_58_50.435-05_00_1.png,2.25,1.8347982136327718
3560,1806_LeafPhotoA_2025-09-09 08_58_50.435-05_00_2.png,2.25,1.7355233268301185
3561,1806_LeafPhotoA_2025-09-09 08_58_50.435-05_00_3.png,2.25,1.7735525298977575
3562,1806_LeafPhotoA_2025-09-09 08_58_50.435-05_00_0.png,2.25,1.7363671967370342
3563,2205_LeafPhotoA_2025-09-08 10_52_09.894-05_00_0.png,1.5,1.889507134020416
3564,2205_LeafPhotoA_2025-09-08 10_52_09.894-05_00_3.png,1.5,1.656292144498197
3565,2205_LeafPhotoA_2025-09-08 10_52_09.894-05_00_2.png,1.5,1.743648003054738
3566,2205_LeafPhotoA_2025-09-08 10_52_09.894-05_00_1.png,1.5,1.8532403756790492
3,2601_LeafPhotoA_2025-09-09 10_53_20.928-05_00_1.png,1.0,1.825256788860651
4,2601_LeafPhotoA_2025-09-09 10_53_20.928-05_00_0.png,1.0,1.6304331413179614
5,2601_LeafPhotoA_2025-09-09 10_53_20.928-05_00_2.png,1.0,1.740240866110315
6,2601_LeafPhotoA_2025-09-09 10_53_20.928-05_00_3.png,1.0,1.7335760455910327
34,1483_LeafPhotoB_2025-09-08 16_48_33.487-05_00_1.png,1.25,1.827182797269703
35,1483_LeafPhotoB_2025-09-08 16_48_33.487-05_00_0.png,1.25,1.8171835869923754
36,1483_LeafPhotoB_2025-09-08 16_48_33.487-05_00_2.png,1.25,1.6695422275243161
37,1483_LeafPhotoB_2025-09-08 16_48_33.487-05_00_3.png,1.25,1.6161967031533353
66,1864_LeafPhotoA_2025-09-09 16_54_10.885-05_00_3.png,2.25,1.8500419754273414
67,1864_LeafPhotoA_2025-09-09 16_54_10.885-05_00_2.png,2.25,1.9328678373314951
68,1864_LeafPhotoA_2025-09-09 16_54_10.885-05_00_1.png,2.25,1.9622737507365051
69,1864_LeafPhotoA_2025-09-09 16_54_10.885-05_00_0.png,2.25,1.8383153684513271
70,1459_LeafPhotoB_2025-09-08 12_35_29.491-05_00_2.png,2.5,1.989197032986954
71,1459_LeafPhotoB_2025-09-08 12_35_29.491-05_00_0.png,2.5,1.9313661014284553
72,1459_LeafPhotoB_2025-09-08 12_35_29.491-05_00_1.png,2.5,2.065061295110228
81,2330_LeafPhotoA_2025-09-08 10_58_31.927-05_00_3.png,1.25,1.80012716192879
82,2330_LeafPhotoA_2025-09-08 10_58_31.927-05_00_0.png,1.25,1.8281791659727813
83,2330_LeafPhotoA_2025-09-08 10_58_31.927-05_00_2.png,1.25,1.8227334290529762
84,2330_LeafPhotoA_2025-09-08 10_58_31.927-05_00_1.png,1.25,1.8788950424065334
138,1945_LeafPhotoA_2025-09-09 16_03_25.425-05_00_0.png,2.0,1.9843434759523668
139,1945_LeafPhotoA_2025-09-09 16_03_25.425-05_00_1.png,2.0,1.7431362828683694
179,1984_LeafPhotoA_2025-09-09 16_31_27.437-05_00_2.png,1.25,1.686748975236259
180,1984_LeafPhotoA_2025-09-09 16_31_27.437-05_00_0.png,1.25,1.8385771773916013
181,1984_LeafPhotoA_2025-09-09 16_31_27.437-05_00_1.png,1.25,1.6888651641213321
182,2965_LeafPhotoA_2025-09-09 16_10_16.858-05_00_2.png,1.75,1.9723509100333798
183,2965_LeafPhotoA_2025-09-09 16_10_16.858-05_00_0.png,1.75,1.8512292664859584
184,2965_LeafPhotoA_2025-09-09 16_10_16.858-05_00_1.png,1.75,2.0023509104938224
185,2965_LeafPhotoA_2025-09-09 16_10_16.858-05_00_3.png,1.75,1.8612204555286267
194,1209_LeafPhotoA_2025-09-08 09_37_14.965-05_00_2.png,1.25,1.6837117653010987
195,1209_LeafPhotoA_2025-09-08 09_37_14.965-05_00_0.png,1.25,1.8532211806887198
196,1209_LeafPhotoA_2025-09-08 09_37_14.965-05_00_3.png,1.25,1.6311708950274766
197,1209_LeafPhotoA_2025-09-08 09_37_14.965-05_00_1.png,1.25,1.7291327909453866
198,1644_LeafPhotoA_2025-09-09 10_35_46.183-05_00_0.png,1.5,1.7459151866016476
199,1644_LeafPhotoA_2025-09-09 10_35_46.183-05_00_1.png,1.5,1.8152898749843545
200,1644_LeafPhotoA_2025-09-09 10_35_46.183-05_00_2.png,1.5,1.662466378505611
201,1644_LeafPhotoA_2025-09-09 10_35_46.183-05_00_3.png,1.5,1.6857129008238587
202,2905_LeafPhotoA_2025-09-09 16_23_24.410-05_00_3.png,3.0,1.9738971763745368
203,2905_LeafPhotoA_2025-09-09 16_23_24.410-05_00_1.png,3.0,1.9025684362990374
204,2905_LeafPhotoA_2025-09-09 16_23_24.410-05_00_2.png,3.0,2.068400877107602
205,2905_LeafPhotoA_2025-09-09 16_23_24.410-05_00_0.png,3.0,1.897909700490159
218,2680_LeafPhotoA_2025-09-09 11_02_16.370-05_00_0.png,3.0,1.8827850938191495
219,2680_LeafPhotoA_2025-09-09 11_02_16.370-05_00_1.png,3.0,1.754790859323425
220,2680_LeafPhotoA_2025-09-09 11_02_16.370-05_00_3.png,3.0,1.7952051615220754
221,2680_LeafPhotoA_2025-09-09 11_02_16.370-05_00_2.png,3.0,1.9635488581215292
249,1877_LeafPhotoA_2025-09-09 17_04_30.257-05_00_0.png,1.5,1.833072137036134
250,1877_LeafPhotoA_2025-09-09 17_04_30.257-05_00_1.png,1.5,1.8395839692951832
251,1877_LeafPhotoA_2025-09-09 17_04_30.257-05_00_2.png,1.5,1.8916506802088622
252,1877_LeafPhotoA_2025-09-09 17_04_30.257-05_00_3.png,1.5,1.748296616759089
292,6024_LeafPhotoA_2025-09-09 16_37_05.339-05_00_0.png,1.0,1.7258577515186693
313,2891_LeafPhotoA_2025-09-09 14_01_28.259-05_00_0.png,1.75,1.91027776981468
314,2891_LeafPhotoA_2025-09-09 14_01_28.259-05_00_1.png,1.75,1.9030938902844972
315,2891_LeafPhotoA_2025-09-09 14_01_28.259-05_00_2.png,1.75,1.727585033488344
316,2891_LeafPhotoA_2025-09-09 14_01_28.259-05_00_3.png,1.75,1.8180789879182016
317,1233_LeafPhotoA_2025-09-08 10_18_11.748-05_00_2.png,1.0,1.809645274449223
318,1233_LeafPhotoA_2025-09-08 10_18_11.748-05_00_1.png,1.0,1.8207787427517002
319,1233_LeafPhotoA_2025-09-08 10_18_11.748-05_00_0.png,1.0,1.7986534693792955
348,1834_LeafPhotoA_2025-09-09 09_42_27.442-05_00_0.png,2.5,1.7151763420812838
349,1834_LeafPhotoA_2025-09-09 09_42_27.442-05_00_1.png,2.5,1.62709784405929
350,1834_LeafPhotoA_2025-09-09 09_42_27.442-05_00_2.png,2.5,1.67766371022419
351,1834_LeafPhotoA_2025-09-09 09_42_27.442-05_00_3.png,2.5,1.7220116871016535
376,2450_LeafPhotoB_2025-09-08 11_25_41.315-05_00_2.png,1.25,1.70101735589053
377,2450_LeafPhotoB_2025-09-08 11_25_41.315-05_00_3.png,1.25,1.662247272136232
378,2450_LeafPhotoB_2025-09-08 11_25_41.315-05_00_0.png,1.25,1.8044722095432828
379,2450_LeafPhotoB_2025-09-08 11_25_41.315-05_00_1.png,1.25,1.76424923189126
415,1306_LeafPhotoA_2025-09-08 09_21_07.935-05_00_0.png,2.0,1.9552499106755732
416,1306_LeafPhotoA_2025-09-08 09_21_07.935-05_00_1.png,2.0,1.7991066343988282
417,1306_LeafPhotoA_2025-09-08 09_21_07.935-05_00_2.png,2.0,2.0316578019463463
430,1151_LeafPhotoA_2025-09-08 16_59_29.011-05_00_0.png,2.0,1.9365858550070276
431,1151_LeafPhotoA_2025-09-08 16_59_29.011-05_00_1.png,2.0,1.9287119078408268
432,1151_LeafPhotoA_2025-09-08 16_59_29.011-05_00_2.png,2.0,1.8584032334758716
483,2908_LeafPhotoA_2025-09-09 16_27_08.906-05_00_1.png,2.25,1.7231031249063034
484,2908_LeafPhotoA_2025-09-09 16_27_08.906-05_00_3.png,2.25,1.7756731894642572
485,2908_LeafPhotoA_2025-09-09 16_27_08.906-05_00_0.png,2.25,1.855600691491171
486,2908_LeafPhotoA_2025-09-09 16_27_08.906-05_00_2.png,2.25,1.8308318894083215
509,1101_LeafPhotoA_2025-09-08 10_50_13.286-05_00_3.png,2.75,1.9124192415892183
510,1101_LeafPhotoA_2025-09-08 10_50_13.286-05_00_2.png,2.75,2.0022095434141587
511,1101_LeafPhotoA_2025-09-08 10_50_13.286-05_00_1.png,2.75,2.0490311954568576
512,1101_LeafPhotoA_2025-09-08 10_50_13.286-05_00_0.png,2.75,1.7468095764153717
517,2652_LeafPhotoA_2025-09-09 11_26_03.712-05_00_0.png,3.0,1.7960060629463444
518,2652_LeafPhotoA_2025-09-09 11_26_03.712-05_00_3.png,3.0,1.775016052350976
519,2652_LeafPhotoA_2025-09-09 11_26_03.712-05_00_2.png,3.0,1.9014947575461543
520,2652_LeafPhotoA_2025-09-09 11_26_03.712-05_00_1.png,3.0,1.921600527936972
551,1711_LeafPhotoA_2025-09-09 09_06_57.472-05_00_0.png,4.5,1.929333319808682
552,1711_LeafPhotoA_2025-09-09 09_06_57.472-05_00_1.png,4.5,2.0646758460501804
553,1711_LeafPhotoA_2025-09-09 09_06_57.472-05_00_2.png,4.5,2.094690691853238
554,1711_LeafPhotoA_2025-09-09 09_06_57.472-05_00_3.png,4.5,1.9651150185504744
573,2071_LeafPhotoA_2025-09-08 12_06_01.483-05_00_0.png,2.5,1.8699711403147925
574,2071_LeafPhotoA_2025-09-08 12_06_01.483-05_00_1.png,2.5,1.8240681999649824
575,2071_LeafPhotoA_2025-09-08 12_06_01.483-05_00_2.png,2.5,1.8441167756606975
576,2071_LeafPhotoA_2025-09-08 12_06_01.483-05_00_3.png,2.5,1.9398395815691563
593,1758_LeafPhotoA_2025-09-09 10_31_19.555-05_00_3.png,2.0,1.9255820822839005
594,1758_LeafPhotoA_2025-09-09 10_31_19.555-05_00_1.png,2.0,2.2035318089888163
595,1758_LeafPhotoA_2025-09-09 10_31_19.555-05_00_0.png,2.0,1.9671882340185731
596,1758_LeafPhotoA_2025-09-09 10_31_19.555-05_00_2.png,2.0,1.7476827639571046
613,,4.25,1.6258300079592174
618,,2.0,1.6258300079592174
631,1469_LeafPhotoB_2025-09-08 16_35_32.382-05_00_0.png,1.0,1.909150408949389
632,1469_LeafPhotoB_2025-09-08 16_35_32.382-05_00_1.png,1.0,1.7841922586008556
633,1469_LeafPhotoB_2025-09-08 16_35_32.382-05_00_3.png,1.0,1.7454161099438137
634,1469_LeafPhotoB_2025-09-08 16_35_32.382-05_00_2.png,1.0,1.7389795756386062
659,1880_LeafPhotoA_2025-09-09 13_17_54.406-05_00_1.png,1.25,2.0958560485889244
660,1880_LeafPhotoA_2025-09-09 13_17_54.406-05_00_3.png,1.25,1.7999914541378603
661,1880_LeafPhotoA_2025-09-09 13_17_54.406-05_00_0.png,1.25,1.7413279392512069
662,1880_LeafPhotoA_2025-09-09 13_17_54.406-05_00_2.png,1.25,1.8923583032759959
663,2257_LeafPhotoA_2025-09-08 12_26_56.434-05_00_0.png,1.25,1.5168425844169484
664,2257_LeafPhotoA_2025-09-08 12_26_56.434-05_00_1.png,1.25,1.5873359482982397
665,2257_LeafPhotoA_2025-09-08 12_26_56.434-05_00_2.png,1.25,1.5851646298506044
666,2257_LeafPhotoA_2025-09-08 12_26_56.434-05_00_3.png,1.25,1.559096496091574
686,1322_LeafPhotoA_2025-09-08 09_45_01.696-05_00_1.png,1.5,1.746690751853013
687,1322_LeafPhotoA_2025-09-08 09_45_01.696-05_00_2.png,1.5,1.79456127543203
688,1322_LeafPhotoA_2025-09-08 09_45_01.696-05_00_0.png,1.5,1.6678667452634677
689,1322_LeafPhotoA_2025-09-08 09_45_01.696-05_00_3.png,1.5,1.5732729912698349
694,2552_LeafPhotoA_2025-09-09 11_07_31.178-05_00_0.png,1.75,1.8816101676544648
695,2552_LeafPhotoA_2025-09-09 11_07_31.178-05_00_3.png,1.75,1.849588059798549
696,2552_LeafPhotoA_2025-09-09 11_07_31.178-05_00_1.png,1.75,1.8761727288033259
697,2552_LeafPhotoA_2025-09-09 11_07_31.178-05_00_2.png,1.75,2.174118708863857
713,1322_LeafPhotoA_2025-09-08 09_44_46.085-05_00_1.png,1.5,1.9105713282205523
714,1322_LeafPhotoA_2025-09-08 09_44_46.085-05_00_2.png,1.5,1.8531404852584539
715,1322_LeafPhotoA_2025-09-08 09_44_46.085-05_00_3.png,1.5,1.6556576336285713
716,1322_LeafPhotoA_2025-09-08 09_44_46.085-05_00_0.png,1.5,1.9278279064940396
719,1813_LeafPhotoA_2025-09-09 09_08_08.790-05_00_3.png,1.75,1.7530538910478937
720,1813_LeafPhotoA_2025-09-09 09_08_08.790-05_00_2.png,1.75,1.8021084760263588
721,1813_LeafPhotoA_2025-09-09 09_08_08.790-05_00_1.png,1.75,1.8545204108984956
722,1813_LeafPhotoA_2025-09-09 09_08_08.790-05_00_0.png,1.75,1.8153834784147507
753,2156_LeafPhotoA_2025-09-08 12_32_46.869-05_00_0.png,3.25,2.0534713005526783
754,2156_LeafPhotoA_2025-09-08 12_32_46.869-05_00_1.png,3.25,1.9915314031540579
755,2156_LeafPhotoA_2025-09-08 12_32_46.869-05_00_2.png,3.25,1.9878328680558994
773,2503_LeafPhotoA_2025-09-09 09_58_27.327-05_00_0.png,3.5,2.118399021249326
774,2503_LeafPhotoA_2025-09-09 09_58_27.327-05_00_1.png,3.5,2.078394562709069
775,2503_LeafPhotoA_2025-09-09 09_58_27.327-05_00_2.png,3.5,2.0425755874457505
776,2503_LeafPhotoA_2025-09-09 09_58_27.327-05_00_3.png,3.5,2.116227604573144
831,2914_LeafPhotoA_2025-09-09 16_34_44.640-05_00_1.png,3.75,2.2947048762788516
832,2914_LeafPhotoA_2025-09-09 16_34_44.640-05_00_3.png,3.75,1.8137859555265123
833,2914_LeafPhotoA_2025-09-09 16_34_44.640-05_00_2.png,3.75,1.9128423085611033
834,2914_LeafPhotoA_2025-09-09 16_34_44.640-05_00_0.png,3.75,1.9926041531473861
859,1045_LeafPhotoA_2025-09-08 10_24_39.722-05_00_2.png,1.0,1.9506994457613869
860,1045_LeafPhotoA_2025-09-08 10_24_39.722-05_00_0.png,1.0,1.8523320259314247
861,1045_LeafPhotoA_2025-09-08 10_24_39.722-05_00_3.png,1.0,1.881104636056531
862,1045_LeafPhotoA_2025-09-08 10_24_39.722-05_00_1.png,1.0,1.9113863437756025
907,1284_LeafPhotoA_2025-09-08 16_03_49.001-05_00_1.png,1.25,1.8564727699053716
908,1284_LeafPhotoA_2025-09-08 16_03_49.001-05_00_0.png,1.25,1.9499238351276127
921,,3.75,1.6258300079592174
922,1081_LeafPhotoA_2025-09-08 13_14_07.416-05_00_0.png,3.0,1.9669398712127353
923,1081_LeafPhotoA_2025-09-08 13_14_07.416-05_00_1.png,3.0,2.038297807902721
924,1081_LeafPhotoA_2025-09-08 13_14_07.416-05_00_2.png,3.0,2.027285625507642
925,1081_LeafPhotoA_2025-09-08 13_14_07.416-05_00_3.png,3.0,1.7831723488956213
934,1678_LeafPhotoA_2025-09-09 09_34_24.350-05_00_0.png,3.25,1.8926384951330157
935,1678_LeafPhotoA_2025-09-09 09_34_24.350-05_00_1.png,3.25,1.920824108566064
936,1678_LeafPhotoA_2025-09-09 09_34_24.350-05_00_2.png,3.25,1.6572692151866868
960,1956_LeafPhotoA_2025-09-09 17_17_49.256-05_00_1.png,1.75,1.9737677553730664
961,1956_LeafPhotoA_2025-09-09 17_17_49.256-05_00_2.png,1.75,1.9251152720935318
962,1956_LeafPhotoA_2025-09-09 17_17_49.256-05_00_3.png,1.75,1.7536003519694754
963,1956_LeafPhotoA_2025-09-09 17_17_49.256-05_00_0.png,1.75,1.960100493043303
964,2897_LeafPhotoA_2025-09-09 13_55_49.813-05_00_0.png,1.25,1.9015261933118692
965,2897_LeafPhotoA_2025-09-09 13_55_49.813-05_00_2.png,1.25,1.6744054968267659
966,2897_LeafPhotoA_2025-09-09 13_55_49.813-05_00_1.png,1.25,1.8250953973880775
981,2455_LeafPhotoB_2025-09-08 11_32_47.648-05_00_0.png,4.0,1.9127504324450926
982,2455_LeafPhotoB_2025-09-08 11_32_47.648-05_00_3.png,4.0,2.035433515514018
983,2455_LeafPhotoB_2025-09-08 11_32_47.648-05_00_2.png,4.0,2.1558518089949357
984,2455_LeafPhotoB_2025-09-08 11_32_47.648-05_00_1.png,4.0,2.0682237879361898
993,,2.75,1.6258300079592174
994,1081_LeafPhotoA_2025-09-08 13_14_31.503-05_00_0.png,2.0,1.8770865506330505
995,1081_LeafPhotoA_2025-09-08 13_14_31.503-05_00_1.png,2.0,1.8592664917265838
996,1081_LeafPhotoA_2025-09-08 13_14_31.503-05_00_2.png,2.0,1.7302391242266828
997,1081_LeafPhotoA_2025-09-08 13_14_31.503-05_00_3.png,2.0,1.9781096180409494
998,1872_LeafPhotoA_2025-09-09 17_01_06.251-05_00_0.png,1.5,1.7250883072197414
999,1872_LeafPhotoA_2025-09-09 17_01_06.251-05_00_2.png,1.5,1.7324041107161046
1000,1872_LeafPhotoA_2025-09-09 17_01_06.251-05_00_3.png,1.5,1.6320451527773259
1001,1872_LeafPhotoA_2025-09-09 17_01_06.251-05_00_1.png,1.5,1.8596338464341928
1026,2069_LeafPhotoA_2025-09-08 12_03_26.688-05_00_0.png,1.75,1.9004673342975407
1027,2069_LeafPhotoA_2025-09-08 12_03_26.688-05_00_1.png,1.75,1.9333780732148922
1028,2069_LeafPhotoA_2025-09-08 12_03_26.688-05_00_2.png,1.75,1.7567825162681858
1029,2069_LeafPhotoA_2025-09-08 12_03_26.688-05_00_3.png,1.75,1.878610596942243
1042,2687_LeafPhotoA_2025-09-09 10_47_11.070-05_00_0.png,1.0,1.7595795219800519
1043,2687_LeafPhotoA_2025-09-09 10_47_11.070-05_00_1.png,1.0,1.7152264556217383
1054,1016_LeafPhotoA_2025-09-08 09_49_45.693-05_00_0.png,2.25,2.157173260405907
1055,1016_LeafPhotoA_2025-09-08 09_49_45.693-05_00_1.png,2.25,2.0465420831130725
1056,1016_LeafPhotoA_2025-09-08 09_49_45.693-05_00_2.png,2.25,1.8630824130491457
1057,1016_LeafPhotoA_2025-09-08 09_49_45.693-05_00_3.png,2.25,1.9216619924719154
1085,,1.5,1.6258300079592174
1090,2572_LeafPhotoA_2025-09-09 10_48_03.925-05_00_0.png,1.0,1.8708167138937963
1091,2572_LeafPhotoA_2025-09-09 10_48_03.925-05_00_1.png,1.0,1.9038362898724617
1092,2572_LeafPhotoA_2025-09-09 10_48_03.925-05_00_2.png,1.0,1.8581861549881564
1093,2572_LeafPhotoA_2025-09-09 10_48_03.925-05_00_3.png,1.0,1.7187001681776266
1094,1483_LeafPhotoB_2025-09-08 16_48_47.018-05_00_2.png,1.75,1.7069768492829507
1095,1483_LeafPhotoB_2025-09-08 16_48_47.018-05_00_3.png,1.75,1.7831713026825262
1096,1483_LeafPhotoB_2025-09-08 16_48_47.018-05_00_1.png,1.75,1.647641016336874
1097,1483_LeafPhotoB_2025-09-08 16_48_47.018-05_00_0.png,1.75,1.7986126209746556
1125,2158_LeafPhotoA_2025-09-08 12_35_42.896-05_00_0.png,1.5,1.906572607449579
1126,2158_LeafPhotoA_2025-09-08 12_35_42.896-05_00_1.png,1.5,1.788631348499442
1130,1800_LeafPhotoA_2025-09-09 10_52_27.692-05_00_1.png,1.5,1.7113413710620184
1131,1800_LeafPhotoA_2025-09-09 10_52_27.692-05_00_2.png,1.5,2.1203192832655393
1132,1800_LeafPhotoA_2025-09-09 10_52_27.692-05_00_3.png,1.5,1.6944673975875235
1133,1800_LeafPhotoA_2025-09-09 10_52_27.692-05_00_0.png,1.5,1.933508375450229
1151,1508_LeafPhotoA_2025-09-09 09_02_17.390-05_00_0.png,1.25,2.002735933603289
1152,1508_LeafPhotoA_2025-09-09 09_02_17.390-05_00_1.png,1.25,2.0125355126872417
1153,1508_LeafPhotoA_2025-09-09 09_02_17.390-05_00_2.png,1.25,1.731117759532886
1165,1428_LeafPhotoB_2025-09-08 10_20_54.940-05_00_0.png,1.5,1.968657088934942
1166,1428_LeafPhotoB_2025-09-08 10_20_54.940-05_00_1.png,1.5,1.9832577546869954
1167,1428_LeafPhotoB_2025-09-08 10_20_54.940-05_00_2.png,1.5,1.9612339854713352
1168,1428_LeafPhotoB_2025-09-08 10_20_54.940-05_00_3.png,1.5,1.9376418049282287
1173,1314_LeafPhotoA_2025-09-08 09_31_44.782-05_00_1.png,2.0,1.7889234247166241
1174,1314_LeafPhotoA_2025-09-08 09_31_44.782-05_00_2.png,2.0,1.8729742105858112
1175,1314_LeafPhotoA_2025-09-08 09_31_44.782-05_00_0.png,2.0,1.8115009676895915
1176,1314_LeafPhotoA_2025-09-08 09_31_44.782-05_00_3.png,2.0,2.093878876969642
1189,1877_LeafPhotoA_2025-09-09 13_21_11.014-05_00_2.png,2.0,1.8076881613693971
1190,1877_LeafPhotoA_2025-09-09 13_21_11.014-05_00_3.png,2.0,1.943720195598981
1191,1877_LeafPhotoA_2025-09-09 13_21_11.014-05_00_1.png,2.0,1.8692332066878543
1192,1877_LeafPhotoA_2025-09-09 13_21_11.014-05_00_0.png,2.0,1.916083788494463
1221,1658_LeafPhotoA_2025-09-09 10_12_25.098-05_00_3.png,1.5,1.7662668621677071
1222,1658_LeafPhotoA_2025-09-09 10_12_25.098-05_00_2.png,1.5,1.8334388439688007
1223,1658_LeafPhotoA_2025-09-09 10_12_25.098-05_00_1.png,1.5,1.7979570129652125
1224,1658_LeafPhotoA_2025-09-09 10_12_25.098-05_00_0.png,1.5,1.7844430650954335
1269,1864_LeafPhotoA_2025-09-09 13_32_45.370-05_00_1.png,1.25,1.8444645469487404
1270,1864_LeafPhotoA_2025-09-09 13_32_45.370-05_00_3.png,1.25,1.9738361407737859
1271,1864_LeafPhotoA_2025-09-09 13_32_45.370-05_00_0.png,1.25,1.790875203406745
1272,1864_LeafPhotoA_2025-09-09 13_32_45.370-05_00_2.png,1.25,1.8814652466126918
1273,2763_LeafPhotoA_2025-09-09 16_10_47.493-05_00_1.png,1.5,1.9523130271122588
1274,2763_LeafPhotoA_2025-09-09 16_10_47.493-05_00_3.png,1.5,1.7504769751380287
1275,2763_LeafPhotoA_2025-09-09 16_10_47.493-05_00_0.png,1.5,1.804341094000708
1276,2763_LeafPhotoA_2025-09-09 16_10_47.493-05_00_2.png,1.5,1.9577606249717525
1281,2694_LeafPhotoA_2025-09-09 10_36_57.596-05_00_3.png,2.0,1.6581705237809157
1282,2694_LeafPhotoA_2025-09-09 10_36_57.596-05_00_0.png,2.0,1.9029591037523372
1283,2694_LeafPhotoA_2025-09-09 10_36_57.596-05_00_2.png,2.0,1.659938016713288
1284,2694_LeafPhotoA_2025-09-09 10_36_57.596-05_00_1.png,2.0,1.7129986595540716
1292,6035_LeafPhotoA_2025-09-09 16_19_41.324-05_00_2.png,1.5,1.7328203463270588
1293,6035_LeafPhotoA_2025-09-09 16_19_41.324-05_00_0.png,1.5,1.6347087284624764
1294,6035_LeafPhotoA_2025-09-09 16_19_41.324-05_00_3.png,1.5,1.848027910726079
1295,6035_LeafPhotoA_2025-09-09 16_19_41.324-05_00_1.png,1.5,1.5785515903206393
1342,2307_LeafPhotoA_2025-09-08 10_35_04.821-05_00_2.png,1.5,1.9773121473550308
1343,2307_LeafPhotoA_2025-09-08 10_35_04.821-05_00_0.png,1.5,1.9857131983661207
1344,2307_LeafPhotoA_2025-09-08 10_35_04.821-05_00_1.png,1.5,1.9697293524463382
1345,2357_LeafPhotoA_2025-09-08 11_28_10.254-05_00_1.png,1.0,1.8532245552287512
1346,2357_LeafPhotoA_2025-09-08 11_28_10.254-05_00_0.png,1.0,1.9337498254306837
1347,2357_LeafPhotoA_2025-09-08 11_28_10.254-05_00_2.png,1.0,1.8365654522461423
1371,2040_LeafPhotoA_2025-09-08 11_19_26.696-05_00_0.png,1.75,1.8441703439668546
1372,2040_LeafPhotoA_2025-09-08 11_19_26.696-05_00_1.png,1.75,2.0232914598690894
1373,2040_LeafPhotoA_2025-09-08 11_19_26.696-05_00_2.png,1.75,2.045939154982014
1374,2040_LeafPhotoA_2025-09-08 11_19_26.696-05_00_3.png,1.75,1.8412651393208181
1383,1077_LeafPhotoA_2025-09-08 13_10_16.495-05_00_0.png,2.5,1.7081633600505748
1384,1077_LeafPhotoA_2025-09-08 13_10_16.495-05_00_1.png,2.5,1.7926629702896781
1385,1077_LeafPhotoA_2025-09-08 13_10_16.495-05_00_2.png,2.5,2.146551986632434
1386,1077_LeafPhotoA_2025-09-08 13_10_16.495-05_00_3.png,2.5,1.8995979115309256
1412,1119_LeafPhotoA_2025-09-08 10_03_58.358-05_00_0.png,1.75,1.8018549288809413
1413,1119_LeafPhotoA_2025-09-08 10_03_58.358-05_00_1.png,1.75,1.8864073915944217
1414,1119_LeafPhotoA_2025-09-08 10_03_58.358-05_00_3.png,1.75,1.7999310592180202
1415,1119_LeafPhotoA_2025-09-08 10_03_58.358-05_00_2.png,1.75,1.8077204908551416
1424,1023_LeafPhotoA_2025-09-08 09_57_52.275-05_00_0.png,1.0,2.0290903952039416
1425,1023_LeafPhotoA_2025-09-08 09_57_52.275-05_00_1.png,1.0,1.8915341366566343
1426,1023_LeafPhotoA_2025-09-08 09_57_52.275-05_00_2.png,1.0,1.9337815342042095
1432,2169_LeafPhotoA_2025-09-09 12_05_18.887-05_00_1.png,2.0,1.9359267982149537
1433,2169_LeafPhotoA_2025-09-09 12_05_18.887-05_00_2.png,2.0,1.9893251666271572
1434,2169_LeafPhotoA_2025-09-09 12_05_18.887-05_00_3.png,2.0,1.9725372947609574
1435,2169_LeafPhotoA_2025-09-09 12_05_18.887-05_00_0.png,2.0,1.9978300610315889
1446,1428_LeafPhotoA_2025-09-08 09_50_33.027-05_00_0.png,2.0,1.8763165652381133
1447,1428_LeafPhotoA_2025-09-08 09_50_33.027-05_00_1.png,2.0,1.9730515543967573
1448,1428_LeafPhotoA_2025-09-08 09_50_33.027-05_00_2.png,2.0,1.818124172460667
1449,1428_LeafPhotoA_2025-09-08 09_50_33.027-05_00_3.png,2.0,1.8181071642990316
1451,2917_LeafPhotoA_2025-09-09 16_38_04.615-05_00_0.png,1.75,1.6112957139356638
1452,2917_LeafPhotoA_2025-09-09 16_38_04.615-05_00_1.png,1.75,1.8087241680197501
1453,2917_LeafPhotoA_2025-09-09 16_38_04.615-05_00_2.png,1.75,1.8225140368894859
1454,2917_LeafPhotoA_2025-09-09 16_38_04.615-05_00_3.png,1.75,1.9252582329105032
1463,1681_LeafPhotoA_2025-09-09 09_29_00.984-05_00_0.png,1.25,1.8315292531752823
1464,1681_LeafPhotoA_2025-09-09 09_29_00.984-05_00_1.png,1.25,1.8268393496996322
1481,2652_LeafPhotoA_2025-09-09 11_26_15.311-05_00_0.png,3.25,2.1878162618054136
1482,2652_LeafPhotoA_2025-09-09 11_26_15.311-05_00_2.png,3.25,1.8151020291023807
1483,2652_LeafPhotoA_2025-09-09 11_26_15.311-05_00_1.png,3.25,2.00093995550427
1484,2652_LeafPhotoA_2025-09-09 11_26_15.311-05_00_3.png,3.25,1.8957372045980572
1489,2117_LeafPhotoA_2025-09-08 11_22_01.521-05_00_0.png,2.25,1.7679245189991406
1490,2117_LeafPhotoA_2025-09-08 11_22_01.521-05_00_3.png,2.25,1.7244372413118563
1491,2117_LeafPhotoA_2025-09-08 11_22_01.521-05_00_2.png,2.25,1.760788996028535
1492,2117_LeafPhotoA_2025-09-08 11_22_01.521-05_00_1.png,2.25,1.65561115666803
1516,1800_LeafPhotoA_2025-09-09 10_53_17.816-05_00_1.png,2.0,1.8405086200015788
1517,1800_LeafPhotoA_2025-09-09 10_53_17.816-05_00_2.png,2.0,1.854596828722751
1518,1800_LeafPhotoA_2025-09-09 10_53_17.816-05_00_3.png,2.0,1.7468457121268535
1519,1800_LeafPhotoA_2025-09-09 10_53_17.816-05_00_0.png,2.0,1.710672761273221
1551,1911_LeafPhotoA_2025-09-09 14_48_38.419-05_00_0.png,2.5,1.9176962157634938
1552,1911_LeafPhotoA_2025-09-09 14_48_38.419-05_00_1.png,2.5,1.6835919309878296
1553,1911_LeafPhotoA_2025-09-09 14_48_38.419-05_00_2.png,2.5,1.8471038526142651
1554,1911_LeafPhotoA_2025-09-09 14_48_38.419-05_00_3.png,2.5,1.6948491238334156
1569,2181_LeafPhotoA_2025-09-09 12_25_47.850-05_00_0.png,4.25,2.2227633514374885
1570,2181_LeafPhotoA_2025-09-09 12_25_47.850-05_00_1.png,4.25,2.0485850413198907
1571,2181_LeafPhotoA_2025-09-09 12_25_47.850-05_00_2.png,4.25,2.066662084740004
1572,2181_LeafPhotoA_2025-09-09 12_25_47.850-05_00_3.png,4.25,2.027271401663888
1585,1412_LeafPhotoB_2025-09-08 10_06_24.412-05_00_2.png,1.25,1.7941349822240873
1586,1412_LeafPhotoB_2025-09-08 10_06_24.412-05_00_0.png,1.25,1.7063235720120786
1587,1412_LeafPhotoB_2025-09-08 10_06_24.412-05_00_3.png,1.25,1.6846373224768751
1588,1412_LeafPhotoB_2025-09-08 10_06_24.412-05_00_1.png,1.25,1.7989674414380277
1589,2733_LeafPhotoA_2025-09-09 10_59_34.111-05_00_0.png,3.5,1.92933224968213
1595,2290_LeafPhotoA_2025-09-08 16_50_22.595-05_00_1.png,2.25,1.8787113467551848
1596,2290_LeafPhotoA_2025-09-08 16_50_22.595-05_00_3.png,2.25,1.9253241072414002
1597,2290_LeafPhotoA_2025-09-08 16_50_22.595-05_00_0.png,2.25,2.096014879348218
1598,2290_LeafPhotoA_2025-09-08 16_50_22.595-05_00_2.png,2.25,1.8466323644334377
1607,2491_LeafPhotoB_2025-09-08 12_06_12.641-05_00_0.png,1.5,1.8106033920056885
1608,2491_LeafPhotoB_2025-09-08 12_06_12.641-05_00_1.png,1.5,1.8597058960494168
1609,2491_LeafPhotoB_2025-09-08 12_06_12.641-05_00_2.png,1.5,1.964016264005067
1610,2491_LeafPhotoB_2025-09-08 12_06_12.641-05_00_3.png,1.5,1.789589299867174
1615,1403_LeafPhotoB_2025-09-08 09_57_03.631-05_00_0.png,2.0,1.928636271632509
1616,1403_LeafPhotoB_2025-09-08 09_57_03.631-05_00_1.png,2.0,1.8798710437242383
1617,1403_LeafPhotoB_2025-09-08 09_57_03.631-05_00_2.png,2.0,1.8607992412026633
1618,1403_LeafPhotoB_2025-09-08 09_57_03.631-05_00_3.png,2.0,1.826278601373152
1619,2481_LeafPhotoB_2025-09-08 11_58_03.951-05_00_0.png,2.5,2.0870585871816543
1620,2481_LeafPhotoB_2025-09-08 11_58_03.951-05_00_1.png,2.5,1.8552472691218116
1621,2481_LeafPhotoB_2025-09-08 11_58_03.951-05_00_2.png,2.5,1.949933571478292
1622,2481_LeafPhotoB_2025-09-08 11_58_03.951-05_00_3.png,2.5,1.837066788458572
1628,1412_LeafPhotoB_2025-09-08 10_06_46.177-05_00_0.png,1.25,1.7763224080331903
1629,1412_LeafPhotoB_2025-09-08 10_06_46.177-05_00_3.png,1.25,1.852354610152971
1630,1412_LeafPhotoB_2025-09-08 10_06_46.177-05_00_1.png,1.25,1.6964233526311379
1631,1412_LeafPhotoB_2025-09-08 10_06_46.177-05_00_2.png,1.25,1.836139938521069
1639,1230_LeafPhotoA_2025-09-08 10_14_02.865-05_00_0.png,1.5,1.7696840791674133
1640,1230_LeafPhotoA_2025-09-08 10_14_02.865-05_00_1.png,1.5,1.765432333090348
1641,1230_LeafPhotoA_2025-09-08 10_14_02.865-05_00_2.png,1.5,1.6334523319454988
1642,1230_LeafPhotoA_2025-09-08 10_14_02.865-05_00_3.png,1.5,1.732510333096358
1667,2551_LeafPhotoA_2025-09-09 11_08_14.599-05_00_2.png,1.75,2.026903559237999
1668,2551_LeafPhotoA_2025-09-09 11_08_14.599-05_00_3.png,1.75,1.9062332961384703
1669,2551_LeafPhotoA_2025-09-09 11_08_14.599-05_00_1.png,1.75,1.9158706208410419
1670,2551_LeafPhotoA_2025-09-09 11_08_14.599-05_00_0.png,1.75,1.853443640801585
1674,1130_LeafPhotoA_2025-09-08 10_20_05.265-05_00_3.png,3.25,1.7861190520127115
1675,1130_LeafPhotoA_2025-09-08 10_20_05.265-05_00_2.png,3.25,2.039637552146212
1676,1130_LeafPhotoA_2025-09-08 10_20_05.265-05_00_1.png,3.25,1.772070607927989
1677,1130_LeafPhotoA_2025-09-08 10_20_05.265-05_00_0.png,3.25,2.0171524473736384
1684,2191_LeafPhotoA_2025-09-08 17_16_00.546-05_00_0.png,1.5,1.8726154582901517
1685,2191_LeafPhotoA_2025-09-08 17_16_00.546-05_00_1.png,1.5,2.049834071125385
1686,2191_LeafPhotoA_2025-09-08 17_16_00.546-05_00_2.png,1.5,1.7709731793820527
1687,2992_LeafPhotoA_2025-09-09 16_46_31.136-05_00_0.png,2.25,2.116986422340451
1688,2992_LeafPhotoA_2025-09-09 16_46_31.136-05_00_1.png,2.25,2.24203827473186
1689,2992_LeafPhotoA_2025-09-09 16_46_31.136-05_00_3.png,2.25,2.1534818276757837
1690,2992_LeafPhotoA_2025-09-09 16_46_31.136-05_00_2.png,2.25,2.14032331190052
1702,2687_LeafPhotoA_2025-09-09 10_47_32.733-05_00_0.png,1.25,1.6464770290900312
1703,2687_LeafPhotoA_2025-09-09 10_47_32.733-05_00_1.png,1.25,1.6606452241523
1714,1205_LeafPhotoA_2025-09-08 09_27_17.999-05_00_0.png,1.25,1.5834399510588353
1715,1205_LeafPhotoA_2025-09-08 09_27_17.999-05_00_1.png,1.25,1.5711215842873165
1716,1205_LeafPhotoA_2025-09-08 09_27_17.999-05_00_2.png,1.25,1.7346951668459147
1717,1205_LeafPhotoA_2025-09-08 09_27_17.999-05_00_3.png,1.25,1.6230720083343741
1722,2450_LeafPhotoB_2025-09-08 11_25_27.986-05_00_1.png,1.5,2.0018313538097083
1723,2450_LeafPhotoB_2025-09-08 11_25_27.986-05_00_3.png,1.5,1.7467709410266543
1724,2450_LeafPhotoB_2025-09-08 11_25_27.986-05_00_2.png,1.5,1.7395674193148443
1725,2450_LeafPhotoB_2025-09-08 11_25_27.986-05_00_0.png,1.5,2.007499551431378
1734,2763_LeafPhotoA_2025-09-09 16_11_24.849-05_00_1.png,1.75,2.234789450715798
1735,2763_LeafPhotoA_2025-09-09 16_11_24.849-05_00_0.png,1.75,2.203927116226085
1755,1617_LeafPhotoA_2025-09-09 09_43_56.607-05_00_1.png,1.5,1.949448537640659
1756,1617_LeafPhotoA_2025-09-09 09_43_56.607-05_00_2.png,1.5,1.826783619530464
1757,1617_LeafPhotoA_2025-09-09 09_43_56.607-05_00_3.png,1.5,1.9578597662536437
1758,1617_LeafPhotoA_2025-09-09 09_43_56.607-05_00_0.png,1.5,1.8418298077141473
1759,2272_LeafPhotoA_2025-09-08 17_11_05.980-05_00_1.png,2.25,1.8439232518548374
1760,2272_LeafPhotoA_2025-09-08 17_11_05.980-05_00_0.png,2.25,1.920215950085024
1776,2315_LeafPhotoA_2025-09-08 10_43_18.717-05_00_0.png,2.0,1.7595440477849462
1777,2315_LeafPhotoA_2025-09-08 10_43_18.717-05_00_1.png,2.0,1.7738596831149807
1778,2315_LeafPhotoA_2025-09-08 10_43_18.717-05_00_2.png,2.0,1.8150446935272542
1779,2315_LeafPhotoA_2025-09-08 10_43_18.717-05_00_3.png,2.0,1.8122274538225094
1780,1423_LeafPhotoB_2025-09-08 10_15_40.160-05_00_0.png,3.0,2.030855579613186
1781,1423_LeafPhotoB_2025-09-08 10_15_40.160-05_00_1.png,3.0,1.8596553426292184
1782,1423_LeafPhotoB_2025-09-08 10_15_40.160-05_00_3.png,3.0,1.725629513482771
1783,1423_LeafPhotoB_2025-09-08 10_15_40.160-05_00_2.png,3.0,1.9395570638015116
1784,1016_LeafPhotoA_2025-09-08 09_49_16.143-05_00_0.png,2.5,1.9154505324678854
1785,1016_LeafPhotoA_2025-09-08 09_49_16.143-05_00_1.png,2.5,1.76669424021487
1786,1016_LeafPhotoA_2025-09-08 09_49_16.143-05_00_2.png,2.5,1.9555503577895703
1787,1016_LeafPhotoA_2025-09-08 09_49_16.143-05_00_3.png,2.5,1.7833034080132313
1792,2526_LeafPhotoA_2025-09-09 10_24_08.055-05_00_2.png,1.75,2.0276311041281754
1793,2526_LeafPhotoA_2025-09-09 10_24_08.055-05_00_0.png,1.75,1.9643835015093478
1794,2526_LeafPhotoA_2025-09-09 10_24_08.055-05_00_1.png,1.75,1.9047440925947123
1795,2526_LeafPhotoA_2025-09-09 10_24_08.055-05_00_3.png,1.75,1.9549021311586352
1812,2037_LeafPhotoA_2025-09-08 11_16_12.785-05_00_1.png,2.0,2.135385933696183
1813,2037_LeafPhotoA_2025-09-08 11_16_12.785-05_00_0.png,2.0,2.114531451987769
1814,2037_LeafPhotoA_2025-09-08 11_16_12.785-05_00_2.png,2.0,2.121740682746958
1815,2037_LeafPhotoA_2025-09-08 11_16_12.785-05_00_3.png,2.0,2.043721487280361
1816,2269_LeafPhotoA_2025-09-08 17_13_41.456-05_00_1.png,2.5,1.9332892382251168
1817,2269_LeafPhotoA_2025-09-08 17_13_41.456-05_00_2.png,2.5,1.991276531765019
1818,2269_LeafPhotoA_2025-09-08 17_13_41.456-05_00_3.png,2.5,1.8531662184443862
1819,2269_LeafPhotoA_2025-09-08 17_13_41.456-05_00_0.png,2.5,1.8821487624258153
1835,1981_LeafPhotoA_2025-09-09 16_40_09.824-05_00_2.png,1.0,1.7177041261072186
1836,1981_LeafPhotoA_2025-09-09 16_40_09.824-05_00_3.png,1.0,1.8003723016178839
1837,1981_LeafPhotoA_2025-09-09 16_40_09.824-05_00_0.png,1.0,1.8029962606434884
1838,1981_LeafPhotoA_2025-09-09 16_40_09.824-05_00_1.png,1.0,1.720883619344946
1843,1392_LeafPhotoA_2025-09-08 13_12_01.932-05_00_0.png,2.25,1.768466125527567
1844,1392_LeafPhotoA_2025-09-08 13_12_01.932-05_00_1.png,2.25,1.9761125595197293
1845,1392_LeafPhotoA_2025-09-08 13_12_01.932-05_00_2.png,2.25,2.0076292758413867
1846,1392_LeafPhotoA_2025-09-08 13_12_01.932-05_00_3.png,2.25,1.7505210655840968
1902,1209_LeafPhotoA_2025-09-08 09_36_46.496-05_00_3.png,1.0,1.8077668291286348
1903,1209_LeafPhotoA_2025-09-08 09_36_46.496-05_00_1.png,1.0,1.7829679983383036
1904,1209_LeafPhotoA_2025-09-08 09_36_46.496-05_00_2.png,1.0,1.8632472146003614
1905,1209_LeafPhotoA_2025-09-08 09_36_46.496-05_00_0.png,1.0,1.7053366524162663
1906,1487_LeafPhotoB_2025-09-08 16_51_33.738-05_00_0.png,1.75,1.851747306525012
1907,1487_LeafPhotoB_2025-09-08 16_51_33.738-05_00_1.png,1.75,1.9454753597030208
1908,1487_LeafPhotoB_2025-09-08 16_51_33.738-05_00_2.png,1.75,1.9046412041193996
1909,1487_LeafPhotoB_2025-09-08 16_51_33.738-05_00_3.png,1.75,1.7063127639232758
1928,2717_LeafPhotoA_2025-09-09 10_36_42.002-05_00_1.png,4.5,2.0532275428537643
1929,2717_LeafPhotoA_2025-09-09 10_36_42.002-05_00_0.png,4.5,2.105447347068889
1930,2717_LeafPhotoA_2025-09-09 10_36_42.002-05_00_3.png,4.5,2.055938314399954
1931,2717_LeafPhotoA_2025-09-09 10_36_42.002-05_00_2.png,4.5,2.159421115090172
1989,2723_LeafPhotoA_2025-09-09 10_44_34.871-05_00_1.png,3.25,2.0724780697405016
1990,2723_LeafPhotoA_2025-09-09 10_44_34.871-05_00_2.png,3.25,2.0534282370348276
1991,2723_LeafPhotoA_2025-09-09 10_44_34.871-05_00_0.png,3.25,2.0939592490654544
1992,2723_LeafPhotoA_2025-09-09 10_44_34.871-05_00_3.png,3.25,1.959598983037461
1993,1125_LeafPhotoA_2025-09-08 10_12_23.672-05_00_1.png,1.75,1.8694893455677708
1994,1125_LeafPhotoA_2025-09-08 10_12_23.672-05_00_3.png,1.75,1.7071574047539366
1995,1125_LeafPhotoA_2025-09-08 10_12_23.672-05_00_2.png,1.75,1.6727734844161268
1996,1125_LeafPhotoA_2025-09-08 10_12_23.672-05_00_0.png,1.75,1.6954272231097425
1997,2678_LeafPhotoA_2025-09-09 11_04_41.551-05_00_0.png,2.0,1.9061088390413459
1998,2678_LeafPhotoA_2025-09-09 11_04_41.551-05_00_1.png,2.0,1.9971670348968638
1999,2678_LeafPhotoA_2025-09-09 11_04_41.551-05_00_2.png,2.0,1.9521962612752228
2005,2040_LeafPhotoA_2025-09-08 11_19_56.770-05_00_0.png,2.5,1.8122265458883757
2006,2040_LeafPhotoA_2025-09-08 11_19_56.770-05_00_1.png,2.5,1.9077478140731836
2007,2040_LeafPhotoA_2025-09-08 11_19_56.770-05_00_2.png,2.5,1.9794014341083317
2008,2040_LeafPhotoA_2025-09-08 11_19_56.770-05_00_3.png,2.5,1.809694303465928
2023,2229_LeafPhotoA_2025-09-08 11_33_21.108-05_00_1.png,2.0,1.7760144598881331
2024,2229_LeafPhotoA_2025-09-08 11_33_21.108-05_00_3.png,2.0,1.7821898424932465
2025,2229_LeafPhotoA_2025-09-08 11_33_21.108-05_00_0.png,2.0,1.7999547347698583
2026,2229_LeafPhotoA_2025-09-08 11_33_21.108-05_00_2.png,2.0,1.739339723828319
2034,5010_LeafPhotoA_2025-09-09 16_12_11.860-05_00_3.png,1.25,1.6354720278203387
2035,5010_LeafPhotoA_2025-09-09 16_12_11.860-05_00_2.png,1.25,1.6582191998528484
2036,5010_LeafPhotoA_2025-09-09 16_12_11.860-05_00_1.png,1.25,1.568202515226144
2037,5010_LeafPhotoA_2025-09-09 16_12_11.860-05_00_0.png,1.25,1.7661663849526057
2042,1125_LeafPhotoA_2025-09-08 10_13_03.747-05_00_0.png,1.25,1.8809696179374236
2043,1125_LeafPhotoA_2025-09-08 10_13_03.747-05_00_1.png,1.25,1.8566241687838414
2044,1125_LeafPhotoA_2025-09-08 10_13_03.747-05_00_3.png,1.25,1.6900987860951122
2045,1125_LeafPhotoA_2025-09-08 10_13_03.747-05_00_2.png,1.25,1.7219189719175847
2059,2750_LeafPhotoA_2025-09-09 11_21_52.462-05_00_0.png,1.5,1.816541619374111
2060,2750_LeafPhotoA_2025-09-09 11_21_52.462-05_00_1.png,1.5,1.8502759226527252
2061,2750_LeafPhotoA_2025-09-09 11_21_52.462-05_00_2.png,1.5,1.86442481838901
2062,2750_LeafPhotoA_2025-09-09 11_21_52.462-05_00_3.png,1.5,1.954484135793831
2063,1258_LeafPhotoA_2025-09-08 16_31_15.963-05_00_3.png,2.25,1.8959550361032798
2064,1258_LeafPhotoA_2025-09-08 16_31_15.963-05_00_0.png,2.25,2.08308661747099
2065,1258_LeafPhotoA_2025-09-08 16_31_15.963-05_00_1.png,2.25,2.1490087780431026
2066,1258_LeafPhotoA_2025-09-08 16_31_15.963-05_00_2.png,2.25,2.0548807473862127
2099,2037_LeafPhotoA_2025-09-08 11_16_27.368-05_00_1.png,1.75,1.822630870461185
2100,2037_LeafPhotoA_2025-09-08 11_16_27.368-05_00_3.png,1.75,1.9237892880965037
2101,2037_LeafPhotoA_2025-09-08 11_16_27.368-05_00_2.png,1.75,1.9607119488537363
2102,2037_LeafPhotoA_2025-09-08 11_16_27.368-05_00_0.png,1.75,1.7930922998261303
2111,2678_LeafPhotoA_2025-09-09 11_04_09.961-05_00_2.png,2.0,1.7821091728793315
2112,2678_LeafPhotoA_2025-09-09 11_04_09.961-05_00_0.png,2.0,1.9454081999522472
2113,2678_LeafPhotoA_2025-09-09 11_04_09.961-05_00_1.png,2.0,1.9171897695890185
2114,1944_LeafPhotoA_2025-09-09 16_01_21.249-05_00_0.png,2.5,2.1243390426988413
2115,1944_LeafPhotoA_2025-09-09 16_01_21.249-05_00_1.png,2.5,1.9503055287250706
2116,1944_LeafPhotoA_2025-09-09 16_01_21.249-05_00_2.png,2.5,2.201935587334169
2117,1944_LeafPhotoA_2025-09-09 16_01_21.249-05_00_3.png,2.5,1.9764145811846918
2125,2434_LeafPhotoB_2025-09-08 11_10_53.702-05_00_1.png,1.5,1.9307510737469982
2126,2434_LeafPhotoB_2025-09-08 11_10_53.702-05_00_2.png,1.5,1.8236020540309077
2127,2434_LeafPhotoB_2025-09-08 11_10_53.702-05_00_0.png,1.5,1.8182129778076361
2128,2434_LeafPhotoB_2025-09-08 11_10_53.702-05_00_3.png,1.5,1.8321282180017944
2141,1127_LeafPhotoA_2025-09-08 10_15_24.325-05_00_0.png,2.5,1.7403078417365978
2142,1127_LeafPhotoA_2025-09-08 10_15_24.325-05_00_1.png,2.5,1.7420116589985741
2143,1127_LeafPhotoA_2025-09-08 10_15_24.325-05_00_2.png,2.5,1.8338770837288023
2144,1127_LeafPhotoA_2025-09-08 10_15_24.325-05_00_3.png,2.5,1.8703008626073054
2198,1493_LeafPhotoB_2025-09-08 16_57_00.908-05_00_1.png,2.5,2.0679870272674292
2199,1493_LeafPhotoB_2025-09-08 16_57_00.908-05_00_0.png,2.5,2.0542000170922012
2200,1493_LeafPhotoB_2025-09-08 16_57_00.908-05_00_3.png,2.5,1.9543163571759985
2201,1493_LeafPhotoB_2025-09-08 16_57_00.908-05_00_2.png,2.5,2.042850755753052
2218,1877_LeafPhotoA_2025-09-09 13_21_50.382-05_00_1.png,1.25,1.9637200471218375
2219,1877_LeafPhotoA_2025-09-09 13_21_50.382-05_00_2.png,1.25,1.8153175425392691
2220,1877_LeafPhotoA_2025-09-09 13_21_50.382-05_00_0.png,1.25,1.8408564523483362
2221,1877_LeafPhotoA_2025-09-09 13_21_50.382-05_00_3.png,1.25,1.879469129133143
2222,,2.0,1.6258300079592174
2226,1582_LeafPhotoA_2025-09-09 09_42_32.403-05_00_0.png,2.25,1.8977306005022248
2227,1582_LeafPhotoA_2025-09-09 09_42_32.403-05_00_1.png,2.25,1.9244074403021632
2228,1582_LeafPhotoA_2025-09-09 09_42_32.403-05_00_2.png,2.25,1.907163662394591
2229,1582_LeafPhotoA_2025-09-09 09_42_32.403-05_00_3.png,2.25,1.984751078540698
2235,2477_LeafPhotoB_2025-09-08 11_52_47.408-05_00_0.png,3.25,2.1296465731980474
2236,2477_LeafPhotoB_2025-09-08 11_52_47.408-05_00_3.png,3.25,2.0567952078679514
2237,2477_LeafPhotoB_2025-09-08 11_52_47.408-05_00_1.png,3.25,2.151718763401148
2238,2477_LeafPhotoB_2025-09-08 11_52_47.408-05_00_2.png,3.25,2.06484328991093
2286,1067_LeafPhotoA_2025-09-08 12_59_13.071-05_00_2.png,1.25,1.712832807786308
2287,1067_LeafPhotoA_2025-09-08 12_59_13.071-05_00_3.png,1.25,1.825449299181051
2288,1067_LeafPhotoA_2025-09-08 12_59_13.071-05_00_1.png,1.25,1.8959684156518977
2289,1067_LeafPhotoA_2025-09-08 12_59_13.071-05_00_0.png,1.25,1.8817762844664516
2298,1311_LeafPhotoA_2025-09-08 09_27_50.762-05_00_3.png,2.25,1.8531075669968249
2299,1311_LeafPhotoA_2025-09-08 09_27_50.762-05_00_2.png,2.25,1.8368286108926228
2300,1311_LeafPhotoA_2025-09-08 09_27_50.762-05_00_1.png,2.25,1.9078374509021034
2301,1311_LeafPhotoA_2025-09-08 09_27_50.762-05_00_0.png,2.25,1.9190095754454084
2310,1627_LeafPhotoA_2025-09-09 10_06_34.203-05_00_0.png,1.5,1.8001009848008576
2311,1627_LeafPhotoA_2025-09-09 10_06_34.203-05_00_1.png,1.5,1.9154491349213472
2312,1627_LeafPhotoA_2025-09-09 10_06_34.203-05_00_2.png,1.5,1.9021379729540655
2313,1627_LeafPhotoA_2025-09-09 10_06_34.203-05_00_3.png,1.5,1.6386949903046162
2329,2717_LeafPhotoA_2025-09-09 10_36_52.862-05_00_0.png,3.25,2.0167011217331208
2330,2717_LeafPhotoA_2025-09-09 10_36_52.862-05_00_2.png,3.25,1.9854096412434743
2331,2717_LeafPhotoA_2025-09-09 10_36_52.862-05_00_1.png,3.25,2.0245739865556165
2332,1130_LeafPhotoA_2025-09-08 10_20_33.571-05_00_2.png,1.75,1.9193774580588525
2333,1130_LeafPhotoA_2025-09-08 10_20_33.571-05_00_1.png,1.75,1.8408037102297226
2334,1130_LeafPhotoA_2025-09-08 10_20_33.571-05_00_3.png,1.75,1.822787104757827
2335,1130_LeafPhotoA_2025-09-08 10_20_33.571-05_00_0.png,1.75,1.7926414306518037
2362,2207_LeafPhotoA_2025-09-08 10_54_55.448-05_00_0.png,1.25,1.7729177063109673
2363,2207_LeafPhotoA_2025-09-08 10_54_55.448-05_00_1.png,1.25,1.9129743740696117
2364,2207_LeafPhotoA_2025-09-08 10_54_55.448-05_00_2.png,1.25,1.8019091052995864
2365,2207_LeafPhotoA_2025-09-08 10_54_55.448-05_00_3.png,1.25,1.6743934410449868
2370,1617_LeafPhotoA_2025-09-09 09_44_34.252-05_00_2.png,1.5,2.0725463930728183
2371,1617_LeafPhotoA_2025-09-09 09_44_34.252-05_00_1.png,1.5,2.1430386035425704
2372,1617_LeafPhotoA_2025-09-09 09_44_34.252-05_00_0.png,1.5,2.075548221939524
2405,1184_LeafPhotoA_2025-09-08 16_08_30.015-05_00_2.png,2.75,2.0805260066180296
2406,1184_LeafPhotoA_2025-09-08 16_08_30.015-05_00_1.png,2.75,2.0737694018993214
2407,1184_LeafPhotoA_2025-09-08 16_08_30.015-05_00_0.png,2.75,2.0370113616657246
2408,1184_LeafPhotoA_2025-09-08 16_08_30.015-05_00_3.png,2.75,1.9841781420280324
2475,2338_LeafPhotoA_2025-09-08 11_06_38.534-05_00_3.png,3.5,1.9957252795458231
2476,2338_LeafPhotoA_2025-09-08 11_06_38.534-05_00_0.png,3.5,1.820630623413178
2477,2338_LeafPhotoA_2025-09-08 11_06_38.534-05_00_2.png,3.5,2.0915285516051294
2478,2338_LeafPhotoA_2025-09-08 11_06_38.534-05_00_1.png,3.5,1.9645751074355093
2498,1644_LeafPhotoA_2025-09-09 10_35_13.308-05_00_0.png,1.25,2.0114294022433525
2499,1644_LeafPhotoA_2025-09-09 10_35_13.308-05_00_1.png,1.25,1.6927385483171689
2500,1644_LeafPhotoA_2025-09-09 10_35_13.308-05_00_2.png,1.25,1.9033479561830702
2501,1644_LeafPhotoA_2025-09-09 10_35_13.308-05_00_3.png,1.25,1.7315515497015872
2506,2981_LeafPhotoA_2025-09-09 16_33_03.761-05_00_1.png,2.5,1.8956542548801303
2507,2981_LeafPhotoA_2025-09-09 16_33_03.761-05_00_2.png,2.5,2.1097727070307233
2508,2981_LeafPhotoA_2025-09-09 16_33_03.761-05_00_0.png,2.5,1.8646058649289006
2513,1731_LeafPhotoA_2025-09-09 09_38_23.442-05_00_0.png,1.5,1.9331580667287542
2514,1731_LeafPhotoA_2025-09-09 09_38_23.442-05_00_2.png,1.5,2.1897922041261193
2515,1731_LeafPhotoA_2025-09-09 09_38_23.442-05_00_1.png,1.5,2.0994657512612838
2572,2466_LeafPhotoB_2025-09-08 11_42_42.225-05_00_0.png,1.0,1.8208520394858194
2573,2466_LeafPhotoB_2025-09-08 11_42_42.225-05_00_2.png,1.0,1.7215599823170191
2574,2466_LeafPhotoB_2025-09-08 11_42_42.225-05_00_1.png,1.0,1.781314285897925
2575,2466_LeafPhotoB_2025-09-08 11_42_42.225-05_00_3.png,1.0,1.7953488257629244
2584,2877_LeafPhotoA_2025-09-09 14_42_55.104-05_00_2.png,1.25,1.8128832184085903
2585,2877_LeafPhotoA_2025-09-09 14_42_55.104-05_00_0.png,1.25,1.9390920607734408
2586,2877_LeafPhotoA_2025-09-09 14_42_55.104-05_00_1.png,1.25,1.8314821463229447
2587,2877_LeafPhotoA_2025-09-09 14_42_55.104-05_00_3.png,1.25,1.7346378861332081
2629,,1.5,1.6258300079592174
2634,2169_LeafPhotoA_2025-09-09 12_05_10.533-05_00_0.png,2.25,1.989993032667688
2666,2568_LeafPhotoA_2025-09-09 10_50_54.288-05_00_3.png,1.25,2.0128609614096997
2667,2568_LeafPhotoA_2025-09-09 10_50_54.288-05_00_2.png,1.25,1.8834034074035149
2668,2568_LeafPhotoA_2025-09-09 10_50_54.288-05_00_0.png,1.25,1.8239779444559452
2669,2568_LeafPhotoA_2025-09-09 10_50_54.288-05_00_1.png,1.25,1.9836277059565937
2674,1873_LeafPhotoA_2025-09-09 13_24_25.512-05_00_1.png,2.25,1.9490624819783242
2675,1873_LeafPhotoA_2025-09-09 13_24_25.512-05_00_3.png,2.25,1.8106977377963147
2676,1873_LeafPhotoA_2025-09-09 13_24_25.512-05_00_0.png,2.25,1.8810666032172043
2677,1873_LeafPhotoA_2025-09-09 13_24_25.512-05_00_2.png,2.25,2.0330955320895443
2678,1657_LeafPhotoA_2025-09-09 10_13_53.773-05_00_0.png,1.25,1.7813372445032187
2679,1657_LeafPhotoA_2025-09-09 10_13_53.773-05_00_1.png,1.25,1.5965440130555495
2683,1873_LeafPhotoA_2025-09-09 13_25_03.055-05_00_2.png,2.75,1.980341587830474
2684,1873_LeafPhotoA_2025-09-09 13_25_03.055-05_00_1.png,2.75,1.8325347272548709
2685,1873_LeafPhotoA_2025-09-09 13_25_03.055-05_00_0.png,2.75,1.9262914136161549
2686,1873_LeafPhotoA_2025-09-09 13_25_03.055-05_00_3.png,2.75,1.8478758662647994
2699,2066_LeafPhotoA_2025-09-08 12_00_00.120-05_00_2.png,1.5,1.7791589245888062
2700,2066_LeafPhotoA_2025-09-08 12_00_00.120-05_00_3.png,1.5,1.7947464465600833
2701,2066_LeafPhotoA_2025-09-08 12_00_00.120-05_00_1.png,1.5,1.8603613940749446
2702,2066_LeafPhotoA_2025-09-08 12_00_00.120-05_00_0.png,1.5,1.8893061790344567
2707,1877_LeafPhotoA_2025-09-09 13_21_29.026-05_00_3.png,2.5,1.9467907714423396
2708,1877_LeafPhotoA_2025-09-09 13_21_29.026-05_00_0.png,2.5,1.9152564142017152
2709,1877_LeafPhotoA_2025-09-09 13_21_29.026-05_00_2.png,2.5,1.9641313025491953
2710,1877_LeafPhotoA_2025-09-09 13_21_29.026-05_00_1.png,2.5,2.0259533500259845
2715,1149_LeafPhotoA_2025-09-08 10_47_32.215-05_00_0.png,2.25,1.9728926263620183
2716,1149_LeafPhotoA_2025-09-08 10_47_32.215-05_00_1.png,2.25,2.028611176295218
2717,1149_LeafPhotoA_2025-09-08 10_47_32.215-05_00_2.png,2.25,1.9969771478696001
2718,1149_LeafPhotoA_2025-09-08 10_47_32.215-05_00_3.png,2.25,1.7715845991343642
2730,1359_LeafPhotoA_2025-09-08 12_38_47.936-05_00_0.png,2.0,1.9516596130625368
2731,1359_LeafPhotoA_2025-09-08 12_38_47.936-05_00_2.png,2.0,1.902667174950467
2732,1359_LeafPhotoA_2025-09-08 12_38_47.936-05_00_1.png,2.0,2.014863302727008
2741,2992_LeafPhotoA_2025-09-09 16_46_47.466-05_00_3.png,1.5,1.8948747864528515
2742,2992_LeafPhotoA_2025-09-09 16_46_47.466-05_00_0.png,1.5,1.8542097710940595
2743,2992_LeafPhotoA_2025-09-09 16_46_47.466-05_00_1.png,1.5,1.9781913955081447
2744,2992_LeafPhotoA_2025-09-09 16_46_47.466-05_00_2.png,1.5,1.9456526066235225
2801,2071_LeafPhotoA_2025-09-08 12_05_40.977-05_00_0.png,1.75,1.7614919583246667
2802,2071_LeafPhotoA_2025-09-08 12_05_40.977-05_00_1.png,1.75,2.0419555307604096
2803,2071_LeafPhotoA_2025-09-08 12_05_40.977-05_00_2.png,1.75,1.8849023395227933
2804,2071_LeafPhotoA_2025-09-08 12_05_40.977-05_00_3.png,1.75,1.8488711904321076
2806,,2.5,1.6258300079592174
2846,1553_LeafPhotoA_2025-09-09 10_18_50.828-05_00_0.png,1.5,1.7801678917554897
2847,1553_LeafPhotoA_2025-09-09 10_18_50.828-05_00_1.png,1.5,1.854533498019383
2848,1553_LeafPhotoA_2025-09-09 10_18_50.828-05_00_2.png,1.5,1.7335432296900228
2849,1553_LeafPhotoA_2025-09-09 10_18_50.828-05_00_3.png,1.5,1.6227523989602577
2872,2826_LeafPhotoA_2025-09-09 10_42_31.280-05_00_0.png,2.0,1.9607954730477097
2873,2826_LeafPhotoA_2025-09-09 10_42_31.280-05_00_1.png,2.0,1.7402994481197127
2874,2826_LeafPhotoA_2025-09-09 10_42_31.280-05_00_2.png,2.0,1.8122295358445952
2875,2826_LeafPhotoA_2025-09-09 10_42_31.280-05_00_3.png,2.0,1.8914914181455162
2888,2831_LeafPhotoA_2025-09-09 10_48_28.918-05_00_1.png,2.0,1.7701774553242826
2889,2831_LeafPhotoA_2025-09-09 10_48_28.918-05_00_0.png,2.0,1.8393436666250726
2890,2831_LeafPhotoA_2025-09-09 10_48_28.918-05_00_2.png,2.0,1.736895823775468
2898,2478_LeafPhotoB_2025-09-08 11_54_11.812-05_00_0.png,1.75,1.959129474222136
2899,2478_LeafPhotoB_2025-09-08 11_54_11.812-05_00_1.png,1.75,2.083512067680555
2900,2478_LeafPhotoB_2025-09-08 11_54_11.812-05_00_2.png,1.75,2.030983564073499
2901,2478_LeafPhotoB_2025-09-08 11_54_11.812-05_00_3.png,1.75,1.9535270428909564
2924,1464_LeafPhotoB_2025-09-08 16_27_57.851-05_00_1.png,1.75,2.038014378556333
2925,1464_LeafPhotoB_2025-09-08 16_27_57.851-05_00_2.png,1.75,1.9874340818226757
2926,1464_LeafPhotoB_2025-09-08 16_27_57.851-05_00_0.png,1.75,1.952152648813711
2927,1464_LeafPhotoB_2025-09-08 16_27_57.851-05_00_3.png,1.75,1.8299597322236127
2940,2290_LeafPhotoA_2025-09-08 16_50_03.639-05_00_3.png,1.5,1.8287165405362784
2941,2290_LeafPhotoA_2025-09-08 16_50_03.639-05_00_0.png,1.5,1.9899380880731856
2942,2290_LeafPhotoA_2025-09-08 16_50_03.639-05_00_2.png,1.5,1.9143534353266438
2943,2290_LeafPhotoA_2025-09-08 16_50_03.639-05_00_1.png,1.5,2.1366186547840598
2972,1032_LeafPhotoA_2025-09-08 10_07_30.322-05_00_2.png,1.75,2.0055709040056957
2973,1032_LeafPhotoA_2025-09-08 10_07_30.322-05_00_1.png,1.75,1.9056529520906946
2974,1032_LeafPhotoA_2025-09-08 10_07_30.322-05_00_3.png,1.75,1.908699947811098
2975,1032_LeafPhotoA_2025-09-08 10_07_30.322-05_00_0.png,1.75,1.9080595456154164
3015,1877_LeafPhotoA_2025-09-09 17_04_42.599-05_00_1.png,2.25,1.9936521889434535
3016,1877_LeafPhotoA_2025-09-09 17_04_42.599-05_00_3.png,2.25,1.7585212611377592
3017,1877_LeafPhotoA_2025-09-09 17_04_42.599-05_00_0.png,2.25,1.7931672947765724
3018,1877_LeafPhotoA_2025-09-09 17_04_42.599-05_00_2.png,2.25,1.9235652962368086
3035,2737_LeafPhotoA_2025-09-09 11_04_04.650-05_00_0.png,3.25,1.7798484867483015
3036,2737_LeafPhotoA_2025-09-09 11_04_04.650-05_00_1.png,3.25,1.783659334786356
3037,2737_LeafPhotoA_2025-09-09 11_04_04.650-05_00_2.png,3.25,1.7972292516578385
3038,2737_LeafPhotoA_2025-09-09 11_04_04.650-05_00_3.png,3.25,1.6954731774839058
3043,1903_LeafPhotoA_2025-09-09 14_22_36.498-05_00_3.png,2.5,1.7918098648964564
3044,1903_LeafPhotoA_2025-09-09 14_22_36.498-05_00_0.png,2.5,1.926279708957944
3045,1903_LeafPhotoA_2025-09-09 14_22_36.498-05_00_2.png,2.5,1.857737787829216
3046,1903_LeafPhotoA_2025-09-09 14_22_36.498-05_00_1.png,2.5,1.912066902931467
3047,,1.75,1.6258300079592174
3056,1712_LeafPhotoA_2025-09-09 09_07_57.472-05_00_0.png,3.5,2.0036995527531034
3057,1712_LeafPhotoA_2025-09-09 09_07_57.472-05_00_1.png,3.5,1.9637241845124367
3058,1712_LeafPhotoA_2025-09-09 09_07_57.472-05_00_2.png,3.5,2.100614820658358
3059,1712_LeafPhotoA_2025-09-09 09_07_57.472-05_00_3.png,3.5,2.261746469712401
3063,1302_LeafPhotoA_2025-09-08 10_22_31.224-05_00_0.png,3.0,2.040642871270242
3064,1302_LeafPhotoA_2025-09-08 10_22_31.224-05_00_1.png,3.0,1.765350340338499
3065,1302_LeafPhotoA_2025-09-08 10_22_31.224-05_00_2.png,3.0,1.8473517772754438
3066,1654_LeafPhotoA_2025-09-09 10_18_00.201-05_00_1.png,1.25,1.7069894047851575
3067,1654_LeafPhotoA_2025-09-09 10_18_00.201-05_00_2.png,1.25,1.675128087372806
3068,1654_LeafPhotoA_2025-09-09 10_18_00.201-05_00_0.png,1.25,1.822270542632616
3073,1374_LeafPhotoA_2025-09-08 12_56_08.244-05_00_1.png,1.25,2.0614325361855954
3074,1374_LeafPhotoA_2025-09-08 12_56_08.244-05_00_3.png,1.25,2.0114097456685247
3075,1374_LeafPhotoA_2025-09-08 12_56_08.244-05_00_0.png,1.25,1.7366708622434581
3076,1374_LeafPhotoA_2025-09-08 12_56_08.244-05_00_2.png,1.25,2.0262916727933646
3093,1825_LeafPhotoA_2025-09-09 09_26_26.568-05_00_2.png,1.0,1.6468795896494715
3094,1825_LeafPhotoA_2025-09-09 09_26_26.568-05_00_3.png,1.0,1.8166448239596342
3095,1825_LeafPhotoA_2025-09-09 09_26_26.568-05_00_1.png,1.0,1.6714537727870264
3096,1825_LeafPhotoA_2025-09-09 09_26_26.568-05_00_0.png,1.0,1.7050587512587918
3117,2979_LeafPhotoA_2025-09-09 16_31_00.348-05_00_1.png,1.5,1.9340795694847919
3118,2979_LeafPhotoA_2025-09-09 16_31_00.348-05_00_2.png,1.5,1.9964481016337359
3119,2979_LeafPhotoA_2025-09-09 16_31_00.348-05_00_3.png,1.5,1.9392602477649552
3120,2979_LeafPhotoA_2025-09-09 16_31_00.348-05_00_0.png,1.5,1.8094886816171751
3153,2543_LeafPhotoA_2025-09-09 10_42_41.692-05_00_2.png,2.25,2.0391908268916517
3154,2543_LeafPhotoA_2025-09-09 10_42_41.692-05_00_0.png,2.25,1.8778678411510825
3155,2543_LeafPhotoA_2025-09-09 10_42_41.692-05_00_3.png,2.25,2.0281478781057816
3156,2543_LeafPhotoA_2025-09-09 10_42_41.692-05_00_1.png,2.25,2.075251631535714
3161,2309_LeafPhotoA_2025-09-08 10_37_11.316-05_00_2.png,1.75,1.8333991565342924
3162,2309_LeafPhotoA_2025-09-08 10_37_11.316-05_00_1.png,1.75,1.8896426694757782
3163,2309_LeafPhotoA_2025-09-08 10_37_11.316-05_00_0.png,1.75,1.8046699035559806
3164,2309_LeafPhotoA_2025-09-08 10_37_11.316-05_00_3.png,1.75,1.9144772376638672
3177,2069_LeafPhotoA_2025-09-08 12_03_40.102-05_00_0.png,1.5,1.8813504572670856
3178,2069_LeafPhotoA_2025-09-08 12_03_40.102-05_00_1.png,1.5,1.9549148589615055
3179,2069_LeafPhotoA_2025-09-08 12_03_40.102-05_00_2.png,1.5,1.8888471124530886
3180,2069_LeafPhotoA_2025-09-08 12_03_40.102-05_00_3.png,1.5,1.745689746624636
3181,2220_LeafPhotoA_2025-09-08 11_18_41.599-05_00_0.png,2.75,1.7643676867628957
3182,2220_LeafPhotoA_2025-09-08 11_18_41.599-05_00_1.png,2.75,1.900853030554592
3183,2220_LeafPhotoA_2025-09-08 11_18_41.599-05_00_2.png,2.75,1.7010253777749054
3184,2220_LeafPhotoA_2025-09-08 11_18_41.599-05_00_3.png,2.75,1.7174033713709
3189,2432_LeafPhotoB_2025-09-08 11_09_28.923-05_00_0.png,1.25,1.7834747584958266
3190,2432_LeafPhotoB_2025-09-08 11_09_28.923-05_00_2.png,1.25,1.7409805882649343
3191,2432_LeafPhotoB_2025-09-08 11_09_28.923-05_00_3.png,1.25,1.6953846855745207
3192,2432_LeafPhotoB_2025-09-08 11_09_28.923-05_00_1.png,1.25,1.6572618382047724
3194,2322_LeafPhotoA_2025-09-08 10_50_00.196-05_00_3.png,1.25,1.782508207939238
3195,2322_LeafPhotoA_2025-09-08 10_50_00.196-05_00_1.png,1.25,1.7091214983967364
3196,2322_LeafPhotoA_2025-09-08 10_50_00.196-05_00_0.png,1.25,1.6152376250582252
3197,2322_LeafPhotoA_2025-09-08 10_50_00.196-05_00_2.png,1.25,1.8245037004576492
3198,2826_LeafPhotoA_2025-09-09 10_41_32.330-05_00_0.png,1.5,1.7495380988604194
3199,2826_LeafPhotoA_2025-09-09 10_41_32.330-05_00_1.png,1.5,1.8112348368449274
3200,2826_LeafPhotoA_2025-09-09 10_41_32.330-05_00_2.png,1.5,1.7386910612311872
3201,2826_LeafPhotoA_2025-09-09 10_41_32.330-05_00_3.png,1.5,1.6631146965645085
3211,2257_LeafPhotoA_2025-09-08 12_26_38.283-05_00_0.png,1.5,1.4949713214537974
3212,2257_LeafPhotoA_2025-09-08 12_26_38.283-05_00_1.png,1.5,1.5130263207292773
3213,2257_LeafPhotoA_2025-09-08 12_26_38.283-05_00_2.png,1.5,1.5573717144190362
3214,2257_LeafPhotoA_2025-09-08 12_26_38.283-05_00_3.png,1.5,1.6016177107203837
3222,1834_LeafPhotoA_2025-09-09 09_42_08.907-05_00_0.png,2.0,1.6789939237023939
3223,1834_LeafPhotoA_2025-09-09 09_42_08.907-05_00_1.png,2.0,1.6769399177533864
3224,1834_LeafPhotoA_2025-09-09 09_42_08.907-05_00_2.png,2.0,1.6246204588352189
3225,1834_LeafPhotoA_2025-09-09 09_42_08.907-05_00_3.png,2.0,1.6677719801172375
3226,,1.5,1.6258300079592174
3227,2418_LeafPhotoB_2025-09-08 10_56_40.105-05_00_3.png,1.75,1.7702769971901136
3228,2418_LeafPhotoB_2025-09-08 10_56_40.105-05_00_1.png,1.75,1.676306461247893
3229,2418_LeafPhotoB_2025-09-08 10_56_40.105-05_00_0.png,1.75,1.8660763685529154
3230,2418_LeafPhotoB_2025-09-08 10_56_40.105-05_00_2.png,1.75,1.7552017861806355
3265,2706_LeafPhotoA_2025-09-09 10_21_29.913-05_00_0.png,3.5,2.0037486611752646
3266,2706_LeafPhotoA_2025-09-09 10_21_29.913-05_00_1.png,3.5,2.079763457051904
3267,2706_LeafPhotoA_2025-09-09 10_21_29.913-05_00_2.png,3.5,2.0814391885808674
3268,2706_LeafPhotoA_2025-09-09 10_21_29.913-05_00_3.png,3.5,1.9031696060835224
3277,1545_LeafPhotoA_2025-09-09 09_45_27.497-05_00_2.png,1.25,1.7696742977041438
3278,1545_LeafPhotoA_2025-09-09 09_45_27.497-05_00_0.png,1.25,1.8315251402793975
3279,1545_LeafPhotoA_2025-09-09 09_45_27.497-05_00_1.png,1.25,1.780065327748232
3280,1545_LeafPhotoA_2025-09-09 09_45_27.497-05_00_3.png,1.25,1.9342078024784692
3281,6014_LeafPhotoA_2025-09-09 16_54_50.169-05_00_1.png,1.5,1.606523789678574
3282,6014_LeafPhotoA_2025-09-09 16_54_50.169-05_00_3.png,1.5,1.6267984047551818
3283,6014_LeafPhotoA_2025-09-09 16_54_50.169-05_00_2.png,1.5,1.611193379949781
3284,6014_LeafPhotoA_2025-09-09 16_54_50.169-05_00_0.png,1.5,1.6476016719335356
3289,2095_LeafPhotoA_2025-09-08 12_31_36.632-05_00_1.png,2.75,1.967337593133078
3290,2095_LeafPhotoA_2025-09-08 12_31_36.632-05_00_3.png,2.75,1.9972164565646457
3291,2095_LeafPhotoA_2025-09-08 12_31_36.632-05_00_2.png,2.75,2.0337315505648026
3292,2095_LeafPhotoA_2025-09-08 12_31_36.632-05_00_0.png,2.75,1.7250604326913956
3297,1300_LeafPhotoA_2025-09-08 16_38_09.236-05_00_0.png,2.75,2.07577687776378
3298,1300_LeafPhotoA_2025-09-08 16_38_09.236-05_00_1.png,2.75,1.9487716355429807
3303,2419_LeafPhotoB_2025-09-08 10_57_28.297-05_00_0.png,1.5,2.1090866977221596
3304,2419_LeafPhotoB_2025-09-08 10_57_28.297-05_00_1.png,1.5,1.9275242958983512
3305,2419_LeafPhotoB_2025-09-08 10_57_28.297-05_00_2.png,1.5,2.167114732920644
3373,2478_LeafPhotoB_2025-09-08 11_53_38.180-05_00_0.png,2.5,2.077714989230918
3374,2478_LeafPhotoB_2025-09-08 11_53_38.180-05_00_1.png,2.5,2.027798741334343
3375,2478_LeafPhotoB_2025-09-08 11_53_38.180-05_00_2.png,2.5,1.918266849253848
3380,2652_LeafPhotoA_2025-09-09 11_26_57.371-05_00_1.png,2.75,2.0005736338757463
3381,2652_LeafPhotoA_2025-09-09 11_26_57.371-05_00_3.png,2.75,1.7575436463556857
3382,2652_LeafPhotoA_2025-09-09 11_26_57.371-05_00_2.png,2.75,1.8449653824458006
3383,2652_LeafPhotoA_2025-09-09 11_26_57.371-05_00_0.png,2.75,2.0027200418462154
3396,2405_LeafPhotoB_2025-09-08 10_44_24.813-05_00_0.png,2.25,1.9625285271372601
3413,2265_LeafPhotoA_2025-09-08 12_39_28.832-05_00_0.png,2.25,1.7574328974044504
3414,2265_LeafPhotoA_2025-09-08 12_39_28.832-05_00_1.png,2.25,1.911882432299653
3415,2265_LeafPhotoA_2025-09-08 12_39_28.832-05_00_2.png,2.25,1.7233714071701325
3416,2265_LeafPhotoA_2025-09-08 12_39_28.832-05_00_3.png,2.25,1.7157468186429585
3421,1987_LeafPhotoA_2025-09-09 16_24_58.420-05_00_0.png,2.0,2.1340761293337724
3422,1987_LeafPhotoA_2025-09-09 16_24_58.420-05_00_1.png,2.0,1.7987480524486554
3434,1403_LeafPhotoA_2025-09-08 09_23_43.647-05_00_0.png,1.75,1.767415135953015
3435,1403_LeafPhotoA_2025-09-08 09_23_43.647-05_00_1.png,1.75,1.9698993483001563
3436,1403_LeafPhotoA_2025-09-08 09_23_43.647-05_00_2.png,1.75,2.070608951738242
3449,1149_LeafPhotoA_2025-09-08 10_46_42.123-05_00_0.png,2.75,1.912331364676379
3450,1149_LeafPhotoA_2025-09-08 10_46_42.123-05_00_1.png,2.75,1.7466278427828454
3451,1149_LeafPhotoA_2025-09-08 10_46_42.123-05_00_2.png,2.75,1.8809029067968805
3452,1149_LeafPhotoA_2025-09-08 10_46_42.123-05_00_3.png,2.75,1.673136623563795
3457,2960_LeafPhotoA_2025-09-09 16_05_27.861-05_00_0.png,1.0,1.679578836943394
3458,2960_LeafPhotoA_2025-09-09 16_05_27.861-05_00_1.png,1.0,1.8603314004469786
3459,2960_LeafPhotoA_2025-09-09 16_05_27.861-05_00_2.png,1.0,1.6288124354253428
3460,2960_LeafPhotoA_2025-09-09 16_05_27.861-05_00_3.png,1.0,1.6914747303041497
3475,2269_LeafPhotoA_2025-09-08 17_14_12.666-05_00_3.png,2.25,1.9633391536868665
3476,2269_LeafPhotoA_2025-09-08 17_14_12.666-05_00_1.png,2.25,1.917509538337748
3477,2269_LeafPhotoA_2025-09-08 17_14_12.666-05_00_2.png,2.25,1.980424962855074
3478,2269_LeafPhotoA_2025-09-08 17_14_12.666-05_00_0.png,2.25,1.9238865763149826
3495,2750_LeafPhotoA_2025-09-09 11_21_31.376-05_00_0.png,1.75,1.8738367409016952
3496,2750_LeafPhotoA_2025-09-09 11_21_31.376-05_00_1.png,1.75,1.906958251729029
3497,2750_LeafPhotoA_2025-09-09 11_21_31.376-05_00_2.png,1.75,1.9511504116167329
3498,2750_LeafPhotoA_2025-09-09 11_21_31.376-05_00_3.png,1.75,1.893105903744302
3503,1459_LeafPhotoB_2025-09-08 12_36_19.960-05_00_0.png,3.0,1.989689970923041
3504,1459_LeafPhotoB_2025-09-08 12_36_19.960-05_00_1.png,3.0,1.8367110483383837
3541,,2.0,1.6258300079592174
30,2872_LeafPhotoA_2025-09-09 14_46_31.841-05_00_0.png,1.0,1.8307440741555465
31,2872_LeafPhotoA_2025-09-09 14_46_31.841-05_00_2.png,1.0,1.94567291927199
32,2872_LeafPhotoA_2025-09-09 14_46_31.841-05_00_1.png,1.0,1.8716377205472126
33,2872_LeafPhotoA_2025-09-09 14_46_31.841-05_00_3.png,1.0,1.836220971180845
50,1031_LeafPhotoA_2025-09-08 10_06_33.217-05_00_0.png,1.5,1.8273148323849997
51,1031_LeafPhotoA_2025-09-08 10_06_33.217-05_00_3.png,1.5,1.6677379039062723
52,1031_LeafPhotoA_2025-09-08 10_06_33.217-05_00_1.png,1.5,1.7867201699524873
53,1031_LeafPhotoA_2025-09-08 10_06_33.217-05_00_2.png,1.5,1.7786010567278225
89,1543_LeafPhotoA_2025-09-09 09_43_28.797-05_00_2.png,1.75,2.2217211116492512
90,1543_LeafPhotoA_2025-09-09 09_43_28.797-05_00_1.png,1.75,2.280897244458222
91,1543_LeafPhotoA_2025-09-09 09_43_28.797-05_00_0.png,1.75,2.057125597345121
92,1543_LeafPhotoA_2025-09-09 09_43_28.797-05_00_3.png,1.75,2.1421382238225313
99,1214_LeafPhotoA_2025-09-08 09_47_10.824-05_00_3.png,1.5,1.8810577194616969
100,1214_LeafPhotoA_2025-09-08 09_47_10.824-05_00_0.png,1.5,1.9882402458759862
101,1214_LeafPhotoA_2025-09-08 09_47_10.824-05_00_2.png,1.5,2.0092172051616473
102,1214_LeafPhotoA_2025-09-08 09_47_10.824-05_00_1.png,1.5,1.914989236014995
122,2843_LeafPhotoA_2025-09-09 11_07_54.202-05_00_0.png,2.25,1.8855315211856416
123,2843_LeafPhotoA_2025-09-09 11_07_54.202-05_00_1.png,2.25,1.8935327081356237
124,2843_LeafPhotoA_2025-09-09 11_07_54.202-05_00_2.png,2.25,2.0181598629295756
125,2843_LeafPhotoA_2025-09-09 11_07_54.202-05_00_3.png,2.25,1.9236785784546768
140,2999_LeafPhotoA_2025-09-09 16_54_48.280-05_00_2.png,1.25,1.8908738034089223
141,2999_LeafPhotoA_2025-09-09 16_54_48.280-05_00_0.png,1.25,1.9710785863227323
142,2999_LeafPhotoA_2025-09-09 16_54_48.280-05_00_3.png,1.25,1.8697538610555264
143,2999_LeafPhotoA_2025-09-09 16_54_48.280-05_00_1.png,1.25,1.920809633000084
152,1030_LeafPhotoA_2025-09-08 10_05_12.593-05_00_3.png,2.25,1.941488146445164
153,1030_LeafPhotoA_2025-09-08 10_05_12.593-05_00_1.png,2.25,2.02115594526249
154,1030_LeafPhotoA_2025-09-08 10_05_12.593-05_00_0.png,2.25,1.996822395795209
155,1030_LeafPhotoA_2025-09-08 10_05_12.593-05_00_2.png,2.25,1.9735897981205894
159,1138_LeafPhotoA_2025-09-08 10_30_50.978-05_00_2.png,2.25,1.8127605757031064
160,1138_LeafPhotoA_2025-09-08 10_30_50.978-05_00_0.png,2.25,1.8080413039671452
161,1138_LeafPhotoA_2025-09-08 10_30_50.978-05_00_3.png,2.25,1.9834280575134153
162,1138_LeafPhotoA_2025-09-08 10_30_50.978-05_00_1.png,2.25,1.8302367493214766
175,1713_LeafPhotoA_2025-09-09 09_08_57.026-05_00_0.png,3.0,2.0367339576756653
176,1713_LeafPhotoA_2025-09-09 09_08_57.026-05_00_2.png,3.0,2.071456003815693
177,1713_LeafPhotoA_2025-09-09 09_08_57.026-05_00_1.png,3.0,1.9298820459726032
178,1713_LeafPhotoA_2025-09-09 09_08_57.026-05_00_3.png,3.0,1.9807685601695124
186,1736_LeafPhotoA_2025-09-09 09_48_40.445-05_00_2.png,1.0,2.3719517286763816
187,1736_LeafPhotoA_2025-09-09 09_48_40.445-05_00_0.png,1.0,2.0853864711489276
188,1736_LeafPhotoA_2025-09-09 09_48_40.445-05_00_3.png,1.0,2.0522065547729476
189,1736_LeafPhotoA_2025-09-09 09_48_40.445-05_00_1.png,1.0,2.1915585098139516
190,1086_LeafPhotoA_2025-09-09 10_59_11.313-05_00_0.png,1.75,1.806472692055752
191,1086_LeafPhotoA_2025-09-09 10_59_11.313-05_00_2.png,1.75,1.9607207715234742
192,1086_LeafPhotoA_2025-09-09 10_59_11.313-05_00_1.png,1.75,1.7920225766396904
193,1086_LeafPhotoA_2025-09-09 10_59_11.313-05_00_3.png,1.75,1.8379187680493294
206,2470_LeafPhotoB_2025-09-08 11_47_37.543-05_00_2.png,1.75,1.939074239910204
207,2470_LeafPhotoB_2025-09-08 11_47_37.543-05_00_0.png,1.75,2.009582044514224
208,2470_LeafPhotoB_2025-09-08 11_47_37.543-05_00_1.png,1.75,1.8903400739187068
209,2470_LeafPhotoB_2025-09-08 11_47_37.543-05_00_3.png,1.75,1.8424297596779937
226,1660_LeafPhotoA_2025-09-09 10_09_36.852-05_00_1.png,1.5,1.8106950054428281
227,1660_LeafPhotoA_2025-09-09 10_09_36.852-05_00_0.png,1.5,1.779706324627061
228,1660_LeafPhotoA_2025-09-09 10_09_36.852-05_00_2.png,1.5,1.840174045250307
229,1660_LeafPhotoA_2025-09-09 10_09_36.852-05_00_3.png,1.5,1.78176349023461
234,1966_LeafPhotoA_2025-09-09 17_14_11.633-05_00_0.png,1.25,1.781923401992528
235,1966_LeafPhotoA_2025-09-09 17_14_11.633-05_00_1.png,1.25,1.868772711010933
236,1966_LeafPhotoA_2025-09-09 17_14_11.633-05_00_2.png,1.25,1.798622393669391
237,1966_LeafPhotoA_2025-09-09 17_14_11.633-05_00_3.png,1.25,1.7216783298239853
260,2775_LeafPhotoA_2025-09-09 15_39_08.142-05_00_0.png,1.0,1.8592178139117705
261,2775_LeafPhotoA_2025-09-09 15_39_08.142-05_00_3.png,1.0,1.7732437269714503
262,2775_LeafPhotoA_2025-09-09 15_39_08.142-05_00_1.png,1.0,1.83900458345565
263,2775_LeafPhotoA_2025-09-09 15_39_08.142-05_00_2.png,1.0,1.779238734600238
273,1196_LeafPhotoA_2025-09-08 15_46_27.438-05_00_1.png,1.75,2.1219504266158657
274,1196_LeafPhotoA_2025-09-08 15_46_27.438-05_00_3.png,1.75,1.9383490794148448
275,1196_LeafPhotoA_2025-09-08 15_46_27.438-05_00_2.png,1.75,2.023977776582507
276,1196_LeafPhotoA_2025-09-08 15_46_27.438-05_00_0.png,1.75,2.0662841930601217
285,2942_LeafPhotoA_2025-09-09 16_27_44.669-05_00_2.png,2.25,1.9259201381881583
286,2942_LeafPhotoA_2025-09-09 16_27_44.669-05_00_1.png,2.25,1.8676062411691774
287,2942_LeafPhotoA_2025-09-09 16_27_44.669-05_00_3.png,2.25,2.0246873697767653
288,2942_LeafPhotoA_2025-09-09 16_27_44.669-05_00_0.png,2.25,1.946363410475831
289,2301_LeafPhotoA_2025-09-08 10_23_19.706-05_00_1.png,2.5,1.8928920095964394
290,2301_LeafPhotoA_2025-09-08 10_23_19.706-05_00_2.png,2.5,1.8733977748553272
291,2301_LeafPhotoA_2025-09-08 10_23_19.706-05_00_0.png,2.5,1.771920787553842
332,2962_LeafPhotoA_2025-09-09 16_07_33.642-05_00_0.png,2.5,1.837295562455368
333,2962_LeafPhotoA_2025-09-09 16_07_33.642-05_00_2.png,2.5,1.8420696785289212
334,2962_LeafPhotoA_2025-09-09 16_07_33.642-05_00_1.png,2.5,1.8944235584112936
335,2962_LeafPhotoA_2025-09-09 16_07_33.642-05_00_3.png,2.5,1.9534702130031565
336,2693_LeafPhotoA_2025-09-09 10_37_58.417-05_00_0.png,1.5,1.7837966270619865
337,2693_LeafPhotoA_2025-09-09 10_37_58.417-05_00_1.png,1.5,1.8638059591471694
338,2693_LeafPhotoA_2025-09-09 10_37_58.417-05_00_2.png,1.5,1.7828600566610686
339,2693_LeafPhotoA_2025-09-09 10_37_58.417-05_00_3.png,1.5,1.7517448105568745
383,2957_LeafPhotoA_2025-09-09 16_00_50.634-05_00_0.png,2.25,1.9316598861423022
384,2957_LeafPhotoA_2025-09-09 16_00_50.634-05_00_1.png,2.25,1.8881315179112692
385,2957_LeafPhotoA_2025-09-09 16_00_50.634-05_00_2.png,2.25,1.805330650937147
386,2957_LeafPhotoA_2025-09-09 16_00_50.634-05_00_3.png,2.25,1.9429256160398756
433,1414_LeafPhotoA_2025-09-08 09_36_43.216-05_00_1.png,1.5,1.8982496510063507
434,1414_LeafPhotoA_2025-09-08 09_36_43.216-05_00_0.png,1.5,1.8782581497288822
435,1414_LeafPhotoA_2025-09-08 09_36_43.216-05_00_2.png,1.5,2.096685738802175
448,1687_LeafPhotoA_2025-09-09 09_18_28.478-05_00_1.png,2.0,2.1622941037264014
449,1687_LeafPhotoA_2025-09-09 09_18_28.478-05_00_2.png,2.0,2.0404147666703762
450,1687_LeafPhotoA_2025-09-09 09_18_28.478-05_00_0.png,2.0,1.912993789290883
463,2206_LeafPhotoA_2025-09-08 10_53_32.789-05_00_0.png,1.5,1.6622215823284907
464,2206_LeafPhotoA_2025-09-08 10_53_32.789-05_00_1.png,1.5,1.6392131960853904
465,2206_LeafPhotoA_2025-09-08 10_53_32.789-05_00_2.png,1.5,1.7289428607490722
466,2206_LeafPhotoA_2025-09-08 10_53_32.789-05_00_3.png,1.5,1.7295488578570768
487,2949_LeafPhotoA_2025-09-09 16_21_26.314-05_00_3.png,1.75,1.750552819535985
488,2949_LeafPhotoA_2025-09-09 16_21_26.314-05_00_1.png,1.75,1.7721904631719108
489,2949_LeafPhotoA_2025-09-09 16_21_26.314-05_00_2.png,1.75,1.635487281648951
490,2949_LeafPhotoA_2025-09-09 16_21_26.314-05_00_0.png,1.75,1.82390618257409
505,2110_LeafPhotoA_2025-09-08 11_07_19.238-05_00_2.png,1.0,1.6844471756233304
506,2110_LeafPhotoA_2025-09-08 11_07_19.238-05_00_0.png,1.0,1.8750440522589094
507,2110_LeafPhotoA_2025-09-08 11_07_19.238-05_00_3.png,1.0,1.7351031995502781
508,2110_LeafPhotoA_2025-09-08 11_07_19.238-05_00_1.png,1.0,1.872453243616869
513,1805_LeafPhotoA_2025-09-09 08_57_47.562-05_00_0.png,1.25,1.867683042579302
514,1805_LeafPhotoA_2025-09-09 08_57_47.562-05_00_1.png,1.25,1.7791936342972041
515,1805_LeafPhotoA_2025-09-09 08_57_47.562-05_00_2.png,1.25,1.7571375843986368
516,1805_LeafPhotoA_2025-09-09 08_57_47.562-05_00_3.png,1.25,1.6905405433543488
540,2999_LeafPhotoA_2025-09-09 16_54_09.800-05_00_1.png,1.5,1.8791410540568834
541,2999_LeafPhotoA_2025-09-09 16_54_09.800-05_00_2.png,1.5,1.8014591208209152
542,2999_LeafPhotoA_2025-09-09 16_54_09.800-05_00_0.png,1.5,1.6713806291532671
543,2999_LeafPhotoA_2025-09-09 16_54_09.800-05_00_3.png,1.5,1.8758119546754424
544,1802_LeafPhotoA_2025-09-09 10_06_55.886-05_00_0.png,1.0,1.5855432072630458
545,1802_LeafPhotoA_2025-09-09 10_06_55.886-05_00_3.png,1.0,1.702356891012753
546,1802_LeafPhotoA_2025-09-09 10_06_55.886-05_00_1.png,1.0,1.5888675180571687
547,1802_LeafPhotoA_2025-09-09 10_06_55.886-05_00_2.png,1.0,1.6012530186236407
555,2166_LeafPhotoA_2025-09-09 11_59_53.673-05_00_0.png,2.0,2.2117449582071043
556,2166_LeafPhotoA_2025-09-09 11_59_53.673-05_00_1.png,2.0,2.175482293522396
557,2166_LeafPhotoA_2025-09-09 11_59_53.673-05_00_2.png,2.0,2.1549060121004295
558,2166_LeafPhotoA_2025-09-09 11_59_53.673-05_00_3.png,2.0,2.0207502873803183
561,1863_LeafPhotoA_2025-09-09 13_33_41.872-05_00_2.png,2.25,1.9115045951774607
562,1863_LeafPhotoA_2025-09-09 13_33_41.872-05_00_3.png,2.25,2.204680159645135
563,1863_LeafPhotoA_2025-09-09 13_33_41.872-05_00_1.png,2.25,1.979079925857595
564,1863_LeafPhotoA_2025-09-09 13_33_41.872-05_00_0.png,2.25,1.882430702792326
565,2529_LeafPhotoA_2025-09-09 10_27_20.782-05_00_0.png,1.5,1.9264398176401099
566,2529_LeafPhotoA_2025-09-09 10_27_20.782-05_00_1.png,1.5,1.9952107169549376
567,2529_LeafPhotoA_2025-09-09 10_27_20.782-05_00_2.png,1.5,1.8136036103478772
568,2529_LeafPhotoA_2025-09-09 10_27_20.782-05_00_3.png,1.5,1.9201554373290524
581,2227_LeafPhotoA_2025-09-08 11_30_56.055-05_00_0.png,2.5,1.9617278208305924
582,2227_LeafPhotoA_2025-09-08 11_30_56.055-05_00_1.png,2.5,2.0429508323848484
583,2227_LeafPhotoA_2025-09-08 11_30_56.055-05_00_2.png,2.5,1.9604187142380127
584,2227_LeafPhotoA_2025-09-08 11_30_56.055-05_00_3.png,2.5,1.7973622514611305
601,2657_LeafPhotoA_2025-09-09 11_30_26.164-05_00_3.png,3.0,2.0536876213097193
602,2657_LeafPhotoA_2025-09-09 11_30_26.164-05_00_2.png,3.0,2.0968982947226733
603,2657_LeafPhotoA_2025-09-09 11_30_26.164-05_00_1.png,3.0,2.1893082086418487
604,2657_LeafPhotoA_2025-09-09 11_30_26.164-05_00_0.png,3.0,2.167550039185102
605,2736_LeafPhotoA_2025-09-09 11_03_17.238-05_00_3.png,2.75,2.0550075227516937
606,2736_LeafPhotoA_2025-09-09 11_03_17.238-05_00_2.png,2.75,2.0316371147503607
607,2736_LeafPhotoA_2025-09-09 11_03_17.238-05_00_1.png,2.75,2.081717328248701
608,2736_LeafPhotoA_2025-09-09 11_03_17.238-05_00_0.png,2.75,2.0736362924061016
609,2244_LeafPhotoA_2025-09-08 11_56_08.443-05_00_1.png,1.25,1.5922070223673597
610,2244_LeafPhotoA_2025-09-08 11_56_08.443-05_00_3.png,1.25,1.5720018186577778
611,2244_LeafPhotoA_2025-09-08 11_56_08.443-05_00_2.png,1.25,1.6307517151911979
612,2244_LeafPhotoA_2025-09-08 11_56_08.443-05_00_0.png,1.25,1.6250650525998347
619,1722_LeafPhotoA_2025-09-09 09_21_25.253-05_00_0.png,3.0,2.100188524885097
620,1722_LeafPhotoA_2025-09-09 09_21_25.253-05_00_1.png,3.0,1.9492400252960176
621,1722_LeafPhotoA_2025-09-09 09_21_25.253-05_00_2.png,3.0,1.9694865941001298
626,,1.25,1.7721940669731882
635,2401_LeafPhotoB_2025-09-08 10_40_27.891-05_00_0.png,2.0,2.0651360498269367
636,2401_LeafPhotoB_2025-09-08 10_40_27.891-05_00_1.png,2.0,1.922005974181477
637,2401_LeafPhotoB_2025-09-08 10_40_27.891-05_00_2.png,2.0,1.8477285358609625
638,2401_LeafPhotoB_2025-09-08 10_40_27.891-05_00_3.png,2.0,2.1198086336822795
647,2594_LeafPhotoA_2025-09-09 10_28_20.057-05_00_0.png,1.5,1.7938495286184206
648,2594_LeafPhotoA_2025-09-09 10_28_20.057-05_00_1.png,1.5,1.7565213780135414
649,2594_LeafPhotoA_2025-09-09 10_28_20.057-05_00_2.png,1.5,1.7966934866281818
650,2594_LeafPhotoA_2025-09-09 10_28_20.057-05_00_3.png,1.5,1.819054455192856
655,1946_LeafPhotoA_2025-09-09 16_05_11.903-05_00_1.png,1.5,1.75861677000384
656,1946_LeafPhotoA_2025-09-09 16_05_11.903-05_00_0.png,1.5,1.7754912641806513
657,1946_LeafPhotoA_2025-09-09 16_05_11.903-05_00_2.png,1.5,1.9236842629415438
658,1946_LeafPhotoA_2025-09-09 16_05_11.903-05_00_3.png,1.5,1.6497979573182013
671,1789_LeafPhotoA_2025-09-09 09_15_57.914-05_00_3.png,1.0,1.9097721015600753
672,1789_LeafPhotoA_2025-09-09 09_15_57.914-05_00_1.png,1.0,2.1723286284498315
673,1789_LeafPhotoA_2025-09-09 09_15_57.914-05_00_2.png,1.0,2.058094770106161
674,1789_LeafPhotoA_2025-09-09 09_15_57.914-05_00_0.png,1.0,1.9277507231975122
675,1200_LeafPhotoA_2025-09-08 17_01_52.096-05_00_0.png,1.0,1.8062733996041376
676,1200_LeafPhotoA_2025-09-08 17_01_52.096-05_00_1.png,1.0,1.7873788402993862
677,1200_LeafPhotoA_2025-09-08 17_01_52.096-05_00_2.png,1.0,1.8654702725116075
682,2724_LeafPhotoA_2025-09-09 10_46_27.417-05_00_1.png,1.75,2.102281762511008
683,2724_LeafPhotoA_2025-09-09 10_46_27.417-05_00_3.png,1.75,1.9124325914587867
684,2724_LeafPhotoA_2025-09-09 10_46_27.417-05_00_0.png,1.75,1.9672601571598787
685,2724_LeafPhotoA_2025-09-09 10_46_27.417-05_00_2.png,1.75,1.8801473932575419
698,2115_LeafPhotoA_2025-09-08 11_16_33.968-05_00_3.png,1.75,1.8703341110697425
699,2115_LeafPhotoA_2025-09-08 11_16_33.968-05_00_1.png,1.75,1.843927020229943
700,2115_LeafPhotoA_2025-09-08 11_16_33.968-05_00_0.png,1.75,1.6854435682673872
701,2115_LeafPhotoA_2025-09-08 11_16_33.968-05_00_2.png,1.75,1.7953119726608744
727,2048_LeafPhotoA_2025-09-08 11_28_25.459-05_00_0.png,2.0,1.794639683928795
728,2048_LeafPhotoA_2025-09-08 11_28_25.459-05_00_3.png,2.0,1.746353761201066
729,2048_LeafPhotoA_2025-09-08 11_28_25.459-05_00_2.png,2.0,1.718917134559091
730,2048_LeafPhotoA_2025-09-08 11_28_25.459-05_00_1.png,2.0,1.9283512252952797
741,2655_LeafPhotoA_2025-09-09 11_29_02.979-05_00_0.png,1.25,1.6852792840544375
742,2655_LeafPhotoA_2025-09-09 11_29_02.979-05_00_1.png,1.25,1.7144121964207113
743,2655_LeafPhotoA_2025-09-09 11_29_02.979-05_00_2.png,1.25,1.7375052611485955
744,2655_LeafPhotoA_2025-09-09 11_29_02.979-05_00_3.png,1.25,1.8291041790086653
745,1056_LeafPhotoA_2025-09-08 12_47_34.787-05_00_2.png,1.75,1.9024156540967203
746,1056_LeafPhotoA_2025-09-08 12_47_34.787-05_00_1.png,1.75,1.8481314233689425
747,1056_LeafPhotoA_2025-09-08 12_47_34.787-05_00_0.png,1.75,1.8535142042877133
748,1056_LeafPhotoA_2025-09-08 12_47_34.787-05_00_3.png,1.75,1.994733263192023
760,2409_LeafPhotoB_2025-09-08 10_48_08.751-05_00_1.png,2.75,1.9972018729571936
761,2409_LeafPhotoB_2025-09-08 10_48_08.751-05_00_2.png,2.75,1.9213822352586147
762,2409_LeafPhotoB_2025-09-08 10_48_08.751-05_00_3.png,2.75,1.854881464099946
763,2409_LeafPhotoB_2025-09-08 10_48_08.751-05_00_0.png,2.75,1.8873187390981265
766,2673_LeafPhotoA_2025-09-09 11_11_18.428-05_00_1.png,1.0,1.7917717202871524
767,2673_LeafPhotoA_2025-09-09 11_11_18.428-05_00_0.png,1.0,1.7726416386250683
768,2673_LeafPhotoA_2025-09-09 11_11_18.428-05_00_2.png,1.0,1.7814794219341687
777,2933_LeafPhotoA_2025-09-09 16_35_09.095-05_00_0.png,1.0,1.8893658126735244
778,2933_LeafPhotoA_2025-09-09 16_35_09.095-05_00_1.png,1.0,2.1132777415787047
779,2933_LeafPhotoA_2025-09-09 16_35_09.095-05_00_2.png,1.0,1.9193969463253018
815,9351_LeafPhotoA_2025-09-09 17_07_37.530-05_00_2.png,1.0,1.9090694063203728
816,9351_LeafPhotoA_2025-09-09 17_07_37.530-05_00_0.png,1.0,2.0588576196523407
817,9351_LeafPhotoA_2025-09-09 17_07_37.530-05_00_3.png,1.0,1.8164355575947115
818,9351_LeafPhotoA_2025-09-09 17_07_37.530-05_00_1.png,1.0,1.9364465944836249
843,2693_LeafPhotoA_2025-09-09 10_38_35.796-05_00_0.png,1.75,2.113206201094334
844,2693_LeafPhotoA_2025-09-09 10_38_35.796-05_00_1.png,1.75,2.10584311482882
845,2693_LeafPhotoA_2025-09-09 10_38_35.796-05_00_2.png,1.75,2.1678504404549064
846,2693_LeafPhotoA_2025-09-09 10_38_35.796-05_00_3.png,1.75,2.1660546666928493
847,2499_LeafPhotoB_2025-09-08 12_23_25.734-05_00_0.png,1.75,1.8898360940234744
848,2499_LeafPhotoB_2025-09-08 12_23_25.734-05_00_1.png,1.75,1.912472260875197
849,2499_LeafPhotoB_2025-09-08 12_23_25.734-05_00_2.png,1.75,1.7277279515505128
850,2499_LeafPhotoB_2025-09-08 12_23_25.734-05_00_3.png,1.75,1.7943516183410253
868,2506_LeafPhotoA_2025-09-09 10_01_46.426-05_00_2.png,2.75,2.1096367178009263
869,2506_LeafPhotoA_2025-09-09 10_01_46.426-05_00_3.png,2.75,2.0369251278047718
870,2506_LeafPhotoA_2025-09-09 10_01_46.426-05_00_1.png,2.75,2.0798787529764695
871,2506_LeafPhotoA_2025-09-09 10_01_46.426-05_00_0.png,2.75,2.0602975374057264
872,2341_LeafPhotoA_2025-09-08 11_09_22.552-05_00_1.png,1.0,1.9418579591847784
873,2341_LeafPhotoA_2025-09-08 11_09_22.552-05_00_0.png,1.0,1.8925008739916336
901,2833_LeafPhotoA_2025-09-09 10_51_02.314-05_00_2.png,1.0,1.8969361080982359
902,2833_LeafPhotoA_2025-09-09 10_51_02.314-05_00_1.png,1.0,1.7576778563230284
903,2833_LeafPhotoA_2025-09-09 10_51_02.314-05_00_3.png,1.0,1.720978783449952
904,2833_LeafPhotoA_2025-09-09 10_51_02.314-05_00_0.png,1.0,1.797671849271622
909,1472_LeafPhotoB_2025-09-08 16_38_48.113-05_00_1.png,1.5,1.9649404000631499
910,1472_LeafPhotoB_2025-09-08 16_38_48.113-05_00_0.png,1.5,2.027839565485898
911,1472_LeafPhotoB_2025-09-08 16_38_48.113-05_00_2.png,1.5,2.045559946605464
917,1697_LeafPhotoA_2025-09-09 08_53_49.546-05_00_0.png,1.25,1.9432037938492328
918,1697_LeafPhotoA_2025-09-09 08_53_49.546-05_00_1.png,1.25,1.8489846155709393
919,1697_LeafPhotoA_2025-09-09 08_53_49.546-05_00_3.png,1.25,1.8302995450273416
920,1697_LeafPhotoA_2025-09-09 08_53_49.546-05_00_2.png,1.25,1.8470561551156317
926,2381_LeafPhotoA_2025-09-08 11_51_21.824-05_00_0.png,1.25,1.7940054705705588
927,2381_LeafPhotoA_2025-09-08 11_51_21.824-05_00_3.png,1.25,1.812460045439703
928,2381_LeafPhotoA_2025-09-08 11_51_21.824-05_00_1.png,1.25,1.916083398415418
929,2381_LeafPhotoA_2025-09-08 11_51_21.824-05_00_2.png,1.25,1.9737942814141056
976,1679_LeafPhotoA_2025-09-09 09_32_13.519-05_00_0.png,2.25,1.9434226144888387
977,1679_LeafPhotoA_2025-09-09 09_32_13.519-05_00_1.png,2.25,1.9723446281933368
978,1679_LeafPhotoA_2025-09-09 09_32_13.519-05_00_2.png,2.25,1.7963035277067068
979,1679_LeafPhotoA_2025-09-09 09_32_13.519-05_00_3.png,2.25,1.7799027927347637
985,1512_LeafPhotoA_2025-09-09 09_08_29.596-05_00_0.png,2.5,1.9540467140519875
986,1512_LeafPhotoA_2025-09-09 09_08_29.596-05_00_3.png,2.5,2.01173027485554
987,1512_LeafPhotoA_2025-09-09 09_08_29.596-05_00_1.png,2.5,1.7419951732483394
988,1512_LeafPhotoA_2025-09-09 09_08_29.596-05_00_2.png,2.5,1.9206315955662405
1038,1001_LeafPhotoA_2025-09-08 10_30_44.491-05_00_1.png,1.75,1.924223603489519
1039,1001_LeafPhotoA_2025-09-08 10_30_44.491-05_00_2.png,1.75,1.6913182619592733
1040,1001_LeafPhotoA_2025-09-08 10_30_44.491-05_00_0.png,1.75,1.7554398978322172
1041,1001_LeafPhotoA_2025-09-08 10_30_44.491-05_00_3.png,1.75,1.6903362673000588
1047,1705_LeafPhotoA_2025-09-09 08_56_59.048-05_00_2.png,2.25,2.085543787822837
1048,1705_LeafPhotoA_2025-09-09 08_56_59.048-05_00_0.png,2.25,1.9703055914485619
1049,1705_LeafPhotoA_2025-09-09 08_56_59.048-05_00_1.png,2.25,2.1130290182598626
1050,1705_LeafPhotoA_2025-09-09 08_56_59.048-05_00_3.png,2.25,1.984994455170731
1062,1665_LeafPhotoA_2025-09-09 09_57_34.568-05_00_0.png,2.0,1.9861101538505992
1063,1665_LeafPhotoA_2025-09-09 09_57_34.568-05_00_1.png,2.0,1.9043078099231332
1064,1665_LeafPhotoA_2025-09-09 09_57_34.568-05_00_2.png,2.0,1.790370449642483
1102,1053_LeafPhotoA_2025-09-08 12_43_49.634-05_00_3.png,2.5,1.9322312830251105
1103,1053_LeafPhotoA_2025-09-08 12_43_49.634-05_00_1.png,2.5,2.0736967199037624
1104,1053_LeafPhotoA_2025-09-08 12_43_49.634-05_00_0.png,2.5,1.8651655044275275
1105,1053_LeafPhotoA_2025-09-08 12_43_49.634-05_00_2.png,2.5,1.9078517463734668
1113,2631_LeafPhotoA_2025-09-09 11_48_53.491-05_00_3.png,2.5,1.8271860216827818
1114,2631_LeafPhotoA_2025-09-09 11_48_53.491-05_00_1.png,2.5,1.6758839821572267
1115,2631_LeafPhotoA_2025-09-09 11_48_53.491-05_00_0.png,2.5,1.6048967707827506
1116,2631_LeafPhotoA_2025-09-09 11_48_53.491-05_00_2.png,2.5,1.7656216533912203
1134,1013_LeafPhotoA_2025-09-08 09_45_15.101-05_00_0.png,1.25,1.8994099526553792
1135,1013_LeafPhotoA_2025-09-08 09_45_15.101-05_00_2.png,1.25,2.0103421973918545
1136,1013_LeafPhotoA_2025-09-08 09_45_15.101-05_00_1.png,1.25,2.168052560638644
1137,1013_LeafPhotoA_2025-09-08 09_45_15.101-05_00_3.png,1.25,1.8549865788719786
1147,9260_LeafPhotoA_2025-09-08 12_05_57.503-05_00_1.png,1.0,1.6610269458998186
1148,9260_LeafPhotoA_2025-09-08 12_05_57.503-05_00_2.png,1.0,1.6412656840225048
1149,9260_LeafPhotoA_2025-09-08 12_05_57.503-05_00_0.png,1.0,1.607278635698236
1150,9260_LeafPhotoA_2025-09-08 12_05_57.503-05_00_3.png,1.0,1.8868775112754868
1185,2433_LeafPhotoB_2025-09-08 11_09_46.410-05_00_3.png,1.5,1.6741701070901918
1186,2433_LeafPhotoB_2025-09-08 11_09_46.410-05_00_1.png,1.5,1.826594146586987
1187,2433_LeafPhotoB_2025-09-08 11_09_46.410-05_00_2.png,1.5,1.739084134891919
1188,2433_LeafPhotoB_2025-09-08 11_09_46.410-05_00_0.png,1.5,1.9698592546729135
1197,2490_LeafPhotoB_2025-09-08 12_05_22.252-05_00_3.png,1.5,1.9587420914998308
1198,2490_LeafPhotoB_2025-09-08 12_05_22.252-05_00_0.png,1.5,1.8378907628185146
1199,2490_LeafPhotoB_2025-09-08 12_05_22.252-05_00_2.png,1.5,1.9146420656522494
1200,2490_LeafPhotoB_2025-09-08 12_05_22.252-05_00_1.png,1.5,1.9133470617252548
1218,1014_LeafPhotoA_2025-09-08 09_46_05.675-05_00_2.png,3.75,2.0521038086628507
1219,1014_LeafPhotoA_2025-09-08 09_46_05.675-05_00_1.png,3.75,2.1072529518018106
1220,1014_LeafPhotoA_2025-09-08 09_46_05.675-05_00_0.png,3.75,2.1235145593328877
1238,2530_LeafPhotoA_2025-09-09 10_28_43.092-05_00_1.png,3.75,2.0479329161845827
1239,2530_LeafPhotoA_2025-09-09 10_28_43.092-05_00_3.png,3.75,2.0387344700041092
1240,2530_LeafPhotoA_2025-09-09 10_28_43.092-05_00_2.png,3.75,2.1198209503022762
1241,2530_LeafPhotoA_2025-09-09 10_28_43.092-05_00_0.png,3.75,2.067970296610317
1242,1397_LeafPhotoA_2025-09-08 13_28_16.462-05_00_0.png,2.5,1.8907807101148348
1252,2867_LeafPhotoA_2025-09-09 14_50_34.297-05_00_1.png,1.5,1.917265003529323
1253,2867_LeafPhotoA_2025-09-09 14_50_34.297-05_00_3.png,1.5,1.7805058924644097
1254,2867_LeafPhotoA_2025-09-09 14_50_34.297-05_00_0.png,1.5,1.956498454321305
1255,2867_LeafPhotoA_2025-09-09 14_50_34.297-05_00_2.png,1.5,1.858010195592699
1256,,2.25,1.7721940669731882
1352,1170_LeafPhotoA_2025-09-08 16_32_45.562-05_00_3.png,1.75,2.063819693169103
1353,1170_LeafPhotoA_2025-09-08 16_32_45.562-05_00_1.png,1.75,2.3033948026947244
1354,1170_LeafPhotoA_2025-09-08 16_32_45.562-05_00_2.png,1.75,2.018581107446045
1355,1170_LeafPhotoA_2025-09-08 16_32_45.562-05_00_0.png,1.75,2.002830225488628
1376,2222_LeafPhotoA_2025-09-08 11_22_53.252-05_00_0.png,2.25,1.904594344037454
1377,2222_LeafPhotoA_2025-09-08 11_22_53.252-05_00_1.png,2.25,1.9046763269490876
1378,2222_LeafPhotoA_2025-09-08 11_22_53.252-05_00_2.png,2.25,1.837888611278534
1379,2222_LeafPhotoA_2025-09-08 11_22_53.252-05_00_3.png,2.25,1.8704092542653632
1427,2876_LeafPhotoA_2025-09-09 14_43_15.675-05_00_3.png,1.75,1.6201195281649052
1428,2876_LeafPhotoA_2025-09-09 14_43_15.675-05_00_2.png,1.75,1.7299114618987392
1429,2876_LeafPhotoA_2025-09-09 14_43_15.675-05_00_1.png,1.75,2.010700018779595
1430,2876_LeafPhotoA_2025-09-09 14_43_15.675-05_00_0.png,1.75,1.943086641549561
1443,2041_LeafPhotoA_2025-09-08 11_20_20.644-05_00_0.png,2.0,1.8047837514437755
1444,2041_LeafPhotoA_2025-09-08 11_20_20.644-05_00_1.png,2.0,1.8799590921929572
1445,2041_LeafPhotoA_2025-09-08 11_20_20.644-05_00_2.png,2.0,1.8382312130916025
1469,1584_LeafPhotoA_2025-09-09 09_39_38.950-05_00_3.png,2.25,2.0109197396520107
1470,1584_LeafPhotoA_2025-09-09 09_39_38.950-05_00_1.png,2.25,1.9123843025336584
1471,1584_LeafPhotoA_2025-09-09 09_39_38.950-05_00_0.png,2.25,1.9384338535185563
1472,1584_LeafPhotoA_2025-09-09 09_39_38.950-05_00_2.png,2.25,1.8968105835593498
1473,1946_LeafPhotoA_2025-09-09 16_04_53.847-05_00_2.png,3.0,1.811502725073665
1474,1946_LeafPhotoA_2025-09-09 16_04_53.847-05_00_0.png,3.0,2.033598540273366
1475,1946_LeafPhotoA_2025-09-09 16_04_53.847-05_00_1.png,3.0,2.0273253214068574
1476,1946_LeafPhotoA_2025-09-09 16_04_53.847-05_00_3.png,3.0,1.6598534544929178
1506,1442_LeafPhotoB_2025-09-08 10_31_26.108-05_00_1.png,1.25,1.9041452342699432
1507,1442_LeafPhotoB_2025-09-08 10_31_26.108-05_00_0.png,1.25,1.7228772358237077
1508,1442_LeafPhotoB_2025-09-08 10_31_26.108-05_00_2.png,1.25,1.9547815337639016
1509,1442_LeafPhotoB_2025-09-08 10_31_26.108-05_00_3.png,1.25,1.7755674391639702
1524,1693_LeafPhotoA_2025-09-09 09_07_35.518-05_00_0.png,1.75,1.7979451088100717
1525,1693_LeafPhotoA_2025-09-09 09_07_35.518-05_00_1.png,1.75,2.0779496757085987
1526,1693_LeafPhotoA_2025-09-09 09_07_35.518-05_00_2.png,1.75,1.9134748968110293
1527,1693_LeafPhotoA_2025-09-09 09_07_35.518-05_00_3.png,1.75,1.9630848050298497
1560,1266_LeafPhotoA_2025-09-08 16_20_40.775-05_00_0.png,1.5,1.9644764647439774
1581,2104_LeafPhotoA_2025-09-08 10_58_03.934-05_00_0.png,2.0,1.6416498217688973
1582,2104_LeafPhotoA_2025-09-08 10_58_03.934-05_00_1.png,2.0,1.731906178074377
1583,2104_LeafPhotoA_2025-09-08 10_58_03.934-05_00_2.png,2.0,1.7758724460416613
1584,2104_LeafPhotoA_2025-09-08 10_58_03.934-05_00_3.png,2.0,1.728546049766903
1594,,1.5,1.7721940669731882
1603,2029_LeafPhotoA_2025-09-08 11_07_23.840-05_00_0.png,3.5,2.0135770932552552
1604,2029_LeafPhotoA_2025-09-08 11_07_23.840-05_00_2.png,3.5,1.8352874153522132
1605,2029_LeafPhotoA_2025-09-08 11_07_23.840-05_00_1.png,3.5,1.915214609027882
1606,2029_LeafPhotoA_2025-09-08 11_07_23.840-05_00_3.png,3.5,2.2071925811170687
1623,1152_LeafPhotoA_2025-09-08 16_58_21.742-05_00_0.png,2.0,2.099244604872144
1624,1152_LeafPhotoA_2025-09-08 16_58_21.742-05_00_2.png,2.0,2.118686654598733
1625,1152_LeafPhotoA_2025-09-08 16_58_21.742-05_00_1.png,2.0,2.114967551022143
1626,1152_LeafPhotoA_2025-09-08 16_58_21.742-05_00_3.png,2.0,2.222948900818072
1632,1572_LeafPhotoA_2025-09-09 09_56_18.547-05_00_0.png,1.5,1.7803320681001378
1633,1572_LeafPhotoA_2025-09-09 09_56_18.547-05_00_2.png,1.5,1.8850348955068625
1634,1572_LeafPhotoA_2025-09-09 09_56_18.547-05_00_1.png,1.5,1.8484040282956218
1635,1572_LeafPhotoA_2025-09-09 09_56_18.547-05_00_3.png,1.5,2.075234111506292
1647,2237_LeafPhotoA_2025-09-08 11_42_52.155-05_00_1.png,1.5,1.7909036885161853
1648,2237_LeafPhotoA_2025-09-08 11_42_52.155-05_00_0.png,1.5,1.7658186389445816
1649,2237_LeafPhotoA_2025-09-08 11_42_52.155-05_00_3.png,1.5,1.6849165999790756
1650,2237_LeafPhotoA_2025-09-08 11_42_52.155-05_00_2.png,1.5,1.6834158179953238
1671,2618_LeafPhotoA_2025-09-09 12_06_25.737-05_00_0.png,2.25,1.805982338473898
1672,2618_LeafPhotoA_2025-09-09 12_06_25.737-05_00_1.png,2.25,1.8003391984692283
1699,2686_LeafPhotoA_2025-09-09 10_48_10.419-05_00_0.png,3.0,1.7917314935585795
1700,2686_LeafPhotoA_2025-09-09 10_48_10.419-05_00_1.png,3.0,1.769645030451147
1701,2686_LeafPhotoA_2025-09-09 10_48_10.419-05_00_2.png,3.0,1.6840594760497274
1718,1198_LeafPhotoA_2025-09-08 09_25_24.531-05_00_0.png,1.25,1.8558776607245324
1719,1198_LeafPhotoA_2025-09-08 09_25_24.531-05_00_1.png,1.25,1.9357913390412909
1720,1198_LeafPhotoA_2025-09-08 09_25_24.531-05_00_2.png,1.25,1.9537744333651594
1721,1198_LeafPhotoA_2025-09-08 09_25_24.531-05_00_3.png,1.25,1.8259564460924997
1730,2876_LeafPhotoA_2025-09-09 14_43_31.946-05_00_3.png,1.5,1.7808049913649497
1731,2876_LeafPhotoA_2025-09-09 14_43_31.946-05_00_1.png,1.5,1.8394453362899557
1732,2876_LeafPhotoA_2025-09-09 14_43_31.946-05_00_0.png,1.5,1.8548178090479994
1733,2876_LeafPhotoA_2025-09-09 14_43_31.946-05_00_2.png,1.5,1.6784153838212208
1747,2064_LeafPhotoA_2025-09-08 11_57_49.749-05_00_0.png,2.0,1.6877993421321111
1748,2064_LeafPhotoA_2025-09-08 11_57_49.749-05_00_3.png,2.0,1.707118270733716
1749,2064_LeafPhotoA_2025-09-08 11_57_49.749-05_00_2.png,2.0,1.7215070332359417
1750,2064_LeafPhotoA_2025-09-08 11_57_49.749-05_00_1.png,2.0,1.6387161049707728
1765,1267_LeafPhotoA_2025-09-08 16_19_11.885-05_00_1.png,2.25,1.941174275884825
1766,1267_LeafPhotoA_2025-09-08 16_19_11.885-05_00_0.png,2.25,2.2587394049126845
1767,1267_LeafPhotoA_2025-09-08 16_19_11.885-05_00_2.png,2.25,2.0766645134782205
1768,1267_LeafPhotoA_2025-09-08 16_19_11.885-05_00_3.png,2.25,1.8045521879892783
1769,2871_LeafPhotoA_2025-09-09 14_47_23.331-05_00_3.png,2.5,1.9263720836723681
1770,2871_LeafPhotoA_2025-09-09 14_47_23.331-05_00_0.png,2.5,1.8626284259095305
1771,2871_LeafPhotoA_2025-09-09 14_47_23.331-05_00_1.png,2.5,1.89036091093558
1772,2871_LeafPhotoA_2025-09-09 14_47_23.331-05_00_2.png,2.5,1.8460552226706672
1808,2447_LeafPhotoB_2025-09-08 11_22_51.883-05_00_2.png,2.0,1.896393280926806
1809,2447_LeafPhotoB_2025-09-08 11_22_51.883-05_00_1.png,2.0,1.8463918433432758
1810,2447_LeafPhotoB_2025-09-08 11_22_51.883-05_00_3.png,2.0,1.7659974204582598
1811,2447_LeafPhotoB_2025-09-08 11_22_51.883-05_00_0.png,2.0,1.7980877331383567
1820,2287_LeafPhotoA_2025-09-08 16_53_06.874-05_00_3.png,3.75,2.11108327941999
1821,2287_LeafPhotoA_2025-09-08 16_53_06.874-05_00_2.png,3.75,2.1070861673827754
1822,2287_LeafPhotoA_2025-09-08 16_53_06.874-05_00_1.png,3.75,2.1139561367264066
1823,2287_LeafPhotoA_2025-09-08 16_53_06.874-05_00_0.png,3.75,2.188968173735878
1831,1713_LeafPhotoA_2025-09-09 09_08_31.161-05_00_0.png,1.75,1.961793060165882
1832,1713_LeafPhotoA_2025-09-09 09_08_31.161-05_00_3.png,1.75,1.954286953355598
1833,1713_LeafPhotoA_2025-09-09 09_08_31.161-05_00_2.png,1.75,1.9550697195149842
1834,1713_LeafPhotoA_2025-09-09 09_08_31.161-05_00_1.png,1.75,2.0299848529496614
1864,2130_LeafPhotoA_2025-09-08 11_49_10.108-05_00_0.png,1.75,1.8855792479847713
1865,2130_LeafPhotoA_2025-09-08 11_49_10.108-05_00_1.png,1.75,1.9704963201546268
1866,2130_LeafPhotoA_2025-09-08 11_49_10.108-05_00_2.png,1.75,1.9548270351751145
1867,2130_LeafPhotoA_2025-09-08 11_49_10.108-05_00_3.png,1.75,1.8401694815413123
1868,2852_LeafPhotoA_2025-09-09 15_03_44.065-05_00_0.png,1.5,1.7687170565959023
1869,2852_LeafPhotoA_2025-09-09 15_03_44.065-05_00_3.png,1.5,1.6976535539462674
1870,2852_LeafPhotoA_2025-09-09 15_03_44.065-05_00_1.png,1.5,1.7657576531628623
1871,2852_LeafPhotoA_2025-09-09 15_03_44.065-05_00_2.png,1.5,1.7960979905672232
1875,1047_LeafPhotoA_2025-09-08 10_26_48.305-05_00_0.png,2.0,1.9177242410233177
1876,1047_LeafPhotoA_2025-09-08 10_26_48.305-05_00_1.png,2.0,2.0724677986997313
1877,1047_LeafPhotoA_2025-09-08 10_26_48.305-05_00_2.png,2.0,2.0596160316721477
1878,1047_LeafPhotoA_2025-09-08 10_26_48.305-05_00_3.png,2.0,2.132354096907672
1896,1687_LeafPhotoA_2025-09-09 09_18_05.463-05_00_0.png,1.75,1.6474276983658753
1897,1687_LeafPhotoA_2025-09-09 09_18_05.463-05_00_1.png,1.75,1.7099657161508939
1898,2049_LeafPhotoA_2025-09-08 11_29_22.980-05_00_0.png,1.25,1.6816226229507714
1899,2049_LeafPhotoA_2025-09-08 11_29_22.980-05_00_1.png,1.25,1.6501589353467756
1900,2049_LeafPhotoA_2025-09-08 11_29_22.980-05_00_2.png,1.25,1.7022841825008275
1901,2049_LeafPhotoA_2025-09-08 11_29_22.980-05_00_3.png,1.25,1.79134318411529
1916,2049_LeafPhotoA_2025-09-08 11_29_12.336-05_00_0.png,2.25,1.7424842460547298
1917,2049_LeafPhotoA_2025-09-08 11_29_12.336-05_00_1.png,2.25,1.8263313035218993
1918,2049_LeafPhotoA_2025-09-08 11_29_12.336-05_00_2.png,2.25,1.7117868216503573
1919,2049_LeafPhotoA_2025-09-08 11_29_12.336-05_00_3.png,2.25,1.7212895023067967
1936,1540_LeafPhotoA_2025-09-09 09_38_25.826-05_00_0.png,2.75,2.079054810388377
1937,1540_LeafPhotoA_2025-09-09 09_38_25.826-05_00_1.png,2.75,2.08242369775209
1938,1540_LeafPhotoA_2025-09-09 09_38_25.826-05_00_2.png,2.75,1.9817863981456287
1939,1540_LeafPhotoA_2025-09-09 09_38_25.826-05_00_3.png,2.75,1.8432294354816365
1947,1070_LeafPhotoA_2025-09-08 13_01_31.955-05_00_0.png,1.5,2.0148956037378287
1948,1070_LeafPhotoA_2025-09-08 13_01_31.955-05_00_2.png,1.5,1.8916509385786424
1949,1070_LeafPhotoA_2025-09-08 13_01_31.955-05_00_1.png,1.5,1.9462111498215395
1950,1070_LeafPhotoA_2025-09-08 13_01_31.955-05_00_3.png,1.5,1.9118948783173086
1951,1031_LeafPhotoA_2025-09-08 10_05_56.491-05_00_2.png,1.75,1.9041547770094116
1952,1031_LeafPhotoA_2025-09-08 10_05_56.491-05_00_3.png,1.75,1.8533877965188197
1953,1031_LeafPhotoA_2025-09-08 10_05_56.491-05_00_0.png,1.75,2.056441397055923
1954,1031_LeafPhotoA_2025-09-08 10_05_56.491-05_00_1.png,1.75,1.9396330925669403
1959,2835_LeafPhotoA_2025-09-09 10_59_12.275-05_00_0.png,2.5,1.763753980214725
1988,,2.5,1.7721940669731882
2004,2915_LeafPhotoA_2025-09-09 16_35_42.182-05_00_0.png,2.0,1.8620098071406372
2009,1697_LeafPhotoA_2025-09-09 08_54_31.422-05_00_2.png,1.5,1.8857919208092389
2010,1697_LeafPhotoA_2025-09-09 08_54_31.422-05_00_0.png,1.5,1.7453751053244566
2011,1697_LeafPhotoA_2025-09-09 08_54_31.422-05_00_1.png,1.5,1.709757125096161
2016,2999_LeafPhotoA_2025-09-09 16_55_04.325-05_00_1.png,2.0,1.9434557616553545
2017,2999_LeafPhotoA_2025-09-09 16_55_04.325-05_00_2.png,2.0,1.8541502959920615
2018,2999_LeafPhotoA_2025-09-09 16_55_04.325-05_00_0.png,2.0,1.8615165672927858
2030,2164_LeafPhotoA_2025-09-09 11_57_19.201-05_00_0.png,1.5,1.7739345071664872
2031,2164_LeafPhotoA_2025-09-09 11_57_19.201-05_00_1.png,1.5,1.9338084762110739
2032,2164_LeafPhotoA_2025-09-09 11_57_19.201-05_00_2.png,1.5,1.975787514582189
2033,2164_LeafPhotoA_2025-09-09 11_57_19.201-05_00_3.png,1.5,1.833425852258766
2038,2862_LeafPhotoA_2025-09-09 14_54_36.677-05_00_2.png,1.75,1.924325973430486
2039,2862_LeafPhotoA_2025-09-09 14_54_36.677-05_00_1.png,1.75,1.8391427958517017
2040,2862_LeafPhotoA_2025-09-09 14_54_36.677-05_00_3.png,1.75,1.6535334864438962
2041,2862_LeafPhotoA_2025-09-09 14_54_36.677-05_00_0.png,1.75,1.7277247516334924
2050,2833_LeafPhotoA_2025-09-09 10_55_45.835-05_00_0.png,1.5,1.7757125307881407
2051,2618_LeafPhotoA_2025-09-09 12_05_14.747-05_00_0.png,1.5,1.9576426266533158
2052,2618_LeafPhotoA_2025-09-09 12_05_14.747-05_00_1.png,1.5,1.9424382664468534
2053,2618_LeafPhotoA_2025-09-09 12_05_14.747-05_00_2.png,1.5,2.0685168493115715
2054,2618_LeafPhotoA_2025-09-09 12_05_14.747-05_00_3.png,1.5,1.7134670763452442
2095,1338_LeafPhotoA_2025-09-08 10_07_02.814-05_00_1.png,4.5,2.1933743314031373
2096,1338_LeafPhotoA_2025-09-08 10_07_02.814-05_00_3.png,4.5,2.0539916213065403
2097,1338_LeafPhotoA_2025-09-08 10_07_02.814-05_00_0.png,4.5,1.924190822485906
2098,1338_LeafPhotoA_2025-09-08 10_07_02.814-05_00_2.png,4.5,2.198047200289606
2165,1420_LeafPhotoB_2025-09-08 10_13_16.780-05_00_0.png,1.75,1.7535168416733342
2166,1420_LeafPhotoB_2025-09-08 10_13_16.780-05_00_1.png,1.75,1.7527429894639894
2167,1420_LeafPhotoB_2025-09-08 10_13_16.780-05_00_2.png,1.75,2.0332603399996954
2168,1420_LeafPhotoB_2025-09-08 10_13_16.780-05_00_3.png,1.75,1.9253535835751159
2193,5014_LeafPhotoA_2025-09-09 16_20_31.482-05_00_0.png,1.75,1.743496908121763
2194,5014_LeafPhotoA_2025-09-09 16_20_31.482-05_00_1.png,1.75,1.7850388513194977
2195,5014_LeafPhotoA_2025-09-09 16_20_31.482-05_00_2.png,1.75,1.7997782842184689
2196,5014_LeafPhotoA_2025-09-09 16_20_31.482-05_00_3.png,1.75,1.8288606473479012
2197,2119_LeafPhotoA_2025-09-08 11_28_47.667-05_00_0.png,1.5,1.7235887300076298
2202,2461_LeafPhotoB_2025-09-08 11_38_43.859-05_00_0.png,2.0,1.8977921296593407
2203,2461_LeafPhotoB_2025-09-08 11_38_43.859-05_00_1.png,2.0,1.8805907760835452
2204,2461_LeafPhotoB_2025-09-08 11_38_43.859-05_00_2.png,2.0,1.98666931965362
2205,2461_LeafPhotoB_2025-09-08 11_38_43.859-05_00_3.png,2.0,1.989225747721491
2210,1693_LeafPhotoA_2025-09-09 09_06_11.383-05_00_0.png,1.25,1.9718135774909424
2211,1693_LeafPhotoA_2025-09-09 09_06_11.383-05_00_1.png,1.25,2.085265548547814
2212,1693_LeafPhotoA_2025-09-09 09_06_11.383-05_00_2.png,1.25,2.020941729377004
2213,1693_LeafPhotoA_2025-09-09 09_06_11.383-05_00_3.png,1.25,1.9370427487056512
2239,1345_LeafPhotoA_2025-09-08 10_13_26.383-05_00_2.png,2.5,1.916714994907913
2240,1345_LeafPhotoA_2025-09-08 10_13_26.383-05_00_1.png,2.5,1.752418422919101
2241,1345_LeafPhotoA_2025-09-08 10_13_26.383-05_00_0.png,2.5,1.7379338307649317
2242,1345_LeafPhotoA_2025-09-08 10_13_26.383-05_00_3.png,2.5,1.8048428623615604
2255,2438_LeafPhotoB_2025-09-08 11_14_34.150-05_00_0.png,2.25,1.800907011340376
2256,2438_LeafPhotoB_2025-09-08 11_14_34.150-05_00_1.png,2.25,1.9447408679749036
2257,2438_LeafPhotoB_2025-09-08 11_14_34.150-05_00_2.png,2.25,1.771666838845171
2258,2438_LeafPhotoB_2025-09-08 11_14_34.150-05_00_3.png,2.25,1.817565232647471
2259,1543_LeafPhotoA_2025-09-09 09_43_51.333-05_00_1.png,1.5,1.965049137196438
2260,1543_LeafPhotoA_2025-09-09 09_43_51.333-05_00_0.png,1.5,1.972548720921859
2261,1543_LeafPhotoA_2025-09-09 09_43_51.333-05_00_2.png,1.5,1.9548619046985423
2275,1798_LeafPhotoA_2025-09-09 08_54_43.161-05_00_2.png,2.25,1.9047152046439983
2276,1798_LeafPhotoA_2025-09-09 08_54_43.161-05_00_0.png,2.25,1.809655537812826
2277,1798_LeafPhotoA_2025-09-09 08_54_43.161-05_00_3.png,2.25,1.8057457740971197
2278,1798_LeafPhotoA_2025-09-09 08_54_43.161-05_00_1.png,2.25,1.8421905376051322
2294,1223_LeafPhotoA_2025-09-08 10_03_13.455-05_00_1.png,1.5,1.7825313637573947
2295,1223_LeafPhotoA_2025-09-08 10_03_13.455-05_00_3.png,1.5,1.6398245891803853
2296,1223_LeafPhotoA_2025-09-08 10_03_13.455-05_00_0.png,1.5,1.6215827543011914
2297,1223_LeafPhotoA_2025-09-08 10_03_13.455-05_00_2.png,1.5,1.7748383445356892
2322,1086_LeafPhotoA_2025-09-09 10_58_54.973-05_00_2.png,2.5,1.8765639975752453
2323,1086_LeafPhotoA_2025-09-09 10_58_54.973-05_00_0.png,2.5,1.9601581609126595
2324,1086_LeafPhotoA_2025-09-09 10_58_54.973-05_00_3.png,2.5,1.9577410219424547
2325,1086_LeafPhotoA_2025-09-09 10_58_54.973-05_00_1.png,2.5,1.9301963151174173
2348,2385_LeafPhotoA_2025-09-08 11_56_10.265-05_00_0.png,1.25,1.9358563423160944
2349,2385_LeafPhotoA_2025-09-08 11_56_10.265-05_00_2.png,1.25,1.785505476205942
2350,2385_LeafPhotoA_2025-09-08 11_56_10.265-05_00_3.png,1.25,1.7264819954163266
2351,2385_LeafPhotoA_2025-09-08 11_56_10.265-05_00_1.png,1.25,1.8843452004302668
2352,2381_LeafPhotoA_2025-09-08 11_51_50.879-05_00_3.png,2.0,1.884161521699834
2353,2381_LeafPhotoA_2025-09-08 11_51_50.879-05_00_2.png,2.0,1.962727292374593
2354,2381_LeafPhotoA_2025-09-08 11_51_50.879-05_00_0.png,2.0,1.8643510719935583
2355,2381_LeafPhotoA_2025-09-08 11_51_50.879-05_00_1.png,2.0,1.8216399490951303
2401,9351_LeafPhotoA_2025-09-09 17_07_25.532-05_00_3.png,1.25,1.8958434551264225
2402,9351_LeafPhotoA_2025-09-09 17_07_25.532-05_00_1.png,1.25,1.861877867026764
2403,9351_LeafPhotoA_2025-09-09 17_07_25.532-05_00_2.png,1.25,1.9199130483594495
2404,9351_LeafPhotoA_2025-09-09 17_07_25.532-05_00_0.png,1.25,1.7614665732927641
2416,1915_LeafPhotoA_2025-09-09 14_54_52.435-05_00_0.png,1.75,1.769984071016918
2417,1915_LeafPhotoA_2025-09-09 14_54_52.435-05_00_1.png,1.75,1.8530930297128065
2418,1915_LeafPhotoA_2025-09-09 14_54_52.435-05_00_2.png,1.75,1.8709982925222137
2419,1915_LeafPhotoA_2025-09-09 14_54_52.435-05_00_3.png,1.75,1.8257119020201948
2424,1466_LeafPhotoB_2025-09-08 16_29_29.831-05_00_0.png,2.0,1.857642004578559
2425,1466_LeafPhotoB_2025-09-08 16_29_29.831-05_00_1.png,2.0,1.7536878484674299
2426,1466_LeafPhotoB_2025-09-08 16_29_29.831-05_00_2.png,2.0,1.8460281077684575
2427,1466_LeafPhotoB_2025-09-08 16_29_29.831-05_00_3.png,2.0,1.9191652846073546
2432,2051_LeafPhotoA_2025-09-08 11_43_12.742-05_00_1.png,3.75,1.9898738001119969
2433,2051_LeafPhotoA_2025-09-08 11_43_12.742-05_00_0.png,3.75,2.097983148097601
2434,2533_LeafPhotoA_2025-09-09 10_31_53.410-05_00_0.png,1.75,2.0059523494839144
2435,2533_LeafPhotoA_2025-09-09 10_31_53.410-05_00_1.png,1.75,1.8260936214118038
2436,2533_LeafPhotoA_2025-09-09 10_31_53.410-05_00_2.png,1.75,1.9038477574492711
2437,2533_LeafPhotoA_2025-09-09 10_31_53.410-05_00_3.png,1.75,1.8836066855589146
2534,2295_LeafPhotoA_2025-09-08 16_45_42.473-05_00_3.png,2.25,2.0113310919118303
2535,2295_LeafPhotoA_2025-09-08 16_45_42.473-05_00_0.png,2.25,1.7663301235362723
2536,2295_LeafPhotoA_2025-09-08 16_45_42.473-05_00_2.png,2.25,1.914848202134337
2537,2295_LeafPhotoA_2025-09-08 16_45_42.473-05_00_1.png,2.25,1.7994180115764868
2547,1913_LeafPhotoA_2025-09-09 14_52_15.644-05_00_1.png,1.5,2.0273031068330742
2548,1913_LeafPhotoA_2025-09-09 14_52_15.644-05_00_2.png,1.5,1.8004419172830317
2549,1913_LeafPhotoA_2025-09-09 14_52_15.644-05_00_3.png,1.5,1.8155105541119962
2550,1913_LeafPhotoA_2025-09-09 14_52_15.644-05_00_0.png,1.5,1.9273850591487962
2563,1407_LeafPhotoA_2025-09-08 09_28_58.311-05_00_0.png,1.0,1.862635444175062
2564,1407_LeafPhotoA_2025-09-08 09_28_58.311-05_00_3.png,1.0,1.9474437599670276
2565,1407_LeafPhotoA_2025-09-08 09_28_58.311-05_00_2.png,1.0,1.9276773675509642
2566,1407_LeafPhotoA_2025-09-08 09_28_58.311-05_00_1.png,1.0,1.787842719592285
2597,2470_LeafPhotoB_2025-09-08 11_46_55.188-05_00_3.png,2.25,2.038497555127512
2598,2470_LeafPhotoB_2025-09-08 11_46_55.188-05_00_1.png,2.25,2.055578448265272
2599,2470_LeafPhotoB_2025-09-08 11_46_55.188-05_00_0.png,2.25,2.075935019323103
2600,2470_LeafPhotoB_2025-09-08 11_46_55.188-05_00_2.png,2.25,2.0019045017616754
2609,2130_LeafPhotoA_2025-09-08 11_48_43.180-05_00_0.png,2.5,2.090087319862692
2610,2130_LeafPhotoA_2025-09-08 11_48_43.180-05_00_1.png,2.5,2.073437261026511
2611,2130_LeafPhotoA_2025-09-08 11_48_43.180-05_00_2.png,2.5,2.0566042229426262
2612,2130_LeafPhotoA_2025-09-08 11_48_43.180-05_00_3.png,2.5,2.1871497217549596
2617,2391_LeafPhotoA_2025-09-08 12_03_15.238-05_00_1.png,1.25,1.9707607276892782
2618,2391_LeafPhotoA_2025-09-08 12_03_15.238-05_00_0.png,1.25,1.941321626145398
2619,2391_LeafPhotoA_2025-09-08 12_03_15.238-05_00_3.png,1.25,1.8387558706262999
2620,2391_LeafPhotoA_2025-09-08 12_03_15.238-05_00_2.png,1.25,1.8218544975809132
2621,2391_LeafPhotoA_2025-09-08 12_01_42.651-05_00_2.png,1.75,1.9070200985643604
2622,2391_LeafPhotoA_2025-09-08 12_01_42.651-05_00_1.png,1.75,1.8881638487957906
2623,2391_LeafPhotoA_2025-09-08 12_01_42.651-05_00_0.png,1.75,1.7595632221289617
2624,2391_LeafPhotoA_2025-09-08 12_01_42.651-05_00_3.png,1.75,2.0289194297838593
2630,1937_LeafPhotoA_2025-09-09 15_34_34.063-05_00_0.png,1.75,1.77813323917547
2631,1937_LeafPhotoA_2025-09-09 15_34_34.063-05_00_1.png,1.75,1.837396425445791
2632,1937_LeafPhotoA_2025-09-09 15_34_34.063-05_00_2.png,1.75,1.872976535539302
2633,1937_LeafPhotoA_2025-09-09 15_34_34.063-05_00_3.png,1.75,1.8696225257209687
2635,1642_LeafPhotoA_2025-09-09 10_32_36.943-05_00_2.png,1.5,1.8850895370888363
2636,1642_LeafPhotoA_2025-09-09 10_32_36.943-05_00_0.png,1.5,1.876184996405707
2637,1642_LeafPhotoA_2025-09-09 10_32_36.943-05_00_1.png,1.5,1.9098448724397594
2733,2942_LeafPhotoA_2025-09-09 16_27_26.746-05_00_1.png,2.75,1.9995339720505905
2734,2942_LeafPhotoA_2025-09-09 16_27_26.746-05_00_2.png,2.75,2.01583275265004
2735,2942_LeafPhotoA_2025-09-09 16_27_26.746-05_00_0.png,2.75,1.9763905132776791
2736,2942_LeafPhotoA_2025-09-09 16_27_26.746-05_00_3.png,2.75,1.7823804120098368
2749,2127_LeafPhotoA_2025-09-08 11_44_05.581-05_00_0.png,2.0,1.725671763793161
2750,2127_LeafPhotoA_2025-09-08 11_44_05.581-05_00_3.png,2.0,1.6747724142177267
2751,2127_LeafPhotoA_2025-09-08 11_44_05.581-05_00_2.png,2.0,1.6648407323885257
2752,2127_LeafPhotoA_2025-09-08 11_44_05.581-05_00_1.png,2.0,1.8662721744173232
2761,2594_LeafPhotoA_2025-09-09 10_28_00.830-05_00_0.png,1.25,1.8309763756893684
2762,2594_LeafPhotoA_2025-09-09 10_28_00.830-05_00_1.png,1.25,1.9688926850341557
2763,2594_LeafPhotoA_2025-09-09 10_28_00.830-05_00_2.png,1.25,1.8897502554017422
2764,2594_LeafPhotoA_2025-09-09 10_28_00.830-05_00_3.png,1.25,1.949425376577757
2777,1079_LeafPhotoA_2025-09-08 13_11_39.389-05_00_0.png,1.5,1.9582067877620302
2778,1079_LeafPhotoA_2025-09-08 13_11_39.389-05_00_1.png,1.5,1.9220813660212113
2779,1079_LeafPhotoA_2025-09-08 13_11_39.389-05_00_2.png,1.5,1.8790444627450722
2780,1079_LeafPhotoA_2025-09-08 13_11_39.389-05_00_3.png,1.5,1.9620477825649774
2781,1842_LeafPhotoA_2025-09-09 09_52_16.462-05_00_0.png,2.25,1.6775804825280922
2782,1842_LeafPhotoA_2025-09-09 09_52_16.462-05_00_1.png,2.25,1.5627326592530502
2788,2879_LeafPhotoA_2025-09-09 14_38_53.940-05_00_1.png,1.25,1.8747988355464396
2789,2879_LeafPhotoA_2025-09-09 14_38_53.940-05_00_0.png,1.25,1.8366598094726485
2790,1669_LeafPhotoA_2025-09-09 09_51_13.731-05_00_2.png,1.5,2.000183179578957
2791,1669_LeafPhotoA_2025-09-09 09_51_13.731-05_00_0.png,1.5,1.895110349287473
2792,1669_LeafPhotoA_2025-09-09 09_51_13.731-05_00_1.png,1.5,1.9559751623075914
2793,1736_LeafPhotoA_2025-09-09 09_48_22.904-05_00_1.png,1.5,1.9715677006091807
2794,1736_LeafPhotoA_2025-09-09 09_48_22.904-05_00_2.png,1.5,1.7394330150977555
2795,1736_LeafPhotoA_2025-09-09 09_48_22.904-05_00_0.png,1.5,2.1404106844281223
2796,1736_LeafPhotoA_2025-09-09 09_48_22.904-05_00_3.png,1.5,1.6691784798207268
2797,1466_LeafPhotoB_2025-09-08 16_29_39.552-05_00_0.png,1.25,1.7637675447268355
2798,1466_LeafPhotoB_2025-09-08 16_29_39.552-05_00_1.png,1.25,1.8838079838145392
2799,1466_LeafPhotoB_2025-09-08 16_29_39.552-05_00_2.png,1.25,1.795533627669414
2800,1466_LeafPhotoB_2025-09-08 16_29_39.552-05_00_3.png,1.25,1.7341192726316077
2880,2744_LeafPhotoA_2025-09-09 11_15_01.877-05_00_3.png,2.25,2.0376392203964757
2881,2744_LeafPhotoA_2025-09-09 11_15_01.877-05_00_1.png,2.25,1.948195406687932
2882,2744_LeafPhotoA_2025-09-09 11_15_01.877-05_00_2.png,2.25,1.8999255689163759
2883,2744_LeafPhotoA_2025-09-09 11_15_01.877-05_00_0.png,2.25,1.9780828864708995
2902,2404_LeafPhotoB_2025-09-08 10_44_08.041-05_00_0.png,3.25,2.12372074510779
2903,2404_LeafPhotoB_2025-09-08 10_44_08.041-05_00_1.png,3.25,2.0488671818001847
2908,2215_LeafPhotoA_2025-09-08 11_08_31.563-05_00_0.png,2.25,1.9732684593957819
2909,2215_LeafPhotoA_2025-09-08 11_08_31.563-05_00_3.png,2.25,1.836911477846414
2910,2215_LeafPhotoA_2025-09-08 11_08_31.563-05_00_2.png,2.25,1.769285602104294
2911,2215_LeafPhotoA_2025-09-08 11_08_31.563-05_00_1.png,2.25,1.9332503677657267
2916,2728_LeafPhotoA_2025-09-09 10_52_13.946-05_00_1.png,3.25,2.0182274691628894
2917,2728_LeafPhotoA_2025-09-09 10_52_13.946-05_00_3.png,3.25,1.799453900261032
2918,2728_LeafPhotoA_2025-09-09 10_52_13.946-05_00_2.png,3.25,2.035765391318239
2919,2728_LeafPhotoA_2025-09-09 10_52_13.946-05_00_0.png,3.25,1.9846465476039057
2930,,1.5,1.7721940669731882
2931,1001_LeafPhotoA_2025-09-08 10_31_01.387-05_00_0.png,1.25,1.9585584322878495
2932,1001_LeafPhotoA_2025-09-08 10_31_01.387-05_00_2.png,1.25,1.8849799797403313
2933,1001_LeafPhotoA_2025-09-08 10_31_01.387-05_00_1.png,1.25,1.968220795705412
2960,1122_LeafPhotoA_2025-09-08 10_08_12.180-05_00_1.png,2.25,1.985786920762201
2961,1122_LeafPhotoA_2025-09-08 10_08_12.180-05_00_3.png,2.25,1.9356881831833457
2962,1122_LeafPhotoA_2025-09-08 10_08_12.180-05_00_0.png,2.25,1.9245424233972495
2963,1122_LeafPhotoA_2025-09-08 10_08_12.180-05_00_2.png,2.25,2.029254283585674
2980,2833_LeafPhotoA_2025-09-09 10_50_33.812-05_00_0.png,1.25,2.018808725099504
2981,2833_LeafPhotoA_2025-09-09 10_50_33.812-05_00_2.png,1.25,2.0794885170782518
2982,2833_LeafPhotoA_2025-09-09 10_50_33.812-05_00_3.png,1.25,1.988555917465747
2983,2833_LeafPhotoA_2025-09-09 10_50_33.812-05_00_1.png,1.25,2.0447714253679314
2991,1267_LeafPhotoA_2025-09-08 16_19_24.654-05_00_0.png,2.25,1.89059670348786
2992,1267_LeafPhotoA_2025-09-08 16_19_24.654-05_00_3.png,2.25,1.9598890489133336
2993,1267_LeafPhotoA_2025-09-08 16_19_24.654-05_00_2.png,2.25,1.8171675099657387
2994,1267_LeafPhotoA_2025-09-08 16_19_24.654-05_00_1.png,2.25,1.8927475133548088
3011,2278_LeafPhotoA_2025-09-08 17_01_54.314-05_00_1.png,3.0,1.904780289147234
3012,2278_LeafPhotoA_2025-09-08 17_01_54.314-05_00_2.png,3.0,1.9528454919397986
3013,2278_LeafPhotoA_2025-09-08 17_01_54.314-05_00_0.png,3.0,1.8200992397748879
3014,2278_LeafPhotoA_2025-09-08 17_01_54.314-05_00_3.png,3.0,2.0539723968787946
3019,2579_LeafPhotoA_2025-09-09 10_41_50.960-05_00_1.png,1.0,1.7206902174542213
3020,2579_LeafPhotoA_2025-09-09 10_41_50.960-05_00_3.png,1.0,1.7863235864314138
3021,2579_LeafPhotoA_2025-09-09 10_41_50.960-05_00_0.png,1.0,1.7558002917436448
3022,2579_LeafPhotoA_2025-09-09 10_41_50.960-05_00_2.png,1.0,1.7309207316403277
3026,2206_LeafPhotoA_2025-09-08 10_54_07.474-05_00_0.png,1.5,1.779256932867614
3027,2206_LeafPhotoA_2025-09-08 10_54_07.474-05_00_1.png,1.5,1.7432869135078886
3028,2206_LeafPhotoA_2025-09-08 10_54_07.474-05_00_2.png,1.5,1.7050461381019872
3029,2206_LeafPhotoA_2025-09-08 10_54_07.474-05_00_3.png,1.5,1.7044367078704097
3060,1823_LeafPhotoA_2025-09-09 09_24_42.198-05_00_0.png,1.75,1.7690123719670199
3061,1823_LeafPhotoA_2025-09-09 09_24_42.198-05_00_1.png,1.75,1.866546675130533
3062,1823_LeafPhotoA_2025-09-09 09_24_42.198-05_00_2.png,1.75,1.850898453603392
3069,5027_LeafPhotoA_2025-09-09 16_48_30.065-05_00_0.png,1.5,1.8450025618945887
3070,5027_LeafPhotoA_2025-09-09 16_48_30.065-05_00_2.png,1.5,1.7193696776864344
3071,5027_LeafPhotoA_2025-09-09 16_48_30.065-05_00_1.png,1.5,1.849655102521857
3072,5027_LeafPhotoA_2025-09-09 16_48_30.065-05_00_3.png,1.5,1.9284258757936674
3077,1357_LeafPhotoA_2025-09-08 12_34_05.972-05_00_0.png,3.75,2.18630013577324
3078,1357_LeafPhotoA_2025-09-08 12_34_05.972-05_00_1.png,3.75,2.0404636878134115
3079,1357_LeafPhotoA_2025-09-08 12_34_05.972-05_00_2.png,3.75,2.091208807041019
3080,1975_LeafPhotoA_2025-09-09 16_51_47.447-05_00_2.png,1.0,1.9951497333237365
3081,1975_LeafPhotoA_2025-09-09 16_51_47.447-05_00_3.png,1.0,1.9033272191479211
3082,1975_LeafPhotoA_2025-09-09 16_51_47.447-05_00_0.png,1.0,1.657075711770492
3083,1975_LeafPhotoA_2025-09-09 16_51_47.447-05_00_1.png,1.0,1.7367204593464038
3097,1462_LeafPhotoB_2025-09-08 16_26_18.579-05_00_3.png,1.25,1.7772582050839605
3098,1462_LeafPhotoB_2025-09-08 16_26_18.579-05_00_1.png,1.25,2.0825833709607173
3099,1462_LeafPhotoB_2025-09-08 16_26_18.579-05_00_2.png,1.25,1.8803750867027285
3100,1462_LeafPhotoB_2025-09-08 16_26_18.579-05_00_0.png,1.25,1.7994916298656622
3101,2596_LeafPhotoA_2025-09-09 10_26_28.393-05_00_0.png,2.75,1.9687924946570454
3109,1134_LeafPhotoA_2025-09-08 10_25_22.077-05_00_0.png,2.0,1.5765623243044145
3110,1134_LeafPhotoA_2025-09-08 10_25_22.077-05_00_1.png,2.0,1.751774174894699
3111,1134_LeafPhotoA_2025-09-08 10_25_22.077-05_00_2.png,2.0,1.669450478773355
3112,1134_LeafPhotoA_2025-09-08 10_25_22.077-05_00_3.png,2.0,1.7020677152788943
3125,1175_LeafPhotoA_2025-09-08 16_24_37.781-05_00_3.png,1.75,2.181070004465563
3126,1175_LeafPhotoA_2025-09-08 16_24_37.781-05_00_1.png,1.75,2.120586280573678
3127,1175_LeafPhotoA_2025-09-08 16_24_37.781-05_00_0.png,1.75,2.1059601370126475
3128,1175_LeafPhotoA_2025-09-08 16_24_37.781-05_00_2.png,1.75,2.144901790138827
3133,1122_LeafPhotoA_2025-09-08 10_07_49.073-05_00_0.png,2.5,1.8433902489704783
3134,1122_LeafPhotoA_2025-09-08 10_07_49.073-05_00_2.png,2.5,1.7413592094985786
3135,1122_LeafPhotoA_2025-09-08 10_07_49.073-05_00_3.png,2.5,1.623347161771407
3136,1122_LeafPhotoA_2025-09-08 10_07_49.073-05_00_1.png,2.5,1.875170668625535
3157,2962_LeafPhotoA_2025-09-09 16_07_02.844-05_00_1.png,2.0,2.052546623808016
3158,2962_LeafPhotoA_2025-09-09 16_07_02.844-05_00_2.png,2.0,1.982689734540378
3159,2962_LeafPhotoA_2025-09-09 16_07_02.844-05_00_0.png,2.0,1.8945071689737432
3160,2962_LeafPhotoA_2025-09-09 16_07_02.844-05_00_3.png,2.0,2.0500064199995274
3169,5029_LeafPhotoA_2025-09-09 16_52_43.123-05_00_0.png,1.25,1.60643324135069
3170,5029_LeafPhotoA_2025-09-09 16_52_43.123-05_00_3.png,1.25,1.8018530945399407
3171,5029_LeafPhotoA_2025-09-09 16_52_43.123-05_00_1.png,1.25,1.7482455371909225
3172,5029_LeafPhotoA_2025-09-09 16_52_43.123-05_00_2.png,1.25,1.7649666122383791
3231,,2.0,1.7721940669731882
3269,2834_LeafPhotoA_2025-09-09 10_58_21.581-05_00_3.png,3.75,1.828023053424151
3270,2834_LeafPhotoA_2025-09-09 10_58_21.581-05_00_1.png,3.75,1.9328995974060548
3271,2834_LeafPhotoA_2025-09-09 10_58_21.581-05_00_0.png,3.75,2.0029232830024712
3272,2834_LeafPhotoA_2025-09-09 10_58_21.581-05_00_2.png,3.75,1.9657120279611804
3293,1593_LeafPhotoA_2025-09-09 09_33_14.926-05_00_1.png,2.25,1.8785983682774272
3294,1593_LeafPhotoA_2025-09-09 09_33_14.926-05_00_2.png,2.25,1.9731017227741292
3295,1593_LeafPhotoA_2025-09-09 09_33_14.926-05_00_0.png,2.25,1.9746025799428466
3296,1593_LeafPhotoA_2025-09-09 09_33_14.926-05_00_3.png,2.25,1.9643754714202442
3307,1113_LeafPhotoA_2025-09-08 09_54_47.376-05_00_0.png,1.5,1.906069044447768
3308,1113_LeafPhotoA_2025-09-08 09_54_47.376-05_00_1.png,1.5,1.9671502747419192
3309,1113_LeafPhotoA_2025-09-08 09_54_47.376-05_00_2.png,1.5,2.0564050211001175
3310,1113_LeafPhotoA_2025-09-08 09_54_47.376-05_00_3.png,1.5,2.216318718784979
3319,2404_LeafPhotoB_2025-09-08 10_43_34.946-05_00_2.png,1.5,1.8823149120750458
3320,2404_LeafPhotoB_2025-09-08 10_43_34.946-05_00_3.png,1.5,1.8313309749138893
3321,2404_LeafPhotoB_2025-09-08 10_43_34.946-05_00_1.png,1.5,2.0971361778056834
3322,2404_LeafPhotoB_2025-09-08 10_43_34.946-05_00_0.png,1.5,1.7783418819044297
3332,1407_LeafPhotoB_2025-09-08 10_01_50.917-05_00_2.png,1.25,1.897276061773086
3333,1407_LeafPhotoB_2025-09-08 10_01_50.917-05_00_0.png,1.25,1.864055973588676
3334,1407_LeafPhotoB_2025-09-08 10_01_50.917-05_00_3.png,1.25,1.8148725700683914
3335,1407_LeafPhotoB_2025-09-08 10_01_50.917-05_00_1.png,1.25,1.9643692898814087
3336,2490_LeafPhotoB_2025-09-08 12_05_51.103-05_00_2.png,1.5,1.8531073888540512
3337,2490_LeafPhotoB_2025-09-08 12_05_51.103-05_00_1.png,1.5,1.9191843434477696
3338,2490_LeafPhotoB_2025-09-08 12_05_51.103-05_00_0.png,1.5,1.9012620403788876
3339,2490_LeafPhotoB_2025-09-08 12_05_51.103-05_00_3.png,1.5,1.8583670924395086
3340,2958_LeafPhotoA_2025-09-09 16_03_21.913-05_00_1.png,1.25,1.6841450200529393
3341,2958_LeafPhotoA_2025-09-09 16_03_21.913-05_00_0.png,1.25,1.661402252975782
3342,2958_LeafPhotoA_2025-09-09 16_03_21.913-05_00_2.png,1.25,1.7377014286426304
3343,2958_LeafPhotoA_2025-09-09 16_03_21.913-05_00_3.png,1.25,1.803338229497647
3361,1679_LeafPhotoA_2025-09-09 09_33_07.078-05_00_0.png,2.0,1.732316911548311
3362,1679_LeafPhotoA_2025-09-09 09_33_07.078-05_00_1.png,2.0,1.6751207002277053
3363,1679_LeafPhotoA_2025-09-09 09_33_07.078-05_00_2.png,2.0,1.759594557003345
3364,1679_LeafPhotoA_2025-09-09 09_33_07.078-05_00_3.png,2.0,1.6928993106217611
3376,1414_LeafPhotoB_2025-09-08 10_08_06.102-05_00_3.png,2.25,1.9583454690062907
3377,1414_LeafPhotoB_2025-09-08 10_08_06.102-05_00_2.png,2.25,1.8954130194093182
3378,1414_LeafPhotoB_2025-09-08 10_08_06.102-05_00_0.png,2.25,1.8471662339826285
3379,1414_LeafPhotoB_2025-09-08 10_08_06.102-05_00_1.png,2.25,1.7770310130078915
3384,2104_LeafPhotoA_2025-09-08 10_57_30.453-05_00_0.png,1.25,1.8429958251914274
3385,2292_LeafPhotoA_2025-09-08 16_48_06.499-05_00_3.png,1.75,1.7064988902861622
3386,2292_LeafPhotoA_2025-09-08 16_48_06.499-05_00_0.png,1.75,1.7719835578454481
3387,2292_LeafPhotoA_2025-09-08 16_48_06.499-05_00_1.png,1.75,1.9169793036126241
3388,2292_LeafPhotoA_2025-09-08 16_48_06.499-05_00_2.png,1.75,1.7041467498306222
3397,1761_LeafPhotoA_2025-09-09 10_25_02.889-05_00_1.png,1.25,1.9499752044830172
3398,1761_LeafPhotoA_2025-09-09 10_25_02.889-05_00_0.png,1.25,1.8632037930035208
3399,1761_LeafPhotoA_2025-09-09 10_25_02.889-05_00_3.png,1.25,1.8810645502561352
3400,1761_LeafPhotoA_2025-09-09 10_25_02.889-05_00_2.png,1.25,1.9038684112209179
3423,1721_LeafPhotoA_2025-09-09 09_20_24.206-05_00_1.png,2.5,2.0005913384645977
3424,1721_LeafPhotoA_2025-09-09 09_20_24.206-05_00_0.png,2.5,2.1131655056034653
3425,1721_LeafPhotoA_2025-09-09 09_20_24.206-05_00_2.png,2.5,1.915320514361585
3430,1365_LeafPhotoA_2025-09-08 12_47_18.027-05_00_3.png,2.0,1.7019163638460995
3431,1365_LeafPhotoA_2025-09-08 12_47_18.027-05_00_1.png,2.0,1.7847480050935705
3432,1365_LeafPhotoA_2025-09-08 12_47_18.027-05_00_2.png,2.0,1.861584518516722
3433,1365_LeafPhotoA_2025-09-08 12_47_18.027-05_00_0.png,2.0,1.8894530027855057
3461,1704_LeafPhotoA_2025-09-09 08_56_01.667-05_00_3.png,2.25,1.819266635830199
3462,1704_LeafPhotoA_2025-09-09 08_56_01.667-05_00_1.png,2.25,2.015930573425542
3463,1704_LeafPhotoA_2025-09-09 08_56_01.667-05_00_0.png,2.25,1.9923050910298639
3464,1704_LeafPhotoA_2025-09-09 08_56_01.667-05_00_2.png,2.25,2.006173502511206
3473,2970_LeafPhotoA_2025-09-09 16_17_01.331-05_00_1.png,1.25,1.9236758803605025
3474,2970_LeafPhotoA_2025-09-09 16_17_01.331-05_00_0.png,1.25,1.9955314972856106
3483,1548_LeafPhotoA_2025-09-09 09_49_29.604-05_00_1.png,3.0,2.009793406482792
3484,1548_LeafPhotoA_2025-09-09 09_49_29.604-05_00_2.png,3.0,2.007057769737142
3485,1548_LeafPhotoA_2025-09-09 09_49_29.604-05_00_0.png,3.0,1.972659823334239
3486,1548_LeafPhotoA_2025-09-09 09_49_29.604-05_00_3.png,3.0,2.0361170675031444
3487,,1.5,1.7721940669731882
3492,1472_LeafPhotoB_2025-09-08 16_38_58.831-05_00_2.png,2.75,1.8125930921369429
3493,1472_LeafPhotoB_2025-09-08 16_38_58.831-05_00_0.png,2.75,1.861254612276912
3494,1472_LeafPhotoB_2025-09-08 16_38_58.831-05_00_1.png,2.75,1.9189998152593455
