,image_name,label,predicted
0,2705_LeafPhotoA_2025-09-09 10_19_54.020-05_00_2.png,1.25,1.93592847557741
1,2705_LeafPhotoA_2025-09-09 10_19_54.020-05_00_1.png,1.25,2.130342680744663
2,2705_LeafPhotoA_2025-09-09 10_19_54.020-05_00_0.png,1.25,1.9877874809403833
7,2002_LeafPhotoA_2025-09-08 10_34_30.740-05_00_3.png,1.25,1.8688860033652386
8,2002_LeafPhotoA_2025-09-08 10_34_30.740-05_00_0.png,1.25,1.7467666297236357
9,2002_LeafPhotoA_2025-09-08 10_34_30.740-05_00_1.png,1.25,1.7404761597191918
10,2002_LeafPhotoA_2025-09-08 10_34_30.740-05_00_2.png,1.25,1.804890835783154
15,2645_LeafPhotoA_2025-09-09 11_30_33.412-05_00_2.png,1.75,1.6217466549933206
16,2645_LeafPhotoA_2025-09-09 11_30_33.412-05_00_1.png,1.75,1.6546441991490732
17,2645_LeafPhotoA_2025-09-09 11_30_33.412-05_00_0.png,1.75,1.6718644310598894
25,2863_LeafPhotoA_2025-09-09 14_53_39.925-05_00_0.png,1.5,1.9943933332386679
26,2863_LeafPhotoA_2025-09-09 14_53_39.925-05_00_1.png,1.5,2.0708842489921615
38,1268_LeafPhotoA_2025-09-08 16_18_21.694-05_00_0.png,1.25,1.866707153939702
39,1268_LeafPhotoA_2025-09-08 16_18_21.694-05_00_1.png,1.25,1.8285970749465204
40,1268_LeafPhotoA_2025-09-08 16_18_21.694-05_00_2.png,1.25,1.9517308879358495
41,1268_LeafPhotoA_2025-09-08 16_18_21.694-05_00_3.png,1.25,1.8269046674080778
62,2339_LeafPhotoA_2025-09-08 11_07_39.980-05_00_3.png,1.25,2.0151831255904393
63,2339_LeafPhotoA_2025-09-08 11_07_39.980-05_00_0.png,1.25,1.9922861299656112
64,2339_LeafPhotoA_2025-09-08 11_07_39.980-05_00_1.png,1.25,2.1296207212939366
65,2339_LeafPhotoA_2025-09-08 11_07_39.980-05_00_2.png,1.25,2.1189713468183866
77,1827_LeafPhotoA_2025-09-09 09_28_41.756-05_00_0.png,1.5,1.791112305095252
78,1827_LeafPhotoA_2025-09-09 09_28_41.756-05_00_1.png,1.5,1.7300446658604545
79,1827_LeafPhotoA_2025-09-09 09_28_41.756-05_00_2.png,1.5,1.7045576594377636
80,1827_LeafPhotoA_2025-09-09 09_28_41.756-05_00_3.png,1.5,1.7373600983156419
93,2675_LeafPhotoA_2025-09-09 11_09_07.955-05_00_0.png,2.0,1.9483135723374818
94,2675_LeafPhotoA_2025-09-09 11_09_07.955-05_00_1.png,2.0,2.042857339086029
95,2675_LeafPhotoA_2025-09-09 11_09_07.955-05_00_2.png,2.0,1.943164442658738
96,1256_LeafPhotoA_2025-09-08 16_33_20.459-05_00_1.png,2.5,2.0756530525516474
97,1256_LeafPhotoA_2025-09-08 16_33_20.459-05_00_2.png,2.5,1.9056028443265627
98,1256_LeafPhotoA_2025-09-08 16_33_20.459-05_00_0.png,2.5,2.0103849727856975
118,1150_LeafPhotoA_2025-09-08 10_48_11.571-05_00_0.png,1.75,1.9953568982133714
119,1150_LeafPhotoA_2025-09-08 10_48_11.571-05_00_1.png,1.75,2.0425229606792925
120,1150_LeafPhotoA_2025-09-08 10_48_11.571-05_00_2.png,1.75,1.9842974838065042
121,1150_LeafPhotoA_2025-09-08 10_48_11.571-05_00_3.png,1.75,1.8262156936966232
129,2616_LeafPhotoA_2025-09-09 12_03_18.288-05_00_1.png,2.0,1.809698000006689
130,2616_LeafPhotoA_2025-09-09 12_03_18.288-05_00_3.png,2.0,1.7870381602723908
131,2616_LeafPhotoA_2025-09-09 12_03_18.288-05_00_2.png,2.0,1.7479030460611589
132,2616_LeafPhotoA_2025-09-09 12_03_18.288-05_00_0.png,2.0,1.8612959129149131
148,2445_LeafPhotoB_2025-09-08 11_21_12.225-05_00_0.png,1.5,1.7575814343841143
149,2445_LeafPhotoB_2025-09-08 11_21_12.225-05_00_3.png,1.5,1.8625010875105914
150,2445_LeafPhotoB_2025-09-08 11_21_12.225-05_00_1.png,1.5,1.722012835549008
151,2445_LeafPhotoB_2025-09-08 11_21_12.225-05_00_2.png,1.5,1.7609652550697936
171,2469_LeafPhotoB_2025-09-08 11_45_54.424-05_00_1.png,1.75,1.9646053058541693
172,2469_LeafPhotoB_2025-09-08 11_45_54.424-05_00_2.png,1.75,2.0244360868776283
173,2469_LeafPhotoB_2025-09-08 11_45_54.424-05_00_3.png,1.75,2.0079014786785914
174,2469_LeafPhotoB_2025-09-08 11_45_54.424-05_00_0.png,1.75,1.9607695614619838
241,2637_LeafPhotoA_2025-09-09 11_40_45.027-05_00_0.png,1.25,1.8374619825277614
242,2637_LeafPhotoA_2025-09-09 11_40_45.027-05_00_1.png,1.25,1.9210096937389793
243,2637_LeafPhotoA_2025-09-09 11_40_45.027-05_00_2.png,1.25,2.0133535678196366
244,2637_LeafPhotoA_2025-09-09 11_40_45.027-05_00_3.png,1.25,1.7194790966284543
245,2240_LeafPhotoA_2025-09-08 11_49_15.391-05_00_0.png,1.75,1.8226530887815948
246,2240_LeafPhotoA_2025-09-08 11_49_15.391-05_00_3.png,1.75,1.7031208126158561
247,2240_LeafPhotoA_2025-09-08 11_49_15.391-05_00_1.png,1.75,1.7206990956978487
248,2240_LeafPhotoA_2025-09-08 11_49_15.391-05_00_2.png,1.75,1.7440520290468058
253,2225_LeafPhotoA_2025-09-08 11_27_06.412-05_00_0.png,1.25,1.7193246498097379
254,2225_LeafPhotoA_2025-09-08 11_27_06.412-05_00_1.png,1.25,1.8874110632605694
255,2225_LeafPhotoA_2025-09-08 11_27_06.412-05_00_2.png,1.25,1.90998015170808
256,2225_LeafPhotoA_2025-09-08 11_27_06.412-05_00_3.png,1.25,1.9191720293930896
264,2177_LeafPhotoA_2025-09-09 12_21_22.406-05_00_0.png,1.5,2.0129175803583466
265,2177_LeafPhotoA_2025-09-09 12_21_22.406-05_00_1.png,1.5,1.998355836891599
266,2177_LeafPhotoA_2025-09-09 12_21_22.406-05_00_2.png,1.5,2.147309100612203
267,2177_LeafPhotoA_2025-09-09 12_21_22.406-05_00_3.png,1.5,2.0073356917554603
281,1830_LeafPhotoA_2025-09-09 09_33_52.287-05_00_2.png,2.0,1.7162606552132735
282,1830_LeafPhotoA_2025-09-09 09_33_52.287-05_00_1.png,2.0,1.7507124101442535
283,1830_LeafPhotoA_2025-09-09 09_33_52.287-05_00_3.png,2.0,1.7799186847455533
284,1830_LeafPhotoA_2025-09-09 09_33_52.287-05_00_0.png,2.0,1.833346712898063
297,2671_LeafPhotoA_2025-09-09 11_45_37.038-05_00_0.png,4.5,2.255725328821184
298,2671_LeafPhotoA_2025-09-09 11_45_37.038-05_00_1.png,4.5,2.435888637194849
299,2671_LeafPhotoA_2025-09-09 11_45_37.038-05_00_2.png,4.5,2.3963631127859073
300,2671_LeafPhotoA_2025-09-09 11_45_37.038-05_00_3.png,4.5,2.2362624730991736
309,1085_LeafPhotoA_2025-09-09 10_58_08.346-05_00_0.png,2.0,2.097159676622344
310,1085_LeafPhotoA_2025-09-09 10_58_08.346-05_00_1.png,2.0,2.022303669006055
311,1085_LeafPhotoA_2025-09-09 10_58_08.346-05_00_2.png,2.0,2.0413869697191434
312,1085_LeafPhotoA_2025-09-09 10_58_08.346-05_00_3.png,2.0,1.9259620737583905
324,1090_LeafPhotoA_2025-09-09 11_01_46.837-05_00_2.png,2.0,2.098885597647269
325,1090_LeafPhotoA_2025-09-09 11_01_46.837-05_00_3.png,2.0,2.2530371354758927
326,1090_LeafPhotoA_2025-09-09 11_01_46.837-05_00_1.png,2.0,2.054117486773954
327,1090_LeafPhotoA_2025-09-09 11_01_46.837-05_00_0.png,2.0,2.002031606074793
328,2539_LeafPhotoA_2025-09-09 10_38_11.553-05_00_0.png,1.5,2.2038992847967314
329,2539_LeafPhotoA_2025-09-09 10_38_11.553-05_00_1.png,1.5,2.009986020398643
330,2539_LeafPhotoA_2025-09-09 10_38_11.553-05_00_2.png,1.5,2.000749728439828
331,2539_LeafPhotoA_2025-09-09 10_38_11.553-05_00_3.png,1.5,1.9992449495714677
344,2439_LeafPhotoB_2025-09-08 11_15_32.151-05_00_0.png,1.0,1.836698218765023
345,2439_LeafPhotoB_2025-09-08 11_15_32.151-05_00_1.png,1.0,1.9056966431522235
346,2439_LeafPhotoB_2025-09-08 11_15_32.151-05_00_2.png,1.0,1.8074499154767871
347,2439_LeafPhotoB_2025-09-08 11_15_32.151-05_00_3.png,1.0,1.9041790133415861
360,1743_LeafPhotoA_2025-09-09 09_59_38.653-05_00_0.png,1.0,1.9626481120153563
361,1743_LeafPhotoA_2025-09-09 09_59_38.653-05_00_1.png,1.0,1.985683438022566
362,1743_LeafPhotoA_2025-09-09 09_59_38.653-05_00_2.png,1.0,2.169138801706923
363,1743_LeafPhotoA_2025-09-09 09_59_38.653-05_00_3.png,1.0,2.2070877258504833
368,2076_LeafPhotoA_2025-09-08 12_11_50.135-05_00_0.png,1.25,1.7592218795338104
369,2076_LeafPhotoA_2025-09-08 12_11_50.135-05_00_1.png,1.25,1.8320437431411576
370,2076_LeafPhotoA_2025-09-08 12_11_50.135-05_00_2.png,1.25,1.8619561066231571
371,2076_LeafPhotoA_2025-09-08 12_11_50.135-05_00_3.png,1.25,1.995575309746797
380,2570_LeafPhotoA_2025-09-09 10_49_34.407-05_00_0.png,2.75,1.774051017158795
381,2570_LeafPhotoA_2025-09-09 10_49_34.407-05_00_1.png,2.75,1.953796261888427
382,2570_LeafPhotoA_2025-09-09 10_49_34.407-05_00_2.png,2.75,2.052333795619906
395,2262_LeafPhotoA_2025-09-08 12_34_41.227-05_00_2.png,1.5,1.7418926522501388
396,2262_LeafPhotoA_2025-09-08 12_34_41.227-05_00_1.png,1.5,1.635546499425549
397,2262_LeafPhotoA_2025-09-08 12_34_41.227-05_00_0.png,1.5,1.630576205031529
398,2262_LeafPhotoA_2025-09-08 12_34_41.227-05_00_3.png,1.5,1.7792213316485814
407,6042_LeafPhotoA_2025-09-09 16_06_35.024-05_00_0.png,1.25,1.7666738559293942
408,6042_LeafPhotoA_2025-09-09 16_06_35.024-05_00_1.png,1.25,1.7286402196590707
409,6042_LeafPhotoA_2025-09-09 16_06_35.024-05_00_2.png,1.25,1.9249014164531295
410,6042_LeafPhotoA_2025-09-09 16_06_35.024-05_00_3.png,1.25,1.7424890669367077
422,1625_LeafPhotoA_2025-09-09 10_02_28.135-05_00_0.png,2.25,1.9489005686328627
423,1625_LeafPhotoA_2025-09-09 10_02_28.135-05_00_2.png,2.25,2.1728017103107837
424,1625_LeafPhotoA_2025-09-09 10_02_28.135-05_00_1.png,2.25,2.04672929379165
425,1625_LeafPhotoA_2025-09-09 10_02_28.135-05_00_3.png,2.25,2.131538547120285
444,2436_LeafPhotoB_2025-09-08 11_12_35.180-05_00_3.png,1.5,1.8631823737421536
445,2436_LeafPhotoB_2025-09-08 11_12_35.180-05_00_0.png,1.5,1.9519246187638597
446,2436_LeafPhotoB_2025-09-08 11_12_35.180-05_00_1.png,1.5,1.941655308238804
447,2436_LeafPhotoB_2025-09-08 11_12_35.180-05_00_2.png,1.5,1.7928687926925158
455,1203_LeafPhotoA_2025-09-08 09_19_50.867-05_00_0.png,2.25,1.9907067312390692
456,1203_LeafPhotoA_2025-09-08 09_19_50.867-05_00_3.png,2.25,1.8856451087853685
457,1203_LeafPhotoA_2025-09-08 09_19_50.867-05_00_2.png,2.25,1.903254038602276
458,1203_LeafPhotoA_2025-09-08 09_19_50.867-05_00_1.png,2.25,1.8852156940416194
521,2062_LeafPhotoA_2025-09-08 11_56_16.610-05_00_0.png,1.25,1.8442543552911426
522,2062_LeafPhotoA_2025-09-08 11_56_16.610-05_00_1.png,1.25,1.8592387360097544
523,2062_LeafPhotoA_2025-09-08 11_56_16.610-05_00_2.png,1.25,1.7897656160824567
524,1347_LeafPhotoA_2025-09-08 10_15_29.541-05_00_0.png,1.75,1.9046964789139955
525,1347_LeafPhotoA_2025-09-08 10_15_29.541-05_00_1.png,1.75,1.8989990581569156
526,1347_LeafPhotoA_2025-09-08 10_15_29.541-05_00_2.png,1.75,1.7716680136545166
527,1347_LeafPhotoA_2025-09-08 10_15_29.541-05_00_3.png,1.75,1.753846573268656
532,2639_LeafPhotoA_2025-09-09 11_37_01.257-05_00_0.png,1.25,1.8961481030377947
533,2639_LeafPhotoA_2025-09-09 11_37_01.257-05_00_3.png,1.25,1.7905931108787663
534,2639_LeafPhotoA_2025-09-09 11_37_01.257-05_00_1.png,1.25,1.7770944266270794
535,2639_LeafPhotoA_2025-09-09 11_37_01.257-05_00_2.png,1.25,1.7970957189585206
536,1301_LeafPhotoA_2025-09-08 10_20_24.380-05_00_0.png,1.5,1.7153434059320307
537,1301_LeafPhotoA_2025-09-08 10_20_24.380-05_00_1.png,1.5,1.871099503522309
538,1301_LeafPhotoA_2025-09-08 10_20_24.380-05_00_2.png,1.5,1.9278353123082
539,1301_LeafPhotoA_2025-09-08 10_20_24.380-05_00_3.png,1.5,1.7859146923364961
614,1942_LeafPhotoA_2025-09-09 15_57_21.713-05_00_2.png,2.25,1.9357511627318014
615,1942_LeafPhotoA_2025-09-09 15_57_21.713-05_00_3.png,2.25,1.9021896668527019
616,1942_LeafPhotoA_2025-09-09 15_57_21.713-05_00_0.png,2.25,1.8543618793071055
617,1942_LeafPhotoA_2025-09-09 15_57_21.713-05_00_1.png,2.25,1.8957948228188675
622,2311_LeafPhotoA_2025-09-08 10_40_04.548-05_00_0.png,1.5,1.7405656999237307
623,2311_LeafPhotoA_2025-09-08 10_40_04.548-05_00_1.png,1.5,1.7812116818456292
624,2311_LeafPhotoA_2025-09-08 10_40_04.548-05_00_2.png,1.5,1.8727411896695718
625,2311_LeafPhotoA_2025-09-08 10_40_04.548-05_00_3.png,1.5,1.7639693408908783
643,1142_LeafPhotoA_2025-09-08 10_37_21.587-05_00_0.png,1.0,1.980518127802278
644,1142_LeafPhotoA_2025-09-08 10_37_21.587-05_00_1.png,1.0,2.0700929197235194
645,1142_LeafPhotoA_2025-09-08 10_37_21.587-05_00_2.png,1.0,2.0627464864869927
646,1142_LeafPhotoA_2025-09-08 10_37_21.587-05_00_3.png,1.0,2.066358059515518
651,1715_LeafPhotoA_2025-09-09 09_11_42.677-05_00_0.png,2.25,1.98347165118942
652,1715_LeafPhotoA_2025-09-09 09_11_42.677-05_00_1.png,2.25,1.9963720955230488
653,1715_LeafPhotoA_2025-09-09 09_11_42.677-05_00_2.png,2.25,2.181098418927404
654,1715_LeafPhotoA_2025-09-09 09_11_42.677-05_00_3.png,2.25,2.0969624650147227
702,1449_LeafPhotoB_2025-09-08 10_37_44.031-05_00_1.png,2.0,1.9920282292231584
703,1449_LeafPhotoB_2025-09-08 10_37_44.031-05_00_0.png,2.0,1.8664161772583079
704,1449_LeafPhotoB_2025-09-08 10_37_44.031-05_00_2.png,2.0,2.151794453030146
709,1269_LeafPhotoA_2025-09-08 16_17_52.960-05_00_1.png,2.25,1.7652687702143488
710,1269_LeafPhotoA_2025-09-08 16_17_52.960-05_00_0.png,2.25,1.9275375789366933
711,1269_LeafPhotoA_2025-09-08 16_17_52.960-05_00_3.png,2.25,1.8798215291209817
712,1269_LeafPhotoA_2025-09-08 16_17_52.960-05_00_2.png,2.25,1.9095638324939896
717,,1.5,1.6430997050553815
718,,2.0,1.6430997050553815
731,1143_LeafPhotoA_2025-09-08 10_38_21.557-05_00_1.png,4.25,2.2519942686661696
732,1143_LeafPhotoA_2025-09-08 10_38_21.557-05_00_0.png,4.25,2.0094082000878273
733,2313_LeafPhotoA_2025-09-08 10_41_17.601-05_00_0.png,1.75,1.8398696510170351
734,2313_LeafPhotoA_2025-09-08 10_41_17.601-05_00_3.png,1.75,1.8081532443103512
735,2313_LeafPhotoA_2025-09-08 10_41_17.601-05_00_1.png,1.75,1.9651007336451152
736,2313_LeafPhotoA_2025-09-08 10_41_17.601-05_00_2.png,1.75,1.9166996310081295
749,1038_LeafPhotoA_2025-09-08 10_15_32.315-05_00_1.png,2.0,2.004233457538872
750,1038_LeafPhotoA_2025-09-08 10_15_32.315-05_00_2.png,2.0,1.8567237646174135
751,1038_LeafPhotoA_2025-09-08 10_15_32.315-05_00_0.png,2.0,2.0161528239186413
752,1038_LeafPhotoA_2025-09-08 10_15_32.315-05_00_3.png,2.0,1.9312074015394296
756,1629_LeafPhotoA_2025-09-09 10_11_31.349-05_00_2.png,1.25,2.0820744160114186
757,1629_LeafPhotoA_2025-09-09 10_11_31.349-05_00_0.png,1.25,1.9561741888733486
758,1629_LeafPhotoA_2025-09-09 10_11_31.349-05_00_1.png,1.25,2.0835895008481473
759,1629_LeafPhotoA_2025-09-09 10_11_31.349-05_00_3.png,1.25,1.9681698778429897
769,2160_LeafPhotoA_2025-09-08 12_38_59.488-05_00_3.png,1.75,2.0398154567378026
770,2160_LeafPhotoA_2025-09-08 12_38_59.488-05_00_2.png,1.75,1.892640387662892
771,2160_LeafPhotoA_2025-09-08 12_38_59.488-05_00_0.png,1.75,1.9502641823301323
772,2160_LeafPhotoA_2025-09-08 12_38_59.488-05_00_1.png,1.75,1.8347334958455062
792,1677_LeafPhotoA_2025-09-09 09_35_17.102-05_00_0.png,1.25,1.6893943791006782
793,1677_LeafPhotoA_2025-09-09 09_35_17.102-05_00_1.png,1.25,1.755685249978712
794,1677_LeafPhotoA_2025-09-09 09_35_17.102-05_00_2.png,1.25,1.696859969507294
795,1750_LeafPhotoA_2025-09-09 10_09_28.880-05_00_2.png,2.5,2.0154821443472057
796,1750_LeafPhotoA_2025-09-09 10_09_28.880-05_00_0.png,2.5,2.356287093062865
797,1750_LeafPhotoA_2025-09-09 10_09_28.880-05_00_3.png,2.5,1.9987666461505498
798,1750_LeafPhotoA_2025-09-09 10_09_28.880-05_00_1.png,2.5,2.3487357826910364
803,1123_LeafPhotoA_2025-09-08 10_09_09.535-05_00_1.png,1.5,2.0313897582546216
804,1123_LeafPhotoA_2025-09-08 10_09_09.535-05_00_3.png,1.5,1.8776225843326986
805,1123_LeafPhotoA_2025-09-08 10_09_09.535-05_00_0.png,1.5,2.150310873337187
806,1123_LeafPhotoA_2025-09-08 10_09_09.535-05_00_2.png,1.5,1.9616400284889324
823,2167_LeafPhotoA_2025-09-09 12_01_16.586-05_00_0.png,2.75,2.262287408779842
824,2167_LeafPhotoA_2025-09-09 12_01_16.586-05_00_1.png,2.75,2.3052333743988633
825,2167_LeafPhotoA_2025-09-09 12_01_16.586-05_00_2.png,2.75,2.3651858558296515
826,2167_LeafPhotoA_2025-09-09 12_01_16.586-05_00_3.png,2.75,2.1841313508969633
855,1249_LeafPhotoA_2025-09-08 10_41_51.533-05_00_2.png,1.0,2.0826842180142062
856,1249_LeafPhotoA_2025-09-08 10_41_51.533-05_00_3.png,1.0,1.902162863105998
857,1249_LeafPhotoA_2025-09-08 10_41_51.533-05_00_1.png,1.0,1.7800560043684905
858,1249_LeafPhotoA_2025-09-08 10_41_51.533-05_00_0.png,1.0,1.6831089148183032
864,1907_LeafPhotoA_2025-09-09 14_42_36.286-05_00_0.png,1.5,1.9737245490631228
865,1907_LeafPhotoA_2025-09-09 14_42_36.286-05_00_1.png,1.5,1.9959175226540729
866,1907_LeafPhotoA_2025-09-09 14_42_36.286-05_00_2.png,1.5,2.154132555338381
867,1907_LeafPhotoA_2025-09-09 14_42_36.286-05_00_3.png,1.5,2.0740762458699264
878,5045_LeafPhotoA_2025-09-09 17_01_44.217-05_00_3.png,1.25,1.6448568839477207
879,5045_LeafPhotoA_2025-09-09 17_01_44.217-05_00_2.png,1.25,1.6653906474508644
880,5045_LeafPhotoA_2025-09-09 17_01_44.217-05_00_1.png,1.25,1.6244668508142865
881,5045_LeafPhotoA_2025-09-09 17_01_44.217-05_00_0.png,1.25,1.6532387284459893
882,1250_LeafPhotoA_2025-09-08 10_43_41.179-05_00_0.png,1.25,1.7092444185866216
883,1250_LeafPhotoA_2025-09-08 10_43_41.179-05_00_1.png,1.25,1.7115628254184754
884,1250_LeafPhotoA_2025-09-08 10_43_41.179-05_00_2.png,1.25,1.8745226282884082
885,1250_LeafPhotoA_2025-09-08 10_43_41.179-05_00_3.png,1.25,1.8584485692044361
898,1256_LeafPhotoA_2025-09-08 16_32_47.764-05_00_2.png,3.0,1.9441620229373948
899,1256_LeafPhotoA_2025-09-08 16_32_47.764-05_00_1.png,3.0,1.9822058411185381
900,1256_LeafPhotoA_2025-09-08 16_32_47.764-05_00_0.png,3.0,1.866207881863795
905,2902_LeafPhotoA_2025-09-09 16_13_57.638-05_00_0.png,1.25,1.7091381308789984
906,2902_LeafPhotoA_2025-09-09 16_13_57.638-05_00_1.png,1.25,1.8024287834641795
915,2442_LeafPhotoB_2025-09-08 11_18_36.514-05_00_0.png,2.0,1.9895116264105466
916,2442_LeafPhotoB_2025-09-08 11_18_36.514-05_00_1.png,2.0,1.8676766359688435
930,1026_LeafPhotoA_2025-09-08 10_01_59.080-05_00_0.png,1.75,1.9990953356901735
931,1026_LeafPhotoA_2025-09-08 10_01_59.080-05_00_1.png,1.75,2.063270819597928
932,1026_LeafPhotoA_2025-09-08 10_01_59.080-05_00_3.png,1.75,2.2286168833101883
933,1026_LeafPhotoA_2025-09-08 10_01_59.080-05_00_2.png,1.75,2.1940960028654364
941,2073_LeafPhotoA_2025-09-08 12_07_54.433-05_00_0.png,1.5,2.024171655157006
942,2073_LeafPhotoA_2025-09-08 12_07_54.433-05_00_1.png,1.5,1.9664462743085491
943,2073_LeafPhotoA_2025-09-08 12_07_54.433-05_00_2.png,1.5,2.0885020191192405
944,2073_LeafPhotoA_2025-09-08 12_07_54.433-05_00_3.png,1.5,1.9423963970312794
953,2760_LeafPhotoA_2025-09-09 16_19_13.921-05_00_0.png,1.25,1.762342835649205
954,2760_LeafPhotoA_2025-09-09 16_19_13.921-05_00_1.png,1.25,1.8335190104738524
955,2760_LeafPhotoA_2025-09-09 16_19_13.921-05_00_2.png,1.25,1.9412436364415524
967,2755_LeafPhotoA_2025-09-09 16_28_33.930-05_00_1.png,1.0,1.8965630717120527
968,2755_LeafPhotoA_2025-09-09 16_28_33.930-05_00_2.png,1.0,2.013128862442218
969,2755_LeafPhotoA_2025-09-09 16_28_33.930-05_00_0.png,1.0,1.856716695099399
970,2755_LeafPhotoA_2025-09-09 16_28_33.930-05_00_3.png,1.0,1.8815995088771293
1002,1217_LeafPhotoA_2025-09-08 09_53_36.339-05_00_2.png,1.5,1.8239427174361265
1003,1217_LeafPhotoA_2025-09-08 09_53_36.339-05_00_3.png,1.5,1.7276933379818917
1004,1217_LeafPhotoA_2025-09-08 09_53_36.339-05_00_0.png,1.5,1.7105282549381087
1005,1217_LeafPhotoA_2025-09-08 09_53_36.339-05_00_1.png,1.5,1.8083138635489997
1014,2476_LeafPhotoB_2025-09-08 11_51_54.468-05_00_0.png,1.75,1.7736446148517908
1015,2476_LeafPhotoB_2025-09-08 11_51_54.468-05_00_1.png,1.75,1.6855443103347016
1016,2476_LeafPhotoB_2025-09-08 11_51_54.468-05_00_2.png,1.75,1.6215924010898362
1017,2476_LeafPhotoB_2025-09-08 11_51_54.468-05_00_3.png,1.75,1.6882641313875109
1018,1899_LeafPhotoA_2025-09-09 13_47_11.649-05_00_0.png,1.25,1.7766303678758584
1019,1899_LeafPhotoA_2025-09-09 13_47_11.649-05_00_1.png,1.25,1.9429008946044055
1020,1899_LeafPhotoA_2025-09-09 13_47_11.649-05_00_2.png,1.25,1.7866738339503316
1021,1899_LeafPhotoA_2025-09-09 13_47_11.649-05_00_3.png,1.25,1.8506656337016834
1022,1605_LeafPhotoA_2025-09-09 09_07_08.633-05_00_0.png,1.5,2.126638519466644
1023,1605_LeafPhotoA_2025-09-09 09_07_08.633-05_00_3.png,1.5,1.9534683730885245
1024,1605_LeafPhotoA_2025-09-09 09_07_08.633-05_00_1.png,1.5,1.9273920059316987
1025,1605_LeafPhotoA_2025-09-09 09_07_08.633-05_00_2.png,1.5,1.9301259044492767
1030,2769_LeafPhotoA_2025-09-09 15_55_06.978-05_00_0.png,1.5,2.0258758089511635
1031,2769_LeafPhotoA_2025-09-09 15_55_06.978-05_00_1.png,1.5,2.140555983602957
1032,2769_LeafPhotoA_2025-09-09 15_55_06.978-05_00_2.png,1.5,2.2163935432969266
1033,2769_LeafPhotoA_2025-09-09 15_55_06.978-05_00_3.png,1.5,2.0590722915768866
1051,2390_LeafPhotoA_2025-09-08 12_00_53.414-05_00_0.png,1.0,1.8168200504990375
1052,2390_LeafPhotoA_2025-09-08 12_00_53.414-05_00_1.png,1.0,1.7641448506524742
1053,2390_LeafPhotoA_2025-09-08 12_00_53.414-05_00_2.png,1.0,1.8700026879523648
1058,2441_LeafPhotoB_2025-09-08 11_17_12.000-05_00_2.png,2.0,1.837900380073091
1059,2441_LeafPhotoB_2025-09-08 11_17_12.000-05_00_1.png,2.0,1.9031110509569658
1060,2441_LeafPhotoB_2025-09-08 11_17_12.000-05_00_3.png,2.0,1.9674671965609085
1061,2441_LeafPhotoB_2025-09-08 11_17_12.000-05_00_0.png,2.0,1.904138468000491
1081,2538_LeafPhotoA_2025-09-09 10_37_31.295-05_00_0.png,2.25,1.856298518826698
1082,2538_LeafPhotoA_2025-09-09 10_37_31.295-05_00_1.png,2.25,2.012022623466521
1083,2538_LeafPhotoA_2025-09-09 10_37_31.295-05_00_2.png,2.25,2.0050004883827692
1084,2538_LeafPhotoA_2025-09-09 10_37_31.295-05_00_3.png,2.25,1.9947684763140054
1086,1008_LeafPhotoA_2025-09-08 09_38_43.510-05_00_1.png,1.0,2.151309156587468
1087,1008_LeafPhotoA_2025-09-08 09_38_43.510-05_00_2.png,1.0,2.071148749871719
1088,1008_LeafPhotoA_2025-09-08 09_38_43.510-05_00_0.png,1.0,2.1043704096565095
1089,1008_LeafPhotoA_2025-09-08 09_38_43.510-05_00_3.png,1.0,1.83473320007655
1106,2975_LeafPhotoA_2025-09-09 16_24_07.497-05_00_0.png,1.75,1.9308957556649364
1107,2975_LeafPhotoA_2025-09-09 16_24_07.497-05_00_1.png,1.75,1.9527218701598545
1108,2975_LeafPhotoA_2025-09-09 16_24_07.497-05_00_2.png,1.75,1.9609679206766202
1109,2975_LeafPhotoA_2025-09-09 16_24_07.497-05_00_3.png,1.75,1.9705808735394046
1110,1038_LeafPhotoA_2025-09-08 10_16_04.977-05_00_1.png,1.5,2.0631851819826736
1111,1038_LeafPhotoA_2025-09-08 10_16_04.977-05_00_2.png,1.5,2.01088124014788
1112,1038_LeafPhotoA_2025-09-08 10_16_04.977-05_00_0.png,1.5,2.074165500346638
1158,2089_LeafPhotoA_2025-09-08 12_26_16.331-05_00_1.png,2.0,1.7858544497539983
1159,2089_LeafPhotoA_2025-09-08 12_26_16.331-05_00_2.png,2.0,1.7742490205281911
1160,2089_LeafPhotoA_2025-09-08 12_26_16.331-05_00_0.png,2.0,1.7927802695724042
1161,1468_LeafPhotoB_2025-09-08 16_31_09.404-05_00_3.png,1.25,1.7484210584025417
1162,1468_LeafPhotoB_2025-09-08 16_31_09.404-05_00_2.png,1.25,2.063290457945691
1163,1468_LeafPhotoB_2025-09-08 16_31_09.404-05_00_0.png,1.25,1.869230002836268
1164,1468_LeafPhotoB_2025-09-08 16_31_09.404-05_00_1.png,1.25,1.9737203678821933
1177,1145_LeafPhotoA_2025-09-08 10_41_37.289-05_00_0.png,1.5,1.9636347182041618
1178,1145_LeafPhotoA_2025-09-08 10_41_37.289-05_00_1.png,1.5,1.9034011923977008
1179,1145_LeafPhotoA_2025-09-08 10_41_37.289-05_00_2.png,1.5,1.9041451058576053
1180,1145_LeafPhotoA_2025-09-08 10_41_37.289-05_00_3.png,1.5,1.7891216088155912
1209,,1.0,1.6430997050553815
1210,6008_LeafPhotoA_2025-09-09 17_03_49.237-05_00_2.png,1.25,1.805448301553322
1211,6008_LeafPhotoA_2025-09-09 17_03_49.237-05_00_0.png,1.25,1.6260694923001737
1212,6008_LeafPhotoA_2025-09-09 17_03_49.237-05_00_3.png,1.25,1.753936564073483
1213,6008_LeafPhotoA_2025-09-09 17_03_49.237-05_00_1.png,1.25,1.8150941656275423
1233,2393_LeafPhotoA_2025-09-08 12_18_13.823-05_00_0.png,2.5,1.760677416659869
1234,2393_LeafPhotoA_2025-09-08 12_18_13.823-05_00_1.png,2.5,1.7365501026804722
1235,2393_LeafPhotoA_2025-09-08 12_18_13.823-05_00_2.png,2.5,1.8037786224273011
1236,2393_LeafPhotoA_2025-09-08 12_18_13.823-05_00_3.png,2.5,1.8423060661831803
1237,,2.25,1.6430997050553815
1257,1859_LeafPhotoA_2025-09-09 13_37_34.301-05_00_0.png,3.0,1.8249827587353982
1258,1859_LeafPhotoA_2025-09-09 13_37_34.301-05_00_2.png,3.0,1.9014019552509551
1259,1859_LeafPhotoA_2025-09-09 13_37_34.301-05_00_3.png,3.0,1.8543190293632592
1260,1859_LeafPhotoA_2025-09-09 13_37_34.301-05_00_1.png,3.0,1.8126764109495712
1261,1810_LeafPhotoA_2025-09-09 09_05_30.894-05_00_3.png,4.25,2.377015860661793
1262,1810_LeafPhotoA_2025-09-09 09_05_30.894-05_00_0.png,4.25,2.270342909377668
1263,1810_LeafPhotoA_2025-09-09 09_05_30.894-05_00_1.png,4.25,2.3959491533430555
1264,1810_LeafPhotoA_2025-09-09 09_05_30.894-05_00_2.png,4.25,2.395195907665068
1277,2983_LeafPhotoA_2025-09-09 16_35_57.602-05_00_0.png,2.0,1.9435906873188948
1278,2983_LeafPhotoA_2025-09-09 16_35_57.602-05_00_1.png,2.0,1.9934539318865572
1279,2983_LeafPhotoA_2025-09-09 16_35_57.602-05_00_2.png,2.0,2.128160471817968
1280,2983_LeafPhotoA_2025-09-09 16_35_57.602-05_00_3.png,2.0,1.9164270944524053
1308,2792_LeafPhotoA_2025-09-09 11_23_03.034-05_00_0.png,1.5,1.9648459677134318
1309,2792_LeafPhotoA_2025-09-09 11_23_03.034-05_00_1.png,1.5,2.084120105661345
1310,2792_LeafPhotoA_2025-09-09 11_23_03.034-05_00_2.png,1.5,1.8726375941055102
1311,2792_LeafPhotoA_2025-09-09 11_23_03.034-05_00_3.png,1.5,1.8072644551239614
1312,6029_LeafPhotoA_2025-09-09 16_30_34.819-05_00_2.png,2.0,1.846789103627014
1313,6029_LeafPhotoA_2025-09-09 16_30_34.819-05_00_3.png,2.0,1.8873230720531304
1314,6029_LeafPhotoA_2025-09-09 16_30_34.819-05_00_0.png,2.0,1.7227009719162367
1315,6029_LeafPhotoA_2025-09-09 16_30_34.819-05_00_1.png,2.0,1.7269815686133287
1356,2082_LeafPhotoA_2025-09-08 12_18_18.860-05_00_0.png,1.0,1.914402709916931
1357,2082_LeafPhotoA_2025-09-08 12_18_18.860-05_00_2.png,1.0,1.9634536161588465
1358,2082_LeafPhotoA_2025-09-08 12_18_18.860-05_00_1.png,1.0,1.937664313851731
1359,2082_LeafPhotoA_2025-09-08 12_18_18.860-05_00_3.png,1.0,1.948645998642794
1360,1868_LeafPhotoA_2025-09-09 13_29_01.704-05_00_2.png,1.25,1.9329968356256182
1361,1868_LeafPhotoA_2025-09-09 13_29_01.704-05_00_1.png,1.25,1.9960952203286155
1362,1868_LeafPhotoA_2025-09-09 13_29_01.704-05_00_0.png,1.25,2.1988928106757912
1363,1868_LeafPhotoA_2025-09-09 13_29_01.704-05_00_3.png,1.25,2.004196627795203
1364,1561_LeafPhotoA_2025-09-09 10_12_13.903-05_00_0.png,1.25,2.0247891593176894
1365,1561_LeafPhotoA_2025-09-09 10_12_13.903-05_00_2.png,1.25,1.8551708358599936
1366,1561_LeafPhotoA_2025-09-09 10_12_13.903-05_00_1.png,1.25,1.8966505850591282
1367,2902_LeafPhotoA_2025-09-09 16_14_17.420-05_00_0.png,1.5,1.8208801542253432
1368,2902_LeafPhotoA_2025-09-09 16_14_17.420-05_00_1.png,1.5,1.749025903507183
1369,2902_LeafPhotoA_2025-09-09 16_14_17.420-05_00_2.png,1.5,1.7829196046995148
1370,2902_LeafPhotoA_2025-09-09 16_14_17.420-05_00_3.png,1.5,1.7659579151042257
1380,2088_LeafPhotoA_2025-09-08 12_25_17.092-05_00_1.png,2.5,1.9541504070391562
1381,2088_LeafPhotoA_2025-09-08 12_25_17.092-05_00_0.png,2.5,1.828532809744329
1382,2088_LeafPhotoA_2025-09-08 12_25_17.092-05_00_2.png,2.5,1.9737850489186588
1391,1978_LeafPhotoA_2025-09-09 16_46_20.867-05_00_0.png,1.0,1.7531021858336746
1392,1978_LeafPhotoA_2025-09-09 16_46_20.867-05_00_3.png,1.0,1.8526404827139857
1393,1978_LeafPhotoA_2025-09-09 16_46_20.867-05_00_2.png,1.0,1.8915444074098813
1394,1978_LeafPhotoA_2025-09-09 16_46_20.867-05_00_1.png,1.0,1.844217819228755
1395,2520_LeafPhotoA_2025-09-09 10_17_04.786-05_00_0.png,1.0,1.7562753330314766
1396,2520_LeafPhotoA_2025-09-09 10_17_04.786-05_00_1.png,1.0,1.7726505743340213
1397,2520_LeafPhotoA_2025-09-09 10_17_04.786-05_00_2.png,1.0,1.7913327116833957
1398,2520_LeafPhotoA_2025-09-09 10_17_04.786-05_00_3.png,1.0,1.8208052001667272
1439,1203_LeafPhotoA_2025-09-08 09_17_50.777-05_00_2.png,2.0,1.8359859107181078
1440,1203_LeafPhotoA_2025-09-08 09_17_50.777-05_00_1.png,2.0,1.9817528077545745
1441,1203_LeafPhotoA_2025-09-08 09_17_50.777-05_00_0.png,2.0,1.9585755445132145
1442,1203_LeafPhotoA_2025-09-08 09_17_50.777-05_00_3.png,2.0,1.8616130053270354
1455,2293_LeafPhotoA_2025-09-08 16_47_21.144-05_00_0.png,1.25,1.7021229392856754
1456,2293_LeafPhotoA_2025-09-08 16_47_21.144-05_00_1.png,1.25,1.8262603743878765
1457,2293_LeafPhotoA_2025-09-08 16_47_21.144-05_00_2.png,1.25,1.7460587844092834
1458,2293_LeafPhotoA_2025-09-08 16_47_21.144-05_00_3.png,1.25,1.8664505984520625
1485,1212_LeafPhotoA_2025-09-08 09_42_54.332-05_00_0.png,2.25,1.8332096371631244
1486,1212_LeafPhotoA_2025-09-08 09_42_54.332-05_00_1.png,2.25,1.8384911940618938
1487,1212_LeafPhotoA_2025-09-08 09_42_54.332-05_00_2.png,2.25,1.7124957567748285
1488,1212_LeafPhotoA_2025-09-08 09_42_54.332-05_00_3.png,2.25,1.821458833372136
1493,1666_LeafPhotoA_2025-09-09 09_55_47.332-05_00_1.png,1.25,1.755873240435873
1494,1666_LeafPhotoA_2025-09-09 09_55_47.332-05_00_2.png,1.25,1.837882373014038
1495,1666_LeafPhotoA_2025-09-09 09_55_47.332-05_00_0.png,1.25,1.7491637525016352
1496,1666_LeafPhotoA_2025-09-09 09_55_47.332-05_00_3.png,1.25,1.7979211039748726
1498,2758_LeafPhotoA_2025-09-09 16_22_09.492-05_00_0.png,1.25,2.0790956221308137
1499,2758_LeafPhotoA_2025-09-09 16_22_09.492-05_00_1.png,1.25,2.0245343333553585
1500,2758_LeafPhotoA_2025-09-09 16_22_09.492-05_00_2.png,1.25,1.9744714761234186
1501,2758_LeafPhotoA_2025-09-09 16_22_09.492-05_00_3.png,1.25,1.9662313734570187
1513,1652_LeafPhotoA_2025-09-09 10_20_27.938-05_00_0.png,1.25,1.6978245654790265
1514,1652_LeafPhotoA_2025-09-09 10_20_27.938-05_00_1.png,1.25,1.902160638632253
1515,1652_LeafPhotoA_2025-09-09 10_20_27.938-05_00_2.png,1.25,1.8804910120422764
1520,2446_LeafPhotoB_2025-09-08 11_21_40.834-05_00_3.png,3.0,1.81016005968933
1521,2446_LeafPhotoB_2025-09-08 11_21_40.834-05_00_1.png,3.0,2.113785988279654
1522,2446_LeafPhotoB_2025-09-08 11_21_40.834-05_00_0.png,3.0,2.0219241832205155
1523,2446_LeafPhotoB_2025-09-08 11_21_40.834-05_00_2.png,3.0,1.9161803723022746
1547,2177_LeafPhotoA_2025-09-09 12_21_32.834-05_00_0.png,3.0,2.2634685328941604
1548,2177_LeafPhotoA_2025-09-09 12_21_32.834-05_00_1.png,3.0,2.1390425689130668
1549,2177_LeafPhotoA_2025-09-09 12_21_32.834-05_00_2.png,3.0,2.097838066541238
1550,2177_LeafPhotoA_2025-09-09 12_21_32.834-05_00_3.png,3.0,1.9967092661487982
1556,2515_LeafPhotoA_2025-09-09 10_13_03.695-05_00_0.png,1.25,1.866848548770737
1557,2515_LeafPhotoA_2025-09-09 10_13_03.695-05_00_1.png,1.25,1.845102223063959
1558,2515_LeafPhotoA_2025-09-09 10_13_03.695-05_00_2.png,1.25,1.9239094218152857
1559,2515_LeafPhotoA_2025-09-09 10_13_03.695-05_00_3.png,1.25,1.704992204355133
1577,1051_LeafPhotoA_2025-09-08 12_42_13.116-05_00_0.png,1.25,1.7587633313740252
1578,1051_LeafPhotoA_2025-09-08 12_42_13.116-05_00_1.png,1.25,1.930691785875803
1579,1051_LeafPhotoA_2025-09-08 12_42_13.116-05_00_2.png,1.25,1.9977838916316208
1580,1051_LeafPhotoA_2025-09-08 12_42_13.116-05_00_3.png,1.25,2.2081698329928927
1590,2093_LeafPhotoA_2025-09-08 12_29_42.069-05_00_3.png,2.0,2.056619227265307
1591,2093_LeafPhotoA_2025-09-08 12_29_42.069-05_00_1.png,2.0,2.118688444758593
1592,2093_LeafPhotoA_2025-09-08 12_29_42.069-05_00_2.png,2.0,1.9867425112163166
1593,2093_LeafPhotoA_2025-09-08 12_29_42.069-05_00_0.png,2.0,1.9835299516914886
1599,2637_LeafPhotoA_2025-09-09 11_40_07.094-05_00_0.png,1.5,1.9161933548555705
1600,2637_LeafPhotoA_2025-09-09 11_40_07.094-05_00_1.png,1.5,1.749010480503003
1601,2637_LeafPhotoA_2025-09-09 11_40_07.094-05_00_2.png,1.5,1.6538594079562714
1602,2637_LeafPhotoA_2025-09-09 11_40_07.094-05_00_3.png,1.5,1.6363505203809836
1627,,1.5,1.6430997050553815
1655,2346_LeafPhotoA_2025-09-08 11_14_15.994-05_00_0.png,1.25,1.8041047929122498
1656,2346_LeafPhotoA_2025-09-08 11_14_15.994-05_00_1.png,1.25,1.8992842724132266
1657,2346_LeafPhotoA_2025-09-08 11_14_15.994-05_00_2.png,1.25,1.7428195757509934
1658,2346_LeafPhotoA_2025-09-08 11_14_15.994-05_00_3.png,1.25,1.700135649882614
1663,2463_LeafPhotoB_2025-09-08 11_41_05.461-05_00_0.png,2.0,2.3076380890056134
1664,2463_LeafPhotoB_2025-09-08 11_41_05.461-05_00_1.png,2.0,2.086464087206008
1665,2463_LeafPhotoB_2025-09-08 11_41_05.461-05_00_2.png,2.0,2.092821323990661
1666,2463_LeafPhotoB_2025-09-08 11_41_05.461-05_00_3.png,2.0,1.8174827900441155
1673,1355_LeafPhotoA_2025-09-08 12_32_02.036-05_00_0.png,2.0,2.0329360189926162
1708,1905_LeafPhotoA_2025-09-09 14_39_48.802-05_00_0.png,1.5,1.7318820171661085
1709,1905_LeafPhotoA_2025-09-09 14_39_48.802-05_00_1.png,1.5,1.6396264882281355
1736,2689_LeafPhotoA_2025-09-09 10_43_51.800-05_00_0.png,1.25,2.1496627092324134
1737,2689_LeafPhotoA_2025-09-09 10_43_51.800-05_00_1.png,1.25,2.0351838349867712
1738,2689_LeafPhotoA_2025-09-09 10_43_51.800-05_00_2.png,1.25,2.020373739610171
1751,1065_LeafPhotoA_2025-09-08 12_57_07.532-05_00_0.png,1.25,1.8013019598999416
1752,1065_LeafPhotoA_2025-09-08 12_57_07.532-05_00_1.png,1.25,1.7957449501688334
1753,1065_LeafPhotoA_2025-09-08 12_57_07.532-05_00_2.png,1.25,1.7913347574928935
1754,1065_LeafPhotoA_2025-09-08 12_57_07.532-05_00_3.png,1.25,1.8795903391763247
1796,2527_LeafPhotoA_2025-09-09 10_24_54.172-05_00_0.png,1.5,1.9945681782326403
1797,2527_LeafPhotoA_2025-09-09 10_24_54.172-05_00_1.png,1.5,1.9380009758272023
1798,2527_LeafPhotoA_2025-09-09 10_24_54.172-05_00_2.png,1.5,2.0668282957367694
1799,2527_LeafPhotoA_2025-09-09 10_24_54.172-05_00_3.png,1.5,2.183720836915655
1800,1408_LeafPhotoB_2025-09-08 10_02_06.407-05_00_0.png,1.5,1.7970238332278532
1801,1408_LeafPhotoB_2025-09-08 10_02_06.407-05_00_1.png,1.5,1.9115518763035209
1802,1408_LeafPhotoB_2025-09-08 10_02_06.407-05_00_2.png,1.5,1.756475667082368
1803,1408_LeafPhotoB_2025-09-08 10_02_06.407-05_00_3.png,1.5,1.8338299646246767
1804,1332_LeafPhotoA_2025-09-08 10_00_19.909-05_00_0.png,2.0,1.829581414513954
1805,1332_LeafPhotoA_2025-09-08 10_00_19.909-05_00_1.png,2.0,1.8699394130953968
1806,1332_LeafPhotoA_2025-09-08 10_00_19.909-05_00_2.png,2.0,1.8841704098678014
1807,1332_LeafPhotoA_2025-09-08 10_00_19.909-05_00_3.png,2.0,1.909828247823766
1891,2129_LeafPhotoA_2025-09-08 11_46_50.494-05_00_0.png,1.75,1.6727427475493113
1892,2129_LeafPhotoA_2025-09-08 11_46_50.494-05_00_1.png,1.75,1.6914591580697442
1914,2271_LeafPhotoA_2025-09-08 17_12_04.853-05_00_0.png,2.25,1.9539506370866917
1915,2271_LeafPhotoA_2025-09-08 17_12_04.853-05_00_1.png,2.25,1.8622684458348895
1969,1521_LeafPhotoA_2025-09-09 09_17_54.205-05_00_1.png,2.25,2.3923779578855515
1970,1521_LeafPhotoA_2025-09-09 09_17_54.205-05_00_0.png,2.25,2.4178821225657394
1971,1521_LeafPhotoA_2025-09-09 09_17_54.205-05_00_2.png,2.25,2.4293299595718962
1972,1521_LeafPhotoA_2025-09-09 09_17_54.205-05_00_3.png,2.25,2.2321280450755707
1973,1216_LeafPhotoA_2025-09-08 09_51_18.258-05_00_1.png,1.5,1.8282957998770442
1974,1216_LeafPhotoA_2025-09-08 09_51_18.258-05_00_0.png,1.5,1.732574341740629
1975,1216_LeafPhotoA_2025-09-08 09_51_18.258-05_00_2.png,1.5,1.8199325336705643
1976,1216_LeafPhotoA_2025-09-08 09_51_18.258-05_00_3.png,1.5,1.7490738236973726
2012,2469_LeafPhotoB_2025-09-08 11_46_21.698-05_00_1.png,1.5,1.7988812548068527
2013,2469_LeafPhotoB_2025-09-08 11_46_21.698-05_00_0.png,1.5,1.8237335787532798
2014,2469_LeafPhotoB_2025-09-08 11_46_21.698-05_00_2.png,1.5,1.8921494782804138
2015,2469_LeafPhotoB_2025-09-08 11_46_21.698-05_00_3.png,1.5,1.8596562313071223
2046,1317_LeafPhotoA_2025-09-08 09_35_24.203-05_00_0.png,3.0,1.9814984105027875
2047,1317_LeafPhotoA_2025-09-08 09_35_24.203-05_00_1.png,3.0,2.035351780738824
2048,1317_LeafPhotoA_2025-09-08 09_35_24.203-05_00_2.png,3.0,1.8996769610275563
2049,1317_LeafPhotoA_2025-09-08 09_35_24.203-05_00_3.png,3.0,1.9981626381659277
2071,2792_LeafPhotoA_2025-09-09 11_21_24.578-05_00_0.png,1.25,1.7357654769416817
2072,2792_LeafPhotoA_2025-09-09 11_21_24.578-05_00_1.png,1.25,1.7647843020211307
2073,2792_LeafPhotoA_2025-09-09 11_21_24.578-05_00_2.png,1.25,1.7800058141315276
2074,2792_LeafPhotoA_2025-09-09 11_21_24.578-05_00_3.png,1.25,1.8169537619001872
2118,1492_LeafPhotoB_2025-09-08 16_56_04.972-05_00_0.png,1.5,1.7070873699723037
2119,1492_LeafPhotoB_2025-09-08 16_56_04.972-05_00_1.png,1.5,1.7677198367575082
2120,1492_LeafPhotoB_2025-09-08 16_56_04.972-05_00_2.png,1.5,1.70949716476522
2121,1492_LeafPhotoB_2025-09-08 16_56_04.972-05_00_3.png,1.5,1.8381015635953954
2122,1438_LeafPhotoB_2025-09-08 10_28_46.756-05_00_2.png,2.5,1.7983539344481188
2123,1438_LeafPhotoB_2025-09-08 10_28_46.756-05_00_1.png,2.5,1.8688462227909373
2124,1438_LeafPhotoB_2025-09-08 10_28_46.756-05_00_0.png,2.5,1.874335716874392
2133,2268_LeafPhotoA_2025-09-08 17_14_58.767-05_00_0.png,2.0,2.032823149623531
2145,1626_LeafPhotoA_2025-09-09 10_03_50.260-05_00_0.png,1.5,2.0888889219373574
2146,1626_LeafPhotoA_2025-09-09 10_03_50.260-05_00_1.png,1.5,1.940180100809226
2147,1626_LeafPhotoA_2025-09-09 10_03_50.260-05_00_2.png,1.5,1.9216730466023604
2148,1626_LeafPhotoA_2025-09-09 10_03_50.260-05_00_3.png,1.5,2.0714902158103228
2157,1301_LeafPhotoA_2025-09-08 10_19_50.410-05_00_0.png,1.5,1.8860146741722525
2158,1301_LeafPhotoA_2025-09-08 10_19_50.410-05_00_1.png,1.5,1.902897674288324
2159,1301_LeafPhotoA_2025-09-08 10_19_50.410-05_00_2.png,1.5,1.8570857718589653
2160,1301_LeafPhotoA_2025-09-08 10_19_50.410-05_00_3.png,1.5,1.870159692329732
2161,2325_LeafPhotoA_2025-09-08 10_52_52.963-05_00_0.png,1.0,1.871192126351944
2162,2325_LeafPhotoA_2025-09-08 10_52_52.963-05_00_1.png,1.0,1.8691083823565915
2163,2325_LeafPhotoA_2025-09-08 10_52_52.963-05_00_2.png,1.0,1.8353650010174294
2164,2325_LeafPhotoA_2025-09-08 10_52_52.963-05_00_3.png,1.0,1.7212796182911205
2189,1236_LeafPhotoA_2025-09-08 10_23_03.516-05_00_1.png,1.5,1.8376144919698023
2190,1236_LeafPhotoA_2025-09-08 10_23_03.516-05_00_2.png,1.5,1.8602964514549993
2191,1236_LeafPhotoA_2025-09-08 10_23_03.516-05_00_3.png,1.5,1.9351635191380254
2192,1236_LeafPhotoA_2025-09-08 10_23_03.516-05_00_0.png,1.5,1.840434301495181
2243,2903_LeafPhotoA_2025-09-09 16_19_58.490-05_00_1.png,3.0,2.1819842661396693
2244,2903_LeafPhotoA_2025-09-09 16_19_58.490-05_00_2.png,3.0,2.0242967614681304
2245,2903_LeafPhotoA_2025-09-09 16_19_58.490-05_00_3.png,3.0,1.8565980997403335
2246,2903_LeafPhotoA_2025-09-09 16_19_58.490-05_00_0.png,3.0,1.9382327781826976
2262,,1.25,1.6430997050553815
2267,,1.0,1.6430997050553815
2302,2436_LeafPhotoB_2025-09-08 11_12_52.698-05_00_3.png,1.5,1.8491785495555584
2303,2436_LeafPhotoB_2025-09-08 11_12_52.698-05_00_2.png,1.5,1.7879733948112437
2304,2436_LeafPhotoB_2025-09-08 11_12_52.698-05_00_0.png,1.5,1.8454743812165324
2305,2436_LeafPhotoB_2025-09-08 11_12_52.698-05_00_1.png,1.5,1.8605199625943263
2397,2941_LeafPhotoA_2025-09-09 16_28_44.280-05_00_0.png,1.25,1.7654845688367342
2398,2941_LeafPhotoA_2025-09-09 16_28_44.280-05_00_1.png,1.25,1.9578910804577987
2399,2941_LeafPhotoA_2025-09-09 16_28_44.280-05_00_2.png,1.25,1.8661421565808403
2400,2941_LeafPhotoA_2025-09-09 16_28_44.280-05_00_3.png,1.25,1.8139988861878251
2420,2002_LeafPhotoA_2025-09-08 10_34_47.962-05_00_2.png,3.25,2.0118577319411557
2421,2002_LeafPhotoA_2025-09-08 10_34_47.962-05_00_0.png,3.25,1.86880737628868
2422,2002_LeafPhotoA_2025-09-08 10_34_47.962-05_00_1.png,3.25,1.8901963730780855
2423,2002_LeafPhotoA_2025-09-08 10_34_47.962-05_00_3.png,3.25,1.922972039350185
2428,1969_LeafPhotoA_2025-09-09 17_07_30.768-05_00_0.png,1.5,1.9165994713531118
2429,1969_LeafPhotoA_2025-09-09 17_07_30.768-05_00_1.png,1.5,2.2053390646282343
2430,1969_LeafPhotoA_2025-09-09 17_07_30.768-05_00_2.png,1.5,2.168777229630159
2431,1969_LeafPhotoA_2025-09-09 17_07_30.768-05_00_3.png,1.5,2.1067767037341083
2438,2536_LeafPhotoA_2025-09-09 10_35_28.301-05_00_0.png,1.75,1.9083554406294712
2439,2536_LeafPhotoA_2025-09-09 10_35_28.301-05_00_1.png,1.75,1.9838000968786336
2440,2536_LeafPhotoA_2025-09-09 10_35_28.301-05_00_2.png,1.75,1.9503840743678091
2441,2536_LeafPhotoA_2025-09-09 10_35_28.301-05_00_3.png,1.75,1.9340949219688317
2483,1247_LeafPhotoA_2025-09-08 10_38_45.722-05_00_0.png,2.0,1.8923783296934673
2484,1247_LeafPhotoA_2025-09-08 10_38_45.722-05_00_1.png,2.0,1.7804813621755133
2485,1247_LeafPhotoA_2025-09-08 10_38_45.722-05_00_2.png,2.0,1.7940842419500296
2494,2370_LeafPhotoA_2025-09-08 11_38_56.854-05_00_0.png,2.25,1.901094972205349
2495,2370_LeafPhotoA_2025-09-08 11_38_56.854-05_00_1.png,2.25,1.8269754072131323
2496,2370_LeafPhotoA_2025-09-08 11_38_56.854-05_00_2.png,2.25,1.8417769213124757
2497,2370_LeafPhotoA_2025-09-08 11_38_56.854-05_00_3.png,2.25,1.8745756205264363
2516,1719_LeafPhotoA_2025-09-09 09_17_16.298-05_00_0.png,3.25,2.399359188602829
2517,1719_LeafPhotoA_2025-09-09 09_17_16.298-05_00_2.png,3.25,2.0659177058026486
2518,1719_LeafPhotoA_2025-09-09 09_17_16.298-05_00_1.png,3.25,2.230945409574082
2519,1971_LeafPhotoA_2025-09-09 17_00_57.416-05_00_0.png,2.25,1.7384221666809692
2520,1971_LeafPhotoA_2025-09-09 17_00_57.416-05_00_1.png,2.25,1.7542523109469224
2521,1971_LeafPhotoA_2025-09-09 17_00_57.416-05_00_2.png,2.25,1.741670110454237
2522,1971_LeafPhotoA_2025-09-09 17_00_57.416-05_00_3.png,2.25,1.7245066742575452
2542,2671_LeafPhotoA_2025-09-09 11_45_10.930-05_00_0.png,3.75,2.3000648029140223
2543,2671_LeafPhotoA_2025-09-09 11_45_10.930-05_00_1.png,3.75,2.2187363812349195
2544,2671_LeafPhotoA_2025-09-09 11_45_10.930-05_00_2.png,3.75,2.044566266378958
2545,2671_LeafPhotoA_2025-09-09 11_45_10.930-05_00_3.png,3.75,2.0353060430416035
2551,1156_LeafPhotoA_2025-09-08 16_52_15.162-05_00_0.png,1.75,1.9923522298350091
2552,1156_LeafPhotoA_2025-09-08 16_52_15.162-05_00_1.png,1.75,2.2787132831747305
2553,1156_LeafPhotoA_2025-09-08 16_52_15.162-05_00_2.png,1.75,2.2264694231019444
2554,1156_LeafPhotoA_2025-09-08 16_52_15.162-05_00_3.png,1.75,2.1480775093378686
2559,1073_LeafPhotoA_2025-09-08 13_06_10.190-05_00_2.png,2.25,2.071836617668321
2560,1073_LeafPhotoA_2025-09-08 13_06_10.190-05_00_3.png,2.25,1.9559103540280112
2561,1073_LeafPhotoA_2025-09-08 13_06_10.190-05_00_0.png,2.25,1.9040908977812154
2562,1073_LeafPhotoA_2025-09-08 13_06_10.190-05_00_1.png,2.25,2.0197966626287887
2567,2672_LeafPhotoA_2025-09-09 11_46_40.643-05_00_0.png,2.0,1.9459200122109255
2568,2672_LeafPhotoA_2025-09-09 11_46_40.643-05_00_1.png,2.0,1.7782416947692063
2569,2672_LeafPhotoA_2025-09-09 11_46_40.643-05_00_2.png,2.0,1.8589960328548534
2570,2672_LeafPhotoA_2025-09-09 11_46_40.643-05_00_3.png,2.0,1.9288397104365698
2576,1661_LeafPhotoA_2025-09-09 10_07_18.041-05_00_0.png,2.0,1.9058061366831804
2577,1661_LeafPhotoA_2025-09-09 10_07_18.041-05_00_1.png,2.0,1.9953691134233424
2578,1661_LeafPhotoA_2025-09-09 10_07_18.041-05_00_2.png,2.0,2.053874540772749
2579,2902_LeafPhotoA_2025-09-09 16_15_16.673-05_00_0.png,1.25,1.8405229137007748
2580,2902_LeafPhotoA_2025-09-09 16_15_16.673-05_00_1.png,1.25,1.7179971967733296
2581,2902_LeafPhotoA_2025-09-09 16_15_16.673-05_00_2.png,1.25,1.738443162386989
2582,2902_LeafPhotoA_2025-09-09 16_15_16.673-05_00_3.png,1.25,1.737654840073871
2593,2259_LeafPhotoA_2025-09-08 12_30_29.796-05_00_0.png,1.25,1.6431952574201154
2594,2259_LeafPhotoA_2025-09-08 12_30_29.796-05_00_1.png,1.25,1.705112400899431
2595,2259_LeafPhotoA_2025-09-08 12_30_29.796-05_00_2.png,1.25,1.6758562519754716
2596,2259_LeafPhotoA_2025-09-08 12_30_29.796-05_00_3.png,1.25,1.701878503116144
2605,1004_LeafPhotoA_2025-09-08 09_23_15.296-05_00_0.png,1.5,1.9169229189122297
2606,1004_LeafPhotoA_2025-09-08 09_23_15.296-05_00_1.png,1.5,1.8913173018488527
2607,1004_LeafPhotoA_2025-09-08 09_23_15.296-05_00_2.png,1.5,1.9576017895100453
2608,1004_LeafPhotoA_2025-09-08 09_23_15.296-05_00_3.png,1.5,1.952989142237115
2638,2196_LeafPhotoA_2025-09-08 17_09_05.011-05_00_3.png,2.25,2.1412095936010034
2639,2196_LeafPhotoA_2025-09-08 17_09_05.011-05_00_1.png,2.25,2.1661735542632883
2640,2196_LeafPhotoA_2025-09-08 17_09_05.011-05_00_2.png,2.25,2.2225902868564065
2641,2196_LeafPhotoA_2025-09-08 17_09_05.011-05_00_0.png,2.25,2.1651734032127674
2642,1573_LeafPhotoA_2025-09-09 09_54_35.196-05_00_2.png,2.5,1.9741451723049053
2643,1573_LeafPhotoA_2025-09-09 09_54_35.196-05_00_0.png,2.5,2.03724157235738
2644,1573_LeafPhotoA_2025-09-09 09_54_35.196-05_00_3.png,2.5,2.018240386381977
2645,1573_LeafPhotoA_2025-09-09 09_54_35.196-05_00_1.png,2.5,1.9535849481360663
2650,2860_LeafPhotoA_2025-09-09 14_56_33.247-05_00_0.png,1.25,1.6724010955732982
2651,2860_LeafPhotoA_2025-09-09 14_56_33.247-05_00_1.png,1.25,1.7049461503180678
2652,2860_LeafPhotoA_2025-09-09 14_56_33.247-05_00_2.png,1.25,1.75835715727781
2653,2860_LeafPhotoA_2025-09-09 14_56_33.247-05_00_3.png,1.25,1.7592039925051728
2654,1530_LeafPhotoA_2025-09-09 09_28_13.536-05_00_0.png,2.25,1.9352149060143926
2655,1530_LeafPhotoA_2025-09-09 09_28_13.536-05_00_1.png,2.25,2.095773445508742
2656,1530_LeafPhotoA_2025-09-09 09_28_13.536-05_00_2.png,2.25,2.1506737709315122
2657,1530_LeafPhotoA_2025-09-09 09_28_13.536-05_00_3.png,2.25,2.1271264273544674
2658,2690_LeafPhotoA_2025-09-09 10_42_26.059-05_00_3.png,1.5,2.136096782518791
2659,2690_LeafPhotoA_2025-09-09 10_42_26.059-05_00_2.png,1.5,1.90951211627398
2660,2690_LeafPhotoA_2025-09-09 10_42_26.059-05_00_1.png,1.5,1.767390538442251
2661,2690_LeafPhotoA_2025-09-09 10_42_26.059-05_00_0.png,1.5,1.6983560538793117
2680,1994_LeafPhotoA_2025-09-09 16_07_18.609-05_00_0.png,1.75,1.9077838439456543
2681,1994_LeafPhotoA_2025-09-09 16_07_18.609-05_00_1.png,1.75,1.893662759797821
2682,1994_LeafPhotoA_2025-09-09 16_07_18.609-05_00_2.png,1.75,1.8832419286670925
2695,2062_LeafPhotoA_2025-09-08 11_56_29.638-05_00_0.png,1.5,1.761122316046634
2696,2062_LeafPhotoA_2025-09-08 11_56_29.638-05_00_1.png,1.5,1.9084525130925576
2697,2062_LeafPhotoA_2025-09-08 11_56_29.638-05_00_2.png,1.5,1.9851936134001107
2698,2062_LeafPhotoA_2025-09-08 11_56_29.638-05_00_3.png,1.5,1.9052004279220205
2703,1714_LeafPhotoA_2025-09-09 09_09_56.290-05_00_0.png,2.25,2.227557092783863
2704,1714_LeafPhotoA_2025-09-09 09_09_56.290-05_00_1.png,2.25,2.1951267808075574
2705,1714_LeafPhotoA_2025-09-09 09_09_56.290-05_00_2.png,2.25,2.207850970430495
2706,1714_LeafPhotoA_2025-09-09 09_09_56.290-05_00_3.png,2.25,2.223568712067625
2711,1246_LeafPhotoA_2025-09-08 10_36_51.001-05_00_2.png,2.0,1.8232663041172261
2712,1246_LeafPhotoA_2025-09-08 10_36_51.001-05_00_3.png,2.0,1.8028284369924623
2713,1246_LeafPhotoA_2025-09-08 10_36_51.001-05_00_0.png,2.0,1.6921516980356333
2714,1246_LeafPhotoA_2025-09-08 10_36_51.001-05_00_1.png,2.0,1.7867109480908119
2727,1742_LeafPhotoA_2025-09-09 09_58_17.497-05_00_1.png,3.0,1.9374618504896062
2728,1742_LeafPhotoA_2025-09-09 09_58_17.497-05_00_0.png,3.0,2.0887584336176275
2729,1742_LeafPhotoA_2025-09-09 09_58_17.497-05_00_2.png,3.0,1.8908313937954022
2769,1265_LeafPhotoA_2025-09-08 16_21_10.202-05_00_0.png,2.25,1.8544595493945328
2783,,1.75,1.6430997050553815
2819,1969_LeafPhotoA_2025-09-09 17_06_13.365-05_00_0.png,1.25,1.779947923448457
2820,1969_LeafPhotoA_2025-09-09 17_06_13.365-05_00_1.png,1.25,1.819498239904285
2821,1969_LeafPhotoA_2025-09-09 17_06_13.365-05_00_2.png,1.25,1.9658294853997376
2822,1969_LeafPhotoA_2025-09-09 17_06_13.365-05_00_3.png,1.25,2.030747943533933
2823,2402_LeafPhotoB_2025-09-08 10_41_29.920-05_00_0.png,1.0,1.8260236652201756
2824,2402_LeafPhotoB_2025-09-08 10_41_29.920-05_00_1.png,1.0,1.6906732464956022
2825,2402_LeafPhotoB_2025-09-08 10_41_29.920-05_00_2.png,1.0,1.7137071452664796
2826,2402_LeafPhotoB_2025-09-08 10_41_29.920-05_00_3.png,1.0,1.8262003660952488
2837,6040_LeafPhotoA_2025-09-09 16_10_33.353-05_00_2.png,1.5,1.9095356461832365
2838,6040_LeafPhotoA_2025-09-09 16_10_33.353-05_00_0.png,1.5,1.8085437969001241
2839,6040_LeafPhotoA_2025-09-09 16_10_33.353-05_00_3.png,1.5,1.9584135853799387
2840,6040_LeafPhotoA_2025-09-09 16_10_33.353-05_00_1.png,1.5,1.8679715302649722
2842,1578_LeafPhotoA_2025-09-09 09_51_18.559-05_00_0.png,1.0,1.9005505367928197
2843,1578_LeafPhotoA_2025-09-09 09_51_18.559-05_00_1.png,1.0,1.918788166138663
2844,1578_LeafPhotoA_2025-09-09 09_51_18.559-05_00_2.png,1.0,1.9041206138390983
2845,1578_LeafPhotoA_2025-09-09 09_51_18.559-05_00_3.png,1.0,1.8927223427546929
2854,2262_LeafPhotoA_2025-09-08 12_34_17.650-05_00_2.png,1.5,1.9258734647718663
2855,2262_LeafPhotoA_2025-09-08 12_34_17.650-05_00_1.png,1.5,2.0100322714915153
2856,2262_LeafPhotoA_2025-09-08 12_34_17.650-05_00_0.png,1.5,1.822054007354498
2857,2262_LeafPhotoA_2025-09-08 12_34_17.650-05_00_3.png,1.5,1.7761554102717045
2858,6025_LeafPhotoA_2025-09-09 16_35_46.802-05_00_2.png,1.5,1.7604167682995324
2859,6025_LeafPhotoA_2025-09-09 16_35_46.802-05_00_0.png,1.5,1.8663999214311253
2860,6025_LeafPhotoA_2025-09-09 16_35_46.802-05_00_1.png,1.5,1.7090795133511238
2861,1894_LeafPhotoA_2025-09-09 12_58_44.856-05_00_2.png,1.25,2.023051808179566
2862,1894_LeafPhotoA_2025-09-09 12_58_44.856-05_00_3.png,1.25,1.9726599497799686
2863,1894_LeafPhotoA_2025-09-09 12_58_44.856-05_00_0.png,1.25,1.8866725325355123
2864,1894_LeafPhotoA_2025-09-09 12_58_44.856-05_00_1.png,1.25,2.057728465355593
2869,2045_LeafPhotoA_2025-09-08 11_26_04.594-05_00_0.png,1.75,1.7720469297268355
2870,2045_LeafPhotoA_2025-09-08 11_26_04.594-05_00_1.png,1.75,2.0430960898285924
2871,2045_LeafPhotoA_2025-09-08 11_26_04.594-05_00_2.png,1.75,2.0902449537906214
2884,2830_LeafPhotoA_2025-09-09 10_46_44.993-05_00_0.png,1.5,1.9073007842234073
2885,2830_LeafPhotoA_2025-09-09 10_46_44.993-05_00_3.png,1.5,1.885079465069136
2886,2830_LeafPhotoA_2025-09-09 10_46_44.993-05_00_1.png,1.5,1.9228663854272745
2887,2830_LeafPhotoA_2025-09-09 10_46_44.993-05_00_2.png,1.5,1.8543485363468546
2891,2919_LeafPhotoA_2025-09-09 16_43_36.577-05_00_0.png,1.5,1.7903264392972318
2892,2919_LeafPhotoA_2025-09-09 16_43_36.577-05_00_1.png,1.5,1.8787800827402925
2893,2919_LeafPhotoA_2025-09-09 16_43_36.577-05_00_2.png,1.5,1.8230947433642724
2894,2919_LeafPhotoA_2025-09-09 16_43_36.577-05_00_3.png,1.5,1.7228036576883086
2895,1978_LeafPhotoA_2025-09-09 16_46_02.859-05_00_1.png,1.25,1.9924676260889738
2896,1978_LeafPhotoA_2025-09-09 16_46_02.859-05_00_0.png,1.25,1.940509441769747
2897,1978_LeafPhotoA_2025-09-09 16_46_02.859-05_00_2.png,1.25,1.9899983766730456
2948,1269_LeafPhotoA_2025-09-08 16_17_38.730-05_00_0.png,1.75,1.7922363877119827
2949,1269_LeafPhotoA_2025-09-08 16_17_38.730-05_00_1.png,1.75,1.862292141591907
2950,1269_LeafPhotoA_2025-09-08 16_17_38.730-05_00_2.png,1.75,1.8674593879793664
2951,1269_LeafPhotoA_2025-09-08 16_17_38.730-05_00_3.png,1.75,1.8313729426868826
2952,1908_LeafPhotoA_2025-09-09 14_44_38.996-05_00_0.png,2.5,1.8339328845080471
2953,1908_LeafPhotoA_2025-09-09 14_44_38.996-05_00_1.png,2.5,1.9497195848272062
2954,1908_LeafPhotoA_2025-09-09 14_44_38.996-05_00_2.png,2.5,1.8906726721447824
2955,1908_LeafPhotoA_2025-09-09 14_44_38.996-05_00_3.png,2.5,1.9088888589440418
2968,1468_LeafPhotoB_2025-09-08 16_31_26.894-05_00_2.png,1.25,1.9212532688213313
2969,1468_LeafPhotoB_2025-09-08 16_31_26.894-05_00_1.png,1.25,2.146226105984388
2970,1468_LeafPhotoB_2025-09-08 16_31_26.894-05_00_0.png,1.25,2.073957473985906
2971,1468_LeafPhotoB_2025-09-08 16_31_26.894-05_00_3.png,1.25,1.9161940897268144
3003,1216_LeafPhotoA_2025-09-08 09_51_38.597-05_00_2.png,2.0,1.649683170112372
3004,1216_LeafPhotoA_2025-09-08 09_51_38.597-05_00_3.png,2.0,1.5910128901928053
3005,1216_LeafPhotoA_2025-09-08 09_51_38.597-05_00_1.png,2.0,1.5963209060394277
3006,1216_LeafPhotoA_2025-09-08 09_51_38.597-05_00_0.png,2.0,1.5728819627104398
3089,1851_LeafPhotoA_2025-09-09 13_45_07.951-05_00_3.png,1.5,2.039574355095904
3090,1851_LeafPhotoA_2025-09-09 13_45_07.951-05_00_0.png,1.5,2.0748254879634054
3091,1851_LeafPhotoA_2025-09-09 13_45_07.951-05_00_2.png,1.5,1.978189048238645
3092,1851_LeafPhotoA_2025-09-09 13_45_07.951-05_00_1.png,1.5,1.9606261055926786
3102,1728_LeafPhotoA_2025-09-09 09_30_58.151-05_00_1.png,3.5,2.185254096819341
3103,1728_LeafPhotoA_2025-09-09 09_30_58.151-05_00_3.png,3.5,2.1824422775756314
3104,1728_LeafPhotoA_2025-09-09 09_30_58.151-05_00_2.png,3.5,2.3313322693442196
3105,1728_LeafPhotoA_2025-09-09 09_30_58.151-05_00_0.png,3.5,2.1304557961388473
3129,2689_LeafPhotoA_2025-09-09 10_44_36.223-05_00_0.png,1.25,1.90016224903327
3130,2689_LeafPhotoA_2025-09-09 10_44_36.223-05_00_1.png,1.25,1.9467923627182295
3131,2689_LeafPhotoA_2025-09-09 10_44_36.223-05_00_2.png,1.25,1.9749023525547813
3141,1191_LeafPhotoA_2025-09-08 15_54_25.154-05_00_0.png,2.0,2.135633418088606
3142,1191_LeafPhotoA_2025-09-08 15_54_25.154-05_00_1.png,2.0,2.21911431061333
3143,1191_LeafPhotoA_2025-09-08 15_54_25.154-05_00_2.png,2.0,2.2255928550602637
3144,1191_LeafPhotoA_2025-09-08 15_54_25.154-05_00_3.png,2.0,2.155593135458773
3185,2185_LeafPhotoA_2025-09-09 12_32_19.175-05_00_0.png,2.0,2.0294453941244424
3186,2185_LeafPhotoA_2025-09-09 12_32_19.175-05_00_1.png,2.0,2.2463342875707677
3187,2185_LeafPhotoA_2025-09-09 12_32_19.175-05_00_2.png,2.0,2.2681869715963523
3188,2185_LeafPhotoA_2025-09-09 12_32_19.175-05_00_3.png,2.0,2.1604914226224077
3218,1301_LeafPhotoA_2025-09-08 10_20_06.394-05_00_0.png,1.5,1.7017950923144298
3219,1301_LeafPhotoA_2025-09-08 10_20_06.394-05_00_1.png,1.5,1.8853394160704173
3220,1301_LeafPhotoA_2025-09-08 10_20_06.394-05_00_2.png,1.5,1.892846970648296
3221,1301_LeafPhotoA_2025-09-08 10_20_06.394-05_00_3.png,1.5,1.7899514373547851
3252,1090_LeafPhotoA_2025-09-09 11_02_26.123-05_00_2.png,1.5,2.028745467141968
3253,1090_LeafPhotoA_2025-09-09 11_02_26.123-05_00_0.png,1.5,1.945252444446945
3254,1090_LeafPhotoA_2025-09-09 11_02_26.123-05_00_1.png,1.5,1.998742847775342
3261,2082_LeafPhotoA_2025-09-08 12_18_36.645-05_00_3.png,1.5,1.777675671080835
3262,2082_LeafPhotoA_2025-09-08 12_18_36.645-05_00_0.png,1.5,1.9765801599836894
3263,2082_LeafPhotoA_2025-09-08 12_18_36.645-05_00_2.png,1.5,1.8704526588594055
3264,2082_LeafPhotoA_2025-09-08 12_18_36.645-05_00_1.png,1.5,1.9247524476606466
3273,2654_LeafPhotoA_2025-09-09 11_27_41.628-05_00_2.png,2.25,1.9051790529973351
3274,2654_LeafPhotoA_2025-09-09 11_27_41.628-05_00_3.png,2.25,2.037469043978198
3275,2654_LeafPhotoA_2025-09-09 11_27_41.628-05_00_1.png,2.25,1.8791065885828262
3276,2654_LeafPhotoA_2025-09-09 11_27_41.628-05_00_0.png,2.25,1.9988946445053382
3323,2089_LeafPhotoA_2025-09-08 12_26_53.526-05_00_0.png,1.75,1.9038885315361347
3324,2089_LeafPhotoA_2025-09-08 12_26_53.526-05_00_2.png,1.75,1.9832860919704125
3325,2089_LeafPhotoA_2025-09-08 12_26_53.526-05_00_1.png,1.75,2.020398867126059
3328,1343_LeafPhotoA_2025-09-08 10_11_04.420-05_00_0.png,1.25,1.7782156863539436
3329,1343_LeafPhotoA_2025-09-08 10_11_04.420-05_00_1.png,1.25,1.7945083745092085
3330,1343_LeafPhotoA_2025-09-08 10_11_04.420-05_00_2.png,1.25,1.8910514487123027
3331,1343_LeafPhotoA_2025-09-08 10_11_04.420-05_00_3.png,1.25,1.9592842021360655
3348,2343_LeafPhotoA_2025-09-08 11_11_17.973-05_00_2.png,1.25,1.8683862215201166
3349,2343_LeafPhotoA_2025-09-08 11_11_17.973-05_00_0.png,1.25,1.6973812257077154
3350,2343_LeafPhotoA_2025-09-08 11_11_17.973-05_00_1.png,1.25,1.7690417937352692
3359,2343_LeafPhotoA_2025-09-08 11_11_03.769-05_00_0.png,1.25,1.798678352142676
3360,2343_LeafPhotoA_2025-09-08 11_11_03.769-05_00_1.png,1.25,1.7785382600165038
3369,2393_LeafPhotoA_2025-09-08 12_17_57.585-05_00_0.png,3.0,1.9237402602919855
3401,1457_LeafPhotoB_2025-09-08 12_33_31.319-05_00_0.png,2.0,2.0452593935776977
3402,1457_LeafPhotoB_2025-09-08 12_33_31.319-05_00_1.png,2.0,2.105444062886932
3403,1457_LeafPhotoB_2025-09-08 12_33_31.319-05_00_2.png,2.0,2.118179888326597
3404,1457_LeafPhotoB_2025-09-08 12_33_31.319-05_00_3.png,2.0,2.1547622908459765
3417,1467_LeafPhotoB_2025-09-08 16_30_30.667-05_00_0.png,2.0,1.7082568591015646
3418,1467_LeafPhotoB_2025-09-08 16_30_30.667-05_00_1.png,2.0,1.8573306062098272
3419,1467_LeafPhotoB_2025-09-08 16_30_30.667-05_00_2.png,2.0,2.0543849818361366
3420,1467_LeafPhotoB_2025-09-08 16_30_30.667-05_00_3.png,2.0,1.9793452608341002
3426,1714_LeafPhotoA_2025-09-09 09_09_41.593-05_00_0.png,2.5,2.1196139033952552
3427,2325_LeafPhotoA_2025-09-08 10_53_41.168-05_00_0.png,1.25,1.745792194093047
3428,2325_LeafPhotoA_2025-09-08 10_53_41.168-05_00_1.png,1.25,1.7391862302818537
3429,2325_LeafPhotoA_2025-09-08 10_53_41.168-05_00_2.png,1.25,1.7809228316134764
3437,1437_LeafPhotoB_2025-09-08 10_28_09.727-05_00_0.png,2.0,1.6720962328032536
3438,1437_LeafPhotoB_2025-09-08 10_28_09.727-05_00_1.png,2.0,1.6931118309902171
3439,1437_LeafPhotoB_2025-09-08 10_28_09.727-05_00_2.png,2.0,1.7566348055552659
3440,1437_LeafPhotoB_2025-09-08 10_28_09.727-05_00_3.png,2.0,1.7629363360184258
3453,2520_LeafPhotoA_2025-09-09 10_16_27.887-05_00_0.png,1.0,1.7755982746882049
3454,2520_LeafPhotoA_2025-09-09 10_16_27.887-05_00_1.png,1.0,1.9813020537146904
3455,2520_LeafPhotoA_2025-09-09 10_16_27.887-05_00_2.png,1.0,1.9374296672793017
3456,2520_LeafPhotoA_2025-09-09 10_16_27.887-05_00_3.png,1.0,1.7805984280925662
3465,2015_LeafPhotoA_2025-09-08 10_50_10.021-05_00_0.png,1.75,2.0012501808751737
3466,2015_LeafPhotoA_2025-09-08 10_50_10.021-05_00_1.png,1.75,2.010287536704888
3467,2015_LeafPhotoA_2025-09-08 10_50_10.021-05_00_2.png,1.75,1.9220374994217815
3468,2015_LeafPhotoA_2025-09-08 10_50_10.021-05_00_3.png,1.75,1.8632313121202193
3488,1191_LeafPhotoA_2025-09-08 15_54_08.755-05_00_0.png,2.25,2.1668086062248917
3489,1191_LeafPhotoA_2025-09-08 15_54_08.755-05_00_1.png,2.25,2.1767373049543015
3490,1191_LeafPhotoA_2025-09-08 15_54_08.755-05_00_2.png,2.25,2.1448567249273873
3491,1191_LeafPhotoA_2025-09-08 15_54_08.755-05_00_3.png,2.25,2.035207767337205
3513,1418_LeafPhotoA_2025-09-08 09_39_31.263-05_00_2.png,1.5,1.8948597325192114
3514,1418_LeafPhotoA_2025-09-08 09_39_31.263-05_00_1.png,1.5,1.8248308886566647
3515,1418_LeafPhotoA_2025-09-08 09_39_31.263-05_00_0.png,1.5,1.7996183024277081
3516,1418_LeafPhotoA_2025-09-08 09_39_31.263-05_00_3.png,1.5,1.7781693164616328
3529,1894_LeafPhotoA_2025-09-09 17_18_06.332-05_00_3.png,1.25,1.8460024386706089
3530,1894_LeafPhotoA_2025-09-09 17_18_06.332-05_00_1.png,1.25,1.8742715505128813
3531,1894_LeafPhotoA_2025-09-09 17_18_06.332-05_00_2.png,1.25,1.8711815968125245
3532,1894_LeafPhotoA_2025-09-09 17_18_06.332-05_00_0.png,1.25,1.84599842508927
11,1346_LeafPhotoA_2025-09-08 10_15_00.579-05_00_0.png,3.0,1.8388388519209553
12,1346_LeafPhotoA_2025-09-08 10_15_00.579-05_00_1.png,3.0,1.8480115664048724
13,1346_LeafPhotoA_2025-09-08 10_15_00.579-05_00_2.png,3.0,1.9075047636912235
14,1346_LeafPhotoA_2025-09-08 10_15_00.579-05_00_3.png,3.0,1.8875809485348194
21,2664_LeafPhotoA_2025-09-09 11_37_29.251-05_00_2.png,2.0,2.2106298836665985
22,2664_LeafPhotoA_2025-09-09 11_37_29.251-05_00_0.png,2.0,2.05475802516251
23,2664_LeafPhotoA_2025-09-09 11_37_29.251-05_00_1.png,2.0,2.1273553484027774
24,2664_LeafPhotoA_2025-09-09 11_37_29.251-05_00_3.png,2.0,2.093844519754521
27,1427_LeafPhotoB_2025-09-08 10_19_32.588-05_00_1.png,2.75,2.214420093329283
28,1427_LeafPhotoB_2025-09-08 10_19_32.588-05_00_0.png,2.75,2.23208242767053
29,1427_LeafPhotoB_2025-09-08 10_19_32.588-05_00_2.png,2.75,2.191083130058206
46,1118_LeafPhotoA_2025-09-08 10_03_02.378-05_00_1.png,1.0,1.712397144856169
47,1118_LeafPhotoA_2025-09-08 10_03_02.378-05_00_0.png,1.0,1.7836027394497975
48,1118_LeafPhotoA_2025-09-08 10_03_02.378-05_00_3.png,1.0,1.9657333908754424
49,1118_LeafPhotoA_2025-09-08 10_03_02.378-05_00_2.png,1.0,1.9026160338848326
54,1608_LeafPhotoA_2025-09-09 09_23_59.629-05_00_0.png,1.75,1.7188435611744182
55,1608_LeafPhotoA_2025-09-09 09_23_59.629-05_00_1.png,1.75,1.747618033198416
56,1608_LeafPhotoA_2025-09-09 09_23_59.629-05_00_2.png,1.75,1.7451868784349385
57,1608_LeafPhotoA_2025-09-09 09_23_59.629-05_00_3.png,1.75,1.9748644384779752
58,1048_LeafPhotoA_2025-09-08 10_27_26.311-05_00_3.png,1.25,2.082126272819083
59,1048_LeafPhotoA_2025-09-08 10_27_26.311-05_00_0.png,1.25,1.9859603770849759
60,1048_LeafPhotoA_2025-09-08 10_27_26.311-05_00_2.png,1.25,2.0399890461168515
61,1048_LeafPhotoA_2025-09-08 10_27_26.311-05_00_1.png,1.25,2.070768796255011
73,2906_LeafPhotoA_2025-09-09 16_24_18.555-05_00_0.png,1.75,2.052681212197031
74,2906_LeafPhotoA_2025-09-09 16_24_18.555-05_00_1.png,1.75,1.944906194340198
75,2906_LeafPhotoA_2025-09-09 16_24_18.555-05_00_2.png,1.75,2.008596388554848
76,2906_LeafPhotoA_2025-09-09 16_24_18.555-05_00_3.png,1.75,1.942697143060729
107,2685_LeafPhotoA_2025-09-09 10_50_31.334-05_00_2.png,2.25,1.895479410240549
108,2685_LeafPhotoA_2025-09-09 10_50_31.334-05_00_1.png,2.25,1.7620048405923407
109,2685_LeafPhotoA_2025-09-09 10_50_31.334-05_00_0.png,2.25,1.8082797422331032
126,1672_LeafPhotoA_2025-09-09 09_45_47.566-05_00_1.png,1.75,2.0895984361740516
127,1672_LeafPhotoA_2025-09-09 09_45_47.566-05_00_2.png,1.75,1.9350665718239457
128,1672_LeafPhotoA_2025-09-09 09_45_47.566-05_00_0.png,1.75,1.9198346467624665
133,1680_LeafPhotoA_2025-09-09 09_30_52.328-05_00_0.png,1.25,1.6628600029502496
134,1680_LeafPhotoA_2025-09-09 09_30_52.328-05_00_1.png,1.25,1.5797039632261556
135,6016_LeafPhotoA_2025-09-09 16_48_44.576-05_00_1.png,1.5,1.639309333714317
136,6016_LeafPhotoA_2025-09-09 16_48_44.576-05_00_0.png,1.5,1.6695070548467217
137,6016_LeafPhotoA_2025-09-09 16_48_44.576-05_00_2.png,1.5,1.6352358673938583
156,1272_LeafPhotoA_2025-09-08 16_15_18.232-05_00_0.png,3.25,1.9592092197542204
157,1272_LeafPhotoA_2025-09-08 16_15_18.232-05_00_1.png,3.25,1.9107311277952617
158,1272_LeafPhotoA_2025-09-08 16_15_18.232-05_00_2.png,3.25,1.8911270191017928
167,2715_LeafPhotoA_2025-09-09 10_34_49.690-05_00_2.png,2.25,1.8461715734641067
168,2715_LeafPhotoA_2025-09-09 10_34_49.690-05_00_1.png,2.25,1.8861789576025831
169,2715_LeafPhotoA_2025-09-09 10_34_49.690-05_00_3.png,2.25,1.9618692127720216
170,2715_LeafPhotoA_2025-09-09 10_34_49.690-05_00_0.png,2.25,1.944018540099336
210,1587_LeafPhotoA_2025-09-09 09_37_51.582-05_00_2.png,1.5,2.071483196422547
211,1587_LeafPhotoA_2025-09-09 09_37_51.582-05_00_0.png,1.5,1.889968046520375
212,1587_LeafPhotoA_2025-09-09 09_37_51.582-05_00_1.png,1.5,2.0475173421417856
213,1587_LeafPhotoA_2025-09-09 09_37_51.582-05_00_3.png,1.5,1.925381322710657
239,,1.25,1.5450008563007762
240,,1.5,1.5450008563007762
293,2650_LeafPhotoA_2025-09-09 11_24_20.852-05_00_0.png,1.0,1.6349149844521675
294,2650_LeafPhotoA_2025-09-09 11_24_20.852-05_00_2.png,1.0,1.7073631324744079
295,2650_LeafPhotoA_2025-09-09 11_24_20.852-05_00_3.png,1.0,1.8133180063400625
296,2650_LeafPhotoA_2025-09-09 11_24_20.852-05_00_1.png,1.0,1.5699821804015972
305,2197_LeafPhotoA_2025-09-08 17_07_18.265-05_00_3.png,1.0,2.0727085085425
306,2197_LeafPhotoA_2025-09-08 17_07_18.265-05_00_2.png,1.0,1.9358084977605703
307,2197_LeafPhotoA_2025-09-08 17_07_18.265-05_00_0.png,1.0,1.9262036976315953
308,2197_LeafPhotoA_2025-09-08 17_07_18.265-05_00_1.png,1.0,2.0551435794839197
364,1623_LeafPhotoA_2025-09-09 09_58_46.896-05_00_0.png,2.0,1.9750338405238872
365,1623_LeafPhotoA_2025-09-09 09_58_46.896-05_00_1.png,2.0,1.9564472519989986
366,1623_LeafPhotoA_2025-09-09 09_58_46.896-05_00_2.png,2.0,1.9550605579074862
367,1623_LeafPhotoA_2025-09-09 09_58_46.896-05_00_3.png,2.0,1.7601465473022821
372,2495_LeafPhotoB_2025-09-08 12_20_03.955-05_00_0.png,1.0,1.8553999446277383
373,2495_LeafPhotoB_2025-09-08 12_20_03.955-05_00_1.png,1.0,1.686594914657584
374,2495_LeafPhotoB_2025-09-08 12_20_03.955-05_00_2.png,1.0,1.7404130965165927
375,2495_LeafPhotoB_2025-09-08 12_20_03.955-05_00_3.png,1.0,1.7199973771216637
387,1623_LeafPhotoA_2025-09-09 09_57_37.816-05_00_0.png,1.75,1.6912022260089077
388,1623_LeafPhotoA_2025-09-09 09_57_37.816-05_00_1.png,1.75,1.7164949165317238
389,1623_LeafPhotoA_2025-09-09 09_57_37.816-05_00_2.png,1.75,1.8331455898877034
390,1623_LeafPhotoA_2025-09-09 09_57_37.816-05_00_3.png,1.75,1.745640382462448
399,1136_LeafPhotoA_2025-09-08 10_28_29.129-05_00_0.png,1.5,1.6038609281522143
404,2649_LeafPhotoA_2025-09-09 11_26_12.925-05_00_0.png,3.0,1.7706256043593676
405,2649_LeafPhotoA_2025-09-09 11_26_12.925-05_00_2.png,3.0,1.8214857001239972
406,2649_LeafPhotoA_2025-09-09 11_26_12.925-05_00_1.png,3.0,1.7206471853659084
411,2011_LeafPhotoA_2025-09-08 10_45_16.513-05_00_0.png,2.0,1.9446781389995893
412,2011_LeafPhotoA_2025-09-08 10_45_16.513-05_00_1.png,2.0,1.9708110294552557
413,2011_LeafPhotoA_2025-09-08 10_45_16.513-05_00_2.png,2.0,1.8263995177963175
414,2011_LeafPhotoA_2025-09-08 10_45_16.513-05_00_3.png,2.0,1.9595660000957498
436,2748_LeafPhotoA_2025-09-09 11_19_26.990-05_00_0.png,3.25,2.1728280129512787
437,2748_LeafPhotoA_2025-09-09 11_19_26.990-05_00_1.png,3.25,2.0979198759334845
438,2748_LeafPhotoA_2025-09-09 11_19_26.990-05_00_2.png,3.25,2.20092377443248
439,2748_LeafPhotoA_2025-09-09 11_19_26.990-05_00_3.png,3.25,2.2757426359290105
479,6049_LeafPhotoA_2025-09-09 15_54_47.227-05_00_1.png,1.0,1.7686406684144564
480,6049_LeafPhotoA_2025-09-09 15_54_47.227-05_00_2.png,1.0,1.6909246865718592
481,6049_LeafPhotoA_2025-09-09 15_54_47.227-05_00_3.png,1.0,1.6657461738387382
482,6049_LeafPhotoA_2025-09-09 15_54_47.227-05_00_0.png,1.0,1.73269321562242
491,1882_LeafPhotoA_2025-09-09 13_17_09.662-05_00_2.png,1.75,1.8488272600896785
492,1882_LeafPhotoA_2025-09-09 13_17_09.662-05_00_0.png,1.75,1.8931006162283464
493,1882_LeafPhotoA_2025-09-09 13_17_09.662-05_00_1.png,1.75,1.7887666852988622
528,1419_LeafPhotoA_2025-09-08 09_40_27.704-05_00_0.png,1.75,1.9154831234230056
529,1419_LeafPhotoA_2025-09-08 09_40_27.704-05_00_1.png,1.75,2.0884230970664133
530,1419_LeafPhotoA_2025-09-08 09_40_27.704-05_00_2.png,1.75,2.015726162431204
531,1419_LeafPhotoA_2025-09-08 09_40_27.704-05_00_3.png,1.75,2.0010723436404065
577,2263_LeafPhotoA_2025-09-08 12_36_09.842-05_00_0.png,1.0,1.7577945147132796
578,2263_LeafPhotoA_2025-09-08 12_36_09.842-05_00_1.png,1.0,1.7141650791807606
579,2263_LeafPhotoA_2025-09-08 12_36_09.842-05_00_2.png,1.0,1.7241196610903802
580,2263_LeafPhotoA_2025-09-08 12_36_09.842-05_00_3.png,1.0,1.66335183857777
585,1893_LeafPhotoA_2025-09-09 17_17_29.747-05_00_1.png,2.5,1.9386325856993656
586,1893_LeafPhotoA_2025-09-09 17_17_29.747-05_00_0.png,2.5,1.9071091282205053
587,1893_LeafPhotoA_2025-09-09 17_17_29.747-05_00_3.png,2.5,1.9822441523273442
588,1893_LeafPhotoA_2025-09-09 17_17_29.747-05_00_2.png,2.5,2.008564824750786
705,2106_LeafPhotoA_2025-09-08 11_01_04.699-05_00_3.png,1.0,1.7475571696938024
706,2106_LeafPhotoA_2025-09-08 11_01_04.699-05_00_1.png,1.0,1.710979338481328
707,2106_LeafPhotoA_2025-09-08 11_01_04.699-05_00_2.png,1.0,1.7430566716861653
708,2106_LeafPhotoA_2025-09-08 11_01_04.699-05_00_0.png,1.0,1.7498005619587662
723,1772_LeafPhotoA_2025-09-09 09_57_17.313-05_00_1.png,1.25,1.8762045239184724
724,1772_LeafPhotoA_2025-09-09 09_57_17.313-05_00_2.png,1.25,1.8756137359804887
725,1772_LeafPhotoA_2025-09-09 09_57_17.313-05_00_0.png,1.25,1.9690706750599114
726,1772_LeafPhotoA_2025-09-09 09_57_17.313-05_00_3.png,1.25,1.7955699288816662
737,1210_LeafPhotoA_2025-09-08 09_39_04.129-05_00_3.png,1.25,1.7283765065223509
738,1210_LeafPhotoA_2025-09-08 09_39_04.129-05_00_0.png,1.25,1.8188136907543337
739,1210_LeafPhotoA_2025-09-08 09_39_04.129-05_00_1.png,1.25,1.7387919173713604
740,1210_LeafPhotoA_2025-09-08 09_39_04.129-05_00_2.png,1.25,1.8100561623726283
764,6015_LeafPhotoA_2025-09-09 16_52_18.680-05_00_1.png,1.0,1.7316164419891684
765,6015_LeafPhotoA_2025-09-09 16_52_18.680-05_00_0.png,1.0,1.7578292393771264
784,1495_LeafPhotoB_2025-09-08 16_59_04.309-05_00_1.png,1.5,1.9904359482160865
785,1495_LeafPhotoB_2025-09-08 16_59_04.309-05_00_3.png,1.5,2.089260618711666
786,1495_LeafPhotoB_2025-09-08 16_59_04.309-05_00_0.png,1.5,1.9799055829106509
787,1495_LeafPhotoB_2025-09-08 16_59_04.309-05_00_2.png,1.5,2.014858569446443
811,2150_LeafPhotoA_2025-09-08 12_22_07.286-05_00_2.png,1.5,1.9748848248020776
812,2150_LeafPhotoA_2025-09-08 12_22_07.286-05_00_0.png,1.5,1.7257303135729518
813,2150_LeafPhotoA_2025-09-08 12_22_07.286-05_00_1.png,1.5,1.9249385181695002
814,2150_LeafPhotoA_2025-09-08 12_22_07.286-05_00_3.png,1.5,1.8072172058433174
819,1452_LeafPhotoB_2025-09-08 12_28_36.613-05_00_2.png,1.0,1.7871433673919268
820,1452_LeafPhotoB_2025-09-08 12_28_36.613-05_00_1.png,1.0,1.7266227599960648
821,1452_LeafPhotoB_2025-09-08 12_28_36.613-05_00_0.png,1.0,1.854181265001553
822,1452_LeafPhotoB_2025-09-08 12_28_36.613-05_00_3.png,1.0,1.6957880663542786
827,2317_LeafPhotoA_2025-09-08 10_45_32.243-05_00_3.png,3.25,1.8519854005468983
828,2317_LeafPhotoA_2025-09-08 10_45_32.243-05_00_0.png,3.25,2.0595232796502376
829,2317_LeafPhotoA_2025-09-08 10_45_32.243-05_00_1.png,3.25,2.124758853638343
830,2317_LeafPhotoA_2025-09-08 10_45_32.243-05_00_2.png,3.25,2.0318429573071777
839,2235_LeafPhotoA_2025-09-08 11_40_03.588-05_00_0.png,2.5,1.7689784675718914
840,2235_LeafPhotoA_2025-09-08 11_40_03.588-05_00_1.png,2.5,1.7962866223755685
841,2235_LeafPhotoA_2025-09-08 11_40_03.588-05_00_2.png,2.5,1.667924492046962
842,2235_LeafPhotoA_2025-09-08 11_40_03.588-05_00_3.png,2.5,1.6639665778797343
851,1396_LeafPhotoA_2025-09-08 13_22_43.424-05_00_0.png,1.5,1.8353772447036638
852,1396_LeafPhotoA_2025-09-08 13_22_43.424-05_00_1.png,1.5,2.067068938328613
853,1396_LeafPhotoA_2025-09-08 13_22_43.424-05_00_3.png,1.5,2.0793185690486644
854,1396_LeafPhotoA_2025-09-08 13_22_43.424-05_00_2.png,1.5,1.9776744147665195
863,1480_LeafPhotoB_2025-09-08 16_44_45.429-05_00_0.png,1.75,1.7356503963427046
874,2625_LeafPhotoA_2025-09-09 12_15_05.460-05_00_1.png,2.75,2.012178604795185
875,2625_LeafPhotoA_2025-09-09 12_15_05.460-05_00_3.png,2.75,1.9521602312215214
876,2625_LeafPhotoA_2025-09-09 12_15_05.460-05_00_2.png,2.75,1.982108544422821
877,2625_LeafPhotoA_2025-09-09 12_15_05.460-05_00_0.png,2.75,2.0311466434255325
894,2742_LeafPhotoA_2025-09-09 11_11_59.314-05_00_3.png,2.75,2.1060918197796457
895,2742_LeafPhotoA_2025-09-09 11_11_59.314-05_00_2.png,2.75,2.140810652421625
896,2742_LeafPhotoA_2025-09-09 11_11_59.314-05_00_1.png,2.75,2.051626854451447
897,2742_LeafPhotoA_2025-09-09 11_11_59.314-05_00_0.png,2.75,2.196307207901101
945,6018_LeafPhotoA_2025-09-09 16_46_05.626-05_00_1.png,1.0,1.820835416587226
946,6018_LeafPhotoA_2025-09-09 16_46_05.626-05_00_2.png,1.0,1.7777413890781788
947,6018_LeafPhotoA_2025-09-09 16_46_05.626-05_00_3.png,1.0,1.733345502931107
948,6018_LeafPhotoA_2025-09-09 16_46_05.626-05_00_0.png,1.0,1.7093544119239146
949,1882_LeafPhotoA_2025-09-09 13_17_22.842-05_00_1.png,1.75,1.8400185233954205
950,1882_LeafPhotoA_2025-09-09 13_17_22.842-05_00_2.png,1.75,1.712663966261455
951,1882_LeafPhotoA_2025-09-09 13_17_22.842-05_00_0.png,1.75,1.7829304804242865
952,1882_LeafPhotoA_2025-09-09 13_17_22.842-05_00_3.png,1.75,1.7253193135325617
956,1095_LeafPhotoA_2025-09-09 11_06_50.542-05_00_2.png,1.5,2.027004298032959
957,1095_LeafPhotoA_2025-09-09 11_06_50.542-05_00_1.png,1.5,1.8988948120426778
958,1095_LeafPhotoA_2025-09-09 11_06_50.542-05_00_3.png,1.5,2.053254876334426
959,1095_LeafPhotoA_2025-09-09 11_06_50.542-05_00_0.png,1.5,1.8378336371190829
971,2887_LeafPhotoA_2025-09-09 14_03_46.022-05_00_1.png,2.5,1.6946397830151338
972,2887_LeafPhotoA_2025-09-09 14_03_46.022-05_00_2.png,2.5,1.7773350395465826
973,2887_LeafPhotoA_2025-09-09 14_03_46.022-05_00_0.png,2.5,1.6349048468583482
974,1689_LeafPhotoA_2025-09-09 09_13_19.326-05_00_0.png,1.0,1.861930648640037
975,1689_LeafPhotoA_2025-09-09 09_13_19.326-05_00_1.png,1.0,1.8572905193120208
980,,2.75,1.5450008563007762
989,2035_LeafPhotoA_2025-09-08 11_13_14.336-05_00_0.png,1.25,1.758925202314772
990,2035_LeafPhotoA_2025-09-08 11_13_14.336-05_00_1.png,1.25,1.816216759387425
991,2035_LeafPhotoA_2025-09-08 11_13_14.336-05_00_2.png,1.25,1.9285009950556906
992,2035_LeafPhotoA_2025-09-08 11_13_14.336-05_00_3.png,1.25,1.9791643721359142
1010,1549_LeafPhotoA_2025-09-09 09_50_49.099-05_00_2.png,2.75,1.9570604046138238
1011,1549_LeafPhotoA_2025-09-09 09_50_49.099-05_00_1.png,2.75,1.9949308889331059
1012,1549_LeafPhotoA_2025-09-09 09_50_49.099-05_00_3.png,2.75,2.3413487491436045
1013,1549_LeafPhotoA_2025-09-09 09_50_49.099-05_00_0.png,2.75,1.9445219722040314
1034,1874_LeafPhotoA_2025-09-09 13_24_05.096-05_00_0.png,1.25,1.9110032433932274
1035,1874_LeafPhotoA_2025-09-09 13_24_05.096-05_00_1.png,1.25,1.791459872700078
1036,1874_LeafPhotoA_2025-09-09 13_24_05.096-05_00_2.png,1.25,1.8941286952560898
1037,1874_LeafPhotoA_2025-09-09 13_24_05.096-05_00_3.png,1.25,1.882564485173563
1044,1577_LeafPhotoA_2025-09-09 09_51_50.173-05_00_0.png,1.75,1.7012766692345107
1045,1577_LeafPhotoA_2025-09-09 09_51_50.173-05_00_1.png,1.75,1.7440043997395145
1046,1577_LeafPhotoA_2025-09-09 09_51_50.173-05_00_2.png,1.75,1.7605379693027445
1065,1218_LeafPhotoA_2025-09-08 09_55_48.140-05_00_0.png,3.5,2.0782205054939773
1066,1218_LeafPhotoA_2025-09-08 09_55_48.140-05_00_1.png,3.5,2.2137477311076883
1067,1218_LeafPhotoA_2025-09-08 09_55_48.140-05_00_3.png,3.5,2.0813111751724342
1068,1218_LeafPhotoA_2025-09-08 09_55_48.140-05_00_2.png,3.5,2.129412794714904
1069,5036_LeafPhotoA_2025-09-09 17_09_05.761-05_00_2.png,1.5,1.8429765004047465
1070,5036_LeafPhotoA_2025-09-09 17_09_05.761-05_00_0.png,1.5,1.8173392795406025
1071,5036_LeafPhotoA_2025-09-09 17_09_05.761-05_00_3.png,1.5,1.8722577919385048
1072,5036_LeafPhotoA_2025-09-09 17_09_05.761-05_00_1.png,1.5,1.890349143896876
1077,6010_LeafPhotoA_2025-09-09 17_01_22.660-05_00_1.png,1.25,1.5728977170619842
1078,6010_LeafPhotoA_2025-09-09 17_01_22.660-05_00_0.png,1.25,1.680888478173835
1079,6010_LeafPhotoA_2025-09-09 17_01_22.660-05_00_3.png,1.25,1.8203548823609352
1080,6010_LeafPhotoA_2025-09-09 17_01_22.660-05_00_2.png,1.25,1.6860834742836617
1121,2772_LeafPhotoA_2025-09-09 15_47_32.015-05_00_2.png,1.0,1.727368769837344
1122,2772_LeafPhotoA_2025-09-09 15_47_32.015-05_00_1.png,1.0,1.7218973288770263
1123,2772_LeafPhotoA_2025-09-09 15_47_32.015-05_00_0.png,1.0,1.6528619914427705
1124,,1.5,1.5450008563007762
1127,2656_LeafPhotoA_2025-09-09 11_30_02.897-05_00_2.png,2.0,1.7304873395245781
1128,2656_LeafPhotoA_2025-09-09 11_30_02.897-05_00_0.png,2.0,1.6594742908795665
1129,2656_LeafPhotoA_2025-09-09 11_30_02.897-05_00_1.png,2.0,1.6006615847873065
1138,,1.5,1.5450008563007762
1139,1427_LeafPhotoA_2025-09-08 09_49_32.229-05_00_3.png,3.25,1.9903814147198793
1140,1427_LeafPhotoA_2025-09-08 09_49_32.229-05_00_2.png,3.25,1.8032605929457477
1141,1427_LeafPhotoA_2025-09-08 09_49_32.229-05_00_1.png,3.25,2.054720411252352
1142,1427_LeafPhotoA_2025-09-08 09_49_32.229-05_00_0.png,3.25,1.992637063583561
1201,2186_LeafPhotoA_2025-09-09 12_31_28.944-05_00_1.png,2.5,2.3600914619919564
1202,2186_LeafPhotoA_2025-09-09 12_31_28.944-05_00_0.png,2.5,2.336363655695492
1203,2186_LeafPhotoA_2025-09-09 12_31_28.944-05_00_2.png,2.5,2.4210107786238386
1204,2186_LeafPhotoA_2025-09-09 12_31_28.944-05_00_3.png,2.5,2.241890735149029
1205,1792_LeafPhotoA_2025-09-09 09_09_06.607-05_00_3.png,1.25,1.9550272005712943
1206,1792_LeafPhotoA_2025-09-09 09_09_06.607-05_00_1.png,1.25,1.9190694095998466
1207,1792_LeafPhotoA_2025-09-09 09_09_06.607-05_00_0.png,1.25,1.9715201265117215
1208,1792_LeafPhotoA_2025-09-09 09_09_06.607-05_00_2.png,1.25,2.0483148500831585
1214,1137_LeafPhotoA_2025-09-08 10_30_17.775-05_00_0.png,1.5,1.7130388013107194
1215,1137_LeafPhotoA_2025-09-08 10_30_17.775-05_00_1.png,1.5,1.7331913984723442
1216,1137_LeafPhotoA_2025-09-08 10_30_17.775-05_00_2.png,1.5,1.748554582997748
1217,1137_LeafPhotoA_2025-09-08 10_30_17.775-05_00_3.png,1.5,1.7663018331634854
1226,2140_LeafPhotoA_2025-09-08 12_01_54.848-05_00_1.png,2.25,1.7950142100747846
1227,2140_LeafPhotoA_2025-09-08 12_01_54.848-05_00_0.png,2.25,1.7192291152366852
1228,2140_LeafPhotoA_2025-09-08 12_01_54.848-05_00_2.png,2.25,1.6933521709172437
1243,5021_LeafPhotoA_2025-09-09 16_37_05.057-05_00_3.png,1.75,1.8366779486222093
1244,5021_LeafPhotoA_2025-09-09 16_37_05.057-05_00_0.png,1.75,1.8288900501628453
1245,5021_LeafPhotoA_2025-09-09 16_37_05.057-05_00_1.png,1.75,1.823865354729603
1246,5021_LeafPhotoA_2025-09-09 16_37_05.057-05_00_2.png,1.75,1.8426762435768456
1285,5006_LeafPhotoA_2025-09-09 16_01_39.048-05_00_1.png,1.25,1.771211909183223
1286,5006_LeafPhotoA_2025-09-09 16_01_39.048-05_00_2.png,1.25,1.5839481985525494
1287,5006_LeafPhotoA_2025-09-09 16_01_39.048-05_00_0.png,1.25,1.6705270919972943
1288,5006_LeafPhotoA_2025-09-09 16_01_39.048-05_00_3.png,1.25,1.8312212330135629
1289,1157_LeafPhotoA_2025-09-08 16_50_24.357-05_00_2.png,2.5,2.1952679330298928
1290,1157_LeafPhotoA_2025-09-08 16_50_24.357-05_00_1.png,2.5,2.215066673459464
1291,1157_LeafPhotoA_2025-09-08 16_50_24.357-05_00_0.png,2.5,2.1827187086514908
1300,2956_LeafPhotoA_2025-09-09 15_59_30.545-05_00_0.png,1.5,1.7609297521552016
1301,2956_LeafPhotoA_2025-09-09 15_59_30.545-05_00_1.png,1.5,1.8781470759310668
1302,2956_LeafPhotoA_2025-09-09 15_59_30.545-05_00_2.png,1.5,1.9890260952967618
1303,2956_LeafPhotoA_2025-09-09 15_59_30.545-05_00_3.png,1.5,1.753076701420352
1304,1638_LeafPhotoA_2025-09-09 10_27_46.342-05_00_1.png,2.5,1.8906449892892303
1305,1638_LeafPhotoA_2025-09-09 10_27_46.342-05_00_3.png,2.5,1.9264885255514606
1306,1638_LeafPhotoA_2025-09-09 10_27_46.342-05_00_0.png,2.5,1.9042786811719277
1307,1638_LeafPhotoA_2025-09-09 10_27_46.342-05_00_2.png,2.5,1.916984243398156
1316,2464_LeafPhotoB_2025-09-08 11_41_40.408-05_00_0.png,2.75,2.022564416952104
1317,2464_LeafPhotoB_2025-09-08 11_41_40.408-05_00_1.png,2.75,1.9929861907850508
1318,2464_LeafPhotoB_2025-09-08 11_41_40.408-05_00_2.png,2.75,1.9447605798376886
1319,2464_LeafPhotoB_2025-09-08 11_41_40.408-05_00_3.png,2.75,1.9361008449018948
1324,6043_LeafPhotoA_2025-09-09 16_04_16.208-05_00_0.png,2.0,1.849855933170987
1325,6043_LeafPhotoA_2025-09-09 16_04_16.208-05_00_1.png,2.0,2.143744441158795
1326,6043_LeafPhotoA_2025-09-09 16_04_16.208-05_00_2.png,2.0,1.9913647133833985
1327,6043_LeafPhotoA_2025-09-09 16_04_16.208-05_00_3.png,2.0,1.9863603987145269
1328,1534_LeafPhotoA_2025-09-09 09_32_36.020-05_00_2.png,2.75,2.0339969140578424
1329,1534_LeafPhotoA_2025-09-09 09_32_36.020-05_00_3.png,2.75,1.8901688581241596
1330,1534_LeafPhotoA_2025-09-09 09_32_36.020-05_00_1.png,2.75,2.1263881288466115
1331,1534_LeafPhotoA_2025-09-09 09_32_36.020-05_00_0.png,2.75,2.000498231892659
1336,,1.0,1.5450008563007762
1337,2453_LeafPhotoB_2025-09-08 11_30_51.747-05_00_3.png,1.75,1.929497792265713
1338,2453_LeafPhotoB_2025-09-08 11_30_51.747-05_00_2.png,1.75,2.001180239889593
1339,2453_LeafPhotoB_2025-09-08 11_30_51.747-05_00_1.png,1.75,2.08651135736867
1340,2453_LeafPhotoB_2025-09-08 11_30_51.747-05_00_0.png,1.75,2.0039190387517105
1341,,2.25,1.5450008563007762
1348,1539_LeafPhotoA_2025-09-09 09_37_58.578-05_00_0.png,2.0,1.8104257781235549
1349,1539_LeafPhotoA_2025-09-09 09_37_58.578-05_00_1.png,2.0,1.9997199790236528
1350,1539_LeafPhotoA_2025-09-09 09_37_58.578-05_00_2.png,2.0,2.0225525323185054
1351,1539_LeafPhotoA_2025-09-09 09_37_58.578-05_00_3.png,2.0,1.8696039325452936
1375,,2.75,1.5450008563007762
1404,2505_LeafPhotoA_2025-09-09 10_00_57.054-05_00_2.png,1.25,1.92480766652025
1405,2505_LeafPhotoA_2025-09-09 10_00_57.054-05_00_3.png,1.25,2.0325016436360777
1406,2505_LeafPhotoA_2025-09-09 10_00_57.054-05_00_0.png,1.25,1.9183676054523409
1407,2505_LeafPhotoA_2025-09-09 10_00_57.054-05_00_1.png,1.25,1.9908951652049693
1408,1479_LeafPhotoB_2025-09-08 16_43_58.192-05_00_2.png,2.25,1.95272621529845
1409,1479_LeafPhotoB_2025-09-08 16_43_58.192-05_00_0.png,2.25,1.8315447834651581
1410,1479_LeafPhotoB_2025-09-08 16_43_58.192-05_00_3.png,2.25,1.903400198362223
1411,1479_LeafPhotoB_2025-09-08 16_43_58.192-05_00_1.png,2.25,1.925282386027499
1420,5016_LeafPhotoA_2025-09-09 16_24_50.932-05_00_1.png,1.0,1.913709118542866
1421,5016_LeafPhotoA_2025-09-09 16_24_50.932-05_00_2.png,1.0,1.8074111644558117
1422,5016_LeafPhotoA_2025-09-09 16_24_50.932-05_00_3.png,1.0,1.8697856733050235
1423,5016_LeafPhotoA_2025-09-09 16_24_50.932-05_00_0.png,1.0,2.0835004484478037
1431,,1.25,1.5450008563007762
1436,1385_LeafPhotoA_2025-09-08 13_04_24.143-05_00_0.png,2.0,2.0060416504545358
1437,1385_LeafPhotoA_2025-09-08 13_04_24.143-05_00_2.png,2.0,2.0006363001275713
1438,1385_LeafPhotoA_2025-09-08 13_04_24.143-05_00_1.png,2.0,1.9458942870962017
1450,,1.25,1.5450008563007762
1465,1391_LeafPhotoA_2025-09-08 13_11_35.950-05_00_1.png,4.5,2.257855494247488
1466,1391_LeafPhotoA_2025-09-08 13_11_35.950-05_00_0.png,4.5,2.0389999004693276
1467,1391_LeafPhotoA_2025-09-08 13_11_35.950-05_00_3.png,4.5,2.1678559081755537
1468,1391_LeafPhotoA_2025-09-08 13_11_35.950-05_00_2.png,4.5,2.1268799013687865
1497,,2.0,1.5450008563007762
1502,2145_LeafPhotoA_2025-09-08 12_12_59.236-05_00_0.png,2.0,2.1898337431164525
1503,2145_LeafPhotoA_2025-09-08 12_12_59.236-05_00_2.png,2.0,2.044128521976821
1504,2145_LeafPhotoA_2025-09-08 12_12_59.236-05_00_1.png,2.0,2.1572389046403053
1505,2145_LeafPhotoA_2025-09-08 12_12_59.236-05_00_3.png,2.0,2.068741582973055
1528,1941_LeafPhotoA_2025-09-09 15_40_00.245-05_00_0.png,2.0,1.825082611329213
1529,1941_LeafPhotoA_2025-09-09 15_40_00.245-05_00_1.png,2.0,2.0051231176508626
1530,1941_LeafPhotoA_2025-09-09 15_40_00.245-05_00_2.png,2.0,1.8710076019289443
1535,1118_LeafPhotoA_2025-09-08 10_02_17.783-05_00_1.png,1.75,1.911042022390123
1536,1118_LeafPhotoA_2025-09-08 10_02_17.783-05_00_2.png,1.75,1.8717770574824113
1537,1118_LeafPhotoA_2025-09-08 10_02_17.783-05_00_3.png,1.75,1.7768043005759577
1538,1118_LeafPhotoA_2025-09-08 10_02_17.783-05_00_0.png,1.75,2.0092166292868203
1539,2030_LeafPhotoA_2025-09-08 11_08_05.704-05_00_0.png,1.75,1.7731675266087743
1540,2030_LeafPhotoA_2025-09-08 11_08_05.704-05_00_1.png,1.75,1.8968118082978034
1541,2030_LeafPhotoA_2025-09-08 11_08_05.704-05_00_3.png,1.75,1.7118480479638174
1542,2030_LeafPhotoA_2025-09-08 11_08_05.704-05_00_2.png,1.75,1.8520015536686403
1555,,1.5,1.5450008563007762
1561,1405_LeafPhotoB_2025-09-08 09_59_46.991-05_00_2.png,1.0,1.8924995725164047
1562,1405_LeafPhotoB_2025-09-08 09_59_46.991-05_00_0.png,1.0,1.8177906625411557
1563,1405_LeafPhotoB_2025-09-08 09_59_46.991-05_00_1.png,1.0,1.8423585977643047
1564,1405_LeafPhotoB_2025-09-08 09_59_46.991-05_00_3.png,1.0,1.7933073071820878
1573,1603_LeafPhotoA_2025-09-09 08_56_04.202-05_00_1.png,2.75,1.9265587884928845
1574,1603_LeafPhotoA_2025-09-09 08_56_04.202-05_00_3.png,2.75,1.981727216551991
1575,1603_LeafPhotoA_2025-09-09 08_56_04.202-05_00_0.png,2.75,1.8482729828000728
1576,1603_LeafPhotoA_2025-09-09 08_56_04.202-05_00_2.png,2.75,2.033773687532152
1611,2186_LeafPhotoA_2025-09-09 12_31_18.903-05_00_1.png,2.75,2.1673925760691213
1612,2186_LeafPhotoA_2025-09-09 12_31_18.903-05_00_0.png,2.75,2.0978944873227463
1613,2186_LeafPhotoA_2025-09-09 12_31_18.903-05_00_2.png,2.75,2.1614425477732726
1614,2186_LeafPhotoA_2025-09-09 12_31_18.903-05_00_3.png,2.75,2.401506516069501
1643,1385_LeafPhotoA_2025-09-08 13_05_07.306-05_00_1.png,2.75,1.6483007524388986
1644,1385_LeafPhotoA_2025-09-08 13_05_07.306-05_00_2.png,2.75,1.7922986079363432
1645,1385_LeafPhotoA_2025-09-08 13_05_07.306-05_00_0.png,2.75,1.7796147537922269
1646,1385_LeafPhotoA_2025-09-08 13_05_07.306-05_00_3.png,2.75,1.7526652415177886
1680,1534_LeafPhotoA_2025-09-09 09_32_49.938-05_00_2.png,1.25,1.97297311484901
1681,1534_LeafPhotoA_2025-09-09 09_32_49.938-05_00_0.png,1.25,1.8186434682811066
1682,1534_LeafPhotoA_2025-09-09 09_32_49.938-05_00_3.png,1.25,1.8992485703406385
1683,1534_LeafPhotoA_2025-09-09 09_32_49.938-05_00_1.png,1.25,1.8542442834499835
1710,1210_LeafPhotoA_2025-09-08 09_38_24.164-05_00_1.png,1.25,1.8378688940689814
1711,1210_LeafPhotoA_2025-09-08 09_38_24.164-05_00_3.png,1.25,1.7707588508842362
1712,1210_LeafPhotoA_2025-09-08 09_38_24.164-05_00_2.png,1.25,1.7349582180885617
1713,1210_LeafPhotoA_2025-09-08 09_38_24.164-05_00_0.png,1.25,1.8325306840253524
1743,2118_LeafPhotoA_2025-09-08 11_24_23.851-05_00_3.png,3.0,1.7069131624940581
1744,2118_LeafPhotoA_2025-09-08 11_24_23.851-05_00_1.png,3.0,1.6382758860573652
1745,2118_LeafPhotoA_2025-09-08 11_24_23.851-05_00_2.png,3.0,1.7999133156588554
1746,2118_LeafPhotoA_2025-09-08 11_24_23.851-05_00_0.png,3.0,1.5813901741224863
1773,1351_LeafPhotoA_2025-09-08 12_28_03.896-05_00_0.png,2.0,2.021950183744062
1774,1351_LeafPhotoA_2025-09-08 12_28_03.896-05_00_2.png,2.0,2.050407890767376
1775,1351_LeafPhotoA_2025-09-08 12_28_03.896-05_00_1.png,2.0,1.887385672272452
1788,2796_LeafPhotoA_2025-09-09 11_09_54.572-05_00_0.png,1.5,2.1800240069122965
1789,2796_LeafPhotoA_2025-09-09 11_09_54.572-05_00_1.png,1.5,2.4460759853214373
1790,2796_LeafPhotoA_2025-09-09 11_09_54.572-05_00_2.png,1.5,2.47779499867102
1791,2796_LeafPhotoA_2025-09-09 11_09_54.572-05_00_3.png,1.5,2.4078409912518612
1824,1809_LeafPhotoA_2025-09-09 09_04_05.610-05_00_0.png,2.25,1.7753298477897368
1825,1809_LeafPhotoA_2025-09-09 09_04_05.610-05_00_2.png,2.25,1.7552082860125013
1826,1809_LeafPhotoA_2025-09-09 09_04_05.610-05_00_1.png,2.25,1.6919360269728998
1827,1809_LeafPhotoA_2025-09-09 09_04_05.610-05_00_3.png,2.25,1.791420346257015
1828,1897_LeafPhotoA_2025-09-09 17_20_57.001-05_00_0.png,1.5,1.9205364514119359
1829,1897_LeafPhotoA_2025-09-09 17_20_57.001-05_00_2.png,1.5,1.8668378559220296
1830,1897_LeafPhotoA_2025-09-09 17_20_57.001-05_00_1.png,1.5,1.9210736894469485
1839,1480_LeafPhotoB_2025-09-08 16_45_21.155-05_00_0.png,1.5,2.0284270202742403
1840,1480_LeafPhotoB_2025-09-08 16_45_21.155-05_00_2.png,1.5,1.9774217097012803
1841,1480_LeafPhotoB_2025-09-08 16_45_21.155-05_00_1.png,1.5,1.9753815431845723
1842,1480_LeafPhotoB_2025-09-08 16_45_21.155-05_00_3.png,1.5,1.9231895076941348
1847,1921_LeafPhotoA_2025-09-09 15_12_57.015-05_00_3.png,2.5,1.7774557406485179
1848,1921_LeafPhotoA_2025-09-09 15_12_57.015-05_00_0.png,2.5,1.7924755205610936
1849,1921_LeafPhotoA_2025-09-09 15_12_57.015-05_00_1.png,2.5,1.8119425298373109
1850,1921_LeafPhotoA_2025-09-09 15_12_57.015-05_00_2.png,2.5,1.7213360035940186
1851,2274_LeafPhotoA_2025-09-08 17_09_38.644-05_00_2.png,2.0,1.8768669272736833
1852,2274_LeafPhotoA_2025-09-08 17_09_38.644-05_00_1.png,2.0,1.840124900749921
1853,2274_LeafPhotoA_2025-09-08 17_09_38.644-05_00_3.png,2.0,2.009391749430533
1854,2274_LeafPhotoA_2025-09-08 17_09_38.644-05_00_0.png,2.0,1.9163214589082538
1859,,3.5,1.5450008563007762
1879,1427_LeafPhotoA_2025-09-08 09_50_09.893-05_00_1.png,2.5,2.0589108579785576
1880,1427_LeafPhotoA_2025-09-08 09_50_09.893-05_00_2.png,2.5,1.9008091403652718
1881,1427_LeafPhotoA_2025-09-08 09_50_09.893-05_00_0.png,2.5,1.9994895069428984
1882,1427_LeafPhotoA_2025-09-08 09_50_09.893-05_00_3.png,2.5,1.9639822955091435
1887,6043_LeafPhotoA_2025-09-09 16_04_58.355-05_00_0.png,1.75,1.9610731415610951
1888,6043_LeafPhotoA_2025-09-09 16_04_58.355-05_00_1.png,1.75,1.9078407778581943
1889,6043_LeafPhotoA_2025-09-09 16_04_58.355-05_00_2.png,1.75,1.9571913873826146
1890,6043_LeafPhotoA_2025-09-09 16_04_58.355-05_00_3.png,1.75,1.8031081075951767
1910,2489_LeafPhotoB_2025-09-08 12_04_49.131-05_00_0.png,2.5,2.0832549442919244
1911,2489_LeafPhotoB_2025-09-08 12_04_49.131-05_00_1.png,2.5,2.0896528888718566
1912,2489_LeafPhotoB_2025-09-08 12_04_49.131-05_00_2.png,2.5,1.958450627829073
1913,2489_LeafPhotoB_2025-09-08 12_04_49.131-05_00_3.png,2.5,1.8274795186653878
1920,1792_LeafPhotoA_2025-09-09 09_08_36.909-05_00_0.png,1.75,2.0689777418291975
1921,1792_LeafPhotoA_2025-09-09 09_08_36.909-05_00_1.png,1.75,2.204665228903258
1922,1792_LeafPhotoA_2025-09-09 09_08_36.909-05_00_2.png,1.75,2.142208107542183
1923,1792_LeafPhotoA_2025-09-09 09_08_36.909-05_00_3.png,1.75,2.0563700603890123
1932,1037_LeafPhotoA_2025-09-08 10_14_34.857-05_00_3.png,2.25,1.7450300022432323
1933,1037_LeafPhotoA_2025-09-08 10_14_34.857-05_00_2.png,2.25,1.8532025403633516
1934,1037_LeafPhotoA_2025-09-08 10_14_34.857-05_00_1.png,2.25,2.0712462872591906
1935,1037_LeafPhotoA_2025-09-08 10_14_34.857-05_00_0.png,2.25,2.0223644367248035
1960,1576_LeafPhotoA_2025-09-09 09_52_24.983-05_00_0.png,1.25,1.8877421235616356
1961,1576_LeafPhotoA_2025-09-09 09_52_24.983-05_00_1.png,1.25,1.9133841513019139
1962,1576_LeafPhotoA_2025-09-09 09_52_24.983-05_00_2.png,1.25,1.7469965115563317
1963,1576_LeafPhotoA_2025-09-09 09_52_24.983-05_00_3.png,1.25,1.613700159619397
1964,1747_LeafPhotoA_2025-09-09 10_05_14.099-05_00_1.png,3.5,2.0590328201532744
1965,1747_LeafPhotoA_2025-09-09 10_05_14.099-05_00_2.png,3.5,1.9208110230573947
1966,1747_LeafPhotoA_2025-09-09 10_05_14.099-05_00_3.png,3.5,1.9606454934277113
1967,1747_LeafPhotoA_2025-09-09 10_05_14.099-05_00_0.png,3.5,2.0489189754751473
1968,,3.25,1.5450008563007762
1977,2394_LeafPhotoA_2025-09-08 12_19_19.139-05_00_2.png,2.75,1.9763675050480023
1978,2394_LeafPhotoA_2025-09-08 12_19_19.139-05_00_0.png,2.75,1.8705998959032966
1979,2394_LeafPhotoA_2025-09-08 12_19_19.139-05_00_3.png,2.75,2.01156014474861
1980,2394_LeafPhotoA_2025-09-08 12_19_19.139-05_00_1.png,2.75,1.9485604756695736
1981,2277_LeafPhotoA_2025-09-08 17_02_56.416-05_00_0.png,2.25,1.9616808831294301
1982,2277_LeafPhotoA_2025-09-08 17_02_56.416-05_00_1.png,2.25,1.9754902660012028
1983,2277_LeafPhotoA_2025-09-08 17_02_56.416-05_00_2.png,2.25,1.9720922282535565
2019,1405_LeafPhotoA_2025-09-08 09_26_00.409-05_00_1.png,1.25,1.7094063988691262
2020,1405_LeafPhotoA_2025-09-08 09_26_00.409-05_00_3.png,1.25,1.7160299468910751
2021,1405_LeafPhotoA_2025-09-08 09_26_00.409-05_00_0.png,1.25,1.872615530379544
2022,1405_LeafPhotoA_2025-09-08 09_26_00.409-05_00_2.png,1.25,1.6365673152580575
2055,2590_LeafPhotoA_2025-09-09 10_31_27.084-05_00_3.png,1.5,1.788546633008837
2056,2590_LeafPhotoA_2025-09-09 10_31_27.084-05_00_2.png,1.5,1.794183139975564
2057,2590_LeafPhotoA_2025-09-09 10_31_27.084-05_00_0.png,1.5,1.6853092167238948
2058,2590_LeafPhotoA_2025-09-09 10_31_27.084-05_00_1.png,1.5,1.7039688190189424
2075,1171_LeafPhotoA_2025-09-08 16_30_33.870-05_00_1.png,2.0,2.1067012495252766
2076,1171_LeafPhotoA_2025-09-08 16_30_33.870-05_00_3.png,2.0,1.8480304974745658
2077,1171_LeafPhotoA_2025-09-08 16_30_33.870-05_00_0.png,2.0,1.9180562632121376
2078,1171_LeafPhotoA_2025-09-08 16_30_33.870-05_00_2.png,2.0,1.9100163320108898
2087,6018_LeafPhotoA_2025-09-09 16_46_19.898-05_00_0.png,1.25,1.6172788998672019
2088,6018_LeafPhotoA_2025-09-09 16_46_19.898-05_00_3.png,1.25,1.839634477935259
2089,6018_LeafPhotoA_2025-09-09 16_46_19.898-05_00_2.png,1.25,1.9216082673239214
2090,6018_LeafPhotoA_2025-09-09 16_46_19.898-05_00_1.png,1.25,1.712084985597058
2091,2935_LeafPhotoA_2025-09-09 16_33_34.724-05_00_1.png,1.5,1.8996418508290551
2092,2935_LeafPhotoA_2025-09-09 16_33_34.724-05_00_2.png,1.5,1.9789908420733917
2093,2935_LeafPhotoA_2025-09-09 16_33_34.724-05_00_0.png,1.5,1.783702187063292
2094,2935_LeafPhotoA_2025-09-09 16_33_34.724-05_00_3.png,1.5,1.828012032820123
2103,1240_LeafPhotoA_2025-09-08 10_28_24.122-05_00_2.png,1.5,1.696103988026815
2104,1240_LeafPhotoA_2025-09-08 10_28_24.122-05_00_0.png,1.5,1.6931024637852772
2105,1240_LeafPhotoA_2025-09-08 10_28_24.122-05_00_1.png,1.5,1.673740842006268
2106,1240_LeafPhotoA_2025-09-08 10_28_24.122-05_00_3.png,1.5,1.7224415299326796
2129,2091_LeafPhotoA_2025-09-08 12_28_15.428-05_00_0.png,2.75,1.7991818211001873
2130,2091_LeafPhotoA_2025-09-08 12_28_15.428-05_00_1.png,2.75,1.8016932656092488
2131,2091_LeafPhotoA_2025-09-08 12_28_15.428-05_00_2.png,2.75,1.8446447137931528
2132,2091_LeafPhotoA_2025-09-08 12_28_15.428-05_00_3.png,2.75,1.8595071868337154
2149,1324_LeafPhotoA_2025-09-08 09_47_08.944-05_00_3.png,2.0,1.9560374077922038
2150,1324_LeafPhotoA_2025-09-08 09_47_08.944-05_00_1.png,2.0,1.935868078753517
2151,1324_LeafPhotoA_2025-09-08 09_47_08.944-05_00_2.png,2.0,1.935746572482156
2152,1324_LeafPhotoA_2025-09-08 09_47_08.944-05_00_0.png,2.0,1.9072437449662802
2177,1098_LeafPhotoA_2025-09-09 11_09_21.218-05_00_0.png,1.25,1.8824664623960177
2178,1098_LeafPhotoA_2025-09-09 11_09_21.218-05_00_2.png,1.25,1.8848507425022505
2179,1098_LeafPhotoA_2025-09-09 11_09_21.218-05_00_1.png,1.25,1.791278690485478
2180,1098_LeafPhotoA_2025-09-09 11_09_21.218-05_00_3.png,1.25,1.9161011057266495
2184,2097_LeafPhotoA_2025-09-08 12_33_49.300-05_00_1.png,1.5,1.817194094011746
2185,2097_LeafPhotoA_2025-09-08 12_33_49.300-05_00_2.png,1.5,1.7430204963040186
2186,2097_LeafPhotoA_2025-09-08 12_33_49.300-05_00_3.png,1.5,1.899481992453425
2187,2097_LeafPhotoA_2025-09-08 12_33_49.300-05_00_0.png,1.5,1.9355006127115706
2214,1876_LeafPhotoA_2025-09-09 17_04_03.852-05_00_1.png,2.25,2.020295701175972
2215,1876_LeafPhotoA_2025-09-09 17_04_03.852-05_00_3.png,2.25,1.9223811825523436
2216,1876_LeafPhotoA_2025-09-09 17_04_03.852-05_00_2.png,2.25,1.8615541237929614
2217,1876_LeafPhotoA_2025-09-09 17_04_03.852-05_00_0.png,2.25,1.957325500757788
2231,1405_LeafPhotoB_2025-09-08 10_00_01.542-05_00_0.png,1.5,1.6847961940423466
2232,1405_LeafPhotoB_2025-09-08 10_00_01.542-05_00_1.png,1.5,1.7641238354279014
2233,1405_LeafPhotoB_2025-09-08 10_00_01.542-05_00_2.png,1.5,1.7638295971038644
2234,1405_LeafPhotoB_2025-09-08 10_00_01.542-05_00_3.png,1.5,1.5688706814369693
2263,1562_LeafPhotoA_2025-09-09 10_11_10.077-05_00_0.png,1.0,2.0080783127637316
2264,1562_LeafPhotoA_2025-09-09 10_11_10.077-05_00_1.png,1.0,2.0514936868413924
2265,1562_LeafPhotoA_2025-09-09 10_11_10.077-05_00_2.png,1.0,2.0409990716668007
2266,1562_LeafPhotoA_2025-09-09 10_11_10.077-05_00_3.png,1.0,1.8411104013969355
2268,5028_LeafPhotoA_2025-09-09 16_52_02.474-05_00_0.png,2.25,1.7297357530723907
2269,5028_LeafPhotoA_2025-09-09 16_52_02.474-05_00_1.png,2.25,1.7844485283598628
2270,5028_LeafPhotoA_2025-09-09 16_52_02.474-05_00_2.png,2.25,1.6842214822316353
2271,5028_LeafPhotoA_2025-09-09 16_52_02.474-05_00_3.png,2.25,1.8639427020817931
2272,1659_LeafPhotoA_2025-09-09 10_11_01.636-05_00_0.png,1.5,1.5137983010681924
2273,1659_LeafPhotoA_2025-09-09 10_11_01.636-05_00_1.png,1.5,1.6110346379691347
2274,1659_LeafPhotoA_2025-09-09 10_11_01.636-05_00_2.png,1.5,1.6145476681857858
2279,1479_LeafPhotoB_2025-09-08 16_43_30.857-05_00_1.png,1.75,1.9271151651240013
2280,1479_LeafPhotoB_2025-09-08 16_43_30.857-05_00_0.png,1.75,1.9036536435548104
2281,1479_LeafPhotoB_2025-09-08 16_43_30.857-05_00_2.png,1.75,1.9888241593307987
2282,1479_LeafPhotoB_2025-09-08 16_43_30.857-05_00_3.png,1.75,1.967838726045061
2290,2090_LeafPhotoA_2025-09-08 12_27_18.336-05_00_2.png,1.0,1.9366039569534026
2291,2090_LeafPhotoA_2025-09-08 12_27_18.336-05_00_1.png,1.0,1.8973200339760452
2292,2090_LeafPhotoA_2025-09-08 12_27_18.336-05_00_3.png,1.0,1.9410709606535
2293,2090_LeafPhotoA_2025-09-08 12_27_18.336-05_00_0.png,1.0,1.9430316193779442
2314,2449_LeafPhotoB_2025-09-08 11_23_39.370-05_00_0.png,2.0,1.7980015983406057
2315,2449_LeafPhotoB_2025-09-08 11_23_39.370-05_00_1.png,2.0,1.8733180720772384
2316,2449_LeafPhotoB_2025-09-08 11_23_39.370-05_00_2.png,2.0,1.945431136869008
2317,2449_LeafPhotoB_2025-09-08 11_23_39.370-05_00_3.png,2.0,1.8511941465357074
2318,1187_LeafPhotoA_2025-09-08 16_03_30.325-05_00_2.png,2.0,1.8839215075779263
2319,1187_LeafPhotoA_2025-09-08 16_03_30.325-05_00_0.png,2.0,1.800330542748781
2320,1187_LeafPhotoA_2025-09-08 16_03_30.325-05_00_1.png,2.0,1.809350943203056
2321,1187_LeafPhotoA_2025-09-08 16_03_30.325-05_00_3.png,2.0,1.897777467782164
2326,1600_LeafPhotoA_2025-09-09 10_22_37.520-05_00_0.png,2.0,1.7867342374486201
2327,1600_LeafPhotoA_2025-09-09 10_22_37.520-05_00_1.png,2.0,1.7087650197776114
2328,1600_LeafPhotoA_2025-09-09 10_22_37.520-05_00_2.png,2.0,1.603332182021303
2340,2078_LeafPhotoA_2025-09-08 12_14_10.635-05_00_2.png,2.75,1.8443342933833455
2341,2078_LeafPhotoA_2025-09-08 12_14_10.635-05_00_0.png,2.75,1.807277924938032
2342,2078_LeafPhotoA_2025-09-08 12_14_10.635-05_00_3.png,2.75,1.94270753229694
2343,2078_LeafPhotoA_2025-09-08 12_14_10.635-05_00_1.png,2.75,1.7018837767756103
2356,2952_LeafPhotoA_2025-09-09 15_55_46.839-05_00_0.png,2.5,1.9355306372790657
2357,2952_LeafPhotoA_2025-09-09 15_55_46.839-05_00_1.png,2.5,1.9216474559407617
2366,2541_LeafPhotoA_2025-09-09 10_40_27.804-05_00_0.png,1.75,1.895435143770005
2367,2541_LeafPhotoA_2025-09-09 10_40_27.804-05_00_1.png,1.75,1.883694902966937
2368,2541_LeafPhotoA_2025-09-09 10_40_27.804-05_00_2.png,1.75,2.0242004235377533
2369,2541_LeafPhotoA_2025-09-09 10_40_27.804-05_00_3.png,1.75,2.0289694753883047
2409,1188_LeafPhotoA_2025-09-08 16_01_44.544-05_00_1.png,2.25,2.1241163359398167
2410,1188_LeafPhotoA_2025-09-08 16_01_44.544-05_00_2.png,2.25,2.0111947679526914
2411,1188_LeafPhotoA_2025-09-08 16_01_44.544-05_00_0.png,2.25,1.952894102050823
2442,2114_LeafPhotoA_2025-09-08 11_14_43.534-05_00_2.png,1.75,1.9347937144353429
2443,2114_LeafPhotoA_2025-09-08 11_14_43.534-05_00_0.png,1.75,1.9627735849448433
2444,2114_LeafPhotoA_2025-09-08 11_14_43.534-05_00_3.png,1.75,1.8719858426626137
2445,2114_LeafPhotoA_2025-09-08 11_14_43.534-05_00_1.png,1.75,1.9875849957038991
2450,2578_LeafPhotoA_2025-09-09 10_42_22.010-05_00_0.png,1.75,1.758797207856695
2451,2578_LeafPhotoA_2025-09-09 10_42_22.010-05_00_2.png,1.75,1.6435736836420132
2452,2578_LeafPhotoA_2025-09-09 10_42_22.010-05_00_1.png,1.75,1.6448062304453988
2453,2578_LeafPhotoA_2025-09-09 10_42_22.010-05_00_3.png,1.75,1.625518517284352
2471,2649_LeafPhotoA_2025-09-09 11_26_00.362-05_00_1.png,2.25,1.7489780832097233
2472,2649_LeafPhotoA_2025-09-09 11_26_00.362-05_00_3.png,2.25,1.940083824153894
2473,2649_LeafPhotoA_2025-09-09 11_26_00.362-05_00_2.png,2.25,1.9487787981940325
2474,2649_LeafPhotoA_2025-09-09 11_26_00.362-05_00_0.png,2.25,1.7133330302560168
2479,1434_LeafPhotoB_2025-09-08 10_25_56.347-05_00_0.png,1.75,1.853672977090365
2480,1434_LeafPhotoB_2025-09-08 10_25_56.347-05_00_2.png,1.75,1.9379284939494505
2481,1434_LeafPhotoB_2025-09-08 10_25_56.347-05_00_3.png,1.75,1.781866728798967
2482,1434_LeafPhotoB_2025-09-08 10_25_56.347-05_00_1.png,1.75,1.8831572311076088
2486,2458_LeafPhotoB_2025-09-08 11_35_26.865-05_00_2.png,1.25,1.8448561212348118
2487,2458_LeafPhotoB_2025-09-08 11_35_26.865-05_00_1.png,1.25,1.9305335740030773
2488,2458_LeafPhotoB_2025-09-08 11_35_26.865-05_00_0.png,1.25,1.9029481842604579
2489,2458_LeafPhotoB_2025-09-08 11_35_26.865-05_00_3.png,1.25,1.8479797102365152
2502,5011_LeafPhotoA_2025-09-09 16_15_48.428-05_00_2.png,1.75,1.8348284076416577
2503,5011_LeafPhotoA_2025-09-09 16_15_48.428-05_00_3.png,1.75,1.8661522137593038
2504,5011_LeafPhotoA_2025-09-09 16_15_48.428-05_00_1.png,1.75,1.77090876459658
2505,5011_LeafPhotoA_2025-09-09 16_15_48.428-05_00_0.png,1.75,1.76066165742958
2509,1916_LeafPhotoA_2025-09-09 14_55_34.742-05_00_2.png,2.25,1.678352099755412
2510,1916_LeafPhotoA_2025-09-09 14_55_34.742-05_00_0.png,2.25,1.6656778783753077
2511,1916_LeafPhotoA_2025-09-09 14_55_34.742-05_00_1.png,2.25,1.6018308804829826
2512,1916_LeafPhotoA_2025-09-09 14_55_34.742-05_00_3.png,2.25,1.602029595305258
2523,2991_LeafPhotoA_2025-09-09 16_44_34.559-05_00_1.png,2.25,2.050322594945153
2524,2991_LeafPhotoA_2025-09-09 16_44_34.559-05_00_3.png,2.25,2.024931424839404
2525,2991_LeafPhotoA_2025-09-09 16_44_34.559-05_00_2.png,2.25,1.9914588422950452
2526,2991_LeafPhotoA_2025-09-09 16_44_34.559-05_00_0.png,2.25,1.9629656698811606
2527,2844_LeafPhotoA_2025-09-09 11_13_34.394-05_00_0.png,2.5,1.7259811594510615
2531,2722_LeafPhotoA_2025-09-09 10_43_28.841-05_00_0.png,3.5,2.4741375291415575
2532,2722_LeafPhotoA_2025-09-09 10_43_28.841-05_00_2.png,3.5,2.147058164722381
2533,2722_LeafPhotoA_2025-09-09 10_43_28.841-05_00_1.png,3.5,2.260877806367881
2538,2453_LeafPhotoB_2025-09-08 11_31_31.055-05_00_2.png,1.5,1.7514546667045292
2539,2453_LeafPhotoB_2025-09-08 11_31_31.055-05_00_3.png,1.5,1.6798276433716217
2540,2453_LeafPhotoB_2025-09-08 11_31_31.055-05_00_1.png,1.5,1.77578848690174
2541,2453_LeafPhotoB_2025-09-08 11_31_31.055-05_00_0.png,1.5,1.8085178525982877
2555,1425_LeafPhotoA_2025-09-08 09_47_28.860-05_00_0.png,1.5,1.9872739001436506
2556,1425_LeafPhotoA_2025-09-08 09_47_28.860-05_00_3.png,1.5,2.0227426800401727
2557,1425_LeafPhotoA_2025-09-08 09_47_28.860-05_00_2.png,1.5,2.1339945480968128
2558,1425_LeafPhotoA_2025-09-08 09_47_28.860-05_00_1.png,1.5,2.054959957432168
2571,,2.5,1.5450008563007762
2583,,1.25,1.5450008563007762
2588,2107_LeafPhotoA_2025-09-08 11_02_37.715-05_00_3.png,1.25,1.8058552340815774
2589,2107_LeafPhotoA_2025-09-08 11_02_37.715-05_00_1.png,1.25,1.6846609018350986
2590,2107_LeafPhotoA_2025-09-08 11_02_37.715-05_00_2.png,1.25,1.6831910447726617
2591,2107_LeafPhotoA_2025-09-08 11_02_37.715-05_00_0.png,1.25,1.8630870480957915
2670,2648_LeafPhotoA_2025-09-09 11_27_06.528-05_00_0.png,1.25,1.574554273597144
2671,2648_LeafPhotoA_2025-09-09 11_27_06.528-05_00_1.png,1.25,1.5281962856759694
2672,2648_LeafPhotoA_2025-09-09 11_27_06.528-05_00_3.png,1.25,1.6529382312190644
2673,2648_LeafPhotoA_2025-09-09 11_27_06.528-05_00_2.png,1.25,1.6981423459391665
2691,1500_LeafPhotoB_2025-09-08 12_25_38.479-05_00_2.png,1.75,2.018260412355463
2692,1500_LeafPhotoB_2025-09-08 12_25_38.479-05_00_1.png,1.75,2.14016764317849
2693,1500_LeafPhotoB_2025-09-08 12_25_38.479-05_00_3.png,1.75,1.979548636486439
2694,1500_LeafPhotoB_2025-09-08 12_25_38.479-05_00_0.png,1.75,2.111717731589283
2723,1893_LeafPhotoA_2025-09-09 12_59_38.775-05_00_1.png,2.0,1.7772967334174032
2724,1893_LeafPhotoA_2025-09-09 12_59_38.775-05_00_2.png,2.0,1.7857519615532396
2725,1893_LeafPhotoA_2025-09-09 12_59_38.775-05_00_3.png,2.0,1.7074641729891953
2726,1893_LeafPhotoA_2025-09-09 12_59_38.775-05_00_0.png,2.0,1.7983885958745314
2737,2893_LeafPhotoA_2025-09-09 13_59_49.093-05_00_2.png,2.25,1.8487267162447092
2738,2893_LeafPhotoA_2025-09-09 13_59_49.093-05_00_0.png,2.25,1.812098008242562
2739,2893_LeafPhotoA_2025-09-09 13_59_49.093-05_00_1.png,2.25,1.8599733757438364
2740,2893_LeafPhotoA_2025-09-09 13_59_49.093-05_00_3.png,2.25,1.898501697137396
2745,2711_LeafPhotoA_2025-09-09 10_28_23.854-05_00_2.png,2.5,2.1690424399409505
2746,2711_LeafPhotoA_2025-09-09 10_28_23.854-05_00_3.png,2.5,2.1711003291983983
2747,2711_LeafPhotoA_2025-09-09 10_28_23.854-05_00_0.png,2.5,2.046756099256618
2748,2711_LeafPhotoA_2025-09-09 10_28_23.854-05_00_1.png,2.5,2.1141918426390554
2758,1287_LeafPhotoA_2025-09-08 16_00_42.513-05_00_0.png,3.0,1.788923110167534
2759,1287_LeafPhotoA_2025-09-08 16_00_42.513-05_00_1.png,3.0,1.7307454091786159
2760,1287_LeafPhotoA_2025-09-08 16_00_42.513-05_00_2.png,3.0,2.046042588055649
2765,1427_LeafPhotoB_2025-09-08 10_20_17.635-05_00_0.png,2.25,2.0795668158904514
2766,1427_LeafPhotoB_2025-09-08 10_20_17.635-05_00_1.png,2.25,2.0535120527893493
2767,1427_LeafPhotoB_2025-09-08 10_20_17.635-05_00_3.png,2.25,1.8060193314561226
2768,1427_LeafPhotoB_2025-09-08 10_20_17.635-05_00_2.png,2.25,1.893696902148899
2770,6044_LeafPhotoA_2025-09-09 16_03_00.837-05_00_0.png,1.5,1.8262010853722221
2771,6044_LeafPhotoA_2025-09-09 16_03_00.837-05_00_2.png,1.5,1.7408100029306517
2772,6044_LeafPhotoA_2025-09-09 16_03_00.837-05_00_3.png,1.5,1.715757675343318
2773,6044_LeafPhotoA_2025-09-09 16_03_00.837-05_00_1.png,1.5,1.7179470641614645
2815,2090_LeafPhotoA_2025-09-08 12_27_42.323-05_00_3.png,1.25,1.8935817256627496
2816,2090_LeafPhotoA_2025-09-08 12_27_42.323-05_00_1.png,1.25,1.9119733195484228
2817,2090_LeafPhotoA_2025-09-08 12_27_42.323-05_00_2.png,1.25,1.8344207461100228
2818,2090_LeafPhotoA_2025-09-08 12_27_42.323-05_00_0.png,1.25,1.8426587262751752
2841,,3.0,1.5450008563007762
2850,2210_LeafPhotoA_2025-09-08 11_00_04.684-05_00_0.png,1.25,1.7011000147889168
2851,2210_LeafPhotoA_2025-09-08 11_00_04.684-05_00_3.png,1.25,1.732494524795485
2852,2210_LeafPhotoA_2025-09-08 11_00_04.684-05_00_2.png,1.25,1.7134943088376624
2853,2210_LeafPhotoA_2025-09-08 11_00_04.684-05_00_1.png,1.25,1.7326950593628831
2904,1495_LeafPhotoB_2025-09-08 16_59_36.020-05_00_2.png,2.5,1.9231204476141255
2905,1495_LeafPhotoB_2025-09-08 16_59_36.020-05_00_1.png,2.5,1.9797469745932288
2906,1495_LeafPhotoB_2025-09-08 16_59_36.020-05_00_3.png,2.5,1.9008417088654495
2907,1495_LeafPhotoB_2025-09-08 16_59_36.020-05_00_0.png,2.5,1.8872999607754501
2912,5030_LeafPhotoA_2025-09-09 16_55_05.294-05_00_0.png,1.25,1.6386970175932403
2913,5030_LeafPhotoA_2025-09-09 16_55_05.294-05_00_1.png,1.25,1.7261859799412622
2914,5030_LeafPhotoA_2025-09-09 16_55_05.294-05_00_2.png,1.25,1.689433217631329
2915,5030_LeafPhotoA_2025-09-09 16_55_05.294-05_00_3.png,1.25,1.7506020397366493
2920,2524_LeafPhotoA_2025-09-09 10_21_34.620-05_00_3.png,1.5,1.9684719324806264
2921,2524_LeafPhotoA_2025-09-09 10_21_34.620-05_00_0.png,1.5,2.076901608468234
2922,2524_LeafPhotoA_2025-09-09 10_21_34.620-05_00_2.png,1.5,1.899259237193604
2923,2524_LeafPhotoA_2025-09-09 10_21_34.620-05_00_1.png,1.5,1.9111148355589629
2928,1576_LeafPhotoA_2025-09-09 09_52_40.800-05_00_0.png,2.0,1.7942692369576778
2929,1576_LeafPhotoA_2025-09-09 09_52_40.800-05_00_1.png,2.0,1.8239045384034993
2934,2715_LeafPhotoA_2025-09-09 10_34_25.383-05_00_0.png,3.25,1.9679149836916483
2935,2715_LeafPhotoA_2025-09-09 10_34_25.383-05_00_3.png,3.25,2.0274509346127703
2936,2715_LeafPhotoA_2025-09-09 10_34_25.383-05_00_2.png,3.25,2.181761377057648
2937,2715_LeafPhotoA_2025-09-09 10_34_25.383-05_00_1.png,3.25,1.9901023142704297
2938,2386_LeafPhotoA_2025-09-08 11_57_13.953-05_00_0.png,1.5,1.8088231343067835
2939,2386_LeafPhotoA_2025-09-08 11_57_13.953-05_00_1.png,1.5,1.744663147163886
2944,5036_LeafPhotoA_2025-09-09 17_09_44.541-05_00_0.png,1.5,1.759234841493199
2945,5036_LeafPhotoA_2025-09-09 17_09_44.541-05_00_2.png,1.5,1.862420692815526
2946,5036_LeafPhotoA_2025-09-09 17_09_44.541-05_00_1.png,1.5,1.819403333663002
2947,5036_LeafPhotoA_2025-09-09 17_09_44.541-05_00_3.png,1.5,1.8346993836406327
2956,2256_LeafPhotoA_2025-09-08 12_24_33.115-05_00_0.png,2.0,1.9084422781193038
2957,2256_LeafPhotoA_2025-09-08 12_24_33.115-05_00_1.png,2.0,1.8328794020082708
2958,2256_LeafPhotoA_2025-09-08 12_24_33.115-05_00_3.png,2.0,1.996477968635196
2959,2256_LeafPhotoA_2025-09-08 12_24_33.115-05_00_2.png,2.0,1.9735374383729758
2976,2386_LeafPhotoA_2025-09-08 11_56_54.323-05_00_0.png,1.25,1.7784517019138435
2977,2386_LeafPhotoA_2025-09-08 11_56_54.323-05_00_2.png,1.25,1.8154606899937142
2978,2386_LeafPhotoA_2025-09-08 11_56_54.323-05_00_3.png,1.25,1.7518820012183662
2979,2386_LeafPhotoA_2025-09-08 11_56_54.323-05_00_1.png,1.25,1.7923235393900967
2995,1943_LeafPhotoA_2025-09-09 16_00_56.560-05_00_3.png,1.5,1.7226140875512699
2996,1943_LeafPhotoA_2025-09-09 16_00_56.560-05_00_1.png,1.5,1.8631200408799564
2997,1943_LeafPhotoA_2025-09-09 16_00_56.560-05_00_0.png,1.5,1.913198975390902
2998,1943_LeafPhotoA_2025-09-09 16_00_56.560-05_00_2.png,1.5,1.6998644696659104
2999,1360_LeafPhotoA_2025-09-08 12_40_13.454-05_00_0.png,2.0,1.8869395142221794
3000,1360_LeafPhotoA_2025-09-08 12_40_13.454-05_00_1.png,2.0,1.8360148016583415
3001,1360_LeafPhotoA_2025-09-08 12_40_13.454-05_00_2.png,2.0,1.9168303402541609
3002,1360_LeafPhotoA_2025-09-08 12_40_13.454-05_00_3.png,2.0,1.8792598951965007
3030,1180_LeafPhotoA_2025-09-08 16_15_29.779-05_00_0.png,2.0,1.866777423041123
3031,1180_LeafPhotoA_2025-09-08 16_15_29.779-05_00_2.png,2.0,1.9908742247647444
3032,1180_LeafPhotoA_2025-09-08 16_15_29.779-05_00_3.png,2.0,1.918022178225701
3033,1180_LeafPhotoA_2025-09-08 16_15_29.779-05_00_1.png,2.0,1.888051624247455
3048,2204_LeafPhotoA_2025-09-08 10_51_32.424-05_00_0.png,1.0,1.453080585061384
3049,2204_LeafPhotoA_2025-09-08 10_51_32.424-05_00_1.png,1.0,1.5929193552951835
3050,2204_LeafPhotoA_2025-09-08 10_51_32.424-05_00_2.png,1.0,1.581335005578872
3051,2204_LeafPhotoA_2025-09-08 10_51_32.424-05_00_3.png,1.0,1.5762072857563927
3052,2253_LeafPhotoA_2025-09-08 12_18_44.610-05_00_3.png,1.25,1.723833763310025
3053,2253_LeafPhotoA_2025-09-08 12_18_44.610-05_00_1.png,1.25,1.6507353242793814
3054,2253_LeafPhotoA_2025-09-08 12_18_44.610-05_00_2.png,1.25,1.7222218513623009
3055,2253_LeafPhotoA_2025-09-08 12_18_44.610-05_00_0.png,1.25,1.7063732155858253
3132,2197_LeafPhotoA_2025-09-08 17_08_13.372-05_00_0.png,1.5,2.0259234384949854
3145,2097_LeafPhotoA_2025-09-08 12_34_03.075-05_00_3.png,2.0,1.8826218005568451
3146,2097_LeafPhotoA_2025-09-08 12_34_03.075-05_00_1.png,2.0,1.9756522161068535
3147,2097_LeafPhotoA_2025-09-08 12_34_03.075-05_00_0.png,2.0,1.8347597833775282
3148,2097_LeafPhotoA_2025-09-08 12_34_03.075-05_00_2.png,2.0,1.9709259299258222
3149,1121_LeafPhotoA_2025-09-08 10_06_53.769-05_00_2.png,3.0,1.6139042039627463
3150,1121_LeafPhotoA_2025-09-08 10_06_53.769-05_00_3.png,3.0,1.6476699771110845
3151,1121_LeafPhotoA_2025-09-08 10_06_53.769-05_00_0.png,3.0,1.6479607889809689
3152,1121_LeafPhotoA_2025-09-08 10_06_53.769-05_00_1.png,3.0,1.7659862157563166
3202,2648_LeafPhotoA_2025-09-09 11_26_52.423-05_00_3.png,1.75,1.642314397193388
3203,2648_LeafPhotoA_2025-09-09 11_26_52.423-05_00_2.png,1.75,1.8060895757349236
3204,2648_LeafPhotoA_2025-09-09 11_26_52.423-05_00_0.png,1.75,1.735099975447292
3205,2648_LeafPhotoA_2025-09-09 11_26_52.423-05_00_1.png,1.75,1.7629743603825332
3207,2178_LeafPhotoA_2025-09-09 12_22_12.377-05_00_1.png,2.0,1.9594774846662304
3208,2178_LeafPhotoA_2025-09-09 12_22_12.377-05_00_0.png,2.0,2.1275486569204056
3209,2178_LeafPhotoA_2025-09-09 12_22_12.377-05_00_3.png,2.0,2.0753871550316636
3210,2178_LeafPhotoA_2025-09-09 12_22_12.377-05_00_2.png,2.0,2.1226250741513155
3215,1963_LeafPhotoA_2025-09-09 17_19_17.230-05_00_0.png,1.5,1.9497153105000458
3216,1963_LeafPhotoA_2025-09-09 17_19_17.230-05_00_1.png,1.5,1.9533931865133496
3217,1963_LeafPhotoA_2025-09-09 17_19_17.230-05_00_2.png,1.5,2.0065922970044117
3232,2394_LeafPhotoA_2025-09-08 12_19_48.103-05_00_2.png,3.25,2.1360473997174254
3233,2394_LeafPhotoA_2025-09-08 12_19_48.103-05_00_0.png,3.25,2.0439491841616055
3234,2394_LeafPhotoA_2025-09-08 12_19_48.103-05_00_1.png,3.25,2.1065812075569017
3235,2394_LeafPhotoA_2025-09-08 12_19_48.103-05_00_3.png,3.25,1.9311695546353969
3236,1916_LeafPhotoA_2025-09-09 14_56_01.187-05_00_3.png,1.75,1.9671102729735543
3237,1916_LeafPhotoA_2025-09-09 14_56_01.187-05_00_1.png,1.75,2.0299067308116503
3238,1916_LeafPhotoA_2025-09-09 14_56_01.187-05_00_2.png,1.75,1.9760070631917939
3239,1916_LeafPhotoA_2025-09-09 14_56_01.187-05_00_0.png,1.75,2.259328579493963
3244,,2.75,1.5450008563007762
3245,2224_LeafPhotoA_2025-09-08 11_25_14.126-05_00_0.png,2.5,1.7011797830169064
3246,2224_LeafPhotoA_2025-09-08 11_25_14.126-05_00_1.png,2.5,1.6334003682291216
3247,2224_LeafPhotoA_2025-09-08 11_25_14.126-05_00_2.png,2.5,1.6691080444750708
3248,2224_LeafPhotoA_2025-09-08 11_25_14.126-05_00_3.png,2.5,1.6816169117287276
3299,2149_LeafPhotoA_2025-09-08 12_20_25.908-05_00_2.png,1.5,1.9196037837493076
3300,2149_LeafPhotoA_2025-09-08 12_20_25.908-05_00_0.png,1.5,1.7611235071714706
3301,2149_LeafPhotoA_2025-09-08 12_20_25.908-05_00_1.png,1.5,1.8928444437131038
3302,2149_LeafPhotoA_2025-09-08 12_20_25.908-05_00_3.png,1.5,1.8885092642874315
3306,2656_LeafPhotoA_2025-09-09 11_29_51.657-05_00_0.png,2.5,1.7646766480349678
3315,2451_LeafPhotoB_2025-09-08 11_29_15.932-05_00_1.png,2.0,2.234414263854159
3316,2451_LeafPhotoB_2025-09-08 11_29_15.932-05_00_0.png,2.0,2.0696015375743735
3317,2451_LeafPhotoB_2025-09-08 11_29_15.932-05_00_3.png,2.0,2.1456332844887127
3318,2451_LeafPhotoB_2025-09-08 11_29_15.932-05_00_2.png,2.0,2.2252519847659653
3344,1272_LeafPhotoA_2025-09-08 16_14_44.397-05_00_0.png,2.25,1.802620726960194
3345,1272_LeafPhotoA_2025-09-08 16_14_44.397-05_00_1.png,2.25,2.004483594898285
3346,1272_LeafPhotoA_2025-09-08 16_14_44.397-05_00_2.png,2.25,1.834140029523493
3347,1272_LeafPhotoA_2025-09-08 16_14_44.397-05_00_3.png,2.25,1.884473682464066
3355,6027_LeafPhotoA_2025-09-09 16_33_32.836-05_00_2.png,2.0,1.9805685117189216
3356,6027_LeafPhotoA_2025-09-09 16_33_32.836-05_00_0.png,2.0,1.8626754839856117
3357,6027_LeafPhotoA_2025-09-09 16_33_32.836-05_00_1.png,2.0,1.9790948559524417
3358,6027_LeafPhotoA_2025-09-09 16_33_32.836-05_00_3.png,2.0,1.785880968163514
3389,2238_LeafPhotoA_2025-09-08 11_44_44.603-05_00_0.png,2.5,1.8400076580532119
3390,2238_LeafPhotoA_2025-09-08 11_44_44.603-05_00_1.png,2.5,1.8160022136935239
3391,2238_LeafPhotoA_2025-09-08 11_44_44.603-05_00_2.png,2.5,1.7110541176657268
3392,2238_LeafPhotoA_2025-09-08 11_44_44.603-05_00_3.png,2.5,1.853317229080206
3393,1950_LeafPhotoA_2025-09-09 16_09_30.048-05_00_2.png,1.5,1.636166301714603
3394,1950_LeafPhotoA_2025-09-09 16_09_30.048-05_00_0.png,1.5,1.784296148920365
3395,1950_LeafPhotoA_2025-09-09 16_09_30.048-05_00_1.png,1.5,1.6163695178324722
3409,1381_LeafPhotoA_2025-09-08 13_01_59.229-05_00_3.png,2.25,1.8242483974023385
3410,1381_LeafPhotoA_2025-09-08 13_01_59.229-05_00_2.png,2.25,1.854036100715156
3411,1381_LeafPhotoA_2025-09-08 13_01_59.229-05_00_0.png,2.25,1.9965750506655462
3412,1381_LeafPhotoA_2025-09-08 13_01_59.229-05_00_1.png,2.25,1.8013974106380826
3445,6044_LeafPhotoA_2025-09-09 16_03_43.942-05_00_0.png,1.5,1.628964764227752
3446,6044_LeafPhotoA_2025-09-09 16_03_43.942-05_00_3.png,1.5,1.7583260757809511
3447,6044_LeafPhotoA_2025-09-09 16_03_43.942-05_00_2.png,1.5,1.756378314575193
3448,6044_LeafPhotoA_2025-09-09 16_03_43.942-05_00_1.png,1.5,1.8555780838805942
3469,1926_LeafPhotoA_2025-09-09 15_19_00.799-05_00_0.png,1.5,1.943869819407295
3470,1926_LeafPhotoA_2025-09-09 15_19_00.799-05_00_1.png,1.5,1.8931116020081902
3471,1926_LeafPhotoA_2025-09-09 15_19_00.799-05_00_2.png,1.5,1.6955412619541526
3472,1926_LeafPhotoA_2025-09-09 15_19_00.799-05_00_3.png,1.5,1.6809016804542656
3505,2498_LeafPhotoB_2025-09-08 12_22_17.705-05_00_1.png,1.5,1.9501150966350125
3506,2498_LeafPhotoB_2025-09-08 12_22_17.705-05_00_2.png,1.5,1.949697610299486
3507,2498_LeafPhotoB_2025-09-08 12_22_17.705-05_00_3.png,1.5,1.9499785068450537
3508,2498_LeafPhotoB_2025-09-08 12_22_17.705-05_00_0.png,1.5,1.8117514028923756
3509,2150_LeafPhotoA_2025-09-08 12_22_44.950-05_00_1.png,1.75,2.0626093600618085
3510,2150_LeafPhotoA_2025-09-08 12_22_44.950-05_00_0.png,1.75,1.7932500693580264
3511,2150_LeafPhotoA_2025-09-08 12_22_44.950-05_00_3.png,1.75,1.987500952245316
3512,2150_LeafPhotoA_2025-09-08 12_22_44.950-05_00_2.png,1.75,2.0379018925677337
3525,1298_LeafPhotoA_2025-09-08 15_47_21.277-05_00_0.png,2.25,2.016252831153893
3526,1298_LeafPhotoA_2025-09-08 15_47_21.277-05_00_1.png,2.25,2.032925730651885
3527,1298_LeafPhotoA_2025-09-08 15_47_21.277-05_00_2.png,2.25,2.026261754979949
3528,1298_LeafPhotoA_2025-09-08 15_47_21.277-05_00_3.png,2.25,2.0278269892436622
3537,1865_LeafPhotoA_2025-09-09 13_31_46.367-05_00_2.png,1.5,1.801145009294972
3538,1865_LeafPhotoA_2025-09-09 13_31_46.367-05_00_1.png,1.5,1.778340600230898
3539,1865_LeafPhotoA_2025-09-09 13_31_46.367-05_00_3.png,1.5,1.7784298223064017
3540,1865_LeafPhotoA_2025-09-09 13_31_46.367-05_00_0.png,1.5,1.7606614556982094
3542,2084_LeafPhotoA_2025-09-08 12_20_48.194-05_00_1.png,2.25,1.804801899077283
3543,2084_LeafPhotoA_2025-09-08 12_20_48.194-05_00_0.png,2.25,1.8232251234331187
3544,2084_LeafPhotoA_2025-09-08 12_20_48.194-05_00_3.png,2.25,2.0243412987685776
3545,2084_LeafPhotoA_2025-09-08 12_20_48.194-05_00_2.png,2.25,1.9591637299453435
18,1887_LeafPhotoA_2025-09-09 17_12_27.474-05_00_0.png,1.75,1.9282404325832507
19,1887_LeafPhotoA_2025-09-09 17_12_27.474-05_00_1.png,1.75,1.8130820671859644
20,1887_LeafPhotoA_2025-09-09 17_12_27.474-05_00_2.png,1.75,1.9088156647999188
42,1900_LeafPhotoA_2025-09-09 13_45_59.573-05_00_1.png,2.5,1.7977681543642896
43,1900_LeafPhotoA_2025-09-09 13_45_59.573-05_00_2.png,2.5,1.768743457617186
44,1900_LeafPhotoA_2025-09-09 13_45_59.573-05_00_3.png,2.5,1.6547360730568434
45,1900_LeafPhotoA_2025-09-09 13_45_59.573-05_00_0.png,2.5,1.8213516909740917
85,1411_LeafPhotoA_2025-09-08 09_32_24.163-05_00_0.png,1.5,1.7107373302880122
86,1411_LeafPhotoA_2025-09-08 09_32_24.163-05_00_1.png,1.5,1.8866494010523231
87,1411_LeafPhotoA_2025-09-08 09_32_24.163-05_00_2.png,1.5,1.7189087890375978
88,1411_LeafPhotoA_2025-09-08 09_32_24.163-05_00_3.png,1.5,1.8480338499448299
103,2010_LeafPhotoA_2025-09-08 10_43_56.742-05_00_2.png,2.0,1.87422099518827
104,2010_LeafPhotoA_2025-09-08 10_43_56.742-05_00_1.png,2.0,1.9484136089336375
105,2010_LeafPhotoA_2025-09-08 10_43_56.742-05_00_0.png,2.0,1.834336840209437
106,2010_LeafPhotoA_2025-09-08 10_43_56.742-05_00_3.png,2.0,1.641725273358714
110,1202_LeafPhotoA_2025-09-08 10_45_39.926-05_00_3.png,1.0,1.731597859820455
111,1202_LeafPhotoA_2025-09-08 10_45_39.926-05_00_0.png,1.0,1.6844040321133946
112,1202_LeafPhotoA_2025-09-08 10_45_39.926-05_00_1.png,1.0,1.7027739889190414
113,1202_LeafPhotoA_2025-09-08 10_45_39.926-05_00_2.png,1.0,1.5949705929430797
114,1594_LeafPhotoA_2025-09-09 09_32_04.545-05_00_0.png,2.5,1.9461135295296574
115,1594_LeafPhotoA_2025-09-09 09_32_04.545-05_00_1.png,2.5,1.917734272195893
116,1594_LeafPhotoA_2025-09-09 09_32_04.545-05_00_2.png,2.5,2.168866774331727
117,1594_LeafPhotoA_2025-09-09 09_32_04.545-05_00_3.png,2.5,2.1374282516736707
144,2344_LeafPhotoA_2025-09-08 11_12_07.490-05_00_0.png,1.75,1.8742386340104145
145,2344_LeafPhotoA_2025-09-08 11_12_07.490-05_00_1.png,1.75,2.0107891313663004
146,2344_LeafPhotoA_2025-09-08 11_12_07.490-05_00_3.png,1.75,1.8916190209053523
147,2344_LeafPhotoA_2025-09-08 11_12_07.490-05_00_2.png,1.75,1.953237939744238
163,1011_LeafPhotoA_2025-09-08 09_43_02.719-05_00_0.png,2.5,2.157209338694608
164,1011_LeafPhotoA_2025-09-08 09_43_02.719-05_00_1.png,2.5,1.9927230785304613
165,1011_LeafPhotoA_2025-09-08 09_43_02.719-05_00_2.png,2.5,1.9418713613917138
166,1011_LeafPhotoA_2025-09-08 09_43_02.719-05_00_3.png,2.5,1.8567461759691235
214,2144_LeafPhotoA_2025-09-08 12_08_32.877-05_00_0.png,1.5,1.7782451051617398
215,2144_LeafPhotoA_2025-09-08 12_08_32.877-05_00_1.png,1.5,1.7936657145166581
216,2144_LeafPhotoA_2025-09-08 12_08_32.877-05_00_2.png,1.5,1.7760654992474836
217,2144_LeafPhotoA_2025-09-08 12_08_32.877-05_00_3.png,1.5,1.6824593631629208
222,1411_LeafPhotoA_2025-09-08 09_32_12.507-05_00_0.png,1.5,1.7283302292043825
223,1411_LeafPhotoA_2025-09-08 09_32_12.507-05_00_1.png,1.5,1.7060659065862647
224,1411_LeafPhotoA_2025-09-08 09_32_12.507-05_00_2.png,1.5,1.6485264023691388
225,1411_LeafPhotoA_2025-09-08 09_32_12.507-05_00_3.png,1.5,1.7782869109439117
230,1783_LeafPhotoA_2025-09-09 09_32_23.737-05_00_0.png,1.75,2.1461813244952395
231,1783_LeafPhotoA_2025-09-09 09_32_23.737-05_00_1.png,1.75,2.0311459334855333
232,1783_LeafPhotoA_2025-09-09 09_32_23.737-05_00_2.png,1.75,1.9820809490566416
233,1783_LeafPhotoA_2025-09-09 09_32_23.737-05_00_3.png,1.75,2.10259522682716
238,,1.25,1.5941984662709023
257,1811_LeafPhotoA_2025-09-09 09_06_09.841-05_00_0.png,1.25,2.0175003902616124
258,1811_LeafPhotoA_2025-09-09 09_06_09.841-05_00_1.png,1.25,1.9729994323956819
259,1811_LeafPhotoA_2025-09-09 09_06_09.841-05_00_2.png,1.25,1.8812585678224094
268,,2.5,1.5941984662709023
269,1197_LeafPhotoA_2025-09-08 15_42_33.635-05_00_0.png,1.25,2.269416465358151
270,1197_LeafPhotoA_2025-09-08 15_42_33.635-05_00_1.png,1.25,2.3227843284717196
271,1197_LeafPhotoA_2025-09-08 15_42_33.635-05_00_2.png,1.25,2.209848366320212
272,1197_LeafPhotoA_2025-09-08 15_42_33.635-05_00_3.png,1.25,2.2154081030083734
277,2173_LeafPhotoA_2025-09-09 12_14_23.103-05_00_0.png,2.0,2.307407185500261
278,2173_LeafPhotoA_2025-09-09 12_14_23.103-05_00_1.png,2.0,2.2479128044795016
279,2173_LeafPhotoA_2025-09-09 12_14_23.103-05_00_2.png,2.0,2.1892134645580503
280,2173_LeafPhotoA_2025-09-09 12_14_23.103-05_00_3.png,2.0,2.078773110186062
301,1383_LeafPhotoA_2025-09-08 13_02_56.131-05_00_1.png,1.5,1.8110334177802978
302,1383_LeafPhotoA_2025-09-08 13_02_56.131-05_00_2.png,1.5,1.7814352368424062
303,1383_LeafPhotoA_2025-09-08 13_02_56.131-05_00_3.png,1.5,1.8367753631051924
304,1383_LeafPhotoA_2025-09-08 13_02_56.131-05_00_0.png,1.5,1.666115188264338
320,2597_LeafPhotoA_2025-09-09 10_25_59.565-05_00_1.png,1.75,1.7684597789806396
321,2597_LeafPhotoA_2025-09-09 10_25_59.565-05_00_3.png,1.75,1.768482134334264
322,2597_LeafPhotoA_2025-09-09 10_25_59.565-05_00_2.png,1.75,1.6845895548890193
323,2597_LeafPhotoA_2025-09-09 10_25_59.565-05_00_0.png,1.75,1.6886175853795278
340,6013_LeafPhotoA_2025-09-09 16_55_44.021-05_00_2.png,1.25,1.5335594873527114
341,6013_LeafPhotoA_2025-09-09 16_55_44.021-05_00_1.png,1.25,1.814209409646994
342,6013_LeafPhotoA_2025-09-09 16_55_44.021-05_00_3.png,1.25,1.5720205929060291
343,6013_LeafPhotoA_2025-09-09 16_55_44.021-05_00_0.png,1.25,1.7368889685194233
352,1585_LeafPhotoA_2025-09-09 09_39_14.646-05_00_0.png,3.75,2.24850786252979
353,1585_LeafPhotoA_2025-09-09 09_39_14.646-05_00_1.png,3.75,2.278218315313108
354,1585_LeafPhotoA_2025-09-09 09_39_14.646-05_00_2.png,3.75,2.181111039249921
355,1585_LeafPhotoA_2025-09-09 09_39_14.646-05_00_3.png,3.75,1.9614263060144088
356,1072_LeafPhotoA_2025-09-08 13_03_29.236-05_00_0.png,2.5,1.7188622598000876
357,1072_LeafPhotoA_2025-09-08 13_03_29.236-05_00_1.png,2.5,1.9210650456757494
358,1072_LeafPhotoA_2025-09-08 13_03_29.236-05_00_2.png,2.5,2.0278530130994077
359,1072_LeafPhotoA_2025-09-08 13_03_29.236-05_00_3.png,2.5,1.949797815935622
391,2163_LeafPhotoA_2025-09-09 11_54_54.715-05_00_0.png,3.25,1.9999389572939439
392,2163_LeafPhotoA_2025-09-09 11_54_54.715-05_00_1.png,3.25,2.2000008421848825
393,2163_LeafPhotoA_2025-09-09 11_54_54.715-05_00_2.png,3.25,2.117123879904063
394,2163_LeafPhotoA_2025-09-09 11_54_54.715-05_00_3.png,3.25,2.0278410302100087
400,1648_LeafPhotoA_2025-09-09 10_44_29.803-05_00_0.png,1.75,2.0315255772000396
401,1648_LeafPhotoA_2025-09-09 10_44_29.803-05_00_1.png,1.75,2.245265601271791
402,1648_LeafPhotoA_2025-09-09 10_44_29.803-05_00_2.png,1.75,2.1950624570245103
403,1648_LeafPhotoA_2025-09-09 10_44_29.803-05_00_3.png,1.75,2.189783608618119
418,1615_LeafPhotoA_2025-09-09 09_39_37.565-05_00_2.png,2.0,1.9026623741567388
419,1615_LeafPhotoA_2025-09-09 09_39_37.565-05_00_3.png,2.0,1.9342134777274997
420,1615_LeafPhotoA_2025-09-09 09_39_37.565-05_00_0.png,2.0,2.1285842895601985
421,1615_LeafPhotoA_2025-09-09 09_39_37.565-05_00_1.png,2.0,2.0498962810656423
426,2765_LeafPhotoA_2025-09-09 16_06_20.833-05_00_0.png,1.75,1.7144849067025882
427,2765_LeafPhotoA_2025-09-09 16_06_20.833-05_00_1.png,1.75,1.7085926396039448
428,2765_LeafPhotoA_2025-09-09 16_06_20.833-05_00_2.png,1.75,1.6596278248473155
429,2765_LeafPhotoA_2025-09-09 16_06_20.833-05_00_3.png,1.75,1.7135985715166568
440,1702_LeafPhotoA_2025-09-09 10_12_23.395-05_00_2.png,3.0,1.86771367816158
441,1702_LeafPhotoA_2025-09-09 10_12_23.395-05_00_0.png,3.0,1.8065659909030156
442,1702_LeafPhotoA_2025-09-09 10_12_23.395-05_00_1.png,3.0,1.9755125478102693
443,1702_LeafPhotoA_2025-09-09 10_12_23.395-05_00_3.png,3.0,1.712797262177221
451,5008_LeafPhotoA_2025-09-09 16_06_40.356-05_00_1.png,1.25,1.694381122069313
452,5008_LeafPhotoA_2025-09-09 16_06_40.356-05_00_2.png,1.25,1.7588996581172955
453,5008_LeafPhotoA_2025-09-09 16_06_40.356-05_00_3.png,1.25,1.6826420484471851
454,5008_LeafPhotoA_2025-09-09 16_06_40.356-05_00_0.png,1.25,1.6523548019975904
459,1159_LeafPhotoA_2025-09-08 16_47_54.035-05_00_1.png,1.25,1.915168134240683
460,1159_LeafPhotoA_2025-09-08 16_47_54.035-05_00_2.png,1.25,1.9755873007993134
461,1159_LeafPhotoA_2025-09-08 16_47_54.035-05_00_3.png,1.25,1.9786727377034228
462,1159_LeafPhotoA_2025-09-08 16_47_54.035-05_00_0.png,1.25,1.864138685696989
467,1022_LeafPhotoA_2025-09-08 09_57_30.921-05_00_0.png,1.5,1.8734300148313918
468,1022_LeafPhotoA_2025-09-08 09_57_30.921-05_00_1.png,1.5,1.9082042798465606
469,1022_LeafPhotoA_2025-09-08 09_57_30.921-05_00_2.png,1.5,2.0764272964898445
470,1022_LeafPhotoA_2025-09-08 09_57_30.921-05_00_3.png,1.5,2.0622633054066983
471,1099_LeafPhotoA_2025-09-08 12_38_29.235-05_00_2.png,1.25,1.8184889955407078
472,1099_LeafPhotoA_2025-09-08 12_38_29.235-05_00_1.png,1.25,1.8050668709220132
473,1099_LeafPhotoA_2025-09-08 12_38_29.235-05_00_3.png,1.25,1.734048848812009
474,1099_LeafPhotoA_2025-09-08 12_38_29.235-05_00_0.png,1.25,1.7846965564642616
475,2189_LeafPhotoA_2025-09-08 17_18_50.308-05_00_0.png,1.5,1.7379076621209466
476,2189_LeafPhotoA_2025-09-08 17_18_50.308-05_00_1.png,1.5,1.8732349031391953
477,2189_LeafPhotoA_2025-09-08 17_18_50.308-05_00_2.png,1.5,2.1014566893522586
478,2189_LeafPhotoA_2025-09-08 17_18_50.308-05_00_3.png,1.5,2.0956246717826272
494,2068_LeafPhotoA_2025-09-08 12_02_55.291-05_00_3.png,1.25,2.08478645131394
495,2068_LeafPhotoA_2025-09-08 12_02_55.291-05_00_2.png,1.25,2.036376957860305
496,2068_LeafPhotoA_2025-09-08 12_02_55.291-05_00_0.png,1.25,1.7679195789023898
497,2068_LeafPhotoA_2025-09-08 12_02_55.291-05_00_1.png,1.25,1.9217927656238751
498,1641_LeafPhotoA_2025-09-09 10_30_20.507-05_00_1.png,1.0,1.7324736814617805
499,1641_LeafPhotoA_2025-09-09 10_30_20.507-05_00_0.png,1.0,1.7811977033544373
500,1641_LeafPhotoA_2025-09-09 10_30_20.507-05_00_2.png,1.0,1.6353172263038622
501,6013_LeafPhotoA_2025-09-09 16_56_02.230-05_00_0.png,1.25,1.6813670899245587
502,6013_LeafPhotoA_2025-09-09 16_56_02.230-05_00_1.png,1.25,1.7194388360540283
503,6013_LeafPhotoA_2025-09-09 16_56_02.230-05_00_3.png,1.25,1.9776403841417887
504,6013_LeafPhotoA_2025-09-09 16_56_02.230-05_00_2.png,1.25,1.9165125539638155
548,2314_LeafPhotoA_2025-09-08 10_42_26.409-05_00_0.png,1.0,1.671799045463748
549,2314_LeafPhotoA_2025-09-08 10_42_26.409-05_00_1.png,1.0,1.6772228774541822
550,2314_LeafPhotoA_2025-09-08 10_42_26.409-05_00_2.png,1.0,1.7824552530829383
559,2347_LeafPhotoA_2025-09-08 11_14_48.020-05_00_0.png,1.5,1.8424560095289337
560,2347_LeafPhotoA_2025-09-08 11_14_48.020-05_00_1.png,1.5,1.7705171400857251
569,1445_LeafPhotoB_2025-09-08 10_34_39.346-05_00_3.png,1.75,1.7729332634438577
570,1445_LeafPhotoB_2025-09-08 10_34_39.346-05_00_1.png,1.75,1.943583387210431
571,1445_LeafPhotoB_2025-09-08 10_34_39.346-05_00_0.png,1.75,1.817751083878066
572,1445_LeafPhotoB_2025-09-08 10_34_39.346-05_00_2.png,1.75,1.9642953389744837
589,2429_LeafPhotoB_2025-09-08 11_05_20.910-05_00_1.png,2.5,2.119237883056164
590,2429_LeafPhotoB_2025-09-08 11_05_20.910-05_00_3.png,2.5,2.1533207979576896
591,2429_LeafPhotoB_2025-09-08 11_05_20.910-05_00_0.png,2.5,2.044944327576717
592,2429_LeafPhotoB_2025-09-08 11_05_20.910-05_00_2.png,2.5,2.096394544099422
597,2974_LeafPhotoA_2025-09-09 16_23_04.095-05_00_2.png,3.25,1.9511920503991271
598,2974_LeafPhotoA_2025-09-09 16_23_04.095-05_00_1.png,3.25,2.0888898482542775
599,2974_LeafPhotoA_2025-09-09 16_23_04.095-05_00_0.png,3.25,1.9493417589113478
600,2974_LeafPhotoA_2025-09-09 16_23_04.095-05_00_3.png,3.25,1.8405705472811826
627,1413_LeafPhotoA_2025-09-08 09_35_26.834-05_00_0.png,1.75,1.6759931175310527
628,1413_LeafPhotoA_2025-09-08 09_35_26.834-05_00_1.png,1.75,1.6875957850494654
629,1413_LeafPhotoA_2025-09-08 09_35_26.834-05_00_2.png,1.75,1.742313141205253
630,1413_LeafPhotoA_2025-09-08 09_35_26.834-05_00_3.png,1.75,1.6569873779310216
639,6017_LeafPhotoA_2025-09-09 16_48_02.296-05_00_0.png,1.75,1.638845632243091
640,6017_LeafPhotoA_2025-09-09 16_48_02.296-05_00_2.png,1.75,1.8593734146733478
641,6017_LeafPhotoA_2025-09-09 16_48_02.296-05_00_1.png,1.75,1.690825983223271
642,6017_LeafPhotoA_2025-09-09 16_48_02.296-05_00_3.png,1.75,1.872826595384963
667,1619_LeafPhotoA_2025-09-09 09_49_42.512-05_00_2.png,1.75,1.865994851534882
668,1619_LeafPhotoA_2025-09-09 09_49_42.512-05_00_3.png,1.75,1.8567748900042704
669,1619_LeafPhotoA_2025-09-09 09_49_42.512-05_00_0.png,1.75,1.9234801323117896
670,1619_LeafPhotoA_2025-09-09 09_49_42.512-05_00_1.png,1.75,1.7410061678665218
678,1531_LeafPhotoA_2025-09-09 09_29_04.886-05_00_0.png,2.25,1.9331397072502556
679,1531_LeafPhotoA_2025-09-09 09_29_04.886-05_00_1.png,2.25,2.084074647052455
680,1531_LeafPhotoA_2025-09-09 09_29_04.886-05_00_2.png,2.25,1.8488995948689224
681,1531_LeafPhotoA_2025-09-09 09_29_04.886-05_00_3.png,2.25,1.9098398518204893
690,1497_LeafPhotoB_2025-09-08 17_01_53.160-05_00_0.png,1.75,1.9994798464591197
691,1497_LeafPhotoB_2025-09-08 17_01_53.160-05_00_2.png,1.75,1.9892475627362207
692,1497_LeafPhotoB_2025-09-08 17_01_53.160-05_00_1.png,1.75,1.934918322507818
693,1497_LeafPhotoB_2025-09-08 17_01_53.160-05_00_3.png,1.75,1.8236562538553633
780,1838_LeafPhotoA_2025-09-09 09_47_07.906-05_00_1.png,1.0,1.7533997019403793
781,1838_LeafPhotoA_2025-09-09 09_47_07.906-05_00_0.png,1.0,1.7612401995794018
782,1838_LeafPhotoA_2025-09-09 09_47_07.906-05_00_3.png,1.0,1.886949472813371
783,1838_LeafPhotoA_2025-09-09 09_47_07.906-05_00_2.png,1.0,1.8398650317703962
788,2683_LeafPhotoA_2025-09-09 10_58_56.882-05_00_1.png,1.0,1.9576075476461723
789,2683_LeafPhotoA_2025-09-09 10_58_56.882-05_00_3.png,1.0,1.7982531299714335
790,2683_LeafPhotoA_2025-09-09 10_58_56.882-05_00_2.png,1.0,1.898264062474225
791,2683_LeafPhotoA_2025-09-09 10_58_56.882-05_00_0.png,1.0,1.973424104680902
799,2010_LeafPhotoA_2025-09-08 10_44_22.059-05_00_1.png,1.25,2.1329821992337843
800,2010_LeafPhotoA_2025-09-08 10_44_22.059-05_00_3.png,1.25,2.0329871116894274
801,2010_LeafPhotoA_2025-09-08 10_44_22.059-05_00_2.png,1.25,1.8773475974838916
802,2010_LeafPhotoA_2025-09-08 10_44_22.059-05_00_0.png,1.25,2.050154950514204
807,1510_LeafPhotoA_2025-09-09 09_05_13.748-05_00_2.png,1.5,1.8582922632157446
808,1510_LeafPhotoA_2025-09-09 09_05_13.748-05_00_1.png,1.5,1.930378397661475
809,1510_LeafPhotoA_2025-09-09 09_05_13.748-05_00_3.png,1.5,1.9802116489139514
810,1510_LeafPhotoA_2025-09-09 09_05_13.748-05_00_0.png,1.5,1.9991264166582476
835,2662_LeafPhotoA_2025-09-09 11_35_27.644-05_00_0.png,3.5,2.214855531712442
836,2662_LeafPhotoA_2025-09-09 11_35_27.644-05_00_2.png,3.5,1.9920617181384048
837,2662_LeafPhotoA_2025-09-09 11_35_27.644-05_00_3.png,3.5,1.9667750767732883
838,2662_LeafPhotoA_2025-09-09 11_35_27.644-05_00_1.png,3.5,2.170425938028531
886,2153_LeafPhotoA_2025-09-08 12_29_10.390-05_00_1.png,1.25,1.932963571238329
887,2153_LeafPhotoA_2025-09-08 12_29_10.390-05_00_3.png,1.25,1.8824296732961014
888,2153_LeafPhotoA_2025-09-08 12_29_10.390-05_00_2.png,1.25,1.9594038243989624
889,2153_LeafPhotoA_2025-09-08 12_29_10.390-05_00_0.png,1.25,1.9853810624266202
890,2248_LeafPhotoA_2025-09-08 12_01_20.448-05_00_0.png,1.5,1.7918594428245997
891,2248_LeafPhotoA_2025-09-08 12_01_20.448-05_00_1.png,1.5,1.8231331595203275
892,2248_LeafPhotoA_2025-09-08 12_01_20.448-05_00_2.png,1.5,1.7456574882362539
893,2248_LeafPhotoA_2025-09-08 12_01_20.448-05_00_3.png,1.5,1.7795566258378275
912,1811_LeafPhotoA_2025-09-09 09_05_51.708-05_00_2.png,1.5,1.6941056193584243
913,1811_LeafPhotoA_2025-09-09 09_05_51.708-05_00_0.png,1.5,1.8103119658710292
914,1811_LeafPhotoA_2025-09-09 09_05_51.708-05_00_1.png,1.5,1.7230963844584088
937,2950_LeafPhotoA_2025-09-09 16_20_58.442-05_00_1.png,2.0,1.9225934579011559
938,2950_LeafPhotoA_2025-09-09 16_20_58.442-05_00_3.png,2.0,1.8432099402951265
939,2950_LeafPhotoA_2025-09-09 16_20_58.442-05_00_2.png,2.0,1.8528019758610401
940,2950_LeafPhotoA_2025-09-09 16_20_58.442-05_00_0.png,2.0,1.9259881013540556
1006,1062_LeafPhotoA_2025-09-08 12_54_11.961-05_00_0.png,3.25,2.1715334715768497
1007,1062_LeafPhotoA_2025-09-08 12_54_11.961-05_00_1.png,3.25,2.0232700887125126
1008,1062_LeafPhotoA_2025-09-08 12_54_11.961-05_00_2.png,3.25,2.090120008318779
1009,1062_LeafPhotoA_2025-09-08 12_54_11.961-05_00_3.png,3.25,1.971303963255421
1073,1402_LeafPhotoB_2025-09-08 10_39_37.458-05_00_3.png,1.75,1.9278784222555267
1074,1402_LeafPhotoB_2025-09-08 10_39_37.458-05_00_0.png,1.75,1.999678317942432
1075,1402_LeafPhotoB_2025-09-08 10_39_37.458-05_00_1.png,1.75,1.9325752021174467
1076,1402_LeafPhotoB_2025-09-08 10_39_37.458-05_00_2.png,1.75,2.1371763072427026
1098,1005_LeafPhotoA_2025-09-08 09_35_15.574-05_00_0.png,2.0,1.9459860285080637
1099,1005_LeafPhotoA_2025-09-08 09_35_15.574-05_00_1.png,2.0,1.8285460611837203
1100,1005_LeafPhotoA_2025-09-08 09_35_15.574-05_00_2.png,2.0,1.9280570355413749
1101,1005_LeafPhotoA_2025-09-08 09_35_15.574-05_00_3.png,2.0,1.9044368211928677
1117,2218_LeafPhotoA_2025-09-08 11_14_46.146-05_00_2.png,1.25,1.9142246319185414
1118,2218_LeafPhotoA_2025-09-08 11_14_46.146-05_00_3.png,1.25,1.9047830992496597
1119,2218_LeafPhotoA_2025-09-08 11_14_46.146-05_00_0.png,1.25,1.8200767393282995
1120,2218_LeafPhotoA_2025-09-08 11_14_46.146-05_00_1.png,1.25,1.9204442880511812
1143,1997_LeafPhotoA_2025-09-09 15_58_29.800-05_00_2.png,2.0,2.1344319619109062
1144,1997_LeafPhotoA_2025-09-09 15_58_29.800-05_00_1.png,2.0,2.1155718063997626
1145,1997_LeafPhotoA_2025-09-09 15_58_29.800-05_00_0.png,2.0,1.9050727793354405
1146,1997_LeafPhotoA_2025-09-09 15_58_29.800-05_00_3.png,2.0,1.964645144295796
1154,1404_LeafPhotoB_2025-09-08 09_58_06.206-05_00_2.png,2.25,2.070838505934748
1155,1404_LeafPhotoB_2025-09-08 09_58_06.206-05_00_3.png,2.25,2.060362240779676
1156,1404_LeafPhotoB_2025-09-08 09_58_06.206-05_00_0.png,2.25,1.8504945392651835
1157,1404_LeafPhotoB_2025-09-08 09_58_06.206-05_00_1.png,2.25,1.986331182865928
1169,2189_LeafPhotoA_2025-09-08 17_18_33.881-05_00_0.png,1.0,1.8150049394418457
1170,2189_LeafPhotoA_2025-09-08 17_18_33.881-05_00_1.png,1.0,1.8477833858828225
1171,2189_LeafPhotoA_2025-09-08 17_18_33.881-05_00_2.png,1.0,1.8705214204024077
1172,2189_LeafPhotoA_2025-09-08 17_18_33.881-05_00_3.png,1.0,1.9149945675709628
1181,2273_LeafPhotoA_2025-09-08 17_10_20.317-05_00_2.png,2.0,1.7992928393026704
1182,2273_LeafPhotoA_2025-09-08 17_10_20.317-05_00_3.png,2.0,1.760171242341785
1183,2273_LeafPhotoA_2025-09-08 17_10_20.317-05_00_0.png,2.0,1.8826947669928773
1184,2273_LeafPhotoA_2025-09-08 17_10_20.317-05_00_1.png,2.0,1.759405631577905
1193,2182_LeafPhotoA_2025-09-09 12_26_51.449-05_00_1.png,2.5,2.0687242632440133
1194,2182_LeafPhotoA_2025-09-09 12_26_51.449-05_00_0.png,2.5,2.017194342506855
1195,2182_LeafPhotoA_2025-09-09 12_26_51.449-05_00_3.png,2.5,2.002625108128723
1196,2182_LeafPhotoA_2025-09-09 12_26_51.449-05_00_2.png,2.5,1.9315716783208907
1225,2794_LeafPhotoA_2025-09-09 11_14_44.812-05_00_0.png,1.25,2.166113478629325
1229,1935_LeafPhotoA_2025-09-09 15_31_58.041-05_00_2.png,2.5,1.9652534285392864
1230,1935_LeafPhotoA_2025-09-09 15_31_58.041-05_00_1.png,2.5,1.856734242101368
1231,1935_LeafPhotoA_2025-09-09 15_31_58.041-05_00_0.png,2.5,1.9458031594885876
1232,1935_LeafPhotoA_2025-09-09 15_31_58.041-05_00_3.png,2.5,2.0165289546799205
1247,1350_LeafPhotoA_2025-09-08 10_18_59.648-05_00_0.png,1.75,1.7435831983257952
1248,2884_LeafPhotoA_2025-09-09 14_07_40.879-05_00_3.png,1.5,1.967431076165244
1249,2884_LeafPhotoA_2025-09-09 14_07_40.879-05_00_2.png,1.5,1.9440933641052078
1250,2884_LeafPhotoA_2025-09-09 14_07_40.879-05_00_0.png,1.5,1.7685501661320828
1251,2884_LeafPhotoA_2025-09-09 14_07_40.879-05_00_1.png,1.5,1.8559622553658925
1265,1181_LeafPhotoA_2025-09-08 16_13_30.089-05_00_0.png,2.5,2.050193882531888
1266,1181_LeafPhotoA_2025-09-08 16_13_30.089-05_00_1.png,2.5,2.1172312056104268
1267,1181_LeafPhotoA_2025-09-08 16_13_30.089-05_00_2.png,2.5,2.212470763709383
1268,1181_LeafPhotoA_2025-09-08 16_13_30.089-05_00_3.png,2.5,2.0316250770670026
1296,2814_LeafPhotoA_2025-09-09 10_25_44.101-05_00_0.png,3.25,1.7822748198967902
1297,2814_LeafPhotoA_2025-09-09 10_25_44.101-05_00_3.png,3.25,1.820999377916405
1298,2814_LeafPhotoA_2025-09-09 10_25_44.101-05_00_1.png,3.25,1.854447858699017
1299,2814_LeafPhotoA_2025-09-09 10_25_44.101-05_00_2.png,3.25,1.7806573512015107
1320,1525_LeafPhotoA_2025-09-09 09_23_09.815-05_00_3.png,2.25,2.056691556287012
1321,1525_LeafPhotoA_2025-09-09 09_23_09.815-05_00_0.png,2.25,2.0360352024781196
1322,1525_LeafPhotoA_2025-09-09 09_23_09.815-05_00_1.png,2.25,2.0829458435186363
1323,1525_LeafPhotoA_2025-09-09 09_23_09.815-05_00_2.png,2.25,2.0291098038216933
1332,1402_LeafPhotoB_2025-09-08 10_40_07.212-05_00_3.png,2.25,1.919496965823349
1333,1402_LeafPhotoB_2025-09-08 10_40_07.212-05_00_2.png,2.25,1.9582461683701617
1334,1402_LeafPhotoB_2025-09-08 10_40_07.212-05_00_1.png,2.25,2.0026608934997214
1335,1402_LeafPhotoB_2025-09-08 10_40_07.212-05_00_0.png,2.25,1.8799207604750114
1387,2729_LeafPhotoA_2025-09-09 10_55_43.588-05_00_2.png,4.0,2.1161311072814684
1388,2729_LeafPhotoA_2025-09-09 10_55_43.588-05_00_3.png,4.0,2.065734924468541
1389,2729_LeafPhotoA_2025-09-09 10_55_43.588-05_00_0.png,4.0,2.204522190045505
1390,2729_LeafPhotoA_2025-09-09 10_55_43.588-05_00_1.png,4.0,2.211700654231337
1399,2286_LeafPhotoA_2025-09-08 16_54_14.459-05_00_3.png,1.75,1.7819560443654752
1400,2286_LeafPhotoA_2025-09-08 16_54_14.459-05_00_0.png,1.75,1.8732800835618417
1401,2286_LeafPhotoA_2025-09-08 16_54_14.459-05_00_2.png,1.75,1.9039171881932142
1402,2286_LeafPhotoA_2025-09-08 16_54_14.459-05_00_1.png,1.75,1.9543771697415409
1403,1167_LeafPhotoA_2025-09-08 16_37_11.962-05_00_0.png,1.75,2.0802872776249783
1416,2817_LeafPhotoA_2025-09-09 10_29_25.768-05_00_0.png,1.0,1.5735187006419478
1417,2817_LeafPhotoA_2025-09-09 10_29_25.768-05_00_1.png,1.0,1.608497619370332
1418,2817_LeafPhotoA_2025-09-09 10_29_25.768-05_00_2.png,1.0,1.615855135878975
1419,2817_LeafPhotoA_2025-09-09 10_29_25.768-05_00_3.png,1.0,1.5820378955409915
1459,2791_LeafPhotoA_2025-09-09 11_24_33.408-05_00_0.png,2.75,2.03938009088032
1460,2791_LeafPhotoA_2025-09-09 11_24_33.408-05_00_3.png,2.75,2.010325535752733
1461,2791_LeafPhotoA_2025-09-09 11_24_33.408-05_00_1.png,2.75,2.0034313164730775
1462,2791_LeafPhotoA_2025-09-09 11_24_33.408-05_00_2.png,2.75,2.0079277062725938
1477,2009_LeafPhotoA_2025-09-08 10_43_35.775-05_00_2.png,1.5,1.8654721732233952
1478,2009_LeafPhotoA_2025-09-08 10_43_35.775-05_00_0.png,1.5,1.8214560188491964
1479,2009_LeafPhotoA_2025-09-08 10_43_35.775-05_00_3.png,1.5,1.704582421200178
1480,2009_LeafPhotoA_2025-09-08 10_43_35.775-05_00_1.png,1.5,1.888604747970145
1510,1034_LeafPhotoA_2025-09-08 10_10_03.182-05_00_2.png,2.0,2.072147625065316
1511,1034_LeafPhotoA_2025-09-08 10_10_03.182-05_00_1.png,2.0,2.0570691949626743
1512,1034_LeafPhotoA_2025-09-08 10_10_03.182-05_00_0.png,2.0,2.037561104904672
1531,1417_LeafPhotoB_2025-09-08 10_11_12.838-05_00_3.png,2.5,1.8222588292031887
1532,1417_LeafPhotoB_2025-09-08 10_11_12.838-05_00_1.png,2.5,1.814912951808665
1533,1417_LeafPhotoB_2025-09-08 10_11_12.838-05_00_0.png,2.5,1.8475870446364333
1534,1417_LeafPhotoB_2025-09-08 10_11_12.838-05_00_2.png,2.5,1.852028601695327
1543,1075_LeafPhotoA_2025-09-08 13_08_10.230-05_00_0.png,2.0,1.853064145884591
1544,1075_LeafPhotoA_2025-09-08 13_08_10.230-05_00_1.png,2.0,1.9779828047460495
1545,1075_LeafPhotoA_2025-09-08 13_08_10.230-05_00_2.png,2.0,1.975141327748781
1546,1075_LeafPhotoA_2025-09-08 13_08_10.230-05_00_3.png,2.0,1.8405001260993896
1565,2699_LeafPhotoA_2025-09-09 10_27_27.811-05_00_1.png,3.0,1.8474815634706077
1566,2699_LeafPhotoA_2025-09-09 10_27_27.811-05_00_2.png,3.0,1.8828707999117018
1567,2699_LeafPhotoA_2025-09-09 10_27_27.811-05_00_3.png,3.0,1.8503952225749825
1568,2699_LeafPhotoA_2025-09-09 10_27_27.811-05_00_0.png,3.0,1.7998040063557554
1636,1389_LeafPhotoA_2025-09-08 13_08_37.035-05_00_2.png,1.75,2.0282124732758327
1637,1389_LeafPhotoA_2025-09-08 13_08_37.035-05_00_1.png,1.75,1.875034344232803
1638,1389_LeafPhotoA_2025-09-08 13_08_37.035-05_00_0.png,1.75,1.8516413678716805
1651,2460_LeafPhotoB_2025-09-08 11_37_28.626-05_00_2.png,1.75,1.8190620776913478
1652,2460_LeafPhotoB_2025-09-08 11_37_28.626-05_00_0.png,1.75,1.879972900840074
1653,2460_LeafPhotoB_2025-09-08 11_37_28.626-05_00_1.png,1.75,1.8453316615726987
1654,2460_LeafPhotoB_2025-09-08 11_37_28.626-05_00_3.png,1.75,1.9314417270492887
1659,1445_LeafPhotoB_2025-09-08 10_33_50.397-05_00_3.png,1.5,2.0148921000538533
1660,1445_LeafPhotoB_2025-09-08 10_33_50.397-05_00_2.png,1.5,1.933801495550104
1661,1445_LeafPhotoB_2025-09-08 10_33_50.397-05_00_0.png,1.5,2.0039295038144687
1662,1445_LeafPhotoB_2025-09-08 10_33_50.397-05_00_1.png,1.5,1.9411003337665724
1678,2318_LeafPhotoA_2025-09-08 10_46_13.359-05_00_0.png,1.5,1.9045741809212544
1679,2318_LeafPhotoA_2025-09-08 10_46_13.359-05_00_1.png,1.5,1.7747398766475817
1691,1234_LeafPhotoA_2025-09-08 10_20_18.045-05_00_2.png,1.75,1.848785550540685
1692,1234_LeafPhotoA_2025-09-08 10_20_18.045-05_00_0.png,1.75,1.8901931707715982
1693,1234_LeafPhotoA_2025-09-08 10_20_18.045-05_00_1.png,1.75,1.8893614540626313
1694,1234_LeafPhotoA_2025-09-08 10_20_18.045-05_00_3.png,1.75,1.7266275978372687
1695,1279_LeafPhotoA_2025-09-08 16_08_00.467-05_00_1.png,1.0,1.761525814302784
1696,1279_LeafPhotoA_2025-09-08 16_08_00.467-05_00_3.png,1.0,1.7172088384759256
1697,1279_LeafPhotoA_2025-09-08 16_08_00.467-05_00_0.png,1.0,1.6628163536803962
1698,1279_LeafPhotoA_2025-09-08 16_08_00.467-05_00_2.png,1.0,1.7218888964852475
1704,1417_LeafPhotoB_2025-09-08 10_10_54.682-05_00_1.png,2.25,1.9025365475100973
1705,1417_LeafPhotoB_2025-09-08 10_10_54.682-05_00_0.png,2.25,1.770081523036002
1706,1417_LeafPhotoB_2025-09-08 10_10_54.682-05_00_2.png,2.25,1.71804154583456
1707,1417_LeafPhotoB_2025-09-08 10_10_54.682-05_00_3.png,2.25,1.6532768870222887
1726,1043_LeafPhotoA_2025-09-08 10_21_46.526-05_00_3.png,3.0,1.7670804027870375
1727,1043_LeafPhotoA_2025-09-08 10_21_46.526-05_00_0.png,3.0,1.9933873965973168
1728,1043_LeafPhotoA_2025-09-08 10_21_46.526-05_00_1.png,3.0,2.043694122463846
1729,1043_LeafPhotoA_2025-09-08 10_21_46.526-05_00_2.png,3.0,1.8470842606839022
1739,1488_LeafPhotoB_2025-09-08 16_52_36.463-05_00_3.png,2.75,1.9870540520281237
1740,1488_LeafPhotoB_2025-09-08 16_52_36.463-05_00_1.png,2.75,1.7886097745835705
1741,1488_LeafPhotoB_2025-09-08 16_52_36.463-05_00_2.png,2.75,1.8545930274761044
1742,1488_LeafPhotoB_2025-09-08 16_52_36.463-05_00_0.png,2.75,1.821112781027729
1761,1456_LeafPhotoB_2025-09-08 12_32_32.393-05_00_1.png,1.25,1.8718462583879911
1762,1456_LeafPhotoB_2025-09-08 12_32_32.393-05_00_2.png,1.25,1.868739203484691
1763,1456_LeafPhotoB_2025-09-08 12_32_32.393-05_00_0.png,1.25,1.9798187846483384
1764,1456_LeafPhotoB_2025-09-08 12_32_32.393-05_00_3.png,1.25,1.8481399557279121
1855,1181_LeafPhotoA_2025-09-08 16_13_46.902-05_00_0.png,2.5,1.97394981359692
1856,1181_LeafPhotoA_2025-09-08 16_13_46.902-05_00_1.png,2.5,2.045373046450132
1857,1181_LeafPhotoA_2025-09-08 16_13_46.902-05_00_2.png,2.5,2.0799461330884026
1858,1181_LeafPhotoA_2025-09-08 16_13_46.902-05_00_3.png,2.5,1.983034265283759
1860,5009_LeafPhotoA_2025-09-09 16_08_39.148-05_00_0.png,1.75,1.9866116312630435
1861,5009_LeafPhotoA_2025-09-09 16_08_39.148-05_00_2.png,1.75,1.8530765642233673
1862,5009_LeafPhotoA_2025-09-09 16_08_39.148-05_00_3.png,1.75,1.832121253571474
1863,5009_LeafPhotoA_2025-09-09 16_08_39.148-05_00_1.png,1.75,1.8810311509133912
1872,1413_LeafPhotoA_2025-09-08 09_35_09.246-05_00_0.png,1.75,1.9169716616789112
1873,1413_LeafPhotoA_2025-09-08 09_35_09.246-05_00_1.png,1.75,1.802857589594732
1874,1413_LeafPhotoA_2025-09-08 09_35_09.246-05_00_2.png,1.75,1.695484312836821
1883,2586_LeafPhotoA_2025-09-09 10_34_33.986-05_00_2.png,1.25,1.7507924467914933
1884,2586_LeafPhotoA_2025-09-09 10_34_33.986-05_00_3.png,1.25,1.674161290368613
1885,2586_LeafPhotoA_2025-09-09 10_34_33.986-05_00_0.png,1.25,1.8060068540447545
1886,2586_LeafPhotoA_2025-09-09 10_34_33.986-05_00_1.png,1.25,1.7598770691973555
1893,2055_LeafPhotoA_2025-09-08 11_49_38.748-05_00_1.png,2.75,1.7596047404164787
1894,2055_LeafPhotoA_2025-09-08 11_49_38.748-05_00_0.png,2.75,1.821631452972822
1895,2055_LeafPhotoA_2025-09-08 11_49_38.748-05_00_2.png,2.75,1.8925698591954039
1924,1878_LeafPhotoA_2025-09-09 17_05_46.079-05_00_3.png,1.75,1.7850292236801402
1925,1878_LeafPhotoA_2025-09-09 17_05_46.079-05_00_1.png,1.75,1.877315788282977
1926,1878_LeafPhotoA_2025-09-09 17_05_46.079-05_00_0.png,1.75,1.8847696178641293
1927,1878_LeafPhotoA_2025-09-09 17_05_46.079-05_00_2.png,1.75,1.8742894221106656
1940,1631_LeafPhotoA_2025-09-09 10_13_12.245-05_00_2.png,1.5,1.7271745830319387
1941,1631_LeafPhotoA_2025-09-09 10_13_12.245-05_00_0.png,1.5,1.733800822973036
1942,1631_LeafPhotoA_2025-09-09 10_13_12.245-05_00_1.png,1.5,1.755377132565202
1943,1075_LeafPhotoA_2025-09-08 13_08_28.899-05_00_0.png,2.25,1.9346185012380233
1944,1075_LeafPhotoA_2025-09-08 13_08_28.899-05_00_1.png,2.25,1.9032264359361426
1945,1075_LeafPhotoA_2025-09-08 13_08_28.899-05_00_2.png,2.25,1.9697257397489976
1946,1075_LeafPhotoA_2025-09-08 13_08_28.899-05_00_3.png,2.25,1.8764305449653866
1955,2395_LeafPhotoA_2025-09-08 12_20_28.826-05_00_1.png,1.5,1.7093344070064984
1956,2395_LeafPhotoA_2025-09-08 12_20_28.826-05_00_2.png,1.5,1.8040276714102788
1957,2395_LeafPhotoA_2025-09-08 12_20_28.826-05_00_0.png,1.5,1.9224356270033414
1958,2395_LeafPhotoA_2025-09-08 12_20_28.826-05_00_3.png,1.5,1.7196812687226772
1984,2630_LeafPhotoA_2025-09-09 11_53_58.743-05_00_0.png,2.0,1.7783707758059908
1985,2630_LeafPhotoA_2025-09-09 11_53_58.743-05_00_1.png,2.0,1.753755945336053
1986,2630_LeafPhotoA_2025-09-09 11_53_58.743-05_00_2.png,2.0,1.8134453284020338
1987,2630_LeafPhotoA_2025-09-09 11_53_58.743-05_00_3.png,2.0,1.7756658623682515
2000,1904_LeafPhotoA_2025-09-09 14_38_44.936-05_00_3.png,1.75,1.8360200625454113
2001,1904_LeafPhotoA_2025-09-09 14_38_44.936-05_00_0.png,1.75,1.9749580501949913
2002,1904_LeafPhotoA_2025-09-09 14_38_44.936-05_00_2.png,1.75,1.90033248607419
2003,1904_LeafPhotoA_2025-09-09 14_38_44.936-05_00_1.png,1.75,1.9073242797001868
2027,2597_LeafPhotoA_2025-09-09 10_25_46.649-05_00_2.png,1.75,1.6547091280738848
2028,2597_LeafPhotoA_2025-09-09 10_25_46.649-05_00_1.png,1.75,1.727680463714479
2029,2597_LeafPhotoA_2025-09-09 10_25_46.649-05_00_0.png,1.75,1.7313616177531614
2067,1010_LeafPhotoA_2025-09-08 09_41_44.218-05_00_0.png,2.0,2.047534773504468
2068,1010_LeafPhotoA_2025-09-08 09_41_44.218-05_00_1.png,2.0,1.8965315081375436
2069,1010_LeafPhotoA_2025-09-08 09_41_44.218-05_00_2.png,2.0,1.9796873452619141
2070,1010_LeafPhotoA_2025-09-08 09_41_44.218-05_00_3.png,2.0,1.910999340816563
2079,1259_LeafPhotoA_2025-09-08 16_30_23.555-05_00_0.png,2.75,2.0933187169150176
2080,1259_LeafPhotoA_2025-09-08 16_30_23.555-05_00_3.png,2.75,2.017250072387219
2081,1259_LeafPhotoA_2025-09-08 16_30_23.555-05_00_1.png,2.75,2.1761481104438003
2082,1259_LeafPhotoA_2025-09-08 16_30_23.555-05_00_2.png,2.75,2.1495767674461437
2083,2561_LeafPhotoA_2025-09-09 11_01_04.730-05_00_1.png,1.75,1.6815438892798498
2084,2561_LeafPhotoA_2025-09-09 11_01_04.730-05_00_0.png,1.75,1.69507201589663
2085,2561_LeafPhotoA_2025-09-09 11_01_04.730-05_00_2.png,1.75,1.912746503542146
2086,2561_LeafPhotoA_2025-09-09 11_01_04.730-05_00_3.png,1.75,1.7614586223486908
2107,1202_LeafPhotoA_2025-09-08 10_46_25.784-05_00_3.png,1.25,1.7957969248313381
2108,1202_LeafPhotoA_2025-09-08 10_46_25.784-05_00_0.png,1.25,1.7789525009814506
2109,1202_LeafPhotoA_2025-09-08 10_46_25.784-05_00_2.png,1.25,1.7994160997407962
2110,1202_LeafPhotoA_2025-09-08 10_46_25.784-05_00_1.png,1.25,1.7401189838108062
2134,1746_LeafPhotoA_2025-09-09 10_03_34.287-05_00_1.png,1.5,2.0636348952273766
2135,1746_LeafPhotoA_2025-09-09 10_03_34.287-05_00_0.png,1.5,1.9761779231206937
2136,1746_LeafPhotoA_2025-09-09 10_03_34.287-05_00_2.png,1.5,1.8762692191762897
2137,1931_LeafPhotoA_2025-09-09 15_27_04.726-05_00_1.png,1.25,1.7327408929246924
2138,1931_LeafPhotoA_2025-09-09 15_27_04.726-05_00_0.png,1.25,1.7116116123782061
2139,1931_LeafPhotoA_2025-09-09 15_27_04.726-05_00_2.png,1.25,1.8463693019965357
2140,1931_LeafPhotoA_2025-09-09 15_27_04.726-05_00_3.png,1.25,1.8299197811991925
2153,1206_LeafPhotoA_2025-09-08 09_30_08.342-05_00_0.png,2.0,1.6530537038090365
2154,1206_LeafPhotoA_2025-09-08 09_30_08.342-05_00_1.png,2.0,1.643827882587012
2155,1206_LeafPhotoA_2025-09-08 09_30_08.342-05_00_2.png,2.0,1.6094512843524194
2156,1206_LeafPhotoA_2025-09-08 09_30_08.342-05_00_3.png,2.0,1.6856879592082228
2169,1163_LeafPhotoA_2025-09-08 16_42_10.758-05_00_0.png,1.25,2.2151945048912336
2170,1163_LeafPhotoA_2025-09-08 16_42_10.758-05_00_1.png,1.25,2.276658467843646
2171,1163_LeafPhotoA_2025-09-08 16_42_10.758-05_00_2.png,1.25,2.2331340645589126
2172,1163_LeafPhotoA_2025-09-08 16_42_10.758-05_00_3.png,1.25,2.1508217502123985
2173,2518_LeafPhotoA_2025-09-09 10_14_44.963-05_00_0.png,2.25,2.1392154448806817
2174,2518_LeafPhotoA_2025-09-09 10_14_44.963-05_00_3.png,2.25,2.0957240057978006
2175,2518_LeafPhotoA_2025-09-09 10_14_44.963-05_00_1.png,2.25,2.1077828627622908
2176,2518_LeafPhotoA_2025-09-09 10_14_44.963-05_00_2.png,2.25,2.1945307640872413
2181,2429_LeafPhotoB_2025-09-08 11_06_06.696-05_00_0.png,2.25,1.840221627392751
2182,1227_LeafPhotoA_2025-09-08 10_09_23.405-05_00_0.png,2.25,1.941925607659293
2183,1227_LeafPhotoA_2025-09-08 10_09_23.405-05_00_1.png,2.25,1.796283612025122
2188,,1.75,1.5941984662709023
2206,2403_LeafPhotoB_2025-09-08 10_42_58.623-05_00_0.png,1.25,1.6250308897913295
2207,2403_LeafPhotoB_2025-09-08 10_42_58.623-05_00_1.png,1.25,1.6961321466300838
2208,2403_LeafPhotoB_2025-09-08 10_42_58.623-05_00_2.png,1.25,1.7329920836763433
2209,2403_LeafPhotoB_2025-09-08 10_42_58.623-05_00_3.png,1.25,1.6114902839168281
2223,1700_LeafPhotoA_2025-09-09 10_24_58.399-05_00_0.png,2.0,1.960802066440612
2224,1700_LeafPhotoA_2025-09-09 10_24_58.399-05_00_1.png,2.0,1.9663980075289471
2225,1700_LeafPhotoA_2025-09-09 10_24_58.399-05_00_2.png,2.0,1.7569043265412991
2230,,1.75,1.5941984662709023
2247,1774_LeafPhotoA_2025-09-09 09_53_13.789-05_00_0.png,1.25,1.8780541733566352
2248,1774_LeafPhotoA_2025-09-09 09_53_13.789-05_00_1.png,1.25,1.8997234357771682
2249,1774_LeafPhotoA_2025-09-09 09_53_13.789-05_00_2.png,1.25,1.874408671571162
2250,1774_LeafPhotoA_2025-09-09 09_53_13.789-05_00_3.png,1.25,1.9538976899460407
2251,2692_LeafPhotoA_2025-09-09 10_39_36.661-05_00_2.png,1.25,2.026556085602295
2252,2692_LeafPhotoA_2025-09-09 10_39_36.661-05_00_0.png,1.25,1.789256606899806
2253,2692_LeafPhotoA_2025-09-09 10_39_36.661-05_00_3.png,1.25,1.9173650701951663
2254,2692_LeafPhotoA_2025-09-09 10_39_36.661-05_00_1.png,1.25,1.901146609501823
2283,1490_LeafPhotoB_2025-09-08 16_54_44.052-05_00_2.png,1.5,1.8367663270990606
2284,1490_LeafPhotoB_2025-09-08 16_54_44.052-05_00_1.png,1.5,1.7964008403796257
2285,1490_LeafPhotoB_2025-09-08 16_54_44.052-05_00_0.png,1.5,1.841637981004418
2306,1182_LeafPhotoA_2025-09-08 16_12_58.388-05_00_3.png,1.5,2.0356858337915202
2307,1182_LeafPhotoA_2025-09-08 16_12_58.388-05_00_2.png,1.5,2.1965110865804203
2308,1182_LeafPhotoA_2025-09-08 16_12_58.388-05_00_1.png,1.5,2.244818861201201
2309,1182_LeafPhotoA_2025-09-08 16_12_58.388-05_00_0.png,1.5,2.1682955827134798
2336,1220_LeafPhotoA_2025-09-08 09_59_32.289-05_00_0.png,2.25,1.812522449850308
2337,1220_LeafPhotoA_2025-09-08 09_59_32.289-05_00_1.png,2.25,1.6031720772535638
2338,1220_LeafPhotoA_2025-09-08 09_59_32.289-05_00_2.png,2.25,1.9226625307379377
2339,1220_LeafPhotoA_2025-09-08 09_59_32.289-05_00_3.png,2.25,1.8562406443369575
2344,1550_LeafPhotoA_2025-09-09 09_52_22.748-05_00_1.png,2.25,2.049343476457109
2345,1550_LeafPhotoA_2025-09-09 09_52_22.748-05_00_0.png,2.25,2.0391185435543986
2346,1550_LeafPhotoA_2025-09-09 09_52_22.748-05_00_3.png,2.25,1.9747441678508204
2347,1550_LeafPhotoA_2025-09-09 09_52_22.748-05_00_2.png,2.25,1.8782047055058377
2358,2234_LeafPhotoA_2025-09-08 11_39_18.537-05_00_3.png,1.75,1.8705020425682317
2359,2234_LeafPhotoA_2025-09-08 11_39_18.537-05_00_0.png,1.75,1.7444548466371168
2360,2234_LeafPhotoA_2025-09-08 11_39_18.537-05_00_2.png,1.75,1.9096048503493825
2361,2234_LeafPhotoA_2025-09-08 11_39_18.537-05_00_1.png,1.75,1.7250870947679768
2373,2201_LeafPhotoA_2025-09-08 10_47_34.501-05_00_1.png,1.25,1.8378876913997482
2374,2201_LeafPhotoA_2025-09-08 10_47_34.501-05_00_0.png,1.25,1.6925870473091458
2375,2201_LeafPhotoA_2025-09-08 10_47_34.501-05_00_3.png,1.25,1.867152477866186
2376,2201_LeafPhotoA_2025-09-08 10_47_34.501-05_00_2.png,1.25,1.7966143533552457
2377,1174_LeafPhotoA_2025-09-08 16_26_52.134-05_00_0.png,1.5,2.037400642074725
2378,1174_LeafPhotoA_2025-09-08 16_26_52.134-05_00_1.png,1.5,1.8726660970157303
2379,1174_LeafPhotoA_2025-09-08 16_26_52.134-05_00_2.png,1.5,2.026875437167643
2380,1174_LeafPhotoA_2025-09-08 16_26_52.134-05_00_3.png,1.5,1.927469535479355
2381,1278_LeafPhotoA_2025-09-08 16_08_45.462-05_00_1.png,2.0,1.8162137201705457
2382,1278_LeafPhotoA_2025-09-08 16_08_45.462-05_00_0.png,2.0,1.8883314577565837
2383,1278_LeafPhotoA_2025-09-08 16_08_45.462-05_00_3.png,2.0,1.831895057819933
2384,1278_LeafPhotoA_2025-09-08 16_08_45.462-05_00_2.png,2.0,1.8929222909107923
2385,1735_LeafPhotoA_2025-09-09 09_46_39.828-05_00_2.png,3.25,2.073075672148308
2386,1735_LeafPhotoA_2025-09-09 09_46_39.828-05_00_1.png,3.25,1.9522914427495015
2387,1735_LeafPhotoA_2025-09-09 09_46_39.828-05_00_3.png,3.25,1.9768296646137435
2388,1735_LeafPhotoA_2025-09-09 09_46_39.828-05_00_0.png,3.25,1.892535873405115
2389,2174_LeafPhotoA_2025-09-09 12_15_14.269-05_00_0.png,2.25,1.9947977107480912
2390,2174_LeafPhotoA_2025-09-09 12_15_14.269-05_00_1.png,2.25,2.175278907890677
2391,2174_LeafPhotoA_2025-09-09 12_15_14.269-05_00_2.png,2.25,2.3005319320986843
2392,2174_LeafPhotoA_2025-09-09 12_15_14.269-05_00_3.png,2.25,2.174010728057093
2393,1702_LeafPhotoA_2025-09-09 10_12_12.772-05_00_3.png,3.0,1.9269170757768737
2394,1702_LeafPhotoA_2025-09-09 10_12_12.772-05_00_1.png,3.0,1.89955359378082
2395,1702_LeafPhotoA_2025-09-09 10_12_12.772-05_00_0.png,3.0,2.081502779808553
2396,1702_LeafPhotoA_2025-09-09 10_12_12.772-05_00_2.png,3.0,2.003692915976622
2412,2101_LeafPhotoA_2025-09-08 10_53_40.932-05_00_3.png,1.75,1.8163773826980323
2413,2101_LeafPhotoA_2025-09-08 10_53_40.932-05_00_0.png,1.75,1.6312832285765413
2414,2101_LeafPhotoA_2025-09-08 10_53_40.932-05_00_1.png,1.75,1.682667124939195
2415,2101_LeafPhotoA_2025-09-08 10_53_40.932-05_00_2.png,1.75,1.8304020272504116
2446,2201_LeafPhotoA_2025-09-08 10_47_11.543-05_00_3.png,1.0,1.7368829206877925
2447,2201_LeafPhotoA_2025-09-08 10_47_11.543-05_00_0.png,1.0,1.7677018675196825
2448,2201_LeafPhotoA_2025-09-08 10_47_11.543-05_00_1.png,1.0,1.7804560374440777
2449,2201_LeafPhotoA_2025-09-08 10_47_11.543-05_00_2.png,1.0,1.7451586591600283
2454,1784_LeafPhotoA_2025-09-09 09_29_57.480-05_00_1.png,1.5,1.7601448047741
2455,1784_LeafPhotoA_2025-09-09 09_29_57.480-05_00_2.png,1.5,1.8245200476432215
2456,1784_LeafPhotoA_2025-09-09 09_29_57.480-05_00_3.png,1.5,1.8572946842486067
2457,1784_LeafPhotoA_2025-09-09 09_29_57.480-05_00_0.png,1.5,1.7100113064824762
2458,2756_LeafPhotoA_2025-09-09 16_27_37.923-05_00_0.png,1.25,1.9145444766810302
2459,2756_LeafPhotoA_2025-09-09 16_27_37.923-05_00_1.png,1.25,1.9754411829624232
2460,1329_LeafPhotoA_2025-09-08 09_56_53.667-05_00_2.png,2.5,2.106960608843659
2461,1329_LeafPhotoA_2025-09-08 09_56_53.667-05_00_1.png,2.5,2.1678064842512055
2462,1329_LeafPhotoA_2025-09-08 09_56_53.667-05_00_3.png,2.5,2.0002615500738092
2463,1329_LeafPhotoA_2025-09-08 09_56_53.667-05_00_0.png,2.5,2.076286882579064
2464,1616_LeafPhotoA_2025-09-09 09_41_23.675-05_00_0.png,2.0,1.7997959786131577
2465,1616_LeafPhotoA_2025-09-09 09_41_23.675-05_00_1.png,2.0,1.7321122074506474
2466,1616_LeafPhotoA_2025-09-09 09_41_23.675-05_00_2.png,2.0,1.7207500415095962
2467,1616_LeafPhotoA_2025-09-09 09_41_23.675-05_00_3.png,2.0,1.68365467412409
2468,2562_LeafPhotoA_2025-09-09 10_59_13.146-05_00_1.png,2.5,1.7864291144858238
2469,2562_LeafPhotoA_2025-09-09 10_59_13.146-05_00_0.png,2.5,1.7784320884237552
2470,2562_LeafPhotoA_2025-09-09 10_59_13.146-05_00_2.png,2.5,1.8767217693794107
2490,1186_LeafPhotoA_2025-09-08 16_05_34.142-05_00_0.png,1.25,1.9329493160045197
2491,1186_LeafPhotoA_2025-09-08 16_05_34.142-05_00_3.png,1.25,1.9114049156011474
2492,1186_LeafPhotoA_2025-09-08 16_05_34.142-05_00_2.png,1.25,1.9121141441252445
2493,1186_LeafPhotoA_2025-09-08 16_05_34.142-05_00_1.png,1.25,1.8090388317392954
2528,1155_LeafPhotoA_2025-09-08 16_53_48.092-05_00_0.png,1.75,2.029471194936923
2529,1155_LeafPhotoA_2025-09-08 16_53_48.092-05_00_2.png,1.75,1.9240728613881066
2530,1155_LeafPhotoA_2025-09-08 16_53_48.092-05_00_1.png,1.75,1.953803356075095
2546,,1.25,1.5941984662709023
2592,,2.0,1.5941984662709023
2601,1445_LeafPhotoB_2025-09-08 10_34_53.870-05_00_3.png,1.5,1.6791378162359456
2602,1445_LeafPhotoB_2025-09-08 10_34_53.870-05_00_1.png,1.5,1.6778796484644416
2603,1445_LeafPhotoB_2025-09-08 10_34_53.870-05_00_0.png,1.5,1.8043132878043875
2604,1445_LeafPhotoB_2025-09-08 10_34_53.870-05_00_2.png,1.5,1.732201511888683
2613,2703_LeafPhotoA_2025-09-09 10_15_56.392-05_00_2.png,4.25,2.221915516365462
2614,2703_LeafPhotoA_2025-09-09 10_15_56.392-05_00_1.png,4.25,2.3045272867706235
2615,2703_LeafPhotoA_2025-09-09 10_15_56.392-05_00_0.png,4.25,2.3419135878955917
2616,2703_LeafPhotoA_2025-09-09 10_15_56.392-05_00_3.png,4.25,2.1640843053696086
2625,1234_LeafPhotoA_2025-09-08 10_19_27.121-05_00_2.png,1.5,1.69923876138765
2626,1234_LeafPhotoA_2025-09-08 10_19_27.121-05_00_0.png,1.5,1.8568038455379519
2627,1234_LeafPhotoA_2025-09-08 10_19_27.121-05_00_1.png,1.5,1.6793842903009208
2628,1234_LeafPhotoA_2025-09-08 10_19_27.121-05_00_3.png,1.5,1.7105167987126064
2646,2266_LeafPhotoA_2025-09-08 17_17_09.917-05_00_2.png,2.75,2.0585715875971258
2647,2266_LeafPhotoA_2025-09-08 17_17_09.917-05_00_3.png,2.75,2.1055149410716223
2648,2266_LeafPhotoA_2025-09-08 17_17_09.917-05_00_0.png,2.75,2.0639255103395477
2649,2266_LeafPhotoA_2025-09-08 17_17_09.917-05_00_1.png,2.75,1.997513961660224
2662,2978_LeafPhotoA_2025-09-09 16_28_25.306-05_00_3.png,1.5,1.7427399301573994
2663,2978_LeafPhotoA_2025-09-09 16_28_25.306-05_00_0.png,1.5,1.767462381388767
2664,2978_LeafPhotoA_2025-09-09 16_28_25.306-05_00_1.png,1.5,1.7257419803923284
2665,2978_LeafPhotoA_2025-09-09 16_28_25.306-05_00_2.png,1.5,1.6391619848157404
2687,1891_LeafPhotoA_2025-09-09 17_16_06.533-05_00_0.png,1.5,1.9680232663484287
2688,1891_LeafPhotoA_2025-09-09 17_16_06.533-05_00_1.png,1.5,1.9900918588863525
2689,1891_LeafPhotoA_2025-09-09 17_16_06.533-05_00_3.png,1.5,1.7803738780770653
2690,1891_LeafPhotoA_2025-09-09 17_16_06.533-05_00_2.png,1.5,1.8388665862517164
2719,1144_LeafPhotoA_2025-09-08 10_40_26.306-05_00_1.png,2.25,1.9465196323418812
2720,1144_LeafPhotoA_2025-09-08 10_40_26.306-05_00_0.png,2.25,1.9164959478771024
2721,1144_LeafPhotoA_2025-09-08 10_40_26.306-05_00_3.png,2.25,2.145236771148848
2722,1144_LeafPhotoA_2025-09-08 10_40_26.306-05_00_2.png,2.25,1.9600277862456161
2753,1621_LeafPhotoA_2025-09-09 09_52_05.240-05_00_2.png,1.25,1.660303192876687
2754,1621_LeafPhotoA_2025-09-09 09_52_05.240-05_00_1.png,1.25,1.6515112726390277
2755,1621_LeafPhotoA_2025-09-09 09_52_05.240-05_00_3.png,1.25,1.7047905115247766
2756,1621_LeafPhotoA_2025-09-09 09_52_05.240-05_00_0.png,1.25,1.8801166843535515
2757,,2.5,1.5941984662709023
2774,1288_LeafPhotoA_2025-09-08 15_59_14.840-05_00_0.png,1.5,1.9579696929975423
2775,1288_LeafPhotoA_2025-09-08 15_59_14.840-05_00_2.png,1.5,1.8235787865398834
2776,1288_LeafPhotoA_2025-09-08 15_59_14.840-05_00_1.png,1.5,1.9374315530436725
2784,1648_LeafPhotoA_2025-09-09 10_43_26.038-05_00_0.png,2.0,1.9230185111666618
2785,1648_LeafPhotoA_2025-09-09 10_43_26.038-05_00_1.png,2.0,1.8900325547641001
2786,1648_LeafPhotoA_2025-09-09 10_43_26.038-05_00_2.png,2.0,1.9517816433813449
2787,1648_LeafPhotoA_2025-09-09 10_43_26.038-05_00_3.png,2.0,2.0191538126435944
2805,,1.75,1.5941984662709023
2807,1415_LeafPhotoB_2025-09-08 10_09_27.941-05_00_0.png,1.25,1.6787235907340639
2808,1415_LeafPhotoB_2025-09-08 10_09_27.941-05_00_1.png,1.25,1.7936659170051426
2809,1415_LeafPhotoB_2025-09-08 10_09_27.941-05_00_2.png,1.25,1.7511332527605266
2810,1415_LeafPhotoB_2025-09-08 10_09_27.941-05_00_3.png,1.25,1.8450815203807425
2811,1829_LeafPhotoA_2025-09-09 09_31_52.096-05_00_0.png,2.25,1.6150060133190574
2812,1829_LeafPhotoA_2025-09-09 09_31_52.096-05_00_1.png,2.25,1.6464010428869054
2813,1829_LeafPhotoA_2025-09-09 09_31_52.096-05_00_2.png,2.25,1.6878313178949411
2814,1829_LeafPhotoA_2025-09-09 09_31_52.096-05_00_3.png,2.25,1.7040201926977923
2827,2802_LeafPhotoA_2025-09-09 10_10_24.476-05_00_0.png,2.25,1.8253607586849532
2828,2802_LeafPhotoA_2025-09-09 10_10_24.476-05_00_1.png,2.25,1.8606806038106924
2829,2802_LeafPhotoA_2025-09-09 10_10_24.476-05_00_2.png,2.25,1.8045480978174857
2830,2802_LeafPhotoA_2025-09-09 10_10_24.476-05_00_3.png,2.25,1.752303487334823
2831,1057_LeafPhotoA_2025-09-08 12_48_09.886-05_00_1.png,4.0,2.0348727762914245
2832,1057_LeafPhotoA_2025-09-08 12_48_09.886-05_00_0.png,4.0,2.0971468105458877
2833,1803_LeafPhotoA_2025-09-09 08_52_14.872-05_00_0.png,1.5,1.7468524318456
2834,1803_LeafPhotoA_2025-09-09 08_52_14.872-05_00_3.png,1.5,1.7311094752837564
2835,1803_LeafPhotoA_2025-09-09 08_52_14.872-05_00_1.png,1.5,1.6732407628088535
2836,1803_LeafPhotoA_2025-09-09 08_52_14.872-05_00_2.png,1.5,1.7345828887113597
2865,2532_LeafPhotoA_2025-09-09 10_30_36.212-05_00_0.png,1.5,1.9175365352137408
2866,2532_LeafPhotoA_2025-09-09 10_30_36.212-05_00_1.png,1.5,1.9700716834308423
2867,2532_LeafPhotoA_2025-09-09 10_30_36.212-05_00_2.png,1.5,2.1399190982937237
2868,2532_LeafPhotoA_2025-09-09 10_30_36.212-05_00_3.png,1.5,2.089539385087361
2876,2519_LeafPhotoA_2025-09-09 10_16_07.193-05_00_0.png,1.25,1.8244994560648216
2877,2519_LeafPhotoA_2025-09-09 10_16_07.193-05_00_1.png,1.25,1.924319000650729
2878,2519_LeafPhotoA_2025-09-09 10_16_07.193-05_00_2.png,1.25,1.8394414397374321
2879,2519_LeafPhotoA_2025-09-09 10_16_07.193-05_00_3.png,1.25,1.9509981161581147
2964,2783_LeafPhotoA_2025-09-09 15_14_29.872-05_00_1.png,1.25,2.1105480347704724
2965,2783_LeafPhotoA_2025-09-09 15_14_29.872-05_00_2.png,1.25,2.074925621202736
2966,2783_LeafPhotoA_2025-09-09 15_14_29.872-05_00_0.png,1.25,2.0842580352108895
2967,2783_LeafPhotoA_2025-09-09 15_14_29.872-05_00_3.png,1.25,1.8901500982945934
2984,2331_LeafPhotoA_2025-09-08 10_59_46.770-05_00_2.png,2.5,1.9012669878066555
2985,2331_LeafPhotoA_2025-09-08 10_59_46.770-05_00_0.png,2.5,1.7519527027020851
2986,2331_LeafPhotoA_2025-09-08 10_59_46.770-05_00_1.png,2.5,2.014762684843482
2987,2993_LeafPhotoA_2025-09-09 16_47_51.394-05_00_2.png,1.5,2.237165586560734
2988,2993_LeafPhotoA_2025-09-09 16_47_51.394-05_00_1.png,1.5,2.136426600659781
2989,2993_LeafPhotoA_2025-09-09 16_47_51.394-05_00_0.png,1.5,1.8280640088317783
2990,2993_LeafPhotoA_2025-09-09 16_47_51.394-05_00_3.png,1.5,2.0614444678075223
3007,2729_LeafPhotoA_2025-09-09 10_55_26.872-05_00_2.png,2.75,2.155021964992672
3008,2729_LeafPhotoA_2025-09-09 10_55_26.872-05_00_0.png,2.75,1.9608217046510017
3009,2729_LeafPhotoA_2025-09-09 10_55_26.872-05_00_3.png,2.75,2.0543068626339487
3010,2729_LeafPhotoA_2025-09-09 10_55_26.872-05_00_1.png,2.75,1.8264158504450827
3023,1616_LeafPhotoA_2025-09-09 09_40_32.568-05_00_0.png,1.5,1.804133087285952
3024,1616_LeafPhotoA_2025-09-09 09_40_32.568-05_00_1.png,1.5,1.7466815153008444
3025,1616_LeafPhotoA_2025-09-09 09_40_32.568-05_00_2.png,1.5,1.7101871402040814
3034,,1.75,1.5941984662709023
3039,2734_LeafPhotoA_2025-09-09 11_00_52.812-05_00_1.png,2.25,2.141394126212625
3040,2734_LeafPhotoA_2025-09-09 11_00_52.812-05_00_2.png,2.25,2.354876237629492
3041,2734_LeafPhotoA_2025-09-09 11_00_52.812-05_00_0.png,2.25,2.092654497913025
3042,2734_LeafPhotoA_2025-09-09 11_00_52.812-05_00_3.png,2.25,2.1786586509130155
3084,2246_LeafPhotoA_2025-09-08 11_58_26.493-05_00_0.png,2.25,1.9171787075127087
3085,2246_LeafPhotoA_2025-09-08 11_58_26.493-05_00_1.png,2.25,1.9884350820278014
3086,2246_LeafPhotoA_2025-09-08 11_58_26.493-05_00_3.png,2.25,1.886592335097609
3087,2246_LeafPhotoA_2025-09-08 11_58_26.493-05_00_2.png,2.25,1.865335599785168
3088,1815_LeafPhotoA_2025-09-09 09_11_30.894-05_00_0.png,1.25,1.8093166989623166
3106,2916_LeafPhotoA_2025-09-09 16_36_27.915-05_00_1.png,3.0,1.920967424199199
3107,2916_LeafPhotoA_2025-09-09 16_36_27.915-05_00_0.png,3.0,1.8770814536381155
3108,2916_LeafPhotoA_2025-09-09 16_36_27.915-05_00_2.png,3.0,1.7288463901455873
3113,2234_LeafPhotoA_2025-09-08 11_39_01.597-05_00_1.png,1.5,1.6479873107593606
3114,2234_LeafPhotoA_2025-09-08 11_39_01.597-05_00_2.png,1.5,1.7233547819274164
3115,2234_LeafPhotoA_2025-09-08 11_39_01.597-05_00_0.png,1.5,1.552919514694486
3116,2234_LeafPhotoA_2025-09-08 11_39_01.597-05_00_3.png,1.5,1.7608153958090966
3121,1615_LeafPhotoA_2025-09-09 09_38_30.259-05_00_0.png,1.75,2.071384252345472
3122,1615_LeafPhotoA_2025-09-09 09_38_30.259-05_00_1.png,1.75,2.102603184715452
3123,1615_LeafPhotoA_2025-09-09 09_38_30.259-05_00_3.png,1.75,1.8816258412693687
3124,1615_LeafPhotoA_2025-09-09 09_38_30.259-05_00_2.png,1.75,1.8931052038024732
3137,1528_LeafPhotoA_2025-09-09 09_26_28.328-05_00_0.png,3.25,2.0436193604646347
3138,1528_LeafPhotoA_2025-09-09 09_26_28.328-05_00_1.png,3.25,2.265817631247535
3139,1528_LeafPhotoA_2025-09-09 09_26_28.328-05_00_2.png,3.25,2.359737813270321
3140,1528_LeafPhotoA_2025-09-09 09_26_28.328-05_00_3.png,3.25,2.2937541318022032
3165,1566_LeafPhotoA_2025-09-09 10_03_07.791-05_00_3.png,1.5,1.7690811338348853
3166,1566_LeafPhotoA_2025-09-09 10_03_07.791-05_00_0.png,1.5,1.6556316527905484
3167,1566_LeafPhotoA_2025-09-09 10_03_07.791-05_00_2.png,1.5,1.7146472997059048
3168,1566_LeafPhotoA_2025-09-09 10_03_07.791-05_00_1.png,1.5,1.718285865379194
3173,2444_LeafPhotoB_2025-09-08 11_19_56.783-05_00_0.png,2.25,2.0149912160718317
3174,2444_LeafPhotoB_2025-09-08 11_19_56.783-05_00_1.png,2.25,2.3194044605500928
3175,2444_LeafPhotoB_2025-09-08 11_19_56.783-05_00_2.png,2.25,2.1548172939045496
3176,2444_LeafPhotoB_2025-09-08 11_19_56.783-05_00_3.png,2.25,1.990492895352573
3193,,1.25,1.5941984662709023
3206,1599_LeafPhotoA_2025-09-09 10_23_41.725-05_00_0.png,1.5,1.7989134452390787
3240,1411_LeafPhotoB_2025-09-08 10_05_27.189-05_00_0.png,1.25,1.66007849820512
3241,1411_LeafPhotoB_2025-09-08 10_05_27.189-05_00_1.png,1.25,1.6447701822292453
3242,1411_LeafPhotoB_2025-09-08 10_05_27.189-05_00_2.png,1.25,1.6475981674991573
3243,1411_LeafPhotoB_2025-09-08 10_05_27.189-05_00_3.png,1.25,1.6193196188996557
3249,1011_LeafPhotoA_2025-09-08 09_42_35.227-05_00_0.png,2.25,2.0547869659096927
3250,1011_LeafPhotoA_2025-09-08 09_42_35.227-05_00_1.png,2.25,2.138979526437079
3251,1011_LeafPhotoA_2025-09-08 09_42_35.227-05_00_2.png,2.25,2.234339280066821
3255,2716_LeafPhotoA_2025-09-09 10_35_36.382-05_00_0.png,2.75,2.044714244086563
3256,2716_LeafPhotoA_2025-09-09 10_35_36.382-05_00_1.png,2.75,1.8434565700319734
3257,2202_LeafPhotoA_2025-09-08 10_48_52.303-05_00_1.png,1.5,1.6962883021261488
3258,2202_LeafPhotoA_2025-09-08 10_48_52.303-05_00_3.png,1.5,1.7204694018164526
3259,2202_LeafPhotoA_2025-09-08 10_48_52.303-05_00_0.png,1.5,1.6395264301795718
3260,2202_LeafPhotoA_2025-09-08 10_48_52.303-05_00_2.png,1.5,1.7947911674923696
3285,1933_LeafPhotoA_2025-09-09 15_28_49.123-05_00_0.png,2.25,1.8274514810242994
3286,1933_LeafPhotoA_2025-09-09 15_28_49.123-05_00_1.png,2.25,1.8841923393701887
3287,1933_LeafPhotoA_2025-09-09 15_28_49.123-05_00_2.png,2.25,1.932576963924717
3288,1933_LeafPhotoA_2025-09-09 15_28_49.123-05_00_3.png,2.25,1.84858219822911
3311,1828_LeafPhotoA_2025-09-09 09_30_57.848-05_00_0.png,2.0,1.808132327545716
3312,1828_LeafPhotoA_2025-09-09 09_30_57.848-05_00_1.png,2.0,1.6871438413047317
3313,1828_LeafPhotoA_2025-09-09 09_30_57.848-05_00_2.png,2.0,1.6918389935035756
3314,1828_LeafPhotoA_2025-09-09 09_30_57.848-05_00_3.png,2.0,1.6656104867354857
3326,2866_LeafPhotoA_2025-09-09 14_51_42.101-05_00_1.png,1.25,2.058256367876941
3327,2866_LeafPhotoA_2025-09-09 14_51_42.101-05_00_0.png,1.25,2.0813702811595984
3351,1815_LeafPhotoA_2025-09-09 09_11_08.154-05_00_2.png,1.5,1.6876298813912387
3352,1815_LeafPhotoA_2025-09-09 09_11_08.154-05_00_3.png,1.5,1.7678809704482712
3353,1815_LeafPhotoA_2025-09-09 09_11_08.154-05_00_1.png,1.5,1.783156851224649
3354,1815_LeafPhotoA_2025-09-09 09_11_08.154-05_00_0.png,1.5,1.8425464170037265
3365,2184_LeafPhotoA_2025-09-09 12_29_02.951-05_00_0.png,1.25,1.870233558582963
3366,2184_LeafPhotoA_2025-09-09 12_29_02.951-05_00_2.png,1.25,1.921082495946177
3367,2184_LeafPhotoA_2025-09-09 12_29_02.951-05_00_1.png,1.25,1.9393339897519692
3368,2184_LeafPhotoA_2025-09-09 12_29_02.951-05_00_3.png,1.25,2.058303308246298
3370,1904_LeafPhotoA_2025-09-09 14_39_09.961-05_00_0.png,4.75,2.190499694004663
3371,1904_LeafPhotoA_2025-09-09 14_39_09.961-05_00_2.png,4.75,2.3003350273133174
3372,1904_LeafPhotoA_2025-09-09 14_39_09.961-05_00_1.png,4.75,2.1421966475727383
3405,2662_LeafPhotoA_2025-09-09 11_35_09.264-05_00_0.png,2.25,2.1320595472249533
3406,2662_LeafPhotoA_2025-09-09 11_35_09.264-05_00_1.png,2.25,2.1747944285005283
3407,2662_LeafPhotoA_2025-09-09 11_35_09.264-05_00_3.png,2.25,2.2452081274499296
3408,2662_LeafPhotoA_2025-09-09 11_35_09.264-05_00_2.png,2.25,2.295391950553801
3441,2395_LeafPhotoA_2025-09-08 12_20_11.123-05_00_1.png,2.25,2.060912427545205
3442,2395_LeafPhotoA_2025-09-08 12_20_11.123-05_00_3.png,2.25,2.072277038842006
3443,2395_LeafPhotoA_2025-09-08 12_20_11.123-05_00_0.png,2.25,2.0110129793197107
3444,2395_LeafPhotoA_2025-09-08 12_20_11.123-05_00_2.png,2.25,2.165402671959319
3479,5031_LeafPhotoA_2025-09-09 16_57_35.057-05_00_3.png,1.25,1.7007408502472123
3480,5031_LeafPhotoA_2025-09-09 16_57_35.057-05_00_0.png,1.25,1.8011792810041123
3481,5031_LeafPhotoA_2025-09-09 16_57_35.057-05_00_2.png,1.25,1.651597606996943
3482,5031_LeafPhotoA_2025-09-09 16_57_35.057-05_00_1.png,1.25,1.6070469550075246
3499,1307_LeafPhotoA_2025-09-08 09_22_15.163-05_00_3.png,1.75,1.865180074717058
3500,1307_LeafPhotoA_2025-09-08 09_22_15.163-05_00_2.png,1.75,1.7901827842497957
3501,1307_LeafPhotoA_2025-09-08 09_22_15.163-05_00_0.png,1.75,1.8081346471859976
3502,1307_LeafPhotoA_2025-09-08 09_22_15.163-05_00_1.png,1.75,1.783474231215763
3517,2120_LeafPhotoA_2025-09-08 11_31_02.513-05_00_0.png,1.25,1.8064372737618306
3518,2120_LeafPhotoA_2025-09-08 11_31_02.513-05_00_1.png,1.25,1.7906975060621035
3519,2120_LeafPhotoA_2025-09-08 11_31_02.513-05_00_3.png,1.25,1.822111317640209
3520,2120_LeafPhotoA_2025-09-08 11_31_02.513-05_00_2.png,1.25,1.8861144259963678
3521,1259_LeafPhotoA_2025-09-08 16_30_12.453-05_00_1.png,2.25,2.0850388567575466
3522,1259_LeafPhotoA_2025-09-08 16_30_12.453-05_00_3.png,2.25,2.010521972284574
3523,1259_LeafPhotoA_2025-09-08 16_30_12.453-05_00_0.png,2.25,2.0062159448939774
3524,1259_LeafPhotoA_2025-09-08 16_30_12.453-05_00_2.png,2.25,1.9788339146488945
3533,2318_LeafPhotoA_2025-09-08 10_46_40.691-05_00_0.png,1.0,1.7784491341696014
3534,2318_LeafPhotoA_2025-09-08 10_46_40.691-05_00_1.png,1.0,1.7799282650399118
3535,2318_LeafPhotoA_2025-09-08 10_46_40.691-05_00_3.png,1.0,1.7360270240434235
3536,2318_LeafPhotoA_2025-09-08 10_46_40.691-05_00_2.png,1.0,1.7391624098282483
3546,1806_LeafPhotoA_2025-09-09 08_58_19.870-05_00_0.png,3.0,1.6861207345828613
3547,1806_LeafPhotoA_2025-09-09 08_58_32.090-05_00_2.png,1.75,1.679501029475096
3548,1806_LeafPhotoA_2025-09-09 08_58_32.090-05_00_3.png,1.75,1.6806382672867217
3549,1806_LeafPhotoA_2025-09-09 08_58_32.090-05_00_0.png,1.75,1.6011908497316127
3550,1806_LeafPhotoA_2025-09-09 08_58_32.090-05_00_1.png,1.75,1.738690363439878
3551,2205_LeafPhotoA_2025-09-08 10_52_49.920-05_00_1.png,2.0,1.635736914483264
3552,2205_LeafPhotoA_2025-09-08 10_52_49.920-05_00_3.png,2.0,1.7338919293780264
3553,2205_LeafPhotoA_2025-09-08 10_52_49.920-05_00_0.png,2.0,1.718731488586341
3554,2205_LeafPhotoA_2025-09-08 10_52_49.920-05_00_2.png,2.0,1.7320392876400894
3555,2205_LeafPhotoA_2025-09-08 10_52_29.620-05_00_2.png,1.25,1.8604279060279543
3556,2205_LeafPhotoA_2025-09-08 10_52_29.620-05_00_1.png,1.25,1.8588253665140737
3557,2205_LeafPhotoA_2025-09-08 10_52_29.620-05_00_0.png,1.25,1.9484348979046524
3558,2205_LeafPhotoA_2025-09-08 10_52_29.620-05_00_3.png,1.25,1.7824744181029155
3559,1806_LeafPhotoA_2025-09-09 08_58_50.435-05_00_1.png,2.25,1.766124787597636
3560,1806_LeafPhotoA_2025-09-09 08_58_50.435-05_00_2.png,2.25,1.753806504930735
3561,1806_LeafPhotoA_2025-09-09 08_58_50.435-05_00_3.png,2.25,1.725468119100141
3562,1806_LeafPhotoA_2025-09-09 08_58_50.435-05_00_0.png,2.25,1.7728405642126028
3563,2205_LeafPhotoA_2025-09-08 10_52_09.894-05_00_0.png,1.5,1.748609014831566
3564,2205_LeafPhotoA_2025-09-08 10_52_09.894-05_00_3.png,1.5,1.7320856546811472
3565,2205_LeafPhotoA_2025-09-08 10_52_09.894-05_00_2.png,1.5,1.7807742062289282
3566,2205_LeafPhotoA_2025-09-08 10_52_09.894-05_00_1.png,1.5,1.7691853651956806
3,2601_LeafPhotoA_2025-09-09 10_53_20.928-05_00_1.png,1.0,1.73601899585336
4,2601_LeafPhotoA_2025-09-09 10_53_20.928-05_00_0.png,1.0,1.7690084707353462
5,2601_LeafPhotoA_2025-09-09 10_53_20.928-05_00_2.png,1.0,1.8126617608004036
6,2601_LeafPhotoA_2025-09-09 10_53_20.928-05_00_3.png,1.0,1.7435932929192413
34,1483_LeafPhotoB_2025-09-08 16_48_33.487-05_00_1.png,1.25,1.8186696584074684
35,1483_LeafPhotoB_2025-09-08 16_48_33.487-05_00_0.png,1.25,1.8123111769909375
36,1483_LeafPhotoB_2025-09-08 16_48_33.487-05_00_2.png,1.25,1.6294630283824376
37,1483_LeafPhotoB_2025-09-08 16_48_33.487-05_00_3.png,1.25,1.5990397597006525
66,1864_LeafPhotoA_2025-09-09 16_54_10.885-05_00_3.png,2.25,1.7985029133555634
67,1864_LeafPhotoA_2025-09-09 16_54_10.885-05_00_2.png,2.25,1.8230786670473196
68,1864_LeafPhotoA_2025-09-09 16_54_10.885-05_00_1.png,2.25,1.8332580054605978
69,1864_LeafPhotoA_2025-09-09 16_54_10.885-05_00_0.png,2.25,1.8917327839429234
70,1459_LeafPhotoB_2025-09-08 12_35_29.491-05_00_2.png,2.5,1.9761543233240217
71,1459_LeafPhotoB_2025-09-08 12_35_29.491-05_00_0.png,2.5,1.9304577724906686
72,1459_LeafPhotoB_2025-09-08 12_35_29.491-05_00_1.png,2.5,2.0192767273719294
81,2330_LeafPhotoA_2025-09-08 10_58_31.927-05_00_3.png,1.25,1.778484602353701
82,2330_LeafPhotoA_2025-09-08 10_58_31.927-05_00_0.png,1.25,1.8769084258427329
83,2330_LeafPhotoA_2025-09-08 10_58_31.927-05_00_2.png,1.25,1.7837199597250868
84,2330_LeafPhotoA_2025-09-08 10_58_31.927-05_00_1.png,1.25,1.7144093419158248
138,1945_LeafPhotoA_2025-09-09 16_03_25.425-05_00_0.png,2.0,2.07803397533767
139,1945_LeafPhotoA_2025-09-09 16_03_25.425-05_00_1.png,2.0,1.7562180154941374
179,1984_LeafPhotoA_2025-09-09 16_31_27.437-05_00_2.png,1.25,1.6892048846012668
180,1984_LeafPhotoA_2025-09-09 16_31_27.437-05_00_0.png,1.25,1.8061668451768105
181,1984_LeafPhotoA_2025-09-09 16_31_27.437-05_00_1.png,1.25,1.674728488509255
182,2965_LeafPhotoA_2025-09-09 16_10_16.858-05_00_2.png,1.75,2.044985299519452
183,2965_LeafPhotoA_2025-09-09 16_10_16.858-05_00_0.png,1.75,1.9164007151080489
184,2965_LeafPhotoA_2025-09-09 16_10_16.858-05_00_1.png,1.75,1.938931215499328
185,2965_LeafPhotoA_2025-09-09 16_10_16.858-05_00_3.png,1.75,2.0999862280929427
194,1209_LeafPhotoA_2025-09-08 09_37_14.965-05_00_2.png,1.25,1.6148689978680304
195,1209_LeafPhotoA_2025-09-08 09_37_14.965-05_00_0.png,1.25,1.8017119844129317
196,1209_LeafPhotoA_2025-09-08 09_37_14.965-05_00_3.png,1.25,1.6019051666535227
197,1209_LeafPhotoA_2025-09-08 09_37_14.965-05_00_1.png,1.25,1.7038497111655975
198,1644_LeafPhotoA_2025-09-09 10_35_46.183-05_00_0.png,1.5,1.7624450427023952
199,1644_LeafPhotoA_2025-09-09 10_35_46.183-05_00_1.png,1.5,1.6892741817078116
200,1644_LeafPhotoA_2025-09-09 10_35_46.183-05_00_2.png,1.5,1.6668589286100899
201,1644_LeafPhotoA_2025-09-09 10_35_46.183-05_00_3.png,1.5,1.7077485637248597
202,2905_LeafPhotoA_2025-09-09 16_23_24.410-05_00_3.png,3.0,2.022031477398447
203,2905_LeafPhotoA_2025-09-09 16_23_24.410-05_00_1.png,3.0,1.9299899221292405
204,2905_LeafPhotoA_2025-09-09 16_23_24.410-05_00_2.png,3.0,2.073406131922773
205,2905_LeafPhotoA_2025-09-09 16_23_24.410-05_00_0.png,3.0,1.8516491252090121
218,2680_LeafPhotoA_2025-09-09 11_02_16.370-05_00_0.png,3.0,1.928715948815117
219,2680_LeafPhotoA_2025-09-09 11_02_16.370-05_00_1.png,3.0,1.7664446299923278
220,2680_LeafPhotoA_2025-09-09 11_02_16.370-05_00_3.png,3.0,1.815965357251251
221,2680_LeafPhotoA_2025-09-09 11_02_16.370-05_00_2.png,3.0,1.798990495289742
249,1877_LeafPhotoA_2025-09-09 17_04_30.257-05_00_0.png,1.5,1.8148701085707668
250,1877_LeafPhotoA_2025-09-09 17_04_30.257-05_00_1.png,1.5,1.842362317252894
251,1877_LeafPhotoA_2025-09-09 17_04_30.257-05_00_2.png,1.5,1.8326791282726855
252,1877_LeafPhotoA_2025-09-09 17_04_30.257-05_00_3.png,1.5,1.809010226676345
292,6024_LeafPhotoA_2025-09-09 16_37_05.339-05_00_0.png,1.0,1.9673715756565988
313,2891_LeafPhotoA_2025-09-09 14_01_28.259-05_00_0.png,1.75,1.822287561824712
314,2891_LeafPhotoA_2025-09-09 14_01_28.259-05_00_1.png,1.75,1.9169687156382205
315,2891_LeafPhotoA_2025-09-09 14_01_28.259-05_00_2.png,1.75,1.7283174847526632
316,2891_LeafPhotoA_2025-09-09 14_01_28.259-05_00_3.png,1.75,1.6913619445713095
317,1233_LeafPhotoA_2025-09-08 10_18_11.748-05_00_2.png,1.0,1.8144991925321838
318,1233_LeafPhotoA_2025-09-08 10_18_11.748-05_00_1.png,1.0,1.7561076771525688
319,1233_LeafPhotoA_2025-09-08 10_18_11.748-05_00_0.png,1.0,1.697423151757227
348,1834_LeafPhotoA_2025-09-09 09_42_27.442-05_00_0.png,2.5,1.683263838081852
349,1834_LeafPhotoA_2025-09-09 09_42_27.442-05_00_1.png,2.5,1.728266643268869
350,1834_LeafPhotoA_2025-09-09 09_42_27.442-05_00_2.png,2.5,1.7125920921542062
351,1834_LeafPhotoA_2025-09-09 09_42_27.442-05_00_3.png,2.5,1.5643355096163722
376,2450_LeafPhotoB_2025-09-08 11_25_41.315-05_00_2.png,1.25,1.8440611598476337
377,2450_LeafPhotoB_2025-09-08 11_25_41.315-05_00_3.png,1.25,1.7192326342245072
378,2450_LeafPhotoB_2025-09-08 11_25_41.315-05_00_0.png,1.25,1.6157810761721354
379,2450_LeafPhotoB_2025-09-08 11_25_41.315-05_00_1.png,1.25,1.8043927223375764
415,1306_LeafPhotoA_2025-09-08 09_21_07.935-05_00_0.png,2.0,1.993716884995522
416,1306_LeafPhotoA_2025-09-08 09_21_07.935-05_00_1.png,2.0,1.9122283332816408
417,1306_LeafPhotoA_2025-09-08 09_21_07.935-05_00_2.png,2.0,1.9793395856844969
430,1151_LeafPhotoA_2025-09-08 16_59_29.011-05_00_0.png,2.0,1.9786258247936834
431,1151_LeafPhotoA_2025-09-08 16_59_29.011-05_00_1.png,2.0,1.9460879724707123
432,1151_LeafPhotoA_2025-09-08 16_59_29.011-05_00_2.png,2.0,1.8092003413539786
483,2908_LeafPhotoA_2025-09-09 16_27_08.906-05_00_1.png,2.25,1.7618196581397054
484,2908_LeafPhotoA_2025-09-09 16_27_08.906-05_00_3.png,2.25,1.890440127292583
485,2908_LeafPhotoA_2025-09-09 16_27_08.906-05_00_0.png,2.25,1.8072079472528375
486,2908_LeafPhotoA_2025-09-09 16_27_08.906-05_00_2.png,2.25,1.859944908222869
509,1101_LeafPhotoA_2025-09-08 10_50_13.286-05_00_3.png,2.75,1.893089247232242
510,1101_LeafPhotoA_2025-09-08 10_50_13.286-05_00_2.png,2.75,1.9572602916698307
511,1101_LeafPhotoA_2025-09-08 10_50_13.286-05_00_1.png,2.75,1.8766371699443483
512,1101_LeafPhotoA_2025-09-08 10_50_13.286-05_00_0.png,2.75,1.8157984355291823
517,2652_LeafPhotoA_2025-09-09 11_26_03.712-05_00_0.png,3.0,1.900498243482666
518,2652_LeafPhotoA_2025-09-09 11_26_03.712-05_00_3.png,3.0,1.8230131152423132
519,2652_LeafPhotoA_2025-09-09 11_26_03.712-05_00_2.png,3.0,1.9868001606022114
520,2652_LeafPhotoA_2025-09-09 11_26_03.712-05_00_1.png,3.0,2.0955853849739308
551,1711_LeafPhotoA_2025-09-09 09_06_57.472-05_00_0.png,4.5,2.1303727859043278
552,1711_LeafPhotoA_2025-09-09 09_06_57.472-05_00_1.png,4.5,2.2369064421095186
553,1711_LeafPhotoA_2025-09-09 09_06_57.472-05_00_2.png,4.5,2.1735320245379253
554,1711_LeafPhotoA_2025-09-09 09_06_57.472-05_00_3.png,4.5,2.0128813311480673
573,2071_LeafPhotoA_2025-09-08 12_06_01.483-05_00_0.png,2.5,1.7660446580494957
574,2071_LeafPhotoA_2025-09-08 12_06_01.483-05_00_1.png,2.5,1.6850989231607456
575,2071_LeafPhotoA_2025-09-08 12_06_01.483-05_00_2.png,2.5,1.8113337757622794
576,2071_LeafPhotoA_2025-09-08 12_06_01.483-05_00_3.png,2.5,1.8049822370969826
593,1758_LeafPhotoA_2025-09-09 10_31_19.555-05_00_3.png,2.0,1.8555243526611567
594,1758_LeafPhotoA_2025-09-09 10_31_19.555-05_00_1.png,2.0,2.008878087530661
595,1758_LeafPhotoA_2025-09-09 10_31_19.555-05_00_0.png,2.0,2.0384296420849255
596,1758_LeafPhotoA_2025-09-09 10_31_19.555-05_00_2.png,2.0,1.8636975397753246
613,,4.25,1.542029018571298
618,,2.0,1.542029018571298
631,1469_LeafPhotoB_2025-09-08 16_35_32.382-05_00_0.png,1.0,1.8705345325003804
632,1469_LeafPhotoB_2025-09-08 16_35_32.382-05_00_1.png,1.0,1.9075221205988415
633,1469_LeafPhotoB_2025-09-08 16_35_32.382-05_00_3.png,1.0,1.7444221242150797
634,1469_LeafPhotoB_2025-09-08 16_35_32.382-05_00_2.png,1.0,1.8290567140905765
659,1880_LeafPhotoA_2025-09-09 13_17_54.406-05_00_1.png,1.25,1.9652350927903377
660,1880_LeafPhotoA_2025-09-09 13_17_54.406-05_00_3.png,1.25,1.9551292316966669
661,1880_LeafPhotoA_2025-09-09 13_17_54.406-05_00_0.png,1.25,1.9138525310796024
662,1880_LeafPhotoA_2025-09-09 13_17_54.406-05_00_2.png,1.25,1.9121269784889185
663,2257_LeafPhotoA_2025-09-08 12_26_56.434-05_00_0.png,1.25,1.5496405573664667
664,2257_LeafPhotoA_2025-09-08 12_26_56.434-05_00_1.png,1.25,1.5311351352465907
665,2257_LeafPhotoA_2025-09-08 12_26_56.434-05_00_2.png,1.25,1.5336644810369655
666,2257_LeafPhotoA_2025-09-08 12_26_56.434-05_00_3.png,1.25,1.5950540805835884
686,1322_LeafPhotoA_2025-09-08 09_45_01.696-05_00_1.png,1.5,1.7023620198350267
687,1322_LeafPhotoA_2025-09-08 09_45_01.696-05_00_2.png,1.5,1.6520289729548627
688,1322_LeafPhotoA_2025-09-08 09_45_01.696-05_00_0.png,1.5,1.7023460372008163
689,1322_LeafPhotoA_2025-09-08 09_45_01.696-05_00_3.png,1.5,1.755122333573861
694,2552_LeafPhotoA_2025-09-09 11_07_31.178-05_00_0.png,1.75,1.952103377756145
695,2552_LeafPhotoA_2025-09-09 11_07_31.178-05_00_3.png,1.75,1.7574159218297176
696,2552_LeafPhotoA_2025-09-09 11_07_31.178-05_00_1.png,1.75,1.9001414057290609
697,2552_LeafPhotoA_2025-09-09 11_07_31.178-05_00_2.png,1.75,1.9385797423966942
713,1322_LeafPhotoA_2025-09-08 09_44_46.085-05_00_1.png,1.5,1.910880963646347
714,1322_LeafPhotoA_2025-09-08 09_44_46.085-05_00_2.png,1.5,1.9008223819989496
715,1322_LeafPhotoA_2025-09-08 09_44_46.085-05_00_3.png,1.5,1.8932287618821104
716,1322_LeafPhotoA_2025-09-08 09_44_46.085-05_00_0.png,1.5,1.9874956793113714
719,1813_LeafPhotoA_2025-09-09 09_08_08.790-05_00_3.png,1.75,1.7930132659737918
720,1813_LeafPhotoA_2025-09-09 09_08_08.790-05_00_2.png,1.75,1.7589268498242965
721,1813_LeafPhotoA_2025-09-09 09_08_08.790-05_00_1.png,1.75,1.8367878560530464
722,1813_LeafPhotoA_2025-09-09 09_08_08.790-05_00_0.png,1.75,1.7886959244316047
753,2156_LeafPhotoA_2025-09-08 12_32_46.869-05_00_0.png,3.25,2.0993866950759372
754,2156_LeafPhotoA_2025-09-08 12_32_46.869-05_00_1.png,3.25,2.062966492306856
755,2156_LeafPhotoA_2025-09-08 12_32_46.869-05_00_2.png,3.25,2.0002590311520265
773,2503_LeafPhotoA_2025-09-09 09_58_27.327-05_00_0.png,3.5,2.0729168349208975
774,2503_LeafPhotoA_2025-09-09 09_58_27.327-05_00_1.png,3.5,2.084294949431946
775,2503_LeafPhotoA_2025-09-09 09_58_27.327-05_00_2.png,3.5,2.1334492437924126
776,2503_LeafPhotoA_2025-09-09 09_58_27.327-05_00_3.png,3.5,2.113149805840015
831,2914_LeafPhotoA_2025-09-09 16_34_44.640-05_00_1.png,3.75,2.096998209468121
832,2914_LeafPhotoA_2025-09-09 16_34_44.640-05_00_3.png,3.75,1.8583023115014214
833,2914_LeafPhotoA_2025-09-09 16_34_44.640-05_00_2.png,3.75,2.014022210299589
834,2914_LeafPhotoA_2025-09-09 16_34_44.640-05_00_0.png,3.75,1.9248060128976348
859,1045_LeafPhotoA_2025-09-08 10_24_39.722-05_00_2.png,1.0,2.0872086826035154
860,1045_LeafPhotoA_2025-09-08 10_24_39.722-05_00_0.png,1.0,2.065843012472849
861,1045_LeafPhotoA_2025-09-08 10_24_39.722-05_00_3.png,1.0,2.060029266130756
862,1045_LeafPhotoA_2025-09-08 10_24_39.722-05_00_1.png,1.0,2.043187418310676
907,1284_LeafPhotoA_2025-09-08 16_03_49.001-05_00_1.png,1.25,1.7387118889094506
908,1284_LeafPhotoA_2025-09-08 16_03_49.001-05_00_0.png,1.25,1.8634659240863773
921,,3.75,1.542029018571298
922,1081_LeafPhotoA_2025-09-08 13_14_07.416-05_00_0.png,3.0,2.0246106184657857
923,1081_LeafPhotoA_2025-09-08 13_14_07.416-05_00_1.png,3.0,2.0498896797539405
924,1081_LeafPhotoA_2025-09-08 13_14_07.416-05_00_2.png,3.0,1.9140458798024595
925,1081_LeafPhotoA_2025-09-08 13_14_07.416-05_00_3.png,3.0,1.7741195711430813
934,1678_LeafPhotoA_2025-09-09 09_34_24.350-05_00_0.png,3.25,2.0115788969157773
935,1678_LeafPhotoA_2025-09-09 09_34_24.350-05_00_1.png,3.25,1.964168621604573
936,1678_LeafPhotoA_2025-09-09 09_34_24.350-05_00_2.png,3.25,1.994968087206767
960,1956_LeafPhotoA_2025-09-09 17_17_49.256-05_00_1.png,1.75,2.018592178049705
961,1956_LeafPhotoA_2025-09-09 17_17_49.256-05_00_2.png,1.75,1.9626023970869164
962,1956_LeafPhotoA_2025-09-09 17_17_49.256-05_00_3.png,1.75,1.7737214754951796
963,1956_LeafPhotoA_2025-09-09 17_17_49.256-05_00_0.png,1.75,2.0199821198932075
964,2897_LeafPhotoA_2025-09-09 13_55_49.813-05_00_0.png,1.25,1.8232609996642497
965,2897_LeafPhotoA_2025-09-09 13_55_49.813-05_00_2.png,1.25,1.6487977090812809
966,2897_LeafPhotoA_2025-09-09 13_55_49.813-05_00_1.png,1.25,1.7172149818275966
981,2455_LeafPhotoB_2025-09-08 11_32_47.648-05_00_0.png,4.0,1.9845972523456081
982,2455_LeafPhotoB_2025-09-08 11_32_47.648-05_00_3.png,4.0,2.177321718747513
983,2455_LeafPhotoB_2025-09-08 11_32_47.648-05_00_2.png,4.0,2.2298543919709752
984,2455_LeafPhotoB_2025-09-08 11_32_47.648-05_00_1.png,4.0,2.160937195744857
993,,2.75,1.542029018571298
994,1081_LeafPhotoA_2025-09-08 13_14_31.503-05_00_0.png,2.0,1.7986745950844243
995,1081_LeafPhotoA_2025-09-08 13_14_31.503-05_00_1.png,2.0,1.8227603243741977
996,1081_LeafPhotoA_2025-09-08 13_14_31.503-05_00_2.png,2.0,1.8175577446540108
997,1081_LeafPhotoA_2025-09-08 13_14_31.503-05_00_3.png,2.0,1.9456206712856277
998,1872_LeafPhotoA_2025-09-09 17_01_06.251-05_00_0.png,1.5,1.682977275988402
999,1872_LeafPhotoA_2025-09-09 17_01_06.251-05_00_2.png,1.5,1.890189221239142
1000,1872_LeafPhotoA_2025-09-09 17_01_06.251-05_00_3.png,1.5,1.6413944475609532
1001,1872_LeafPhotoA_2025-09-09 17_01_06.251-05_00_1.png,1.5,1.8427818508783094
1026,2069_LeafPhotoA_2025-09-08 12_03_26.688-05_00_0.png,1.75,1.9421645788422104
1027,2069_LeafPhotoA_2025-09-08 12_03_26.688-05_00_1.png,1.75,1.9933981064049757
1028,2069_LeafPhotoA_2025-09-08 12_03_26.688-05_00_2.png,1.75,1.8157726852002198
1029,2069_LeafPhotoA_2025-09-08 12_03_26.688-05_00_3.png,1.75,1.9371519616792463
1042,2687_LeafPhotoA_2025-09-09 10_47_11.070-05_00_0.png,1.0,1.7798423855198247
1043,2687_LeafPhotoA_2025-09-09 10_47_11.070-05_00_1.png,1.0,1.63031117903854
1054,1016_LeafPhotoA_2025-09-08 09_49_45.693-05_00_0.png,2.25,2.159463188643144
1055,1016_LeafPhotoA_2025-09-08 09_49_45.693-05_00_1.png,2.25,2.0049065761022034
1056,1016_LeafPhotoA_2025-09-08 09_49_45.693-05_00_2.png,2.25,1.983196789797894
1057,1016_LeafPhotoA_2025-09-08 09_49_45.693-05_00_3.png,2.25,2.030148655216187
1085,,1.5,1.542029018571298
1090,2572_LeafPhotoA_2025-09-09 10_48_03.925-05_00_0.png,1.0,1.760977854454054
1091,2572_LeafPhotoA_2025-09-09 10_48_03.925-05_00_1.png,1.0,1.8234465811858422
1092,2572_LeafPhotoA_2025-09-09 10_48_03.925-05_00_2.png,1.0,1.7792423163566737
1093,2572_LeafPhotoA_2025-09-09 10_48_03.925-05_00_3.png,1.0,1.7558232813511454
1094,1483_LeafPhotoB_2025-09-08 16_48_47.018-05_00_2.png,1.75,1.7723015517298606
1095,1483_LeafPhotoB_2025-09-08 16_48_47.018-05_00_3.png,1.75,1.7316431460767763
1096,1483_LeafPhotoB_2025-09-08 16_48_47.018-05_00_1.png,1.75,1.6793157895953945
1097,1483_LeafPhotoB_2025-09-08 16_48_47.018-05_00_0.png,1.75,1.7226747582375472
1125,2158_LeafPhotoA_2025-09-08 12_35_42.896-05_00_0.png,1.5,1.7237953163644932
1126,2158_LeafPhotoA_2025-09-08 12_35_42.896-05_00_1.png,1.5,1.6259083348783443
1130,1800_LeafPhotoA_2025-09-09 10_52_27.692-05_00_1.png,1.5,1.828673373241967
1131,1800_LeafPhotoA_2025-09-09 10_52_27.692-05_00_2.png,1.5,1.7151538670952369
1132,1800_LeafPhotoA_2025-09-09 10_52_27.692-05_00_3.png,1.5,1.7614199344042603
1133,1800_LeafPhotoA_2025-09-09 10_52_27.692-05_00_0.png,1.5,1.9031896865962268
1151,1508_LeafPhotoA_2025-09-09 09_02_17.390-05_00_0.png,1.25,2.1832397494003537
1152,1508_LeafPhotoA_2025-09-09 09_02_17.390-05_00_1.png,1.25,1.9663599912693375
1153,1508_LeafPhotoA_2025-09-09 09_02_17.390-05_00_2.png,1.25,1.7564133983384174
1165,1428_LeafPhotoB_2025-09-08 10_20_54.940-05_00_0.png,1.5,2.010012999363038
1166,1428_LeafPhotoB_2025-09-08 10_20_54.940-05_00_1.png,1.5,2.027014267029555
1167,1428_LeafPhotoB_2025-09-08 10_20_54.940-05_00_2.png,1.5,1.9356958278470475
1168,1428_LeafPhotoB_2025-09-08 10_20_54.940-05_00_3.png,1.5,1.815991638589452
1173,1314_LeafPhotoA_2025-09-08 09_31_44.782-05_00_1.png,2.0,1.7301601996429776
1174,1314_LeafPhotoA_2025-09-08 09_31_44.782-05_00_2.png,2.0,1.8563002533242476
1175,1314_LeafPhotoA_2025-09-08 09_31_44.782-05_00_0.png,2.0,1.889463889914838
1176,1314_LeafPhotoA_2025-09-08 09_31_44.782-05_00_3.png,2.0,1.836492911031321
1189,1877_LeafPhotoA_2025-09-09 13_21_11.014-05_00_2.png,2.0,1.8926757259410127
1190,1877_LeafPhotoA_2025-09-09 13_21_11.014-05_00_3.png,2.0,1.9181884157222786
1191,1877_LeafPhotoA_2025-09-09 13_21_11.014-05_00_1.png,2.0,1.8843922758671203
1192,1877_LeafPhotoA_2025-09-09 13_21_11.014-05_00_0.png,2.0,1.92413087667693
1221,1658_LeafPhotoA_2025-09-09 10_12_25.098-05_00_3.png,1.5,1.908714326537469
1222,1658_LeafPhotoA_2025-09-09 10_12_25.098-05_00_2.png,1.5,1.9038440033979904
1223,1658_LeafPhotoA_2025-09-09 10_12_25.098-05_00_1.png,1.5,1.9254441635147914
1224,1658_LeafPhotoA_2025-09-09 10_12_25.098-05_00_0.png,1.5,1.9657745556852557
1269,1864_LeafPhotoA_2025-09-09 13_32_45.370-05_00_1.png,1.25,1.7527439946355379
1270,1864_LeafPhotoA_2025-09-09 13_32_45.370-05_00_3.png,1.25,1.848801252518552
1271,1864_LeafPhotoA_2025-09-09 13_32_45.370-05_00_0.png,1.25,1.7671742419910959
1272,1864_LeafPhotoA_2025-09-09 13_32_45.370-05_00_2.png,1.25,1.7591729728175172
1273,2763_LeafPhotoA_2025-09-09 16_10_47.493-05_00_1.png,1.5,1.956132319531603
1274,2763_LeafPhotoA_2025-09-09 16_10_47.493-05_00_3.png,1.5,2.012296549157327
1275,2763_LeafPhotoA_2025-09-09 16_10_47.493-05_00_0.png,1.5,1.9770912785507415
1276,2763_LeafPhotoA_2025-09-09 16_10_47.493-05_00_2.png,1.5,1.983596112607722
1281,2694_LeafPhotoA_2025-09-09 10_36_57.596-05_00_3.png,2.0,1.6580724011683774
1282,2694_LeafPhotoA_2025-09-09 10_36_57.596-05_00_0.png,2.0,1.8338964973472534
1283,2694_LeafPhotoA_2025-09-09 10_36_57.596-05_00_2.png,2.0,1.695075407167223
1284,2694_LeafPhotoA_2025-09-09 10_36_57.596-05_00_1.png,2.0,1.7368426301152693
1292,6035_LeafPhotoA_2025-09-09 16_19_41.324-05_00_2.png,1.5,1.6745613886564927
1293,6035_LeafPhotoA_2025-09-09 16_19_41.324-05_00_0.png,1.5,1.645206846745159
1294,6035_LeafPhotoA_2025-09-09 16_19_41.324-05_00_3.png,1.5,1.791434729736781
1295,6035_LeafPhotoA_2025-09-09 16_19_41.324-05_00_1.png,1.5,1.6772610980028748
1342,2307_LeafPhotoA_2025-09-08 10_35_04.821-05_00_2.png,1.5,1.9737410235962867
1343,2307_LeafPhotoA_2025-09-08 10_35_04.821-05_00_0.png,1.5,1.9189700743264007
1344,2307_LeafPhotoA_2025-09-08 10_35_04.821-05_00_1.png,1.5,1.91084097584562
1345,2357_LeafPhotoA_2025-09-08 11_28_10.254-05_00_1.png,1.0,1.807927684891791
1346,2357_LeafPhotoA_2025-09-08 11_28_10.254-05_00_0.png,1.0,1.811335057883723
1347,2357_LeafPhotoA_2025-09-08 11_28_10.254-05_00_2.png,1.0,1.7411734006734005
1371,2040_LeafPhotoA_2025-09-08 11_19_26.696-05_00_0.png,1.75,1.7878478325223681
1372,2040_LeafPhotoA_2025-09-08 11_19_26.696-05_00_1.png,1.75,1.8580911641642088
1373,2040_LeafPhotoA_2025-09-08 11_19_26.696-05_00_2.png,1.75,1.9771763951813288
1374,2040_LeafPhotoA_2025-09-08 11_19_26.696-05_00_3.png,1.75,1.9895796218637742
1383,1077_LeafPhotoA_2025-09-08 13_10_16.495-05_00_0.png,2.5,1.8545030974572394
1384,1077_LeafPhotoA_2025-09-08 13_10_16.495-05_00_1.png,2.5,1.8489510498424
1385,1077_LeafPhotoA_2025-09-08 13_10_16.495-05_00_2.png,2.5,2.03136326709711
1386,1077_LeafPhotoA_2025-09-08 13_10_16.495-05_00_3.png,2.5,1.9823415357897738
1412,1119_LeafPhotoA_2025-09-08 10_03_58.358-05_00_0.png,1.75,1.8303335057937415
1413,1119_LeafPhotoA_2025-09-08 10_03_58.358-05_00_1.png,1.75,1.7158281402013036
1414,1119_LeafPhotoA_2025-09-08 10_03_58.358-05_00_3.png,1.75,1.7729086799853058
1415,1119_LeafPhotoA_2025-09-08 10_03_58.358-05_00_2.png,1.75,1.7711444713160074
1424,1023_LeafPhotoA_2025-09-08 09_57_52.275-05_00_0.png,1.0,1.9998453867647936
1425,1023_LeafPhotoA_2025-09-08 09_57_52.275-05_00_1.png,1.0,1.856889347423016
1426,1023_LeafPhotoA_2025-09-08 09_57_52.275-05_00_2.png,1.0,1.9095823939884515
1432,2169_LeafPhotoA_2025-09-09 12_05_18.887-05_00_1.png,2.0,2.0574694339529858
1433,2169_LeafPhotoA_2025-09-09 12_05_18.887-05_00_2.png,2.0,2.042382564044716
1434,2169_LeafPhotoA_2025-09-09 12_05_18.887-05_00_3.png,2.0,1.9328898959764864
1435,2169_LeafPhotoA_2025-09-09 12_05_18.887-05_00_0.png,2.0,2.031562405491681
1446,1428_LeafPhotoA_2025-09-08 09_50_33.027-05_00_0.png,2.0,1.9237401493451205
1447,1428_LeafPhotoA_2025-09-08 09_50_33.027-05_00_1.png,2.0,1.9974023411909434
1448,1428_LeafPhotoA_2025-09-08 09_50_33.027-05_00_2.png,2.0,1.9229468844064421
1449,1428_LeafPhotoA_2025-09-08 09_50_33.027-05_00_3.png,2.0,1.909985244670907
1451,2917_LeafPhotoA_2025-09-09 16_38_04.615-05_00_0.png,1.75,1.773708652784408
1452,2917_LeafPhotoA_2025-09-09 16_38_04.615-05_00_1.png,1.75,1.7844317159556125
1453,2917_LeafPhotoA_2025-09-09 16_38_04.615-05_00_2.png,1.75,1.895974969593102
1454,2917_LeafPhotoA_2025-09-09 16_38_04.615-05_00_3.png,1.75,1.9920964352698112
1463,1681_LeafPhotoA_2025-09-09 09_29_00.984-05_00_0.png,1.25,1.9381758999013254
1464,1681_LeafPhotoA_2025-09-09 09_29_00.984-05_00_1.png,1.25,1.810196991236174
1481,2652_LeafPhotoA_2025-09-09 11_26_15.311-05_00_0.png,3.25,2.0708783279270895
1482,2652_LeafPhotoA_2025-09-09 11_26_15.311-05_00_2.png,3.25,2.012135890887147
1483,2652_LeafPhotoA_2025-09-09 11_26_15.311-05_00_1.png,3.25,2.131347294310722
1484,2652_LeafPhotoA_2025-09-09 11_26_15.311-05_00_3.png,3.25,1.9820918613836556
1489,2117_LeafPhotoA_2025-09-08 11_22_01.521-05_00_0.png,2.25,1.6545565333824817
1490,2117_LeafPhotoA_2025-09-08 11_22_01.521-05_00_3.png,2.25,1.7215845108444743
1491,2117_LeafPhotoA_2025-09-08 11_22_01.521-05_00_2.png,2.25,1.7404830806126275
1492,2117_LeafPhotoA_2025-09-08 11_22_01.521-05_00_1.png,2.25,1.7559610828448877
1516,1800_LeafPhotoA_2025-09-09 10_53_17.816-05_00_1.png,2.0,1.9485471526237788
1517,1800_LeafPhotoA_2025-09-09 10_53_17.816-05_00_2.png,2.0,1.9001420529469102
1518,1800_LeafPhotoA_2025-09-09 10_53_17.816-05_00_3.png,2.0,1.7632124211214781
1519,1800_LeafPhotoA_2025-09-09 10_53_17.816-05_00_0.png,2.0,1.8516805544530004
1551,1911_LeafPhotoA_2025-09-09 14_48_38.419-05_00_0.png,2.5,1.8448067247330981
1552,1911_LeafPhotoA_2025-09-09 14_48_38.419-05_00_1.png,2.5,1.7689342118293345
1553,1911_LeafPhotoA_2025-09-09 14_48_38.419-05_00_2.png,2.5,1.851612656621558
1554,1911_LeafPhotoA_2025-09-09 14_48_38.419-05_00_3.png,2.5,1.7713090049427134
1569,2181_LeafPhotoA_2025-09-09 12_25_47.850-05_00_0.png,4.25,2.265690539873783
1570,2181_LeafPhotoA_2025-09-09 12_25_47.850-05_00_1.png,4.25,2.1236846676500316
1571,2181_LeafPhotoA_2025-09-09 12_25_47.850-05_00_2.png,4.25,2.0931109969286252
1572,2181_LeafPhotoA_2025-09-09 12_25_47.850-05_00_3.png,4.25,1.9496786761999605
1585,1412_LeafPhotoB_2025-09-08 10_06_24.412-05_00_2.png,1.25,1.8861846586541826
1586,1412_LeafPhotoB_2025-09-08 10_06_24.412-05_00_0.png,1.25,1.657494386046244
1587,1412_LeafPhotoB_2025-09-08 10_06_24.412-05_00_3.png,1.25,1.6984016823640458
1588,1412_LeafPhotoB_2025-09-08 10_06_24.412-05_00_1.png,1.25,1.7442074152949727
1589,2733_LeafPhotoA_2025-09-09 10_59_34.111-05_00_0.png,3.5,1.9056212008021225
1595,2290_LeafPhotoA_2025-09-08 16_50_22.595-05_00_1.png,2.25,1.9061730883352401
1596,2290_LeafPhotoA_2025-09-08 16_50_22.595-05_00_3.png,2.25,1.7714076256954547
1597,2290_LeafPhotoA_2025-09-08 16_50_22.595-05_00_0.png,2.25,2.0284392456421285
1598,2290_LeafPhotoA_2025-09-08 16_50_22.595-05_00_2.png,2.25,1.8248508723639356
1607,2491_LeafPhotoB_2025-09-08 12_06_12.641-05_00_0.png,1.5,1.8804558068851789
1608,2491_LeafPhotoB_2025-09-08 12_06_12.641-05_00_1.png,1.5,1.9165629723984008
1609,2491_LeafPhotoB_2025-09-08 12_06_12.641-05_00_2.png,1.5,1.8687176911495782
1610,2491_LeafPhotoB_2025-09-08 12_06_12.641-05_00_3.png,1.5,1.7455778690192376
1615,1403_LeafPhotoB_2025-09-08 09_57_03.631-05_00_0.png,2.0,1.8765297601793334
1616,1403_LeafPhotoB_2025-09-08 09_57_03.631-05_00_1.png,2.0,1.829637308042978
1617,1403_LeafPhotoB_2025-09-08 09_57_03.631-05_00_2.png,2.0,1.7829504043750368
1618,1403_LeafPhotoB_2025-09-08 09_57_03.631-05_00_3.png,2.0,1.8217347206492915
1619,2481_LeafPhotoB_2025-09-08 11_58_03.951-05_00_0.png,2.5,1.923135031212624
1620,2481_LeafPhotoB_2025-09-08 11_58_03.951-05_00_1.png,2.5,1.9268820581830433
1621,2481_LeafPhotoB_2025-09-08 11_58_03.951-05_00_2.png,2.5,1.946440748714935
1622,2481_LeafPhotoB_2025-09-08 11_58_03.951-05_00_3.png,2.5,1.9549517707846842
1628,1412_LeafPhotoB_2025-09-08 10_06_46.177-05_00_0.png,1.25,1.7504701520350707
1629,1412_LeafPhotoB_2025-09-08 10_06_46.177-05_00_3.png,1.25,1.7298532695303213
1630,1412_LeafPhotoB_2025-09-08 10_06_46.177-05_00_1.png,1.25,1.7442474790682017
1631,1412_LeafPhotoB_2025-09-08 10_06_46.177-05_00_2.png,1.25,1.750018187569367
1639,1230_LeafPhotoA_2025-09-08 10_14_02.865-05_00_0.png,1.5,1.6578384992809332
1640,1230_LeafPhotoA_2025-09-08 10_14_02.865-05_00_1.png,1.5,1.6703997303006595
1641,1230_LeafPhotoA_2025-09-08 10_14_02.865-05_00_2.png,1.5,1.7261116336256628
1642,1230_LeafPhotoA_2025-09-08 10_14_02.865-05_00_3.png,1.5,1.768127227555439
1667,2551_LeafPhotoA_2025-09-09 11_08_14.599-05_00_2.png,1.75,1.9452169220850537
1668,2551_LeafPhotoA_2025-09-09 11_08_14.599-05_00_3.png,1.75,1.8211068040683953
1669,2551_LeafPhotoA_2025-09-09 11_08_14.599-05_00_1.png,1.75,1.8699133387324174
1670,2551_LeafPhotoA_2025-09-09 11_08_14.599-05_00_0.png,1.75,1.8032546436263552
1674,1130_LeafPhotoA_2025-09-08 10_20_05.265-05_00_3.png,3.25,1.8517021290113387
1675,1130_LeafPhotoA_2025-09-08 10_20_05.265-05_00_2.png,3.25,1.8241167699510379
1676,1130_LeafPhotoA_2025-09-08 10_20_05.265-05_00_1.png,3.25,1.8892912076922341
1677,1130_LeafPhotoA_2025-09-08 10_20_05.265-05_00_0.png,3.25,1.9547220887199608
1684,2191_LeafPhotoA_2025-09-08 17_16_00.546-05_00_0.png,1.5,1.8831791179809758
1685,2191_LeafPhotoA_2025-09-08 17_16_00.546-05_00_1.png,1.5,1.8812228644928906
1686,2191_LeafPhotoA_2025-09-08 17_16_00.546-05_00_2.png,1.5,1.7006143759527093
1687,2992_LeafPhotoA_2025-09-09 16_46_31.136-05_00_0.png,2.25,2.1488014908602184
1688,2992_LeafPhotoA_2025-09-09 16_46_31.136-05_00_1.png,2.25,2.2135370182685397
1689,2992_LeafPhotoA_2025-09-09 16_46_31.136-05_00_3.png,2.25,2.181822884556533
1690,2992_LeafPhotoA_2025-09-09 16_46_31.136-05_00_2.png,2.25,2.1192510542397347
1702,2687_LeafPhotoA_2025-09-09 10_47_32.733-05_00_0.png,1.25,1.7112200374409179
1703,2687_LeafPhotoA_2025-09-09 10_47_32.733-05_00_1.png,1.25,1.6328969959671398
1714,1205_LeafPhotoA_2025-09-08 09_27_17.999-05_00_0.png,1.25,1.5672742365098205
1715,1205_LeafPhotoA_2025-09-08 09_27_17.999-05_00_1.png,1.25,1.6329648793472327
1716,1205_LeafPhotoA_2025-09-08 09_27_17.999-05_00_2.png,1.25,1.7053311489780143
1717,1205_LeafPhotoA_2025-09-08 09_27_17.999-05_00_3.png,1.25,1.6516284083599289
1722,2450_LeafPhotoB_2025-09-08 11_25_27.986-05_00_1.png,1.5,1.8586352721710686
1723,2450_LeafPhotoB_2025-09-08 11_25_27.986-05_00_3.png,1.5,1.7973850882269042
1724,2450_LeafPhotoB_2025-09-08 11_25_27.986-05_00_2.png,1.5,1.761174307231584
1725,2450_LeafPhotoB_2025-09-08 11_25_27.986-05_00_0.png,1.5,1.8231816270925207
1734,2763_LeafPhotoA_2025-09-09 16_11_24.849-05_00_1.png,1.75,2.1335171563615845
1735,2763_LeafPhotoA_2025-09-09 16_11_24.849-05_00_0.png,1.75,2.1738828645053494
1755,1617_LeafPhotoA_2025-09-09 09_43_56.607-05_00_1.png,1.5,1.7270427394672754
1756,1617_LeafPhotoA_2025-09-09 09_43_56.607-05_00_2.png,1.5,1.840641263506589
1757,1617_LeafPhotoA_2025-09-09 09_43_56.607-05_00_3.png,1.5,1.7672457281173417
1758,1617_LeafPhotoA_2025-09-09 09_43_56.607-05_00_0.png,1.5,1.9138562300237039
1759,2272_LeafPhotoA_2025-09-08 17_11_05.980-05_00_1.png,2.25,1.887236785520552
1760,2272_LeafPhotoA_2025-09-08 17_11_05.980-05_00_0.png,2.25,1.9459816140422754
1776,2315_LeafPhotoA_2025-09-08 10_43_18.717-05_00_0.png,2.0,1.6172144510832593
1777,2315_LeafPhotoA_2025-09-08 10_43_18.717-05_00_1.png,2.0,1.7335358943279813
1778,2315_LeafPhotoA_2025-09-08 10_43_18.717-05_00_2.png,2.0,1.874730569016754
1779,2315_LeafPhotoA_2025-09-08 10_43_18.717-05_00_3.png,2.0,1.69693198188264
1780,1423_LeafPhotoB_2025-09-08 10_15_40.160-05_00_0.png,3.0,2.001233703452549
1781,1423_LeafPhotoB_2025-09-08 10_15_40.160-05_00_1.png,3.0,1.7689238798410627
1782,1423_LeafPhotoB_2025-09-08 10_15_40.160-05_00_3.png,3.0,1.7873808920518484
1783,1423_LeafPhotoB_2025-09-08 10_15_40.160-05_00_2.png,3.0,1.8628582855017646
1784,1016_LeafPhotoA_2025-09-08 09_49_16.143-05_00_0.png,2.5,1.9214989679295016
1785,1016_LeafPhotoA_2025-09-08 09_49_16.143-05_00_1.png,2.5,2.081593753529609
1786,1016_LeafPhotoA_2025-09-08 09_49_16.143-05_00_2.png,2.5,2.0179995962249246
1787,1016_LeafPhotoA_2025-09-08 09_49_16.143-05_00_3.png,2.5,1.9168370120269302
1792,2526_LeafPhotoA_2025-09-09 10_24_08.055-05_00_2.png,1.75,2.021082478283813
1793,2526_LeafPhotoA_2025-09-09 10_24_08.055-05_00_0.png,1.75,2.0001789454632903
1794,2526_LeafPhotoA_2025-09-09 10_24_08.055-05_00_1.png,1.75,2.011485494578666
1795,2526_LeafPhotoA_2025-09-09 10_24_08.055-05_00_3.png,1.75,1.9938966011521158
1812,2037_LeafPhotoA_2025-09-08 11_16_12.785-05_00_1.png,2.0,2.1789951780675483
1813,2037_LeafPhotoA_2025-09-08 11_16_12.785-05_00_0.png,2.0,2.1406375919259024
1814,2037_LeafPhotoA_2025-09-08 11_16_12.785-05_00_2.png,2.0,2.0732025465361383
1815,2037_LeafPhotoA_2025-09-08 11_16_12.785-05_00_3.png,2.0,2.178745800320392
1816,2269_LeafPhotoA_2025-09-08 17_13_41.456-05_00_1.png,2.5,1.8699234874530923
1817,2269_LeafPhotoA_2025-09-08 17_13_41.456-05_00_2.png,2.5,1.8259005725633999
1818,2269_LeafPhotoA_2025-09-08 17_13_41.456-05_00_3.png,2.5,1.8133118768379026
1819,2269_LeafPhotoA_2025-09-08 17_13_41.456-05_00_0.png,2.5,1.8324065806627714
1835,1981_LeafPhotoA_2025-09-09 16_40_09.824-05_00_2.png,1.0,1.7159384723821647
1836,1981_LeafPhotoA_2025-09-09 16_40_09.824-05_00_3.png,1.0,1.7077619261829784
1837,1981_LeafPhotoA_2025-09-09 16_40_09.824-05_00_0.png,1.0,1.6572768532708542
1838,1981_LeafPhotoA_2025-09-09 16_40_09.824-05_00_1.png,1.0,1.8206651594270598
1843,1392_LeafPhotoA_2025-09-08 13_12_01.932-05_00_0.png,2.25,1.802566889992103
1844,1392_LeafPhotoA_2025-09-08 13_12_01.932-05_00_1.png,2.25,1.7816739667997414
1845,1392_LeafPhotoA_2025-09-08 13_12_01.932-05_00_2.png,2.25,1.8132534896841204
1846,1392_LeafPhotoA_2025-09-08 13_12_01.932-05_00_3.png,2.25,1.7442513931036563
1902,1209_LeafPhotoA_2025-09-08 09_36_46.496-05_00_3.png,1.0,1.831692459193425
1903,1209_LeafPhotoA_2025-09-08 09_36_46.496-05_00_1.png,1.0,1.8023334475945743
1904,1209_LeafPhotoA_2025-09-08 09_36_46.496-05_00_2.png,1.0,1.7851337880099494
1905,1209_LeafPhotoA_2025-09-08 09_36_46.496-05_00_0.png,1.0,1.7376840570527678
1906,1487_LeafPhotoB_2025-09-08 16_51_33.738-05_00_0.png,1.75,1.897718071982199
1907,1487_LeafPhotoB_2025-09-08 16_51_33.738-05_00_1.png,1.75,1.7491296359621633
1908,1487_LeafPhotoB_2025-09-08 16_51_33.738-05_00_2.png,1.75,1.7593079097043878
1909,1487_LeafPhotoB_2025-09-08 16_51_33.738-05_00_3.png,1.75,1.7105790961883252
1928,2717_LeafPhotoA_2025-09-09 10_36_42.002-05_00_1.png,4.5,2.0168360268007137
1929,2717_LeafPhotoA_2025-09-09 10_36_42.002-05_00_0.png,4.5,2.27933140489613
1930,2717_LeafPhotoA_2025-09-09 10_36_42.002-05_00_3.png,4.5,2.2121531022082492
1931,2717_LeafPhotoA_2025-09-09 10_36_42.002-05_00_2.png,4.5,2.0112797458640146
1989,2723_LeafPhotoA_2025-09-09 10_44_34.871-05_00_1.png,3.25,2.1409301902804234
1990,2723_LeafPhotoA_2025-09-09 10_44_34.871-05_00_2.png,3.25,2.0895048473628215
1991,2723_LeafPhotoA_2025-09-09 10_44_34.871-05_00_0.png,3.25,1.9981303350359092
1992,2723_LeafPhotoA_2025-09-09 10_44_34.871-05_00_3.png,3.25,1.9673988189635447
1993,1125_LeafPhotoA_2025-09-08 10_12_23.672-05_00_1.png,1.75,1.870089403623266
1994,1125_LeafPhotoA_2025-09-08 10_12_23.672-05_00_3.png,1.75,1.7317115300491852
1995,1125_LeafPhotoA_2025-09-08 10_12_23.672-05_00_2.png,1.75,1.7296263891587997
1996,1125_LeafPhotoA_2025-09-08 10_12_23.672-05_00_0.png,1.75,1.8005208677165907
1997,2678_LeafPhotoA_2025-09-09 11_04_41.551-05_00_0.png,2.0,2.109297826030894
1998,2678_LeafPhotoA_2025-09-09 11_04_41.551-05_00_1.png,2.0,2.1320381717167707
1999,2678_LeafPhotoA_2025-09-09 11_04_41.551-05_00_2.png,2.0,2.149087499481655
2005,2040_LeafPhotoA_2025-09-08 11_19_56.770-05_00_0.png,2.5,1.7969025402558676
2006,2040_LeafPhotoA_2025-09-08 11_19_56.770-05_00_1.png,2.5,1.8483011395710705
2007,2040_LeafPhotoA_2025-09-08 11_19_56.770-05_00_2.png,2.5,1.8185658523873505
2008,2040_LeafPhotoA_2025-09-08 11_19_56.770-05_00_3.png,2.5,1.824857301138261
2023,2229_LeafPhotoA_2025-09-08 11_33_21.108-05_00_1.png,2.0,1.7082419650388878
2024,2229_LeafPhotoA_2025-09-08 11_33_21.108-05_00_3.png,2.0,1.7263155861882642
2025,2229_LeafPhotoA_2025-09-08 11_33_21.108-05_00_0.png,2.0,1.756197617849128
2026,2229_LeafPhotoA_2025-09-08 11_33_21.108-05_00_2.png,2.0,1.8288530629050168
2034,5010_LeafPhotoA_2025-09-09 16_12_11.860-05_00_3.png,1.25,1.7174120588769393
2035,5010_LeafPhotoA_2025-09-09 16_12_11.860-05_00_2.png,1.25,1.6431971649924428
2036,5010_LeafPhotoA_2025-09-09 16_12_11.860-05_00_1.png,1.25,1.6713111932715266
2037,5010_LeafPhotoA_2025-09-09 16_12_11.860-05_00_0.png,1.25,1.6820430177157148
2042,1125_LeafPhotoA_2025-09-08 10_13_03.747-05_00_0.png,1.25,1.9378724670976029
2043,1125_LeafPhotoA_2025-09-08 10_13_03.747-05_00_1.png,1.25,2.058421503780735
2044,1125_LeafPhotoA_2025-09-08 10_13_03.747-05_00_3.png,1.25,1.8434272770644673
2045,1125_LeafPhotoA_2025-09-08 10_13_03.747-05_00_2.png,1.25,1.8637418493171196
2059,2750_LeafPhotoA_2025-09-09 11_21_52.462-05_00_0.png,1.5,1.8903421140621224
2060,2750_LeafPhotoA_2025-09-09 11_21_52.462-05_00_1.png,1.5,1.9234882025940465
2061,2750_LeafPhotoA_2025-09-09 11_21_52.462-05_00_2.png,1.5,1.8593584237578997
2062,2750_LeafPhotoA_2025-09-09 11_21_52.462-05_00_3.png,1.5,1.9387631245961343
2063,1258_LeafPhotoA_2025-09-08 16_31_15.963-05_00_3.png,2.25,1.8593398812552246
2064,1258_LeafPhotoA_2025-09-08 16_31_15.963-05_00_0.png,2.25,1.9161000034071813
2065,1258_LeafPhotoA_2025-09-08 16_31_15.963-05_00_1.png,2.25,2.0443105972795412
2066,1258_LeafPhotoA_2025-09-08 16_31_15.963-05_00_2.png,2.25,2.089992422184082
2099,2037_LeafPhotoA_2025-09-08 11_16_27.368-05_00_1.png,1.75,1.928248163561726
2100,2037_LeafPhotoA_2025-09-08 11_16_27.368-05_00_3.png,1.75,2.047323707026977
2101,2037_LeafPhotoA_2025-09-08 11_16_27.368-05_00_2.png,1.75,1.8545516785487768
2102,2037_LeafPhotoA_2025-09-08 11_16_27.368-05_00_0.png,1.75,1.7109801903248103
2111,2678_LeafPhotoA_2025-09-09 11_04_09.961-05_00_2.png,2.0,1.9019441629670935
2112,2678_LeafPhotoA_2025-09-09 11_04_09.961-05_00_0.png,2.0,2.044788443618358
2113,2678_LeafPhotoA_2025-09-09 11_04_09.961-05_00_1.png,2.0,2.0504769323419665
2114,1944_LeafPhotoA_2025-09-09 16_01_21.249-05_00_0.png,2.5,2.029244818663161
2115,1944_LeafPhotoA_2025-09-09 16_01_21.249-05_00_1.png,2.5,1.9774226416106246
2116,1944_LeafPhotoA_2025-09-09 16_01_21.249-05_00_2.png,2.5,2.0521766135051744
2117,1944_LeafPhotoA_2025-09-09 16_01_21.249-05_00_3.png,2.5,1.8879589731984272
2125,2434_LeafPhotoB_2025-09-08 11_10_53.702-05_00_1.png,1.5,1.947312360168784
2126,2434_LeafPhotoB_2025-09-08 11_10_53.702-05_00_2.png,1.5,1.9273112249270328
2127,2434_LeafPhotoB_2025-09-08 11_10_53.702-05_00_0.png,1.5,1.8284130972620718
2128,2434_LeafPhotoB_2025-09-08 11_10_53.702-05_00_3.png,1.5,1.8050111087814256
2141,1127_LeafPhotoA_2025-09-08 10_15_24.325-05_00_0.png,2.5,1.7458733817960792
2142,1127_LeafPhotoA_2025-09-08 10_15_24.325-05_00_1.png,2.5,1.7905471341309176
2143,1127_LeafPhotoA_2025-09-08 10_15_24.325-05_00_2.png,2.5,1.8184389010685458
2144,1127_LeafPhotoA_2025-09-08 10_15_24.325-05_00_3.png,2.5,1.8127704662289599
2198,1493_LeafPhotoB_2025-09-08 16_57_00.908-05_00_1.png,2.5,2.0184981517164173
2199,1493_LeafPhotoB_2025-09-08 16_57_00.908-05_00_0.png,2.5,1.9601405853276974
2200,1493_LeafPhotoB_2025-09-08 16_57_00.908-05_00_3.png,2.5,1.911200926205861
2201,1493_LeafPhotoB_2025-09-08 16_57_00.908-05_00_2.png,2.5,1.9832040880802493
2218,1877_LeafPhotoA_2025-09-09 13_21_50.382-05_00_1.png,1.25,1.8843520977717954
2219,1877_LeafPhotoA_2025-09-09 13_21_50.382-05_00_2.png,1.25,1.7638999825710349
2220,1877_LeafPhotoA_2025-09-09 13_21_50.382-05_00_0.png,1.25,1.730143130068246
2221,1877_LeafPhotoA_2025-09-09 13_21_50.382-05_00_3.png,1.25,1.8420129480548395
2222,,2.0,1.542029018571298
2226,1582_LeafPhotoA_2025-09-09 09_42_32.403-05_00_0.png,2.25,1.9852106789230424
2227,1582_LeafPhotoA_2025-09-09 09_42_32.403-05_00_1.png,2.25,1.9860786837288378
2228,1582_LeafPhotoA_2025-09-09 09_42_32.403-05_00_2.png,2.25,1.9327140701181922
2229,1582_LeafPhotoA_2025-09-09 09_42_32.403-05_00_3.png,2.25,2.0546011568231966
2235,2477_LeafPhotoB_2025-09-08 11_52_47.408-05_00_0.png,3.25,2.091497951874695
2236,2477_LeafPhotoB_2025-09-08 11_52_47.408-05_00_3.png,3.25,2.096128731179525
2237,2477_LeafPhotoB_2025-09-08 11_52_47.408-05_00_1.png,3.25,2.0525756226416068
2238,2477_LeafPhotoB_2025-09-08 11_52_47.408-05_00_2.png,3.25,2.0444652693403653
2286,1067_LeafPhotoA_2025-09-08 12_59_13.071-05_00_2.png,1.25,1.924539455907297
2287,1067_LeafPhotoA_2025-09-08 12_59_13.071-05_00_3.png,1.25,1.920896828683013
2288,1067_LeafPhotoA_2025-09-08 12_59_13.071-05_00_1.png,1.25,1.9128249062563107
2289,1067_LeafPhotoA_2025-09-08 12_59_13.071-05_00_0.png,1.25,1.8273291674463303
2298,1311_LeafPhotoA_2025-09-08 09_27_50.762-05_00_3.png,2.25,1.879890368804455
2299,1311_LeafPhotoA_2025-09-08 09_27_50.762-05_00_2.png,2.25,1.9349017573163272
2300,1311_LeafPhotoA_2025-09-08 09_27_50.762-05_00_1.png,2.25,1.9269512933388697
2301,1311_LeafPhotoA_2025-09-08 09_27_50.762-05_00_0.png,2.25,2.0076799920710515
2310,1627_LeafPhotoA_2025-09-09 10_06_34.203-05_00_0.png,1.5,1.7548667202322383
2311,1627_LeafPhotoA_2025-09-09 10_06_34.203-05_00_1.png,1.5,1.7739683881936197
2312,1627_LeafPhotoA_2025-09-09 10_06_34.203-05_00_2.png,1.5,1.743221651954141
2313,1627_LeafPhotoA_2025-09-09 10_06_34.203-05_00_3.png,1.5,1.7923441884160722
2329,2717_LeafPhotoA_2025-09-09 10_36_52.862-05_00_0.png,3.25,2.0170270075498387
2330,2717_LeafPhotoA_2025-09-09 10_36_52.862-05_00_2.png,3.25,1.9234184097206541
2331,2717_LeafPhotoA_2025-09-09 10_36_52.862-05_00_1.png,3.25,1.9713656947090574
2332,1130_LeafPhotoA_2025-09-08 10_20_33.571-05_00_2.png,1.75,1.8881800752209033
2333,1130_LeafPhotoA_2025-09-08 10_20_33.571-05_00_1.png,1.75,1.9293972717384096
2334,1130_LeafPhotoA_2025-09-08 10_20_33.571-05_00_3.png,1.75,1.7632133899955114
2335,1130_LeafPhotoA_2025-09-08 10_20_33.571-05_00_0.png,1.75,1.8455849792443246
2362,2207_LeafPhotoA_2025-09-08 10_54_55.448-05_00_0.png,1.25,2.039731972079205
2363,2207_LeafPhotoA_2025-09-08 10_54_55.448-05_00_1.png,1.25,2.016212238380098
2364,2207_LeafPhotoA_2025-09-08 10_54_55.448-05_00_2.png,1.25,1.9847845053445872
2365,2207_LeafPhotoA_2025-09-08 10_54_55.448-05_00_3.png,1.25,1.878273525572866
2370,1617_LeafPhotoA_2025-09-09 09_44_34.252-05_00_2.png,1.5,2.1326910182431664
2371,1617_LeafPhotoA_2025-09-09 09_44_34.252-05_00_1.png,1.5,2.09008229365234
2372,1617_LeafPhotoA_2025-09-09 09_44_34.252-05_00_0.png,1.5,2.1356780391019954
2405,1184_LeafPhotoA_2025-09-08 16_08_30.015-05_00_2.png,2.75,2.1563658109284067
2406,1184_LeafPhotoA_2025-09-08 16_08_30.015-05_00_1.png,2.75,2.2097310839208095
2407,1184_LeafPhotoA_2025-09-08 16_08_30.015-05_00_0.png,2.75,2.062957355252245
2408,1184_LeafPhotoA_2025-09-08 16_08_30.015-05_00_3.png,2.75,2.0289769674590685
2475,2338_LeafPhotoA_2025-09-08 11_06_38.534-05_00_3.png,3.5,1.8856279457842937
2476,2338_LeafPhotoA_2025-09-08 11_06_38.534-05_00_0.png,3.5,1.9426046412666003
2477,2338_LeafPhotoA_2025-09-08 11_06_38.534-05_00_2.png,3.5,1.9883749935600743
2478,2338_LeafPhotoA_2025-09-08 11_06_38.534-05_00_1.png,3.5,1.975266587557611
2498,1644_LeafPhotoA_2025-09-09 10_35_13.308-05_00_0.png,1.25,1.7331032850627477
2499,1644_LeafPhotoA_2025-09-09 10_35_13.308-05_00_1.png,1.25,1.7134627307497856
2500,1644_LeafPhotoA_2025-09-09 10_35_13.308-05_00_2.png,1.25,1.8131709625549604
2501,1644_LeafPhotoA_2025-09-09 10_35_13.308-05_00_3.png,1.25,1.7248101368982767
2506,2981_LeafPhotoA_2025-09-09 16_33_03.761-05_00_1.png,2.5,1.90300231121719
2507,2981_LeafPhotoA_2025-09-09 16_33_03.761-05_00_2.png,2.5,1.872606114692124
2508,2981_LeafPhotoA_2025-09-09 16_33_03.761-05_00_0.png,2.5,1.823525563062811
2513,1731_LeafPhotoA_2025-09-09 09_38_23.442-05_00_0.png,1.5,1.8544113665724542
2514,1731_LeafPhotoA_2025-09-09 09_38_23.442-05_00_2.png,1.5,2.2011001947792783
2515,1731_LeafPhotoA_2025-09-09 09_38_23.442-05_00_1.png,1.5,2.068546604872166
2572,2466_LeafPhotoB_2025-09-08 11_42_42.225-05_00_0.png,1.0,1.8229335061688972
2573,2466_LeafPhotoB_2025-09-08 11_42_42.225-05_00_2.png,1.0,1.7301840501367378
2574,2466_LeafPhotoB_2025-09-08 11_42_42.225-05_00_1.png,1.0,1.6954342581652957
2575,2466_LeafPhotoB_2025-09-08 11_42_42.225-05_00_3.png,1.0,1.7519645494111435
2584,2877_LeafPhotoA_2025-09-09 14_42_55.104-05_00_2.png,1.25,1.8355811950454946
2585,2877_LeafPhotoA_2025-09-09 14_42_55.104-05_00_0.png,1.25,1.8615906609694344
2586,2877_LeafPhotoA_2025-09-09 14_42_55.104-05_00_1.png,1.25,1.7941963388241455
2587,2877_LeafPhotoA_2025-09-09 14_42_55.104-05_00_3.png,1.25,1.7183736813653605
2629,,1.5,1.542029018571298
2634,2169_LeafPhotoA_2025-09-09 12_05_10.533-05_00_0.png,2.25,2.066867552002808
2666,2568_LeafPhotoA_2025-09-09 10_50_54.288-05_00_3.png,1.25,1.9017391750406458
2667,2568_LeafPhotoA_2025-09-09 10_50_54.288-05_00_2.png,1.25,2.040971779653667
2668,2568_LeafPhotoA_2025-09-09 10_50_54.288-05_00_0.png,1.25,1.897696798131492
2669,2568_LeafPhotoA_2025-09-09 10_50_54.288-05_00_1.png,1.25,1.9593253301637594
2674,1873_LeafPhotoA_2025-09-09 13_24_25.512-05_00_1.png,2.25,2.0776749035529027
2675,1873_LeafPhotoA_2025-09-09 13_24_25.512-05_00_3.png,2.25,1.9388573320098093
2676,1873_LeafPhotoA_2025-09-09 13_24_25.512-05_00_0.png,2.25,1.9976657309623636
2677,1873_LeafPhotoA_2025-09-09 13_24_25.512-05_00_2.png,2.25,2.0049483553190015
2678,1657_LeafPhotoA_2025-09-09 10_13_53.773-05_00_0.png,1.25,1.67013866996723
2679,1657_LeafPhotoA_2025-09-09 10_13_53.773-05_00_1.png,1.25,1.6229736380607127
2683,1873_LeafPhotoA_2025-09-09 13_25_03.055-05_00_2.png,2.75,1.8036560374466724
2684,1873_LeafPhotoA_2025-09-09 13_25_03.055-05_00_1.png,2.75,1.7903077155043088
2685,1873_LeafPhotoA_2025-09-09 13_25_03.055-05_00_0.png,2.75,1.8486337366086782
2686,1873_LeafPhotoA_2025-09-09 13_25_03.055-05_00_3.png,2.75,1.7418527354818947
2699,2066_LeafPhotoA_2025-09-08 12_00_00.120-05_00_2.png,1.5,1.7824947050033162
2700,2066_LeafPhotoA_2025-09-08 12_00_00.120-05_00_3.png,1.5,1.820618580711944
2701,2066_LeafPhotoA_2025-09-08 12_00_00.120-05_00_1.png,1.5,1.7453784726947459
2702,2066_LeafPhotoA_2025-09-08 12_00_00.120-05_00_0.png,1.5,1.9350944908920913
2707,1877_LeafPhotoA_2025-09-09 13_21_29.026-05_00_3.png,2.5,2.021370788267458
2708,1877_LeafPhotoA_2025-09-09 13_21_29.026-05_00_0.png,2.5,2.019095915171572
2709,1877_LeafPhotoA_2025-09-09 13_21_29.026-05_00_2.png,2.5,2.021785341224678
2710,1877_LeafPhotoA_2025-09-09 13_21_29.026-05_00_1.png,2.5,2.0354937728787386
2715,1149_LeafPhotoA_2025-09-08 10_47_32.215-05_00_0.png,2.25,1.9182516610353295
2716,1149_LeafPhotoA_2025-09-08 10_47_32.215-05_00_1.png,2.25,2.069054360471544
2717,1149_LeafPhotoA_2025-09-08 10_47_32.215-05_00_2.png,2.25,2.02880390631184
2718,1149_LeafPhotoA_2025-09-08 10_47_32.215-05_00_3.png,2.25,1.916258404424523
2730,1359_LeafPhotoA_2025-09-08 12_38_47.936-05_00_0.png,2.0,1.8250431422865627
2731,1359_LeafPhotoA_2025-09-08 12_38_47.936-05_00_2.png,2.0,1.9664635800789059
2732,1359_LeafPhotoA_2025-09-08 12_38_47.936-05_00_1.png,2.0,1.8963655496442848
2741,2992_LeafPhotoA_2025-09-09 16_46_47.466-05_00_3.png,1.5,1.8713683321000467
2742,2992_LeafPhotoA_2025-09-09 16_46_47.466-05_00_0.png,1.5,1.8416786345176452
2743,2992_LeafPhotoA_2025-09-09 16_46_47.466-05_00_1.png,1.5,1.9549817795651776
2744,2992_LeafPhotoA_2025-09-09 16_46_47.466-05_00_2.png,1.5,2.0337564654271314
2801,2071_LeafPhotoA_2025-09-08 12_05_40.977-05_00_0.png,1.75,1.7518785042750793
2802,2071_LeafPhotoA_2025-09-08 12_05_40.977-05_00_1.png,1.75,1.8197188098458417
2803,2071_LeafPhotoA_2025-09-08 12_05_40.977-05_00_2.png,1.75,1.867962448520692
2804,2071_LeafPhotoA_2025-09-08 12_05_40.977-05_00_3.png,1.75,1.7546273984837255
2806,,2.5,1.542029018571298
2846,1553_LeafPhotoA_2025-09-09 10_18_50.828-05_00_0.png,1.5,1.9195889576933496
2847,1553_LeafPhotoA_2025-09-09 10_18_50.828-05_00_1.png,1.5,1.7354145489264499
2848,1553_LeafPhotoA_2025-09-09 10_18_50.828-05_00_2.png,1.5,1.7876424010143053
2849,1553_LeafPhotoA_2025-09-09 10_18_50.828-05_00_3.png,1.5,1.6708065489721837
2872,2826_LeafPhotoA_2025-09-09 10_42_31.280-05_00_0.png,2.0,1.8476465017932715
2873,2826_LeafPhotoA_2025-09-09 10_42_31.280-05_00_1.png,2.0,1.6811021253249387
2874,2826_LeafPhotoA_2025-09-09 10_42_31.280-05_00_2.png,2.0,1.787864367751558
2875,2826_LeafPhotoA_2025-09-09 10_42_31.280-05_00_3.png,2.0,1.9685448904452372
2888,2831_LeafPhotoA_2025-09-09 10_48_28.918-05_00_1.png,2.0,1.7966553471360938
2889,2831_LeafPhotoA_2025-09-09 10_48_28.918-05_00_0.png,2.0,1.7937823238136703
2890,2831_LeafPhotoA_2025-09-09 10_48_28.918-05_00_2.png,2.0,1.7504493349859063
2898,2478_LeafPhotoB_2025-09-08 11_54_11.812-05_00_0.png,1.75,2.0603517449254682
2899,2478_LeafPhotoB_2025-09-08 11_54_11.812-05_00_1.png,1.75,2.0976833863662434
2900,2478_LeafPhotoB_2025-09-08 11_54_11.812-05_00_2.png,1.75,1.969490971407478
2901,2478_LeafPhotoB_2025-09-08 11_54_11.812-05_00_3.png,1.75,1.8854965229057716
2924,1464_LeafPhotoB_2025-09-08 16_27_57.851-05_00_1.png,1.75,1.9036804937301255
2925,1464_LeafPhotoB_2025-09-08 16_27_57.851-05_00_2.png,1.75,1.9435229452743954
2926,1464_LeafPhotoB_2025-09-08 16_27_57.851-05_00_0.png,1.75,1.914393911919551
2927,1464_LeafPhotoB_2025-09-08 16_27_57.851-05_00_3.png,1.75,1.820791752959517
2940,2290_LeafPhotoA_2025-09-08 16_50_03.639-05_00_3.png,1.5,1.8089426573061442
2941,2290_LeafPhotoA_2025-09-08 16_50_03.639-05_00_0.png,1.5,1.9972400660019662
2942,2290_LeafPhotoA_2025-09-08 16_50_03.639-05_00_2.png,1.5,1.9373515277471358
2943,2290_LeafPhotoA_2025-09-08 16_50_03.639-05_00_1.png,1.5,2.027886805145319
2972,1032_LeafPhotoA_2025-09-08 10_07_30.322-05_00_2.png,1.75,1.9978015828305105
2973,1032_LeafPhotoA_2025-09-08 10_07_30.322-05_00_1.png,1.75,1.9455083041206294
2974,1032_LeafPhotoA_2025-09-08 10_07_30.322-05_00_3.png,1.75,1.9814897724537823
2975,1032_LeafPhotoA_2025-09-08 10_07_30.322-05_00_0.png,1.75,1.8452513483499353
3015,1877_LeafPhotoA_2025-09-09 17_04_42.599-05_00_1.png,2.25,1.7336455630175631
3016,1877_LeafPhotoA_2025-09-09 17_04_42.599-05_00_3.png,2.25,1.9422781597702263
3017,1877_LeafPhotoA_2025-09-09 17_04_42.599-05_00_0.png,2.25,1.818240266001199
3018,1877_LeafPhotoA_2025-09-09 17_04_42.599-05_00_2.png,2.25,1.923682674949606
3035,2737_LeafPhotoA_2025-09-09 11_04_04.650-05_00_0.png,3.25,2.0139497521598906
3036,2737_LeafPhotoA_2025-09-09 11_04_04.650-05_00_1.png,3.25,1.8763336836881743
3037,2737_LeafPhotoA_2025-09-09 11_04_04.650-05_00_2.png,3.25,1.8513416410730648
3038,2737_LeafPhotoA_2025-09-09 11_04_04.650-05_00_3.png,3.25,1.9561034629679164
3043,1903_LeafPhotoA_2025-09-09 14_22_36.498-05_00_3.png,2.5,1.727816223644204
3044,1903_LeafPhotoA_2025-09-09 14_22_36.498-05_00_0.png,2.5,1.7822627635880346
3045,1903_LeafPhotoA_2025-09-09 14_22_36.498-05_00_2.png,2.5,1.8739423858806599
3046,1903_LeafPhotoA_2025-09-09 14_22_36.498-05_00_1.png,2.5,1.8831393305553525
3047,,1.75,1.542029018571298
3056,1712_LeafPhotoA_2025-09-09 09_07_57.472-05_00_0.png,3.5,2.0616213048754646
3057,1712_LeafPhotoA_2025-09-09 09_07_57.472-05_00_1.png,3.5,2.1488637811814106
3058,1712_LeafPhotoA_2025-09-09 09_07_57.472-05_00_2.png,3.5,2.144109944897581
3059,1712_LeafPhotoA_2025-09-09 09_07_57.472-05_00_3.png,3.5,2.3048840268026614
3063,1302_LeafPhotoA_2025-09-08 10_22_31.224-05_00_0.png,3.0,2.05360219076947
3064,1302_LeafPhotoA_2025-09-08 10_22_31.224-05_00_1.png,3.0,1.840928115242743
3065,1302_LeafPhotoA_2025-09-08 10_22_31.224-05_00_2.png,3.0,1.8598206623420432
3066,1654_LeafPhotoA_2025-09-09 10_18_00.201-05_00_1.png,1.25,1.9224138775705137
3067,1654_LeafPhotoA_2025-09-09 10_18_00.201-05_00_2.png,1.25,1.8489286815552302
3068,1654_LeafPhotoA_2025-09-09 10_18_00.201-05_00_0.png,1.25,1.9557944085605645
3073,1374_LeafPhotoA_2025-09-08 12_56_08.244-05_00_1.png,1.25,1.8902196969016813
3074,1374_LeafPhotoA_2025-09-08 12_56_08.244-05_00_3.png,1.25,1.9257004320355722
3075,1374_LeafPhotoA_2025-09-08 12_56_08.244-05_00_0.png,1.25,1.7927289566406244
3076,1374_LeafPhotoA_2025-09-08 12_56_08.244-05_00_2.png,1.25,1.9215429846927516
3093,1825_LeafPhotoA_2025-09-09 09_26_26.568-05_00_2.png,1.0,1.6179833502339322
3094,1825_LeafPhotoA_2025-09-09 09_26_26.568-05_00_3.png,1.0,1.680257552342594
3095,1825_LeafPhotoA_2025-09-09 09_26_26.568-05_00_1.png,1.0,1.5994974927176933
3096,1825_LeafPhotoA_2025-09-09 09_26_26.568-05_00_0.png,1.0,1.6882997288981236
3117,2979_LeafPhotoA_2025-09-09 16_31_00.348-05_00_1.png,1.5,1.7169888807514588
3118,2979_LeafPhotoA_2025-09-09 16_31_00.348-05_00_2.png,1.5,2.0050786523346504
3119,2979_LeafPhotoA_2025-09-09 16_31_00.348-05_00_3.png,1.5,1.8879648197233347
3120,2979_LeafPhotoA_2025-09-09 16_31_00.348-05_00_0.png,1.5,1.8056219806595186
3153,2543_LeafPhotoA_2025-09-09 10_42_41.692-05_00_2.png,2.25,2.1170070217128094
3154,2543_LeafPhotoA_2025-09-09 10_42_41.692-05_00_0.png,2.25,1.9494303158070572
3155,2543_LeafPhotoA_2025-09-09 10_42_41.692-05_00_3.png,2.25,2.0658955658741847
3156,2543_LeafPhotoA_2025-09-09 10_42_41.692-05_00_1.png,2.25,2.028019630159142
3161,2309_LeafPhotoA_2025-09-08 10_37_11.316-05_00_2.png,1.75,1.83401000809118
3162,2309_LeafPhotoA_2025-09-08 10_37_11.316-05_00_1.png,1.75,1.7677865641482136
3163,2309_LeafPhotoA_2025-09-08 10_37_11.316-05_00_0.png,1.75,1.8010729868113768
3164,2309_LeafPhotoA_2025-09-08 10_37_11.316-05_00_3.png,1.75,1.8613392101140736
3177,2069_LeafPhotoA_2025-09-08 12_03_40.102-05_00_0.png,1.5,1.905465117842825
3178,2069_LeafPhotoA_2025-09-08 12_03_40.102-05_00_1.png,1.5,1.9287334532440976
3179,2069_LeafPhotoA_2025-09-08 12_03_40.102-05_00_2.png,1.5,1.7441727052796114
3180,2069_LeafPhotoA_2025-09-08 12_03_40.102-05_00_3.png,1.5,1.7879130626353925
3181,2220_LeafPhotoA_2025-09-08 11_18_41.599-05_00_0.png,2.75,1.6902557985315325
3182,2220_LeafPhotoA_2025-09-08 11_18_41.599-05_00_1.png,2.75,1.812833235682017
3183,2220_LeafPhotoA_2025-09-08 11_18_41.599-05_00_2.png,2.75,1.7865692325712643
3184,2220_LeafPhotoA_2025-09-08 11_18_41.599-05_00_3.png,2.75,1.7957210993520016
3189,2432_LeafPhotoB_2025-09-08 11_09_28.923-05_00_0.png,1.25,1.725447440534612
3190,2432_LeafPhotoB_2025-09-08 11_09_28.923-05_00_2.png,1.25,1.6552744614060402
3191,2432_LeafPhotoB_2025-09-08 11_09_28.923-05_00_3.png,1.25,1.6728082348508033
3192,2432_LeafPhotoB_2025-09-08 11_09_28.923-05_00_1.png,1.25,1.6514392427604503
3194,2322_LeafPhotoA_2025-09-08 10_50_00.196-05_00_3.png,1.25,1.7683766360560094
3195,2322_LeafPhotoA_2025-09-08 10_50_00.196-05_00_1.png,1.25,1.6335119192383125
3196,2322_LeafPhotoA_2025-09-08 10_50_00.196-05_00_0.png,1.25,1.583763585994043
3197,2322_LeafPhotoA_2025-09-08 10_50_00.196-05_00_2.png,1.25,1.7453255260892637
3198,2826_LeafPhotoA_2025-09-09 10_41_32.330-05_00_0.png,1.5,1.652566810976835
3199,2826_LeafPhotoA_2025-09-09 10_41_32.330-05_00_1.png,1.5,1.624580558105036
3200,2826_LeafPhotoA_2025-09-09 10_41_32.330-05_00_2.png,1.5,1.743101431452534
3201,2826_LeafPhotoA_2025-09-09 10_41_32.330-05_00_3.png,1.5,1.6097040096234176
3211,2257_LeafPhotoA_2025-09-08 12_26_38.283-05_00_0.png,1.5,1.549854646299692
3212,2257_LeafPhotoA_2025-09-08 12_26_38.283-05_00_1.png,1.5,1.6108728845150098
3213,2257_LeafPhotoA_2025-09-08 12_26_38.283-05_00_2.png,1.5,1.6595303931176608
3214,2257_LeafPhotoA_2025-09-08 12_26_38.283-05_00_3.png,1.5,1.6676395915423585
3222,1834_LeafPhotoA_2025-09-09 09_42_08.907-05_00_0.png,2.0,1.7374202071363452
3223,1834_LeafPhotoA_2025-09-09 09_42_08.907-05_00_1.png,2.0,1.6627103744817564
3224,1834_LeafPhotoA_2025-09-09 09_42_08.907-05_00_2.png,2.0,1.7092207246621918
3225,1834_LeafPhotoA_2025-09-09 09_42_08.907-05_00_3.png,2.0,1.6933380457727398
3226,,1.5,1.542029018571298
3227,2418_LeafPhotoB_2025-09-08 10_56_40.105-05_00_3.png,1.75,1.7436474185429298
3228,2418_LeafPhotoB_2025-09-08 10_56_40.105-05_00_1.png,1.75,1.6097830350012046
3229,2418_LeafPhotoB_2025-09-08 10_56_40.105-05_00_0.png,1.75,1.7091735540037591
3230,2418_LeafPhotoB_2025-09-08 10_56_40.105-05_00_2.png,1.75,1.6662817379630457
3265,2706_LeafPhotoA_2025-09-09 10_21_29.913-05_00_0.png,3.5,2.2084649842152766
3266,2706_LeafPhotoA_2025-09-09 10_21_29.913-05_00_1.png,3.5,2.1006389123611444
3267,2706_LeafPhotoA_2025-09-09 10_21_29.913-05_00_2.png,3.5,2.049410053117677
3268,2706_LeafPhotoA_2025-09-09 10_21_29.913-05_00_3.png,3.5,1.9000638903615878
3277,1545_LeafPhotoA_2025-09-09 09_45_27.497-05_00_2.png,1.25,1.8039968870353944
3278,1545_LeafPhotoA_2025-09-09 09_45_27.497-05_00_0.png,1.25,1.9052700835205683
3279,1545_LeafPhotoA_2025-09-09 09_45_27.497-05_00_1.png,1.25,1.6762617823030939
3280,1545_LeafPhotoA_2025-09-09 09_45_27.497-05_00_3.png,1.25,1.7625368863091395
3281,6014_LeafPhotoA_2025-09-09 16_54_50.169-05_00_1.png,1.5,1.6489438991234668
3282,6014_LeafPhotoA_2025-09-09 16_54_50.169-05_00_3.png,1.5,1.6595815913998
3283,6014_LeafPhotoA_2025-09-09 16_54_50.169-05_00_2.png,1.5,1.618434400692043
3284,6014_LeafPhotoA_2025-09-09 16_54_50.169-05_00_0.png,1.5,1.5970386462737458
3289,2095_LeafPhotoA_2025-09-08 12_31_36.632-05_00_1.png,2.75,2.0339081490226025
3290,2095_LeafPhotoA_2025-09-08 12_31_36.632-05_00_3.png,2.75,2.058238003475427
3291,2095_LeafPhotoA_2025-09-08 12_31_36.632-05_00_2.png,2.75,1.9707558153920393
3292,2095_LeafPhotoA_2025-09-08 12_31_36.632-05_00_0.png,2.75,1.7612775922084174
3297,1300_LeafPhotoA_2025-09-08 16_38_09.236-05_00_0.png,2.75,1.980117022439778
3298,1300_LeafPhotoA_2025-09-08 16_38_09.236-05_00_1.png,2.75,2.1291727870727475
3303,2419_LeafPhotoB_2025-09-08 10_57_28.297-05_00_0.png,1.5,2.0138039932025027
3304,2419_LeafPhotoB_2025-09-08 10_57_28.297-05_00_1.png,1.5,1.9097646426894688
3305,2419_LeafPhotoB_2025-09-08 10_57_28.297-05_00_2.png,1.5,1.9603506401758148
3373,2478_LeafPhotoB_2025-09-08 11_53_38.180-05_00_0.png,2.5,2.0051871002091595
3374,2478_LeafPhotoB_2025-09-08 11_53_38.180-05_00_1.png,2.5,2.0348797680969692
3375,2478_LeafPhotoB_2025-09-08 11_53_38.180-05_00_2.png,2.5,1.8472014309685554
3380,2652_LeafPhotoA_2025-09-09 11_26_57.371-05_00_1.png,2.75,1.8938677269296473
3381,2652_LeafPhotoA_2025-09-09 11_26_57.371-05_00_3.png,2.75,1.9963551706470644
3382,2652_LeafPhotoA_2025-09-09 11_26_57.371-05_00_2.png,2.75,2.0076552675623875
3383,2652_LeafPhotoA_2025-09-09 11_26_57.371-05_00_0.png,2.75,1.9414415752125707
3396,2405_LeafPhotoB_2025-09-08 10_44_24.813-05_00_0.png,2.25,1.9616210574377184
3413,2265_LeafPhotoA_2025-09-08 12_39_28.832-05_00_0.png,2.25,1.7686398039238589
3414,2265_LeafPhotoA_2025-09-08 12_39_28.832-05_00_1.png,2.25,1.748081830518266
3415,2265_LeafPhotoA_2025-09-08 12_39_28.832-05_00_2.png,2.25,1.7789923103284175
3416,2265_LeafPhotoA_2025-09-08 12_39_28.832-05_00_3.png,2.25,1.700929363446294
3421,1987_LeafPhotoA_2025-09-09 16_24_58.420-05_00_0.png,2.0,1.789526929057213
3422,1987_LeafPhotoA_2025-09-09 16_24_58.420-05_00_1.png,2.0,1.701654751691807
3434,1403_LeafPhotoA_2025-09-08 09_23_43.647-05_00_0.png,1.75,1.9023084891437252
3435,1403_LeafPhotoA_2025-09-08 09_23_43.647-05_00_1.png,1.75,1.8683543188013976
3436,1403_LeafPhotoA_2025-09-08 09_23_43.647-05_00_2.png,1.75,1.8741385258797216
3449,1149_LeafPhotoA_2025-09-08 10_46_42.123-05_00_0.png,2.75,1.9459737652662383
3450,1149_LeafPhotoA_2025-09-08 10_46_42.123-05_00_1.png,2.75,1.8507041069597179
3451,1149_LeafPhotoA_2025-09-08 10_46_42.123-05_00_2.png,2.75,1.8399374946697897
3452,1149_LeafPhotoA_2025-09-08 10_46_42.123-05_00_3.png,2.75,1.7342383624860414
3457,2960_LeafPhotoA_2025-09-09 16_05_27.861-05_00_0.png,1.0,1.6926826353614286
3458,2960_LeafPhotoA_2025-09-09 16_05_27.861-05_00_1.png,1.0,1.6870732185412922
3459,2960_LeafPhotoA_2025-09-09 16_05_27.861-05_00_2.png,1.0,1.6093827335625894
3460,2960_LeafPhotoA_2025-09-09 16_05_27.861-05_00_3.png,1.0,1.685188906896336
3475,2269_LeafPhotoA_2025-09-08 17_14_12.666-05_00_3.png,2.25,1.9886303122795967
3476,2269_LeafPhotoA_2025-09-08 17_14_12.666-05_00_1.png,2.25,1.9652721694191313
3477,2269_LeafPhotoA_2025-09-08 17_14_12.666-05_00_2.png,2.25,1.9920083082981679
3478,2269_LeafPhotoA_2025-09-08 17_14_12.666-05_00_0.png,2.25,1.8914355662755433
3495,2750_LeafPhotoA_2025-09-09 11_21_31.376-05_00_0.png,1.75,1.8991224398272566
3496,2750_LeafPhotoA_2025-09-09 11_21_31.376-05_00_1.png,1.75,2.04255292251035
3497,2750_LeafPhotoA_2025-09-09 11_21_31.376-05_00_2.png,1.75,1.991417172449584
3498,2750_LeafPhotoA_2025-09-09 11_21_31.376-05_00_3.png,1.75,1.9185129542728243
3503,1459_LeafPhotoB_2025-09-08 12_36_19.960-05_00_0.png,3.0,1.9049566976675145
3504,1459_LeafPhotoB_2025-09-08 12_36_19.960-05_00_1.png,3.0,1.875798688937911
3541,,2.0,1.542029018571298
30,2872_LeafPhotoA_2025-09-09 14_46_31.841-05_00_0.png,1.0,1.7388046926709153
31,2872_LeafPhotoA_2025-09-09 14_46_31.841-05_00_2.png,1.0,1.8452338500865857
32,2872_LeafPhotoA_2025-09-09 14_46_31.841-05_00_1.png,1.0,1.9497778913432078
33,2872_LeafPhotoA_2025-09-09 14_46_31.841-05_00_3.png,1.0,1.7778990607265335
50,1031_LeafPhotoA_2025-09-08 10_06_33.217-05_00_0.png,1.5,1.7642826587931453
51,1031_LeafPhotoA_2025-09-08 10_06_33.217-05_00_3.png,1.5,1.6622934509664395
52,1031_LeafPhotoA_2025-09-08 10_06_33.217-05_00_1.png,1.5,1.6473085089078316
53,1031_LeafPhotoA_2025-09-08 10_06_33.217-05_00_2.png,1.5,1.691761217652049
89,1543_LeafPhotoA_2025-09-09 09_43_28.797-05_00_2.png,1.75,2.294836923644866
90,1543_LeafPhotoA_2025-09-09 09_43_28.797-05_00_1.png,1.75,2.3051405020069167
91,1543_LeafPhotoA_2025-09-09 09_43_28.797-05_00_0.png,1.75,2.1960271221095398
92,1543_LeafPhotoA_2025-09-09 09_43_28.797-05_00_3.png,1.75,2.0824610852433296
99,1214_LeafPhotoA_2025-09-08 09_47_10.824-05_00_3.png,1.5,1.903550898917798
100,1214_LeafPhotoA_2025-09-08 09_47_10.824-05_00_0.png,1.5,1.935934777231231
101,1214_LeafPhotoA_2025-09-08 09_47_10.824-05_00_2.png,1.5,1.9747788883708848
102,1214_LeafPhotoA_2025-09-08 09_47_10.824-05_00_1.png,1.5,1.8860523230907784
122,2843_LeafPhotoA_2025-09-09 11_07_54.202-05_00_0.png,2.25,1.8778208505286316
123,2843_LeafPhotoA_2025-09-09 11_07_54.202-05_00_1.png,2.25,1.859169007018793
124,2843_LeafPhotoA_2025-09-09 11_07_54.202-05_00_2.png,2.25,1.8922698265061617
125,2843_LeafPhotoA_2025-09-09 11_07_54.202-05_00_3.png,2.25,1.935856407374016
140,2999_LeafPhotoA_2025-09-09 16_54_48.280-05_00_2.png,1.25,1.9463517089622089
141,2999_LeafPhotoA_2025-09-09 16_54_48.280-05_00_0.png,1.25,1.9170353545958474
142,2999_LeafPhotoA_2025-09-09 16_54_48.280-05_00_3.png,1.25,1.8328197032169473
143,2999_LeafPhotoA_2025-09-09 16_54_48.280-05_00_1.png,1.25,1.8936181950507236
152,1030_LeafPhotoA_2025-09-08 10_05_12.593-05_00_3.png,2.25,2.0863228653011934
153,1030_LeafPhotoA_2025-09-08 10_05_12.593-05_00_1.png,2.25,2.143106334212046
154,1030_LeafPhotoA_2025-09-08 10_05_12.593-05_00_0.png,2.25,2.0207717332855815
155,1030_LeafPhotoA_2025-09-08 10_05_12.593-05_00_2.png,2.25,2.109474687877697
159,1138_LeafPhotoA_2025-09-08 10_30_50.978-05_00_2.png,2.25,1.7635326818890826
160,1138_LeafPhotoA_2025-09-08 10_30_50.978-05_00_0.png,2.25,1.7831194013605796
161,1138_LeafPhotoA_2025-09-08 10_30_50.978-05_00_3.png,2.25,1.9343438888749813
162,1138_LeafPhotoA_2025-09-08 10_30_50.978-05_00_1.png,2.25,1.7253876405886839
175,1713_LeafPhotoA_2025-09-09 09_08_57.026-05_00_0.png,3.0,2.2751045820284146
176,1713_LeafPhotoA_2025-09-09 09_08_57.026-05_00_2.png,3.0,2.0401111925717803
177,1713_LeafPhotoA_2025-09-09 09_08_57.026-05_00_1.png,3.0,2.0608214268853793
178,1713_LeafPhotoA_2025-09-09 09_08_57.026-05_00_3.png,3.0,2.013321949665725
186,1736_LeafPhotoA_2025-09-09 09_48_40.445-05_00_2.png,1.0,2.4048613005998267
187,1736_LeafPhotoA_2025-09-09 09_48_40.445-05_00_0.png,1.0,2.2596028926783602
188,1736_LeafPhotoA_2025-09-09 09_48_40.445-05_00_3.png,1.0,2.2008163624059787
189,1736_LeafPhotoA_2025-09-09 09_48_40.445-05_00_1.png,1.0,2.2687268650990706
190,1086_LeafPhotoA_2025-09-09 10_59_11.313-05_00_0.png,1.75,1.7751162201567456
191,1086_LeafPhotoA_2025-09-09 10_59_11.313-05_00_2.png,1.75,1.9187846616438813
192,1086_LeafPhotoA_2025-09-09 10_59_11.313-05_00_1.png,1.75,1.8503046806202184
193,1086_LeafPhotoA_2025-09-09 10_59_11.313-05_00_3.png,1.75,1.9345414710646796
206,2470_LeafPhotoB_2025-09-08 11_47_37.543-05_00_2.png,1.75,1.8234865765107038
207,2470_LeafPhotoB_2025-09-08 11_47_37.543-05_00_0.png,1.75,1.8809813547453496
208,2470_LeafPhotoB_2025-09-08 11_47_37.543-05_00_1.png,1.75,1.8589105180393761
209,2470_LeafPhotoB_2025-09-08 11_47_37.543-05_00_3.png,1.75,1.8234450182680908
226,1660_LeafPhotoA_2025-09-09 10_09_36.852-05_00_1.png,1.5,1.8917317468473862
227,1660_LeafPhotoA_2025-09-09 10_09_36.852-05_00_0.png,1.5,1.8711020077300784
228,1660_LeafPhotoA_2025-09-09 10_09_36.852-05_00_2.png,1.5,1.8964821344282339
229,1660_LeafPhotoA_2025-09-09 10_09_36.852-05_00_3.png,1.5,1.7953771393738396
234,1966_LeafPhotoA_2025-09-09 17_14_11.633-05_00_0.png,1.25,1.7357436466008103
235,1966_LeafPhotoA_2025-09-09 17_14_11.633-05_00_1.png,1.25,1.7393769060907707
236,1966_LeafPhotoA_2025-09-09 17_14_11.633-05_00_2.png,1.25,1.8686100835103474
237,1966_LeafPhotoA_2025-09-09 17_14_11.633-05_00_3.png,1.25,1.7105270300036657
260,2775_LeafPhotoA_2025-09-09 15_39_08.142-05_00_0.png,1.0,1.8467617662480267
261,2775_LeafPhotoA_2025-09-09 15_39_08.142-05_00_3.png,1.0,1.805781281020107
262,2775_LeafPhotoA_2025-09-09 15_39_08.142-05_00_1.png,1.0,1.8347823448414236
263,2775_LeafPhotoA_2025-09-09 15_39_08.142-05_00_2.png,1.0,1.8423953297197317
273,1196_LeafPhotoA_2025-09-08 15_46_27.438-05_00_1.png,1.75,2.1413852848956494
274,1196_LeafPhotoA_2025-09-08 15_46_27.438-05_00_3.png,1.75,2.173344518655098
275,1196_LeafPhotoA_2025-09-08 15_46_27.438-05_00_2.png,1.75,2.171133566488066
276,1196_LeafPhotoA_2025-09-08 15_46_27.438-05_00_0.png,1.75,2.176921879486294
285,2942_LeafPhotoA_2025-09-09 16_27_44.669-05_00_2.png,2.25,2.04148532305167
286,2942_LeafPhotoA_2025-09-09 16_27_44.669-05_00_1.png,2.25,1.9332633383195859
287,2942_LeafPhotoA_2025-09-09 16_27_44.669-05_00_3.png,2.25,2.011335557173466
288,2942_LeafPhotoA_2025-09-09 16_27_44.669-05_00_0.png,2.25,1.8509654016904045
289,2301_LeafPhotoA_2025-09-08 10_23_19.706-05_00_1.png,2.5,1.786013568558097
290,2301_LeafPhotoA_2025-09-08 10_23_19.706-05_00_2.png,2.5,1.938437086037028
291,2301_LeafPhotoA_2025-09-08 10_23_19.706-05_00_0.png,2.5,1.778902019845748
332,2962_LeafPhotoA_2025-09-09 16_07_33.642-05_00_0.png,2.5,1.77997188337575
333,2962_LeafPhotoA_2025-09-09 16_07_33.642-05_00_2.png,2.5,1.928800496589377
334,2962_LeafPhotoA_2025-09-09 16_07_33.642-05_00_1.png,2.5,1.939699058348342
335,2962_LeafPhotoA_2025-09-09 16_07_33.642-05_00_3.png,2.5,1.8345954428107563
336,2693_LeafPhotoA_2025-09-09 10_37_58.417-05_00_0.png,1.5,1.7558215540237863
337,2693_LeafPhotoA_2025-09-09 10_37_58.417-05_00_1.png,1.5,1.693229265381162
338,2693_LeafPhotoA_2025-09-09 10_37_58.417-05_00_2.png,1.5,1.8129029382640072
339,2693_LeafPhotoA_2025-09-09 10_37_58.417-05_00_3.png,1.5,1.6915838656755695
383,2957_LeafPhotoA_2025-09-09 16_00_50.634-05_00_0.png,2.25,1.928872156594054
384,2957_LeafPhotoA_2025-09-09 16_00_50.634-05_00_1.png,2.25,1.8949469577388975
385,2957_LeafPhotoA_2025-09-09 16_00_50.634-05_00_2.png,2.25,1.8651198162513236
386,2957_LeafPhotoA_2025-09-09 16_00_50.634-05_00_3.png,2.25,1.906430205886683
433,1414_LeafPhotoA_2025-09-08 09_36_43.216-05_00_1.png,1.5,1.8268452036130898
434,1414_LeafPhotoA_2025-09-08 09_36_43.216-05_00_0.png,1.5,1.8720844921305684
435,1414_LeafPhotoA_2025-09-08 09_36_43.216-05_00_2.png,1.5,1.7857995397624606
448,1687_LeafPhotoA_2025-09-09 09_18_28.478-05_00_1.png,2.0,2.062312543105705
449,1687_LeafPhotoA_2025-09-09 09_18_28.478-05_00_2.png,2.0,1.8549014254780616
450,1687_LeafPhotoA_2025-09-09 09_18_28.478-05_00_0.png,2.0,1.9759585227455299
463,2206_LeafPhotoA_2025-09-08 10_53_32.789-05_00_0.png,1.5,1.6937196141832354
464,2206_LeafPhotoA_2025-09-08 10_53_32.789-05_00_1.png,1.5,1.6806310352382103
465,2206_LeafPhotoA_2025-09-08 10_53_32.789-05_00_2.png,1.5,1.8060171730298042
466,2206_LeafPhotoA_2025-09-08 10_53_32.789-05_00_3.png,1.5,1.6000547139577015
487,2949_LeafPhotoA_2025-09-09 16_21_26.314-05_00_3.png,1.75,1.6689773723317785
488,2949_LeafPhotoA_2025-09-09 16_21_26.314-05_00_1.png,1.75,1.8273895866130772
489,2949_LeafPhotoA_2025-09-09 16_21_26.314-05_00_2.png,1.75,1.692093080482255
490,2949_LeafPhotoA_2025-09-09 16_21_26.314-05_00_0.png,1.75,1.757956422165619
505,2110_LeafPhotoA_2025-09-08 11_07_19.238-05_00_2.png,1.0,1.7846547140738187
506,2110_LeafPhotoA_2025-09-08 11_07_19.238-05_00_0.png,1.0,1.7773988543100214
507,2110_LeafPhotoA_2025-09-08 11_07_19.238-05_00_3.png,1.0,1.7716986959553853
508,2110_LeafPhotoA_2025-09-08 11_07_19.238-05_00_1.png,1.0,1.8500949033685081
513,1805_LeafPhotoA_2025-09-09 08_57_47.562-05_00_0.png,1.25,1.8540716615027875
514,1805_LeafPhotoA_2025-09-09 08_57_47.562-05_00_1.png,1.25,1.7675326501897217
515,1805_LeafPhotoA_2025-09-09 08_57_47.562-05_00_2.png,1.25,1.6673354654292303
516,1805_LeafPhotoA_2025-09-09 08_57_47.562-05_00_3.png,1.25,1.773858439934605
540,2999_LeafPhotoA_2025-09-09 16_54_09.800-05_00_1.png,1.5,1.8101420729924746
541,2999_LeafPhotoA_2025-09-09 16_54_09.800-05_00_2.png,1.5,1.7526914650931205
542,2999_LeafPhotoA_2025-09-09 16_54_09.800-05_00_0.png,1.5,1.6814823412942719
543,2999_LeafPhotoA_2025-09-09 16_54_09.800-05_00_3.png,1.5,1.7429812924339692
544,1802_LeafPhotoA_2025-09-09 10_06_55.886-05_00_0.png,1.0,1.6190348018570564
545,1802_LeafPhotoA_2025-09-09 10_06_55.886-05_00_3.png,1.0,1.7458667533178496
546,1802_LeafPhotoA_2025-09-09 10_06_55.886-05_00_1.png,1.0,1.557312023010152
547,1802_LeafPhotoA_2025-09-09 10_06_55.886-05_00_2.png,1.0,1.561818873850609
555,2166_LeafPhotoA_2025-09-09 11_59_53.673-05_00_0.png,2.0,2.309563039329416
556,2166_LeafPhotoA_2025-09-09 11_59_53.673-05_00_1.png,2.0,2.2735275783929154
557,2166_LeafPhotoA_2025-09-09 11_59_53.673-05_00_2.png,2.0,2.2024843771921367
558,2166_LeafPhotoA_2025-09-09 11_59_53.673-05_00_3.png,2.0,2.103886414503806
561,1863_LeafPhotoA_2025-09-09 13_33_41.872-05_00_2.png,2.25,1.9202780127898527
562,1863_LeafPhotoA_2025-09-09 13_33_41.872-05_00_3.png,2.25,2.0123941487246206
563,1863_LeafPhotoA_2025-09-09 13_33_41.872-05_00_1.png,2.25,2.0059928461644647
564,1863_LeafPhotoA_2025-09-09 13_33_41.872-05_00_0.png,2.25,1.9061351196345149
565,2529_LeafPhotoA_2025-09-09 10_27_20.782-05_00_0.png,1.5,1.8304759827926318
566,2529_LeafPhotoA_2025-09-09 10_27_20.782-05_00_1.png,1.5,1.8396590662371783
567,2529_LeafPhotoA_2025-09-09 10_27_20.782-05_00_2.png,1.5,1.8670370071105358
568,2529_LeafPhotoA_2025-09-09 10_27_20.782-05_00_3.png,1.5,1.9117212243099067
581,2227_LeafPhotoA_2025-09-08 11_30_56.055-05_00_0.png,2.5,1.9601967459729377
582,2227_LeafPhotoA_2025-09-08 11_30_56.055-05_00_1.png,2.5,1.925926192670473
583,2227_LeafPhotoA_2025-09-08 11_30_56.055-05_00_2.png,2.5,1.9225293645391874
584,2227_LeafPhotoA_2025-09-08 11_30_56.055-05_00_3.png,2.5,1.9954672242062312
601,2657_LeafPhotoA_2025-09-09 11_30_26.164-05_00_3.png,3.0,2.111105761358956
602,2657_LeafPhotoA_2025-09-09 11_30_26.164-05_00_2.png,3.0,2.229400217076577
603,2657_LeafPhotoA_2025-09-09 11_30_26.164-05_00_1.png,3.0,2.3092052127882154
604,2657_LeafPhotoA_2025-09-09 11_30_26.164-05_00_0.png,3.0,2.291392628040017
605,2736_LeafPhotoA_2025-09-09 11_03_17.238-05_00_3.png,2.75,2.06089964810436
606,2736_LeafPhotoA_2025-09-09 11_03_17.238-05_00_2.png,2.75,2.0783359930081096
607,2736_LeafPhotoA_2025-09-09 11_03_17.238-05_00_1.png,2.75,2.023516594983749
608,2736_LeafPhotoA_2025-09-09 11_03_17.238-05_00_0.png,2.75,1.9903123569555359
609,2244_LeafPhotoA_2025-09-08 11_56_08.443-05_00_1.png,1.25,1.6041912352855585
610,2244_LeafPhotoA_2025-09-08 11_56_08.443-05_00_3.png,1.25,1.5887077120518578
611,2244_LeafPhotoA_2025-09-08 11_56_08.443-05_00_2.png,1.25,1.587511124791747
612,2244_LeafPhotoA_2025-09-08 11_56_08.443-05_00_0.png,1.25,1.5434210259917125
619,1722_LeafPhotoA_2025-09-09 09_21_25.253-05_00_0.png,3.0,2.1415131127794624
620,1722_LeafPhotoA_2025-09-09 09_21_25.253-05_00_1.png,3.0,2.0902084394363776
621,1722_LeafPhotoA_2025-09-09 09_21_25.253-05_00_2.png,3.0,2.0630301402942184
626,,1.25,1.5800877730369394
635,2401_LeafPhotoB_2025-09-08 10_40_27.891-05_00_0.png,2.0,2.0373580883421503
636,2401_LeafPhotoB_2025-09-08 10_40_27.891-05_00_1.png,2.0,2.111431741176564
637,2401_LeafPhotoB_2025-09-08 10_40_27.891-05_00_2.png,2.0,2.1466979351393887
638,2401_LeafPhotoB_2025-09-08 10_40_27.891-05_00_3.png,2.0,2.205147147231102
647,2594_LeafPhotoA_2025-09-09 10_28_20.057-05_00_0.png,1.5,1.7792319943974522
648,2594_LeafPhotoA_2025-09-09 10_28_20.057-05_00_1.png,1.5,1.7522356255487193
649,2594_LeafPhotoA_2025-09-09 10_28_20.057-05_00_2.png,1.5,1.8109080759904908
650,2594_LeafPhotoA_2025-09-09 10_28_20.057-05_00_3.png,1.5,1.814460551935434
655,1946_LeafPhotoA_2025-09-09 16_05_11.903-05_00_1.png,1.5,1.864782960429717
656,1946_LeafPhotoA_2025-09-09 16_05_11.903-05_00_0.png,1.5,1.8666760492031507
657,1946_LeafPhotoA_2025-09-09 16_05_11.903-05_00_2.png,1.5,1.8873702533437913
658,1946_LeafPhotoA_2025-09-09 16_05_11.903-05_00_3.png,1.5,1.9101361510919859
671,1789_LeafPhotoA_2025-09-09 09_15_57.914-05_00_3.png,1.0,1.967196651912706
672,1789_LeafPhotoA_2025-09-09 09_15_57.914-05_00_1.png,1.0,2.148634687857938
673,1789_LeafPhotoA_2025-09-09 09_15_57.914-05_00_2.png,1.0,2.144732058619054
674,1789_LeafPhotoA_2025-09-09 09_15_57.914-05_00_0.png,1.0,1.9715799867446915
675,1200_LeafPhotoA_2025-09-08 17_01_52.096-05_00_0.png,1.0,1.700459396726426
676,1200_LeafPhotoA_2025-09-08 17_01_52.096-05_00_1.png,1.0,1.8335096341097081
677,1200_LeafPhotoA_2025-09-08 17_01_52.096-05_00_2.png,1.0,1.9480386308012814
682,2724_LeafPhotoA_2025-09-09 10_46_27.417-05_00_1.png,1.75,2.0135182558884153
683,2724_LeafPhotoA_2025-09-09 10_46_27.417-05_00_3.png,1.75,1.969814195949282
684,2724_LeafPhotoA_2025-09-09 10_46_27.417-05_00_0.png,1.75,1.9758502654546828
685,2724_LeafPhotoA_2025-09-09 10_46_27.417-05_00_2.png,1.75,2.1164235781821144
698,2115_LeafPhotoA_2025-09-08 11_16_33.968-05_00_3.png,1.75,1.8893518452906632
699,2115_LeafPhotoA_2025-09-08 11_16_33.968-05_00_1.png,1.75,1.866042911359849
700,2115_LeafPhotoA_2025-09-08 11_16_33.968-05_00_0.png,1.75,1.7115780069335114
701,2115_LeafPhotoA_2025-09-08 11_16_33.968-05_00_2.png,1.75,1.7986855788636447
727,2048_LeafPhotoA_2025-09-08 11_28_25.459-05_00_0.png,2.0,1.7611316721889207
728,2048_LeafPhotoA_2025-09-08 11_28_25.459-05_00_3.png,2.0,1.9000337260926115
729,2048_LeafPhotoA_2025-09-08 11_28_25.459-05_00_2.png,2.0,1.8253303786936983
730,2048_LeafPhotoA_2025-09-08 11_28_25.459-05_00_1.png,2.0,1.742918769387703
741,2655_LeafPhotoA_2025-09-09 11_29_02.979-05_00_0.png,1.25,1.8538538848841444
742,2655_LeafPhotoA_2025-09-09 11_29_02.979-05_00_1.png,1.25,1.7066331369457342
743,2655_LeafPhotoA_2025-09-09 11_29_02.979-05_00_2.png,1.25,1.7412793764462458
744,2655_LeafPhotoA_2025-09-09 11_29_02.979-05_00_3.png,1.25,1.7965316651738144
745,1056_LeafPhotoA_2025-09-08 12_47_34.787-05_00_2.png,1.75,1.8756562357652244
746,1056_LeafPhotoA_2025-09-08 12_47_34.787-05_00_1.png,1.75,1.9190973296488727
747,1056_LeafPhotoA_2025-09-08 12_47_34.787-05_00_0.png,1.75,1.990289870574581
748,1056_LeafPhotoA_2025-09-08 12_47_34.787-05_00_3.png,1.75,1.880569385004456
760,2409_LeafPhotoB_2025-09-08 10_48_08.751-05_00_1.png,2.75,2.029278849837382
761,2409_LeafPhotoB_2025-09-08 10_48_08.751-05_00_2.png,2.75,1.8301123338829555
762,2409_LeafPhotoB_2025-09-08 10_48_08.751-05_00_3.png,2.75,1.8755334098333094
763,2409_LeafPhotoB_2025-09-08 10_48_08.751-05_00_0.png,2.75,1.9774562454074944
766,2673_LeafPhotoA_2025-09-09 11_11_18.428-05_00_1.png,1.0,1.7928295760692476
767,2673_LeafPhotoA_2025-09-09 11_11_18.428-05_00_0.png,1.0,1.7917822597804471
768,2673_LeafPhotoA_2025-09-09 11_11_18.428-05_00_2.png,1.0,1.7849283602104793
777,2933_LeafPhotoA_2025-09-09 16_35_09.095-05_00_0.png,1.0,1.8711743685598778
778,2933_LeafPhotoA_2025-09-09 16_35_09.095-05_00_1.png,1.0,1.9445499460160482
779,2933_LeafPhotoA_2025-09-09 16_35_09.095-05_00_2.png,1.0,1.9175392070211037
815,9351_LeafPhotoA_2025-09-09 17_07_37.530-05_00_2.png,1.0,1.9285941831107485
816,9351_LeafPhotoA_2025-09-09 17_07_37.530-05_00_0.png,1.0,1.9339986767108244
817,9351_LeafPhotoA_2025-09-09 17_07_37.530-05_00_3.png,1.0,1.7699987853308645
818,9351_LeafPhotoA_2025-09-09 17_07_37.530-05_00_1.png,1.0,1.941213548569269
843,2693_LeafPhotoA_2025-09-09 10_38_35.796-05_00_0.png,1.75,2.0431818840022213
844,2693_LeafPhotoA_2025-09-09 10_38_35.796-05_00_1.png,1.75,2.077236652662194
845,2693_LeafPhotoA_2025-09-09 10_38_35.796-05_00_2.png,1.75,2.106482866575508
846,2693_LeafPhotoA_2025-09-09 10_38_35.796-05_00_3.png,1.75,2.070175323781289
847,2499_LeafPhotoB_2025-09-08 12_23_25.734-05_00_0.png,1.75,1.7769176701459029
848,2499_LeafPhotoB_2025-09-08 12_23_25.734-05_00_1.png,1.75,1.7307544186442234
849,2499_LeafPhotoB_2025-09-08 12_23_25.734-05_00_2.png,1.75,1.66874331534425
850,2499_LeafPhotoB_2025-09-08 12_23_25.734-05_00_3.png,1.75,1.7361023368307513
868,2506_LeafPhotoA_2025-09-09 10_01_46.426-05_00_2.png,2.75,2.208925767136042
869,2506_LeafPhotoA_2025-09-09 10_01_46.426-05_00_3.png,2.75,2.1398711834167403
870,2506_LeafPhotoA_2025-09-09 10_01_46.426-05_00_1.png,2.75,2.249613047676974
871,2506_LeafPhotoA_2025-09-09 10_01_46.426-05_00_0.png,2.75,1.997284008438941
872,2341_LeafPhotoA_2025-09-08 11_09_22.552-05_00_1.png,1.0,1.8581570790334223
873,2341_LeafPhotoA_2025-09-08 11_09_22.552-05_00_0.png,1.0,1.9217643683366634
901,2833_LeafPhotoA_2025-09-09 10_51_02.314-05_00_2.png,1.0,1.7524199632604263
902,2833_LeafPhotoA_2025-09-09 10_51_02.314-05_00_1.png,1.0,1.6689580895715144
903,2833_LeafPhotoA_2025-09-09 10_51_02.314-05_00_3.png,1.0,1.7083508760438195
904,2833_LeafPhotoA_2025-09-09 10_51_02.314-05_00_0.png,1.0,1.7597239366079824
909,1472_LeafPhotoB_2025-09-08 16_38_48.113-05_00_1.png,1.5,1.955220498584664
910,1472_LeafPhotoB_2025-09-08 16_38_48.113-05_00_0.png,1.5,1.848658665715629
911,1472_LeafPhotoB_2025-09-08 16_38_48.113-05_00_2.png,1.5,2.0681140935249407
917,1697_LeafPhotoA_2025-09-09 08_53_49.546-05_00_0.png,1.25,1.9048386510599307
918,1697_LeafPhotoA_2025-09-09 08_53_49.546-05_00_1.png,1.25,1.9043200883855034
919,1697_LeafPhotoA_2025-09-09 08_53_49.546-05_00_3.png,1.25,1.8123650308535713
920,1697_LeafPhotoA_2025-09-09 08_53_49.546-05_00_2.png,1.25,1.8132678840350918
926,2381_LeafPhotoA_2025-09-08 11_51_21.824-05_00_0.png,1.25,1.7566147556447385
927,2381_LeafPhotoA_2025-09-08 11_51_21.824-05_00_3.png,1.25,1.9550879727387425
928,2381_LeafPhotoA_2025-09-08 11_51_21.824-05_00_1.png,1.25,1.9348292566136993
929,2381_LeafPhotoA_2025-09-08 11_51_21.824-05_00_2.png,1.25,1.9474146199027471
976,1679_LeafPhotoA_2025-09-09 09_32_13.519-05_00_0.png,2.25,1.8440630338135058
977,1679_LeafPhotoA_2025-09-09 09_32_13.519-05_00_1.png,2.25,1.941763233223337
978,1679_LeafPhotoA_2025-09-09 09_32_13.519-05_00_2.png,2.25,1.8676696424329464
979,1679_LeafPhotoA_2025-09-09 09_32_13.519-05_00_3.png,2.25,1.914074379088565
985,1512_LeafPhotoA_2025-09-09 09_08_29.596-05_00_0.png,2.5,1.927493741732445
986,1512_LeafPhotoA_2025-09-09 09_08_29.596-05_00_3.png,2.5,2.0012430467548
987,1512_LeafPhotoA_2025-09-09 09_08_29.596-05_00_1.png,2.5,1.8919044725382717
988,1512_LeafPhotoA_2025-09-09 09_08_29.596-05_00_2.png,2.5,1.849322505905312
1038,1001_LeafPhotoA_2025-09-08 10_30_44.491-05_00_1.png,1.75,1.8158080718690623
1039,1001_LeafPhotoA_2025-09-08 10_30_44.491-05_00_2.png,1.75,1.721665283324025
1040,1001_LeafPhotoA_2025-09-08 10_30_44.491-05_00_0.png,1.75,1.7804127558793659
1041,1001_LeafPhotoA_2025-09-08 10_30_44.491-05_00_3.png,1.75,1.8467567484383969
1047,1705_LeafPhotoA_2025-09-09 08_56_59.048-05_00_2.png,2.25,2.163479625692561
1048,1705_LeafPhotoA_2025-09-09 08_56_59.048-05_00_0.png,2.25,2.150699313503083
1049,1705_LeafPhotoA_2025-09-09 08_56_59.048-05_00_1.png,2.25,2.1549713198214424
1050,1705_LeafPhotoA_2025-09-09 08_56_59.048-05_00_3.png,2.25,2.0771984876914136
1062,1665_LeafPhotoA_2025-09-09 09_57_34.568-05_00_0.png,2.0,1.9913355984588839
1063,1665_LeafPhotoA_2025-09-09 09_57_34.568-05_00_1.png,2.0,1.9198104076167652
1064,1665_LeafPhotoA_2025-09-09 09_57_34.568-05_00_2.png,2.0,1.8701293929386629
1102,1053_LeafPhotoA_2025-09-08 12_43_49.634-05_00_3.png,2.5,2.0490377572432426
1103,1053_LeafPhotoA_2025-09-08 12_43_49.634-05_00_1.png,2.5,2.0170285900849354
1104,1053_LeafPhotoA_2025-09-08 12_43_49.634-05_00_0.png,2.5,1.9125197054192802
1105,1053_LeafPhotoA_2025-09-08 12_43_49.634-05_00_2.png,2.5,1.9828831627944308
1113,2631_LeafPhotoA_2025-09-09 11_48_53.491-05_00_3.png,2.5,1.7496911138504627
1114,2631_LeafPhotoA_2025-09-09 11_48_53.491-05_00_1.png,2.5,1.633623669405499
1115,2631_LeafPhotoA_2025-09-09 11_48_53.491-05_00_0.png,2.5,1.6480661029488548
1116,2631_LeafPhotoA_2025-09-09 11_48_53.491-05_00_2.png,2.5,1.7163329780210221
1134,1013_LeafPhotoA_2025-09-08 09_45_15.101-05_00_0.png,1.25,2.151215347505899
1135,1013_LeafPhotoA_2025-09-08 09_45_15.101-05_00_2.png,1.25,2.2381243628286493
1136,1013_LeafPhotoA_2025-09-08 09_45_15.101-05_00_1.png,1.25,2.2972410792279
1137,1013_LeafPhotoA_2025-09-08 09_45_15.101-05_00_3.png,1.25,2.053798695530422
1147,9260_LeafPhotoA_2025-09-08 12_05_57.503-05_00_1.png,1.0,1.6354478998075037
1148,9260_LeafPhotoA_2025-09-08 12_05_57.503-05_00_2.png,1.0,1.6235548320586903
1149,9260_LeafPhotoA_2025-09-08 12_05_57.503-05_00_0.png,1.0,1.568768591820546
1150,9260_LeafPhotoA_2025-09-08 12_05_57.503-05_00_3.png,1.0,1.631259289190619
1185,2433_LeafPhotoB_2025-09-08 11_09_46.410-05_00_3.png,1.5,1.6734355931011078
1186,2433_LeafPhotoB_2025-09-08 11_09_46.410-05_00_1.png,1.5,1.7930048965715577
1187,2433_LeafPhotoB_2025-09-08 11_09_46.410-05_00_2.png,1.5,1.7359402713662238
1188,2433_LeafPhotoB_2025-09-08 11_09_46.410-05_00_0.png,1.5,1.8015088369676076
1197,2490_LeafPhotoB_2025-09-08 12_05_22.252-05_00_3.png,1.5,1.97958092098444
1198,2490_LeafPhotoB_2025-09-08 12_05_22.252-05_00_0.png,1.5,1.6942279953171537
1199,2490_LeafPhotoB_2025-09-08 12_05_22.252-05_00_2.png,1.5,1.8820506573512947
1200,2490_LeafPhotoB_2025-09-08 12_05_22.252-05_00_1.png,1.5,1.8510818807772835
1218,1014_LeafPhotoA_2025-09-08 09_46_05.675-05_00_2.png,3.75,2.238206451380199
1219,1014_LeafPhotoA_2025-09-08 09_46_05.675-05_00_1.png,3.75,2.3273918588734652
1220,1014_LeafPhotoA_2025-09-08 09_46_05.675-05_00_0.png,3.75,2.191539808888758
1238,2530_LeafPhotoA_2025-09-09 10_28_43.092-05_00_1.png,3.75,2.1724345318679323
1239,2530_LeafPhotoA_2025-09-09 10_28_43.092-05_00_3.png,3.75,2.1276269922632522
1240,2530_LeafPhotoA_2025-09-09 10_28_43.092-05_00_2.png,3.75,2.0079682649436923
1241,2530_LeafPhotoA_2025-09-09 10_28_43.092-05_00_0.png,3.75,2.0819360859956704
1242,1397_LeafPhotoA_2025-09-08 13_28_16.462-05_00_0.png,2.5,1.833383233444779
1252,2867_LeafPhotoA_2025-09-09 14_50_34.297-05_00_1.png,1.5,1.8015113352017154
1253,2867_LeafPhotoA_2025-09-09 14_50_34.297-05_00_3.png,1.5,1.686745035548534
1254,2867_LeafPhotoA_2025-09-09 14_50_34.297-05_00_0.png,1.5,1.8276567085506843
1255,2867_LeafPhotoA_2025-09-09 14_50_34.297-05_00_2.png,1.5,1.7967102885677397
1256,,2.25,1.5800877730369394
1352,1170_LeafPhotoA_2025-09-08 16_32_45.562-05_00_3.png,1.75,2.1523603866020777
1353,1170_LeafPhotoA_2025-09-08 16_32_45.562-05_00_1.png,1.75,2.247244054990149
1354,1170_LeafPhotoA_2025-09-08 16_32_45.562-05_00_2.png,1.75,2.216986370276932
1355,1170_LeafPhotoA_2025-09-08 16_32_45.562-05_00_0.png,1.75,2.030019150693916
1376,2222_LeafPhotoA_2025-09-08 11_22_53.252-05_00_0.png,2.25,1.8951359186989267
1377,2222_LeafPhotoA_2025-09-08 11_22_53.252-05_00_1.png,2.25,1.920381639411607
1378,2222_LeafPhotoA_2025-09-08 11_22_53.252-05_00_2.png,2.25,1.9607247809568111
1379,2222_LeafPhotoA_2025-09-08 11_22_53.252-05_00_3.png,2.25,1.6761438791082401
1427,2876_LeafPhotoA_2025-09-09 14_43_15.675-05_00_3.png,1.75,1.730654918032226
1428,2876_LeafPhotoA_2025-09-09 14_43_15.675-05_00_2.png,1.75,1.8405378569578206
1429,2876_LeafPhotoA_2025-09-09 14_43_15.675-05_00_1.png,1.75,2.03971466734697
1430,2876_LeafPhotoA_2025-09-09 14_43_15.675-05_00_0.png,1.75,1.988788604847381
1443,2041_LeafPhotoA_2025-09-08 11_20_20.644-05_00_0.png,2.0,1.7647452285456935
1444,2041_LeafPhotoA_2025-09-08 11_20_20.644-05_00_1.png,2.0,1.7736616874576552
1445,2041_LeafPhotoA_2025-09-08 11_20_20.644-05_00_2.png,2.0,1.9647835571573327
1469,1584_LeafPhotoA_2025-09-09 09_39_38.950-05_00_3.png,2.25,1.9782075822891434
1470,1584_LeafPhotoA_2025-09-09 09_39_38.950-05_00_1.png,2.25,2.0429520707029907
1471,1584_LeafPhotoA_2025-09-09 09_39_38.950-05_00_0.png,2.25,1.937585963345167
1472,1584_LeafPhotoA_2025-09-09 09_39_38.950-05_00_2.png,2.25,1.9279068327948823
1473,1946_LeafPhotoA_2025-09-09 16_04_53.847-05_00_2.png,3.0,1.903991971313699
1474,1946_LeafPhotoA_2025-09-09 16_04_53.847-05_00_0.png,3.0,2.0538048702834426
1475,1946_LeafPhotoA_2025-09-09 16_04_53.847-05_00_1.png,3.0,2.086031533241707
1476,1946_LeafPhotoA_2025-09-09 16_04_53.847-05_00_3.png,3.0,1.772846568810554
1506,1442_LeafPhotoB_2025-09-08 10_31_26.108-05_00_1.png,1.25,1.9082155500896898
1507,1442_LeafPhotoB_2025-09-08 10_31_26.108-05_00_0.png,1.25,1.7574127550637662
1508,1442_LeafPhotoB_2025-09-08 10_31_26.108-05_00_2.png,1.25,1.8894930023510015
1509,1442_LeafPhotoB_2025-09-08 10_31_26.108-05_00_3.png,1.25,1.6578967664810116
1524,1693_LeafPhotoA_2025-09-09 09_07_35.518-05_00_0.png,1.75,1.9934229087180675
1525,1693_LeafPhotoA_2025-09-09 09_07_35.518-05_00_1.png,1.75,1.9619577565376245
1526,1693_LeafPhotoA_2025-09-09 09_07_35.518-05_00_2.png,1.75,2.117648273904779
1527,1693_LeafPhotoA_2025-09-09 09_07_35.518-05_00_3.png,1.75,2.0888786845410787
1560,1266_LeafPhotoA_2025-09-08 16_20_40.775-05_00_0.png,1.5,1.8478559431656085
1581,2104_LeafPhotoA_2025-09-08 10_58_03.934-05_00_0.png,2.0,1.6411969274682323
1582,2104_LeafPhotoA_2025-09-08 10_58_03.934-05_00_1.png,2.0,1.7290914982017689
1583,2104_LeafPhotoA_2025-09-08 10_58_03.934-05_00_2.png,2.0,1.7339607257695
1584,2104_LeafPhotoA_2025-09-08 10_58_03.934-05_00_3.png,2.0,1.7517636838343167
1594,,1.5,1.5800877730369394
1603,2029_LeafPhotoA_2025-09-08 11_07_23.840-05_00_0.png,3.5,1.9860664208472243
1604,2029_LeafPhotoA_2025-09-08 11_07_23.840-05_00_2.png,3.5,2.0294894201435154
1605,2029_LeafPhotoA_2025-09-08 11_07_23.840-05_00_1.png,3.5,1.9658687964740487
1606,2029_LeafPhotoA_2025-09-08 11_07_23.840-05_00_3.png,3.5,2.0822530196331233
1623,1152_LeafPhotoA_2025-09-08 16_58_21.742-05_00_0.png,2.0,2.1210197065146734
1624,1152_LeafPhotoA_2025-09-08 16_58_21.742-05_00_2.png,2.0,2.2710711042644602
1625,1152_LeafPhotoA_2025-09-08 16_58_21.742-05_00_1.png,2.0,2.236076147625275
1626,1152_LeafPhotoA_2025-09-08 16_58_21.742-05_00_3.png,2.0,2.232683293818273
1632,1572_LeafPhotoA_2025-09-09 09_56_18.547-05_00_0.png,1.5,1.7700292897998993
1633,1572_LeafPhotoA_2025-09-09 09_56_18.547-05_00_2.png,1.5,1.8909039312510685
1634,1572_LeafPhotoA_2025-09-09 09_56_18.547-05_00_1.png,1.5,1.8792208251065865
1635,1572_LeafPhotoA_2025-09-09 09_56_18.547-05_00_3.png,1.5,1.870794113088279
1647,2237_LeafPhotoA_2025-09-08 11_42_52.155-05_00_1.png,1.5,1.6647015418939441
1648,2237_LeafPhotoA_2025-09-08 11_42_52.155-05_00_0.png,1.5,1.8100024911677266
1649,2237_LeafPhotoA_2025-09-08 11_42_52.155-05_00_3.png,1.5,1.6388926936442914
1650,2237_LeafPhotoA_2025-09-08 11_42_52.155-05_00_2.png,1.5,1.6332120809764623
1671,2618_LeafPhotoA_2025-09-09 12_06_25.737-05_00_0.png,2.25,1.763455508147738
1672,2618_LeafPhotoA_2025-09-09 12_06_25.737-05_00_1.png,2.25,1.7723376513541707
1699,2686_LeafPhotoA_2025-09-09 10_48_10.419-05_00_0.png,3.0,1.8397459929359983
1700,2686_LeafPhotoA_2025-09-09 10_48_10.419-05_00_1.png,3.0,1.8692709444059346
1701,2686_LeafPhotoA_2025-09-09 10_48_10.419-05_00_2.png,3.0,1.7437876483391868
1718,1198_LeafPhotoA_2025-09-08 09_25_24.531-05_00_0.png,1.25,1.8398902258293728
1719,1198_LeafPhotoA_2025-09-08 09_25_24.531-05_00_1.png,1.25,1.888019945028198
1720,1198_LeafPhotoA_2025-09-08 09_25_24.531-05_00_2.png,1.25,1.9408428771243726
1721,1198_LeafPhotoA_2025-09-08 09_25_24.531-05_00_3.png,1.25,1.8209906431019816
1730,2876_LeafPhotoA_2025-09-09 14_43_31.946-05_00_3.png,1.5,1.8050449262787316
1731,2876_LeafPhotoA_2025-09-09 14_43_31.946-05_00_1.png,1.5,1.830539817685488
1732,2876_LeafPhotoA_2025-09-09 14_43_31.946-05_00_0.png,1.5,1.7702001426908796
1733,2876_LeafPhotoA_2025-09-09 14_43_31.946-05_00_2.png,1.5,1.7647409507068224
1747,2064_LeafPhotoA_2025-09-08 11_57_49.749-05_00_0.png,2.0,1.6728246001061515
1748,2064_LeafPhotoA_2025-09-08 11_57_49.749-05_00_3.png,2.0,1.8163774254882774
1749,2064_LeafPhotoA_2025-09-08 11_57_49.749-05_00_2.png,2.0,1.7313570038331556
1750,2064_LeafPhotoA_2025-09-08 11_57_49.749-05_00_1.png,2.0,1.695014901390372
1765,1267_LeafPhotoA_2025-09-08 16_19_11.885-05_00_1.png,2.25,2.222706351210548
1766,1267_LeafPhotoA_2025-09-08 16_19_11.885-05_00_0.png,2.25,2.129274888712884
1767,1267_LeafPhotoA_2025-09-08 16_19_11.885-05_00_2.png,2.25,2.162354807371206
1768,1267_LeafPhotoA_2025-09-08 16_19_11.885-05_00_3.png,2.25,1.8714008010742496
1769,2871_LeafPhotoA_2025-09-09 14_47_23.331-05_00_3.png,2.5,2.121063639411683
1770,2871_LeafPhotoA_2025-09-09 14_47_23.331-05_00_0.png,2.5,1.8615702288982092
1771,2871_LeafPhotoA_2025-09-09 14_47_23.331-05_00_1.png,2.5,2.0440007733883867
1772,2871_LeafPhotoA_2025-09-09 14_47_23.331-05_00_2.png,2.5,2.111856913242846
1808,2447_LeafPhotoB_2025-09-08 11_22_51.883-05_00_2.png,2.0,1.7394845127769014
1809,2447_LeafPhotoB_2025-09-08 11_22_51.883-05_00_1.png,2.0,1.79164162164557
1810,2447_LeafPhotoB_2025-09-08 11_22_51.883-05_00_3.png,2.0,1.709079711267404
1811,2447_LeafPhotoB_2025-09-08 11_22_51.883-05_00_0.png,2.0,1.7726513374893162
1820,2287_LeafPhotoA_2025-09-08 16_53_06.874-05_00_3.png,3.75,2.0004026851094365
1821,2287_LeafPhotoA_2025-09-08 16_53_06.874-05_00_2.png,3.75,1.996678634135954
1822,2287_LeafPhotoA_2025-09-08 16_53_06.874-05_00_1.png,3.75,2.045738520861127
1823,2287_LeafPhotoA_2025-09-08 16_53_06.874-05_00_0.png,3.75,2.1395487825606936
1831,1713_LeafPhotoA_2025-09-09 09_08_31.161-05_00_0.png,1.75,1.9588793911652838
1832,1713_LeafPhotoA_2025-09-09 09_08_31.161-05_00_3.png,1.75,2.0935500446298634
1833,1713_LeafPhotoA_2025-09-09 09_08_31.161-05_00_2.png,1.75,1.9747796375034272
1834,1713_LeafPhotoA_2025-09-09 09_08_31.161-05_00_1.png,1.75,2.0050869491960457
1864,2130_LeafPhotoA_2025-09-08 11_49_10.108-05_00_0.png,1.75,1.824894119828186
1865,2130_LeafPhotoA_2025-09-08 11_49_10.108-05_00_1.png,1.75,1.8244775269490454
1866,2130_LeafPhotoA_2025-09-08 11_49_10.108-05_00_2.png,1.75,1.8989735192890205
1867,2130_LeafPhotoA_2025-09-08 11_49_10.108-05_00_3.png,1.75,1.8681047943714366
1868,2852_LeafPhotoA_2025-09-09 15_03_44.065-05_00_0.png,1.5,1.8722195872649996
1869,2852_LeafPhotoA_2025-09-09 15_03_44.065-05_00_3.png,1.5,1.833642499694792
1870,2852_LeafPhotoA_2025-09-09 15_03_44.065-05_00_1.png,1.5,1.90798034201834
1871,2852_LeafPhotoA_2025-09-09 15_03_44.065-05_00_2.png,1.5,1.8712134308934185
1875,1047_LeafPhotoA_2025-09-08 10_26_48.305-05_00_0.png,2.0,1.9480146742232662
1876,1047_LeafPhotoA_2025-09-08 10_26_48.305-05_00_1.png,2.0,1.8154344361308747
1877,1047_LeafPhotoA_2025-09-08 10_26_48.305-05_00_2.png,2.0,1.9638501609021046
1878,1047_LeafPhotoA_2025-09-08 10_26_48.305-05_00_3.png,2.0,2.120526799120805
1896,1687_LeafPhotoA_2025-09-09 09_18_05.463-05_00_0.png,1.75,1.716373668555763
1897,1687_LeafPhotoA_2025-09-09 09_18_05.463-05_00_1.png,1.75,1.8814761237268482
1898,2049_LeafPhotoA_2025-09-08 11_29_22.980-05_00_0.png,1.25,1.696521520580115
1899,2049_LeafPhotoA_2025-09-08 11_29_22.980-05_00_1.png,1.25,1.7225200392223678
1900,2049_LeafPhotoA_2025-09-08 11_29_22.980-05_00_2.png,1.25,1.7985992430422826
1901,2049_LeafPhotoA_2025-09-08 11_29_22.980-05_00_3.png,1.25,1.8634301386379672
1916,2049_LeafPhotoA_2025-09-08 11_29_12.336-05_00_0.png,2.25,1.7381502349291134
1917,2049_LeafPhotoA_2025-09-08 11_29_12.336-05_00_1.png,2.25,1.825804619134413
1918,2049_LeafPhotoA_2025-09-08 11_29_12.336-05_00_2.png,2.25,1.8192289824267263
1919,2049_LeafPhotoA_2025-09-08 11_29_12.336-05_00_3.png,2.25,1.78025809878358
1936,1540_LeafPhotoA_2025-09-09 09_38_25.826-05_00_0.png,2.75,2.2239476957108324
1937,1540_LeafPhotoA_2025-09-09 09_38_25.826-05_00_1.png,2.75,2.1420807944554796
1938,1540_LeafPhotoA_2025-09-09 09_38_25.826-05_00_2.png,2.75,2.0580416910513044
1939,1540_LeafPhotoA_2025-09-09 09_38_25.826-05_00_3.png,2.75,1.94139707734911
1947,1070_LeafPhotoA_2025-09-08 13_01_31.955-05_00_0.png,1.5,1.969852242993183
1948,1070_LeafPhotoA_2025-09-08 13_01_31.955-05_00_2.png,1.5,1.88624118651628
1949,1070_LeafPhotoA_2025-09-08 13_01_31.955-05_00_1.png,1.5,1.9319872551258732
1950,1070_LeafPhotoA_2025-09-08 13_01_31.955-05_00_3.png,1.5,1.9190976178198624
1951,1031_LeafPhotoA_2025-09-08 10_05_56.491-05_00_2.png,1.75,1.841698948007347
1952,1031_LeafPhotoA_2025-09-08 10_05_56.491-05_00_3.png,1.75,1.7747631889953892
1953,1031_LeafPhotoA_2025-09-08 10_05_56.491-05_00_0.png,1.75,1.8127361853268673
1954,1031_LeafPhotoA_2025-09-08 10_05_56.491-05_00_1.png,1.75,1.8475419950491543
1959,2835_LeafPhotoA_2025-09-09 10_59_12.275-05_00_0.png,2.5,1.817816778549
1988,,2.5,1.5800877730369394
2004,2915_LeafPhotoA_2025-09-09 16_35_42.182-05_00_0.png,2.0,1.7680522504496599
2009,1697_LeafPhotoA_2025-09-09 08_54_31.422-05_00_2.png,1.5,1.8242978091484643
2010,1697_LeafPhotoA_2025-09-09 08_54_31.422-05_00_0.png,1.5,1.7006987272250638
2011,1697_LeafPhotoA_2025-09-09 08_54_31.422-05_00_1.png,1.5,1.7744784178240078
2016,2999_LeafPhotoA_2025-09-09 16_55_04.325-05_00_1.png,2.0,1.8890516883330608
2017,2999_LeafPhotoA_2025-09-09 16_55_04.325-05_00_2.png,2.0,1.9135008114762144
2018,2999_LeafPhotoA_2025-09-09 16_55_04.325-05_00_0.png,2.0,1.8595064514572552
2030,2164_LeafPhotoA_2025-09-09 11_57_19.201-05_00_0.png,1.5,1.8592296258804937
2031,2164_LeafPhotoA_2025-09-09 11_57_19.201-05_00_1.png,1.5,1.9235391514660125
2032,2164_LeafPhotoA_2025-09-09 11_57_19.201-05_00_2.png,1.5,1.896005240702548
2033,2164_LeafPhotoA_2025-09-09 11_57_19.201-05_00_3.png,1.5,1.8798622268966085
2038,2862_LeafPhotoA_2025-09-09 14_54_36.677-05_00_2.png,1.75,1.7091517016077538
2039,2862_LeafPhotoA_2025-09-09 14_54_36.677-05_00_1.png,1.75,1.8004239120300398
2040,2862_LeafPhotoA_2025-09-09 14_54_36.677-05_00_3.png,1.75,1.6633913861282772
2041,2862_LeafPhotoA_2025-09-09 14_54_36.677-05_00_0.png,1.75,1.7964275110505048
2050,2833_LeafPhotoA_2025-09-09 10_55_45.835-05_00_0.png,1.5,1.873484641213402
2051,2618_LeafPhotoA_2025-09-09 12_05_14.747-05_00_0.png,1.5,1.971104539675797
2052,2618_LeafPhotoA_2025-09-09 12_05_14.747-05_00_1.png,1.5,1.8570483420008141
2053,2618_LeafPhotoA_2025-09-09 12_05_14.747-05_00_2.png,1.5,1.9192861419921463
2054,2618_LeafPhotoA_2025-09-09 12_05_14.747-05_00_3.png,1.5,1.7726584849269877
2095,1338_LeafPhotoA_2025-09-08 10_07_02.814-05_00_1.png,4.5,2.2528439692926097
2096,1338_LeafPhotoA_2025-09-08 10_07_02.814-05_00_3.png,4.5,2.180948181453106
2097,1338_LeafPhotoA_2025-09-08 10_07_02.814-05_00_0.png,4.5,2.100662927171888
2098,1338_LeafPhotoA_2025-09-08 10_07_02.814-05_00_2.png,4.5,2.2497805677066647
2165,1420_LeafPhotoB_2025-09-08 10_13_16.780-05_00_0.png,1.75,1.9961796133553977
2166,1420_LeafPhotoB_2025-09-08 10_13_16.780-05_00_1.png,1.75,1.9525013643920248
2167,1420_LeafPhotoB_2025-09-08 10_13_16.780-05_00_2.png,1.75,1.9641695409590176
2168,1420_LeafPhotoB_2025-09-08 10_13_16.780-05_00_3.png,1.75,1.8758013986430135
2193,5014_LeafPhotoA_2025-09-09 16_20_31.482-05_00_0.png,1.75,1.7526222184772058
2194,5014_LeafPhotoA_2025-09-09 16_20_31.482-05_00_1.png,1.75,1.7282449715894606
2195,5014_LeafPhotoA_2025-09-09 16_20_31.482-05_00_2.png,1.75,1.8077709843865397
2196,5014_LeafPhotoA_2025-09-09 16_20_31.482-05_00_3.png,1.75,1.7665483801248845
2197,2119_LeafPhotoA_2025-09-08 11_28_47.667-05_00_0.png,1.5,1.7919653278384402
2202,2461_LeafPhotoB_2025-09-08 11_38_43.859-05_00_0.png,2.0,1.8410366616030904
2203,2461_LeafPhotoB_2025-09-08 11_38_43.859-05_00_1.png,2.0,1.9553841108917438
2204,2461_LeafPhotoB_2025-09-08 11_38_43.859-05_00_2.png,2.0,1.8971173249050575
2205,2461_LeafPhotoB_2025-09-08 11_38_43.859-05_00_3.png,2.0,1.9033531688268397
2210,1693_LeafPhotoA_2025-09-09 09_06_11.383-05_00_0.png,1.25,2.0212465561828945
2211,1693_LeafPhotoA_2025-09-09 09_06_11.383-05_00_1.png,1.25,2.1608280850502677
2212,1693_LeafPhotoA_2025-09-09 09_06_11.383-05_00_2.png,1.25,1.9417152513419567
2213,1693_LeafPhotoA_2025-09-09 09_06_11.383-05_00_3.png,1.25,1.9860881817351674
2239,1345_LeafPhotoA_2025-09-08 10_13_26.383-05_00_2.png,2.5,1.7308085736717702
2240,1345_LeafPhotoA_2025-09-08 10_13_26.383-05_00_1.png,2.5,1.6876303279507854
2241,1345_LeafPhotoA_2025-09-08 10_13_26.383-05_00_0.png,2.5,1.703351126570045
2242,1345_LeafPhotoA_2025-09-08 10_13_26.383-05_00_3.png,2.5,1.8286773074335398
2255,2438_LeafPhotoB_2025-09-08 11_14_34.150-05_00_0.png,2.25,1.768238835888105
2256,2438_LeafPhotoB_2025-09-08 11_14_34.150-05_00_1.png,2.25,1.7921824985864003
2257,2438_LeafPhotoB_2025-09-08 11_14_34.150-05_00_2.png,2.25,1.6867468122979434
2258,2438_LeafPhotoB_2025-09-08 11_14_34.150-05_00_3.png,2.25,1.7139963030108771
2259,1543_LeafPhotoA_2025-09-09 09_43_51.333-05_00_1.png,1.5,2.081214271760072
2260,1543_LeafPhotoA_2025-09-09 09_43_51.333-05_00_0.png,1.5,2.1026872079360612
2261,1543_LeafPhotoA_2025-09-09 09_43_51.333-05_00_2.png,1.5,2.039948191029762
2275,1798_LeafPhotoA_2025-09-09 08_54_43.161-05_00_2.png,2.25,1.8232597791078589
2276,1798_LeafPhotoA_2025-09-09 08_54_43.161-05_00_0.png,2.25,1.800409138930653
2277,1798_LeafPhotoA_2025-09-09 08_54_43.161-05_00_3.png,2.25,1.710450855751084
2278,1798_LeafPhotoA_2025-09-09 08_54_43.161-05_00_1.png,2.25,1.9904881944908925
2294,1223_LeafPhotoA_2025-09-08 10_03_13.455-05_00_1.png,1.5,1.681475506057765
2295,1223_LeafPhotoA_2025-09-08 10_03_13.455-05_00_3.png,1.5,1.5916794028192427
2296,1223_LeafPhotoA_2025-09-08 10_03_13.455-05_00_0.png,1.5,1.6286952793991782
2297,1223_LeafPhotoA_2025-09-08 10_03_13.455-05_00_2.png,1.5,1.770790447865632
2322,1086_LeafPhotoA_2025-09-09 10_58_54.973-05_00_2.png,2.5,1.826534079063783
2323,1086_LeafPhotoA_2025-09-09 10_58_54.973-05_00_0.png,2.5,1.7384420402761172
2324,1086_LeafPhotoA_2025-09-09 10_58_54.973-05_00_3.png,2.5,1.912965018321999
2325,1086_LeafPhotoA_2025-09-09 10_58_54.973-05_00_1.png,2.5,1.8936509593186739
2348,2385_LeafPhotoA_2025-09-08 11_56_10.265-05_00_0.png,1.25,1.9233699266325894
2349,2385_LeafPhotoA_2025-09-08 11_56_10.265-05_00_2.png,1.25,1.7921778837240319
2350,2385_LeafPhotoA_2025-09-08 11_56_10.265-05_00_3.png,1.25,1.8615229540089233
2351,2385_LeafPhotoA_2025-09-08 11_56_10.265-05_00_1.png,1.25,1.833556950790492
2352,2381_LeafPhotoA_2025-09-08 11_51_50.879-05_00_3.png,2.0,1.894580705854604
2353,2381_LeafPhotoA_2025-09-08 11_51_50.879-05_00_2.png,2.0,2.044293153553746
2354,2381_LeafPhotoA_2025-09-08 11_51_50.879-05_00_0.png,2.0,1.9177156453743647
2355,2381_LeafPhotoA_2025-09-08 11_51_50.879-05_00_1.png,2.0,1.899737317680222
2401,9351_LeafPhotoA_2025-09-09 17_07_25.532-05_00_3.png,1.25,1.768647593890835
2402,9351_LeafPhotoA_2025-09-09 17_07_25.532-05_00_1.png,1.25,1.8289274323873914
2403,9351_LeafPhotoA_2025-09-09 17_07_25.532-05_00_2.png,1.25,1.8179957424890438
2404,9351_LeafPhotoA_2025-09-09 17_07_25.532-05_00_0.png,1.25,1.790126969356594
2416,1915_LeafPhotoA_2025-09-09 14_54_52.435-05_00_0.png,1.75,1.8123779027170683
2417,1915_LeafPhotoA_2025-09-09 14_54_52.435-05_00_1.png,1.75,1.905792861275024
2418,1915_LeafPhotoA_2025-09-09 14_54_52.435-05_00_2.png,1.75,1.8396204034747723
2419,1915_LeafPhotoA_2025-09-09 14_54_52.435-05_00_3.png,1.75,1.7116845675139387
2424,1466_LeafPhotoB_2025-09-08 16_29_29.831-05_00_0.png,2.0,1.851191052372709
2425,1466_LeafPhotoB_2025-09-08 16_29_29.831-05_00_1.png,2.0,1.7324888434753345
2426,1466_LeafPhotoB_2025-09-08 16_29_29.831-05_00_2.png,2.0,1.7651918709945031
2427,1466_LeafPhotoB_2025-09-08 16_29_29.831-05_00_3.png,2.0,1.8473173232573976
2432,2051_LeafPhotoA_2025-09-08 11_43_12.742-05_00_1.png,3.75,1.8841075807241738
2433,2051_LeafPhotoA_2025-09-08 11_43_12.742-05_00_0.png,3.75,1.998526242193909
2434,2533_LeafPhotoA_2025-09-09 10_31_53.410-05_00_0.png,1.75,1.8210018993948993
2435,2533_LeafPhotoA_2025-09-09 10_31_53.410-05_00_1.png,1.75,1.8267716708413053
2436,2533_LeafPhotoA_2025-09-09 10_31_53.410-05_00_2.png,1.75,1.8224480488471153
2437,2533_LeafPhotoA_2025-09-09 10_31_53.410-05_00_3.png,1.75,1.9067535166434755
2534,2295_LeafPhotoA_2025-09-08 16_45_42.473-05_00_3.png,2.25,1.8826470279645096
2535,2295_LeafPhotoA_2025-09-08 16_45_42.473-05_00_0.png,2.25,1.902614375170539
2536,2295_LeafPhotoA_2025-09-08 16_45_42.473-05_00_2.png,2.25,1.9762993246415563
2537,2295_LeafPhotoA_2025-09-08 16_45_42.473-05_00_1.png,2.25,1.922458826445192
2547,1913_LeafPhotoA_2025-09-09 14_52_15.644-05_00_1.png,1.5,1.8084411573911012
2548,1913_LeafPhotoA_2025-09-09 14_52_15.644-05_00_2.png,1.5,1.7391986588527661
2549,1913_LeafPhotoA_2025-09-09 14_52_15.644-05_00_3.png,1.5,1.663604570525419
2550,1913_LeafPhotoA_2025-09-09 14_52_15.644-05_00_0.png,1.5,1.867666828412062
2563,1407_LeafPhotoA_2025-09-08 09_28_58.311-05_00_0.png,1.0,1.8613996932818782
2564,1407_LeafPhotoA_2025-09-08 09_28_58.311-05_00_3.png,1.0,1.9734270688878006
2565,1407_LeafPhotoA_2025-09-08 09_28_58.311-05_00_2.png,1.0,1.9037721587327585
2566,1407_LeafPhotoA_2025-09-08 09_28_58.311-05_00_1.png,1.0,1.847354503978777
2597,2470_LeafPhotoB_2025-09-08 11_46_55.188-05_00_3.png,2.25,1.9537850599638997
2598,2470_LeafPhotoB_2025-09-08 11_46_55.188-05_00_1.png,2.25,2.0275934401774904
2599,2470_LeafPhotoB_2025-09-08 11_46_55.188-05_00_0.png,2.25,2.073258316496187
2600,2470_LeafPhotoB_2025-09-08 11_46_55.188-05_00_2.png,2.25,2.0551113809073747
2609,2130_LeafPhotoA_2025-09-08 11_48_43.180-05_00_0.png,2.5,2.0964148880606404
2610,2130_LeafPhotoA_2025-09-08 11_48_43.180-05_00_1.png,2.5,2.2847561379637664
2611,2130_LeafPhotoA_2025-09-08 11_48_43.180-05_00_2.png,2.5,2.2920839813163476
2612,2130_LeafPhotoA_2025-09-08 11_48_43.180-05_00_3.png,2.5,2.1069625964474556
2617,2391_LeafPhotoA_2025-09-08 12_03_15.238-05_00_1.png,1.25,1.89071008497195
2618,2391_LeafPhotoA_2025-09-08 12_03_15.238-05_00_0.png,1.25,1.8666811200898135
2619,2391_LeafPhotoA_2025-09-08 12_03_15.238-05_00_3.png,1.25,1.940389968290061
2620,2391_LeafPhotoA_2025-09-08 12_03_15.238-05_00_2.png,1.25,1.895257025114442
2621,2391_LeafPhotoA_2025-09-08 12_01_42.651-05_00_2.png,1.75,1.9573290293311467
2622,2391_LeafPhotoA_2025-09-08 12_01_42.651-05_00_1.png,1.75,1.834553058551089
2623,2391_LeafPhotoA_2025-09-08 12_01_42.651-05_00_0.png,1.75,1.8123334297026603
2624,2391_LeafPhotoA_2025-09-08 12_01_42.651-05_00_3.png,1.75,2.056054973541946
2630,1937_LeafPhotoA_2025-09-09 15_34_34.063-05_00_0.png,1.75,1.731828600953516
2631,1937_LeafPhotoA_2025-09-09 15_34_34.063-05_00_1.png,1.75,1.8595388455283963
2632,1937_LeafPhotoA_2025-09-09 15_34_34.063-05_00_2.png,1.75,1.856665752263519
2633,1937_LeafPhotoA_2025-09-09 15_34_34.063-05_00_3.png,1.75,1.9333092836533867
2635,1642_LeafPhotoA_2025-09-09 10_32_36.943-05_00_2.png,1.5,1.832400841489791
2636,1642_LeafPhotoA_2025-09-09 10_32_36.943-05_00_0.png,1.5,1.884789882152753
2637,1642_LeafPhotoA_2025-09-09 10_32_36.943-05_00_1.png,1.5,1.9007966577626048
2733,2942_LeafPhotoA_2025-09-09 16_27_26.746-05_00_1.png,2.75,1.9693655422382819
2734,2942_LeafPhotoA_2025-09-09 16_27_26.746-05_00_2.png,2.75,1.937232543758595
2735,2942_LeafPhotoA_2025-09-09 16_27_26.746-05_00_0.png,2.75,1.8184686151964338
2736,2942_LeafPhotoA_2025-09-09 16_27_26.746-05_00_3.png,2.75,1.9461872492120775
2749,2127_LeafPhotoA_2025-09-08 11_44_05.581-05_00_0.png,2.0,1.6768317904672814
2750,2127_LeafPhotoA_2025-09-08 11_44_05.581-05_00_3.png,2.0,1.6134886307967147
2751,2127_LeafPhotoA_2025-09-08 11_44_05.581-05_00_2.png,2.0,1.650317759958762
2752,2127_LeafPhotoA_2025-09-08 11_44_05.581-05_00_1.png,2.0,1.7815763299858574
2761,2594_LeafPhotoA_2025-09-09 10_28_00.830-05_00_0.png,1.25,1.8426288004315416
2762,2594_LeafPhotoA_2025-09-09 10_28_00.830-05_00_1.png,1.25,1.8612057844136525
2763,2594_LeafPhotoA_2025-09-09 10_28_00.830-05_00_2.png,1.25,1.8207507912100491
2764,2594_LeafPhotoA_2025-09-09 10_28_00.830-05_00_3.png,1.25,1.8716570458493722
2777,1079_LeafPhotoA_2025-09-08 13_11_39.389-05_00_0.png,1.5,1.9650999040411774
2778,1079_LeafPhotoA_2025-09-08 13_11_39.389-05_00_1.png,1.5,2.0556193017656494
2779,1079_LeafPhotoA_2025-09-08 13_11_39.389-05_00_2.png,1.5,2.04218896970306
2780,1079_LeafPhotoA_2025-09-08 13_11_39.389-05_00_3.png,1.5,2.030181927251562
2781,1842_LeafPhotoA_2025-09-09 09_52_16.462-05_00_0.png,2.25,1.64763721519712
2782,1842_LeafPhotoA_2025-09-09 09_52_16.462-05_00_1.png,2.25,1.5858472340741716
2788,2879_LeafPhotoA_2025-09-09 14_38_53.940-05_00_1.png,1.25,1.8103851600432728
2789,2879_LeafPhotoA_2025-09-09 14_38_53.940-05_00_0.png,1.25,1.7586338558873509
2790,1669_LeafPhotoA_2025-09-09 09_51_13.731-05_00_2.png,1.5,1.896637678891294
2791,1669_LeafPhotoA_2025-09-09 09_51_13.731-05_00_0.png,1.5,1.677433021672816
2792,1669_LeafPhotoA_2025-09-09 09_51_13.731-05_00_1.png,1.5,1.7741499546688704
2793,1736_LeafPhotoA_2025-09-09 09_48_22.904-05_00_1.png,1.5,2.0597901206845903
2794,1736_LeafPhotoA_2025-09-09 09_48_22.904-05_00_2.png,1.5,1.922991108457247
2795,1736_LeafPhotoA_2025-09-09 09_48_22.904-05_00_0.png,1.5,2.2665711006534086
2796,1736_LeafPhotoA_2025-09-09 09_48_22.904-05_00_3.png,1.5,1.819497313085306
2797,1466_LeafPhotoB_2025-09-08 16_29_39.552-05_00_0.png,1.25,1.7808511922253336
2798,1466_LeafPhotoB_2025-09-08 16_29_39.552-05_00_1.png,1.25,1.8121659575159992
2799,1466_LeafPhotoB_2025-09-08 16_29_39.552-05_00_2.png,1.25,1.7845090261730763
2800,1466_LeafPhotoB_2025-09-08 16_29_39.552-05_00_3.png,1.25,1.7622784937867548
2880,2744_LeafPhotoA_2025-09-09 11_15_01.877-05_00_3.png,2.25,1.9834815957767287
2881,2744_LeafPhotoA_2025-09-09 11_15_01.877-05_00_1.png,2.25,2.024892216855802
2882,2744_LeafPhotoA_2025-09-09 11_15_01.877-05_00_2.png,2.25,1.9859968866367006
2883,2744_LeafPhotoA_2025-09-09 11_15_01.877-05_00_0.png,2.25,2.0899682704837628
2902,2404_LeafPhotoB_2025-09-08 10_44_08.041-05_00_0.png,3.25,2.064646211411354
2903,2404_LeafPhotoB_2025-09-08 10_44_08.041-05_00_1.png,3.25,2.089959905731096
2908,2215_LeafPhotoA_2025-09-08 11_08_31.563-05_00_0.png,2.25,1.9233982980625515
2909,2215_LeafPhotoA_2025-09-08 11_08_31.563-05_00_3.png,2.25,1.7182407083692885
2910,2215_LeafPhotoA_2025-09-08 11_08_31.563-05_00_2.png,2.25,1.8262773417484857
2911,2215_LeafPhotoA_2025-09-08 11_08_31.563-05_00_1.png,2.25,1.9259297097319301
2916,2728_LeafPhotoA_2025-09-09 10_52_13.946-05_00_1.png,3.25,2.1225210521883198
2917,2728_LeafPhotoA_2025-09-09 10_52_13.946-05_00_3.png,3.25,1.9730952181794352
2918,2728_LeafPhotoA_2025-09-09 10_52_13.946-05_00_2.png,3.25,2.2040434925156642
2919,2728_LeafPhotoA_2025-09-09 10_52_13.946-05_00_0.png,3.25,2.00363402805109
2930,,1.5,1.5800877730369394
2931,1001_LeafPhotoA_2025-09-08 10_31_01.387-05_00_0.png,1.25,1.8179530095028602
2932,1001_LeafPhotoA_2025-09-08 10_31_01.387-05_00_2.png,1.25,1.84461806157889
2933,1001_LeafPhotoA_2025-09-08 10_31_01.387-05_00_1.png,1.25,1.9838826723443717
2960,1122_LeafPhotoA_2025-09-08 10_08_12.180-05_00_1.png,2.25,2.0142792200999704
2961,1122_LeafPhotoA_2025-09-08 10_08_12.180-05_00_3.png,2.25,1.9215363361577706
2962,1122_LeafPhotoA_2025-09-08 10_08_12.180-05_00_0.png,2.25,1.8938925948532783
2963,1122_LeafPhotoA_2025-09-08 10_08_12.180-05_00_2.png,2.25,1.873356807529094
2980,2833_LeafPhotoA_2025-09-09 10_50_33.812-05_00_0.png,1.25,2.1060031379197657
2981,2833_LeafPhotoA_2025-09-09 10_50_33.812-05_00_2.png,1.25,2.1271045602587693
2982,2833_LeafPhotoA_2025-09-09 10_50_33.812-05_00_3.png,1.25,1.9958688464326875
2983,2833_LeafPhotoA_2025-09-09 10_50_33.812-05_00_1.png,1.25,2.1167381167083916
2991,1267_LeafPhotoA_2025-09-08 16_19_24.654-05_00_0.png,2.25,1.8119132044810795
2992,1267_LeafPhotoA_2025-09-08 16_19_24.654-05_00_3.png,2.25,1.8589149884696234
2993,1267_LeafPhotoA_2025-09-08 16_19_24.654-05_00_2.png,2.25,1.9673857615955364
2994,1267_LeafPhotoA_2025-09-08 16_19_24.654-05_00_1.png,2.25,1.8902634777919354
3011,2278_LeafPhotoA_2025-09-08 17_01_54.314-05_00_1.png,3.0,1.865508197369209
3012,2278_LeafPhotoA_2025-09-08 17_01_54.314-05_00_2.png,3.0,1.850719915698496
3013,2278_LeafPhotoA_2025-09-08 17_01_54.314-05_00_0.png,3.0,1.8412423496038155
3014,2278_LeafPhotoA_2025-09-08 17_01_54.314-05_00_3.png,3.0,1.9975326057107439
3019,2579_LeafPhotoA_2025-09-09 10_41_50.960-05_00_1.png,1.0,1.6435436199578393
3020,2579_LeafPhotoA_2025-09-09 10_41_50.960-05_00_3.png,1.0,1.7715295688909163
3021,2579_LeafPhotoA_2025-09-09 10_41_50.960-05_00_0.png,1.0,1.7307344188124463
3022,2579_LeafPhotoA_2025-09-09 10_41_50.960-05_00_2.png,1.0,1.763863305181291
3026,2206_LeafPhotoA_2025-09-08 10_54_07.474-05_00_0.png,1.5,1.702974172173123
3027,2206_LeafPhotoA_2025-09-08 10_54_07.474-05_00_1.png,1.5,1.635580571961255
3028,2206_LeafPhotoA_2025-09-08 10_54_07.474-05_00_2.png,1.5,1.6521328370430413
3029,2206_LeafPhotoA_2025-09-08 10_54_07.474-05_00_3.png,1.5,1.644496912119419
3060,1823_LeafPhotoA_2025-09-09 09_24_42.198-05_00_0.png,1.75,1.8276192166084804
3061,1823_LeafPhotoA_2025-09-09 09_24_42.198-05_00_1.png,1.75,1.8853211518188677
3062,1823_LeafPhotoA_2025-09-09 09_24_42.198-05_00_2.png,1.75,1.8145485940264243
3069,5027_LeafPhotoA_2025-09-09 16_48_30.065-05_00_0.png,1.5,1.9441851372660925
3070,5027_LeafPhotoA_2025-09-09 16_48_30.065-05_00_2.png,1.5,2.0019710055515763
3071,5027_LeafPhotoA_2025-09-09 16_48_30.065-05_00_1.png,1.5,1.9486980785570418
3072,5027_LeafPhotoA_2025-09-09 16_48_30.065-05_00_3.png,1.5,2.004723477219639
3077,1357_LeafPhotoA_2025-09-08 12_34_05.972-05_00_0.png,3.75,2.1066547225389733
3078,1357_LeafPhotoA_2025-09-08 12_34_05.972-05_00_1.png,3.75,2.0408874595959996
3079,1357_LeafPhotoA_2025-09-08 12_34_05.972-05_00_2.png,3.75,2.0501889638797435
3080,1975_LeafPhotoA_2025-09-09 16_51_47.447-05_00_2.png,1.0,1.9462847590777266
3081,1975_LeafPhotoA_2025-09-09 16_51_47.447-05_00_3.png,1.0,1.9152351789950364
3082,1975_LeafPhotoA_2025-09-09 16_51_47.447-05_00_0.png,1.0,1.7132595014513672
3083,1975_LeafPhotoA_2025-09-09 16_51_47.447-05_00_1.png,1.0,1.7752072023344503
3097,1462_LeafPhotoB_2025-09-08 16_26_18.579-05_00_3.png,1.25,1.8398976562156353
3098,1462_LeafPhotoB_2025-09-08 16_26_18.579-05_00_1.png,1.25,1.9209935621989476
3099,1462_LeafPhotoB_2025-09-08 16_26_18.579-05_00_2.png,1.25,1.7928939022659285
3100,1462_LeafPhotoB_2025-09-08 16_26_18.579-05_00_0.png,1.25,1.8377198941208104
3101,2596_LeafPhotoA_2025-09-09 10_26_28.393-05_00_0.png,2.75,1.9090203533633652
3109,1134_LeafPhotoA_2025-09-08 10_25_22.077-05_00_0.png,2.0,1.5758693439101967
3110,1134_LeafPhotoA_2025-09-08 10_25_22.077-05_00_1.png,2.0,1.5498267984514833
3111,1134_LeafPhotoA_2025-09-08 10_25_22.077-05_00_2.png,2.0,1.5775790419188007
3112,1134_LeafPhotoA_2025-09-08 10_25_22.077-05_00_3.png,2.0,1.691735898904943
3125,1175_LeafPhotoA_2025-09-08 16_24_37.781-05_00_3.png,1.75,2.087303220653561
3126,1175_LeafPhotoA_2025-09-08 16_24_37.781-05_00_1.png,1.75,2.2218276345271213
3127,1175_LeafPhotoA_2025-09-08 16_24_37.781-05_00_0.png,1.75,2.1567743529918326
3128,1175_LeafPhotoA_2025-09-08 16_24_37.781-05_00_2.png,1.75,2.104143808292779
3133,1122_LeafPhotoA_2025-09-08 10_07_49.073-05_00_0.png,2.5,1.7912281333929345
3134,1122_LeafPhotoA_2025-09-08 10_07_49.073-05_00_2.png,2.5,1.7797583340829295
3135,1122_LeafPhotoA_2025-09-08 10_07_49.073-05_00_3.png,2.5,1.6865343452346138
3136,1122_LeafPhotoA_2025-09-08 10_07_49.073-05_00_1.png,2.5,1.769075407077282
3157,2962_LeafPhotoA_2025-09-09 16_07_02.844-05_00_1.png,2.0,2.0738878314775193
3158,2962_LeafPhotoA_2025-09-09 16_07_02.844-05_00_2.png,2.0,1.9918720653432838
3159,2962_LeafPhotoA_2025-09-09 16_07_02.844-05_00_0.png,2.0,2.1070835959088425
3160,2962_LeafPhotoA_2025-09-09 16_07_02.844-05_00_3.png,2.0,2.1386874445536397
3169,5029_LeafPhotoA_2025-09-09 16_52_43.123-05_00_0.png,1.25,1.695782210640665
3170,5029_LeafPhotoA_2025-09-09 16_52_43.123-05_00_3.png,1.25,1.7864785674757504
3171,5029_LeafPhotoA_2025-09-09 16_52_43.123-05_00_1.png,1.25,1.8360083141912924
3172,5029_LeafPhotoA_2025-09-09 16_52_43.123-05_00_2.png,1.25,1.9134114746139224
3231,,2.0,1.5800877730369394
3269,2834_LeafPhotoA_2025-09-09 10_58_21.581-05_00_3.png,3.75,2.005451800010008
3270,2834_LeafPhotoA_2025-09-09 10_58_21.581-05_00_1.png,3.75,1.8579257850650919
3271,2834_LeafPhotoA_2025-09-09 10_58_21.581-05_00_0.png,3.75,1.9331936098494718
3272,2834_LeafPhotoA_2025-09-09 10_58_21.581-05_00_2.png,3.75,2.0722084961392246
3293,1593_LeafPhotoA_2025-09-09 09_33_14.926-05_00_1.png,2.25,1.967630217711318
3294,1593_LeafPhotoA_2025-09-09 09_33_14.926-05_00_2.png,2.25,1.988872948247091
3295,1593_LeafPhotoA_2025-09-09 09_33_14.926-05_00_0.png,2.25,1.8764624616050352
3296,1593_LeafPhotoA_2025-09-09 09_33_14.926-05_00_3.png,2.25,1.9528528028908019
3307,1113_LeafPhotoA_2025-09-08 09_54_47.376-05_00_0.png,1.5,2.030820336174514
3308,1113_LeafPhotoA_2025-09-08 09_54_47.376-05_00_1.png,1.5,2.0628421435080457
3309,1113_LeafPhotoA_2025-09-08 09_54_47.376-05_00_2.png,1.5,2.147901442820488
3310,1113_LeafPhotoA_2025-09-08 09_54_47.376-05_00_3.png,1.5,2.220967733236407
3319,2404_LeafPhotoB_2025-09-08 10_43_34.946-05_00_2.png,1.5,1.880244933008972
3320,2404_LeafPhotoB_2025-09-08 10_43_34.946-05_00_3.png,1.5,1.8101881724616211
3321,2404_LeafPhotoB_2025-09-08 10_43_34.946-05_00_1.png,1.5,1.9187775397533648
3322,2404_LeafPhotoB_2025-09-08 10_43_34.946-05_00_0.png,1.5,1.8636013458237266
3332,1407_LeafPhotoB_2025-09-08 10_01_50.917-05_00_2.png,1.25,2.0106284952053977
3333,1407_LeafPhotoB_2025-09-08 10_01_50.917-05_00_0.png,1.25,1.9381892685998003
3334,1407_LeafPhotoB_2025-09-08 10_01_50.917-05_00_3.png,1.25,1.741211473357434
3335,1407_LeafPhotoB_2025-09-08 10_01_50.917-05_00_1.png,1.25,1.9135006569581092
3336,2490_LeafPhotoB_2025-09-08 12_05_51.103-05_00_2.png,1.5,2.0084875014355577
3337,2490_LeafPhotoB_2025-09-08 12_05_51.103-05_00_1.png,1.5,1.7781534910241001
3338,2490_LeafPhotoB_2025-09-08 12_05_51.103-05_00_0.png,1.5,1.7909264896998658
3339,2490_LeafPhotoB_2025-09-08 12_05_51.103-05_00_3.png,1.5,1.7329207958122708
3340,2958_LeafPhotoA_2025-09-09 16_03_21.913-05_00_1.png,1.25,1.8115298114539717
3341,2958_LeafPhotoA_2025-09-09 16_03_21.913-05_00_0.png,1.25,1.6723037280070832
3342,2958_LeafPhotoA_2025-09-09 16_03_21.913-05_00_2.png,1.25,1.8116239953099227
3343,2958_LeafPhotoA_2025-09-09 16_03_21.913-05_00_3.png,1.25,1.790299366955714
3361,1679_LeafPhotoA_2025-09-09 09_33_07.078-05_00_0.png,2.0,1.634376216078653
3362,1679_LeafPhotoA_2025-09-09 09_33_07.078-05_00_1.png,2.0,1.881332092452556
3363,1679_LeafPhotoA_2025-09-09 09_33_07.078-05_00_2.png,2.0,1.8211162118137472
3364,1679_LeafPhotoA_2025-09-09 09_33_07.078-05_00_3.png,2.0,1.9305524044923827
3376,1414_LeafPhotoB_2025-09-08 10_08_06.102-05_00_3.png,2.25,2.0646615452239967
3377,1414_LeafPhotoB_2025-09-08 10_08_06.102-05_00_2.png,2.25,1.8841569971619812
3378,1414_LeafPhotoB_2025-09-08 10_08_06.102-05_00_0.png,2.25,1.7381503551206174
3379,1414_LeafPhotoB_2025-09-08 10_08_06.102-05_00_1.png,2.25,1.6985619527683937
3384,2104_LeafPhotoA_2025-09-08 10_57_30.453-05_00_0.png,1.25,1.796377558652702
3385,2292_LeafPhotoA_2025-09-08 16_48_06.499-05_00_3.png,1.75,1.8125428092141886
3386,2292_LeafPhotoA_2025-09-08 16_48_06.499-05_00_0.png,1.75,1.7095485588462338
3387,2292_LeafPhotoA_2025-09-08 16_48_06.499-05_00_1.png,1.75,1.879545437215113
3388,2292_LeafPhotoA_2025-09-08 16_48_06.499-05_00_2.png,1.75,1.8157026813391817
3397,1761_LeafPhotoA_2025-09-09 10_25_02.889-05_00_1.png,1.25,1.8046297793502817
3398,1761_LeafPhotoA_2025-09-09 10_25_02.889-05_00_0.png,1.25,1.7299039866889045
3399,1761_LeafPhotoA_2025-09-09 10_25_02.889-05_00_3.png,1.25,1.9316663469896218
3400,1761_LeafPhotoA_2025-09-09 10_25_02.889-05_00_2.png,1.25,1.9859938251570413
3423,1721_LeafPhotoA_2025-09-09 09_20_24.206-05_00_1.png,2.5,2.137833839694823
3424,1721_LeafPhotoA_2025-09-09 09_20_24.206-05_00_0.png,2.5,2.2088866261487783
3425,1721_LeafPhotoA_2025-09-09 09_20_24.206-05_00_2.png,2.5,2.131177085388541
3430,1365_LeafPhotoA_2025-09-08 12_47_18.027-05_00_3.png,2.0,1.6932767166734735
3431,1365_LeafPhotoA_2025-09-08 12_47_18.027-05_00_1.png,2.0,1.6970878380050576
3432,1365_LeafPhotoA_2025-09-08 12_47_18.027-05_00_2.png,2.0,1.74901509010318
3433,1365_LeafPhotoA_2025-09-08 12_47_18.027-05_00_0.png,2.0,1.885758293921099
3461,1704_LeafPhotoA_2025-09-09 08_56_01.667-05_00_3.png,2.25,2.010160055866906
3462,1704_LeafPhotoA_2025-09-09 08_56_01.667-05_00_1.png,2.25,1.8628166062939813
3463,1704_LeafPhotoA_2025-09-09 08_56_01.667-05_00_0.png,2.25,2.1014682442627257
3464,1704_LeafPhotoA_2025-09-09 08_56_01.667-05_00_2.png,2.25,2.002057497932657
3473,2970_LeafPhotoA_2025-09-09 16_17_01.331-05_00_1.png,1.25,2.130355410174516
3474,2970_LeafPhotoA_2025-09-09 16_17_01.331-05_00_0.png,1.25,1.9648331638597591
3483,1548_LeafPhotoA_2025-09-09 09_49_29.604-05_00_1.png,3.0,2.2732740677002865
3484,1548_LeafPhotoA_2025-09-09 09_49_29.604-05_00_2.png,3.0,2.0917136801496685
3485,1548_LeafPhotoA_2025-09-09 09_49_29.604-05_00_0.png,3.0,1.9707366540220392
3486,1548_LeafPhotoA_2025-09-09 09_49_29.604-05_00_3.png,3.0,1.9713026427705094
3487,,1.5,1.5800877730369394
3492,1472_LeafPhotoB_2025-09-08 16_38_58.831-05_00_2.png,2.75,1.8515394534073055
3493,1472_LeafPhotoB_2025-09-08 16_38_58.831-05_00_0.png,2.75,1.787514968439069
3494,1472_LeafPhotoB_2025-09-08 16_38_58.831-05_00_1.png,2.75,1.9107607106502373
