,image_name,label,predicted
0,2705_LeafPhotoA_2025-09-09 10_19_54.020-05_00_1.png,1.25,2.001136137604924
1,2705_LeafPhotoA_2025-09-09 10_19_54.020-05_00_0.png,1.25,2.091745470974513
2,2705_LeafPhotoA_2025-09-09 10_19_54.020-05_00_2.png,1.25,2.0163409533000665
7,2002_LeafPhotoA_2025-09-08 10_34_30.740-05_00_3.png,1.25,1.840300544767999
8,2002_LeafPhotoA_2025-09-08 10_34_30.740-05_00_1.png,1.25,1.7249445179822873
9,2002_LeafPhotoA_2025-09-08 10_34_30.740-05_00_2.png,1.25,1.8732503993805159
10,2002_LeafPhotoA_2025-09-08 10_34_30.740-05_00_0.png,1.25,1.7217990610637413
15,2645_LeafPhotoA_2025-09-09 11_30_33.412-05_00_1.png,1.75,1.716249324805258
16,2645_LeafPhotoA_2025-09-09 11_30_33.412-05_00_0.png,1.75,1.764117916226844
17,2645_LeafPhotoA_2025-09-09 11_30_33.412-05_00_2.png,1.75,1.7589353908045862
25,2863_LeafPhotoA_2025-09-09 14_53_39.925-05_00_0.png,1.5,1.93273907183986
26,2863_LeafPhotoA_2025-09-09 14_53_39.925-05_00_1.png,1.5,2.0329700215733384
38,1268_LeafPhotoA_2025-09-08 16_18_21.694-05_00_0.png,1.25,1.9866961666107372
39,1268_LeafPhotoA_2025-09-08 16_18_21.694-05_00_1.png,1.25,1.836239722994961
40,1268_LeafPhotoA_2025-09-08 16_18_21.694-05_00_2.png,1.25,1.770559673478719
41,1268_LeafPhotoA_2025-09-08 16_18_21.694-05_00_3.png,1.25,1.8906252241212098
62,2339_LeafPhotoA_2025-09-08 11_07_39.980-05_00_0.png,1.25,1.9675351431911627
63,2339_LeafPhotoA_2025-09-08 11_07_39.980-05_00_2.png,1.25,2.1046451667272446
64,2339_LeafPhotoA_2025-09-08 11_07_39.980-05_00_1.png,1.25,2.195663680146446
65,2339_LeafPhotoA_2025-09-08 11_07_39.980-05_00_3.png,1.25,2.189481586832339
77,1827_LeafPhotoA_2025-09-09 09_28_41.756-05_00_0.png,1.5,1.7839002482940167
78,1827_LeafPhotoA_2025-09-09 09_28_41.756-05_00_1.png,1.5,1.7769792070459642
79,1827_LeafPhotoA_2025-09-09 09_28_41.756-05_00_2.png,1.5,1.7960768819606487
80,1827_LeafPhotoA_2025-09-09 09_28_41.756-05_00_3.png,1.5,1.6253855915809774
93,2675_LeafPhotoA_2025-09-09 11_09_07.955-05_00_0.png,2.0,1.910559103593667
94,2675_LeafPhotoA_2025-09-09 11_09_07.955-05_00_1.png,2.0,1.7430075257170499
95,2675_LeafPhotoA_2025-09-09 11_09_07.955-05_00_2.png,2.0,1.9291029865320346
96,1256_LeafPhotoA_2025-09-08 16_33_20.459-05_00_2.png,2.5,2.3191787576472054
97,1256_LeafPhotoA_2025-09-08 16_33_20.459-05_00_1.png,2.5,2.017653215835432
98,1256_LeafPhotoA_2025-09-08 16_33_20.459-05_00_0.png,2.5,2.1330159080913607
118,1150_LeafPhotoA_2025-09-08 10_48_11.571-05_00_0.png,1.75,2.1225696651747583
119,1150_LeafPhotoA_2025-09-08 10_48_11.571-05_00_1.png,1.75,2.1078381784637497
120,1150_LeafPhotoA_2025-09-08 10_48_11.571-05_00_2.png,1.75,1.889332558971706
121,1150_LeafPhotoA_2025-09-08 10_48_11.571-05_00_3.png,1.75,1.9688464716169958
129,2616_LeafPhotoA_2025-09-09 12_03_18.288-05_00_3.png,2.0,1.6081634941439364
130,2616_LeafPhotoA_2025-09-09 12_03_18.288-05_00_2.png,2.0,1.8632365141335492
131,2616_LeafPhotoA_2025-09-09 12_03_18.288-05_00_1.png,2.0,1.7444943800649717
132,2616_LeafPhotoA_2025-09-09 12_03_18.288-05_00_0.png,2.0,1.9192777477564116
148,2445_LeafPhotoB_2025-09-08 11_21_12.225-05_00_0.png,1.5,1.8443072196390207
149,2445_LeafPhotoB_2025-09-08 11_21_12.225-05_00_1.png,1.5,1.7727993857479243
150,2445_LeafPhotoB_2025-09-08 11_21_12.225-05_00_3.png,1.5,1.8586618875378789
151,2445_LeafPhotoB_2025-09-08 11_21_12.225-05_00_2.png,1.5,1.7710383920090187
171,2469_LeafPhotoB_2025-09-08 11_45_54.424-05_00_3.png,1.75,2.0758899049799417
172,2469_LeafPhotoB_2025-09-08 11_45_54.424-05_00_0.png,1.75,1.9442525024854742
173,2469_LeafPhotoB_2025-09-08 11_45_54.424-05_00_1.png,1.75,1.914573846033515
174,2469_LeafPhotoB_2025-09-08 11_45_54.424-05_00_2.png,1.75,2.0663135505987054
241,2637_LeafPhotoA_2025-09-09 11_40_45.027-05_00_0.png,1.25,1.8277735137454554
242,2637_LeafPhotoA_2025-09-09 11_40_45.027-05_00_1.png,1.25,1.8959653563482644
243,2637_LeafPhotoA_2025-09-09 11_40_45.027-05_00_2.png,1.25,1.9542351570669811
244,2637_LeafPhotoA_2025-09-09 11_40_45.027-05_00_3.png,1.25,1.6138580489508554
245,2240_LeafPhotoA_2025-09-08 11_49_15.391-05_00_2.png,1.75,1.7959622872115732
246,2240_LeafPhotoA_2025-09-08 11_49_15.391-05_00_3.png,1.75,1.5867632919102417
247,2240_LeafPhotoA_2025-09-08 11_49_15.391-05_00_1.png,1.75,1.7024574293310726
248,2240_LeafPhotoA_2025-09-08 11_49_15.391-05_00_0.png,1.75,1.8188782857767234
253,2225_LeafPhotoA_2025-09-08 11_27_06.412-05_00_0.png,1.25,1.7038742763407035
254,2225_LeafPhotoA_2025-09-08 11_27_06.412-05_00_1.png,1.25,1.8721135381914695
255,2225_LeafPhotoA_2025-09-08 11_27_06.412-05_00_2.png,1.25,1.8714072659125156
256,2225_LeafPhotoA_2025-09-08 11_27_06.412-05_00_3.png,1.25,1.8423429141431742
264,2177_LeafPhotoA_2025-09-09 12_21_22.406-05_00_0.png,1.5,2.009472803670679
265,2177_LeafPhotoA_2025-09-09 12_21_22.406-05_00_1.png,1.5,1.923557668647947
266,2177_LeafPhotoA_2025-09-09 12_21_22.406-05_00_2.png,1.5,2.01144977436403
267,2177_LeafPhotoA_2025-09-09 12_21_22.406-05_00_3.png,1.5,1.952108626961433
281,1830_LeafPhotoA_2025-09-09 09_33_52.287-05_00_2.png,2.0,1.7911373770063768
282,1830_LeafPhotoA_2025-09-09 09_33_52.287-05_00_0.png,2.0,2.1637614086053154
283,1830_LeafPhotoA_2025-09-09 09_33_52.287-05_00_3.png,2.0,1.8638346328151045
284,1830_LeafPhotoA_2025-09-09 09_33_52.287-05_00_1.png,2.0,1.683118591463201
297,2671_LeafPhotoA_2025-09-09 11_45_37.038-05_00_0.png,4.5,2.13173709529876
298,2671_LeafPhotoA_2025-09-09 11_45_37.038-05_00_1.png,4.5,2.1689156951109725
299,2671_LeafPhotoA_2025-09-09 11_45_37.038-05_00_2.png,4.5,2.2787289350629383
300,2671_LeafPhotoA_2025-09-09 11_45_37.038-05_00_3.png,4.5,2.18131807042609
309,1085_LeafPhotoA_2025-09-09 10_58_08.346-05_00_0.png,2.0,2.0295598334414136
310,1085_LeafPhotoA_2025-09-09 10_58_08.346-05_00_1.png,2.0,1.9130067609924886
311,1085_LeafPhotoA_2025-09-09 10_58_08.346-05_00_2.png,2.0,1.8836775532769383
312,1085_LeafPhotoA_2025-09-09 10_58_08.346-05_00_3.png,2.0,1.874745970617306
324,1090_LeafPhotoA_2025-09-09 11_01_46.837-05_00_2.png,2.0,2.1923463820066345
325,1090_LeafPhotoA_2025-09-09 11_01_46.837-05_00_0.png,2.0,2.0799751438858802
326,1090_LeafPhotoA_2025-09-09 11_01_46.837-05_00_3.png,2.0,2.1174685815989993
327,1090_LeafPhotoA_2025-09-09 11_01_46.837-05_00_1.png,2.0,1.9842135574223778
328,2539_LeafPhotoA_2025-09-09 10_38_11.553-05_00_0.png,1.5,2.0931257305283393
329,2539_LeafPhotoA_2025-09-09 10_38_11.553-05_00_1.png,1.5,1.8506186184655136
330,2539_LeafPhotoA_2025-09-09 10_38_11.553-05_00_2.png,1.5,1.9064830885206883
331,2539_LeafPhotoA_2025-09-09 10_38_11.553-05_00_3.png,1.5,1.9566126819758554
344,2439_LeafPhotoB_2025-09-08 11_15_32.151-05_00_0.png,1.0,1.9912879284028662
345,2439_LeafPhotoB_2025-09-08 11_15_32.151-05_00_1.png,1.0,1.9394537824294613
346,2439_LeafPhotoB_2025-09-08 11_15_32.151-05_00_2.png,1.0,1.8514922357980967
347,2439_LeafPhotoB_2025-09-08 11_15_32.151-05_00_3.png,1.0,1.7940256985929883
360,1743_LeafPhotoA_2025-09-09 09_59_38.653-05_00_0.png,1.0,1.9861772718595474
361,1743_LeafPhotoA_2025-09-09 09_59_38.653-05_00_1.png,1.0,2.0978960635288875
362,1743_LeafPhotoA_2025-09-09 09_59_38.653-05_00_2.png,1.0,2.18046729649833
363,1743_LeafPhotoA_2025-09-09 09_59_38.653-05_00_3.png,1.0,2.037241251329887
368,2076_LeafPhotoA_2025-09-08 12_11_50.135-05_00_0.png,1.25,1.737738349877354
369,2076_LeafPhotoA_2025-09-08 12_11_50.135-05_00_1.png,1.25,1.733152385807292
370,2076_LeafPhotoA_2025-09-08 12_11_50.135-05_00_2.png,1.25,1.8650337812530404
371,2076_LeafPhotoA_2025-09-08 12_11_50.135-05_00_3.png,1.25,1.978127345415644
380,2570_LeafPhotoA_2025-09-09 10_49_34.407-05_00_0.png,2.75,2.0003208958170746
381,2570_LeafPhotoA_2025-09-09 10_49_34.407-05_00_1.png,2.75,1.9790268772013146
382,2570_LeafPhotoA_2025-09-09 10_49_34.407-05_00_2.png,2.75,2.1018845415917182
395,2262_LeafPhotoA_2025-09-08 12_34_41.227-05_00_2.png,1.5,1.8567968337293517
396,2262_LeafPhotoA_2025-09-08 12_34_41.227-05_00_3.png,1.5,1.8145462089456388
397,2262_LeafPhotoA_2025-09-08 12_34_41.227-05_00_1.png,1.5,1.644837524139251
398,2262_LeafPhotoA_2025-09-08 12_34_41.227-05_00_0.png,1.5,1.7081480840818108
407,6042_LeafPhotoA_2025-09-09 16_06_35.024-05_00_0.png,1.25,1.697141633706527
408,6042_LeafPhotoA_2025-09-09 16_06_35.024-05_00_1.png,1.25,1.7677513086140941
409,6042_LeafPhotoA_2025-09-09 16_06_35.024-05_00_2.png,1.25,1.857317873669638
410,6042_LeafPhotoA_2025-09-09 16_06_35.024-05_00_3.png,1.25,1.7674663176024064
422,1625_LeafPhotoA_2025-09-09 10_02_28.135-05_00_0.png,2.25,2.0384576594997825
423,1625_LeafPhotoA_2025-09-09 10_02_28.135-05_00_2.png,2.25,2.0256479786002943
424,1625_LeafPhotoA_2025-09-09 10_02_28.135-05_00_1.png,2.25,2.0150138103143735
425,1625_LeafPhotoA_2025-09-09 10_02_28.135-05_00_3.png,2.25,2.074938255165351
444,2436_LeafPhotoB_2025-09-08 11_12_35.180-05_00_2.png,1.5,1.8655616249787466
445,2436_LeafPhotoB_2025-09-08 11_12_35.180-05_00_3.png,1.5,1.8681402930561304
446,2436_LeafPhotoB_2025-09-08 11_12_35.180-05_00_1.png,1.5,1.8628096928508464
447,2436_LeafPhotoB_2025-09-08 11_12_35.180-05_00_0.png,1.5,1.9203873555454798
455,1203_LeafPhotoA_2025-09-08 09_19_50.867-05_00_3.png,2.25,1.9805555473038388
456,1203_LeafPhotoA_2025-09-08 09_19_50.867-05_00_1.png,2.25,1.9042309299478897
457,1203_LeafPhotoA_2025-09-08 09_19_50.867-05_00_2.png,2.25,2.0584680318337956
458,1203_LeafPhotoA_2025-09-08 09_19_50.867-05_00_0.png,2.25,1.9354746813643873
521,2062_LeafPhotoA_2025-09-08 11_56_16.610-05_00_0.png,1.25,1.8515379520062312
522,2062_LeafPhotoA_2025-09-08 11_56_16.610-05_00_1.png,1.25,1.9896592144686684
523,2062_LeafPhotoA_2025-09-08 11_56_16.610-05_00_2.png,1.25,2.0690055661693485
524,1347_LeafPhotoA_2025-09-08 10_15_29.541-05_00_0.png,1.75,1.8584133278035209
525,1347_LeafPhotoA_2025-09-08 10_15_29.541-05_00_1.png,1.75,1.8594348459189893
526,1347_LeafPhotoA_2025-09-08 10_15_29.541-05_00_2.png,1.75,1.7386386030670928
527,1347_LeafPhotoA_2025-09-08 10_15_29.541-05_00_3.png,1.75,1.8809762240213466
532,2639_LeafPhotoA_2025-09-09 11_37_01.257-05_00_3.png,1.25,1.8154911331090207
533,2639_LeafPhotoA_2025-09-09 11_37_01.257-05_00_2.png,1.25,1.7939085375919006
534,2639_LeafPhotoA_2025-09-09 11_37_01.257-05_00_0.png,1.25,1.9306723567593824
535,2639_LeafPhotoA_2025-09-09 11_37_01.257-05_00_1.png,1.25,1.786568305822092
536,1301_LeafPhotoA_2025-09-08 10_20_24.380-05_00_0.png,1.5,1.7505247015693397
537,1301_LeafPhotoA_2025-09-08 10_20_24.380-05_00_1.png,1.5,1.7803176431639942
538,1301_LeafPhotoA_2025-09-08 10_20_24.380-05_00_2.png,1.5,1.787462626652728
539,1301_LeafPhotoA_2025-09-08 10_20_24.380-05_00_3.png,1.5,1.8836962897192657
614,1942_LeafPhotoA_2025-09-09 15_57_21.713-05_00_0.png,2.25,1.903939618825767
615,1942_LeafPhotoA_2025-09-09 15_57_21.713-05_00_3.png,2.25,2.0051502364406546
616,1942_LeafPhotoA_2025-09-09 15_57_21.713-05_00_1.png,2.25,1.9933746188586303
617,1942_LeafPhotoA_2025-09-09 15_57_21.713-05_00_2.png,2.25,1.8051702920993264
622,2311_LeafPhotoA_2025-09-08 10_40_04.548-05_00_0.png,1.5,1.7309804863192895
623,2311_LeafPhotoA_2025-09-08 10_40_04.548-05_00_1.png,1.5,1.6642149221365807
624,2311_LeafPhotoA_2025-09-08 10_40_04.548-05_00_2.png,1.5,1.7674102631651971
625,2311_LeafPhotoA_2025-09-08 10_40_04.548-05_00_3.png,1.5,1.7776637552253605
643,1142_LeafPhotoA_2025-09-08 10_37_21.587-05_00_0.png,1.0,1.9024581153240583
644,1142_LeafPhotoA_2025-09-08 10_37_21.587-05_00_1.png,1.0,1.9344403509515633
645,1142_LeafPhotoA_2025-09-08 10_37_21.587-05_00_2.png,1.0,2.066483616580679
646,1142_LeafPhotoA_2025-09-08 10_37_21.587-05_00_3.png,1.0,1.9467962768480955
651,1715_LeafPhotoA_2025-09-09 09_11_42.677-05_00_0.png,2.25,2.0814548227158762
652,1715_LeafPhotoA_2025-09-09 09_11_42.677-05_00_1.png,2.25,2.028130101173819
653,1715_LeafPhotoA_2025-09-09 09_11_42.677-05_00_2.png,2.25,2.176064171980787
654,1715_LeafPhotoA_2025-09-09 09_11_42.677-05_00_3.png,2.25,2.108399997617517
702,1449_LeafPhotoB_2025-09-08 10_37_44.031-05_00_0.png,2.0,2.0865675391577665
703,1449_LeafPhotoB_2025-09-08 10_37_44.031-05_00_1.png,2.0,1.8776443291776599
704,1449_LeafPhotoB_2025-09-08 10_37_44.031-05_00_2.png,2.0,2.2025341750988514
709,1269_LeafPhotoA_2025-09-08 16_17_52.960-05_00_0.png,2.25,1.9233955001490932
710,1269_LeafPhotoA_2025-09-08 16_17_52.960-05_00_2.png,2.25,1.9883618478279022
711,1269_LeafPhotoA_2025-09-08 16_17_52.960-05_00_3.png,2.25,1.954134482084609
712,1269_LeafPhotoA_2025-09-08 16_17_52.960-05_00_1.png,2.25,1.8081509633847959
717,,1.5,1.7667842374813783
718,,2.0,1.7667842374813783
731,1143_LeafPhotoA_2025-09-08 10_38_21.557-05_00_0.png,4.25,2.014244849110513
732,1143_LeafPhotoA_2025-09-08 10_38_21.557-05_00_1.png,4.25,2.228327222000512
733,2313_LeafPhotoA_2025-09-08 10_41_17.601-05_00_3.png,1.75,1.8527380848667374
734,2313_LeafPhotoA_2025-09-08 10_41_17.601-05_00_0.png,1.75,2.0260692755776297
735,2313_LeafPhotoA_2025-09-08 10_41_17.601-05_00_2.png,1.75,1.8642616003962402
736,2313_LeafPhotoA_2025-09-08 10_41_17.601-05_00_1.png,1.75,1.8641777733816958
749,1038_LeafPhotoA_2025-09-08 10_15_32.315-05_00_3.png,2.0,1.9789590629193106
750,1038_LeafPhotoA_2025-09-08 10_15_32.315-05_00_1.png,2.0,1.9016946227778413
751,1038_LeafPhotoA_2025-09-08 10_15_32.315-05_00_2.png,2.0,1.8951829415921297
752,1038_LeafPhotoA_2025-09-08 10_15_32.315-05_00_0.png,2.0,2.014037128145063
756,1629_LeafPhotoA_2025-09-09 10_11_31.349-05_00_0.png,1.25,1.9890218339129908
757,1629_LeafPhotoA_2025-09-09 10_11_31.349-05_00_1.png,1.25,1.9169293862594343
758,1629_LeafPhotoA_2025-09-09 10_11_31.349-05_00_3.png,1.25,1.8832398634485994
759,1629_LeafPhotoA_2025-09-09 10_11_31.349-05_00_2.png,1.25,2.025940435004398
769,2160_LeafPhotoA_2025-09-08 12_38_59.488-05_00_3.png,1.75,2.0661614941229742
770,2160_LeafPhotoA_2025-09-08 12_38_59.488-05_00_2.png,1.75,1.9558110261247708
771,2160_LeafPhotoA_2025-09-08 12_38_59.488-05_00_1.png,1.75,1.936513221136396
772,2160_LeafPhotoA_2025-09-08 12_38_59.488-05_00_0.png,1.75,1.9233378768244886
792,1677_LeafPhotoA_2025-09-09 09_35_17.102-05_00_0.png,1.25,1.6777542376099241
793,1677_LeafPhotoA_2025-09-09 09_35_17.102-05_00_1.png,1.25,1.8169202972850054
794,1677_LeafPhotoA_2025-09-09 09_35_17.102-05_00_2.png,1.25,1.8113690745837738
795,1750_LeafPhotoA_2025-09-09 10_09_28.880-05_00_1.png,2.5,2.02790352982474
796,1750_LeafPhotoA_2025-09-09 10_09_28.880-05_00_2.png,2.5,1.9290550854535475
797,1750_LeafPhotoA_2025-09-09 10_09_28.880-05_00_0.png,2.5,2.153932929294432
798,1750_LeafPhotoA_2025-09-09 10_09_28.880-05_00_3.png,2.5,1.9773064255159696
803,1123_LeafPhotoA_2025-09-08 10_09_09.535-05_00_2.png,1.5,1.8027864482452223
804,1123_LeafPhotoA_2025-09-08 10_09_09.535-05_00_1.png,1.5,1.8502169268425075
805,1123_LeafPhotoA_2025-09-08 10_09_09.535-05_00_3.png,1.5,1.8014147952245019
806,1123_LeafPhotoA_2025-09-08 10_09_09.535-05_00_0.png,1.5,1.987486507334306
823,2167_LeafPhotoA_2025-09-09 12_01_16.586-05_00_0.png,2.75,1.9431355117459506
824,2167_LeafPhotoA_2025-09-09 12_01_16.586-05_00_1.png,2.75,2.292095042082478
825,2167_LeafPhotoA_2025-09-09 12_01_16.586-05_00_2.png,2.75,2.2702121817797227
826,2167_LeafPhotoA_2025-09-09 12_01_16.586-05_00_3.png,2.75,2.117577453374688
855,1249_LeafPhotoA_2025-09-08 10_41_51.533-05_00_1.png,1.0,1.6443981178806792
856,1249_LeafPhotoA_2025-09-08 10_41_51.533-05_00_2.png,1.0,1.9381590612139294
857,1249_LeafPhotoA_2025-09-08 10_41_51.533-05_00_3.png,1.0,1.9212858646180535
858,1249_LeafPhotoA_2025-09-08 10_41_51.533-05_00_0.png,1.0,1.6780942769068752
864,1907_LeafPhotoA_2025-09-09 14_42_36.286-05_00_0.png,1.5,1.7869270135837336
865,1907_LeafPhotoA_2025-09-09 14_42_36.286-05_00_1.png,1.5,1.8333209693320947
866,1907_LeafPhotoA_2025-09-09 14_42_36.286-05_00_2.png,1.5,2.100691324126189
867,1907_LeafPhotoA_2025-09-09 14_42_36.286-05_00_3.png,1.5,2.0296495243555017
878,5045_LeafPhotoA_2025-09-09 17_01_44.217-05_00_3.png,1.25,1.7076352187436747
879,5045_LeafPhotoA_2025-09-09 17_01_44.217-05_00_1.png,1.25,1.5867529015438162
880,5045_LeafPhotoA_2025-09-09 17_01_44.217-05_00_2.png,1.25,1.602317375945134
881,5045_LeafPhotoA_2025-09-09 17_01_44.217-05_00_0.png,1.25,1.7248910417873764
882,1250_LeafPhotoA_2025-09-08 10_43_41.179-05_00_0.png,1.25,1.6591261833711528
883,1250_LeafPhotoA_2025-09-08 10_43_41.179-05_00_1.png,1.25,1.6017313020079436
884,1250_LeafPhotoA_2025-09-08 10_43_41.179-05_00_2.png,1.25,1.8379042552372045
885,1250_LeafPhotoA_2025-09-08 10_43_41.179-05_00_3.png,1.25,1.9482563341841228
898,1256_LeafPhotoA_2025-09-08 16_32_47.764-05_00_0.png,3.0,2.0499679547855827
899,1256_LeafPhotoA_2025-09-08 16_32_47.764-05_00_2.png,3.0,2.1045449410182506
900,1256_LeafPhotoA_2025-09-08 16_32_47.764-05_00_1.png,3.0,1.9715196828092871
905,2902_LeafPhotoA_2025-09-09 16_13_57.638-05_00_0.png,1.25,1.790465272598812
906,2902_LeafPhotoA_2025-09-09 16_13_57.638-05_00_1.png,1.25,1.7758710356013947
915,2442_LeafPhotoB_2025-09-08 11_18_36.514-05_00_0.png,2.0,1.9106331743632063
916,2442_LeafPhotoB_2025-09-08 11_18_36.514-05_00_1.png,2.0,1.8048849002157215
930,1026_LeafPhotoA_2025-09-08 10_01_59.080-05_00_2.png,1.75,2.0443798686049064
931,1026_LeafPhotoA_2025-09-08 10_01_59.080-05_00_3.png,1.75,2.0593309698611075
932,1026_LeafPhotoA_2025-09-08 10_01_59.080-05_00_0.png,1.75,1.9921555505427755
933,1026_LeafPhotoA_2025-09-08 10_01_59.080-05_00_1.png,1.75,1.9481380561370276
941,2073_LeafPhotoA_2025-09-08 12_07_54.433-05_00_0.png,1.5,1.9294424077210106
942,2073_LeafPhotoA_2025-09-08 12_07_54.433-05_00_1.png,1.5,1.897267072501156
943,2073_LeafPhotoA_2025-09-08 12_07_54.433-05_00_2.png,1.5,1.9615937681317543
944,2073_LeafPhotoA_2025-09-08 12_07_54.433-05_00_3.png,1.5,1.9832042307443694
953,2760_LeafPhotoA_2025-09-09 16_19_13.921-05_00_1.png,1.25,1.7394689346976997
954,2760_LeafPhotoA_2025-09-09 16_19_13.921-05_00_0.png,1.25,1.8635251766664052
955,2760_LeafPhotoA_2025-09-09 16_19_13.921-05_00_2.png,1.25,1.8047464491509115
967,2755_LeafPhotoA_2025-09-09 16_28_33.930-05_00_1.png,1.0,1.7957247161324659
968,2755_LeafPhotoA_2025-09-09 16_28_33.930-05_00_3.png,1.0,1.8426957839323248
969,2755_LeafPhotoA_2025-09-09 16_28_33.930-05_00_0.png,1.0,1.811646329727526
970,2755_LeafPhotoA_2025-09-09 16_28_33.930-05_00_2.png,1.0,1.961125628547792
1002,1217_LeafPhotoA_2025-09-08 09_53_36.339-05_00_2.png,1.5,1.7656485214441042
1003,1217_LeafPhotoA_2025-09-08 09_53_36.339-05_00_0.png,1.5,1.651361638392514
1004,1217_LeafPhotoA_2025-09-08 09_53_36.339-05_00_3.png,1.5,1.7049091121001674
1005,1217_LeafPhotoA_2025-09-08 09_53_36.339-05_00_1.png,1.5,1.7416398293922595
1014,2476_LeafPhotoB_2025-09-08 11_51_54.468-05_00_0.png,1.75,1.8511901876664352
1015,2476_LeafPhotoB_2025-09-08 11_51_54.468-05_00_1.png,1.75,1.7788682647103828
1016,2476_LeafPhotoB_2025-09-08 11_51_54.468-05_00_2.png,1.75,1.5740923163013676
1017,2476_LeafPhotoB_2025-09-08 11_51_54.468-05_00_3.png,1.75,1.6828959919187279
1018,1899_LeafPhotoA_2025-09-09 13_47_11.649-05_00_0.png,1.25,1.8122924260632527
1019,1899_LeafPhotoA_2025-09-09 13_47_11.649-05_00_1.png,1.25,1.8037211658095964
1020,1899_LeafPhotoA_2025-09-09 13_47_11.649-05_00_2.png,1.25,1.911732557183905
1021,1899_LeafPhotoA_2025-09-09 13_47_11.649-05_00_3.png,1.25,1.9849998722682556
1022,1605_LeafPhotoA_2025-09-09 09_07_08.633-05_00_3.png,1.5,1.7834823876834796
1023,1605_LeafPhotoA_2025-09-09 09_07_08.633-05_00_1.png,1.5,1.8134578631574936
1024,1605_LeafPhotoA_2025-09-09 09_07_08.633-05_00_0.png,1.5,1.994641142992018
1025,1605_LeafPhotoA_2025-09-09 09_07_08.633-05_00_2.png,1.5,1.8238962601591533
1030,2769_LeafPhotoA_2025-09-09 15_55_06.978-05_00_0.png,1.5,2.057204334055231
1031,2769_LeafPhotoA_2025-09-09 15_55_06.978-05_00_1.png,1.5,2.187917727797819
1032,2769_LeafPhotoA_2025-09-09 15_55_06.978-05_00_2.png,1.5,2.099175784579142
1033,2769_LeafPhotoA_2025-09-09 15_55_06.978-05_00_3.png,1.5,2.0766648577506626
1051,2390_LeafPhotoA_2025-09-08 12_00_53.414-05_00_0.png,1.0,1.6212336696577123
1052,2390_LeafPhotoA_2025-09-08 12_00_53.414-05_00_1.png,1.0,1.7001844337145595
1053,2390_LeafPhotoA_2025-09-08 12_00_53.414-05_00_2.png,1.0,1.7683858539604962
1058,2441_LeafPhotoB_2025-09-08 11_17_12.000-05_00_0.png,2.0,1.9180757958273533
1059,2441_LeafPhotoB_2025-09-08 11_17_12.000-05_00_1.png,2.0,1.8171636499465458
1060,2441_LeafPhotoB_2025-09-08 11_17_12.000-05_00_3.png,2.0,1.9980690449551977
1061,2441_LeafPhotoB_2025-09-08 11_17_12.000-05_00_2.png,2.0,2.0145035988196436
1081,2538_LeafPhotoA_2025-09-09 10_37_31.295-05_00_0.png,2.25,1.9620379893423157
1082,2538_LeafPhotoA_2025-09-09 10_37_31.295-05_00_1.png,2.25,2.0018303309929677
1083,2538_LeafPhotoA_2025-09-09 10_37_31.295-05_00_2.png,2.25,2.059757927607843
1084,2538_LeafPhotoA_2025-09-09 10_37_31.295-05_00_3.png,2.25,1.8984994870835863
1086,1008_LeafPhotoA_2025-09-08 09_38_43.510-05_00_1.png,1.0,2.04684135487674
1087,1008_LeafPhotoA_2025-09-08 09_38_43.510-05_00_0.png,1.0,2.1458364864731942
1088,1008_LeafPhotoA_2025-09-08 09_38_43.510-05_00_3.png,1.0,1.9031440772500414
1089,1008_LeafPhotoA_2025-09-08 09_38_43.510-05_00_2.png,1.0,1.8289617418628523
1106,2975_LeafPhotoA_2025-09-09 16_24_07.497-05_00_0.png,1.75,2.0487884844974746
1107,2975_LeafPhotoA_2025-09-09 16_24_07.497-05_00_1.png,1.75,1.9288833227329647
1108,2975_LeafPhotoA_2025-09-09 16_24_07.497-05_00_2.png,1.75,1.9312338171334296
1109,2975_LeafPhotoA_2025-09-09 16_24_07.497-05_00_3.png,1.75,1.8779837227535312
1110,1038_LeafPhotoA_2025-09-08 10_16_04.977-05_00_0.png,1.5,1.9177408606950879
1111,1038_LeafPhotoA_2025-09-08 10_16_04.977-05_00_2.png,1.5,1.9035319082979913
1112,1038_LeafPhotoA_2025-09-08 10_16_04.977-05_00_1.png,1.5,2.009406817287513
1158,2089_LeafPhotoA_2025-09-08 12_26_16.331-05_00_2.png,2.0,1.8916774896097401
1159,2089_LeafPhotoA_2025-09-08 12_26_16.331-05_00_1.png,2.0,1.7541222855822818
1160,2089_LeafPhotoA_2025-09-08 12_26_16.331-05_00_0.png,2.0,1.8892228519070258
1161,1468_LeafPhotoB_2025-09-08 16_31_09.404-05_00_2.png,1.25,2.031920079506621
1162,1468_LeafPhotoB_2025-09-08 16_31_09.404-05_00_1.png,1.25,2.0034318968382188
1163,1468_LeafPhotoB_2025-09-08 16_31_09.404-05_00_0.png,1.25,1.8309433132106399
1164,1468_LeafPhotoB_2025-09-08 16_31_09.404-05_00_3.png,1.25,1.818765334709366
1177,1145_LeafPhotoA_2025-09-08 10_41_37.289-05_00_0.png,1.5,2.095412874669405
1178,1145_LeafPhotoA_2025-09-08 10_41_37.289-05_00_1.png,1.5,1.899012105274381
1179,1145_LeafPhotoA_2025-09-08 10_41_37.289-05_00_2.png,1.5,2.0817138613987507
1180,1145_LeafPhotoA_2025-09-08 10_41_37.289-05_00_3.png,1.5,1.941804964800261
1209,,1.0,1.7667842374813783
1210,6008_LeafPhotoA_2025-09-09 17_03_49.237-05_00_0.png,1.25,1.7124828412471576
1211,6008_LeafPhotoA_2025-09-09 17_03_49.237-05_00_2.png,1.25,1.7358129883881401
1212,6008_LeafPhotoA_2025-09-09 17_03_49.237-05_00_3.png,1.25,1.7902040691922787
1213,6008_LeafPhotoA_2025-09-09 17_03_49.237-05_00_1.png,1.25,1.9001347067038452
1233,2393_LeafPhotoA_2025-09-08 12_18_13.823-05_00_0.png,2.5,1.8427558646123625
1234,2393_LeafPhotoA_2025-09-08 12_18_13.823-05_00_1.png,2.5,1.881235544059862
1235,2393_LeafPhotoA_2025-09-08 12_18_13.823-05_00_2.png,2.5,1.728409638836557
1236,2393_LeafPhotoA_2025-09-08 12_18_13.823-05_00_3.png,2.5,1.8415481152699862
1237,,2.25,1.7667842374813783
1257,1859_LeafPhotoA_2025-09-09 13_37_34.301-05_00_3.png,3.0,1.8604593376018954
1258,1859_LeafPhotoA_2025-09-09 13_37_34.301-05_00_1.png,3.0,1.765331153943987
1259,1859_LeafPhotoA_2025-09-09 13_37_34.301-05_00_2.png,3.0,1.8729103812343735
1260,1859_LeafPhotoA_2025-09-09 13_37_34.301-05_00_0.png,3.0,1.8707883430034762
1261,1810_LeafPhotoA_2025-09-09 09_05_30.894-05_00_3.png,4.25,2.1613686799419183
1262,1810_LeafPhotoA_2025-09-09 09_05_30.894-05_00_2.png,4.25,2.166573420858844
1263,1810_LeafPhotoA_2025-09-09 09_05_30.894-05_00_0.png,4.25,2.2602418421455863
1264,1810_LeafPhotoA_2025-09-09 09_05_30.894-05_00_1.png,4.25,2.3177321247817697
1277,2983_LeafPhotoA_2025-09-09 16_35_57.602-05_00_3.png,2.0,1.9423956185927949
1278,2983_LeafPhotoA_2025-09-09 16_35_57.602-05_00_1.png,2.0,2.149266871114782
1279,2983_LeafPhotoA_2025-09-09 16_35_57.602-05_00_0.png,2.0,1.9480580948817712
1280,2983_LeafPhotoA_2025-09-09 16_35_57.602-05_00_2.png,2.0,2.024123725590178
1308,2792_LeafPhotoA_2025-09-09 11_23_03.034-05_00_0.png,1.5,2.0326243827820365
1309,2792_LeafPhotoA_2025-09-09 11_23_03.034-05_00_1.png,1.5,1.9530858639406787
1310,2792_LeafPhotoA_2025-09-09 11_23_03.034-05_00_2.png,1.5,1.9433970153191324
1311,2792_LeafPhotoA_2025-09-09 11_23_03.034-05_00_3.png,1.5,1.8519351835532782
1312,6029_LeafPhotoA_2025-09-09 16_30_34.819-05_00_1.png,2.0,1.6415237206276045
1313,6029_LeafPhotoA_2025-09-09 16_30_34.819-05_00_2.png,2.0,1.8012254212317833
1314,6029_LeafPhotoA_2025-09-09 16_30_34.819-05_00_0.png,2.0,1.7153824749824984
1315,6029_LeafPhotoA_2025-09-09 16_30_34.819-05_00_3.png,2.0,1.822186065219398
1356,2082_LeafPhotoA_2025-09-08 12_18_18.860-05_00_3.png,1.0,1.856842559890016
1357,2082_LeafPhotoA_2025-09-08 12_18_18.860-05_00_2.png,1.0,1.886720782719066
1358,2082_LeafPhotoA_2025-09-08 12_18_18.860-05_00_0.png,1.0,1.8868820837758407
1359,2082_LeafPhotoA_2025-09-08 12_18_18.860-05_00_1.png,1.0,1.9616275229462903
1360,1868_LeafPhotoA_2025-09-09 13_29_01.704-05_00_3.png,1.25,2.1005632999973742
1361,1868_LeafPhotoA_2025-09-09 13_29_01.704-05_00_0.png,1.25,2.114904382491058
1362,1868_LeafPhotoA_2025-09-09 13_29_01.704-05_00_1.png,1.25,2.02083037309053
1363,1868_LeafPhotoA_2025-09-09 13_29_01.704-05_00_2.png,1.25,2.0501116085778777
1364,1561_LeafPhotoA_2025-09-09 10_12_13.903-05_00_0.png,1.25,1.8172608139772035
1365,1561_LeafPhotoA_2025-09-09 10_12_13.903-05_00_2.png,1.25,1.828000165596733
1366,1561_LeafPhotoA_2025-09-09 10_12_13.903-05_00_1.png,1.25,1.9091575326924077
1367,2902_LeafPhotoA_2025-09-09 16_14_17.420-05_00_0.png,1.5,1.8721567821328242
1368,2902_LeafPhotoA_2025-09-09 16_14_17.420-05_00_1.png,1.5,1.8065856505653577
1369,2902_LeafPhotoA_2025-09-09 16_14_17.420-05_00_2.png,1.5,1.9568069957554173
1370,2902_LeafPhotoA_2025-09-09 16_14_17.420-05_00_3.png,1.5,1.9110327949162116
1380,2088_LeafPhotoA_2025-09-08 12_25_17.092-05_00_2.png,2.5,1.8348072493274687
1381,2088_LeafPhotoA_2025-09-08 12_25_17.092-05_00_0.png,2.5,1.9520170292934287
1382,2088_LeafPhotoA_2025-09-08 12_25_17.092-05_00_1.png,2.5,1.8302776808258492
1391,1978_LeafPhotoA_2025-09-09 16_46_20.867-05_00_2.png,1.0,1.7863896477444892
1392,1978_LeafPhotoA_2025-09-09 16_46_20.867-05_00_0.png,1.0,1.8342049308164092
1393,1978_LeafPhotoA_2025-09-09 16_46_20.867-05_00_1.png,1.0,1.6925505564334304
1394,1978_LeafPhotoA_2025-09-09 16_46_20.867-05_00_3.png,1.0,1.9345970055674226
1395,2520_LeafPhotoA_2025-09-09 10_17_04.786-05_00_0.png,1.0,1.7123128742186293
1396,2520_LeafPhotoA_2025-09-09 10_17_04.786-05_00_1.png,1.0,1.7446203081726508
1397,2520_LeafPhotoA_2025-09-09 10_17_04.786-05_00_2.png,1.0,1.725363770899992
1398,2520_LeafPhotoA_2025-09-09 10_17_04.786-05_00_3.png,1.0,1.845016430831433
1439,1203_LeafPhotoA_2025-09-08 09_17_50.777-05_00_0.png,2.0,1.951088971061835
1440,1203_LeafPhotoA_2025-09-08 09_17_50.777-05_00_2.png,2.0,1.9969460593787338
1441,1203_LeafPhotoA_2025-09-08 09_17_50.777-05_00_3.png,2.0,2.0122207646933634
1442,1203_LeafPhotoA_2025-09-08 09_17_50.777-05_00_1.png,2.0,2.103589304003105
1455,2293_LeafPhotoA_2025-09-08 16_47_21.144-05_00_0.png,1.25,1.7545856567027969
1456,2293_LeafPhotoA_2025-09-08 16_47_21.144-05_00_1.png,1.25,1.7103607197527573
1457,2293_LeafPhotoA_2025-09-08 16_47_21.144-05_00_2.png,1.25,1.6207992316488247
1458,2293_LeafPhotoA_2025-09-08 16_47_21.144-05_00_3.png,1.25,1.875001691856313
1485,1212_LeafPhotoA_2025-09-08 09_42_54.332-05_00_0.png,2.25,1.929999229921964
1486,1212_LeafPhotoA_2025-09-08 09_42_54.332-05_00_1.png,2.25,1.8449433321330682
1487,1212_LeafPhotoA_2025-09-08 09_42_54.332-05_00_2.png,2.25,1.8495769773285522
1488,1212_LeafPhotoA_2025-09-08 09_42_54.332-05_00_3.png,2.25,1.7798111488547457
1493,1666_LeafPhotoA_2025-09-09 09_55_47.332-05_00_2.png,1.25,1.9110857934487362
1494,1666_LeafPhotoA_2025-09-09 09_55_47.332-05_00_3.png,1.25,1.9320539974637205
1495,1666_LeafPhotoA_2025-09-09 09_55_47.332-05_00_0.png,1.25,1.7685283906329523
1496,1666_LeafPhotoA_2025-09-09 09_55_47.332-05_00_1.png,1.25,1.8149272984188685
1498,2758_LeafPhotoA_2025-09-09 16_22_09.492-05_00_0.png,1.25,2.135560820689727
1499,2758_LeafPhotoA_2025-09-09 16_22_09.492-05_00_1.png,1.25,2.0950793822539873
1500,2758_LeafPhotoA_2025-09-09 16_22_09.492-05_00_2.png,1.25,2.0222205071666095
1501,2758_LeafPhotoA_2025-09-09 16_22_09.492-05_00_3.png,1.25,1.9887041291987584
1513,1652_LeafPhotoA_2025-09-09 10_20_27.938-05_00_0.png,1.25,1.8168416402783651
1514,1652_LeafPhotoA_2025-09-09 10_20_27.938-05_00_1.png,1.25,1.8109877677617257
1515,1652_LeafPhotoA_2025-09-09 10_20_27.938-05_00_2.png,1.25,2.0387158143606485
1520,2446_LeafPhotoB_2025-09-08 11_21_40.834-05_00_2.png,3.0,1.9225453252283387
1521,2446_LeafPhotoB_2025-09-08 11_21_40.834-05_00_1.png,3.0,2.0831408098614723
1522,2446_LeafPhotoB_2025-09-08 11_21_40.834-05_00_3.png,3.0,2.0130126266425243
1523,2446_LeafPhotoB_2025-09-08 11_21_40.834-05_00_0.png,3.0,2.029184310368425
1547,2177_LeafPhotoA_2025-09-09 12_21_32.834-05_00_0.png,3.0,2.029036211694757
1548,2177_LeafPhotoA_2025-09-09 12_21_32.834-05_00_1.png,3.0,2.1672957535348236
1549,2177_LeafPhotoA_2025-09-09 12_21_32.834-05_00_2.png,3.0,2.1019598013302083
1550,2177_LeafPhotoA_2025-09-09 12_21_32.834-05_00_3.png,3.0,2.1006382163252435
1556,2515_LeafPhotoA_2025-09-09 10_13_03.695-05_00_0.png,1.25,1.9621243918928823
1557,2515_LeafPhotoA_2025-09-09 10_13_03.695-05_00_1.png,1.25,1.7633996385921338
1558,2515_LeafPhotoA_2025-09-09 10_13_03.695-05_00_2.png,1.25,1.7907044927386184
1559,2515_LeafPhotoA_2025-09-09 10_13_03.695-05_00_3.png,1.25,1.6911038570294072
1577,1051_LeafPhotoA_2025-09-08 12_42_13.116-05_00_0.png,1.25,1.878145746631948
1578,1051_LeafPhotoA_2025-09-08 12_42_13.116-05_00_1.png,1.25,1.7863555507368871
1579,1051_LeafPhotoA_2025-09-08 12_42_13.116-05_00_2.png,1.25,2.0052001269190574
1580,1051_LeafPhotoA_2025-09-08 12_42_13.116-05_00_3.png,1.25,1.989405312976122
1590,2093_LeafPhotoA_2025-09-08 12_29_42.069-05_00_3.png,2.0,2.118638211253669
1591,2093_LeafPhotoA_2025-09-08 12_29_42.069-05_00_0.png,2.0,2.034548764756488
1592,2093_LeafPhotoA_2025-09-08 12_29_42.069-05_00_1.png,2.0,1.7853307752820249
1593,2093_LeafPhotoA_2025-09-08 12_29_42.069-05_00_2.png,2.0,1.9639866720665378
1599,2637_LeafPhotoA_2025-09-09 11_40_07.094-05_00_0.png,1.5,1.8248280671145052
1600,2637_LeafPhotoA_2025-09-09 11_40_07.094-05_00_1.png,1.5,1.8414886471632192
1601,2637_LeafPhotoA_2025-09-09 11_40_07.094-05_00_2.png,1.5,1.6524158128230686
1602,2637_LeafPhotoA_2025-09-09 11_40_07.094-05_00_3.png,1.5,1.8092460225882008
1627,,1.5,1.7667842374813783
1655,2346_LeafPhotoA_2025-09-08 11_14_15.994-05_00_0.png,1.25,1.72694911655601
1656,2346_LeafPhotoA_2025-09-08 11_14_15.994-05_00_1.png,1.25,1.8883498835347197
1657,2346_LeafPhotoA_2025-09-08 11_14_15.994-05_00_2.png,1.25,1.8155940208527277
1658,2346_LeafPhotoA_2025-09-08 11_14_15.994-05_00_3.png,1.25,1.7315296480708546
1663,2463_LeafPhotoB_2025-09-08 11_41_05.461-05_00_0.png,2.0,2.103832766112937
1664,2463_LeafPhotoB_2025-09-08 11_41_05.461-05_00_1.png,2.0,1.9686470814845287
1665,2463_LeafPhotoB_2025-09-08 11_41_05.461-05_00_2.png,2.0,1.8913685186314577
1666,2463_LeafPhotoB_2025-09-08 11_41_05.461-05_00_3.png,2.0,1.94447887414094
1673,1355_LeafPhotoA_2025-09-08 12_32_02.036-05_00_0.png,2.0,2.1394807385207564
1708,1905_LeafPhotoA_2025-09-09 14_39_48.802-05_00_0.png,1.5,1.6765896397191034
1709,1905_LeafPhotoA_2025-09-09 14_39_48.802-05_00_1.png,1.5,1.7148028510527797
1736,2689_LeafPhotoA_2025-09-09 10_43_51.800-05_00_0.png,1.25,2.161643644481434
1737,2689_LeafPhotoA_2025-09-09 10_43_51.800-05_00_1.png,1.25,2.1485748356793497
1738,2689_LeafPhotoA_2025-09-09 10_43_51.800-05_00_2.png,1.25,2.0933846382979873
1751,1065_LeafPhotoA_2025-09-08 12_57_07.532-05_00_0.png,1.25,1.8282088762013051
1752,1065_LeafPhotoA_2025-09-08 12_57_07.532-05_00_1.png,1.25,1.9938147163938569
1753,1065_LeafPhotoA_2025-09-08 12_57_07.532-05_00_2.png,1.25,1.9064913818779778
1754,1065_LeafPhotoA_2025-09-08 12_57_07.532-05_00_3.png,1.25,1.859354606703016
1796,2527_LeafPhotoA_2025-09-09 10_24_54.172-05_00_0.png,1.5,1.9974922259247683
1797,2527_LeafPhotoA_2025-09-09 10_24_54.172-05_00_1.png,1.5,1.95238184351902
1798,2527_LeafPhotoA_2025-09-09 10_24_54.172-05_00_2.png,1.5,2.034613007997067
1799,2527_LeafPhotoA_2025-09-09 10_24_54.172-05_00_3.png,1.5,2.0927671382007467
1800,1408_LeafPhotoB_2025-09-08 10_02_06.407-05_00_0.png,1.5,1.9126413104076985
1801,1408_LeafPhotoB_2025-09-08 10_02_06.407-05_00_1.png,1.5,1.810089362323533
1802,1408_LeafPhotoB_2025-09-08 10_02_06.407-05_00_2.png,1.5,1.9204347200921075
1803,1408_LeafPhotoB_2025-09-08 10_02_06.407-05_00_3.png,1.5,2.015667450285455
1804,1332_LeafPhotoA_2025-09-08 10_00_19.909-05_00_0.png,2.0,1.7770079446294371
1805,1332_LeafPhotoA_2025-09-08 10_00_19.909-05_00_1.png,2.0,1.894738396501482
1806,1332_LeafPhotoA_2025-09-08 10_00_19.909-05_00_2.png,2.0,1.9746994594484653
1807,1332_LeafPhotoA_2025-09-08 10_00_19.909-05_00_3.png,2.0,1.9733546797669907
1891,2129_LeafPhotoA_2025-09-08 11_46_50.494-05_00_0.png,1.75,1.853650539936446
1892,2129_LeafPhotoA_2025-09-08 11_46_50.494-05_00_1.png,1.75,1.824179307470138
1914,2271_LeafPhotoA_2025-09-08 17_12_04.853-05_00_0.png,2.25,2.0112186034666437
1915,2271_LeafPhotoA_2025-09-08 17_12_04.853-05_00_1.png,2.25,1.9518490933113373
1969,1521_LeafPhotoA_2025-09-09 09_17_54.205-05_00_2.png,2.25,2.3342200593403315
1970,1521_LeafPhotoA_2025-09-09 09_17_54.205-05_00_0.png,2.25,2.1968144215135683
1971,1521_LeafPhotoA_2025-09-09 09_17_54.205-05_00_3.png,2.25,2.1270165576409523
1972,1521_LeafPhotoA_2025-09-09 09_17_54.205-05_00_1.png,2.25,2.3057607472359214
1973,1216_LeafPhotoA_2025-09-08 09_51_18.258-05_00_2.png,1.5,1.8451635431494788
1974,1216_LeafPhotoA_2025-09-08 09_51_18.258-05_00_3.png,1.5,1.6764348693303912
1975,1216_LeafPhotoA_2025-09-08 09_51_18.258-05_00_0.png,1.5,1.854067285121247
1976,1216_LeafPhotoA_2025-09-08 09_51_18.258-05_00_1.png,1.5,1.8299079903396593
2012,2469_LeafPhotoB_2025-09-08 11_46_21.698-05_00_3.png,1.5,1.6988785506262527
2013,2469_LeafPhotoB_2025-09-08 11_46_21.698-05_00_1.png,1.5,1.8878324021421695
2014,2469_LeafPhotoB_2025-09-08 11_46_21.698-05_00_0.png,1.5,1.91498556870358
2015,2469_LeafPhotoB_2025-09-08 11_46_21.698-05_00_2.png,1.5,1.7590520226825017
2046,1317_LeafPhotoA_2025-09-08 09_35_24.203-05_00_0.png,3.0,2.020417882012369
2047,1317_LeafPhotoA_2025-09-08 09_35_24.203-05_00_1.png,3.0,2.1144703916989958
2048,1317_LeafPhotoA_2025-09-08 09_35_24.203-05_00_2.png,3.0,2.020572606265588
2049,1317_LeafPhotoA_2025-09-08 09_35_24.203-05_00_3.png,3.0,1.893157889590089
2071,2792_LeafPhotoA_2025-09-09 11_21_24.578-05_00_0.png,1.25,1.838490360813345
2072,2792_LeafPhotoA_2025-09-09 11_21_24.578-05_00_1.png,1.25,1.6647083096615034
2073,2792_LeafPhotoA_2025-09-09 11_21_24.578-05_00_2.png,1.25,1.8306998322669739
2074,2792_LeafPhotoA_2025-09-09 11_21_24.578-05_00_3.png,1.25,1.7850282499135162
2118,1492_LeafPhotoB_2025-09-08 16_56_04.972-05_00_0.png,1.5,1.9450379924338557
2119,1492_LeafPhotoB_2025-09-08 16_56_04.972-05_00_1.png,1.5,1.7959069256538407
2120,1492_LeafPhotoB_2025-09-08 16_56_04.972-05_00_2.png,1.5,1.6708139016596488
2121,1492_LeafPhotoB_2025-09-08 16_56_04.972-05_00_3.png,1.5,1.8842003389439308
2122,1438_LeafPhotoB_2025-09-08 10_28_46.756-05_00_1.png,2.5,1.867863198661717
2123,1438_LeafPhotoB_2025-09-08 10_28_46.756-05_00_2.png,2.5,1.7059660098431626
2124,1438_LeafPhotoB_2025-09-08 10_28_46.756-05_00_0.png,2.5,1.9067160925925333
2133,2268_LeafPhotoA_2025-09-08 17_14_58.767-05_00_0.png,2.0,2.051783688004787
2145,1626_LeafPhotoA_2025-09-09 10_03_50.260-05_00_0.png,1.5,1.9752678544580635
2146,1626_LeafPhotoA_2025-09-09 10_03_50.260-05_00_1.png,1.5,1.8872303983305445
2147,1626_LeafPhotoA_2025-09-09 10_03_50.260-05_00_2.png,1.5,1.855952355158226
2148,1626_LeafPhotoA_2025-09-09 10_03_50.260-05_00_3.png,1.5,1.8309839281657547
2157,1301_LeafPhotoA_2025-09-08 10_19_50.410-05_00_0.png,1.5,1.7959504156229804
2158,1301_LeafPhotoA_2025-09-08 10_19_50.410-05_00_1.png,1.5,1.9859154898316462
2159,1301_LeafPhotoA_2025-09-08 10_19_50.410-05_00_2.png,1.5,1.7366118666912607
2160,1301_LeafPhotoA_2025-09-08 10_19_50.410-05_00_3.png,1.5,1.6940310666997365
2161,2325_LeafPhotoA_2025-09-08 10_52_52.963-05_00_0.png,1.0,1.8727687142659304
2162,2325_LeafPhotoA_2025-09-08 10_52_52.963-05_00_1.png,1.0,1.8925470622039506
2163,2325_LeafPhotoA_2025-09-08 10_52_52.963-05_00_2.png,1.0,1.8345351151525242
2164,2325_LeafPhotoA_2025-09-08 10_52_52.963-05_00_3.png,1.0,1.7205652909209141
2189,1236_LeafPhotoA_2025-09-08 10_23_03.516-05_00_2.png,1.5,1.9755244901968732
2190,1236_LeafPhotoA_2025-09-08 10_23_03.516-05_00_0.png,1.5,2.0604515180207543
2191,1236_LeafPhotoA_2025-09-08 10_23_03.516-05_00_1.png,1.5,1.9196568394813625
2192,1236_LeafPhotoA_2025-09-08 10_23_03.516-05_00_3.png,1.5,2.0919836003417047
2243,2903_LeafPhotoA_2025-09-09 16_19_58.490-05_00_1.png,3.0,1.8908816180634687
2244,2903_LeafPhotoA_2025-09-09 16_19_58.490-05_00_2.png,3.0,1.9946009266697053
2245,2903_LeafPhotoA_2025-09-09 16_19_58.490-05_00_3.png,3.0,1.8921069251378233
2246,2903_LeafPhotoA_2025-09-09 16_19_58.490-05_00_0.png,3.0,1.8190279902832271
2262,,1.25,1.7667842374813783
2267,,1.0,1.7667842374813783
2302,2436_LeafPhotoB_2025-09-08 11_12_52.698-05_00_2.png,1.5,1.8609246402234134
2303,2436_LeafPhotoB_2025-09-08 11_12_52.698-05_00_0.png,1.5,1.718208157233686
2304,2436_LeafPhotoB_2025-09-08 11_12_52.698-05_00_3.png,1.5,1.8606685003217038
2305,2436_LeafPhotoB_2025-09-08 11_12_52.698-05_00_1.png,1.5,1.7464435412180892
2397,2941_LeafPhotoA_2025-09-09 16_28_44.280-05_00_0.png,1.25,1.7478642179758668
2398,2941_LeafPhotoA_2025-09-09 16_28_44.280-05_00_1.png,1.25,1.8416278819568996
2399,2941_LeafPhotoA_2025-09-09 16_28_44.280-05_00_2.png,1.25,1.9060397695135753
2400,2941_LeafPhotoA_2025-09-09 16_28_44.280-05_00_3.png,1.25,1.734550917169022
2420,2002_LeafPhotoA_2025-09-08 10_34_47.962-05_00_3.png,3.25,1.9885568039644925
2421,2002_LeafPhotoA_2025-09-08 10_34_47.962-05_00_1.png,3.25,1.7938666411136077
2422,2002_LeafPhotoA_2025-09-08 10_34_47.962-05_00_0.png,3.25,1.9559231040153322
2423,2002_LeafPhotoA_2025-09-08 10_34_47.962-05_00_2.png,3.25,1.941415669451056
2428,1969_LeafPhotoA_2025-09-09 17_07_30.768-05_00_0.png,1.5,1.8188007643304274
2429,1969_LeafPhotoA_2025-09-09 17_07_30.768-05_00_1.png,1.5,2.045061813922446
2430,1969_LeafPhotoA_2025-09-09 17_07_30.768-05_00_2.png,1.5,1.9705212772075902
2431,1969_LeafPhotoA_2025-09-09 17_07_30.768-05_00_3.png,1.5,1.8298955170283904
2438,2536_LeafPhotoA_2025-09-09 10_35_28.301-05_00_0.png,1.75,1.9898094575367349
2439,2536_LeafPhotoA_2025-09-09 10_35_28.301-05_00_1.png,1.75,1.8682470796599455
2440,2536_LeafPhotoA_2025-09-09 10_35_28.301-05_00_2.png,1.75,1.8439889279053845
2441,2536_LeafPhotoA_2025-09-09 10_35_28.301-05_00_3.png,1.75,2.076071913983473
2483,1247_LeafPhotoA_2025-09-08 10_38_45.722-05_00_0.png,2.0,2.0598144290470954
2484,1247_LeafPhotoA_2025-09-08 10_38_45.722-05_00_1.png,2.0,1.937711410288144
2485,1247_LeafPhotoA_2025-09-08 10_38_45.722-05_00_2.png,2.0,1.8736905212305763
2494,2370_LeafPhotoA_2025-09-08 11_38_56.854-05_00_0.png,2.25,1.8584737578490487
2495,2370_LeafPhotoA_2025-09-08 11_38_56.854-05_00_1.png,2.25,1.900231728516956
2496,2370_LeafPhotoA_2025-09-08 11_38_56.854-05_00_2.png,2.25,1.867618270161856
2497,2370_LeafPhotoA_2025-09-08 11_38_56.854-05_00_3.png,2.25,2.058210216608728
2516,1719_LeafPhotoA_2025-09-09 09_17_16.298-05_00_1.png,3.25,2.2884908101551833
2517,1719_LeafPhotoA_2025-09-09 09_17_16.298-05_00_2.png,3.25,2.1207955916699532
2518,1719_LeafPhotoA_2025-09-09 09_17_16.298-05_00_0.png,3.25,2.3731160928089254
2519,1971_LeafPhotoA_2025-09-09 17_00_57.416-05_00_0.png,2.25,1.9408265384050518
2520,1971_LeafPhotoA_2025-09-09 17_00_57.416-05_00_1.png,2.25,1.9255649853001102
2521,1971_LeafPhotoA_2025-09-09 17_00_57.416-05_00_2.png,2.25,1.8849655543437474
2522,1971_LeafPhotoA_2025-09-09 17_00_57.416-05_00_3.png,2.25,1.6350966898423978
2542,2671_LeafPhotoA_2025-09-09 11_45_10.930-05_00_0.png,3.75,2.191290481545026
2543,2671_LeafPhotoA_2025-09-09 11_45_10.930-05_00_1.png,3.75,2.058046349392568
2544,2671_LeafPhotoA_2025-09-09 11_45_10.930-05_00_2.png,3.75,2.067969188177127
2545,2671_LeafPhotoA_2025-09-09 11_45_10.930-05_00_3.png,3.75,1.8702584948268959
2551,1156_LeafPhotoA_2025-09-08 16_52_15.162-05_00_0.png,1.75,1.9052635176342736
2552,1156_LeafPhotoA_2025-09-08 16_52_15.162-05_00_1.png,1.75,2.2358842834702823
2553,1156_LeafPhotoA_2025-09-08 16_52_15.162-05_00_2.png,1.75,2.284514443429002
2554,1156_LeafPhotoA_2025-09-08 16_52_15.162-05_00_3.png,1.75,2.1001491486293653
2559,1073_LeafPhotoA_2025-09-08 13_06_10.190-05_00_2.png,2.25,1.9664672858450671
2560,1073_LeafPhotoA_2025-09-08 13_06_10.190-05_00_0.png,2.25,1.8623961403300975
2561,1073_LeafPhotoA_2025-09-08 13_06_10.190-05_00_3.png,2.25,1.8827085940804955
2562,1073_LeafPhotoA_2025-09-08 13_06_10.190-05_00_1.png,2.25,2.059306240875995
2567,2672_LeafPhotoA_2025-09-09 11_46_40.643-05_00_0.png,2.0,1.961724928467432
2568,2672_LeafPhotoA_2025-09-09 11_46_40.643-05_00_1.png,2.0,1.8849739498950262
2569,2672_LeafPhotoA_2025-09-09 11_46_40.643-05_00_2.png,2.0,1.993812059913986
2570,2672_LeafPhotoA_2025-09-09 11_46_40.643-05_00_3.png,2.0,2.0723420120578577
2576,1661_LeafPhotoA_2025-09-09 10_07_18.041-05_00_0.png,2.0,1.9884749205271526
2577,1661_LeafPhotoA_2025-09-09 10_07_18.041-05_00_1.png,2.0,2.1575571825311433
2578,1661_LeafPhotoA_2025-09-09 10_07_18.041-05_00_2.png,2.0,2.111863980689772
2579,2902_LeafPhotoA_2025-09-09 16_15_16.673-05_00_0.png,1.25,1.960219701497602
2580,2902_LeafPhotoA_2025-09-09 16_15_16.673-05_00_1.png,1.25,1.7844214561225127
2581,2902_LeafPhotoA_2025-09-09 16_15_16.673-05_00_2.png,1.25,1.791289651221564
2582,2902_LeafPhotoA_2025-09-09 16_15_16.673-05_00_3.png,1.25,1.6492090083643034
2593,2259_LeafPhotoA_2025-09-08 12_30_29.796-05_00_0.png,1.25,1.8573372410948732
2594,2259_LeafPhotoA_2025-09-08 12_30_29.796-05_00_1.png,1.25,1.6543382786508503
2595,2259_LeafPhotoA_2025-09-08 12_30_29.796-05_00_2.png,1.25,1.8391392487546099
2596,2259_LeafPhotoA_2025-09-08 12_30_29.796-05_00_3.png,1.25,1.605107800914849
2605,1004_LeafPhotoA_2025-09-08 09_23_15.296-05_00_0.png,1.5,2.0664294032595465
2606,1004_LeafPhotoA_2025-09-08 09_23_15.296-05_00_1.png,1.5,1.7799217420436464
2607,1004_LeafPhotoA_2025-09-08 09_23_15.296-05_00_2.png,1.5,1.9781635158317021
2608,1004_LeafPhotoA_2025-09-08 09_23_15.296-05_00_3.png,1.5,1.9382525229248082
2638,2196_LeafPhotoA_2025-09-08 17_09_05.011-05_00_1.png,2.25,2.087008853889864
2639,2196_LeafPhotoA_2025-09-08 17_09_05.011-05_00_3.png,2.25,2.026340820566549
2640,2196_LeafPhotoA_2025-09-08 17_09_05.011-05_00_0.png,2.25,2.278707690858171
2641,2196_LeafPhotoA_2025-09-08 17_09_05.011-05_00_2.png,2.25,1.9736582706603165
2642,1573_LeafPhotoA_2025-09-09 09_54_35.196-05_00_3.png,2.5,2.040333707962733
2643,1573_LeafPhotoA_2025-09-09 09_54_35.196-05_00_2.png,2.5,1.958662808846317
2644,1573_LeafPhotoA_2025-09-09 09_54_35.196-05_00_0.png,2.5,2.0178839593593008
2645,1573_LeafPhotoA_2025-09-09 09_54_35.196-05_00_1.png,2.5,1.9695388123604565
2650,2860_LeafPhotoA_2025-09-09 14_56_33.247-05_00_0.png,1.25,1.9676909386609593
2651,2860_LeafPhotoA_2025-09-09 14_56_33.247-05_00_1.png,1.25,1.7596598417438687
2652,2860_LeafPhotoA_2025-09-09 14_56_33.247-05_00_2.png,1.25,1.6066488062201736
2653,2860_LeafPhotoA_2025-09-09 14_56_33.247-05_00_3.png,1.25,1.8639191345183013
2654,1530_LeafPhotoA_2025-09-09 09_28_13.536-05_00_0.png,2.25,2.146995910848429
2655,1530_LeafPhotoA_2025-09-09 09_28_13.536-05_00_1.png,2.25,2.05196979171741
2656,1530_LeafPhotoA_2025-09-09 09_28_13.536-05_00_2.png,2.25,2.095548175417422
2657,1530_LeafPhotoA_2025-09-09 09_28_13.536-05_00_3.png,2.25,1.9833775525810424
2658,2690_LeafPhotoA_2025-09-09 10_42_26.059-05_00_0.png,1.5,1.7954264100327142
2659,2690_LeafPhotoA_2025-09-09 10_42_26.059-05_00_1.png,1.5,1.876834775989779
2660,2690_LeafPhotoA_2025-09-09 10_42_26.059-05_00_3.png,1.5,2.06962586948521
2661,2690_LeafPhotoA_2025-09-09 10_42_26.059-05_00_2.png,1.5,1.9867154769478557
2680,1994_LeafPhotoA_2025-09-09 16_07_18.609-05_00_0.png,1.75,2.000960068594708
2681,1994_LeafPhotoA_2025-09-09 16_07_18.609-05_00_1.png,1.75,2.0843815759685898
2682,1994_LeafPhotoA_2025-09-09 16_07_18.609-05_00_2.png,1.75,2.0245328085442234
2695,2062_LeafPhotoA_2025-09-08 11_56_29.638-05_00_0.png,1.5,1.8253574751017059
2696,2062_LeafPhotoA_2025-09-08 11_56_29.638-05_00_1.png,1.5,2.0407943747429043
2697,2062_LeafPhotoA_2025-09-08 11_56_29.638-05_00_2.png,1.5,2.131267939037117
2698,2062_LeafPhotoA_2025-09-08 11_56_29.638-05_00_3.png,1.5,2.0664246939340556
2703,1714_LeafPhotoA_2025-09-09 09_09_56.290-05_00_0.png,2.25,2.05614117517464
2704,1714_LeafPhotoA_2025-09-09 09_09_56.290-05_00_1.png,2.25,2.1477263660724373
2705,1714_LeafPhotoA_2025-09-09 09_09_56.290-05_00_2.png,2.25,2.050159933825584
2706,1714_LeafPhotoA_2025-09-09 09_09_56.290-05_00_3.png,2.25,2.123039732196287
2711,1246_LeafPhotoA_2025-09-08 10_36_51.001-05_00_1.png,2.0,1.7842111475367808
2712,1246_LeafPhotoA_2025-09-08 10_36_51.001-05_00_3.png,2.0,1.802719085217972
2713,1246_LeafPhotoA_2025-09-08 10_36_51.001-05_00_0.png,2.0,1.7158585505011963
2714,1246_LeafPhotoA_2025-09-08 10_36_51.001-05_00_2.png,2.0,1.8087699108502984
2727,1742_LeafPhotoA_2025-09-09 09_58_17.497-05_00_2.png,3.0,2.1849903925731144
2728,1742_LeafPhotoA_2025-09-09 09_58_17.497-05_00_1.png,3.0,2.2676782171431955
2729,1742_LeafPhotoA_2025-09-09 09_58_17.497-05_00_0.png,3.0,2.1433031393231055
2769,1265_LeafPhotoA_2025-09-08 16_21_10.202-05_00_0.png,2.25,1.891176210084046
2783,,1.75,1.7667842374813783
2819,1969_LeafPhotoA_2025-09-09 17_06_13.365-05_00_0.png,1.25,2.0930766721990626
2820,1969_LeafPhotoA_2025-09-09 17_06_13.365-05_00_1.png,1.25,1.6978720119387072
2821,1969_LeafPhotoA_2025-09-09 17_06_13.365-05_00_2.png,1.25,1.985620954140727
2822,1969_LeafPhotoA_2025-09-09 17_06_13.365-05_00_3.png,1.25,1.8479506399374939
2823,2402_LeafPhotoB_2025-09-08 10_41_29.920-05_00_0.png,1.0,1.8530138798827496
2824,2402_LeafPhotoB_2025-09-08 10_41_29.920-05_00_1.png,1.0,1.695059699092995
2825,2402_LeafPhotoB_2025-09-08 10_41_29.920-05_00_2.png,1.0,1.709965908715038
2826,2402_LeafPhotoB_2025-09-08 10_41_29.920-05_00_3.png,1.0,1.7652315519850565
2837,6040_LeafPhotoA_2025-09-09 16_10_33.353-05_00_2.png,1.5,1.894102900403851
2838,6040_LeafPhotoA_2025-09-09 16_10_33.353-05_00_0.png,1.5,1.7675071933704611
2839,6040_LeafPhotoA_2025-09-09 16_10_33.353-05_00_1.png,1.5,1.902283311085254
2840,6040_LeafPhotoA_2025-09-09 16_10_33.353-05_00_3.png,1.5,1.8268172460494414
2842,1578_LeafPhotoA_2025-09-09 09_51_18.559-05_00_0.png,1.0,1.9572301785090334
2843,1578_LeafPhotoA_2025-09-09 09_51_18.559-05_00_1.png,1.0,1.9162839532033384
2844,1578_LeafPhotoA_2025-09-09 09_51_18.559-05_00_2.png,1.0,1.9234762821028293
2845,1578_LeafPhotoA_2025-09-09 09_51_18.559-05_00_3.png,1.0,1.9633970628668282
2854,2262_LeafPhotoA_2025-09-08 12_34_17.650-05_00_1.png,1.5,1.947188485078999
2855,2262_LeafPhotoA_2025-09-08 12_34_17.650-05_00_2.png,1.5,1.9978098570206142
2856,2262_LeafPhotoA_2025-09-08 12_34_17.650-05_00_0.png,1.5,2.037443799375774
2857,2262_LeafPhotoA_2025-09-08 12_34_17.650-05_00_3.png,1.5,2.1094084374061395
2858,6025_LeafPhotoA_2025-09-09 16_35_46.802-05_00_1.png,1.5,2.028178426347688
2859,6025_LeafPhotoA_2025-09-09 16_35_46.802-05_00_0.png,1.5,1.721762931645828
2860,6025_LeafPhotoA_2025-09-09 16_35_46.802-05_00_2.png,1.5,1.6997946376607265
2861,1894_LeafPhotoA_2025-09-09 12_58_44.856-05_00_3.png,1.25,1.8335212716205347
2862,1894_LeafPhotoA_2025-09-09 12_58_44.856-05_00_2.png,1.25,1.7408298607137616
2863,1894_LeafPhotoA_2025-09-09 12_58_44.856-05_00_1.png,1.25,2.1233673044925734
2864,1894_LeafPhotoA_2025-09-09 12_58_44.856-05_00_0.png,1.25,1.836348596815123
2869,2045_LeafPhotoA_2025-09-08 11_26_04.594-05_00_2.png,1.75,2.078737814957715
2870,2045_LeafPhotoA_2025-09-08 11_26_04.594-05_00_1.png,1.75,1.9743515864590993
2871,2045_LeafPhotoA_2025-09-08 11_26_04.594-05_00_0.png,1.75,1.9536025486327822
2884,2830_LeafPhotoA_2025-09-09 10_46_44.993-05_00_3.png,1.5,1.9251472936382716
2885,2830_LeafPhotoA_2025-09-09 10_46_44.993-05_00_2.png,1.5,2.211950650651164
2886,2830_LeafPhotoA_2025-09-09 10_46_44.993-05_00_0.png,1.5,1.8925874499691369
2887,2830_LeafPhotoA_2025-09-09 10_46_44.993-05_00_1.png,1.5,1.9805057642668544
2891,2919_LeafPhotoA_2025-09-09 16_43_36.577-05_00_0.png,1.5,1.8852466657963083
2892,2919_LeafPhotoA_2025-09-09 16_43_36.577-05_00_1.png,1.5,1.7615429842009878
2893,2919_LeafPhotoA_2025-09-09 16_43_36.577-05_00_2.png,1.5,1.7057473427106637
2894,2919_LeafPhotoA_2025-09-09 16_43_36.577-05_00_3.png,1.5,1.7366204620918746
2895,1978_LeafPhotoA_2025-09-09 16_46_02.859-05_00_2.png,1.25,1.989436541582347
2896,1978_LeafPhotoA_2025-09-09 16_46_02.859-05_00_1.png,1.25,1.849860275015339
2897,1978_LeafPhotoA_2025-09-09 16_46_02.859-05_00_0.png,1.25,2.066504985890122
2948,1269_LeafPhotoA_2025-09-08 16_17_38.730-05_00_1.png,1.75,1.84078469445877
2949,1269_LeafPhotoA_2025-09-08 16_17_38.730-05_00_0.png,1.75,1.887019541646866
2950,1269_LeafPhotoA_2025-09-08 16_17_38.730-05_00_3.png,1.75,1.8456315716447314
2951,1269_LeafPhotoA_2025-09-08 16_17_38.730-05_00_2.png,1.75,1.731048138724343
2952,1908_LeafPhotoA_2025-09-09 14_44_38.996-05_00_0.png,2.5,1.908128783538818
2953,1908_LeafPhotoA_2025-09-09 14_44_38.996-05_00_1.png,2.5,1.891017170398134
2954,1908_LeafPhotoA_2025-09-09 14_44_38.996-05_00_2.png,2.5,1.9683001774023081
2955,1908_LeafPhotoA_2025-09-09 14_44_38.996-05_00_3.png,2.5,1.8709641331240336
2968,1468_LeafPhotoB_2025-09-08 16_31_26.894-05_00_2.png,1.25,1.9282930620331562
2969,1468_LeafPhotoB_2025-09-08 16_31_26.894-05_00_3.png,1.25,2.014146947779118
2970,1468_LeafPhotoB_2025-09-08 16_31_26.894-05_00_1.png,1.25,2.0669477407415333
2971,1468_LeafPhotoB_2025-09-08 16_31_26.894-05_00_0.png,1.25,2.1204346725068244
3003,1216_LeafPhotoA_2025-09-08 09_51_38.597-05_00_0.png,2.0,1.6490465983373774
3004,1216_LeafPhotoA_2025-09-08 09_51_38.597-05_00_2.png,2.0,1.7461287340137728
3005,1216_LeafPhotoA_2025-09-08 09_51_38.597-05_00_3.png,2.0,1.7375373923958841
3006,1216_LeafPhotoA_2025-09-08 09_51_38.597-05_00_1.png,2.0,1.7230988013789494
3089,1851_LeafPhotoA_2025-09-09 13_45_07.951-05_00_1.png,1.5,1.9719099398677076
3090,1851_LeafPhotoA_2025-09-09 13_45_07.951-05_00_3.png,1.5,1.9077280399017054
3091,1851_LeafPhotoA_2025-09-09 13_45_07.951-05_00_2.png,1.5,1.9225542378239016
3092,1851_LeafPhotoA_2025-09-09 13_45_07.951-05_00_0.png,1.5,2.049704825687943
3102,1728_LeafPhotoA_2025-09-09 09_30_58.151-05_00_1.png,3.5,1.935215510294337
3103,1728_LeafPhotoA_2025-09-09 09_30_58.151-05_00_0.png,3.5,2.1158645860127585
3104,1728_LeafPhotoA_2025-09-09 09_30_58.151-05_00_2.png,3.5,2.2595277830614506
3105,1728_LeafPhotoA_2025-09-09 09_30_58.151-05_00_3.png,3.5,2.139839231029065
3129,2689_LeafPhotoA_2025-09-09 10_44_36.223-05_00_0.png,1.25,1.8267812888905786
3130,2689_LeafPhotoA_2025-09-09 10_44_36.223-05_00_1.png,1.25,2.095464721178428
3131,2689_LeafPhotoA_2025-09-09 10_44_36.223-05_00_2.png,1.25,1.9409418132754663
3141,1191_LeafPhotoA_2025-09-08 15_54_25.154-05_00_0.png,2.0,2.1268683604447576
3142,1191_LeafPhotoA_2025-09-08 15_54_25.154-05_00_1.png,2.0,2.124346703646264
3143,1191_LeafPhotoA_2025-09-08 15_54_25.154-05_00_2.png,2.0,2.0847193893446927
3144,1191_LeafPhotoA_2025-09-08 15_54_25.154-05_00_3.png,2.0,2.1406164412092354
3185,2185_LeafPhotoA_2025-09-09 12_32_19.175-05_00_0.png,2.0,2.049355019602808
3186,2185_LeafPhotoA_2025-09-09 12_32_19.175-05_00_1.png,2.0,2.1285633692825043
3187,2185_LeafPhotoA_2025-09-09 12_32_19.175-05_00_2.png,2.0,2.136639387483269
3188,2185_LeafPhotoA_2025-09-09 12_32_19.175-05_00_3.png,2.0,2.1252400300051475
3218,1301_LeafPhotoA_2025-09-08 10_20_06.394-05_00_0.png,1.5,1.7154717741798218
3219,1301_LeafPhotoA_2025-09-08 10_20_06.394-05_00_1.png,1.5,1.8255592438123867
3220,1301_LeafPhotoA_2025-09-08 10_20_06.394-05_00_2.png,1.5,1.8820350310137723
3221,1301_LeafPhotoA_2025-09-08 10_20_06.394-05_00_3.png,1.5,2.0044939698607083
3252,1090_LeafPhotoA_2025-09-09 11_02_26.123-05_00_1.png,1.5,2.065341928747367
3253,1090_LeafPhotoA_2025-09-09 11_02_26.123-05_00_0.png,1.5,2.1977550913179438
3254,1090_LeafPhotoA_2025-09-09 11_02_26.123-05_00_2.png,1.5,2.077195320971867
3261,2082_LeafPhotoA_2025-09-08 12_18_36.645-05_00_0.png,1.5,1.9403114795327314
3262,2082_LeafPhotoA_2025-09-08 12_18_36.645-05_00_1.png,1.5,1.9791321076087516
3263,2082_LeafPhotoA_2025-09-08 12_18_36.645-05_00_2.png,1.5,2.045935250167037
3264,2082_LeafPhotoA_2025-09-08 12_18_36.645-05_00_3.png,1.5,1.8650544443301806
3273,2654_LeafPhotoA_2025-09-09 11_27_41.628-05_00_0.png,2.25,1.9257727295601716
3274,2654_LeafPhotoA_2025-09-09 11_27_41.628-05_00_2.png,2.25,2.013727477652207
3275,2654_LeafPhotoA_2025-09-09 11_27_41.628-05_00_1.png,2.25,1.916867119339799
3276,2654_LeafPhotoA_2025-09-09 11_27_41.628-05_00_3.png,2.25,2.034263759472434
3323,2089_LeafPhotoA_2025-09-08 12_26_53.526-05_00_2.png,1.75,1.9374476806531609
3324,2089_LeafPhotoA_2025-09-08 12_26_53.526-05_00_0.png,1.75,1.9836046415395507
3325,2089_LeafPhotoA_2025-09-08 12_26_53.526-05_00_1.png,1.75,1.9522650319250427
3328,1343_LeafPhotoA_2025-09-08 10_11_04.420-05_00_0.png,1.25,1.892330587478021
3329,1343_LeafPhotoA_2025-09-08 10_11_04.420-05_00_1.png,1.25,1.8746206006956907
3330,1343_LeafPhotoA_2025-09-08 10_11_04.420-05_00_2.png,1.25,1.916093578669891
3331,1343_LeafPhotoA_2025-09-08 10_11_04.420-05_00_3.png,1.25,1.9841034991410396
3348,2343_LeafPhotoA_2025-09-08 11_11_17.973-05_00_1.png,1.25,1.6967551300420656
3349,2343_LeafPhotoA_2025-09-08 11_11_17.973-05_00_2.png,1.25,1.879228503893123
3350,2343_LeafPhotoA_2025-09-08 11_11_17.973-05_00_0.png,1.25,1.7181853524321724
3359,2343_LeafPhotoA_2025-09-08 11_11_03.769-05_00_0.png,1.25,1.8733849226243524
3360,2343_LeafPhotoA_2025-09-08 11_11_03.769-05_00_1.png,1.25,1.7265691635049465
3369,2393_LeafPhotoA_2025-09-08 12_17_57.585-05_00_0.png,3.0,2.019673413550565
3401,1457_LeafPhotoB_2025-09-08 12_33_31.319-05_00_0.png,2.0,1.9838120016593288
3402,1457_LeafPhotoB_2025-09-08 12_33_31.319-05_00_1.png,2.0,2.006694495372299
3403,1457_LeafPhotoB_2025-09-08 12_33_31.319-05_00_2.png,2.0,2.006096203879969
3404,1457_LeafPhotoB_2025-09-08 12_33_31.319-05_00_3.png,2.0,2.0770520372005254
3417,1467_LeafPhotoB_2025-09-08 16_30_30.667-05_00_0.png,2.0,1.7981581590641773
3418,1467_LeafPhotoB_2025-09-08 16_30_30.667-05_00_1.png,2.0,1.8766838889363573
3419,1467_LeafPhotoB_2025-09-08 16_30_30.667-05_00_2.png,2.0,1.8903983894636707
3420,1467_LeafPhotoB_2025-09-08 16_30_30.667-05_00_3.png,2.0,1.91488976429004
3426,1714_LeafPhotoA_2025-09-09 09_09_41.593-05_00_0.png,2.5,1.949288588988304
3427,2325_LeafPhotoA_2025-09-08 10_53_41.168-05_00_0.png,1.25,1.787420316666529
3428,2325_LeafPhotoA_2025-09-08 10_53_41.168-05_00_1.png,1.25,1.6669046912517311
3429,2325_LeafPhotoA_2025-09-08 10_53_41.168-05_00_2.png,1.25,1.8339353525355366
3437,1437_LeafPhotoB_2025-09-08 10_28_09.727-05_00_0.png,2.0,1.849689728891571
3438,1437_LeafPhotoB_2025-09-08 10_28_09.727-05_00_1.png,2.0,1.8562175705016615
3439,1437_LeafPhotoB_2025-09-08 10_28_09.727-05_00_2.png,2.0,1.9056017295505503
3440,1437_LeafPhotoB_2025-09-08 10_28_09.727-05_00_3.png,2.0,1.9127162588510698
3453,2520_LeafPhotoA_2025-09-09 10_16_27.887-05_00_0.png,1.0,1.706661778524516
3454,2520_LeafPhotoA_2025-09-09 10_16_27.887-05_00_1.png,1.0,1.6667424716048702
3455,2520_LeafPhotoA_2025-09-09 10_16_27.887-05_00_2.png,1.0,1.7496711930677689
3456,2520_LeafPhotoA_2025-09-09 10_16_27.887-05_00_3.png,1.0,1.8048477671762797
3465,2015_LeafPhotoA_2025-09-08 10_50_10.021-05_00_0.png,1.75,1.9589551485088785
3466,2015_LeafPhotoA_2025-09-08 10_50_10.021-05_00_1.png,1.75,1.8588563826940498
3467,2015_LeafPhotoA_2025-09-08 10_50_10.021-05_00_2.png,1.75,1.9212751283226666
3468,2015_LeafPhotoA_2025-09-08 10_50_10.021-05_00_3.png,1.75,1.9413997372797802
3488,1191_LeafPhotoA_2025-09-08 15_54_08.755-05_00_0.png,2.25,1.9770403306703614
3489,1191_LeafPhotoA_2025-09-08 15_54_08.755-05_00_1.png,2.25,2.1323174763577626
3490,1191_LeafPhotoA_2025-09-08 15_54_08.755-05_00_2.png,2.25,2.010360402419541
3491,1191_LeafPhotoA_2025-09-08 15_54_08.755-05_00_3.png,2.25,1.951609801067366
3513,1418_LeafPhotoA_2025-09-08 09_39_31.263-05_00_2.png,1.5,1.8341276802993598
3514,1418_LeafPhotoA_2025-09-08 09_39_31.263-05_00_1.png,1.5,1.8003391513994276
3515,1418_LeafPhotoA_2025-09-08 09_39_31.263-05_00_3.png,1.5,1.9483840728495627
3516,1418_LeafPhotoA_2025-09-08 09_39_31.263-05_00_0.png,1.5,1.7160604079228319
3529,1894_LeafPhotoA_2025-09-09 17_18_06.332-05_00_0.png,1.25,1.9032250358484413
3530,1894_LeafPhotoA_2025-09-09 17_18_06.332-05_00_1.png,1.25,1.814951354496684
3531,1894_LeafPhotoA_2025-09-09 17_18_06.332-05_00_2.png,1.25,1.9206872545279676
3532,1894_LeafPhotoA_2025-09-09 17_18_06.332-05_00_3.png,1.25,1.789825394676219
11,1346_LeafPhotoA_2025-09-08 10_15_00.579-05_00_0.png,3.0,1.8305360451046542
12,1346_LeafPhotoA_2025-09-08 10_15_00.579-05_00_1.png,3.0,1.728294398479612
13,1346_LeafPhotoA_2025-09-08 10_15_00.579-05_00_2.png,3.0,1.835654624723884
14,1346_LeafPhotoA_2025-09-08 10_15_00.579-05_00_3.png,3.0,1.860242861371141
21,2664_LeafPhotoA_2025-09-09 11_37_29.251-05_00_2.png,2.0,2.130218102486823
22,2664_LeafPhotoA_2025-09-09 11_37_29.251-05_00_3.png,2.0,2.0931193001574564
23,2664_LeafPhotoA_2025-09-09 11_37_29.251-05_00_0.png,2.0,2.1777360270300874
24,2664_LeafPhotoA_2025-09-09 11_37_29.251-05_00_1.png,2.0,2.072873746182546
27,1427_LeafPhotoB_2025-09-08 10_19_32.588-05_00_0.png,2.75,2.1280563623145854
28,1427_LeafPhotoB_2025-09-08 10_19_32.588-05_00_2.png,2.75,2.0436813532963645
29,1427_LeafPhotoB_2025-09-08 10_19_32.588-05_00_1.png,2.75,2.0450302036540067
46,1118_LeafPhotoA_2025-09-08 10_03_02.378-05_00_0.png,1.0,1.8308923851494128
47,1118_LeafPhotoA_2025-09-08 10_03_02.378-05_00_1.png,1.0,1.7083290790575518
48,1118_LeafPhotoA_2025-09-08 10_03_02.378-05_00_2.png,1.0,1.974744558607779
49,1118_LeafPhotoA_2025-09-08 10_03_02.378-05_00_3.png,1.0,1.9267953532951707
54,1608_LeafPhotoA_2025-09-09 09_23_59.629-05_00_0.png,1.75,1.6904173958499258
55,1608_LeafPhotoA_2025-09-09 09_23_59.629-05_00_1.png,1.75,1.6528065627268296
56,1608_LeafPhotoA_2025-09-09 09_23_59.629-05_00_2.png,1.75,1.8276303246600767
57,1608_LeafPhotoA_2025-09-09 09_23_59.629-05_00_3.png,1.75,1.9719541572723056
58,1048_LeafPhotoA_2025-09-08 10_27_26.311-05_00_2.png,1.25,1.9139462765208217
59,1048_LeafPhotoA_2025-09-08 10_27_26.311-05_00_0.png,1.25,2.0608368158852985
60,1048_LeafPhotoA_2025-09-08 10_27_26.311-05_00_1.png,1.25,1.8314292387877429
61,1048_LeafPhotoA_2025-09-08 10_27_26.311-05_00_3.png,1.25,1.9583839259107987
73,2906_LeafPhotoA_2025-09-09 16_24_18.555-05_00_0.png,1.75,1.9442045515047277
74,2906_LeafPhotoA_2025-09-09 16_24_18.555-05_00_1.png,1.75,2.099930760028103
75,2906_LeafPhotoA_2025-09-09 16_24_18.555-05_00_2.png,1.75,2.117921601959165
76,2906_LeafPhotoA_2025-09-09 16_24_18.555-05_00_3.png,1.75,2.112535468636487
107,2685_LeafPhotoA_2025-09-09 10_50_31.334-05_00_1.png,2.25,1.855474137285571
108,2685_LeafPhotoA_2025-09-09 10_50_31.334-05_00_0.png,2.25,1.8854298900220448
109,2685_LeafPhotoA_2025-09-09 10_50_31.334-05_00_2.png,2.25,1.8729491372154978
126,1672_LeafPhotoA_2025-09-09 09_45_47.566-05_00_0.png,1.75,1.9904189046167298
127,1672_LeafPhotoA_2025-09-09 09_45_47.566-05_00_1.png,1.75,2.0824463685313868
128,1672_LeafPhotoA_2025-09-09 09_45_47.566-05_00_2.png,1.75,1.968587720432569
133,1680_LeafPhotoA_2025-09-09 09_30_52.328-05_00_0.png,1.25,1.570929548831746
134,1680_LeafPhotoA_2025-09-09 09_30_52.328-05_00_1.png,1.25,1.5236060194468306
135,6016_LeafPhotoA_2025-09-09 16_48_44.576-05_00_0.png,1.5,1.7538173800676322
136,6016_LeafPhotoA_2025-09-09 16_48_44.576-05_00_2.png,1.5,1.6453236608337596
137,6016_LeafPhotoA_2025-09-09 16_48_44.576-05_00_1.png,1.5,1.764618800682463
156,1272_LeafPhotoA_2025-09-08 16_15_18.232-05_00_0.png,3.25,1.8908518801929823
157,1272_LeafPhotoA_2025-09-08 16_15_18.232-05_00_1.png,3.25,1.9529775609626971
158,1272_LeafPhotoA_2025-09-08 16_15_18.232-05_00_2.png,3.25,1.9540191238406084
167,2715_LeafPhotoA_2025-09-09 10_34_49.690-05_00_0.png,2.25,1.9227411360797464
168,2715_LeafPhotoA_2025-09-09 10_34_49.690-05_00_2.png,2.25,1.941523434450072
169,2715_LeafPhotoA_2025-09-09 10_34_49.690-05_00_1.png,2.25,1.9144973151176945
170,2715_LeafPhotoA_2025-09-09 10_34_49.690-05_00_3.png,2.25,2.0313916003640777
210,1587_LeafPhotoA_2025-09-09 09_37_51.582-05_00_0.png,1.5,2.00155368206221
211,1587_LeafPhotoA_2025-09-09 09_37_51.582-05_00_3.png,1.5,2.051771375543533
212,1587_LeafPhotoA_2025-09-09 09_37_51.582-05_00_1.png,1.5,2.025431710420912
213,1587_LeafPhotoA_2025-09-09 09_37_51.582-05_00_2.png,1.5,2.133313014107117
239,,1.25,1.6344823300145601
240,,1.5,1.6344823300145601
293,2650_LeafPhotoA_2025-09-09 11_24_20.852-05_00_3.png,1.0,1.8592246399702375
294,2650_LeafPhotoA_2025-09-09 11_24_20.852-05_00_1.png,1.0,1.661314927858948
295,2650_LeafPhotoA_2025-09-09 11_24_20.852-05_00_2.png,1.0,1.8771154018195428
296,2650_LeafPhotoA_2025-09-09 11_24_20.852-05_00_0.png,1.0,1.6417340394168973
305,2197_LeafPhotoA_2025-09-08 17_07_18.265-05_00_3.png,1.0,1.889226051406562
306,2197_LeafPhotoA_2025-09-08 17_07_18.265-05_00_0.png,1.0,2.0390872130911326
307,2197_LeafPhotoA_2025-09-08 17_07_18.265-05_00_1.png,1.0,1.9480702485629795
308,2197_LeafPhotoA_2025-09-08 17_07_18.265-05_00_2.png,1.0,1.9555805643391277
364,1623_LeafPhotoA_2025-09-09 09_58_46.896-05_00_0.png,2.0,2.098454863638843
365,1623_LeafPhotoA_2025-09-09 09_58_46.896-05_00_1.png,2.0,2.0626930522809133
366,1623_LeafPhotoA_2025-09-09 09_58_46.896-05_00_2.png,2.0,2.0733334921093474
367,1623_LeafPhotoA_2025-09-09 09_58_46.896-05_00_3.png,2.0,1.9690795133095134
372,2495_LeafPhotoB_2025-09-08 12_20_03.955-05_00_0.png,1.0,1.8408732134335595
373,2495_LeafPhotoB_2025-09-08 12_20_03.955-05_00_1.png,1.0,1.7234375357252067
374,2495_LeafPhotoB_2025-09-08 12_20_03.955-05_00_2.png,1.0,1.786979894228311
375,2495_LeafPhotoB_2025-09-08 12_20_03.955-05_00_3.png,1.0,1.7310215698219167
387,1623_LeafPhotoA_2025-09-09 09_57_37.816-05_00_0.png,1.75,1.965238218613763
388,1623_LeafPhotoA_2025-09-09 09_57_37.816-05_00_1.png,1.75,2.0270785806390244
389,1623_LeafPhotoA_2025-09-09 09_57_37.816-05_00_2.png,1.75,1.8944874783816825
390,1623_LeafPhotoA_2025-09-09 09_57_37.816-05_00_3.png,1.75,1.9851201306916775
399,1136_LeafPhotoA_2025-09-08 10_28_29.129-05_00_0.png,1.5,1.699627449623226
404,2649_LeafPhotoA_2025-09-09 11_26_12.925-05_00_1.png,3.0,1.8061508261180024
405,2649_LeafPhotoA_2025-09-09 11_26_12.925-05_00_2.png,3.0,1.776576411659967
406,2649_LeafPhotoA_2025-09-09 11_26_12.925-05_00_0.png,3.0,1.9868159072931704
411,2011_LeafPhotoA_2025-09-08 10_45_16.513-05_00_0.png,2.0,2.033197007294818
412,2011_LeafPhotoA_2025-09-08 10_45_16.513-05_00_1.png,2.0,2.1550528307503685
413,2011_LeafPhotoA_2025-09-08 10_45_16.513-05_00_2.png,2.0,1.8006983906361194
414,2011_LeafPhotoA_2025-09-08 10_45_16.513-05_00_3.png,2.0,2.1064381840303965
436,2748_LeafPhotoA_2025-09-09 11_19_26.990-05_00_0.png,3.25,2.152596836993253
437,2748_LeafPhotoA_2025-09-09 11_19_26.990-05_00_1.png,3.25,1.976156786768119
438,2748_LeafPhotoA_2025-09-09 11_19_26.990-05_00_2.png,3.25,1.9534997371949425
439,2748_LeafPhotoA_2025-09-09 11_19_26.990-05_00_3.png,3.25,2.0398035273308337
479,6049_LeafPhotoA_2025-09-09 15_54_47.227-05_00_0.png,1.0,1.7279672581473928
480,6049_LeafPhotoA_2025-09-09 15_54_47.227-05_00_1.png,1.0,1.632733893411102
481,6049_LeafPhotoA_2025-09-09 15_54_47.227-05_00_2.png,1.0,1.559204751767518
482,6049_LeafPhotoA_2025-09-09 15_54_47.227-05_00_3.png,1.0,1.6902328354390574
491,1882_LeafPhotoA_2025-09-09 13_17_09.662-05_00_1.png,1.75,1.8909178332390661
492,1882_LeafPhotoA_2025-09-09 13_17_09.662-05_00_0.png,1.75,1.9378164195142218
493,1882_LeafPhotoA_2025-09-09 13_17_09.662-05_00_2.png,1.75,1.912126429122402
528,1419_LeafPhotoA_2025-09-08 09_40_27.704-05_00_0.png,1.75,1.7990310674930934
529,1419_LeafPhotoA_2025-09-08 09_40_27.704-05_00_2.png,1.75,2.083238295917029
530,1419_LeafPhotoA_2025-09-08 09_40_27.704-05_00_3.png,1.75,1.9774769809130168
531,1419_LeafPhotoA_2025-09-08 09_40_27.704-05_00_1.png,1.75,2.0759648758628186
577,2263_LeafPhotoA_2025-09-08 12_36_09.842-05_00_0.png,1.0,1.7737291721221677
578,2263_LeafPhotoA_2025-09-08 12_36_09.842-05_00_1.png,1.0,1.7456408034461577
579,2263_LeafPhotoA_2025-09-08 12_36_09.842-05_00_2.png,1.0,1.76935453499083
580,2263_LeafPhotoA_2025-09-08 12_36_09.842-05_00_3.png,1.0,1.614923430801709
585,1893_LeafPhotoA_2025-09-09 17_17_29.747-05_00_3.png,2.5,2.062897593305546
586,1893_LeafPhotoA_2025-09-09 17_17_29.747-05_00_2.png,2.5,2.001157324991403
587,1893_LeafPhotoA_2025-09-09 17_17_29.747-05_00_0.png,2.5,1.915158011172318
588,1893_LeafPhotoA_2025-09-09 17_17_29.747-05_00_1.png,2.5,1.975321047765661
705,2106_LeafPhotoA_2025-09-08 11_01_04.699-05_00_3.png,1.0,1.7213816678878726
706,2106_LeafPhotoA_2025-09-08 11_01_04.699-05_00_2.png,1.0,1.7144246706474933
707,2106_LeafPhotoA_2025-09-08 11_01_04.699-05_00_0.png,1.0,1.643633681283138
708,2106_LeafPhotoA_2025-09-08 11_01_04.699-05_00_1.png,1.0,1.612278037928918
723,1772_LeafPhotoA_2025-09-09 09_57_17.313-05_00_1.png,1.25,1.8501169988959263
724,1772_LeafPhotoA_2025-09-09 09_57_17.313-05_00_2.png,1.25,1.8256185747731823
725,1772_LeafPhotoA_2025-09-09 09_57_17.313-05_00_0.png,1.25,1.9606313722343633
726,1772_LeafPhotoA_2025-09-09 09_57_17.313-05_00_3.png,1.25,1.7591420979932746
737,1210_LeafPhotoA_2025-09-08 09_39_04.129-05_00_3.png,1.25,1.7595169832854614
738,1210_LeafPhotoA_2025-09-08 09_39_04.129-05_00_1.png,1.25,1.9077098503867571
739,1210_LeafPhotoA_2025-09-08 09_39_04.129-05_00_2.png,1.25,1.7552357975755326
740,1210_LeafPhotoA_2025-09-08 09_39_04.129-05_00_0.png,1.25,1.9324444590067658
764,6015_LeafPhotoA_2025-09-09 16_52_18.680-05_00_0.png,1.0,1.6908423331954325
765,6015_LeafPhotoA_2025-09-09 16_52_18.680-05_00_1.png,1.0,1.7795157119510692
784,1495_LeafPhotoB_2025-09-08 16_59_04.309-05_00_1.png,1.5,1.844784598312281
785,1495_LeafPhotoB_2025-09-08 16_59_04.309-05_00_2.png,1.5,1.9397935501206007
786,1495_LeafPhotoB_2025-09-08 16_59_04.309-05_00_3.png,1.5,2.0432799457540654
787,1495_LeafPhotoB_2025-09-08 16_59_04.309-05_00_0.png,1.5,1.918903240022738
811,2150_LeafPhotoA_2025-09-08 12_22_07.286-05_00_0.png,1.5,1.9408571784977795
812,2150_LeafPhotoA_2025-09-08 12_22_07.286-05_00_1.png,1.5,1.9648952378877036
813,2150_LeafPhotoA_2025-09-08 12_22_07.286-05_00_3.png,1.5,2.1047773158053245
814,2150_LeafPhotoA_2025-09-08 12_22_07.286-05_00_2.png,1.5,1.9227368383210455
819,1452_LeafPhotoB_2025-09-08 12_28_36.613-05_00_3.png,1.0,1.792096704046298
820,1452_LeafPhotoB_2025-09-08 12_28_36.613-05_00_0.png,1.0,2.0162283976222724
821,1452_LeafPhotoB_2025-09-08 12_28_36.613-05_00_1.png,1.0,1.9834822165426464
822,1452_LeafPhotoB_2025-09-08 12_28_36.613-05_00_2.png,1.0,1.6788005880146568
827,2317_LeafPhotoA_2025-09-08 10_45_32.243-05_00_3.png,3.25,1.882316618303062
828,2317_LeafPhotoA_2025-09-08 10_45_32.243-05_00_0.png,3.25,2.0213388965131647
829,2317_LeafPhotoA_2025-09-08 10_45_32.243-05_00_1.png,3.25,1.9546197101845197
830,2317_LeafPhotoA_2025-09-08 10_45_32.243-05_00_2.png,3.25,1.894091859361558
839,2235_LeafPhotoA_2025-09-08 11_40_03.588-05_00_0.png,2.5,1.8380598012977192
840,2235_LeafPhotoA_2025-09-08 11_40_03.588-05_00_1.png,2.5,1.6541786986059057
841,2235_LeafPhotoA_2025-09-08 11_40_03.588-05_00_2.png,2.5,1.7051541026080272
842,2235_LeafPhotoA_2025-09-08 11_40_03.588-05_00_3.png,2.5,1.6932936491411583
851,1396_LeafPhotoA_2025-09-08 13_22_43.424-05_00_1.png,1.5,1.831174160935383
852,1396_LeafPhotoA_2025-09-08 13_22_43.424-05_00_3.png,1.5,1.991131362464398
853,1396_LeafPhotoA_2025-09-08 13_22_43.424-05_00_2.png,1.5,1.7047334356765933
854,1396_LeafPhotoA_2025-09-08 13_22_43.424-05_00_0.png,1.5,1.845843418077611
863,1480_LeafPhotoB_2025-09-08 16_44_45.429-05_00_0.png,1.75,1.8185823821767024
874,2625_LeafPhotoA_2025-09-09 12_15_05.460-05_00_3.png,2.75,1.8195586035843991
875,2625_LeafPhotoA_2025-09-09 12_15_05.460-05_00_2.png,2.75,1.7807199503081756
876,2625_LeafPhotoA_2025-09-09 12_15_05.460-05_00_1.png,2.75,1.9695102339557147
877,2625_LeafPhotoA_2025-09-09 12_15_05.460-05_00_0.png,2.75,1.9542130035534657
894,2742_LeafPhotoA_2025-09-09 11_11_59.314-05_00_0.png,2.75,1.9657473967340808
895,2742_LeafPhotoA_2025-09-09 11_11_59.314-05_00_1.png,2.75,1.8589148168196388
896,2742_LeafPhotoA_2025-09-09 11_11_59.314-05_00_3.png,2.75,1.9907039491484415
897,2742_LeafPhotoA_2025-09-09 11_11_59.314-05_00_2.png,2.75,2.062320790054996
945,6018_LeafPhotoA_2025-09-09 16_46_05.626-05_00_2.png,1.0,1.7023183741796242
946,6018_LeafPhotoA_2025-09-09 16_46_05.626-05_00_0.png,1.0,1.769748581843639
947,6018_LeafPhotoA_2025-09-09 16_46_05.626-05_00_3.png,1.0,1.7384203971821515
948,6018_LeafPhotoA_2025-09-09 16_46_05.626-05_00_1.png,1.0,1.7645126818338286
949,1882_LeafPhotoA_2025-09-09 13_17_22.842-05_00_2.png,1.75,1.8256517411024127
950,1882_LeafPhotoA_2025-09-09 13_17_22.842-05_00_3.png,1.75,1.7336713966583586
951,1882_LeafPhotoA_2025-09-09 13_17_22.842-05_00_1.png,1.75,1.9753318297186448
952,1882_LeafPhotoA_2025-09-09 13_17_22.842-05_00_0.png,1.75,1.8554298778787217
956,1095_LeafPhotoA_2025-09-09 11_06_50.542-05_00_0.png,1.5,1.9621801593833685
957,1095_LeafPhotoA_2025-09-09 11_06_50.542-05_00_2.png,1.5,2.034915139111673
958,1095_LeafPhotoA_2025-09-09 11_06_50.542-05_00_3.png,1.5,2.0072199549488405
959,1095_LeafPhotoA_2025-09-09 11_06_50.542-05_00_1.png,1.5,1.9223653121648838
971,2887_LeafPhotoA_2025-09-09 14_03_46.022-05_00_0.png,2.5,1.7646255472750614
972,2887_LeafPhotoA_2025-09-09 14_03_46.022-05_00_1.png,2.5,1.8201243079331186
973,2887_LeafPhotoA_2025-09-09 14_03_46.022-05_00_2.png,2.5,1.7417179823221705
974,1689_LeafPhotoA_2025-09-09 09_13_19.326-05_00_0.png,1.0,1.9212787304231282
975,1689_LeafPhotoA_2025-09-09 09_13_19.326-05_00_1.png,1.0,1.7043385210729556
980,,2.75,1.6344823300145601
989,2035_LeafPhotoA_2025-09-08 11_13_14.336-05_00_0.png,1.25,1.771878518663783
990,2035_LeafPhotoA_2025-09-08 11_13_14.336-05_00_1.png,1.25,1.7780354738704918
991,2035_LeafPhotoA_2025-09-08 11_13_14.336-05_00_2.png,1.25,1.756648688006017
992,2035_LeafPhotoA_2025-09-08 11_13_14.336-05_00_3.png,1.25,1.8005613145212862
1010,1549_LeafPhotoA_2025-09-09 09_50_49.099-05_00_2.png,2.75,1.998769037711083
1011,1549_LeafPhotoA_2025-09-09 09_50_49.099-05_00_1.png,2.75,1.9450762800460066
1012,1549_LeafPhotoA_2025-09-09 09_50_49.099-05_00_0.png,2.75,2.0620934312653163
1013,1549_LeafPhotoA_2025-09-09 09_50_49.099-05_00_3.png,2.75,2.114544508057675
1034,1874_LeafPhotoA_2025-09-09 13_24_05.096-05_00_0.png,1.25,1.9900358482971905
1035,1874_LeafPhotoA_2025-09-09 13_24_05.096-05_00_1.png,1.25,1.9669022276675745
1036,1874_LeafPhotoA_2025-09-09 13_24_05.096-05_00_2.png,1.25,2.0182544998672833
1037,1874_LeafPhotoA_2025-09-09 13_24_05.096-05_00_3.png,1.25,2.0273646800382608
1044,1577_LeafPhotoA_2025-09-09 09_51_50.173-05_00_0.png,1.75,1.7278785264376026
1045,1577_LeafPhotoA_2025-09-09 09_51_50.173-05_00_1.png,1.75,1.898656035452767
1046,1577_LeafPhotoA_2025-09-09 09_51_50.173-05_00_2.png,1.75,2.000566616529754
1065,1218_LeafPhotoA_2025-09-08 09_55_48.140-05_00_3.png,3.5,2.0282384042860415
1066,1218_LeafPhotoA_2025-09-08 09_55_48.140-05_00_0.png,3.5,1.9941311401554238
1067,1218_LeafPhotoA_2025-09-08 09_55_48.140-05_00_1.png,3.5,2.0148907885280987
1068,1218_LeafPhotoA_2025-09-08 09_55_48.140-05_00_2.png,3.5,2.160434815963405
1069,5036_LeafPhotoA_2025-09-09 17_09_05.761-05_00_0.png,1.5,1.753763514107797
1070,5036_LeafPhotoA_2025-09-09 17_09_05.761-05_00_3.png,1.5,1.8371293582873736
1071,5036_LeafPhotoA_2025-09-09 17_09_05.761-05_00_1.png,1.5,1.9035899307668465
1072,5036_LeafPhotoA_2025-09-09 17_09_05.761-05_00_2.png,1.5,1.8111223759537793
1077,6010_LeafPhotoA_2025-09-09 17_01_22.660-05_00_2.png,1.25,1.6926137698488934
1078,6010_LeafPhotoA_2025-09-09 17_01_22.660-05_00_1.png,1.25,1.5517582906375973
1079,6010_LeafPhotoA_2025-09-09 17_01_22.660-05_00_0.png,1.25,1.7079678369365623
1080,6010_LeafPhotoA_2025-09-09 17_01_22.660-05_00_3.png,1.25,1.8666402390864096
1121,2772_LeafPhotoA_2025-09-09 15_47_32.015-05_00_1.png,1.0,1.736370948113365
1122,2772_LeafPhotoA_2025-09-09 15_47_32.015-05_00_0.png,1.0,1.7825389312605708
1123,2772_LeafPhotoA_2025-09-09 15_47_32.015-05_00_2.png,1.0,1.7345225796855912
1124,,1.5,1.6344823300145601
1127,2656_LeafPhotoA_2025-09-09 11_30_02.897-05_00_2.png,2.0,1.7581223211611638
1128,2656_LeafPhotoA_2025-09-09 11_30_02.897-05_00_0.png,2.0,1.604093676005744
1129,2656_LeafPhotoA_2025-09-09 11_30_02.897-05_00_1.png,2.0,1.614704213316032
1138,,1.5,1.6344823300145601
1139,1427_LeafPhotoA_2025-09-08 09_49_32.229-05_00_0.png,3.25,1.876659014369649
1140,1427_LeafPhotoA_2025-09-08 09_49_32.229-05_00_1.png,3.25,1.9490635231695117
1141,1427_LeafPhotoA_2025-09-08 09_49_32.229-05_00_2.png,3.25,1.824121384227231
1142,1427_LeafPhotoA_2025-09-08 09_49_32.229-05_00_3.png,3.25,2.1183830402711865
1201,2186_LeafPhotoA_2025-09-09 12_31_28.944-05_00_2.png,2.5,2.010165442849098
1202,2186_LeafPhotoA_2025-09-09 12_31_28.944-05_00_1.png,2.5,2.047112233734779
1203,2186_LeafPhotoA_2025-09-09 12_31_28.944-05_00_3.png,2.5,1.9098413194602828
1204,2186_LeafPhotoA_2025-09-09 12_31_28.944-05_00_0.png,2.5,2.052044171706719
1205,1792_LeafPhotoA_2025-09-09 09_09_06.607-05_00_3.png,1.25,1.9518812486976054
1206,1792_LeafPhotoA_2025-09-09 09_09_06.607-05_00_0.png,1.25,1.8121525119536717
1207,1792_LeafPhotoA_2025-09-09 09_09_06.607-05_00_1.png,1.25,1.8992265241168445
1208,1792_LeafPhotoA_2025-09-09 09_09_06.607-05_00_2.png,1.25,1.881761929523756
1214,1137_LeafPhotoA_2025-09-08 10_30_17.775-05_00_0.png,1.5,1.7707122255257528
1215,1137_LeafPhotoA_2025-09-08 10_30_17.775-05_00_1.png,1.5,1.6787473582650148
1216,1137_LeafPhotoA_2025-09-08 10_30_17.775-05_00_2.png,1.5,1.7357220045606274
1217,1137_LeafPhotoA_2025-09-08 10_30_17.775-05_00_3.png,1.5,1.6696044572660547
1226,2140_LeafPhotoA_2025-09-08 12_01_54.848-05_00_0.png,2.25,1.9261840438502946
1227,2140_LeafPhotoA_2025-09-08 12_01_54.848-05_00_2.png,2.25,1.6550242734736145
1228,2140_LeafPhotoA_2025-09-08 12_01_54.848-05_00_1.png,2.25,1.7233179839649937
1243,5021_LeafPhotoA_2025-09-09 16_37_05.057-05_00_3.png,1.75,1.9351432300217737
1244,5021_LeafPhotoA_2025-09-09 16_37_05.057-05_00_0.png,1.75,1.6865331360890565
1245,5021_LeafPhotoA_2025-09-09 16_37_05.057-05_00_1.png,1.75,1.7461647497226167
1246,5021_LeafPhotoA_2025-09-09 16_37_05.057-05_00_2.png,1.75,1.6789132251074712
1285,5006_LeafPhotoA_2025-09-09 16_01_39.048-05_00_3.png,1.25,1.888020633928334
1286,5006_LeafPhotoA_2025-09-09 16_01_39.048-05_00_2.png,1.25,1.7261535752339996
1287,5006_LeafPhotoA_2025-09-09 16_01_39.048-05_00_1.png,1.25,1.811253534407413
1288,5006_LeafPhotoA_2025-09-09 16_01_39.048-05_00_0.png,1.25,1.8052967061009708
1289,1157_LeafPhotoA_2025-09-08 16_50_24.357-05_00_2.png,2.5,1.9926282764430392
1290,1157_LeafPhotoA_2025-09-08 16_50_24.357-05_00_0.png,2.5,2.145106015104177
1291,1157_LeafPhotoA_2025-09-08 16_50_24.357-05_00_1.png,2.5,2.1828313756341164
1300,2956_LeafPhotoA_2025-09-09 15_59_30.545-05_00_0.png,1.5,1.6581933678488798
1301,2956_LeafPhotoA_2025-09-09 15_59_30.545-05_00_1.png,1.5,1.8632721459464272
1302,2956_LeafPhotoA_2025-09-09 15_59_30.545-05_00_2.png,1.5,1.8589763400903474
1303,2956_LeafPhotoA_2025-09-09 15_59_30.545-05_00_3.png,1.5,1.7926950129432482
1304,1638_LeafPhotoA_2025-09-09 10_27_46.342-05_00_3.png,2.5,2.062527647993509
1305,1638_LeafPhotoA_2025-09-09 10_27_46.342-05_00_2.png,2.5,2.0507544077023443
1306,1638_LeafPhotoA_2025-09-09 10_27_46.342-05_00_0.png,2.5,2.2660578648768386
1307,1638_LeafPhotoA_2025-09-09 10_27_46.342-05_00_1.png,2.5,2.060385438107431
1316,2464_LeafPhotoB_2025-09-08 11_41_40.408-05_00_0.png,2.75,2.0526371226302285
1317,2464_LeafPhotoB_2025-09-08 11_41_40.408-05_00_1.png,2.75,1.8887675124448784
1318,2464_LeafPhotoB_2025-09-08 11_41_40.408-05_00_2.png,2.75,1.9697070752739054
1319,2464_LeafPhotoB_2025-09-08 11_41_40.408-05_00_3.png,2.75,2.1011714977851437
1324,6043_LeafPhotoA_2025-09-09 16_04_16.208-05_00_0.png,2.0,1.982293427269809
1325,6043_LeafPhotoA_2025-09-09 16_04_16.208-05_00_1.png,2.0,1.9817395421687345
1326,6043_LeafPhotoA_2025-09-09 16_04_16.208-05_00_2.png,2.0,1.8785974697695982
1327,6043_LeafPhotoA_2025-09-09 16_04_16.208-05_00_3.png,2.0,1.881918655698771
1328,1534_LeafPhotoA_2025-09-09 09_32_36.020-05_00_3.png,2.75,1.8659554928350166
1329,1534_LeafPhotoA_2025-09-09 09_32_36.020-05_00_0.png,2.75,1.9078241525684945
1330,1534_LeafPhotoA_2025-09-09 09_32_36.020-05_00_2.png,2.75,1.5727910733232306
1331,1534_LeafPhotoA_2025-09-09 09_32_36.020-05_00_1.png,2.75,1.8747387989359527
1336,,1.0,1.6344823300145601
1337,2453_LeafPhotoB_2025-09-08 11_30_51.747-05_00_1.png,1.75,1.940808522605651
1338,2453_LeafPhotoB_2025-09-08 11_30_51.747-05_00_0.png,1.75,2.113313407504571
1339,2453_LeafPhotoB_2025-09-08 11_30_51.747-05_00_2.png,1.75,2.1172333192988417
1340,2453_LeafPhotoB_2025-09-08 11_30_51.747-05_00_3.png,1.75,2.0440494500460518
1341,,2.25,1.6344823300145601
1348,1539_LeafPhotoA_2025-09-09 09_37_58.578-05_00_3.png,2.0,1.8698088022792683
1349,1539_LeafPhotoA_2025-09-09 09_37_58.578-05_00_2.png,2.0,1.784252607984444
1350,1539_LeafPhotoA_2025-09-09 09_37_58.578-05_00_1.png,2.0,1.9845954055592443
1351,1539_LeafPhotoA_2025-09-09 09_37_58.578-05_00_0.png,2.0,2.0922674580643816
1375,,2.75,1.6344823300145601
1404,2505_LeafPhotoA_2025-09-09 10_00_57.054-05_00_3.png,1.25,1.9902013407169779
1405,2505_LeafPhotoA_2025-09-09 10_00_57.054-05_00_0.png,1.25,2.0077570725534053
1406,2505_LeafPhotoA_2025-09-09 10_00_57.054-05_00_1.png,1.25,1.9104895691401729
1407,2505_LeafPhotoA_2025-09-09 10_00_57.054-05_00_2.png,1.25,1.779721014529526
1408,1479_LeafPhotoB_2025-09-08 16_43_58.192-05_00_1.png,2.25,1.9594051811889945
1409,1479_LeafPhotoB_2025-09-08 16_43_58.192-05_00_3.png,2.25,2.0589377590033946
1410,1479_LeafPhotoB_2025-09-08 16_43_58.192-05_00_0.png,2.25,1.8341299905187034
1411,1479_LeafPhotoB_2025-09-08 16_43_58.192-05_00_2.png,2.25,1.9605204363436255
1420,5016_LeafPhotoA_2025-09-09 16_24_50.932-05_00_3.png,1.0,1.9807560346510868
1421,5016_LeafPhotoA_2025-09-09 16_24_50.932-05_00_1.png,1.0,2.0102982349594316
1422,5016_LeafPhotoA_2025-09-09 16_24_50.932-05_00_0.png,1.0,1.988729007687948
1423,5016_LeafPhotoA_2025-09-09 16_24_50.932-05_00_2.png,1.0,1.7719323684195474
1431,,1.25,1.6344823300145601
1436,1385_LeafPhotoA_2025-09-08 13_04_24.143-05_00_2.png,2.0,2.009207793990494
1437,1385_LeafPhotoA_2025-09-08 13_04_24.143-05_00_0.png,2.0,2.129167086036814
1438,1385_LeafPhotoA_2025-09-08 13_04_24.143-05_00_1.png,2.0,1.9859728715771683
1450,,1.25,1.6344823300145601
1465,1391_LeafPhotoA_2025-09-08 13_11_35.950-05_00_3.png,4.5,2.109619367169906
1466,1391_LeafPhotoA_2025-09-08 13_11_35.950-05_00_2.png,4.5,1.9832412223636462
1467,1391_LeafPhotoA_2025-09-08 13_11_35.950-05_00_1.png,4.5,2.076621208175907
1468,1391_LeafPhotoA_2025-09-08 13_11_35.950-05_00_0.png,4.5,2.146357781817909
1497,,2.0,1.6344823300145601
1502,2145_LeafPhotoA_2025-09-08 12_12_59.236-05_00_1.png,2.0,2.0599715792423194
1503,2145_LeafPhotoA_2025-09-08 12_12_59.236-05_00_3.png,2.0,2.283689121214022
1504,2145_LeafPhotoA_2025-09-08 12_12_59.236-05_00_2.png,2.0,2.31445661663328
1505,2145_LeafPhotoA_2025-09-08 12_12_59.236-05_00_0.png,2.0,1.9467613083913644
1528,1941_LeafPhotoA_2025-09-09 15_40_00.245-05_00_0.png,2.0,1.8328752739576917
1529,1941_LeafPhotoA_2025-09-09 15_40_00.245-05_00_1.png,2.0,2.0281360756989524
1530,1941_LeafPhotoA_2025-09-09 15_40_00.245-05_00_2.png,2.0,1.932761927177247
1535,1118_LeafPhotoA_2025-09-08 10_02_17.783-05_00_1.png,1.75,1.859795906188163
1536,1118_LeafPhotoA_2025-09-08 10_02_17.783-05_00_2.png,1.75,1.8769382416125102
1537,1118_LeafPhotoA_2025-09-08 10_02_17.783-05_00_3.png,1.75,1.7256020201834963
1538,1118_LeafPhotoA_2025-09-08 10_02_17.783-05_00_0.png,1.75,1.8537432824273328
1539,2030_LeafPhotoA_2025-09-08 11_08_05.704-05_00_1.png,1.75,1.8533718384124365
1540,2030_LeafPhotoA_2025-09-08 11_08_05.704-05_00_0.png,1.75,2.03580264776557
1541,2030_LeafPhotoA_2025-09-08 11_08_05.704-05_00_3.png,1.75,1.8059044749191084
1542,2030_LeafPhotoA_2025-09-08 11_08_05.704-05_00_2.png,1.75,1.8964253540765006
1555,,1.5,1.6344823300145601
1561,1405_LeafPhotoB_2025-09-08 09_59_46.991-05_00_0.png,1.0,1.8952269222811504
1562,1405_LeafPhotoB_2025-09-08 09_59_46.991-05_00_1.png,1.0,1.8857268989529756
1563,1405_LeafPhotoB_2025-09-08 09_59_46.991-05_00_3.png,1.0,1.711655175365677
1564,1405_LeafPhotoB_2025-09-08 09_59_46.991-05_00_2.png,1.0,1.821920128522899
1573,1603_LeafPhotoA_2025-09-09 08_56_04.202-05_00_1.png,2.75,1.8791984444098555
1574,1603_LeafPhotoA_2025-09-09 08_56_04.202-05_00_3.png,2.75,2.120192369563375
1575,1603_LeafPhotoA_2025-09-09 08_56_04.202-05_00_0.png,2.75,1.98006681676167
1576,1603_LeafPhotoA_2025-09-09 08_56_04.202-05_00_2.png,2.75,1.976130569942825
1611,2186_LeafPhotoA_2025-09-09 12_31_18.903-05_00_1.png,2.75,2.129617990003632
1612,2186_LeafPhotoA_2025-09-09 12_31_18.903-05_00_2.png,2.75,1.9986522695866034
1613,2186_LeafPhotoA_2025-09-09 12_31_18.903-05_00_0.png,2.75,2.1230792570164176
1614,2186_LeafPhotoA_2025-09-09 12_31_18.903-05_00_3.png,2.75,2.2452337576008126
1643,1385_LeafPhotoA_2025-09-08 13_05_07.306-05_00_1.png,2.75,2.0153306557939383
1644,1385_LeafPhotoA_2025-09-08 13_05_07.306-05_00_2.png,2.75,1.8577978925153353
1645,1385_LeafPhotoA_2025-09-08 13_05_07.306-05_00_3.png,2.75,1.7888374732785168
1646,1385_LeafPhotoA_2025-09-08 13_05_07.306-05_00_0.png,2.75,2.025119967056184
1680,1534_LeafPhotoA_2025-09-09 09_32_49.938-05_00_3.png,1.25,1.8385406402297582
1681,1534_LeafPhotoA_2025-09-09 09_32_49.938-05_00_1.png,1.25,1.8585120629996204
1682,1534_LeafPhotoA_2025-09-09 09_32_49.938-05_00_2.png,1.25,1.8741184150883612
1683,1534_LeafPhotoA_2025-09-09 09_32_49.938-05_00_0.png,1.25,2.004369770812532
1710,1210_LeafPhotoA_2025-09-08 09_38_24.164-05_00_3.png,1.25,1.8489420586602394
1711,1210_LeafPhotoA_2025-09-08 09_38_24.164-05_00_0.png,1.25,1.8267738729977023
1712,1210_LeafPhotoA_2025-09-08 09_38_24.164-05_00_1.png,1.25,1.679834462513265
1713,1210_LeafPhotoA_2025-09-08 09_38_24.164-05_00_2.png,1.25,1.7895635966737913
1743,2118_LeafPhotoA_2025-09-08 11_24_23.851-05_00_1.png,3.0,1.9578159502458425
1744,2118_LeafPhotoA_2025-09-08 11_24_23.851-05_00_2.png,3.0,2.094960245800489
1745,2118_LeafPhotoA_2025-09-08 11_24_23.851-05_00_3.png,3.0,1.9307549854578656
1746,2118_LeafPhotoA_2025-09-08 11_24_23.851-05_00_0.png,3.0,1.7339625227793996
1773,1351_LeafPhotoA_2025-09-08 12_28_03.896-05_00_2.png,2.0,1.9379479772812556
1774,1351_LeafPhotoA_2025-09-08 12_28_03.896-05_00_0.png,2.0,2.0153821254988786
1775,1351_LeafPhotoA_2025-09-08 12_28_03.896-05_00_1.png,2.0,1.839815349516541
1788,2796_LeafPhotoA_2025-09-09 11_09_54.572-05_00_0.png,1.5,2.291504853433136
1789,2796_LeafPhotoA_2025-09-09 11_09_54.572-05_00_1.png,1.5,2.261006356980705
1790,2796_LeafPhotoA_2025-09-09 11_09_54.572-05_00_2.png,1.5,2.239232907568276
1791,2796_LeafPhotoA_2025-09-09 11_09_54.572-05_00_3.png,1.5,2.2444885717594434
1824,1809_LeafPhotoA_2025-09-09 09_04_05.610-05_00_1.png,2.25,1.8079979685320466
1825,1809_LeafPhotoA_2025-09-09 09_04_05.610-05_00_2.png,2.25,1.888532692242989
1826,1809_LeafPhotoA_2025-09-09 09_04_05.610-05_00_3.png,2.25,1.6388878280490373
1827,1809_LeafPhotoA_2025-09-09 09_04_05.610-05_00_0.png,2.25,1.8729585411417347
1828,1897_LeafPhotoA_2025-09-09 17_20_57.001-05_00_0.png,1.5,2.182820386880867
1829,1897_LeafPhotoA_2025-09-09 17_20_57.001-05_00_2.png,1.5,2.0312132441995794
1830,1897_LeafPhotoA_2025-09-09 17_20_57.001-05_00_1.png,1.5,2.021601384459247
1839,1480_LeafPhotoB_2025-09-08 16_45_21.155-05_00_3.png,1.5,1.9509653507088538
1840,1480_LeafPhotoB_2025-09-08 16_45_21.155-05_00_0.png,1.5,2.0832991857227414
1841,1480_LeafPhotoB_2025-09-08 16_45_21.155-05_00_1.png,1.5,1.8890181594116993
1842,1480_LeafPhotoB_2025-09-08 16_45_21.155-05_00_2.png,1.5,1.9037706924246203
1847,1921_LeafPhotoA_2025-09-09 15_12_57.015-05_00_1.png,2.5,1.9044543311288058
1848,1921_LeafPhotoA_2025-09-09 15_12_57.015-05_00_3.png,2.5,1.7988223041041358
1849,1921_LeafPhotoA_2025-09-09 15_12_57.015-05_00_2.png,2.5,1.7873466159461344
1850,1921_LeafPhotoA_2025-09-09 15_12_57.015-05_00_0.png,2.5,1.9266369697325703
1851,2274_LeafPhotoA_2025-09-08 17_09_38.644-05_00_3.png,2.0,1.9288474298793827
1852,2274_LeafPhotoA_2025-09-08 17_09_38.644-05_00_2.png,2.0,1.782853625025643
1853,2274_LeafPhotoA_2025-09-08 17_09_38.644-05_00_1.png,2.0,1.8225211348088197
1854,2274_LeafPhotoA_2025-09-08 17_09_38.644-05_00_0.png,2.0,1.9473352942341655
1859,,3.5,1.6344823300145601
1879,1427_LeafPhotoA_2025-09-08 09_50_09.893-05_00_0.png,2.5,2.0087839863645653
1880,1427_LeafPhotoA_2025-09-08 09_50_09.893-05_00_1.png,2.5,1.9354530195641246
1881,1427_LeafPhotoA_2025-09-08 09_50_09.893-05_00_3.png,2.5,2.068854195627539
1882,1427_LeafPhotoA_2025-09-08 09_50_09.893-05_00_2.png,2.5,1.8942223419908684
1887,6043_LeafPhotoA_2025-09-09 16_04_58.355-05_00_0.png,1.75,1.8605282384803221
1888,6043_LeafPhotoA_2025-09-09 16_04_58.355-05_00_1.png,1.75,1.9510199049182446
1889,6043_LeafPhotoA_2025-09-09 16_04_58.355-05_00_2.png,1.75,2.0561866593991467
1890,6043_LeafPhotoA_2025-09-09 16_04_58.355-05_00_3.png,1.75,1.9308344913680882
1910,2489_LeafPhotoB_2025-09-08 12_04_49.131-05_00_0.png,2.5,2.142817697238423
1911,2489_LeafPhotoB_2025-09-08 12_04_49.131-05_00_1.png,2.5,1.9680156567181541
1912,2489_LeafPhotoB_2025-09-08 12_04_49.131-05_00_2.png,2.5,1.7450359174682148
1913,2489_LeafPhotoB_2025-09-08 12_04_49.131-05_00_3.png,2.5,1.7987247443214596
1920,1792_LeafPhotoA_2025-09-09 09_08_36.909-05_00_1.png,1.75,2.0729041600720115
1921,1792_LeafPhotoA_2025-09-09 09_08_36.909-05_00_2.png,1.75,2.0201263677158026
1922,1792_LeafPhotoA_2025-09-09 09_08_36.909-05_00_3.png,1.75,1.9806026012037299
1923,1792_LeafPhotoA_2025-09-09 09_08_36.909-05_00_0.png,1.75,1.9383909414566356
1932,1037_LeafPhotoA_2025-09-08 10_14_34.857-05_00_3.png,2.25,1.809825129415916
1933,1037_LeafPhotoA_2025-09-08 10_14_34.857-05_00_2.png,2.25,1.8160182929493103
1934,1037_LeafPhotoA_2025-09-08 10_14_34.857-05_00_1.png,2.25,1.8303251018672468
1935,1037_LeafPhotoA_2025-09-08 10_14_34.857-05_00_0.png,2.25,2.079897120764404
1960,1576_LeafPhotoA_2025-09-09 09_52_24.983-05_00_0.png,1.25,1.9247133427717773
1961,1576_LeafPhotoA_2025-09-09 09_52_24.983-05_00_1.png,1.25,1.894879442976508
1962,1576_LeafPhotoA_2025-09-09 09_52_24.983-05_00_2.png,1.25,1.7427998662078712
1963,1576_LeafPhotoA_2025-09-09 09_52_24.983-05_00_3.png,1.25,1.8569205549621082
1964,1747_LeafPhotoA_2025-09-09 10_05_14.099-05_00_1.png,3.5,2.078932551894323
1965,1747_LeafPhotoA_2025-09-09 10_05_14.099-05_00_3.png,3.5,1.795325546644942
1966,1747_LeafPhotoA_2025-09-09 10_05_14.099-05_00_0.png,3.5,2.0083079415787055
1967,1747_LeafPhotoA_2025-09-09 10_05_14.099-05_00_2.png,3.5,1.835577187346539
1968,,3.25,1.6344823300145601
1977,2394_LeafPhotoA_2025-09-08 12_19_19.139-05_00_3.png,2.75,1.9945905464356894
1978,2394_LeafPhotoA_2025-09-08 12_19_19.139-05_00_2.png,2.75,1.980581677728445
1979,2394_LeafPhotoA_2025-09-08 12_19_19.139-05_00_0.png,2.75,1.9404052273164376
1980,2394_LeafPhotoA_2025-09-08 12_19_19.139-05_00_1.png,2.75,1.8489047381125685
1981,2277_LeafPhotoA_2025-09-08 17_02_56.416-05_00_0.png,2.25,1.7989826292759856
1982,2277_LeafPhotoA_2025-09-08 17_02_56.416-05_00_1.png,2.25,1.8434018082343355
1983,2277_LeafPhotoA_2025-09-08 17_02_56.416-05_00_2.png,2.25,1.8517533663836283
2019,1405_LeafPhotoA_2025-09-08 09_26_00.409-05_00_3.png,1.25,1.6711892086617792
2020,1405_LeafPhotoA_2025-09-08 09_26_00.409-05_00_0.png,1.25,1.7924153771723297
2021,1405_LeafPhotoA_2025-09-08 09_26_00.409-05_00_2.png,1.25,1.7234978745347365
2022,1405_LeafPhotoA_2025-09-08 09_26_00.409-05_00_1.png,1.25,1.6821647059202078
2055,2590_LeafPhotoA_2025-09-09 10_31_27.084-05_00_2.png,1.5,1.6403491143386422
2056,2590_LeafPhotoA_2025-09-09 10_31_27.084-05_00_3.png,1.5,1.6674154506900376
2057,2590_LeafPhotoA_2025-09-09 10_31_27.084-05_00_0.png,1.5,1.776606805017471
2058,2590_LeafPhotoA_2025-09-09 10_31_27.084-05_00_1.png,1.5,1.6275988186515693
2075,1171_LeafPhotoA_2025-09-08 16_30_33.870-05_00_2.png,2.0,1.8981223148653255
2076,1171_LeafPhotoA_2025-09-08 16_30_33.870-05_00_3.png,2.0,1.9265238778356977
2077,1171_LeafPhotoA_2025-09-08 16_30_33.870-05_00_1.png,2.0,1.9068864192787138
2078,1171_LeafPhotoA_2025-09-08 16_30_33.870-05_00_0.png,2.0,1.8662311065200625
2087,6018_LeafPhotoA_2025-09-09 16_46_19.898-05_00_1.png,1.25,1.8153490170068134
2088,6018_LeafPhotoA_2025-09-09 16_46_19.898-05_00_2.png,1.25,1.7559532851385478
2089,6018_LeafPhotoA_2025-09-09 16_46_19.898-05_00_3.png,1.25,1.8889584975500853
2090,6018_LeafPhotoA_2025-09-09 16_46_19.898-05_00_0.png,1.25,1.5992114554785928
2091,2935_LeafPhotoA_2025-09-09 16_33_34.724-05_00_2.png,1.5,1.8465510150217
2092,2935_LeafPhotoA_2025-09-09 16_33_34.724-05_00_0.png,1.5,1.6907488699206612
2093,2935_LeafPhotoA_2025-09-09 16_33_34.724-05_00_1.png,1.5,1.7317398391351073
2094,2935_LeafPhotoA_2025-09-09 16_33_34.724-05_00_3.png,1.5,1.9547172824326933
2103,1240_LeafPhotoA_2025-09-08 10_28_24.122-05_00_2.png,1.5,1.7631542819361385
2104,1240_LeafPhotoA_2025-09-08 10_28_24.122-05_00_1.png,1.5,1.7348864858481718
2105,1240_LeafPhotoA_2025-09-08 10_28_24.122-05_00_3.png,1.5,1.7273007856181595
2106,1240_LeafPhotoA_2025-09-08 10_28_24.122-05_00_0.png,1.5,1.7715861083683253
2129,2091_LeafPhotoA_2025-09-08 12_28_15.428-05_00_0.png,2.75,1.7307132528580393
2130,2091_LeafPhotoA_2025-09-08 12_28_15.428-05_00_1.png,2.75,1.9498430657145474
2131,2091_LeafPhotoA_2025-09-08 12_28_15.428-05_00_2.png,2.75,1.9720058869914618
2132,2091_LeafPhotoA_2025-09-08 12_28_15.428-05_00_3.png,2.75,1.8642999548074022
2149,1324_LeafPhotoA_2025-09-08 09_47_08.944-05_00_2.png,2.0,2.010723781328911
2150,1324_LeafPhotoA_2025-09-08 09_47_08.944-05_00_0.png,2.0,1.8201434110010302
2151,1324_LeafPhotoA_2025-09-08 09_47_08.944-05_00_3.png,2.0,1.977896145601689
2152,1324_LeafPhotoA_2025-09-08 09_47_08.944-05_00_1.png,2.0,1.8746801577134258
2177,1098_LeafPhotoA_2025-09-09 11_09_21.218-05_00_2.png,1.25,1.9975145034234023
2178,1098_LeafPhotoA_2025-09-09 11_09_21.218-05_00_1.png,1.25,1.8885153296122845
2179,1098_LeafPhotoA_2025-09-09 11_09_21.218-05_00_3.png,1.25,1.8859432304559076
2180,1098_LeafPhotoA_2025-09-09 11_09_21.218-05_00_0.png,1.25,1.8672985518751672
2184,2097_LeafPhotoA_2025-09-08 12_33_49.300-05_00_2.png,1.5,1.845592175279893
2185,2097_LeafPhotoA_2025-09-08 12_33_49.300-05_00_3.png,1.5,1.810438960408305
2186,2097_LeafPhotoA_2025-09-08 12_33_49.300-05_00_1.png,1.5,1.9417852711564845
2187,2097_LeafPhotoA_2025-09-08 12_33_49.300-05_00_0.png,1.5,2.0642909222592865
2214,1876_LeafPhotoA_2025-09-09 17_04_03.852-05_00_0.png,2.25,1.835707260824024
2215,1876_LeafPhotoA_2025-09-09 17_04_03.852-05_00_2.png,2.25,1.7412934979483443
2216,1876_LeafPhotoA_2025-09-09 17_04_03.852-05_00_1.png,2.25,1.942741677787888
2217,1876_LeafPhotoA_2025-09-09 17_04_03.852-05_00_3.png,2.25,1.8239931744261375
2231,1405_LeafPhotoB_2025-09-08 10_00_01.542-05_00_1.png,1.5,1.8175616434877149
2232,1405_LeafPhotoB_2025-09-08 10_00_01.542-05_00_3.png,1.5,1.6624788761778038
2233,1405_LeafPhotoB_2025-09-08 10_00_01.542-05_00_2.png,1.5,1.868942608783867
2234,1405_LeafPhotoB_2025-09-08 10_00_01.542-05_00_0.png,1.5,1.7104283664248827
2263,1562_LeafPhotoA_2025-09-09 10_11_10.077-05_00_0.png,1.0,1.9424737825008236
2264,1562_LeafPhotoA_2025-09-09 10_11_10.077-05_00_1.png,1.0,1.719037745341548
2265,1562_LeafPhotoA_2025-09-09 10_11_10.077-05_00_2.png,1.0,1.7890367683102173
2266,1562_LeafPhotoA_2025-09-09 10_11_10.077-05_00_3.png,1.0,1.6921785871574369
2268,5028_LeafPhotoA_2025-09-09 16_52_02.474-05_00_0.png,2.25,1.65648935741197
2269,5028_LeafPhotoA_2025-09-09 16_52_02.474-05_00_1.png,2.25,1.811811320347288
2270,5028_LeafPhotoA_2025-09-09 16_52_02.474-05_00_2.png,2.25,1.6571458112321105
2271,5028_LeafPhotoA_2025-09-09 16_52_02.474-05_00_3.png,2.25,1.8304153463347907
2272,1659_LeafPhotoA_2025-09-09 10_11_01.636-05_00_2.png,1.5,1.7138571532634053
2273,1659_LeafPhotoA_2025-09-09 10_11_01.636-05_00_1.png,1.5,1.58118919032598
2274,1659_LeafPhotoA_2025-09-09 10_11_01.636-05_00_0.png,1.5,1.50634041933621
2279,1479_LeafPhotoB_2025-09-08 16_43_30.857-05_00_1.png,1.75,1.9311858823285633
2280,1479_LeafPhotoB_2025-09-08 16_43_30.857-05_00_2.png,1.75,1.9503452228160785
2281,1479_LeafPhotoB_2025-09-08 16_43_30.857-05_00_0.png,1.75,1.929553040132059
2282,1479_LeafPhotoB_2025-09-08 16_43_30.857-05_00_3.png,1.75,1.9358105966866503
2290,2090_LeafPhotoA_2025-09-08 12_27_18.336-05_00_0.png,1.0,1.9161803259976398
2291,2090_LeafPhotoA_2025-09-08 12_27_18.336-05_00_3.png,1.0,2.0089718462316286
2292,2090_LeafPhotoA_2025-09-08 12_27_18.336-05_00_2.png,1.0,2.0480441235334723
2293,2090_LeafPhotoA_2025-09-08 12_27_18.336-05_00_1.png,1.0,2.00665228865669
2314,2449_LeafPhotoB_2025-09-08 11_23_39.370-05_00_0.png,2.0,1.848049910100221
2315,2449_LeafPhotoB_2025-09-08 11_23_39.370-05_00_1.png,2.0,2.0270019452296917
2316,2449_LeafPhotoB_2025-09-08 11_23_39.370-05_00_2.png,2.0,1.9567876677778573
2317,2449_LeafPhotoB_2025-09-08 11_23_39.370-05_00_3.png,2.0,1.8998802313840781
2318,1187_LeafPhotoA_2025-09-08 16_03_30.325-05_00_2.png,2.0,1.7579989820242201
2319,1187_LeafPhotoA_2025-09-08 16_03_30.325-05_00_0.png,2.0,1.7563853746214546
2320,1187_LeafPhotoA_2025-09-08 16_03_30.325-05_00_1.png,2.0,1.764975507894238
2321,1187_LeafPhotoA_2025-09-08 16_03_30.325-05_00_3.png,2.0,1.7922404210721976
2326,1600_LeafPhotoA_2025-09-09 10_22_37.520-05_00_0.png,2.0,1.7759126198073085
2327,1600_LeafPhotoA_2025-09-09 10_22_37.520-05_00_1.png,2.0,1.8183668917525202
2328,1600_LeafPhotoA_2025-09-09 10_22_37.520-05_00_2.png,2.0,1.5367728775688227
2340,2078_LeafPhotoA_2025-09-08 12_14_10.635-05_00_2.png,2.75,1.8933075616025383
2341,2078_LeafPhotoA_2025-09-08 12_14_10.635-05_00_3.png,2.75,1.9532913553554396
2342,2078_LeafPhotoA_2025-09-08 12_14_10.635-05_00_1.png,2.75,1.645428474784054
2343,2078_LeafPhotoA_2025-09-08 12_14_10.635-05_00_0.png,2.75,1.8092211400704772
2356,2952_LeafPhotoA_2025-09-09 15_55_46.839-05_00_1.png,2.5,1.8602010861153075
2357,2952_LeafPhotoA_2025-09-09 15_55_46.839-05_00_0.png,2.5,1.9009874369588977
2366,2541_LeafPhotoA_2025-09-09 10_40_27.804-05_00_0.png,1.75,1.8330212064834144
2367,2541_LeafPhotoA_2025-09-09 10_40_27.804-05_00_1.png,1.75,1.9837825029381844
2368,2541_LeafPhotoA_2025-09-09 10_40_27.804-05_00_2.png,1.75,1.9960050375146785
2369,2541_LeafPhotoA_2025-09-09 10_40_27.804-05_00_3.png,1.75,2.026935057342469
2409,1188_LeafPhotoA_2025-09-08 16_01_44.544-05_00_2.png,2.25,1.9158825098432044
2410,1188_LeafPhotoA_2025-09-08 16_01_44.544-05_00_0.png,2.25,1.7516817380273022
2411,1188_LeafPhotoA_2025-09-08 16_01_44.544-05_00_1.png,2.25,2.0340730317167903
2442,2114_LeafPhotoA_2025-09-08 11_14_43.534-05_00_0.png,1.75,1.9220070013298551
2443,2114_LeafPhotoA_2025-09-08 11_14_43.534-05_00_2.png,1.75,2.1605067952343493
2444,2114_LeafPhotoA_2025-09-08 11_14_43.534-05_00_3.png,1.75,2.0451257958184983
2445,2114_LeafPhotoA_2025-09-08 11_14_43.534-05_00_1.png,1.75,2.003973005257073
2450,2578_LeafPhotoA_2025-09-09 10_42_22.010-05_00_2.png,1.75,1.561690856214971
2451,2578_LeafPhotoA_2025-09-09 10_42_22.010-05_00_0.png,1.75,1.6802823353936334
2452,2578_LeafPhotoA_2025-09-09 10_42_22.010-05_00_1.png,1.75,1.6053444924004991
2453,2578_LeafPhotoA_2025-09-09 10_42_22.010-05_00_3.png,1.75,1.5010855838133326
2471,2649_LeafPhotoA_2025-09-09 11_26_00.362-05_00_2.png,2.25,2.1321009294417554
2472,2649_LeafPhotoA_2025-09-09 11_26_00.362-05_00_3.png,2.25,2.1233572871742
2473,2649_LeafPhotoA_2025-09-09 11_26_00.362-05_00_0.png,2.25,1.9852615159849814
2474,2649_LeafPhotoA_2025-09-09 11_26_00.362-05_00_1.png,2.25,1.9435694341983774
2479,1434_LeafPhotoB_2025-09-08 10_25_56.347-05_00_3.png,1.75,2.042867256884469
2480,1434_LeafPhotoB_2025-09-08 10_25_56.347-05_00_1.png,1.75,1.8938941218068768
2481,1434_LeafPhotoB_2025-09-08 10_25_56.347-05_00_2.png,1.75,1.9180497077379204
2482,1434_LeafPhotoB_2025-09-08 10_25_56.347-05_00_0.png,1.75,1.8782041185347589
2486,2458_LeafPhotoB_2025-09-08 11_35_26.865-05_00_1.png,1.25,1.904753803015656
2487,2458_LeafPhotoB_2025-09-08 11_35_26.865-05_00_0.png,1.25,1.9717712796749176
2488,2458_LeafPhotoB_2025-09-08 11_35_26.865-05_00_3.png,1.25,1.7832505054620842
2489,2458_LeafPhotoB_2025-09-08 11_35_26.865-05_00_2.png,1.25,1.8845643543064696
2502,5011_LeafPhotoA_2025-09-09 16_15_48.428-05_00_1.png,1.75,1.6064068228463784
2503,5011_LeafPhotoA_2025-09-09 16_15_48.428-05_00_0.png,1.75,1.617533459479172
2504,5011_LeafPhotoA_2025-09-09 16_15_48.428-05_00_3.png,1.75,1.792937643550549
2505,5011_LeafPhotoA_2025-09-09 16_15_48.428-05_00_2.png,1.75,1.6988830438527003
2509,1916_LeafPhotoA_2025-09-09 14_55_34.742-05_00_2.png,2.25,1.7449786951658803
2510,1916_LeafPhotoA_2025-09-09 14_55_34.742-05_00_0.png,2.25,1.8149100036839123
2511,1916_LeafPhotoA_2025-09-09 14_55_34.742-05_00_1.png,2.25,1.715422008865156
2512,1916_LeafPhotoA_2025-09-09 14_55_34.742-05_00_3.png,2.25,1.6024123434749153
2523,2991_LeafPhotoA_2025-09-09 16_44_34.559-05_00_3.png,2.25,2.0899260960890427
2524,2991_LeafPhotoA_2025-09-09 16_44_34.559-05_00_2.png,2.25,1.994461535637139
2525,2991_LeafPhotoA_2025-09-09 16_44_34.559-05_00_1.png,2.25,1.9904640804779157
2526,2991_LeafPhotoA_2025-09-09 16_44_34.559-05_00_0.png,2.25,2.044974527650549
2527,2844_LeafPhotoA_2025-09-09 11_13_34.394-05_00_0.png,2.5,1.8023772619856815
2531,2722_LeafPhotoA_2025-09-09 10_43_28.841-05_00_0.png,3.5,2.3212396024866506
2532,2722_LeafPhotoA_2025-09-09 10_43_28.841-05_00_1.png,3.5,2.30966678837105
2533,2722_LeafPhotoA_2025-09-09 10_43_28.841-05_00_2.png,3.5,2.1030165079964336
2538,2453_LeafPhotoB_2025-09-08 11_31_31.055-05_00_1.png,1.5,1.9113652299779793
2539,2453_LeafPhotoB_2025-09-08 11_31_31.055-05_00_3.png,1.5,1.6900536472377499
2540,2453_LeafPhotoB_2025-09-08 11_31_31.055-05_00_2.png,1.5,1.6957328422056313
2541,2453_LeafPhotoB_2025-09-08 11_31_31.055-05_00_0.png,1.5,1.923494958376249
2555,1425_LeafPhotoA_2025-09-08 09_47_28.860-05_00_0.png,1.5,1.981845934513274
2556,1425_LeafPhotoA_2025-09-08 09_47_28.860-05_00_1.png,1.5,1.9038816420789515
2557,1425_LeafPhotoA_2025-09-08 09_47_28.860-05_00_3.png,1.5,1.922379189219203
2558,1425_LeafPhotoA_2025-09-08 09_47_28.860-05_00_2.png,1.5,1.8382196403353148
2571,,2.5,1.6344823300145601
2583,,1.25,1.6344823300145601
2588,2107_LeafPhotoA_2025-09-08 11_02_37.715-05_00_1.png,1.25,1.7686000391802679
2589,2107_LeafPhotoA_2025-09-08 11_02_37.715-05_00_2.png,1.25,1.748557417404953
2590,2107_LeafPhotoA_2025-09-08 11_02_37.715-05_00_3.png,1.25,1.8273494785510431
2591,2107_LeafPhotoA_2025-09-08 11_02_37.715-05_00_0.png,1.25,1.7819359995265216
2670,2648_LeafPhotoA_2025-09-09 11_27_06.528-05_00_2.png,1.25,1.6468813611783804
2671,2648_LeafPhotoA_2025-09-09 11_27_06.528-05_00_0.png,1.25,1.6057319754387778
2672,2648_LeafPhotoA_2025-09-09 11_27_06.528-05_00_3.png,1.25,1.5422242838511473
2673,2648_LeafPhotoA_2025-09-09 11_27_06.528-05_00_1.png,1.25,1.581791038875987
2691,1500_LeafPhotoB_2025-09-08 12_25_38.479-05_00_1.png,1.75,2.0787578449779507
2692,1500_LeafPhotoB_2025-09-08 12_25_38.479-05_00_2.png,1.75,1.9831697383029003
2693,1500_LeafPhotoB_2025-09-08 12_25_38.479-05_00_3.png,1.75,1.9691765586185934
2694,1500_LeafPhotoB_2025-09-08 12_25_38.479-05_00_0.png,1.75,1.8715035685781254
2723,1893_LeafPhotoA_2025-09-09 12_59_38.775-05_00_2.png,2.0,1.7456204590258386
2724,1893_LeafPhotoA_2025-09-09 12_59_38.775-05_00_1.png,2.0,1.8458343075604002
2725,1893_LeafPhotoA_2025-09-09 12_59_38.775-05_00_0.png,2.0,1.8337553835939833
2726,1893_LeafPhotoA_2025-09-09 12_59_38.775-05_00_3.png,2.0,1.796319108500236
2737,2893_LeafPhotoA_2025-09-09 13_59_49.093-05_00_0.png,2.25,1.7329305240401052
2738,2893_LeafPhotoA_2025-09-09 13_59_49.093-05_00_1.png,2.25,1.7731432780124627
2739,2893_LeafPhotoA_2025-09-09 13_59_49.093-05_00_2.png,2.25,1.7771818698775206
2740,2893_LeafPhotoA_2025-09-09 13_59_49.093-05_00_3.png,2.25,1.7305617373575002
2745,2711_LeafPhotoA_2025-09-09 10_28_23.854-05_00_2.png,2.5,2.1861399292142334
2746,2711_LeafPhotoA_2025-09-09 10_28_23.854-05_00_3.png,2.5,2.049796700359536
2747,2711_LeafPhotoA_2025-09-09 10_28_23.854-05_00_1.png,2.5,2.1914034181225532
2748,2711_LeafPhotoA_2025-09-09 10_28_23.854-05_00_0.png,2.5,2.18247090765057
2758,1287_LeafPhotoA_2025-09-08 16_00_42.513-05_00_0.png,3.0,1.8365000413834065
2759,1287_LeafPhotoA_2025-09-08 16_00_42.513-05_00_1.png,3.0,2.006272006377425
2760,1287_LeafPhotoA_2025-09-08 16_00_42.513-05_00_2.png,3.0,2.0762125220075247
2765,1427_LeafPhotoB_2025-09-08 10_20_17.635-05_00_2.png,2.25,2.064912973463099
2766,1427_LeafPhotoB_2025-09-08 10_20_17.635-05_00_1.png,2.25,2.181872792973387
2767,1427_LeafPhotoB_2025-09-08 10_20_17.635-05_00_3.png,2.25,2.014293706715218
2768,1427_LeafPhotoB_2025-09-08 10_20_17.635-05_00_0.png,2.25,2.1187036603626317
2770,6044_LeafPhotoA_2025-09-09 16_03_00.837-05_00_2.png,1.5,1.7884851393943253
2771,6044_LeafPhotoA_2025-09-09 16_03_00.837-05_00_1.png,1.5,1.8562114842864263
2772,6044_LeafPhotoA_2025-09-09 16_03_00.837-05_00_0.png,1.5,1.7505595230819448
2773,6044_LeafPhotoA_2025-09-09 16_03_00.837-05_00_3.png,1.5,1.749625120404942
2815,2090_LeafPhotoA_2025-09-08 12_27_42.323-05_00_2.png,1.25,1.9699294388666246
2816,2090_LeafPhotoA_2025-09-08 12_27_42.323-05_00_3.png,1.25,1.9466724374481734
2817,2090_LeafPhotoA_2025-09-08 12_27_42.323-05_00_1.png,1.25,1.9720312201571746
2818,2090_LeafPhotoA_2025-09-08 12_27_42.323-05_00_0.png,1.25,1.9816813828344613
2841,,3.0,1.6344823300145601
2850,2210_LeafPhotoA_2025-09-08 11_00_04.684-05_00_1.png,1.25,1.657211960230547
2851,2210_LeafPhotoA_2025-09-08 11_00_04.684-05_00_2.png,1.25,1.9040441640308978
2852,2210_LeafPhotoA_2025-09-08 11_00_04.684-05_00_3.png,1.25,1.7398998986801797
2853,2210_LeafPhotoA_2025-09-08 11_00_04.684-05_00_0.png,1.25,1.6326157090928413
2904,1495_LeafPhotoB_2025-09-08 16_59_36.020-05_00_1.png,2.5,1.9122712077063349
2905,1495_LeafPhotoB_2025-09-08 16_59_36.020-05_00_2.png,2.5,1.9808411327946325
2906,1495_LeafPhotoB_2025-09-08 16_59_36.020-05_00_3.png,2.5,1.838902381133064
2907,1495_LeafPhotoB_2025-09-08 16_59_36.020-05_00_0.png,2.5,1.8664242917492715
2912,5030_LeafPhotoA_2025-09-09 16_55_05.294-05_00_0.png,1.25,1.643205823667379
2913,5030_LeafPhotoA_2025-09-09 16_55_05.294-05_00_1.png,1.25,1.7400977262989483
2914,5030_LeafPhotoA_2025-09-09 16_55_05.294-05_00_2.png,1.25,1.8885020404096569
2915,5030_LeafPhotoA_2025-09-09 16_55_05.294-05_00_3.png,1.25,1.6493841982146582
2920,2524_LeafPhotoA_2025-09-09 10_21_34.620-05_00_3.png,1.5,2.116499009156748
2921,2524_LeafPhotoA_2025-09-09 10_21_34.620-05_00_0.png,1.5,1.9812786539038243
2922,2524_LeafPhotoA_2025-09-09 10_21_34.620-05_00_2.png,1.5,2.0109797063075163
2923,2524_LeafPhotoA_2025-09-09 10_21_34.620-05_00_1.png,1.5,2.098501739849686
2928,1576_LeafPhotoA_2025-09-09 09_52_40.800-05_00_0.png,2.0,1.862933039303855
2929,1576_LeafPhotoA_2025-09-09 09_52_40.800-05_00_1.png,2.0,1.769904033847771
2934,2715_LeafPhotoA_2025-09-09 10_34_25.383-05_00_0.png,3.25,1.927468740522676
2935,2715_LeafPhotoA_2025-09-09 10_34_25.383-05_00_3.png,3.25,1.9872570545035342
2936,2715_LeafPhotoA_2025-09-09 10_34_25.383-05_00_1.png,3.25,2.025887116318278
2937,2715_LeafPhotoA_2025-09-09 10_34_25.383-05_00_2.png,3.25,1.9750443477795199
2938,2386_LeafPhotoA_2025-09-08 11_57_13.953-05_00_1.png,1.5,1.762203957277993
2939,2386_LeafPhotoA_2025-09-08 11_57_13.953-05_00_0.png,1.5,1.8244492616556887
2944,5036_LeafPhotoA_2025-09-09 17_09_44.541-05_00_0.png,1.5,1.7367011363491398
2945,5036_LeafPhotoA_2025-09-09 17_09_44.541-05_00_3.png,1.5,1.6790193057152467
2946,5036_LeafPhotoA_2025-09-09 17_09_44.541-05_00_1.png,1.5,1.8670628513871443
2947,5036_LeafPhotoA_2025-09-09 17_09_44.541-05_00_2.png,1.5,1.852369242463922
2956,2256_LeafPhotoA_2025-09-08 12_24_33.115-05_00_3.png,2.0,1.9876559496199098
2957,2256_LeafPhotoA_2025-09-08 12_24_33.115-05_00_0.png,2.0,1.9044604036864912
2958,2256_LeafPhotoA_2025-09-08 12_24_33.115-05_00_1.png,2.0,1.8648008084402476
2959,2256_LeafPhotoA_2025-09-08 12_24_33.115-05_00_2.png,2.0,1.990942091293907
2976,2386_LeafPhotoA_2025-09-08 11_56_54.323-05_00_0.png,1.25,1.7836568388880216
2977,2386_LeafPhotoA_2025-09-08 11_56_54.323-05_00_3.png,1.25,1.7690677411952112
2978,2386_LeafPhotoA_2025-09-08 11_56_54.323-05_00_2.png,1.25,1.6974528826087703
2979,2386_LeafPhotoA_2025-09-08 11_56_54.323-05_00_1.png,1.25,1.8722006667263649
2995,1943_LeafPhotoA_2025-09-09 16_00_56.560-05_00_2.png,1.5,1.835048226080818
2996,1943_LeafPhotoA_2025-09-09 16_00_56.560-05_00_0.png,1.5,1.8106382991605319
2997,1943_LeafPhotoA_2025-09-09 16_00_56.560-05_00_3.png,1.5,1.8098126130459284
2998,1943_LeafPhotoA_2025-09-09 16_00_56.560-05_00_1.png,1.5,2.024800595525372
2999,1360_LeafPhotoA_2025-09-08 12_40_13.454-05_00_0.png,2.0,1.9469248765939948
3000,1360_LeafPhotoA_2025-09-08 12_40_13.454-05_00_1.png,2.0,1.8358009583448074
3001,1360_LeafPhotoA_2025-09-08 12_40_13.454-05_00_2.png,2.0,1.8493769128067805
3002,1360_LeafPhotoA_2025-09-08 12_40_13.454-05_00_3.png,2.0,1.8467711229487416
3030,1180_LeafPhotoA_2025-09-08 16_15_29.779-05_00_3.png,2.0,1.9089746042154971
3031,1180_LeafPhotoA_2025-09-08 16_15_29.779-05_00_2.png,2.0,1.894586793333034
3032,1180_LeafPhotoA_2025-09-08 16_15_29.779-05_00_0.png,2.0,1.7511625122571568
3033,1180_LeafPhotoA_2025-09-08 16_15_29.779-05_00_1.png,2.0,1.820930096364547
3048,2204_LeafPhotoA_2025-09-08 10_51_32.424-05_00_0.png,1.0,1.5285019191737694
3049,2204_LeafPhotoA_2025-09-08 10_51_32.424-05_00_1.png,1.0,1.46690897175929
3050,2204_LeafPhotoA_2025-09-08 10_51_32.424-05_00_2.png,1.0,1.565025053148444
3051,2204_LeafPhotoA_2025-09-08 10_51_32.424-05_00_3.png,1.0,1.5646291788384479
3052,2253_LeafPhotoA_2025-09-08 12_18_44.610-05_00_3.png,1.25,1.766986664359841
3053,2253_LeafPhotoA_2025-09-08 12_18_44.610-05_00_1.png,1.25,1.693563322991295
3054,2253_LeafPhotoA_2025-09-08 12_18_44.610-05_00_2.png,1.25,1.7630638675855894
3055,2253_LeafPhotoA_2025-09-08 12_18_44.610-05_00_0.png,1.25,1.7945733234692938
3132,2197_LeafPhotoA_2025-09-08 17_08_13.372-05_00_0.png,1.5,2.022580101601509
3145,2097_LeafPhotoA_2025-09-08 12_34_03.075-05_00_1.png,2.0,1.98499395952694
3146,2097_LeafPhotoA_2025-09-08 12_34_03.075-05_00_3.png,2.0,1.9305693641409218
3147,2097_LeafPhotoA_2025-09-08 12_34_03.075-05_00_2.png,2.0,1.9960826512977365
3148,2097_LeafPhotoA_2025-09-08 12_34_03.075-05_00_0.png,2.0,2.0846915873057763
3149,1121_LeafPhotoA_2025-09-08 10_06_53.769-05_00_3.png,3.0,1.7413633352228552
3150,1121_LeafPhotoA_2025-09-08 10_06_53.769-05_00_0.png,3.0,1.669250600154758
3151,1121_LeafPhotoA_2025-09-08 10_06_53.769-05_00_1.png,3.0,1.736263835521903
3152,1121_LeafPhotoA_2025-09-08 10_06_53.769-05_00_2.png,3.0,1.6956263444883088
3202,2648_LeafPhotoA_2025-09-09 11_26_52.423-05_00_0.png,1.75,1.9171234783864544
3203,2648_LeafPhotoA_2025-09-09 11_26_52.423-05_00_1.png,1.75,2.008928696035219
3204,2648_LeafPhotoA_2025-09-09 11_26_52.423-05_00_3.png,1.75,1.7022637879070874
3205,2648_LeafPhotoA_2025-09-09 11_26_52.423-05_00_2.png,1.75,1.781036140600082
3207,2178_LeafPhotoA_2025-09-09 12_22_12.377-05_00_3.png,2.0,2.0814131257231225
3208,2178_LeafPhotoA_2025-09-09 12_22_12.377-05_00_2.png,2.0,2.157111391904287
3209,2178_LeafPhotoA_2025-09-09 12_22_12.377-05_00_0.png,2.0,2.103172511122939
3210,2178_LeafPhotoA_2025-09-09 12_22_12.377-05_00_1.png,2.0,2.027716628910948
3215,1963_LeafPhotoA_2025-09-09 17_19_17.230-05_00_0.png,1.5,1.9136511662518325
3216,1963_LeafPhotoA_2025-09-09 17_19_17.230-05_00_1.png,1.5,2.131601188702883
3217,1963_LeafPhotoA_2025-09-09 17_19_17.230-05_00_2.png,1.5,2.0427050828361395
3232,2394_LeafPhotoA_2025-09-08 12_19_48.103-05_00_2.png,3.25,1.9041041162381833
3233,2394_LeafPhotoA_2025-09-08 12_19_48.103-05_00_1.png,3.25,2.0789592622196027
3234,2394_LeafPhotoA_2025-09-08 12_19_48.103-05_00_3.png,3.25,2.0025827889900665
3235,2394_LeafPhotoA_2025-09-08 12_19_48.103-05_00_0.png,3.25,1.9664236952189855
3236,1916_LeafPhotoA_2025-09-09 14_56_01.187-05_00_2.png,1.75,1.9501996146228329
3237,1916_LeafPhotoA_2025-09-09 14_56_01.187-05_00_0.png,1.75,1.9082274462871025
3238,1916_LeafPhotoA_2025-09-09 14_56_01.187-05_00_3.png,1.75,1.9332384332616765
3239,1916_LeafPhotoA_2025-09-09 14_56_01.187-05_00_1.png,1.75,2.022064710841704
3244,,2.75,1.6344823300145601
3245,2224_LeafPhotoA_2025-09-08 11_25_14.126-05_00_0.png,2.5,1.7456843357746255
3246,2224_LeafPhotoA_2025-09-08 11_25_14.126-05_00_1.png,2.5,1.8329600787633638
3247,2224_LeafPhotoA_2025-09-08 11_25_14.126-05_00_2.png,2.5,1.732788503088328
3248,2224_LeafPhotoA_2025-09-08 11_25_14.126-05_00_3.png,2.5,1.9141536166053248
3299,2149_LeafPhotoA_2025-09-08 12_20_25.908-05_00_2.png,1.5,2.133557310770315
3300,2149_LeafPhotoA_2025-09-08 12_20_25.908-05_00_0.png,1.5,1.8590350578348591
3301,2149_LeafPhotoA_2025-09-08 12_20_25.908-05_00_1.png,1.5,1.8207299869275253
3302,2149_LeafPhotoA_2025-09-08 12_20_25.908-05_00_3.png,1.5,1.9639828694468895
3306,2656_LeafPhotoA_2025-09-09 11_29_51.657-05_00_0.png,2.5,1.7183534320601248
3315,2451_LeafPhotoB_2025-09-08 11_29_15.932-05_00_1.png,2.0,2.094081125397917
3316,2451_LeafPhotoB_2025-09-08 11_29_15.932-05_00_2.png,2.0,2.0524861738869573
3317,2451_LeafPhotoB_2025-09-08 11_29_15.932-05_00_3.png,2.0,2.259263595810094
3318,2451_LeafPhotoB_2025-09-08 11_29_15.932-05_00_0.png,2.0,2.1147925669410883
3344,1272_LeafPhotoA_2025-09-08 16_14_44.397-05_00_0.png,2.25,1.8173109420974425
3345,1272_LeafPhotoA_2025-09-08 16_14_44.397-05_00_1.png,2.25,2.017232917033517
3346,1272_LeafPhotoA_2025-09-08 16_14_44.397-05_00_2.png,2.25,2.1053431658828585
3347,1272_LeafPhotoA_2025-09-08 16_14_44.397-05_00_3.png,2.25,1.996214610547475
3355,6027_LeafPhotoA_2025-09-09 16_33_32.836-05_00_1.png,2.0,1.9472935871304802
3356,6027_LeafPhotoA_2025-09-09 16_33_32.836-05_00_0.png,2.0,1.7336012289210956
3357,6027_LeafPhotoA_2025-09-09 16_33_32.836-05_00_3.png,2.0,1.6948054721484151
3358,6027_LeafPhotoA_2025-09-09 16_33_32.836-05_00_2.png,2.0,1.9783202958247463
3389,2238_LeafPhotoA_2025-09-08 11_44_44.603-05_00_0.png,2.5,1.7254201300800802
3390,2238_LeafPhotoA_2025-09-08 11_44_44.603-05_00_1.png,2.5,1.7509386815723393
3391,2238_LeafPhotoA_2025-09-08 11_44_44.603-05_00_2.png,2.5,1.9316716065259971
3392,2238_LeafPhotoA_2025-09-08 11_44_44.603-05_00_3.png,2.5,1.7621544537683047
3393,1950_LeafPhotoA_2025-09-09 16_09_30.048-05_00_2.png,1.5,1.6421891269272624
3394,1950_LeafPhotoA_2025-09-09 16_09_30.048-05_00_1.png,1.5,1.6312708840839876
3395,1950_LeafPhotoA_2025-09-09 16_09_30.048-05_00_0.png,1.5,1.8968875236753129
3409,1381_LeafPhotoA_2025-09-08 13_01_59.229-05_00_3.png,2.25,1.7104589342210397
3410,1381_LeafPhotoA_2025-09-08 13_01_59.229-05_00_0.png,2.25,1.965921529578468
3411,1381_LeafPhotoA_2025-09-08 13_01_59.229-05_00_1.png,2.25,2.029429209845668
3412,1381_LeafPhotoA_2025-09-08 13_01_59.229-05_00_2.png,2.25,1.8848973595942562
3445,6044_LeafPhotoA_2025-09-09 16_03_43.942-05_00_3.png,1.5,1.787349024804798
3446,6044_LeafPhotoA_2025-09-09 16_03_43.942-05_00_0.png,1.5,1.8205667693951957
3447,6044_LeafPhotoA_2025-09-09 16_03_43.942-05_00_1.png,1.5,1.7112537878801302
3448,6044_LeafPhotoA_2025-09-09 16_03_43.942-05_00_2.png,1.5,1.8433902081710107
3469,1926_LeafPhotoA_2025-09-09 15_19_00.799-05_00_0.png,1.5,2.1593710861520368
3470,1926_LeafPhotoA_2025-09-09 15_19_00.799-05_00_1.png,1.5,2.1019446122172023
3471,1926_LeafPhotoA_2025-09-09 15_19_00.799-05_00_2.png,1.5,1.9529434063421112
3472,1926_LeafPhotoA_2025-09-09 15_19_00.799-05_00_3.png,1.5,1.8807334383989756
3505,2498_LeafPhotoB_2025-09-08 12_22_17.705-05_00_2.png,1.5,1.9590628615208978
3506,2498_LeafPhotoB_2025-09-08 12_22_17.705-05_00_3.png,1.5,1.903960465466283
3507,2498_LeafPhotoB_2025-09-08 12_22_17.705-05_00_0.png,1.5,1.9819003299224869
3508,2498_LeafPhotoB_2025-09-08 12_22_17.705-05_00_1.png,1.5,1.9695695099077688
3509,2150_LeafPhotoA_2025-09-08 12_22_44.950-05_00_1.png,1.75,2.034408768474764
3510,2150_LeafPhotoA_2025-09-08 12_22_44.950-05_00_2.png,1.75,2.0681812550235184
3511,2150_LeafPhotoA_2025-09-08 12_22_44.950-05_00_3.png,1.75,1.8970111183401877
3512,2150_LeafPhotoA_2025-09-08 12_22_44.950-05_00_0.png,1.75,1.9595656616976393
3525,1298_LeafPhotoA_2025-09-08 15_47_21.277-05_00_0.png,2.25,1.9152061564166851
3526,1298_LeafPhotoA_2025-09-08 15_47_21.277-05_00_1.png,2.25,1.892230773270045
3527,1298_LeafPhotoA_2025-09-08 15_47_21.277-05_00_2.png,2.25,1.8840691032622034
3528,1298_LeafPhotoA_2025-09-08 15_47_21.277-05_00_3.png,2.25,1.940639066230251
3537,1865_LeafPhotoA_2025-09-09 13_31_46.367-05_00_3.png,1.5,1.7410808674791838
3538,1865_LeafPhotoA_2025-09-09 13_31_46.367-05_00_1.png,1.5,1.747513078164416
3539,1865_LeafPhotoA_2025-09-09 13_31_46.367-05_00_0.png,1.5,1.9087321157702593
3540,1865_LeafPhotoA_2025-09-09 13_31_46.367-05_00_2.png,1.5,2.0901630645084843
3542,2084_LeafPhotoA_2025-09-08 12_20_48.194-05_00_1.png,2.25,1.8054914307855265
3543,2084_LeafPhotoA_2025-09-08 12_20_48.194-05_00_0.png,2.25,1.9126663000084152
3544,2084_LeafPhotoA_2025-09-08 12_20_48.194-05_00_2.png,2.25,2.0614284213821623
3545,2084_LeafPhotoA_2025-09-08 12_20_48.194-05_00_3.png,2.25,2.0561719533288554
18,1887_LeafPhotoA_2025-09-09 17_12_27.474-05_00_0.png,1.75,1.7928794822590643
19,1887_LeafPhotoA_2025-09-09 17_12_27.474-05_00_2.png,1.75,1.935269640194903
20,1887_LeafPhotoA_2025-09-09 17_12_27.474-05_00_1.png,1.75,1.8418828112354624
42,1900_LeafPhotoA_2025-09-09 13_45_59.573-05_00_2.png,2.5,1.8675206204936299
43,1900_LeafPhotoA_2025-09-09 13_45_59.573-05_00_0.png,2.5,1.862506267818707
44,1900_LeafPhotoA_2025-09-09 13_45_59.573-05_00_3.png,2.5,1.8655257380151549
45,1900_LeafPhotoA_2025-09-09 13_45_59.573-05_00_1.png,2.5,1.7758917812614465
85,1411_LeafPhotoA_2025-09-08 09_32_24.163-05_00_0.png,1.5,1.7687938982967293
86,1411_LeafPhotoA_2025-09-08 09_32_24.163-05_00_1.png,1.5,1.7882668649961369
87,1411_LeafPhotoA_2025-09-08 09_32_24.163-05_00_2.png,1.5,1.8031588052067677
88,1411_LeafPhotoA_2025-09-08 09_32_24.163-05_00_3.png,1.5,1.6459879716315362
103,2010_LeafPhotoA_2025-09-08 10_43_56.742-05_00_3.png,2.0,1.7279982267152372
104,2010_LeafPhotoA_2025-09-08 10_43_56.742-05_00_1.png,2.0,1.9009279949429558
105,2010_LeafPhotoA_2025-09-08 10_43_56.742-05_00_2.png,2.0,1.8377476770064094
106,2010_LeafPhotoA_2025-09-08 10_43_56.742-05_00_0.png,2.0,1.8551408840181582
110,1202_LeafPhotoA_2025-09-08 10_45_39.926-05_00_0.png,1.0,1.8408917745118791
111,1202_LeafPhotoA_2025-09-08 10_45_39.926-05_00_2.png,1.0,1.710433055801912
112,1202_LeafPhotoA_2025-09-08 10_45_39.926-05_00_3.png,1.0,1.7457974277292203
113,1202_LeafPhotoA_2025-09-08 10_45_39.926-05_00_1.png,1.0,1.6721322279157036
114,1594_LeafPhotoA_2025-09-09 09_32_04.545-05_00_0.png,2.5,1.8391099927133099
115,1594_LeafPhotoA_2025-09-09 09_32_04.545-05_00_1.png,2.5,1.8276114640728869
116,1594_LeafPhotoA_2025-09-09 09_32_04.545-05_00_2.png,2.5,1.909580648167784
117,1594_LeafPhotoA_2025-09-09 09_32_04.545-05_00_3.png,2.5,2.1019210636996433
144,2344_LeafPhotoA_2025-09-08 11_12_07.490-05_00_1.png,1.75,1.9363290370445565
145,2344_LeafPhotoA_2025-09-08 11_12_07.490-05_00_0.png,1.75,1.9330028691356724
146,2344_LeafPhotoA_2025-09-08 11_12_07.490-05_00_2.png,1.75,1.9995253814772354
147,2344_LeafPhotoA_2025-09-08 11_12_07.490-05_00_3.png,1.75,1.8085815059217847
163,1011_LeafPhotoA_2025-09-08 09_43_02.719-05_00_0.png,2.5,2.1077439060874625
164,1011_LeafPhotoA_2025-09-08 09_43_02.719-05_00_1.png,2.5,2.200996421298859
165,1011_LeafPhotoA_2025-09-08 09_43_02.719-05_00_2.png,2.5,2.116925074554574
166,1011_LeafPhotoA_2025-09-08 09_43_02.719-05_00_3.png,2.5,2.155768895104241
214,2144_LeafPhotoA_2025-09-08 12_08_32.877-05_00_0.png,1.5,1.8242684219455947
215,2144_LeafPhotoA_2025-09-08 12_08_32.877-05_00_1.png,1.5,1.723118004508233
216,2144_LeafPhotoA_2025-09-08 12_08_32.877-05_00_2.png,1.5,1.6648458866179
217,2144_LeafPhotoA_2025-09-08 12_08_32.877-05_00_3.png,1.5,1.956738806158045
222,1411_LeafPhotoA_2025-09-08 09_32_12.507-05_00_0.png,1.5,1.8539209037678221
223,1411_LeafPhotoA_2025-09-08 09_32_12.507-05_00_1.png,1.5,1.7810394910264933
224,1411_LeafPhotoA_2025-09-08 09_32_12.507-05_00_2.png,1.5,1.631754178392773
225,1411_LeafPhotoA_2025-09-08 09_32_12.507-05_00_3.png,1.5,1.63721540780502
230,1783_LeafPhotoA_2025-09-09 09_32_23.737-05_00_0.png,1.75,2.0887605862449514
231,1783_LeafPhotoA_2025-09-09 09_32_23.737-05_00_1.png,1.75,2.216450675034457
232,1783_LeafPhotoA_2025-09-09 09_32_23.737-05_00_2.png,1.75,2.124797117788578
233,1783_LeafPhotoA_2025-09-09 09_32_23.737-05_00_3.png,1.75,2.1487407435414285
238,,1.25,1.7244105996113208
257,1811_LeafPhotoA_2025-09-09 09_06_09.841-05_00_2.png,1.25,1.8948799624411305
258,1811_LeafPhotoA_2025-09-09 09_06_09.841-05_00_0.png,1.25,1.986443790907933
259,1811_LeafPhotoA_2025-09-09 09_06_09.841-05_00_1.png,1.25,1.9872617092632812
268,,2.5,1.7244105996113208
269,1197_LeafPhotoA_2025-09-08 15_42_33.635-05_00_0.png,1.25,2.181741323158855
270,1197_LeafPhotoA_2025-09-08 15_42_33.635-05_00_1.png,1.25,2.15470743615045
271,1197_LeafPhotoA_2025-09-08 15_42_33.635-05_00_2.png,1.25,2.0899161969928817
272,1197_LeafPhotoA_2025-09-08 15_42_33.635-05_00_3.png,1.25,2.143636275324101
277,2173_LeafPhotoA_2025-09-09 12_14_23.103-05_00_0.png,2.0,2.1916273219733675
278,2173_LeafPhotoA_2025-09-09 12_14_23.103-05_00_1.png,2.0,2.071379361290316
279,2173_LeafPhotoA_2025-09-09 12_14_23.103-05_00_2.png,2.0,2.068553990193299
280,2173_LeafPhotoA_2025-09-09 12_14_23.103-05_00_3.png,2.0,2.050060192441287
301,1383_LeafPhotoA_2025-09-08 13_02_56.131-05_00_0.png,1.5,1.6308206599753996
302,1383_LeafPhotoA_2025-09-08 13_02_56.131-05_00_3.png,1.5,1.763840075306746
303,1383_LeafPhotoA_2025-09-08 13_02_56.131-05_00_1.png,1.5,1.6454877453047683
304,1383_LeafPhotoA_2025-09-08 13_02_56.131-05_00_2.png,1.5,1.7687868965748965
320,2597_LeafPhotoA_2025-09-09 10_25_59.565-05_00_1.png,1.75,1.567086887596139
321,2597_LeafPhotoA_2025-09-09 10_25_59.565-05_00_3.png,1.75,1.7115936930702924
322,2597_LeafPhotoA_2025-09-09 10_25_59.565-05_00_0.png,1.75,1.639685509462267
323,2597_LeafPhotoA_2025-09-09 10_25_59.565-05_00_2.png,1.75,1.769860005499637
340,6013_LeafPhotoA_2025-09-09 16_55_44.021-05_00_2.png,1.25,1.7325348276594408
341,6013_LeafPhotoA_2025-09-09 16_55_44.021-05_00_0.png,1.25,1.8868867677313745
342,6013_LeafPhotoA_2025-09-09 16_55_44.021-05_00_1.png,1.25,1.7883404210316576
343,6013_LeafPhotoA_2025-09-09 16_55_44.021-05_00_3.png,1.25,1.5080530725200694
352,1585_LeafPhotoA_2025-09-09 09_39_14.646-05_00_0.png,3.75,2.178969786261908
353,1585_LeafPhotoA_2025-09-09 09_39_14.646-05_00_1.png,3.75,2.0616922384407372
354,1585_LeafPhotoA_2025-09-09 09_39_14.646-05_00_2.png,3.75,1.9673781326508561
355,1585_LeafPhotoA_2025-09-09 09_39_14.646-05_00_3.png,3.75,1.9818021468018543
356,1072_LeafPhotoA_2025-09-08 13_03_29.236-05_00_0.png,2.5,1.5458924081231913
357,1072_LeafPhotoA_2025-09-08 13_03_29.236-05_00_1.png,2.5,1.7755056917841332
358,1072_LeafPhotoA_2025-09-08 13_03_29.236-05_00_2.png,2.5,1.8448129171806988
359,1072_LeafPhotoA_2025-09-08 13_03_29.236-05_00_3.png,2.5,1.7715150742333652
391,2163_LeafPhotoA_2025-09-09 11_54_54.715-05_00_0.png,3.25,2.0465032010983317
392,2163_LeafPhotoA_2025-09-09 11_54_54.715-05_00_1.png,3.25,2.1068235327946043
393,2163_LeafPhotoA_2025-09-09 11_54_54.715-05_00_2.png,3.25,2.0973168471857533
394,2163_LeafPhotoA_2025-09-09 11_54_54.715-05_00_3.png,3.25,1.8929622376449138
400,1648_LeafPhotoA_2025-09-09 10_44_29.803-05_00_0.png,1.75,1.9677513898868275
401,1648_LeafPhotoA_2025-09-09 10_44_29.803-05_00_1.png,1.75,2.2166661606340656
402,1648_LeafPhotoA_2025-09-09 10_44_29.803-05_00_2.png,1.75,2.1630511858752586
403,1648_LeafPhotoA_2025-09-09 10_44_29.803-05_00_3.png,1.75,2.057882048572826
418,1615_LeafPhotoA_2025-09-09 09_39_37.565-05_00_0.png,2.0,2.0351893029812698
419,1615_LeafPhotoA_2025-09-09 09_39_37.565-05_00_3.png,2.0,1.8844305040209417
420,1615_LeafPhotoA_2025-09-09 09_39_37.565-05_00_1.png,2.0,1.9737547913754734
421,1615_LeafPhotoA_2025-09-09 09_39_37.565-05_00_2.png,2.0,1.8955389442133577
426,2765_LeafPhotoA_2025-09-09 16_06_20.833-05_00_0.png,1.75,1.6666324693618864
427,2765_LeafPhotoA_2025-09-09 16_06_20.833-05_00_1.png,1.75,1.6573761605329558
428,2765_LeafPhotoA_2025-09-09 16_06_20.833-05_00_2.png,1.75,1.7136700033698977
429,2765_LeafPhotoA_2025-09-09 16_06_20.833-05_00_3.png,1.75,1.7767969466893638
440,1702_LeafPhotoA_2025-09-09 10_12_23.395-05_00_1.png,3.0,1.8553975882796159
441,1702_LeafPhotoA_2025-09-09 10_12_23.395-05_00_3.png,3.0,1.9445173959288584
442,1702_LeafPhotoA_2025-09-09 10_12_23.395-05_00_0.png,3.0,1.8612524892749485
443,1702_LeafPhotoA_2025-09-09 10_12_23.395-05_00_2.png,3.0,1.9941609269509066
451,5008_LeafPhotoA_2025-09-09 16_06_40.356-05_00_3.png,1.25,1.7942279204726839
452,5008_LeafPhotoA_2025-09-09 16_06_40.356-05_00_0.png,1.25,1.6980291168897883
453,5008_LeafPhotoA_2025-09-09 16_06_40.356-05_00_2.png,1.25,1.845519889303485
454,5008_LeafPhotoA_2025-09-09 16_06_40.356-05_00_1.png,1.25,1.7228308555868894
459,1159_LeafPhotoA_2025-09-08 16_47_54.035-05_00_1.png,1.25,1.7971436965221326
460,1159_LeafPhotoA_2025-09-08 16_47_54.035-05_00_0.png,1.25,1.994287325614325
461,1159_LeafPhotoA_2025-09-08 16_47_54.035-05_00_2.png,1.25,1.9799077068898803
462,1159_LeafPhotoA_2025-09-08 16_47_54.035-05_00_3.png,1.25,2.0088239895182856
467,1022_LeafPhotoA_2025-09-08 09_57_30.921-05_00_0.png,1.5,2.1162724968999767
468,1022_LeafPhotoA_2025-09-08 09_57_30.921-05_00_1.png,1.5,2.043889000917276
469,1022_LeafPhotoA_2025-09-08 09_57_30.921-05_00_2.png,1.5,2.042384944724233
470,1022_LeafPhotoA_2025-09-08 09_57_30.921-05_00_3.png,1.5,2.2777466551725833
471,1099_LeafPhotoA_2025-09-08 12_38_29.235-05_00_2.png,1.25,1.6365717486874376
472,1099_LeafPhotoA_2025-09-08 12_38_29.235-05_00_3.png,1.25,1.726655773375285
473,1099_LeafPhotoA_2025-09-08 12_38_29.235-05_00_1.png,1.25,1.7421298766592892
474,1099_LeafPhotoA_2025-09-08 12_38_29.235-05_00_0.png,1.25,1.7338314881820107
475,2189_LeafPhotoA_2025-09-08 17_18_50.308-05_00_0.png,1.5,1.8526325233490608
476,2189_LeafPhotoA_2025-09-08 17_18_50.308-05_00_1.png,1.5,1.9732096096064025
477,2189_LeafPhotoA_2025-09-08 17_18_50.308-05_00_2.png,1.5,1.9718762456637364
478,2189_LeafPhotoA_2025-09-08 17_18_50.308-05_00_3.png,1.5,1.9735979706863254
494,2068_LeafPhotoA_2025-09-08 12_02_55.291-05_00_3.png,1.25,1.879279375532071
495,2068_LeafPhotoA_2025-09-08 12_02_55.291-05_00_1.png,1.25,1.8861972068447992
496,2068_LeafPhotoA_2025-09-08 12_02_55.291-05_00_0.png,1.25,1.959010838548439
497,2068_LeafPhotoA_2025-09-08 12_02_55.291-05_00_2.png,1.25,1.8746480386309379
498,1641_LeafPhotoA_2025-09-09 10_30_20.507-05_00_1.png,1.0,1.736823585495761
499,1641_LeafPhotoA_2025-09-09 10_30_20.507-05_00_2.png,1.0,1.703412997345685
500,1641_LeafPhotoA_2025-09-09 10_30_20.507-05_00_0.png,1.0,1.836728206293136
501,6013_LeafPhotoA_2025-09-09 16_56_02.230-05_00_1.png,1.25,1.544030393981574
502,6013_LeafPhotoA_2025-09-09 16_56_02.230-05_00_0.png,1.25,1.6607201774282947
503,6013_LeafPhotoA_2025-09-09 16_56_02.230-05_00_2.png,1.25,1.8472229061479124
504,6013_LeafPhotoA_2025-09-09 16_56_02.230-05_00_3.png,1.25,1.878742135052556
548,2314_LeafPhotoA_2025-09-08 10_42_26.409-05_00_1.png,1.0,1.6396888735557622
549,2314_LeafPhotoA_2025-09-08 10_42_26.409-05_00_0.png,1.0,1.6820594989402817
550,2314_LeafPhotoA_2025-09-08 10_42_26.409-05_00_2.png,1.0,1.7667148966350623
559,2347_LeafPhotoA_2025-09-08 11_14_48.020-05_00_0.png,1.5,1.8235389161237046
560,2347_LeafPhotoA_2025-09-08 11_14_48.020-05_00_1.png,1.5,1.7081134911659652
569,1445_LeafPhotoB_2025-09-08 10_34_39.346-05_00_0.png,1.75,1.8402086539513973
570,1445_LeafPhotoB_2025-09-08 10_34_39.346-05_00_2.png,1.75,1.7168926347223203
571,1445_LeafPhotoB_2025-09-08 10_34_39.346-05_00_3.png,1.75,1.669258027954694
572,1445_LeafPhotoB_2025-09-08 10_34_39.346-05_00_1.png,1.75,1.8951981744175992
589,2429_LeafPhotoB_2025-09-08 11_05_20.910-05_00_3.png,2.5,1.9840124364530818
590,2429_LeafPhotoB_2025-09-08 11_05_20.910-05_00_0.png,2.5,1.9953592466185368
591,2429_LeafPhotoB_2025-09-08 11_05_20.910-05_00_1.png,2.5,1.925817061863202
592,2429_LeafPhotoB_2025-09-08 11_05_20.910-05_00_2.png,2.5,1.9807768384933064
597,2974_LeafPhotoA_2025-09-09 16_23_04.095-05_00_0.png,3.25,2.014612806305969
598,2974_LeafPhotoA_2025-09-09 16_23_04.095-05_00_3.png,3.25,1.9919264869278879
599,2974_LeafPhotoA_2025-09-09 16_23_04.095-05_00_1.png,3.25,2.056632383213569
600,2974_LeafPhotoA_2025-09-09 16_23_04.095-05_00_2.png,3.25,2.0088765222162803
627,1413_LeafPhotoA_2025-09-08 09_35_26.834-05_00_0.png,1.75,1.6723188012524444
628,1413_LeafPhotoA_2025-09-08 09_35_26.834-05_00_1.png,1.75,1.714354700195583
629,1413_LeafPhotoA_2025-09-08 09_35_26.834-05_00_2.png,1.75,1.6417665932238643
630,1413_LeafPhotoA_2025-09-08 09_35_26.834-05_00_3.png,1.75,1.6523850632565316
639,6017_LeafPhotoA_2025-09-09 16_48_02.296-05_00_2.png,1.75,1.8438461415242942
640,6017_LeafPhotoA_2025-09-09 16_48_02.296-05_00_3.png,1.75,1.850339155050743
641,6017_LeafPhotoA_2025-09-09 16_48_02.296-05_00_0.png,1.75,1.8203705830069254
642,6017_LeafPhotoA_2025-09-09 16_48_02.296-05_00_1.png,1.75,1.9911413783531149
667,1619_LeafPhotoA_2025-09-09 09_49_42.512-05_00_3.png,1.75,2.091411999517941
668,1619_LeafPhotoA_2025-09-09 09_49_42.512-05_00_2.png,1.75,1.9636935192511102
669,1619_LeafPhotoA_2025-09-09 09_49_42.512-05_00_0.png,1.75,1.8831196307347622
670,1619_LeafPhotoA_2025-09-09 09_49_42.512-05_00_1.png,1.75,1.776265965152623
678,1531_LeafPhotoA_2025-09-09 09_29_04.886-05_00_0.png,2.25,1.9482436258366158
679,1531_LeafPhotoA_2025-09-09 09_29_04.886-05_00_1.png,2.25,2.1288218607440155
680,1531_LeafPhotoA_2025-09-09 09_29_04.886-05_00_2.png,2.25,1.8109387848590408
681,1531_LeafPhotoA_2025-09-09 09_29_04.886-05_00_3.png,2.25,2.130058924046746
690,1497_LeafPhotoB_2025-09-08 17_01_53.160-05_00_2.png,1.75,1.9383391605706806
691,1497_LeafPhotoB_2025-09-08 17_01_53.160-05_00_1.png,1.75,1.889787085274277
692,1497_LeafPhotoB_2025-09-08 17_01_53.160-05_00_3.png,1.75,1.8729958538690505
693,1497_LeafPhotoB_2025-09-08 17_01_53.160-05_00_0.png,1.75,1.9817472345926777
780,1838_LeafPhotoA_2025-09-09 09_47_07.906-05_00_3.png,1.0,1.853748128316205
781,1838_LeafPhotoA_2025-09-09 09_47_07.906-05_00_1.png,1.0,1.8006481500190012
782,1838_LeafPhotoA_2025-09-09 09_47_07.906-05_00_2.png,1.0,1.81276956943985
783,1838_LeafPhotoA_2025-09-09 09_47_07.906-05_00_0.png,1.0,1.8392578137672242
788,2683_LeafPhotoA_2025-09-09 10_58_56.882-05_00_2.png,1.0,1.8542476236179426
789,2683_LeafPhotoA_2025-09-09 10_58_56.882-05_00_3.png,1.0,1.8015597067204936
790,2683_LeafPhotoA_2025-09-09 10_58_56.882-05_00_1.png,1.0,1.798353222087779
791,2683_LeafPhotoA_2025-09-09 10_58_56.882-05_00_0.png,1.0,1.9124738399580945
799,2010_LeafPhotoA_2025-09-08 10_44_22.059-05_00_0.png,1.25,1.963199488397255
800,2010_LeafPhotoA_2025-09-08 10_44_22.059-05_00_2.png,1.25,1.9212149076024472
801,2010_LeafPhotoA_2025-09-08 10_44_22.059-05_00_3.png,1.25,1.827384388081925
802,2010_LeafPhotoA_2025-09-08 10_44_22.059-05_00_1.png,1.25,1.9886007293776382
807,1510_LeafPhotoA_2025-09-09 09_05_13.748-05_00_1.png,1.5,2.0330674312236923
808,1510_LeafPhotoA_2025-09-09 09_05_13.748-05_00_0.png,1.5,2.02176579196061
809,1510_LeafPhotoA_2025-09-09 09_05_13.748-05_00_3.png,1.5,1.7832148152334633
810,1510_LeafPhotoA_2025-09-09 09_05_13.748-05_00_2.png,1.5,1.9575011930753368
835,2662_LeafPhotoA_2025-09-09 11_35_27.644-05_00_1.png,3.5,2.121911884926919
836,2662_LeafPhotoA_2025-09-09 11_35_27.644-05_00_2.png,3.5,2.0475347334392913
837,2662_LeafPhotoA_2025-09-09 11_35_27.644-05_00_0.png,3.5,2.2909691054317856
838,2662_LeafPhotoA_2025-09-09 11_35_27.644-05_00_3.png,3.5,2.00596239270249
886,2153_LeafPhotoA_2025-09-08 12_29_10.390-05_00_1.png,1.25,1.96146953736408
887,2153_LeafPhotoA_2025-09-08 12_29_10.390-05_00_2.png,1.25,2.0395273102061897
888,2153_LeafPhotoA_2025-09-08 12_29_10.390-05_00_3.png,1.25,1.8417056714006477
889,2153_LeafPhotoA_2025-09-08 12_29_10.390-05_00_0.png,1.25,1.8913278328716256
890,2248_LeafPhotoA_2025-09-08 12_01_20.448-05_00_0.png,1.5,1.8789662260952402
891,2248_LeafPhotoA_2025-09-08 12_01_20.448-05_00_1.png,1.5,1.750094764528503
892,2248_LeafPhotoA_2025-09-08 12_01_20.448-05_00_2.png,1.5,1.9990788864303146
893,2248_LeafPhotoA_2025-09-08 12_01_20.448-05_00_3.png,1.5,1.7180362696997276
912,1811_LeafPhotoA_2025-09-09 09_05_51.708-05_00_2.png,1.5,1.6894769128654346
913,1811_LeafPhotoA_2025-09-09 09_05_51.708-05_00_1.png,1.5,1.6654925005992984
914,1811_LeafPhotoA_2025-09-09 09_05_51.708-05_00_0.png,1.5,1.7675295436833884
937,2950_LeafPhotoA_2025-09-09 16_20_58.442-05_00_0.png,2.0,1.8561939946663224
938,2950_LeafPhotoA_2025-09-09 16_20_58.442-05_00_2.png,2.0,1.8788803759033874
939,2950_LeafPhotoA_2025-09-09 16_20_58.442-05_00_1.png,2.0,1.955518131939545
940,2950_LeafPhotoA_2025-09-09 16_20_58.442-05_00_3.png,2.0,1.8251572922998662
1006,1062_LeafPhotoA_2025-09-08 12_54_11.961-05_00_0.png,3.25,2.105365616839302
1007,1062_LeafPhotoA_2025-09-08 12_54_11.961-05_00_1.png,3.25,2.032343859289898
1008,1062_LeafPhotoA_2025-09-08 12_54_11.961-05_00_2.png,3.25,2.0378423058870516
1009,1062_LeafPhotoA_2025-09-08 12_54_11.961-05_00_3.png,3.25,2.0655082230975816
1073,1402_LeafPhotoB_2025-09-08 10_39_37.458-05_00_3.png,1.75,1.9956946413579533
1074,1402_LeafPhotoB_2025-09-08 10_39_37.458-05_00_2.png,1.75,2.0158250928288894
1075,1402_LeafPhotoB_2025-09-08 10_39_37.458-05_00_0.png,1.75,1.951247478616265
1076,1402_LeafPhotoB_2025-09-08 10_39_37.458-05_00_1.png,1.75,2.033728898282607
1098,1005_LeafPhotoA_2025-09-08 09_35_15.574-05_00_0.png,2.0,1.9353074473967835
1099,1005_LeafPhotoA_2025-09-08 09_35_15.574-05_00_1.png,2.0,1.9517681539602276
1100,1005_LeafPhotoA_2025-09-08 09_35_15.574-05_00_2.png,2.0,2.0618917158652463
1101,1005_LeafPhotoA_2025-09-08 09_35_15.574-05_00_3.png,2.0,1.9228413505904682
1117,2218_LeafPhotoA_2025-09-08 11_14_46.146-05_00_0.png,1.25,1.8243005515269703
1118,2218_LeafPhotoA_2025-09-08 11_14_46.146-05_00_2.png,1.25,1.9990144320226566
1119,2218_LeafPhotoA_2025-09-08 11_14_46.146-05_00_3.png,1.25,1.8620030934971674
1120,2218_LeafPhotoA_2025-09-08 11_14_46.146-05_00_1.png,1.25,1.9382521727941482
1143,1997_LeafPhotoA_2025-09-09 15_58_29.800-05_00_3.png,2.0,2.033210977860506
1144,1997_LeafPhotoA_2025-09-09 15_58_29.800-05_00_1.png,2.0,2.1907425077005795
1145,1997_LeafPhotoA_2025-09-09 15_58_29.800-05_00_0.png,2.0,1.9498953314406835
1146,1997_LeafPhotoA_2025-09-09 15_58_29.800-05_00_2.png,2.0,2.0759145554214147
1154,1404_LeafPhotoB_2025-09-08 09_58_06.206-05_00_2.png,2.25,2.025926168884541
1155,1404_LeafPhotoB_2025-09-08 09_58_06.206-05_00_1.png,2.25,1.9768553793020716
1156,1404_LeafPhotoB_2025-09-08 09_58_06.206-05_00_3.png,2.25,1.9561944451156412
1157,1404_LeafPhotoB_2025-09-08 09_58_06.206-05_00_0.png,2.25,1.9596152926424069
1169,2189_LeafPhotoA_2025-09-08 17_18_33.881-05_00_0.png,1.0,1.7389827284616646
1170,2189_LeafPhotoA_2025-09-08 17_18_33.881-05_00_1.png,1.0,1.6870016322906756
1171,2189_LeafPhotoA_2025-09-08 17_18_33.881-05_00_2.png,1.0,1.7544823184037184
1172,2189_LeafPhotoA_2025-09-08 17_18_33.881-05_00_3.png,1.0,1.7920665252870394
1181,2273_LeafPhotoA_2025-09-08 17_10_20.317-05_00_0.png,2.0,1.858633970114586
1182,2273_LeafPhotoA_2025-09-08 17_10_20.317-05_00_3.png,2.0,1.8132208579281905
1183,2273_LeafPhotoA_2025-09-08 17_10_20.317-05_00_1.png,2.0,1.828386322703998
1184,2273_LeafPhotoA_2025-09-08 17_10_20.317-05_00_2.png,2.0,1.754854469284532
1193,2182_LeafPhotoA_2025-09-09 12_26_51.449-05_00_0.png,2.5,2.003907418447724
1194,2182_LeafPhotoA_2025-09-09 12_26_51.449-05_00_3.png,2.5,1.8642270291681575
1195,2182_LeafPhotoA_2025-09-09 12_26_51.449-05_00_2.png,2.5,1.914388044757532
1196,2182_LeafPhotoA_2025-09-09 12_26_51.449-05_00_1.png,2.5,1.86270376390707
1225,2794_LeafPhotoA_2025-09-09 11_14_44.812-05_00_0.png,1.25,1.8830423956794409
1229,1935_LeafPhotoA_2025-09-09 15_31_58.041-05_00_0.png,2.5,2.0329261706591906
1230,1935_LeafPhotoA_2025-09-09 15_31_58.041-05_00_2.png,2.5,2.1307674774069763
1231,1935_LeafPhotoA_2025-09-09 15_31_58.041-05_00_3.png,2.5,2.2466773492702035
1232,1935_LeafPhotoA_2025-09-09 15_31_58.041-05_00_1.png,2.5,2.06510081907391
1247,1350_LeafPhotoA_2025-09-08 10_18_59.648-05_00_0.png,1.75,1.6812427716345948
1248,2884_LeafPhotoA_2025-09-09 14_07_40.879-05_00_2.png,1.5,2.052417149699984
1249,2884_LeafPhotoA_2025-09-09 14_07_40.879-05_00_1.png,1.5,1.877709780066641
1250,2884_LeafPhotoA_2025-09-09 14_07_40.879-05_00_3.png,1.5,2.04513755423901
1251,2884_LeafPhotoA_2025-09-09 14_07_40.879-05_00_0.png,1.5,1.786078880033796
1265,1181_LeafPhotoA_2025-09-08 16_13_30.089-05_00_0.png,2.5,2.0664153432271433
1266,1181_LeafPhotoA_2025-09-08 16_13_30.089-05_00_1.png,2.5,2.0100301809634744
1267,1181_LeafPhotoA_2025-09-08 16_13_30.089-05_00_2.png,2.5,2.233732945850751
1268,1181_LeafPhotoA_2025-09-08 16_13_30.089-05_00_3.png,2.5,1.9798203455081949
1296,2814_LeafPhotoA_2025-09-09 10_25_44.101-05_00_3.png,3.25,1.9261875070596652
1297,2814_LeafPhotoA_2025-09-09 10_25_44.101-05_00_0.png,3.25,1.8877240461354838
1298,2814_LeafPhotoA_2025-09-09 10_25_44.101-05_00_1.png,3.25,1.9183597361732192
1299,2814_LeafPhotoA_2025-09-09 10_25_44.101-05_00_2.png,3.25,1.9947750407648346
1320,1525_LeafPhotoA_2025-09-09 09_23_09.815-05_00_1.png,2.25,1.949841905729289
1321,1525_LeafPhotoA_2025-09-09 09_23_09.815-05_00_0.png,2.25,2.0727797856880046
1322,1525_LeafPhotoA_2025-09-09 09_23_09.815-05_00_2.png,2.25,1.874581855518171
1323,1525_LeafPhotoA_2025-09-09 09_23_09.815-05_00_3.png,2.25,1.9918240388835882
1332,1402_LeafPhotoB_2025-09-08 10_40_07.212-05_00_3.png,2.25,1.9805553145738404
1333,1402_LeafPhotoB_2025-09-08 10_40_07.212-05_00_2.png,2.25,1.8791147179368084
1334,1402_LeafPhotoB_2025-09-08 10_40_07.212-05_00_1.png,2.25,1.807614642812253
1335,1402_LeafPhotoB_2025-09-08 10_40_07.212-05_00_0.png,2.25,1.99380236867992
1387,2729_LeafPhotoA_2025-09-09 10_55_43.588-05_00_1.png,4.0,2.0545261304098386
1388,2729_LeafPhotoA_2025-09-09 10_55_43.588-05_00_2.png,4.0,2.1115168022860673
1389,2729_LeafPhotoA_2025-09-09 10_55_43.588-05_00_0.png,4.0,2.148494587316279
1390,2729_LeafPhotoA_2025-09-09 10_55_43.588-05_00_3.png,4.0,2.1039775920015966
1399,2286_LeafPhotoA_2025-09-08 16_54_14.459-05_00_2.png,1.75,1.867270992765781
1400,2286_LeafPhotoA_2025-09-08 16_54_14.459-05_00_0.png,1.75,1.8056996408438695
1401,2286_LeafPhotoA_2025-09-08 16_54_14.459-05_00_3.png,1.75,1.765770743929702
1402,2286_LeafPhotoA_2025-09-08 16_54_14.459-05_00_1.png,1.75,1.7501055231922484
1403,1167_LeafPhotoA_2025-09-08 16_37_11.962-05_00_0.png,1.75,2.0538641478893265
1416,2817_LeafPhotoA_2025-09-09 10_29_25.768-05_00_0.png,1.0,1.597512184975167
1417,2817_LeafPhotoA_2025-09-09 10_29_25.768-05_00_1.png,1.0,1.5901183126406624
1418,2817_LeafPhotoA_2025-09-09 10_29_25.768-05_00_2.png,1.0,1.589308601358704
1419,2817_LeafPhotoA_2025-09-09 10_29_25.768-05_00_3.png,1.0,1.616010714030392
1459,2791_LeafPhotoA_2025-09-09 11_24_33.408-05_00_2.png,2.75,1.9036103095793737
1460,2791_LeafPhotoA_2025-09-09 11_24_33.408-05_00_0.png,2.75,1.974818964176466
1461,2791_LeafPhotoA_2025-09-09 11_24_33.408-05_00_1.png,2.75,1.8840349653866704
1462,2791_LeafPhotoA_2025-09-09 11_24_33.408-05_00_3.png,2.75,2.0192612794009603
1477,2009_LeafPhotoA_2025-09-08 10_43_35.775-05_00_2.png,1.5,1.833027716334932
1478,2009_LeafPhotoA_2025-09-08 10_43_35.775-05_00_0.png,1.5,1.82448063243919
1479,2009_LeafPhotoA_2025-09-08 10_43_35.775-05_00_1.png,1.5,1.802044467873026
1480,2009_LeafPhotoA_2025-09-08 10_43_35.775-05_00_3.png,1.5,1.7373126392495126
1510,1034_LeafPhotoA_2025-09-08 10_10_03.182-05_00_1.png,2.0,1.9397777155388907
1511,1034_LeafPhotoA_2025-09-08 10_10_03.182-05_00_0.png,2.0,2.044418322656823
1512,1034_LeafPhotoA_2025-09-08 10_10_03.182-05_00_2.png,2.0,2.0253002149075336
1531,1417_LeafPhotoB_2025-09-08 10_11_12.838-05_00_2.png,2.5,1.8501961297995302
1532,1417_LeafPhotoB_2025-09-08 10_11_12.838-05_00_0.png,2.5,1.6815296589711144
1533,1417_LeafPhotoB_2025-09-08 10_11_12.838-05_00_1.png,2.5,1.8966044522280368
1534,1417_LeafPhotoB_2025-09-08 10_11_12.838-05_00_3.png,2.5,1.8782242915216025
1543,1075_LeafPhotoA_2025-09-08 13_08_10.230-05_00_0.png,2.0,1.8622597308790718
1544,1075_LeafPhotoA_2025-09-08 13_08_10.230-05_00_1.png,2.0,2.019640240231475
1545,1075_LeafPhotoA_2025-09-08 13_08_10.230-05_00_2.png,2.0,1.8966813905263973
1546,1075_LeafPhotoA_2025-09-08 13_08_10.230-05_00_3.png,2.0,1.7289228310253641
1565,2699_LeafPhotoA_2025-09-09 10_27_27.811-05_00_1.png,3.0,1.7196053865577243
1566,2699_LeafPhotoA_2025-09-09 10_27_27.811-05_00_0.png,3.0,1.7424962697878938
1567,2699_LeafPhotoA_2025-09-09 10_27_27.811-05_00_2.png,3.0,1.8372859842484326
1568,2699_LeafPhotoA_2025-09-09 10_27_27.811-05_00_3.png,3.0,1.8310042196003309
1636,1389_LeafPhotoA_2025-09-08 13_08_37.035-05_00_0.png,1.75,1.970244760971421
1637,1389_LeafPhotoA_2025-09-08 13_08_37.035-05_00_1.png,1.75,1.9047409716938588
1638,1389_LeafPhotoA_2025-09-08 13_08_37.035-05_00_2.png,1.75,2.027256031636064
1651,2460_LeafPhotoB_2025-09-08 11_37_28.626-05_00_0.png,1.75,1.800275166661523
1652,2460_LeafPhotoB_2025-09-08 11_37_28.626-05_00_3.png,1.75,1.843533460792034
1653,2460_LeafPhotoB_2025-09-08 11_37_28.626-05_00_2.png,1.75,1.745535683602549
1654,2460_LeafPhotoB_2025-09-08 11_37_28.626-05_00_1.png,1.75,1.7989121928056329
1659,1445_LeafPhotoB_2025-09-08 10_33_50.397-05_00_3.png,1.5,1.8980358168569151
1660,1445_LeafPhotoB_2025-09-08 10_33_50.397-05_00_2.png,1.5,1.7981863871905954
1661,1445_LeafPhotoB_2025-09-08 10_33_50.397-05_00_1.png,1.5,1.8489764611248742
1662,1445_LeafPhotoB_2025-09-08 10_33_50.397-05_00_0.png,1.5,1.8676780667329962
1678,2318_LeafPhotoA_2025-09-08 10_46_13.359-05_00_1.png,1.5,1.8054822108025577
1679,2318_LeafPhotoA_2025-09-08 10_46_13.359-05_00_0.png,1.5,1.9305511354024778
1691,1234_LeafPhotoA_2025-09-08 10_20_18.045-05_00_2.png,1.75,1.8010143702911927
1692,1234_LeafPhotoA_2025-09-08 10_20_18.045-05_00_1.png,1.75,1.650886375670949
1693,1234_LeafPhotoA_2025-09-08 10_20_18.045-05_00_3.png,1.75,1.8514458430112106
1694,1234_LeafPhotoA_2025-09-08 10_20_18.045-05_00_0.png,1.75,1.7096113785541507
1695,1279_LeafPhotoA_2025-09-08 16_08_00.467-05_00_3.png,1.0,1.7629308152529648
1696,1279_LeafPhotoA_2025-09-08 16_08_00.467-05_00_0.png,1.0,1.742537745224762
1697,1279_LeafPhotoA_2025-09-08 16_08_00.467-05_00_1.png,1.0,1.6542086923009922
1698,1279_LeafPhotoA_2025-09-08 16_08_00.467-05_00_2.png,1.0,1.666937336333636
1704,1417_LeafPhotoB_2025-09-08 10_10_54.682-05_00_1.png,2.25,1.8759535069911077
1705,1417_LeafPhotoB_2025-09-08 10_10_54.682-05_00_0.png,2.25,1.87754006019619
1706,1417_LeafPhotoB_2025-09-08 10_10_54.682-05_00_2.png,2.25,1.7732339686417042
1707,1417_LeafPhotoB_2025-09-08 10_10_54.682-05_00_3.png,2.25,1.5609047011935235
1726,1043_LeafPhotoA_2025-09-08 10_21_46.526-05_00_0.png,3.0,1.9564421231355622
1727,1043_LeafPhotoA_2025-09-08 10_21_46.526-05_00_3.png,3.0,1.7850379474206044
1728,1043_LeafPhotoA_2025-09-08 10_21_46.526-05_00_1.png,3.0,1.7341830711857802
1729,1043_LeafPhotoA_2025-09-08 10_21_46.526-05_00_2.png,3.0,1.8495480181099888
1739,1488_LeafPhotoB_2025-09-08 16_52_36.463-05_00_1.png,2.75,1.7940352064986
1740,1488_LeafPhotoB_2025-09-08 16_52_36.463-05_00_2.png,2.75,1.9175473383229034
1741,1488_LeafPhotoB_2025-09-08 16_52_36.463-05_00_3.png,2.75,1.9126886462686443
1742,1488_LeafPhotoB_2025-09-08 16_52_36.463-05_00_0.png,2.75,1.7340165390688902
1761,1456_LeafPhotoB_2025-09-08 12_32_32.393-05_00_0.png,1.25,1.974855319667433
1762,1456_LeafPhotoB_2025-09-08 12_32_32.393-05_00_2.png,1.25,2.0007428605858393
1763,1456_LeafPhotoB_2025-09-08 12_32_32.393-05_00_3.png,1.25,2.0567202771133446
1764,1456_LeafPhotoB_2025-09-08 12_32_32.393-05_00_1.png,1.25,1.8629271608030562
1855,1181_LeafPhotoA_2025-09-08 16_13_46.902-05_00_0.png,2.5,2.0782504675930693
1856,1181_LeafPhotoA_2025-09-08 16_13_46.902-05_00_1.png,2.5,1.8261893611218172
1857,1181_LeafPhotoA_2025-09-08 16_13_46.902-05_00_2.png,2.5,1.9640101062481308
1858,1181_LeafPhotoA_2025-09-08 16_13_46.902-05_00_3.png,2.5,2.0179225710609594
1860,5009_LeafPhotoA_2025-09-09 16_08_39.148-05_00_1.png,1.75,1.9307553230720185
1861,5009_LeafPhotoA_2025-09-09 16_08_39.148-05_00_0.png,1.75,1.8612727047110647
1862,5009_LeafPhotoA_2025-09-09 16_08_39.148-05_00_3.png,1.75,1.65861737180706
1863,5009_LeafPhotoA_2025-09-09 16_08_39.148-05_00_2.png,1.75,1.8472914424098772
1872,1413_LeafPhotoA_2025-09-08 09_35_09.246-05_00_0.png,1.75,1.849503955816661
1873,1413_LeafPhotoA_2025-09-08 09_35_09.246-05_00_1.png,1.75,1.9717893864807694
1874,1413_LeafPhotoA_2025-09-08 09_35_09.246-05_00_2.png,1.75,1.797299619949194
1883,2586_LeafPhotoA_2025-09-09 10_34_33.986-05_00_1.png,1.25,1.6438797977545414
1884,2586_LeafPhotoA_2025-09-09 10_34_33.986-05_00_2.png,1.25,1.5794115799585162
1885,2586_LeafPhotoA_2025-09-09 10_34_33.986-05_00_0.png,1.25,1.7542595457934222
1886,2586_LeafPhotoA_2025-09-09 10_34_33.986-05_00_3.png,1.25,1.6826411084078479
1893,2055_LeafPhotoA_2025-09-08 11_49_38.748-05_00_0.png,2.75,1.9946956951072647
1894,2055_LeafPhotoA_2025-09-08 11_49_38.748-05_00_1.png,2.75,1.882607110669148
1895,2055_LeafPhotoA_2025-09-08 11_49_38.748-05_00_2.png,2.75,2.059803006420448
1924,1878_LeafPhotoA_2025-09-09 17_05_46.079-05_00_0.png,1.75,1.912515864510444
1925,1878_LeafPhotoA_2025-09-09 17_05_46.079-05_00_3.png,1.75,1.8011649475502987
1926,1878_LeafPhotoA_2025-09-09 17_05_46.079-05_00_2.png,1.75,1.8079342503270421
1927,1878_LeafPhotoA_2025-09-09 17_05_46.079-05_00_1.png,1.75,1.9618864825968896
1940,1631_LeafPhotoA_2025-09-09 10_13_12.245-05_00_1.png,1.5,1.8740013447769235
1941,1631_LeafPhotoA_2025-09-09 10_13_12.245-05_00_2.png,1.5,1.8532663444857849
1942,1631_LeafPhotoA_2025-09-09 10_13_12.245-05_00_0.png,1.5,1.8947516540812654
1943,1075_LeafPhotoA_2025-09-08 13_08_28.899-05_00_0.png,2.25,1.9449909069460267
1944,1075_LeafPhotoA_2025-09-08 13_08_28.899-05_00_1.png,2.25,1.7247209169372741
1945,1075_LeafPhotoA_2025-09-08 13_08_28.899-05_00_2.png,2.25,1.874496721822588
1946,1075_LeafPhotoA_2025-09-08 13_08_28.899-05_00_3.png,2.25,1.9382131366440591
1955,2395_LeafPhotoA_2025-09-08 12_20_28.826-05_00_1.png,1.5,1.7990166747825307
1956,2395_LeafPhotoA_2025-09-08 12_20_28.826-05_00_0.png,1.5,1.8735097111257013
1957,2395_LeafPhotoA_2025-09-08 12_20_28.826-05_00_3.png,1.5,1.6585251602421807
1958,2395_LeafPhotoA_2025-09-08 12_20_28.826-05_00_2.png,1.5,1.8208862174399485
1984,2630_LeafPhotoA_2025-09-09 11_53_58.743-05_00_0.png,2.0,2.0020752711233563
1985,2630_LeafPhotoA_2025-09-09 11_53_58.743-05_00_1.png,2.0,1.8611274673683746
1986,2630_LeafPhotoA_2025-09-09 11_53_58.743-05_00_2.png,2.0,1.9301508063807429
1987,2630_LeafPhotoA_2025-09-09 11_53_58.743-05_00_3.png,2.0,1.8775694028999483
2000,1904_LeafPhotoA_2025-09-09 14_38_44.936-05_00_1.png,1.75,1.9826788679089995
2001,1904_LeafPhotoA_2025-09-09 14_38_44.936-05_00_3.png,1.75,1.9989648218461114
2002,1904_LeafPhotoA_2025-09-09 14_38_44.936-05_00_0.png,1.75,2.0062732039430844
2003,1904_LeafPhotoA_2025-09-09 14_38_44.936-05_00_2.png,1.75,2.0247106342122816
2027,2597_LeafPhotoA_2025-09-09 10_25_46.649-05_00_2.png,1.75,1.8239790648740544
2028,2597_LeafPhotoA_2025-09-09 10_25_46.649-05_00_0.png,1.75,1.8537835547638406
2029,2597_LeafPhotoA_2025-09-09 10_25_46.649-05_00_1.png,1.75,1.7514077819943012
2067,1010_LeafPhotoA_2025-09-08 09_41_44.218-05_00_0.png,2.0,2.059736409955497
2068,1010_LeafPhotoA_2025-09-08 09_41_44.218-05_00_1.png,2.0,1.9385384142149462
2069,1010_LeafPhotoA_2025-09-08 09_41_44.218-05_00_2.png,2.0,2.0427344277843873
2070,1010_LeafPhotoA_2025-09-08 09_41_44.218-05_00_3.png,2.0,1.9915578724385556
2079,1259_LeafPhotoA_2025-09-08 16_30_23.555-05_00_1.png,2.75,1.965549849582285
2080,1259_LeafPhotoA_2025-09-08 16_30_23.555-05_00_2.png,2.75,1.8919279031780465
2081,1259_LeafPhotoA_2025-09-08 16_30_23.555-05_00_0.png,2.75,1.9589000280630728
2082,1259_LeafPhotoA_2025-09-08 16_30_23.555-05_00_3.png,2.75,1.8303176382239743
2083,2561_LeafPhotoA_2025-09-09 11_01_04.730-05_00_1.png,1.75,1.7021302498563537
2084,2561_LeafPhotoA_2025-09-09 11_01_04.730-05_00_0.png,1.75,1.692086056612215
2085,2561_LeafPhotoA_2025-09-09 11_01_04.730-05_00_2.png,1.75,1.8157123916030624
2086,2561_LeafPhotoA_2025-09-09 11_01_04.730-05_00_3.png,1.75,1.8961004850748344
2107,1202_LeafPhotoA_2025-09-08 10_46_25.784-05_00_1.png,1.25,1.6660059305192163
2108,1202_LeafPhotoA_2025-09-08 10_46_25.784-05_00_2.png,1.25,1.7724728214668368
2109,1202_LeafPhotoA_2025-09-08 10_46_25.784-05_00_0.png,1.25,1.7077410006976814
2110,1202_LeafPhotoA_2025-09-08 10_46_25.784-05_00_3.png,1.25,1.8540996589866312
2134,1746_LeafPhotoA_2025-09-09 10_03_34.287-05_00_1.png,1.5,2.1349212234139907
2135,1746_LeafPhotoA_2025-09-09 10_03_34.287-05_00_0.png,1.5,2.1078225648069986
2136,1746_LeafPhotoA_2025-09-09 10_03_34.287-05_00_2.png,1.5,1.8378016801672623
2137,1931_LeafPhotoA_2025-09-09 15_27_04.726-05_00_1.png,1.25,1.8155680331396764
2138,1931_LeafPhotoA_2025-09-09 15_27_04.726-05_00_3.png,1.25,1.9906564986427713
2139,1931_LeafPhotoA_2025-09-09 15_27_04.726-05_00_0.png,1.25,1.851763196484619
2140,1931_LeafPhotoA_2025-09-09 15_27_04.726-05_00_2.png,1.25,1.8795486953102682
2153,1206_LeafPhotoA_2025-09-08 09_30_08.342-05_00_0.png,2.0,1.6416963190680902
2154,1206_LeafPhotoA_2025-09-08 09_30_08.342-05_00_1.png,2.0,1.7775084156214573
2155,1206_LeafPhotoA_2025-09-08 09_30_08.342-05_00_2.png,2.0,1.6503293564261308
2156,1206_LeafPhotoA_2025-09-08 09_30_08.342-05_00_3.png,2.0,1.7042151017036382
2169,1163_LeafPhotoA_2025-09-08 16_42_10.758-05_00_3.png,1.25,2.0443039851445435
2170,1163_LeafPhotoA_2025-09-08 16_42_10.758-05_00_2.png,1.25,2.192974236510177
2171,1163_LeafPhotoA_2025-09-08 16_42_10.758-05_00_1.png,1.25,2.300042344787833
2172,1163_LeafPhotoA_2025-09-08 16_42_10.758-05_00_0.png,1.25,2.3262432817024417
2173,2518_LeafPhotoA_2025-09-09 10_14_44.963-05_00_2.png,2.25,2.045476042533315
2174,2518_LeafPhotoA_2025-09-09 10_14_44.963-05_00_1.png,2.25,1.9352444420541721
2175,2518_LeafPhotoA_2025-09-09 10_14_44.963-05_00_3.png,2.25,1.96911450928001
2176,2518_LeafPhotoA_2025-09-09 10_14_44.963-05_00_0.png,2.25,2.052656098158809
2181,2429_LeafPhotoB_2025-09-08 11_06_06.696-05_00_0.png,2.25,1.9782500527119
2182,1227_LeafPhotoA_2025-09-08 10_09_23.405-05_00_0.png,2.25,2.001227279917149
2183,1227_LeafPhotoA_2025-09-08 10_09_23.405-05_00_1.png,2.25,1.9655498867035845
2188,,1.75,1.7244105996113208
2206,2403_LeafPhotoB_2025-09-08 10_42_58.623-05_00_0.png,1.25,1.5342499039743256
2207,2403_LeafPhotoB_2025-09-08 10_42_58.623-05_00_1.png,1.25,1.5419019235663611
2208,2403_LeafPhotoB_2025-09-08 10_42_58.623-05_00_2.png,1.25,1.5587879344396247
2209,2403_LeafPhotoB_2025-09-08 10_42_58.623-05_00_3.png,1.25,1.6272470814198265
2223,1700_LeafPhotoA_2025-09-09 10_24_58.399-05_00_0.png,2.0,1.9484878569680237
2224,1700_LeafPhotoA_2025-09-09 10_24_58.399-05_00_1.png,2.0,1.9078086605020255
2225,1700_LeafPhotoA_2025-09-09 10_24_58.399-05_00_2.png,2.0,1.8460564580556718
2230,,1.75,1.7244105996113208
2247,1774_LeafPhotoA_2025-09-09 09_53_13.789-05_00_0.png,1.25,1.77518651157172
2248,1774_LeafPhotoA_2025-09-09 09_53_13.789-05_00_1.png,1.25,1.8005998360326674
2249,1774_LeafPhotoA_2025-09-09 09_53_13.789-05_00_2.png,1.25,1.939511661185338
2250,1774_LeafPhotoA_2025-09-09 09_53_13.789-05_00_3.png,1.25,1.9407018080724416
2251,2692_LeafPhotoA_2025-09-09 10_39_36.661-05_00_0.png,1.25,1.7754001082785345
2252,2692_LeafPhotoA_2025-09-09 10_39_36.661-05_00_1.png,1.25,1.9996605401298577
2253,2692_LeafPhotoA_2025-09-09 10_39_36.661-05_00_2.png,1.25,2.116098361518459
2254,2692_LeafPhotoA_2025-09-09 10_39_36.661-05_00_3.png,1.25,1.9237677039606096
2283,1490_LeafPhotoB_2025-09-08 16_54_44.052-05_00_2.png,1.5,1.9283488009883145
2284,1490_LeafPhotoB_2025-09-08 16_54_44.052-05_00_1.png,1.5,1.727186108927835
2285,1490_LeafPhotoB_2025-09-08 16_54_44.052-05_00_0.png,1.5,1.8978226533461284
2306,1182_LeafPhotoA_2025-09-08 16_12_58.388-05_00_1.png,1.5,2.1446768557111504
2307,1182_LeafPhotoA_2025-09-08 16_12_58.388-05_00_3.png,1.5,1.9506703234966454
2308,1182_LeafPhotoA_2025-09-08 16_12_58.388-05_00_0.png,1.5,2.1495197091967846
2309,1182_LeafPhotoA_2025-09-08 16_12_58.388-05_00_2.png,1.5,1.9926627893600841
2336,1220_LeafPhotoA_2025-09-08 09_59_32.289-05_00_1.png,2.25,1.7079895716652194
2337,1220_LeafPhotoA_2025-09-08 09_59_32.289-05_00_2.png,2.25,1.8824843575958263
2338,1220_LeafPhotoA_2025-09-08 09_59_32.289-05_00_0.png,2.25,1.9653086008781273
2339,1220_LeafPhotoA_2025-09-08 09_59_32.289-05_00_3.png,2.25,1.7432169728008071
2344,1550_LeafPhotoA_2025-09-09 09_52_22.748-05_00_3.png,2.25,2.1258537893497853
2345,1550_LeafPhotoA_2025-09-09 09_52_22.748-05_00_2.png,2.25,1.8725639309588002
2346,1550_LeafPhotoA_2025-09-09 09_52_22.748-05_00_0.png,2.25,1.9721082888385177
2347,1550_LeafPhotoA_2025-09-09 09_52_22.748-05_00_1.png,2.25,2.096141704991827
2358,2234_LeafPhotoA_2025-09-08 11_39_18.537-05_00_0.png,1.75,1.8517567230603817
2359,2234_LeafPhotoA_2025-09-08 11_39_18.537-05_00_2.png,1.75,1.9177929152970992
2360,2234_LeafPhotoA_2025-09-08 11_39_18.537-05_00_1.png,1.75,1.708379190572338
2361,2234_LeafPhotoA_2025-09-08 11_39_18.537-05_00_3.png,1.75,1.9182935019446596
2373,2201_LeafPhotoA_2025-09-08 10_47_34.501-05_00_0.png,1.25,1.660648395597081
2374,2201_LeafPhotoA_2025-09-08 10_47_34.501-05_00_1.png,1.25,1.7500655764084556
2375,2201_LeafPhotoA_2025-09-08 10_47_34.501-05_00_2.png,1.25,1.73427271006991
2376,2201_LeafPhotoA_2025-09-08 10_47_34.501-05_00_3.png,1.25,1.7557997590778889
2377,1174_LeafPhotoA_2025-09-08 16_26_52.134-05_00_0.png,1.5,1.9909283829949822
2378,1174_LeafPhotoA_2025-09-08 16_26_52.134-05_00_1.png,1.5,1.9795833871392818
2379,1174_LeafPhotoA_2025-09-08 16_26_52.134-05_00_2.png,1.5,1.9948177922801202
2380,1174_LeafPhotoA_2025-09-08 16_26_52.134-05_00_3.png,1.5,1.993595567701991
2381,1278_LeafPhotoA_2025-09-08 16_08_45.462-05_00_1.png,2.0,1.686344433728358
2382,1278_LeafPhotoA_2025-09-08 16_08_45.462-05_00_3.png,2.0,1.8181864515759762
2383,1278_LeafPhotoA_2025-09-08 16_08_45.462-05_00_0.png,2.0,1.9128188301005513
2384,1278_LeafPhotoA_2025-09-08 16_08_45.462-05_00_2.png,2.0,1.917742700519775
2385,1735_LeafPhotoA_2025-09-09 09_46_39.828-05_00_0.png,3.25,1.9537920454521305
2386,1735_LeafPhotoA_2025-09-09 09_46_39.828-05_00_1.png,3.25,2.101593326806709
2387,1735_LeafPhotoA_2025-09-09 09_46_39.828-05_00_3.png,3.25,2.125834154905715
2388,1735_LeafPhotoA_2025-09-09 09_46_39.828-05_00_2.png,3.25,1.9949552907693897
2389,2174_LeafPhotoA_2025-09-09 12_15_14.269-05_00_0.png,2.25,2.086686948696406
2390,2174_LeafPhotoA_2025-09-09 12_15_14.269-05_00_1.png,2.25,1.9220468256038228
2391,2174_LeafPhotoA_2025-09-09 12_15_14.269-05_00_2.png,2.25,2.1377964152263913
2392,2174_LeafPhotoA_2025-09-09 12_15_14.269-05_00_3.png,2.25,2.1089847296129225
2393,1702_LeafPhotoA_2025-09-09 10_12_12.772-05_00_2.png,3.0,1.9569306200000003
2394,1702_LeafPhotoA_2025-09-09 10_12_12.772-05_00_3.png,3.0,1.8950832887912643
2395,1702_LeafPhotoA_2025-09-09 10_12_12.772-05_00_0.png,3.0,1.8692055979352926
2396,1702_LeafPhotoA_2025-09-09 10_12_12.772-05_00_1.png,3.0,2.0131305033800793
2412,2101_LeafPhotoA_2025-09-08 10_53_40.932-05_00_3.png,1.75,1.795226187611517
2413,2101_LeafPhotoA_2025-09-08 10_53_40.932-05_00_1.png,1.75,1.7556281082595058
2414,2101_LeafPhotoA_2025-09-08 10_53_40.932-05_00_0.png,1.75,1.761812804297203
2415,2101_LeafPhotoA_2025-09-08 10_53_40.932-05_00_2.png,1.75,1.7519095604029946
2446,2201_LeafPhotoA_2025-09-08 10_47_11.543-05_00_1.png,1.0,1.7386384673064708
2447,2201_LeafPhotoA_2025-09-08 10_47_11.543-05_00_0.png,1.0,1.777428122678729
2448,2201_LeafPhotoA_2025-09-08 10_47_11.543-05_00_2.png,1.0,1.611259279947834
2449,2201_LeafPhotoA_2025-09-08 10_47_11.543-05_00_3.png,1.0,1.5734435959637199
2454,1784_LeafPhotoA_2025-09-09 09_29_57.480-05_00_2.png,1.5,2.022397530390091
2455,1784_LeafPhotoA_2025-09-09 09_29_57.480-05_00_1.png,1.5,2.0557796111240645
2456,1784_LeafPhotoA_2025-09-09 09_29_57.480-05_00_3.png,1.5,1.7851536789381823
2457,1784_LeafPhotoA_2025-09-09 09_29_57.480-05_00_0.png,1.5,1.7483015977949594
2458,2756_LeafPhotoA_2025-09-09 16_27_37.923-05_00_0.png,1.25,2.018336544776174
2459,2756_LeafPhotoA_2025-09-09 16_27_37.923-05_00_1.png,1.25,1.8602191992089436
2460,1329_LeafPhotoA_2025-09-08 09_56_53.667-05_00_0.png,2.5,2.007822139486011
2461,1329_LeafPhotoA_2025-09-08 09_56_53.667-05_00_3.png,2.5,2.0248916953118057
2462,1329_LeafPhotoA_2025-09-08 09_56_53.667-05_00_2.png,2.5,2.0737531498281654
2463,1329_LeafPhotoA_2025-09-08 09_56_53.667-05_00_1.png,2.5,2.0429631212494486
2464,1616_LeafPhotoA_2025-09-09 09_41_23.675-05_00_0.png,2.0,1.7933226693730009
2465,1616_LeafPhotoA_2025-09-09 09_41_23.675-05_00_1.png,2.0,1.7911763514438004
2466,1616_LeafPhotoA_2025-09-09 09_41_23.675-05_00_2.png,2.0,1.8318388060638062
2467,1616_LeafPhotoA_2025-09-09 09_41_23.675-05_00_3.png,2.0,1.8824757607494496
2468,2562_LeafPhotoA_2025-09-09 10_59_13.146-05_00_1.png,2.5,1.630448522958863
2469,2562_LeafPhotoA_2025-09-09 10_59_13.146-05_00_0.png,2.5,1.5775621013435746
2470,2562_LeafPhotoA_2025-09-09 10_59_13.146-05_00_2.png,2.5,1.9267823596775941
2490,1186_LeafPhotoA_2025-09-08 16_05_34.142-05_00_0.png,1.25,1.9457385028595837
2491,1186_LeafPhotoA_2025-09-08 16_05_34.142-05_00_1.png,1.25,1.8399248118099196
2492,1186_LeafPhotoA_2025-09-08 16_05_34.142-05_00_3.png,1.25,2.0056370812508466
2493,1186_LeafPhotoA_2025-09-08 16_05_34.142-05_00_2.png,1.25,1.9318118355310105
2528,1155_LeafPhotoA_2025-09-08 16_53_48.092-05_00_0.png,1.75,1.9652587791559482
2529,1155_LeafPhotoA_2025-09-08 16_53_48.092-05_00_1.png,1.75,1.9290466404725308
2530,1155_LeafPhotoA_2025-09-08 16_53_48.092-05_00_2.png,1.75,1.924308374065414
2546,,1.25,1.7244105996113208
2592,,2.0,1.7244105996113208
2601,1445_LeafPhotoB_2025-09-08 10_34_53.870-05_00_3.png,1.5,1.789259247437666
2602,1445_LeafPhotoB_2025-09-08 10_34_53.870-05_00_0.png,1.5,1.819425863780559
2603,1445_LeafPhotoB_2025-09-08 10_34_53.870-05_00_2.png,1.5,1.6780457673628533
2604,1445_LeafPhotoB_2025-09-08 10_34_53.870-05_00_1.png,1.5,1.6735241680525024
2613,2703_LeafPhotoA_2025-09-09 10_15_56.392-05_00_1.png,4.25,2.233286668398305
2614,2703_LeafPhotoA_2025-09-09 10_15_56.392-05_00_0.png,4.25,2.1965537305858263
2615,2703_LeafPhotoA_2025-09-09 10_15_56.392-05_00_2.png,4.25,2.2675778051752937
2616,2703_LeafPhotoA_2025-09-09 10_15_56.392-05_00_3.png,4.25,2.0790579468583545
2625,1234_LeafPhotoA_2025-09-08 10_19_27.121-05_00_3.png,1.5,1.7731636678715696
2626,1234_LeafPhotoA_2025-09-08 10_19_27.121-05_00_1.png,1.5,1.663181707534613
2627,1234_LeafPhotoA_2025-09-08 10_19_27.121-05_00_0.png,1.5,1.8589269049475845
2628,1234_LeafPhotoA_2025-09-08 10_19_27.121-05_00_2.png,1.5,1.7825922073631775
2646,2266_LeafPhotoA_2025-09-08 17_17_09.917-05_00_3.png,2.75,2.030036064060639
2647,2266_LeafPhotoA_2025-09-08 17_17_09.917-05_00_0.png,2.75,2.109446346530844
2648,2266_LeafPhotoA_2025-09-08 17_17_09.917-05_00_1.png,2.75,2.093547691794788
2649,2266_LeafPhotoA_2025-09-08 17_17_09.917-05_00_2.png,2.75,1.8505192908629662
2662,2978_LeafPhotoA_2025-09-09 16_28_25.306-05_00_3.png,1.5,1.8402606566724564
2663,2978_LeafPhotoA_2025-09-09 16_28_25.306-05_00_1.png,1.5,1.6775321788613007
2664,2978_LeafPhotoA_2025-09-09 16_28_25.306-05_00_2.png,1.5,1.735460773197338
2665,2978_LeafPhotoA_2025-09-09 16_28_25.306-05_00_0.png,1.5,1.937670123510393
2687,1891_LeafPhotoA_2025-09-09 17_16_06.533-05_00_0.png,1.5,1.9935106809738687
2688,1891_LeafPhotoA_2025-09-09 17_16_06.533-05_00_3.png,1.5,1.7505708261923172
2689,1891_LeafPhotoA_2025-09-09 17_16_06.533-05_00_1.png,1.5,1.927261298042825
2690,1891_LeafPhotoA_2025-09-09 17_16_06.533-05_00_2.png,1.5,1.9972551145481208
2719,1144_LeafPhotoA_2025-09-08 10_40_26.306-05_00_3.png,2.25,2.110624451719482
2720,1144_LeafPhotoA_2025-09-08 10_40_26.306-05_00_1.png,2.25,1.6964917811618425
2721,1144_LeafPhotoA_2025-09-08 10_40_26.306-05_00_0.png,2.25,1.7802403463449934
2722,1144_LeafPhotoA_2025-09-08 10_40_26.306-05_00_2.png,2.25,1.8678037530669473
2753,1621_LeafPhotoA_2025-09-09 09_52_05.240-05_00_3.png,1.25,1.5738824098426973
2754,1621_LeafPhotoA_2025-09-09 09_52_05.240-05_00_0.png,1.25,1.8720249937447
2755,1621_LeafPhotoA_2025-09-09 09_52_05.240-05_00_1.png,1.25,1.6507910618039796
2756,1621_LeafPhotoA_2025-09-09 09_52_05.240-05_00_2.png,1.25,1.6060556606209309
2757,,2.5,1.7244105996113208
2774,1288_LeafPhotoA_2025-09-08 15_59_14.840-05_00_2.png,1.5,1.8391961581737732
2775,1288_LeafPhotoA_2025-09-08 15_59_14.840-05_00_1.png,1.5,1.8541841300643929
2776,1288_LeafPhotoA_2025-09-08 15_59_14.840-05_00_0.png,1.5,1.8523593075646931
2784,1648_LeafPhotoA_2025-09-09 10_43_26.038-05_00_0.png,2.0,1.9868390754278211
2785,1648_LeafPhotoA_2025-09-09 10_43_26.038-05_00_1.png,2.0,1.9489972616164675
2786,1648_LeafPhotoA_2025-09-09 10_43_26.038-05_00_2.png,2.0,2.018615810838467
2787,1648_LeafPhotoA_2025-09-09 10_43_26.038-05_00_3.png,2.0,2.047401333156061
2805,,1.75,1.7244105996113208
2807,1415_LeafPhotoB_2025-09-08 10_09_27.941-05_00_0.png,1.25,1.810206096375298
2808,1415_LeafPhotoB_2025-09-08 10_09_27.941-05_00_1.png,1.25,1.844376601188145
2809,1415_LeafPhotoB_2025-09-08 10_09_27.941-05_00_2.png,1.25,1.7730470645155594
2810,1415_LeafPhotoB_2025-09-08 10_09_27.941-05_00_3.png,1.25,1.7995836719715916
2811,1829_LeafPhotoA_2025-09-09 09_31_52.096-05_00_0.png,2.25,1.6233940254845334
2812,1829_LeafPhotoA_2025-09-09 09_31_52.096-05_00_1.png,2.25,1.6645507502191532
2813,1829_LeafPhotoA_2025-09-09 09_31_52.096-05_00_2.png,2.25,1.6973724210368362
2814,1829_LeafPhotoA_2025-09-09 09_31_52.096-05_00_3.png,2.25,1.7300263721862514
2827,2802_LeafPhotoA_2025-09-09 10_10_24.476-05_00_0.png,2.25,1.927696646082673
2828,2802_LeafPhotoA_2025-09-09 10_10_24.476-05_00_1.png,2.25,1.8848195996268624
2829,2802_LeafPhotoA_2025-09-09 10_10_24.476-05_00_2.png,2.25,1.8826520296425648
2830,2802_LeafPhotoA_2025-09-09 10_10_24.476-05_00_3.png,2.25,1.9698867633524797
2831,1057_LeafPhotoA_2025-09-08 12_48_09.886-05_00_1.png,4.0,2.1239535081925522
2832,1057_LeafPhotoA_2025-09-08 12_48_09.886-05_00_0.png,4.0,2.094363289111076
2833,1803_LeafPhotoA_2025-09-09 08_52_14.872-05_00_1.png,1.5,1.645530746029319
2834,1803_LeafPhotoA_2025-09-09 08_52_14.872-05_00_3.png,1.5,1.804918145279211
2835,1803_LeafPhotoA_2025-09-09 08_52_14.872-05_00_0.png,1.5,1.8747991829842534
2836,1803_LeafPhotoA_2025-09-09 08_52_14.872-05_00_2.png,1.5,1.7566115360199908
2865,2532_LeafPhotoA_2025-09-09 10_30_36.212-05_00_0.png,1.5,1.7612340167142793
2866,2532_LeafPhotoA_2025-09-09 10_30_36.212-05_00_1.png,1.5,2.037073226017993
2867,2532_LeafPhotoA_2025-09-09 10_30_36.212-05_00_2.png,1.5,2.1324807454166503
2868,2532_LeafPhotoA_2025-09-09 10_30_36.212-05_00_3.png,1.5,2.0585982442762014
2876,2519_LeafPhotoA_2025-09-09 10_16_07.193-05_00_0.png,1.25,1.9341243985028418
2877,2519_LeafPhotoA_2025-09-09 10_16_07.193-05_00_1.png,1.25,1.8390428610964842
2878,2519_LeafPhotoA_2025-09-09 10_16_07.193-05_00_2.png,1.25,1.9016065917696727
2879,2519_LeafPhotoA_2025-09-09 10_16_07.193-05_00_3.png,1.25,1.83452898822776
2964,2783_LeafPhotoA_2025-09-09 15_14_29.872-05_00_0.png,1.25,2.135789071527618
2965,2783_LeafPhotoA_2025-09-09 15_14_29.872-05_00_1.png,1.25,1.9773342022520515
2966,2783_LeafPhotoA_2025-09-09 15_14_29.872-05_00_3.png,1.25,1.8283516521627132
2967,2783_LeafPhotoA_2025-09-09 15_14_29.872-05_00_2.png,1.25,2.002568690865806
2984,2331_LeafPhotoA_2025-09-08 10_59_46.770-05_00_1.png,2.5,1.9600740873333762
2985,2331_LeafPhotoA_2025-09-08 10_59_46.770-05_00_2.png,2.5,1.9033819428295413
2986,2331_LeafPhotoA_2025-09-08 10_59_46.770-05_00_0.png,2.5,1.9031722293941093
2987,2993_LeafPhotoA_2025-09-09 16_47_51.394-05_00_0.png,1.5,1.8982146640943462
2988,2993_LeafPhotoA_2025-09-09 16_47_51.394-05_00_3.png,1.5,2.1229887778267558
2989,2993_LeafPhotoA_2025-09-09 16_47_51.394-05_00_1.png,1.5,2.0573885638717915
2990,2993_LeafPhotoA_2025-09-09 16_47_51.394-05_00_2.png,1.5,2.104347333066614
3007,2729_LeafPhotoA_2025-09-09 10_55_26.872-05_00_0.png,2.75,2.0910757506718123
3008,2729_LeafPhotoA_2025-09-09 10_55_26.872-05_00_1.png,2.75,2.188164559406987
3009,2729_LeafPhotoA_2025-09-09 10_55_26.872-05_00_2.png,2.75,1.9719618549664975
3010,2729_LeafPhotoA_2025-09-09 10_55_26.872-05_00_3.png,2.75,2.1289530203816405
3023,1616_LeafPhotoA_2025-09-09 09_40_32.568-05_00_0.png,1.5,1.7490153312325571
3024,1616_LeafPhotoA_2025-09-09 09_40_32.568-05_00_1.png,1.5,1.8302576508432005
3025,1616_LeafPhotoA_2025-09-09 09_40_32.568-05_00_2.png,1.5,1.746661045044244
3034,,1.75,1.7244105996113208
3039,2734_LeafPhotoA_2025-09-09 11_00_52.812-05_00_0.png,2.25,2.0860955868472546
3040,2734_LeafPhotoA_2025-09-09 11_00_52.812-05_00_3.png,2.25,2.1246308288213758
3041,2734_LeafPhotoA_2025-09-09 11_00_52.812-05_00_2.png,2.25,2.184732095504093
3042,2734_LeafPhotoA_2025-09-09 11_00_52.812-05_00_1.png,2.25,2.1847376271188055
3084,2246_LeafPhotoA_2025-09-08 11_58_26.493-05_00_2.png,2.25,1.939516576259998
3085,2246_LeafPhotoA_2025-09-08 11_58_26.493-05_00_0.png,2.25,1.8603482232341317
3086,2246_LeafPhotoA_2025-09-08 11_58_26.493-05_00_3.png,2.25,1.9204534003094853
3087,2246_LeafPhotoA_2025-09-08 11_58_26.493-05_00_1.png,2.25,1.95982057048451
3088,1815_LeafPhotoA_2025-09-09 09_11_30.894-05_00_0.png,1.25,1.6791939744525117
3106,2916_LeafPhotoA_2025-09-09 16_36_27.915-05_00_0.png,3.0,1.8061776000017462
3107,2916_LeafPhotoA_2025-09-09 16_36_27.915-05_00_1.png,3.0,1.9459020498335509
3108,2916_LeafPhotoA_2025-09-09 16_36_27.915-05_00_2.png,3.0,1.7828061034548306
3113,2234_LeafPhotoA_2025-09-08 11_39_01.597-05_00_1.png,1.5,1.73192464914364
3114,2234_LeafPhotoA_2025-09-08 11_39_01.597-05_00_0.png,1.5,1.6488494608689925
3115,2234_LeafPhotoA_2025-09-08 11_39_01.597-05_00_2.png,1.5,1.875671220182841
3116,2234_LeafPhotoA_2025-09-08 11_39_01.597-05_00_3.png,1.5,1.7421730428355915
3121,1615_LeafPhotoA_2025-09-09 09_38_30.259-05_00_0.png,1.75,2.019900675098356
3122,1615_LeafPhotoA_2025-09-09 09_38_30.259-05_00_1.png,1.75,1.9793562081301053
3123,1615_LeafPhotoA_2025-09-09 09_38_30.259-05_00_2.png,1.75,1.8018369841091009
3124,1615_LeafPhotoA_2025-09-09 09_38_30.259-05_00_3.png,1.75,1.9489459369870423
3137,1528_LeafPhotoA_2025-09-09 09_26_28.328-05_00_0.png,3.25,1.9850630242126852
3138,1528_LeafPhotoA_2025-09-09 09_26_28.328-05_00_1.png,3.25,2.0039501706422618
3139,1528_LeafPhotoA_2025-09-09 09_26_28.328-05_00_2.png,3.25,1.966557612421653
3140,1528_LeafPhotoA_2025-09-09 09_26_28.328-05_00_3.png,3.25,2.2075247982004336
3165,1566_LeafPhotoA_2025-09-09 10_03_07.791-05_00_1.png,1.5,1.7202308048136807
3166,1566_LeafPhotoA_2025-09-09 10_03_07.791-05_00_0.png,1.5,1.6406814615284506
3167,1566_LeafPhotoA_2025-09-09 10_03_07.791-05_00_3.png,1.5,1.7692083999766262
3168,1566_LeafPhotoA_2025-09-09 10_03_07.791-05_00_2.png,1.5,1.762334593264064
3173,2444_LeafPhotoB_2025-09-08 11_19_56.783-05_00_0.png,2.25,1.9862187988900948
3174,2444_LeafPhotoB_2025-09-08 11_19_56.783-05_00_1.png,2.25,2.1725893147154265
3175,2444_LeafPhotoB_2025-09-08 11_19_56.783-05_00_2.png,2.25,2.2270041678603265
3176,2444_LeafPhotoB_2025-09-08 11_19_56.783-05_00_3.png,2.25,2.0178264916466833
3193,,1.25,1.7244105996113208
3206,1599_LeafPhotoA_2025-09-09 10_23_41.725-05_00_0.png,1.5,1.7699810441026307
3240,1411_LeafPhotoB_2025-09-08 10_05_27.189-05_00_0.png,1.25,1.748592404546509
3241,1411_LeafPhotoB_2025-09-08 10_05_27.189-05_00_1.png,1.25,1.650491584194496
3242,1411_LeafPhotoB_2025-09-08 10_05_27.189-05_00_2.png,1.25,1.643714202756847
3243,1411_LeafPhotoB_2025-09-08 10_05_27.189-05_00_3.png,1.25,1.6949609169022657
3249,1011_LeafPhotoA_2025-09-08 09_42_35.227-05_00_0.png,2.25,2.0911979767147626
3250,1011_LeafPhotoA_2025-09-08 09_42_35.227-05_00_1.png,2.25,2.1232680360575076
3251,1011_LeafPhotoA_2025-09-08 09_42_35.227-05_00_2.png,2.25,2.217012342894731
3255,2716_LeafPhotoA_2025-09-09 10_35_36.382-05_00_0.png,2.75,2.0198594793820934
3256,2716_LeafPhotoA_2025-09-09 10_35_36.382-05_00_1.png,2.75,1.8944244685924616
3257,2202_LeafPhotoA_2025-09-08 10_48_52.303-05_00_3.png,1.5,1.7166752063604929
3258,2202_LeafPhotoA_2025-09-08 10_48_52.303-05_00_0.png,1.5,1.6465845466802085
3259,2202_LeafPhotoA_2025-09-08 10_48_52.303-05_00_1.png,1.5,1.6591878625894447
3260,2202_LeafPhotoA_2025-09-08 10_48_52.303-05_00_2.png,1.5,1.648823622348583
3285,1933_LeafPhotoA_2025-09-09 15_28_49.123-05_00_0.png,2.25,1.8669312752212193
3286,1933_LeafPhotoA_2025-09-09 15_28_49.123-05_00_1.png,2.25,1.8042093091430829
3287,1933_LeafPhotoA_2025-09-09 15_28_49.123-05_00_2.png,2.25,1.9082206563203215
3288,1933_LeafPhotoA_2025-09-09 15_28_49.123-05_00_3.png,2.25,1.8036201262644502
3311,1828_LeafPhotoA_2025-09-09 09_30_57.848-05_00_0.png,2.0,1.9599739647137455
3312,1828_LeafPhotoA_2025-09-09 09_30_57.848-05_00_1.png,2.0,1.762864382638292
3313,1828_LeafPhotoA_2025-09-09 09_30_57.848-05_00_2.png,2.0,1.6352998931954172
3314,1828_LeafPhotoA_2025-09-09 09_30_57.848-05_00_3.png,2.0,1.7709917301078064
3326,2866_LeafPhotoA_2025-09-09 14_51_42.101-05_00_0.png,1.25,1.914551263508755
3327,2866_LeafPhotoA_2025-09-09 14_51_42.101-05_00_1.png,1.25,1.7640377401625849
3351,1815_LeafPhotoA_2025-09-09 09_11_08.154-05_00_3.png,1.5,1.8938615484062848
3352,1815_LeafPhotoA_2025-09-09 09_11_08.154-05_00_2.png,1.5,1.8685161128592356
3353,1815_LeafPhotoA_2025-09-09 09_11_08.154-05_00_0.png,1.5,1.9193318928904999
3354,1815_LeafPhotoA_2025-09-09 09_11_08.154-05_00_1.png,1.5,1.692766843225144
3365,2184_LeafPhotoA_2025-09-09 12_29_02.951-05_00_3.png,1.25,1.958094161807083
3366,2184_LeafPhotoA_2025-09-09 12_29_02.951-05_00_2.png,1.25,1.9487834682987182
3367,2184_LeafPhotoA_2025-09-09 12_29_02.951-05_00_0.png,1.25,1.8718113405490178
3368,2184_LeafPhotoA_2025-09-09 12_29_02.951-05_00_1.png,1.25,1.7184968004038113
3370,1904_LeafPhotoA_2025-09-09 14_39_09.961-05_00_0.png,4.75,2.013091417102203
3371,1904_LeafPhotoA_2025-09-09 14_39_09.961-05_00_2.png,4.75,1.9803209171423928
3372,1904_LeafPhotoA_2025-09-09 14_39_09.961-05_00_1.png,4.75,2.100930022775698
3405,2662_LeafPhotoA_2025-09-09 11_35_09.264-05_00_0.png,2.25,1.9876243058479306
3406,2662_LeafPhotoA_2025-09-09 11_35_09.264-05_00_1.png,2.25,1.9780556360053998
3407,2662_LeafPhotoA_2025-09-09 11_35_09.264-05_00_3.png,2.25,2.0793491580537933
3408,2662_LeafPhotoA_2025-09-09 11_35_09.264-05_00_2.png,2.25,2.1681214423785176
3441,2395_LeafPhotoA_2025-09-08 12_20_11.123-05_00_2.png,2.25,2.1494156024412883
3442,2395_LeafPhotoA_2025-09-08 12_20_11.123-05_00_3.png,2.25,2.098965444202769
3443,2395_LeafPhotoA_2025-09-08 12_20_11.123-05_00_0.png,2.25,1.9400221764685057
3444,2395_LeafPhotoA_2025-09-08 12_20_11.123-05_00_1.png,2.25,2.212665404847186
3479,5031_LeafPhotoA_2025-09-09 16_57_35.057-05_00_3.png,1.25,1.7116945654172198
3480,5031_LeafPhotoA_2025-09-09 16_57_35.057-05_00_2.png,1.25,1.709936984649675
3481,5031_LeafPhotoA_2025-09-09 16_57_35.057-05_00_1.png,1.25,1.8018010083835465
3482,5031_LeafPhotoA_2025-09-09 16_57_35.057-05_00_0.png,1.25,1.8216247615339387
3499,1307_LeafPhotoA_2025-09-08 09_22_15.163-05_00_2.png,1.75,1.7922695992383726
3500,1307_LeafPhotoA_2025-09-08 09_22_15.163-05_00_3.png,1.75,1.89672614979217
3501,1307_LeafPhotoA_2025-09-08 09_22_15.163-05_00_1.png,1.75,1.6075118826593404
3502,1307_LeafPhotoA_2025-09-08 09_22_15.163-05_00_0.png,1.75,1.7236060151780088
3517,2120_LeafPhotoA_2025-09-08 11_31_02.513-05_00_3.png,1.25,1.9860928186490892
3518,2120_LeafPhotoA_2025-09-08 11_31_02.513-05_00_2.png,1.25,1.9151558626688392
3519,2120_LeafPhotoA_2025-09-08 11_31_02.513-05_00_1.png,1.25,1.8500417641313913
3520,2120_LeafPhotoA_2025-09-08 11_31_02.513-05_00_0.png,1.25,1.7984619372044133
3521,1259_LeafPhotoA_2025-09-08 16_30_12.453-05_00_1.png,2.25,1.7968588807536436
3522,1259_LeafPhotoA_2025-09-08 16_30_12.453-05_00_0.png,2.25,1.8594612431261774
3523,1259_LeafPhotoA_2025-09-08 16_30_12.453-05_00_3.png,2.25,1.7232798081127465
3524,1259_LeafPhotoA_2025-09-08 16_30_12.453-05_00_2.png,2.25,1.887937485558495
3533,2318_LeafPhotoA_2025-09-08 10_46_40.691-05_00_0.png,1.0,1.7945830597072137
3534,2318_LeafPhotoA_2025-09-08 10_46_40.691-05_00_1.png,1.0,1.8259903656983274
3535,2318_LeafPhotoA_2025-09-08 10_46_40.691-05_00_3.png,1.0,1.6933011238873985
3536,2318_LeafPhotoA_2025-09-08 10_46_40.691-05_00_2.png,1.0,1.7903824448792518
3546,1806_LeafPhotoA_2025-09-09 08_58_19.870-05_00_0.png,3.0,1.8438975273884948
3547,1806_LeafPhotoA_2025-09-09 08_58_32.090-05_00_0.png,1.75,1.6821544867777016
3548,1806_LeafPhotoA_2025-09-09 08_58_32.090-05_00_3.png,1.75,1.5862898640048897
3549,1806_LeafPhotoA_2025-09-09 08_58_32.090-05_00_1.png,1.75,1.675520133443717
3550,1806_LeafPhotoA_2025-09-09 08_58_32.090-05_00_2.png,1.75,1.6691829271371983
3551,2205_LeafPhotoA_2025-09-08 10_52_49.920-05_00_2.png,2.0,1.6644568786342457
3552,2205_LeafPhotoA_2025-09-08 10_52_49.920-05_00_3.png,2.0,1.781133507348777
3553,2205_LeafPhotoA_2025-09-08 10_52_49.920-05_00_0.png,2.0,1.7300028983395128
3554,2205_LeafPhotoA_2025-09-08 10_52_49.920-05_00_1.png,2.0,1.5861018946680463
3555,2205_LeafPhotoA_2025-09-08 10_52_29.620-05_00_1.png,1.25,1.992357971333468
3556,2205_LeafPhotoA_2025-09-08 10_52_29.620-05_00_0.png,1.25,1.8980953426048617
3557,2205_LeafPhotoA_2025-09-08 10_52_29.620-05_00_3.png,1.25,1.6092563893217318
3558,2205_LeafPhotoA_2025-09-08 10_52_29.620-05_00_2.png,1.25,1.716254189585677
3559,1806_LeafPhotoA_2025-09-09 08_58_50.435-05_00_1.png,2.25,1.8802097016639518
3560,1806_LeafPhotoA_2025-09-09 08_58_50.435-05_00_2.png,2.25,2.0019482487729623
3561,1806_LeafPhotoA_2025-09-09 08_58_50.435-05_00_0.png,2.25,1.8946111673199537
3562,1806_LeafPhotoA_2025-09-09 08_58_50.435-05_00_3.png,2.25,2.019024542743656
3563,2205_LeafPhotoA_2025-09-08 10_52_09.894-05_00_1.png,1.5,1.8457332499049823
3564,2205_LeafPhotoA_2025-09-08 10_52_09.894-05_00_2.png,1.5,1.8841165924490346
3565,2205_LeafPhotoA_2025-09-08 10_52_09.894-05_00_0.png,1.5,1.8144656807049038
3566,2205_LeafPhotoA_2025-09-08 10_52_09.894-05_00_3.png,1.5,1.7440062903763438
3,2601_LeafPhotoA_2025-09-09 10_53_20.928-05_00_3.png,1.0,1.693819052915608
4,2601_LeafPhotoA_2025-09-09 10_53_20.928-05_00_0.png,1.0,1.761046307243989
5,2601_LeafPhotoA_2025-09-09 10_53_20.928-05_00_2.png,1.0,1.8209379005041006
6,2601_LeafPhotoA_2025-09-09 10_53_20.928-05_00_1.png,1.0,1.7301258547094462
34,1483_LeafPhotoB_2025-09-08 16_48_33.487-05_00_1.png,1.25,1.973066231626989
35,1483_LeafPhotoB_2025-09-08 16_48_33.487-05_00_2.png,1.25,1.72867504258942
36,1483_LeafPhotoB_2025-09-08 16_48_33.487-05_00_0.png,1.25,1.9048442629889013
37,1483_LeafPhotoB_2025-09-08 16_48_33.487-05_00_3.png,1.25,1.5985628738414142
66,1864_LeafPhotoA_2025-09-09 16_54_10.885-05_00_1.png,2.25,1.7761116560356345
67,1864_LeafPhotoA_2025-09-09 16_54_10.885-05_00_2.png,2.25,1.710244641409503
68,1864_LeafPhotoA_2025-09-09 16_54_10.885-05_00_0.png,2.25,1.6870238097466472
69,1864_LeafPhotoA_2025-09-09 16_54_10.885-05_00_3.png,2.25,1.7132656571450362
70,1459_LeafPhotoB_2025-09-08 12_35_29.491-05_00_0.png,2.5,2.121162787934461
71,1459_LeafPhotoB_2025-09-08 12_35_29.491-05_00_1.png,2.5,2.1817762948292896
72,1459_LeafPhotoB_2025-09-08 12_35_29.491-05_00_2.png,2.5,1.8824219071987331
81,2330_LeafPhotoA_2025-09-08 10_58_31.927-05_00_0.png,1.25,2.020050204273066
82,2330_LeafPhotoA_2025-09-08 10_58_31.927-05_00_3.png,1.25,1.7481134311755913
83,2330_LeafPhotoA_2025-09-08 10_58_31.927-05_00_1.png,1.25,1.707248656741327
84,2330_LeafPhotoA_2025-09-08 10_58_31.927-05_00_2.png,1.25,1.642227407407265
138,1945_LeafPhotoA_2025-09-09 16_03_25.425-05_00_0.png,2.0,2.134284896363311
139,1945_LeafPhotoA_2025-09-09 16_03_25.425-05_00_1.png,2.0,1.9298341656059588
179,1984_LeafPhotoA_2025-09-09 16_31_27.437-05_00_0.png,1.25,1.6889648434425917
180,1984_LeafPhotoA_2025-09-09 16_31_27.437-05_00_1.png,1.25,1.7379405342437704
181,1984_LeafPhotoA_2025-09-09 16_31_27.437-05_00_2.png,1.25,1.7174765645699759
182,2965_LeafPhotoA_2025-09-09 16_10_16.858-05_00_2.png,1.75,2.120316693092016
183,2965_LeafPhotoA_2025-09-09 16_10_16.858-05_00_3.png,1.75,2.1247440376530924
184,2965_LeafPhotoA_2025-09-09 16_10_16.858-05_00_1.png,1.75,1.918217827099478
185,2965_LeafPhotoA_2025-09-09 16_10_16.858-05_00_0.png,1.75,1.9333604460608618
194,1209_LeafPhotoA_2025-09-08 09_37_14.965-05_00_1.png,1.25,1.7976942326544918
195,1209_LeafPhotoA_2025-09-08 09_37_14.965-05_00_2.png,1.25,1.6587182643208174
196,1209_LeafPhotoA_2025-09-08 09_37_14.965-05_00_3.png,1.25,1.6373583185390452
197,1209_LeafPhotoA_2025-09-08 09_37_14.965-05_00_0.png,1.25,1.7337410819744417
198,1644_LeafPhotoA_2025-09-09 10_35_46.183-05_00_0.png,1.5,1.7240839498559368
199,1644_LeafPhotoA_2025-09-09 10_35_46.183-05_00_1.png,1.5,1.7140447135907169
200,1644_LeafPhotoA_2025-09-09 10_35_46.183-05_00_2.png,1.5,1.71157463035438
201,1644_LeafPhotoA_2025-09-09 10_35_46.183-05_00_3.png,1.5,1.791686483759941
202,2905_LeafPhotoA_2025-09-09 16_23_24.410-05_00_0.png,3.0,1.7084092301559153
203,2905_LeafPhotoA_2025-09-09 16_23_24.410-05_00_3.png,3.0,2.0145558780798227
204,2905_LeafPhotoA_2025-09-09 16_23_24.410-05_00_1.png,3.0,1.9451306092723715
205,2905_LeafPhotoA_2025-09-09 16_23_24.410-05_00_2.png,3.0,1.9428041498727446
218,2680_LeafPhotoA_2025-09-09 11_02_16.370-05_00_2.png,3.0,1.8322340785987752
219,2680_LeafPhotoA_2025-09-09 11_02_16.370-05_00_1.png,3.0,1.9186334911272496
220,2680_LeafPhotoA_2025-09-09 11_02_16.370-05_00_0.png,3.0,2.0339783932500874
221,2680_LeafPhotoA_2025-09-09 11_02_16.370-05_00_3.png,3.0,1.8128422899044765
249,1877_LeafPhotoA_2025-09-09 17_04_30.257-05_00_3.png,1.5,1.8828399808046907
250,1877_LeafPhotoA_2025-09-09 17_04_30.257-05_00_1.png,1.5,1.8264761411243127
251,1877_LeafPhotoA_2025-09-09 17_04_30.257-05_00_0.png,1.5,1.905005903388836
252,1877_LeafPhotoA_2025-09-09 17_04_30.257-05_00_2.png,1.5,1.8574641751652192
292,6024_LeafPhotoA_2025-09-09 16_37_05.339-05_00_0.png,1.0,1.8572891802738432
313,2891_LeafPhotoA_2025-09-09 14_01_28.259-05_00_0.png,1.75,1.8496714639258653
314,2891_LeafPhotoA_2025-09-09 14_01_28.259-05_00_1.png,1.75,2.0522986571902253
315,2891_LeafPhotoA_2025-09-09 14_01_28.259-05_00_2.png,1.75,1.8530599641989207
316,2891_LeafPhotoA_2025-09-09 14_01_28.259-05_00_3.png,1.75,1.7495367460922082
317,1233_LeafPhotoA_2025-09-08 10_18_11.748-05_00_1.png,1.0,1.7494017950251497
318,1233_LeafPhotoA_2025-09-08 10_18_11.748-05_00_2.png,1.0,2.0112107970262234
319,1233_LeafPhotoA_2025-09-08 10_18_11.748-05_00_0.png,1.0,1.849042558705483
348,1834_LeafPhotoA_2025-09-09 09_42_27.442-05_00_0.png,2.5,1.6197769252913425
349,1834_LeafPhotoA_2025-09-09 09_42_27.442-05_00_1.png,2.5,1.5984664512393574
350,1834_LeafPhotoA_2025-09-09 09_42_27.442-05_00_2.png,2.5,1.6676148424696222
351,1834_LeafPhotoA_2025-09-09 09_42_27.442-05_00_3.png,2.5,1.5996353044261817
376,2450_LeafPhotoB_2025-09-08 11_25_41.315-05_00_2.png,1.25,1.6582399775415921
377,2450_LeafPhotoB_2025-09-08 11_25_41.315-05_00_1.png,1.25,1.680584869948163
378,2450_LeafPhotoB_2025-09-08 11_25_41.315-05_00_3.png,1.25,1.7364464299890003
379,2450_LeafPhotoB_2025-09-08 11_25_41.315-05_00_0.png,1.25,1.6419409791489903
415,1306_LeafPhotoA_2025-09-08 09_21_07.935-05_00_0.png,2.0,1.8799666813449702
416,1306_LeafPhotoA_2025-09-08 09_21_07.935-05_00_1.png,2.0,1.896719763302894
417,1306_LeafPhotoA_2025-09-08 09_21_07.935-05_00_2.png,2.0,1.8860191345381692
430,1151_LeafPhotoA_2025-09-08 16_59_29.011-05_00_1.png,2.0,1.8169104804670297
431,1151_LeafPhotoA_2025-09-08 16_59_29.011-05_00_0.png,2.0,1.8592974062240202
432,1151_LeafPhotoA_2025-09-08 16_59_29.011-05_00_2.png,2.0,1.7882749518310412
483,2908_LeafPhotoA_2025-09-09 16_27_08.906-05_00_0.png,2.25,1.681701000050216
484,2908_LeafPhotoA_2025-09-09 16_27_08.906-05_00_3.png,2.25,1.867175904478004
485,2908_LeafPhotoA_2025-09-09 16_27_08.906-05_00_2.png,2.25,1.7786864825195656
486,2908_LeafPhotoA_2025-09-09 16_27_08.906-05_00_1.png,2.25,1.6530012132958638
509,1101_LeafPhotoA_2025-09-08 10_50_13.286-05_00_0.png,2.75,1.9314508257023981
510,1101_LeafPhotoA_2025-09-08 10_50_13.286-05_00_1.png,2.75,1.984189394017251
511,1101_LeafPhotoA_2025-09-08 10_50_13.286-05_00_2.png,2.75,2.1404770229072185
512,1101_LeafPhotoA_2025-09-08 10_50_13.286-05_00_3.png,2.75,1.7508752206954115
517,2652_LeafPhotoA_2025-09-09 11_26_03.712-05_00_1.png,3.0,1.8612251815414556
518,2652_LeafPhotoA_2025-09-09 11_26_03.712-05_00_3.png,3.0,1.7548690064826389
519,2652_LeafPhotoA_2025-09-09 11_26_03.712-05_00_0.png,3.0,1.7270421196933876
520,2652_LeafPhotoA_2025-09-09 11_26_03.712-05_00_2.png,3.0,1.8103563021139926
551,1711_LeafPhotoA_2025-09-09 09_06_57.472-05_00_0.png,4.5,1.9507715646738213
552,1711_LeafPhotoA_2025-09-09 09_06_57.472-05_00_1.png,4.5,1.9940919703200564
553,1711_LeafPhotoA_2025-09-09 09_06_57.472-05_00_2.png,4.5,2.120425847995315
554,1711_LeafPhotoA_2025-09-09 09_06_57.472-05_00_3.png,4.5,1.8859377673088003
573,2071_LeafPhotoA_2025-09-08 12_06_01.483-05_00_0.png,2.5,1.8745636116066169
574,2071_LeafPhotoA_2025-09-08 12_06_01.483-05_00_1.png,2.5,1.804587227583648
575,2071_LeafPhotoA_2025-09-08 12_06_01.483-05_00_2.png,2.5,1.7683307727408684
576,2071_LeafPhotoA_2025-09-08 12_06_01.483-05_00_3.png,2.5,1.8632190680084446
593,1758_LeafPhotoA_2025-09-09 10_31_19.555-05_00_0.png,2.0,1.9655274778890073
594,1758_LeafPhotoA_2025-09-09 10_31_19.555-05_00_3.png,2.0,1.8463671880503827
595,1758_LeafPhotoA_2025-09-09 10_31_19.555-05_00_1.png,2.0,2.006427309787627
596,1758_LeafPhotoA_2025-09-09 10_31_19.555-05_00_2.png,2.0,2.020581166315516
613,,4.25,1.5823559508275309
618,,2.0,1.5823559508275309
631,1469_LeafPhotoB_2025-09-08 16_35_32.382-05_00_2.png,1.0,1.907586566047793
632,1469_LeafPhotoB_2025-09-08 16_35_32.382-05_00_3.png,1.0,1.787435040519551
633,1469_LeafPhotoB_2025-09-08 16_35_32.382-05_00_0.png,1.0,1.8949350886928054
634,1469_LeafPhotoB_2025-09-08 16_35_32.382-05_00_1.png,1.0,1.8616041834036716
659,1880_LeafPhotoA_2025-09-09 13_17_54.406-05_00_0.png,1.25,1.8612139545933093
660,1880_LeafPhotoA_2025-09-09 13_17_54.406-05_00_1.png,1.25,1.9912931726587402
661,1880_LeafPhotoA_2025-09-09 13_17_54.406-05_00_3.png,1.25,1.9675507063402293
662,1880_LeafPhotoA_2025-09-09 13_17_54.406-05_00_2.png,1.25,2.041063052871515
663,2257_LeafPhotoA_2025-09-08 12_26_56.434-05_00_0.png,1.25,1.6298033590479646
664,2257_LeafPhotoA_2025-09-08 12_26_56.434-05_00_1.png,1.25,1.5453879557888357
665,2257_LeafPhotoA_2025-09-08 12_26_56.434-05_00_2.png,1.25,1.5629171527351438
666,2257_LeafPhotoA_2025-09-08 12_26_56.434-05_00_3.png,1.25,1.5160853754303825
686,1322_LeafPhotoA_2025-09-08 09_45_01.696-05_00_2.png,1.5,1.6066639611490368
687,1322_LeafPhotoA_2025-09-08 09_45_01.696-05_00_0.png,1.5,1.6381156983603773
688,1322_LeafPhotoA_2025-09-08 09_45_01.696-05_00_1.png,1.5,1.832544435733363
689,1322_LeafPhotoA_2025-09-08 09_45_01.696-05_00_3.png,1.5,1.7353116053112922
694,2552_LeafPhotoA_2025-09-09 11_07_31.178-05_00_1.png,1.75,2.08096149659755
695,2552_LeafPhotoA_2025-09-09 11_07_31.178-05_00_3.png,1.75,2.045052624628016
696,2552_LeafPhotoA_2025-09-09 11_07_31.178-05_00_2.png,1.75,2.0094730268575822
697,2552_LeafPhotoA_2025-09-09 11_07_31.178-05_00_0.png,1.75,1.8594895541200938
713,1322_LeafPhotoA_2025-09-08 09_44_46.085-05_00_0.png,1.5,1.9153120998878794
714,1322_LeafPhotoA_2025-09-08 09_44_46.085-05_00_1.png,1.5,1.8494138936237896
715,1322_LeafPhotoA_2025-09-08 09_44_46.085-05_00_2.png,1.5,1.6900867649587894
716,1322_LeafPhotoA_2025-09-08 09_44_46.085-05_00_3.png,1.5,1.6741445680893963
719,1813_LeafPhotoA_2025-09-09 09_08_08.790-05_00_0.png,1.75,1.7796670274868327
720,1813_LeafPhotoA_2025-09-09 09_08_08.790-05_00_3.png,1.75,1.7721084373814369
721,1813_LeafPhotoA_2025-09-09 09_08_08.790-05_00_1.png,1.75,1.8266963861597427
722,1813_LeafPhotoA_2025-09-09 09_08_08.790-05_00_2.png,1.75,1.9008802071251756
753,2156_LeafPhotoA_2025-09-08 12_32_46.869-05_00_0.png,3.25,2.2691958927295603
754,2156_LeafPhotoA_2025-09-08 12_32_46.869-05_00_1.png,3.25,2.1009576305456235
755,2156_LeafPhotoA_2025-09-08 12_32_46.869-05_00_2.png,3.25,2.114442747007786
773,2503_LeafPhotoA_2025-09-09 09_58_27.327-05_00_0.png,3.5,2.05294090553463
774,2503_LeafPhotoA_2025-09-09 09_58_27.327-05_00_1.png,3.5,2.092916423427042
775,2503_LeafPhotoA_2025-09-09 09_58_27.327-05_00_2.png,3.5,2.056185667644404
776,2503_LeafPhotoA_2025-09-09 09_58_27.327-05_00_3.png,3.5,2.193970980252761
831,2914_LeafPhotoA_2025-09-09 16_34_44.640-05_00_0.png,3.75,1.8373395398192705
832,2914_LeafPhotoA_2025-09-09 16_34_44.640-05_00_2.png,3.75,1.9935204430314468
833,2914_LeafPhotoA_2025-09-09 16_34_44.640-05_00_1.png,3.75,1.9240826292327597
834,2914_LeafPhotoA_2025-09-09 16_34_44.640-05_00_3.png,3.75,1.917243518663676
859,1045_LeafPhotoA_2025-09-08 10_24_39.722-05_00_0.png,1.0,1.689673700283848
860,1045_LeafPhotoA_2025-09-08 10_24_39.722-05_00_1.png,1.0,1.873307266609487
861,1045_LeafPhotoA_2025-09-08 10_24_39.722-05_00_2.png,1.0,2.0085859624471043
862,1045_LeafPhotoA_2025-09-08 10_24_39.722-05_00_3.png,1.0,1.8247036382654367
907,1284_LeafPhotoA_2025-09-08 16_03_49.001-05_00_1.png,1.25,1.7795848120317934
908,1284_LeafPhotoA_2025-09-08 16_03_49.001-05_00_0.png,1.25,1.9065224195631516
921,,3.75,1.5823559508275309
922,1081_LeafPhotoA_2025-09-08 13_14_07.416-05_00_0.png,3.0,2.040071662006187
923,1081_LeafPhotoA_2025-09-08 13_14_07.416-05_00_1.png,3.0,2.041535571962116
924,1081_LeafPhotoA_2025-09-08 13_14_07.416-05_00_2.png,3.0,1.9907115622514948
925,1081_LeafPhotoA_2025-09-08 13_14_07.416-05_00_3.png,3.0,1.8559602827942614
934,1678_LeafPhotoA_2025-09-09 09_34_24.350-05_00_0.png,3.25,1.875511353826128
935,1678_LeafPhotoA_2025-09-09 09_34_24.350-05_00_1.png,3.25,1.8915595285830873
936,1678_LeafPhotoA_2025-09-09 09_34_24.350-05_00_2.png,3.25,1.9787038666823153
960,1956_LeafPhotoA_2025-09-09 17_17_49.256-05_00_1.png,1.75,1.9167784303866924
961,1956_LeafPhotoA_2025-09-09 17_17_49.256-05_00_2.png,1.75,1.9524588346380138
962,1956_LeafPhotoA_2025-09-09 17_17_49.256-05_00_0.png,1.75,1.9531915388747827
963,1956_LeafPhotoA_2025-09-09 17_17_49.256-05_00_3.png,1.75,1.8406200240892572
964,2897_LeafPhotoA_2025-09-09 13_55_49.813-05_00_2.png,1.25,1.6877859726434123
965,2897_LeafPhotoA_2025-09-09 13_55_49.813-05_00_1.png,1.25,1.8265122423290723
966,2897_LeafPhotoA_2025-09-09 13_55_49.813-05_00_0.png,1.25,1.8519981307821858
981,2455_LeafPhotoB_2025-09-08 11_32_47.648-05_00_3.png,4.0,2.292218457894444
982,2455_LeafPhotoB_2025-09-08 11_32_47.648-05_00_2.png,4.0,2.1080913644829327
983,2455_LeafPhotoB_2025-09-08 11_32_47.648-05_00_1.png,4.0,2.069180453025967
984,2455_LeafPhotoB_2025-09-08 11_32_47.648-05_00_0.png,4.0,1.8869210394358178
993,,2.75,1.5823559508275309
994,1081_LeafPhotoA_2025-09-08 13_14_31.503-05_00_0.png,2.0,1.7572985450383385
995,1081_LeafPhotoA_2025-09-08 13_14_31.503-05_00_1.png,2.0,1.8061638108301217
996,1081_LeafPhotoA_2025-09-08 13_14_31.503-05_00_2.png,2.0,1.8322312338799625
997,1081_LeafPhotoA_2025-09-08 13_14_31.503-05_00_3.png,2.0,1.7033413830858668
998,1872_LeafPhotoA_2025-09-09 17_01_06.251-05_00_0.png,1.5,1.8244510837432912
999,1872_LeafPhotoA_2025-09-09 17_01_06.251-05_00_2.png,1.5,1.7683627903931936
1000,1872_LeafPhotoA_2025-09-09 17_01_06.251-05_00_1.png,1.5,1.6646784743679088
1001,1872_LeafPhotoA_2025-09-09 17_01_06.251-05_00_3.png,1.5,1.598684335559843
1026,2069_LeafPhotoA_2025-09-08 12_03_26.688-05_00_0.png,1.75,1.9531073301832516
1027,2069_LeafPhotoA_2025-09-08 12_03_26.688-05_00_1.png,1.75,1.7220203729234285
1028,2069_LeafPhotoA_2025-09-08 12_03_26.688-05_00_2.png,1.75,1.959339438629395
1029,2069_LeafPhotoA_2025-09-08 12_03_26.688-05_00_3.png,1.75,1.9505942952547537
1042,2687_LeafPhotoA_2025-09-09 10_47_11.070-05_00_0.png,1.0,1.8882235391538078
1043,2687_LeafPhotoA_2025-09-09 10_47_11.070-05_00_1.png,1.0,1.8252980426006742
1054,1016_LeafPhotoA_2025-09-08 09_49_45.693-05_00_0.png,2.25,2.056179205260037
1055,1016_LeafPhotoA_2025-09-08 09_49_45.693-05_00_1.png,2.25,1.7779866942107168
1056,1016_LeafPhotoA_2025-09-08 09_49_45.693-05_00_2.png,2.25,1.8429295195930018
1057,1016_LeafPhotoA_2025-09-08 09_49_45.693-05_00_3.png,2.25,2.0165800418433695
1085,,1.5,1.5823559508275309
1090,2572_LeafPhotoA_2025-09-09 10_48_03.925-05_00_2.png,1.0,1.8137615364565352
1091,2572_LeafPhotoA_2025-09-09 10_48_03.925-05_00_3.png,1.0,1.7376357277027015
1092,2572_LeafPhotoA_2025-09-09 10_48_03.925-05_00_1.png,1.0,1.8815591431030925
1093,2572_LeafPhotoA_2025-09-09 10_48_03.925-05_00_0.png,1.0,1.8526752783035658
1094,1483_LeafPhotoB_2025-09-08 16_48_47.018-05_00_0.png,1.75,1.819172390909958
1095,1483_LeafPhotoB_2025-09-08 16_48_47.018-05_00_1.png,1.75,1.6891856402192371
1096,1483_LeafPhotoB_2025-09-08 16_48_47.018-05_00_2.png,1.75,1.8027279812792347
1097,1483_LeafPhotoB_2025-09-08 16_48_47.018-05_00_3.png,1.75,1.8334489765480482
1125,2158_LeafPhotoA_2025-09-08 12_35_42.896-05_00_0.png,1.5,1.721970151916046
1126,2158_LeafPhotoA_2025-09-08 12_35_42.896-05_00_1.png,1.5,1.6544556922265903
1130,1800_LeafPhotoA_2025-09-09 10_52_27.692-05_00_0.png,1.5,1.8605207567200606
1131,1800_LeafPhotoA_2025-09-09 10_52_27.692-05_00_1.png,1.5,1.6497702321972838
1132,1800_LeafPhotoA_2025-09-09 10_52_27.692-05_00_3.png,1.5,1.7691607888102197
1133,1800_LeafPhotoA_2025-09-09 10_52_27.692-05_00_2.png,1.5,1.7642829499523072
1151,1508_LeafPhotoA_2025-09-09 09_02_17.390-05_00_0.png,1.25,2.0317909951568036
1152,1508_LeafPhotoA_2025-09-09 09_02_17.390-05_00_1.png,1.25,1.9849316238940358
1153,1508_LeafPhotoA_2025-09-09 09_02_17.390-05_00_2.png,1.25,1.9963742647746126
1165,1428_LeafPhotoB_2025-09-08 10_20_54.940-05_00_0.png,1.5,1.9681002958062737
1166,1428_LeafPhotoB_2025-09-08 10_20_54.940-05_00_1.png,1.5,1.9735423806687589
1167,1428_LeafPhotoB_2025-09-08 10_20_54.940-05_00_2.png,1.5,1.817589107868181
1168,1428_LeafPhotoB_2025-09-08 10_20_54.940-05_00_3.png,1.5,1.789707766986841
1173,1314_LeafPhotoA_2025-09-08 09_31_44.782-05_00_2.png,2.0,1.9652900532023005
1174,1314_LeafPhotoA_2025-09-08 09_31_44.782-05_00_1.png,2.0,1.753700103364021
1175,1314_LeafPhotoA_2025-09-08 09_31_44.782-05_00_3.png,2.0,2.022168218896256
1176,1314_LeafPhotoA_2025-09-08 09_31_44.782-05_00_0.png,2.0,2.1017468635783483
1189,1877_LeafPhotoA_2025-09-09 13_21_11.014-05_00_2.png,2.0,1.8767569481065018
1190,1877_LeafPhotoA_2025-09-09 13_21_11.014-05_00_0.png,2.0,1.9389380213923078
1191,1877_LeafPhotoA_2025-09-09 13_21_11.014-05_00_1.png,2.0,1.8973093859963794
1192,1877_LeafPhotoA_2025-09-09 13_21_11.014-05_00_3.png,2.0,1.9016055878568436
1221,1658_LeafPhotoA_2025-09-09 10_12_25.098-05_00_0.png,1.5,1.8725743186874186
1222,1658_LeafPhotoA_2025-09-09 10_12_25.098-05_00_2.png,1.5,1.8614396665157598
1223,1658_LeafPhotoA_2025-09-09 10_12_25.098-05_00_3.png,1.5,1.9495096763079545
1224,1658_LeafPhotoA_2025-09-09 10_12_25.098-05_00_1.png,1.5,2.0428610191032313
1269,1864_LeafPhotoA_2025-09-09 13_32_45.370-05_00_2.png,1.25,1.662081868834747
1270,1864_LeafPhotoA_2025-09-09 13_32_45.370-05_00_1.png,1.25,1.78400622760184
1271,1864_LeafPhotoA_2025-09-09 13_32_45.370-05_00_3.png,1.25,1.8288616430331788
1272,1864_LeafPhotoA_2025-09-09 13_32_45.370-05_00_0.png,1.25,1.8603408880582355
1273,2763_LeafPhotoA_2025-09-09 16_10_47.493-05_00_3.png,1.5,1.8367197384121718
1274,2763_LeafPhotoA_2025-09-09 16_10_47.493-05_00_2.png,1.5,1.8162814510803114
1275,2763_LeafPhotoA_2025-09-09 16_10_47.493-05_00_0.png,1.5,2.080927291439748
1276,2763_LeafPhotoA_2025-09-09 16_10_47.493-05_00_1.png,1.5,1.823693008066388
1281,2694_LeafPhotoA_2025-09-09 10_36_57.596-05_00_1.png,2.0,1.7905140610298076
1282,2694_LeafPhotoA_2025-09-09 10_36_57.596-05_00_0.png,2.0,1.7893333013923423
1283,2694_LeafPhotoA_2025-09-09 10_36_57.596-05_00_2.png,2.0,1.7021383296275656
1284,2694_LeafPhotoA_2025-09-09 10_36_57.596-05_00_3.png,2.0,1.699084224502278
1292,6035_LeafPhotoA_2025-09-09 16_19_41.324-05_00_3.png,1.5,1.6880032092198298
1293,6035_LeafPhotoA_2025-09-09 16_19_41.324-05_00_1.png,1.5,1.5744272019233556
1294,6035_LeafPhotoA_2025-09-09 16_19_41.324-05_00_0.png,1.5,1.5316929616167707
1295,6035_LeafPhotoA_2025-09-09 16_19_41.324-05_00_2.png,1.5,1.6176557173154495
1342,2307_LeafPhotoA_2025-09-08 10_35_04.821-05_00_0.png,1.5,1.8423532697066227
1343,2307_LeafPhotoA_2025-09-08 10_35_04.821-05_00_2.png,1.5,1.9708246210193507
1344,2307_LeafPhotoA_2025-09-08 10_35_04.821-05_00_1.png,1.5,1.8477831977748784
1345,2357_LeafPhotoA_2025-09-08 11_28_10.254-05_00_0.png,1.0,1.8164867991244018
1346,2357_LeafPhotoA_2025-09-08 11_28_10.254-05_00_1.png,1.0,1.716583693766888
1347,2357_LeafPhotoA_2025-09-08 11_28_10.254-05_00_2.png,1.0,1.62698753061524
1371,2040_LeafPhotoA_2025-09-08 11_19_26.696-05_00_0.png,1.75,2.0092556220466182
1372,2040_LeafPhotoA_2025-09-08 11_19_26.696-05_00_1.png,1.75,1.850681810454982
1373,2040_LeafPhotoA_2025-09-08 11_19_26.696-05_00_2.png,1.75,1.806116930457849
1374,2040_LeafPhotoA_2025-09-08 11_19_26.696-05_00_3.png,1.75,1.8022729421313974
1383,1077_LeafPhotoA_2025-09-08 13_10_16.495-05_00_0.png,2.5,1.7521554695734247
1384,1077_LeafPhotoA_2025-09-08 13_10_16.495-05_00_1.png,2.5,1.6657195367653705
1385,1077_LeafPhotoA_2025-09-08 13_10_16.495-05_00_2.png,2.5,1.9831370471660483
1386,1077_LeafPhotoA_2025-09-08 13_10_16.495-05_00_3.png,2.5,1.9293382710689948
1412,1119_LeafPhotoA_2025-09-08 10_03_58.358-05_00_2.png,1.75,1.816065941134996
1413,1119_LeafPhotoA_2025-09-08 10_03_58.358-05_00_1.png,1.75,1.6423086683107477
1414,1119_LeafPhotoA_2025-09-08 10_03_58.358-05_00_0.png,1.75,1.8388383228452412
1415,1119_LeafPhotoA_2025-09-08 10_03_58.358-05_00_3.png,1.75,1.9762695932351746
1424,1023_LeafPhotoA_2025-09-08 09_57_52.275-05_00_0.png,1.0,2.110030409560232
1425,1023_LeafPhotoA_2025-09-08 09_57_52.275-05_00_2.png,1.0,2.2359077047581533
1426,1023_LeafPhotoA_2025-09-08 09_57_52.275-05_00_1.png,1.0,2.067874078200245
1432,2169_LeafPhotoA_2025-09-09 12_05_18.887-05_00_3.png,2.0,2.0598050177484195
1433,2169_LeafPhotoA_2025-09-09 12_05_18.887-05_00_0.png,2.0,2.269242365767617
1434,2169_LeafPhotoA_2025-09-09 12_05_18.887-05_00_1.png,2.0,2.053897401714641
1435,2169_LeafPhotoA_2025-09-09 12_05_18.887-05_00_2.png,2.0,1.9434210443919486
1446,1428_LeafPhotoA_2025-09-08 09_50_33.027-05_00_0.png,2.0,1.849447727850496
1447,1428_LeafPhotoA_2025-09-08 09_50_33.027-05_00_1.png,2.0,1.9945501872004612
1448,1428_LeafPhotoA_2025-09-08 09_50_33.027-05_00_2.png,2.0,1.8082568131392387
1449,1428_LeafPhotoA_2025-09-08 09_50_33.027-05_00_3.png,2.0,1.9996988185882094
1451,2917_LeafPhotoA_2025-09-09 16_38_04.615-05_00_2.png,1.75,2.0381436020173913
1452,2917_LeafPhotoA_2025-09-09 16_38_04.615-05_00_1.png,1.75,1.9019202836341709
1453,2917_LeafPhotoA_2025-09-09 16_38_04.615-05_00_0.png,1.75,1.853022603087594
1454,2917_LeafPhotoA_2025-09-09 16_38_04.615-05_00_3.png,1.75,2.073500720367737
1463,1681_LeafPhotoA_2025-09-09 09_29_00.984-05_00_0.png,1.25,2.0717330435275723
1464,1681_LeafPhotoA_2025-09-09 09_29_00.984-05_00_1.png,1.25,1.880950500042293
1481,2652_LeafPhotoA_2025-09-09 11_26_15.311-05_00_2.png,3.25,2.0290614287995283
1482,2652_LeafPhotoA_2025-09-09 11_26_15.311-05_00_3.png,3.25,1.972048587667493
1483,2652_LeafPhotoA_2025-09-09 11_26_15.311-05_00_1.png,3.25,2.176100204448116
1484,2652_LeafPhotoA_2025-09-09 11_26_15.311-05_00_0.png,3.25,1.9432206840528956
1489,2117_LeafPhotoA_2025-09-08 11_22_01.521-05_00_1.png,2.25,1.8108001907121727
1490,2117_LeafPhotoA_2025-09-08 11_22_01.521-05_00_0.png,2.25,1.879132249939066
1491,2117_LeafPhotoA_2025-09-08 11_22_01.521-05_00_2.png,2.25,1.8130242482513181
1492,2117_LeafPhotoA_2025-09-08 11_22_01.521-05_00_3.png,2.25,1.6050037513736481
1516,1800_LeafPhotoA_2025-09-09 10_53_17.816-05_00_2.png,2.0,1.7757125157989353
1517,1800_LeafPhotoA_2025-09-09 10_53_17.816-05_00_3.png,2.0,1.7227029494225443
1518,1800_LeafPhotoA_2025-09-09 10_53_17.816-05_00_1.png,2.0,1.8361475751281529
1519,1800_LeafPhotoA_2025-09-09 10_53_17.816-05_00_0.png,2.0,1.6981587528157034
1551,1911_LeafPhotoA_2025-09-09 14_48_38.419-05_00_0.png,2.5,1.5950453871920334
1552,1911_LeafPhotoA_2025-09-09 14_48_38.419-05_00_1.png,2.5,1.7766872863494863
1553,1911_LeafPhotoA_2025-09-09 14_48_38.419-05_00_2.png,2.5,1.8265151071247718
1554,1911_LeafPhotoA_2025-09-09 14_48_38.419-05_00_3.png,2.5,1.7025243854738097
1569,2181_LeafPhotoA_2025-09-09 12_25_47.850-05_00_0.png,4.25,2.271946110981811
1570,2181_LeafPhotoA_2025-09-09 12_25_47.850-05_00_1.png,4.25,1.9978636794975304
1571,2181_LeafPhotoA_2025-09-09 12_25_47.850-05_00_2.png,4.25,2.0469447869086745
1572,2181_LeafPhotoA_2025-09-09 12_25_47.850-05_00_3.png,4.25,1.990802300946603
1585,1412_LeafPhotoB_2025-09-08 10_06_24.412-05_00_1.png,1.25,1.718442102327067
1586,1412_LeafPhotoB_2025-09-08 10_06_24.412-05_00_0.png,1.25,1.6836703103639785
1587,1412_LeafPhotoB_2025-09-08 10_06_24.412-05_00_2.png,1.25,1.8105984569132085
1588,1412_LeafPhotoB_2025-09-08 10_06_24.412-05_00_3.png,1.25,1.654420169192156
1589,2733_LeafPhotoA_2025-09-09 10_59_34.111-05_00_0.png,3.5,1.8326034373102396
1595,2290_LeafPhotoA_2025-09-08 16_50_22.595-05_00_2.png,2.25,1.859917465803568
1596,2290_LeafPhotoA_2025-09-08 16_50_22.595-05_00_3.png,2.25,1.7375919091658258
1597,2290_LeafPhotoA_2025-09-08 16_50_22.595-05_00_0.png,2.25,1.7872460170521527
1598,2290_LeafPhotoA_2025-09-08 16_50_22.595-05_00_1.png,2.25,1.920193657960976
1607,2491_LeafPhotoB_2025-09-08 12_06_12.641-05_00_0.png,1.5,1.9106355386126819
1608,2491_LeafPhotoB_2025-09-08 12_06_12.641-05_00_1.png,1.5,1.8173428112457741
1609,2491_LeafPhotoB_2025-09-08 12_06_12.641-05_00_2.png,1.5,1.8883695009598895
1610,2491_LeafPhotoB_2025-09-08 12_06_12.641-05_00_3.png,1.5,1.7154879711469297
1615,1403_LeafPhotoB_2025-09-08 09_57_03.631-05_00_0.png,2.0,2.0820925224076103
1616,1403_LeafPhotoB_2025-09-08 09_57_03.631-05_00_1.png,2.0,1.9746440839942434
1617,1403_LeafPhotoB_2025-09-08 09_57_03.631-05_00_2.png,2.0,1.8656878053254795
1618,1403_LeafPhotoB_2025-09-08 09_57_03.631-05_00_3.png,2.0,1.8397844585942729
1619,2481_LeafPhotoB_2025-09-08 11_58_03.951-05_00_0.png,2.5,1.9963463130839536
1620,2481_LeafPhotoB_2025-09-08 11_58_03.951-05_00_1.png,2.5,1.9099211836683039
1621,2481_LeafPhotoB_2025-09-08 11_58_03.951-05_00_2.png,2.5,2.0212640380828732
1622,2481_LeafPhotoB_2025-09-08 11_58_03.951-05_00_3.png,2.5,2.0128791398337644
1628,1412_LeafPhotoB_2025-09-08 10_06_46.177-05_00_3.png,1.25,1.7450162341582123
1629,1412_LeafPhotoB_2025-09-08 10_06_46.177-05_00_1.png,1.25,1.698177393657899
1630,1412_LeafPhotoB_2025-09-08 10_06_46.177-05_00_2.png,1.25,1.6592935090231191
1631,1412_LeafPhotoB_2025-09-08 10_06_46.177-05_00_0.png,1.25,1.7183707475633043
1639,1230_LeafPhotoA_2025-09-08 10_14_02.865-05_00_0.png,1.5,1.7331337420158517
1640,1230_LeafPhotoA_2025-09-08 10_14_02.865-05_00_1.png,1.5,1.777466515754948
1641,1230_LeafPhotoA_2025-09-08 10_14_02.865-05_00_2.png,1.5,1.9092938763002147
1642,1230_LeafPhotoA_2025-09-08 10_14_02.865-05_00_3.png,1.5,1.6853708901097397
1667,2551_LeafPhotoA_2025-09-09 11_08_14.599-05_00_2.png,1.75,1.89440749514557
1668,2551_LeafPhotoA_2025-09-09 11_08_14.599-05_00_1.png,1.75,1.7519419207974258
1669,2551_LeafPhotoA_2025-09-09 11_08_14.599-05_00_0.png,1.75,1.8933548279850512
1670,2551_LeafPhotoA_2025-09-09 11_08_14.599-05_00_3.png,1.75,1.8170687731654727
1674,1130_LeafPhotoA_2025-09-08 10_20_05.265-05_00_3.png,3.25,1.8175221949721032
1675,1130_LeafPhotoA_2025-09-08 10_20_05.265-05_00_1.png,3.25,1.817413197942731
1676,1130_LeafPhotoA_2025-09-08 10_20_05.265-05_00_2.png,3.25,1.8252110029015733
1677,1130_LeafPhotoA_2025-09-08 10_20_05.265-05_00_0.png,3.25,1.9677144886229379
1684,2191_LeafPhotoA_2025-09-08 17_16_00.546-05_00_0.png,1.5,1.818852477472325
1685,2191_LeafPhotoA_2025-09-08 17_16_00.546-05_00_1.png,1.5,1.7856286819072955
1686,2191_LeafPhotoA_2025-09-08 17_16_00.546-05_00_2.png,1.5,1.8460357164389192
1687,2992_LeafPhotoA_2025-09-09 16_46_31.136-05_00_1.png,2.25,1.9936680913470786
1688,2992_LeafPhotoA_2025-09-09 16_46_31.136-05_00_2.png,2.25,2.07329242802315
1689,2992_LeafPhotoA_2025-09-09 16_46_31.136-05_00_0.png,2.25,2.0355524412055956
1690,2992_LeafPhotoA_2025-09-09 16_46_31.136-05_00_3.png,2.25,2.2088693252508818
1702,2687_LeafPhotoA_2025-09-09 10_47_32.733-05_00_0.png,1.25,1.8927796069465246
1703,2687_LeafPhotoA_2025-09-09 10_47_32.733-05_00_1.png,1.25,1.7556322143064855
1714,1205_LeafPhotoA_2025-09-08 09_27_17.999-05_00_0.png,1.25,1.6052166730006312
1715,1205_LeafPhotoA_2025-09-08 09_27_17.999-05_00_1.png,1.25,1.6503977738002014
1716,1205_LeafPhotoA_2025-09-08 09_27_17.999-05_00_2.png,1.25,1.5995510044812
1717,1205_LeafPhotoA_2025-09-08 09_27_17.999-05_00_3.png,1.25,1.5727351881676335
1722,2450_LeafPhotoB_2025-09-08 11_25_27.986-05_00_3.png,1.5,1.7911557631019233
1723,2450_LeafPhotoB_2025-09-08 11_25_27.986-05_00_2.png,1.5,1.6451957060128972
1724,2450_LeafPhotoB_2025-09-08 11_25_27.986-05_00_0.png,1.5,1.7418949893872264
1725,2450_LeafPhotoB_2025-09-08 11_25_27.986-05_00_1.png,1.5,1.7480990595366328
1734,2763_LeafPhotoA_2025-09-09 16_11_24.849-05_00_0.png,1.75,1.9074840356018046
1735,2763_LeafPhotoA_2025-09-09 16_11_24.849-05_00_1.png,1.75,1.9909817729972779
1755,1617_LeafPhotoA_2025-09-09 09_43_56.607-05_00_1.png,1.5,1.660784755513664
1756,1617_LeafPhotoA_2025-09-09 09_43_56.607-05_00_0.png,1.5,2.00350743630402
1757,1617_LeafPhotoA_2025-09-09 09_43_56.607-05_00_3.png,1.5,1.7791766883303746
1758,1617_LeafPhotoA_2025-09-09 09_43_56.607-05_00_2.png,1.5,1.757328986987923
1759,2272_LeafPhotoA_2025-09-08 17_11_05.980-05_00_0.png,2.25,1.7847270138433549
1760,2272_LeafPhotoA_2025-09-08 17_11_05.980-05_00_1.png,2.25,1.8776665062636666
1776,2315_LeafPhotoA_2025-09-08 10_43_18.717-05_00_0.png,2.0,1.6694436142847509
1777,2315_LeafPhotoA_2025-09-08 10_43_18.717-05_00_1.png,2.0,1.692360627383775
1778,2315_LeafPhotoA_2025-09-08 10_43_18.717-05_00_2.png,2.0,1.739573489523785
1779,2315_LeafPhotoA_2025-09-08 10_43_18.717-05_00_3.png,2.0,1.7465218627718384
1780,1423_LeafPhotoB_2025-09-08 10_15_40.160-05_00_3.png,3.0,1.893571794379942
1781,1423_LeafPhotoB_2025-09-08 10_15_40.160-05_00_2.png,3.0,1.7786960832827972
1782,1423_LeafPhotoB_2025-09-08 10_15_40.160-05_00_1.png,3.0,1.7885299265443662
1783,1423_LeafPhotoB_2025-09-08 10_15_40.160-05_00_0.png,3.0,1.8971894988020663
1784,1016_LeafPhotoA_2025-09-08 09_49_16.143-05_00_0.png,2.5,1.996519723402026
1785,1016_LeafPhotoA_2025-09-08 09_49_16.143-05_00_1.png,2.5,1.9844450432125071
1786,1016_LeafPhotoA_2025-09-08 09_49_16.143-05_00_2.png,2.5,2.0840601555629616
1787,1016_LeafPhotoA_2025-09-08 09_49_16.143-05_00_3.png,2.5,2.005906054042277
1792,2526_LeafPhotoA_2025-09-09 10_24_08.055-05_00_2.png,1.75,1.8583431761978348
1793,2526_LeafPhotoA_2025-09-09 10_24_08.055-05_00_1.png,1.75,1.7751153210824249
1794,2526_LeafPhotoA_2025-09-09 10_24_08.055-05_00_3.png,1.75,1.988798345743418
1795,2526_LeafPhotoA_2025-09-09 10_24_08.055-05_00_0.png,1.75,1.7695472634735419
1812,2037_LeafPhotoA_2025-09-08 11_16_12.785-05_00_0.png,2.0,2.105246053057924
1813,2037_LeafPhotoA_2025-09-08 11_16_12.785-05_00_2.png,2.0,2.0070262944507338
1814,2037_LeafPhotoA_2025-09-08 11_16_12.785-05_00_3.png,2.0,2.2243008443064083
1815,2037_LeafPhotoA_2025-09-08 11_16_12.785-05_00_1.png,2.0,2.0307603512355588
1816,2269_LeafPhotoA_2025-09-08 17_13_41.456-05_00_3.png,2.5,1.9870029488565908
1817,2269_LeafPhotoA_2025-09-08 17_13_41.456-05_00_0.png,2.5,1.8858507490370406
1818,2269_LeafPhotoA_2025-09-08 17_13_41.456-05_00_1.png,2.5,1.8415384305774198
1819,2269_LeafPhotoA_2025-09-08 17_13_41.456-05_00_2.png,2.5,1.9492397080849568
1835,1981_LeafPhotoA_2025-09-09 16_40_09.824-05_00_1.png,1.0,1.7206083037136164
1836,1981_LeafPhotoA_2025-09-09 16_40_09.824-05_00_2.png,1.0,1.7504797353623545
1837,1981_LeafPhotoA_2025-09-09 16_40_09.824-05_00_3.png,1.0,1.8380151744701374
1838,1981_LeafPhotoA_2025-09-09 16_40_09.824-05_00_0.png,1.0,1.715891277753893
1843,1392_LeafPhotoA_2025-09-08 13_12_01.932-05_00_0.png,2.25,1.8709055798164262
1844,1392_LeafPhotoA_2025-09-08 13_12_01.932-05_00_1.png,2.25,1.9327780033971016
1845,1392_LeafPhotoA_2025-09-08 13_12_01.932-05_00_2.png,2.25,2.078218196685495
1846,1392_LeafPhotoA_2025-09-08 13_12_01.932-05_00_3.png,2.25,1.7684841430391938
1902,1209_LeafPhotoA_2025-09-08 09_36_46.496-05_00_0.png,1.0,1.879212158673048
1903,1209_LeafPhotoA_2025-09-08 09_36_46.496-05_00_2.png,1.0,1.876644046071533
1904,1209_LeafPhotoA_2025-09-08 09_36_46.496-05_00_1.png,1.0,1.8529359503827145
1905,1209_LeafPhotoA_2025-09-08 09_36_46.496-05_00_3.png,1.0,1.853533098867077
1906,1487_LeafPhotoB_2025-09-08 16_51_33.738-05_00_0.png,1.75,1.762884642044616
1907,1487_LeafPhotoB_2025-09-08 16_51_33.738-05_00_1.png,1.75,1.7672166522740245
1908,1487_LeafPhotoB_2025-09-08 16_51_33.738-05_00_2.png,1.75,1.8481080016796911
1909,1487_LeafPhotoB_2025-09-08 16_51_33.738-05_00_3.png,1.75,1.7431979587722857
1928,2717_LeafPhotoA_2025-09-09 10_36_42.002-05_00_1.png,4.5,2.0897341893196666
1929,2717_LeafPhotoA_2025-09-09 10_36_42.002-05_00_3.png,4.5,2.072252522154272
1930,2717_LeafPhotoA_2025-09-09 10_36_42.002-05_00_2.png,4.5,1.9630050195842819
1931,2717_LeafPhotoA_2025-09-09 10_36_42.002-05_00_0.png,4.5,1.9574067305888112
1989,2723_LeafPhotoA_2025-09-09 10_44_34.871-05_00_2.png,3.25,2.1951055069532717
1990,2723_LeafPhotoA_2025-09-09 10_44_34.871-05_00_1.png,3.25,1.9957595735045177
1991,2723_LeafPhotoA_2025-09-09 10_44_34.871-05_00_3.png,3.25,2.0521199060925737
1992,2723_LeafPhotoA_2025-09-09 10_44_34.871-05_00_0.png,3.25,1.9566452020148306
1993,1125_LeafPhotoA_2025-09-08 10_12_23.672-05_00_0.png,1.75,1.7254087068547208
1994,1125_LeafPhotoA_2025-09-08 10_12_23.672-05_00_2.png,1.75,1.749990092445395
1995,1125_LeafPhotoA_2025-09-08 10_12_23.672-05_00_3.png,1.75,1.790675296068846
1996,1125_LeafPhotoA_2025-09-08 10_12_23.672-05_00_1.png,1.75,1.7317988447633375
1997,2678_LeafPhotoA_2025-09-09 11_04_41.551-05_00_0.png,2.0,2.0289528034395725
1998,2678_LeafPhotoA_2025-09-09 11_04_41.551-05_00_1.png,2.0,2.158063597514133
1999,2678_LeafPhotoA_2025-09-09 11_04_41.551-05_00_2.png,2.0,2.1043695014216737
2005,2040_LeafPhotoA_2025-09-08 11_19_56.770-05_00_0.png,2.5,1.6688109355358054
2006,2040_LeafPhotoA_2025-09-08 11_19_56.770-05_00_1.png,2.5,1.8216326830177698
2007,2040_LeafPhotoA_2025-09-08 11_19_56.770-05_00_2.png,2.5,1.7463933720862905
2008,2040_LeafPhotoA_2025-09-08 11_19_56.770-05_00_3.png,2.5,1.799732625051461
2023,2229_LeafPhotoA_2025-09-08 11_33_21.108-05_00_2.png,2.0,1.903260741174997
2024,2229_LeafPhotoA_2025-09-08 11_33_21.108-05_00_0.png,2.0,1.90623194754914
2025,2229_LeafPhotoA_2025-09-08 11_33_21.108-05_00_1.png,2.0,1.7971912259164347
2026,2229_LeafPhotoA_2025-09-08 11_33_21.108-05_00_3.png,2.0,1.8667309826530742
2034,5010_LeafPhotoA_2025-09-09 16_12_11.860-05_00_3.png,1.25,1.6074294100077764
2035,5010_LeafPhotoA_2025-09-09 16_12_11.860-05_00_1.png,1.25,1.5436411755250032
2036,5010_LeafPhotoA_2025-09-09 16_12_11.860-05_00_2.png,1.25,1.6941501175338254
2037,5010_LeafPhotoA_2025-09-09 16_12_11.860-05_00_0.png,1.25,1.7643006507891625
2042,1125_LeafPhotoA_2025-09-08 10_13_03.747-05_00_3.png,1.25,1.8925985298697887
2043,1125_LeafPhotoA_2025-09-08 10_13_03.747-05_00_1.png,1.25,2.027854817468715
2044,1125_LeafPhotoA_2025-09-08 10_13_03.747-05_00_2.png,1.25,1.8152368058766564
2045,1125_LeafPhotoA_2025-09-08 10_13_03.747-05_00_0.png,1.25,1.920814009503782
2059,2750_LeafPhotoA_2025-09-09 11_21_52.462-05_00_0.png,1.5,1.7716423617125059
2060,2750_LeafPhotoA_2025-09-09 11_21_52.462-05_00_1.png,1.5,1.7727667023647586
2061,2750_LeafPhotoA_2025-09-09 11_21_52.462-05_00_2.png,1.5,1.8072258815396638
2062,2750_LeafPhotoA_2025-09-09 11_21_52.462-05_00_3.png,1.5,1.9388532335692983
2063,1258_LeafPhotoA_2025-09-08 16_31_15.963-05_00_2.png,2.25,2.151224685337881
2064,1258_LeafPhotoA_2025-09-08 16_31_15.963-05_00_3.png,2.25,2.0518435376193938
2065,1258_LeafPhotoA_2025-09-08 16_31_15.963-05_00_0.png,2.25,2.073971912845389
2066,1258_LeafPhotoA_2025-09-08 16_31_15.963-05_00_1.png,2.25,1.9712186610688929
2099,2037_LeafPhotoA_2025-09-08 11_16_27.368-05_00_3.png,1.75,2.016436091052478
2100,2037_LeafPhotoA_2025-09-08 11_16_27.368-05_00_2.png,1.75,1.776042083548008
2101,2037_LeafPhotoA_2025-09-08 11_16_27.368-05_00_1.png,1.75,1.9797336541328887
2102,2037_LeafPhotoA_2025-09-08 11_16_27.368-05_00_0.png,1.75,2.016031678984393
2111,2678_LeafPhotoA_2025-09-09 11_04_09.961-05_00_2.png,2.0,1.9124765780207915
2112,2678_LeafPhotoA_2025-09-09 11_04_09.961-05_00_1.png,2.0,2.1264496137569866
2113,2678_LeafPhotoA_2025-09-09 11_04_09.961-05_00_0.png,2.0,2.038133942328313
2114,1944_LeafPhotoA_2025-09-09 16_01_21.249-05_00_0.png,2.5,2.115645330254003
2115,1944_LeafPhotoA_2025-09-09 16_01_21.249-05_00_1.png,2.5,2.1029603894047346
2116,1944_LeafPhotoA_2025-09-09 16_01_21.249-05_00_2.png,2.5,2.159507617116822
2117,1944_LeafPhotoA_2025-09-09 16_01_21.249-05_00_3.png,2.5,2.169668999191276
2125,2434_LeafPhotoB_2025-09-08 11_10_53.702-05_00_2.png,1.5,1.7431093268428564
2126,2434_LeafPhotoB_2025-09-08 11_10_53.702-05_00_1.png,1.5,2.0637208670376963
2127,2434_LeafPhotoB_2025-09-08 11_10_53.702-05_00_3.png,1.5,1.7633826129392842
2128,2434_LeafPhotoB_2025-09-08 11_10_53.702-05_00_0.png,1.5,1.8100178651328023
2141,1127_LeafPhotoA_2025-09-08 10_15_24.325-05_00_0.png,2.5,1.699680999131802
2142,1127_LeafPhotoA_2025-09-08 10_15_24.325-05_00_1.png,2.5,1.7313197469669996
2143,1127_LeafPhotoA_2025-09-08 10_15_24.325-05_00_2.png,2.5,1.8850063474805634
2144,1127_LeafPhotoA_2025-09-08 10_15_24.325-05_00_3.png,2.5,1.8823924027844785
2198,1493_LeafPhotoB_2025-09-08 16_57_00.908-05_00_3.png,2.5,1.899458526165958
2199,1493_LeafPhotoB_2025-09-08 16_57_00.908-05_00_0.png,2.5,2.010982631551345
2200,1493_LeafPhotoB_2025-09-08 16_57_00.908-05_00_2.png,2.5,2.0856237365978334
2201,1493_LeafPhotoB_2025-09-08 16_57_00.908-05_00_1.png,2.5,1.9672758706533613
2218,1877_LeafPhotoA_2025-09-09 13_21_50.382-05_00_3.png,1.25,1.9898503573041597
2219,1877_LeafPhotoA_2025-09-09 13_21_50.382-05_00_1.png,1.25,1.7528524577310378
2220,1877_LeafPhotoA_2025-09-09 13_21_50.382-05_00_2.png,1.25,2.0552112773465563
2221,1877_LeafPhotoA_2025-09-09 13_21_50.382-05_00_0.png,1.25,1.6880255849617776
2222,,2.0,1.5823559508275309
2226,1582_LeafPhotoA_2025-09-09 09_42_32.403-05_00_2.png,2.25,1.8272401521659458
2227,1582_LeafPhotoA_2025-09-09 09_42_32.403-05_00_0.png,2.25,2.0109953268776057
2228,1582_LeafPhotoA_2025-09-09 09_42_32.403-05_00_3.png,2.25,2.086022588111813
2229,1582_LeafPhotoA_2025-09-09 09_42_32.403-05_00_1.png,2.25,1.865220381175948
2235,2477_LeafPhotoB_2025-09-08 11_52_47.408-05_00_2.png,3.25,2.0076431475650454
2236,2477_LeafPhotoB_2025-09-08 11_52_47.408-05_00_1.png,3.25,1.9463826913647946
2237,2477_LeafPhotoB_2025-09-08 11_52_47.408-05_00_0.png,3.25,1.9430268703175044
2238,2477_LeafPhotoB_2025-09-08 11_52_47.408-05_00_3.png,3.25,2.0183391849781405
2286,1067_LeafPhotoA_2025-09-08 12_59_13.071-05_00_2.png,1.25,1.834992602399965
2287,1067_LeafPhotoA_2025-09-08 12_59_13.071-05_00_0.png,1.25,1.9360376824811316
2288,1067_LeafPhotoA_2025-09-08 12_59_13.071-05_00_1.png,1.25,1.797283923208822
2289,1067_LeafPhotoA_2025-09-08 12_59_13.071-05_00_3.png,1.25,1.9336420878125355
2298,1311_LeafPhotoA_2025-09-08 09_27_50.762-05_00_3.png,2.25,1.7917580466247507
2299,1311_LeafPhotoA_2025-09-08 09_27_50.762-05_00_1.png,2.25,1.7954811158107884
2300,1311_LeafPhotoA_2025-09-08 09_27_50.762-05_00_2.png,2.25,1.729751659591804
2301,1311_LeafPhotoA_2025-09-08 09_27_50.762-05_00_0.png,2.25,1.8685971163527517
2310,1627_LeafPhotoA_2025-09-09 10_06_34.203-05_00_0.png,1.5,1.7532178308018107
2311,1627_LeafPhotoA_2025-09-09 10_06_34.203-05_00_1.png,1.5,1.7879902341837093
2312,1627_LeafPhotoA_2025-09-09 10_06_34.203-05_00_2.png,1.5,1.706830154285214
2313,1627_LeafPhotoA_2025-09-09 10_06_34.203-05_00_3.png,1.5,1.737148544881009
2329,2717_LeafPhotoA_2025-09-09 10_36_52.862-05_00_1.png,3.25,2.078930767903943
2330,2717_LeafPhotoA_2025-09-09 10_36_52.862-05_00_0.png,3.25,2.0202690681405358
2331,2717_LeafPhotoA_2025-09-09 10_36_52.862-05_00_2.png,3.25,1.9416533506107305
2332,1130_LeafPhotoA_2025-09-08 10_20_33.571-05_00_0.png,1.75,1.7019744511111086
2333,1130_LeafPhotoA_2025-09-08 10_20_33.571-05_00_3.png,1.75,1.8151578450359416
2334,1130_LeafPhotoA_2025-09-08 10_20_33.571-05_00_1.png,1.75,1.760128777002688
2335,1130_LeafPhotoA_2025-09-08 10_20_33.571-05_00_2.png,1.75,1.8803753454282421
2362,2207_LeafPhotoA_2025-09-08 10_54_55.448-05_00_0.png,1.25,2.0134371968733658
2363,2207_LeafPhotoA_2025-09-08 10_54_55.448-05_00_1.png,1.25,1.932573469371724
2364,2207_LeafPhotoA_2025-09-08 10_54_55.448-05_00_2.png,1.25,1.8354823275870578
2365,2207_LeafPhotoA_2025-09-08 10_54_55.448-05_00_3.png,1.25,1.751068426155886
2370,1617_LeafPhotoA_2025-09-09 09_44_34.252-05_00_2.png,1.5,1.9573445196551813
2371,1617_LeafPhotoA_2025-09-09 09_44_34.252-05_00_1.png,1.5,1.9870352702772158
2372,1617_LeafPhotoA_2025-09-09 09_44_34.252-05_00_0.png,1.5,1.9443714569851371
2405,1184_LeafPhotoA_2025-09-08 16_08_30.015-05_00_1.png,2.75,1.9017336026170668
2406,1184_LeafPhotoA_2025-09-08 16_08_30.015-05_00_3.png,2.75,1.9752903188331046
2407,1184_LeafPhotoA_2025-09-08 16_08_30.015-05_00_2.png,2.75,1.947025294582546
2408,1184_LeafPhotoA_2025-09-08 16_08_30.015-05_00_0.png,2.75,1.8836465582276336
2475,2338_LeafPhotoA_2025-09-08 11_06_38.534-05_00_1.png,3.5,1.9318769552359196
2476,2338_LeafPhotoA_2025-09-08 11_06_38.534-05_00_3.png,3.5,1.9539154437887738
2477,2338_LeafPhotoA_2025-09-08 11_06_38.534-05_00_2.png,3.5,1.9416349045046797
2478,2338_LeafPhotoA_2025-09-08 11_06_38.534-05_00_0.png,3.5,2.069412961737265
2498,1644_LeafPhotoA_2025-09-09 10_35_13.308-05_00_0.png,1.25,1.7043645226113524
2499,1644_LeafPhotoA_2025-09-09 10_35_13.308-05_00_1.png,1.25,1.7864263600418522
2500,1644_LeafPhotoA_2025-09-09 10_35_13.308-05_00_2.png,1.25,1.7249422570087696
2501,1644_LeafPhotoA_2025-09-09 10_35_13.308-05_00_3.png,1.25,1.7334963749083088
2506,2981_LeafPhotoA_2025-09-09 16_33_03.761-05_00_0.png,2.5,2.0207733538820993
2507,2981_LeafPhotoA_2025-09-09 16_33_03.761-05_00_1.png,2.5,1.9502464755827023
2508,2981_LeafPhotoA_2025-09-09 16_33_03.761-05_00_2.png,2.5,2.0061803174680493
2513,1731_LeafPhotoA_2025-09-09 09_38_23.442-05_00_1.png,1.5,2.094909287991743
2514,1731_LeafPhotoA_2025-09-09 09_38_23.442-05_00_0.png,1.5,1.98197791879066
2515,1731_LeafPhotoA_2025-09-09 09_38_23.442-05_00_2.png,1.5,2.195771126867199
2572,2466_LeafPhotoB_2025-09-08 11_42_42.225-05_00_1.png,1.0,1.7622547685721768
2573,2466_LeafPhotoB_2025-09-08 11_42_42.225-05_00_3.png,1.0,1.7761609386888262
2574,2466_LeafPhotoB_2025-09-08 11_42_42.225-05_00_0.png,1.0,1.8450402173344804
2575,2466_LeafPhotoB_2025-09-08 11_42_42.225-05_00_2.png,1.0,1.6616956046995228
2584,2877_LeafPhotoA_2025-09-09 14_42_55.104-05_00_3.png,1.25,1.7891279402437732
2585,2877_LeafPhotoA_2025-09-09 14_42_55.104-05_00_0.png,1.25,1.8959752469645088
2586,2877_LeafPhotoA_2025-09-09 14_42_55.104-05_00_2.png,1.25,1.8210783089244773
2587,2877_LeafPhotoA_2025-09-09 14_42_55.104-05_00_1.png,1.25,1.883982329748317
2629,,1.5,1.5823559508275309
2634,2169_LeafPhotoA_2025-09-09 12_05_10.533-05_00_0.png,2.25,2.036838235331706
2666,2568_LeafPhotoA_2025-09-09 10_50_54.288-05_00_3.png,1.25,1.9071287016432121
2667,2568_LeafPhotoA_2025-09-09 10_50_54.288-05_00_1.png,1.25,2.162236547274641
2668,2568_LeafPhotoA_2025-09-09 10_50_54.288-05_00_2.png,1.25,2.110101016445178
2669,2568_LeafPhotoA_2025-09-09 10_50_54.288-05_00_0.png,1.25,2.1100164785173967
2674,1873_LeafPhotoA_2025-09-09 13_24_25.512-05_00_2.png,2.25,1.9968653537644203
2675,1873_LeafPhotoA_2025-09-09 13_24_25.512-05_00_0.png,2.25,1.8471633313071727
2676,1873_LeafPhotoA_2025-09-09 13_24_25.512-05_00_1.png,2.25,2.2012179617928935
2677,1873_LeafPhotoA_2025-09-09 13_24_25.512-05_00_3.png,2.25,1.7688525728979472
2678,1657_LeafPhotoA_2025-09-09 10_13_53.773-05_00_0.png,1.25,1.81064270196715
2679,1657_LeafPhotoA_2025-09-09 10_13_53.773-05_00_1.png,1.25,1.5782108053786152
2683,1873_LeafPhotoA_2025-09-09 13_25_03.055-05_00_0.png,2.75,1.85223578311792
2684,1873_LeafPhotoA_2025-09-09 13_25_03.055-05_00_1.png,2.75,1.8119789068618635
2685,1873_LeafPhotoA_2025-09-09 13_25_03.055-05_00_3.png,2.75,1.8458586147952918
2686,1873_LeafPhotoA_2025-09-09 13_25_03.055-05_00_2.png,2.75,1.9426144867425106
2699,2066_LeafPhotoA_2025-09-08 12_00_00.120-05_00_2.png,1.5,1.843171985774588
2700,2066_LeafPhotoA_2025-09-08 12_00_00.120-05_00_0.png,1.5,1.9497634289407688
2701,2066_LeafPhotoA_2025-09-08 12_00_00.120-05_00_3.png,1.5,1.914417151355158
2702,2066_LeafPhotoA_2025-09-08 12_00_00.120-05_00_1.png,1.5,1.7879641018273942
2707,1877_LeafPhotoA_2025-09-09 13_21_29.026-05_00_1.png,2.5,1.97389530785477
2708,1877_LeafPhotoA_2025-09-09 13_21_29.026-05_00_0.png,2.5,1.8318831662886907
2709,1877_LeafPhotoA_2025-09-09 13_21_29.026-05_00_3.png,2.5,1.902649956124025
2710,1877_LeafPhotoA_2025-09-09 13_21_29.026-05_00_2.png,2.5,1.93085141075009
2715,1149_LeafPhotoA_2025-09-08 10_47_32.215-05_00_0.png,2.25,2.084253097043779
2716,1149_LeafPhotoA_2025-09-08 10_47_32.215-05_00_1.png,2.25,1.9982571273272214
2717,1149_LeafPhotoA_2025-09-08 10_47_32.215-05_00_2.png,2.25,1.995699398796292
2718,1149_LeafPhotoA_2025-09-08 10_47_32.215-05_00_3.png,2.25,1.7879476082993166
2730,1359_LeafPhotoA_2025-09-08 12_38_47.936-05_00_0.png,2.0,1.8413797451795708
2731,1359_LeafPhotoA_2025-09-08 12_38_47.936-05_00_1.png,2.0,1.8841504347153526
2732,1359_LeafPhotoA_2025-09-08 12_38_47.936-05_00_2.png,2.0,1.9785761803260586
2741,2992_LeafPhotoA_2025-09-09 16_46_47.466-05_00_3.png,1.5,1.9126883585889742
2742,2992_LeafPhotoA_2025-09-09 16_46_47.466-05_00_0.png,1.5,1.9004499471519827
2743,2992_LeafPhotoA_2025-09-09 16_46_47.466-05_00_1.png,1.5,2.12129348007836
2744,2992_LeafPhotoA_2025-09-09 16_46_47.466-05_00_2.png,1.5,2.0592833087723026
2801,2071_LeafPhotoA_2025-09-08 12_05_40.977-05_00_0.png,1.75,1.7579459602762868
2802,2071_LeafPhotoA_2025-09-08 12_05_40.977-05_00_1.png,1.75,1.9369139201092795
2803,2071_LeafPhotoA_2025-09-08 12_05_40.977-05_00_2.png,1.75,1.8418585381766517
2804,2071_LeafPhotoA_2025-09-08 12_05_40.977-05_00_3.png,1.75,1.8252623986619259
2806,,2.5,1.5823559508275309
2846,1553_LeafPhotoA_2025-09-09 10_18_50.828-05_00_0.png,1.5,2.003226370427173
2847,1553_LeafPhotoA_2025-09-09 10_18_50.828-05_00_1.png,1.5,1.7983013372076844
2848,1553_LeafPhotoA_2025-09-09 10_18_50.828-05_00_2.png,1.5,1.829122393551259
2849,1553_LeafPhotoA_2025-09-09 10_18_50.828-05_00_3.png,1.5,1.8673611880572982
2872,2826_LeafPhotoA_2025-09-09 10_42_31.280-05_00_0.png,2.0,1.9002881573191184
2873,2826_LeafPhotoA_2025-09-09 10_42_31.280-05_00_1.png,2.0,1.8630149969837932
2874,2826_LeafPhotoA_2025-09-09 10_42_31.280-05_00_2.png,2.0,1.8951751604760272
2875,2826_LeafPhotoA_2025-09-09 10_42_31.280-05_00_3.png,2.0,1.8050403566376874
2888,2831_LeafPhotoA_2025-09-09 10_48_28.918-05_00_1.png,2.0,1.9063648160029247
2889,2831_LeafPhotoA_2025-09-09 10_48_28.918-05_00_2.png,2.0,1.8967175076143974
2890,2831_LeafPhotoA_2025-09-09 10_48_28.918-05_00_0.png,2.0,1.9228412151815568
2898,2478_LeafPhotoB_2025-09-08 11_54_11.812-05_00_0.png,1.75,2.0022576501236777
2899,2478_LeafPhotoB_2025-09-08 11_54_11.812-05_00_1.png,1.75,1.9071522092378088
2900,2478_LeafPhotoB_2025-09-08 11_54_11.812-05_00_2.png,1.75,2.0154078610963775
2901,2478_LeafPhotoB_2025-09-08 11_54_11.812-05_00_3.png,1.75,1.9078795217752005
2924,1464_LeafPhotoB_2025-09-08 16_27_57.851-05_00_2.png,1.75,1.9535099874889672
2925,1464_LeafPhotoB_2025-09-08 16_27_57.851-05_00_3.png,1.75,1.91317773719873
2926,1464_LeafPhotoB_2025-09-08 16_27_57.851-05_00_0.png,1.75,2.078187114205883
2927,1464_LeafPhotoB_2025-09-08 16_27_57.851-05_00_1.png,1.75,2.03046805854749
2940,2290_LeafPhotoA_2025-09-08 16_50_03.639-05_00_1.png,1.5,1.9828068309748605
2941,2290_LeafPhotoA_2025-09-08 16_50_03.639-05_00_0.png,1.5,1.9339939249024969
2942,2290_LeafPhotoA_2025-09-08 16_50_03.639-05_00_2.png,1.5,1.9237946671384165
2943,2290_LeafPhotoA_2025-09-08 16_50_03.639-05_00_3.png,1.5,1.7357031731222419
2972,1032_LeafPhotoA_2025-09-08 10_07_30.322-05_00_3.png,1.75,2.0904689071866187
2973,1032_LeafPhotoA_2025-09-08 10_07_30.322-05_00_1.png,1.75,1.9131606065771611
2974,1032_LeafPhotoA_2025-09-08 10_07_30.322-05_00_0.png,1.75,1.9931324852961358
2975,1032_LeafPhotoA_2025-09-08 10_07_30.322-05_00_2.png,1.75,2.1095171937706034
3015,1877_LeafPhotoA_2025-09-09 17_04_42.599-05_00_3.png,2.25,2.2331583804804565
3016,1877_LeafPhotoA_2025-09-09 17_04_42.599-05_00_0.png,2.25,1.8807961318947446
3017,1877_LeafPhotoA_2025-09-09 17_04_42.599-05_00_1.png,2.25,1.9086857062356288
3018,1877_LeafPhotoA_2025-09-09 17_04_42.599-05_00_2.png,2.25,1.730131123045234
3035,2737_LeafPhotoA_2025-09-09 11_04_04.650-05_00_0.png,3.25,2.0816895593575877
3036,2737_LeafPhotoA_2025-09-09 11_04_04.650-05_00_1.png,3.25,1.9551608926070287
3037,2737_LeafPhotoA_2025-09-09 11_04_04.650-05_00_2.png,3.25,1.7576244328185373
3038,2737_LeafPhotoA_2025-09-09 11_04_04.650-05_00_3.png,3.25,1.8785650047621794
3043,1903_LeafPhotoA_2025-09-09 14_22_36.498-05_00_0.png,2.5,1.79714050831081
3044,1903_LeafPhotoA_2025-09-09 14_22_36.498-05_00_2.png,2.5,1.995966020074913
3045,1903_LeafPhotoA_2025-09-09 14_22_36.498-05_00_3.png,2.5,1.7781644250169542
3046,1903_LeafPhotoA_2025-09-09 14_22_36.498-05_00_1.png,2.5,1.9821663600256383
3047,,1.75,1.5823559508275309
3056,1712_LeafPhotoA_2025-09-09 09_07_57.472-05_00_0.png,3.5,1.9041219614068658
3057,1712_LeafPhotoA_2025-09-09 09_07_57.472-05_00_1.png,3.5,1.8400039110061117
3058,1712_LeafPhotoA_2025-09-09 09_07_57.472-05_00_2.png,3.5,1.9867251904522854
3059,1712_LeafPhotoA_2025-09-09 09_07_57.472-05_00_3.png,3.5,2.0082461695108513
3063,1302_LeafPhotoA_2025-09-08 10_22_31.224-05_00_1.png,3.0,1.9687029486171082
3064,1302_LeafPhotoA_2025-09-08 10_22_31.224-05_00_0.png,3.0,1.9127428611040005
3065,1302_LeafPhotoA_2025-09-08 10_22_31.224-05_00_2.png,3.0,2.0546057620382068
3066,1654_LeafPhotoA_2025-09-09 10_18_00.201-05_00_1.png,1.25,1.9308664214639193
3067,1654_LeafPhotoA_2025-09-09 10_18_00.201-05_00_2.png,1.25,1.880446150740921
3068,1654_LeafPhotoA_2025-09-09 10_18_00.201-05_00_0.png,1.25,1.9509618708148357
3073,1374_LeafPhotoA_2025-09-08 12_56_08.244-05_00_2.png,1.25,1.8596469435948695
3074,1374_LeafPhotoA_2025-09-08 12_56_08.244-05_00_3.png,1.25,1.9406433588636802
3075,1374_LeafPhotoA_2025-09-08 12_56_08.244-05_00_1.png,1.25,1.887451376890545
3076,1374_LeafPhotoA_2025-09-08 12_56_08.244-05_00_0.png,1.25,1.8171881814140667
3093,1825_LeafPhotoA_2025-09-09 09_26_26.568-05_00_0.png,1.0,1.6271335381890006
3094,1825_LeafPhotoA_2025-09-09 09_26_26.568-05_00_3.png,1.0,1.6667517382696877
3095,1825_LeafPhotoA_2025-09-09 09_26_26.568-05_00_1.png,1.0,1.6770265179490706
3096,1825_LeafPhotoA_2025-09-09 09_26_26.568-05_00_2.png,1.0,1.782441647998222
3117,2979_LeafPhotoA_2025-09-09 16_31_00.348-05_00_0.png,1.5,1.7359065895485444
3118,2979_LeafPhotoA_2025-09-09 16_31_00.348-05_00_3.png,1.5,1.8420814802430743
3119,2979_LeafPhotoA_2025-09-09 16_31_00.348-05_00_2.png,1.5,1.8546531489156053
3120,2979_LeafPhotoA_2025-09-09 16_31_00.348-05_00_1.png,1.5,1.7797345213561595
3153,2543_LeafPhotoA_2025-09-09 10_42_41.692-05_00_0.png,2.25,1.9090961089805658
3154,2543_LeafPhotoA_2025-09-09 10_42_41.692-05_00_2.png,2.25,2.037724456241751
3155,2543_LeafPhotoA_2025-09-09 10_42_41.692-05_00_3.png,2.25,1.9190765049041938
3156,2543_LeafPhotoA_2025-09-09 10_42_41.692-05_00_1.png,2.25,1.8397076858926449
3161,2309_LeafPhotoA_2025-09-08 10_37_11.316-05_00_3.png,1.75,1.8972688778826303
3162,2309_LeafPhotoA_2025-09-08 10_37_11.316-05_00_0.png,1.75,1.826988431868269
3163,2309_LeafPhotoA_2025-09-08 10_37_11.316-05_00_2.png,1.75,1.8219269760919332
3164,2309_LeafPhotoA_2025-09-08 10_37_11.316-05_00_1.png,1.75,1.9042390039065267
3177,2069_LeafPhotoA_2025-09-08 12_03_40.102-05_00_0.png,1.5,1.992384915920421
3178,2069_LeafPhotoA_2025-09-08 12_03_40.102-05_00_1.png,1.5,1.9312514893463528
3179,2069_LeafPhotoA_2025-09-08 12_03_40.102-05_00_2.png,1.5,1.749073329093935
3180,2069_LeafPhotoA_2025-09-08 12_03_40.102-05_00_3.png,1.5,1.8812178255315586
3181,2220_LeafPhotoA_2025-09-08 11_18_41.599-05_00_0.png,2.75,1.8204961864599545
3182,2220_LeafPhotoA_2025-09-08 11_18_41.599-05_00_1.png,2.75,2.046071488007389
3183,2220_LeafPhotoA_2025-09-08 11_18_41.599-05_00_2.png,2.75,1.9702371683533408
3184,2220_LeafPhotoA_2025-09-08 11_18_41.599-05_00_3.png,2.75,2.0348923571859436
3189,2432_LeafPhotoB_2025-09-08 11_09_28.923-05_00_1.png,1.25,1.5787407642586382
3190,2432_LeafPhotoB_2025-09-08 11_09_28.923-05_00_3.png,1.25,1.6233937389284478
3191,2432_LeafPhotoB_2025-09-08 11_09_28.923-05_00_0.png,1.25,1.8517285251915911
3192,2432_LeafPhotoB_2025-09-08 11_09_28.923-05_00_2.png,1.25,1.6111444748438277
3194,2322_LeafPhotoA_2025-09-08 10_50_00.196-05_00_0.png,1.25,1.5487589370875927
3195,2322_LeafPhotoA_2025-09-08 10_50_00.196-05_00_2.png,1.25,1.7011872389118665
3196,2322_LeafPhotoA_2025-09-08 10_50_00.196-05_00_1.png,1.25,1.5929819778201888
3197,2322_LeafPhotoA_2025-09-08 10_50_00.196-05_00_3.png,1.25,1.6330560196114081
3198,2826_LeafPhotoA_2025-09-09 10_41_32.330-05_00_0.png,1.5,1.7097927975501015
3199,2826_LeafPhotoA_2025-09-09 10_41_32.330-05_00_1.png,1.5,1.8016609743938972
3200,2826_LeafPhotoA_2025-09-09 10_41_32.330-05_00_2.png,1.5,1.7421271633799207
3201,2826_LeafPhotoA_2025-09-09 10_41_32.330-05_00_3.png,1.5,1.7593456326605743
3211,2257_LeafPhotoA_2025-09-08 12_26_38.283-05_00_0.png,1.5,1.5373410944598056
3212,2257_LeafPhotoA_2025-09-08 12_26_38.283-05_00_1.png,1.5,1.715171060981286
3213,2257_LeafPhotoA_2025-09-08 12_26_38.283-05_00_2.png,1.5,1.6185748060311729
3214,2257_LeafPhotoA_2025-09-08 12_26_38.283-05_00_3.png,1.5,1.561084195377636
3222,1834_LeafPhotoA_2025-09-09 09_42_08.907-05_00_0.png,2.0,1.7726075325361563
3223,1834_LeafPhotoA_2025-09-09 09_42_08.907-05_00_1.png,2.0,1.640160412176617
3224,1834_LeafPhotoA_2025-09-09 09_42_08.907-05_00_2.png,2.0,1.7425677730288058
3225,1834_LeafPhotoA_2025-09-09 09_42_08.907-05_00_3.png,2.0,1.8184136064394647
3226,,1.5,1.5823559508275309
3227,2418_LeafPhotoB_2025-09-08 10_56_40.105-05_00_2.png,1.75,1.6867142813998228
3228,2418_LeafPhotoB_2025-09-08 10_56_40.105-05_00_3.png,1.75,1.6694940768376574
3229,2418_LeafPhotoB_2025-09-08 10_56_40.105-05_00_0.png,1.75,1.6844051022318967
3230,2418_LeafPhotoB_2025-09-08 10_56_40.105-05_00_1.png,1.75,1.6954925383381023
3265,2706_LeafPhotoA_2025-09-09 10_21_29.913-05_00_0.png,3.5,2.141231340385729
3266,2706_LeafPhotoA_2025-09-09 10_21_29.913-05_00_1.png,3.5,2.1612528184481046
3267,2706_LeafPhotoA_2025-09-09 10_21_29.913-05_00_2.png,3.5,2.130309507332944
3268,2706_LeafPhotoA_2025-09-09 10_21_29.913-05_00_3.png,3.5,1.919704042490662
3277,1545_LeafPhotoA_2025-09-09 09_45_27.497-05_00_2.png,1.25,1.747682190138508
3278,1545_LeafPhotoA_2025-09-09 09_45_27.497-05_00_0.png,1.25,1.8679408949431187
3279,1545_LeafPhotoA_2025-09-09 09_45_27.497-05_00_3.png,1.25,1.7840263603731583
3280,1545_LeafPhotoA_2025-09-09 09_45_27.497-05_00_1.png,1.25,1.6608903260535905
3281,6014_LeafPhotoA_2025-09-09 16_54_50.169-05_00_2.png,1.5,1.7927544656227412
3282,6014_LeafPhotoA_2025-09-09 16_54_50.169-05_00_1.png,1.5,1.7714359956375965
3283,6014_LeafPhotoA_2025-09-09 16_54_50.169-05_00_0.png,1.5,1.5908562692064772
3284,6014_LeafPhotoA_2025-09-09 16_54_50.169-05_00_3.png,1.5,1.6888240275295954
3289,2095_LeafPhotoA_2025-09-08 12_31_36.632-05_00_0.png,2.75,1.816889864712062
3290,2095_LeafPhotoA_2025-09-08 12_31_36.632-05_00_1.png,2.75,1.8586211074088885
3291,2095_LeafPhotoA_2025-09-08 12_31_36.632-05_00_3.png,2.75,2.1263383270308336
3292,2095_LeafPhotoA_2025-09-08 12_31_36.632-05_00_2.png,2.75,1.851102303776912
3297,1300_LeafPhotoA_2025-09-08 16_38_09.236-05_00_0.png,2.75,1.8903455989825213
3298,1300_LeafPhotoA_2025-09-08 16_38_09.236-05_00_1.png,2.75,1.8576734237205657
3303,2419_LeafPhotoB_2025-09-08 10_57_28.297-05_00_0.png,1.5,1.8325778327789992
3304,2419_LeafPhotoB_2025-09-08 10_57_28.297-05_00_1.png,1.5,2.156740782077615
3305,2419_LeafPhotoB_2025-09-08 10_57_28.297-05_00_2.png,1.5,2.0156201489590146
3373,2478_LeafPhotoB_2025-09-08 11_53_38.180-05_00_0.png,2.5,1.9900477583776734
3374,2478_LeafPhotoB_2025-09-08 11_53_38.180-05_00_1.png,2.5,2.2371240629559845
3375,2478_LeafPhotoB_2025-09-08 11_53_38.180-05_00_2.png,2.5,1.8095933888791373
3380,2652_LeafPhotoA_2025-09-09 11_26_57.371-05_00_0.png,2.75,2.1886548053339827
3381,2652_LeafPhotoA_2025-09-09 11_26_57.371-05_00_1.png,2.75,2.0552088569781835
3382,2652_LeafPhotoA_2025-09-09 11_26_57.371-05_00_2.png,2.75,1.857185090558735
3383,2652_LeafPhotoA_2025-09-09 11_26_57.371-05_00_3.png,2.75,2.0072820584558198
3396,2405_LeafPhotoB_2025-09-08 10_44_24.813-05_00_0.png,2.25,2.013699140588942
3413,2265_LeafPhotoA_2025-09-08 12_39_28.832-05_00_0.png,2.25,1.8696302004991026
3414,2265_LeafPhotoA_2025-09-08 12_39_28.832-05_00_1.png,2.25,1.8359953725298397
3415,2265_LeafPhotoA_2025-09-08 12_39_28.832-05_00_2.png,2.25,1.8239364722609681
3416,2265_LeafPhotoA_2025-09-08 12_39_28.832-05_00_3.png,2.25,1.8337363646415505
3421,1987_LeafPhotoA_2025-09-09 16_24_58.420-05_00_1.png,2.0,1.835396026702914
3422,1987_LeafPhotoA_2025-09-09 16_24_58.420-05_00_0.png,2.0,1.7768139488247598
3434,1403_LeafPhotoA_2025-09-08 09_23_43.647-05_00_0.png,1.75,1.9178919360814184
3435,1403_LeafPhotoA_2025-09-08 09_23_43.647-05_00_1.png,1.75,1.8688598653453534
3436,1403_LeafPhotoA_2025-09-08 09_23_43.647-05_00_2.png,1.75,1.881433656352678
3449,1149_LeafPhotoA_2025-09-08 10_46_42.123-05_00_0.png,2.75,1.8483117961491125
3450,1149_LeafPhotoA_2025-09-08 10_46_42.123-05_00_1.png,2.75,1.8672288467036904
3451,1149_LeafPhotoA_2025-09-08 10_46_42.123-05_00_2.png,2.75,1.6949351960872374
3452,1149_LeafPhotoA_2025-09-08 10_46_42.123-05_00_3.png,2.75,1.9228094815455008
3457,2960_LeafPhotoA_2025-09-09 16_05_27.861-05_00_0.png,1.0,1.7159907593991617
3458,2960_LeafPhotoA_2025-09-09 16_05_27.861-05_00_1.png,1.0,1.6297903796168363
3459,2960_LeafPhotoA_2025-09-09 16_05_27.861-05_00_2.png,1.0,1.6904980977055282
3460,2960_LeafPhotoA_2025-09-09 16_05_27.861-05_00_3.png,1.0,1.7498957588007735
3475,2269_LeafPhotoA_2025-09-08 17_14_12.666-05_00_0.png,2.25,1.8372626466402096
3476,2269_LeafPhotoA_2025-09-08 17_14_12.666-05_00_3.png,2.25,1.9672600538973402
3477,2269_LeafPhotoA_2025-09-08 17_14_12.666-05_00_2.png,2.25,1.9101122110012883
3478,2269_LeafPhotoA_2025-09-08 17_14_12.666-05_00_1.png,2.25,1.798152518101844
3495,2750_LeafPhotoA_2025-09-09 11_21_31.376-05_00_0.png,1.75,1.8504096411844086
3496,2750_LeafPhotoA_2025-09-09 11_21_31.376-05_00_1.png,1.75,2.015782865177263
3497,2750_LeafPhotoA_2025-09-09 11_21_31.376-05_00_2.png,1.75,2.064303934788549
3498,2750_LeafPhotoA_2025-09-09 11_21_31.376-05_00_3.png,1.75,1.864786288133521
3503,1459_LeafPhotoB_2025-09-08 12_36_19.960-05_00_1.png,3.0,2.002394041233532
3504,1459_LeafPhotoB_2025-09-08 12_36_19.960-05_00_0.png,3.0,2.0656585094552646
3541,,2.0,1.5823559508275309
30,2872_LeafPhotoA_2025-09-09 14_46_31.841-05_00_0.png,1.0,1.8050338777740584
31,2872_LeafPhotoA_2025-09-09 14_46_31.841-05_00_3.png,1.0,1.7672646807338896
32,2872_LeafPhotoA_2025-09-09 14_46_31.841-05_00_2.png,1.0,1.8811959469556814
33,2872_LeafPhotoA_2025-09-09 14_46_31.841-05_00_1.png,1.0,1.8353344439224117
50,1031_LeafPhotoA_2025-09-08 10_06_33.217-05_00_2.png,1.5,1.7849755774572431
51,1031_LeafPhotoA_2025-09-08 10_06_33.217-05_00_1.png,1.5,1.7735668200438317
52,1031_LeafPhotoA_2025-09-08 10_06_33.217-05_00_0.png,1.5,1.9724389294835072
53,1031_LeafPhotoA_2025-09-08 10_06_33.217-05_00_3.png,1.5,1.763253666825468
89,1543_LeafPhotoA_2025-09-09 09_43_28.797-05_00_1.png,1.75,2.093095283347435
90,1543_LeafPhotoA_2025-09-09 09_43_28.797-05_00_2.png,1.75,1.9953491040733318
91,1543_LeafPhotoA_2025-09-09 09_43_28.797-05_00_0.png,1.75,1.989344988932957
92,1543_LeafPhotoA_2025-09-09 09_43_28.797-05_00_3.png,1.75,1.8831515902774145
99,1214_LeafPhotoA_2025-09-08 09_47_10.824-05_00_0.png,1.5,2.0055982835171466
100,1214_LeafPhotoA_2025-09-08 09_47_10.824-05_00_2.png,1.5,2.0364007057949483
101,1214_LeafPhotoA_2025-09-08 09_47_10.824-05_00_1.png,1.5,1.9033616752909754
102,1214_LeafPhotoA_2025-09-08 09_47_10.824-05_00_3.png,1.5,2.0054048274687672
122,2843_LeafPhotoA_2025-09-09 11_07_54.202-05_00_0.png,2.25,2.0319513529086244
123,2843_LeafPhotoA_2025-09-09 11_07_54.202-05_00_1.png,2.25,1.8889191925085036
124,2843_LeafPhotoA_2025-09-09 11_07_54.202-05_00_2.png,2.25,1.8901730429886274
125,2843_LeafPhotoA_2025-09-09 11_07_54.202-05_00_3.png,2.25,1.9925281614629855
140,2999_LeafPhotoA_2025-09-09 16_54_48.280-05_00_1.png,1.25,1.9043918724840256
141,2999_LeafPhotoA_2025-09-09 16_54_48.280-05_00_2.png,1.25,2.0084419417925137
142,2999_LeafPhotoA_2025-09-09 16_54_48.280-05_00_0.png,1.25,1.9239292704991842
143,2999_LeafPhotoA_2025-09-09 16_54_48.280-05_00_3.png,1.25,1.8557844548825468
152,1030_LeafPhotoA_2025-09-08 10_05_12.593-05_00_2.png,2.25,1.9846547128253909
153,1030_LeafPhotoA_2025-09-08 10_05_12.593-05_00_1.png,2.25,1.9681617363222421
154,1030_LeafPhotoA_2025-09-08 10_05_12.593-05_00_3.png,2.25,2.114168517869514
155,1030_LeafPhotoA_2025-09-08 10_05_12.593-05_00_0.png,2.25,1.8760160657827203
159,1138_LeafPhotoA_2025-09-08 10_30_50.978-05_00_2.png,2.25,1.9111477200949296
160,1138_LeafPhotoA_2025-09-08 10_30_50.978-05_00_3.png,2.25,1.785983850843698
161,1138_LeafPhotoA_2025-09-08 10_30_50.978-05_00_1.png,2.25,1.6352808691204004
162,1138_LeafPhotoA_2025-09-08 10_30_50.978-05_00_0.png,2.25,1.9252085971344528
175,1713_LeafPhotoA_2025-09-09 09_08_57.026-05_00_3.png,3.0,2.0423052556815513
176,1713_LeafPhotoA_2025-09-09 09_08_57.026-05_00_2.png,3.0,2.0625761500187694
177,1713_LeafPhotoA_2025-09-09 09_08_57.026-05_00_0.png,3.0,2.0495745956587923
178,1713_LeafPhotoA_2025-09-09 09_08_57.026-05_00_1.png,3.0,1.9785452256157794
186,1736_LeafPhotoA_2025-09-09 09_48_40.445-05_00_0.png,1.0,2.1826064838852672
187,1736_LeafPhotoA_2025-09-09 09_48_40.445-05_00_3.png,1.0,2.162171579337093
188,1736_LeafPhotoA_2025-09-09 09_48_40.445-05_00_1.png,1.0,2.3421913604125155
189,1736_LeafPhotoA_2025-09-09 09_48_40.445-05_00_2.png,1.0,2.164486697227082
190,1086_LeafPhotoA_2025-09-09 10_59_11.313-05_00_0.png,1.75,1.9175061393056858
191,1086_LeafPhotoA_2025-09-09 10_59_11.313-05_00_3.png,1.75,1.9694194383322412
192,1086_LeafPhotoA_2025-09-09 10_59_11.313-05_00_1.png,1.75,1.8846094700497502
193,1086_LeafPhotoA_2025-09-09 10_59_11.313-05_00_2.png,1.75,1.9476990271564099
206,2470_LeafPhotoB_2025-09-08 11_47_37.543-05_00_3.png,1.75,1.7700859169962317
207,2470_LeafPhotoB_2025-09-08 11_47_37.543-05_00_1.png,1.75,1.9047067762644017
208,2470_LeafPhotoB_2025-09-08 11_47_37.543-05_00_0.png,1.75,1.9744262602789469
209,2470_LeafPhotoB_2025-09-08 11_47_37.543-05_00_2.png,1.75,1.7435296321795577
226,1660_LeafPhotoA_2025-09-09 10_09_36.852-05_00_1.png,1.5,1.7482757541386855
227,1660_LeafPhotoA_2025-09-09 10_09_36.852-05_00_0.png,1.5,1.7767126576728323
228,1660_LeafPhotoA_2025-09-09 10_09_36.852-05_00_3.png,1.5,1.7985412828700371
229,1660_LeafPhotoA_2025-09-09 10_09_36.852-05_00_2.png,1.5,1.9322402082875294
234,1966_LeafPhotoA_2025-09-09 17_14_11.633-05_00_0.png,1.25,1.6899762205023388
235,1966_LeafPhotoA_2025-09-09 17_14_11.633-05_00_1.png,1.25,1.7539267009596438
236,1966_LeafPhotoA_2025-09-09 17_14_11.633-05_00_2.png,1.25,1.9123907832041531
237,1966_LeafPhotoA_2025-09-09 17_14_11.633-05_00_3.png,1.25,1.841074185243774
260,2775_LeafPhotoA_2025-09-09 15_39_08.142-05_00_3.png,1.0,1.8949365473519633
261,2775_LeafPhotoA_2025-09-09 15_39_08.142-05_00_1.png,1.0,1.9016805942581996
262,2775_LeafPhotoA_2025-09-09 15_39_08.142-05_00_2.png,1.0,1.8643975728326536
263,2775_LeafPhotoA_2025-09-09 15_39_08.142-05_00_0.png,1.0,1.8654005491801908
273,1196_LeafPhotoA_2025-09-08 15_46_27.438-05_00_1.png,1.75,2.0844282953472084
274,1196_LeafPhotoA_2025-09-08 15_46_27.438-05_00_3.png,1.75,1.9377766299264474
275,1196_LeafPhotoA_2025-09-08 15_46_27.438-05_00_0.png,1.75,1.9753640663293215
276,1196_LeafPhotoA_2025-09-08 15_46_27.438-05_00_2.png,1.75,2.0459305079192602
285,2942_LeafPhotoA_2025-09-09 16_27_44.669-05_00_0.png,2.25,2.006053576583377
286,2942_LeafPhotoA_2025-09-09 16_27_44.669-05_00_3.png,2.25,1.8062015773895987
287,2942_LeafPhotoA_2025-09-09 16_27_44.669-05_00_2.png,2.25,2.0702820528096986
288,2942_LeafPhotoA_2025-09-09 16_27_44.669-05_00_1.png,2.25,1.8717857119929011
289,2301_LeafPhotoA_2025-09-08 10_23_19.706-05_00_0.png,2.5,1.8816436233037819
290,2301_LeafPhotoA_2025-09-08 10_23_19.706-05_00_2.png,2.5,2.0156174065147328
291,2301_LeafPhotoA_2025-09-08 10_23_19.706-05_00_1.png,2.5,1.87816362918235
332,2962_LeafPhotoA_2025-09-09 16_07_33.642-05_00_0.png,2.5,1.9961430415895283
333,2962_LeafPhotoA_2025-09-09 16_07_33.642-05_00_2.png,2.5,1.85445264874176
334,2962_LeafPhotoA_2025-09-09 16_07_33.642-05_00_3.png,2.5,1.9558802480119004
335,2962_LeafPhotoA_2025-09-09 16_07_33.642-05_00_1.png,2.5,1.870400293066981
336,2693_LeafPhotoA_2025-09-09 10_37_58.417-05_00_0.png,1.5,1.9528767564591596
337,2693_LeafPhotoA_2025-09-09 10_37_58.417-05_00_1.png,1.5,1.7094620977886392
338,2693_LeafPhotoA_2025-09-09 10_37_58.417-05_00_2.png,1.5,1.8726449911551608
339,2693_LeafPhotoA_2025-09-09 10_37_58.417-05_00_3.png,1.5,1.678170403495444
383,2957_LeafPhotoA_2025-09-09 16_00_50.634-05_00_0.png,2.25,1.8268228775545907
384,2957_LeafPhotoA_2025-09-09 16_00_50.634-05_00_1.png,2.25,2.022043229592475
385,2957_LeafPhotoA_2025-09-09 16_00_50.634-05_00_2.png,2.25,1.9786647323412625
386,2957_LeafPhotoA_2025-09-09 16_00_50.634-05_00_3.png,2.25,2.019576838214622
433,1414_LeafPhotoA_2025-09-08 09_36_43.216-05_00_2.png,1.5,1.7082559741586576
434,1414_LeafPhotoA_2025-09-08 09_36_43.216-05_00_0.png,1.5,1.745295006462782
435,1414_LeafPhotoA_2025-09-08 09_36_43.216-05_00_1.png,1.5,1.9725668465883868
448,1687_LeafPhotoA_2025-09-09 09_18_28.478-05_00_0.png,2.0,2.0062887331134003
449,1687_LeafPhotoA_2025-09-09 09_18_28.478-05_00_2.png,2.0,2.033966483164239
450,1687_LeafPhotoA_2025-09-09 09_18_28.478-05_00_1.png,2.0,2.176863538089446
463,2206_LeafPhotoA_2025-09-08 10_53_32.789-05_00_0.png,1.5,1.710833066262138
464,2206_LeafPhotoA_2025-09-08 10_53_32.789-05_00_1.png,1.5,1.7224230337287725
465,2206_LeafPhotoA_2025-09-08 10_53_32.789-05_00_2.png,1.5,1.8001011489222973
466,2206_LeafPhotoA_2025-09-08 10_53_32.789-05_00_3.png,1.5,1.7748820227625626
487,2949_LeafPhotoA_2025-09-09 16_21_26.314-05_00_3.png,1.75,1.790553177263267
488,2949_LeafPhotoA_2025-09-09 16_21_26.314-05_00_1.png,1.75,1.6355474908312684
489,2949_LeafPhotoA_2025-09-09 16_21_26.314-05_00_2.png,1.75,1.6943342308437601
490,2949_LeafPhotoA_2025-09-09 16_21_26.314-05_00_0.png,1.75,1.7493266791969753
505,2110_LeafPhotoA_2025-09-08 11_07_19.238-05_00_1.png,1.0,1.8105920575597423
506,2110_LeafPhotoA_2025-09-08 11_07_19.238-05_00_3.png,1.0,1.903316156643387
507,2110_LeafPhotoA_2025-09-08 11_07_19.238-05_00_0.png,1.0,1.9429604247205106
508,2110_LeafPhotoA_2025-09-08 11_07_19.238-05_00_2.png,1.0,1.8960985556948202
513,1805_LeafPhotoA_2025-09-09 08_57_47.562-05_00_2.png,1.25,1.7237966311213946
514,1805_LeafPhotoA_2025-09-09 08_57_47.562-05_00_0.png,1.25,1.9314967628569741
515,1805_LeafPhotoA_2025-09-09 08_57_47.562-05_00_1.png,1.25,1.8344692297256529
516,1805_LeafPhotoA_2025-09-09 08_57_47.562-05_00_3.png,1.25,1.776789488325732
540,2999_LeafPhotoA_2025-09-09 16_54_09.800-05_00_3.png,1.5,1.7985259156276845
541,2999_LeafPhotoA_2025-09-09 16_54_09.800-05_00_0.png,1.5,1.6925838804446236
542,2999_LeafPhotoA_2025-09-09 16_54_09.800-05_00_2.png,1.5,1.8194086097403603
543,2999_LeafPhotoA_2025-09-09 16_54_09.800-05_00_1.png,1.5,1.6841041733075022
544,1802_LeafPhotoA_2025-09-09 10_06_55.886-05_00_1.png,1.0,1.6242695291598892
545,1802_LeafPhotoA_2025-09-09 10_06_55.886-05_00_3.png,1.0,1.705621179091536
546,1802_LeafPhotoA_2025-09-09 10_06_55.886-05_00_2.png,1.0,1.5272110842723021
547,1802_LeafPhotoA_2025-09-09 10_06_55.886-05_00_0.png,1.0,1.7128531893507457
555,2166_LeafPhotoA_2025-09-09 11_59_53.673-05_00_0.png,2.0,2.327752924097421
556,2166_LeafPhotoA_2025-09-09 11_59_53.673-05_00_1.png,2.0,2.2785649262990852
557,2166_LeafPhotoA_2025-09-09 11_59_53.673-05_00_2.png,2.0,2.3157526988606842
558,2166_LeafPhotoA_2025-09-09 11_59_53.673-05_00_3.png,2.0,2.240035466071171
561,1863_LeafPhotoA_2025-09-09 13_33_41.872-05_00_1.png,2.25,2.103474534943796
562,1863_LeafPhotoA_2025-09-09 13_33_41.872-05_00_0.png,2.25,1.9458763238570083
563,1863_LeafPhotoA_2025-09-09 13_33_41.872-05_00_3.png,2.25,2.060494538589959
564,1863_LeafPhotoA_2025-09-09 13_33_41.872-05_00_2.png,2.25,2.019689555073999
565,2529_LeafPhotoA_2025-09-09 10_27_20.782-05_00_0.png,1.5,1.8723270799668714
566,2529_LeafPhotoA_2025-09-09 10_27_20.782-05_00_1.png,1.5,2.0157975964376265
567,2529_LeafPhotoA_2025-09-09 10_27_20.782-05_00_2.png,1.5,1.9548929456014414
568,2529_LeafPhotoA_2025-09-09 10_27_20.782-05_00_3.png,1.5,1.8469513650022813
581,2227_LeafPhotoA_2025-09-08 11_30_56.055-05_00_0.png,2.5,1.9042912424746314
582,2227_LeafPhotoA_2025-09-08 11_30_56.055-05_00_1.png,2.5,1.9825440010504969
583,2227_LeafPhotoA_2025-09-08 11_30_56.055-05_00_2.png,2.5,2.0108734064084772
584,2227_LeafPhotoA_2025-09-08 11_30_56.055-05_00_3.png,2.5,2.057271223954711
601,2657_LeafPhotoA_2025-09-09 11_30_26.164-05_00_0.png,3.0,2.08381743398903
602,2657_LeafPhotoA_2025-09-09 11_30_26.164-05_00_1.png,3.0,2.1170793571296884
603,2657_LeafPhotoA_2025-09-09 11_30_26.164-05_00_3.png,3.0,1.977710285852241
604,2657_LeafPhotoA_2025-09-09 11_30_26.164-05_00_2.png,3.0,2.087159396156711
605,2736_LeafPhotoA_2025-09-09 11_03_17.238-05_00_2.png,2.75,2.191514920930302
606,2736_LeafPhotoA_2025-09-09 11_03_17.238-05_00_3.png,2.75,2.1881551159538764
607,2736_LeafPhotoA_2025-09-09 11_03_17.238-05_00_0.png,2.75,1.7997458135219688
608,2736_LeafPhotoA_2025-09-09 11_03_17.238-05_00_1.png,2.75,1.965313706328822
609,2244_LeafPhotoA_2025-09-08 11_56_08.443-05_00_1.png,1.25,1.6875078376632278
610,2244_LeafPhotoA_2025-09-08 11_56_08.443-05_00_2.png,1.25,1.6058508785716246
611,2244_LeafPhotoA_2025-09-08 11_56_08.443-05_00_0.png,1.25,1.6658453735887229
612,2244_LeafPhotoA_2025-09-08 11_56_08.443-05_00_3.png,1.25,1.7152610614265869
619,1722_LeafPhotoA_2025-09-09 09_21_25.253-05_00_1.png,3.0,2.0352467987432687
620,1722_LeafPhotoA_2025-09-09 09_21_25.253-05_00_0.png,3.0,2.125349853773786
621,1722_LeafPhotoA_2025-09-09 09_21_25.253-05_00_2.png,3.0,2.053074400467577
626,,1.25,1.6615398196628388
635,2401_LeafPhotoB_2025-09-08 10_40_27.891-05_00_0.png,2.0,1.8055933475172063
636,2401_LeafPhotoB_2025-09-08 10_40_27.891-05_00_1.png,2.0,1.954229048181349
637,2401_LeafPhotoB_2025-09-08 10_40_27.891-05_00_2.png,2.0,2.0223387905000587
638,2401_LeafPhotoB_2025-09-08 10_40_27.891-05_00_3.png,2.0,2.1135501449753695
647,2594_LeafPhotoA_2025-09-09 10_28_20.057-05_00_0.png,1.5,1.8199175289176999
648,2594_LeafPhotoA_2025-09-09 10_28_20.057-05_00_1.png,1.5,1.7497980070660863
649,2594_LeafPhotoA_2025-09-09 10_28_20.057-05_00_2.png,1.5,1.7652278126970105
650,2594_LeafPhotoA_2025-09-09 10_28_20.057-05_00_3.png,1.5,1.902797982721719
655,1946_LeafPhotoA_2025-09-09 16_05_11.903-05_00_2.png,1.5,1.9454181257379417
656,1946_LeafPhotoA_2025-09-09 16_05_11.903-05_00_0.png,1.5,1.8645351845812863
657,1946_LeafPhotoA_2025-09-09 16_05_11.903-05_00_3.png,1.5,1.882275771048859
658,1946_LeafPhotoA_2025-09-09 16_05_11.903-05_00_1.png,1.5,1.9372723783582808
671,1789_LeafPhotoA_2025-09-09 09_15_57.914-05_00_2.png,1.0,1.8085084160698162
672,1789_LeafPhotoA_2025-09-09 09_15_57.914-05_00_0.png,1.0,1.8288711466055363
673,1789_LeafPhotoA_2025-09-09 09_15_57.914-05_00_1.png,1.0,1.8378001394218726
674,1789_LeafPhotoA_2025-09-09 09_15_57.914-05_00_3.png,1.0,1.96797445879499
675,1200_LeafPhotoA_2025-09-08 17_01_52.096-05_00_0.png,1.0,1.7617741261616657
676,1200_LeafPhotoA_2025-09-08 17_01_52.096-05_00_1.png,1.0,1.7210410276374364
677,1200_LeafPhotoA_2025-09-08 17_01_52.096-05_00_2.png,1.0,1.844246690564874
682,2724_LeafPhotoA_2025-09-09 10_46_27.417-05_00_0.png,1.75,1.8451325565613013
683,2724_LeafPhotoA_2025-09-09 10_46_27.417-05_00_3.png,1.75,1.9794136534206683
684,2724_LeafPhotoA_2025-09-09 10_46_27.417-05_00_2.png,1.75,1.8312135562732845
685,2724_LeafPhotoA_2025-09-09 10_46_27.417-05_00_1.png,1.75,2.0010633047145614
698,2115_LeafPhotoA_2025-09-08 11_16_33.968-05_00_0.png,1.75,1.8083045579748138
699,2115_LeafPhotoA_2025-09-08 11_16_33.968-05_00_1.png,1.75,1.9013561512178476
700,2115_LeafPhotoA_2025-09-08 11_16_33.968-05_00_2.png,1.75,1.9200388569535374
701,2115_LeafPhotoA_2025-09-08 11_16_33.968-05_00_3.png,1.75,2.0188146332229753
727,2048_LeafPhotoA_2025-09-08 11_28_25.459-05_00_2.png,2.0,1.8040684641591427
728,2048_LeafPhotoA_2025-09-08 11_28_25.459-05_00_0.png,2.0,1.8462271230016973
729,2048_LeafPhotoA_2025-09-08 11_28_25.459-05_00_3.png,2.0,1.9890199121403405
730,2048_LeafPhotoA_2025-09-08 11_28_25.459-05_00_1.png,2.0,1.9339320826205753
741,2655_LeafPhotoA_2025-09-09 11_29_02.979-05_00_0.png,1.25,1.5694843077204113
742,2655_LeafPhotoA_2025-09-09 11_29_02.979-05_00_1.png,1.25,1.7001856348805253
743,2655_LeafPhotoA_2025-09-09 11_29_02.979-05_00_2.png,1.25,1.6991317155778605
744,2655_LeafPhotoA_2025-09-09 11_29_02.979-05_00_3.png,1.25,1.7329575462283342
745,1056_LeafPhotoA_2025-09-08 12_47_34.787-05_00_3.png,1.75,1.8650614235749206
746,1056_LeafPhotoA_2025-09-08 12_47_34.787-05_00_0.png,1.75,2.046448888917726
747,1056_LeafPhotoA_2025-09-08 12_47_34.787-05_00_1.png,1.75,2.1142343522235523
748,1056_LeafPhotoA_2025-09-08 12_47_34.787-05_00_2.png,1.75,1.9527598197672211
760,2409_LeafPhotoB_2025-09-08 10_48_08.751-05_00_1.png,2.75,2.0228434976186533
761,2409_LeafPhotoB_2025-09-08 10_48_08.751-05_00_3.png,2.75,1.849611836189321
762,2409_LeafPhotoB_2025-09-08 10_48_08.751-05_00_0.png,2.75,1.9511599540259663
763,2409_LeafPhotoB_2025-09-08 10_48_08.751-05_00_2.png,2.75,1.8929637458170387
766,2673_LeafPhotoA_2025-09-09 11_11_18.428-05_00_1.png,1.0,1.7807664557463196
767,2673_LeafPhotoA_2025-09-09 11_11_18.428-05_00_2.png,1.0,1.7697990360360967
768,2673_LeafPhotoA_2025-09-09 11_11_18.428-05_00_0.png,1.0,1.6935009699287134
777,2933_LeafPhotoA_2025-09-09 16_35_09.095-05_00_0.png,1.0,1.8390395183806556
778,2933_LeafPhotoA_2025-09-09 16_35_09.095-05_00_1.png,1.0,1.8824555366951463
779,2933_LeafPhotoA_2025-09-09 16_35_09.095-05_00_2.png,1.0,2.0242243615101487
815,9351_LeafPhotoA_2025-09-09 17_07_37.530-05_00_2.png,1.0,2.0850385318438125
816,9351_LeafPhotoA_2025-09-09 17_07_37.530-05_00_1.png,1.0,2.0588660750798895
817,9351_LeafPhotoA_2025-09-09 17_07_37.530-05_00_0.png,1.0,2.1271275933496328
818,9351_LeafPhotoA_2025-09-09 17_07_37.530-05_00_3.png,1.0,1.9517122426037272
843,2693_LeafPhotoA_2025-09-09 10_38_35.796-05_00_0.png,1.75,2.0498472385766426
844,2693_LeafPhotoA_2025-09-09 10_38_35.796-05_00_1.png,1.75,2.01723062201279
845,2693_LeafPhotoA_2025-09-09 10_38_35.796-05_00_2.png,1.75,2.1845602560937194
846,2693_LeafPhotoA_2025-09-09 10_38_35.796-05_00_3.png,1.75,2.0988130088033112
847,2499_LeafPhotoB_2025-09-08 12_23_25.734-05_00_0.png,1.75,1.958752639644875
848,2499_LeafPhotoB_2025-09-08 12_23_25.734-05_00_1.png,1.75,1.7032058038844773
849,2499_LeafPhotoB_2025-09-08 12_23_25.734-05_00_2.png,1.75,1.6535037417687999
850,2499_LeafPhotoB_2025-09-08 12_23_25.734-05_00_3.png,1.75,1.6061902172837395
868,2506_LeafPhotoA_2025-09-09 10_01_46.426-05_00_3.png,2.75,2.0306450359294663
869,2506_LeafPhotoA_2025-09-09 10_01_46.426-05_00_2.png,2.75,2.2061039555975803
870,2506_LeafPhotoA_2025-09-09 10_01_46.426-05_00_1.png,2.75,1.9588036818876982
871,2506_LeafPhotoA_2025-09-09 10_01_46.426-05_00_0.png,2.75,2.102935462795989
872,2341_LeafPhotoA_2025-09-08 11_09_22.552-05_00_1.png,1.0,1.9637832587894997
873,2341_LeafPhotoA_2025-09-08 11_09_22.552-05_00_0.png,1.0,1.8141037399871716
901,2833_LeafPhotoA_2025-09-09 10_51_02.314-05_00_0.png,1.0,1.6774277661676553
902,2833_LeafPhotoA_2025-09-09 10_51_02.314-05_00_3.png,1.0,1.7700895923136994
903,2833_LeafPhotoA_2025-09-09 10_51_02.314-05_00_2.png,1.0,1.8277909507221266
904,2833_LeafPhotoA_2025-09-09 10_51_02.314-05_00_1.png,1.0,1.859857432805467
909,1472_LeafPhotoB_2025-09-08 16_38_48.113-05_00_2.png,1.5,2.233367440254535
910,1472_LeafPhotoB_2025-09-08 16_38_48.113-05_00_1.png,1.5,1.9973713913486448
911,1472_LeafPhotoB_2025-09-08 16_38_48.113-05_00_0.png,1.5,2.0540508284714942
917,1697_LeafPhotoA_2025-09-09 08_53_49.546-05_00_1.png,1.25,1.8277900159064884
918,1697_LeafPhotoA_2025-09-09 08_53_49.546-05_00_2.png,1.25,1.7971943281042777
919,1697_LeafPhotoA_2025-09-09 08_53_49.546-05_00_3.png,1.25,1.8767884893931943
920,1697_LeafPhotoA_2025-09-09 08_53_49.546-05_00_0.png,1.25,1.9676889493630616
926,2381_LeafPhotoA_2025-09-08 11_51_21.824-05_00_2.png,1.25,1.9524970652761593
927,2381_LeafPhotoA_2025-09-08 11_51_21.824-05_00_3.png,1.25,1.9330125104365967
928,2381_LeafPhotoA_2025-09-08 11_51_21.824-05_00_1.png,1.25,1.6827408519560842
929,2381_LeafPhotoA_2025-09-08 11_51_21.824-05_00_0.png,1.25,1.9371413350984021
976,1679_LeafPhotoA_2025-09-09 09_32_13.519-05_00_0.png,2.25,1.955959732708225
977,1679_LeafPhotoA_2025-09-09 09_32_13.519-05_00_1.png,2.25,1.8342795253126851
978,1679_LeafPhotoA_2025-09-09 09_32_13.519-05_00_2.png,2.25,1.8883780724269061
979,1679_LeafPhotoA_2025-09-09 09_32_13.519-05_00_3.png,2.25,1.8696786709444768
985,1512_LeafPhotoA_2025-09-09 09_08_29.596-05_00_3.png,2.5,2.0106940837934233
986,1512_LeafPhotoA_2025-09-09 09_08_29.596-05_00_1.png,2.5,1.8239248052187547
987,1512_LeafPhotoA_2025-09-09 09_08_29.596-05_00_2.png,2.5,1.9300497037416056
988,1512_LeafPhotoA_2025-09-09 09_08_29.596-05_00_0.png,2.5,2.0261055680417264
1038,1001_LeafPhotoA_2025-09-08 10_30_44.491-05_00_0.png,1.75,1.8913609716387592
1039,1001_LeafPhotoA_2025-09-08 10_30_44.491-05_00_1.png,1.75,1.8664869037897405
1040,1001_LeafPhotoA_2025-09-08 10_30_44.491-05_00_3.png,1.75,1.858179425125852
1041,1001_LeafPhotoA_2025-09-08 10_30_44.491-05_00_2.png,1.75,1.8262545912590036
1047,1705_LeafPhotoA_2025-09-09 08_56_59.048-05_00_0.png,2.25,2.2982292480279973
1048,1705_LeafPhotoA_2025-09-09 08_56_59.048-05_00_2.png,2.25,2.2951041834519987
1049,1705_LeafPhotoA_2025-09-09 08_56_59.048-05_00_3.png,2.25,2.271815371194908
1050,1705_LeafPhotoA_2025-09-09 08_56_59.048-05_00_1.png,2.25,2.2317425634637456
1062,1665_LeafPhotoA_2025-09-09 09_57_34.568-05_00_0.png,2.0,2.0383244508598115
1063,1665_LeafPhotoA_2025-09-09 09_57_34.568-05_00_1.png,2.0,2.030245308634432
1064,1665_LeafPhotoA_2025-09-09 09_57_34.568-05_00_2.png,2.0,1.9363061148182228
1102,1053_LeafPhotoA_2025-09-08 12_43_49.634-05_00_0.png,2.5,1.98564609049227
1103,1053_LeafPhotoA_2025-09-08 12_43_49.634-05_00_2.png,2.5,1.9715423525771771
1104,1053_LeafPhotoA_2025-09-08 12_43_49.634-05_00_3.png,2.5,1.8633014773015604
1105,1053_LeafPhotoA_2025-09-08 12_43_49.634-05_00_1.png,2.5,2.082571153108908
1113,2631_LeafPhotoA_2025-09-09 11_48_53.491-05_00_2.png,2.5,1.6828932860923473
1114,2631_LeafPhotoA_2025-09-09 11_48_53.491-05_00_0.png,2.5,1.6691491672390117
1115,2631_LeafPhotoA_2025-09-09 11_48_53.491-05_00_1.png,2.5,1.6738947071617096
1116,2631_LeafPhotoA_2025-09-09 11_48_53.491-05_00_3.png,2.5,1.8316952314138575
1134,1013_LeafPhotoA_2025-09-08 09_45_15.101-05_00_2.png,1.25,1.9727732575866055
1135,1013_LeafPhotoA_2025-09-08 09_45_15.101-05_00_3.png,1.25,1.969728344323755
1136,1013_LeafPhotoA_2025-09-08 09_45_15.101-05_00_0.png,1.25,2.051960804338258
1137,1013_LeafPhotoA_2025-09-08 09_45_15.101-05_00_1.png,1.25,2.042260517120908
1147,9260_LeafPhotoA_2025-09-08 12_05_57.503-05_00_1.png,1.0,1.5803614546385225
1148,9260_LeafPhotoA_2025-09-08 12_05_57.503-05_00_0.png,1.0,1.6657693409558496
1149,9260_LeafPhotoA_2025-09-08 12_05_57.503-05_00_2.png,1.0,1.7689344279315133
1150,9260_LeafPhotoA_2025-09-08 12_05_57.503-05_00_3.png,1.0,1.7236997804880425
1185,2433_LeafPhotoB_2025-09-08 11_09_46.410-05_00_0.png,1.5,1.9284722662622358
1186,2433_LeafPhotoB_2025-09-08 11_09_46.410-05_00_1.png,1.5,1.7408743854641435
1187,2433_LeafPhotoB_2025-09-08 11_09_46.410-05_00_3.png,1.5,1.583574337615215
1188,2433_LeafPhotoB_2025-09-08 11_09_46.410-05_00_2.png,1.5,1.7220520307771534
1197,2490_LeafPhotoB_2025-09-08 12_05_22.252-05_00_1.png,1.5,1.85233797196821
1198,2490_LeafPhotoB_2025-09-08 12_05_22.252-05_00_0.png,1.5,1.8394597705651532
1199,2490_LeafPhotoB_2025-09-08 12_05_22.252-05_00_3.png,1.5,1.8825171824662803
1200,2490_LeafPhotoB_2025-09-08 12_05_22.252-05_00_2.png,1.5,1.8963981170564463
1218,1014_LeafPhotoA_2025-09-08 09_46_05.675-05_00_0.png,3.75,2.067262005385287
1219,1014_LeafPhotoA_2025-09-08 09_46_05.675-05_00_1.png,3.75,2.1297242515248884
1220,1014_LeafPhotoA_2025-09-08 09_46_05.675-05_00_2.png,3.75,2.103861701780491
1238,2530_LeafPhotoA_2025-09-09 10_28_43.092-05_00_0.png,3.75,2.0199901307896186
1239,2530_LeafPhotoA_2025-09-09 10_28_43.092-05_00_3.png,3.75,2.2203604759184548
1240,2530_LeafPhotoA_2025-09-09 10_28_43.092-05_00_1.png,3.75,1.9950146197675946
1241,2530_LeafPhotoA_2025-09-09 10_28_43.092-05_00_2.png,3.75,1.9930548966628805
1242,1397_LeafPhotoA_2025-09-08 13_28_16.462-05_00_0.png,2.5,2.0112638528750653
1252,2867_LeafPhotoA_2025-09-09 14_50_34.297-05_00_3.png,1.5,1.6265351526805665
1253,2867_LeafPhotoA_2025-09-09 14_50_34.297-05_00_0.png,1.5,1.8158591951564094
1254,2867_LeafPhotoA_2025-09-09 14_50_34.297-05_00_1.png,1.5,1.9594446961129788
1255,2867_LeafPhotoA_2025-09-09 14_50_34.297-05_00_2.png,1.5,1.7467306561821607
1256,,2.25,1.6615398196628388
1352,1170_LeafPhotoA_2025-09-08 16_32_45.562-05_00_0.png,1.75,2.116451078170999
1353,1170_LeafPhotoA_2025-09-08 16_32_45.562-05_00_1.png,1.75,2.0219581105343845
1354,1170_LeafPhotoA_2025-09-08 16_32_45.562-05_00_3.png,1.75,2.150893807053747
1355,1170_LeafPhotoA_2025-09-08 16_32_45.562-05_00_2.png,1.75,2.1123563767861615
1376,2222_LeafPhotoA_2025-09-08 11_22_53.252-05_00_0.png,2.25,1.8696628471999386
1377,2222_LeafPhotoA_2025-09-08 11_22_53.252-05_00_1.png,2.25,1.963707943266366
1378,2222_LeafPhotoA_2025-09-08 11_22_53.252-05_00_2.png,2.25,1.8623620179297173
1379,2222_LeafPhotoA_2025-09-08 11_22_53.252-05_00_3.png,2.25,1.7415168529078529
1427,2876_LeafPhotoA_2025-09-09 14_43_15.675-05_00_3.png,1.75,1.8656357701425776
1428,2876_LeafPhotoA_2025-09-09 14_43_15.675-05_00_0.png,1.75,1.9271039658717042
1429,2876_LeafPhotoA_2025-09-09 14_43_15.675-05_00_1.png,1.75,1.7819690655934728
1430,2876_LeafPhotoA_2025-09-09 14_43_15.675-05_00_2.png,1.75,1.9362656500491249
1443,2041_LeafPhotoA_2025-09-08 11_20_20.644-05_00_1.png,2.0,1.8549434111331267
1444,2041_LeafPhotoA_2025-09-08 11_20_20.644-05_00_2.png,2.0,1.9103943281252211
1445,2041_LeafPhotoA_2025-09-08 11_20_20.644-05_00_0.png,2.0,1.741463734586546
1469,1584_LeafPhotoA_2025-09-09 09_39_38.950-05_00_0.png,2.25,1.8130110094570355
1470,1584_LeafPhotoA_2025-09-09 09_39_38.950-05_00_2.png,2.25,1.944051377059421
1471,1584_LeafPhotoA_2025-09-09 09_39_38.950-05_00_3.png,2.25,1.8165031729670615
1472,1584_LeafPhotoA_2025-09-09 09_39_38.950-05_00_1.png,2.25,1.9060380749496444
1473,1946_LeafPhotoA_2025-09-09 16_04_53.847-05_00_2.png,3.0,1.9690090143989156
1474,1946_LeafPhotoA_2025-09-09 16_04_53.847-05_00_1.png,3.0,1.9927995541408723
1475,1946_LeafPhotoA_2025-09-09 16_04_53.847-05_00_3.png,3.0,1.8213008825096795
1476,1946_LeafPhotoA_2025-09-09 16_04_53.847-05_00_0.png,3.0,2.042411203640379
1506,1442_LeafPhotoB_2025-09-08 10_31_26.108-05_00_1.png,1.25,1.7787217291155626
1507,1442_LeafPhotoB_2025-09-08 10_31_26.108-05_00_0.png,1.25,1.8135025671420189
1508,1442_LeafPhotoB_2025-09-08 10_31_26.108-05_00_2.png,1.25,1.7406108180363449
1509,1442_LeafPhotoB_2025-09-08 10_31_26.108-05_00_3.png,1.25,1.8087790406147977
1524,1693_LeafPhotoA_2025-09-09 09_07_35.518-05_00_0.png,1.75,2.041677281569105
1525,1693_LeafPhotoA_2025-09-09 09_07_35.518-05_00_1.png,1.75,1.9883914553677655
1526,1693_LeafPhotoA_2025-09-09 09_07_35.518-05_00_2.png,1.75,1.7429360277893458
1527,1693_LeafPhotoA_2025-09-09 09_07_35.518-05_00_3.png,1.75,1.8080745892018624
1560,1266_LeafPhotoA_2025-09-08 16_20_40.775-05_00_0.png,1.5,1.7916625219895375
1581,2104_LeafPhotoA_2025-09-08 10_58_03.934-05_00_0.png,2.0,1.730104003731908
1582,2104_LeafPhotoA_2025-09-08 10_58_03.934-05_00_1.png,2.0,1.7479085444045657
1583,2104_LeafPhotoA_2025-09-08 10_58_03.934-05_00_2.png,2.0,1.6556461581437036
1584,2104_LeafPhotoA_2025-09-08 10_58_03.934-05_00_3.png,2.0,1.8162622008396128
1594,,1.5,1.6615398196628388
1603,2029_LeafPhotoA_2025-09-08 11_07_23.840-05_00_0.png,3.5,1.8786430719424627
1604,2029_LeafPhotoA_2025-09-08 11_07_23.840-05_00_3.png,3.5,1.9518196351990382
1605,2029_LeafPhotoA_2025-09-08 11_07_23.840-05_00_1.png,3.5,1.8926715873605988
1606,2029_LeafPhotoA_2025-09-08 11_07_23.840-05_00_2.png,3.5,1.854485092380905
1623,1152_LeafPhotoA_2025-09-08 16_58_21.742-05_00_3.png,2.0,2.077429947009472
1624,1152_LeafPhotoA_2025-09-08 16_58_21.742-05_00_2.png,2.0,2.1627465113320743
1625,1152_LeafPhotoA_2025-09-08 16_58_21.742-05_00_0.png,2.0,2.151584634929377
1626,1152_LeafPhotoA_2025-09-08 16_58_21.742-05_00_1.png,2.0,2.103165435405506
1632,1572_LeafPhotoA_2025-09-09 09_56_18.547-05_00_3.png,1.5,1.9094023712651105
1633,1572_LeafPhotoA_2025-09-09 09_56_18.547-05_00_2.png,1.5,1.8103814975645602
1634,1572_LeafPhotoA_2025-09-09 09_56_18.547-05_00_1.png,1.5,1.8891380650666527
1635,1572_LeafPhotoA_2025-09-09 09_56_18.547-05_00_0.png,1.5,1.7544455145844224
1647,2237_LeafPhotoA_2025-09-08 11_42_52.155-05_00_2.png,1.5,1.9350716825327752
1648,2237_LeafPhotoA_2025-09-08 11_42_52.155-05_00_0.png,1.5,1.8287814099720896
1649,2237_LeafPhotoA_2025-09-08 11_42_52.155-05_00_1.png,1.5,1.7049247374062346
1650,2237_LeafPhotoA_2025-09-08 11_42_52.155-05_00_3.png,1.5,1.8438197219420371
1671,2618_LeafPhotoA_2025-09-09 12_06_25.737-05_00_0.png,2.25,1.819875225117268
1672,2618_LeafPhotoA_2025-09-09 12_06_25.737-05_00_1.png,2.25,1.6804187934649308
1699,2686_LeafPhotoA_2025-09-09 10_48_10.419-05_00_0.png,3.0,1.8975845850391975
1700,2686_LeafPhotoA_2025-09-09 10_48_10.419-05_00_1.png,3.0,1.7816772099844473
1701,2686_LeafPhotoA_2025-09-09 10_48_10.419-05_00_2.png,3.0,1.8129058540224616
1718,1198_LeafPhotoA_2025-09-08 09_25_24.531-05_00_2.png,1.25,1.7865111099434956
1719,1198_LeafPhotoA_2025-09-08 09_25_24.531-05_00_1.png,1.25,1.8051663421006143
1720,1198_LeafPhotoA_2025-09-08 09_25_24.531-05_00_0.png,1.25,1.7450806571014352
1721,1198_LeafPhotoA_2025-09-08 09_25_24.531-05_00_3.png,1.25,1.681538037527649
1730,2876_LeafPhotoA_2025-09-09 14_43_31.946-05_00_2.png,1.5,1.7498740304028613
1731,2876_LeafPhotoA_2025-09-09 14_43_31.946-05_00_3.png,1.5,1.8800743781327793
1732,2876_LeafPhotoA_2025-09-09 14_43_31.946-05_00_0.png,1.5,1.871113460607643
1733,2876_LeafPhotoA_2025-09-09 14_43_31.946-05_00_1.png,1.5,1.8156631807895842
1747,2064_LeafPhotoA_2025-09-08 11_57_49.749-05_00_0.png,2.0,1.6082748160704239
1748,2064_LeafPhotoA_2025-09-08 11_57_49.749-05_00_3.png,2.0,1.6227955658288113
1749,2064_LeafPhotoA_2025-09-08 11_57_49.749-05_00_1.png,2.0,1.6442955113932791
1750,2064_LeafPhotoA_2025-09-08 11_57_49.749-05_00_2.png,2.0,1.5668865696983065
1765,1267_LeafPhotoA_2025-09-08 16_19_11.885-05_00_0.png,2.25,2.2051529627909408
1766,1267_LeafPhotoA_2025-09-08 16_19_11.885-05_00_2.png,2.25,1.929469981622266
1767,1267_LeafPhotoA_2025-09-08 16_19_11.885-05_00_1.png,2.25,2.0169627972176682
1768,1267_LeafPhotoA_2025-09-08 16_19_11.885-05_00_3.png,2.25,1.9105373712410543
1769,2871_LeafPhotoA_2025-09-09 14_47_23.331-05_00_2.png,2.5,2.164976525021621
1770,2871_LeafPhotoA_2025-09-09 14_47_23.331-05_00_0.png,2.5,2.0557309004634856
1771,2871_LeafPhotoA_2025-09-09 14_47_23.331-05_00_1.png,2.5,2.006376495514663
1772,2871_LeafPhotoA_2025-09-09 14_47_23.331-05_00_3.png,2.5,2.0981352083280167
1808,2447_LeafPhotoB_2025-09-08 11_22_51.883-05_00_0.png,2.0,1.9584821023610581
1809,2447_LeafPhotoB_2025-09-08 11_22_51.883-05_00_2.png,2.0,1.815648296560411
1810,2447_LeafPhotoB_2025-09-08 11_22_51.883-05_00_3.png,2.0,1.806203432182015
1811,2447_LeafPhotoB_2025-09-08 11_22_51.883-05_00_1.png,2.0,1.852608403040243
1820,2287_LeafPhotoA_2025-09-08 16_53_06.874-05_00_2.png,3.75,2.0711478077722387
1821,2287_LeafPhotoA_2025-09-08 16_53_06.874-05_00_1.png,3.75,2.043577735888819
1822,2287_LeafPhotoA_2025-09-08 16_53_06.874-05_00_3.png,3.75,2.0421448666532234
1823,2287_LeafPhotoA_2025-09-08 16_53_06.874-05_00_0.png,3.75,1.945089879506081
1831,1713_LeafPhotoA_2025-09-09 09_08_31.161-05_00_2.png,1.75,2.1059242308943955
1832,1713_LeafPhotoA_2025-09-09 09_08_31.161-05_00_3.png,1.75,2.2190671886472138
1833,1713_LeafPhotoA_2025-09-09 09_08_31.161-05_00_0.png,1.75,1.8349821867508345
1834,1713_LeafPhotoA_2025-09-09 09_08_31.161-05_00_1.png,1.75,1.898057802150656
1864,2130_LeafPhotoA_2025-09-08 11_49_10.108-05_00_0.png,1.75,1.9472282908493719
1865,2130_LeafPhotoA_2025-09-08 11_49_10.108-05_00_1.png,1.75,1.7681334708355774
1866,2130_LeafPhotoA_2025-09-08 11_49_10.108-05_00_2.png,1.75,1.8613184316087035
1867,2130_LeafPhotoA_2025-09-08 11_49_10.108-05_00_3.png,1.75,2.0134256414138623
1868,2852_LeafPhotoA_2025-09-09 15_03_44.065-05_00_0.png,1.5,1.8590788798122984
1869,2852_LeafPhotoA_2025-09-09 15_03_44.065-05_00_2.png,1.5,1.8570509817342857
1870,2852_LeafPhotoA_2025-09-09 15_03_44.065-05_00_3.png,1.5,1.893976973172758
1871,2852_LeafPhotoA_2025-09-09 15_03_44.065-05_00_1.png,1.5,1.855411584694491
1875,1047_LeafPhotoA_2025-09-08 10_26_48.305-05_00_0.png,2.0,1.7590908302787915
1876,1047_LeafPhotoA_2025-09-08 10_26_48.305-05_00_1.png,2.0,1.786567579315571
1877,1047_LeafPhotoA_2025-09-08 10_26_48.305-05_00_2.png,2.0,1.9373813231643868
1878,1047_LeafPhotoA_2025-09-08 10_26_48.305-05_00_3.png,2.0,2.064454176700815
1896,1687_LeafPhotoA_2025-09-09 09_18_05.463-05_00_0.png,1.75,1.8987669050465468
1897,1687_LeafPhotoA_2025-09-09 09_18_05.463-05_00_1.png,1.75,1.750271389257456
1898,2049_LeafPhotoA_2025-09-08 11_29_22.980-05_00_0.png,1.25,1.6884786863114314
1899,2049_LeafPhotoA_2025-09-08 11_29_22.980-05_00_1.png,1.25,1.7448304898656344
1900,2049_LeafPhotoA_2025-09-08 11_29_22.980-05_00_2.png,1.25,1.673999194204809
1901,2049_LeafPhotoA_2025-09-08 11_29_22.980-05_00_3.png,1.25,1.7057511146390931
1916,2049_LeafPhotoA_2025-09-08 11_29_12.336-05_00_0.png,2.25,1.7275028877117566
1917,2049_LeafPhotoA_2025-09-08 11_29_12.336-05_00_1.png,2.25,1.870125276594161
1918,2049_LeafPhotoA_2025-09-08 11_29_12.336-05_00_2.png,2.25,1.6083623386565171
1919,2049_LeafPhotoA_2025-09-08 11_29_12.336-05_00_3.png,2.25,1.8595543512671768
1936,1540_LeafPhotoA_2025-09-09 09_38_25.826-05_00_0.png,2.75,2.0481416002848736
1937,1540_LeafPhotoA_2025-09-09 09_38_25.826-05_00_1.png,2.75,2.070715784155378
1938,1540_LeafPhotoA_2025-09-09 09_38_25.826-05_00_2.png,2.75,1.9270292776243583
1939,1540_LeafPhotoA_2025-09-09 09_38_25.826-05_00_3.png,2.75,1.9723216289859085
1947,1070_LeafPhotoA_2025-09-08 13_01_31.955-05_00_3.png,1.5,1.724437920195719
1948,1070_LeafPhotoA_2025-09-08 13_01_31.955-05_00_2.png,1.5,1.692168294296001
1949,1070_LeafPhotoA_2025-09-08 13_01_31.955-05_00_0.png,1.5,1.9876878996986644
1950,1070_LeafPhotoA_2025-09-08 13_01_31.955-05_00_1.png,1.5,1.8248046797771909
1951,1031_LeafPhotoA_2025-09-08 10_05_56.491-05_00_3.png,1.75,1.8567020415488154
1952,1031_LeafPhotoA_2025-09-08 10_05_56.491-05_00_1.png,1.75,1.980914776189316
1953,1031_LeafPhotoA_2025-09-08 10_05_56.491-05_00_2.png,1.75,2.033446042245724
1954,1031_LeafPhotoA_2025-09-08 10_05_56.491-05_00_0.png,1.75,1.9084214077854893
1959,2835_LeafPhotoA_2025-09-09 10_59_12.275-05_00_0.png,2.5,1.9137477183482081
1988,,2.5,1.6615398196628388
2004,2915_LeafPhotoA_2025-09-09 16_35_42.182-05_00_0.png,2.0,1.8311809942132593
2009,1697_LeafPhotoA_2025-09-09 08_54_31.422-05_00_0.png,1.5,1.6819085789001367
2010,1697_LeafPhotoA_2025-09-09 08_54_31.422-05_00_2.png,1.5,2.074445443990457
2011,1697_LeafPhotoA_2025-09-09 08_54_31.422-05_00_1.png,1.5,1.7895402216865295
2016,2999_LeafPhotoA_2025-09-09 16_55_04.325-05_00_2.png,2.0,1.960751358376744
2017,2999_LeafPhotoA_2025-09-09 16_55_04.325-05_00_0.png,2.0,1.8824345506770146
2018,2999_LeafPhotoA_2025-09-09 16_55_04.325-05_00_1.png,2.0,1.8516951624294256
2030,2164_LeafPhotoA_2025-09-09 11_57_19.201-05_00_0.png,1.5,1.829985222383985
2031,2164_LeafPhotoA_2025-09-09 11_57_19.201-05_00_1.png,1.5,1.9358792155449485
2032,2164_LeafPhotoA_2025-09-09 11_57_19.201-05_00_2.png,1.5,1.8516631546772797
2033,2164_LeafPhotoA_2025-09-09 11_57_19.201-05_00_3.png,1.5,1.8743653500231594
2038,2862_LeafPhotoA_2025-09-09 14_54_36.677-05_00_1.png,1.75,1.7835536230678946
2039,2862_LeafPhotoA_2025-09-09 14_54_36.677-05_00_3.png,1.75,1.6882455745578822
2040,2862_LeafPhotoA_2025-09-09 14_54_36.677-05_00_2.png,1.75,1.8147390605194267
2041,2862_LeafPhotoA_2025-09-09 14_54_36.677-05_00_0.png,1.75,1.7304731572674084
2050,2833_LeafPhotoA_2025-09-09 10_55_45.835-05_00_0.png,1.5,1.7667108685410724
2051,2618_LeafPhotoA_2025-09-09 12_05_14.747-05_00_0.png,1.5,2.0410408479616455
2052,2618_LeafPhotoA_2025-09-09 12_05_14.747-05_00_1.png,1.5,2.0211780817007234
2053,2618_LeafPhotoA_2025-09-09 12_05_14.747-05_00_2.png,1.5,1.8623211095494747
2054,2618_LeafPhotoA_2025-09-09 12_05_14.747-05_00_3.png,1.5,1.7946776406334155
2095,1338_LeafPhotoA_2025-09-08 10_07_02.814-05_00_1.png,4.5,2.029208447331017
2096,1338_LeafPhotoA_2025-09-08 10_07_02.814-05_00_3.png,4.5,2.233760021893258
2097,1338_LeafPhotoA_2025-09-08 10_07_02.814-05_00_0.png,4.5,2.062152291957643
2098,1338_LeafPhotoA_2025-09-08 10_07_02.814-05_00_2.png,4.5,2.3004303633323797
2165,1420_LeafPhotoB_2025-09-08 10_13_16.780-05_00_0.png,1.75,1.8775003727809203
2166,1420_LeafPhotoB_2025-09-08 10_13_16.780-05_00_1.png,1.75,1.8112403784792892
2167,1420_LeafPhotoB_2025-09-08 10_13_16.780-05_00_2.png,1.75,1.9275934358066455
2168,1420_LeafPhotoB_2025-09-08 10_13_16.780-05_00_3.png,1.75,1.880917922836002
2193,5014_LeafPhotoA_2025-09-09 16_20_31.482-05_00_0.png,1.75,1.8304154281471656
2194,5014_LeafPhotoA_2025-09-09 16_20_31.482-05_00_1.png,1.75,1.7075015500119528
2195,5014_LeafPhotoA_2025-09-09 16_20_31.482-05_00_2.png,1.75,1.809613394606016
2196,5014_LeafPhotoA_2025-09-09 16_20_31.482-05_00_3.png,1.75,1.7207384803905459
2197,2119_LeafPhotoA_2025-09-08 11_28_47.667-05_00_0.png,1.5,1.8544000957722313
2202,2461_LeafPhotoB_2025-09-08 11_38_43.859-05_00_0.png,2.0,1.858413139850506
2203,2461_LeafPhotoB_2025-09-08 11_38_43.859-05_00_1.png,2.0,1.887731952106577
2204,2461_LeafPhotoB_2025-09-08 11_38_43.859-05_00_2.png,2.0,1.8366380067569619
2205,2461_LeafPhotoB_2025-09-08 11_38_43.859-05_00_3.png,2.0,2.0071705501026322
2210,1693_LeafPhotoA_2025-09-09 09_06_11.383-05_00_0.png,1.25,1.9658493042381253
2211,1693_LeafPhotoA_2025-09-09 09_06_11.383-05_00_1.png,1.25,1.9089386271757343
2212,1693_LeafPhotoA_2025-09-09 09_06_11.383-05_00_2.png,1.25,1.8846912649600478
2213,1693_LeafPhotoA_2025-09-09 09_06_11.383-05_00_3.png,1.25,1.986364456472804
2239,1345_LeafPhotoA_2025-09-08 10_13_26.383-05_00_3.png,2.5,1.8641496741723638
2240,1345_LeafPhotoA_2025-09-08 10_13_26.383-05_00_2.png,2.5,1.5505184752602261
2241,1345_LeafPhotoA_2025-09-08 10_13_26.383-05_00_0.png,2.5,1.609391631632526
2242,1345_LeafPhotoA_2025-09-08 10_13_26.383-05_00_1.png,2.5,1.5878910788455831
2255,2438_LeafPhotoB_2025-09-08 11_14_34.150-05_00_0.png,2.25,1.9160671720699525
2256,2438_LeafPhotoB_2025-09-08 11_14_34.150-05_00_1.png,2.25,1.9400688522339908
2257,2438_LeafPhotoB_2025-09-08 11_14_34.150-05_00_2.png,2.25,1.6645634443023545
2258,2438_LeafPhotoB_2025-09-08 11_14_34.150-05_00_3.png,2.25,1.6250309185474507
2259,1543_LeafPhotoA_2025-09-09 09_43_51.333-05_00_0.png,1.5,2.0437641425817574
2260,1543_LeafPhotoA_2025-09-09 09_43_51.333-05_00_2.png,1.5,1.8766179605420499
2261,1543_LeafPhotoA_2025-09-09 09_43_51.333-05_00_1.png,1.5,1.8533331120606906
2275,1798_LeafPhotoA_2025-09-09 08_54_43.161-05_00_0.png,2.25,1.88311310044391
2276,1798_LeafPhotoA_2025-09-09 08_54_43.161-05_00_2.png,2.25,1.9294368610768213
2277,1798_LeafPhotoA_2025-09-09 08_54_43.161-05_00_1.png,2.25,1.9519557073567433
2278,1798_LeafPhotoA_2025-09-09 08_54_43.161-05_00_3.png,2.25,1.6954017657018312
2294,1223_LeafPhotoA_2025-09-08 10_03_13.455-05_00_0.png,1.5,1.7796543426393228
2295,1223_LeafPhotoA_2025-09-08 10_03_13.455-05_00_3.png,1.5,1.7204974508138813
2296,1223_LeafPhotoA_2025-09-08 10_03_13.455-05_00_2.png,1.5,1.8238189584269775
2297,1223_LeafPhotoA_2025-09-08 10_03_13.455-05_00_1.png,1.5,1.7107467399597092
2322,1086_LeafPhotoA_2025-09-09 10_58_54.973-05_00_3.png,2.5,2.0226455629893745
2323,1086_LeafPhotoA_2025-09-09 10_58_54.973-05_00_2.png,2.5,2.0063325645507115
2324,1086_LeafPhotoA_2025-09-09 10_58_54.973-05_00_0.png,2.5,1.800181003788576
2325,1086_LeafPhotoA_2025-09-09 10_58_54.973-05_00_1.png,2.5,1.9004881337541455
2348,2385_LeafPhotoA_2025-09-08 11_56_10.265-05_00_3.png,1.25,1.8438595758843224
2349,2385_LeafPhotoA_2025-09-08 11_56_10.265-05_00_2.png,1.25,1.7932492935260678
2350,2385_LeafPhotoA_2025-09-08 11_56_10.265-05_00_1.png,1.25,1.8151955494867418
2351,2385_LeafPhotoA_2025-09-08 11_56_10.265-05_00_0.png,1.25,1.9112425773750001
2352,2381_LeafPhotoA_2025-09-08 11_51_50.879-05_00_0.png,2.0,1.665731299921856
2353,2381_LeafPhotoA_2025-09-08 11_51_50.879-05_00_1.png,2.0,1.931945901606831
2354,2381_LeafPhotoA_2025-09-08 11_51_50.879-05_00_3.png,2.0,1.933875736128819
2355,2381_LeafPhotoA_2025-09-08 11_51_50.879-05_00_2.png,2.0,1.9214386956621374
2401,9351_LeafPhotoA_2025-09-09 17_07_25.532-05_00_3.png,1.25,1.8281457400448082
2402,9351_LeafPhotoA_2025-09-09 17_07_25.532-05_00_0.png,1.25,1.8299722649695078
2403,9351_LeafPhotoA_2025-09-09 17_07_25.532-05_00_2.png,1.25,1.9559271162811211
2404,9351_LeafPhotoA_2025-09-09 17_07_25.532-05_00_1.png,1.25,1.97115965227261
2416,1915_LeafPhotoA_2025-09-09 14_54_52.435-05_00_0.png,1.75,1.6867670562769483
2417,1915_LeafPhotoA_2025-09-09 14_54_52.435-05_00_1.png,1.75,1.9514711269955336
2418,1915_LeafPhotoA_2025-09-09 14_54_52.435-05_00_2.png,1.75,1.7043912451349938
2419,1915_LeafPhotoA_2025-09-09 14_54_52.435-05_00_3.png,1.75,1.7639145843178456
2424,1466_LeafPhotoB_2025-09-08 16_29_29.831-05_00_0.png,2.0,1.9250823755707673
2425,1466_LeafPhotoB_2025-09-08 16_29_29.831-05_00_1.png,2.0,1.7306042588034187
2426,1466_LeafPhotoB_2025-09-08 16_29_29.831-05_00_2.png,2.0,1.9687179506832186
2427,1466_LeafPhotoB_2025-09-08 16_29_29.831-05_00_3.png,2.0,2.104525102711078
2432,2051_LeafPhotoA_2025-09-08 11_43_12.742-05_00_0.png,3.75,1.93070042857845
2433,2051_LeafPhotoA_2025-09-08 11_43_12.742-05_00_1.png,3.75,1.8945305019721745
2434,2533_LeafPhotoA_2025-09-09 10_31_53.410-05_00_0.png,1.75,1.8795701136346463
2435,2533_LeafPhotoA_2025-09-09 10_31_53.410-05_00_1.png,1.75,1.9076161684543314
2436,2533_LeafPhotoA_2025-09-09 10_31_53.410-05_00_2.png,1.75,1.8801442150545509
2437,2533_LeafPhotoA_2025-09-09 10_31_53.410-05_00_3.png,1.75,1.9960104208925318
2534,2295_LeafPhotoA_2025-09-08 16_45_42.473-05_00_0.png,2.25,1.8793637787825423
2535,2295_LeafPhotoA_2025-09-08 16_45_42.473-05_00_1.png,2.25,1.7706451206575315
2536,2295_LeafPhotoA_2025-09-08 16_45_42.473-05_00_2.png,2.25,1.8116978268764246
2537,2295_LeafPhotoA_2025-09-08 16_45_42.473-05_00_3.png,2.25,1.847762784202328
2547,1913_LeafPhotoA_2025-09-09 14_52_15.644-05_00_3.png,1.5,1.7981497048555284
2548,1913_LeafPhotoA_2025-09-09 14_52_15.644-05_00_0.png,1.5,1.9420235245316158
2549,1913_LeafPhotoA_2025-09-09 14_52_15.644-05_00_1.png,1.5,1.8742769112525537
2550,1913_LeafPhotoA_2025-09-09 14_52_15.644-05_00_2.png,1.5,1.8887174596492156
2563,1407_LeafPhotoA_2025-09-08 09_28_58.311-05_00_0.png,1.0,1.7740525489732142
2564,1407_LeafPhotoA_2025-09-08 09_28_58.311-05_00_3.png,1.0,1.9916180554642733
2565,1407_LeafPhotoA_2025-09-08 09_28_58.311-05_00_2.png,1.0,1.9366439209574624
2566,1407_LeafPhotoA_2025-09-08 09_28_58.311-05_00_1.png,1.0,1.7258139680599656
2597,2470_LeafPhotoB_2025-09-08 11_46_55.188-05_00_3.png,2.25,2.000620321997995
2598,2470_LeafPhotoB_2025-09-08 11_46_55.188-05_00_1.png,2.25,2.152357105662012
2599,2470_LeafPhotoB_2025-09-08 11_46_55.188-05_00_0.png,2.25,1.9644021613612224
2600,2470_LeafPhotoB_2025-09-08 11_46_55.188-05_00_2.png,2.25,2.0070002989799667
2609,2130_LeafPhotoA_2025-09-08 11_48_43.180-05_00_0.png,2.5,2.0027968347885046
2610,2130_LeafPhotoA_2025-09-08 11_48_43.180-05_00_1.png,2.5,2.2531406308931237
2611,2130_LeafPhotoA_2025-09-08 11_48_43.180-05_00_2.png,2.5,2.1718639142330747
2612,2130_LeafPhotoA_2025-09-08 11_48_43.180-05_00_3.png,2.5,2.0520809623503964
2617,2391_LeafPhotoA_2025-09-08 12_03_15.238-05_00_1.png,1.25,1.894016454567698
2618,2391_LeafPhotoA_2025-09-08 12_03_15.238-05_00_0.png,1.25,1.9598379442772456
2619,2391_LeafPhotoA_2025-09-08 12_03_15.238-05_00_2.png,1.25,1.9466486293567025
2620,2391_LeafPhotoA_2025-09-08 12_03_15.238-05_00_3.png,1.25,1.785406599306427
2621,2391_LeafPhotoA_2025-09-08 12_01_42.651-05_00_3.png,1.75,1.9447161312804084
2622,2391_LeafPhotoA_2025-09-08 12_01_42.651-05_00_0.png,1.75,1.7568240631943963
2623,2391_LeafPhotoA_2025-09-08 12_01_42.651-05_00_2.png,1.75,1.9493090751737823
2624,2391_LeafPhotoA_2025-09-08 12_01_42.651-05_00_1.png,1.75,1.8206583816859307
2630,1937_LeafPhotoA_2025-09-09 15_34_34.063-05_00_0.png,1.75,1.9459906594738248
2631,1937_LeafPhotoA_2025-09-09 15_34_34.063-05_00_1.png,1.75,1.8368159280707905
2632,1937_LeafPhotoA_2025-09-09 15_34_34.063-05_00_2.png,1.75,1.7925467627997864
2633,1937_LeafPhotoA_2025-09-09 15_34_34.063-05_00_3.png,1.75,1.894954902894554
2635,1642_LeafPhotoA_2025-09-09 10_32_36.943-05_00_0.png,1.5,2.055535092903633
2636,1642_LeafPhotoA_2025-09-09 10_32_36.943-05_00_2.png,1.5,1.9281661989286207
2637,1642_LeafPhotoA_2025-09-09 10_32_36.943-05_00_1.png,1.5,1.9810322245425303
2733,2942_LeafPhotoA_2025-09-09 16_27_26.746-05_00_2.png,2.75,1.8028245943526406
2734,2942_LeafPhotoA_2025-09-09 16_27_26.746-05_00_3.png,2.75,1.905512714019136
2735,2942_LeafPhotoA_2025-09-09 16_27_26.746-05_00_0.png,2.75,1.8653246594132469
2736,2942_LeafPhotoA_2025-09-09 16_27_26.746-05_00_1.png,2.75,1.8684539368896709
2749,2127_LeafPhotoA_2025-09-08 11_44_05.581-05_00_3.png,2.0,1.730921027054892
2750,2127_LeafPhotoA_2025-09-08 11_44_05.581-05_00_2.png,2.0,1.7479318995713387
2751,2127_LeafPhotoA_2025-09-08 11_44_05.581-05_00_1.png,2.0,1.781864915587294
2752,2127_LeafPhotoA_2025-09-08 11_44_05.581-05_00_0.png,2.0,1.622641818664651
2761,2594_LeafPhotoA_2025-09-09 10_28_00.830-05_00_0.png,1.25,1.8876159001816903
2762,2594_LeafPhotoA_2025-09-09 10_28_00.830-05_00_1.png,1.25,1.924647376261455
2763,2594_LeafPhotoA_2025-09-09 10_28_00.830-05_00_2.png,1.25,1.8915319620072903
2764,2594_LeafPhotoA_2025-09-09 10_28_00.830-05_00_3.png,1.25,1.8541555354340997
2777,1079_LeafPhotoA_2025-09-08 13_11_39.389-05_00_0.png,1.5,1.8854298877064082
2778,1079_LeafPhotoA_2025-09-08 13_11_39.389-05_00_1.png,1.5,1.9736321696852144
2779,1079_LeafPhotoA_2025-09-08 13_11_39.389-05_00_2.png,1.5,1.8827894026928969
2780,1079_LeafPhotoA_2025-09-08 13_11_39.389-05_00_3.png,1.5,1.9550112717640673
2781,1842_LeafPhotoA_2025-09-09 09_52_16.462-05_00_0.png,2.25,1.7716168711937155
2782,1842_LeafPhotoA_2025-09-09 09_52_16.462-05_00_1.png,2.25,1.5537566536343033
2788,2879_LeafPhotoA_2025-09-09 14_38_53.940-05_00_1.png,1.25,1.7086806127792489
2789,2879_LeafPhotoA_2025-09-09 14_38_53.940-05_00_0.png,1.25,1.8743600877617186
2790,1669_LeafPhotoA_2025-09-09 09_51_13.731-05_00_0.png,1.5,1.926420083302921
2791,1669_LeafPhotoA_2025-09-09 09_51_13.731-05_00_1.png,1.5,1.796274311349343
2792,1669_LeafPhotoA_2025-09-09 09_51_13.731-05_00_2.png,1.5,1.8889150647845023
2793,1736_LeafPhotoA_2025-09-09 09_48_22.904-05_00_2.png,1.5,1.8506157922355306
2794,1736_LeafPhotoA_2025-09-09 09_48_22.904-05_00_1.png,1.5,1.9515412782776966
2795,1736_LeafPhotoA_2025-09-09 09_48_22.904-05_00_0.png,1.5,2.033057630737318
2796,1736_LeafPhotoA_2025-09-09 09_48_22.904-05_00_3.png,1.5,1.7291230089730967
2797,1466_LeafPhotoB_2025-09-08 16_29_39.552-05_00_0.png,1.25,2.017225760878323
2798,1466_LeafPhotoB_2025-09-08 16_29_39.552-05_00_1.png,1.25,1.8147324945637768
2799,1466_LeafPhotoB_2025-09-08 16_29_39.552-05_00_2.png,1.25,1.8904699372788694
2800,1466_LeafPhotoB_2025-09-08 16_29_39.552-05_00_3.png,1.25,1.7162396643684625
2880,2744_LeafPhotoA_2025-09-09 11_15_01.877-05_00_3.png,2.25,2.121822057974329
2881,2744_LeafPhotoA_2025-09-09 11_15_01.877-05_00_1.png,2.25,1.8664828910916975
2882,2744_LeafPhotoA_2025-09-09 11_15_01.877-05_00_2.png,2.25,1.790985533531443
2883,2744_LeafPhotoA_2025-09-09 11_15_01.877-05_00_0.png,2.25,1.9364174544348072
2902,2404_LeafPhotoB_2025-09-08 10_44_08.041-05_00_1.png,3.25,1.9121411875501937
2903,2404_LeafPhotoB_2025-09-08 10_44_08.041-05_00_0.png,3.25,1.844176458960394
2908,2215_LeafPhotoA_2025-09-08 11_08_31.563-05_00_0.png,2.25,2.0904515816463403
2909,2215_LeafPhotoA_2025-09-08 11_08_31.563-05_00_3.png,2.25,1.8360418689913771
2910,2215_LeafPhotoA_2025-09-08 11_08_31.563-05_00_1.png,2.25,1.9816024831640875
2911,2215_LeafPhotoA_2025-09-08 11_08_31.563-05_00_2.png,2.25,1.7361113115551232
2916,2728_LeafPhotoA_2025-09-09 10_52_13.946-05_00_3.png,3.25,1.9163323343457577
2917,2728_LeafPhotoA_2025-09-09 10_52_13.946-05_00_1.png,3.25,2.060337045918426
2918,2728_LeafPhotoA_2025-09-09 10_52_13.946-05_00_2.png,3.25,2.0749617059778984
2919,2728_LeafPhotoA_2025-09-09 10_52_13.946-05_00_0.png,3.25,1.8999828079127652
2930,,1.5,1.6615398196628388
2931,1001_LeafPhotoA_2025-09-08 10_31_01.387-05_00_2.png,1.25,1.8756559438140443
2932,1001_LeafPhotoA_2025-09-08 10_31_01.387-05_00_0.png,1.25,1.7897941777783848
2933,1001_LeafPhotoA_2025-09-08 10_31_01.387-05_00_1.png,1.25,1.8762324049118024
2960,1122_LeafPhotoA_2025-09-08 10_08_12.180-05_00_3.png,2.25,1.8953036237807062
2961,1122_LeafPhotoA_2025-09-08 10_08_12.180-05_00_0.png,2.25,1.9359318794380715
2962,1122_LeafPhotoA_2025-09-08 10_08_12.180-05_00_1.png,2.25,1.9457867497113088
2963,1122_LeafPhotoA_2025-09-08 10_08_12.180-05_00_2.png,2.25,1.9210399437808503
2980,2833_LeafPhotoA_2025-09-09 10_50_33.812-05_00_1.png,1.25,2.072534053319295
2981,2833_LeafPhotoA_2025-09-09 10_50_33.812-05_00_0.png,1.25,2.0940270008427793
2982,2833_LeafPhotoA_2025-09-09 10_50_33.812-05_00_3.png,1.25,2.0860666271320047
2983,2833_LeafPhotoA_2025-09-09 10_50_33.812-05_00_2.png,1.25,2.041217023743424
2991,1267_LeafPhotoA_2025-09-08 16_19_24.654-05_00_0.png,2.25,1.9571866888110603
2992,1267_LeafPhotoA_2025-09-08 16_19_24.654-05_00_3.png,2.25,1.837623701731758
2993,1267_LeafPhotoA_2025-09-08 16_19_24.654-05_00_1.png,2.25,2.0205936985238697
2994,1267_LeafPhotoA_2025-09-08 16_19_24.654-05_00_2.png,2.25,1.984138217711938
3011,2278_LeafPhotoA_2025-09-08 17_01_54.314-05_00_1.png,3.0,1.9475397080277705
3012,2278_LeafPhotoA_2025-09-08 17_01_54.314-05_00_2.png,3.0,1.92279294900737
3013,2278_LeafPhotoA_2025-09-08 17_01_54.314-05_00_0.png,3.0,1.9368855570397625
3014,2278_LeafPhotoA_2025-09-08 17_01_54.314-05_00_3.png,3.0,2.033723909632517
3019,2579_LeafPhotoA_2025-09-09 10_41_50.960-05_00_2.png,1.0,1.7285208325990413
3020,2579_LeafPhotoA_2025-09-09 10_41_50.960-05_00_3.png,1.0,1.7757015746819844
3021,2579_LeafPhotoA_2025-09-09 10_41_50.960-05_00_1.png,1.0,1.7119014489646396
3022,2579_LeafPhotoA_2025-09-09 10_41_50.960-05_00_0.png,1.0,1.8237048466400747
3026,2206_LeafPhotoA_2025-09-08 10_54_07.474-05_00_0.png,1.5,1.74230760014141
3027,2206_LeafPhotoA_2025-09-08 10_54_07.474-05_00_1.png,1.5,1.7619054415374698
3028,2206_LeafPhotoA_2025-09-08 10_54_07.474-05_00_2.png,1.5,1.6491041820304004
3029,2206_LeafPhotoA_2025-09-08 10_54_07.474-05_00_3.png,1.5,1.7065410424333358
3060,1823_LeafPhotoA_2025-09-09 09_24_42.198-05_00_0.png,1.75,1.9652224242475809
3061,1823_LeafPhotoA_2025-09-09 09_24_42.198-05_00_1.png,1.75,1.8751875570773728
3062,1823_LeafPhotoA_2025-09-09 09_24_42.198-05_00_2.png,1.75,1.7681934992963806
3069,5027_LeafPhotoA_2025-09-09 16_48_30.065-05_00_1.png,1.5,1.7998272631946441
3070,5027_LeafPhotoA_2025-09-09 16_48_30.065-05_00_3.png,1.5,1.9870324428283377
3071,5027_LeafPhotoA_2025-09-09 16_48_30.065-05_00_0.png,1.5,2.0034125508926803
3072,5027_LeafPhotoA_2025-09-09 16_48_30.065-05_00_2.png,1.5,1.832871784654815
3077,1357_LeafPhotoA_2025-09-08 12_34_05.972-05_00_2.png,3.75,2.242181944568483
3078,1357_LeafPhotoA_2025-09-08 12_34_05.972-05_00_1.png,3.75,2.233890222787028
3079,1357_LeafPhotoA_2025-09-08 12_34_05.972-05_00_0.png,3.75,2.2175024501320015
3080,1975_LeafPhotoA_2025-09-09 16_51_47.447-05_00_0.png,1.0,1.708082388524896
3081,1975_LeafPhotoA_2025-09-09 16_51_47.447-05_00_2.png,1.0,1.9196429817857463
3082,1975_LeafPhotoA_2025-09-09 16_51_47.447-05_00_3.png,1.0,1.946344281159584
3083,1975_LeafPhotoA_2025-09-09 16_51_47.447-05_00_1.png,1.0,1.837624590798508
3097,1462_LeafPhotoB_2025-09-08 16_26_18.579-05_00_0.png,1.25,1.9597701585708427
3098,1462_LeafPhotoB_2025-09-08 16_26_18.579-05_00_1.png,1.25,1.839511130946636
3099,1462_LeafPhotoB_2025-09-08 16_26_18.579-05_00_2.png,1.25,1.8556061821493546
3100,1462_LeafPhotoB_2025-09-08 16_26_18.579-05_00_3.png,1.25,2.0353497735494646
3101,2596_LeafPhotoA_2025-09-09 10_26_28.393-05_00_0.png,2.75,1.9103395057666879
3109,1134_LeafPhotoA_2025-09-08 10_25_22.077-05_00_0.png,2.0,1.6341373988914742
3110,1134_LeafPhotoA_2025-09-08 10_25_22.077-05_00_1.png,2.0,1.5964838563448385
3111,1134_LeafPhotoA_2025-09-08 10_25_22.077-05_00_2.png,2.0,1.5721819666052723
3112,1134_LeafPhotoA_2025-09-08 10_25_22.077-05_00_3.png,2.0,1.6752114925461976
3125,1175_LeafPhotoA_2025-09-08 16_24_37.781-05_00_3.png,1.75,1.972229898600496
3126,1175_LeafPhotoA_2025-09-08 16_24_37.781-05_00_1.png,1.75,2.029163794322669
3127,1175_LeafPhotoA_2025-09-08 16_24_37.781-05_00_0.png,1.75,2.1377386523435282
3128,1175_LeafPhotoA_2025-09-08 16_24_37.781-05_00_2.png,1.75,2.09107083137397
3133,1122_LeafPhotoA_2025-09-08 10_07_49.073-05_00_0.png,2.5,1.7728930917481867
3134,1122_LeafPhotoA_2025-09-08 10_07_49.073-05_00_3.png,2.5,1.877118673076903
3135,1122_LeafPhotoA_2025-09-08 10_07_49.073-05_00_1.png,2.5,1.638592636360997
3136,1122_LeafPhotoA_2025-09-08 10_07_49.073-05_00_2.png,2.5,1.8712920731256444
3157,2962_LeafPhotoA_2025-09-09 16_07_02.844-05_00_3.png,2.0,1.92407012049966
3158,2962_LeafPhotoA_2025-09-09 16_07_02.844-05_00_2.png,2.0,2.0431595197968324
3159,2962_LeafPhotoA_2025-09-09 16_07_02.844-05_00_1.png,2.0,2.052511593343285
3160,2962_LeafPhotoA_2025-09-09 16_07_02.844-05_00_0.png,2.0,2.0356765174727873
3169,5029_LeafPhotoA_2025-09-09 16_52_43.123-05_00_0.png,1.25,1.7628995701110983
3170,5029_LeafPhotoA_2025-09-09 16_52_43.123-05_00_1.png,1.25,1.667841481311732
3171,5029_LeafPhotoA_2025-09-09 16_52_43.123-05_00_3.png,1.25,1.7385803731321456
3172,5029_LeafPhotoA_2025-09-09 16_52_43.123-05_00_2.png,1.25,1.797306972710489
3231,,2.0,1.6615398196628388
3269,2834_LeafPhotoA_2025-09-09 10_58_21.581-05_00_2.png,3.75,2.024973970565255
3270,2834_LeafPhotoA_2025-09-09 10_58_21.581-05_00_0.png,3.75,1.9497608544679208
3271,2834_LeafPhotoA_2025-09-09 10_58_21.581-05_00_1.png,3.75,2.0289462120642963
3272,2834_LeafPhotoA_2025-09-09 10_58_21.581-05_00_3.png,3.75,1.9605173478723958
3293,1593_LeafPhotoA_2025-09-09 09_33_14.926-05_00_0.png,2.25,1.8431549891618078
3294,1593_LeafPhotoA_2025-09-09 09_33_14.926-05_00_1.png,2.25,1.8479426384293596
3295,1593_LeafPhotoA_2025-09-09 09_33_14.926-05_00_2.png,2.25,1.8501666374037578
3296,1593_LeafPhotoA_2025-09-09 09_33_14.926-05_00_3.png,2.25,1.856613418720836
3307,1113_LeafPhotoA_2025-09-08 09_54_47.376-05_00_0.png,1.5,2.0296787734069444
3308,1113_LeafPhotoA_2025-09-08 09_54_47.376-05_00_1.png,1.5,2.155683977513071
3309,1113_LeafPhotoA_2025-09-08 09_54_47.376-05_00_2.png,1.5,2.1828246275407173
3310,1113_LeafPhotoA_2025-09-08 09_54_47.376-05_00_3.png,1.5,2.1589858265243196
3319,2404_LeafPhotoB_2025-09-08 10_43_34.946-05_00_3.png,1.5,1.8314601817104355
3320,2404_LeafPhotoB_2025-09-08 10_43_34.946-05_00_0.png,1.5,1.6358258266823464
3321,2404_LeafPhotoB_2025-09-08 10_43_34.946-05_00_1.png,1.5,1.7430446131512463
3322,2404_LeafPhotoB_2025-09-08 10_43_34.946-05_00_2.png,1.5,1.6887253035357972
3332,1407_LeafPhotoB_2025-09-08 10_01_50.917-05_00_2.png,1.25,1.806015526987577
3333,1407_LeafPhotoB_2025-09-08 10_01_50.917-05_00_1.png,1.25,1.7947282061508418
3334,1407_LeafPhotoB_2025-09-08 10_01_50.917-05_00_0.png,1.25,1.769207640025631
3335,1407_LeafPhotoB_2025-09-08 10_01_50.917-05_00_3.png,1.25,1.7490626277263757
3336,2490_LeafPhotoB_2025-09-08 12_05_51.103-05_00_3.png,1.5,1.7404609653386243
3337,2490_LeafPhotoB_2025-09-08 12_05_51.103-05_00_1.png,1.5,1.9652687698706968
3338,2490_LeafPhotoB_2025-09-08 12_05_51.103-05_00_0.png,1.5,1.8300490087075798
3339,2490_LeafPhotoB_2025-09-08 12_05_51.103-05_00_2.png,1.5,1.7549853940590927
3340,2958_LeafPhotoA_2025-09-09 16_03_21.913-05_00_3.png,1.25,1.5969697376564045
3341,2958_LeafPhotoA_2025-09-09 16_03_21.913-05_00_1.png,1.25,1.6057331685490188
3342,2958_LeafPhotoA_2025-09-09 16_03_21.913-05_00_0.png,1.25,1.74134252723621
3343,2958_LeafPhotoA_2025-09-09 16_03_21.913-05_00_2.png,1.25,1.6910830273648483
3361,1679_LeafPhotoA_2025-09-09 09_33_07.078-05_00_0.png,2.0,1.7489227189944339
3362,1679_LeafPhotoA_2025-09-09 09_33_07.078-05_00_1.png,2.0,1.844772689649368
3363,1679_LeafPhotoA_2025-09-09 09_33_07.078-05_00_2.png,2.0,1.9955247226020127
3364,1679_LeafPhotoA_2025-09-09 09_33_07.078-05_00_3.png,2.0,1.8233836501422127
3376,1414_LeafPhotoB_2025-09-08 10_08_06.102-05_00_3.png,2.25,1.9411894755785999
3377,1414_LeafPhotoB_2025-09-08 10_08_06.102-05_00_2.png,2.25,1.820590597477642
3378,1414_LeafPhotoB_2025-09-08 10_08_06.102-05_00_0.png,2.25,1.7969557988504874
3379,1414_LeafPhotoB_2025-09-08 10_08_06.102-05_00_1.png,2.25,1.8846862613341773
3384,2104_LeafPhotoA_2025-09-08 10_57_30.453-05_00_0.png,1.25,1.8201786329036338
3385,2292_LeafPhotoA_2025-09-08 16_48_06.499-05_00_3.png,1.75,1.8622265961310671
3386,2292_LeafPhotoA_2025-09-08 16_48_06.499-05_00_0.png,1.75,1.887468008625093
3387,2292_LeafPhotoA_2025-09-08 16_48_06.499-05_00_2.png,1.75,1.9102990053609856
3388,2292_LeafPhotoA_2025-09-08 16_48_06.499-05_00_1.png,1.75,1.7908358825691226
3397,1761_LeafPhotoA_2025-09-09 10_25_02.889-05_00_0.png,1.25,1.8387724195712054
3398,1761_LeafPhotoA_2025-09-09 10_25_02.889-05_00_3.png,1.25,1.8857571381429128
3399,1761_LeafPhotoA_2025-09-09 10_25_02.889-05_00_2.png,1.25,1.9888395935970293
3400,1761_LeafPhotoA_2025-09-09 10_25_02.889-05_00_1.png,1.25,1.895068944517062
3423,1721_LeafPhotoA_2025-09-09 09_20_24.206-05_00_0.png,2.5,2.0260668548508356
3424,1721_LeafPhotoA_2025-09-09 09_20_24.206-05_00_2.png,2.5,2.0749373154754687
3425,1721_LeafPhotoA_2025-09-09 09_20_24.206-05_00_1.png,2.5,2.081720907324366
3430,1365_LeafPhotoA_2025-09-08 12_47_18.027-05_00_2.png,2.0,1.73749305871153
3431,1365_LeafPhotoA_2025-09-08 12_47_18.027-05_00_1.png,2.0,1.8911830779568308
3432,1365_LeafPhotoA_2025-09-08 12_47_18.027-05_00_3.png,2.0,1.722128930641353
3433,1365_LeafPhotoA_2025-09-08 12_47_18.027-05_00_0.png,2.0,1.753113085881592
3461,1704_LeafPhotoA_2025-09-09 08_56_01.667-05_00_1.png,2.25,2.005921300882372
3462,1704_LeafPhotoA_2025-09-09 08_56_01.667-05_00_0.png,2.25,2.0269787990257866
3463,1704_LeafPhotoA_2025-09-09 08_56_01.667-05_00_2.png,2.25,2.1057960395995896
3464,1704_LeafPhotoA_2025-09-09 08_56_01.667-05_00_3.png,2.25,1.8655997976253536
3473,2970_LeafPhotoA_2025-09-09 16_17_01.331-05_00_1.png,1.25,1.8747246153238324
3474,2970_LeafPhotoA_2025-09-09 16_17_01.331-05_00_0.png,1.25,2.0832354422739585
3483,1548_LeafPhotoA_2025-09-09 09_49_29.604-05_00_3.png,3.0,2.061076668746415
3484,1548_LeafPhotoA_2025-09-09 09_49_29.604-05_00_2.png,3.0,2.143066713807883
3485,1548_LeafPhotoA_2025-09-09 09_49_29.604-05_00_1.png,3.0,2.156657478388427
3486,1548_LeafPhotoA_2025-09-09 09_49_29.604-05_00_0.png,3.0,1.9555332212574268
3487,,1.5,1.6615398196628388
3492,1472_LeafPhotoB_2025-09-08 16_38_58.831-05_00_0.png,2.75,1.910896815567794
3493,1472_LeafPhotoB_2025-09-08 16_38_58.831-05_00_2.png,2.75,1.905088746603681
3494,1472_LeafPhotoB_2025-09-08 16_38_58.831-05_00_1.png,2.75,1.9833557377529036
