,image_name,label,predicted
0,2705_LeafPhotoA_2025-09-09 10_19_54.020-05_00_0.png,1.25,1.9085589227191153
1,2705_LeafPhotoA_2025-09-09 10_19_54.020-05_00_1.png,1.25,2.095306721927939
2,2705_LeafPhotoA_2025-09-09 10_19_54.020-05_00_2.png,1.25,2.1717990137496246
7,2002_LeafPhotoA_2025-09-08 10_34_30.740-05_00_0.png,1.25,1.8860053454551453
8,2002_LeafPhotoA_2025-09-08 10_34_30.740-05_00_1.png,1.25,1.7012995155281694
9,2002_LeafPhotoA_2025-09-08 10_34_30.740-05_00_2.png,1.25,1.8970348374052415
10,2002_LeafPhotoA_2025-09-08 10_34_30.740-05_00_3.png,1.25,1.8516770683172805
15,2645_LeafPhotoA_2025-09-09 11_30_33.412-05_00_0.png,1.75,1.6741095511654251
16,2645_LeafPhotoA_2025-09-09 11_30_33.412-05_00_1.png,1.75,1.8710718933025061
17,2645_LeafPhotoA_2025-09-09 11_30_33.412-05_00_2.png,1.75,1.9647048080193188
25,2863_LeafPhotoA_2025-09-09 14_53_39.925-05_00_0.png,1.5,1.959276805366977
26,2863_LeafPhotoA_2025-09-09 14_53_39.925-05_00_1.png,1.5,2.0521518111406247
38,1268_LeafPhotoA_2025-09-08 16_18_21.694-05_00_0.png,1.25,1.8931520585644988
39,1268_LeafPhotoA_2025-09-08 16_18_21.694-05_00_1.png,1.25,1.7766495813442762
40,1268_LeafPhotoA_2025-09-08 16_18_21.694-05_00_2.png,1.25,1.6971571426375263
41,1268_LeafPhotoA_2025-09-08 16_18_21.694-05_00_3.png,1.25,1.7905651791259913
62,2339_LeafPhotoA_2025-09-08 11_07_39.980-05_00_0.png,1.25,1.9200637475108735
63,2339_LeafPhotoA_2025-09-08 11_07_39.980-05_00_1.png,1.25,1.9699165328364132
64,2339_LeafPhotoA_2025-09-08 11_07_39.980-05_00_2.png,1.25,1.9670903421309438
65,2339_LeafPhotoA_2025-09-08 11_07_39.980-05_00_3.png,1.25,2.043761748877414
77,1827_LeafPhotoA_2025-09-09 09_28_41.756-05_00_0.png,1.5,1.752376760545417
78,1827_LeafPhotoA_2025-09-09 09_28_41.756-05_00_1.png,1.5,1.6913989216944887
79,1827_LeafPhotoA_2025-09-09 09_28_41.756-05_00_2.png,1.5,1.7776113511424063
80,1827_LeafPhotoA_2025-09-09 09_28_41.756-05_00_3.png,1.5,1.6752968890334146
93,2675_LeafPhotoA_2025-09-09 11_09_07.955-05_00_0.png,2.0,1.7543701022744753
94,2675_LeafPhotoA_2025-09-09 11_09_07.955-05_00_1.png,2.0,1.7609042236224197
95,2675_LeafPhotoA_2025-09-09 11_09_07.955-05_00_2.png,2.0,1.8665072791764685
96,1256_LeafPhotoA_2025-09-08 16_33_20.459-05_00_0.png,2.5,2.3828156599605803
97,1256_LeafPhotoA_2025-09-08 16_33_20.459-05_00_1.png,2.5,2.4369692476439675
98,1256_LeafPhotoA_2025-09-08 16_33_20.459-05_00_2.png,2.5,2.180460167976373
118,1150_LeafPhotoA_2025-09-08 10_48_11.571-05_00_0.png,1.75,2.123034114488294
119,1150_LeafPhotoA_2025-09-08 10_48_11.571-05_00_1.png,1.75,2.1227616959856332
120,1150_LeafPhotoA_2025-09-08 10_48_11.571-05_00_2.png,1.75,2.4510947199313957
121,1150_LeafPhotoA_2025-09-08 10_48_11.571-05_00_3.png,1.75,2.2791186630505393
129,2616_LeafPhotoA_2025-09-09 12_03_18.288-05_00_0.png,2.0,1.874211546012519
130,2616_LeafPhotoA_2025-09-09 12_03_18.288-05_00_1.png,2.0,2.07338751521419
131,2616_LeafPhotoA_2025-09-09 12_03_18.288-05_00_2.png,2.0,2.054283572098214
132,2616_LeafPhotoA_2025-09-09 12_03_18.288-05_00_3.png,2.0,1.9213637180484857
148,2445_LeafPhotoB_2025-09-08 11_21_12.225-05_00_0.png,1.5,1.9386785886958224
149,2445_LeafPhotoB_2025-09-08 11_21_12.225-05_00_1.png,1.5,1.8200250092198473
150,2445_LeafPhotoB_2025-09-08 11_21_12.225-05_00_2.png,1.5,1.7502985657394405
151,2445_LeafPhotoB_2025-09-08 11_21_12.225-05_00_3.png,1.5,1.8459043070523835
171,2469_LeafPhotoB_2025-09-08 11_45_54.424-05_00_0.png,1.75,1.8486447160738848
172,2469_LeafPhotoB_2025-09-08 11_45_54.424-05_00_1.png,1.75,1.950497780228675
173,2469_LeafPhotoB_2025-09-08 11_45_54.424-05_00_2.png,1.75,1.993400832095694
174,2469_LeafPhotoB_2025-09-08 11_45_54.424-05_00_3.png,1.75,1.9154976260369432
241,2637_LeafPhotoA_2025-09-09 11_40_45.027-05_00_0.png,1.25,1.8048021326073507
242,2637_LeafPhotoA_2025-09-09 11_40_45.027-05_00_1.png,1.25,1.8153535263098082
243,2637_LeafPhotoA_2025-09-09 11_40_45.027-05_00_2.png,1.25,1.802465055913137
244,2637_LeafPhotoA_2025-09-09 11_40_45.027-05_00_3.png,1.25,1.7712212176180588
245,2240_LeafPhotoA_2025-09-08 11_49_15.391-05_00_0.png,1.75,1.9765837534847543
246,2240_LeafPhotoA_2025-09-08 11_49_15.391-05_00_1.png,1.75,1.8901463376369267
247,2240_LeafPhotoA_2025-09-08 11_49_15.391-05_00_2.png,1.75,1.88635025389933
248,2240_LeafPhotoA_2025-09-08 11_49_15.391-05_00_3.png,1.75,1.8894048262015444
253,2225_LeafPhotoA_2025-09-08 11_27_06.412-05_00_0.png,1.25,1.600748747738385
254,2225_LeafPhotoA_2025-09-08 11_27_06.412-05_00_1.png,1.25,1.558410515299544
255,2225_LeafPhotoA_2025-09-08 11_27_06.412-05_00_2.png,1.25,1.537834645954483
256,2225_LeafPhotoA_2025-09-08 11_27_06.412-05_00_3.png,1.25,1.7141108895619357
264,2177_LeafPhotoA_2025-09-09 12_21_22.406-05_00_0.png,1.5,2.0681832445429107
265,2177_LeafPhotoA_2025-09-09 12_21_22.406-05_00_1.png,1.5,2.2209192368988844
266,2177_LeafPhotoA_2025-09-09 12_21_22.406-05_00_2.png,1.5,2.163146790869038
267,2177_LeafPhotoA_2025-09-09 12_21_22.406-05_00_3.png,1.5,2.0730987350752885
281,1830_LeafPhotoA_2025-09-09 09_33_52.287-05_00_0.png,2.0,1.9108994982727316
282,1830_LeafPhotoA_2025-09-09 09_33_52.287-05_00_1.png,2.0,1.923946667167705
283,1830_LeafPhotoA_2025-09-09 09_33_52.287-05_00_2.png,2.0,1.804452115191364
284,1830_LeafPhotoA_2025-09-09 09_33_52.287-05_00_3.png,2.0,1.770887468553818
297,2671_LeafPhotoA_2025-09-09 11_45_37.038-05_00_0.png,4.5,2.8865879995544668
298,2671_LeafPhotoA_2025-09-09 11_45_37.038-05_00_1.png,4.5,2.9448652928571915
299,2671_LeafPhotoA_2025-09-09 11_45_37.038-05_00_2.png,4.5,2.923404102110001
300,2671_LeafPhotoA_2025-09-09 11_45_37.038-05_00_3.png,4.5,2.8106004686935644
309,1085_LeafPhotoA_2025-09-09 10_58_08.346-05_00_0.png,2.0,1.818620650928182
310,1085_LeafPhotoA_2025-09-09 10_58_08.346-05_00_1.png,2.0,1.792929060172441
311,1085_LeafPhotoA_2025-09-09 10_58_08.346-05_00_2.png,2.0,1.7243256416356276
312,1085_LeafPhotoA_2025-09-09 10_58_08.346-05_00_3.png,2.0,1.7287980655408948
324,1090_LeafPhotoA_2025-09-09 11_01_46.837-05_00_0.png,2.0,1.8474804204129744
325,1090_LeafPhotoA_2025-09-09 11_01_46.837-05_00_1.png,2.0,2.0899352072049666
326,1090_LeafPhotoA_2025-09-09 11_01_46.837-05_00_2.png,2.0,2.1085121194057903
327,1090_LeafPhotoA_2025-09-09 11_01_46.837-05_00_3.png,2.0,2.3011765561244215
328,2539_LeafPhotoA_2025-09-09 10_38_11.553-05_00_0.png,1.5,1.7630692577425486
329,2539_LeafPhotoA_2025-09-09 10_38_11.553-05_00_1.png,1.5,1.821356789971884
330,2539_LeafPhotoA_2025-09-09 10_38_11.553-05_00_2.png,1.5,1.66050398682737
331,2539_LeafPhotoA_2025-09-09 10_38_11.553-05_00_3.png,1.5,1.6573001343288192
344,2439_LeafPhotoB_2025-09-08 11_15_32.151-05_00_0.png,1.0,1.607866260494427
345,2439_LeafPhotoB_2025-09-08 11_15_32.151-05_00_1.png,1.0,1.5628435630900315
346,2439_LeafPhotoB_2025-09-08 11_15_32.151-05_00_2.png,1.0,1.6030037588454293
347,2439_LeafPhotoB_2025-09-08 11_15_32.151-05_00_3.png,1.0,1.6087692404841563
360,1743_LeafPhotoA_2025-09-09 09_59_38.653-05_00_0.png,1.0,2.1585344063938288
361,1743_LeafPhotoA_2025-09-09 09_59_38.653-05_00_1.png,1.0,2.2261262965499746
362,1743_LeafPhotoA_2025-09-09 09_59_38.653-05_00_2.png,1.0,2.354480488169112
363,1743_LeafPhotoA_2025-09-09 09_59_38.653-05_00_3.png,1.0,2.519952318206065
368,2076_LeafPhotoA_2025-09-08 12_11_50.135-05_00_0.png,1.25,1.7872643633899352
369,2076_LeafPhotoA_2025-09-08 12_11_50.135-05_00_1.png,1.25,1.959058798371554
370,2076_LeafPhotoA_2025-09-08 12_11_50.135-05_00_2.png,1.25,1.814516385208735
371,2076_LeafPhotoA_2025-09-08 12_11_50.135-05_00_3.png,1.25,1.8246533144801207
380,2570_LeafPhotoA_2025-09-09 10_49_34.407-05_00_0.png,2.75,2.1943195032266583
381,2570_LeafPhotoA_2025-09-09 10_49_34.407-05_00_1.png,2.75,1.991876500779546
382,2570_LeafPhotoA_2025-09-09 10_49_34.407-05_00_2.png,2.75,2.1160294800309565
395,2262_LeafPhotoA_2025-09-08 12_34_41.227-05_00_0.png,1.5,1.7080740091159388
396,2262_LeafPhotoA_2025-09-08 12_34_41.227-05_00_1.png,1.5,1.6464646223350627
397,2262_LeafPhotoA_2025-09-08 12_34_41.227-05_00_2.png,1.5,1.8655817107876538
398,2262_LeafPhotoA_2025-09-08 12_34_41.227-05_00_3.png,1.5,1.766684798411565
407,6042_LeafPhotoA_2025-09-09 16_06_35.024-05_00_0.png,1.25,1.7861040362326737
408,6042_LeafPhotoA_2025-09-09 16_06_35.024-05_00_1.png,1.25,1.7345062176197756
409,6042_LeafPhotoA_2025-09-09 16_06_35.024-05_00_2.png,1.25,1.7332765715925893
410,6042_LeafPhotoA_2025-09-09 16_06_35.024-05_00_3.png,1.25,1.781669808193451
422,1625_LeafPhotoA_2025-09-09 10_02_28.135-05_00_0.png,2.25,2.0620882047868085
423,1625_LeafPhotoA_2025-09-09 10_02_28.135-05_00_1.png,2.25,2.1671585900729067
424,1625_LeafPhotoA_2025-09-09 10_02_28.135-05_00_2.png,2.25,2.09216848992484
425,1625_LeafPhotoA_2025-09-09 10_02_28.135-05_00_3.png,2.25,2.037999174834025
444,2436_LeafPhotoB_2025-09-08 11_12_35.180-05_00_0.png,1.5,1.9123125025237044
445,2436_LeafPhotoB_2025-09-08 11_12_35.180-05_00_1.png,1.5,1.830397262263771
446,2436_LeafPhotoB_2025-09-08 11_12_35.180-05_00_2.png,1.5,1.8855399551375263
447,2436_LeafPhotoB_2025-09-08 11_12_35.180-05_00_3.png,1.5,1.695783567187724
455,1203_LeafPhotoA_2025-09-08 09_19_50.867-05_00_0.png,2.25,2.066572493128378
456,1203_LeafPhotoA_2025-09-08 09_19_50.867-05_00_1.png,2.25,2.0621193046867017
457,1203_LeafPhotoA_2025-09-08 09_19_50.867-05_00_2.png,2.25,2.202424074443414
458,1203_LeafPhotoA_2025-09-08 09_19_50.867-05_00_3.png,2.25,2.214484817637909
521,2062_LeafPhotoA_2025-09-08 11_56_16.610-05_00_0.png,1.25,2.029333339315056
522,2062_LeafPhotoA_2025-09-08 11_56_16.610-05_00_1.png,1.25,1.986124248275213
523,2062_LeafPhotoA_2025-09-08 11_56_16.610-05_00_2.png,1.25,1.6727253285540469
524,1347_LeafPhotoA_2025-09-08 10_15_29.541-05_00_0.png,1.75,1.6471720673950008
525,1347_LeafPhotoA_2025-09-08 10_15_29.541-05_00_1.png,1.75,1.7112651313939649
526,1347_LeafPhotoA_2025-09-08 10_15_29.541-05_00_2.png,1.75,1.6962184812575194
527,1347_LeafPhotoA_2025-09-08 10_15_29.541-05_00_3.png,1.75,2.044252977830888
532,2639_LeafPhotoA_2025-09-09 11_37_01.257-05_00_0.png,1.25,1.6826663056921252
533,2639_LeafPhotoA_2025-09-09 11_37_01.257-05_00_1.png,1.25,1.6585949537138345
534,2639_LeafPhotoA_2025-09-09 11_37_01.257-05_00_2.png,1.25,1.7745511549437538
535,2639_LeafPhotoA_2025-09-09 11_37_01.257-05_00_3.png,1.25,1.7270602122631196
536,1301_LeafPhotoA_2025-09-08 10_20_24.380-05_00_0.png,1.5,1.8015486661802584
537,1301_LeafPhotoA_2025-09-08 10_20_24.380-05_00_1.png,1.5,1.831263379999665
538,1301_LeafPhotoA_2025-09-08 10_20_24.380-05_00_2.png,1.5,1.7767341554550213
539,1301_LeafPhotoA_2025-09-08 10_20_24.380-05_00_3.png,1.5,1.7301624327953171
614,1942_LeafPhotoA_2025-09-09 15_57_21.713-05_00_0.png,2.25,1.9405585980725204
615,1942_LeafPhotoA_2025-09-09 15_57_21.713-05_00_1.png,2.25,1.912342657789675
616,1942_LeafPhotoA_2025-09-09 15_57_21.713-05_00_2.png,2.25,1.9562349886445052
617,1942_LeafPhotoA_2025-09-09 15_57_21.713-05_00_3.png,2.25,2.0376566520854476
622,2311_LeafPhotoA_2025-09-08 10_40_04.548-05_00_0.png,1.5,1.8437158450075668
623,2311_LeafPhotoA_2025-09-08 10_40_04.548-05_00_1.png,1.5,1.8408576389895686
624,2311_LeafPhotoA_2025-09-08 10_40_04.548-05_00_2.png,1.5,1.776282059239779
625,2311_LeafPhotoA_2025-09-08 10_40_04.548-05_00_3.png,1.5,1.8176890202953115
643,1142_LeafPhotoA_2025-09-08 10_37_21.587-05_00_0.png,1.0,1.9601285782809743
644,1142_LeafPhotoA_2025-09-08 10_37_21.587-05_00_1.png,1.0,1.9872482848155155
645,1142_LeafPhotoA_2025-09-08 10_37_21.587-05_00_2.png,1.0,1.9152364021091879
646,1142_LeafPhotoA_2025-09-08 10_37_21.587-05_00_3.png,1.0,1.737036438585333
651,1715_LeafPhotoA_2025-09-09 09_11_42.677-05_00_0.png,2.25,2.118789035725894
652,1715_LeafPhotoA_2025-09-09 09_11_42.677-05_00_1.png,2.25,2.091195749170956
653,1715_LeafPhotoA_2025-09-09 09_11_42.677-05_00_2.png,2.25,2.215101542803009
654,1715_LeafPhotoA_2025-09-09 09_11_42.677-05_00_3.png,2.25,2.0826130172716866
702,1449_LeafPhotoB_2025-09-08 10_37_44.031-05_00_0.png,2.0,2.0451617466936027
703,1449_LeafPhotoB_2025-09-08 10_37_44.031-05_00_1.png,2.0,2.346261596751636
704,1449_LeafPhotoB_2025-09-08 10_37_44.031-05_00_2.png,2.0,2.039894428804983
709,1269_LeafPhotoA_2025-09-08 16_17_52.960-05_00_0.png,2.25,1.9812683736998487
710,1269_LeafPhotoA_2025-09-08 16_17_52.960-05_00_1.png,2.25,1.9748311366176723
711,1269_LeafPhotoA_2025-09-08 16_17_52.960-05_00_2.png,2.25,2.150975495847569
712,1269_LeafPhotoA_2025-09-08 16_17_52.960-05_00_3.png,2.25,2.2928524463985274
717,,1.5,1.9325284788595696
718,,2.0,1.9325284788595696
731,1143_LeafPhotoA_2025-09-08 10_38_21.557-05_00_0.png,4.25,2.8277254048585685
732,1143_LeafPhotoA_2025-09-08 10_38_21.557-05_00_1.png,4.25,3.1904190717840715
733,2313_LeafPhotoA_2025-09-08 10_41_17.601-05_00_0.png,1.75,2.1857884209229033
734,2313_LeafPhotoA_2025-09-08 10_41_17.601-05_00_1.png,1.75,2.07882802905353
735,2313_LeafPhotoA_2025-09-08 10_41_17.601-05_00_2.png,1.75,2.238405427657086
736,2313_LeafPhotoA_2025-09-08 10_41_17.601-05_00_3.png,1.75,2.0687177827829295
749,1038_LeafPhotoA_2025-09-08 10_15_32.315-05_00_0.png,2.0,1.6771069529885312
750,1038_LeafPhotoA_2025-09-08 10_15_32.315-05_00_1.png,2.0,1.7016429820152965
751,1038_LeafPhotoA_2025-09-08 10_15_32.315-05_00_2.png,2.0,1.8371472609817832
752,1038_LeafPhotoA_2025-09-08 10_15_32.315-05_00_3.png,2.0,1.9795272083947837
756,1629_LeafPhotoA_2025-09-09 10_11_31.349-05_00_0.png,1.25,1.7920209006182901
757,1629_LeafPhotoA_2025-09-09 10_11_31.349-05_00_1.png,1.25,1.7226343729182116
758,1629_LeafPhotoA_2025-09-09 10_11_31.349-05_00_2.png,1.25,1.8273502115816131
759,1629_LeafPhotoA_2025-09-09 10_11_31.349-05_00_3.png,1.25,1.7255226031788777
769,2160_LeafPhotoA_2025-09-08 12_38_59.488-05_00_0.png,1.75,2.009212323777121
770,2160_LeafPhotoA_2025-09-08 12_38_59.488-05_00_1.png,1.75,1.9939893414750325
771,2160_LeafPhotoA_2025-09-08 12_38_59.488-05_00_2.png,1.75,2.1053510826307122
772,2160_LeafPhotoA_2025-09-08 12_38_59.488-05_00_3.png,1.75,2.2274958274036964
792,1677_LeafPhotoA_2025-09-09 09_35_17.102-05_00_0.png,1.25,1.6013658491451048
793,1677_LeafPhotoA_2025-09-09 09_35_17.102-05_00_1.png,1.25,1.6307915957384436
794,1677_LeafPhotoA_2025-09-09 09_35_17.102-05_00_2.png,1.25,1.8129967385918073
795,1750_LeafPhotoA_2025-09-09 10_09_28.880-05_00_0.png,2.5,2.3724129461694865
796,1750_LeafPhotoA_2025-09-09 10_09_28.880-05_00_1.png,2.5,2.2667163565225197
797,1750_LeafPhotoA_2025-09-09 10_09_28.880-05_00_2.png,2.5,2.222105524875614
798,1750_LeafPhotoA_2025-09-09 10_09_28.880-05_00_3.png,2.5,2.3523551867782
803,1123_LeafPhotoA_2025-09-08 10_09_09.535-05_00_0.png,1.5,1.6766669341956197
804,1123_LeafPhotoA_2025-09-08 10_09_09.535-05_00_1.png,1.5,1.7941587990626207
805,1123_LeafPhotoA_2025-09-08 10_09_09.535-05_00_2.png,1.5,1.8452842268697298
806,1123_LeafPhotoA_2025-09-08 10_09_09.535-05_00_3.png,1.5,1.9974447283506418
823,2167_LeafPhotoA_2025-09-09 12_01_16.586-05_00_0.png,2.75,2.3544522816391766
824,2167_LeafPhotoA_2025-09-09 12_01_16.586-05_00_1.png,2.75,2.5264032304246014
825,2167_LeafPhotoA_2025-09-09 12_01_16.586-05_00_2.png,2.75,2.496626513626288
826,2167_LeafPhotoA_2025-09-09 12_01_16.586-05_00_3.png,2.75,2.394908161263028
855,1249_LeafPhotoA_2025-09-08 10_41_51.533-05_00_0.png,1.0,1.6346870882305042
856,1249_LeafPhotoA_2025-09-08 10_41_51.533-05_00_1.png,1.0,1.5273828007701358
857,1249_LeafPhotoA_2025-09-08 10_41_51.533-05_00_2.png,1.0,1.5997813300927661
858,1249_LeafPhotoA_2025-09-08 10_41_51.533-05_00_3.png,1.0,1.7007755081041886
864,1907_LeafPhotoA_2025-09-09 14_42_36.286-05_00_0.png,1.5,1.830269722111983
865,1907_LeafPhotoA_2025-09-09 14_42_36.286-05_00_1.png,1.5,1.8669924468376495
866,1907_LeafPhotoA_2025-09-09 14_42_36.286-05_00_2.png,1.5,1.9105248704039328
867,1907_LeafPhotoA_2025-09-09 14_42_36.286-05_00_3.png,1.5,1.8704066811671298
878,5045_LeafPhotoA_2025-09-09 17_01_44.217-05_00_0.png,1.25,1.7701415878232885
879,5045_LeafPhotoA_2025-09-09 17_01_44.217-05_00_1.png,1.25,1.6400766595845562
880,5045_LeafPhotoA_2025-09-09 17_01_44.217-05_00_2.png,1.25,1.614385322216967
881,5045_LeafPhotoA_2025-09-09 17_01_44.217-05_00_3.png,1.25,1.6824730041884068
882,1250_LeafPhotoA_2025-09-08 10_43_41.179-05_00_0.png,1.25,1.60913980092405
883,1250_LeafPhotoA_2025-09-08 10_43_41.179-05_00_1.png,1.25,1.5967262070682156
884,1250_LeafPhotoA_2025-09-08 10_43_41.179-05_00_2.png,1.25,1.5898512420859785
885,1250_LeafPhotoA_2025-09-08 10_43_41.179-05_00_3.png,1.25,1.7029187625012048
898,1256_LeafPhotoA_2025-09-08 16_32_47.764-05_00_0.png,3.0,2.2268955691469463
899,1256_LeafPhotoA_2025-09-08 16_32_47.764-05_00_1.png,3.0,2.684626376476282
900,1256_LeafPhotoA_2025-09-08 16_32_47.764-05_00_2.png,3.0,2.705545048532158
905,2902_LeafPhotoA_2025-09-09 16_13_57.638-05_00_0.png,1.25,1.7831725856259635
906,2902_LeafPhotoA_2025-09-09 16_13_57.638-05_00_1.png,1.25,1.8862660096571053
915,2442_LeafPhotoB_2025-09-08 11_18_36.514-05_00_0.png,2.0,2.3088611848046714
916,2442_LeafPhotoB_2025-09-08 11_18_36.514-05_00_1.png,2.0,2.366491374548494
930,1026_LeafPhotoA_2025-09-08 10_01_59.080-05_00_0.png,1.75,1.8133435146603771
931,1026_LeafPhotoA_2025-09-08 10_01_59.080-05_00_1.png,1.75,1.8591332200664488
932,1026_LeafPhotoA_2025-09-08 10_01_59.080-05_00_2.png,1.75,1.9472632118550637
933,1026_LeafPhotoA_2025-09-08 10_01_59.080-05_00_3.png,1.75,1.864486484508194
941,2073_LeafPhotoA_2025-09-08 12_07_54.433-05_00_0.png,1.5,2.01424988028773
942,2073_LeafPhotoA_2025-09-08 12_07_54.433-05_00_1.png,1.5,1.930482997657869
943,2073_LeafPhotoA_2025-09-08 12_07_54.433-05_00_2.png,1.5,2.0040106462232377
944,2073_LeafPhotoA_2025-09-08 12_07_54.433-05_00_3.png,1.5,1.982375801570667
953,2760_LeafPhotoA_2025-09-09 16_19_13.921-05_00_0.png,1.25,1.6377781465019774
954,2760_LeafPhotoA_2025-09-09 16_19_13.921-05_00_1.png,1.25,1.606455352898198
955,2760_LeafPhotoA_2025-09-09 16_19_13.921-05_00_2.png,1.25,1.716083629625826
967,2755_LeafPhotoA_2025-09-09 16_28_33.930-05_00_0.png,1.0,1.53950572877254
968,2755_LeafPhotoA_2025-09-09 16_28_33.930-05_00_1.png,1.0,1.5820334073955138
969,2755_LeafPhotoA_2025-09-09 16_28_33.930-05_00_2.png,1.0,1.65384784500308
970,2755_LeafPhotoA_2025-09-09 16_28_33.930-05_00_3.png,1.0,1.744637621509201
1002,1217_LeafPhotoA_2025-09-08 09_53_36.339-05_00_0.png,1.5,1.6207548273906378
1003,1217_LeafPhotoA_2025-09-08 09_53_36.339-05_00_1.png,1.5,1.5960817605597004
1004,1217_LeafPhotoA_2025-09-08 09_53_36.339-05_00_2.png,1.5,1.6265534406603255
1005,1217_LeafPhotoA_2025-09-08 09_53_36.339-05_00_3.png,1.5,1.6238814054519708
1014,2476_LeafPhotoB_2025-09-08 11_51_54.468-05_00_0.png,1.75,1.707191428281417
1015,2476_LeafPhotoB_2025-09-08 11_51_54.468-05_00_1.png,1.75,1.7050227742834665
1016,2476_LeafPhotoB_2025-09-08 11_51_54.468-05_00_2.png,1.75,1.7104603281283457
1017,2476_LeafPhotoB_2025-09-08 11_51_54.468-05_00_3.png,1.75,1.806324282695075
1018,1899_LeafPhotoA_2025-09-09 13_47_11.649-05_00_0.png,1.25,1.6768476889494466
1019,1899_LeafPhotoA_2025-09-09 13_47_11.649-05_00_1.png,1.25,1.6333061606785244
1020,1899_LeafPhotoA_2025-09-09 13_47_11.649-05_00_2.png,1.25,1.6034775058130069
1021,1899_LeafPhotoA_2025-09-09 13_47_11.649-05_00_3.png,1.25,1.6857031158623044
1022,1605_LeafPhotoA_2025-09-09 09_07_08.633-05_00_0.png,1.5,1.8196152218564798
1023,1605_LeafPhotoA_2025-09-09 09_07_08.633-05_00_1.png,1.5,1.7181088031899536
1024,1605_LeafPhotoA_2025-09-09 09_07_08.633-05_00_2.png,1.5,1.8211758968290255
1025,1605_LeafPhotoA_2025-09-09 09_07_08.633-05_00_3.png,1.5,1.8725534997848488
1030,2769_LeafPhotoA_2025-09-09 15_55_06.978-05_00_0.png,1.5,1.656185721506736
1031,2769_LeafPhotoA_2025-09-09 15_55_06.978-05_00_1.png,1.5,1.640919317513842
1032,2769_LeafPhotoA_2025-09-09 15_55_06.978-05_00_2.png,1.5,1.9088635396868991
1033,2769_LeafPhotoA_2025-09-09 15_55_06.978-05_00_3.png,1.5,1.9093338970111429
1051,2390_LeafPhotoA_2025-09-08 12_00_53.414-05_00_0.png,1.0,1.681996190828112
1052,2390_LeafPhotoA_2025-09-08 12_00_53.414-05_00_1.png,1.0,1.741210408607722
1053,2390_LeafPhotoA_2025-09-08 12_00_53.414-05_00_2.png,1.0,1.8277441760045376
1058,2441_LeafPhotoB_2025-09-08 11_17_12.000-05_00_0.png,2.0,2.035413228909143
1059,2441_LeafPhotoB_2025-09-08 11_17_12.000-05_00_1.png,2.0,2.1075345537782626
1060,2441_LeafPhotoB_2025-09-08 11_17_12.000-05_00_2.png,2.0,2.2261662709737142
1061,2441_LeafPhotoB_2025-09-08 11_17_12.000-05_00_3.png,2.0,2.2842765130627463
1081,2538_LeafPhotoA_2025-09-09 10_37_31.295-05_00_0.png,2.25,1.9458795149303223
1082,2538_LeafPhotoA_2025-09-09 10_37_31.295-05_00_1.png,2.25,2.1369246266665494
1083,2538_LeafPhotoA_2025-09-09 10_37_31.295-05_00_2.png,2.25,2.157080100455101
1084,2538_LeafPhotoA_2025-09-09 10_37_31.295-05_00_3.png,2.25,2.1559972317924414
1086,1008_LeafPhotoA_2025-09-08 09_38_43.510-05_00_0.png,1.0,1.7121287696745429
1087,1008_LeafPhotoA_2025-09-08 09_38_43.510-05_00_1.png,1.0,1.6632185502620842
1088,1008_LeafPhotoA_2025-09-08 09_38_43.510-05_00_2.png,1.0,1.6404981470399536
1089,1008_LeafPhotoA_2025-09-08 09_38_43.510-05_00_3.png,1.0,1.839728663937705
1106,2975_LeafPhotoA_2025-09-09 16_24_07.497-05_00_0.png,1.75,2.0174066801844956
1107,2975_LeafPhotoA_2025-09-09 16_24_07.497-05_00_1.png,1.75,2.0069561295821687
1108,2975_LeafPhotoA_2025-09-09 16_24_07.497-05_00_2.png,1.75,1.9464790055602519
1109,2975_LeafPhotoA_2025-09-09 16_24_07.497-05_00_3.png,1.75,2.165960206009163
1110,1038_LeafPhotoA_2025-09-08 10_16_04.977-05_00_0.png,1.5,1.8107814075678563
1111,1038_LeafPhotoA_2025-09-08 10_16_04.977-05_00_1.png,1.5,1.7736888485195268
1112,1038_LeafPhotoA_2025-09-08 10_16_04.977-05_00_2.png,1.5,1.75497338537151
1158,2089_LeafPhotoA_2025-09-08 12_26_16.331-05_00_0.png,2.0,1.9421098620685633
1159,2089_LeafPhotoA_2025-09-08 12_26_16.331-05_00_1.png,2.0,1.9593928686324307
1160,2089_LeafPhotoA_2025-09-08 12_26_16.331-05_00_2.png,2.0,1.7908493358112991
1161,1468_LeafPhotoB_2025-09-08 16_31_09.404-05_00_0.png,1.25,1.825868861638018
1162,1468_LeafPhotoB_2025-09-08 16_31_09.404-05_00_1.png,1.25,1.8193015894910332
1163,1468_LeafPhotoB_2025-09-08 16_31_09.404-05_00_2.png,1.25,1.737619294130094
1164,1468_LeafPhotoB_2025-09-08 16_31_09.404-05_00_3.png,1.25,1.7396131006358737
1177,1145_LeafPhotoA_2025-09-08 10_41_37.289-05_00_0.png,1.5,1.8746886141867023
1178,1145_LeafPhotoA_2025-09-08 10_41_37.289-05_00_1.png,1.5,1.819656957696854
1179,1145_LeafPhotoA_2025-09-08 10_41_37.289-05_00_2.png,1.5,1.7799916694784514
1180,1145_LeafPhotoA_2025-09-08 10_41_37.289-05_00_3.png,1.5,1.6598556964366153
1209,,1.0,1.9325284788595696
1210,6008_LeafPhotoA_2025-09-09 17_03_49.237-05_00_0.png,1.25,1.657200810686346
1211,6008_LeafPhotoA_2025-09-09 17_03_49.237-05_00_1.png,1.25,1.6232597214017475
1212,6008_LeafPhotoA_2025-09-09 17_03_49.237-05_00_2.png,1.25,1.7813493534007279
1213,6008_LeafPhotoA_2025-09-09 17_03_49.237-05_00_3.png,1.25,1.640837336482908
1233,2393_LeafPhotoA_2025-09-08 12_18_13.823-05_00_0.png,2.5,1.9154729863722353
1234,2393_LeafPhotoA_2025-09-08 12_18_13.823-05_00_1.png,2.5,1.8510408705394183
1235,2393_LeafPhotoA_2025-09-08 12_18_13.823-05_00_2.png,2.5,2.1121753475188902
1236,2393_LeafPhotoA_2025-09-08 12_18_13.823-05_00_3.png,2.5,2.23588048728743
1237,,2.25,1.9325284788595696
1257,1859_LeafPhotoA_2025-09-09 13_37_34.301-05_00_0.png,3.0,1.9662447564475394
1258,1859_LeafPhotoA_2025-09-09 13_37_34.301-05_00_1.png,3.0,1.8942566952673976
1259,1859_LeafPhotoA_2025-09-09 13_37_34.301-05_00_2.png,3.0,1.7974186347077088
1260,1859_LeafPhotoA_2025-09-09 13_37_34.301-05_00_3.png,3.0,1.705759495199824
1261,1810_LeafPhotoA_2025-09-09 09_05_30.894-05_00_0.png,4.25,2.849228029388053
1262,1810_LeafPhotoA_2025-09-09 09_05_30.894-05_00_1.png,4.25,2.831684745777526
1263,1810_LeafPhotoA_2025-09-09 09_05_30.894-05_00_2.png,4.25,2.921839059862722
1264,1810_LeafPhotoA_2025-09-09 09_05_30.894-05_00_3.png,4.25,2.672871261042181
1277,2983_LeafPhotoA_2025-09-09 16_35_57.602-05_00_0.png,2.0,2.0192479128319776
1278,2983_LeafPhotoA_2025-09-09 16_35_57.602-05_00_1.png,2.0,1.897856623250223
1279,2983_LeafPhotoA_2025-09-09 16_35_57.602-05_00_2.png,2.0,2.203522971034543
1280,2983_LeafPhotoA_2025-09-09 16_35_57.602-05_00_3.png,2.0,1.9145479547542268
1308,2792_LeafPhotoA_2025-09-09 11_23_03.034-05_00_0.png,1.5,1.744244193336226
1309,2792_LeafPhotoA_2025-09-09 11_23_03.034-05_00_1.png,1.5,1.6831624585062457
1310,2792_LeafPhotoA_2025-09-09 11_23_03.034-05_00_2.png,1.5,1.7170111827792613
1311,2792_LeafPhotoA_2025-09-09 11_23_03.034-05_00_3.png,1.5,1.701556954307571
1312,6029_LeafPhotoA_2025-09-09 16_30_34.819-05_00_0.png,2.0,1.8357316410356384
1313,6029_LeafPhotoA_2025-09-09 16_30_34.819-05_00_1.png,2.0,1.7950621913977278
1314,6029_LeafPhotoA_2025-09-09 16_30_34.819-05_00_2.png,2.0,1.6749896279532626
1315,6029_LeafPhotoA_2025-09-09 16_30_34.819-05_00_3.png,2.0,1.7809490912518333
1356,2082_LeafPhotoA_2025-09-08 12_18_18.860-05_00_0.png,1.0,1.7604352500421963
1357,2082_LeafPhotoA_2025-09-08 12_18_18.860-05_00_1.png,1.0,1.7866551603187504
1358,2082_LeafPhotoA_2025-09-08 12_18_18.860-05_00_2.png,1.0,1.6817554223973057
1359,2082_LeafPhotoA_2025-09-08 12_18_18.860-05_00_3.png,1.0,1.7665562778791672
1360,1868_LeafPhotoA_2025-09-09 13_29_01.704-05_00_0.png,1.25,1.7396204181847574
1361,1868_LeafPhotoA_2025-09-09 13_29_01.704-05_00_1.png,1.25,1.786775952493928
1362,1868_LeafPhotoA_2025-09-09 13_29_01.704-05_00_2.png,1.25,2.0283419539696634
1363,1868_LeafPhotoA_2025-09-09 13_29_01.704-05_00_3.png,1.25,1.8864750440518288
1364,1561_LeafPhotoA_2025-09-09 10_12_13.903-05_00_0.png,1.25,1.7977640079715733
1365,1561_LeafPhotoA_2025-09-09 10_12_13.903-05_00_1.png,1.25,1.828215184587246
1366,1561_LeafPhotoA_2025-09-09 10_12_13.903-05_00_2.png,1.25,1.5840820258186608
1367,2902_LeafPhotoA_2025-09-09 16_14_17.420-05_00_0.png,1.5,1.6518256671519054
1368,2902_LeafPhotoA_2025-09-09 16_14_17.420-05_00_1.png,1.5,1.6534600834657782
1369,2902_LeafPhotoA_2025-09-09 16_14_17.420-05_00_2.png,1.5,1.827622830827635
1370,2902_LeafPhotoA_2025-09-09 16_14_17.420-05_00_3.png,1.5,1.9757408644162118
1380,2088_LeafPhotoA_2025-09-08 12_25_17.092-05_00_0.png,2.5,2.229170157667679
1381,2088_LeafPhotoA_2025-09-08 12_25_17.092-05_00_1.png,2.5,2.1714482682833607
1382,2088_LeafPhotoA_2025-09-08 12_25_17.092-05_00_2.png,2.5,2.0103240909444238
1391,1978_LeafPhotoA_2025-09-09 16_46_20.867-05_00_0.png,1.0,1.818739439365299
1392,1978_LeafPhotoA_2025-09-09 16_46_20.867-05_00_1.png,1.0,1.7805337235823269
1393,1978_LeafPhotoA_2025-09-09 16_46_20.867-05_00_2.png,1.0,1.7373350476090166
1394,1978_LeafPhotoA_2025-09-09 16_46_20.867-05_00_3.png,1.0,1.68076134772359
1395,2520_LeafPhotoA_2025-09-09 10_17_04.786-05_00_0.png,1.0,1.8454150392815294
1396,2520_LeafPhotoA_2025-09-09 10_17_04.786-05_00_1.png,1.0,1.8083748663831867
1397,2520_LeafPhotoA_2025-09-09 10_17_04.786-05_00_2.png,1.0,1.792267060876001
1398,2520_LeafPhotoA_2025-09-09 10_17_04.786-05_00_3.png,1.0,1.740097753963067
1439,1203_LeafPhotoA_2025-09-08 09_17_50.777-05_00_0.png,2.0,1.8298515561169015
1440,1203_LeafPhotoA_2025-09-08 09_17_50.777-05_00_1.png,2.0,1.8466608502450104
1441,1203_LeafPhotoA_2025-09-08 09_17_50.777-05_00_2.png,2.0,1.8127537401364444
1442,1203_LeafPhotoA_2025-09-08 09_17_50.777-05_00_3.png,2.0,1.9953242541637712
1455,2293_LeafPhotoA_2025-09-08 16_47_21.144-05_00_0.png,1.25,1.70683740066156
1456,2293_LeafPhotoA_2025-09-08 16_47_21.144-05_00_1.png,1.25,1.7099091479891486
1457,2293_LeafPhotoA_2025-09-08 16_47_21.144-05_00_2.png,1.25,1.7455843423043131
1458,2293_LeafPhotoA_2025-09-08 16_47_21.144-05_00_3.png,1.25,1.8091600205913991
1485,1212_LeafPhotoA_2025-09-08 09_42_54.332-05_00_0.png,2.25,1.7812888658254378
1486,1212_LeafPhotoA_2025-09-08 09_42_54.332-05_00_1.png,2.25,1.920372502846526
1487,1212_LeafPhotoA_2025-09-08 09_42_54.332-05_00_2.png,2.25,1.986006769147553
1488,1212_LeafPhotoA_2025-09-08 09_42_54.332-05_00_3.png,2.25,1.948338781401296
1493,1666_LeafPhotoA_2025-09-09 09_55_47.332-05_00_0.png,1.25,1.7664116374788799
1494,1666_LeafPhotoA_2025-09-09 09_55_47.332-05_00_1.png,1.25,1.7304029181226825
1495,1666_LeafPhotoA_2025-09-09 09_55_47.332-05_00_2.png,1.25,1.7408739175220518
1496,1666_LeafPhotoA_2025-09-09 09_55_47.332-05_00_3.png,1.25,1.7768018070868543
1498,2758_LeafPhotoA_2025-09-09 16_22_09.492-05_00_0.png,1.25,1.6832585078468025
1499,2758_LeafPhotoA_2025-09-09 16_22_09.492-05_00_1.png,1.25,1.6073639308452334
1500,2758_LeafPhotoA_2025-09-09 16_22_09.492-05_00_2.png,1.25,1.7340928000622629
1501,2758_LeafPhotoA_2025-09-09 16_22_09.492-05_00_3.png,1.25,1.853380607615853
1513,1652_LeafPhotoA_2025-09-09 10_20_27.938-05_00_0.png,1.25,1.716094891534012
1514,1652_LeafPhotoA_2025-09-09 10_20_27.938-05_00_1.png,1.25,1.792424407190032
1515,1652_LeafPhotoA_2025-09-09 10_20_27.938-05_00_2.png,1.25,1.762639936763871
1520,2446_LeafPhotoB_2025-09-08 11_21_40.834-05_00_0.png,3.0,2.022922029519276
1521,2446_LeafPhotoB_2025-09-08 11_21_40.834-05_00_1.png,3.0,1.936055478761061
1522,2446_LeafPhotoB_2025-09-08 11_21_40.834-05_00_2.png,3.0,2.1096675160320335
1523,2446_LeafPhotoB_2025-09-08 11_21_40.834-05_00_3.png,3.0,2.0414064655956476
1547,2177_LeafPhotoA_2025-09-09 12_21_32.834-05_00_0.png,3.0,1.9603462803227587
1548,2177_LeafPhotoA_2025-09-09 12_21_32.834-05_00_1.png,3.0,2.1396856680310146
1549,2177_LeafPhotoA_2025-09-09 12_21_32.834-05_00_2.png,3.0,2.278276914654187
1550,2177_LeafPhotoA_2025-09-09 12_21_32.834-05_00_3.png,3.0,2.21687794677722
1556,2515_LeafPhotoA_2025-09-09 10_13_03.695-05_00_0.png,1.25,1.9794478874158392
1557,2515_LeafPhotoA_2025-09-09 10_13_03.695-05_00_1.png,1.25,1.6657690910727028
1558,2515_LeafPhotoA_2025-09-09 10_13_03.695-05_00_2.png,1.25,1.673005613223043
1559,2515_LeafPhotoA_2025-09-09 10_13_03.695-05_00_3.png,1.25,1.716342314911985
1577,1051_LeafPhotoA_2025-09-08 12_42_13.116-05_00_0.png,1.25,1.6112389269992697
1578,1051_LeafPhotoA_2025-09-08 12_42_13.116-05_00_1.png,1.25,1.64894030353005
1579,1051_LeafPhotoA_2025-09-08 12_42_13.116-05_00_2.png,1.25,1.6461147179300943
1580,1051_LeafPhotoA_2025-09-08 12_42_13.116-05_00_3.png,1.25,1.6089803147193604
1590,2093_LeafPhotoA_2025-09-08 12_29_42.069-05_00_0.png,2.0,1.810122373145484
1591,2093_LeafPhotoA_2025-09-08 12_29_42.069-05_00_1.png,2.0,1.7807775645917332
1592,2093_LeafPhotoA_2025-09-08 12_29_42.069-05_00_2.png,2.0,1.9242249894444676
1593,2093_LeafPhotoA_2025-09-08 12_29_42.069-05_00_3.png,2.0,2.0039727805156775
1599,2637_LeafPhotoA_2025-09-09 11_40_07.094-05_00_0.png,1.5,1.8409966832904248
1600,2637_LeafPhotoA_2025-09-09 11_40_07.094-05_00_1.png,1.5,1.7653320644729795
1601,2637_LeafPhotoA_2025-09-09 11_40_07.094-05_00_2.png,1.5,1.548062008610263
1602,2637_LeafPhotoA_2025-09-09 11_40_07.094-05_00_3.png,1.5,1.6621134963194242
1627,,1.5,1.9325284788595696
1655,2346_LeafPhotoA_2025-09-08 11_14_15.994-05_00_0.png,1.25,1.7858694266260056
1656,2346_LeafPhotoA_2025-09-08 11_14_15.994-05_00_1.png,1.25,1.7141876689191662
1657,2346_LeafPhotoA_2025-09-08 11_14_15.994-05_00_2.png,1.25,1.7235946316003392
1658,2346_LeafPhotoA_2025-09-08 11_14_15.994-05_00_3.png,1.25,1.6245883387580111
1663,2463_LeafPhotoB_2025-09-08 11_41_05.461-05_00_0.png,2.0,1.8812287382232589
1664,2463_LeafPhotoB_2025-09-08 11_41_05.461-05_00_1.png,2.0,1.9089472561671423
1665,2463_LeafPhotoB_2025-09-08 11_41_05.461-05_00_2.png,2.0,1.7918923111377039
1666,2463_LeafPhotoB_2025-09-08 11_41_05.461-05_00_3.png,2.0,1.805872566815763
1673,1355_LeafPhotoA_2025-09-08 12_32_02.036-05_00_0.png,2.0,2.3225936627066175
1708,1905_LeafPhotoA_2025-09-09 14_39_48.802-05_00_0.png,1.5,1.6519577130010061
1709,1905_LeafPhotoA_2025-09-09 14_39_48.802-05_00_1.png,1.5,1.6342247046482619
1736,2689_LeafPhotoA_2025-09-09 10_43_51.800-05_00_0.png,1.25,1.8449693655560784
1737,2689_LeafPhotoA_2025-09-09 10_43_51.800-05_00_1.png,1.25,1.856272635334651
1738,2689_LeafPhotoA_2025-09-09 10_43_51.800-05_00_2.png,1.25,1.9707237012562822
1751,1065_LeafPhotoA_2025-09-08 12_57_07.532-05_00_0.png,1.25,1.9372839952700263
1752,1065_LeafPhotoA_2025-09-08 12_57_07.532-05_00_1.png,1.25,1.7478504272229014
1753,1065_LeafPhotoA_2025-09-08 12_57_07.532-05_00_2.png,1.25,1.7812912920681392
1754,1065_LeafPhotoA_2025-09-08 12_57_07.532-05_00_3.png,1.25,1.8998061063919958
1796,2527_LeafPhotoA_2025-09-09 10_24_54.172-05_00_0.png,1.5,1.7338975292342902
1797,2527_LeafPhotoA_2025-09-09 10_24_54.172-05_00_1.png,1.5,2.012824571358727
1798,2527_LeafPhotoA_2025-09-09 10_24_54.172-05_00_2.png,1.5,1.8789028915016146
1799,2527_LeafPhotoA_2025-09-09 10_24_54.172-05_00_3.png,1.5,1.8867559640611464
1800,1408_LeafPhotoB_2025-09-08 10_02_06.407-05_00_0.png,1.5,1.7700580141258582
1801,1408_LeafPhotoB_2025-09-08 10_02_06.407-05_00_1.png,1.5,1.7533816299705307
1802,1408_LeafPhotoB_2025-09-08 10_02_06.407-05_00_2.png,1.5,1.656505624107199
1803,1408_LeafPhotoB_2025-09-08 10_02_06.407-05_00_3.png,1.5,1.7155920143654386
1804,1332_LeafPhotoA_2025-09-08 10_00_19.909-05_00_0.png,2.0,1.8941843808818468
1805,1332_LeafPhotoA_2025-09-08 10_00_19.909-05_00_1.png,2.0,1.9925032292900053
1806,1332_LeafPhotoA_2025-09-08 10_00_19.909-05_00_2.png,2.0,1.9520772794900014
1807,1332_LeafPhotoA_2025-09-08 10_00_19.909-05_00_3.png,2.0,2.0146349324292214
1891,2129_LeafPhotoA_2025-09-08 11_46_50.494-05_00_0.png,1.75,1.8705963380820663
1892,2129_LeafPhotoA_2025-09-08 11_46_50.494-05_00_1.png,1.75,1.9617097329968347
1914,2271_LeafPhotoA_2025-09-08 17_12_04.853-05_00_0.png,2.25,2.0349562816891558
1915,2271_LeafPhotoA_2025-09-08 17_12_04.853-05_00_1.png,2.25,2.0162517485000926
1969,1521_LeafPhotoA_2025-09-09 09_17_54.205-05_00_0.png,2.25,2.3807498986812545
1970,1521_LeafPhotoA_2025-09-09 09_17_54.205-05_00_1.png,2.25,2.4765061231432277
1971,1521_LeafPhotoA_2025-09-09 09_17_54.205-05_00_2.png,2.25,2.0312076012451272
1972,1521_LeafPhotoA_2025-09-09 09_17_54.205-05_00_3.png,2.25,2.033200547270497
1973,1216_LeafPhotoA_2025-09-08 09_51_18.258-05_00_0.png,1.5,1.771899591627037
1974,1216_LeafPhotoA_2025-09-08 09_51_18.258-05_00_1.png,1.5,1.6698904130637273
1975,1216_LeafPhotoA_2025-09-08 09_51_18.258-05_00_2.png,1.5,1.8096782166210021
1976,1216_LeafPhotoA_2025-09-08 09_51_18.258-05_00_3.png,1.5,1.9936552013021267
2012,2469_LeafPhotoB_2025-09-08 11_46_21.698-05_00_0.png,1.5,1.7775397658837324
2013,2469_LeafPhotoB_2025-09-08 11_46_21.698-05_00_1.png,1.5,1.8587024991128356
2014,2469_LeafPhotoB_2025-09-08 11_46_21.698-05_00_2.png,1.5,1.7716021032832294
2015,2469_LeafPhotoB_2025-09-08 11_46_21.698-05_00_3.png,1.5,2.023975483421001
2046,1317_LeafPhotoA_2025-09-08 09_35_24.203-05_00_0.png,3.0,2.1393584957206646
2047,1317_LeafPhotoA_2025-09-08 09_35_24.203-05_00_1.png,3.0,2.1767189951068993
2048,1317_LeafPhotoA_2025-09-08 09_35_24.203-05_00_2.png,3.0,2.1549459890492186
2049,1317_LeafPhotoA_2025-09-08 09_35_24.203-05_00_3.png,3.0,2.180053774310376
2071,2792_LeafPhotoA_2025-09-09 11_21_24.578-05_00_0.png,1.25,1.7368234105197018
2072,2792_LeafPhotoA_2025-09-09 11_21_24.578-05_00_1.png,1.25,1.7466372681796107
2073,2792_LeafPhotoA_2025-09-09 11_21_24.578-05_00_2.png,1.25,1.8658298029034426
2074,2792_LeafPhotoA_2025-09-09 11_21_24.578-05_00_3.png,1.25,1.8076942842857597
2118,1492_LeafPhotoB_2025-09-08 16_56_04.972-05_00_0.png,1.5,1.702052864823085
2119,1492_LeafPhotoB_2025-09-08 16_56_04.972-05_00_1.png,1.5,1.6078383049524343
2120,1492_LeafPhotoB_2025-09-08 16_56_04.972-05_00_2.png,1.5,1.6356546018615254
2121,1492_LeafPhotoB_2025-09-08 16_56_04.972-05_00_3.png,1.5,1.6960797519353188
2122,1438_LeafPhotoB_2025-09-08 10_28_46.756-05_00_0.png,2.5,1.924415622443001
2123,1438_LeafPhotoB_2025-09-08 10_28_46.756-05_00_1.png,2.5,2.049342741262595
2124,1438_LeafPhotoB_2025-09-08 10_28_46.756-05_00_2.png,2.5,2.25393678094244
2133,2268_LeafPhotoA_2025-09-08 17_14_58.767-05_00_0.png,2.0,2.313741904404614
2145,1626_LeafPhotoA_2025-09-09 10_03_50.260-05_00_0.png,1.5,1.7936313706382532
2146,1626_LeafPhotoA_2025-09-09 10_03_50.260-05_00_1.png,1.5,1.73703362732442
2147,1626_LeafPhotoA_2025-09-09 10_03_50.260-05_00_2.png,1.5,1.9081373293593453
2148,1626_LeafPhotoA_2025-09-09 10_03_50.260-05_00_3.png,1.5,2.037161854430347
2157,1301_LeafPhotoA_2025-09-08 10_19_50.410-05_00_0.png,1.5,1.8025766949593958
2158,1301_LeafPhotoA_2025-09-08 10_19_50.410-05_00_1.png,1.5,1.7672958296272443
2159,1301_LeafPhotoA_2025-09-08 10_19_50.410-05_00_2.png,1.5,1.8776178601562696
2160,1301_LeafPhotoA_2025-09-08 10_19_50.410-05_00_3.png,1.5,1.7767090545722855
2161,2325_LeafPhotoA_2025-09-08 10_52_52.963-05_00_0.png,1.0,1.8052196545633807
2162,2325_LeafPhotoA_2025-09-08 10_52_52.963-05_00_1.png,1.0,1.7117460229278274
2163,2325_LeafPhotoA_2025-09-08 10_52_52.963-05_00_2.png,1.0,1.7082436804855896
2164,2325_LeafPhotoA_2025-09-08 10_52_52.963-05_00_3.png,1.0,1.7329378753140245
2189,1236_LeafPhotoA_2025-09-08 10_23_03.516-05_00_0.png,1.5,1.7577759405184066
2190,1236_LeafPhotoA_2025-09-08 10_23_03.516-05_00_1.png,1.5,1.7352238528316823
2191,1236_LeafPhotoA_2025-09-08 10_23_03.516-05_00_2.png,1.5,1.8564891095222833
2192,1236_LeafPhotoA_2025-09-08 10_23_03.516-05_00_3.png,1.5,1.6938456665990522
2243,2903_LeafPhotoA_2025-09-09 16_19_58.490-05_00_0.png,3.0,2.221163205558145
2244,2903_LeafPhotoA_2025-09-09 16_19_58.490-05_00_1.png,3.0,2.1907637775880793
2245,2903_LeafPhotoA_2025-09-09 16_19_58.490-05_00_2.png,3.0,2.179205038116759
2246,2903_LeafPhotoA_2025-09-09 16_19_58.490-05_00_3.png,3.0,2.0404725679256557
2262,,1.25,1.9325284788595696
2267,,1.0,1.9325284788595696
2302,2436_LeafPhotoB_2025-09-08 11_12_52.698-05_00_0.png,1.5,1.8839892688500202
2303,2436_LeafPhotoB_2025-09-08 11_12_52.698-05_00_1.png,1.5,1.9024632303997384
2304,2436_LeafPhotoB_2025-09-08 11_12_52.698-05_00_2.png,1.5,2.0337498120818878
2305,2436_LeafPhotoB_2025-09-08 11_12_52.698-05_00_3.png,1.5,1.8424845574236786
2397,2941_LeafPhotoA_2025-09-09 16_28_44.280-05_00_0.png,1.25,1.7913653991924738
2398,2941_LeafPhotoA_2025-09-09 16_28_44.280-05_00_1.png,1.25,1.6597877578540305
2399,2941_LeafPhotoA_2025-09-09 16_28_44.280-05_00_2.png,1.25,1.7654675284698755
2400,2941_LeafPhotoA_2025-09-09 16_28_44.280-05_00_3.png,1.25,1.7280461731962677
2420,2002_LeafPhotoA_2025-09-08 10_34_47.962-05_00_0.png,3.25,2.0722613619864423
2421,2002_LeafPhotoA_2025-09-08 10_34_47.962-05_00_1.png,3.25,2.5185789112243864
2422,2002_LeafPhotoA_2025-09-08 10_34_47.962-05_00_2.png,3.25,2.234656830562474
2423,2002_LeafPhotoA_2025-09-08 10_34_47.962-05_00_3.png,3.25,1.9258229462235588
2428,1969_LeafPhotoA_2025-09-09 17_07_30.768-05_00_0.png,1.5,1.773524809800086
2429,1969_LeafPhotoA_2025-09-09 17_07_30.768-05_00_1.png,1.5,1.9954405904646961
2430,1969_LeafPhotoA_2025-09-09 17_07_30.768-05_00_2.png,1.5,1.7670853001138682
2431,1969_LeafPhotoA_2025-09-09 17_07_30.768-05_00_3.png,1.5,1.7745506826187318
2438,2536_LeafPhotoA_2025-09-09 10_35_28.301-05_00_0.png,1.75,1.7850553897292705
2439,2536_LeafPhotoA_2025-09-09 10_35_28.301-05_00_1.png,1.75,1.7373201812082169
2440,2536_LeafPhotoA_2025-09-09 10_35_28.301-05_00_2.png,1.75,1.7742852409324186
2441,2536_LeafPhotoA_2025-09-09 10_35_28.301-05_00_3.png,1.75,1.7213511988097898
2483,1247_LeafPhotoA_2025-09-08 10_38_45.722-05_00_0.png,2.0,2.0137919279709244
2484,1247_LeafPhotoA_2025-09-08 10_38_45.722-05_00_1.png,2.0,2.0863061230726188
2485,1247_LeafPhotoA_2025-09-08 10_38_45.722-05_00_2.png,2.0,1.9468890414509472
2494,2370_LeafPhotoA_2025-09-08 11_38_56.854-05_00_0.png,2.25,2.0502191120363764
2495,2370_LeafPhotoA_2025-09-08 11_38_56.854-05_00_1.png,2.25,2.059054258621655
2496,2370_LeafPhotoA_2025-09-08 11_38_56.854-05_00_2.png,2.25,2.110469358293709
2497,2370_LeafPhotoA_2025-09-08 11_38_56.854-05_00_3.png,2.25,2.1394059420232883
2516,1719_LeafPhotoA_2025-09-09 09_17_16.298-05_00_0.png,3.25,2.8980976383196033
2517,1719_LeafPhotoA_2025-09-09 09_17_16.298-05_00_1.png,3.25,2.7306394810577275
2518,1719_LeafPhotoA_2025-09-09 09_17_16.298-05_00_2.png,3.25,2.5165460109018305
2519,1971_LeafPhotoA_2025-09-09 17_00_57.416-05_00_0.png,2.25,1.915399778530292
2520,1971_LeafPhotoA_2025-09-09 17_00_57.416-05_00_1.png,2.25,1.8599558718352591
2521,1971_LeafPhotoA_2025-09-09 17_00_57.416-05_00_2.png,2.25,1.8378706668865954
2522,1971_LeafPhotoA_2025-09-09 17_00_57.416-05_00_3.png,2.25,2.0426645907922265
2542,2671_LeafPhotoA_2025-09-09 11_45_10.930-05_00_0.png,3.75,2.325822757465111
2543,2671_LeafPhotoA_2025-09-09 11_45_10.930-05_00_1.png,3.75,2.635615473522331
2544,2671_LeafPhotoA_2025-09-09 11_45_10.930-05_00_2.png,3.75,2.621686867042438
2545,2671_LeafPhotoA_2025-09-09 11_45_10.930-05_00_3.png,3.75,2.7841436931312393
2551,1156_LeafPhotoA_2025-09-08 16_52_15.162-05_00_0.png,1.75,1.8879878515769546
2552,1156_LeafPhotoA_2025-09-08 16_52_15.162-05_00_1.png,1.75,1.9095866086380182
2553,1156_LeafPhotoA_2025-09-08 16_52_15.162-05_00_2.png,1.75,1.7636333611094046
2554,1156_LeafPhotoA_2025-09-08 16_52_15.162-05_00_3.png,1.75,1.7254635212273315
2559,1073_LeafPhotoA_2025-09-08 13_06_10.190-05_00_0.png,2.25,1.9762917853264952
2560,1073_LeafPhotoA_2025-09-08 13_06_10.190-05_00_1.png,2.25,1.9876059578898806
2561,1073_LeafPhotoA_2025-09-08 13_06_10.190-05_00_2.png,2.25,2.1684647277843627
2562,1073_LeafPhotoA_2025-09-08 13_06_10.190-05_00_3.png,2.25,2.2710855595105808
2567,2672_LeafPhotoA_2025-09-09 11_46_40.643-05_00_0.png,2.0,2.1170950149150496
2568,2672_LeafPhotoA_2025-09-09 11_46_40.643-05_00_1.png,2.0,2.067093083396598
2569,2672_LeafPhotoA_2025-09-09 11_46_40.643-05_00_2.png,2.0,2.0729804621964196
2570,2672_LeafPhotoA_2025-09-09 11_46_40.643-05_00_3.png,2.0,2.1528461593862276
2576,1661_LeafPhotoA_2025-09-09 10_07_18.041-05_00_0.png,2.0,2.1489146309929876
2577,1661_LeafPhotoA_2025-09-09 10_07_18.041-05_00_1.png,2.0,2.009973762452127
2578,1661_LeafPhotoA_2025-09-09 10_07_18.041-05_00_2.png,2.0,2.158120506244649
2579,2902_LeafPhotoA_2025-09-09 16_15_16.673-05_00_0.png,1.25,1.7281832890004087
2580,2902_LeafPhotoA_2025-09-09 16_15_16.673-05_00_1.png,1.25,1.6079068153396952
2581,2902_LeafPhotoA_2025-09-09 16_15_16.673-05_00_2.png,1.25,1.61869807466946
2582,2902_LeafPhotoA_2025-09-09 16_15_16.673-05_00_3.png,1.25,1.6417604647486357
2593,2259_LeafPhotoA_2025-09-08 12_30_29.796-05_00_0.png,1.25,1.8590533473100468
2594,2259_LeafPhotoA_2025-09-08 12_30_29.796-05_00_1.png,1.25,1.8477704586542614
2595,2259_LeafPhotoA_2025-09-08 12_30_29.796-05_00_2.png,1.25,1.8188986783098882
2596,2259_LeafPhotoA_2025-09-08 12_30_29.796-05_00_3.png,1.25,1.6832756199513526
2605,1004_LeafPhotoA_2025-09-08 09_23_15.296-05_00_0.png,1.5,1.8732521714262496
2606,1004_LeafPhotoA_2025-09-08 09_23_15.296-05_00_1.png,1.5,1.6931516106885576
2607,1004_LeafPhotoA_2025-09-08 09_23_15.296-05_00_2.png,1.5,1.8491784685432477
2608,1004_LeafPhotoA_2025-09-08 09_23_15.296-05_00_3.png,1.5,1.9425263350849693
2638,2196_LeafPhotoA_2025-09-08 17_09_05.011-05_00_0.png,2.25,2.178658238176996
2639,2196_LeafPhotoA_2025-09-08 17_09_05.011-05_00_1.png,2.25,2.2516695324919835
2640,2196_LeafPhotoA_2025-09-08 17_09_05.011-05_00_2.png,2.25,2.163612260683397
2641,2196_LeafPhotoA_2025-09-08 17_09_05.011-05_00_3.png,2.25,2.110232089055221
2642,1573_LeafPhotoA_2025-09-09 09_54_35.196-05_00_0.png,2.5,2.1067949405067994
2643,1573_LeafPhotoA_2025-09-09 09_54_35.196-05_00_1.png,2.5,2.3561110805017758
2644,1573_LeafPhotoA_2025-09-09 09_54_35.196-05_00_2.png,2.5,2.2466849545444023
2645,1573_LeafPhotoA_2025-09-09 09_54_35.196-05_00_3.png,2.5,1.9435938778512165
2650,2860_LeafPhotoA_2025-09-09 14_56_33.247-05_00_0.png,1.25,1.734242683712971
2651,2860_LeafPhotoA_2025-09-09 14_56_33.247-05_00_1.png,1.25,1.7967748229649698
2652,2860_LeafPhotoA_2025-09-09 14_56_33.247-05_00_2.png,1.25,1.620798409460284
2653,2860_LeafPhotoA_2025-09-09 14_56_33.247-05_00_3.png,1.25,1.8698105368922637
2654,1530_LeafPhotoA_2025-09-09 09_28_13.536-05_00_0.png,2.25,2.244596476214701
2655,1530_LeafPhotoA_2025-09-09 09_28_13.536-05_00_1.png,2.25,2.0006913840695764
2656,1530_LeafPhotoA_2025-09-09 09_28_13.536-05_00_2.png,2.25,1.911780640937097
2657,1530_LeafPhotoA_2025-09-09 09_28_13.536-05_00_3.png,2.25,1.9272360770477917
2658,2690_LeafPhotoA_2025-09-09 10_42_26.059-05_00_0.png,1.5,1.752134015660765
2659,2690_LeafPhotoA_2025-09-09 10_42_26.059-05_00_1.png,1.5,1.8585049791861885
2660,2690_LeafPhotoA_2025-09-09 10_42_26.059-05_00_2.png,1.5,1.77997030723673
2661,2690_LeafPhotoA_2025-09-09 10_42_26.059-05_00_3.png,1.5,1.8042981097795814
2680,1994_LeafPhotoA_2025-09-09 16_07_18.609-05_00_0.png,1.75,1.9690261135573872
2681,1994_LeafPhotoA_2025-09-09 16_07_18.609-05_00_1.png,1.75,1.9234470977173306
2682,1994_LeafPhotoA_2025-09-09 16_07_18.609-05_00_2.png,1.75,1.7243001908115088
2695,2062_LeafPhotoA_2025-09-08 11_56_29.638-05_00_0.png,1.5,1.7744605133643434
2696,2062_LeafPhotoA_2025-09-08 11_56_29.638-05_00_1.png,1.5,1.5802686405764006
2697,2062_LeafPhotoA_2025-09-08 11_56_29.638-05_00_2.png,1.5,1.6150953961852865
2698,2062_LeafPhotoA_2025-09-08 11_56_29.638-05_00_3.png,1.5,1.8143151620736393
2703,1714_LeafPhotoA_2025-09-09 09_09_56.290-05_00_0.png,2.25,2.282482829999217
2704,1714_LeafPhotoA_2025-09-09 09_09_56.290-05_00_1.png,2.25,2.063718155100724
2705,1714_LeafPhotoA_2025-09-09 09_09_56.290-05_00_2.png,2.25,1.9986615430305192
2706,1714_LeafPhotoA_2025-09-09 09_09_56.290-05_00_3.png,2.25,2.132920019910914
2711,1246_LeafPhotoA_2025-09-08 10_36_51.001-05_00_0.png,2.0,1.7528245360268402
2712,1246_LeafPhotoA_2025-09-08 10_36_51.001-05_00_1.png,2.0,1.6483587967665836
2713,1246_LeafPhotoA_2025-09-08 10_36_51.001-05_00_2.png,2.0,1.817818891960884
2714,1246_LeafPhotoA_2025-09-08 10_36_51.001-05_00_3.png,2.0,1.596274486490514
2727,1742_LeafPhotoA_2025-09-09 09_58_17.497-05_00_0.png,3.0,2.3903865224472782
2728,1742_LeafPhotoA_2025-09-09 09_58_17.497-05_00_1.png,3.0,2.4153733681931233
2729,1742_LeafPhotoA_2025-09-09 09_58_17.497-05_00_2.png,3.0,2.343503023483116
2769,1265_LeafPhotoA_2025-09-08 16_21_10.202-05_00_0.png,2.25,1.8860181551187136
2783,,1.75,1.9325284788595696
2819,1969_LeafPhotoA_2025-09-09 17_06_13.365-05_00_0.png,1.25,1.9293414977413281
2820,1969_LeafPhotoA_2025-09-09 17_06_13.365-05_00_1.png,1.25,1.9919410165924665
2821,1969_LeafPhotoA_2025-09-09 17_06_13.365-05_00_2.png,1.25,1.9538853492729755
2822,1969_LeafPhotoA_2025-09-09 17_06_13.365-05_00_3.png,1.25,1.8276052526751172
2823,2402_LeafPhotoB_2025-09-08 10_41_29.920-05_00_0.png,1.0,1.7278667131224592
2824,2402_LeafPhotoB_2025-09-08 10_41_29.920-05_00_1.png,1.0,1.6632602025583951
2825,2402_LeafPhotoB_2025-09-08 10_41_29.920-05_00_2.png,1.0,1.6313560441925743
2826,2402_LeafPhotoB_2025-09-08 10_41_29.920-05_00_3.png,1.0,1.7338285704394933
2837,6040_LeafPhotoA_2025-09-09 16_10_33.353-05_00_0.png,1.5,1.708418755072377
2838,6040_LeafPhotoA_2025-09-09 16_10_33.353-05_00_1.png,1.5,1.8045984853290602
2839,6040_LeafPhotoA_2025-09-09 16_10_33.353-05_00_2.png,1.5,1.7558775358252452
2840,6040_LeafPhotoA_2025-09-09 16_10_33.353-05_00_3.png,1.5,1.7416588559976969
2842,1578_LeafPhotoA_2025-09-09 09_51_18.559-05_00_0.png,1.0,1.7055067704349098
2843,1578_LeafPhotoA_2025-09-09 09_51_18.559-05_00_1.png,1.0,1.6770308431181702
2844,1578_LeafPhotoA_2025-09-09 09_51_18.559-05_00_2.png,1.0,1.6287571321759577
2845,1578_LeafPhotoA_2025-09-09 09_51_18.559-05_00_3.png,1.0,1.7249918634655388
2854,2262_LeafPhotoA_2025-09-08 12_34_17.650-05_00_0.png,1.5,1.6895318456201394
2855,2262_LeafPhotoA_2025-09-08 12_34_17.650-05_00_1.png,1.5,1.6850255358877768
2856,2262_LeafPhotoA_2025-09-08 12_34_17.650-05_00_2.png,1.5,1.6736629057673702
2857,2262_LeafPhotoA_2025-09-08 12_34_17.650-05_00_3.png,1.5,1.9457659807848373
2858,6025_LeafPhotoA_2025-09-09 16_35_46.802-05_00_0.png,1.5,1.8453722238870605
2859,6025_LeafPhotoA_2025-09-09 16_35_46.802-05_00_1.png,1.5,1.880604666117496
2860,6025_LeafPhotoA_2025-09-09 16_35_46.802-05_00_2.png,1.5,1.8213038548421037
2861,1894_LeafPhotoA_2025-09-09 12_58_44.856-05_00_0.png,1.25,1.6818004732263037
2862,1894_LeafPhotoA_2025-09-09 12_58_44.856-05_00_1.png,1.25,1.6844506620158937
2863,1894_LeafPhotoA_2025-09-09 12_58_44.856-05_00_2.png,1.25,1.803022334789448
2864,1894_LeafPhotoA_2025-09-09 12_58_44.856-05_00_3.png,1.25,1.9264744080631266
2869,2045_LeafPhotoA_2025-09-08 11_26_04.594-05_00_0.png,1.75,1.8102136768232073
2870,2045_LeafPhotoA_2025-09-08 11_26_04.594-05_00_1.png,1.75,1.7778327985371911
2871,2045_LeafPhotoA_2025-09-08 11_26_04.594-05_00_2.png,1.75,1.8429599586779104
2884,2830_LeafPhotoA_2025-09-09 10_46_44.993-05_00_0.png,1.5,1.8275549980742514
2885,2830_LeafPhotoA_2025-09-09 10_46_44.993-05_00_1.png,1.5,1.8541192783394806
2886,2830_LeafPhotoA_2025-09-09 10_46_44.993-05_00_2.png,1.5,1.7654467873081938
2887,2830_LeafPhotoA_2025-09-09 10_46_44.993-05_00_3.png,1.5,1.7376326805759488
2891,2919_LeafPhotoA_2025-09-09 16_43_36.577-05_00_0.png,1.5,1.7335936906566605
2892,2919_LeafPhotoA_2025-09-09 16_43_36.577-05_00_1.png,1.5,1.7073038304520989
2893,2919_LeafPhotoA_2025-09-09 16_43_36.577-05_00_2.png,1.5,1.7014360027536441
2894,2919_LeafPhotoA_2025-09-09 16_43_36.577-05_00_3.png,1.5,1.6241418172162059
2895,1978_LeafPhotoA_2025-09-09 16_46_02.859-05_00_0.png,1.25,1.7291620153219796
2896,1978_LeafPhotoA_2025-09-09 16_46_02.859-05_00_1.png,1.25,1.979510583580293
2897,1978_LeafPhotoA_2025-09-09 16_46_02.859-05_00_2.png,1.25,1.8551760758537574
2948,1269_LeafPhotoA_2025-09-08 16_17_38.730-05_00_0.png,1.75,1.8761867088074033
2949,1269_LeafPhotoA_2025-09-08 16_17_38.730-05_00_1.png,1.75,1.9542653915021486
2950,1269_LeafPhotoA_2025-09-08 16_17_38.730-05_00_2.png,1.75,2.0509770652141937
2951,1269_LeafPhotoA_2025-09-08 16_17_38.730-05_00_3.png,1.75,1.8738694888541565
2952,1908_LeafPhotoA_2025-09-09 14_44_38.996-05_00_0.png,2.5,2.1152813730776554
2953,1908_LeafPhotoA_2025-09-09 14_44_38.996-05_00_1.png,2.5,2.4609604643198777
2954,1908_LeafPhotoA_2025-09-09 14_44_38.996-05_00_2.png,2.5,2.4739128509076385
2955,1908_LeafPhotoA_2025-09-09 14_44_38.996-05_00_3.png,2.5,2.4485804183762903
2968,1468_LeafPhotoB_2025-09-08 16_31_26.894-05_00_0.png,1.25,1.8664290464705997
2969,1468_LeafPhotoB_2025-09-08 16_31_26.894-05_00_1.png,1.25,1.7797472536292085
2970,1468_LeafPhotoB_2025-09-08 16_31_26.894-05_00_2.png,1.25,1.762702421702176
2971,1468_LeafPhotoB_2025-09-08 16_31_26.894-05_00_3.png,1.25,1.8682652673989009
3003,1216_LeafPhotoA_2025-09-08 09_51_38.597-05_00_0.png,2.0,1.8354229502733022
3004,1216_LeafPhotoA_2025-09-08 09_51_38.597-05_00_1.png,2.0,1.7815085744672756
3005,1216_LeafPhotoA_2025-09-08 09_51_38.597-05_00_2.png,2.0,1.7159754504665
3006,1216_LeafPhotoA_2025-09-08 09_51_38.597-05_00_3.png,2.0,1.7137700712170518
3089,1851_LeafPhotoA_2025-09-09 13_45_07.951-05_00_0.png,1.5,1.775418922486719
3090,1851_LeafPhotoA_2025-09-09 13_45_07.951-05_00_1.png,1.5,1.973301882228861
3091,1851_LeafPhotoA_2025-09-09 13_45_07.951-05_00_2.png,1.5,1.9965310518555117
3092,1851_LeafPhotoA_2025-09-09 13_45_07.951-05_00_3.png,1.5,1.997151080776058
3102,1728_LeafPhotoA_2025-09-09 09_30_58.151-05_00_0.png,3.5,2.44463558216675
3103,1728_LeafPhotoA_2025-09-09 09_30_58.151-05_00_1.png,3.5,2.8669670607962594
3104,1728_LeafPhotoA_2025-09-09 09_30_58.151-05_00_2.png,3.5,2.9772855175708806
3105,1728_LeafPhotoA_2025-09-09 09_30_58.151-05_00_3.png,3.5,2.906498726848004
3129,2689_LeafPhotoA_2025-09-09 10_44_36.223-05_00_0.png,1.25,1.7527176885480151
3130,2689_LeafPhotoA_2025-09-09 10_44_36.223-05_00_1.png,1.25,1.6733533927493747
3131,2689_LeafPhotoA_2025-09-09 10_44_36.223-05_00_2.png,1.25,1.8162342196309884
3141,1191_LeafPhotoA_2025-09-08 15_54_25.154-05_00_0.png,2.0,2.072683024815366
3142,1191_LeafPhotoA_2025-09-08 15_54_25.154-05_00_1.png,2.0,2.0484696575408154
3143,1191_LeafPhotoA_2025-09-08 15_54_25.154-05_00_2.png,2.0,1.974536427612579
3144,1191_LeafPhotoA_2025-09-08 15_54_25.154-05_00_3.png,2.0,2.082796658765373
3185,2185_LeafPhotoA_2025-09-09 12_32_19.175-05_00_0.png,2.0,1.8324628362787339
3186,2185_LeafPhotoA_2025-09-09 12_32_19.175-05_00_1.png,2.0,2.040535620123286
3187,2185_LeafPhotoA_2025-09-09 12_32_19.175-05_00_2.png,2.0,1.9945811731362337
3188,2185_LeafPhotoA_2025-09-09 12_32_19.175-05_00_3.png,2.0,2.1184221822974605
3218,1301_LeafPhotoA_2025-09-08 10_20_06.394-05_00_0.png,1.5,1.7282893468934857
3219,1301_LeafPhotoA_2025-09-08 10_20_06.394-05_00_1.png,1.5,1.7195157802656464
3220,1301_LeafPhotoA_2025-09-08 10_20_06.394-05_00_2.png,1.5,1.70591304992737
3221,1301_LeafPhotoA_2025-09-08 10_20_06.394-05_00_3.png,1.5,1.7823071190210078
3252,1090_LeafPhotoA_2025-09-09 11_02_26.123-05_00_0.png,1.5,2.0197817348885105
3253,1090_LeafPhotoA_2025-09-09 11_02_26.123-05_00_1.png,1.5,2.066006062880351
3254,1090_LeafPhotoA_2025-09-09 11_02_26.123-05_00_2.png,1.5,2.0418382957140593
3261,2082_LeafPhotoA_2025-09-08 12_18_36.645-05_00_0.png,1.5,1.7454809642971398
3262,2082_LeafPhotoA_2025-09-08 12_18_36.645-05_00_1.png,1.5,1.8439239076801364
3263,2082_LeafPhotoA_2025-09-08 12_18_36.645-05_00_2.png,1.5,1.642868936727671
3264,2082_LeafPhotoA_2025-09-08 12_18_36.645-05_00_3.png,1.5,1.7196974485487224
3273,2654_LeafPhotoA_2025-09-09 11_27_41.628-05_00_0.png,2.25,1.8782018282902808
3274,2654_LeafPhotoA_2025-09-09 11_27_41.628-05_00_1.png,2.25,2.281364925903613
3275,2654_LeafPhotoA_2025-09-09 11_27_41.628-05_00_2.png,2.25,2.3316741761917235
3276,2654_LeafPhotoA_2025-09-09 11_27_41.628-05_00_3.png,2.25,2.4256787469469616
3323,2089_LeafPhotoA_2025-09-08 12_26_53.526-05_00_0.png,1.75,1.788019649527245
3324,2089_LeafPhotoA_2025-09-08 12_26_53.526-05_00_1.png,1.75,1.913677870772585
3325,2089_LeafPhotoA_2025-09-08 12_26_53.526-05_00_2.png,1.75,1.925346294058163
3328,1343_LeafPhotoA_2025-09-08 10_11_04.420-05_00_0.png,1.25,1.765449973168977
3329,1343_LeafPhotoA_2025-09-08 10_11_04.420-05_00_1.png,1.25,1.895041678544195
3330,1343_LeafPhotoA_2025-09-08 10_11_04.420-05_00_2.png,1.25,1.7427510667772743
3331,1343_LeafPhotoA_2025-09-08 10_11_04.420-05_00_3.png,1.25,1.72753594884943
3348,2343_LeafPhotoA_2025-09-08 11_11_17.973-05_00_0.png,1.25,1.7132259508502954
3349,2343_LeafPhotoA_2025-09-08 11_11_17.973-05_00_1.png,1.25,1.7359026194528073
3350,2343_LeafPhotoA_2025-09-08 11_11_17.973-05_00_2.png,1.25,1.883360327104365
3359,2343_LeafPhotoA_2025-09-08 11_11_03.769-05_00_0.png,1.25,1.5790023222942042
3360,2343_LeafPhotoA_2025-09-08 11_11_03.769-05_00_1.png,1.25,1.6991380444675703
3369,2393_LeafPhotoA_2025-09-08 12_17_57.585-05_00_0.png,3.0,2.295167457126314
3401,1457_LeafPhotoB_2025-09-08 12_33_31.319-05_00_0.png,2.0,1.851088965633181
3402,1457_LeafPhotoB_2025-09-08 12_33_31.319-05_00_1.png,2.0,1.8511708028665637
3403,1457_LeafPhotoB_2025-09-08 12_33_31.319-05_00_2.png,2.0,1.9445906350164281
3404,1457_LeafPhotoB_2025-09-08 12_33_31.319-05_00_3.png,2.0,2.085160507018297
3417,1467_LeafPhotoB_2025-09-08 16_30_30.667-05_00_0.png,2.0,1.7132025406264595
3418,1467_LeafPhotoB_2025-09-08 16_30_30.667-05_00_1.png,2.0,1.7443326890298285
3419,1467_LeafPhotoB_2025-09-08 16_30_30.667-05_00_2.png,2.0,2.1446393711234806
3420,1467_LeafPhotoB_2025-09-08 16_30_30.667-05_00_3.png,2.0,2.286104101432892
3426,1714_LeafPhotoA_2025-09-09 09_09_41.593-05_00_0.png,2.5,2.006895034562384
3427,2325_LeafPhotoA_2025-09-08 10_53_41.168-05_00_0.png,1.25,1.7153973424733266
3428,2325_LeafPhotoA_2025-09-08 10_53_41.168-05_00_1.png,1.25,1.7935748621957144
3429,2325_LeafPhotoA_2025-09-08 10_53_41.168-05_00_2.png,1.25,1.8144739327311379
3437,1437_LeafPhotoB_2025-09-08 10_28_09.727-05_00_0.png,2.0,2.0559608036294748
3438,1437_LeafPhotoB_2025-09-08 10_28_09.727-05_00_1.png,2.0,2.069555042729081
3439,1437_LeafPhotoB_2025-09-08 10_28_09.727-05_00_2.png,2.0,2.099593195023608
3440,1437_LeafPhotoB_2025-09-08 10_28_09.727-05_00_3.png,2.0,1.996021666918819
3453,2520_LeafPhotoA_2025-09-09 10_16_27.887-05_00_0.png,1.0,1.9317609623509873
3454,2520_LeafPhotoA_2025-09-09 10_16_27.887-05_00_1.png,1.0,1.6994843984812045
3455,2520_LeafPhotoA_2025-09-09 10_16_27.887-05_00_2.png,1.0,1.660577134213125
3456,2520_LeafPhotoA_2025-09-09 10_16_27.887-05_00_3.png,1.0,1.8068880214333845
3465,2015_LeafPhotoA_2025-09-08 10_50_10.021-05_00_0.png,1.75,1.836374571804937
3466,2015_LeafPhotoA_2025-09-08 10_50_10.021-05_00_1.png,1.75,1.8646476615919354
3467,2015_LeafPhotoA_2025-09-08 10_50_10.021-05_00_2.png,1.75,1.796776340572806
3468,2015_LeafPhotoA_2025-09-08 10_50_10.021-05_00_3.png,1.75,1.6820978036142986
3488,1191_LeafPhotoA_2025-09-08 15_54_08.755-05_00_0.png,2.25,2.0175229492407305
3489,1191_LeafPhotoA_2025-09-08 15_54_08.755-05_00_1.png,2.25,2.117827150882895
3490,1191_LeafPhotoA_2025-09-08 15_54_08.755-05_00_2.png,2.25,2.25012989545553
3491,1191_LeafPhotoA_2025-09-08 15_54_08.755-05_00_3.png,2.25,2.293543044243713
3513,1418_LeafPhotoA_2025-09-08 09_39_31.263-05_00_0.png,1.5,1.9866062880161435
3514,1418_LeafPhotoA_2025-09-08 09_39_31.263-05_00_1.png,1.5,1.729713217504675
3515,1418_LeafPhotoA_2025-09-08 09_39_31.263-05_00_2.png,1.5,1.7802192547694076
3516,1418_LeafPhotoA_2025-09-08 09_39_31.263-05_00_3.png,1.5,1.7690706028537275
3529,1894_LeafPhotoA_2025-09-09 17_18_06.332-05_00_0.png,1.25,1.6744544612285401
3530,1894_LeafPhotoA_2025-09-09 17_18_06.332-05_00_1.png,1.25,1.63420674311257
3531,1894_LeafPhotoA_2025-09-09 17_18_06.332-05_00_2.png,1.25,1.7580675419955971
3532,1894_LeafPhotoA_2025-09-09 17_18_06.332-05_00_3.png,1.25,1.698962025458952
11,1346_LeafPhotoA_2025-09-08 10_15_00.579-05_00_0.png,3.0,2.095288486592958
12,1346_LeafPhotoA_2025-09-08 10_15_00.579-05_00_1.png,3.0,1.9232317076507428
13,1346_LeafPhotoA_2025-09-08 10_15_00.579-05_00_2.png,3.0,1.9043254162216923
14,1346_LeafPhotoA_2025-09-08 10_15_00.579-05_00_3.png,3.0,1.9290538647771855
21,2664_LeafPhotoA_2025-09-09 11_37_29.251-05_00_0.png,2.0,2.051586169417849
22,2664_LeafPhotoA_2025-09-09 11_37_29.251-05_00_1.png,2.0,2.195489118843887
23,2664_LeafPhotoA_2025-09-09 11_37_29.251-05_00_2.png,2.0,2.1216015618019535
24,2664_LeafPhotoA_2025-09-09 11_37_29.251-05_00_3.png,2.0,2.002551374182665
27,1427_LeafPhotoB_2025-09-08 10_19_32.588-05_00_0.png,2.75,2.2116531597635163
28,1427_LeafPhotoB_2025-09-08 10_19_32.588-05_00_1.png,2.75,2.2822563545214365
29,1427_LeafPhotoB_2025-09-08 10_19_32.588-05_00_2.png,2.75,2.1212732380359367
46,1118_LeafPhotoA_2025-09-08 10_03_02.378-05_00_0.png,1.0,1.7448679960739517
47,1118_LeafPhotoA_2025-09-08 10_03_02.378-05_00_1.png,1.0,1.7094839559775372
48,1118_LeafPhotoA_2025-09-08 10_03_02.378-05_00_2.png,1.0,1.5927713775007462
49,1118_LeafPhotoA_2025-09-08 10_03_02.378-05_00_3.png,1.0,1.6383087417787863
54,1608_LeafPhotoA_2025-09-09 09_23_59.629-05_00_0.png,1.75,1.7215848796335564
55,1608_LeafPhotoA_2025-09-09 09_23_59.629-05_00_1.png,1.75,1.6633211671436672
56,1608_LeafPhotoA_2025-09-09 09_23_59.629-05_00_2.png,1.75,1.8450796667588951
57,1608_LeafPhotoA_2025-09-09 09_23_59.629-05_00_3.png,1.75,1.8263403422101425
58,1048_LeafPhotoA_2025-09-08 10_27_26.311-05_00_0.png,1.25,1.9708593192945572
59,1048_LeafPhotoA_2025-09-08 10_27_26.311-05_00_1.png,1.25,1.796522207833608
60,1048_LeafPhotoA_2025-09-08 10_27_26.311-05_00_2.png,1.25,1.6890372332023864
61,1048_LeafPhotoA_2025-09-08 10_27_26.311-05_00_3.png,1.25,1.8479118275112634
73,2906_LeafPhotoA_2025-09-09 16_24_18.555-05_00_0.png,1.75,1.8725176368676144
74,2906_LeafPhotoA_2025-09-09 16_24_18.555-05_00_1.png,1.75,1.9792260256016658
75,2906_LeafPhotoA_2025-09-09 16_24_18.555-05_00_2.png,1.75,1.9262025456201755
76,2906_LeafPhotoA_2025-09-09 16_24_18.555-05_00_3.png,1.75,1.884954716561815
107,2685_LeafPhotoA_2025-09-09 10_50_31.334-05_00_0.png,2.25,2.1134541421716806
108,2685_LeafPhotoA_2025-09-09 10_50_31.334-05_00_1.png,2.25,1.8086903319391943
109,2685_LeafPhotoA_2025-09-09 10_50_31.334-05_00_2.png,2.25,1.7249388324349288
126,1672_LeafPhotoA_2025-09-09 09_45_47.566-05_00_0.png,1.75,2.085268947934267
127,1672_LeafPhotoA_2025-09-09 09_45_47.566-05_00_1.png,1.75,2.164668491966624
128,1672_LeafPhotoA_2025-09-09 09_45_47.566-05_00_2.png,1.75,2.0805912786970615
133,1680_LeafPhotoA_2025-09-09 09_30_52.328-05_00_0.png,1.25,1.5490109128299698
134,1680_LeafPhotoA_2025-09-09 09_30_52.328-05_00_1.png,1.25,1.5921380960384326
135,6016_LeafPhotoA_2025-09-09 16_48_44.576-05_00_0.png,1.5,1.5773480133262208
136,6016_LeafPhotoA_2025-09-09 16_48_44.576-05_00_1.png,1.5,1.6457878329342883
137,6016_LeafPhotoA_2025-09-09 16_48_44.576-05_00_2.png,1.5,1.637615014465562
156,1272_LeafPhotoA_2025-09-08 16_15_18.232-05_00_0.png,3.25,2.79466887262473
157,1272_LeafPhotoA_2025-09-08 16_15_18.232-05_00_1.png,3.25,2.517806356087205
158,1272_LeafPhotoA_2025-09-08 16_15_18.232-05_00_2.png,3.25,2.175435910673273
167,2715_LeafPhotoA_2025-09-09 10_34_49.690-05_00_0.png,2.25,1.9922865703147346
168,2715_LeafPhotoA_2025-09-09 10_34_49.690-05_00_1.png,2.25,1.8904135030131564
169,2715_LeafPhotoA_2025-09-09 10_34_49.690-05_00_2.png,2.25,1.98888464803305
170,2715_LeafPhotoA_2025-09-09 10_34_49.690-05_00_3.png,2.25,1.9493099688503266
210,1587_LeafPhotoA_2025-09-09 09_37_51.582-05_00_0.png,1.5,1.6859991561841055
211,1587_LeafPhotoA_2025-09-09 09_37_51.582-05_00_1.png,1.5,1.706306069641199
212,1587_LeafPhotoA_2025-09-09 09_37_51.582-05_00_2.png,1.5,1.6980986223783838
213,1587_LeafPhotoA_2025-09-09 09_37_51.582-05_00_3.png,1.5,1.8818673908583554
239,,1.25,1.8149874833118596
240,,1.5,1.8149874833118596
293,2650_LeafPhotoA_2025-09-09 11_24_20.852-05_00_0.png,1.0,1.5932089815150214
294,2650_LeafPhotoA_2025-09-09 11_24_20.852-05_00_1.png,1.0,1.6568481729613693
295,2650_LeafPhotoA_2025-09-09 11_24_20.852-05_00_2.png,1.0,1.6756561255893427
296,2650_LeafPhotoA_2025-09-09 11_24_20.852-05_00_3.png,1.0,1.7032597183088691
305,2197_LeafPhotoA_2025-09-08 17_07_18.265-05_00_0.png,1.0,1.688583377177357
306,2197_LeafPhotoA_2025-09-08 17_07_18.265-05_00_1.png,1.0,1.6943846232550865
307,2197_LeafPhotoA_2025-09-08 17_07_18.265-05_00_2.png,1.0,1.7974672452026619
308,2197_LeafPhotoA_2025-09-08 17_07_18.265-05_00_3.png,1.0,1.6394970450932274
364,1623_LeafPhotoA_2025-09-09 09_58_46.896-05_00_0.png,2.0,1.7999754537607395
365,1623_LeafPhotoA_2025-09-09 09_58_46.896-05_00_1.png,2.0,1.9174547779925837
366,1623_LeafPhotoA_2025-09-09 09_58_46.896-05_00_2.png,2.0,2.05170545487606
367,1623_LeafPhotoA_2025-09-09 09_58_46.896-05_00_3.png,2.0,1.9951629917989018
372,2495_LeafPhotoB_2025-09-08 12_20_03.955-05_00_0.png,1.0,1.686884390169352
373,2495_LeafPhotoB_2025-09-08 12_20_03.955-05_00_1.png,1.0,1.7091626284966432
374,2495_LeafPhotoB_2025-09-08 12_20_03.955-05_00_2.png,1.0,1.6886814491461866
375,2495_LeafPhotoB_2025-09-08 12_20_03.955-05_00_3.png,1.0,1.5900133846698634
387,1623_LeafPhotoA_2025-09-09 09_57_37.816-05_00_0.png,1.75,1.8601955445480627
388,1623_LeafPhotoA_2025-09-09 09_57_37.816-05_00_1.png,1.75,1.8450091659407517
389,1623_LeafPhotoA_2025-09-09 09_57_37.816-05_00_2.png,1.75,1.9915978295749124
390,1623_LeafPhotoA_2025-09-09 09_57_37.816-05_00_3.png,1.75,1.8406934300380973
399,1136_LeafPhotoA_2025-09-08 10_28_29.129-05_00_0.png,1.5,1.8248308352630025
404,2649_LeafPhotoA_2025-09-09 11_26_12.925-05_00_0.png,3.0,2.1666960435075766
405,2649_LeafPhotoA_2025-09-09 11_26_12.925-05_00_1.png,3.0,1.9416259713234618
406,2649_LeafPhotoA_2025-09-09 11_26_12.925-05_00_2.png,3.0,1.7056913110337917
411,2011_LeafPhotoA_2025-09-08 10_45_16.513-05_00_0.png,2.0,1.7014158443398588
412,2011_LeafPhotoA_2025-09-08 10_45_16.513-05_00_1.png,2.0,1.8604378690785912
413,2011_LeafPhotoA_2025-09-08 10_45_16.513-05_00_2.png,2.0,1.7518076556656297
414,2011_LeafPhotoA_2025-09-08 10_45_16.513-05_00_3.png,2.0,1.7860920436538548
436,2748_LeafPhotoA_2025-09-09 11_19_26.990-05_00_0.png,3.25,2.82403557782973
437,2748_LeafPhotoA_2025-09-09 11_19_26.990-05_00_1.png,3.25,2.6681924270179627
438,2748_LeafPhotoA_2025-09-09 11_19_26.990-05_00_2.png,3.25,3.0776254205004414
439,2748_LeafPhotoA_2025-09-09 11_19_26.990-05_00_3.png,3.25,2.958032162055297
479,6049_LeafPhotoA_2025-09-09 15_54_47.227-05_00_0.png,1.0,1.600144954447319
480,6049_LeafPhotoA_2025-09-09 15_54_47.227-05_00_1.png,1.0,1.5503067058191748
481,6049_LeafPhotoA_2025-09-09 15_54_47.227-05_00_2.png,1.0,1.6390428299166329
482,6049_LeafPhotoA_2025-09-09 15_54_47.227-05_00_3.png,1.0,1.6060947499715512
491,1882_LeafPhotoA_2025-09-09 13_17_09.662-05_00_0.png,1.75,1.7110626108175453
492,1882_LeafPhotoA_2025-09-09 13_17_09.662-05_00_1.png,1.75,1.704351488940677
493,1882_LeafPhotoA_2025-09-09 13_17_09.662-05_00_2.png,1.75,1.929734644625778
528,1419_LeafPhotoA_2025-09-08 09_40_27.704-05_00_0.png,1.75,1.7735216633628132
529,1419_LeafPhotoA_2025-09-08 09_40_27.704-05_00_1.png,1.75,1.892311547351965
530,1419_LeafPhotoA_2025-09-08 09_40_27.704-05_00_2.png,1.75,1.869559909120379
531,1419_LeafPhotoA_2025-09-08 09_40_27.704-05_00_3.png,1.75,1.7531489783329
577,2263_LeafPhotoA_2025-09-08 12_36_09.842-05_00_0.png,1.0,1.5289211595494618
578,2263_LeafPhotoA_2025-09-08 12_36_09.842-05_00_1.png,1.0,1.5727697708383055
579,2263_LeafPhotoA_2025-09-08 12_36_09.842-05_00_2.png,1.0,1.5103869480058763
580,2263_LeafPhotoA_2025-09-08 12_36_09.842-05_00_3.png,1.0,1.5318799975300428
585,1893_LeafPhotoA_2025-09-09 17_17_29.747-05_00_0.png,2.5,1.9715943033158467
586,1893_LeafPhotoA_2025-09-09 17_17_29.747-05_00_1.png,2.5,1.995743333359215
587,1893_LeafPhotoA_2025-09-09 17_17_29.747-05_00_2.png,2.5,2.245308512379273
588,1893_LeafPhotoA_2025-09-09 17_17_29.747-05_00_3.png,2.5,2.173290581869057
705,2106_LeafPhotoA_2025-09-08 11_01_04.699-05_00_0.png,1.0,1.5378208585239486
706,2106_LeafPhotoA_2025-09-08 11_01_04.699-05_00_1.png,1.0,1.5215356883962505
707,2106_LeafPhotoA_2025-09-08 11_01_04.699-05_00_2.png,1.0,1.5442200797192545
708,2106_LeafPhotoA_2025-09-08 11_01_04.699-05_00_3.png,1.0,1.5873261158641603
723,1772_LeafPhotoA_2025-09-09 09_57_17.313-05_00_0.png,1.25,1.7550393299994216
724,1772_LeafPhotoA_2025-09-09 09_57_17.313-05_00_1.png,1.25,1.6290300685538455
725,1772_LeafPhotoA_2025-09-09 09_57_17.313-05_00_2.png,1.25,1.7261116342404788
726,1772_LeafPhotoA_2025-09-09 09_57_17.313-05_00_3.png,1.25,1.7911463962996712
737,1210_LeafPhotoA_2025-09-08 09_39_04.129-05_00_0.png,1.25,1.7645071386677915
738,1210_LeafPhotoA_2025-09-08 09_39_04.129-05_00_1.png,1.25,1.734602914733936
739,1210_LeafPhotoA_2025-09-08 09_39_04.129-05_00_2.png,1.25,1.7564398546754993
740,1210_LeafPhotoA_2025-09-08 09_39_04.129-05_00_3.png,1.25,1.6356109611452456
764,6015_LeafPhotoA_2025-09-09 16_52_18.680-05_00_0.png,1.0,1.5541894048678466
765,6015_LeafPhotoA_2025-09-09 16_52_18.680-05_00_1.png,1.0,1.6397688279159368
784,1495_LeafPhotoB_2025-09-08 16_59_04.309-05_00_0.png,1.5,1.9017936700624147
785,1495_LeafPhotoB_2025-09-08 16_59_04.309-05_00_1.png,1.5,1.861038622851606
786,1495_LeafPhotoB_2025-09-08 16_59_04.309-05_00_2.png,1.5,1.74742368910571
787,1495_LeafPhotoB_2025-09-08 16_59_04.309-05_00_3.png,1.5,1.8838339032062996
811,2150_LeafPhotoA_2025-09-08 12_22_07.286-05_00_0.png,1.5,1.6720810556281855
812,2150_LeafPhotoA_2025-09-08 12_22_07.286-05_00_1.png,1.5,1.7273494806706862
813,2150_LeafPhotoA_2025-09-08 12_22_07.286-05_00_2.png,1.5,1.7202743453012428
814,2150_LeafPhotoA_2025-09-08 12_22_07.286-05_00_3.png,1.5,1.7708522546841166
819,1452_LeafPhotoB_2025-09-08 12_28_36.613-05_00_0.png,1.0,1.6633943717007638
820,1452_LeafPhotoB_2025-09-08 12_28_36.613-05_00_1.png,1.0,1.6002274444238593
821,1452_LeafPhotoB_2025-09-08 12_28_36.613-05_00_2.png,1.0,1.739694252088372
822,1452_LeafPhotoB_2025-09-08 12_28_36.613-05_00_3.png,1.0,1.5602079135658369
827,2317_LeafPhotoA_2025-09-08 10_45_32.243-05_00_0.png,3.25,2.4565436186445897
828,2317_LeafPhotoA_2025-09-08 10_45_32.243-05_00_1.png,3.25,2.0395721385275376
829,2317_LeafPhotoA_2025-09-08 10_45_32.243-05_00_2.png,3.25,1.9525559412100622
830,2317_LeafPhotoA_2025-09-08 10_45_32.243-05_00_3.png,3.25,2.249892767370064
839,2235_LeafPhotoA_2025-09-08 11_40_03.588-05_00_0.png,2.5,2.156930329956365
840,2235_LeafPhotoA_2025-09-08 11_40_03.588-05_00_1.png,2.5,2.1254448137445303
841,2235_LeafPhotoA_2025-09-08 11_40_03.588-05_00_2.png,2.5,2.0833158861249133
842,2235_LeafPhotoA_2025-09-08 11_40_03.588-05_00_3.png,2.5,2.2051442267286165
851,1396_LeafPhotoA_2025-09-08 13_22_43.424-05_00_0.png,1.5,1.6525994658747907
852,1396_LeafPhotoA_2025-09-08 13_22_43.424-05_00_1.png,1.5,1.678784701538573
853,1396_LeafPhotoA_2025-09-08 13_22_43.424-05_00_2.png,1.5,1.9811876384937412
854,1396_LeafPhotoA_2025-09-08 13_22_43.424-05_00_3.png,1.5,2.018207211665451
863,1480_LeafPhotoB_2025-09-08 16_44_45.429-05_00_0.png,1.75,2.0072311541160848
874,2625_LeafPhotoA_2025-09-09 12_15_05.460-05_00_0.png,2.75,1.9506837182318002
875,2625_LeafPhotoA_2025-09-09 12_15_05.460-05_00_1.png,2.75,1.854223312780056
876,2625_LeafPhotoA_2025-09-09 12_15_05.460-05_00_2.png,2.75,1.6900514587039959
877,2625_LeafPhotoA_2025-09-09 12_15_05.460-05_00_3.png,2.75,1.641315497632582
894,2742_LeafPhotoA_2025-09-09 11_11_59.314-05_00_0.png,2.75,3.0010838159209747
895,2742_LeafPhotoA_2025-09-09 11_11_59.314-05_00_1.png,2.75,2.8721953869251666
896,2742_LeafPhotoA_2025-09-09 11_11_59.314-05_00_2.png,2.75,2.316556834529528
897,2742_LeafPhotoA_2025-09-09 11_11_59.314-05_00_3.png,2.75,2.155078851152125
945,6018_LeafPhotoA_2025-09-09 16_46_05.626-05_00_0.png,1.0,1.569425910453012
946,6018_LeafPhotoA_2025-09-09 16_46_05.626-05_00_1.png,1.0,1.6186499334764504
947,6018_LeafPhotoA_2025-09-09 16_46_05.626-05_00_2.png,1.0,1.772818660651138
948,6018_LeafPhotoA_2025-09-09 16_46_05.626-05_00_3.png,1.0,1.7949281633801997
949,1882_LeafPhotoA_2025-09-09 13_17_22.842-05_00_0.png,1.75,1.8906411371955487
950,1882_LeafPhotoA_2025-09-09 13_17_22.842-05_00_1.png,1.75,2.0555611102943967
951,1882_LeafPhotoA_2025-09-09 13_17_22.842-05_00_2.png,1.75,1.7560476858211211
952,1882_LeafPhotoA_2025-09-09 13_17_22.842-05_00_3.png,1.75,1.721985927855146
956,1095_LeafPhotoA_2025-09-09 11_06_50.542-05_00_0.png,1.5,1.9880359233237537
957,1095_LeafPhotoA_2025-09-09 11_06_50.542-05_00_1.png,1.5,1.866698323179336
958,1095_LeafPhotoA_2025-09-09 11_06_50.542-05_00_2.png,1.5,1.6997370260565874
959,1095_LeafPhotoA_2025-09-09 11_06_50.542-05_00_3.png,1.5,1.6846247093093312
971,2887_LeafPhotoA_2025-09-09 14_03_46.022-05_00_0.png,2.5,2.012948921140617
972,2887_LeafPhotoA_2025-09-09 14_03_46.022-05_00_1.png,2.5,2.0073201050177985
973,2887_LeafPhotoA_2025-09-09 14_03_46.022-05_00_2.png,2.5,1.8271036880417832
974,1689_LeafPhotoA_2025-09-09 09_13_19.326-05_00_0.png,1.0,1.8121484777584818
975,1689_LeafPhotoA_2025-09-09 09_13_19.326-05_00_1.png,1.0,1.8106570911673479
980,,2.75,1.8149874833118596
989,2035_LeafPhotoA_2025-09-08 11_13_14.336-05_00_0.png,1.25,1.6671350297919216
990,2035_LeafPhotoA_2025-09-08 11_13_14.336-05_00_1.png,1.25,1.5436429027910612
991,2035_LeafPhotoA_2025-09-08 11_13_14.336-05_00_2.png,1.25,1.6034070876019402
992,2035_LeafPhotoA_2025-09-08 11_13_14.336-05_00_3.png,1.25,1.8279430916252215
1010,1549_LeafPhotoA_2025-09-09 09_50_49.099-05_00_0.png,2.75,2.2205447070035733
1011,1549_LeafPhotoA_2025-09-09 09_50_49.099-05_00_1.png,2.75,2.114553168661187
1012,1549_LeafPhotoA_2025-09-09 09_50_49.099-05_00_2.png,2.75,2.0519274625201724
1013,1549_LeafPhotoA_2025-09-09 09_50_49.099-05_00_3.png,2.75,1.828134299667642
1034,1874_LeafPhotoA_2025-09-09 13_24_05.096-05_00_0.png,1.25,1.7350076923246058
1035,1874_LeafPhotoA_2025-09-09 13_24_05.096-05_00_1.png,1.25,1.7876263281808704
1036,1874_LeafPhotoA_2025-09-09 13_24_05.096-05_00_2.png,1.25,1.7917507618518291
1037,1874_LeafPhotoA_2025-09-09 13_24_05.096-05_00_3.png,1.25,1.7319510573316308
1044,1577_LeafPhotoA_2025-09-09 09_51_50.173-05_00_0.png,1.75,1.9816714672979634
1045,1577_LeafPhotoA_2025-09-09 09_51_50.173-05_00_1.png,1.75,2.0132665122464597
1046,1577_LeafPhotoA_2025-09-09 09_51_50.173-05_00_2.png,1.75,2.050596279652904
1065,1218_LeafPhotoA_2025-09-08 09_55_48.140-05_00_0.png,3.5,2.1586422350385686
1066,1218_LeafPhotoA_2025-09-08 09_55_48.140-05_00_1.png,3.5,1.9626021882113078
1067,1218_LeafPhotoA_2025-09-08 09_55_48.140-05_00_2.png,3.5,1.8979410396266525
1068,1218_LeafPhotoA_2025-09-08 09_55_48.140-05_00_3.png,3.5,2.063349525799386
1069,5036_LeafPhotoA_2025-09-09 17_09_05.761-05_00_0.png,1.5,1.66434518966693
1070,5036_LeafPhotoA_2025-09-09 17_09_05.761-05_00_1.png,1.5,1.7908335444923569
1071,5036_LeafPhotoA_2025-09-09 17_09_05.761-05_00_2.png,1.5,1.6606805528533073
1072,5036_LeafPhotoA_2025-09-09 17_09_05.761-05_00_3.png,1.5,1.6825708155873838
1077,6010_LeafPhotoA_2025-09-09 17_01_22.660-05_00_0.png,1.25,1.5741050277847146
1078,6010_LeafPhotoA_2025-09-09 17_01_22.660-05_00_1.png,1.25,1.5065170265683638
1079,6010_LeafPhotoA_2025-09-09 17_01_22.660-05_00_2.png,1.25,1.6189864654421302
1080,6010_LeafPhotoA_2025-09-09 17_01_22.660-05_00_3.png,1.25,1.6968890952770357
1121,2772_LeafPhotoA_2025-09-09 15_47_32.015-05_00_0.png,1.0,1.6341213918668054
1122,2772_LeafPhotoA_2025-09-09 15_47_32.015-05_00_1.png,1.0,1.6488658848823923
1123,2772_LeafPhotoA_2025-09-09 15_47_32.015-05_00_2.png,1.0,1.7302741210753243
1124,,1.5,1.8149874833118596
1127,2656_LeafPhotoA_2025-09-09 11_30_02.897-05_00_0.png,2.0,2.1526713047296813
1128,2656_LeafPhotoA_2025-09-09 11_30_02.897-05_00_1.png,2.0,2.0072906233759684
1129,2656_LeafPhotoA_2025-09-09 11_30_02.897-05_00_2.png,2.0,2.1886086836723346
1138,,1.5,1.8149874833118596
1139,1427_LeafPhotoA_2025-09-08 09_49_32.229-05_00_0.png,3.25,2.2670978921883282
1140,1427_LeafPhotoA_2025-09-08 09_49_32.229-05_00_1.png,3.25,2.2277294131750263
1141,1427_LeafPhotoA_2025-09-08 09_49_32.229-05_00_2.png,3.25,2.509509947451984
1142,1427_LeafPhotoA_2025-09-08 09_49_32.229-05_00_3.png,3.25,2.5199673453186158
1201,2186_LeafPhotoA_2025-09-09 12_31_28.944-05_00_0.png,2.5,2.7520073791836936
1202,2186_LeafPhotoA_2025-09-09 12_31_28.944-05_00_1.png,2.5,3.018064809272957
1203,2186_LeafPhotoA_2025-09-09 12_31_28.944-05_00_2.png,2.5,3.072827423244595
1204,2186_LeafPhotoA_2025-09-09 12_31_28.944-05_00_3.png,2.5,2.7668043732556398
1205,1792_LeafPhotoA_2025-09-09 09_09_06.607-05_00_0.png,1.25,1.7173105318810975
1206,1792_LeafPhotoA_2025-09-09 09_09_06.607-05_00_1.png,1.25,1.6586941461007734
1207,1792_LeafPhotoA_2025-09-09 09_09_06.607-05_00_2.png,1.25,1.8427591411050692
1208,1792_LeafPhotoA_2025-09-09 09_09_06.607-05_00_3.png,1.25,1.7165588121176953
1214,1137_LeafPhotoA_2025-09-08 10_30_17.775-05_00_0.png,1.5,1.9106200984607262
1215,1137_LeafPhotoA_2025-09-08 10_30_17.775-05_00_1.png,1.5,1.943368037453333
1216,1137_LeafPhotoA_2025-09-08 10_30_17.775-05_00_2.png,1.5,1.7636312973554658
1217,1137_LeafPhotoA_2025-09-08 10_30_17.775-05_00_3.png,1.5,1.7840967951426898
1226,2140_LeafPhotoA_2025-09-08 12_01_54.848-05_00_0.png,2.25,1.937194309736262
1227,2140_LeafPhotoA_2025-09-08 12_01_54.848-05_00_1.png,2.25,1.9826434132361255
1228,2140_LeafPhotoA_2025-09-08 12_01_54.848-05_00_2.png,2.25,1.9225994663258357
1243,5021_LeafPhotoA_2025-09-09 16_37_05.057-05_00_0.png,1.75,1.7445468697968687
1244,5021_LeafPhotoA_2025-09-09 16_37_05.057-05_00_1.png,1.75,1.7145118617474822
1245,5021_LeafPhotoA_2025-09-09 16_37_05.057-05_00_2.png,1.75,1.8345616983474489
1246,5021_LeafPhotoA_2025-09-09 16_37_05.057-05_00_3.png,1.75,1.6080502646003816
1285,5006_LeafPhotoA_2025-09-09 16_01_39.048-05_00_0.png,1.25,1.6367550816942993
1286,5006_LeafPhotoA_2025-09-09 16_01_39.048-05_00_1.png,1.25,1.569064718761846
1287,5006_LeafPhotoA_2025-09-09 16_01_39.048-05_00_2.png,1.25,1.6566172396749397
1288,5006_LeafPhotoA_2025-09-09 16_01_39.048-05_00_3.png,1.25,1.7251086698255094
1289,1157_LeafPhotoA_2025-09-08 16_50_24.357-05_00_0.png,2.5,2.0029950375642342
1290,1157_LeafPhotoA_2025-09-08 16_50_24.357-05_00_1.png,2.5,2.4842589525385823
1291,1157_LeafPhotoA_2025-09-08 16_50_24.357-05_00_2.png,2.5,2.1083540021827805
1300,2956_LeafPhotoA_2025-09-09 15_59_30.545-05_00_0.png,1.5,1.72666081578971
1301,2956_LeafPhotoA_2025-09-09 15_59_30.545-05_00_1.png,1.5,1.7184301624104759
1302,2956_LeafPhotoA_2025-09-09 15_59_30.545-05_00_2.png,1.5,1.6757671146134865
1303,2956_LeafPhotoA_2025-09-09 15_59_30.545-05_00_3.png,1.5,1.7759181130053043
1304,1638_LeafPhotoA_2025-09-09 10_27_46.342-05_00_0.png,2.5,2.218166594683319
1305,1638_LeafPhotoA_2025-09-09 10_27_46.342-05_00_1.png,2.5,2.263205490630801
1306,1638_LeafPhotoA_2025-09-09 10_27_46.342-05_00_2.png,2.5,2.1168254402492512
1307,1638_LeafPhotoA_2025-09-09 10_27_46.342-05_00_3.png,2.5,1.9062221028052846
1316,2464_LeafPhotoB_2025-09-08 11_41_40.408-05_00_0.png,2.75,2.1128599522601808
1317,2464_LeafPhotoB_2025-09-08 11_41_40.408-05_00_1.png,2.75,1.9301614125428328
1318,2464_LeafPhotoB_2025-09-08 11_41_40.408-05_00_2.png,2.75,1.9336764939848694
1319,2464_LeafPhotoB_2025-09-08 11_41_40.408-05_00_3.png,2.75,1.923824824846208
1324,6043_LeafPhotoA_2025-09-09 16_04_16.208-05_00_0.png,2.0,1.7193601755155432
1325,6043_LeafPhotoA_2025-09-09 16_04_16.208-05_00_1.png,2.0,1.7573694560647672
1326,6043_LeafPhotoA_2025-09-09 16_04_16.208-05_00_2.png,2.0,1.7162672512144512
1327,6043_LeafPhotoA_2025-09-09 16_04_16.208-05_00_3.png,2.0,1.8155791918162043
1328,1534_LeafPhotoA_2025-09-09 09_32_36.020-05_00_0.png,2.75,2.443698683332331
1329,1534_LeafPhotoA_2025-09-09 09_32_36.020-05_00_1.png,2.75,2.2488597156050107
1330,1534_LeafPhotoA_2025-09-09 09_32_36.020-05_00_2.png,2.75,1.8815926919858919
1331,1534_LeafPhotoA_2025-09-09 09_32_36.020-05_00_3.png,2.75,1.7270642239959806
1336,,1.0,1.8149874833118596
1337,2453_LeafPhotoB_2025-09-08 11_30_51.747-05_00_0.png,1.75,1.9287190875550864
1338,2453_LeafPhotoB_2025-09-08 11_30_51.747-05_00_1.png,1.75,2.0556200008295478
1339,2453_LeafPhotoB_2025-09-08 11_30_51.747-05_00_2.png,1.75,1.9625050475383556
1340,2453_LeafPhotoB_2025-09-08 11_30_51.747-05_00_3.png,1.75,1.8642069112343505
1341,,2.25,1.8149874833118596
1348,1539_LeafPhotoA_2025-09-09 09_37_58.578-05_00_0.png,2.0,1.8787640383553812
1349,1539_LeafPhotoA_2025-09-09 09_37_58.578-05_00_1.png,2.0,1.837892479558841
1350,1539_LeafPhotoA_2025-09-09 09_37_58.578-05_00_2.png,2.0,1.8092723689789525
1351,1539_LeafPhotoA_2025-09-09 09_37_58.578-05_00_3.png,2.0,1.8089561604720663
1375,,2.75,1.8149874833118596
1404,2505_LeafPhotoA_2025-09-09 10_00_57.054-05_00_0.png,1.25,1.7949757531407464
1405,2505_LeafPhotoA_2025-09-09 10_00_57.054-05_00_1.png,1.25,1.7164355653832977
1406,2505_LeafPhotoA_2025-09-09 10_00_57.054-05_00_2.png,1.25,1.755710609909526
1407,2505_LeafPhotoA_2025-09-09 10_00_57.054-05_00_3.png,1.25,1.711731454161916
1408,1479_LeafPhotoB_2025-09-08 16_43_58.192-05_00_0.png,2.25,1.9214151169943434
1409,1479_LeafPhotoB_2025-09-08 16_43_58.192-05_00_1.png,2.25,2.002985573632865
1410,1479_LeafPhotoB_2025-09-08 16_43_58.192-05_00_2.png,2.25,1.9897586784171168
1411,1479_LeafPhotoB_2025-09-08 16_43_58.192-05_00_3.png,2.25,2.0289730411299423
1420,5016_LeafPhotoA_2025-09-09 16_24_50.932-05_00_0.png,1.0,1.6383507232388548
1421,5016_LeafPhotoA_2025-09-09 16_24_50.932-05_00_1.png,1.0,1.7926361255260361
1422,5016_LeafPhotoA_2025-09-09 16_24_50.932-05_00_2.png,1.0,1.6716087721644757
1423,5016_LeafPhotoA_2025-09-09 16_24_50.932-05_00_3.png,1.0,1.6587098273928411
1431,,1.25,1.8149874833118596
1436,1385_LeafPhotoA_2025-09-08 13_04_24.143-05_00_0.png,2.0,1.9664278220570055
1437,1385_LeafPhotoA_2025-09-08 13_04_24.143-05_00_1.png,2.0,1.9686343927467544
1438,1385_LeafPhotoA_2025-09-08 13_04_24.143-05_00_2.png,2.0,1.9890473742239643
1450,,1.25,1.8149874833118596
1465,1391_LeafPhotoA_2025-09-08 13_11_35.950-05_00_0.png,4.5,2.7536019599273276
1466,1391_LeafPhotoA_2025-09-08 13_11_35.950-05_00_1.png,4.5,2.955106657392746
1467,1391_LeafPhotoA_2025-09-08 13_11_35.950-05_00_2.png,4.5,2.896514174992587
1468,1391_LeafPhotoA_2025-09-08 13_11_35.950-05_00_3.png,4.5,2.8680278532419616
1497,,2.0,1.8149874833118596
1502,2145_LeafPhotoA_2025-09-08 12_12_59.236-05_00_0.png,2.0,2.044155121565098
1503,2145_LeafPhotoA_2025-09-08 12_12_59.236-05_00_1.png,2.0,1.9142815604588064
1504,2145_LeafPhotoA_2025-09-08 12_12_59.236-05_00_2.png,2.0,2.162073166093397
1505,2145_LeafPhotoA_2025-09-08 12_12_59.236-05_00_3.png,2.0,2.1397790572323276
1528,1941_LeafPhotoA_2025-09-09 15_40_00.245-05_00_0.png,2.0,1.8552623171421916
1529,1941_LeafPhotoA_2025-09-09 15_40_00.245-05_00_1.png,2.0,1.9889749627213726
1530,1941_LeafPhotoA_2025-09-09 15_40_00.245-05_00_2.png,2.0,2.1940214766837367
1535,1118_LeafPhotoA_2025-09-08 10_02_17.783-05_00_0.png,1.75,1.7619024838452197
1536,1118_LeafPhotoA_2025-09-08 10_02_17.783-05_00_1.png,1.75,1.7536792962503827
1537,1118_LeafPhotoA_2025-09-08 10_02_17.783-05_00_2.png,1.75,1.7978136090157915
1538,1118_LeafPhotoA_2025-09-08 10_02_17.783-05_00_3.png,1.75,1.8579550114877503
1539,2030_LeafPhotoA_2025-09-08 11_08_05.704-05_00_0.png,1.75,1.6715128142693325
1540,2030_LeafPhotoA_2025-09-08 11_08_05.704-05_00_1.png,1.75,2.1616094155511245
1541,2030_LeafPhotoA_2025-09-08 11_08_05.704-05_00_2.png,1.75,2.012397837619091
1542,2030_LeafPhotoA_2025-09-08 11_08_05.704-05_00_3.png,1.75,1.6777868748817593
1555,,1.5,1.8149874833118596
1561,1405_LeafPhotoB_2025-09-08 09_59_46.991-05_00_0.png,1.0,1.618674056522415
1562,1405_LeafPhotoB_2025-09-08 09_59_46.991-05_00_1.png,1.0,1.666573936574152
1563,1405_LeafPhotoB_2025-09-08 09_59_46.991-05_00_2.png,1.0,1.6831217224763324
1564,1405_LeafPhotoB_2025-09-08 09_59_46.991-05_00_3.png,1.0,1.6939544445318089
1573,1603_LeafPhotoA_2025-09-09 08_56_04.202-05_00_0.png,2.75,2.1370278641381932
1574,1603_LeafPhotoA_2025-09-09 08_56_04.202-05_00_1.png,2.75,2.2402277103030057
1575,1603_LeafPhotoA_2025-09-09 08_56_04.202-05_00_2.png,2.75,1.9576468994998144
1576,1603_LeafPhotoA_2025-09-09 08_56_04.202-05_00_3.png,2.75,1.9592012429958567
1611,2186_LeafPhotoA_2025-09-09 12_31_18.903-05_00_0.png,2.75,2.7297257798477323
1612,2186_LeafPhotoA_2025-09-09 12_31_18.903-05_00_1.png,2.75,2.8753103050938877
1613,2186_LeafPhotoA_2025-09-09 12_31_18.903-05_00_2.png,2.75,2.7642455945166358
1614,2186_LeafPhotoA_2025-09-09 12_31_18.903-05_00_3.png,2.75,3.2037106647518074
1643,1385_LeafPhotoA_2025-09-08 13_05_07.306-05_00_0.png,2.75,2.1536796238529363
1644,1385_LeafPhotoA_2025-09-08 13_05_07.306-05_00_1.png,2.75,1.9993233423313117
1645,1385_LeafPhotoA_2025-09-08 13_05_07.306-05_00_2.png,2.75,1.9780479728014075
1646,1385_LeafPhotoA_2025-09-08 13_05_07.306-05_00_3.png,2.75,2.0835266425302117
1680,1534_LeafPhotoA_2025-09-09 09_32_49.938-05_00_0.png,1.25,1.789010589770084
1681,1534_LeafPhotoA_2025-09-09 09_32_49.938-05_00_1.png,1.25,1.8015294582787569
1682,1534_LeafPhotoA_2025-09-09 09_32_49.938-05_00_2.png,1.25,2.0824773193634822
1683,1534_LeafPhotoA_2025-09-09 09_32_49.938-05_00_3.png,1.25,1.7835999415531143
1710,1210_LeafPhotoA_2025-09-08 09_38_24.164-05_00_0.png,1.25,1.852956419394911
1711,1210_LeafPhotoA_2025-09-08 09_38_24.164-05_00_1.png,1.25,1.8208974335562953
1712,1210_LeafPhotoA_2025-09-08 09_38_24.164-05_00_2.png,1.25,1.8317347457096032
1713,1210_LeafPhotoA_2025-09-08 09_38_24.164-05_00_3.png,1.25,1.7874284490046637
1743,2118_LeafPhotoA_2025-09-08 11_24_23.851-05_00_0.png,3.0,2.479663335722315
1744,2118_LeafPhotoA_2025-09-08 11_24_23.851-05_00_1.png,3.0,2.4995745479983316
1745,2118_LeafPhotoA_2025-09-08 11_24_23.851-05_00_2.png,3.0,2.2106502330712368
1746,2118_LeafPhotoA_2025-09-08 11_24_23.851-05_00_3.png,3.0,2.2094248549102566
1773,1351_LeafPhotoA_2025-09-08 12_28_03.896-05_00_0.png,2.0,1.7747557962588558
1774,1351_LeafPhotoA_2025-09-08 12_28_03.896-05_00_1.png,2.0,1.7921538226914344
1775,1351_LeafPhotoA_2025-09-08 12_28_03.896-05_00_2.png,2.0,2.001951791879108
1788,2796_LeafPhotoA_2025-09-09 11_09_54.572-05_00_0.png,1.5,1.9299640000334424
1789,2796_LeafPhotoA_2025-09-09 11_09_54.572-05_00_1.png,1.5,1.8291576651977204
1790,2796_LeafPhotoA_2025-09-09 11_09_54.572-05_00_2.png,1.5,1.806068894608089
1791,2796_LeafPhotoA_2025-09-09 11_09_54.572-05_00_3.png,1.5,1.8438462378050215
1824,1809_LeafPhotoA_2025-09-09 09_04_05.610-05_00_0.png,2.25,1.7546891306873178
1825,1809_LeafPhotoA_2025-09-09 09_04_05.610-05_00_1.png,2.25,1.7961033422175308
1826,1809_LeafPhotoA_2025-09-09 09_04_05.610-05_00_2.png,2.25,1.751022395103338
1827,1809_LeafPhotoA_2025-09-09 09_04_05.610-05_00_3.png,2.25,1.9521765859403966
1828,1897_LeafPhotoA_2025-09-09 17_20_57.001-05_00_0.png,1.5,1.722939884757269
1829,1897_LeafPhotoA_2025-09-09 17_20_57.001-05_00_1.png,1.5,1.79671392015009
1830,1897_LeafPhotoA_2025-09-09 17_20_57.001-05_00_2.png,1.5,1.8415530430625149
1839,1480_LeafPhotoB_2025-09-08 16_45_21.155-05_00_0.png,1.5,1.9375466937025942
1840,1480_LeafPhotoB_2025-09-08 16_45_21.155-05_00_1.png,1.5,2.03191075844386
1841,1480_LeafPhotoB_2025-09-08 16_45_21.155-05_00_2.png,1.5,2.0136358802674463
1842,1480_LeafPhotoB_2025-09-08 16_45_21.155-05_00_3.png,1.5,2.0282521083523912
1847,1921_LeafPhotoA_2025-09-09 15_12_57.015-05_00_0.png,2.5,1.8408806081058287
1848,1921_LeafPhotoA_2025-09-09 15_12_57.015-05_00_1.png,2.5,2.013678431246095
1849,1921_LeafPhotoA_2025-09-09 15_12_57.015-05_00_2.png,2.5,2.2011324374705636
1850,1921_LeafPhotoA_2025-09-09 15_12_57.015-05_00_3.png,2.5,2.206996410648283
1851,2274_LeafPhotoA_2025-09-08 17_09_38.644-05_00_0.png,2.0,1.8321640946020779
1852,2274_LeafPhotoA_2025-09-08 17_09_38.644-05_00_1.png,2.0,1.8368125918830365
1853,2274_LeafPhotoA_2025-09-08 17_09_38.644-05_00_2.png,2.0,2.0779917461346806
1854,2274_LeafPhotoA_2025-09-08 17_09_38.644-05_00_3.png,2.0,2.1489972561448556
1859,,3.5,1.8149874833118596
1879,1427_LeafPhotoA_2025-09-08 09_50_09.893-05_00_0.png,2.5,1.9964601655627436
1880,1427_LeafPhotoA_2025-09-08 09_50_09.893-05_00_1.png,2.5,1.92499060657802
1881,1427_LeafPhotoA_2025-09-08 09_50_09.893-05_00_2.png,2.5,2.101731428548982
1882,1427_LeafPhotoA_2025-09-08 09_50_09.893-05_00_3.png,2.5,2.365487300203561
1887,6043_LeafPhotoA_2025-09-09 16_04_58.355-05_00_0.png,1.75,1.7087519634460184
1888,6043_LeafPhotoA_2025-09-09 16_04_58.355-05_00_1.png,1.75,1.7185377571063163
1889,6043_LeafPhotoA_2025-09-09 16_04_58.355-05_00_2.png,1.75,1.7613263913870885
1890,6043_LeafPhotoA_2025-09-09 16_04_58.355-05_00_3.png,1.75,1.7147429097242741
1910,2489_LeafPhotoB_2025-09-08 12_04_49.131-05_00_0.png,2.5,2.114578542215597
1911,2489_LeafPhotoB_2025-09-08 12_04_49.131-05_00_1.png,2.5,2.0152535970758687
1912,2489_LeafPhotoB_2025-09-08 12_04_49.131-05_00_2.png,2.5,2.029979389116591
1913,2489_LeafPhotoB_2025-09-08 12_04_49.131-05_00_3.png,2.5,1.8991675048122751
1920,1792_LeafPhotoA_2025-09-09 09_08_36.909-05_00_0.png,1.75,1.8633170360690448
1921,1792_LeafPhotoA_2025-09-09 09_08_36.909-05_00_1.png,1.75,1.7452362302112459
1922,1792_LeafPhotoA_2025-09-09 09_08_36.909-05_00_2.png,1.75,1.7970290967605467
1923,1792_LeafPhotoA_2025-09-09 09_08_36.909-05_00_3.png,1.75,1.7321621457197236
1932,1037_LeafPhotoA_2025-09-08 10_14_34.857-05_00_0.png,2.25,1.8588545784804618
1933,1037_LeafPhotoA_2025-09-08 10_14_34.857-05_00_1.png,2.25,1.7245849227352312
1934,1037_LeafPhotoA_2025-09-08 10_14_34.857-05_00_2.png,2.25,1.715111649588104
1935,1037_LeafPhotoA_2025-09-08 10_14_34.857-05_00_3.png,2.25,1.871082515028349
1960,1576_LeafPhotoA_2025-09-09 09_52_24.983-05_00_0.png,1.25,1.7097206256237307
1961,1576_LeafPhotoA_2025-09-09 09_52_24.983-05_00_1.png,1.25,1.7648516506095608
1962,1576_LeafPhotoA_2025-09-09 09_52_24.983-05_00_2.png,1.25,1.7280179867606709
1963,1576_LeafPhotoA_2025-09-09 09_52_24.983-05_00_3.png,1.25,1.620803924563514
1964,1747_LeafPhotoA_2025-09-09 10_05_14.099-05_00_0.png,3.5,2.4033704493203114
1965,1747_LeafPhotoA_2025-09-09 10_05_14.099-05_00_1.png,3.5,2.714050406126597
1966,1747_LeafPhotoA_2025-09-09 10_05_14.099-05_00_2.png,3.5,2.695619280514163
1967,1747_LeafPhotoA_2025-09-09 10_05_14.099-05_00_3.png,3.5,2.716928109056085
1968,,3.25,1.8149874833118596
1977,2394_LeafPhotoA_2025-09-08 12_19_19.139-05_00_0.png,2.75,1.946085940251915
1978,2394_LeafPhotoA_2025-09-08 12_19_19.139-05_00_1.png,2.75,1.9842060297494595
1979,2394_LeafPhotoA_2025-09-08 12_19_19.139-05_00_2.png,2.75,2.435615620298659
1980,2394_LeafPhotoA_2025-09-08 12_19_19.139-05_00_3.png,2.75,2.487979378239149
1981,2277_LeafPhotoA_2025-09-08 17_02_56.416-05_00_0.png,2.25,1.85003433612204
1982,2277_LeafPhotoA_2025-09-08 17_02_56.416-05_00_1.png,2.25,1.975690116963737
1983,2277_LeafPhotoA_2025-09-08 17_02_56.416-05_00_2.png,2.25,1.8557089619804634
2019,1405_LeafPhotoA_2025-09-08 09_26_00.409-05_00_0.png,1.25,1.6890475321059433
2020,1405_LeafPhotoA_2025-09-08 09_26_00.409-05_00_1.png,1.25,1.7843461869510049
2021,1405_LeafPhotoA_2025-09-08 09_26_00.409-05_00_2.png,1.25,1.7019604637345895
2022,1405_LeafPhotoA_2025-09-08 09_26_00.409-05_00_3.png,1.25,1.6601180473843826
2055,2590_LeafPhotoA_2025-09-09 10_31_27.084-05_00_0.png,1.5,1.8617482834194214
2056,2590_LeafPhotoA_2025-09-09 10_31_27.084-05_00_1.png,1.5,1.5795712271863964
2057,2590_LeafPhotoA_2025-09-09 10_31_27.084-05_00_2.png,1.5,1.6447052200948762
2058,2590_LeafPhotoA_2025-09-09 10_31_27.084-05_00_3.png,1.5,1.9084140505768312
2075,1171_LeafPhotoA_2025-09-08 16_30_33.870-05_00_0.png,2.0,1.7905437111733216
2076,1171_LeafPhotoA_2025-09-08 16_30_33.870-05_00_1.png,2.0,1.854428417702654
2077,1171_LeafPhotoA_2025-09-08 16_30_33.870-05_00_2.png,2.0,1.9263300311216434
2078,1171_LeafPhotoA_2025-09-08 16_30_33.870-05_00_3.png,2.0,1.9107325285734
2087,6018_LeafPhotoA_2025-09-09 16_46_19.898-05_00_0.png,1.25,1.5535122781912039
2088,6018_LeafPhotoA_2025-09-09 16_46_19.898-05_00_1.png,1.25,1.561674378567447
2089,6018_LeafPhotoA_2025-09-09 16_46_19.898-05_00_2.png,1.25,1.5144900168362352
2090,6018_LeafPhotoA_2025-09-09 16_46_19.898-05_00_3.png,1.25,1.6257010524238305
2091,2935_LeafPhotoA_2025-09-09 16_33_34.724-05_00_0.png,1.5,1.7157112273315327
2092,2935_LeafPhotoA_2025-09-09 16_33_34.724-05_00_1.png,1.5,1.699318821962943
2093,2935_LeafPhotoA_2025-09-09 16_33_34.724-05_00_2.png,1.5,1.6731957736066092
2094,2935_LeafPhotoA_2025-09-09 16_33_34.724-05_00_3.png,1.5,1.6223000917211454
2103,1240_LeafPhotoA_2025-09-08 10_28_24.122-05_00_0.png,1.5,1.6422730358387536
2104,1240_LeafPhotoA_2025-09-08 10_28_24.122-05_00_1.png,1.5,1.6697090337235232
2105,1240_LeafPhotoA_2025-09-08 10_28_24.122-05_00_2.png,1.5,1.713363584877348
2106,1240_LeafPhotoA_2025-09-08 10_28_24.122-05_00_3.png,1.5,1.7048962927350961
2129,2091_LeafPhotoA_2025-09-08 12_28_15.428-05_00_0.png,2.75,1.9788466220835748
2130,2091_LeafPhotoA_2025-09-08 12_28_15.428-05_00_1.png,2.75,2.073253241750135
2131,2091_LeafPhotoA_2025-09-08 12_28_15.428-05_00_2.png,2.75,2.004798596085663
2132,2091_LeafPhotoA_2025-09-08 12_28_15.428-05_00_3.png,2.75,2.0374148760273956
2149,1324_LeafPhotoA_2025-09-08 09_47_08.944-05_00_0.png,2.0,1.7609656493183223
2150,1324_LeafPhotoA_2025-09-08 09_47_08.944-05_00_1.png,2.0,1.7042414395540613
2151,1324_LeafPhotoA_2025-09-08 09_47_08.944-05_00_2.png,2.0,1.8305400884925733
2152,1324_LeafPhotoA_2025-09-08 09_47_08.944-05_00_3.png,2.0,1.8482884322862931
2177,1098_LeafPhotoA_2025-09-09 11_09_21.218-05_00_0.png,1.25,1.7480618580537415
2178,1098_LeafPhotoA_2025-09-09 11_09_21.218-05_00_1.png,1.25,1.6706068314814804
2179,1098_LeafPhotoA_2025-09-09 11_09_21.218-05_00_2.png,1.25,1.9399457039335257
2180,1098_LeafPhotoA_2025-09-09 11_09_21.218-05_00_3.png,1.25,1.876496986862734
2184,2097_LeafPhotoA_2025-09-08 12_33_49.300-05_00_0.png,1.5,1.7344546194514874
2185,2097_LeafPhotoA_2025-09-08 12_33_49.300-05_00_1.png,1.5,1.7483859410055351
2186,2097_LeafPhotoA_2025-09-08 12_33_49.300-05_00_2.png,1.5,1.7698092362036844
2187,2097_LeafPhotoA_2025-09-08 12_33_49.300-05_00_3.png,1.5,1.8218554496718564
2214,1876_LeafPhotoA_2025-09-09 17_04_03.852-05_00_0.png,2.25,2.046294295973743
2215,1876_LeafPhotoA_2025-09-09 17_04_03.852-05_00_1.png,2.25,1.8853739690002873
2216,1876_LeafPhotoA_2025-09-09 17_04_03.852-05_00_2.png,2.25,1.8256808313415913
2217,1876_LeafPhotoA_2025-09-09 17_04_03.852-05_00_3.png,2.25,1.7826845065449592
2231,1405_LeafPhotoB_2025-09-08 10_00_01.542-05_00_0.png,1.5,1.7291845745011138
2232,1405_LeafPhotoB_2025-09-08 10_00_01.542-05_00_1.png,1.5,1.765405484257905
2233,1405_LeafPhotoB_2025-09-08 10_00_01.542-05_00_2.png,1.5,1.6693520264296664
2234,1405_LeafPhotoB_2025-09-08 10_00_01.542-05_00_3.png,1.5,1.6193684315501755
2263,1562_LeafPhotoA_2025-09-09 10_11_10.077-05_00_0.png,1.0,1.7295054388430104
2264,1562_LeafPhotoA_2025-09-09 10_11_10.077-05_00_1.png,1.0,1.6507954755660494
2265,1562_LeafPhotoA_2025-09-09 10_11_10.077-05_00_2.png,1.0,1.6093376380094033
2266,1562_LeafPhotoA_2025-09-09 10_11_10.077-05_00_3.png,1.0,1.6529141708797526
2268,5028_LeafPhotoA_2025-09-09 16_52_02.474-05_00_0.png,2.25,1.923160179964786
2269,5028_LeafPhotoA_2025-09-09 16_52_02.474-05_00_1.png,2.25,2.0095952339069623
2270,5028_LeafPhotoA_2025-09-09 16_52_02.474-05_00_2.png,2.25,1.9699993074735749
2271,5028_LeafPhotoA_2025-09-09 16_52_02.474-05_00_3.png,2.25,1.8919900061440427
2272,1659_LeafPhotoA_2025-09-09 10_11_01.636-05_00_0.png,1.5,1.5540094444666215
2273,1659_LeafPhotoA_2025-09-09 10_11_01.636-05_00_1.png,1.5,1.8060971839988136
2274,1659_LeafPhotoA_2025-09-09 10_11_01.636-05_00_2.png,1.5,1.7432892986047832
2279,1479_LeafPhotoB_2025-09-08 16_43_30.857-05_00_0.png,1.75,1.842502177899286
2280,1479_LeafPhotoB_2025-09-08 16_43_30.857-05_00_1.png,1.75,2.021581003368675
2281,1479_LeafPhotoB_2025-09-08 16_43_30.857-05_00_2.png,1.75,2.1696748155015126
2282,1479_LeafPhotoB_2025-09-08 16_43_30.857-05_00_3.png,1.75,2.1122260724513153
2290,2090_LeafPhotoA_2025-09-08 12_27_18.336-05_00_0.png,1.0,1.6794598883645064
2291,2090_LeafPhotoA_2025-09-08 12_27_18.336-05_00_1.png,1.0,1.8865404728986506
2292,2090_LeafPhotoA_2025-09-08 12_27_18.336-05_00_2.png,1.0,1.7136840729507734
2293,2090_LeafPhotoA_2025-09-08 12_27_18.336-05_00_3.png,1.0,1.6360074995926626
2314,2449_LeafPhotoB_2025-09-08 11_23_39.370-05_00_0.png,2.0,1.759928539542618
2315,2449_LeafPhotoB_2025-09-08 11_23_39.370-05_00_1.png,2.0,1.978013760783958
2316,2449_LeafPhotoB_2025-09-08 11_23_39.370-05_00_2.png,2.0,2.002100348645697
2317,2449_LeafPhotoB_2025-09-08 11_23_39.370-05_00_3.png,2.0,1.9350450972866668
2318,1187_LeafPhotoA_2025-09-08 16_03_30.325-05_00_0.png,2.0,1.7977466509789337
2319,1187_LeafPhotoA_2025-09-08 16_03_30.325-05_00_1.png,2.0,1.7929871398649948
2320,1187_LeafPhotoA_2025-09-08 16_03_30.325-05_00_2.png,2.0,1.9890844366748135
2321,1187_LeafPhotoA_2025-09-08 16_03_30.325-05_00_3.png,2.0,2.1113064702996756
2326,1600_LeafPhotoA_2025-09-09 10_22_37.520-05_00_0.png,2.0,1.605795254300117
2327,1600_LeafPhotoA_2025-09-09 10_22_37.520-05_00_1.png,2.0,1.5767800688169546
2328,1600_LeafPhotoA_2025-09-09 10_22_37.520-05_00_2.png,2.0,1.5672524779652535
2340,2078_LeafPhotoA_2025-09-08 12_14_10.635-05_00_0.png,2.75,1.9726121089308024
2341,2078_LeafPhotoA_2025-09-08 12_14_10.635-05_00_1.png,2.75,1.917628852025222
2342,2078_LeafPhotoA_2025-09-08 12_14_10.635-05_00_2.png,2.75,1.9688764873475242
2343,2078_LeafPhotoA_2025-09-08 12_14_10.635-05_00_3.png,2.75,2.110464428769489
2356,2952_LeafPhotoA_2025-09-09 15_55_46.839-05_00_0.png,2.5,1.9438250133845034
2357,2952_LeafPhotoA_2025-09-09 15_55_46.839-05_00_1.png,2.5,1.9887859479325698
2366,2541_LeafPhotoA_2025-09-09 10_40_27.804-05_00_0.png,1.75,1.7475285279252468
2367,2541_LeafPhotoA_2025-09-09 10_40_27.804-05_00_1.png,1.75,1.8094454852798987
2368,2541_LeafPhotoA_2025-09-09 10_40_27.804-05_00_2.png,1.75,1.7559900065507903
2369,2541_LeafPhotoA_2025-09-09 10_40_27.804-05_00_3.png,1.75,1.9678869408790902
2409,1188_LeafPhotoA_2025-09-08 16_01_44.544-05_00_0.png,2.25,2.2019082194304245
2410,1188_LeafPhotoA_2025-09-08 16_01_44.544-05_00_1.png,2.25,2.0740334926041557
2411,1188_LeafPhotoA_2025-09-08 16_01_44.544-05_00_2.png,2.25,2.04987824136755
2442,2114_LeafPhotoA_2025-09-08 11_14_43.534-05_00_0.png,1.75,1.9932389709909537
2443,2114_LeafPhotoA_2025-09-08 11_14_43.534-05_00_1.png,1.75,1.9597916563449744
2444,2114_LeafPhotoA_2025-09-08 11_14_43.534-05_00_2.png,1.75,2.109868641639308
2445,2114_LeafPhotoA_2025-09-08 11_14_43.534-05_00_3.png,1.75,1.9085291341409285
2450,2578_LeafPhotoA_2025-09-09 10_42_22.010-05_00_0.png,1.75,1.5759514031478292
2451,2578_LeafPhotoA_2025-09-09 10_42_22.010-05_00_1.png,1.75,1.4708152993793595
2452,2578_LeafPhotoA_2025-09-09 10_42_22.010-05_00_2.png,1.75,1.5988316440383128
2453,2578_LeafPhotoA_2025-09-09 10_42_22.010-05_00_3.png,1.75,1.6354190970748268
2471,2649_LeafPhotoA_2025-09-09 11_26_00.362-05_00_0.png,2.25,1.7900292539538736
2472,2649_LeafPhotoA_2025-09-09 11_26_00.362-05_00_1.png,2.25,1.8509893376599436
2473,2649_LeafPhotoA_2025-09-09 11_26_00.362-05_00_2.png,2.25,1.885922971030785
2474,2649_LeafPhotoA_2025-09-09 11_26_00.362-05_00_3.png,2.25,1.6859618305362196
2479,1434_LeafPhotoB_2025-09-08 10_25_56.347-05_00_0.png,1.75,1.7522775483970565
2480,1434_LeafPhotoB_2025-09-08 10_25_56.347-05_00_1.png,1.75,1.7033198507517258
2481,1434_LeafPhotoB_2025-09-08 10_25_56.347-05_00_2.png,1.75,1.6808931666230544
2482,1434_LeafPhotoB_2025-09-08 10_25_56.347-05_00_3.png,1.75,1.7559620902228903
2486,2458_LeafPhotoB_2025-09-08 11_35_26.865-05_00_0.png,1.25,1.7985494789156393
2487,2458_LeafPhotoB_2025-09-08 11_35_26.865-05_00_1.png,1.25,1.8159677100639506
2488,2458_LeafPhotoB_2025-09-08 11_35_26.865-05_00_2.png,1.25,1.7754324965191128
2489,2458_LeafPhotoB_2025-09-08 11_35_26.865-05_00_3.png,1.25,1.6895826027043137
2502,5011_LeafPhotoA_2025-09-09 16_15_48.428-05_00_0.png,1.75,1.8541233327176019
2503,5011_LeafPhotoA_2025-09-09 16_15_48.428-05_00_1.png,1.75,1.7685546505384466
2504,5011_LeafPhotoA_2025-09-09 16_15_48.428-05_00_2.png,1.75,1.8242858741316184
2505,5011_LeafPhotoA_2025-09-09 16_15_48.428-05_00_3.png,1.75,1.7178751366023028
2509,1916_LeafPhotoA_2025-09-09 14_55_34.742-05_00_0.png,2.25,1.628087956201756
2510,1916_LeafPhotoA_2025-09-09 14_55_34.742-05_00_1.png,2.25,1.6532106900667274
2511,1916_LeafPhotoA_2025-09-09 14_55_34.742-05_00_2.png,2.25,1.7087842598242318
2512,1916_LeafPhotoA_2025-09-09 14_55_34.742-05_00_3.png,2.25,1.8517410678913575
2523,2991_LeafPhotoA_2025-09-09 16_44_34.559-05_00_0.png,2.25,1.8202683912369253
2524,2991_LeafPhotoA_2025-09-09 16_44_34.559-05_00_1.png,2.25,1.8685422718218516
2525,2991_LeafPhotoA_2025-09-09 16_44_34.559-05_00_2.png,2.25,1.8625270065385673
2526,2991_LeafPhotoA_2025-09-09 16_44_34.559-05_00_3.png,2.25,1.7817093513587792
2527,2844_LeafPhotoA_2025-09-09 11_13_34.394-05_00_0.png,2.5,1.9078450690055868
2531,2722_LeafPhotoA_2025-09-09 10_43_28.841-05_00_0.png,3.5,2.8551811929296105
2532,2722_LeafPhotoA_2025-09-09 10_43_28.841-05_00_1.png,3.5,2.6493052559298915
2533,2722_LeafPhotoA_2025-09-09 10_43_28.841-05_00_2.png,3.5,2.5683832656206933
2538,2453_LeafPhotoB_2025-09-08 11_31_31.055-05_00_0.png,1.5,1.9695576693285428
2539,2453_LeafPhotoB_2025-09-08 11_31_31.055-05_00_1.png,1.5,1.9545897501916512
2540,2453_LeafPhotoB_2025-09-08 11_31_31.055-05_00_2.png,1.5,1.7311693495232927
2541,2453_LeafPhotoB_2025-09-08 11_31_31.055-05_00_3.png,1.5,1.7946423391937971
2555,1425_LeafPhotoA_2025-09-08 09_47_28.860-05_00_0.png,1.5,1.7355247633195952
2556,1425_LeafPhotoA_2025-09-08 09_47_28.860-05_00_1.png,1.5,1.7253647945004145
2557,1425_LeafPhotoA_2025-09-08 09_47_28.860-05_00_2.png,1.5,1.7505839003698174
2558,1425_LeafPhotoA_2025-09-08 09_47_28.860-05_00_3.png,1.5,1.7632381936183323
2571,,2.5,1.8149874833118596
2583,,1.25,1.8149874833118596
2588,2107_LeafPhotoA_2025-09-08 11_02_37.715-05_00_0.png,1.25,1.6821188365808393
2589,2107_LeafPhotoA_2025-09-08 11_02_37.715-05_00_1.png,1.25,1.594982381771566
2590,2107_LeafPhotoA_2025-09-08 11_02_37.715-05_00_2.png,1.25,1.6391325539825592
2591,2107_LeafPhotoA_2025-09-08 11_02_37.715-05_00_3.png,1.25,1.830898131779857
2670,2648_LeafPhotoA_2025-09-09 11_27_06.528-05_00_0.png,1.25,1.7417943823395303
2671,2648_LeafPhotoA_2025-09-09 11_27_06.528-05_00_1.png,1.25,1.6675418013332353
2672,2648_LeafPhotoA_2025-09-09 11_27_06.528-05_00_2.png,1.25,1.849607083956794
2673,2648_LeafPhotoA_2025-09-09 11_27_06.528-05_00_3.png,1.25,1.719738131537848
2691,1500_LeafPhotoB_2025-09-08 12_25_38.479-05_00_0.png,1.75,1.5500024994516552
2692,1500_LeafPhotoB_2025-09-08 12_25_38.479-05_00_1.png,1.75,1.6700908627741924
2693,1500_LeafPhotoB_2025-09-08 12_25_38.479-05_00_2.png,1.75,1.7238315139573728
2694,1500_LeafPhotoB_2025-09-08 12_25_38.479-05_00_3.png,1.75,1.7969575095956674
2723,1893_LeafPhotoA_2025-09-09 12_59_38.775-05_00_0.png,2.0,1.7813054237523192
2724,1893_LeafPhotoA_2025-09-09 12_59_38.775-05_00_1.png,2.0,1.6547104067847453
2725,1893_LeafPhotoA_2025-09-09 12_59_38.775-05_00_2.png,2.0,1.698361040121138
2726,1893_LeafPhotoA_2025-09-09 12_59_38.775-05_00_3.png,2.0,1.6910399086704613
2737,2893_LeafPhotoA_2025-09-09 13_59_49.093-05_00_0.png,2.25,1.9563523243437728
2738,2893_LeafPhotoA_2025-09-09 13_59_49.093-05_00_1.png,2.25,1.9353062788228703
2739,2893_LeafPhotoA_2025-09-09 13_59_49.093-05_00_2.png,2.25,1.8295482446220053
2740,2893_LeafPhotoA_2025-09-09 13_59_49.093-05_00_3.png,2.25,1.8361262289562656
2745,2711_LeafPhotoA_2025-09-09 10_28_23.854-05_00_0.png,2.5,2.19089190579963
2746,2711_LeafPhotoA_2025-09-09 10_28_23.854-05_00_1.png,2.5,2.1779833888470823
2747,2711_LeafPhotoA_2025-09-09 10_28_23.854-05_00_2.png,2.5,2.1574917504397484
2748,2711_LeafPhotoA_2025-09-09 10_28_23.854-05_00_3.png,2.5,2.2844048559785906
2758,1287_LeafPhotoA_2025-09-08 16_00_42.513-05_00_0.png,3.0,2.6153766887647754
2759,1287_LeafPhotoA_2025-09-08 16_00_42.513-05_00_1.png,3.0,2.493043569358488
2760,1287_LeafPhotoA_2025-09-08 16_00_42.513-05_00_2.png,3.0,2.465019346342887
2765,1427_LeafPhotoB_2025-09-08 10_20_17.635-05_00_0.png,2.25,1.975427054360382
2766,1427_LeafPhotoB_2025-09-08 10_20_17.635-05_00_1.png,2.25,2.246395412489236
2767,1427_LeafPhotoB_2025-09-08 10_20_17.635-05_00_2.png,2.25,2.4277997657509447
2768,1427_LeafPhotoB_2025-09-08 10_20_17.635-05_00_3.png,2.25,2.557503801980669
2770,6044_LeafPhotoA_2025-09-09 16_03_00.837-05_00_0.png,1.5,1.6056527153375304
2771,6044_LeafPhotoA_2025-09-09 16_03_00.837-05_00_1.png,1.5,1.6509289871621649
2772,6044_LeafPhotoA_2025-09-09 16_03_00.837-05_00_2.png,1.5,1.6859789684215007
2773,6044_LeafPhotoA_2025-09-09 16_03_00.837-05_00_3.png,1.5,1.707103689076769
2815,2090_LeafPhotoA_2025-09-08 12_27_42.323-05_00_0.png,1.25,1.6087888087373243
2816,2090_LeafPhotoA_2025-09-08 12_27_42.323-05_00_1.png,1.25,1.5563089817953166
2817,2090_LeafPhotoA_2025-09-08 12_27_42.323-05_00_2.png,1.25,1.662097391878363
2818,2090_LeafPhotoA_2025-09-08 12_27_42.323-05_00_3.png,1.25,1.6595926685127416
2841,,3.0,1.8149874833118596
2850,2210_LeafPhotoA_2025-09-08 11_00_04.684-05_00_0.png,1.25,1.7786522146597508
2851,2210_LeafPhotoA_2025-09-08 11_00_04.684-05_00_1.png,1.25,1.703998568384767
2852,2210_LeafPhotoA_2025-09-08 11_00_04.684-05_00_2.png,1.25,1.669966875330713
2853,2210_LeafPhotoA_2025-09-08 11_00_04.684-05_00_3.png,1.25,1.6974734889964913
2904,1495_LeafPhotoB_2025-09-08 16_59_36.020-05_00_0.png,2.5,2.076440999862173
2905,1495_LeafPhotoB_2025-09-08 16_59_36.020-05_00_1.png,2.5,2.1791675935742414
2906,1495_LeafPhotoB_2025-09-08 16_59_36.020-05_00_2.png,2.5,2.1032273223650813
2907,1495_LeafPhotoB_2025-09-08 16_59_36.020-05_00_3.png,2.5,1.814106894787574
2912,5030_LeafPhotoA_2025-09-09 16_55_05.294-05_00_0.png,1.25,1.648894381826463
2913,5030_LeafPhotoA_2025-09-09 16_55_05.294-05_00_1.png,1.25,1.6218999670444256
2914,5030_LeafPhotoA_2025-09-09 16_55_05.294-05_00_2.png,1.25,1.7299478481238812
2915,5030_LeafPhotoA_2025-09-09 16_55_05.294-05_00_3.png,1.25,1.7967130306886727
2920,2524_LeafPhotoA_2025-09-09 10_21_34.620-05_00_0.png,1.5,1.8231410162402193
2921,2524_LeafPhotoA_2025-09-09 10_21_34.620-05_00_1.png,1.5,1.8968211642628845
2922,2524_LeafPhotoA_2025-09-09 10_21_34.620-05_00_2.png,1.5,1.9315591659104125
2923,2524_LeafPhotoA_2025-09-09 10_21_34.620-05_00_3.png,1.5,1.9426762022296773
2928,1576_LeafPhotoA_2025-09-09 09_52_40.800-05_00_0.png,2.0,1.8323497486224958
2929,1576_LeafPhotoA_2025-09-09 09_52_40.800-05_00_1.png,2.0,1.7560058903071813
2934,2715_LeafPhotoA_2025-09-09 10_34_25.383-05_00_0.png,3.25,2.2750682437805354
2935,2715_LeafPhotoA_2025-09-09 10_34_25.383-05_00_1.png,3.25,2.1620946288309746
2936,2715_LeafPhotoA_2025-09-09 10_34_25.383-05_00_2.png,3.25,2.4420657379726287
2937,2715_LeafPhotoA_2025-09-09 10_34_25.383-05_00_3.png,3.25,2.4230883041228344
2938,2386_LeafPhotoA_2025-09-08 11_57_13.953-05_00_0.png,1.5,1.5725113901057448
2939,2386_LeafPhotoA_2025-09-08 11_57_13.953-05_00_1.png,1.5,1.9030315134749154
2944,5036_LeafPhotoA_2025-09-09 17_09_44.541-05_00_0.png,1.5,1.601595112148879
2945,5036_LeafPhotoA_2025-09-09 17_09_44.541-05_00_1.png,1.5,1.7569497849152693
2946,5036_LeafPhotoA_2025-09-09 17_09_44.541-05_00_2.png,1.5,1.788270896451491
2947,5036_LeafPhotoA_2025-09-09 17_09_44.541-05_00_3.png,1.5,1.6551740604650345
2956,2256_LeafPhotoA_2025-09-08 12_24_33.115-05_00_0.png,2.0,1.6910278560838146
2957,2256_LeafPhotoA_2025-09-08 12_24_33.115-05_00_1.png,2.0,1.7209474714191355
2958,2256_LeafPhotoA_2025-09-08 12_24_33.115-05_00_2.png,2.0,1.9403788149509031
2959,2256_LeafPhotoA_2025-09-08 12_24_33.115-05_00_3.png,2.0,2.0191034130504417
2976,2386_LeafPhotoA_2025-09-08 11_56_54.323-05_00_0.png,1.25,1.8964873570554082
2977,2386_LeafPhotoA_2025-09-08 11_56_54.323-05_00_1.png,1.25,1.7718002362771494
2978,2386_LeafPhotoA_2025-09-08 11_56_54.323-05_00_2.png,1.25,1.6657262428954456
2979,2386_LeafPhotoA_2025-09-08 11_56_54.323-05_00_3.png,1.25,1.6300636881031023
2995,1943_LeafPhotoA_2025-09-09 16_00_56.560-05_00_0.png,1.5,1.6666267910500456
2996,1943_LeafPhotoA_2025-09-09 16_00_56.560-05_00_1.png,1.5,1.551936033491844
2997,1943_LeafPhotoA_2025-09-09 16_00_56.560-05_00_2.png,1.5,1.5549717585167355
2998,1943_LeafPhotoA_2025-09-09 16_00_56.560-05_00_3.png,1.5,1.8690743292534244
2999,1360_LeafPhotoA_2025-09-08 12_40_13.454-05_00_0.png,2.0,1.6996570577926773
3000,1360_LeafPhotoA_2025-09-08 12_40_13.454-05_00_1.png,2.0,1.756485065902125
3001,1360_LeafPhotoA_2025-09-08 12_40_13.454-05_00_2.png,2.0,1.830762721611731
3002,1360_LeafPhotoA_2025-09-08 12_40_13.454-05_00_3.png,2.0,1.8275600678655153
3030,1180_LeafPhotoA_2025-09-08 16_15_29.779-05_00_0.png,2.0,1.8516436342026992
3031,1180_LeafPhotoA_2025-09-08 16_15_29.779-05_00_1.png,2.0,1.7771185185777643
3032,1180_LeafPhotoA_2025-09-08 16_15_29.779-05_00_2.png,2.0,1.9795038566551484
3033,1180_LeafPhotoA_2025-09-08 16_15_29.779-05_00_3.png,2.0,1.923560532490548
3048,2204_LeafPhotoA_2025-09-08 10_51_32.424-05_00_0.png,1.0,1.5958320146485783
3049,2204_LeafPhotoA_2025-09-08 10_51_32.424-05_00_1.png,1.0,1.4568020251498257
3050,2204_LeafPhotoA_2025-09-08 10_51_32.424-05_00_2.png,1.0,1.3879858159824798
3051,2204_LeafPhotoA_2025-09-08 10_51_32.424-05_00_3.png,1.0,1.4383125304871767
3052,2253_LeafPhotoA_2025-09-08 12_18_44.610-05_00_0.png,1.25,1.638165241896315
3053,2253_LeafPhotoA_2025-09-08 12_18_44.610-05_00_1.png,1.25,1.638391850428447
3054,2253_LeafPhotoA_2025-09-08 12_18_44.610-05_00_2.png,1.25,1.5800699921866603
3055,2253_LeafPhotoA_2025-09-08 12_18_44.610-05_00_3.png,1.25,1.6305316415691078
3132,2197_LeafPhotoA_2025-09-08 17_08_13.372-05_00_0.png,1.5,1.7891912653184678
3145,2097_LeafPhotoA_2025-09-08 12_34_03.075-05_00_0.png,2.0,1.758994737514379
3146,2097_LeafPhotoA_2025-09-08 12_34_03.075-05_00_1.png,2.0,1.6930520195104157
3147,2097_LeafPhotoA_2025-09-08 12_34_03.075-05_00_2.png,2.0,1.7670008617449466
3148,2097_LeafPhotoA_2025-09-08 12_34_03.075-05_00_3.png,2.0,1.7791834232132444
3149,1121_LeafPhotoA_2025-09-08 10_06_53.769-05_00_0.png,3.0,1.8897747611663922
3150,1121_LeafPhotoA_2025-09-08 10_06_53.769-05_00_1.png,3.0,1.904752963839085
3151,1121_LeafPhotoA_2025-09-08 10_06_53.769-05_00_2.png,3.0,2.0424531640355594
3152,1121_LeafPhotoA_2025-09-08 10_06_53.769-05_00_3.png,3.0,2.056129596793706
3202,2648_LeafPhotoA_2025-09-09 11_26_52.423-05_00_0.png,1.75,1.8063623073746427
3203,2648_LeafPhotoA_2025-09-09 11_26_52.423-05_00_1.png,1.75,1.8198199655696152
3204,2648_LeafPhotoA_2025-09-09 11_26_52.423-05_00_2.png,1.75,1.676356264273171
3205,2648_LeafPhotoA_2025-09-09 11_26_52.423-05_00_3.png,1.75,1.71998039934137
3207,2178_LeafPhotoA_2025-09-09 12_22_12.377-05_00_0.png,2.0,2.0104979616831398
3208,2178_LeafPhotoA_2025-09-09 12_22_12.377-05_00_1.png,2.0,2.182383959814369
3209,2178_LeafPhotoA_2025-09-09 12_22_12.377-05_00_2.png,2.0,2.5025450971671943
3210,2178_LeafPhotoA_2025-09-09 12_22_12.377-05_00_3.png,2.0,2.2739856743005493
3215,1963_LeafPhotoA_2025-09-09 17_19_17.230-05_00_0.png,1.5,1.790435267230243
3216,1963_LeafPhotoA_2025-09-09 17_19_17.230-05_00_1.png,1.5,1.8372785570230434
3217,1963_LeafPhotoA_2025-09-09 17_19_17.230-05_00_2.png,1.5,1.822033706323134
3232,2394_LeafPhotoA_2025-09-08 12_19_48.103-05_00_0.png,3.25,2.4437447267000265
3233,2394_LeafPhotoA_2025-09-08 12_19_48.103-05_00_1.png,3.25,2.292020235655293
3234,2394_LeafPhotoA_2025-09-08 12_19_48.103-05_00_2.png,3.25,2.217973894617807
3235,2394_LeafPhotoA_2025-09-08 12_19_48.103-05_00_3.png,3.25,1.9738603162524284
3236,1916_LeafPhotoA_2025-09-09 14_56_01.187-05_00_0.png,1.75,1.7517228303118881
3237,1916_LeafPhotoA_2025-09-09 14_56_01.187-05_00_1.png,1.75,1.6314798150175003
3238,1916_LeafPhotoA_2025-09-09 14_56_01.187-05_00_2.png,1.75,1.6799616899792136
3239,1916_LeafPhotoA_2025-09-09 14_56_01.187-05_00_3.png,1.75,1.8595191741267951
3244,,2.75,1.8149874833118596
3245,2224_LeafPhotoA_2025-09-08 11_25_14.126-05_00_0.png,2.5,1.7551490497658626
3246,2224_LeafPhotoA_2025-09-08 11_25_14.126-05_00_1.png,2.5,1.6378109729779375
3247,2224_LeafPhotoA_2025-09-08 11_25_14.126-05_00_2.png,2.5,1.7955960385168113
3248,2224_LeafPhotoA_2025-09-08 11_25_14.126-05_00_3.png,2.5,1.8387585822424364
3299,2149_LeafPhotoA_2025-09-08 12_20_25.908-05_00_0.png,1.5,1.8497216266141634
3300,2149_LeafPhotoA_2025-09-08 12_20_25.908-05_00_1.png,1.5,1.793255709750776
3301,2149_LeafPhotoA_2025-09-08 12_20_25.908-05_00_2.png,1.5,1.6904686672828506
3302,2149_LeafPhotoA_2025-09-08 12_20_25.908-05_00_3.png,1.5,1.732123205192584
3306,2656_LeafPhotoA_2025-09-09 11_29_51.657-05_00_0.png,2.5,1.8771826438001844
3315,2451_LeafPhotoB_2025-09-08 11_29_15.932-05_00_0.png,2.0,1.8819194039561444
3316,2451_LeafPhotoB_2025-09-08 11_29_15.932-05_00_1.png,2.0,2.1119244480901798
3317,2451_LeafPhotoB_2025-09-08 11_29_15.932-05_00_2.png,2.0,2.328938655882895
3318,2451_LeafPhotoB_2025-09-08 11_29_15.932-05_00_3.png,2.0,2.33395551616319
3344,1272_LeafPhotoA_2025-09-08 16_14_44.397-05_00_0.png,2.25,1.7621371997871722
3345,1272_LeafPhotoA_2025-09-08 16_14_44.397-05_00_1.png,2.25,1.996376308910763
3346,1272_LeafPhotoA_2025-09-08 16_14_44.397-05_00_2.png,2.25,2.175745604057053
3347,1272_LeafPhotoA_2025-09-08 16_14_44.397-05_00_3.png,2.25,2.09869649137681
3355,6027_LeafPhotoA_2025-09-09 16_33_32.836-05_00_0.png,2.0,1.71366126646455
3356,6027_LeafPhotoA_2025-09-09 16_33_32.836-05_00_1.png,2.0,1.7220701032632886
3357,6027_LeafPhotoA_2025-09-09 16_33_32.836-05_00_2.png,2.0,1.6858880160235268
3358,6027_LeafPhotoA_2025-09-09 16_33_32.836-05_00_3.png,2.0,1.668082408181613
3389,2238_LeafPhotoA_2025-09-08 11_44_44.603-05_00_0.png,2.5,1.9618927524895966
3390,2238_LeafPhotoA_2025-09-08 11_44_44.603-05_00_1.png,2.5,2.0044936702108855
3391,2238_LeafPhotoA_2025-09-08 11_44_44.603-05_00_2.png,2.5,2.0763454138029043
3392,2238_LeafPhotoA_2025-09-08 11_44_44.603-05_00_3.png,2.5,2.0865700757884516
3393,1950_LeafPhotoA_2025-09-09 16_09_30.048-05_00_0.png,1.5,1.8839132901304878
3394,1950_LeafPhotoA_2025-09-09 16_09_30.048-05_00_1.png,1.5,1.8737292075359375
3395,1950_LeafPhotoA_2025-09-09 16_09_30.048-05_00_2.png,1.5,1.6432846686122602
3409,1381_LeafPhotoA_2025-09-08 13_01_59.229-05_00_0.png,2.25,1.842769278192086
3410,1381_LeafPhotoA_2025-09-08 13_01_59.229-05_00_1.png,2.25,1.9276082352822501
3411,1381_LeafPhotoA_2025-09-08 13_01_59.229-05_00_2.png,2.25,1.9474791996520404
3412,1381_LeafPhotoA_2025-09-08 13_01_59.229-05_00_3.png,2.25,1.7795863864874482
3445,6044_LeafPhotoA_2025-09-09 16_03_43.942-05_00_0.png,1.5,1.828021883972312
3446,6044_LeafPhotoA_2025-09-09 16_03_43.942-05_00_1.png,1.5,1.7699969253514254
3447,6044_LeafPhotoA_2025-09-09 16_03_43.942-05_00_2.png,1.5,1.6875662264788962
3448,6044_LeafPhotoA_2025-09-09 16_03_43.942-05_00_3.png,1.5,1.6958201406651503
3469,1926_LeafPhotoA_2025-09-09 15_19_00.799-05_00_0.png,1.5,1.8066462502294454
3470,1926_LeafPhotoA_2025-09-09 15_19_00.799-05_00_1.png,1.5,1.7956890883252978
3471,1926_LeafPhotoA_2025-09-09 15_19_00.799-05_00_2.png,1.5,1.7569945174874813
3472,1926_LeafPhotoA_2025-09-09 15_19_00.799-05_00_3.png,1.5,1.8122322799427073
3505,2498_LeafPhotoB_2025-09-08 12_22_17.705-05_00_0.png,1.5,1.75397964949057
3506,2498_LeafPhotoB_2025-09-08 12_22_17.705-05_00_1.png,1.5,1.6480468374289965
3507,2498_LeafPhotoB_2025-09-08 12_22_17.705-05_00_2.png,1.5,1.7316291051865023
3508,2498_LeafPhotoB_2025-09-08 12_22_17.705-05_00_3.png,1.5,1.7629771553199
3509,2150_LeafPhotoA_2025-09-08 12_22_44.950-05_00_0.png,1.75,1.8920314138046352
3510,2150_LeafPhotoA_2025-09-08 12_22_44.950-05_00_1.png,1.75,1.9704065346163215
3511,2150_LeafPhotoA_2025-09-08 12_22_44.950-05_00_2.png,1.75,2.2209604682168513
3512,2150_LeafPhotoA_2025-09-08 12_22_44.950-05_00_3.png,1.75,1.9943334803620343
3525,1298_LeafPhotoA_2025-09-08 15_47_21.277-05_00_0.png,2.25,1.7811396991086204
3526,1298_LeafPhotoA_2025-09-08 15_47_21.277-05_00_1.png,2.25,1.817498282596535
3527,1298_LeafPhotoA_2025-09-08 15_47_21.277-05_00_2.png,2.25,1.792085421885371
3528,1298_LeafPhotoA_2025-09-08 15_47_21.277-05_00_3.png,2.25,1.7717924137870318
3537,1865_LeafPhotoA_2025-09-09 13_31_46.367-05_00_0.png,1.5,1.5805561970400266
3538,1865_LeafPhotoA_2025-09-09 13_31_46.367-05_00_1.png,1.5,1.8620854704197247
3539,1865_LeafPhotoA_2025-09-09 13_31_46.367-05_00_2.png,1.5,1.907163796712134
3540,1865_LeafPhotoA_2025-09-09 13_31_46.367-05_00_3.png,1.5,1.9607518220808888
3542,2084_LeafPhotoA_2025-09-08 12_20_48.194-05_00_0.png,2.25,1.6265816801984558
3543,2084_LeafPhotoA_2025-09-08 12_20_48.194-05_00_1.png,2.25,1.57165014961711
3544,2084_LeafPhotoA_2025-09-08 12_20_48.194-05_00_2.png,2.25,1.678183560794156
3545,2084_LeafPhotoA_2025-09-08 12_20_48.194-05_00_3.png,2.25,1.8013224643567873
18,1887_LeafPhotoA_2025-09-09 17_12_27.474-05_00_0.png,1.75,1.9601438809764078
19,1887_LeafPhotoA_2025-09-09 17_12_27.474-05_00_1.png,1.75,1.7836977889993568
20,1887_LeafPhotoA_2025-09-09 17_12_27.474-05_00_2.png,1.75,1.9118123458069278
42,1900_LeafPhotoA_2025-09-09 13_45_59.573-05_00_0.png,2.5,2.098831245240398
43,1900_LeafPhotoA_2025-09-09 13_45_59.573-05_00_1.png,2.5,2.2328794390164353
44,1900_LeafPhotoA_2025-09-09 13_45_59.573-05_00_2.png,2.5,1.9476150686509626
45,1900_LeafPhotoA_2025-09-09 13_45_59.573-05_00_3.png,2.5,1.977725116959637
85,1411_LeafPhotoA_2025-09-08 09_32_24.163-05_00_0.png,1.5,1.6095687941014964
86,1411_LeafPhotoA_2025-09-08 09_32_24.163-05_00_1.png,1.5,1.5742455670941546
87,1411_LeafPhotoA_2025-09-08 09_32_24.163-05_00_2.png,1.5,1.6305431038546374
88,1411_LeafPhotoA_2025-09-08 09_32_24.163-05_00_3.png,1.5,1.7778063758208877
103,2010_LeafPhotoA_2025-09-08 10_43_56.742-05_00_0.png,2.0,1.7584148330993337
104,2010_LeafPhotoA_2025-09-08 10_43_56.742-05_00_1.png,2.0,1.6594667881066874
105,2010_LeafPhotoA_2025-09-08 10_43_56.742-05_00_2.png,2.0,1.6598261841286228
106,2010_LeafPhotoA_2025-09-08 10_43_56.742-05_00_3.png,2.0,1.5685924883653224
110,1202_LeafPhotoA_2025-09-08 10_45_39.926-05_00_0.png,1.0,1.6029944536386096
111,1202_LeafPhotoA_2025-09-08 10_45_39.926-05_00_1.png,1.0,1.5822306817745089
112,1202_LeafPhotoA_2025-09-08 10_45_39.926-05_00_2.png,1.0,1.5556694154873343
113,1202_LeafPhotoA_2025-09-08 10_45_39.926-05_00_3.png,1.0,1.6704656420792279
114,1594_LeafPhotoA_2025-09-09 09_32_04.545-05_00_0.png,2.5,1.9002133867880744
115,1594_LeafPhotoA_2025-09-09 09_32_04.545-05_00_1.png,2.5,2.0982746465100366
116,1594_LeafPhotoA_2025-09-09 09_32_04.545-05_00_2.png,2.5,2.060595246736693
117,1594_LeafPhotoA_2025-09-09 09_32_04.545-05_00_3.png,2.5,1.8675295462764503
144,2344_LeafPhotoA_2025-09-08 11_12_07.490-05_00_0.png,1.75,1.9511830436111601
145,2344_LeafPhotoA_2025-09-08 11_12_07.490-05_00_1.png,1.75,2.0476174321249774
146,2344_LeafPhotoA_2025-09-08 11_12_07.490-05_00_2.png,1.75,2.116503283348773
147,2344_LeafPhotoA_2025-09-08 11_12_07.490-05_00_3.png,1.75,2.015466692800091
163,1011_LeafPhotoA_2025-09-08 09_43_02.719-05_00_0.png,2.5,2.253601817039026
164,1011_LeafPhotoA_2025-09-08 09_43_02.719-05_00_1.png,2.5,2.1218253333711914
165,1011_LeafPhotoA_2025-09-08 09_43_02.719-05_00_2.png,2.5,2.079847227867448
166,1011_LeafPhotoA_2025-09-08 09_43_02.719-05_00_3.png,2.5,1.9872578465888253
214,2144_LeafPhotoA_2025-09-08 12_08_32.877-05_00_0.png,1.5,1.8087256817471606
215,2144_LeafPhotoA_2025-09-08 12_08_32.877-05_00_1.png,1.5,1.7922549589822225
216,2144_LeafPhotoA_2025-09-08 12_08_32.877-05_00_2.png,1.5,1.8928268291771588
217,2144_LeafPhotoA_2025-09-08 12_08_32.877-05_00_3.png,1.5,1.8697142524944372
222,1411_LeafPhotoA_2025-09-08 09_32_12.507-05_00_0.png,1.5,1.5715239173845021
223,1411_LeafPhotoA_2025-09-08 09_32_12.507-05_00_1.png,1.5,1.5099930535186914
224,1411_LeafPhotoA_2025-09-08 09_32_12.507-05_00_2.png,1.5,1.4956309302081365
225,1411_LeafPhotoA_2025-09-08 09_32_12.507-05_00_3.png,1.5,1.5751285107508017
230,1783_LeafPhotoA_2025-09-09 09_32_23.737-05_00_0.png,1.75,1.8201666000694634
231,1783_LeafPhotoA_2025-09-09 09_32_23.737-05_00_1.png,1.75,1.8168531715281915
232,1783_LeafPhotoA_2025-09-09 09_32_23.737-05_00_2.png,1.75,1.7577681275874966
233,1783_LeafPhotoA_2025-09-09 09_32_23.737-05_00_3.png,1.75,1.749042027993365
238,,1.25,1.9002273745274898
257,1811_LeafPhotoA_2025-09-09 09_06_09.841-05_00_0.png,1.25,1.63069707355195
258,1811_LeafPhotoA_2025-09-09 09_06_09.841-05_00_1.png,1.25,1.685618732549558
259,1811_LeafPhotoA_2025-09-09 09_06_09.841-05_00_2.png,1.25,1.6653649465644438
268,,2.5,1.9002273745274898
269,1197_LeafPhotoA_2025-09-08 15_42_33.635-05_00_0.png,1.25,1.7913425670584142
270,1197_LeafPhotoA_2025-09-08 15_42_33.635-05_00_1.png,1.25,1.7249951004626902
271,1197_LeafPhotoA_2025-09-08 15_42_33.635-05_00_2.png,1.25,1.7750264038363892
272,1197_LeafPhotoA_2025-09-08 15_42_33.635-05_00_3.png,1.25,1.8142034215318854
277,2173_LeafPhotoA_2025-09-09 12_14_23.103-05_00_0.png,2.0,1.9849824459417127
278,2173_LeafPhotoA_2025-09-09 12_14_23.103-05_00_1.png,2.0,2.0137125263403313
279,2173_LeafPhotoA_2025-09-09 12_14_23.103-05_00_2.png,2.0,1.973960621368227
280,2173_LeafPhotoA_2025-09-09 12_14_23.103-05_00_3.png,2.0,1.9412359943583795
301,1383_LeafPhotoA_2025-09-08 13_02_56.131-05_00_0.png,1.5,1.5856712766937222
302,1383_LeafPhotoA_2025-09-08 13_02_56.131-05_00_1.png,1.5,1.883196415057966
303,1383_LeafPhotoA_2025-09-08 13_02_56.131-05_00_2.png,1.5,1.8100275387344869
304,1383_LeafPhotoA_2025-09-08 13_02_56.131-05_00_3.png,1.5,1.928189499276381
320,2597_LeafPhotoA_2025-09-09 10_25_59.565-05_00_0.png,1.75,1.7706978183888984
321,2597_LeafPhotoA_2025-09-09 10_25_59.565-05_00_1.png,1.75,1.751173729818371
322,2597_LeafPhotoA_2025-09-09 10_25_59.565-05_00_2.png,1.75,1.7763783443938246
323,2597_LeafPhotoA_2025-09-09 10_25_59.565-05_00_3.png,1.75,1.9552667904456813
340,6013_LeafPhotoA_2025-09-09 16_55_44.021-05_00_0.png,1.25,1.7520504612668901
341,6013_LeafPhotoA_2025-09-09 16_55_44.021-05_00_1.png,1.25,1.5373613010155194
342,6013_LeafPhotoA_2025-09-09 16_55_44.021-05_00_2.png,1.25,1.4818048717922954
343,6013_LeafPhotoA_2025-09-09 16_55_44.021-05_00_3.png,1.25,1.580379011765526
352,1585_LeafPhotoA_2025-09-09 09_39_14.646-05_00_0.png,3.75,2.405897507738936
353,1585_LeafPhotoA_2025-09-09 09_39_14.646-05_00_1.png,3.75,2.619809046435305
354,1585_LeafPhotoA_2025-09-09 09_39_14.646-05_00_2.png,3.75,2.893491122321521
355,1585_LeafPhotoA_2025-09-09 09_39_14.646-05_00_3.png,3.75,2.4883950418346696
356,1072_LeafPhotoA_2025-09-08 13_03_29.236-05_00_0.png,2.5,1.8319670191850923
357,1072_LeafPhotoA_2025-09-08 13_03_29.236-05_00_1.png,2.5,1.8446978896648019
358,1072_LeafPhotoA_2025-09-08 13_03_29.236-05_00_2.png,2.5,2.244083648406406
359,1072_LeafPhotoA_2025-09-08 13_03_29.236-05_00_3.png,2.5,2.239310222936963
391,2163_LeafPhotoA_2025-09-09 11_54_54.715-05_00_0.png,3.25,2.2442696542721707
392,2163_LeafPhotoA_2025-09-09 11_54_54.715-05_00_1.png,3.25,2.008626487246844
393,2163_LeafPhotoA_2025-09-09 11_54_54.715-05_00_2.png,3.25,1.986289328408234
394,2163_LeafPhotoA_2025-09-09 11_54_54.715-05_00_3.png,3.25,1.8728046892800179
400,1648_LeafPhotoA_2025-09-09 10_44_29.803-05_00_0.png,1.75,1.8690698038488278
401,1648_LeafPhotoA_2025-09-09 10_44_29.803-05_00_1.png,1.75,1.8858853514762965
402,1648_LeafPhotoA_2025-09-09 10_44_29.803-05_00_2.png,1.75,2.0285498276519935
403,1648_LeafPhotoA_2025-09-09 10_44_29.803-05_00_3.png,1.75,1.9231540502554432
418,1615_LeafPhotoA_2025-09-09 09_39_37.565-05_00_0.png,2.0,2.249693038808171
419,1615_LeafPhotoA_2025-09-09 09_39_37.565-05_00_1.png,2.0,1.930330327298691
420,1615_LeafPhotoA_2025-09-09 09_39_37.565-05_00_2.png,2.0,2.0959968445118413
421,1615_LeafPhotoA_2025-09-09 09_39_37.565-05_00_3.png,2.0,1.9182059229004873
426,2765_LeafPhotoA_2025-09-09 16_06_20.833-05_00_0.png,1.75,1.6737427343969535
427,2765_LeafPhotoA_2025-09-09 16_06_20.833-05_00_1.png,1.75,1.5747432544450735
428,2765_LeafPhotoA_2025-09-09 16_06_20.833-05_00_2.png,1.75,1.5002617484961733
429,2765_LeafPhotoA_2025-09-09 16_06_20.833-05_00_3.png,1.75,1.5146215595478374
440,1702_LeafPhotoA_2025-09-09 10_12_23.395-05_00_0.png,3.0,2.0370143672188945
441,1702_LeafPhotoA_2025-09-09 10_12_23.395-05_00_1.png,3.0,2.4758317516318695
442,1702_LeafPhotoA_2025-09-09 10_12_23.395-05_00_2.png,3.0,2.2101862990881957
443,1702_LeafPhotoA_2025-09-09 10_12_23.395-05_00_3.png,3.0,1.7689315700567636
451,5008_LeafPhotoA_2025-09-09 16_06_40.356-05_00_0.png,1.25,1.713724157163786
452,5008_LeafPhotoA_2025-09-09 16_06_40.356-05_00_1.png,1.25,1.8797371349052856
453,5008_LeafPhotoA_2025-09-09 16_06_40.356-05_00_2.png,1.25,1.7698898720818224
454,5008_LeafPhotoA_2025-09-09 16_06_40.356-05_00_3.png,1.25,1.606021047504697
459,1159_LeafPhotoA_2025-09-08 16_47_54.035-05_00_0.png,1.25,1.7058286797875613
460,1159_LeafPhotoA_2025-09-08 16_47_54.035-05_00_1.png,1.25,1.6457958317303312
461,1159_LeafPhotoA_2025-09-08 16_47_54.035-05_00_2.png,1.25,1.74370893047799
462,1159_LeafPhotoA_2025-09-08 16_47_54.035-05_00_3.png,1.25,1.6637863752568656
467,1022_LeafPhotoA_2025-09-08 09_57_30.921-05_00_0.png,1.5,1.8748274561659828
468,1022_LeafPhotoA_2025-09-08 09_57_30.921-05_00_1.png,1.5,1.8069109330212265
469,1022_LeafPhotoA_2025-09-08 09_57_30.921-05_00_2.png,1.5,1.734822839398303
470,1022_LeafPhotoA_2025-09-08 09_57_30.921-05_00_3.png,1.5,1.7679078613344295
471,1099_LeafPhotoA_2025-09-08 12_38_29.235-05_00_0.png,1.25,1.6827634156313531
472,1099_LeafPhotoA_2025-09-08 12_38_29.235-05_00_1.png,1.25,1.5208792615157736
473,1099_LeafPhotoA_2025-09-08 12_38_29.235-05_00_2.png,1.25,1.576317644705512
474,1099_LeafPhotoA_2025-09-08 12_38_29.235-05_00_3.png,1.25,1.5446896674983948
475,2189_LeafPhotoA_2025-09-08 17_18_50.308-05_00_0.png,1.5,1.7847027960859216
476,2189_LeafPhotoA_2025-09-08 17_18_50.308-05_00_1.png,1.5,1.7797311764423784
477,2189_LeafPhotoA_2025-09-08 17_18_50.308-05_00_2.png,1.5,1.7205940347205835
478,2189_LeafPhotoA_2025-09-08 17_18_50.308-05_00_3.png,1.5,1.724497184438941
494,2068_LeafPhotoA_2025-09-08 12_02_55.291-05_00_0.png,1.25,1.6263666737566713
495,2068_LeafPhotoA_2025-09-08 12_02_55.291-05_00_1.png,1.25,1.6905654360617597
496,2068_LeafPhotoA_2025-09-08 12_02_55.291-05_00_2.png,1.25,1.9542772889555966
497,2068_LeafPhotoA_2025-09-08 12_02_55.291-05_00_3.png,1.25,2.0139104444317306
498,1641_LeafPhotoA_2025-09-09 10_30_20.507-05_00_0.png,1.0,1.515419125722919
499,1641_LeafPhotoA_2025-09-09 10_30_20.507-05_00_1.png,1.0,1.5323417458766726
500,1641_LeafPhotoA_2025-09-09 10_30_20.507-05_00_2.png,1.0,1.5694333191175294
501,6013_LeafPhotoA_2025-09-09 16_56_02.230-05_00_0.png,1.25,1.6172861590200023
502,6013_LeafPhotoA_2025-09-09 16_56_02.230-05_00_1.png,1.25,1.6102673542774164
503,6013_LeafPhotoA_2025-09-09 16_56_02.230-05_00_2.png,1.25,1.5619613887144843
504,6013_LeafPhotoA_2025-09-09 16_56_02.230-05_00_3.png,1.25,1.6640300611554477
548,2314_LeafPhotoA_2025-09-08 10_42_26.409-05_00_0.png,1.0,1.4978436238755517
549,2314_LeafPhotoA_2025-09-08 10_42_26.409-05_00_1.png,1.0,1.5086737213165233
550,2314_LeafPhotoA_2025-09-08 10_42_26.409-05_00_2.png,1.0,1.608326896751626
559,2347_LeafPhotoA_2025-09-08 11_14_48.020-05_00_0.png,1.5,2.0452687218755328
560,2347_LeafPhotoA_2025-09-08 11_14_48.020-05_00_1.png,1.5,1.9717221237010323
569,1445_LeafPhotoB_2025-09-08 10_34_39.346-05_00_0.png,1.75,1.8048152707965979
570,1445_LeafPhotoB_2025-09-08 10_34_39.346-05_00_1.png,1.75,1.902556606684509
571,1445_LeafPhotoB_2025-09-08 10_34_39.346-05_00_2.png,1.75,1.8762164771216632
572,1445_LeafPhotoB_2025-09-08 10_34_39.346-05_00_3.png,1.75,1.8664787260383242
589,2429_LeafPhotoB_2025-09-08 11_05_20.910-05_00_0.png,2.5,1.9639827778681316
590,2429_LeafPhotoB_2025-09-08 11_05_20.910-05_00_1.png,2.5,2.353931606380231
591,2429_LeafPhotoB_2025-09-08 11_05_20.910-05_00_2.png,2.5,2.370387922216386
592,2429_LeafPhotoB_2025-09-08 11_05_20.910-05_00_3.png,2.5,2.207622177959639
597,2974_LeafPhotoA_2025-09-09 16_23_04.095-05_00_0.png,3.25,2.2451597530042764
598,2974_LeafPhotoA_2025-09-09 16_23_04.095-05_00_1.png,3.25,2.119178902434996
599,2974_LeafPhotoA_2025-09-09 16_23_04.095-05_00_2.png,3.25,2.081429335452844
600,2974_LeafPhotoA_2025-09-09 16_23_04.095-05_00_3.png,3.25,2.1637659732875476
627,1413_LeafPhotoA_2025-09-08 09_35_26.834-05_00_0.png,1.75,1.8635102597637407
628,1413_LeafPhotoA_2025-09-08 09_35_26.834-05_00_1.png,1.75,1.7457262221460177
629,1413_LeafPhotoA_2025-09-08 09_35_26.834-05_00_2.png,1.75,1.7621050210217193
630,1413_LeafPhotoA_2025-09-08 09_35_26.834-05_00_3.png,1.75,1.6749576926699612
639,6017_LeafPhotoA_2025-09-09 16_48_02.296-05_00_0.png,1.75,1.6822044848354836
640,6017_LeafPhotoA_2025-09-09 16_48_02.296-05_00_1.png,1.75,1.7066933575110825
641,6017_LeafPhotoA_2025-09-09 16_48_02.296-05_00_2.png,1.75,1.6520560661209842
642,6017_LeafPhotoA_2025-09-09 16_48_02.296-05_00_3.png,1.75,1.6211868287478772
667,1619_LeafPhotoA_2025-09-09 09_49_42.512-05_00_0.png,1.75,1.9764108667963152
668,1619_LeafPhotoA_2025-09-09 09_49_42.512-05_00_1.png,1.75,2.1503337627929344
669,1619_LeafPhotoA_2025-09-09 09_49_42.512-05_00_2.png,1.75,2.1382032292505415
670,1619_LeafPhotoA_2025-09-09 09_49_42.512-05_00_3.png,1.75,2.062642156637225
678,1531_LeafPhotoA_2025-09-09 09_29_04.886-05_00_0.png,2.25,1.98558888729448
679,1531_LeafPhotoA_2025-09-09 09_29_04.886-05_00_1.png,2.25,2.1306158769492756
680,1531_LeafPhotoA_2025-09-09 09_29_04.886-05_00_2.png,2.25,1.928569060622755
681,1531_LeafPhotoA_2025-09-09 09_29_04.886-05_00_3.png,2.25,1.6517958903017926
690,1497_LeafPhotoB_2025-09-08 17_01_53.160-05_00_0.png,1.75,1.9588751503198103
691,1497_LeafPhotoB_2025-09-08 17_01_53.160-05_00_1.png,1.75,1.8427653982405339
692,1497_LeafPhotoB_2025-09-08 17_01_53.160-05_00_2.png,1.75,1.7124252293150326
693,1497_LeafPhotoB_2025-09-08 17_01_53.160-05_00_3.png,1.75,1.7541694610321739
780,1838_LeafPhotoA_2025-09-09 09_47_07.906-05_00_0.png,1.0,1.702515909128138
781,1838_LeafPhotoA_2025-09-09 09_47_07.906-05_00_1.png,1.0,1.726733644970584
782,1838_LeafPhotoA_2025-09-09 09_47_07.906-05_00_2.png,1.0,1.854845572122952
783,1838_LeafPhotoA_2025-09-09 09_47_07.906-05_00_3.png,1.0,1.8995174139335325
788,2683_LeafPhotoA_2025-09-09 10_58_56.882-05_00_0.png,1.0,1.765304884185302
789,2683_LeafPhotoA_2025-09-09 10_58_56.882-05_00_1.png,1.0,1.8252979528677096
790,2683_LeafPhotoA_2025-09-09 10_58_56.882-05_00_2.png,1.0,1.7350065552997043
791,2683_LeafPhotoA_2025-09-09 10_58_56.882-05_00_3.png,1.0,1.5849854104622874
799,2010_LeafPhotoA_2025-09-08 10_44_22.059-05_00_0.png,1.25,1.8932599861725252
800,2010_LeafPhotoA_2025-09-08 10_44_22.059-05_00_1.png,1.25,1.7689749846780614
801,2010_LeafPhotoA_2025-09-08 10_44_22.059-05_00_2.png,1.25,1.6409447375773814
802,2010_LeafPhotoA_2025-09-08 10_44_22.059-05_00_3.png,1.25,1.7078491253829873
807,1510_LeafPhotoA_2025-09-09 09_05_13.748-05_00_0.png,1.5,1.8110711293887585
808,1510_LeafPhotoA_2025-09-09 09_05_13.748-05_00_1.png,1.5,1.8257710150437516
809,1510_LeafPhotoA_2025-09-09 09_05_13.748-05_00_2.png,1.5,1.772492939590367
810,1510_LeafPhotoA_2025-09-09 09_05_13.748-05_00_3.png,1.5,1.7489071210473108
835,2662_LeafPhotoA_2025-09-09 11_35_27.644-05_00_0.png,3.5,2.045402892425628
836,2662_LeafPhotoA_2025-09-09 11_35_27.644-05_00_1.png,3.5,2.0691351455239793
837,2662_LeafPhotoA_2025-09-09 11_35_27.644-05_00_2.png,3.5,2.117178089447245
838,2662_LeafPhotoA_2025-09-09 11_35_27.644-05_00_3.png,3.5,1.9759881481822283
886,2153_LeafPhotoA_2025-09-08 12_29_10.390-05_00_0.png,1.25,1.6350227005643991
887,2153_LeafPhotoA_2025-09-08 12_29_10.390-05_00_1.png,1.25,1.6649265264856405
888,2153_LeafPhotoA_2025-09-08 12_29_10.390-05_00_2.png,1.25,1.5755729896715767
889,2153_LeafPhotoA_2025-09-08 12_29_10.390-05_00_3.png,1.25,1.6348719938973426
890,2248_LeafPhotoA_2025-09-08 12_01_20.448-05_00_0.png,1.5,1.7412490580598152
891,2248_LeafPhotoA_2025-09-08 12_01_20.448-05_00_1.png,1.5,1.6338865736874644
892,2248_LeafPhotoA_2025-09-08 12_01_20.448-05_00_2.png,1.5,1.74105422919229
893,2248_LeafPhotoA_2025-09-08 12_01_20.448-05_00_3.png,1.5,1.707398109537234
912,1811_LeafPhotoA_2025-09-09 09_05_51.708-05_00_0.png,1.5,1.6937317237178877
913,1811_LeafPhotoA_2025-09-09 09_05_51.708-05_00_1.png,1.5,1.721818013213136
914,1811_LeafPhotoA_2025-09-09 09_05_51.708-05_00_2.png,1.5,1.874641003901356
937,2950_LeafPhotoA_2025-09-09 16_20_58.442-05_00_0.png,2.0,1.699752039022066
938,2950_LeafPhotoA_2025-09-09 16_20_58.442-05_00_1.png,2.0,1.5749521223673693
939,2950_LeafPhotoA_2025-09-09 16_20_58.442-05_00_2.png,2.0,1.699344753697599
940,2950_LeafPhotoA_2025-09-09 16_20_58.442-05_00_3.png,2.0,1.9138758572295718
1006,1062_LeafPhotoA_2025-09-08 12_54_11.961-05_00_0.png,3.25,2.202448949750225
1007,1062_LeafPhotoA_2025-09-08 12_54_11.961-05_00_1.png,3.25,2.4412603023016115
1008,1062_LeafPhotoA_2025-09-08 12_54_11.961-05_00_2.png,3.25,2.265919781757631
1009,1062_LeafPhotoA_2025-09-08 12_54_11.961-05_00_3.png,3.25,2.0520032554483993
1073,1402_LeafPhotoB_2025-09-08 10_39_37.458-05_00_0.png,1.75,1.8694582369921946
1074,1402_LeafPhotoB_2025-09-08 10_39_37.458-05_00_1.png,1.75,2.092243490041092
1075,1402_LeafPhotoB_2025-09-08 10_39_37.458-05_00_2.png,1.75,1.9163061146692144
1076,1402_LeafPhotoB_2025-09-08 10_39_37.458-05_00_3.png,1.75,1.9798553894219526
1098,1005_LeafPhotoA_2025-09-08 09_35_15.574-05_00_0.png,2.0,1.9081539172722402
1099,1005_LeafPhotoA_2025-09-08 09_35_15.574-05_00_1.png,2.0,1.9857658279614543
1100,1005_LeafPhotoA_2025-09-08 09_35_15.574-05_00_2.png,2.0,1.8591266031977136
1101,1005_LeafPhotoA_2025-09-08 09_35_15.574-05_00_3.png,2.0,1.958670109051882
1117,2218_LeafPhotoA_2025-09-08 11_14_46.146-05_00_0.png,1.25,1.8182472032754546
1118,2218_LeafPhotoA_2025-09-08 11_14_46.146-05_00_1.png,1.25,1.7878990033301179
1119,2218_LeafPhotoA_2025-09-08 11_14_46.146-05_00_2.png,1.25,1.7125286034592337
1120,2218_LeafPhotoA_2025-09-08 11_14_46.146-05_00_3.png,1.25,1.7497734244850143
1143,1997_LeafPhotoA_2025-09-09 15_58_29.800-05_00_0.png,2.0,2.1526814123662996
1144,1997_LeafPhotoA_2025-09-09 15_58_29.800-05_00_1.png,2.0,2.025581116334503
1145,1997_LeafPhotoA_2025-09-09 15_58_29.800-05_00_2.png,2.0,2.1601270706310363
1146,1997_LeafPhotoA_2025-09-09 15_58_29.800-05_00_3.png,2.0,2.2963668453507866
1154,1404_LeafPhotoB_2025-09-08 09_58_06.206-05_00_0.png,2.25,1.685412897484783
1155,1404_LeafPhotoB_2025-09-08 09_58_06.206-05_00_1.png,2.25,1.838120101840883
1156,1404_LeafPhotoB_2025-09-08 09_58_06.206-05_00_2.png,2.25,1.8179343486428434
1157,1404_LeafPhotoB_2025-09-08 09_58_06.206-05_00_3.png,2.25,1.8164498809476564
1169,2189_LeafPhotoA_2025-09-08 17_18_33.881-05_00_0.png,1.0,1.6219824919626586
1170,2189_LeafPhotoA_2025-09-08 17_18_33.881-05_00_1.png,1.0,1.5538965458883212
1171,2189_LeafPhotoA_2025-09-08 17_18_33.881-05_00_2.png,1.0,1.4765636145008232
1172,2189_LeafPhotoA_2025-09-08 17_18_33.881-05_00_3.png,1.0,1.537533399739379
1181,2273_LeafPhotoA_2025-09-08 17_10_20.317-05_00_0.png,2.0,1.8547750482375083
1182,2273_LeafPhotoA_2025-09-08 17_10_20.317-05_00_1.png,2.0,1.8064928766122648
1183,2273_LeafPhotoA_2025-09-08 17_10_20.317-05_00_2.png,2.0,1.8069914198038237
1184,2273_LeafPhotoA_2025-09-08 17_10_20.317-05_00_3.png,2.0,1.8643937643561288
1193,2182_LeafPhotoA_2025-09-09 12_26_51.449-05_00_0.png,2.5,1.9455117943739264
1194,2182_LeafPhotoA_2025-09-09 12_26_51.449-05_00_1.png,2.5,2.1750747312900955
1195,2182_LeafPhotoA_2025-09-09 12_26_51.449-05_00_2.png,2.5,2.0600340790602023
1196,2182_LeafPhotoA_2025-09-09 12_26_51.449-05_00_3.png,2.5,2.3017548986352185
1225,2794_LeafPhotoA_2025-09-09 11_14_44.812-05_00_0.png,1.25,1.6716837371255908
1229,1935_LeafPhotoA_2025-09-09 15_31_58.041-05_00_0.png,2.5,2.0594782311162922
1230,1935_LeafPhotoA_2025-09-09 15_31_58.041-05_00_1.png,2.5,2.1855861802205654
1231,1935_LeafPhotoA_2025-09-09 15_31_58.041-05_00_2.png,2.5,2.1700381994202633
1232,1935_LeafPhotoA_2025-09-09 15_31_58.041-05_00_3.png,2.5,2.5938378590614457
1247,1350_LeafPhotoA_2025-09-08 10_18_59.648-05_00_0.png,1.75,1.6716030794505052
1248,2884_LeafPhotoA_2025-09-09 14_07_40.879-05_00_0.png,1.5,1.7710396280276306
1249,2884_LeafPhotoA_2025-09-09 14_07_40.879-05_00_1.png,1.5,1.7479229777324785
1250,2884_LeafPhotoA_2025-09-09 14_07_40.879-05_00_2.png,1.5,1.7037993288316418
1251,2884_LeafPhotoA_2025-09-09 14_07_40.879-05_00_3.png,1.5,1.8063255359549872
1265,1181_LeafPhotoA_2025-09-08 16_13_30.089-05_00_0.png,2.5,2.230918097851437
1266,1181_LeafPhotoA_2025-09-08 16_13_30.089-05_00_1.png,2.5,2.381112357252739
1267,1181_LeafPhotoA_2025-09-08 16_13_30.089-05_00_2.png,2.5,2.3111416408883527
1268,1181_LeafPhotoA_2025-09-08 16_13_30.089-05_00_3.png,2.5,2.1209625831935246
1296,2814_LeafPhotoA_2025-09-09 10_25_44.101-05_00_0.png,3.25,1.9566838340502235
1297,2814_LeafPhotoA_2025-09-09 10_25_44.101-05_00_1.png,3.25,2.3409031935986273
1298,2814_LeafPhotoA_2025-09-09 10_25_44.101-05_00_2.png,3.25,2.81934076488527
1299,2814_LeafPhotoA_2025-09-09 10_25_44.101-05_00_3.png,3.25,2.573316973288723
1320,1525_LeafPhotoA_2025-09-09 09_23_09.815-05_00_0.png,2.25,2.1746402335159125
1321,1525_LeafPhotoA_2025-09-09 09_23_09.815-05_00_1.png,2.25,2.0037436340784844
1322,1525_LeafPhotoA_2025-09-09 09_23_09.815-05_00_2.png,2.25,2.028252348829363
1323,1525_LeafPhotoA_2025-09-09 09_23_09.815-05_00_3.png,2.25,1.8954727100420787
1332,1402_LeafPhotoB_2025-09-08 10_40_07.212-05_00_0.png,2.25,1.8749757999425185
1333,1402_LeafPhotoB_2025-09-08 10_40_07.212-05_00_1.png,2.25,1.8762321150641594
1334,1402_LeafPhotoB_2025-09-08 10_40_07.212-05_00_2.png,2.25,2.074455654979553
1335,1402_LeafPhotoB_2025-09-08 10_40_07.212-05_00_3.png,2.25,2.176511035411384
1387,2729_LeafPhotoA_2025-09-09 10_55_43.588-05_00_0.png,4.0,3.2400060555092476
1388,2729_LeafPhotoA_2025-09-09 10_55_43.588-05_00_1.png,4.0,3.2118862272882214
1389,2729_LeafPhotoA_2025-09-09 10_55_43.588-05_00_2.png,4.0,3.08824112389302
1390,2729_LeafPhotoA_2025-09-09 10_55_43.588-05_00_3.png,4.0,2.866577372146257
1399,2286_LeafPhotoA_2025-09-08 16_54_14.459-05_00_0.png,1.75,1.6901625426910831
1400,2286_LeafPhotoA_2025-09-08 16_54_14.459-05_00_1.png,1.75,1.8001496804315122
1401,2286_LeafPhotoA_2025-09-08 16_54_14.459-05_00_2.png,1.75,1.8698580365641126
1402,2286_LeafPhotoA_2025-09-08 16_54_14.459-05_00_3.png,1.75,2.083781831816277
1403,1167_LeafPhotoA_2025-09-08 16_37_11.962-05_00_0.png,1.75,1.8799777815171592
1416,2817_LeafPhotoA_2025-09-09 10_29_25.768-05_00_0.png,1.0,1.707229196904603
1417,2817_LeafPhotoA_2025-09-09 10_29_25.768-05_00_1.png,1.0,1.6243102631157966
1418,2817_LeafPhotoA_2025-09-09 10_29_25.768-05_00_2.png,1.0,1.6718578417340024
1419,2817_LeafPhotoA_2025-09-09 10_29_25.768-05_00_3.png,1.0,1.6269999749705635
1459,2791_LeafPhotoA_2025-09-09 11_24_33.408-05_00_0.png,2.75,1.8371037600242324
1460,2791_LeafPhotoA_2025-09-09 11_24_33.408-05_00_1.png,2.75,1.9295150605794023
1461,2791_LeafPhotoA_2025-09-09 11_24_33.408-05_00_2.png,2.75,2.0061055522958595
1462,2791_LeafPhotoA_2025-09-09 11_24_33.408-05_00_3.png,2.75,1.9342032263688633
1477,2009_LeafPhotoA_2025-09-08 10_43_35.775-05_00_0.png,1.5,1.6982572439170731
1478,2009_LeafPhotoA_2025-09-08 10_43_35.775-05_00_1.png,1.5,1.7538907026567638
1479,2009_LeafPhotoA_2025-09-08 10_43_35.775-05_00_2.png,1.5,1.9308682195248563
1480,2009_LeafPhotoA_2025-09-08 10_43_35.775-05_00_3.png,1.5,1.7617357269958847
1510,1034_LeafPhotoA_2025-09-08 10_10_03.182-05_00_0.png,2.0,2.127698824151997
1511,1034_LeafPhotoA_2025-09-08 10_10_03.182-05_00_1.png,2.0,2.0814817381370205
1512,1034_LeafPhotoA_2025-09-08 10_10_03.182-05_00_2.png,2.0,2.1683573574688126
1531,1417_LeafPhotoB_2025-09-08 10_11_12.838-05_00_0.png,2.5,1.8336870725271448
1532,1417_LeafPhotoB_2025-09-08 10_11_12.838-05_00_1.png,2.5,1.9349069487229327
1533,1417_LeafPhotoB_2025-09-08 10_11_12.838-05_00_2.png,2.5,2.171250865047691
1534,1417_LeafPhotoB_2025-09-08 10_11_12.838-05_00_3.png,2.5,1.9830625394091919
1543,1075_LeafPhotoA_2025-09-08 13_08_10.230-05_00_0.png,2.0,1.9292658838874979
1544,1075_LeafPhotoA_2025-09-08 13_08_10.230-05_00_1.png,2.0,1.756781530940394
1545,1075_LeafPhotoA_2025-09-08 13_08_10.230-05_00_2.png,2.0,1.775957214472404
1546,1075_LeafPhotoA_2025-09-08 13_08_10.230-05_00_3.png,2.0,2.0522125183145894
1565,2699_LeafPhotoA_2025-09-09 10_27_27.811-05_00_0.png,3.0,1.973753592572575
1566,2699_LeafPhotoA_2025-09-09 10_27_27.811-05_00_1.png,3.0,1.8717918467841075
1567,2699_LeafPhotoA_2025-09-09 10_27_27.811-05_00_2.png,3.0,1.9072168172528081
1568,2699_LeafPhotoA_2025-09-09 10_27_27.811-05_00_3.png,3.0,2.017576674321838
1636,1389_LeafPhotoA_2025-09-08 13_08_37.035-05_00_0.png,1.75,1.8653106580059948
1637,1389_LeafPhotoA_2025-09-08 13_08_37.035-05_00_1.png,1.75,1.8255493749635583
1638,1389_LeafPhotoA_2025-09-08 13_08_37.035-05_00_2.png,1.75,1.9745457115697043
1651,2460_LeafPhotoB_2025-09-08 11_37_28.626-05_00_0.png,1.75,1.751052181818726
1652,2460_LeafPhotoB_2025-09-08 11_37_28.626-05_00_1.png,1.75,1.7160982514683178
1653,2460_LeafPhotoB_2025-09-08 11_37_28.626-05_00_2.png,1.75,1.9876053482515366
1654,2460_LeafPhotoB_2025-09-08 11_37_28.626-05_00_3.png,1.75,2.231480895591479
1659,1445_LeafPhotoB_2025-09-08 10_33_50.397-05_00_0.png,1.5,1.6629433740494113
1660,1445_LeafPhotoB_2025-09-08 10_33_50.397-05_00_1.png,1.5,1.6851655722910557
1661,1445_LeafPhotoB_2025-09-08 10_33_50.397-05_00_2.png,1.5,1.7684933134317813
1662,1445_LeafPhotoB_2025-09-08 10_33_50.397-05_00_3.png,1.5,1.8246796255430153
1678,2318_LeafPhotoA_2025-09-08 10_46_13.359-05_00_0.png,1.5,1.8393474757812986
1679,2318_LeafPhotoA_2025-09-08 10_46_13.359-05_00_1.png,1.5,2.019726979716047
1691,1234_LeafPhotoA_2025-09-08 10_20_18.045-05_00_0.png,1.75,1.7126330298492651
1692,1234_LeafPhotoA_2025-09-08 10_20_18.045-05_00_1.png,1.75,1.7065747922778687
1693,1234_LeafPhotoA_2025-09-08 10_20_18.045-05_00_2.png,1.75,1.7752404292044388
1694,1234_LeafPhotoA_2025-09-08 10_20_18.045-05_00_3.png,1.75,1.5747193533769586
1695,1279_LeafPhotoA_2025-09-08 16_08_00.467-05_00_0.png,1.0,1.5087591111552994
1696,1279_LeafPhotoA_2025-09-08 16_08_00.467-05_00_1.png,1.0,1.4487416507605169
1697,1279_LeafPhotoA_2025-09-08 16_08_00.467-05_00_2.png,1.0,1.4298521069895884
1698,1279_LeafPhotoA_2025-09-08 16_08_00.467-05_00_3.png,1.0,1.579229664348666
1704,1417_LeafPhotoB_2025-09-08 10_10_54.682-05_00_0.png,2.25,1.7724874163754778
1705,1417_LeafPhotoB_2025-09-08 10_10_54.682-05_00_1.png,2.25,1.6813590884913447
1706,1417_LeafPhotoB_2025-09-08 10_10_54.682-05_00_2.png,2.25,1.917150987797175
1707,1417_LeafPhotoB_2025-09-08 10_10_54.682-05_00_3.png,2.25,1.9364108924378853
1726,1043_LeafPhotoA_2025-09-08 10_21_46.526-05_00_0.png,3.0,2.0586259026813387
1727,1043_LeafPhotoA_2025-09-08 10_21_46.526-05_00_1.png,3.0,1.74792527983211
1728,1043_LeafPhotoA_2025-09-08 10_21_46.526-05_00_2.png,3.0,1.7326104030808933
1729,1043_LeafPhotoA_2025-09-08 10_21_46.526-05_00_3.png,3.0,1.5648602674665937
1739,1488_LeafPhotoB_2025-09-08 16_52_36.463-05_00_0.png,2.75,2.1066786339126713
1740,1488_LeafPhotoB_2025-09-08 16_52_36.463-05_00_1.png,2.75,2.2657121678559395
1741,1488_LeafPhotoB_2025-09-08 16_52_36.463-05_00_2.png,2.75,2.0836369982034646
1742,1488_LeafPhotoB_2025-09-08 16_52_36.463-05_00_3.png,2.75,2.0574716726664293
1761,1456_LeafPhotoB_2025-09-08 12_32_32.393-05_00_0.png,1.25,1.6418116376514202
1762,1456_LeafPhotoB_2025-09-08 12_32_32.393-05_00_1.png,1.25,1.6088480063752892
1763,1456_LeafPhotoB_2025-09-08 12_32_32.393-05_00_2.png,1.25,1.6748252800511891
1764,1456_LeafPhotoB_2025-09-08 12_32_32.393-05_00_3.png,1.25,1.7588677489628521
1855,1181_LeafPhotoA_2025-09-08 16_13_46.902-05_00_0.png,2.5,1.8894788482214946
1856,1181_LeafPhotoA_2025-09-08 16_13_46.902-05_00_1.png,2.5,2.193688038258181
1857,1181_LeafPhotoA_2025-09-08 16_13_46.902-05_00_2.png,2.5,2.256616256557626
1858,1181_LeafPhotoA_2025-09-08 16_13_46.902-05_00_3.png,2.5,2.237748912837534
1860,5009_LeafPhotoA_2025-09-09 16_08_39.148-05_00_0.png,1.75,1.7754724610543113
1861,5009_LeafPhotoA_2025-09-09 16_08_39.148-05_00_1.png,1.75,1.784565887210914
1862,5009_LeafPhotoA_2025-09-09 16_08_39.148-05_00_2.png,1.75,1.7111632739286586
1863,5009_LeafPhotoA_2025-09-09 16_08_39.148-05_00_3.png,1.75,1.8572784359209478
1872,1413_LeafPhotoA_2025-09-08 09_35_09.246-05_00_0.png,1.75,2.011967776901891
1873,1413_LeafPhotoA_2025-09-08 09_35_09.246-05_00_1.png,1.75,2.042293537570531
1874,1413_LeafPhotoA_2025-09-08 09_35_09.246-05_00_2.png,1.75,2.090929071151014
1883,2586_LeafPhotoA_2025-09-09 10_34_33.986-05_00_0.png,1.25,1.6498015091776712
1884,2586_LeafPhotoA_2025-09-09 10_34_33.986-05_00_1.png,1.25,1.456840239689504
1885,2586_LeafPhotoA_2025-09-09 10_34_33.986-05_00_2.png,1.25,1.4611121676919865
1886,2586_LeafPhotoA_2025-09-09 10_34_33.986-05_00_3.png,1.25,1.494158012309328
1893,2055_LeafPhotoA_2025-09-08 11_49_38.748-05_00_0.png,2.75,1.8587049062729224
1894,2055_LeafPhotoA_2025-09-08 11_49_38.748-05_00_1.png,2.75,1.750594908212846
1895,2055_LeafPhotoA_2025-09-08 11_49_38.748-05_00_2.png,2.75,1.7758666542435895
1924,1878_LeafPhotoA_2025-09-09 17_05_46.079-05_00_0.png,1.75,1.7520979770036471
1925,1878_LeafPhotoA_2025-09-09 17_05_46.079-05_00_1.png,1.75,1.6572835771362282
1926,1878_LeafPhotoA_2025-09-09 17_05_46.079-05_00_2.png,1.75,1.688967323268408
1927,1878_LeafPhotoA_2025-09-09 17_05_46.079-05_00_3.png,1.75,1.7025706646473873
1940,1631_LeafPhotoA_2025-09-09 10_13_12.245-05_00_0.png,1.5,1.6902108808660672
1941,1631_LeafPhotoA_2025-09-09 10_13_12.245-05_00_1.png,1.5,1.7489797660987676
1942,1631_LeafPhotoA_2025-09-09 10_13_12.245-05_00_2.png,1.5,1.9186888744246535
1943,1075_LeafPhotoA_2025-09-08 13_08_28.899-05_00_0.png,2.25,1.84693804257175
1944,1075_LeafPhotoA_2025-09-08 13_08_28.899-05_00_1.png,2.25,1.7290336732017264
1945,1075_LeafPhotoA_2025-09-08 13_08_28.899-05_00_2.png,2.25,1.712574173912602
1946,1075_LeafPhotoA_2025-09-08 13_08_28.899-05_00_3.png,2.25,1.8497260475055566
1955,2395_LeafPhotoA_2025-09-08 12_20_28.826-05_00_0.png,1.5,1.6978291692970486
1956,2395_LeafPhotoA_2025-09-08 12_20_28.826-05_00_1.png,1.5,1.7003993260637995
1957,2395_LeafPhotoA_2025-09-08 12_20_28.826-05_00_2.png,1.5,1.6398192260812232
1958,2395_LeafPhotoA_2025-09-08 12_20_28.826-05_00_3.png,1.5,1.6402078298486003
1984,2630_LeafPhotoA_2025-09-09 11_53_58.743-05_00_0.png,2.0,1.7481034778273548
1985,2630_LeafPhotoA_2025-09-09 11_53_58.743-05_00_1.png,2.0,1.8045386682747377
1986,2630_LeafPhotoA_2025-09-09 11_53_58.743-05_00_2.png,2.0,1.8654595112919428
1987,2630_LeafPhotoA_2025-09-09 11_53_58.743-05_00_3.png,2.0,1.9147414187800234
2000,1904_LeafPhotoA_2025-09-09 14_38_44.936-05_00_0.png,1.75,1.6649903544633624
2001,1904_LeafPhotoA_2025-09-09 14_38_44.936-05_00_1.png,1.75,1.7025146778710059
2002,1904_LeafPhotoA_2025-09-09 14_38_44.936-05_00_2.png,1.75,1.7387367769220512
2003,1904_LeafPhotoA_2025-09-09 14_38_44.936-05_00_3.png,1.75,1.7343105784859854
2027,2597_LeafPhotoA_2025-09-09 10_25_46.649-05_00_0.png,1.75,1.6869910675624677
2028,2597_LeafPhotoA_2025-09-09 10_25_46.649-05_00_1.png,1.75,1.8221444557155655
2029,2597_LeafPhotoA_2025-09-09 10_25_46.649-05_00_2.png,1.75,1.8425805116939007
2067,1010_LeafPhotoA_2025-09-08 09_41_44.218-05_00_0.png,2.0,1.9967981062267055
2068,1010_LeafPhotoA_2025-09-08 09_41_44.218-05_00_1.png,2.0,1.8775741357312568
2069,1010_LeafPhotoA_2025-09-08 09_41_44.218-05_00_2.png,2.0,1.9178055301180306
2070,1010_LeafPhotoA_2025-09-08 09_41_44.218-05_00_3.png,2.0,1.8723721750815412
2079,1259_LeafPhotoA_2025-09-08 16_30_23.555-05_00_0.png,2.75,2.249631909363138
2080,1259_LeafPhotoA_2025-09-08 16_30_23.555-05_00_1.png,2.75,2.2744602170955694
2081,1259_LeafPhotoA_2025-09-08 16_30_23.555-05_00_2.png,2.75,2.2507930152385462
2082,1259_LeafPhotoA_2025-09-08 16_30_23.555-05_00_3.png,2.75,2.1953288712205135
2083,2561_LeafPhotoA_2025-09-09 11_01_04.730-05_00_0.png,1.75,1.9231187395049623
2084,2561_LeafPhotoA_2025-09-09 11_01_04.730-05_00_1.png,1.75,1.720080196531338
2085,2561_LeafPhotoA_2025-09-09 11_01_04.730-05_00_2.png,1.75,1.700962356074295
2086,2561_LeafPhotoA_2025-09-09 11_01_04.730-05_00_3.png,1.75,1.696996456709498
2107,1202_LeafPhotoA_2025-09-08 10_46_25.784-05_00_0.png,1.25,1.7573186845833906
2108,1202_LeafPhotoA_2025-09-08 10_46_25.784-05_00_1.png,1.25,1.672301887024797
2109,1202_LeafPhotoA_2025-09-08 10_46_25.784-05_00_2.png,1.25,1.578807227505467
2110,1202_LeafPhotoA_2025-09-08 10_46_25.784-05_00_3.png,1.25,1.6770199593220099
2134,1746_LeafPhotoA_2025-09-09 10_03_34.287-05_00_0.png,1.5,2.086997004908575
2135,1746_LeafPhotoA_2025-09-09 10_03_34.287-05_00_1.png,1.5,1.9666292372989362
2136,1746_LeafPhotoA_2025-09-09 10_03_34.287-05_00_2.png,1.5,2.079487276010884
2137,1931_LeafPhotoA_2025-09-09 15_27_04.726-05_00_0.png,1.25,1.7172134255743978
2138,1931_LeafPhotoA_2025-09-09 15_27_04.726-05_00_1.png,1.25,1.5810313574239663
2139,1931_LeafPhotoA_2025-09-09 15_27_04.726-05_00_2.png,1.25,1.6840351964069065
2140,1931_LeafPhotoA_2025-09-09 15_27_04.726-05_00_3.png,1.25,1.6354807788566494
2153,1206_LeafPhotoA_2025-09-08 09_30_08.342-05_00_0.png,2.0,1.5834671576774908
2154,1206_LeafPhotoA_2025-09-08 09_30_08.342-05_00_1.png,2.0,1.7562845208805937
2155,1206_LeafPhotoA_2025-09-08 09_30_08.342-05_00_2.png,2.0,1.6133897960878425
2156,1206_LeafPhotoA_2025-09-08 09_30_08.342-05_00_3.png,2.0,1.6934679846118517
2169,1163_LeafPhotoA_2025-09-08 16_42_10.758-05_00_0.png,1.25,1.873240685133294
2170,1163_LeafPhotoA_2025-09-08 16_42_10.758-05_00_1.png,1.25,1.7855852213482828
2171,1163_LeafPhotoA_2025-09-08 16_42_10.758-05_00_2.png,1.25,1.7788026926060987
2172,1163_LeafPhotoA_2025-09-08 16_42_10.758-05_00_3.png,1.25,1.7797799991438732
2173,2518_LeafPhotoA_2025-09-09 10_14_44.963-05_00_0.png,2.25,1.8829332628478341
2174,2518_LeafPhotoA_2025-09-09 10_14_44.963-05_00_1.png,2.25,2.0592875970742655
2175,2518_LeafPhotoA_2025-09-09 10_14_44.963-05_00_2.png,2.25,2.3334021637475577
2176,2518_LeafPhotoA_2025-09-09 10_14_44.963-05_00_3.png,2.25,2.1428623127997177
2181,2429_LeafPhotoB_2025-09-08 11_06_06.696-05_00_0.png,2.25,1.776304228200705
2182,1227_LeafPhotoA_2025-09-08 10_09_23.405-05_00_0.png,2.25,1.8288217683982972
2183,1227_LeafPhotoA_2025-09-08 10_09_23.405-05_00_1.png,2.25,1.9935612237242462
2188,,1.75,1.9002273745274898
2206,2403_LeafPhotoB_2025-09-08 10_42_58.623-05_00_0.png,1.25,1.5138073773205352
2207,2403_LeafPhotoB_2025-09-08 10_42_58.623-05_00_1.png,1.25,1.5195764956720843
2208,2403_LeafPhotoB_2025-09-08 10_42_58.623-05_00_2.png,1.25,1.4736287790977223
2209,2403_LeafPhotoB_2025-09-08 10_42_58.623-05_00_3.png,1.25,1.619870318994158
2223,1700_LeafPhotoA_2025-09-09 10_24_58.399-05_00_0.png,2.0,1.9052753397201916
2224,1700_LeafPhotoA_2025-09-09 10_24_58.399-05_00_1.png,2.0,2.060314339932084
2225,1700_LeafPhotoA_2025-09-09 10_24_58.399-05_00_2.png,2.0,2.2023522968581997
2230,,1.75,1.9002273745274898
2247,1774_LeafPhotoA_2025-09-09 09_53_13.789-05_00_0.png,1.25,1.6909246205398494
2248,1774_LeafPhotoA_2025-09-09 09_53_13.789-05_00_1.png,1.25,1.5650210262411302
2249,1774_LeafPhotoA_2025-09-09 09_53_13.789-05_00_2.png,1.25,1.950648218027959
2250,1774_LeafPhotoA_2025-09-09 09_53_13.789-05_00_3.png,1.25,2.075521300594829
2251,2692_LeafPhotoA_2025-09-09 10_39_36.661-05_00_0.png,1.25,1.7869493521864845
2252,2692_LeafPhotoA_2025-09-09 10_39_36.661-05_00_1.png,1.25,1.6728345876152577
2253,2692_LeafPhotoA_2025-09-09 10_39_36.661-05_00_2.png,1.25,1.7384239859226307
2254,2692_LeafPhotoA_2025-09-09 10_39_36.661-05_00_3.png,1.25,1.7613201409014108
2283,1490_LeafPhotoB_2025-09-08 16_54_44.052-05_00_0.png,1.5,1.9192152050628253
2284,1490_LeafPhotoB_2025-09-08 16_54_44.052-05_00_1.png,1.5,2.0741751329774742
2285,1490_LeafPhotoB_2025-09-08 16_54_44.052-05_00_2.png,1.5,2.054995718699085
2306,1182_LeafPhotoA_2025-09-08 16_12_58.388-05_00_0.png,1.5,1.794212897368083
2307,1182_LeafPhotoA_2025-09-08 16_12_58.388-05_00_1.png,1.5,1.796253076429934
2308,1182_LeafPhotoA_2025-09-08 16_12_58.388-05_00_2.png,1.5,1.806561566941115
2309,1182_LeafPhotoA_2025-09-08 16_12_58.388-05_00_3.png,1.5,1.8380093823695793
2336,1220_LeafPhotoA_2025-09-08 09_59_32.289-05_00_0.png,2.25,1.7092346780004475
2337,1220_LeafPhotoA_2025-09-08 09_59_32.289-05_00_1.png,2.25,1.6100064638520524
2338,1220_LeafPhotoA_2025-09-08 09_59_32.289-05_00_2.png,2.25,1.6690275064775828
2339,1220_LeafPhotoA_2025-09-08 09_59_32.289-05_00_3.png,2.25,1.6811817653558172
2344,1550_LeafPhotoA_2025-09-09 09_52_22.748-05_00_0.png,2.25,2.0606181000801755
2345,1550_LeafPhotoA_2025-09-09 09_52_22.748-05_00_1.png,2.25,1.9233793113025883
2346,1550_LeafPhotoA_2025-09-09 09_52_22.748-05_00_2.png,2.25,1.648025960584108
2347,1550_LeafPhotoA_2025-09-09 09_52_22.748-05_00_3.png,2.25,1.7420801697156192
2358,2234_LeafPhotoA_2025-09-08 11_39_18.537-05_00_0.png,1.75,1.757647319380968
2359,2234_LeafPhotoA_2025-09-08 11_39_18.537-05_00_1.png,1.75,1.616720723982043
2360,2234_LeafPhotoA_2025-09-08 11_39_18.537-05_00_2.png,1.75,1.7755841731797617
2361,2234_LeafPhotoA_2025-09-08 11_39_18.537-05_00_3.png,1.75,1.86096249707966
2373,2201_LeafPhotoA_2025-09-08 10_47_34.501-05_00_0.png,1.25,1.6910031098502463
2374,2201_LeafPhotoA_2025-09-08 10_47_34.501-05_00_1.png,1.25,1.709579328981418
2375,2201_LeafPhotoA_2025-09-08 10_47_34.501-05_00_2.png,1.25,1.6695071256930767
2376,2201_LeafPhotoA_2025-09-08 10_47_34.501-05_00_3.png,1.25,1.6706111331121005
2377,1174_LeafPhotoA_2025-09-08 16_26_52.134-05_00_0.png,1.5,1.834964679917176
2378,1174_LeafPhotoA_2025-09-08 16_26_52.134-05_00_1.png,1.5,1.8213840711303957
2379,1174_LeafPhotoA_2025-09-08 16_26_52.134-05_00_2.png,1.5,1.8999334762674558
2380,1174_LeafPhotoA_2025-09-08 16_26_52.134-05_00_3.png,1.5,2.0163780071980546
2381,1278_LeafPhotoA_2025-09-08 16_08_45.462-05_00_0.png,2.0,2.069096757484432
2382,1278_LeafPhotoA_2025-09-08 16_08_45.462-05_00_1.png,2.0,2.1366492388688596
2383,1278_LeafPhotoA_2025-09-08 16_08_45.462-05_00_2.png,2.0,1.8245932133849112
2384,1278_LeafPhotoA_2025-09-08 16_08_45.462-05_00_3.png,2.0,1.9115008416434485
2385,1735_LeafPhotoA_2025-09-09 09_46_39.828-05_00_0.png,3.25,2.9212829291916917
2386,1735_LeafPhotoA_2025-09-09 09_46_39.828-05_00_1.png,3.25,2.8690233221943746
2387,1735_LeafPhotoA_2025-09-09 09_46_39.828-05_00_2.png,3.25,2.899059178724037
2388,1735_LeafPhotoA_2025-09-09 09_46_39.828-05_00_3.png,3.25,2.2371782821509982
2389,2174_LeafPhotoA_2025-09-09 12_15_14.269-05_00_0.png,2.25,1.859357675613286
2390,2174_LeafPhotoA_2025-09-09 12_15_14.269-05_00_1.png,2.25,2.0407461859355243
2391,2174_LeafPhotoA_2025-09-09 12_15_14.269-05_00_2.png,2.25,2.1328312013422304
2392,2174_LeafPhotoA_2025-09-09 12_15_14.269-05_00_3.png,2.25,2.2815036403332654
2393,1702_LeafPhotoA_2025-09-09 10_12_12.772-05_00_0.png,3.0,2.6447677653551316
2394,1702_LeafPhotoA_2025-09-09 10_12_12.772-05_00_1.png,3.0,2.593944320639658
2395,1702_LeafPhotoA_2025-09-09 10_12_12.772-05_00_2.png,3.0,2.7360794443201555
2396,1702_LeafPhotoA_2025-09-09 10_12_12.772-05_00_3.png,3.0,2.357383152973903
2412,2101_LeafPhotoA_2025-09-08 10_53_40.932-05_00_0.png,1.75,1.7560062914238617
2413,2101_LeafPhotoA_2025-09-08 10_53_40.932-05_00_1.png,1.75,1.5980491376063164
2414,2101_LeafPhotoA_2025-09-08 10_53_40.932-05_00_2.png,1.75,1.5641020186706136
2415,2101_LeafPhotoA_2025-09-08 10_53_40.932-05_00_3.png,1.75,1.6074360706981639
2446,2201_LeafPhotoA_2025-09-08 10_47_11.543-05_00_0.png,1.0,1.5894163057945958
2447,2201_LeafPhotoA_2025-09-08 10_47_11.543-05_00_1.png,1.0,1.4343716970379121
2448,2201_LeafPhotoA_2025-09-08 10_47_11.543-05_00_2.png,1.0,1.5082201350564355
2449,2201_LeafPhotoA_2025-09-08 10_47_11.543-05_00_3.png,1.0,1.4786414233198293
2454,1784_LeafPhotoA_2025-09-09 09_29_57.480-05_00_0.png,1.5,1.6633453619000247
2455,1784_LeafPhotoA_2025-09-09 09_29_57.480-05_00_1.png,1.5,1.6624930239143672
2456,1784_LeafPhotoA_2025-09-09 09_29_57.480-05_00_2.png,1.5,1.7305304774595602
2457,1784_LeafPhotoA_2025-09-09 09_29_57.480-05_00_3.png,1.5,1.6795023180616249
2458,2756_LeafPhotoA_2025-09-09 16_27_37.923-05_00_0.png,1.25,1.625533578185088
2459,2756_LeafPhotoA_2025-09-09 16_27_37.923-05_00_1.png,1.25,1.5831540308891319
2460,1329_LeafPhotoA_2025-09-08 09_56_53.667-05_00_0.png,2.5,1.9111391311789911
2461,1329_LeafPhotoA_2025-09-08 09_56_53.667-05_00_1.png,2.5,1.8723569675830698
2462,1329_LeafPhotoA_2025-09-08 09_56_53.667-05_00_2.png,2.5,1.866260377522375
2463,1329_LeafPhotoA_2025-09-08 09_56_53.667-05_00_3.png,2.5,1.8741427613744739
2464,1616_LeafPhotoA_2025-09-09 09_41_23.675-05_00_0.png,2.0,1.7836382605863064
2465,1616_LeafPhotoA_2025-09-09 09_41_23.675-05_00_1.png,2.0,1.7638688299896685
2466,1616_LeafPhotoA_2025-09-09 09_41_23.675-05_00_2.png,2.0,1.7893676765629178
2467,1616_LeafPhotoA_2025-09-09 09_41_23.675-05_00_3.png,2.0,1.8959089769950845
2468,2562_LeafPhotoA_2025-09-09 10_59_13.146-05_00_0.png,2.5,1.5180806015199393
2469,2562_LeafPhotoA_2025-09-09 10_59_13.146-05_00_1.png,2.5,1.485490154353158
2470,2562_LeafPhotoA_2025-09-09 10_59_13.146-05_00_2.png,2.5,1.6419834936949882
2490,1186_LeafPhotoA_2025-09-08 16_05_34.142-05_00_0.png,1.25,1.7928541365862387
2491,1186_LeafPhotoA_2025-09-08 16_05_34.142-05_00_1.png,1.25,1.706317973854061
2492,1186_LeafPhotoA_2025-09-08 16_05_34.142-05_00_2.png,1.25,1.7739446833123316
2493,1186_LeafPhotoA_2025-09-08 16_05_34.142-05_00_3.png,1.25,1.632170084434113
2528,1155_LeafPhotoA_2025-09-08 16_53_48.092-05_00_0.png,1.75,2.0654303755097096
2529,1155_LeafPhotoA_2025-09-08 16_53_48.092-05_00_1.png,1.75,1.8644836685788702
2530,1155_LeafPhotoA_2025-09-08 16_53_48.092-05_00_2.png,1.75,1.7811689845242464
2546,,1.25,1.9002273745274898
2592,,2.0,1.9002273745274898
2601,1445_LeafPhotoB_2025-09-08 10_34_53.870-05_00_0.png,1.5,1.6334385225627486
2602,1445_LeafPhotoB_2025-09-08 10_34_53.870-05_00_1.png,1.5,1.806894137173743
2603,1445_LeafPhotoB_2025-09-08 10_34_53.870-05_00_2.png,1.5,1.8474534513151972
2604,1445_LeafPhotoB_2025-09-08 10_34_53.870-05_00_3.png,1.5,2.049476950104561
2613,2703_LeafPhotoA_2025-09-09 10_15_56.392-05_00_0.png,4.25,3.038882738731713
2614,2703_LeafPhotoA_2025-09-09 10_15_56.392-05_00_1.png,4.25,2.733915637169992
2615,2703_LeafPhotoA_2025-09-09 10_15_56.392-05_00_2.png,4.25,2.963010302441222
2616,2703_LeafPhotoA_2025-09-09 10_15_56.392-05_00_3.png,4.25,2.936655420778196
2625,1234_LeafPhotoA_2025-09-08 10_19_27.121-05_00_0.png,1.5,1.6579093220268724
2626,1234_LeafPhotoA_2025-09-08 10_19_27.121-05_00_1.png,1.5,1.7155329604319551
2627,1234_LeafPhotoA_2025-09-08 10_19_27.121-05_00_2.png,1.5,1.7134644515343045
2628,1234_LeafPhotoA_2025-09-08 10_19_27.121-05_00_3.png,1.5,1.6897878480201434
2646,2266_LeafPhotoA_2025-09-08 17_17_09.917-05_00_0.png,2.75,1.9644840465691873
2647,2266_LeafPhotoA_2025-09-08 17_17_09.917-05_00_1.png,2.75,2.072206570880817
2648,2266_LeafPhotoA_2025-09-08 17_17_09.917-05_00_2.png,2.75,2.421174114835686
2649,2266_LeafPhotoA_2025-09-08 17_17_09.917-05_00_3.png,2.75,2.3763709318931836
2662,2978_LeafPhotoA_2025-09-09 16_28_25.306-05_00_0.png,1.5,2.003653813735858
2663,2978_LeafPhotoA_2025-09-09 16_28_25.306-05_00_1.png,1.5,1.7342544478941542
2664,2978_LeafPhotoA_2025-09-09 16_28_25.306-05_00_2.png,1.5,1.872750544916469
2665,2978_LeafPhotoA_2025-09-09 16_28_25.306-05_00_3.png,1.5,1.982402067367043
2687,1891_LeafPhotoA_2025-09-09 17_16_06.533-05_00_0.png,1.5,1.856488599360019
2688,1891_LeafPhotoA_2025-09-09 17_16_06.533-05_00_1.png,1.5,1.7980597832286114
2689,1891_LeafPhotoA_2025-09-09 17_16_06.533-05_00_2.png,1.5,1.8742334711498805
2690,1891_LeafPhotoA_2025-09-09 17_16_06.533-05_00_3.png,1.5,1.6682388995450135
2719,1144_LeafPhotoA_2025-09-08 10_40_26.306-05_00_0.png,2.25,2.089636890439425
2720,1144_LeafPhotoA_2025-09-08 10_40_26.306-05_00_1.png,2.25,1.9521403676553633
2721,1144_LeafPhotoA_2025-09-08 10_40_26.306-05_00_2.png,2.25,1.546599447429362
2722,1144_LeafPhotoA_2025-09-08 10_40_26.306-05_00_3.png,2.25,1.6842766266742661
2753,1621_LeafPhotoA_2025-09-09 09_52_05.240-05_00_0.png,1.25,1.6287570105691231
2754,1621_LeafPhotoA_2025-09-09 09_52_05.240-05_00_1.png,1.25,1.6901815572520873
2755,1621_LeafPhotoA_2025-09-09 09_52_05.240-05_00_2.png,1.25,1.8395850809765284
2756,1621_LeafPhotoA_2025-09-09 09_52_05.240-05_00_3.png,1.25,1.9087216425466242
2757,,2.5,1.9002273745274898
2774,1288_LeafPhotoA_2025-09-08 15_59_14.840-05_00_0.png,1.5,1.926153147609901
2775,1288_LeafPhotoA_2025-09-08 15_59_14.840-05_00_1.png,1.5,1.8888350882576885
2776,1288_LeafPhotoA_2025-09-08 15_59_14.840-05_00_2.png,1.5,1.8886851014840564
2784,1648_LeafPhotoA_2025-09-09 10_43_26.038-05_00_0.png,2.0,1.8412354930572814
2785,1648_LeafPhotoA_2025-09-09 10_43_26.038-05_00_1.png,2.0,1.981709675730187
2786,1648_LeafPhotoA_2025-09-09 10_43_26.038-05_00_2.png,2.0,1.9949220769913503
2787,1648_LeafPhotoA_2025-09-09 10_43_26.038-05_00_3.png,2.0,2.2012036207471577
2805,,1.75,1.9002273745274898
2807,1415_LeafPhotoB_2025-09-08 10_09_27.941-05_00_0.png,1.25,1.7112379645315992
2808,1415_LeafPhotoB_2025-09-08 10_09_27.941-05_00_1.png,1.25,1.7244434926277996
2809,1415_LeafPhotoB_2025-09-08 10_09_27.941-05_00_2.png,1.25,1.7084509936944134
2810,1415_LeafPhotoB_2025-09-08 10_09_27.941-05_00_3.png,1.25,1.8817326682891704
2811,1829_LeafPhotoA_2025-09-09 09_31_52.096-05_00_0.png,2.25,2.075691174090072
2812,1829_LeafPhotoA_2025-09-09 09_31_52.096-05_00_1.png,2.25,2.0488396757503753
2813,1829_LeafPhotoA_2025-09-09 09_31_52.096-05_00_2.png,2.25,1.8103436390714827
2814,1829_LeafPhotoA_2025-09-09 09_31_52.096-05_00_3.png,2.25,1.8122802752122615
2827,2802_LeafPhotoA_2025-09-09 10_10_24.476-05_00_0.png,2.25,1.8126293451811053
2828,2802_LeafPhotoA_2025-09-09 10_10_24.476-05_00_1.png,2.25,2.014716760617981
2829,2802_LeafPhotoA_2025-09-09 10_10_24.476-05_00_2.png,2.25,1.8775567876324453
2830,2802_LeafPhotoA_2025-09-09 10_10_24.476-05_00_3.png,2.25,2.102156532816171
2831,1057_LeafPhotoA_2025-09-08 12_48_09.886-05_00_0.png,4.0,2.71883774904934
2832,1057_LeafPhotoA_2025-09-08 12_48_09.886-05_00_1.png,4.0,2.6111463576198464
2833,1803_LeafPhotoA_2025-09-09 08_52_14.872-05_00_0.png,1.5,1.7938016810653232
2834,1803_LeafPhotoA_2025-09-09 08_52_14.872-05_00_1.png,1.5,1.9798052483614588
2835,1803_LeafPhotoA_2025-09-09 08_52_14.872-05_00_2.png,1.5,1.758468639318484
2836,1803_LeafPhotoA_2025-09-09 08_52_14.872-05_00_3.png,1.5,1.721984906626741
2865,2532_LeafPhotoA_2025-09-09 10_30_36.212-05_00_0.png,1.5,1.9506619103434135
2866,2532_LeafPhotoA_2025-09-09 10_30_36.212-05_00_1.png,1.5,2.074988241426902
2867,2532_LeafPhotoA_2025-09-09 10_30_36.212-05_00_2.png,1.5,1.7318821069174222
2868,2532_LeafPhotoA_2025-09-09 10_30_36.212-05_00_3.png,1.5,1.6110780594713447
2876,2519_LeafPhotoA_2025-09-09 10_16_07.193-05_00_0.png,1.25,1.7296098837272404
2877,2519_LeafPhotoA_2025-09-09 10_16_07.193-05_00_1.png,1.25,1.7130899848381473
2878,2519_LeafPhotoA_2025-09-09 10_16_07.193-05_00_2.png,1.25,1.648666204545655
2879,2519_LeafPhotoA_2025-09-09 10_16_07.193-05_00_3.png,1.25,1.8013465523053367
2964,2783_LeafPhotoA_2025-09-09 15_14_29.872-05_00_0.png,1.25,1.7572031059433357
2965,2783_LeafPhotoA_2025-09-09 15_14_29.872-05_00_1.png,1.25,1.6732238587793933
2966,2783_LeafPhotoA_2025-09-09 15_14_29.872-05_00_2.png,1.25,1.7080938680593292
2967,2783_LeafPhotoA_2025-09-09 15_14_29.872-05_00_3.png,1.25,1.756367986012239
2984,2331_LeafPhotoA_2025-09-08 10_59_46.770-05_00_0.png,2.5,1.7901425150893993
2985,2331_LeafPhotoA_2025-09-08 10_59_46.770-05_00_1.png,2.5,1.8408847580187562
2986,2331_LeafPhotoA_2025-09-08 10_59_46.770-05_00_2.png,2.5,2.120882399670905
2987,2993_LeafPhotoA_2025-09-09 16_47_51.394-05_00_0.png,1.5,1.7397765929174598
2988,2993_LeafPhotoA_2025-09-09 16_47_51.394-05_00_1.png,1.5,1.713867918960412
2989,2993_LeafPhotoA_2025-09-09 16_47_51.394-05_00_2.png,1.5,1.7624627515300888
2990,2993_LeafPhotoA_2025-09-09 16_47_51.394-05_00_3.png,1.5,1.929933887252095
3007,2729_LeafPhotoA_2025-09-09 10_55_26.872-05_00_0.png,2.75,2.6166624363517768
3008,2729_LeafPhotoA_2025-09-09 10_55_26.872-05_00_1.png,2.75,2.170342271387453
3009,2729_LeafPhotoA_2025-09-09 10_55_26.872-05_00_2.png,2.75,2.0718084332176816
3010,2729_LeafPhotoA_2025-09-09 10_55_26.872-05_00_3.png,2.75,1.9982160485569924
3023,1616_LeafPhotoA_2025-09-09 09_40_32.568-05_00_0.png,1.5,1.5778514797967194
3024,1616_LeafPhotoA_2025-09-09 09_40_32.568-05_00_1.png,1.5,1.6665783316557308
3025,1616_LeafPhotoA_2025-09-09 09_40_32.568-05_00_2.png,1.5,1.620247994727581
3034,,1.75,1.9002273745274898
3039,2734_LeafPhotoA_2025-09-09 11_00_52.812-05_00_0.png,2.25,2.249128201487625
3040,2734_LeafPhotoA_2025-09-09 11_00_52.812-05_00_1.png,2.25,2.3300523210306503
3041,2734_LeafPhotoA_2025-09-09 11_00_52.812-05_00_2.png,2.25,2.0254838267991313
3042,2734_LeafPhotoA_2025-09-09 11_00_52.812-05_00_3.png,2.25,2.303755121999318
3084,2246_LeafPhotoA_2025-09-08 11_58_26.493-05_00_0.png,2.25,1.8420185983535444
3085,2246_LeafPhotoA_2025-09-08 11_58_26.493-05_00_1.png,2.25,1.8562571382077955
3086,2246_LeafPhotoA_2025-09-08 11_58_26.493-05_00_2.png,2.25,1.9147835696581827
3087,2246_LeafPhotoA_2025-09-08 11_58_26.493-05_00_3.png,2.25,2.0853412728017044
3088,1815_LeafPhotoA_2025-09-09 09_11_30.894-05_00_0.png,1.25,1.857460062480089
3106,2916_LeafPhotoA_2025-09-09 16_36_27.915-05_00_0.png,3.0,2.3256275871853473
3107,2916_LeafPhotoA_2025-09-09 16_36_27.915-05_00_1.png,3.0,2.0530243101626633
3108,2916_LeafPhotoA_2025-09-09 16_36_27.915-05_00_2.png,3.0,2.252424573233783
3113,2234_LeafPhotoA_2025-09-08 11_39_01.597-05_00_0.png,1.5,1.8718157368517279
3114,2234_LeafPhotoA_2025-09-08 11_39_01.597-05_00_1.png,1.5,1.6868071445346018
3115,2234_LeafPhotoA_2025-09-08 11_39_01.597-05_00_2.png,1.5,1.6043414709394788
3116,2234_LeafPhotoA_2025-09-08 11_39_01.597-05_00_3.png,1.5,1.7840633290821961
3121,1615_LeafPhotoA_2025-09-09 09_38_30.259-05_00_0.png,1.75,1.8499906600358418
3122,1615_LeafPhotoA_2025-09-09 09_38_30.259-05_00_1.png,1.75,1.875537759751287
3123,1615_LeafPhotoA_2025-09-09 09_38_30.259-05_00_2.png,1.75,1.9539825494458816
3124,1615_LeafPhotoA_2025-09-09 09_38_30.259-05_00_3.png,1.75,1.81093659887584
3137,1528_LeafPhotoA_2025-09-09 09_26_28.328-05_00_0.png,3.25,2.545369000950177
3138,1528_LeafPhotoA_2025-09-09 09_26_28.328-05_00_1.png,3.25,2.6750547797002913
3139,1528_LeafPhotoA_2025-09-09 09_26_28.328-05_00_2.png,3.25,2.940940295127988
3140,1528_LeafPhotoA_2025-09-09 09_26_28.328-05_00_3.png,3.25,2.1614426229443655
3165,1566_LeafPhotoA_2025-09-09 10_03_07.791-05_00_0.png,1.5,1.7213927310184074
3166,1566_LeafPhotoA_2025-09-09 10_03_07.791-05_00_1.png,1.5,1.69981865428102
3167,1566_LeafPhotoA_2025-09-09 10_03_07.791-05_00_2.png,1.5,1.7522204399523476
3168,1566_LeafPhotoA_2025-09-09 10_03_07.791-05_00_3.png,1.5,1.6307082056875015
3173,2444_LeafPhotoB_2025-09-08 11_19_56.783-05_00_0.png,2.25,1.9866740641610985
3174,2444_LeafPhotoB_2025-09-08 11_19_56.783-05_00_1.png,2.25,2.2747540052754838
3175,2444_LeafPhotoB_2025-09-08 11_19_56.783-05_00_2.png,2.25,2.4857584555859527
3176,2444_LeafPhotoB_2025-09-08 11_19_56.783-05_00_3.png,2.25,2.1634604598832534
3193,,1.25,1.9002273745274898
3206,1599_LeafPhotoA_2025-09-09 10_23_41.725-05_00_0.png,1.5,1.8023691091079816
3240,1411_LeafPhotoB_2025-09-08 10_05_27.189-05_00_0.png,1.25,1.6822574549096423
3241,1411_LeafPhotoB_2025-09-08 10_05_27.189-05_00_1.png,1.25,1.523723968182946
3242,1411_LeafPhotoB_2025-09-08 10_05_27.189-05_00_2.png,1.25,1.573170310722845
3243,1411_LeafPhotoB_2025-09-08 10_05_27.189-05_00_3.png,1.25,1.7655007245936043
3249,1011_LeafPhotoA_2025-09-08 09_42_35.227-05_00_0.png,2.25,1.8967564714625458
3250,1011_LeafPhotoA_2025-09-08 09_42_35.227-05_00_1.png,2.25,1.973379898935918
3251,1011_LeafPhotoA_2025-09-08 09_42_35.227-05_00_2.png,2.25,2.009415751302359
3255,2716_LeafPhotoA_2025-09-09 10_35_36.382-05_00_0.png,2.75,1.9980579198887054
3256,2716_LeafPhotoA_2025-09-09 10_35_36.382-05_00_1.png,2.75,2.3083667392119414
3257,2202_LeafPhotoA_2025-09-08 10_48_52.303-05_00_0.png,1.5,1.6567726436682506
3258,2202_LeafPhotoA_2025-09-08 10_48_52.303-05_00_1.png,1.5,1.6963737452312335
3259,2202_LeafPhotoA_2025-09-08 10_48_52.303-05_00_2.png,1.5,1.762387264842857
3260,2202_LeafPhotoA_2025-09-08 10_48_52.303-05_00_3.png,1.5,1.719171156654806
3285,1933_LeafPhotoA_2025-09-09 15_28_49.123-05_00_0.png,2.25,1.8326009770995255
3286,1933_LeafPhotoA_2025-09-09 15_28_49.123-05_00_1.png,2.25,1.976920935506559
3287,1933_LeafPhotoA_2025-09-09 15_28_49.123-05_00_2.png,2.25,1.7415636225015096
3288,1933_LeafPhotoA_2025-09-09 15_28_49.123-05_00_3.png,2.25,1.855044333683458
3311,1828_LeafPhotoA_2025-09-09 09_30_57.848-05_00_0.png,2.0,1.6657602831357659
3312,1828_LeafPhotoA_2025-09-09 09_30_57.848-05_00_1.png,2.0,1.8978990013183137
3313,1828_LeafPhotoA_2025-09-09 09_30_57.848-05_00_2.png,2.0,1.8428954527763544
3314,1828_LeafPhotoA_2025-09-09 09_30_57.848-05_00_3.png,2.0,1.869585015807636
3326,2866_LeafPhotoA_2025-09-09 14_51_42.101-05_00_0.png,1.25,1.613867513062559
3327,2866_LeafPhotoA_2025-09-09 14_51_42.101-05_00_1.png,1.25,1.7454814123569928
3351,1815_LeafPhotoA_2025-09-09 09_11_08.154-05_00_0.png,1.5,1.7335666358352106
3352,1815_LeafPhotoA_2025-09-09 09_11_08.154-05_00_1.png,1.5,1.879795771920288
3353,1815_LeafPhotoA_2025-09-09 09_11_08.154-05_00_2.png,1.5,1.9597156346119193
3354,1815_LeafPhotoA_2025-09-09 09_11_08.154-05_00_3.png,1.5,1.8742633544932301
3365,2184_LeafPhotoA_2025-09-09 12_29_02.951-05_00_0.png,1.25,2.269541824228259
3366,2184_LeafPhotoA_2025-09-09 12_29_02.951-05_00_1.png,1.25,2.180182884367094
3367,2184_LeafPhotoA_2025-09-09 12_29_02.951-05_00_2.png,1.25,1.8555737433074888
3368,2184_LeafPhotoA_2025-09-09 12_29_02.951-05_00_3.png,1.25,1.9627766108017644
3370,1904_LeafPhotoA_2025-09-09 14_39_09.961-05_00_0.png,4.75,2.857868706979581
3371,1904_LeafPhotoA_2025-09-09 14_39_09.961-05_00_1.png,4.75,3.01051513828807
3372,1904_LeafPhotoA_2025-09-09 14_39_09.961-05_00_2.png,4.75,2.515417568936339
3405,2662_LeafPhotoA_2025-09-09 11_35_09.264-05_00_0.png,2.25,2.1694070592433587
3406,2662_LeafPhotoA_2025-09-09 11_35_09.264-05_00_1.png,2.25,2.0476974189130734
3407,2662_LeafPhotoA_2025-09-09 11_35_09.264-05_00_2.png,2.25,2.155872789272847
3408,2662_LeafPhotoA_2025-09-09 11_35_09.264-05_00_3.png,2.25,2.0442691779575486
3441,2395_LeafPhotoA_2025-09-08 12_20_11.123-05_00_0.png,2.25,2.0022605375647187
3442,2395_LeafPhotoA_2025-09-08 12_20_11.123-05_00_1.png,2.25,2.1914314554447105
3443,2395_LeafPhotoA_2025-09-08 12_20_11.123-05_00_2.png,2.25,1.7797287645382658
3444,2395_LeafPhotoA_2025-09-08 12_20_11.123-05_00_3.png,2.25,1.810626434871889
3479,5031_LeafPhotoA_2025-09-09 16_57_35.057-05_00_0.png,1.25,1.7272523345033028
3480,5031_LeafPhotoA_2025-09-09 16_57_35.057-05_00_1.png,1.25,1.6566163353473726
3481,5031_LeafPhotoA_2025-09-09 16_57_35.057-05_00_2.png,1.25,1.5963602410088475
3482,5031_LeafPhotoA_2025-09-09 16_57_35.057-05_00_3.png,1.25,1.7224634202764055
3499,1307_LeafPhotoA_2025-09-08 09_22_15.163-05_00_0.png,1.75,1.725776246650667
3500,1307_LeafPhotoA_2025-09-08 09_22_15.163-05_00_1.png,1.75,1.7866909316317214
3501,1307_LeafPhotoA_2025-09-08 09_22_15.163-05_00_2.png,1.75,1.8649841402828047
3502,1307_LeafPhotoA_2025-09-08 09_22_15.163-05_00_3.png,1.75,1.6133892257445865
3517,2120_LeafPhotoA_2025-09-08 11_31_02.513-05_00_0.png,1.25,1.7012307258695616
3518,2120_LeafPhotoA_2025-09-08 11_31_02.513-05_00_1.png,1.25,1.7720994249665893
3519,2120_LeafPhotoA_2025-09-08 11_31_02.513-05_00_2.png,1.25,1.8384771112351403
3520,2120_LeafPhotoA_2025-09-08 11_31_02.513-05_00_3.png,1.25,1.8676760089791244
3521,1259_LeafPhotoA_2025-09-08 16_30_12.453-05_00_0.png,2.25,1.8124387947220753
3522,1259_LeafPhotoA_2025-09-08 16_30_12.453-05_00_1.png,2.25,1.921519745794997
3523,1259_LeafPhotoA_2025-09-08 16_30_12.453-05_00_2.png,2.25,1.8888240247562031
3524,1259_LeafPhotoA_2025-09-08 16_30_12.453-05_00_3.png,2.25,1.7996131648351081
3533,2318_LeafPhotoA_2025-09-08 10_46_40.691-05_00_0.png,1.0,1.5587155180417562
3534,2318_LeafPhotoA_2025-09-08 10_46_40.691-05_00_1.png,1.0,1.652112689222112
3535,2318_LeafPhotoA_2025-09-08 10_46_40.691-05_00_2.png,1.0,1.5433520095279964
3536,2318_LeafPhotoA_2025-09-08 10_46_40.691-05_00_3.png,1.0,1.5650770526414877
3546,1806_LeafPhotoA_2025-09-09 08_58_19.870-05_00_0.png,3.0,2.063334658228912
3547,1806_LeafPhotoA_2025-09-09 08_58_32.090-05_00_0.png,1.75,1.6824288859360454
3548,1806_LeafPhotoA_2025-09-09 08_58_32.090-05_00_1.png,1.75,1.803361881944023
3549,1806_LeafPhotoA_2025-09-09 08_58_32.090-05_00_2.png,1.75,2.0832755466175557
3550,1806_LeafPhotoA_2025-09-09 08_58_32.090-05_00_3.png,1.75,1.7010536159889882
3551,2205_LeafPhotoA_2025-09-08 10_52_49.920-05_00_0.png,2.0,1.6950279903096273
3552,2205_LeafPhotoA_2025-09-08 10_52_49.920-05_00_1.png,2.0,1.6909085732343274
3553,2205_LeafPhotoA_2025-09-08 10_52_49.920-05_00_2.png,2.0,1.819875627532942
3554,2205_LeafPhotoA_2025-09-08 10_52_49.920-05_00_3.png,2.0,1.7693740033258227
3555,2205_LeafPhotoA_2025-09-08 10_52_29.620-05_00_0.png,1.25,1.6572358951713648
3556,2205_LeafPhotoA_2025-09-08 10_52_29.620-05_00_1.png,1.25,1.6810198808687582
3557,2205_LeafPhotoA_2025-09-08 10_52_29.620-05_00_2.png,1.25,1.645155446766998
3558,2205_LeafPhotoA_2025-09-08 10_52_29.620-05_00_3.png,1.25,1.7180040269363992
3559,1806_LeafPhotoA_2025-09-09 08_58_50.435-05_00_0.png,2.25,1.936324477154681
3560,1806_LeafPhotoA_2025-09-09 08_58_50.435-05_00_1.png,2.25,1.9485953165699674
3561,1806_LeafPhotoA_2025-09-09 08_58_50.435-05_00_2.png,2.25,2.2423066451558142
3562,1806_LeafPhotoA_2025-09-09 08_58_50.435-05_00_3.png,2.25,2.3129285054220254
3563,2205_LeafPhotoA_2025-09-08 10_52_09.894-05_00_0.png,1.5,1.8407035723814966
3564,2205_LeafPhotoA_2025-09-08 10_52_09.894-05_00_1.png,1.5,1.8969400262978051
3565,2205_LeafPhotoA_2025-09-08 10_52_09.894-05_00_2.png,1.5,1.8407360926576288
3566,2205_LeafPhotoA_2025-09-08 10_52_09.894-05_00_3.png,1.5,1.6765845590454718
3,2601_LeafPhotoA_2025-09-09 10_53_20.928-05_00_0.png,1.0,1.5550543531223682
4,2601_LeafPhotoA_2025-09-09 10_53_20.928-05_00_1.png,1.0,1.5742919186600608
5,2601_LeafPhotoA_2025-09-09 10_53_20.928-05_00_2.png,1.0,1.5687764356869933
6,2601_LeafPhotoA_2025-09-09 10_53_20.928-05_00_3.png,1.0,1.5865737618477802
34,1483_LeafPhotoB_2025-09-08 16_48_33.487-05_00_0.png,1.25,1.7239813836364142
35,1483_LeafPhotoB_2025-09-08 16_48_33.487-05_00_1.png,1.25,1.7153171311456428
36,1483_LeafPhotoB_2025-09-08 16_48_33.487-05_00_2.png,1.25,1.705172089990224
37,1483_LeafPhotoB_2025-09-08 16_48_33.487-05_00_3.png,1.25,1.7045079501883023
66,1864_LeafPhotoA_2025-09-09 16_54_10.885-05_00_0.png,2.25,1.7134586113638577
67,1864_LeafPhotoA_2025-09-09 16_54_10.885-05_00_1.png,2.25,1.7877616193132964
68,1864_LeafPhotoA_2025-09-09 16_54_10.885-05_00_2.png,2.25,2.112686422831233
69,1864_LeafPhotoA_2025-09-09 16_54_10.885-05_00_3.png,2.25,2.1160995617232685
70,1459_LeafPhotoB_2025-09-08 12_35_29.491-05_00_0.png,2.5,2.831673243229942
71,1459_LeafPhotoB_2025-09-08 12_35_29.491-05_00_1.png,2.5,2.3957424322900924
72,1459_LeafPhotoB_2025-09-08 12_35_29.491-05_00_2.png,2.5,2.6992469031280466
81,2330_LeafPhotoA_2025-09-08 10_58_31.927-05_00_0.png,1.25,1.670323758887795
82,2330_LeafPhotoA_2025-09-08 10_58_31.927-05_00_1.png,1.25,1.7158999970308872
83,2330_LeafPhotoA_2025-09-08 10_58_31.927-05_00_2.png,1.25,1.674036959921263
84,2330_LeafPhotoA_2025-09-08 10_58_31.927-05_00_3.png,1.25,1.6742450753916378
138,1945_LeafPhotoA_2025-09-09 16_03_25.425-05_00_0.png,2.0,1.752686533993773
139,1945_LeafPhotoA_2025-09-09 16_03_25.425-05_00_1.png,2.0,1.771355815138057
179,1984_LeafPhotoA_2025-09-09 16_31_27.437-05_00_0.png,1.25,1.7326868148889736
180,1984_LeafPhotoA_2025-09-09 16_31_27.437-05_00_1.png,1.25,1.9544327269777768
181,1984_LeafPhotoA_2025-09-09 16_31_27.437-05_00_2.png,1.25,1.8859037789319788
182,2965_LeafPhotoA_2025-09-09 16_10_16.858-05_00_0.png,1.75,1.745474312014631
183,2965_LeafPhotoA_2025-09-09 16_10_16.858-05_00_1.png,1.75,1.5808546583275682
184,2965_LeafPhotoA_2025-09-09 16_10_16.858-05_00_2.png,1.75,1.7724675854613319
185,2965_LeafPhotoA_2025-09-09 16_10_16.858-05_00_3.png,1.75,1.7768406796913943
194,1209_LeafPhotoA_2025-09-08 09_37_14.965-05_00_0.png,1.25,1.6497644431081695
195,1209_LeafPhotoA_2025-09-08 09_37_14.965-05_00_1.png,1.25,1.5820967004822335
196,1209_LeafPhotoA_2025-09-08 09_37_14.965-05_00_2.png,1.25,1.5696057031110107
197,1209_LeafPhotoA_2025-09-08 09_37_14.965-05_00_3.png,1.25,1.5135265032444565
198,1644_LeafPhotoA_2025-09-09 10_35_46.183-05_00_0.png,1.5,1.5719451860421874
199,1644_LeafPhotoA_2025-09-09 10_35_46.183-05_00_1.png,1.5,1.5435162254151829
200,1644_LeafPhotoA_2025-09-09 10_35_46.183-05_00_2.png,1.5,1.525535544357066
201,1644_LeafPhotoA_2025-09-09 10_35_46.183-05_00_3.png,1.5,1.702716160627888
202,2905_LeafPhotoA_2025-09-09 16_23_24.410-05_00_0.png,3.0,2.007554447974786
203,2905_LeafPhotoA_2025-09-09 16_23_24.410-05_00_1.png,3.0,1.8945155741419537
204,2905_LeafPhotoA_2025-09-09 16_23_24.410-05_00_2.png,3.0,1.8423887059886623
205,2905_LeafPhotoA_2025-09-09 16_23_24.410-05_00_3.png,3.0,2.477529298545612
218,2680_LeafPhotoA_2025-09-09 11_02_16.370-05_00_0.png,3.0,2.037535884889586
219,2680_LeafPhotoA_2025-09-09 11_02_16.370-05_00_1.png,3.0,2.040775239085177
220,2680_LeafPhotoA_2025-09-09 11_02_16.370-05_00_2.png,3.0,1.9720108581783071
221,2680_LeafPhotoA_2025-09-09 11_02_16.370-05_00_3.png,3.0,2.4793597010400057
249,1877_LeafPhotoA_2025-09-09 17_04_30.257-05_00_0.png,1.5,2.12489338078905
250,1877_LeafPhotoA_2025-09-09 17_04_30.257-05_00_1.png,1.5,1.7862210906595346
251,1877_LeafPhotoA_2025-09-09 17_04_30.257-05_00_2.png,1.5,1.7644932278092356
252,1877_LeafPhotoA_2025-09-09 17_04_30.257-05_00_3.png,1.5,1.7455141044751394
292,6024_LeafPhotoA_2025-09-09 16_37_05.339-05_00_0.png,1.0,1.7379565419235266
313,2891_LeafPhotoA_2025-09-09 14_01_28.259-05_00_0.png,1.75,1.774283528302515
314,2891_LeafPhotoA_2025-09-09 14_01_28.259-05_00_1.png,1.75,1.8478725213769736
315,2891_LeafPhotoA_2025-09-09 14_01_28.259-05_00_2.png,1.75,2.0216376954658664
316,2891_LeafPhotoA_2025-09-09 14_01_28.259-05_00_3.png,1.75,2.055013133143625
317,1233_LeafPhotoA_2025-09-08 10_18_11.748-05_00_0.png,1.0,1.6106132886023077
318,1233_LeafPhotoA_2025-09-08 10_18_11.748-05_00_1.png,1.0,1.637037277353817
319,1233_LeafPhotoA_2025-09-08 10_18_11.748-05_00_2.png,1.0,1.5779673344277523
348,1834_LeafPhotoA_2025-09-09 09_42_27.442-05_00_0.png,2.5,1.859305094306655
349,1834_LeafPhotoA_2025-09-09 09_42_27.442-05_00_1.png,2.5,1.7980197089215935
350,1834_LeafPhotoA_2025-09-09 09_42_27.442-05_00_2.png,2.5,2.0418830372158903
351,1834_LeafPhotoA_2025-09-09 09_42_27.442-05_00_3.png,2.5,1.8421899039736807
376,2450_LeafPhotoB_2025-09-08 11_25_41.315-05_00_0.png,1.25,1.5261824874888088
377,2450_LeafPhotoB_2025-09-08 11_25_41.315-05_00_1.png,1.25,1.56192302304598
378,2450_LeafPhotoB_2025-09-08 11_25_41.315-05_00_2.png,1.25,1.6003458736261793
379,2450_LeafPhotoB_2025-09-08 11_25_41.315-05_00_3.png,1.25,1.6342732007790548
415,1306_LeafPhotoA_2025-09-08 09_21_07.935-05_00_0.png,2.0,1.8640700618396062
416,1306_LeafPhotoA_2025-09-08 09_21_07.935-05_00_1.png,2.0,1.7586120856496126
417,1306_LeafPhotoA_2025-09-08 09_21_07.935-05_00_2.png,2.0,1.895443081338438
430,1151_LeafPhotoA_2025-09-08 16_59_29.011-05_00_0.png,2.0,1.6923465341391282
431,1151_LeafPhotoA_2025-09-08 16_59_29.011-05_00_1.png,2.0,1.7357028358530868
432,1151_LeafPhotoA_2025-09-08 16_59_29.011-05_00_2.png,2.0,1.6369956818301568
483,2908_LeafPhotoA_2025-09-09 16_27_08.906-05_00_0.png,2.25,1.7603628807512681
484,2908_LeafPhotoA_2025-09-09 16_27_08.906-05_00_1.png,2.25,1.7888915889778667
485,2908_LeafPhotoA_2025-09-09 16_27_08.906-05_00_2.png,2.25,1.9334351010925237
486,2908_LeafPhotoA_2025-09-09 16_27_08.906-05_00_3.png,2.25,2.2777472915613184
509,1101_LeafPhotoA_2025-09-08 10_50_13.286-05_00_0.png,2.75,1.7976790896836956
510,1101_LeafPhotoA_2025-09-08 10_50_13.286-05_00_1.png,2.75,2.1427697077939802
511,1101_LeafPhotoA_2025-09-08 10_50_13.286-05_00_2.png,2.75,2.204151290929624
512,1101_LeafPhotoA_2025-09-08 10_50_13.286-05_00_3.png,2.75,2.173499145677163
517,2652_LeafPhotoA_2025-09-09 11_26_03.712-05_00_0.png,3.0,2.1340541054595468
518,2652_LeafPhotoA_2025-09-09 11_26_03.712-05_00_1.png,3.0,2.1044533550170184
519,2652_LeafPhotoA_2025-09-09 11_26_03.712-05_00_2.png,3.0,2.1420259072846872
520,2652_LeafPhotoA_2025-09-09 11_26_03.712-05_00_3.png,3.0,1.9764311575936973
551,1711_LeafPhotoA_2025-09-09 09_06_57.472-05_00_0.png,4.5,2.6085293319350513
552,1711_LeafPhotoA_2025-09-09 09_06_57.472-05_00_1.png,4.5,2.965734569303891
553,1711_LeafPhotoA_2025-09-09 09_06_57.472-05_00_2.png,4.5,2.8601678985923145
554,1711_LeafPhotoA_2025-09-09 09_06_57.472-05_00_3.png,4.5,2.772087968147746
573,2071_LeafPhotoA_2025-09-08 12_06_01.483-05_00_0.png,2.5,1.9683139120672488
574,2071_LeafPhotoA_2025-09-08 12_06_01.483-05_00_1.png,2.5,2.0807288627600995
575,2071_LeafPhotoA_2025-09-08 12_06_01.483-05_00_2.png,2.5,1.996881528653126
576,2071_LeafPhotoA_2025-09-08 12_06_01.483-05_00_3.png,2.5,2.1273239870630416
593,1758_LeafPhotoA_2025-09-09 10_31_19.555-05_00_0.png,2.0,1.605101736124264
594,1758_LeafPhotoA_2025-09-09 10_31_19.555-05_00_1.png,2.0,1.7183715720970085
595,1758_LeafPhotoA_2025-09-09 10_31_19.555-05_00_2.png,2.0,1.8076187977640907
596,1758_LeafPhotoA_2025-09-09 10_31_19.555-05_00_3.png,2.0,1.7243458262986373
613,,4.25,1.7780153547781985
618,,2.0,1.7780153547781985
631,1469_LeafPhotoB_2025-09-08 16_35_32.382-05_00_0.png,1.0,1.5815468318338868
632,1469_LeafPhotoB_2025-09-08 16_35_32.382-05_00_1.png,1.0,1.729709971781046
633,1469_LeafPhotoB_2025-09-08 16_35_32.382-05_00_2.png,1.0,1.8433206840472585
634,1469_LeafPhotoB_2025-09-08 16_35_32.382-05_00_3.png,1.0,1.8321077268427302
659,1880_LeafPhotoA_2025-09-09 13_17_54.406-05_00_0.png,1.25,1.6952149176449194
660,1880_LeafPhotoA_2025-09-09 13_17_54.406-05_00_1.png,1.25,1.6636679992291201
661,1880_LeafPhotoA_2025-09-09 13_17_54.406-05_00_2.png,1.25,1.7472615564381129
662,1880_LeafPhotoA_2025-09-09 13_17_54.406-05_00_3.png,1.25,1.6867120494475845
663,2257_LeafPhotoA_2025-09-08 12_26_56.434-05_00_0.png,1.25,1.726542343845468
664,2257_LeafPhotoA_2025-09-08 12_26_56.434-05_00_1.png,1.25,1.6947715364969154
665,2257_LeafPhotoA_2025-09-08 12_26_56.434-05_00_2.png,1.25,1.6999155041791811
666,2257_LeafPhotoA_2025-09-08 12_26_56.434-05_00_3.png,1.25,1.7668647701184583
686,1322_LeafPhotoA_2025-09-08 09_45_01.696-05_00_0.png,1.5,1.6862007236225145
687,1322_LeafPhotoA_2025-09-08 09_45_01.696-05_00_1.png,1.5,1.5742480901599152
688,1322_LeafPhotoA_2025-09-08 09_45_01.696-05_00_2.png,1.5,1.5413200762032497
689,1322_LeafPhotoA_2025-09-08 09_45_01.696-05_00_3.png,1.5,1.6119760154370368
694,2552_LeafPhotoA_2025-09-09 11_07_31.178-05_00_0.png,1.75,1.8378623975743187
695,2552_LeafPhotoA_2025-09-09 11_07_31.178-05_00_1.png,1.75,1.7998047621815645
696,2552_LeafPhotoA_2025-09-09 11_07_31.178-05_00_2.png,1.75,1.7390923441319388
697,2552_LeafPhotoA_2025-09-09 11_07_31.178-05_00_3.png,1.75,2.0310686761504524
713,1322_LeafPhotoA_2025-09-08 09_44_46.085-05_00_0.png,1.5,1.679977976839928
714,1322_LeafPhotoA_2025-09-08 09_44_46.085-05_00_1.png,1.5,1.681333289312115
715,1322_LeafPhotoA_2025-09-08 09_44_46.085-05_00_2.png,1.5,1.5863331267491958
716,1322_LeafPhotoA_2025-09-08 09_44_46.085-05_00_3.png,1.5,1.5914518958034478
719,1813_LeafPhotoA_2025-09-09 09_08_08.790-05_00_0.png,1.75,1.969703101426169
720,1813_LeafPhotoA_2025-09-09 09_08_08.790-05_00_1.png,1.75,1.874298094866893
721,1813_LeafPhotoA_2025-09-09 09_08_08.790-05_00_2.png,1.75,1.8622093834353532
722,1813_LeafPhotoA_2025-09-09 09_08_08.790-05_00_3.png,1.75,1.8925762361993008
753,2156_LeafPhotoA_2025-09-08 12_32_46.869-05_00_0.png,3.25,2.5237703475145428
754,2156_LeafPhotoA_2025-09-08 12_32_46.869-05_00_1.png,3.25,2.018301908892889
755,2156_LeafPhotoA_2025-09-08 12_32_46.869-05_00_2.png,3.25,2.105637669548212
773,2503_LeafPhotoA_2025-09-09 09_58_27.327-05_00_0.png,3.5,2.3416521903650507
774,2503_LeafPhotoA_2025-09-09 09_58_27.327-05_00_1.png,3.5,2.3470597400965056
775,2503_LeafPhotoA_2025-09-09 09_58_27.327-05_00_2.png,3.5,2.60874206384646
776,2503_LeafPhotoA_2025-09-09 09_58_27.327-05_00_3.png,3.5,2.5034931899536463
831,2914_LeafPhotoA_2025-09-09 16_34_44.640-05_00_0.png,3.75,2.548516360348887
832,2914_LeafPhotoA_2025-09-09 16_34_44.640-05_00_1.png,3.75,2.7226208644457954
833,2914_LeafPhotoA_2025-09-09 16_34_44.640-05_00_2.png,3.75,2.129533172178055
834,2914_LeafPhotoA_2025-09-09 16_34_44.640-05_00_3.png,3.75,2.25387615598626
859,1045_LeafPhotoA_2025-09-08 10_24_39.722-05_00_0.png,1.0,1.759446888132937
860,1045_LeafPhotoA_2025-09-08 10_24_39.722-05_00_1.png,1.0,1.717883463698055
861,1045_LeafPhotoA_2025-09-08 10_24_39.722-05_00_2.png,1.0,1.7349485581645632
862,1045_LeafPhotoA_2025-09-08 10_24_39.722-05_00_3.png,1.0,1.7368087413062632
907,1284_LeafPhotoA_2025-09-08 16_03_49.001-05_00_0.png,1.25,2.0099639627792456
908,1284_LeafPhotoA_2025-09-08 16_03_49.001-05_00_1.png,1.25,1.9621418940241233
921,,3.75,1.7780153547781985
922,1081_LeafPhotoA_2025-09-08 13_14_07.416-05_00_0.png,3.0,1.9778905763367702
923,1081_LeafPhotoA_2025-09-08 13_14_07.416-05_00_1.png,3.0,2.1173568411252606
924,1081_LeafPhotoA_2025-09-08 13_14_07.416-05_00_2.png,3.0,1.8296629132821085
925,1081_LeafPhotoA_2025-09-08 13_14_07.416-05_00_3.png,3.0,1.754784534512187
934,1678_LeafPhotoA_2025-09-09 09_34_24.350-05_00_0.png,3.25,2.411522762839532
935,1678_LeafPhotoA_2025-09-09 09_34_24.350-05_00_1.png,3.25,2.3357363263980084
936,1678_LeafPhotoA_2025-09-09 09_34_24.350-05_00_2.png,3.25,2.1430843455153283
960,1956_LeafPhotoA_2025-09-09 17_17_49.256-05_00_0.png,1.75,1.6927416308053396
961,1956_LeafPhotoA_2025-09-09 17_17_49.256-05_00_1.png,1.75,1.6893729169383664
962,1956_LeafPhotoA_2025-09-09 17_17_49.256-05_00_2.png,1.75,1.6424562289423583
963,1956_LeafPhotoA_2025-09-09 17_17_49.256-05_00_3.png,1.75,1.591904979695226
964,2897_LeafPhotoA_2025-09-09 13_55_49.813-05_00_0.png,1.25,1.6064945933597488
965,2897_LeafPhotoA_2025-09-09 13_55_49.813-05_00_1.png,1.25,1.6236836368369127
966,2897_LeafPhotoA_2025-09-09 13_55_49.813-05_00_2.png,1.25,1.8674821288398347
981,2455_LeafPhotoB_2025-09-08 11_32_47.648-05_00_0.png,4.0,2.3239335375975396
982,2455_LeafPhotoB_2025-09-08 11_32_47.648-05_00_1.png,4.0,2.098345735611675
983,2455_LeafPhotoB_2025-09-08 11_32_47.648-05_00_2.png,4.0,2.2172682005695865
984,2455_LeafPhotoB_2025-09-08 11_32_47.648-05_00_3.png,4.0,2.3201344869964386
993,,2.75,1.7780153547781985
994,1081_LeafPhotoA_2025-09-08 13_14_31.503-05_00_0.png,2.0,1.6545138971902673
995,1081_LeafPhotoA_2025-09-08 13_14_31.503-05_00_1.png,2.0,1.7265039484549578
996,1081_LeafPhotoA_2025-09-08 13_14_31.503-05_00_2.png,2.0,1.76787282926643
997,1081_LeafPhotoA_2025-09-08 13_14_31.503-05_00_3.png,2.0,1.9052847104856443
998,1872_LeafPhotoA_2025-09-09 17_01_06.251-05_00_0.png,1.5,1.64388170108669
999,1872_LeafPhotoA_2025-09-09 17_01_06.251-05_00_1.png,1.5,1.6420404315890718
1000,1872_LeafPhotoA_2025-09-09 17_01_06.251-05_00_2.png,1.5,1.777836509297969
1001,1872_LeafPhotoA_2025-09-09 17_01_06.251-05_00_3.png,1.5,1.9217916357807967
1026,2069_LeafPhotoA_2025-09-08 12_03_26.688-05_00_0.png,1.75,1.6627224849990931
1027,2069_LeafPhotoA_2025-09-08 12_03_26.688-05_00_1.png,1.75,1.7293021106323172
1028,2069_LeafPhotoA_2025-09-08 12_03_26.688-05_00_2.png,1.75,1.8179601917394839
1029,2069_LeafPhotoA_2025-09-08 12_03_26.688-05_00_3.png,1.75,1.7137776477478497
1042,2687_LeafPhotoA_2025-09-09 10_47_11.070-05_00_0.png,1.0,1.5416863972545456
1043,2687_LeafPhotoA_2025-09-09 10_47_11.070-05_00_1.png,1.0,1.5725525880289075
1054,1016_LeafPhotoA_2025-09-08 09_49_45.693-05_00_0.png,2.25,1.934785021713646
1055,1016_LeafPhotoA_2025-09-08 09_49_45.693-05_00_1.png,2.25,1.721672447183237
1056,1016_LeafPhotoA_2025-09-08 09_49_45.693-05_00_2.png,2.25,1.770666607209229
1057,1016_LeafPhotoA_2025-09-08 09_49_45.693-05_00_3.png,2.25,1.8463784042969424
1085,,1.5,1.7780153547781985
1090,2572_LeafPhotoA_2025-09-09 10_48_03.925-05_00_0.png,1.0,1.5819505877330249
1091,2572_LeafPhotoA_2025-09-09 10_48_03.925-05_00_1.png,1.0,1.5632534763111614
1092,2572_LeafPhotoA_2025-09-09 10_48_03.925-05_00_2.png,1.0,1.6337634454267462
1093,2572_LeafPhotoA_2025-09-09 10_48_03.925-05_00_3.png,1.0,1.8187146586656902
1094,1483_LeafPhotoB_2025-09-08 16_48_47.018-05_00_0.png,1.75,1.6095171179547136
1095,1483_LeafPhotoB_2025-09-08 16_48_47.018-05_00_1.png,1.75,1.6021713653362146
1096,1483_LeafPhotoB_2025-09-08 16_48_47.018-05_00_2.png,1.75,1.6408592575120857
1097,1483_LeafPhotoB_2025-09-08 16_48_47.018-05_00_3.png,1.75,1.7003716876746962
1125,2158_LeafPhotoA_2025-09-08 12_35_42.896-05_00_0.png,1.5,1.8560917081405544
1126,2158_LeafPhotoA_2025-09-08 12_35_42.896-05_00_1.png,1.5,1.9554873506736528
1130,1800_LeafPhotoA_2025-09-09 10_52_27.692-05_00_0.png,1.5,1.65016561957833
1131,1800_LeafPhotoA_2025-09-09 10_52_27.692-05_00_1.png,1.5,1.6767492803826607
1132,1800_LeafPhotoA_2025-09-09 10_52_27.692-05_00_2.png,1.5,1.9290917510878538
1133,1800_LeafPhotoA_2025-09-09 10_52_27.692-05_00_3.png,1.5,1.7609797699116232
1151,1508_LeafPhotoA_2025-09-09 09_02_17.390-05_00_0.png,1.25,1.72231639343011
1152,1508_LeafPhotoA_2025-09-09 09_02_17.390-05_00_1.png,1.25,1.7680951548397825
1153,1508_LeafPhotoA_2025-09-09 09_02_17.390-05_00_2.png,1.25,1.7917465026051524
1165,1428_LeafPhotoB_2025-09-08 10_20_54.940-05_00_0.png,1.5,1.9498226962034877
1166,1428_LeafPhotoB_2025-09-08 10_20_54.940-05_00_1.png,1.5,2.1799679268932595
1167,1428_LeafPhotoB_2025-09-08 10_20_54.940-05_00_2.png,1.5,2.2306034990457273
1168,1428_LeafPhotoB_2025-09-08 10_20_54.940-05_00_3.png,1.5,1.9446671575932777
1173,1314_LeafPhotoA_2025-09-08 09_31_44.782-05_00_0.png,2.0,2.1312349969794444
1174,1314_LeafPhotoA_2025-09-08 09_31_44.782-05_00_1.png,2.0,2.145488676097242
1175,1314_LeafPhotoA_2025-09-08 09_31_44.782-05_00_2.png,2.0,2.1352942106429427
1176,1314_LeafPhotoA_2025-09-08 09_31_44.782-05_00_3.png,2.0,2.091176256028919
1189,1877_LeafPhotoA_2025-09-09 13_21_11.014-05_00_0.png,2.0,1.6553423337740056
1190,1877_LeafPhotoA_2025-09-09 13_21_11.014-05_00_1.png,2.0,1.7715071229872532
1191,1877_LeafPhotoA_2025-09-09 13_21_11.014-05_00_2.png,2.0,1.9784056605978426
1192,1877_LeafPhotoA_2025-09-09 13_21_11.014-05_00_3.png,2.0,2.0411699624066575
1221,1658_LeafPhotoA_2025-09-09 10_12_25.098-05_00_0.png,1.5,1.713825451376378
1222,1658_LeafPhotoA_2025-09-09 10_12_25.098-05_00_1.png,1.5,1.7711043804755826
1223,1658_LeafPhotoA_2025-09-09 10_12_25.098-05_00_2.png,1.5,1.8010752427773047
1224,1658_LeafPhotoA_2025-09-09 10_12_25.098-05_00_3.png,1.5,1.8598645235751945
1269,1864_LeafPhotoA_2025-09-09 13_32_45.370-05_00_0.png,1.25,1.7396384938550546
1270,1864_LeafPhotoA_2025-09-09 13_32_45.370-05_00_1.png,1.25,1.7725341687412632
1271,1864_LeafPhotoA_2025-09-09 13_32_45.370-05_00_2.png,1.25,1.8164233070286904
1272,1864_LeafPhotoA_2025-09-09 13_32_45.370-05_00_3.png,1.25,1.7458905869417063
1273,2763_LeafPhotoA_2025-09-09 16_10_47.493-05_00_0.png,1.5,1.8402350745391083
1274,2763_LeafPhotoA_2025-09-09 16_10_47.493-05_00_1.png,1.5,1.73109780380492
1275,2763_LeafPhotoA_2025-09-09 16_10_47.493-05_00_2.png,1.5,1.9314754638005291
1276,2763_LeafPhotoA_2025-09-09 16_10_47.493-05_00_3.png,1.5,1.8812653607626055
1281,2694_LeafPhotoA_2025-09-09 10_36_57.596-05_00_0.png,2.0,1.6705050790242704
1282,2694_LeafPhotoA_2025-09-09 10_36_57.596-05_00_1.png,2.0,1.5908406456455289
1283,2694_LeafPhotoA_2025-09-09 10_36_57.596-05_00_2.png,2.0,1.60624687154682
1284,2694_LeafPhotoA_2025-09-09 10_36_57.596-05_00_3.png,2.0,1.7017181389221596
1292,6035_LeafPhotoA_2025-09-09 16_19_41.324-05_00_0.png,1.5,1.5874281822623533
1293,6035_LeafPhotoA_2025-09-09 16_19_41.324-05_00_1.png,1.5,1.524841976503136
1294,6035_LeafPhotoA_2025-09-09 16_19_41.324-05_00_2.png,1.5,1.4841650320514979
1295,6035_LeafPhotoA_2025-09-09 16_19_41.324-05_00_3.png,1.5,1.5825499958672977
1342,2307_LeafPhotoA_2025-09-08 10_35_04.821-05_00_0.png,1.5,2.0247780224497403
1343,2307_LeafPhotoA_2025-09-08 10_35_04.821-05_00_1.png,1.5,1.8578644230793393
1344,2307_LeafPhotoA_2025-09-08 10_35_04.821-05_00_2.png,1.5,1.8809278056421777
1345,2357_LeafPhotoA_2025-09-08 11_28_10.254-05_00_0.png,1.0,1.6822367718294473
1346,2357_LeafPhotoA_2025-09-08 11_28_10.254-05_00_1.png,1.0,1.5660491791946647
1347,2357_LeafPhotoA_2025-09-08 11_28_10.254-05_00_2.png,1.0,1.55126369308957
1371,2040_LeafPhotoA_2025-09-08 11_19_26.696-05_00_0.png,1.75,1.8382533191191788
1372,2040_LeafPhotoA_2025-09-08 11_19_26.696-05_00_1.png,1.75,1.7660367938707977
1373,2040_LeafPhotoA_2025-09-08 11_19_26.696-05_00_2.png,1.75,1.7952268477029518
1374,2040_LeafPhotoA_2025-09-08 11_19_26.696-05_00_3.png,1.75,2.047582056719296
1383,1077_LeafPhotoA_2025-09-08 13_10_16.495-05_00_0.png,2.5,1.7616250652512266
1384,1077_LeafPhotoA_2025-09-08 13_10_16.495-05_00_1.png,2.5,1.8411458933465286
1385,1077_LeafPhotoA_2025-09-08 13_10_16.495-05_00_2.png,2.5,1.9627212840224055
1386,1077_LeafPhotoA_2025-09-08 13_10_16.495-05_00_3.png,2.5,1.8738049269017134
1412,1119_LeafPhotoA_2025-09-08 10_03_58.358-05_00_0.png,1.75,2.0183163572874174
1413,1119_LeafPhotoA_2025-09-08 10_03_58.358-05_00_1.png,1.75,1.974809882150282
1414,1119_LeafPhotoA_2025-09-08 10_03_58.358-05_00_2.png,1.75,1.934091915445559
1415,1119_LeafPhotoA_2025-09-08 10_03_58.358-05_00_3.png,1.75,1.97535617943503
1424,1023_LeafPhotoA_2025-09-08 09_57_52.275-05_00_0.png,1.0,1.98901174209965
1425,1023_LeafPhotoA_2025-09-08 09_57_52.275-05_00_1.png,1.0,1.682600165937434
1426,1023_LeafPhotoA_2025-09-08 09_57_52.275-05_00_2.png,1.0,1.6646674916192015
1432,2169_LeafPhotoA_2025-09-09 12_05_18.887-05_00_0.png,2.0,1.7647204716951124
1433,2169_LeafPhotoA_2025-09-09 12_05_18.887-05_00_1.png,2.0,1.7375553687502958
1434,2169_LeafPhotoA_2025-09-09 12_05_18.887-05_00_2.png,2.0,1.8184516097722367
1435,2169_LeafPhotoA_2025-09-09 12_05_18.887-05_00_3.png,2.0,2.0454893395674896
1446,1428_LeafPhotoA_2025-09-08 09_50_33.027-05_00_0.png,2.0,1.7985827686326183
1447,1428_LeafPhotoA_2025-09-08 09_50_33.027-05_00_1.png,2.0,1.8100052739161336
1448,1428_LeafPhotoA_2025-09-08 09_50_33.027-05_00_2.png,2.0,1.7303343252867485
1449,1428_LeafPhotoA_2025-09-08 09_50_33.027-05_00_3.png,2.0,1.768003133210636
1451,2917_LeafPhotoA_2025-09-09 16_38_04.615-05_00_0.png,1.75,1.7767608172821872
1452,2917_LeafPhotoA_2025-09-09 16_38_04.615-05_00_1.png,1.75,1.7367273924878666
1453,2917_LeafPhotoA_2025-09-09 16_38_04.615-05_00_2.png,1.75,1.7752166472333242
1454,2917_LeafPhotoA_2025-09-09 16_38_04.615-05_00_3.png,1.75,1.8442913463251358
1463,1681_LeafPhotoA_2025-09-09 09_29_00.984-05_00_0.png,1.25,1.7213622978919536
1464,1681_LeafPhotoA_2025-09-09 09_29_00.984-05_00_1.png,1.25,1.6930656888972841
1481,2652_LeafPhotoA_2025-09-09 11_26_15.311-05_00_0.png,3.25,2.502371435939038
1482,2652_LeafPhotoA_2025-09-09 11_26_15.311-05_00_1.png,3.25,2.9219526823768547
1483,2652_LeafPhotoA_2025-09-09 11_26_15.311-05_00_2.png,3.25,2.586489181227753
1484,2652_LeafPhotoA_2025-09-09 11_26_15.311-05_00_3.png,3.25,2.5854813725898307
1489,2117_LeafPhotoA_2025-09-08 11_22_01.521-05_00_0.png,2.25,1.9495038803632208
1490,2117_LeafPhotoA_2025-09-08 11_22_01.521-05_00_1.png,2.25,1.8545567354794323
1491,2117_LeafPhotoA_2025-09-08 11_22_01.521-05_00_2.png,2.25,1.8766446231478044
1492,2117_LeafPhotoA_2025-09-08 11_22_01.521-05_00_3.png,2.25,1.9028076792730197
1516,1800_LeafPhotoA_2025-09-09 10_53_17.816-05_00_0.png,2.0,1.7449505776368561
1517,1800_LeafPhotoA_2025-09-09 10_53_17.816-05_00_1.png,2.0,1.6876354492211336
1518,1800_LeafPhotoA_2025-09-09 10_53_17.816-05_00_2.png,2.0,1.7538425319614483
1519,1800_LeafPhotoA_2025-09-09 10_53_17.816-05_00_3.png,2.0,1.7869383080168575
1551,1911_LeafPhotoA_2025-09-09 14_48_38.419-05_00_0.png,2.5,1.8627216449929178
1552,1911_LeafPhotoA_2025-09-09 14_48_38.419-05_00_1.png,2.5,1.7890176729324505
1553,1911_LeafPhotoA_2025-09-09 14_48_38.419-05_00_2.png,2.5,1.9108131825712134
1554,1911_LeafPhotoA_2025-09-09 14_48_38.419-05_00_3.png,2.5,1.9880672981049095
1569,2181_LeafPhotoA_2025-09-09 12_25_47.850-05_00_0.png,4.25,2.884687347788307
1570,2181_LeafPhotoA_2025-09-09 12_25_47.850-05_00_1.png,4.25,2.8330004599709446
1571,2181_LeafPhotoA_2025-09-09 12_25_47.850-05_00_2.png,4.25,2.581418897483241
1572,2181_LeafPhotoA_2025-09-09 12_25_47.850-05_00_3.png,4.25,2.8148942968164965
1585,1412_LeafPhotoB_2025-09-08 10_06_24.412-05_00_0.png,1.25,1.745686180546052
1586,1412_LeafPhotoB_2025-09-08 10_06_24.412-05_00_1.png,1.25,1.6257687316647387
1587,1412_LeafPhotoB_2025-09-08 10_06_24.412-05_00_2.png,1.25,1.704416800322413
1588,1412_LeafPhotoB_2025-09-08 10_06_24.412-05_00_3.png,1.25,1.65647502611338
1589,2733_LeafPhotoA_2025-09-09 10_59_34.111-05_00_0.png,3.5,2.7657748080415474
1595,2290_LeafPhotoA_2025-09-08 16_50_22.595-05_00_0.png,2.25,1.74588659090281
1596,2290_LeafPhotoA_2025-09-08 16_50_22.595-05_00_1.png,2.25,1.6889112457406283
1597,2290_LeafPhotoA_2025-09-08 16_50_22.595-05_00_2.png,2.25,1.7885829958212052
1598,2290_LeafPhotoA_2025-09-08 16_50_22.595-05_00_3.png,2.25,1.8610643387816532
1607,2491_LeafPhotoB_2025-09-08 12_06_12.641-05_00_0.png,1.5,1.5440861551172949
1608,2491_LeafPhotoB_2025-09-08 12_06_12.641-05_00_1.png,1.5,1.6647397701291995
1609,2491_LeafPhotoB_2025-09-08 12_06_12.641-05_00_2.png,1.5,1.6056491150519918
1610,2491_LeafPhotoB_2025-09-08 12_06_12.641-05_00_3.png,1.5,1.6847412991272683
1615,1403_LeafPhotoB_2025-09-08 09_57_03.631-05_00_0.png,2.0,1.823883106347986
1616,1403_LeafPhotoB_2025-09-08 09_57_03.631-05_00_1.png,2.0,1.8219103663257121
1617,1403_LeafPhotoB_2025-09-08 09_57_03.631-05_00_2.png,2.0,1.9252615692472623
1618,1403_LeafPhotoB_2025-09-08 09_57_03.631-05_00_3.png,2.0,1.9348900351884109
1619,2481_LeafPhotoB_2025-09-08 11_58_03.951-05_00_0.png,2.5,2.0461499415684172
1620,2481_LeafPhotoB_2025-09-08 11_58_03.951-05_00_1.png,2.5,2.0465961717953407
1621,2481_LeafPhotoB_2025-09-08 11_58_03.951-05_00_2.png,2.5,2.0457736059184533
1622,2481_LeafPhotoB_2025-09-08 11_58_03.951-05_00_3.png,2.5,2.0090369871021116
1628,1412_LeafPhotoB_2025-09-08 10_06_46.177-05_00_0.png,1.25,1.6594813799730093
1629,1412_LeafPhotoB_2025-09-08 10_06_46.177-05_00_1.png,1.25,1.6833344340584813
1630,1412_LeafPhotoB_2025-09-08 10_06_46.177-05_00_2.png,1.25,1.7123363526630733
1631,1412_LeafPhotoB_2025-09-08 10_06_46.177-05_00_3.png,1.25,1.64036365163206
1639,1230_LeafPhotoA_2025-09-08 10_14_02.865-05_00_0.png,1.5,1.625637347248126
1640,1230_LeafPhotoA_2025-09-08 10_14_02.865-05_00_1.png,1.5,1.595151761608866
1641,1230_LeafPhotoA_2025-09-08 10_14_02.865-05_00_2.png,1.5,1.6631183491377481
1642,1230_LeafPhotoA_2025-09-08 10_14_02.865-05_00_3.png,1.5,1.7144540029825825
1667,2551_LeafPhotoA_2025-09-09 11_08_14.599-05_00_0.png,1.75,1.8346073852510585
1668,2551_LeafPhotoA_2025-09-09 11_08_14.599-05_00_1.png,1.75,1.9288357296808578
1669,2551_LeafPhotoA_2025-09-09 11_08_14.599-05_00_2.png,1.75,1.8797651711893204
1670,2551_LeafPhotoA_2025-09-09 11_08_14.599-05_00_3.png,1.75,1.796851429942337
1674,1130_LeafPhotoA_2025-09-08 10_20_05.265-05_00_0.png,3.25,2.2269267297057294
1675,1130_LeafPhotoA_2025-09-08 10_20_05.265-05_00_1.png,3.25,2.4375187831120972
1676,1130_LeafPhotoA_2025-09-08 10_20_05.265-05_00_2.png,3.25,2.5576867126896135
1677,1130_LeafPhotoA_2025-09-08 10_20_05.265-05_00_3.png,3.25,2.43475558575492
1684,2191_LeafPhotoA_2025-09-08 17_16_00.546-05_00_0.png,1.5,1.7327736753498988
1685,2191_LeafPhotoA_2025-09-08 17_16_00.546-05_00_1.png,1.5,1.6157756797605032
1686,2191_LeafPhotoA_2025-09-08 17_16_00.546-05_00_2.png,1.5,1.6307709672427912
1687,2992_LeafPhotoA_2025-09-09 16_46_31.136-05_00_0.png,2.25,2.1369934832552753
1688,2992_LeafPhotoA_2025-09-09 16_46_31.136-05_00_1.png,2.25,2.110619983166288
1689,2992_LeafPhotoA_2025-09-09 16_46_31.136-05_00_2.png,2.25,1.8481923229674408
1690,2992_LeafPhotoA_2025-09-09 16_46_31.136-05_00_3.png,2.25,1.8800289833051909
1702,2687_LeafPhotoA_2025-09-09 10_47_32.733-05_00_0.png,1.25,1.754226261043308
1703,2687_LeafPhotoA_2025-09-09 10_47_32.733-05_00_1.png,1.25,1.691814495678308
1714,1205_LeafPhotoA_2025-09-08 09_27_17.999-05_00_0.png,1.25,1.7410538815047933
1715,1205_LeafPhotoA_2025-09-08 09_27_17.999-05_00_1.png,1.25,1.683314188873506
1716,1205_LeafPhotoA_2025-09-08 09_27_17.999-05_00_2.png,1.25,1.6336975466739048
1717,1205_LeafPhotoA_2025-09-08 09_27_17.999-05_00_3.png,1.25,1.573598052223511
1722,2450_LeafPhotoB_2025-09-08 11_25_27.986-05_00_0.png,1.5,1.6217375825995584
1723,2450_LeafPhotoB_2025-09-08 11_25_27.986-05_00_1.png,1.5,1.5953970744382888
1724,2450_LeafPhotoB_2025-09-08 11_25_27.986-05_00_2.png,1.5,1.5893326519004722
1725,2450_LeafPhotoB_2025-09-08 11_25_27.986-05_00_3.png,1.5,1.6519966945343425
1734,2763_LeafPhotoA_2025-09-09 16_11_24.849-05_00_0.png,1.75,1.8007486508925044
1735,2763_LeafPhotoA_2025-09-09 16_11_24.849-05_00_1.png,1.75,1.7459525282549304
1755,1617_LeafPhotoA_2025-09-09 09_43_56.607-05_00_0.png,1.5,1.6884147754644188
1756,1617_LeafPhotoA_2025-09-09 09_43_56.607-05_00_1.png,1.5,1.8906044196588057
1757,1617_LeafPhotoA_2025-09-09 09_43_56.607-05_00_2.png,1.5,1.5803077379558976
1758,1617_LeafPhotoA_2025-09-09 09_43_56.607-05_00_3.png,1.5,1.6194301639488617
1759,2272_LeafPhotoA_2025-09-08 17_11_05.980-05_00_0.png,2.25,1.8700445978761093
1760,2272_LeafPhotoA_2025-09-08 17_11_05.980-05_00_1.png,2.25,1.9308741533825229
1776,2315_LeafPhotoA_2025-09-08 10_43_18.717-05_00_0.png,2.0,1.7864677461865082
1777,2315_LeafPhotoA_2025-09-08 10_43_18.717-05_00_1.png,2.0,1.7027783391614313
1778,2315_LeafPhotoA_2025-09-08 10_43_18.717-05_00_2.png,2.0,1.7230660788326961
1779,2315_LeafPhotoA_2025-09-08 10_43_18.717-05_00_3.png,2.0,1.7710666725989879
1780,1423_LeafPhotoB_2025-09-08 10_15_40.160-05_00_0.png,3.0,1.7805010461285247
1781,1423_LeafPhotoB_2025-09-08 10_15_40.160-05_00_1.png,3.0,2.016370819381534
1782,1423_LeafPhotoB_2025-09-08 10_15_40.160-05_00_2.png,3.0,1.8555283705386165
1783,1423_LeafPhotoB_2025-09-08 10_15_40.160-05_00_3.png,3.0,2.3333017150937434
1784,1016_LeafPhotoA_2025-09-08 09_49_16.143-05_00_0.png,2.5,1.6736256993256668
1785,1016_LeafPhotoA_2025-09-08 09_49_16.143-05_00_1.png,2.5,1.783139773392833
1786,1016_LeafPhotoA_2025-09-08 09_49_16.143-05_00_2.png,2.5,2.1437091926807605
1787,1016_LeafPhotoA_2025-09-08 09_49_16.143-05_00_3.png,2.5,2.0848072665410236
1792,2526_LeafPhotoA_2025-09-09 10_24_08.055-05_00_0.png,1.75,1.698401789929412
1793,2526_LeafPhotoA_2025-09-09 10_24_08.055-05_00_1.png,1.75,1.6972305885253598
1794,2526_LeafPhotoA_2025-09-09 10_24_08.055-05_00_2.png,1.75,1.7181240055537537
1795,2526_LeafPhotoA_2025-09-09 10_24_08.055-05_00_3.png,1.75,1.7438893002811722
1812,2037_LeafPhotoA_2025-09-08 11_16_12.785-05_00_0.png,2.0,1.807804874761676
1813,2037_LeafPhotoA_2025-09-08 11_16_12.785-05_00_1.png,2.0,1.8258706043456652
1814,2037_LeafPhotoA_2025-09-08 11_16_12.785-05_00_2.png,2.0,1.8265100065174444
1815,2037_LeafPhotoA_2025-09-08 11_16_12.785-05_00_3.png,2.0,1.8826343013630882
1816,2269_LeafPhotoA_2025-09-08 17_13_41.456-05_00_0.png,2.5,1.869650082936233
1817,2269_LeafPhotoA_2025-09-08 17_13_41.456-05_00_1.png,2.5,1.8499976406435623
1818,2269_LeafPhotoA_2025-09-08 17_13_41.456-05_00_2.png,2.5,2.043259238211374
1819,2269_LeafPhotoA_2025-09-08 17_13_41.456-05_00_3.png,2.5,2.166440226581179
1835,1981_LeafPhotoA_2025-09-09 16_40_09.824-05_00_0.png,1.0,1.5017677228521615
1836,1981_LeafPhotoA_2025-09-09 16_40_09.824-05_00_1.png,1.0,1.5011198862962465
1837,1981_LeafPhotoA_2025-09-09 16_40_09.824-05_00_2.png,1.0,1.489890077571903
1838,1981_LeafPhotoA_2025-09-09 16_40_09.824-05_00_3.png,1.0,1.6088255791967243
1843,1392_LeafPhotoA_2025-09-08 13_12_01.932-05_00_0.png,2.25,1.7545938687672202
1844,1392_LeafPhotoA_2025-09-08 13_12_01.932-05_00_1.png,2.25,1.7675848657612285
1845,1392_LeafPhotoA_2025-09-08 13_12_01.932-05_00_2.png,2.25,1.6462473150868207
1846,1392_LeafPhotoA_2025-09-08 13_12_01.932-05_00_3.png,2.25,1.9077843162505403
1902,1209_LeafPhotoA_2025-09-08 09_36_46.496-05_00_0.png,1.0,1.6428912714875847
1903,1209_LeafPhotoA_2025-09-08 09_36_46.496-05_00_1.png,1.0,1.523662770124879
1904,1209_LeafPhotoA_2025-09-08 09_36_46.496-05_00_2.png,1.0,1.5428348084113475
1905,1209_LeafPhotoA_2025-09-08 09_36_46.496-05_00_3.png,1.0,1.6040291345490147
1906,1487_LeafPhotoB_2025-09-08 16_51_33.738-05_00_0.png,1.75,1.7871253479452367
1907,1487_LeafPhotoB_2025-09-08 16_51_33.738-05_00_1.png,1.75,1.733134504060986
1908,1487_LeafPhotoB_2025-09-08 16_51_33.738-05_00_2.png,1.75,1.7999173150040741
1909,1487_LeafPhotoB_2025-09-08 16_51_33.738-05_00_3.png,1.75,1.591591149174559
1928,2717_LeafPhotoA_2025-09-09 10_36_42.002-05_00_0.png,4.5,3.034316921350491
1929,2717_LeafPhotoA_2025-09-09 10_36_42.002-05_00_1.png,4.5,2.9153352430244155
1930,2717_LeafPhotoA_2025-09-09 10_36_42.002-05_00_2.png,4.5,2.8032751309040953
1931,2717_LeafPhotoA_2025-09-09 10_36_42.002-05_00_3.png,4.5,2.866143640431422
1989,2723_LeafPhotoA_2025-09-09 10_44_34.871-05_00_0.png,3.25,2.0832364378639294
1990,2723_LeafPhotoA_2025-09-09 10_44_34.871-05_00_1.png,3.25,1.94457902585971
1991,2723_LeafPhotoA_2025-09-09 10_44_34.871-05_00_2.png,3.25,2.0912292665772356
1992,2723_LeafPhotoA_2025-09-09 10_44_34.871-05_00_3.png,3.25,2.2875548786801323
1993,1125_LeafPhotoA_2025-09-08 10_12_23.672-05_00_0.png,1.75,1.662622773457621
1994,1125_LeafPhotoA_2025-09-08 10_12_23.672-05_00_1.png,1.75,1.608857949447031
1995,1125_LeafPhotoA_2025-09-08 10_12_23.672-05_00_2.png,1.75,1.66865406575118
1996,1125_LeafPhotoA_2025-09-08 10_12_23.672-05_00_3.png,1.75,1.7215875858170142
1997,2678_LeafPhotoA_2025-09-09 11_04_41.551-05_00_0.png,2.0,2.1430070549532374
1998,2678_LeafPhotoA_2025-09-09 11_04_41.551-05_00_1.png,2.0,1.9132545012593503
1999,2678_LeafPhotoA_2025-09-09 11_04_41.551-05_00_2.png,2.0,1.945096471748549
2005,2040_LeafPhotoA_2025-09-08 11_19_56.770-05_00_0.png,2.5,1.9015530371653622
2006,2040_LeafPhotoA_2025-09-08 11_19_56.770-05_00_1.png,2.5,1.8332447691640708
2007,2040_LeafPhotoA_2025-09-08 11_19_56.770-05_00_2.png,2.5,1.805814416578919
2008,2040_LeafPhotoA_2025-09-08 11_19_56.770-05_00_3.png,2.5,1.7781767827787345
2023,2229_LeafPhotoA_2025-09-08 11_33_21.108-05_00_0.png,2.0,1.8048985926582553
2024,2229_LeafPhotoA_2025-09-08 11_33_21.108-05_00_1.png,2.0,1.752172279336644
2025,2229_LeafPhotoA_2025-09-08 11_33_21.108-05_00_2.png,2.0,1.6892043251819882
2026,2229_LeafPhotoA_2025-09-08 11_33_21.108-05_00_3.png,2.0,1.6136765136013143
2034,5010_LeafPhotoA_2025-09-09 16_12_11.860-05_00_0.png,1.25,1.6290254730193052
2035,5010_LeafPhotoA_2025-09-09 16_12_11.860-05_00_1.png,1.25,1.6387754006372668
2036,5010_LeafPhotoA_2025-09-09 16_12_11.860-05_00_2.png,1.25,1.5439400779684516
2037,5010_LeafPhotoA_2025-09-09 16_12_11.860-05_00_3.png,1.25,1.583207694900129
2042,1125_LeafPhotoA_2025-09-08 10_13_03.747-05_00_0.png,1.25,1.8078654467374826
2043,1125_LeafPhotoA_2025-09-08 10_13_03.747-05_00_1.png,1.25,1.8113451229659165
2044,1125_LeafPhotoA_2025-09-08 10_13_03.747-05_00_2.png,1.25,1.7633062662566972
2045,1125_LeafPhotoA_2025-09-08 10_13_03.747-05_00_3.png,1.25,1.6622347852579566
2059,2750_LeafPhotoA_2025-09-09 11_21_52.462-05_00_0.png,1.5,1.706874480661562
2060,2750_LeafPhotoA_2025-09-09 11_21_52.462-05_00_1.png,1.5,1.6716507817638702
2061,2750_LeafPhotoA_2025-09-09 11_21_52.462-05_00_2.png,1.5,1.655230183490669
2062,2750_LeafPhotoA_2025-09-09 11_21_52.462-05_00_3.png,1.5,1.703821741341841
2063,1258_LeafPhotoA_2025-09-08 16_31_15.963-05_00_0.png,2.25,1.8104026877297965
2064,1258_LeafPhotoA_2025-09-08 16_31_15.963-05_00_1.png,2.25,2.077042579152874
2065,1258_LeafPhotoA_2025-09-08 16_31_15.963-05_00_2.png,2.25,2.075740090621073
2066,1258_LeafPhotoA_2025-09-08 16_31_15.963-05_00_3.png,2.25,1.9853621675613267
2099,2037_LeafPhotoA_2025-09-08 11_16_27.368-05_00_0.png,1.75,1.9146597394585962
2100,2037_LeafPhotoA_2025-09-08 11_16_27.368-05_00_1.png,1.75,1.635229944016466
2101,2037_LeafPhotoA_2025-09-08 11_16_27.368-05_00_2.png,1.75,1.7854262106156344
2102,2037_LeafPhotoA_2025-09-08 11_16_27.368-05_00_3.png,1.75,1.8107987206225045
2111,2678_LeafPhotoA_2025-09-09 11_04_09.961-05_00_0.png,2.0,2.0697540563393675
2112,2678_LeafPhotoA_2025-09-09 11_04_09.961-05_00_1.png,2.0,2.13261065883479
2113,2678_LeafPhotoA_2025-09-09 11_04_09.961-05_00_2.png,2.0,1.8666943577806456
2114,1944_LeafPhotoA_2025-09-09 16_01_21.249-05_00_0.png,2.5,2.224745698206055
2115,1944_LeafPhotoA_2025-09-09 16_01_21.249-05_00_1.png,2.5,2.111978212697714
2116,1944_LeafPhotoA_2025-09-09 16_01_21.249-05_00_2.png,2.5,2.199021096980079
2117,1944_LeafPhotoA_2025-09-09 16_01_21.249-05_00_3.png,2.5,2.3750010818215177
2125,2434_LeafPhotoB_2025-09-08 11_10_53.702-05_00_0.png,1.5,1.6908512275733296
2126,2434_LeafPhotoB_2025-09-08 11_10_53.702-05_00_1.png,1.5,1.7220596632228058
2127,2434_LeafPhotoB_2025-09-08 11_10_53.702-05_00_2.png,1.5,1.738705347779639
2128,2434_LeafPhotoB_2025-09-08 11_10_53.702-05_00_3.png,1.5,1.8776789041899582
2141,1127_LeafPhotoA_2025-09-08 10_15_24.325-05_00_0.png,2.5,1.8665915433908729
2142,1127_LeafPhotoA_2025-09-08 10_15_24.325-05_00_1.png,2.5,1.7906938911661845
2143,1127_LeafPhotoA_2025-09-08 10_15_24.325-05_00_2.png,2.5,1.696298446991014
2144,1127_LeafPhotoA_2025-09-08 10_15_24.325-05_00_3.png,2.5,1.7427283136768323
2198,1493_LeafPhotoB_2025-09-08 16_57_00.908-05_00_0.png,2.5,2.160760409588208
2199,1493_LeafPhotoB_2025-09-08 16_57_00.908-05_00_1.png,2.5,2.008612249567007
2200,1493_LeafPhotoB_2025-09-08 16_57_00.908-05_00_2.png,2.5,2.141606613976945
2201,1493_LeafPhotoB_2025-09-08 16_57_00.908-05_00_3.png,2.5,2.1071523426344685
2218,1877_LeafPhotoA_2025-09-09 13_21_50.382-05_00_0.png,1.25,1.8081683037464784
2219,1877_LeafPhotoA_2025-09-09 13_21_50.382-05_00_1.png,1.25,1.67675533254934
2220,1877_LeafPhotoA_2025-09-09 13_21_50.382-05_00_2.png,1.25,1.859527720989023
2221,1877_LeafPhotoA_2025-09-09 13_21_50.382-05_00_3.png,1.25,1.928862416522247
2222,,2.0,1.7780153547781985
2226,1582_LeafPhotoA_2025-09-09 09_42_32.403-05_00_0.png,2.25,1.8052985779552497
2227,1582_LeafPhotoA_2025-09-09 09_42_32.403-05_00_1.png,2.25,1.8453381321966953
2228,1582_LeafPhotoA_2025-09-09 09_42_32.403-05_00_2.png,2.25,1.975676245009184
2229,1582_LeafPhotoA_2025-09-09 09_42_32.403-05_00_3.png,2.25,1.8369250155951642
2235,2477_LeafPhotoB_2025-09-08 11_52_47.408-05_00_0.png,3.25,2.3075366221419946
2236,2477_LeafPhotoB_2025-09-08 11_52_47.408-05_00_1.png,3.25,2.477727524794498
2237,2477_LeafPhotoB_2025-09-08 11_52_47.408-05_00_2.png,3.25,2.297161285374896
2238,2477_LeafPhotoB_2025-09-08 11_52_47.408-05_00_3.png,3.25,2.1744163623479835
2286,1067_LeafPhotoA_2025-09-08 12_59_13.071-05_00_0.png,1.25,1.7471581836998473
2287,1067_LeafPhotoA_2025-09-08 12_59_13.071-05_00_1.png,1.25,1.6613090094648002
2288,1067_LeafPhotoA_2025-09-08 12_59_13.071-05_00_2.png,1.25,1.6993349924110022
2289,1067_LeafPhotoA_2025-09-08 12_59_13.071-05_00_3.png,1.25,1.7243885902243827
2298,1311_LeafPhotoA_2025-09-08 09_27_50.762-05_00_0.png,2.25,1.7708728951740877
2299,1311_LeafPhotoA_2025-09-08 09_27_50.762-05_00_1.png,2.25,1.7198658537710039
2300,1311_LeafPhotoA_2025-09-08 09_27_50.762-05_00_2.png,2.25,1.6945894419867304
2301,1311_LeafPhotoA_2025-09-08 09_27_50.762-05_00_3.png,2.25,1.7205202519936096
2310,1627_LeafPhotoA_2025-09-09 10_06_34.203-05_00_0.png,1.5,1.6588392906650438
2311,1627_LeafPhotoA_2025-09-09 10_06_34.203-05_00_1.png,1.5,1.8017535951468446
2312,1627_LeafPhotoA_2025-09-09 10_06_34.203-05_00_2.png,1.5,1.698151077003922
2313,1627_LeafPhotoA_2025-09-09 10_06_34.203-05_00_3.png,1.5,1.7069606978754515
2329,2717_LeafPhotoA_2025-09-09 10_36_52.862-05_00_0.png,3.25,2.774608485339906
2330,2717_LeafPhotoA_2025-09-09 10_36_52.862-05_00_1.png,3.25,2.7144131142738206
2331,2717_LeafPhotoA_2025-09-09 10_36_52.862-05_00_2.png,3.25,2.1489305117585165
2332,1130_LeafPhotoA_2025-09-08 10_20_33.571-05_00_0.png,1.75,1.5912490786405507
2333,1130_LeafPhotoA_2025-09-08 10_20_33.571-05_00_1.png,1.75,1.602013235125514
2334,1130_LeafPhotoA_2025-09-08 10_20_33.571-05_00_2.png,1.75,1.678464199684099
2335,1130_LeafPhotoA_2025-09-08 10_20_33.571-05_00_3.png,1.75,1.7310925259595944
2362,2207_LeafPhotoA_2025-09-08 10_54_55.448-05_00_0.png,1.25,1.7606312899293275
2363,2207_LeafPhotoA_2025-09-08 10_54_55.448-05_00_1.png,1.25,1.7126853521744334
2364,2207_LeafPhotoA_2025-09-08 10_54_55.448-05_00_2.png,1.25,1.6881699735230495
2365,2207_LeafPhotoA_2025-09-08 10_54_55.448-05_00_3.png,1.25,1.6269308773925188
2370,1617_LeafPhotoA_2025-09-09 09_44_34.252-05_00_0.png,1.5,1.736166955311526
2371,1617_LeafPhotoA_2025-09-09 09_44_34.252-05_00_1.png,1.5,1.7155822010766275
2372,1617_LeafPhotoA_2025-09-09 09_44_34.252-05_00_2.png,1.5,1.7020602397030553
2405,1184_LeafPhotoA_2025-09-08 16_08_30.015-05_00_0.png,2.75,1.9604142248910916
2406,1184_LeafPhotoA_2025-09-08 16_08_30.015-05_00_1.png,2.75,1.9916897735289532
2407,1184_LeafPhotoA_2025-09-08 16_08_30.015-05_00_2.png,2.75,2.144547755181429
2408,1184_LeafPhotoA_2025-09-08 16_08_30.015-05_00_3.png,2.75,2.18587645218612
2475,2338_LeafPhotoA_2025-09-08 11_06_38.534-05_00_0.png,3.5,2.4117521783919447
2476,2338_LeafPhotoA_2025-09-08 11_06_38.534-05_00_1.png,3.5,2.142636947713237
2477,2338_LeafPhotoA_2025-09-08 11_06_38.534-05_00_2.png,3.5,2.415606774473913
2478,2338_LeafPhotoA_2025-09-08 11_06_38.534-05_00_3.png,3.5,2.134360093766258
2498,1644_LeafPhotoA_2025-09-09 10_35_13.308-05_00_0.png,1.25,1.5304389938890242
2499,1644_LeafPhotoA_2025-09-09 10_35_13.308-05_00_1.png,1.25,1.5053295905000141
2500,1644_LeafPhotoA_2025-09-09 10_35_13.308-05_00_2.png,1.25,1.5834770430364589
2501,1644_LeafPhotoA_2025-09-09 10_35_13.308-05_00_3.png,1.25,1.584767051385255
2506,2981_LeafPhotoA_2025-09-09 16_33_03.761-05_00_0.png,2.5,2.0734180757819853
2507,2981_LeafPhotoA_2025-09-09 16_33_03.761-05_00_1.png,2.5,1.975354479375329
2508,2981_LeafPhotoA_2025-09-09 16_33_03.761-05_00_2.png,2.5,1.9336087641745283
2513,1731_LeafPhotoA_2025-09-09 09_38_23.442-05_00_0.png,1.5,1.9047857146548748
2514,1731_LeafPhotoA_2025-09-09 09_38_23.442-05_00_1.png,1.5,1.7384516613135639
2515,1731_LeafPhotoA_2025-09-09 09_38_23.442-05_00_2.png,1.5,1.8925998559498085
2572,2466_LeafPhotoB_2025-09-08 11_42_42.225-05_00_0.png,1.0,1.6956332576173185
2573,2466_LeafPhotoB_2025-09-08 11_42_42.225-05_00_1.png,1.0,1.8636144008479045
2574,2466_LeafPhotoB_2025-09-08 11_42_42.225-05_00_2.png,1.0,1.6513111654669064
2575,2466_LeafPhotoB_2025-09-08 11_42_42.225-05_00_3.png,1.0,1.5772275689741224
2584,2877_LeafPhotoA_2025-09-09 14_42_55.104-05_00_0.png,1.25,1.4941708738887527
2585,2877_LeafPhotoA_2025-09-09 14_42_55.104-05_00_1.png,1.25,1.48709446183815
2586,2877_LeafPhotoA_2025-09-09 14_42_55.104-05_00_2.png,1.25,1.6165329035429656
2587,2877_LeafPhotoA_2025-09-09 14_42_55.104-05_00_3.png,1.25,1.605171350310766
2629,,1.5,1.7780153547781985
2634,2169_LeafPhotoA_2025-09-09 12_05_10.533-05_00_0.png,2.25,1.9288773316547365
2666,2568_LeafPhotoA_2025-09-09 10_50_54.288-05_00_0.png,1.25,1.6579520318486578
2667,2568_LeafPhotoA_2025-09-09 10_50_54.288-05_00_1.png,1.25,1.6483709718281496
2668,2568_LeafPhotoA_2025-09-09 10_50_54.288-05_00_2.png,1.25,1.6812867804428036
2669,2568_LeafPhotoA_2025-09-09 10_50_54.288-05_00_3.png,1.25,1.6974814701310692
2674,1873_LeafPhotoA_2025-09-09 13_24_25.512-05_00_0.png,2.25,2.033889288391564
2675,1873_LeafPhotoA_2025-09-09 13_24_25.512-05_00_1.png,2.25,1.9110568266483192
2676,1873_LeafPhotoA_2025-09-09 13_24_25.512-05_00_2.png,2.25,1.8659349122280275
2677,1873_LeafPhotoA_2025-09-09 13_24_25.512-05_00_3.png,2.25,1.8131985435861353
2678,1657_LeafPhotoA_2025-09-09 10_13_53.773-05_00_0.png,1.25,1.5724720965671641
2679,1657_LeafPhotoA_2025-09-09 10_13_53.773-05_00_1.png,1.25,1.525481715599073
2683,1873_LeafPhotoA_2025-09-09 13_25_03.055-05_00_0.png,2.75,1.9126053953423685
2684,1873_LeafPhotoA_2025-09-09 13_25_03.055-05_00_1.png,2.75,1.8966265328051086
2685,1873_LeafPhotoA_2025-09-09 13_25_03.055-05_00_2.png,2.75,1.947897492568064
2686,1873_LeafPhotoA_2025-09-09 13_25_03.055-05_00_3.png,2.75,1.9872121961581397
2699,2066_LeafPhotoA_2025-09-08 12_00_00.120-05_00_0.png,1.5,1.6013523372442078
2700,2066_LeafPhotoA_2025-09-08 12_00_00.120-05_00_1.png,1.5,1.571827256803493
2701,2066_LeafPhotoA_2025-09-08 12_00_00.120-05_00_2.png,1.5,1.6426910213150168
2702,2066_LeafPhotoA_2025-09-08 12_00_00.120-05_00_3.png,1.5,1.5858012010819302
2707,1877_LeafPhotoA_2025-09-09 13_21_29.026-05_00_0.png,2.5,1.9740705834131347
2708,1877_LeafPhotoA_2025-09-09 13_21_29.026-05_00_1.png,2.5,1.9473622465842007
2709,1877_LeafPhotoA_2025-09-09 13_21_29.026-05_00_2.png,2.5,1.9813783226067236
2710,1877_LeafPhotoA_2025-09-09 13_21_29.026-05_00_3.png,2.5,1.825221128117777
2715,1149_LeafPhotoA_2025-09-08 10_47_32.215-05_00_0.png,2.25,2.1290540028118246
2716,1149_LeafPhotoA_2025-09-08 10_47_32.215-05_00_1.png,2.25,2.221755651880048
2717,1149_LeafPhotoA_2025-09-08 10_47_32.215-05_00_2.png,2.25,2.2727591142235717
2718,1149_LeafPhotoA_2025-09-08 10_47_32.215-05_00_3.png,2.25,2.3343261835035105
2730,1359_LeafPhotoA_2025-09-08 12_38_47.936-05_00_0.png,2.0,1.7107619654436141
2731,1359_LeafPhotoA_2025-09-08 12_38_47.936-05_00_1.png,2.0,1.7322781983829287
2732,1359_LeafPhotoA_2025-09-08 12_38_47.936-05_00_2.png,2.0,1.6890204814924616
2741,2992_LeafPhotoA_2025-09-09 16_46_47.466-05_00_0.png,1.5,2.134440738595499
2742,2992_LeafPhotoA_2025-09-09 16_46_47.466-05_00_1.png,1.5,1.7412136546481545
2743,2992_LeafPhotoA_2025-09-09 16_46_47.466-05_00_2.png,1.5,1.7125133728983883
2744,2992_LeafPhotoA_2025-09-09 16_46_47.466-05_00_3.png,1.5,1.836637106458374
2801,2071_LeafPhotoA_2025-09-08 12_05_40.977-05_00_0.png,1.75,1.790621223432248
2802,2071_LeafPhotoA_2025-09-08 12_05_40.977-05_00_1.png,1.75,1.6835687782947724
2803,2071_LeafPhotoA_2025-09-08 12_05_40.977-05_00_2.png,1.75,1.6765179862129715
2804,2071_LeafPhotoA_2025-09-08 12_05_40.977-05_00_3.png,1.75,1.8472541378201672
2806,,2.5,1.7780153547781985
2846,1553_LeafPhotoA_2025-09-09 10_18_50.828-05_00_0.png,1.5,1.7350031387547353
2847,1553_LeafPhotoA_2025-09-09 10_18_50.828-05_00_1.png,1.5,1.7739241951571056
2848,1553_LeafPhotoA_2025-09-09 10_18_50.828-05_00_2.png,1.5,1.811001651867653
2849,1553_LeafPhotoA_2025-09-09 10_18_50.828-05_00_3.png,1.5,1.7672159786203556
2872,2826_LeafPhotoA_2025-09-09 10_42_31.280-05_00_0.png,2.0,1.6956554746154677
2873,2826_LeafPhotoA_2025-09-09 10_42_31.280-05_00_1.png,2.0,1.9610127489952867
2874,2826_LeafPhotoA_2025-09-09 10_42_31.280-05_00_2.png,2.0,2.027052121516471
2875,2826_LeafPhotoA_2025-09-09 10_42_31.280-05_00_3.png,2.0,1.9263892262748308
2888,2831_LeafPhotoA_2025-09-09 10_48_28.918-05_00_0.png,2.0,1.7948510901105486
2889,2831_LeafPhotoA_2025-09-09 10_48_28.918-05_00_1.png,2.0,2.0951309508694154
2890,2831_LeafPhotoA_2025-09-09 10_48_28.918-05_00_2.png,2.0,2.1121046157547965
2898,2478_LeafPhotoB_2025-09-08 11_54_11.812-05_00_0.png,1.75,2.035163189226549
2899,2478_LeafPhotoB_2025-09-08 11_54_11.812-05_00_1.png,1.75,1.924509533713194
2900,2478_LeafPhotoB_2025-09-08 11_54_11.812-05_00_2.png,1.75,1.958075781112002
2901,2478_LeafPhotoB_2025-09-08 11_54_11.812-05_00_3.png,1.75,2.017680713958383
2924,1464_LeafPhotoB_2025-09-08 16_27_57.851-05_00_0.png,1.75,2.265734358185138
2925,1464_LeafPhotoB_2025-09-08 16_27_57.851-05_00_1.png,1.75,2.0154572415807688
2926,1464_LeafPhotoB_2025-09-08 16_27_57.851-05_00_2.png,1.75,1.966551992693355
2927,1464_LeafPhotoB_2025-09-08 16_27_57.851-05_00_3.png,1.75,2.3362324738573053
2940,2290_LeafPhotoA_2025-09-08 16_50_03.639-05_00_0.png,1.5,1.8134612534505496
2941,2290_LeafPhotoA_2025-09-08 16_50_03.639-05_00_1.png,1.5,1.8220222407787117
2942,2290_LeafPhotoA_2025-09-08 16_50_03.639-05_00_2.png,1.5,1.8197000539852948
2943,2290_LeafPhotoA_2025-09-08 16_50_03.639-05_00_3.png,1.5,1.6812488727678843
2972,1032_LeafPhotoA_2025-09-08 10_07_30.322-05_00_0.png,1.75,1.7667002172288053
2973,1032_LeafPhotoA_2025-09-08 10_07_30.322-05_00_1.png,1.75,1.7401668177386662
2974,1032_LeafPhotoA_2025-09-08 10_07_30.322-05_00_2.png,1.75,1.7500727253402122
2975,1032_LeafPhotoA_2025-09-08 10_07_30.322-05_00_3.png,1.75,1.8244625183038508
3015,1877_LeafPhotoA_2025-09-09 17_04_42.599-05_00_0.png,2.25,1.7208393163410698
3016,1877_LeafPhotoA_2025-09-09 17_04_42.599-05_00_1.png,2.25,1.7314998583999548
3017,1877_LeafPhotoA_2025-09-09 17_04_42.599-05_00_2.png,2.25,1.7651361178005442
3018,1877_LeafPhotoA_2025-09-09 17_04_42.599-05_00_3.png,2.25,1.8516040300697316
3035,2737_LeafPhotoA_2025-09-09 11_04_04.650-05_00_0.png,3.25,2.392323693580188
3036,2737_LeafPhotoA_2025-09-09 11_04_04.650-05_00_1.png,3.25,2.6222086451090303
3037,2737_LeafPhotoA_2025-09-09 11_04_04.650-05_00_2.png,3.25,2.5988986038712993
3038,2737_LeafPhotoA_2025-09-09 11_04_04.650-05_00_3.png,3.25,2.4936106052543634
3043,1903_LeafPhotoA_2025-09-09 14_22_36.498-05_00_0.png,2.5,1.8534243527987968
3044,1903_LeafPhotoA_2025-09-09 14_22_36.498-05_00_1.png,2.5,1.9546669793672746
3045,1903_LeafPhotoA_2025-09-09 14_22_36.498-05_00_2.png,2.5,1.8502896769110138
3046,1903_LeafPhotoA_2025-09-09 14_22_36.498-05_00_3.png,2.5,2.0316874420030864
3047,,1.75,1.7780153547781985
3056,1712_LeafPhotoA_2025-09-09 09_07_57.472-05_00_0.png,3.5,2.401988329182966
3057,1712_LeafPhotoA_2025-09-09 09_07_57.472-05_00_1.png,3.5,2.332959293600814
3058,1712_LeafPhotoA_2025-09-09 09_07_57.472-05_00_2.png,3.5,2.201327059557068
3059,1712_LeafPhotoA_2025-09-09 09_07_57.472-05_00_3.png,3.5,2.3422738131388825
3063,1302_LeafPhotoA_2025-09-08 10_22_31.224-05_00_0.png,3.0,2.3349860148236696
3064,1302_LeafPhotoA_2025-09-08 10_22_31.224-05_00_1.png,3.0,2.5711881564173003
3065,1302_LeafPhotoA_2025-09-08 10_22_31.224-05_00_2.png,3.0,2.6852389318587466
3066,1654_LeafPhotoA_2025-09-09 10_18_00.201-05_00_0.png,1.25,1.7522702800268848
3067,1654_LeafPhotoA_2025-09-09 10_18_00.201-05_00_1.png,1.25,1.7304946284204714
3068,1654_LeafPhotoA_2025-09-09 10_18_00.201-05_00_2.png,1.25,1.655518474065495
3073,1374_LeafPhotoA_2025-09-08 12_56_08.244-05_00_0.png,1.25,1.7605270872099077
3074,1374_LeafPhotoA_2025-09-08 12_56_08.244-05_00_1.png,1.25,1.7355764602815844
3075,1374_LeafPhotoA_2025-09-08 12_56_08.244-05_00_2.png,1.25,1.8476202590167603
3076,1374_LeafPhotoA_2025-09-08 12_56_08.244-05_00_3.png,1.25,1.6893657896339667
3093,1825_LeafPhotoA_2025-09-09 09_26_26.568-05_00_0.png,1.0,1.538511547606482
3094,1825_LeafPhotoA_2025-09-09 09_26_26.568-05_00_1.png,1.0,1.5391561437935894
3095,1825_LeafPhotoA_2025-09-09 09_26_26.568-05_00_2.png,1.0,1.5922615154050686
3096,1825_LeafPhotoA_2025-09-09 09_26_26.568-05_00_3.png,1.0,1.5892286007967231
3117,2979_LeafPhotoA_2025-09-09 16_31_00.348-05_00_0.png,1.5,1.6828991983383184
3118,2979_LeafPhotoA_2025-09-09 16_31_00.348-05_00_1.png,1.5,1.5663171086175394
3119,2979_LeafPhotoA_2025-09-09 16_31_00.348-05_00_2.png,1.5,1.6103615836576242
3120,2979_LeafPhotoA_2025-09-09 16_31_00.348-05_00_3.png,1.5,1.6568973777045337
3153,2543_LeafPhotoA_2025-09-09 10_42_41.692-05_00_0.png,2.25,1.9541697455679516
3154,2543_LeafPhotoA_2025-09-09 10_42_41.692-05_00_1.png,2.25,1.9111541386903115
3155,2543_LeafPhotoA_2025-09-09 10_42_41.692-05_00_2.png,2.25,1.9227797090438623
3156,2543_LeafPhotoA_2025-09-09 10_42_41.692-05_00_3.png,2.25,1.8930898546999329
3161,2309_LeafPhotoA_2025-09-08 10_37_11.316-05_00_0.png,1.75,1.7638269079830136
3162,2309_LeafPhotoA_2025-09-08 10_37_11.316-05_00_1.png,1.75,1.8388186327829816
3163,2309_LeafPhotoA_2025-09-08 10_37_11.316-05_00_2.png,1.75,1.8330242035642672
3164,2309_LeafPhotoA_2025-09-08 10_37_11.316-05_00_3.png,1.75,1.816662925908694
3177,2069_LeafPhotoA_2025-09-08 12_03_40.102-05_00_0.png,1.5,1.8667644915700372
3178,2069_LeafPhotoA_2025-09-08 12_03_40.102-05_00_1.png,1.5,1.6404690682379952
3179,2069_LeafPhotoA_2025-09-08 12_03_40.102-05_00_2.png,1.5,1.668225288456652
3180,2069_LeafPhotoA_2025-09-08 12_03_40.102-05_00_3.png,1.5,1.8259289270550048
3181,2220_LeafPhotoA_2025-09-08 11_18_41.599-05_00_0.png,2.75,1.778309256189288
3182,2220_LeafPhotoA_2025-09-08 11_18_41.599-05_00_1.png,2.75,1.950532997568467
3183,2220_LeafPhotoA_2025-09-08 11_18_41.599-05_00_2.png,2.75,1.8911327197927321
3184,2220_LeafPhotoA_2025-09-08 11_18_41.599-05_00_3.png,2.75,1.7581163645731435
3189,2432_LeafPhotoB_2025-09-08 11_09_28.923-05_00_0.png,1.25,1.579243725814303
3190,2432_LeafPhotoB_2025-09-08 11_09_28.923-05_00_1.png,1.25,1.5653553147730526
3191,2432_LeafPhotoB_2025-09-08 11_09_28.923-05_00_2.png,1.25,1.4554192847284821
3192,2432_LeafPhotoB_2025-09-08 11_09_28.923-05_00_3.png,1.25,1.4783024031768353
3194,2322_LeafPhotoA_2025-09-08 10_50_00.196-05_00_0.png,1.25,1.5610150286240896
3195,2322_LeafPhotoA_2025-09-08 10_50_00.196-05_00_1.png,1.25,1.535187179747068
3196,2322_LeafPhotoA_2025-09-08 10_50_00.196-05_00_2.png,1.25,1.5536133124486462
3197,2322_LeafPhotoA_2025-09-08 10_50_00.196-05_00_3.png,1.25,1.552477098886879
3198,2826_LeafPhotoA_2025-09-09 10_41_32.330-05_00_0.png,1.5,1.6092011752598532
3199,2826_LeafPhotoA_2025-09-09 10_41_32.330-05_00_1.png,1.5,1.5564055064893392
3200,2826_LeafPhotoA_2025-09-09 10_41_32.330-05_00_2.png,1.5,1.624780082679886
3201,2826_LeafPhotoA_2025-09-09 10_41_32.330-05_00_3.png,1.5,1.5773890914418083
3211,2257_LeafPhotoA_2025-09-08 12_26_38.283-05_00_0.png,1.5,1.6712740797496386
3212,2257_LeafPhotoA_2025-09-08 12_26_38.283-05_00_1.png,1.5,1.9031572795364988
3213,2257_LeafPhotoA_2025-09-08 12_26_38.283-05_00_2.png,1.5,1.8518790774485563
3214,2257_LeafPhotoA_2025-09-08 12_26_38.283-05_00_3.png,1.5,1.8749728048734684
3222,1834_LeafPhotoA_2025-09-09 09_42_08.907-05_00_0.png,2.0,1.6892234221867435
3223,1834_LeafPhotoA_2025-09-09 09_42_08.907-05_00_1.png,2.0,1.643576387090076
3224,1834_LeafPhotoA_2025-09-09 09_42_08.907-05_00_2.png,2.0,1.6562373346320107
3225,1834_LeafPhotoA_2025-09-09 09_42_08.907-05_00_3.png,2.0,1.6470419784222283
3226,,1.5,1.7780153547781985
3227,2418_LeafPhotoB_2025-09-08 10_56_40.105-05_00_0.png,1.75,1.744116733987335
3228,2418_LeafPhotoB_2025-09-08 10_56_40.105-05_00_1.png,1.75,1.6728816740722954
3229,2418_LeafPhotoB_2025-09-08 10_56_40.105-05_00_2.png,1.75,1.7304933416995272
3230,2418_LeafPhotoB_2025-09-08 10_56_40.105-05_00_3.png,1.75,1.7298105056788569
3265,2706_LeafPhotoA_2025-09-09 10_21_29.913-05_00_0.png,3.5,2.7308107253808958
3266,2706_LeafPhotoA_2025-09-09 10_21_29.913-05_00_1.png,3.5,2.3869390861667283
3267,2706_LeafPhotoA_2025-09-09 10_21_29.913-05_00_2.png,3.5,2.2425809924321696
3268,2706_LeafPhotoA_2025-09-09 10_21_29.913-05_00_3.png,3.5,2.3122689899472633
3277,1545_LeafPhotoA_2025-09-09 09_45_27.497-05_00_0.png,1.25,1.8049680750629995
3278,1545_LeafPhotoA_2025-09-09 09_45_27.497-05_00_1.png,1.25,1.5794359209305233
3279,1545_LeafPhotoA_2025-09-09 09_45_27.497-05_00_2.png,1.25,1.5655970274713136
3280,1545_LeafPhotoA_2025-09-09 09_45_27.497-05_00_3.png,1.25,1.6103749991677132
3281,6014_LeafPhotoA_2025-09-09 16_54_50.169-05_00_0.png,1.5,1.5997042208133172
3282,6014_LeafPhotoA_2025-09-09 16_54_50.169-05_00_1.png,1.5,1.6012185794659306
3283,6014_LeafPhotoA_2025-09-09 16_54_50.169-05_00_2.png,1.5,1.5838291338783557
3284,6014_LeafPhotoA_2025-09-09 16_54_50.169-05_00_3.png,1.5,1.6961462429898972
3289,2095_LeafPhotoA_2025-09-08 12_31_36.632-05_00_0.png,2.75,1.8801766358574228
3290,2095_LeafPhotoA_2025-09-08 12_31_36.632-05_00_1.png,2.75,1.7270516220361047
3291,2095_LeafPhotoA_2025-09-08 12_31_36.632-05_00_2.png,2.75,1.7117683726138504
3292,2095_LeafPhotoA_2025-09-08 12_31_36.632-05_00_3.png,2.75,1.8247592183667194
3297,1300_LeafPhotoA_2025-09-08 16_38_09.236-05_00_0.png,2.75,1.9860233005835755
3298,1300_LeafPhotoA_2025-09-08 16_38_09.236-05_00_1.png,2.75,2.157736441288383
3303,2419_LeafPhotoB_2025-09-08 10_57_28.297-05_00_0.png,1.5,1.9414825391998156
3304,2419_LeafPhotoB_2025-09-08 10_57_28.297-05_00_1.png,1.5,1.8118406021371016
3305,2419_LeafPhotoB_2025-09-08 10_57_28.297-05_00_2.png,1.5,1.8376686728290945
3373,2478_LeafPhotoB_2025-09-08 11_53_38.180-05_00_0.png,2.5,1.9776977634884465
3374,2478_LeafPhotoB_2025-09-08 11_53_38.180-05_00_1.png,2.5,1.9830246241210958
3375,2478_LeafPhotoB_2025-09-08 11_53_38.180-05_00_2.png,2.5,2.1644082936649713
3380,2652_LeafPhotoA_2025-09-09 11_26_57.371-05_00_0.png,2.75,1.9534338499947668
3381,2652_LeafPhotoA_2025-09-09 11_26_57.371-05_00_1.png,2.75,1.8570538806631123
3382,2652_LeafPhotoA_2025-09-09 11_26_57.371-05_00_2.png,2.75,1.904736563306887
3383,2652_LeafPhotoA_2025-09-09 11_26_57.371-05_00_3.png,2.75,2.1910738830058065
3396,2405_LeafPhotoB_2025-09-08 10_44_24.813-05_00_0.png,2.25,1.8127545418775972
3413,2265_LeafPhotoA_2025-09-08 12_39_28.832-05_00_0.png,2.25,1.7466256734120387
3414,2265_LeafPhotoA_2025-09-08 12_39_28.832-05_00_1.png,2.25,1.918044506638763
3415,2265_LeafPhotoA_2025-09-08 12_39_28.832-05_00_2.png,2.25,1.981008527159868
3416,2265_LeafPhotoA_2025-09-08 12_39_28.832-05_00_3.png,2.25,1.923772239146356
3421,1987_LeafPhotoA_2025-09-09 16_24_58.420-05_00_0.png,2.0,1.997962934308607
3422,1987_LeafPhotoA_2025-09-09 16_24_58.420-05_00_1.png,2.0,2.1381370193811158
3434,1403_LeafPhotoA_2025-09-08 09_23_43.647-05_00_0.png,1.75,1.8279747177782448
3435,1403_LeafPhotoA_2025-09-08 09_23_43.647-05_00_1.png,1.75,1.8542696719828597
3436,1403_LeafPhotoA_2025-09-08 09_23_43.647-05_00_2.png,1.75,1.8361007163899508
3449,1149_LeafPhotoA_2025-09-08 10_46_42.123-05_00_0.png,2.75,1.9066789678423905
3450,1149_LeafPhotoA_2025-09-08 10_46_42.123-05_00_1.png,2.75,1.9220902493807153
3451,1149_LeafPhotoA_2025-09-08 10_46_42.123-05_00_2.png,2.75,2.021461244965261
3452,1149_LeafPhotoA_2025-09-08 10_46_42.123-05_00_3.png,2.75,2.156277931613771
3457,2960_LeafPhotoA_2025-09-09 16_05_27.861-05_00_0.png,1.0,1.5497023957455929
3458,2960_LeafPhotoA_2025-09-09 16_05_27.861-05_00_1.png,1.0,1.7525932152226533
3459,2960_LeafPhotoA_2025-09-09 16_05_27.861-05_00_2.png,1.0,1.675346871296865
3460,2960_LeafPhotoA_2025-09-09 16_05_27.861-05_00_3.png,1.0,1.5766211482244656
3475,2269_LeafPhotoA_2025-09-08 17_14_12.666-05_00_0.png,2.25,1.9427860341614311
3476,2269_LeafPhotoA_2025-09-08 17_14_12.666-05_00_1.png,2.25,1.8911862013813916
3477,2269_LeafPhotoA_2025-09-08 17_14_12.666-05_00_2.png,2.25,1.9468993772234395
3478,2269_LeafPhotoA_2025-09-08 17_14_12.666-05_00_3.png,2.25,1.980323817274003
3495,2750_LeafPhotoA_2025-09-09 11_21_31.376-05_00_0.png,1.75,1.7421022447329302
3496,2750_LeafPhotoA_2025-09-09 11_21_31.376-05_00_1.png,1.75,1.7982026184197009
3497,2750_LeafPhotoA_2025-09-09 11_21_31.376-05_00_2.png,1.75,1.7865642745291674
3498,2750_LeafPhotoA_2025-09-09 11_21_31.376-05_00_3.png,1.75,1.7806384189868982
3503,1459_LeafPhotoB_2025-09-08 12_36_19.960-05_00_0.png,3.0,2.0028332320535194
3504,1459_LeafPhotoB_2025-09-08 12_36_19.960-05_00_1.png,3.0,2.513138844941501
3541,,2.0,1.7780153547781985
30,2872_LeafPhotoA_2025-09-09 14_46_31.841-05_00_0.png,1.0,1.6788924166469636
31,2872_LeafPhotoA_2025-09-09 14_46_31.841-05_00_1.png,1.0,1.5629684892170383
32,2872_LeafPhotoA_2025-09-09 14_46_31.841-05_00_2.png,1.0,1.7229512713164028
33,2872_LeafPhotoA_2025-09-09 14_46_31.841-05_00_3.png,1.0,1.6496974314635884
50,1031_LeafPhotoA_2025-09-08 10_06_33.217-05_00_0.png,1.5,1.6325887925606388
51,1031_LeafPhotoA_2025-09-08 10_06_33.217-05_00_1.png,1.5,1.6625539525368291
52,1031_LeafPhotoA_2025-09-08 10_06_33.217-05_00_2.png,1.5,1.6423901096287898
53,1031_LeafPhotoA_2025-09-08 10_06_33.217-05_00_3.png,1.5,1.7202783808576183
89,1543_LeafPhotoA_2025-09-09 09_43_28.797-05_00_0.png,1.75,1.8299213310625855
90,1543_LeafPhotoA_2025-09-09 09_43_28.797-05_00_1.png,1.75,2.061366997739676
91,1543_LeafPhotoA_2025-09-09 09_43_28.797-05_00_2.png,1.75,1.9722951900574757
92,1543_LeafPhotoA_2025-09-09 09_43_28.797-05_00_3.png,1.75,2.013994424993649
99,1214_LeafPhotoA_2025-09-08 09_47_10.824-05_00_0.png,1.5,1.8656709322919653
100,1214_LeafPhotoA_2025-09-08 09_47_10.824-05_00_1.png,1.5,1.738425254126105
101,1214_LeafPhotoA_2025-09-08 09_47_10.824-05_00_2.png,1.5,1.9141854813036119
102,1214_LeafPhotoA_2025-09-08 09_47_10.824-05_00_3.png,1.5,1.779952072283438
122,2843_LeafPhotoA_2025-09-09 11_07_54.202-05_00_0.png,2.25,1.6834065208777864
123,2843_LeafPhotoA_2025-09-09 11_07_54.202-05_00_1.png,2.25,1.9725068612480583
124,2843_LeafPhotoA_2025-09-09 11_07_54.202-05_00_2.png,2.25,2.2180294934504494
125,2843_LeafPhotoA_2025-09-09 11_07_54.202-05_00_3.png,2.25,2.0877477883206406
140,2999_LeafPhotoA_2025-09-09 16_54_48.280-05_00_0.png,1.25,1.762147289361394
141,2999_LeafPhotoA_2025-09-09 16_54_48.280-05_00_1.png,1.25,1.7452743270589621
142,2999_LeafPhotoA_2025-09-09 16_54_48.280-05_00_2.png,1.25,1.7645037382637994
143,2999_LeafPhotoA_2025-09-09 16_54_48.280-05_00_3.png,1.25,1.7140607552492224
152,1030_LeafPhotoA_2025-09-08 10_05_12.593-05_00_0.png,2.25,1.9609499043876948
153,1030_LeafPhotoA_2025-09-08 10_05_12.593-05_00_1.png,2.25,2.04939493814436
154,1030_LeafPhotoA_2025-09-08 10_05_12.593-05_00_2.png,2.25,1.9440410215894937
155,1030_LeafPhotoA_2025-09-08 10_05_12.593-05_00_3.png,2.25,2.0902782619642144
159,1138_LeafPhotoA_2025-09-08 10_30_50.978-05_00_0.png,2.25,1.7638068583499122
160,1138_LeafPhotoA_2025-09-08 10_30_50.978-05_00_1.png,2.25,1.853405473435949
161,1138_LeafPhotoA_2025-09-08 10_30_50.978-05_00_2.png,2.25,1.9382718327030446
162,1138_LeafPhotoA_2025-09-08 10_30_50.978-05_00_3.png,2.25,2.0744358781841363
175,1713_LeafPhotoA_2025-09-09 09_08_57.026-05_00_0.png,3.0,2.045073599295156
176,1713_LeafPhotoA_2025-09-09 09_08_57.026-05_00_1.png,3.0,2.1402657728981276
177,1713_LeafPhotoA_2025-09-09 09_08_57.026-05_00_2.png,3.0,2.092401027464109
178,1713_LeafPhotoA_2025-09-09 09_08_57.026-05_00_3.png,3.0,2.076981397640743
186,1736_LeafPhotoA_2025-09-09 09_48_40.445-05_00_0.png,1.0,1.7960872118328586
187,1736_LeafPhotoA_2025-09-09 09_48_40.445-05_00_1.png,1.0,1.784922974374698
188,1736_LeafPhotoA_2025-09-09 09_48_40.445-05_00_2.png,1.0,1.7520670695618443
189,1736_LeafPhotoA_2025-09-09 09_48_40.445-05_00_3.png,1.0,1.7989115535414861
190,1086_LeafPhotoA_2025-09-09 10_59_11.313-05_00_0.png,1.75,1.7446616249283617
191,1086_LeafPhotoA_2025-09-09 10_59_11.313-05_00_1.png,1.75,1.6983046149183911
192,1086_LeafPhotoA_2025-09-09 10_59_11.313-05_00_2.png,1.75,1.7333365675360652
193,1086_LeafPhotoA_2025-09-09 10_59_11.313-05_00_3.png,1.75,1.9499724041724813
206,2470_LeafPhotoB_2025-09-08 11_47_37.543-05_00_0.png,1.75,1.9247769233403904
207,2470_LeafPhotoB_2025-09-08 11_47_37.543-05_00_1.png,1.75,2.013059558017375
208,2470_LeafPhotoB_2025-09-08 11_47_37.543-05_00_2.png,1.75,2.033160405648992
209,2470_LeafPhotoB_2025-09-08 11_47_37.543-05_00_3.png,1.75,2.041418351775646
226,1660_LeafPhotoA_2025-09-09 10_09_36.852-05_00_0.png,1.5,1.7762834165784052
227,1660_LeafPhotoA_2025-09-09 10_09_36.852-05_00_1.png,1.5,1.7085977091901055
228,1660_LeafPhotoA_2025-09-09 10_09_36.852-05_00_2.png,1.5,1.8186699317874833
229,1660_LeafPhotoA_2025-09-09 10_09_36.852-05_00_3.png,1.5,1.7638394425957309
234,1966_LeafPhotoA_2025-09-09 17_14_11.633-05_00_0.png,1.25,1.5550311005321638
235,1966_LeafPhotoA_2025-09-09 17_14_11.633-05_00_1.png,1.25,1.4875681912722347
236,1966_LeafPhotoA_2025-09-09 17_14_11.633-05_00_2.png,1.25,1.636817168115253
237,1966_LeafPhotoA_2025-09-09 17_14_11.633-05_00_3.png,1.25,1.5978816554675688
260,2775_LeafPhotoA_2025-09-09 15_39_08.142-05_00_0.png,1.0,1.666343573877534
261,2775_LeafPhotoA_2025-09-09 15_39_08.142-05_00_1.png,1.0,1.6006042811498506
262,2775_LeafPhotoA_2025-09-09 15_39_08.142-05_00_2.png,1.0,1.6571006658746588
263,2775_LeafPhotoA_2025-09-09 15_39_08.142-05_00_3.png,1.0,1.7743445234389503
273,1196_LeafPhotoA_2025-09-08 15_46_27.438-05_00_0.png,1.75,1.9623591539967307
274,1196_LeafPhotoA_2025-09-08 15_46_27.438-05_00_1.png,1.75,1.886046316468047
275,1196_LeafPhotoA_2025-09-08 15_46_27.438-05_00_2.png,1.75,1.9856787044583102
276,1196_LeafPhotoA_2025-09-08 15_46_27.438-05_00_3.png,1.75,1.9951338800697358
285,2942_LeafPhotoA_2025-09-09 16_27_44.669-05_00_0.png,2.25,1.705836134163824
286,2942_LeafPhotoA_2025-09-09 16_27_44.669-05_00_1.png,2.25,1.778652885645629
287,2942_LeafPhotoA_2025-09-09 16_27_44.669-05_00_2.png,2.25,1.8408113898700194
288,2942_LeafPhotoA_2025-09-09 16_27_44.669-05_00_3.png,2.25,1.8528940590641438
289,2301_LeafPhotoA_2025-09-08 10_23_19.706-05_00_0.png,2.5,2.1430219116896763
290,2301_LeafPhotoA_2025-09-08 10_23_19.706-05_00_1.png,2.5,2.245251879989206
291,2301_LeafPhotoA_2025-09-08 10_23_19.706-05_00_2.png,2.5,2.3396088409748446
332,2962_LeafPhotoA_2025-09-09 16_07_33.642-05_00_0.png,2.5,1.9503047764642198
333,2962_LeafPhotoA_2025-09-09 16_07_33.642-05_00_1.png,2.5,1.7866435890784766
334,2962_LeafPhotoA_2025-09-09 16_07_33.642-05_00_2.png,2.5,1.8244576223355247
335,2962_LeafPhotoA_2025-09-09 16_07_33.642-05_00_3.png,2.5,1.9156303141840108
336,2693_LeafPhotoA_2025-09-09 10_37_58.417-05_00_0.png,1.5,1.7345232467516716
337,2693_LeafPhotoA_2025-09-09 10_37_58.417-05_00_1.png,1.5,1.923909563006797
338,2693_LeafPhotoA_2025-09-09 10_37_58.417-05_00_2.png,1.5,2.0267452410778657
339,2693_LeafPhotoA_2025-09-09 10_37_58.417-05_00_3.png,1.5,1.975494849319927
383,2957_LeafPhotoA_2025-09-09 16_00_50.634-05_00_0.png,2.25,2.020085970029855
384,2957_LeafPhotoA_2025-09-09 16_00_50.634-05_00_1.png,2.25,2.0004892136479784
385,2957_LeafPhotoA_2025-09-09 16_00_50.634-05_00_2.png,2.25,2.0158240417706366
386,2957_LeafPhotoA_2025-09-09 16_00_50.634-05_00_3.png,2.25,1.939103080531584
433,1414_LeafPhotoA_2025-09-08 09_36_43.216-05_00_0.png,1.5,1.6899120295554126
434,1414_LeafPhotoA_2025-09-08 09_36_43.216-05_00_1.png,1.5,1.7935973560144414
435,1414_LeafPhotoA_2025-09-08 09_36_43.216-05_00_2.png,1.5,1.8688013594449353
448,1687_LeafPhotoA_2025-09-09 09_18_28.478-05_00_0.png,2.0,2.2844236979659787
449,1687_LeafPhotoA_2025-09-09 09_18_28.478-05_00_1.png,2.0,2.2424983422687577
450,1687_LeafPhotoA_2025-09-09 09_18_28.478-05_00_2.png,2.0,2.631036266429649
463,2206_LeafPhotoA_2025-09-08 10_53_32.789-05_00_0.png,1.5,1.7170744533065545
464,2206_LeafPhotoA_2025-09-08 10_53_32.789-05_00_1.png,1.5,1.754300814657335
465,2206_LeafPhotoA_2025-09-08 10_53_32.789-05_00_2.png,1.5,1.7147473296254263
466,2206_LeafPhotoA_2025-09-08 10_53_32.789-05_00_3.png,1.5,1.5704208167921407
487,2949_LeafPhotoA_2025-09-09 16_21_26.314-05_00_0.png,1.75,1.6842186614340242
488,2949_LeafPhotoA_2025-09-09 16_21_26.314-05_00_1.png,1.75,1.7163784186301603
489,2949_LeafPhotoA_2025-09-09 16_21_26.314-05_00_2.png,1.75,1.781465161236252
490,2949_LeafPhotoA_2025-09-09 16_21_26.314-05_00_3.png,1.75,1.8625705716425531
505,2110_LeafPhotoA_2025-09-08 11_07_19.238-05_00_0.png,1.0,1.6232412801694929
506,2110_LeafPhotoA_2025-09-08 11_07_19.238-05_00_1.png,1.0,1.5564637474203076
507,2110_LeafPhotoA_2025-09-08 11_07_19.238-05_00_2.png,1.0,1.7381191833765361
508,2110_LeafPhotoA_2025-09-08 11_07_19.238-05_00_3.png,1.0,1.7641177517335602
513,1805_LeafPhotoA_2025-09-09 08_57_47.562-05_00_0.png,1.25,1.654895432991215
514,1805_LeafPhotoA_2025-09-09 08_57_47.562-05_00_1.png,1.25,1.8255511476648287
515,1805_LeafPhotoA_2025-09-09 08_57_47.562-05_00_2.png,1.25,1.5966599941524469
516,1805_LeafPhotoA_2025-09-09 08_57_47.562-05_00_3.png,1.25,1.6538634692047993
540,2999_LeafPhotoA_2025-09-09 16_54_09.800-05_00_0.png,1.5,1.6826012558097503
541,2999_LeafPhotoA_2025-09-09 16_54_09.800-05_00_1.png,1.5,1.6886555123475597
542,2999_LeafPhotoA_2025-09-09 16_54_09.800-05_00_2.png,1.5,2.0460049038437207
543,2999_LeafPhotoA_2025-09-09 16_54_09.800-05_00_3.png,1.5,2.2093304620001613
544,1802_LeafPhotoA_2025-09-09 10_06_55.886-05_00_0.png,1.0,1.5462352788465414
545,1802_LeafPhotoA_2025-09-09 10_06_55.886-05_00_1.png,1.0,1.5984706490333425
546,1802_LeafPhotoA_2025-09-09 10_06_55.886-05_00_2.png,1.0,1.6783333854541285
547,1802_LeafPhotoA_2025-09-09 10_06_55.886-05_00_3.png,1.0,1.6522439339305635
555,2166_LeafPhotoA_2025-09-09 11_59_53.673-05_00_0.png,2.0,1.959923195569481
556,2166_LeafPhotoA_2025-09-09 11_59_53.673-05_00_1.png,2.0,1.935477320129991
557,2166_LeafPhotoA_2025-09-09 11_59_53.673-05_00_2.png,2.0,1.8641643418751586
558,2166_LeafPhotoA_2025-09-09 11_59_53.673-05_00_3.png,2.0,1.9882293281373196
561,1863_LeafPhotoA_2025-09-09 13_33_41.872-05_00_0.png,2.25,1.7833492486078593
562,1863_LeafPhotoA_2025-09-09 13_33_41.872-05_00_1.png,2.25,1.7917213244916426
563,1863_LeafPhotoA_2025-09-09 13_33_41.872-05_00_2.png,2.25,1.9273998777280528
564,1863_LeafPhotoA_2025-09-09 13_33_41.872-05_00_3.png,2.25,2.047435561961975
565,2529_LeafPhotoA_2025-09-09 10_27_20.782-05_00_0.png,1.5,1.7512371189253928
566,2529_LeafPhotoA_2025-09-09 10_27_20.782-05_00_1.png,1.5,1.8439323329319466
567,2529_LeafPhotoA_2025-09-09 10_27_20.782-05_00_2.png,1.5,1.9597544864334717
568,2529_LeafPhotoA_2025-09-09 10_27_20.782-05_00_3.png,1.5,2.0050540211959516
581,2227_LeafPhotoA_2025-09-08 11_30_56.055-05_00_0.png,2.5,2.258815292038686
582,2227_LeafPhotoA_2025-09-08 11_30_56.055-05_00_1.png,2.5,2.1419939578610245
583,2227_LeafPhotoA_2025-09-08 11_30_56.055-05_00_2.png,2.5,2.5226566693039207
584,2227_LeafPhotoA_2025-09-08 11_30_56.055-05_00_3.png,2.5,2.5335369602805753
601,2657_LeafPhotoA_2025-09-09 11_30_26.164-05_00_0.png,3.0,2.382068017755809
602,2657_LeafPhotoA_2025-09-09 11_30_26.164-05_00_1.png,3.0,2.4252443644855597
603,2657_LeafPhotoA_2025-09-09 11_30_26.164-05_00_2.png,3.0,2.266097071795022
604,2657_LeafPhotoA_2025-09-09 11_30_26.164-05_00_3.png,3.0,2.066092105359811
605,2736_LeafPhotoA_2025-09-09 11_03_17.238-05_00_0.png,2.75,2.2728516934705003
606,2736_LeafPhotoA_2025-09-09 11_03_17.238-05_00_1.png,2.75,2.2120524926355025
607,2736_LeafPhotoA_2025-09-09 11_03_17.238-05_00_2.png,2.75,1.8873191635684865
608,2736_LeafPhotoA_2025-09-09 11_03_17.238-05_00_3.png,2.75,2.0765398924654916
609,2244_LeafPhotoA_2025-09-08 11_56_08.443-05_00_0.png,1.25,1.7390994903395263
610,2244_LeafPhotoA_2025-09-08 11_56_08.443-05_00_1.png,1.25,1.7124858604695092
611,2244_LeafPhotoA_2025-09-08 11_56_08.443-05_00_2.png,1.25,1.6496177560256515
612,2244_LeafPhotoA_2025-09-08 11_56_08.443-05_00_3.png,1.25,1.5502492561617947
619,1722_LeafPhotoA_2025-09-09 09_21_25.253-05_00_0.png,3.0,2.463324464589849
620,1722_LeafPhotoA_2025-09-09 09_21_25.253-05_00_1.png,3.0,2.613484600531621
621,1722_LeafPhotoA_2025-09-09 09_21_25.253-05_00_2.png,3.0,2.378452624108779
626,,1.25,1.8371352989474115
635,2401_LeafPhotoB_2025-09-08 10_40_27.891-05_00_0.png,2.0,1.7909969950356939
636,2401_LeafPhotoB_2025-09-08 10_40_27.891-05_00_1.png,2.0,1.792122459641036
637,2401_LeafPhotoB_2025-09-08 10_40_27.891-05_00_2.png,2.0,1.8301014571943373
638,2401_LeafPhotoB_2025-09-08 10_40_27.891-05_00_3.png,2.0,2.2318055303721915
647,2594_LeafPhotoA_2025-09-09 10_28_20.057-05_00_0.png,1.5,1.7007674901422958
648,2594_LeafPhotoA_2025-09-09 10_28_20.057-05_00_1.png,1.5,1.7160206732659318
649,2594_LeafPhotoA_2025-09-09 10_28_20.057-05_00_2.png,1.5,1.7485701641374043
650,2594_LeafPhotoA_2025-09-09 10_28_20.057-05_00_3.png,1.5,1.7311218025288266
655,1946_LeafPhotoA_2025-09-09 16_05_11.903-05_00_0.png,1.5,1.6711138061678894
656,1946_LeafPhotoA_2025-09-09 16_05_11.903-05_00_1.png,1.5,1.6542481056202993
657,1946_LeafPhotoA_2025-09-09 16_05_11.903-05_00_2.png,1.5,1.6292984588761497
658,1946_LeafPhotoA_2025-09-09 16_05_11.903-05_00_3.png,1.5,1.6069573817422111
671,1789_LeafPhotoA_2025-09-09 09_15_57.914-05_00_0.png,1.0,1.633279228260846
672,1789_LeafPhotoA_2025-09-09 09_15_57.914-05_00_1.png,1.0,1.6495676113424758
673,1789_LeafPhotoA_2025-09-09 09_15_57.914-05_00_2.png,1.0,1.6191039104836513
674,1789_LeafPhotoA_2025-09-09 09_15_57.914-05_00_3.png,1.0,1.622527070513622
675,1200_LeafPhotoA_2025-09-08 17_01_52.096-05_00_0.png,1.0,1.6526065571031718
676,1200_LeafPhotoA_2025-09-08 17_01_52.096-05_00_1.png,1.0,1.6819174332182276
677,1200_LeafPhotoA_2025-09-08 17_01_52.096-05_00_2.png,1.0,1.621845449932622
682,2724_LeafPhotoA_2025-09-09 10_46_27.417-05_00_0.png,1.75,2.0092239306423703
683,2724_LeafPhotoA_2025-09-09 10_46_27.417-05_00_1.png,1.75,2.2212945063586487
684,2724_LeafPhotoA_2025-09-09 10_46_27.417-05_00_2.png,1.75,2.0952686505888902
685,2724_LeafPhotoA_2025-09-09 10_46_27.417-05_00_3.png,1.75,1.951756531773754
698,2115_LeafPhotoA_2025-09-08 11_16_33.968-05_00_0.png,1.75,1.8221686772692969
699,2115_LeafPhotoA_2025-09-08 11_16_33.968-05_00_1.png,1.75,1.7713288626828683
700,2115_LeafPhotoA_2025-09-08 11_16_33.968-05_00_2.png,1.75,1.981673732030639
701,2115_LeafPhotoA_2025-09-08 11_16_33.968-05_00_3.png,1.75,1.9404497362444344
727,2048_LeafPhotoA_2025-09-08 11_28_25.459-05_00_0.png,2.0,1.7544425454003625
728,2048_LeafPhotoA_2025-09-08 11_28_25.459-05_00_1.png,2.0,1.9089949715317365
729,2048_LeafPhotoA_2025-09-08 11_28_25.459-05_00_2.png,2.0,1.6863139603308916
730,2048_LeafPhotoA_2025-09-08 11_28_25.459-05_00_3.png,2.0,1.8652678099477635
741,2655_LeafPhotoA_2025-09-09 11_29_02.979-05_00_0.png,1.25,1.663262201431609
742,2655_LeafPhotoA_2025-09-09 11_29_02.979-05_00_1.png,1.25,1.803015420173508
743,2655_LeafPhotoA_2025-09-09 11_29_02.979-05_00_2.png,1.25,1.852774330277135
744,2655_LeafPhotoA_2025-09-09 11_29_02.979-05_00_3.png,1.25,1.7205654612487047
745,1056_LeafPhotoA_2025-09-08 12_47_34.787-05_00_0.png,1.75,1.7647019689868975
746,1056_LeafPhotoA_2025-09-08 12_47_34.787-05_00_1.png,1.75,1.945218611310717
747,1056_LeafPhotoA_2025-09-08 12_47_34.787-05_00_2.png,1.75,1.9161146073568687
748,1056_LeafPhotoA_2025-09-08 12_47_34.787-05_00_3.png,1.75,1.909406554670389
760,2409_LeafPhotoB_2025-09-08 10_48_08.751-05_00_0.png,2.75,2.3128794496267413
761,2409_LeafPhotoB_2025-09-08 10_48_08.751-05_00_1.png,2.75,2.543900541763447
762,2409_LeafPhotoB_2025-09-08 10_48_08.751-05_00_2.png,2.75,2.3863185046162982
763,2409_LeafPhotoB_2025-09-08 10_48_08.751-05_00_3.png,2.75,2.475042529162014
766,2673_LeafPhotoA_2025-09-09 11_11_18.428-05_00_0.png,1.0,1.6714453863058734
767,2673_LeafPhotoA_2025-09-09 11_11_18.428-05_00_1.png,1.0,1.7316374597266617
768,2673_LeafPhotoA_2025-09-09 11_11_18.428-05_00_2.png,1.0,1.7343601452762638
777,2933_LeafPhotoA_2025-09-09 16_35_09.095-05_00_0.png,1.0,1.6946048960034055
778,2933_LeafPhotoA_2025-09-09 16_35_09.095-05_00_1.png,1.0,1.5626656452458505
779,2933_LeafPhotoA_2025-09-09 16_35_09.095-05_00_2.png,1.0,1.7286672348978849
815,9351_LeafPhotoA_2025-09-09 17_07_37.530-05_00_0.png,1.0,1.6124299773583826
816,9351_LeafPhotoA_2025-09-09 17_07_37.530-05_00_1.png,1.0,1.6186123378828499
817,9351_LeafPhotoA_2025-09-09 17_07_37.530-05_00_2.png,1.0,1.6141251572573163
818,9351_LeafPhotoA_2025-09-09 17_07_37.530-05_00_3.png,1.0,1.7374699073035957
843,2693_LeafPhotoA_2025-09-09 10_38_35.796-05_00_0.png,1.75,1.764380431548874
844,2693_LeafPhotoA_2025-09-09 10_38_35.796-05_00_1.png,1.75,1.7654282060746846
845,2693_LeafPhotoA_2025-09-09 10_38_35.796-05_00_2.png,1.75,1.8164523982424527
846,2693_LeafPhotoA_2025-09-09 10_38_35.796-05_00_3.png,1.75,1.784986896781982
847,2499_LeafPhotoB_2025-09-08 12_23_25.734-05_00_0.png,1.75,1.8081989162797993
848,2499_LeafPhotoB_2025-09-08 12_23_25.734-05_00_1.png,1.75,1.9895927008076766
849,2499_LeafPhotoB_2025-09-08 12_23_25.734-05_00_2.png,1.75,1.8575158601431818
850,2499_LeafPhotoB_2025-09-08 12_23_25.734-05_00_3.png,1.75,1.7782410933973427
868,2506_LeafPhotoA_2025-09-09 10_01_46.426-05_00_0.png,2.75,2.2296655047309057
869,2506_LeafPhotoA_2025-09-09 10_01_46.426-05_00_1.png,2.75,2.2352418136415806
870,2506_LeafPhotoA_2025-09-09 10_01_46.426-05_00_2.png,2.75,2.080423197957156
871,2506_LeafPhotoA_2025-09-09 10_01_46.426-05_00_3.png,2.75,1.9832615865207783
872,2341_LeafPhotoA_2025-09-08 11_09_22.552-05_00_0.png,1.0,1.5404846688578302
873,2341_LeafPhotoA_2025-09-08 11_09_22.552-05_00_1.png,1.0,1.604790908330577
901,2833_LeafPhotoA_2025-09-09 10_51_02.314-05_00_0.png,1.0,1.6837513001668376
902,2833_LeafPhotoA_2025-09-09 10_51_02.314-05_00_1.png,1.0,1.596512547888129
903,2833_LeafPhotoA_2025-09-09 10_51_02.314-05_00_2.png,1.0,1.731539674352852
904,2833_LeafPhotoA_2025-09-09 10_51_02.314-05_00_3.png,1.0,1.7054698251847051
909,1472_LeafPhotoB_2025-09-08 16_38_48.113-05_00_0.png,1.5,1.9738592806688773
910,1472_LeafPhotoB_2025-09-08 16_38_48.113-05_00_1.png,1.5,1.9919123675924177
911,1472_LeafPhotoB_2025-09-08 16_38_48.113-05_00_2.png,1.5,1.9452145236442846
917,1697_LeafPhotoA_2025-09-09 08_53_49.546-05_00_0.png,1.25,1.789764212682169
918,1697_LeafPhotoA_2025-09-09 08_53_49.546-05_00_1.png,1.25,1.873409403909501
919,1697_LeafPhotoA_2025-09-09 08_53_49.546-05_00_2.png,1.25,1.7151591254176402
920,1697_LeafPhotoA_2025-09-09 08_53_49.546-05_00_3.png,1.25,1.7666590179865145
926,2381_LeafPhotoA_2025-09-08 11_51_21.824-05_00_0.png,1.25,1.8072340541510432
927,2381_LeafPhotoA_2025-09-08 11_51_21.824-05_00_1.png,1.25,1.7833102338300664
928,2381_LeafPhotoA_2025-09-08 11_51_21.824-05_00_2.png,1.25,1.7432065587025916
929,2381_LeafPhotoA_2025-09-08 11_51_21.824-05_00_3.png,1.25,1.7227187847304906
976,1679_LeafPhotoA_2025-09-09 09_32_13.519-05_00_0.png,2.25,1.9366646045517955
977,1679_LeafPhotoA_2025-09-09 09_32_13.519-05_00_1.png,2.25,1.9480892077335583
978,1679_LeafPhotoA_2025-09-09 09_32_13.519-05_00_2.png,2.25,1.9194774718244159
979,1679_LeafPhotoA_2025-09-09 09_32_13.519-05_00_3.png,2.25,1.8275535993003105
985,1512_LeafPhotoA_2025-09-09 09_08_29.596-05_00_0.png,2.5,1.9416304845323797
986,1512_LeafPhotoA_2025-09-09 09_08_29.596-05_00_1.png,2.5,1.9698001252989643
987,1512_LeafPhotoA_2025-09-09 09_08_29.596-05_00_2.png,2.5,1.9556557298874448
988,1512_LeafPhotoA_2025-09-09 09_08_29.596-05_00_3.png,2.5,1.8081772462645138
1038,1001_LeafPhotoA_2025-09-08 10_30_44.491-05_00_0.png,1.75,1.8575852180334564
1039,1001_LeafPhotoA_2025-09-08 10_30_44.491-05_00_1.png,1.75,1.6933147424256179
1040,1001_LeafPhotoA_2025-09-08 10_30_44.491-05_00_2.png,1.75,1.6284611883572788
1041,1001_LeafPhotoA_2025-09-08 10_30_44.491-05_00_3.png,1.75,1.7837209951354687
1047,1705_LeafPhotoA_2025-09-09 08_56_59.048-05_00_0.png,2.25,1.9574245823799787
1048,1705_LeafPhotoA_2025-09-09 08_56_59.048-05_00_1.png,2.25,1.9703360381126436
1049,1705_LeafPhotoA_2025-09-09 08_56_59.048-05_00_2.png,2.25,1.8821551232242997
1050,1705_LeafPhotoA_2025-09-09 08_56_59.048-05_00_3.png,2.25,2.0489165378395264
1062,1665_LeafPhotoA_2025-09-09 09_57_34.568-05_00_0.png,2.0,1.9032578111244922
1063,1665_LeafPhotoA_2025-09-09 09_57_34.568-05_00_1.png,2.0,1.899908089183922
1064,1665_LeafPhotoA_2025-09-09 09_57_34.568-05_00_2.png,2.0,1.9317963816405184
1102,1053_LeafPhotoA_2025-09-08 12_43_49.634-05_00_0.png,2.5,2.08840862123844
1103,1053_LeafPhotoA_2025-09-08 12_43_49.634-05_00_1.png,2.5,1.8931751162887966
1104,1053_LeafPhotoA_2025-09-08 12_43_49.634-05_00_2.png,2.5,2.0477747894985696
1105,1053_LeafPhotoA_2025-09-08 12_43_49.634-05_00_3.png,2.5,2.1320218088441787
1113,2631_LeafPhotoA_2025-09-09 11_48_53.491-05_00_0.png,2.5,1.6523844435864543
1114,2631_LeafPhotoA_2025-09-09 11_48_53.491-05_00_1.png,2.5,1.8215630809678798
1115,2631_LeafPhotoA_2025-09-09 11_48_53.491-05_00_2.png,2.5,2.064659815735377
1116,2631_LeafPhotoA_2025-09-09 11_48_53.491-05_00_3.png,2.5,2.2896928765965137
1134,1013_LeafPhotoA_2025-09-08 09_45_15.101-05_00_0.png,1.25,1.7808380287260912
1135,1013_LeafPhotoA_2025-09-08 09_45_15.101-05_00_1.png,1.25,1.8068222848237376
1136,1013_LeafPhotoA_2025-09-08 09_45_15.101-05_00_2.png,1.25,1.7394532178777546
1137,1013_LeafPhotoA_2025-09-08 09_45_15.101-05_00_3.png,1.25,1.6776090290070553
1147,9260_LeafPhotoA_2025-09-08 12_05_57.503-05_00_0.png,1.0,1.5289358393548602
1148,9260_LeafPhotoA_2025-09-08 12_05_57.503-05_00_1.png,1.0,1.463288750064291
1149,9260_LeafPhotoA_2025-09-08 12_05_57.503-05_00_2.png,1.0,1.497726126767826
1150,9260_LeafPhotoA_2025-09-08 12_05_57.503-05_00_3.png,1.0,1.6004861953527776
1185,2433_LeafPhotoB_2025-09-08 11_09_46.410-05_00_0.png,1.5,1.783343486338939
1186,2433_LeafPhotoB_2025-09-08 11_09_46.410-05_00_1.png,1.5,1.478435101519853
1187,2433_LeafPhotoB_2025-09-08 11_09_46.410-05_00_2.png,1.5,1.490933437638642
1188,2433_LeafPhotoB_2025-09-08 11_09_46.410-05_00_3.png,1.5,1.6359809659223348
1197,2490_LeafPhotoB_2025-09-08 12_05_22.252-05_00_0.png,1.5,1.7654254555071114
1198,2490_LeafPhotoB_2025-09-08 12_05_22.252-05_00_1.png,1.5,1.8041828700589337
1199,2490_LeafPhotoB_2025-09-08 12_05_22.252-05_00_2.png,1.5,1.864514886336287
1200,2490_LeafPhotoB_2025-09-08 12_05_22.252-05_00_3.png,1.5,1.8627461090645099
1218,1014_LeafPhotoA_2025-09-08 09_46_05.675-05_00_0.png,3.75,2.779930986933893
1219,1014_LeafPhotoA_2025-09-08 09_46_05.675-05_00_1.png,3.75,2.957581548353608
1220,1014_LeafPhotoA_2025-09-08 09_46_05.675-05_00_2.png,3.75,2.941152590540265
1238,2530_LeafPhotoA_2025-09-09 10_28_43.092-05_00_0.png,3.75,2.5435688817940174
1239,2530_LeafPhotoA_2025-09-09 10_28_43.092-05_00_1.png,3.75,2.3350604978347835
1240,2530_LeafPhotoA_2025-09-09 10_28_43.092-05_00_2.png,3.75,2.4104892231378288
1241,2530_LeafPhotoA_2025-09-09 10_28_43.092-05_00_3.png,3.75,2.393765340560426
1242,1397_LeafPhotoA_2025-09-08 13_28_16.462-05_00_0.png,2.5,2.0438505877077873
1252,2867_LeafPhotoA_2025-09-09 14_50_34.297-05_00_0.png,1.5,1.6419772459580895
1253,2867_LeafPhotoA_2025-09-09 14_50_34.297-05_00_1.png,1.5,1.7471971018854724
1254,2867_LeafPhotoA_2025-09-09 14_50_34.297-05_00_2.png,1.5,1.7516710241906643
1255,2867_LeafPhotoA_2025-09-09 14_50_34.297-05_00_3.png,1.5,1.6543420003414202
1256,,2.25,1.8371352989474115
1352,1170_LeafPhotoA_2025-09-08 16_32_45.562-05_00_0.png,1.75,1.8433658301049944
1353,1170_LeafPhotoA_2025-09-08 16_32_45.562-05_00_1.png,1.75,1.8663331778086043
1354,1170_LeafPhotoA_2025-09-08 16_32_45.562-05_00_2.png,1.75,1.7415417101674848
1355,1170_LeafPhotoA_2025-09-08 16_32_45.562-05_00_3.png,1.75,1.7014918681858506
1376,2222_LeafPhotoA_2025-09-08 11_22_53.252-05_00_0.png,2.25,1.9504379843475241
1377,2222_LeafPhotoA_2025-09-08 11_22_53.252-05_00_1.png,2.25,2.0334656401962903
1378,2222_LeafPhotoA_2025-09-08 11_22_53.252-05_00_2.png,2.25,2.2354231663231263
1379,2222_LeafPhotoA_2025-09-08 11_22_53.252-05_00_3.png,2.25,2.109627329151613
1427,2876_LeafPhotoA_2025-09-09 14_43_15.675-05_00_0.png,1.75,1.9142138806039726
1428,2876_LeafPhotoA_2025-09-09 14_43_15.675-05_00_1.png,1.75,1.9139563046351944
1429,2876_LeafPhotoA_2025-09-09 14_43_15.675-05_00_2.png,1.75,2.0516136279620256
1430,2876_LeafPhotoA_2025-09-09 14_43_15.675-05_00_3.png,1.75,1.8426911253521159
1443,2041_LeafPhotoA_2025-09-08 11_20_20.644-05_00_0.png,2.0,1.6674713059486663
1444,2041_LeafPhotoA_2025-09-08 11_20_20.644-05_00_1.png,2.0,1.6224542328908618
1445,2041_LeafPhotoA_2025-09-08 11_20_20.644-05_00_2.png,2.0,1.7876524768016646
1469,1584_LeafPhotoA_2025-09-09 09_39_38.950-05_00_0.png,2.25,1.7637298507270438
1470,1584_LeafPhotoA_2025-09-09 09_39_38.950-05_00_1.png,2.25,2.0841176500228347
1471,1584_LeafPhotoA_2025-09-09 09_39_38.950-05_00_2.png,2.25,1.91825054543195
1472,1584_LeafPhotoA_2025-09-09 09_39_38.950-05_00_3.png,2.25,1.8529671197216668
1473,1946_LeafPhotoA_2025-09-09 16_04_53.847-05_00_0.png,3.0,2.0035430610411256
1474,1946_LeafPhotoA_2025-09-09 16_04_53.847-05_00_1.png,3.0,2.3444341602061236
1475,1946_LeafPhotoA_2025-09-09 16_04_53.847-05_00_2.png,3.0,2.6132042416253927
1476,1946_LeafPhotoA_2025-09-09 16_04_53.847-05_00_3.png,3.0,1.9308861694327053
1506,1442_LeafPhotoB_2025-09-08 10_31_26.108-05_00_0.png,1.25,1.602603385849903
1507,1442_LeafPhotoB_2025-09-08 10_31_26.108-05_00_1.png,1.25,1.719944000801974
1508,1442_LeafPhotoB_2025-09-08 10_31_26.108-05_00_2.png,1.25,1.7448100445664294
1509,1442_LeafPhotoB_2025-09-08 10_31_26.108-05_00_3.png,1.25,1.555608257554852
1524,1693_LeafPhotoA_2025-09-09 09_07_35.518-05_00_0.png,1.75,1.8200115302940378
1525,1693_LeafPhotoA_2025-09-09 09_07_35.518-05_00_1.png,1.75,1.8565836771587525
1526,1693_LeafPhotoA_2025-09-09 09_07_35.518-05_00_2.png,1.75,1.7793977166481025
1527,1693_LeafPhotoA_2025-09-09 09_07_35.518-05_00_3.png,1.75,1.6826313885704371
1560,1266_LeafPhotoA_2025-09-08 16_20_40.775-05_00_0.png,1.5,1.7449540491543185
1581,2104_LeafPhotoA_2025-09-08 10_58_03.934-05_00_0.png,2.0,1.6790829834009011
1582,2104_LeafPhotoA_2025-09-08 10_58_03.934-05_00_1.png,2.0,1.8604092434626496
1583,2104_LeafPhotoA_2025-09-08 10_58_03.934-05_00_2.png,2.0,1.8335400070847057
1584,2104_LeafPhotoA_2025-09-08 10_58_03.934-05_00_3.png,2.0,1.8165509583653938
1594,,1.5,1.8371352989474115
1603,2029_LeafPhotoA_2025-09-08 11_07_23.840-05_00_0.png,3.5,2.897389386459915
1604,2029_LeafPhotoA_2025-09-08 11_07_23.840-05_00_1.png,3.5,2.7828639422511334
1605,2029_LeafPhotoA_2025-09-08 11_07_23.840-05_00_2.png,3.5,2.7664525498366457
1606,2029_LeafPhotoA_2025-09-08 11_07_23.840-05_00_3.png,3.5,2.258041800351496
1623,1152_LeafPhotoA_2025-09-08 16_58_21.742-05_00_0.png,2.0,1.8847198847692281
1624,1152_LeafPhotoA_2025-09-08 16_58_21.742-05_00_1.png,2.0,2.1335599871726987
1625,1152_LeafPhotoA_2025-09-08 16_58_21.742-05_00_2.png,2.0,2.3756855540901594
1626,1152_LeafPhotoA_2025-09-08 16_58_21.742-05_00_3.png,2.0,2.1446651444960274
1632,1572_LeafPhotoA_2025-09-09 09_56_18.547-05_00_0.png,1.5,1.8082036433710187
1633,1572_LeafPhotoA_2025-09-09 09_56_18.547-05_00_1.png,1.5,1.6919202391498254
1634,1572_LeafPhotoA_2025-09-09 09_56_18.547-05_00_2.png,1.5,1.6481725425309992
1635,1572_LeafPhotoA_2025-09-09 09_56_18.547-05_00_3.png,1.5,1.724314741502048
1647,2237_LeafPhotoA_2025-09-08 11_42_52.155-05_00_0.png,1.5,1.6996318811477484
1648,2237_LeafPhotoA_2025-09-08 11_42_52.155-05_00_1.png,1.5,1.6024623215657463
1649,2237_LeafPhotoA_2025-09-08 11_42_52.155-05_00_2.png,1.5,1.5796219504001043
1650,2237_LeafPhotoA_2025-09-08 11_42_52.155-05_00_3.png,1.5,1.5755526703581084
1671,2618_LeafPhotoA_2025-09-09 12_06_25.737-05_00_0.png,2.25,1.5661116090186333
1672,2618_LeafPhotoA_2025-09-09 12_06_25.737-05_00_1.png,2.25,1.7555419516342503
1699,2686_LeafPhotoA_2025-09-09 10_48_10.419-05_00_0.png,3.0,1.9680752885745156
1700,2686_LeafPhotoA_2025-09-09 10_48_10.419-05_00_1.png,3.0,1.8809939587666944
1701,2686_LeafPhotoA_2025-09-09 10_48_10.419-05_00_2.png,3.0,1.9414181411338924
1718,1198_LeafPhotoA_2025-09-08 09_25_24.531-05_00_0.png,1.25,2.0268837453360464
1719,1198_LeafPhotoA_2025-09-08 09_25_24.531-05_00_1.png,1.25,1.9746435484879752
1720,1198_LeafPhotoA_2025-09-08 09_25_24.531-05_00_2.png,1.25,1.934917673088435
1721,1198_LeafPhotoA_2025-09-08 09_25_24.531-05_00_3.png,1.25,1.9137905878270636
1730,2876_LeafPhotoA_2025-09-09 14_43_31.946-05_00_0.png,1.5,1.8995566617621569
1731,2876_LeafPhotoA_2025-09-09 14_43_31.946-05_00_1.png,1.5,1.6861719480245998
1732,2876_LeafPhotoA_2025-09-09 14_43_31.946-05_00_2.png,1.5,1.6662991019057207
1733,2876_LeafPhotoA_2025-09-09 14_43_31.946-05_00_3.png,1.5,1.7041807113809817
1747,2064_LeafPhotoA_2025-09-08 11_57_49.749-05_00_0.png,2.0,1.5130580997877836
1748,2064_LeafPhotoA_2025-09-08 11_57_49.749-05_00_1.png,2.0,1.5673066777169908
1749,2064_LeafPhotoA_2025-09-08 11_57_49.749-05_00_2.png,2.0,1.5347586549945296
1750,2064_LeafPhotoA_2025-09-08 11_57_49.749-05_00_3.png,2.0,1.596474357009089
1765,1267_LeafPhotoA_2025-09-08 16_19_11.885-05_00_0.png,2.25,2.1014857849265742
1766,1267_LeafPhotoA_2025-09-08 16_19_11.885-05_00_1.png,2.25,1.9381904592655368
1767,1267_LeafPhotoA_2025-09-08 16_19_11.885-05_00_2.png,2.25,1.8214322266355938
1768,1267_LeafPhotoA_2025-09-08 16_19_11.885-05_00_3.png,2.25,1.786027756073906
1769,2871_LeafPhotoA_2025-09-09 14_47_23.331-05_00_0.png,2.5,1.8138672852989801
1770,2871_LeafPhotoA_2025-09-09 14_47_23.331-05_00_1.png,2.5,1.8501372628990675
1771,2871_LeafPhotoA_2025-09-09 14_47_23.331-05_00_2.png,2.5,1.9079313728926743
1772,2871_LeafPhotoA_2025-09-09 14_47_23.331-05_00_3.png,2.5,1.779286927067888
1808,2447_LeafPhotoB_2025-09-08 11_22_51.883-05_00_0.png,2.0,1.5789776536314855
1809,2447_LeafPhotoB_2025-09-08 11_22_51.883-05_00_1.png,2.0,1.6587579731034656
1810,2447_LeafPhotoB_2025-09-08 11_22_51.883-05_00_2.png,2.0,1.6718574322993822
1811,2447_LeafPhotoB_2025-09-08 11_22_51.883-05_00_3.png,2.0,1.6812294795990619
1820,2287_LeafPhotoA_2025-09-08 16_53_06.874-05_00_0.png,3.75,2.141030370730062
1821,2287_LeafPhotoA_2025-09-08 16_53_06.874-05_00_1.png,3.75,2.651811752936464
1822,2287_LeafPhotoA_2025-09-08 16_53_06.874-05_00_2.png,3.75,2.7841286600360724
1823,2287_LeafPhotoA_2025-09-08 16_53_06.874-05_00_3.png,3.75,2.756596271443697
1831,1713_LeafPhotoA_2025-09-09 09_08_31.161-05_00_0.png,1.75,2.0220133150303425
1832,1713_LeafPhotoA_2025-09-09 09_08_31.161-05_00_1.png,1.75,2.01431307160332
1833,1713_LeafPhotoA_2025-09-09 09_08_31.161-05_00_2.png,1.75,1.8855391283839436
1834,1713_LeafPhotoA_2025-09-09 09_08_31.161-05_00_3.png,1.75,1.847319419977024
1864,2130_LeafPhotoA_2025-09-08 11_49_10.108-05_00_0.png,1.75,1.723274725826003
1865,2130_LeafPhotoA_2025-09-08 11_49_10.108-05_00_1.png,1.75,1.8126159533549249
1866,2130_LeafPhotoA_2025-09-08 11_49_10.108-05_00_2.png,1.75,1.7987108819149262
1867,2130_LeafPhotoA_2025-09-08 11_49_10.108-05_00_3.png,1.75,1.7106881204952038
1868,2852_LeafPhotoA_2025-09-09 15_03_44.065-05_00_0.png,1.5,1.7354709060790712
1869,2852_LeafPhotoA_2025-09-09 15_03_44.065-05_00_1.png,1.5,1.66813863911716
1870,2852_LeafPhotoA_2025-09-09 15_03_44.065-05_00_2.png,1.5,1.7239863004785605
1871,2852_LeafPhotoA_2025-09-09 15_03_44.065-05_00_3.png,1.5,1.5932916296773676
1875,1047_LeafPhotoA_2025-09-08 10_26_48.305-05_00_0.png,2.0,1.6833646759300778
1876,1047_LeafPhotoA_2025-09-08 10_26_48.305-05_00_1.png,2.0,1.689060857912154
1877,1047_LeafPhotoA_2025-09-08 10_26_48.305-05_00_2.png,2.0,1.8114074047369328
1878,1047_LeafPhotoA_2025-09-08 10_26_48.305-05_00_3.png,2.0,1.8196460095524534
1896,1687_LeafPhotoA_2025-09-09 09_18_05.463-05_00_0.png,1.75,1.595249280024241
1897,1687_LeafPhotoA_2025-09-09 09_18_05.463-05_00_1.png,1.75,1.7605550460175081
1898,2049_LeafPhotoA_2025-09-08 11_29_22.980-05_00_0.png,1.25,1.6058098416318225
1899,2049_LeafPhotoA_2025-09-08 11_29_22.980-05_00_1.png,1.25,1.6758204467853264
1900,2049_LeafPhotoA_2025-09-08 11_29_22.980-05_00_2.png,1.25,1.7058401391779878
1901,2049_LeafPhotoA_2025-09-08 11_29_22.980-05_00_3.png,1.25,1.636778522024072
1916,2049_LeafPhotoA_2025-09-08 11_29_12.336-05_00_0.png,2.25,1.7351027400925814
1917,2049_LeafPhotoA_2025-09-08 11_29_12.336-05_00_1.png,2.25,1.5607530896176394
1918,2049_LeafPhotoA_2025-09-08 11_29_12.336-05_00_2.png,2.25,1.673130822759112
1919,2049_LeafPhotoA_2025-09-08 11_29_12.336-05_00_3.png,2.25,1.9215533534376417
1936,1540_LeafPhotoA_2025-09-09 09_38_25.826-05_00_0.png,2.75,2.220314440948343
1937,1540_LeafPhotoA_2025-09-09 09_38_25.826-05_00_1.png,2.75,2.288140431657266
1938,1540_LeafPhotoA_2025-09-09 09_38_25.826-05_00_2.png,2.75,2.3238594640904053
1939,1540_LeafPhotoA_2025-09-09 09_38_25.826-05_00_3.png,2.75,2.263956963641076
1947,1070_LeafPhotoA_2025-09-08 13_01_31.955-05_00_0.png,1.5,1.7887190134963935
1948,1070_LeafPhotoA_2025-09-08 13_01_31.955-05_00_1.png,1.5,1.6985554117186277
1949,1070_LeafPhotoA_2025-09-08 13_01_31.955-05_00_2.png,1.5,1.6971039003351303
1950,1070_LeafPhotoA_2025-09-08 13_01_31.955-05_00_3.png,1.5,1.8217426586284948
1951,1031_LeafPhotoA_2025-09-08 10_05_56.491-05_00_0.png,1.75,1.9665343839489537
1952,1031_LeafPhotoA_2025-09-08 10_05_56.491-05_00_1.png,1.75,2.044235929407853
1953,1031_LeafPhotoA_2025-09-08 10_05_56.491-05_00_2.png,1.75,2.0969919840078513
1954,1031_LeafPhotoA_2025-09-08 10_05_56.491-05_00_3.png,1.75,2.1099819464841727
1959,2835_LeafPhotoA_2025-09-09 10_59_12.275-05_00_0.png,2.5,1.748037776697702
1988,,2.5,1.8371352989474115
2004,2915_LeafPhotoA_2025-09-09 16_35_42.182-05_00_0.png,2.0,1.7077377877397228
2009,1697_LeafPhotoA_2025-09-09 08_54_31.422-05_00_0.png,1.5,2.082640098918253
2010,1697_LeafPhotoA_2025-09-09 08_54_31.422-05_00_1.png,1.5,1.7802759390842793
2011,1697_LeafPhotoA_2025-09-09 08_54_31.422-05_00_2.png,1.5,1.9566924334910007
2016,2999_LeafPhotoA_2025-09-09 16_55_04.325-05_00_0.png,2.0,1.8798742492851428
2017,2999_LeafPhotoA_2025-09-09 16_55_04.325-05_00_1.png,2.0,1.9256640974515404
2018,2999_LeafPhotoA_2025-09-09 16_55_04.325-05_00_2.png,2.0,1.8525338057195673
2030,2164_LeafPhotoA_2025-09-09 11_57_19.201-05_00_0.png,1.5,1.805526765367128
2031,2164_LeafPhotoA_2025-09-09 11_57_19.201-05_00_1.png,1.5,1.727892283524152
2032,2164_LeafPhotoA_2025-09-09 11_57_19.201-05_00_2.png,1.5,1.8047839866388626
2033,2164_LeafPhotoA_2025-09-09 11_57_19.201-05_00_3.png,1.5,1.8692328679698078
2038,2862_LeafPhotoA_2025-09-09 14_54_36.677-05_00_0.png,1.75,1.7104230374745073
2039,2862_LeafPhotoA_2025-09-09 14_54_36.677-05_00_1.png,1.75,1.7594118639286978
2040,2862_LeafPhotoA_2025-09-09 14_54_36.677-05_00_2.png,1.75,1.868344939320655
2041,2862_LeafPhotoA_2025-09-09 14_54_36.677-05_00_3.png,1.75,1.8463288955304227
2050,2833_LeafPhotoA_2025-09-09 10_55_45.835-05_00_0.png,1.5,1.782198881209233
2051,2618_LeafPhotoA_2025-09-09 12_05_14.747-05_00_0.png,1.5,1.600719357457844
2052,2618_LeafPhotoA_2025-09-09 12_05_14.747-05_00_1.png,1.5,1.6891737274879692
2053,2618_LeafPhotoA_2025-09-09 12_05_14.747-05_00_2.png,1.5,1.7709167016334197
2054,2618_LeafPhotoA_2025-09-09 12_05_14.747-05_00_3.png,1.5,1.7249769780264168
2095,1338_LeafPhotoA_2025-09-08 10_07_02.814-05_00_0.png,4.5,3.0652058252778054
2096,1338_LeafPhotoA_2025-09-08 10_07_02.814-05_00_1.png,4.5,2.6272595461455746
2097,1338_LeafPhotoA_2025-09-08 10_07_02.814-05_00_2.png,4.5,3.0046501387508533
2098,1338_LeafPhotoA_2025-09-08 10_07_02.814-05_00_3.png,4.5,3.210073671473149
2165,1420_LeafPhotoB_2025-09-08 10_13_16.780-05_00_0.png,1.75,1.8439377952557137
2166,1420_LeafPhotoB_2025-09-08 10_13_16.780-05_00_1.png,1.75,1.850531072896688
2167,1420_LeafPhotoB_2025-09-08 10_13_16.780-05_00_2.png,1.75,1.836262032805087
2168,1420_LeafPhotoB_2025-09-08 10_13_16.780-05_00_3.png,1.75,1.9351663926566205
2193,5014_LeafPhotoA_2025-09-09 16_20_31.482-05_00_0.png,1.75,1.7480608770493635
2194,5014_LeafPhotoA_2025-09-09 16_20_31.482-05_00_1.png,1.75,1.6467992745773323
2195,5014_LeafPhotoA_2025-09-09 16_20_31.482-05_00_2.png,1.75,1.7758275951774407
2196,5014_LeafPhotoA_2025-09-09 16_20_31.482-05_00_3.png,1.75,1.8784465839493907
2197,2119_LeafPhotoA_2025-09-08 11_28_47.667-05_00_0.png,1.5,2.155063347732561
2202,2461_LeafPhotoB_2025-09-08 11_38_43.859-05_00_0.png,2.0,1.7101776745428063
2203,2461_LeafPhotoB_2025-09-08 11_38_43.859-05_00_1.png,2.0,1.8037882157259102
2204,2461_LeafPhotoB_2025-09-08 11_38_43.859-05_00_2.png,2.0,1.9407343832458965
2205,2461_LeafPhotoB_2025-09-08 11_38_43.859-05_00_3.png,2.0,2.355125881904617
2210,1693_LeafPhotoA_2025-09-09 09_06_11.383-05_00_0.png,1.25,1.8051898545569225
2211,1693_LeafPhotoA_2025-09-09 09_06_11.383-05_00_1.png,1.25,1.7225470153162674
2212,1693_LeafPhotoA_2025-09-09 09_06_11.383-05_00_2.png,1.25,1.6728874948831411
2213,1693_LeafPhotoA_2025-09-09 09_06_11.383-05_00_3.png,1.25,1.6726096456504735
2239,1345_LeafPhotoA_2025-09-08 10_13_26.383-05_00_0.png,2.5,1.770344882499682
2240,1345_LeafPhotoA_2025-09-08 10_13_26.383-05_00_1.png,2.5,1.6790273665676136
2241,1345_LeafPhotoA_2025-09-08 10_13_26.383-05_00_2.png,2.5,1.5811334760404996
2242,1345_LeafPhotoA_2025-09-08 10_13_26.383-05_00_3.png,2.5,1.6669330325712874
2255,2438_LeafPhotoB_2025-09-08 11_14_34.150-05_00_0.png,2.25,2.136236131826979
2256,2438_LeafPhotoB_2025-09-08 11_14_34.150-05_00_1.png,2.25,2.055364864345321
2257,2438_LeafPhotoB_2025-09-08 11_14_34.150-05_00_2.png,2.25,2.0776775823434126
2258,2438_LeafPhotoB_2025-09-08 11_14_34.150-05_00_3.png,2.25,1.9236366235458726
2259,1543_LeafPhotoA_2025-09-09 09_43_51.333-05_00_0.png,1.5,1.7082218511980511
2260,1543_LeafPhotoA_2025-09-09 09_43_51.333-05_00_1.png,1.5,1.7068426663349272
2261,1543_LeafPhotoA_2025-09-09 09_43_51.333-05_00_2.png,1.5,1.7487944679446241
2275,1798_LeafPhotoA_2025-09-09 08_54_43.161-05_00_0.png,2.25,1.8002114890362766
2276,1798_LeafPhotoA_2025-09-09 08_54_43.161-05_00_1.png,2.25,1.804194239666279
2277,1798_LeafPhotoA_2025-09-09 08_54_43.161-05_00_2.png,2.25,1.7491618948933194
2278,1798_LeafPhotoA_2025-09-09 08_54_43.161-05_00_3.png,2.25,1.6677493587567125
2294,1223_LeafPhotoA_2025-09-08 10_03_13.455-05_00_0.png,1.5,1.6343866937120606
2295,1223_LeafPhotoA_2025-09-08 10_03_13.455-05_00_1.png,1.5,1.6299236495466174
2296,1223_LeafPhotoA_2025-09-08 10_03_13.455-05_00_2.png,1.5,1.6994375620939086
2297,1223_LeafPhotoA_2025-09-08 10_03_13.455-05_00_3.png,1.5,1.649058373701176
2322,1086_LeafPhotoA_2025-09-09 10_58_54.973-05_00_0.png,2.5,1.7868775353795672
2323,1086_LeafPhotoA_2025-09-09 10_58_54.973-05_00_1.png,2.5,2.0050855836952013
2324,1086_LeafPhotoA_2025-09-09 10_58_54.973-05_00_2.png,2.5,2.07839354102067
2325,1086_LeafPhotoA_2025-09-09 10_58_54.973-05_00_3.png,2.5,2.2684349674161997
2348,2385_LeafPhotoA_2025-09-08 11_56_10.265-05_00_0.png,1.25,1.645287240590936
2349,2385_LeafPhotoA_2025-09-08 11_56_10.265-05_00_1.png,1.25,1.7921535182975776
2350,2385_LeafPhotoA_2025-09-08 11_56_10.265-05_00_2.png,1.25,1.7130478711175314
2351,2385_LeafPhotoA_2025-09-08 11_56_10.265-05_00_3.png,1.25,1.7451561684359675
2352,2381_LeafPhotoA_2025-09-08 11_51_50.879-05_00_0.png,2.0,1.9217606959317488
2353,2381_LeafPhotoA_2025-09-08 11_51_50.879-05_00_1.png,2.0,1.7983901175614616
2354,2381_LeafPhotoA_2025-09-08 11_51_50.879-05_00_2.png,2.0,1.8245692502801645
2355,2381_LeafPhotoA_2025-09-08 11_51_50.879-05_00_3.png,2.0,1.8849287205813914
2401,9351_LeafPhotoA_2025-09-09 17_07_25.532-05_00_0.png,1.25,1.677648118343358
2402,9351_LeafPhotoA_2025-09-09 17_07_25.532-05_00_1.png,1.25,1.6404009178314527
2403,9351_LeafPhotoA_2025-09-09 17_07_25.532-05_00_2.png,1.25,1.6089246882897228
2404,9351_LeafPhotoA_2025-09-09 17_07_25.532-05_00_3.png,1.25,1.5995611173670383
2416,1915_LeafPhotoA_2025-09-09 14_54_52.435-05_00_0.png,1.75,2.074827085342276
2417,1915_LeafPhotoA_2025-09-09 14_54_52.435-05_00_1.png,1.75,1.9652272551579817
2418,1915_LeafPhotoA_2025-09-09 14_54_52.435-05_00_2.png,1.75,1.9464635376806432
2419,1915_LeafPhotoA_2025-09-09 14_54_52.435-05_00_3.png,1.75,2.1518216529629064
2424,1466_LeafPhotoB_2025-09-08 16_29_29.831-05_00_0.png,2.0,1.6570250553540034
2425,1466_LeafPhotoB_2025-09-08 16_29_29.831-05_00_1.png,2.0,1.6547698775610937
2426,1466_LeafPhotoB_2025-09-08 16_29_29.831-05_00_2.png,2.0,1.5957042689243728
2427,1466_LeafPhotoB_2025-09-08 16_29_29.831-05_00_3.png,2.0,1.9063154096362314
2432,2051_LeafPhotoA_2025-09-08 11_43_12.742-05_00_0.png,3.75,2.123845990370855
2433,2051_LeafPhotoA_2025-09-08 11_43_12.742-05_00_1.png,3.75,2.508250738439978
2434,2533_LeafPhotoA_2025-09-09 10_31_53.410-05_00_0.png,1.75,1.8738050823696135
2435,2533_LeafPhotoA_2025-09-09 10_31_53.410-05_00_1.png,1.75,1.6697028127531226
2436,2533_LeafPhotoA_2025-09-09 10_31_53.410-05_00_2.png,1.75,1.6826001032886682
2437,2533_LeafPhotoA_2025-09-09 10_31_53.410-05_00_3.png,1.75,1.6942698705555708
2534,2295_LeafPhotoA_2025-09-08 16_45_42.473-05_00_0.png,2.25,1.626417950545756
2535,2295_LeafPhotoA_2025-09-08 16_45_42.473-05_00_1.png,2.25,1.8264667646988662
2536,2295_LeafPhotoA_2025-09-08 16_45_42.473-05_00_2.png,2.25,1.9188974230891793
2537,2295_LeafPhotoA_2025-09-08 16_45_42.473-05_00_3.png,2.25,1.8686878084112024
2547,1913_LeafPhotoA_2025-09-09 14_52_15.644-05_00_0.png,1.5,1.6845972542929788
2548,1913_LeafPhotoA_2025-09-09 14_52_15.644-05_00_1.png,1.5,1.6586258058426202
2549,1913_LeafPhotoA_2025-09-09 14_52_15.644-05_00_2.png,1.5,1.7372915221102139
2550,1913_LeafPhotoA_2025-09-09 14_52_15.644-05_00_3.png,1.5,1.9292233068860394
2563,1407_LeafPhotoA_2025-09-08 09_28_58.311-05_00_0.png,1.0,1.6630026167109186
2564,1407_LeafPhotoA_2025-09-08 09_28_58.311-05_00_1.png,1.0,1.5922649902700212
2565,1407_LeafPhotoA_2025-09-08 09_28_58.311-05_00_2.png,1.0,1.6478632645805629
2566,1407_LeafPhotoA_2025-09-08 09_28_58.311-05_00_3.png,1.0,1.7020209116362373
2597,2470_LeafPhotoB_2025-09-08 11_46_55.188-05_00_0.png,2.25,1.953906026256451
2598,2470_LeafPhotoB_2025-09-08 11_46_55.188-05_00_1.png,2.25,1.9330208052002738
2599,2470_LeafPhotoB_2025-09-08 11_46_55.188-05_00_2.png,2.25,1.9915979111689244
2600,2470_LeafPhotoB_2025-09-08 11_46_55.188-05_00_3.png,2.25,1.9952738465703816
2609,2130_LeafPhotoA_2025-09-08 11_48_43.180-05_00_0.png,2.5,2.151016824861155
2610,2130_LeafPhotoA_2025-09-08 11_48_43.180-05_00_1.png,2.5,2.100340624466979
2611,2130_LeafPhotoA_2025-09-08 11_48_43.180-05_00_2.png,2.5,2.0918400619203665
2612,2130_LeafPhotoA_2025-09-08 11_48_43.180-05_00_3.png,2.5,2.30953608486958
2617,2391_LeafPhotoA_2025-09-08 12_03_15.238-05_00_0.png,1.25,1.6888050582351075
2618,2391_LeafPhotoA_2025-09-08 12_03_15.238-05_00_1.png,1.25,1.6834048639734576
2619,2391_LeafPhotoA_2025-09-08 12_03_15.238-05_00_2.png,1.25,1.8107660131012497
2620,2391_LeafPhotoA_2025-09-08 12_03_15.238-05_00_3.png,1.25,1.8376710070079845
2621,2391_LeafPhotoA_2025-09-08 12_01_42.651-05_00_0.png,1.75,1.7680251358333794
2622,2391_LeafPhotoA_2025-09-08 12_01_42.651-05_00_1.png,1.75,1.6934792384974278
2623,2391_LeafPhotoA_2025-09-08 12_01_42.651-05_00_2.png,1.75,1.8051481486278314
2624,2391_LeafPhotoA_2025-09-08 12_01_42.651-05_00_3.png,1.75,1.8608684184931283
2630,1937_LeafPhotoA_2025-09-09 15_34_34.063-05_00_0.png,1.75,1.7350072065125275
2631,1937_LeafPhotoA_2025-09-09 15_34_34.063-05_00_1.png,1.75,1.6277665374020844
2632,1937_LeafPhotoA_2025-09-09 15_34_34.063-05_00_2.png,1.75,1.7580782403011526
2633,1937_LeafPhotoA_2025-09-09 15_34_34.063-05_00_3.png,1.75,1.8538542909511369
2635,1642_LeafPhotoA_2025-09-09 10_32_36.943-05_00_0.png,1.5,1.7434856616873828
2636,1642_LeafPhotoA_2025-09-09 10_32_36.943-05_00_1.png,1.5,1.685440794542575
2637,1642_LeafPhotoA_2025-09-09 10_32_36.943-05_00_2.png,1.5,1.6914282293894323
2733,2942_LeafPhotoA_2025-09-09 16_27_26.746-05_00_0.png,2.75,2.0320620482673517
2734,2942_LeafPhotoA_2025-09-09 16_27_26.746-05_00_1.png,2.75,1.8890435475543847
2735,2942_LeafPhotoA_2025-09-09 16_27_26.746-05_00_2.png,2.75,1.8557208452953429
2736,2942_LeafPhotoA_2025-09-09 16_27_26.746-05_00_3.png,2.75,1.9657881112373188
2749,2127_LeafPhotoA_2025-09-08 11_44_05.581-05_00_0.png,2.0,2.1253765352652727
2750,2127_LeafPhotoA_2025-09-08 11_44_05.581-05_00_1.png,2.0,1.8423057478369018
2751,2127_LeafPhotoA_2025-09-08 11_44_05.581-05_00_2.png,2.0,1.8425849945011141
2752,2127_LeafPhotoA_2025-09-08 11_44_05.581-05_00_3.png,2.0,1.772758124815786
2761,2594_LeafPhotoA_2025-09-09 10_28_00.830-05_00_0.png,1.25,1.6362868896919793
2762,2594_LeafPhotoA_2025-09-09 10_28_00.830-05_00_1.png,1.25,1.6882339376202566
2763,2594_LeafPhotoA_2025-09-09 10_28_00.830-05_00_2.png,1.25,1.831986099333816
2764,2594_LeafPhotoA_2025-09-09 10_28_00.830-05_00_3.png,1.25,2.1221328741133307
2777,1079_LeafPhotoA_2025-09-08 13_11_39.389-05_00_0.png,1.5,1.7611837559800028
2778,1079_LeafPhotoA_2025-09-08 13_11_39.389-05_00_1.png,1.5,1.6941134099138169
2779,1079_LeafPhotoA_2025-09-08 13_11_39.389-05_00_2.png,1.5,1.6483622105914102
2780,1079_LeafPhotoA_2025-09-08 13_11_39.389-05_00_3.png,1.5,1.7075313178823233
2781,1842_LeafPhotoA_2025-09-09 09_52_16.462-05_00_0.png,2.25,1.7448724349767315
2782,1842_LeafPhotoA_2025-09-09 09_52_16.462-05_00_1.png,2.25,1.715746977398389
2788,2879_LeafPhotoA_2025-09-09 14_38_53.940-05_00_0.png,1.25,1.641391566895437
2789,2879_LeafPhotoA_2025-09-09 14_38_53.940-05_00_1.png,1.25,1.5895382689063042
2790,1669_LeafPhotoA_2025-09-09 09_51_13.731-05_00_0.png,1.5,1.6828636439204367
2791,1669_LeafPhotoA_2025-09-09 09_51_13.731-05_00_1.png,1.5,1.6451786064239635
2792,1669_LeafPhotoA_2025-09-09 09_51_13.731-05_00_2.png,1.5,1.6118561078799076
2793,1736_LeafPhotoA_2025-09-09 09_48_22.904-05_00_0.png,1.5,2.0161451041039866
2794,1736_LeafPhotoA_2025-09-09 09_48_22.904-05_00_1.png,1.5,2.100042365797687
2795,1736_LeafPhotoA_2025-09-09 09_48_22.904-05_00_2.png,1.5,2.0162006151957765
2796,1736_LeafPhotoA_2025-09-09 09_48_22.904-05_00_3.png,1.5,1.917753692246434
2797,1466_LeafPhotoB_2025-09-08 16_29_39.552-05_00_0.png,1.25,1.5221233331869948
2798,1466_LeafPhotoB_2025-09-08 16_29_39.552-05_00_1.png,1.25,1.5146251810302693
2799,1466_LeafPhotoB_2025-09-08 16_29_39.552-05_00_2.png,1.25,1.551796759834879
2800,1466_LeafPhotoB_2025-09-08 16_29_39.552-05_00_3.png,1.25,1.5422644133722871
2880,2744_LeafPhotoA_2025-09-09 11_15_01.877-05_00_0.png,2.25,2.138929131351249
2881,2744_LeafPhotoA_2025-09-09 11_15_01.877-05_00_1.png,2.25,2.1486092315371534
2882,2744_LeafPhotoA_2025-09-09 11_15_01.877-05_00_2.png,2.25,1.9752679711928942
2883,2744_LeafPhotoA_2025-09-09 11_15_01.877-05_00_3.png,2.25,2.0685606243136228
2902,2404_LeafPhotoB_2025-09-08 10_44_08.041-05_00_0.png,3.25,2.2073311829352837
2903,2404_LeafPhotoB_2025-09-08 10_44_08.041-05_00_1.png,3.25,2.7242622218217236
2908,2215_LeafPhotoA_2025-09-08 11_08_31.563-05_00_0.png,2.25,2.3161038241872216
2909,2215_LeafPhotoA_2025-09-08 11_08_31.563-05_00_1.png,2.25,2.08121627078632
2910,2215_LeafPhotoA_2025-09-08 11_08_31.563-05_00_2.png,2.25,2.2783635018017763
2911,2215_LeafPhotoA_2025-09-08 11_08_31.563-05_00_3.png,2.25,2.138471274282422
2916,2728_LeafPhotoA_2025-09-09 10_52_13.946-05_00_0.png,3.25,2.687320600530932
2917,2728_LeafPhotoA_2025-09-09 10_52_13.946-05_00_1.png,3.25,2.7704557373024854
2918,2728_LeafPhotoA_2025-09-09 10_52_13.946-05_00_2.png,3.25,2.42020992558425
2919,2728_LeafPhotoA_2025-09-09 10_52_13.946-05_00_3.png,3.25,2.2413950700357432
2930,,1.5,1.8371352989474115
2931,1001_LeafPhotoA_2025-09-08 10_31_01.387-05_00_0.png,1.25,1.9045723126131417
2932,1001_LeafPhotoA_2025-09-08 10_31_01.387-05_00_1.png,1.25,1.9418605652030578
2933,1001_LeafPhotoA_2025-09-08 10_31_01.387-05_00_2.png,1.25,1.7157884592402781
2960,1122_LeafPhotoA_2025-09-08 10_08_12.180-05_00_0.png,2.25,1.9115855165682
2961,1122_LeafPhotoA_2025-09-08 10_08_12.180-05_00_1.png,2.25,1.8659489724671623
2962,1122_LeafPhotoA_2025-09-08 10_08_12.180-05_00_2.png,2.25,1.8451787402483997
2963,1122_LeafPhotoA_2025-09-08 10_08_12.180-05_00_3.png,2.25,1.865356836124832
2980,2833_LeafPhotoA_2025-09-09 10_50_33.812-05_00_0.png,1.25,1.5606514522450095
2981,2833_LeafPhotoA_2025-09-09 10_50_33.812-05_00_1.png,1.25,1.65710582439075
2982,2833_LeafPhotoA_2025-09-09 10_50_33.812-05_00_2.png,1.25,1.723446566190375
2983,2833_LeafPhotoA_2025-09-09 10_50_33.812-05_00_3.png,1.25,1.747714413875599
2991,1267_LeafPhotoA_2025-09-08 16_19_24.654-05_00_0.png,2.25,1.9227477229763417
2992,1267_LeafPhotoA_2025-09-08 16_19_24.654-05_00_1.png,2.25,1.8176874455309056
2993,1267_LeafPhotoA_2025-09-08 16_19_24.654-05_00_2.png,2.25,1.9691235715895163
2994,1267_LeafPhotoA_2025-09-08 16_19_24.654-05_00_3.png,2.25,1.9064542674602656
3011,2278_LeafPhotoA_2025-09-08 17_01_54.314-05_00_0.png,3.0,2.0080191289546945
3012,2278_LeafPhotoA_2025-09-08 17_01_54.314-05_00_1.png,3.0,2.492396989695461
3013,2278_LeafPhotoA_2025-09-08 17_01_54.314-05_00_2.png,3.0,2.5841450542706355
3014,2278_LeafPhotoA_2025-09-08 17_01_54.314-05_00_3.png,3.0,2.746663183035862
3019,2579_LeafPhotoA_2025-09-09 10_41_50.960-05_00_0.png,1.0,1.5442683282489786
3020,2579_LeafPhotoA_2025-09-09 10_41_50.960-05_00_1.png,1.0,1.5821346516006924
3021,2579_LeafPhotoA_2025-09-09 10_41_50.960-05_00_2.png,1.0,1.6888414525003144
3022,2579_LeafPhotoA_2025-09-09 10_41_50.960-05_00_3.png,1.0,1.6560132124067883
3026,2206_LeafPhotoA_2025-09-08 10_54_07.474-05_00_0.png,1.5,1.6212653556346461
3027,2206_LeafPhotoA_2025-09-08 10_54_07.474-05_00_1.png,1.5,1.4973769321386394
3028,2206_LeafPhotoA_2025-09-08 10_54_07.474-05_00_2.png,1.5,1.6249779704299825
3029,2206_LeafPhotoA_2025-09-08 10_54_07.474-05_00_3.png,1.5,1.5417440525805457
3060,1823_LeafPhotoA_2025-09-09 09_24_42.198-05_00_0.png,1.75,1.8046468995794642
3061,1823_LeafPhotoA_2025-09-09 09_24_42.198-05_00_1.png,1.75,1.7986624689809674
3062,1823_LeafPhotoA_2025-09-09 09_24_42.198-05_00_2.png,1.75,1.6496283109627736
3069,5027_LeafPhotoA_2025-09-09 16_48_30.065-05_00_0.png,1.5,1.7380526410902768
3070,5027_LeafPhotoA_2025-09-09 16_48_30.065-05_00_1.png,1.5,1.9151378079694643
3071,5027_LeafPhotoA_2025-09-09 16_48_30.065-05_00_2.png,1.5,1.8063969715963724
3072,5027_LeafPhotoA_2025-09-09 16_48_30.065-05_00_3.png,1.5,2.0329853736985135
3077,1357_LeafPhotoA_2025-09-08 12_34_05.972-05_00_0.png,3.75,2.868673746986732
3078,1357_LeafPhotoA_2025-09-08 12_34_05.972-05_00_1.png,3.75,2.8216889099856406
3079,1357_LeafPhotoA_2025-09-08 12_34_05.972-05_00_2.png,3.75,2.6861644171675145
3080,1975_LeafPhotoA_2025-09-09 16_51_47.447-05_00_0.png,1.0,1.619618781108526
3081,1975_LeafPhotoA_2025-09-09 16_51_47.447-05_00_1.png,1.0,1.6525800008707316
3082,1975_LeafPhotoA_2025-09-09 16_51_47.447-05_00_2.png,1.0,1.5458031625022712
3083,1975_LeafPhotoA_2025-09-09 16_51_47.447-05_00_3.png,1.0,1.6698771880853926
3097,1462_LeafPhotoB_2025-09-08 16_26_18.579-05_00_0.png,1.25,1.7534811190772885
3098,1462_LeafPhotoB_2025-09-08 16_26_18.579-05_00_1.png,1.25,1.6387664833697166
3099,1462_LeafPhotoB_2025-09-08 16_26_18.579-05_00_2.png,1.25,1.6791240799104579
3100,1462_LeafPhotoB_2025-09-08 16_26_18.579-05_00_3.png,1.25,1.5664580338642837
3101,2596_LeafPhotoA_2025-09-09 10_26_28.393-05_00_0.png,2.75,2.217528992840237
3109,1134_LeafPhotoA_2025-09-08 10_25_22.077-05_00_0.png,2.0,1.7441481544055075
3110,1134_LeafPhotoA_2025-09-08 10_25_22.077-05_00_1.png,2.0,1.7915038074240848
3111,1134_LeafPhotoA_2025-09-08 10_25_22.077-05_00_2.png,2.0,1.7402674619913387
3112,1134_LeafPhotoA_2025-09-08 10_25_22.077-05_00_3.png,2.0,1.6616411159539075
3125,1175_LeafPhotoA_2025-09-08 16_24_37.781-05_00_0.png,1.75,1.8072732826455724
3126,1175_LeafPhotoA_2025-09-08 16_24_37.781-05_00_1.png,1.75,1.8902188423533237
3127,1175_LeafPhotoA_2025-09-08 16_24_37.781-05_00_2.png,1.75,1.7871447323817673
3128,1175_LeafPhotoA_2025-09-08 16_24_37.781-05_00_3.png,1.75,1.6650667111812618
3133,1122_LeafPhotoA_2025-09-08 10_07_49.073-05_00_0.png,2.5,1.8361410719913034
3134,1122_LeafPhotoA_2025-09-08 10_07_49.073-05_00_1.png,2.5,1.8994354960771367
3135,1122_LeafPhotoA_2025-09-08 10_07_49.073-05_00_2.png,2.5,1.9075709238481104
3136,1122_LeafPhotoA_2025-09-08 10_07_49.073-05_00_3.png,2.5,1.9604210391574926
3157,2962_LeafPhotoA_2025-09-09 16_07_02.844-05_00_0.png,2.0,2.0002437772316832
3158,2962_LeafPhotoA_2025-09-09 16_07_02.844-05_00_1.png,2.0,1.9636209971551497
3159,2962_LeafPhotoA_2025-09-09 16_07_02.844-05_00_2.png,2.0,2.04497921749876
3160,2962_LeafPhotoA_2025-09-09 16_07_02.844-05_00_3.png,2.0,2.092327612338641
3169,5029_LeafPhotoA_2025-09-09 16_52_43.123-05_00_0.png,1.25,1.657047208664372
3170,5029_LeafPhotoA_2025-09-09 16_52_43.123-05_00_1.png,1.25,1.6003848116859911
3171,5029_LeafPhotoA_2025-09-09 16_52_43.123-05_00_2.png,1.25,1.600270390152647
3172,5029_LeafPhotoA_2025-09-09 16_52_43.123-05_00_3.png,1.25,1.5925051767261518
3231,,2.0,1.8371352989474115
3269,2834_LeafPhotoA_2025-09-09 10_58_21.581-05_00_0.png,3.75,2.1810746971502573
3270,2834_LeafPhotoA_2025-09-09 10_58_21.581-05_00_1.png,3.75,2.159503308707546
3271,2834_LeafPhotoA_2025-09-09 10_58_21.581-05_00_2.png,3.75,2.717547891722427
3272,2834_LeafPhotoA_2025-09-09 10_58_21.581-05_00_3.png,3.75,2.6636338862161244
3293,1593_LeafPhotoA_2025-09-09 09_33_14.926-05_00_0.png,2.25,1.8114846665381696
3294,1593_LeafPhotoA_2025-09-09 09_33_14.926-05_00_1.png,2.25,1.796680816238286
3295,1593_LeafPhotoA_2025-09-09 09_33_14.926-05_00_2.png,2.25,2.012043281043863
3296,1593_LeafPhotoA_2025-09-09 09_33_14.926-05_00_3.png,2.25,1.9212975282156788
3307,1113_LeafPhotoA_2025-09-08 09_54_47.376-05_00_0.png,1.5,1.7496319400664417
3308,1113_LeafPhotoA_2025-09-08 09_54_47.376-05_00_1.png,1.5,1.7593953216868279
3309,1113_LeafPhotoA_2025-09-08 09_54_47.376-05_00_2.png,1.5,1.663308485753725
3310,1113_LeafPhotoA_2025-09-08 09_54_47.376-05_00_3.png,1.5,1.7144555209081136
3319,2404_LeafPhotoB_2025-09-08 10_43_34.946-05_00_0.png,1.5,1.8531980964297148
3320,2404_LeafPhotoB_2025-09-08 10_43_34.946-05_00_1.png,1.5,1.863473476815583
3321,2404_LeafPhotoB_2025-09-08 10_43_34.946-05_00_2.png,1.5,1.967732947783354
3322,2404_LeafPhotoB_2025-09-08 10_43_34.946-05_00_3.png,1.5,2.0504719852623294
3332,1407_LeafPhotoB_2025-09-08 10_01_50.917-05_00_0.png,1.25,1.6373076790949288
3333,1407_LeafPhotoB_2025-09-08 10_01_50.917-05_00_1.png,1.25,1.5180034516137466
3334,1407_LeafPhotoB_2025-09-08 10_01_50.917-05_00_2.png,1.25,1.5816392954346712
3335,1407_LeafPhotoB_2025-09-08 10_01_50.917-05_00_3.png,1.25,1.5665379245045448
3336,2490_LeafPhotoB_2025-09-08 12_05_51.103-05_00_0.png,1.5,1.6662551203884413
3337,2490_LeafPhotoB_2025-09-08 12_05_51.103-05_00_1.png,1.5,1.7935763345092872
3338,2490_LeafPhotoB_2025-09-08 12_05_51.103-05_00_2.png,1.5,1.974415353566283
3339,2490_LeafPhotoB_2025-09-08 12_05_51.103-05_00_3.png,1.5,1.9553408109885477
3340,2958_LeafPhotoA_2025-09-09 16_03_21.913-05_00_0.png,1.25,1.6145602689722274
3341,2958_LeafPhotoA_2025-09-09 16_03_21.913-05_00_1.png,1.25,1.6773700506615565
3342,2958_LeafPhotoA_2025-09-09 16_03_21.913-05_00_2.png,1.25,1.6453738305539776
3343,2958_LeafPhotoA_2025-09-09 16_03_21.913-05_00_3.png,1.25,1.7527747033023733
3361,1679_LeafPhotoA_2025-09-09 09_33_07.078-05_00_0.png,2.0,1.6828314733762677
3362,1679_LeafPhotoA_2025-09-09 09_33_07.078-05_00_1.png,2.0,1.6598847919080126
3363,1679_LeafPhotoA_2025-09-09 09_33_07.078-05_00_2.png,2.0,1.6464400400833257
3364,1679_LeafPhotoA_2025-09-09 09_33_07.078-05_00_3.png,2.0,1.584350829228248
3376,1414_LeafPhotoB_2025-09-08 10_08_06.102-05_00_0.png,2.25,1.7435737078538935
3377,1414_LeafPhotoB_2025-09-08 10_08_06.102-05_00_1.png,2.25,1.9841212106606831
3378,1414_LeafPhotoB_2025-09-08 10_08_06.102-05_00_2.png,2.25,1.9930869460525988
3379,1414_LeafPhotoB_2025-09-08 10_08_06.102-05_00_3.png,2.25,1.9136149310033803
3384,2104_LeafPhotoA_2025-09-08 10_57_30.453-05_00_0.png,1.25,1.7443552085133927
3385,2292_LeafPhotoA_2025-09-08 16_48_06.499-05_00_0.png,1.75,2.032724479360509
3386,2292_LeafPhotoA_2025-09-08 16_48_06.499-05_00_1.png,1.75,1.942314083093979
3387,2292_LeafPhotoA_2025-09-08 16_48_06.499-05_00_2.png,1.75,1.834650934878102
3388,2292_LeafPhotoA_2025-09-08 16_48_06.499-05_00_3.png,1.75,1.8662205207395803
3397,1761_LeafPhotoA_2025-09-09 10_25_02.889-05_00_0.png,1.25,1.7986475049932866
3398,1761_LeafPhotoA_2025-09-09 10_25_02.889-05_00_1.png,1.25,1.6561077551798349
3399,1761_LeafPhotoA_2025-09-09 10_25_02.889-05_00_2.png,1.25,1.7302436491562863
3400,1761_LeafPhotoA_2025-09-09 10_25_02.889-05_00_3.png,1.25,1.6533870805335595
3423,1721_LeafPhotoA_2025-09-09 09_20_24.206-05_00_0.png,2.5,2.0331791410308235
3424,1721_LeafPhotoA_2025-09-09 09_20_24.206-05_00_1.png,2.5,2.1456536095232868
3425,1721_LeafPhotoA_2025-09-09 09_20_24.206-05_00_2.png,2.5,2.3620335914014303
3430,1365_LeafPhotoA_2025-09-08 12_47_18.027-05_00_0.png,2.0,2.2438021786649887
3431,1365_LeafPhotoA_2025-09-08 12_47_18.027-05_00_1.png,2.0,2.2746064799636785
3432,1365_LeafPhotoA_2025-09-08 12_47_18.027-05_00_2.png,2.0,2.256301222652907
3433,1365_LeafPhotoA_2025-09-08 12_47_18.027-05_00_3.png,2.0,2.3274675150342703
3461,1704_LeafPhotoA_2025-09-09 08_56_01.667-05_00_0.png,2.25,2.2393076206952944
3462,1704_LeafPhotoA_2025-09-09 08_56_01.667-05_00_1.png,2.25,2.018184044029728
3463,1704_LeafPhotoA_2025-09-09 08_56_01.667-05_00_2.png,2.25,2.009518116834004
3464,1704_LeafPhotoA_2025-09-09 08_56_01.667-05_00_3.png,2.25,1.8412349413643916
3473,2970_LeafPhotoA_2025-09-09 16_17_01.331-05_00_0.png,1.25,1.746473485439141
3474,2970_LeafPhotoA_2025-09-09 16_17_01.331-05_00_1.png,1.25,1.8698360188179284
3483,1548_LeafPhotoA_2025-09-09 09_49_29.604-05_00_0.png,3.0,1.905406165464796
3484,1548_LeafPhotoA_2025-09-09 09_49_29.604-05_00_1.png,3.0,2.385621806294697
3485,1548_LeafPhotoA_2025-09-09 09_49_29.604-05_00_2.png,3.0,2.1431344727683745
3486,1548_LeafPhotoA_2025-09-09 09_49_29.604-05_00_3.png,3.0,2.131886246325196
3487,,1.5,1.8371352989474115
3492,1472_LeafPhotoB_2025-09-08 16_38_58.831-05_00_0.png,2.75,2.108321510303709
3493,1472_LeafPhotoB_2025-09-08 16_38_58.831-05_00_1.png,2.75,2.385112843121647
3494,1472_LeafPhotoB_2025-09-08 16_38_58.831-05_00_2.png,2.75,2.5238770483329285
