,image_name,label,predicted
0,2705_LeafPhotoA_2025-09-09 10_19_54.020-05_00_0.png,1.25,1.8722844319673848
1,2705_LeafPhotoA_2025-09-09 10_19_54.020-05_00_1.png,1.25,2.0114558170766568
2,2705_LeafPhotoA_2025-09-09 10_19_54.020-05_00_2.png,1.25,2.0008898962378066
7,2002_LeafPhotoA_2025-09-08 10_34_30.740-05_00_0.png,1.25,1.7178934941692292
8,2002_LeafPhotoA_2025-09-08 10_34_30.740-05_00_1.png,1.25,1.7484075819118388
9,2002_LeafPhotoA_2025-09-08 10_34_30.740-05_00_2.png,1.25,1.687006887859733
10,2002_LeafPhotoA_2025-09-08 10_34_30.740-05_00_3.png,1.25,1.7860120632757055
15,2645_LeafPhotoA_2025-09-09 11_30_33.412-05_00_0.png,1.75,1.8247866056766027
16,2645_LeafPhotoA_2025-09-09 11_30_33.412-05_00_1.png,1.75,1.71665061175065
17,2645_LeafPhotoA_2025-09-09 11_30_33.412-05_00_2.png,1.75,1.8668868432013752
25,2863_LeafPhotoA_2025-09-09 14_53_39.925-05_00_0.png,1.5,1.9453530117793847
26,2863_LeafPhotoA_2025-09-09 14_53_39.925-05_00_1.png,1.5,2.055276376999192
38,1268_LeafPhotoA_2025-09-08 16_18_21.694-05_00_0.png,1.25,1.9629153200027805
39,1268_LeafPhotoA_2025-09-08 16_18_21.694-05_00_1.png,1.25,1.749798700371553
40,1268_LeafPhotoA_2025-09-08 16_18_21.694-05_00_2.png,1.25,1.5886925779651209
41,1268_LeafPhotoA_2025-09-08 16_18_21.694-05_00_3.png,1.25,1.7740751944241702
62,2339_LeafPhotoA_2025-09-08 11_07_39.980-05_00_0.png,1.25,2.1729122971434305
63,2339_LeafPhotoA_2025-09-08 11_07_39.980-05_00_1.png,1.25,1.9628207615290614
64,2339_LeafPhotoA_2025-09-08 11_07_39.980-05_00_2.png,1.25,1.8420642166535155
65,2339_LeafPhotoA_2025-09-08 11_07_39.980-05_00_3.png,1.25,1.9866387554260048
77,1827_LeafPhotoA_2025-09-09 09_28_41.756-05_00_0.png,1.5,1.8687798599319498
78,1827_LeafPhotoA_2025-09-09 09_28_41.756-05_00_1.png,1.5,1.909081461022638
79,1827_LeafPhotoA_2025-09-09 09_28_41.756-05_00_2.png,1.5,1.7977423418801117
80,1827_LeafPhotoA_2025-09-09 09_28_41.756-05_00_3.png,1.5,1.7013863790148618
93,2675_LeafPhotoA_2025-09-09 11_09_07.955-05_00_0.png,2.0,1.9728192754348917
94,2675_LeafPhotoA_2025-09-09 11_09_07.955-05_00_1.png,2.0,1.866277648979273
95,2675_LeafPhotoA_2025-09-09 11_09_07.955-05_00_2.png,2.0,1.9103650215489434
96,1256_LeafPhotoA_2025-09-08 16_33_20.459-05_00_0.png,2.5,2.281792962505618
97,1256_LeafPhotoA_2025-09-08 16_33_20.459-05_00_1.png,2.5,2.2265902302497693
98,1256_LeafPhotoA_2025-09-08 16_33_20.459-05_00_2.png,2.5,2.0936880082421876
118,1150_LeafPhotoA_2025-09-08 10_48_11.571-05_00_0.png,1.75,2.375201782540502
119,1150_LeafPhotoA_2025-09-08 10_48_11.571-05_00_1.png,1.75,2.334307421293877
120,1150_LeafPhotoA_2025-09-08 10_48_11.571-05_00_2.png,1.75,2.3071938131134146
121,1150_LeafPhotoA_2025-09-08 10_48_11.571-05_00_3.png,1.75,2.281647239517304
129,2616_LeafPhotoA_2025-09-09 12_03_18.288-05_00_0.png,2.0,1.8987037494096322
130,2616_LeafPhotoA_2025-09-09 12_03_18.288-05_00_1.png,2.0,1.8678661199589017
131,2616_LeafPhotoA_2025-09-09 12_03_18.288-05_00_2.png,2.0,1.8360303442902128
132,2616_LeafPhotoA_2025-09-09 12_03_18.288-05_00_3.png,2.0,1.7911338706550586
148,2445_LeafPhotoB_2025-09-08 11_21_12.225-05_00_0.png,1.5,1.8525546745888262
149,2445_LeafPhotoB_2025-09-08 11_21_12.225-05_00_1.png,1.5,1.7459159780779359
150,2445_LeafPhotoB_2025-09-08 11_21_12.225-05_00_2.png,1.5,1.7310694664669115
151,2445_LeafPhotoB_2025-09-08 11_21_12.225-05_00_3.png,1.5,1.7853829813117743
171,2469_LeafPhotoB_2025-09-08 11_45_54.424-05_00_0.png,1.75,1.9436525083318807
172,2469_LeafPhotoB_2025-09-08 11_45_54.424-05_00_1.png,1.75,2.0063597210072617
173,2469_LeafPhotoB_2025-09-08 11_45_54.424-05_00_2.png,1.75,1.9061252951125263
174,2469_LeafPhotoB_2025-09-08 11_45_54.424-05_00_3.png,1.75,1.8885545886288917
241,2637_LeafPhotoA_2025-09-09 11_40_45.027-05_00_0.png,1.25,1.8469337133848547
242,2637_LeafPhotoA_2025-09-09 11_40_45.027-05_00_1.png,1.25,1.7850351728451563
243,2637_LeafPhotoA_2025-09-09 11_40_45.027-05_00_2.png,1.25,1.7224111672175715
244,2637_LeafPhotoA_2025-09-09 11_40_45.027-05_00_3.png,1.25,1.7572928340543468
245,2240_LeafPhotoA_2025-09-08 11_49_15.391-05_00_0.png,1.75,1.856345212596857
246,2240_LeafPhotoA_2025-09-08 11_49_15.391-05_00_1.png,1.75,1.7542357645042437
247,2240_LeafPhotoA_2025-09-08 11_49_15.391-05_00_2.png,1.75,1.7320912156621333
248,2240_LeafPhotoA_2025-09-08 11_49_15.391-05_00_3.png,1.75,1.7486400325286733
253,2225_LeafPhotoA_2025-09-08 11_27_06.412-05_00_0.png,1.25,1.558072205855003
254,2225_LeafPhotoA_2025-09-08 11_27_06.412-05_00_1.png,1.25,1.6096980442838618
255,2225_LeafPhotoA_2025-09-08 11_27_06.412-05_00_2.png,1.25,1.569052871234373
256,2225_LeafPhotoA_2025-09-08 11_27_06.412-05_00_3.png,1.25,1.6094633462727506
264,2177_LeafPhotoA_2025-09-09 12_21_22.406-05_00_0.png,1.5,2.0391668101384623
265,2177_LeafPhotoA_2025-09-09 12_21_22.406-05_00_1.png,1.5,2.1512579976782784
266,2177_LeafPhotoA_2025-09-09 12_21_22.406-05_00_2.png,1.5,2.08197681662378
267,2177_LeafPhotoA_2025-09-09 12_21_22.406-05_00_3.png,1.5,1.9030732973560958
281,1830_LeafPhotoA_2025-09-09 09_33_52.287-05_00_0.png,2.0,1.9654375714083527
282,1830_LeafPhotoA_2025-09-09 09_33_52.287-05_00_1.png,2.0,1.8960492846148804
283,1830_LeafPhotoA_2025-09-09 09_33_52.287-05_00_2.png,2.0,1.8114864961141086
284,1830_LeafPhotoA_2025-09-09 09_33_52.287-05_00_3.png,2.0,1.8598983695863547
297,2671_LeafPhotoA_2025-09-09 11_45_37.038-05_00_0.png,4.5,2.8810848013105184
298,2671_LeafPhotoA_2025-09-09 11_45_37.038-05_00_1.png,4.5,3.0702926922149048
299,2671_LeafPhotoA_2025-09-09 11_45_37.038-05_00_2.png,4.5,3.022447072961295
300,2671_LeafPhotoA_2025-09-09 11_45_37.038-05_00_3.png,4.5,2.7702922123635147
309,1085_LeafPhotoA_2025-09-09 10_58_08.346-05_00_0.png,2.0,1.7859616870487613
310,1085_LeafPhotoA_2025-09-09 10_58_08.346-05_00_1.png,2.0,1.9055352184436942
311,1085_LeafPhotoA_2025-09-09 10_58_08.346-05_00_2.png,2.0,1.737288532828685
312,1085_LeafPhotoA_2025-09-09 10_58_08.346-05_00_3.png,2.0,1.6965259761380111
324,1090_LeafPhotoA_2025-09-09 11_01_46.837-05_00_0.png,2.0,1.7655925961400996
325,1090_LeafPhotoA_2025-09-09 11_01_46.837-05_00_1.png,2.0,1.8341624801640288
326,1090_LeafPhotoA_2025-09-09 11_01_46.837-05_00_2.png,2.0,2.0241720566549324
327,1090_LeafPhotoA_2025-09-09 11_01_46.837-05_00_3.png,2.0,2.268493636448259
328,2539_LeafPhotoA_2025-09-09 10_38_11.553-05_00_0.png,1.5,1.7006941057881453
329,2539_LeafPhotoA_2025-09-09 10_38_11.553-05_00_1.png,1.5,1.6799826278919727
330,2539_LeafPhotoA_2025-09-09 10_38_11.553-05_00_2.png,1.5,1.6052511355818235
331,2539_LeafPhotoA_2025-09-09 10_38_11.553-05_00_3.png,1.5,1.6279672139507666
344,2439_LeafPhotoB_2025-09-08 11_15_32.151-05_00_0.png,1.0,1.5831689157434135
345,2439_LeafPhotoB_2025-09-08 11_15_32.151-05_00_1.png,1.0,1.544713674855702
346,2439_LeafPhotoB_2025-09-08 11_15_32.151-05_00_2.png,1.0,1.6173997432521028
347,2439_LeafPhotoB_2025-09-08 11_15_32.151-05_00_3.png,1.0,1.6287125574624608
360,1743_LeafPhotoA_2025-09-09 09_59_38.653-05_00_0.png,1.0,2.151215163942524
361,1743_LeafPhotoA_2025-09-09 09_59_38.653-05_00_1.png,1.0,2.2033486787550243
362,1743_LeafPhotoA_2025-09-09 09_59_38.653-05_00_2.png,1.0,2.4080083901485807
363,1743_LeafPhotoA_2025-09-09 09_59_38.653-05_00_3.png,1.0,2.4811724620802598
368,2076_LeafPhotoA_2025-09-08 12_11_50.135-05_00_0.png,1.25,1.909358048667163
369,2076_LeafPhotoA_2025-09-08 12_11_50.135-05_00_1.png,1.25,1.9756763562589803
370,2076_LeafPhotoA_2025-09-08 12_11_50.135-05_00_2.png,1.25,1.710480417569329
371,2076_LeafPhotoA_2025-09-08 12_11_50.135-05_00_3.png,1.25,1.6985179985813692
380,2570_LeafPhotoA_2025-09-09 10_49_34.407-05_00_0.png,2.75,1.9581223397166703
381,2570_LeafPhotoA_2025-09-09 10_49_34.407-05_00_1.png,2.75,1.8580714022353926
382,2570_LeafPhotoA_2025-09-09 10_49_34.407-05_00_2.png,2.75,2.0690385489374465
395,2262_LeafPhotoA_2025-09-08 12_34_41.227-05_00_0.png,1.5,1.6960961957504155
396,2262_LeafPhotoA_2025-09-08 12_34_41.227-05_00_1.png,1.5,1.6367337225575418
397,2262_LeafPhotoA_2025-09-08 12_34_41.227-05_00_2.png,1.5,1.7285392404937678
398,2262_LeafPhotoA_2025-09-08 12_34_41.227-05_00_3.png,1.5,1.8599714913068253
407,6042_LeafPhotoA_2025-09-09 16_06_35.024-05_00_0.png,1.25,1.875305175557014
408,6042_LeafPhotoA_2025-09-09 16_06_35.024-05_00_1.png,1.25,1.842423632897318
409,6042_LeafPhotoA_2025-09-09 16_06_35.024-05_00_2.png,1.25,1.786587054027842
410,6042_LeafPhotoA_2025-09-09 16_06_35.024-05_00_3.png,1.25,1.7700520459645854
422,1625_LeafPhotoA_2025-09-09 10_02_28.135-05_00_0.png,2.25,2.096280364150526
423,1625_LeafPhotoA_2025-09-09 10_02_28.135-05_00_1.png,2.25,2.1649973667400144
424,1625_LeafPhotoA_2025-09-09 10_02_28.135-05_00_2.png,2.25,2.221755499266529
425,1625_LeafPhotoA_2025-09-09 10_02_28.135-05_00_3.png,2.25,2.0445283447811486
444,2436_LeafPhotoB_2025-09-08 11_12_35.180-05_00_0.png,1.5,2.0350908546826676
445,2436_LeafPhotoB_2025-09-08 11_12_35.180-05_00_1.png,1.5,1.8876033002443595
446,2436_LeafPhotoB_2025-09-08 11_12_35.180-05_00_2.png,1.5,1.715049526772534
447,2436_LeafPhotoB_2025-09-08 11_12_35.180-05_00_3.png,1.5,1.624143958348583
455,1203_LeafPhotoA_2025-09-08 09_19_50.867-05_00_0.png,2.25,2.0516183763991425
456,1203_LeafPhotoA_2025-09-08 09_19_50.867-05_00_1.png,2.25,2.2177127294431855
457,1203_LeafPhotoA_2025-09-08 09_19_50.867-05_00_2.png,2.25,2.340636155214037
458,1203_LeafPhotoA_2025-09-08 09_19_50.867-05_00_3.png,2.25,2.2188902452896273
521,2062_LeafPhotoA_2025-09-08 11_56_16.610-05_00_0.png,1.25,1.9853202499255118
522,2062_LeafPhotoA_2025-09-08 11_56_16.610-05_00_1.png,1.25,2.066972439744207
523,2062_LeafPhotoA_2025-09-08 11_56_16.610-05_00_2.png,1.25,1.725239902458652
524,1347_LeafPhotoA_2025-09-08 10_15_29.541-05_00_0.png,1.75,1.7391468214054313
525,1347_LeafPhotoA_2025-09-08 10_15_29.541-05_00_1.png,1.75,1.7941832259122308
526,1347_LeafPhotoA_2025-09-08 10_15_29.541-05_00_2.png,1.75,1.6746797059794356
527,1347_LeafPhotoA_2025-09-08 10_15_29.541-05_00_3.png,1.75,1.982720739367703
532,2639_LeafPhotoA_2025-09-09 11_37_01.257-05_00_0.png,1.25,1.7480798843793233
533,2639_LeafPhotoA_2025-09-09 11_37_01.257-05_00_1.png,1.25,1.700769362635559
534,2639_LeafPhotoA_2025-09-09 11_37_01.257-05_00_2.png,1.25,1.7685280530836844
535,2639_LeafPhotoA_2025-09-09 11_37_01.257-05_00_3.png,1.25,1.743170843933616
536,1301_LeafPhotoA_2025-09-08 10_20_24.380-05_00_0.png,1.5,1.8889800968939896
537,1301_LeafPhotoA_2025-09-08 10_20_24.380-05_00_1.png,1.5,1.804846915267968
538,1301_LeafPhotoA_2025-09-08 10_20_24.380-05_00_2.png,1.5,1.8966007819973556
539,1301_LeafPhotoA_2025-09-08 10_20_24.380-05_00_3.png,1.5,1.6674788175611523
614,1942_LeafPhotoA_2025-09-09 15_57_21.713-05_00_0.png,2.25,2.0703098336991537
615,1942_LeafPhotoA_2025-09-09 15_57_21.713-05_00_1.png,2.25,2.06064146601163
616,1942_LeafPhotoA_2025-09-09 15_57_21.713-05_00_2.png,2.25,2.027916197228699
617,1942_LeafPhotoA_2025-09-09 15_57_21.713-05_00_3.png,2.25,2.058243127944753
622,2311_LeafPhotoA_2025-09-08 10_40_04.548-05_00_0.png,1.5,1.9311573308442505
623,2311_LeafPhotoA_2025-09-08 10_40_04.548-05_00_1.png,1.5,1.808944569512875
624,2311_LeafPhotoA_2025-09-08 10_40_04.548-05_00_2.png,1.5,1.7256727665394465
625,2311_LeafPhotoA_2025-09-08 10_40_04.548-05_00_3.png,1.5,1.8120797439180756
643,1142_LeafPhotoA_2025-09-08 10_37_21.587-05_00_0.png,1.0,2.0187314272450703
644,1142_LeafPhotoA_2025-09-08 10_37_21.587-05_00_1.png,1.0,2.0939176135790865
645,1142_LeafPhotoA_2025-09-08 10_37_21.587-05_00_2.png,1.0,1.8720304357521842
646,1142_LeafPhotoA_2025-09-08 10_37_21.587-05_00_3.png,1.0,1.811013255009095
651,1715_LeafPhotoA_2025-09-09 09_11_42.677-05_00_0.png,2.25,2.0830145482455857
652,1715_LeafPhotoA_2025-09-09 09_11_42.677-05_00_1.png,2.25,1.969822044230422
653,1715_LeafPhotoA_2025-09-09 09_11_42.677-05_00_2.png,2.25,2.1660884724115164
654,1715_LeafPhotoA_2025-09-09 09_11_42.677-05_00_3.png,2.25,2.206631393911387
702,1449_LeafPhotoB_2025-09-08 10_37_44.031-05_00_0.png,2.0,2.0547709822964286
703,1449_LeafPhotoB_2025-09-08 10_37_44.031-05_00_1.png,2.0,2.2233198350425507
704,1449_LeafPhotoB_2025-09-08 10_37_44.031-05_00_2.png,2.0,2.11795388256466
709,1269_LeafPhotoA_2025-09-08 16_17_52.960-05_00_0.png,2.25,1.896031840296643
710,1269_LeafPhotoA_2025-09-08 16_17_52.960-05_00_1.png,2.25,2.061215967286499
711,1269_LeafPhotoA_2025-09-08 16_17_52.960-05_00_2.png,2.25,2.1236137895651255
712,1269_LeafPhotoA_2025-09-08 16_17_52.960-05_00_3.png,2.25,2.2494812093543715
717,,1.5,1.8690825485215967
718,,2.0,1.8690825485215967
731,1143_LeafPhotoA_2025-09-08 10_38_21.557-05_00_0.png,4.25,3.110826588755672
732,1143_LeafPhotoA_2025-09-08 10_38_21.557-05_00_1.png,4.25,3.317741005815793
733,2313_LeafPhotoA_2025-09-08 10_41_17.601-05_00_0.png,1.75,2.163533619974797
734,2313_LeafPhotoA_2025-09-08 10_41_17.601-05_00_1.png,1.75,2.166497073746687
735,2313_LeafPhotoA_2025-09-08 10_41_17.601-05_00_2.png,1.75,2.142825488448457
736,2313_LeafPhotoA_2025-09-08 10_41_17.601-05_00_3.png,1.75,1.9544132781706314
749,1038_LeafPhotoA_2025-09-08 10_15_32.315-05_00_0.png,2.0,1.682163552660359
750,1038_LeafPhotoA_2025-09-08 10_15_32.315-05_00_1.png,2.0,1.6851303323403746
751,1038_LeafPhotoA_2025-09-08 10_15_32.315-05_00_2.png,2.0,1.8164307774806028
752,1038_LeafPhotoA_2025-09-08 10_15_32.315-05_00_3.png,2.0,1.8180307948701924
756,1629_LeafPhotoA_2025-09-09 10_11_31.349-05_00_0.png,1.25,1.732963493678664
757,1629_LeafPhotoA_2025-09-09 10_11_31.349-05_00_1.png,1.25,1.8569868981959738
758,1629_LeafPhotoA_2025-09-09 10_11_31.349-05_00_2.png,1.25,1.78024967127028
759,1629_LeafPhotoA_2025-09-09 10_11_31.349-05_00_3.png,1.25,1.7364513571689466
769,2160_LeafPhotoA_2025-09-08 12_38_59.488-05_00_0.png,1.75,2.1826823059766167
770,2160_LeafPhotoA_2025-09-08 12_38_59.488-05_00_1.png,1.75,2.1326783434537884
771,2160_LeafPhotoA_2025-09-08 12_38_59.488-05_00_2.png,1.75,2.0350060346573504
772,2160_LeafPhotoA_2025-09-08 12_38_59.488-05_00_3.png,1.75,2.2880054031330146
792,1677_LeafPhotoA_2025-09-09 09_35_17.102-05_00_0.png,1.25,1.6988444988569793
793,1677_LeafPhotoA_2025-09-09 09_35_17.102-05_00_1.png,1.25,1.621718678341066
794,1677_LeafPhotoA_2025-09-09 09_35_17.102-05_00_2.png,1.25,1.7735812877281538
795,1750_LeafPhotoA_2025-09-09 10_09_28.880-05_00_0.png,2.5,2.419952124386334
796,1750_LeafPhotoA_2025-09-09 10_09_28.880-05_00_1.png,2.5,2.225337442950637
797,1750_LeafPhotoA_2025-09-09 10_09_28.880-05_00_2.png,2.5,2.2361682441404778
798,1750_LeafPhotoA_2025-09-09 10_09_28.880-05_00_3.png,2.5,2.2693126888913455
803,1123_LeafPhotoA_2025-09-08 10_09_09.535-05_00_0.png,1.5,1.7552993748633268
804,1123_LeafPhotoA_2025-09-08 10_09_09.535-05_00_1.png,1.5,1.6456801569460229
805,1123_LeafPhotoA_2025-09-08 10_09_09.535-05_00_2.png,1.5,1.7928441890282056
806,1123_LeafPhotoA_2025-09-08 10_09_09.535-05_00_3.png,1.5,1.9451407321250591
823,2167_LeafPhotoA_2025-09-09 12_01_16.586-05_00_0.png,2.75,2.487224813270093
824,2167_LeafPhotoA_2025-09-09 12_01_16.586-05_00_1.png,2.75,2.593657974213895
825,2167_LeafPhotoA_2025-09-09 12_01_16.586-05_00_2.png,2.75,2.4924810569798
826,2167_LeafPhotoA_2025-09-09 12_01_16.586-05_00_3.png,2.75,2.4013124782209525
855,1249_LeafPhotoA_2025-09-08 10_41_51.533-05_00_0.png,1.0,1.5942662676017938
856,1249_LeafPhotoA_2025-09-08 10_41_51.533-05_00_1.png,1.0,1.580277772587176
857,1249_LeafPhotoA_2025-09-08 10_41_51.533-05_00_2.png,1.0,1.7022854803005731
858,1249_LeafPhotoA_2025-09-08 10_41_51.533-05_00_3.png,1.0,1.7088813763922113
864,1907_LeafPhotoA_2025-09-09 14_42_36.286-05_00_0.png,1.5,1.9007673300641572
865,1907_LeafPhotoA_2025-09-09 14_42_36.286-05_00_1.png,1.5,1.9303881884870657
866,1907_LeafPhotoA_2025-09-09 14_42_36.286-05_00_2.png,1.5,1.8312770230643685
867,1907_LeafPhotoA_2025-09-09 14_42_36.286-05_00_3.png,1.5,1.7808193822324043
878,5045_LeafPhotoA_2025-09-09 17_01_44.217-05_00_0.png,1.25,1.6810223572974152
879,5045_LeafPhotoA_2025-09-09 17_01_44.217-05_00_1.png,1.25,1.7502024697188192
880,5045_LeafPhotoA_2025-09-09 17_01_44.217-05_00_2.png,1.25,1.5756967818509027
881,5045_LeafPhotoA_2025-09-09 17_01_44.217-05_00_3.png,1.25,1.7649980554289748
882,1250_LeafPhotoA_2025-09-08 10_43_41.179-05_00_0.png,1.25,1.845223768996311
883,1250_LeafPhotoA_2025-09-08 10_43_41.179-05_00_1.png,1.25,1.6103963717561818
884,1250_LeafPhotoA_2025-09-08 10_43_41.179-05_00_2.png,1.25,1.5945268780318118
885,1250_LeafPhotoA_2025-09-08 10_43_41.179-05_00_3.png,1.25,1.7045896147017479
898,1256_LeafPhotoA_2025-09-08 16_32_47.764-05_00_0.png,3.0,2.2400689905567988
899,1256_LeafPhotoA_2025-09-08 16_32_47.764-05_00_1.png,3.0,2.3181817529198527
900,1256_LeafPhotoA_2025-09-08 16_32_47.764-05_00_2.png,3.0,2.3919491297674345
905,2902_LeafPhotoA_2025-09-09 16_13_57.638-05_00_0.png,1.25,1.835220982477561
906,2902_LeafPhotoA_2025-09-09 16_13_57.638-05_00_1.png,1.25,1.850819964388752
915,2442_LeafPhotoB_2025-09-08 11_18_36.514-05_00_0.png,2.0,2.399961141248098
916,2442_LeafPhotoB_2025-09-08 11_18_36.514-05_00_1.png,2.0,2.289340276320831
930,1026_LeafPhotoA_2025-09-08 10_01_59.080-05_00_0.png,1.75,1.8508771945503755
931,1026_LeafPhotoA_2025-09-08 10_01_59.080-05_00_1.png,1.75,1.993288369990576
932,1026_LeafPhotoA_2025-09-08 10_01_59.080-05_00_2.png,1.75,1.8610450542677714
933,1026_LeafPhotoA_2025-09-08 10_01_59.080-05_00_3.png,1.75,1.8672473935664733
941,2073_LeafPhotoA_2025-09-08 12_07_54.433-05_00_0.png,1.5,1.8563235234515225
942,2073_LeafPhotoA_2025-09-08 12_07_54.433-05_00_1.png,1.5,1.7849069296286784
943,2073_LeafPhotoA_2025-09-08 12_07_54.433-05_00_2.png,1.5,1.8514828532893535
944,2073_LeafPhotoA_2025-09-08 12_07_54.433-05_00_3.png,1.5,1.8744804152031331
953,2760_LeafPhotoA_2025-09-09 16_19_13.921-05_00_0.png,1.25,1.6839805968849122
954,2760_LeafPhotoA_2025-09-09 16_19_13.921-05_00_1.png,1.25,1.6518510522451124
955,2760_LeafPhotoA_2025-09-09 16_19_13.921-05_00_2.png,1.25,1.6257421285643032
967,2755_LeafPhotoA_2025-09-09 16_28_33.930-05_00_0.png,1.0,1.571429321201961
968,2755_LeafPhotoA_2025-09-09 16_28_33.930-05_00_1.png,1.0,1.6437180618837923
969,2755_LeafPhotoA_2025-09-09 16_28_33.930-05_00_2.png,1.0,1.719369827766403
970,2755_LeafPhotoA_2025-09-09 16_28_33.930-05_00_3.png,1.0,1.8411168060096077
1002,1217_LeafPhotoA_2025-09-08 09_53_36.339-05_00_0.png,1.5,1.6083074769013235
1003,1217_LeafPhotoA_2025-09-08 09_53_36.339-05_00_1.png,1.5,1.6020287435481901
1004,1217_LeafPhotoA_2025-09-08 09_53_36.339-05_00_2.png,1.5,1.6637678732802574
1005,1217_LeafPhotoA_2025-09-08 09_53_36.339-05_00_3.png,1.5,1.6406217511060779
1014,2476_LeafPhotoB_2025-09-08 11_51_54.468-05_00_0.png,1.75,1.9863994625300723
1015,2476_LeafPhotoB_2025-09-08 11_51_54.468-05_00_1.png,1.75,1.7450538212110394
1016,2476_LeafPhotoB_2025-09-08 11_51_54.468-05_00_2.png,1.75,1.6518402653561328
1017,2476_LeafPhotoB_2025-09-08 11_51_54.468-05_00_3.png,1.75,1.8160776709315807
1018,1899_LeafPhotoA_2025-09-09 13_47_11.649-05_00_0.png,1.25,1.6505759001383025
1019,1899_LeafPhotoA_2025-09-09 13_47_11.649-05_00_1.png,1.25,1.6629736732315104
1020,1899_LeafPhotoA_2025-09-09 13_47_11.649-05_00_2.png,1.25,1.5759331927425004
1021,1899_LeafPhotoA_2025-09-09 13_47_11.649-05_00_3.png,1.25,1.6878178607383334
1022,1605_LeafPhotoA_2025-09-09 09_07_08.633-05_00_0.png,1.5,1.8195925175615582
1023,1605_LeafPhotoA_2025-09-09 09_07_08.633-05_00_1.png,1.5,1.8436863481912842
1024,1605_LeafPhotoA_2025-09-09 09_07_08.633-05_00_2.png,1.5,2.0221899635273277
1025,1605_LeafPhotoA_2025-09-09 09_07_08.633-05_00_3.png,1.5,1.9421730276732232
1030,2769_LeafPhotoA_2025-09-09 15_55_06.978-05_00_0.png,1.5,1.7787699373425
1031,2769_LeafPhotoA_2025-09-09 15_55_06.978-05_00_1.png,1.5,1.6221402070152076
1032,2769_LeafPhotoA_2025-09-09 15_55_06.978-05_00_2.png,1.5,1.7775610247165985
1033,2769_LeafPhotoA_2025-09-09 15_55_06.978-05_00_3.png,1.5,1.8610129870165664
1051,2390_LeafPhotoA_2025-09-08 12_00_53.414-05_00_0.png,1.0,1.7040513625592955
1052,2390_LeafPhotoA_2025-09-08 12_00_53.414-05_00_1.png,1.0,1.6496336540280039
1053,2390_LeafPhotoA_2025-09-08 12_00_53.414-05_00_2.png,1.0,1.6620815457296692
1058,2441_LeafPhotoB_2025-09-08 11_17_12.000-05_00_0.png,2.0,2.017989286853354
1059,2441_LeafPhotoB_2025-09-08 11_17_12.000-05_00_1.png,2.0,2.1521797888429064
1060,2441_LeafPhotoB_2025-09-08 11_17_12.000-05_00_2.png,2.0,2.214325923868301
1061,2441_LeafPhotoB_2025-09-08 11_17_12.000-05_00_3.png,2.0,2.3503728713988976
1081,2538_LeafPhotoA_2025-09-09 10_37_31.295-05_00_0.png,2.25,2.0083815009952772
1082,2538_LeafPhotoA_2025-09-09 10_37_31.295-05_00_1.png,2.25,2.1476031163288316
1083,2538_LeafPhotoA_2025-09-09 10_37_31.295-05_00_2.png,2.25,2.2127582655455145
1084,2538_LeafPhotoA_2025-09-09 10_37_31.295-05_00_3.png,2.25,2.169965533477532
1086,1008_LeafPhotoA_2025-09-08 09_38_43.510-05_00_0.png,1.0,1.7042604015566487
1087,1008_LeafPhotoA_2025-09-08 09_38_43.510-05_00_1.png,1.0,1.7233212830198128
1088,1008_LeafPhotoA_2025-09-08 09_38_43.510-05_00_2.png,1.0,1.6855877502521275
1089,1008_LeafPhotoA_2025-09-08 09_38_43.510-05_00_3.png,1.0,1.8412841743703772
1106,2975_LeafPhotoA_2025-09-09 16_24_07.497-05_00_0.png,1.75,1.959709064578066
1107,2975_LeafPhotoA_2025-09-09 16_24_07.497-05_00_1.png,1.75,1.7798130417484124
1108,2975_LeafPhotoA_2025-09-09 16_24_07.497-05_00_2.png,1.75,1.9541098976774298
1109,2975_LeafPhotoA_2025-09-09 16_24_07.497-05_00_3.png,1.75,2.0332013812354366
1110,1038_LeafPhotoA_2025-09-08 10_16_04.977-05_00_0.png,1.5,1.7575152944249302
1111,1038_LeafPhotoA_2025-09-08 10_16_04.977-05_00_1.png,1.5,1.7385948468313028
1112,1038_LeafPhotoA_2025-09-08 10_16_04.977-05_00_2.png,1.5,1.7180992897567966
1158,2089_LeafPhotoA_2025-09-08 12_26_16.331-05_00_0.png,2.0,1.9428074913920492
1159,2089_LeafPhotoA_2025-09-08 12_26_16.331-05_00_1.png,2.0,1.8532960411800397
1160,2089_LeafPhotoA_2025-09-08 12_26_16.331-05_00_2.png,2.0,1.8500998502056938
1161,1468_LeafPhotoB_2025-09-08 16_31_09.404-05_00_0.png,1.25,1.731083440646328
1162,1468_LeafPhotoB_2025-09-08 16_31_09.404-05_00_1.png,1.25,1.7624307607239114
1163,1468_LeafPhotoB_2025-09-08 16_31_09.404-05_00_2.png,1.25,1.7123979164504517
1164,1468_LeafPhotoB_2025-09-08 16_31_09.404-05_00_3.png,1.25,1.7654431233720118
1177,1145_LeafPhotoA_2025-09-08 10_41_37.289-05_00_0.png,1.5,1.860065775093929
1178,1145_LeafPhotoA_2025-09-08 10_41_37.289-05_00_1.png,1.5,1.8085660033085533
1179,1145_LeafPhotoA_2025-09-08 10_41_37.289-05_00_2.png,1.5,1.7505886819614564
1180,1145_LeafPhotoA_2025-09-08 10_41_37.289-05_00_3.png,1.5,1.7015540930839883
1209,,1.0,1.8690825485215967
1210,6008_LeafPhotoA_2025-09-09 17_03_49.237-05_00_0.png,1.25,1.731553106969999
1211,6008_LeafPhotoA_2025-09-09 17_03_49.237-05_00_1.png,1.25,1.6482204950299968
1212,6008_LeafPhotoA_2025-09-09 17_03_49.237-05_00_2.png,1.25,1.6334048322821542
1213,6008_LeafPhotoA_2025-09-09 17_03_49.237-05_00_3.png,1.25,1.624008003180314
1233,2393_LeafPhotoA_2025-09-08 12_18_13.823-05_00_0.png,2.5,1.9521924214416473
1234,2393_LeafPhotoA_2025-09-08 12_18_13.823-05_00_1.png,2.5,1.8719429383360295
1235,2393_LeafPhotoA_2025-09-08 12_18_13.823-05_00_2.png,2.5,1.958891394463666
1236,2393_LeafPhotoA_2025-09-08 12_18_13.823-05_00_3.png,2.5,2.1180965020102027
1237,,2.25,1.8690825485215967
1257,1859_LeafPhotoA_2025-09-09 13_37_34.301-05_00_0.png,3.0,1.8249341509632704
1258,1859_LeafPhotoA_2025-09-09 13_37_34.301-05_00_1.png,3.0,1.8402561668888102
1259,1859_LeafPhotoA_2025-09-09 13_37_34.301-05_00_2.png,3.0,1.6620766294464047
1260,1859_LeafPhotoA_2025-09-09 13_37_34.301-05_00_3.png,3.0,1.8482787617904686
1261,1810_LeafPhotoA_2025-09-09 09_05_30.894-05_00_0.png,4.25,2.6853920969703666
1262,1810_LeafPhotoA_2025-09-09 09_05_30.894-05_00_1.png,4.25,2.760485515265892
1263,1810_LeafPhotoA_2025-09-09 09_05_30.894-05_00_2.png,4.25,2.965689587427106
1264,1810_LeafPhotoA_2025-09-09 09_05_30.894-05_00_3.png,4.25,2.686817836736276
1277,2983_LeafPhotoA_2025-09-09 16_35_57.602-05_00_0.png,2.0,2.1575616379198994
1278,2983_LeafPhotoA_2025-09-09 16_35_57.602-05_00_1.png,2.0,2.1132904176397784
1279,2983_LeafPhotoA_2025-09-09 16_35_57.602-05_00_2.png,2.0,2.2007657263473823
1280,2983_LeafPhotoA_2025-09-09 16_35_57.602-05_00_3.png,2.0,1.880700123513397
1308,2792_LeafPhotoA_2025-09-09 11_23_03.034-05_00_0.png,1.5,1.75212582224134
1309,2792_LeafPhotoA_2025-09-09 11_23_03.034-05_00_1.png,1.5,1.7011630013182837
1310,2792_LeafPhotoA_2025-09-09 11_23_03.034-05_00_2.png,1.5,1.7448412092365277
1311,2792_LeafPhotoA_2025-09-09 11_23_03.034-05_00_3.png,1.5,1.8154685037793592
1312,6029_LeafPhotoA_2025-09-09 16_30_34.819-05_00_0.png,2.0,1.9414634874678405
1313,6029_LeafPhotoA_2025-09-09 16_30_34.819-05_00_1.png,2.0,1.9857096923078943
1314,6029_LeafPhotoA_2025-09-09 16_30_34.819-05_00_2.png,2.0,1.7148632091091467
1315,6029_LeafPhotoA_2025-09-09 16_30_34.819-05_00_3.png,2.0,1.8034491895703202
1356,2082_LeafPhotoA_2025-09-08 12_18_18.860-05_00_0.png,1.0,1.793562838874661
1357,2082_LeafPhotoA_2025-09-08 12_18_18.860-05_00_1.png,1.0,1.7631454696189595
1358,2082_LeafPhotoA_2025-09-08 12_18_18.860-05_00_2.png,1.0,1.7258406131120902
1359,2082_LeafPhotoA_2025-09-08 12_18_18.860-05_00_3.png,1.0,1.67463282284809
1360,1868_LeafPhotoA_2025-09-09 13_29_01.704-05_00_0.png,1.25,1.68709400246726
1361,1868_LeafPhotoA_2025-09-09 13_29_01.704-05_00_1.png,1.25,1.8659591323959557
1362,1868_LeafPhotoA_2025-09-09 13_29_01.704-05_00_2.png,1.25,1.8205501351217304
1363,1868_LeafPhotoA_2025-09-09 13_29_01.704-05_00_3.png,1.25,1.6774220681780665
1364,1561_LeafPhotoA_2025-09-09 10_12_13.903-05_00_0.png,1.25,1.8947893241376217
1365,1561_LeafPhotoA_2025-09-09 10_12_13.903-05_00_1.png,1.25,1.742667184928506
1366,1561_LeafPhotoA_2025-09-09 10_12_13.903-05_00_2.png,1.25,1.6242070533919415
1367,2902_LeafPhotoA_2025-09-09 16_14_17.420-05_00_0.png,1.5,1.693108012605013
1368,2902_LeafPhotoA_2025-09-09 16_14_17.420-05_00_1.png,1.5,1.686587816953142
1369,2902_LeafPhotoA_2025-09-09 16_14_17.420-05_00_2.png,1.5,1.7694393274674818
1370,2902_LeafPhotoA_2025-09-09 16_14_17.420-05_00_3.png,1.5,2.308504929288405
1380,2088_LeafPhotoA_2025-09-08 12_25_17.092-05_00_0.png,2.5,2.3638917899480982
1381,2088_LeafPhotoA_2025-09-08 12_25_17.092-05_00_1.png,2.5,2.1525928366761375
1382,2088_LeafPhotoA_2025-09-08 12_25_17.092-05_00_2.png,2.5,2.102575509751399
1391,1978_LeafPhotoA_2025-09-09 16_46_20.867-05_00_0.png,1.0,1.8951883833973624
1392,1978_LeafPhotoA_2025-09-09 16_46_20.867-05_00_1.png,1.0,1.868422168843512
1393,1978_LeafPhotoA_2025-09-09 16_46_20.867-05_00_2.png,1.0,1.7276646886717504
1394,1978_LeafPhotoA_2025-09-09 16_46_20.867-05_00_3.png,1.0,1.642736550665536
1395,2520_LeafPhotoA_2025-09-09 10_17_04.786-05_00_0.png,1.0,1.9507807708896139
1396,2520_LeafPhotoA_2025-09-09 10_17_04.786-05_00_1.png,1.0,1.9020882121726739
1397,2520_LeafPhotoA_2025-09-09 10_17_04.786-05_00_2.png,1.0,1.7446263680276828
1398,2520_LeafPhotoA_2025-09-09 10_17_04.786-05_00_3.png,1.0,1.737129622155164
1439,1203_LeafPhotoA_2025-09-08 09_17_50.777-05_00_0.png,2.0,1.8070767099830574
1440,1203_LeafPhotoA_2025-09-08 09_17_50.777-05_00_1.png,2.0,1.9066177469617875
1441,1203_LeafPhotoA_2025-09-08 09_17_50.777-05_00_2.png,2.0,1.9806564674718683
1442,1203_LeafPhotoA_2025-09-08 09_17_50.777-05_00_3.png,2.0,2.0964769051539554
1455,2293_LeafPhotoA_2025-09-08 16_47_21.144-05_00_0.png,1.25,1.8083706679672227
1456,2293_LeafPhotoA_2025-09-08 16_47_21.144-05_00_1.png,1.25,1.739072858227656
1457,2293_LeafPhotoA_2025-09-08 16_47_21.144-05_00_2.png,1.25,1.817707037863094
1458,2293_LeafPhotoA_2025-09-08 16_47_21.144-05_00_3.png,1.25,1.8503617564066477
1485,1212_LeafPhotoA_2025-09-08 09_42_54.332-05_00_0.png,2.25,1.9585341598366957
1486,1212_LeafPhotoA_2025-09-08 09_42_54.332-05_00_1.png,2.25,2.0157764626799075
1487,1212_LeafPhotoA_2025-09-08 09_42_54.332-05_00_2.png,2.25,1.8920956155092177
1488,1212_LeafPhotoA_2025-09-08 09_42_54.332-05_00_3.png,2.25,1.9849374891892309
1493,1666_LeafPhotoA_2025-09-09 09_55_47.332-05_00_0.png,1.25,1.7218084289721292
1494,1666_LeafPhotoA_2025-09-09 09_55_47.332-05_00_1.png,1.25,1.8741339366866645
1495,1666_LeafPhotoA_2025-09-09 09_55_47.332-05_00_2.png,1.25,1.7551714748493965
1496,1666_LeafPhotoA_2025-09-09 09_55_47.332-05_00_3.png,1.25,1.8079682962197463
1498,2758_LeafPhotoA_2025-09-09 16_22_09.492-05_00_0.png,1.25,1.8686461398293825
1499,2758_LeafPhotoA_2025-09-09 16_22_09.492-05_00_1.png,1.25,1.7287459146210105
1500,2758_LeafPhotoA_2025-09-09 16_22_09.492-05_00_2.png,1.25,1.793684723776538
1501,2758_LeafPhotoA_2025-09-09 16_22_09.492-05_00_3.png,1.25,1.8441491983714309
1513,1652_LeafPhotoA_2025-09-09 10_20_27.938-05_00_0.png,1.25,1.6455561375400767
1514,1652_LeafPhotoA_2025-09-09 10_20_27.938-05_00_1.png,1.25,1.7243586772418038
1515,1652_LeafPhotoA_2025-09-09 10_20_27.938-05_00_2.png,1.25,1.7798270374312368
1520,2446_LeafPhotoB_2025-09-08 11_21_40.834-05_00_0.png,3.0,2.0718246108251903
1521,2446_LeafPhotoB_2025-09-08 11_21_40.834-05_00_1.png,3.0,2.0081970928251875
1522,2446_LeafPhotoB_2025-09-08 11_21_40.834-05_00_2.png,3.0,2.059296588856476
1523,2446_LeafPhotoB_2025-09-08 11_21_40.834-05_00_3.png,3.0,2.111576567982527
1547,2177_LeafPhotoA_2025-09-09 12_21_32.834-05_00_0.png,3.0,2.1299910691769255
1548,2177_LeafPhotoA_2025-09-09 12_21_32.834-05_00_1.png,3.0,2.3517823986012827
1549,2177_LeafPhotoA_2025-09-09 12_21_32.834-05_00_2.png,3.0,2.553367889839349
1550,2177_LeafPhotoA_2025-09-09 12_21_32.834-05_00_3.png,3.0,2.4322441728807833
1556,2515_LeafPhotoA_2025-09-09 10_13_03.695-05_00_0.png,1.25,1.8317584285948252
1557,2515_LeafPhotoA_2025-09-09 10_13_03.695-05_00_1.png,1.25,1.6622667356365102
1558,2515_LeafPhotoA_2025-09-09 10_13_03.695-05_00_2.png,1.25,1.6769924533420089
1559,2515_LeafPhotoA_2025-09-09 10_13_03.695-05_00_3.png,1.25,1.9857776132894154
1577,1051_LeafPhotoA_2025-09-08 12_42_13.116-05_00_0.png,1.25,1.7050712885361694
1578,1051_LeafPhotoA_2025-09-08 12_42_13.116-05_00_1.png,1.25,1.5928234065842428
1579,1051_LeafPhotoA_2025-09-08 12_42_13.116-05_00_2.png,1.25,1.6391388122899344
1580,1051_LeafPhotoA_2025-09-08 12_42_13.116-05_00_3.png,1.25,1.6308576926993141
1590,2093_LeafPhotoA_2025-09-08 12_29_42.069-05_00_0.png,2.0,1.869096431750939
1591,2093_LeafPhotoA_2025-09-08 12_29_42.069-05_00_1.png,2.0,1.729798851539758
1592,2093_LeafPhotoA_2025-09-08 12_29_42.069-05_00_2.png,2.0,2.024514235932482
1593,2093_LeafPhotoA_2025-09-08 12_29_42.069-05_00_3.png,2.0,2.0787403439282324
1599,2637_LeafPhotoA_2025-09-09 11_40_07.094-05_00_0.png,1.5,1.7628268479098586
1600,2637_LeafPhotoA_2025-09-09 11_40_07.094-05_00_1.png,1.5,1.7625400950349668
1601,2637_LeafPhotoA_2025-09-09 11_40_07.094-05_00_2.png,1.5,1.607931759757128
1602,2637_LeafPhotoA_2025-09-09 11_40_07.094-05_00_3.png,1.5,1.8463271263802425
1627,,1.5,1.8690825485215967
1655,2346_LeafPhotoA_2025-09-08 11_14_15.994-05_00_0.png,1.25,1.8255457163092608
1656,2346_LeafPhotoA_2025-09-08 11_14_15.994-05_00_1.png,1.25,1.7302445959720532
1657,2346_LeafPhotoA_2025-09-08 11_14_15.994-05_00_2.png,1.25,1.7636709162225805
1658,2346_LeafPhotoA_2025-09-08 11_14_15.994-05_00_3.png,1.25,1.6774011534203088
1663,2463_LeafPhotoB_2025-09-08 11_41_05.461-05_00_0.png,2.0,1.9120223568141517
1664,2463_LeafPhotoB_2025-09-08 11_41_05.461-05_00_1.png,2.0,2.06283644435057
1665,2463_LeafPhotoB_2025-09-08 11_41_05.461-05_00_2.png,2.0,1.9550526299072168
1666,2463_LeafPhotoB_2025-09-08 11_41_05.461-05_00_3.png,2.0,1.7954739610879327
1673,1355_LeafPhotoA_2025-09-08 12_32_02.036-05_00_0.png,2.0,2.3658602372930932
1708,1905_LeafPhotoA_2025-09-09 14_39_48.802-05_00_0.png,1.5,1.7274141798711256
1709,1905_LeafPhotoA_2025-09-09 14_39_48.802-05_00_1.png,1.5,1.6192889081735826
1736,2689_LeafPhotoA_2025-09-09 10_43_51.800-05_00_0.png,1.25,1.912270737045892
1737,2689_LeafPhotoA_2025-09-09 10_43_51.800-05_00_1.png,1.25,1.8198703161554364
1738,2689_LeafPhotoA_2025-09-09 10_43_51.800-05_00_2.png,1.25,1.8999150041887078
1751,1065_LeafPhotoA_2025-09-08 12_57_07.532-05_00_0.png,1.25,1.7724580240128807
1752,1065_LeafPhotoA_2025-09-08 12_57_07.532-05_00_1.png,1.25,1.6398362381118772
1753,1065_LeafPhotoA_2025-09-08 12_57_07.532-05_00_2.png,1.25,1.7629256203749242
1754,1065_LeafPhotoA_2025-09-08 12_57_07.532-05_00_3.png,1.25,1.8986544906260454
1796,2527_LeafPhotoA_2025-09-09 10_24_54.172-05_00_0.png,1.5,1.8311483558795862
1797,2527_LeafPhotoA_2025-09-09 10_24_54.172-05_00_1.png,1.5,2.041843612971709
1798,2527_LeafPhotoA_2025-09-09 10_24_54.172-05_00_2.png,1.5,1.9698102990204374
1799,2527_LeafPhotoA_2025-09-09 10_24_54.172-05_00_3.png,1.5,1.846500005663125
1800,1408_LeafPhotoB_2025-09-08 10_02_06.407-05_00_0.png,1.5,1.7652739949965197
1801,1408_LeafPhotoB_2025-09-08 10_02_06.407-05_00_1.png,1.5,1.7215218166193396
1802,1408_LeafPhotoB_2025-09-08 10_02_06.407-05_00_2.png,1.5,1.6747139997909148
1803,1408_LeafPhotoB_2025-09-08 10_02_06.407-05_00_3.png,1.5,1.7139703343003456
1804,1332_LeafPhotoA_2025-09-08 10_00_19.909-05_00_0.png,2.0,1.8917329030833283
1805,1332_LeafPhotoA_2025-09-08 10_00_19.909-05_00_1.png,2.0,1.8484771139414125
1806,1332_LeafPhotoA_2025-09-08 10_00_19.909-05_00_2.png,2.0,1.7738160636125992
1807,1332_LeafPhotoA_2025-09-08 10_00_19.909-05_00_3.png,2.0,1.9934164935833854
1891,2129_LeafPhotoA_2025-09-08 11_46_50.494-05_00_0.png,1.75,1.6646006781531155
1892,2129_LeafPhotoA_2025-09-08 11_46_50.494-05_00_1.png,1.75,1.8514069802925266
1914,2271_LeafPhotoA_2025-09-08 17_12_04.853-05_00_0.png,2.25,1.9850382078290332
1915,2271_LeafPhotoA_2025-09-08 17_12_04.853-05_00_1.png,2.25,1.914495786602888
1969,1521_LeafPhotoA_2025-09-09 09_17_54.205-05_00_0.png,2.25,2.4694120227682532
1970,1521_LeafPhotoA_2025-09-09 09_17_54.205-05_00_1.png,2.25,2.356364375938389
1971,1521_LeafPhotoA_2025-09-09 09_17_54.205-05_00_2.png,2.25,2.100588459821627
1972,1521_LeafPhotoA_2025-09-09 09_17_54.205-05_00_3.png,2.25,2.0775983860409184
1973,1216_LeafPhotoA_2025-09-08 09_51_18.258-05_00_0.png,1.5,1.8850149131663256
1974,1216_LeafPhotoA_2025-09-08 09_51_18.258-05_00_1.png,1.5,1.765896485394551
1975,1216_LeafPhotoA_2025-09-08 09_51_18.258-05_00_2.png,1.5,1.8368788144546662
1976,1216_LeafPhotoA_2025-09-08 09_51_18.258-05_00_3.png,1.5,2.025257100445279
2012,2469_LeafPhotoB_2025-09-08 11_46_21.698-05_00_0.png,1.5,1.8890002786064117
2013,2469_LeafPhotoB_2025-09-08 11_46_21.698-05_00_1.png,1.5,1.8302300372092368
2014,2469_LeafPhotoB_2025-09-08 11_46_21.698-05_00_2.png,1.5,1.7654896476753095
2015,2469_LeafPhotoB_2025-09-08 11_46_21.698-05_00_3.png,1.5,1.8609463475336145
2046,1317_LeafPhotoA_2025-09-08 09_35_24.203-05_00_0.png,3.0,2.257000223786504
2047,1317_LeafPhotoA_2025-09-08 09_35_24.203-05_00_1.png,3.0,2.3233794503033067
2048,1317_LeafPhotoA_2025-09-08 09_35_24.203-05_00_2.png,3.0,2.2138212334155636
2049,1317_LeafPhotoA_2025-09-08 09_35_24.203-05_00_3.png,3.0,2.19698551416692
2071,2792_LeafPhotoA_2025-09-09 11_21_24.578-05_00_0.png,1.25,1.6190971937311913
2072,2792_LeafPhotoA_2025-09-09 11_21_24.578-05_00_1.png,1.25,1.774718103562531
2073,2792_LeafPhotoA_2025-09-09 11_21_24.578-05_00_2.png,1.25,1.7464156616051942
2074,2792_LeafPhotoA_2025-09-09 11_21_24.578-05_00_3.png,1.25,1.7175449217714103
2118,1492_LeafPhotoB_2025-09-08 16_56_04.972-05_00_0.png,1.5,1.7596303983254453
2119,1492_LeafPhotoB_2025-09-08 16_56_04.972-05_00_1.png,1.5,1.626650653830317
2120,1492_LeafPhotoB_2025-09-08 16_56_04.972-05_00_2.png,1.5,1.5485516500219478
2121,1492_LeafPhotoB_2025-09-08 16_56_04.972-05_00_3.png,1.5,1.8552792259018072
2122,1438_LeafPhotoB_2025-09-08 10_28_46.756-05_00_0.png,2.5,2.060696541690736
2123,1438_LeafPhotoB_2025-09-08 10_28_46.756-05_00_1.png,2.5,2.2165964940238347
2124,1438_LeafPhotoB_2025-09-08 10_28_46.756-05_00_2.png,2.5,2.194984891663492
2133,2268_LeafPhotoA_2025-09-08 17_14_58.767-05_00_0.png,2.0,2.367485221778567
2145,1626_LeafPhotoA_2025-09-09 10_03_50.260-05_00_0.png,1.5,1.94807447588388
2146,1626_LeafPhotoA_2025-09-09 10_03_50.260-05_00_1.png,1.5,1.773334692039413
2147,1626_LeafPhotoA_2025-09-09 10_03_50.260-05_00_2.png,1.5,1.8511394016057325
2148,1626_LeafPhotoA_2025-09-09 10_03_50.260-05_00_3.png,1.5,1.7958215411466183
2157,1301_LeafPhotoA_2025-09-08 10_19_50.410-05_00_0.png,1.5,1.8326727075062024
2158,1301_LeafPhotoA_2025-09-08 10_19_50.410-05_00_1.png,1.5,1.7962084138270298
2159,1301_LeafPhotoA_2025-09-08 10_19_50.410-05_00_2.png,1.5,1.7658970734610238
2160,1301_LeafPhotoA_2025-09-08 10_19_50.410-05_00_3.png,1.5,1.8113664282197564
2161,2325_LeafPhotoA_2025-09-08 10_52_52.963-05_00_0.png,1.0,1.832484267201953
2162,2325_LeafPhotoA_2025-09-08 10_52_52.963-05_00_1.png,1.0,1.6766537631471838
2163,2325_LeafPhotoA_2025-09-08 10_52_52.963-05_00_2.png,1.0,1.705184960414255
2164,2325_LeafPhotoA_2025-09-08 10_52_52.963-05_00_3.png,1.0,1.6348617546311057
2189,1236_LeafPhotoA_2025-09-08 10_23_03.516-05_00_0.png,1.5,1.7120164123085946
2190,1236_LeafPhotoA_2025-09-08 10_23_03.516-05_00_1.png,1.5,1.79030495149487
2191,1236_LeafPhotoA_2025-09-08 10_23_03.516-05_00_2.png,1.5,1.7909331274662146
2192,1236_LeafPhotoA_2025-09-08 10_23_03.516-05_00_3.png,1.5,1.6133107894678127
2243,2903_LeafPhotoA_2025-09-09 16_19_58.490-05_00_0.png,3.0,2.2917548175472904
2244,2903_LeafPhotoA_2025-09-09 16_19_58.490-05_00_1.png,3.0,2.070309587295947
2245,2903_LeafPhotoA_2025-09-09 16_19_58.490-05_00_2.png,3.0,2.1021041541805867
2246,2903_LeafPhotoA_2025-09-09 16_19_58.490-05_00_3.png,3.0,1.9236120022728969
2262,,1.25,1.8690825485215967
2267,,1.0,1.8690825485215967
2302,2436_LeafPhotoB_2025-09-08 11_12_52.698-05_00_0.png,1.5,1.8441214915115836
2303,2436_LeafPhotoB_2025-09-08 11_12_52.698-05_00_1.png,1.5,1.9703815775727533
2304,2436_LeafPhotoB_2025-09-08 11_12_52.698-05_00_2.png,1.5,1.947476726765523
2305,2436_LeafPhotoB_2025-09-08 11_12_52.698-05_00_3.png,1.5,1.8495433906407206
2397,2941_LeafPhotoA_2025-09-09 16_28_44.280-05_00_0.png,1.25,1.850659229884753
2398,2941_LeafPhotoA_2025-09-09 16_28_44.280-05_00_1.png,1.25,1.653616146237664
2399,2941_LeafPhotoA_2025-09-09 16_28_44.280-05_00_2.png,1.25,1.8050368423322185
2400,2941_LeafPhotoA_2025-09-09 16_28_44.280-05_00_3.png,1.25,1.7006867277423594
2420,2002_LeafPhotoA_2025-09-08 10_34_47.962-05_00_0.png,3.25,2.320724138338011
2421,2002_LeafPhotoA_2025-09-08 10_34_47.962-05_00_1.png,3.25,2.369651359297448
2422,2002_LeafPhotoA_2025-09-08 10_34_47.962-05_00_2.png,3.25,2.2024839248513786
2423,2002_LeafPhotoA_2025-09-08 10_34_47.962-05_00_3.png,3.25,2.0297066987557497
2428,1969_LeafPhotoA_2025-09-09 17_07_30.768-05_00_0.png,1.5,1.707485736628926
2429,1969_LeafPhotoA_2025-09-09 17_07_30.768-05_00_1.png,1.5,1.7954349150698798
2430,1969_LeafPhotoA_2025-09-09 17_07_30.768-05_00_2.png,1.5,1.721135553977756
2431,1969_LeafPhotoA_2025-09-09 17_07_30.768-05_00_3.png,1.5,1.7605355714045723
2438,2536_LeafPhotoA_2025-09-09 10_35_28.301-05_00_0.png,1.75,1.891010954137309
2439,2536_LeafPhotoA_2025-09-09 10_35_28.301-05_00_1.png,1.75,1.772303406986749
2440,2536_LeafPhotoA_2025-09-09 10_35_28.301-05_00_2.png,1.75,1.7994283452329107
2441,2536_LeafPhotoA_2025-09-09 10_35_28.301-05_00_3.png,1.75,1.7131260160476498
2483,1247_LeafPhotoA_2025-09-08 10_38_45.722-05_00_0.png,2.0,1.8767697171786757
2484,1247_LeafPhotoA_2025-09-08 10_38_45.722-05_00_1.png,2.0,2.0310741010258218
2485,1247_LeafPhotoA_2025-09-08 10_38_45.722-05_00_2.png,2.0,1.9646220205877694
2494,2370_LeafPhotoA_2025-09-08 11_38_56.854-05_00_0.png,2.25,1.8627563167146173
2495,2370_LeafPhotoA_2025-09-08 11_38_56.854-05_00_1.png,2.25,1.9582936557551491
2496,2370_LeafPhotoA_2025-09-08 11_38_56.854-05_00_2.png,2.25,2.014536193965276
2497,2370_LeafPhotoA_2025-09-08 11_38_56.854-05_00_3.png,2.25,2.13955010427524
2516,1719_LeafPhotoA_2025-09-09 09_17_16.298-05_00_0.png,3.25,2.72037595369242
2517,1719_LeafPhotoA_2025-09-09 09_17_16.298-05_00_1.png,3.25,2.5921722429473983
2518,1719_LeafPhotoA_2025-09-09 09_17_16.298-05_00_2.png,3.25,2.448384981125112
2519,1971_LeafPhotoA_2025-09-09 17_00_57.416-05_00_0.png,2.25,1.7836498347319745
2520,1971_LeafPhotoA_2025-09-09 17_00_57.416-05_00_1.png,2.25,1.8790939767004018
2521,1971_LeafPhotoA_2025-09-09 17_00_57.416-05_00_2.png,2.25,1.9629756199718478
2522,1971_LeafPhotoA_2025-09-09 17_00_57.416-05_00_3.png,2.25,2.1329907069409777
2542,2671_LeafPhotoA_2025-09-09 11_45_10.930-05_00_0.png,3.75,2.2557414737395374
2543,2671_LeafPhotoA_2025-09-09 11_45_10.930-05_00_1.png,3.75,2.522499296004133
2544,2671_LeafPhotoA_2025-09-09 11_45_10.930-05_00_2.png,3.75,2.667259160448113
2545,2671_LeafPhotoA_2025-09-09 11_45_10.930-05_00_3.png,3.75,2.8102926514812165
2551,1156_LeafPhotoA_2025-09-08 16_52_15.162-05_00_0.png,1.75,2.028498422411638
2552,1156_LeafPhotoA_2025-09-08 16_52_15.162-05_00_1.png,1.75,1.960841135658859
2553,1156_LeafPhotoA_2025-09-08 16_52_15.162-05_00_2.png,1.75,1.7492607631554036
2554,1156_LeafPhotoA_2025-09-08 16_52_15.162-05_00_3.png,1.75,1.7942908211213167
2559,1073_LeafPhotoA_2025-09-08 13_06_10.190-05_00_0.png,2.25,2.048933188199828
2560,1073_LeafPhotoA_2025-09-08 13_06_10.190-05_00_1.png,2.25,2.0496958177343227
2561,1073_LeafPhotoA_2025-09-08 13_06_10.190-05_00_2.png,2.25,2.1822429703187245
2562,1073_LeafPhotoA_2025-09-08 13_06_10.190-05_00_3.png,2.25,2.120865385041373
2567,2672_LeafPhotoA_2025-09-09 11_46_40.643-05_00_0.png,2.0,2.0512842641928364
2568,2672_LeafPhotoA_2025-09-09 11_46_40.643-05_00_1.png,2.0,2.233603001022313
2569,2672_LeafPhotoA_2025-09-09 11_46_40.643-05_00_2.png,2.0,2.017353962321647
2570,2672_LeafPhotoA_2025-09-09 11_46_40.643-05_00_3.png,2.0,2.092594522544018
2576,1661_LeafPhotoA_2025-09-09 10_07_18.041-05_00_0.png,2.0,2.0761116498883543
2577,1661_LeafPhotoA_2025-09-09 10_07_18.041-05_00_1.png,2.0,1.9405966265810504
2578,1661_LeafPhotoA_2025-09-09 10_07_18.041-05_00_2.png,2.0,2.0366099992771822
2579,2902_LeafPhotoA_2025-09-09 16_15_16.673-05_00_0.png,1.25,1.757562804298098
2580,2902_LeafPhotoA_2025-09-09 16_15_16.673-05_00_1.png,1.25,1.7362513981653858
2581,2902_LeafPhotoA_2025-09-09 16_15_16.673-05_00_2.png,1.25,1.6667279098610368
2582,2902_LeafPhotoA_2025-09-09 16_15_16.673-05_00_3.png,1.25,1.652933973638018
2593,2259_LeafPhotoA_2025-09-08 12_30_29.796-05_00_0.png,1.25,1.8444437991739653
2594,2259_LeafPhotoA_2025-09-08 12_30_29.796-05_00_1.png,1.25,1.8600960824378006
2595,2259_LeafPhotoA_2025-09-08 12_30_29.796-05_00_2.png,1.25,1.755125092106324
2596,2259_LeafPhotoA_2025-09-08 12_30_29.796-05_00_3.png,1.25,1.7410552795587626
2605,1004_LeafPhotoA_2025-09-08 09_23_15.296-05_00_0.png,1.5,1.6762496413115617
2606,1004_LeafPhotoA_2025-09-08 09_23_15.296-05_00_1.png,1.5,1.6889205228036497
2607,1004_LeafPhotoA_2025-09-08 09_23_15.296-05_00_2.png,1.5,1.8378297908339516
2608,1004_LeafPhotoA_2025-09-08 09_23_15.296-05_00_3.png,1.5,1.6906984025498932
2638,2196_LeafPhotoA_2025-09-08 17_09_05.011-05_00_0.png,2.25,2.391328549227833
2639,2196_LeafPhotoA_2025-09-08 17_09_05.011-05_00_1.png,2.25,2.403406283935791
2640,2196_LeafPhotoA_2025-09-08 17_09_05.011-05_00_2.png,2.25,2.3012481701663203
2641,2196_LeafPhotoA_2025-09-08 17_09_05.011-05_00_3.png,2.25,2.077117363992074
2642,1573_LeafPhotoA_2025-09-09 09_54_35.196-05_00_0.png,2.5,2.059834297500028
2643,1573_LeafPhotoA_2025-09-09 09_54_35.196-05_00_1.png,2.5,2.648044354037775
2644,1573_LeafPhotoA_2025-09-09 09_54_35.196-05_00_2.png,2.5,2.6091200501210174
2645,1573_LeafPhotoA_2025-09-09 09_54_35.196-05_00_3.png,2.5,1.9934636466152524
2650,2860_LeafPhotoA_2025-09-09 14_56_33.247-05_00_0.png,1.25,1.7826325245961467
2651,2860_LeafPhotoA_2025-09-09 14_56_33.247-05_00_1.png,1.25,1.7260710468295606
2652,2860_LeafPhotoA_2025-09-09 14_56_33.247-05_00_2.png,1.25,1.5373312184604748
2653,2860_LeafPhotoA_2025-09-09 14_56_33.247-05_00_3.png,1.25,1.6934894597540693
2654,1530_LeafPhotoA_2025-09-09 09_28_13.536-05_00_0.png,2.25,2.0947813215372237
2655,1530_LeafPhotoA_2025-09-09 09_28_13.536-05_00_1.png,2.25,1.9711427811059214
2656,1530_LeafPhotoA_2025-09-09 09_28_13.536-05_00_2.png,2.25,1.7422329452668077
2657,1530_LeafPhotoA_2025-09-09 09_28_13.536-05_00_3.png,2.25,1.7851095668141916
2658,2690_LeafPhotoA_2025-09-09 10_42_26.059-05_00_0.png,1.5,1.7687637679979988
2659,2690_LeafPhotoA_2025-09-09 10_42_26.059-05_00_1.png,1.5,1.7331265696807494
2660,2690_LeafPhotoA_2025-09-09 10_42_26.059-05_00_2.png,1.5,1.8241190311451536
2661,2690_LeafPhotoA_2025-09-09 10_42_26.059-05_00_3.png,1.5,1.8570961908963068
2680,1994_LeafPhotoA_2025-09-09 16_07_18.609-05_00_0.png,1.75,1.9221263559747497
2681,1994_LeafPhotoA_2025-09-09 16_07_18.609-05_00_1.png,1.75,2.137439985710883
2682,1994_LeafPhotoA_2025-09-09 16_07_18.609-05_00_2.png,1.75,1.8708288734900573
2695,2062_LeafPhotoA_2025-09-08 11_56_29.638-05_00_0.png,1.5,1.7738226254238252
2696,2062_LeafPhotoA_2025-09-08 11_56_29.638-05_00_1.png,1.5,1.6628986927782397
2697,2062_LeafPhotoA_2025-09-08 11_56_29.638-05_00_2.png,1.5,1.6764615472247055
2698,2062_LeafPhotoA_2025-09-08 11_56_29.638-05_00_3.png,1.5,1.673767561765433
2703,1714_LeafPhotoA_2025-09-09 09_09_56.290-05_00_0.png,2.25,2.1366057244555674
2704,1714_LeafPhotoA_2025-09-09 09_09_56.290-05_00_1.png,2.25,2.078766958889637
2705,1714_LeafPhotoA_2025-09-09 09_09_56.290-05_00_2.png,2.25,1.997644096808766
2706,1714_LeafPhotoA_2025-09-09 09_09_56.290-05_00_3.png,2.25,2.095571732926803
2711,1246_LeafPhotoA_2025-09-08 10_36_51.001-05_00_0.png,2.0,1.7224435660228998
2712,1246_LeafPhotoA_2025-09-08 10_36_51.001-05_00_1.png,2.0,1.781901330988986
2713,1246_LeafPhotoA_2025-09-08 10_36_51.001-05_00_2.png,2.0,1.7851724463581073
2714,1246_LeafPhotoA_2025-09-08 10_36_51.001-05_00_3.png,2.0,1.784891701897603
2727,1742_LeafPhotoA_2025-09-09 09_58_17.497-05_00_0.png,3.0,2.3490326806513924
2728,1742_LeafPhotoA_2025-09-09 09_58_17.497-05_00_1.png,3.0,2.354549292021332
2729,1742_LeafPhotoA_2025-09-09 09_58_17.497-05_00_2.png,3.0,2.3660072049911434
2769,1265_LeafPhotoA_2025-09-08 16_21_10.202-05_00_0.png,2.25,1.909219097491059
2783,,1.75,1.8690825485215967
2819,1969_LeafPhotoA_2025-09-09 17_06_13.365-05_00_0.png,1.25,1.888832773632599
2820,1969_LeafPhotoA_2025-09-09 17_06_13.365-05_00_1.png,1.25,1.8864053826183276
2821,1969_LeafPhotoA_2025-09-09 17_06_13.365-05_00_2.png,1.25,1.806875049443161
2822,1969_LeafPhotoA_2025-09-09 17_06_13.365-05_00_3.png,1.25,1.8446296025454296
2823,2402_LeafPhotoB_2025-09-08 10_41_29.920-05_00_0.png,1.0,1.9721669776767503
2824,2402_LeafPhotoB_2025-09-08 10_41_29.920-05_00_1.png,1.0,1.6787395063083914
2825,2402_LeafPhotoB_2025-09-08 10_41_29.920-05_00_2.png,1.0,1.573879579585075
2826,2402_LeafPhotoB_2025-09-08 10_41_29.920-05_00_3.png,1.0,1.7717532786306973
2837,6040_LeafPhotoA_2025-09-09 16_10_33.353-05_00_0.png,1.5,1.6749017951110643
2838,6040_LeafPhotoA_2025-09-09 16_10_33.353-05_00_1.png,1.5,1.7884600595697737
2839,6040_LeafPhotoA_2025-09-09 16_10_33.353-05_00_2.png,1.5,1.7409899119198655
2840,6040_LeafPhotoA_2025-09-09 16_10_33.353-05_00_3.png,1.5,1.7827200346200913
2842,1578_LeafPhotoA_2025-09-09 09_51_18.559-05_00_0.png,1.0,1.679033226910259
2843,1578_LeafPhotoA_2025-09-09 09_51_18.559-05_00_1.png,1.0,1.6398421147494289
2844,1578_LeafPhotoA_2025-09-09 09_51_18.559-05_00_2.png,1.0,1.667612148057195
2845,1578_LeafPhotoA_2025-09-09 09_51_18.559-05_00_3.png,1.0,1.7250729964587357
2854,2262_LeafPhotoA_2025-09-08 12_34_17.650-05_00_0.png,1.5,1.7178074548430589
2855,2262_LeafPhotoA_2025-09-08 12_34_17.650-05_00_1.png,1.5,1.6933011205734703
2856,2262_LeafPhotoA_2025-09-08 12_34_17.650-05_00_2.png,1.5,1.6434615456281476
2857,2262_LeafPhotoA_2025-09-08 12_34_17.650-05_00_3.png,1.5,1.9720106812656146
2858,6025_LeafPhotoA_2025-09-09 16_35_46.802-05_00_0.png,1.5,1.7077967967203653
2859,6025_LeafPhotoA_2025-09-09 16_35_46.802-05_00_1.png,1.5,1.762276994695048
2860,6025_LeafPhotoA_2025-09-09 16_35_46.802-05_00_2.png,1.5,1.7550654263535448
2861,1894_LeafPhotoA_2025-09-09 12_58_44.856-05_00_0.png,1.25,1.7369514388153127
2862,1894_LeafPhotoA_2025-09-09 12_58_44.856-05_00_1.png,1.25,1.683014065913446
2863,1894_LeafPhotoA_2025-09-09 12_58_44.856-05_00_2.png,1.25,1.8544917527289806
2864,1894_LeafPhotoA_2025-09-09 12_58_44.856-05_00_3.png,1.25,1.819035661219871
2869,2045_LeafPhotoA_2025-09-08 11_26_04.594-05_00_0.png,1.75,1.795412492349413
2870,2045_LeafPhotoA_2025-09-08 11_26_04.594-05_00_1.png,1.75,1.7876932484118044
2871,2045_LeafPhotoA_2025-09-08 11_26_04.594-05_00_2.png,1.75,1.8581920326548804
2884,2830_LeafPhotoA_2025-09-09 10_46_44.993-05_00_0.png,1.5,1.7256722384727416
2885,2830_LeafPhotoA_2025-09-09 10_46_44.993-05_00_1.png,1.5,1.9312093229590315
2886,2830_LeafPhotoA_2025-09-09 10_46_44.993-05_00_2.png,1.5,1.7445726732453715
2887,2830_LeafPhotoA_2025-09-09 10_46_44.993-05_00_3.png,1.5,1.7502158054399728
2891,2919_LeafPhotoA_2025-09-09 16_43_36.577-05_00_0.png,1.5,1.7354517716688762
2892,2919_LeafPhotoA_2025-09-09 16_43_36.577-05_00_1.png,1.5,1.920016240220477
2893,2919_LeafPhotoA_2025-09-09 16_43_36.577-05_00_2.png,1.5,1.7464224072675112
2894,2919_LeafPhotoA_2025-09-09 16_43_36.577-05_00_3.png,1.5,1.7187596832919978
2895,1978_LeafPhotoA_2025-09-09 16_46_02.859-05_00_0.png,1.25,1.7025154228726205
2896,1978_LeafPhotoA_2025-09-09 16_46_02.859-05_00_1.png,1.25,1.9511583927553362
2897,1978_LeafPhotoA_2025-09-09 16_46_02.859-05_00_2.png,1.25,1.8373128377900043
2948,1269_LeafPhotoA_2025-09-08 16_17_38.730-05_00_0.png,1.75,1.8021740520329925
2949,1269_LeafPhotoA_2025-09-08 16_17_38.730-05_00_1.png,1.75,2.1461850975105623
2950,1269_LeafPhotoA_2025-09-08 16_17_38.730-05_00_2.png,1.75,2.1466490495944823
2951,1269_LeafPhotoA_2025-09-08 16_17_38.730-05_00_3.png,1.75,1.731640125887901
2952,1908_LeafPhotoA_2025-09-09 14_44_38.996-05_00_0.png,2.5,2.3061075611659003
2953,1908_LeafPhotoA_2025-09-09 14_44_38.996-05_00_1.png,2.5,2.4678992138573213
2954,1908_LeafPhotoA_2025-09-09 14_44_38.996-05_00_2.png,2.5,2.5102667815751194
2955,1908_LeafPhotoA_2025-09-09 14_44_38.996-05_00_3.png,2.5,2.470459739545942
2968,1468_LeafPhotoB_2025-09-08 16_31_26.894-05_00_0.png,1.25,1.8490453092730574
2969,1468_LeafPhotoB_2025-09-08 16_31_26.894-05_00_1.png,1.25,1.8122252598157202
2970,1468_LeafPhotoB_2025-09-08 16_31_26.894-05_00_2.png,1.25,1.7290916568882897
2971,1468_LeafPhotoB_2025-09-08 16_31_26.894-05_00_3.png,1.25,1.773253602080324
3003,1216_LeafPhotoA_2025-09-08 09_51_38.597-05_00_0.png,2.0,1.931804569924827
3004,1216_LeafPhotoA_2025-09-08 09_51_38.597-05_00_1.png,2.0,1.7067852607453042
3005,1216_LeafPhotoA_2025-09-08 09_51_38.597-05_00_2.png,2.0,1.6790860927750435
3006,1216_LeafPhotoA_2025-09-08 09_51_38.597-05_00_3.png,2.0,1.6336321407207641
3089,1851_LeafPhotoA_2025-09-09 13_45_07.951-05_00_0.png,1.5,1.9248887691542502
3090,1851_LeafPhotoA_2025-09-09 13_45_07.951-05_00_1.png,1.5,1.9261771236589338
3091,1851_LeafPhotoA_2025-09-09 13_45_07.951-05_00_2.png,1.5,1.775838867577354
3092,1851_LeafPhotoA_2025-09-09 13_45_07.951-05_00_3.png,1.5,1.9588477963385083
3102,1728_LeafPhotoA_2025-09-09 09_30_58.151-05_00_0.png,3.5,2.5689906620798655
3103,1728_LeafPhotoA_2025-09-09 09_30_58.151-05_00_1.png,3.5,2.862323246137391
3104,1728_LeafPhotoA_2025-09-09 09_30_58.151-05_00_2.png,3.5,2.8586304766032904
3105,1728_LeafPhotoA_2025-09-09 09_30_58.151-05_00_3.png,3.5,3.0873849889396525
3129,2689_LeafPhotoA_2025-09-09 10_44_36.223-05_00_0.png,1.25,1.7865040182090293
3130,2689_LeafPhotoA_2025-09-09 10_44_36.223-05_00_1.png,1.25,1.7024241335361698
3131,2689_LeafPhotoA_2025-09-09 10_44_36.223-05_00_2.png,1.25,1.706834165730354
3141,1191_LeafPhotoA_2025-09-08 15_54_25.154-05_00_0.png,2.0,1.8845493173657841
3142,1191_LeafPhotoA_2025-09-08 15_54_25.154-05_00_1.png,2.0,1.8859837919970464
3143,1191_LeafPhotoA_2025-09-08 15_54_25.154-05_00_2.png,2.0,1.8948622634567869
3144,1191_LeafPhotoA_2025-09-08 15_54_25.154-05_00_3.png,2.0,1.944143124859747
3185,2185_LeafPhotoA_2025-09-09 12_32_19.175-05_00_0.png,2.0,1.9704048909466878
3186,2185_LeafPhotoA_2025-09-09 12_32_19.175-05_00_1.png,2.0,1.8488718229046204
3187,2185_LeafPhotoA_2025-09-09 12_32_19.175-05_00_2.png,2.0,1.9650483283343203
3188,2185_LeafPhotoA_2025-09-09 12_32_19.175-05_00_3.png,2.0,2.022180979799498
3218,1301_LeafPhotoA_2025-09-08 10_20_06.394-05_00_0.png,1.5,1.640691545808709
3219,1301_LeafPhotoA_2025-09-08 10_20_06.394-05_00_1.png,1.5,1.6596327425333817
3220,1301_LeafPhotoA_2025-09-08 10_20_06.394-05_00_2.png,1.5,1.7045039244059184
3221,1301_LeafPhotoA_2025-09-08 10_20_06.394-05_00_3.png,1.5,1.798153656159944
3252,1090_LeafPhotoA_2025-09-09 11_02_26.123-05_00_0.png,1.5,1.9519536628483038
3253,1090_LeafPhotoA_2025-09-09 11_02_26.123-05_00_1.png,1.5,2.241350253422332
3254,1090_LeafPhotoA_2025-09-09 11_02_26.123-05_00_2.png,1.5,1.9466827650691816
3261,2082_LeafPhotoA_2025-09-08 12_18_36.645-05_00_0.png,1.5,1.6622944800906296
3262,2082_LeafPhotoA_2025-09-08 12_18_36.645-05_00_1.png,1.5,1.6602540528965641
3263,2082_LeafPhotoA_2025-09-08 12_18_36.645-05_00_2.png,1.5,1.6962377818081185
3264,2082_LeafPhotoA_2025-09-08 12_18_36.645-05_00_3.png,1.5,1.701242314158722
3273,2654_LeafPhotoA_2025-09-09 11_27_41.628-05_00_0.png,2.25,2.2228969567190346
3274,2654_LeafPhotoA_2025-09-09 11_27_41.628-05_00_1.png,2.25,2.1964910787849066
3275,2654_LeafPhotoA_2025-09-09 11_27_41.628-05_00_2.png,2.25,2.2690735376594517
3276,2654_LeafPhotoA_2025-09-09 11_27_41.628-05_00_3.png,2.25,2.3662035259309833
3323,2089_LeafPhotoA_2025-09-08 12_26_53.526-05_00_0.png,1.75,1.8842216641860599
3324,2089_LeafPhotoA_2025-09-08 12_26_53.526-05_00_1.png,1.75,1.8233868088216965
3325,2089_LeafPhotoA_2025-09-08 12_26_53.526-05_00_2.png,1.75,1.889628559556771
3328,1343_LeafPhotoA_2025-09-08 10_11_04.420-05_00_0.png,1.25,1.7563817732154616
3329,1343_LeafPhotoA_2025-09-08 10_11_04.420-05_00_1.png,1.25,1.7195436442642327
3330,1343_LeafPhotoA_2025-09-08 10_11_04.420-05_00_2.png,1.25,1.7475708641919936
3331,1343_LeafPhotoA_2025-09-08 10_11_04.420-05_00_3.png,1.25,1.7110631303788235
3348,2343_LeafPhotoA_2025-09-08 11_11_17.973-05_00_0.png,1.25,1.7783148274977794
3349,2343_LeafPhotoA_2025-09-08 11_11_17.973-05_00_1.png,1.25,1.737657630402793
3350,2343_LeafPhotoA_2025-09-08 11_11_17.973-05_00_2.png,1.25,1.767994617994522
3359,2343_LeafPhotoA_2025-09-08 11_11_03.769-05_00_0.png,1.25,1.5914915058138743
3360,2343_LeafPhotoA_2025-09-08 11_11_03.769-05_00_1.png,1.25,1.7823596105870672
3369,2393_LeafPhotoA_2025-09-08 12_17_57.585-05_00_0.png,3.0,2.186091266025284
3401,1457_LeafPhotoB_2025-09-08 12_33_31.319-05_00_0.png,2.0,1.755410137864086
3402,1457_LeafPhotoB_2025-09-08 12_33_31.319-05_00_1.png,2.0,1.8543529903618912
3403,1457_LeafPhotoB_2025-09-08 12_33_31.319-05_00_2.png,2.0,1.8387921541750885
3404,1457_LeafPhotoB_2025-09-08 12_33_31.319-05_00_3.png,2.0,1.9575806967191436
3417,1467_LeafPhotoB_2025-09-08 16_30_30.667-05_00_0.png,2.0,1.8471020133475629
3418,1467_LeafPhotoB_2025-09-08 16_30_30.667-05_00_1.png,2.0,1.761022137992727
3419,1467_LeafPhotoB_2025-09-08 16_30_30.667-05_00_2.png,2.0,2.174781173801975
3420,1467_LeafPhotoB_2025-09-08 16_30_30.667-05_00_3.png,2.0,2.1615484481262333
3426,1714_LeafPhotoA_2025-09-09 09_09_41.593-05_00_0.png,2.5,2.079637253777926
3427,2325_LeafPhotoA_2025-09-08 10_53_41.168-05_00_0.png,1.25,1.7064050894710723
3428,2325_LeafPhotoA_2025-09-08 10_53_41.168-05_00_1.png,1.25,1.8454491372311619
3429,2325_LeafPhotoA_2025-09-08 10_53_41.168-05_00_2.png,1.25,1.864377103643261
3437,1437_LeafPhotoB_2025-09-08 10_28_09.727-05_00_0.png,2.0,1.901045466483837
3438,1437_LeafPhotoB_2025-09-08 10_28_09.727-05_00_1.png,2.0,1.974194322003533
3439,1437_LeafPhotoB_2025-09-08 10_28_09.727-05_00_2.png,2.0,1.9926265264126148
3440,1437_LeafPhotoB_2025-09-08 10_28_09.727-05_00_3.png,2.0,1.8387970294024858
3453,2520_LeafPhotoA_2025-09-09 10_16_27.887-05_00_0.png,1.0,1.777282830946144
3454,2520_LeafPhotoA_2025-09-09 10_16_27.887-05_00_1.png,1.0,1.9043873865499248
3455,2520_LeafPhotoA_2025-09-09 10_16_27.887-05_00_2.png,1.0,1.6754772913060465
3456,2520_LeafPhotoA_2025-09-09 10_16_27.887-05_00_3.png,1.0,1.8017846439551157
3465,2015_LeafPhotoA_2025-09-08 10_50_10.021-05_00_0.png,1.75,1.839270934664607
3466,2015_LeafPhotoA_2025-09-08 10_50_10.021-05_00_1.png,1.75,1.7543647141293233
3467,2015_LeafPhotoA_2025-09-08 10_50_10.021-05_00_2.png,1.75,1.7221599184699028
3468,2015_LeafPhotoA_2025-09-08 10_50_10.021-05_00_3.png,1.75,1.7100957829938084
3488,1191_LeafPhotoA_2025-09-08 15_54_08.755-05_00_0.png,2.25,1.9707386186833749
3489,1191_LeafPhotoA_2025-09-08 15_54_08.755-05_00_1.png,2.25,2.0872358403979923
3490,1191_LeafPhotoA_2025-09-08 15_54_08.755-05_00_2.png,2.25,2.050353521968945
3491,1191_LeafPhotoA_2025-09-08 15_54_08.755-05_00_3.png,2.25,2.210549274137027
3513,1418_LeafPhotoA_2025-09-08 09_39_31.263-05_00_0.png,1.5,1.9641331610068051
3514,1418_LeafPhotoA_2025-09-08 09_39_31.263-05_00_1.png,1.5,1.7354259477192908
3515,1418_LeafPhotoA_2025-09-08 09_39_31.263-05_00_2.png,1.5,1.8047099288847535
3516,1418_LeafPhotoA_2025-09-08 09_39_31.263-05_00_3.png,1.5,1.8524339769027278
3529,1894_LeafPhotoA_2025-09-09 17_18_06.332-05_00_0.png,1.25,1.7268726443190452
3530,1894_LeafPhotoA_2025-09-09 17_18_06.332-05_00_1.png,1.25,1.6425198407543606
3531,1894_LeafPhotoA_2025-09-09 17_18_06.332-05_00_2.png,1.25,1.6252620377952234
3532,1894_LeafPhotoA_2025-09-09 17_18_06.332-05_00_3.png,1.25,1.8173175590033164
11,1346_LeafPhotoA_2025-09-08 10_15_00.579-05_00_0.png,3.0,1.9997623756782987
12,1346_LeafPhotoA_2025-09-08 10_15_00.579-05_00_1.png,3.0,1.8732026813199392
13,1346_LeafPhotoA_2025-09-08 10_15_00.579-05_00_2.png,3.0,1.9799334781002738
14,1346_LeafPhotoA_2025-09-08 10_15_00.579-05_00_3.png,3.0,1.8320673391043936
21,2664_LeafPhotoA_2025-09-09 11_37_29.251-05_00_0.png,2.0,2.288424406941241
22,2664_LeafPhotoA_2025-09-09 11_37_29.251-05_00_1.png,2.0,2.101277548900904
23,2664_LeafPhotoA_2025-09-09 11_37_29.251-05_00_2.png,2.0,1.9660685572525751
24,2664_LeafPhotoA_2025-09-09 11_37_29.251-05_00_3.png,2.0,2.136980793841376
27,1427_LeafPhotoB_2025-09-08 10_19_32.588-05_00_0.png,2.75,2.1915470918114095
28,1427_LeafPhotoB_2025-09-08 10_19_32.588-05_00_1.png,2.75,2.3034843961006883
29,1427_LeafPhotoB_2025-09-08 10_19_32.588-05_00_2.png,2.75,2.195689834700188
46,1118_LeafPhotoA_2025-09-08 10_03_02.378-05_00_0.png,1.0,1.9416491481765275
47,1118_LeafPhotoA_2025-09-08 10_03_02.378-05_00_1.png,1.0,1.9645130135852849
48,1118_LeafPhotoA_2025-09-08 10_03_02.378-05_00_2.png,1.0,1.760505322320724
49,1118_LeafPhotoA_2025-09-08 10_03_02.378-05_00_3.png,1.0,1.7054887822445868
54,1608_LeafPhotoA_2025-09-09 09_23_59.629-05_00_0.png,1.75,1.733011314465261
55,1608_LeafPhotoA_2025-09-09 09_23_59.629-05_00_1.png,1.75,1.6976336083005965
56,1608_LeafPhotoA_2025-09-09 09_23_59.629-05_00_2.png,1.75,1.7427445749698058
57,1608_LeafPhotoA_2025-09-09 09_23_59.629-05_00_3.png,1.75,1.9533241349651957
58,1048_LeafPhotoA_2025-09-08 10_27_26.311-05_00_0.png,1.25,1.6798281055066082
59,1048_LeafPhotoA_2025-09-08 10_27_26.311-05_00_1.png,1.25,1.6384543574330732
60,1048_LeafPhotoA_2025-09-08 10_27_26.311-05_00_2.png,1.25,1.6416857074777929
61,1048_LeafPhotoA_2025-09-08 10_27_26.311-05_00_3.png,1.25,1.7183045588921164
73,2906_LeafPhotoA_2025-09-09 16_24_18.555-05_00_0.png,1.75,1.9816479230443032
74,2906_LeafPhotoA_2025-09-09 16_24_18.555-05_00_1.png,1.75,2.215299665776834
75,2906_LeafPhotoA_2025-09-09 16_24_18.555-05_00_2.png,1.75,2.1038506027318915
76,2906_LeafPhotoA_2025-09-09 16_24_18.555-05_00_3.png,1.75,2.0370289864289477
107,2685_LeafPhotoA_2025-09-09 10_50_31.334-05_00_0.png,2.25,2.1312069804478853
108,2685_LeafPhotoA_2025-09-09 10_50_31.334-05_00_1.png,2.25,2.0164390845437667
109,2685_LeafPhotoA_2025-09-09 10_50_31.334-05_00_2.png,2.25,1.7429418194142459
126,1672_LeafPhotoA_2025-09-09 09_45_47.566-05_00_0.png,1.75,1.9260949067201003
127,1672_LeafPhotoA_2025-09-09 09_45_47.566-05_00_1.png,1.75,1.9686357660478218
128,1672_LeafPhotoA_2025-09-09 09_45_47.566-05_00_2.png,1.75,1.935996510337358
133,1680_LeafPhotoA_2025-09-09 09_30_52.328-05_00_0.png,1.25,1.5924686398303856
134,1680_LeafPhotoA_2025-09-09 09_30_52.328-05_00_1.png,1.25,1.697714378239436
135,6016_LeafPhotoA_2025-09-09 16_48_44.576-05_00_0.png,1.5,1.573610206328472
136,6016_LeafPhotoA_2025-09-09 16_48_44.576-05_00_1.png,1.5,1.6651722935432303
137,6016_LeafPhotoA_2025-09-09 16_48_44.576-05_00_2.png,1.5,1.7209111547744484
156,1272_LeafPhotoA_2025-09-08 16_15_18.232-05_00_0.png,3.25,2.7823512379719797
157,1272_LeafPhotoA_2025-09-08 16_15_18.232-05_00_1.png,3.25,2.4130892486283355
158,1272_LeafPhotoA_2025-09-08 16_15_18.232-05_00_2.png,3.25,2.138109427169123
167,2715_LeafPhotoA_2025-09-09 10_34_49.690-05_00_0.png,2.25,1.9043299841605763
168,2715_LeafPhotoA_2025-09-09 10_34_49.690-05_00_1.png,2.25,1.8596227372952414
169,2715_LeafPhotoA_2025-09-09 10_34_49.690-05_00_2.png,2.25,1.810423954281442
170,2715_LeafPhotoA_2025-09-09 10_34_49.690-05_00_3.png,2.25,1.8284195702460018
210,1587_LeafPhotoA_2025-09-09 09_37_51.582-05_00_0.png,1.5,1.5691779741013498
211,1587_LeafPhotoA_2025-09-09 09_37_51.582-05_00_1.png,1.5,1.626653725782015
212,1587_LeafPhotoA_2025-09-09 09_37_51.582-05_00_2.png,1.5,1.6252428914645443
213,1587_LeafPhotoA_2025-09-09 09_37_51.582-05_00_3.png,1.5,1.6992270300612995
239,,1.25,1.7123726659226857
240,,1.5,1.7123726659226857
293,2650_LeafPhotoA_2025-09-09 11_24_20.852-05_00_0.png,1.0,1.6420765970176767
294,2650_LeafPhotoA_2025-09-09 11_24_20.852-05_00_1.png,1.0,1.7432199920177849
295,2650_LeafPhotoA_2025-09-09 11_24_20.852-05_00_2.png,1.0,1.7976357264417435
296,2650_LeafPhotoA_2025-09-09 11_24_20.852-05_00_3.png,1.0,1.7690269424668614
305,2197_LeafPhotoA_2025-09-08 17_07_18.265-05_00_0.png,1.0,1.7571763787790295
306,2197_LeafPhotoA_2025-09-08 17_07_18.265-05_00_1.png,1.0,1.6545012795547829
307,2197_LeafPhotoA_2025-09-08 17_07_18.265-05_00_2.png,1.0,1.6886518727195001
308,2197_LeafPhotoA_2025-09-08 17_07_18.265-05_00_3.png,1.0,1.7730474546057935
364,1623_LeafPhotoA_2025-09-09 09_58_46.896-05_00_0.png,2.0,1.7255684792253105
365,1623_LeafPhotoA_2025-09-09 09_58_46.896-05_00_1.png,2.0,1.9754485713947794
366,1623_LeafPhotoA_2025-09-09 09_58_46.896-05_00_2.png,2.0,2.0782067628722025
367,1623_LeafPhotoA_2025-09-09 09_58_46.896-05_00_3.png,2.0,2.1118762901078125
372,2495_LeafPhotoB_2025-09-08 12_20_03.955-05_00_0.png,1.0,1.69898786676215
373,2495_LeafPhotoB_2025-09-08 12_20_03.955-05_00_1.png,1.0,1.6703989768186744
374,2495_LeafPhotoB_2025-09-08 12_20_03.955-05_00_2.png,1.0,1.648548759411956
375,2495_LeafPhotoB_2025-09-08 12_20_03.955-05_00_3.png,1.0,1.6215839028818917
387,1623_LeafPhotoA_2025-09-09 09_57_37.816-05_00_0.png,1.75,1.8839911792069302
388,1623_LeafPhotoA_2025-09-09 09_57_37.816-05_00_1.png,1.75,1.8590569007696531
389,1623_LeafPhotoA_2025-09-09 09_57_37.816-05_00_2.png,1.75,1.793355523400318
390,1623_LeafPhotoA_2025-09-09 09_57_37.816-05_00_3.png,1.75,1.8204576666918946
399,1136_LeafPhotoA_2025-09-08 10_28_29.129-05_00_0.png,1.5,2.0802440232339623
404,2649_LeafPhotoA_2025-09-09 11_26_12.925-05_00_0.png,3.0,1.9465529951930876
405,2649_LeafPhotoA_2025-09-09 11_26_12.925-05_00_1.png,3.0,1.8939080105803219
406,2649_LeafPhotoA_2025-09-09 11_26_12.925-05_00_2.png,3.0,1.8951108105287653
411,2011_LeafPhotoA_2025-09-08 10_45_16.513-05_00_0.png,2.0,1.720592800392047
412,2011_LeafPhotoA_2025-09-08 10_45_16.513-05_00_1.png,2.0,1.9120819537395584
413,2011_LeafPhotoA_2025-09-08 10_45_16.513-05_00_2.png,2.0,1.7251274231551914
414,2011_LeafPhotoA_2025-09-08 10_45_16.513-05_00_3.png,2.0,1.759423613498788
436,2748_LeafPhotoA_2025-09-09 11_19_26.990-05_00_0.png,3.25,2.5933656467729596
437,2748_LeafPhotoA_2025-09-09 11_19_26.990-05_00_1.png,3.25,2.467421641292286
438,2748_LeafPhotoA_2025-09-09 11_19_26.990-05_00_2.png,3.25,2.7329014569630856
439,2748_LeafPhotoA_2025-09-09 11_19_26.990-05_00_3.png,3.25,2.5377134072820016
479,6049_LeafPhotoA_2025-09-09 15_54_47.227-05_00_0.png,1.0,1.6098726501790552
480,6049_LeafPhotoA_2025-09-09 15_54_47.227-05_00_1.png,1.0,1.5902705810486375
481,6049_LeafPhotoA_2025-09-09 15_54_47.227-05_00_2.png,1.0,1.5871203755323338
482,6049_LeafPhotoA_2025-09-09 15_54_47.227-05_00_3.png,1.0,1.6874378710313311
491,1882_LeafPhotoA_2025-09-09 13_17_09.662-05_00_0.png,1.75,1.6272016654262194
492,1882_LeafPhotoA_2025-09-09 13_17_09.662-05_00_1.png,1.75,1.7900637055905058
493,1882_LeafPhotoA_2025-09-09 13_17_09.662-05_00_2.png,1.75,1.7185000998707456
528,1419_LeafPhotoA_2025-09-08 09_40_27.704-05_00_0.png,1.75,1.7830346281470513
529,1419_LeafPhotoA_2025-09-08 09_40_27.704-05_00_1.png,1.75,1.973228195225969
530,1419_LeafPhotoA_2025-09-08 09_40_27.704-05_00_2.png,1.75,1.9207727959067937
531,1419_LeafPhotoA_2025-09-08 09_40_27.704-05_00_3.png,1.75,1.7301763674241415
577,2263_LeafPhotoA_2025-09-08 12_36_09.842-05_00_0.png,1.0,1.6739824471802998
578,2263_LeafPhotoA_2025-09-08 12_36_09.842-05_00_1.png,1.0,1.5994089584163116
579,2263_LeafPhotoA_2025-09-08 12_36_09.842-05_00_2.png,1.0,1.579282038853246
580,2263_LeafPhotoA_2025-09-08 12_36_09.842-05_00_3.png,1.0,1.6001583370870343
585,1893_LeafPhotoA_2025-09-09 17_17_29.747-05_00_0.png,2.5,2.1330756642093727
586,1893_LeafPhotoA_2025-09-09 17_17_29.747-05_00_1.png,2.5,2.264390539865191
587,1893_LeafPhotoA_2025-09-09 17_17_29.747-05_00_2.png,2.5,2.2518799534587055
588,1893_LeafPhotoA_2025-09-09 17_17_29.747-05_00_3.png,2.5,2.256004988110445
705,2106_LeafPhotoA_2025-09-08 11_01_04.699-05_00_0.png,1.0,1.5676015194564914
706,2106_LeafPhotoA_2025-09-08 11_01_04.699-05_00_1.png,1.0,1.552304572036867
707,2106_LeafPhotoA_2025-09-08 11_01_04.699-05_00_2.png,1.0,1.6605489352945815
708,2106_LeafPhotoA_2025-09-08 11_01_04.699-05_00_3.png,1.0,1.7549154884932754
723,1772_LeafPhotoA_2025-09-09 09_57_17.313-05_00_0.png,1.25,1.769459344530457
724,1772_LeafPhotoA_2025-09-09 09_57_17.313-05_00_1.png,1.25,1.697857974996423
725,1772_LeafPhotoA_2025-09-09 09_57_17.313-05_00_2.png,1.25,1.725617400705733
726,1772_LeafPhotoA_2025-09-09 09_57_17.313-05_00_3.png,1.25,1.7932405070097617
737,1210_LeafPhotoA_2025-09-08 09_39_04.129-05_00_0.png,1.25,1.7262134629753632
738,1210_LeafPhotoA_2025-09-08 09_39_04.129-05_00_1.png,1.25,1.7448221382232616
739,1210_LeafPhotoA_2025-09-08 09_39_04.129-05_00_2.png,1.25,1.778932962773809
740,1210_LeafPhotoA_2025-09-08 09_39_04.129-05_00_3.png,1.25,1.6284221761389912
764,6015_LeafPhotoA_2025-09-09 16_52_18.680-05_00_0.png,1.0,1.637753970265774
765,6015_LeafPhotoA_2025-09-09 16_52_18.680-05_00_1.png,1.0,1.6839899086050398
784,1495_LeafPhotoB_2025-09-08 16_59_04.309-05_00_0.png,1.5,1.9285488809650944
785,1495_LeafPhotoB_2025-09-08 16_59_04.309-05_00_1.png,1.5,1.8600864092943235
786,1495_LeafPhotoB_2025-09-08 16_59_04.309-05_00_2.png,1.5,1.8719029909468186
787,1495_LeafPhotoB_2025-09-08 16_59_04.309-05_00_3.png,1.5,1.8987901091176056
811,2150_LeafPhotoA_2025-09-08 12_22_07.286-05_00_0.png,1.5,1.8210698518493613
812,2150_LeafPhotoA_2025-09-08 12_22_07.286-05_00_1.png,1.5,1.8671849556961797
813,2150_LeafPhotoA_2025-09-08 12_22_07.286-05_00_2.png,1.5,1.7099540655888374
814,2150_LeafPhotoA_2025-09-08 12_22_07.286-05_00_3.png,1.5,1.7059445470214627
819,1452_LeafPhotoB_2025-09-08 12_28_36.613-05_00_0.png,1.0,1.938943086805123
820,1452_LeafPhotoB_2025-09-08 12_28_36.613-05_00_1.png,1.0,1.5476294697770123
821,1452_LeafPhotoB_2025-09-08 12_28_36.613-05_00_2.png,1.0,1.5930243098691241
822,1452_LeafPhotoB_2025-09-08 12_28_36.613-05_00_3.png,1.0,1.5142357417300338
827,2317_LeafPhotoA_2025-09-08 10_45_32.243-05_00_0.png,3.25,2.4861667283596462
828,2317_LeafPhotoA_2025-09-08 10_45_32.243-05_00_1.png,3.25,2.347231854442282
829,2317_LeafPhotoA_2025-09-08 10_45_32.243-05_00_2.png,3.25,1.9545431280643182
830,2317_LeafPhotoA_2025-09-08 10_45_32.243-05_00_3.png,3.25,2.0694675283365305
839,2235_LeafPhotoA_2025-09-08 11_40_03.588-05_00_0.png,2.5,2.148284129996108
840,2235_LeafPhotoA_2025-09-08 11_40_03.588-05_00_1.png,2.5,1.8392816684984852
841,2235_LeafPhotoA_2025-09-08 11_40_03.588-05_00_2.png,2.5,1.8681391303556547
842,2235_LeafPhotoA_2025-09-08 11_40_03.588-05_00_3.png,2.5,1.806358757467021
851,1396_LeafPhotoA_2025-09-08 13_22_43.424-05_00_0.png,1.5,1.7191586689382745
852,1396_LeafPhotoA_2025-09-08 13_22_43.424-05_00_1.png,1.5,1.6854410689463892
853,1396_LeafPhotoA_2025-09-08 13_22_43.424-05_00_2.png,1.5,1.735457015847785
854,1396_LeafPhotoA_2025-09-08 13_22_43.424-05_00_3.png,1.5,2.022194968605668
863,1480_LeafPhotoB_2025-09-08 16_44_45.429-05_00_0.png,1.75,1.8629426287972133
874,2625_LeafPhotoA_2025-09-09 12_15_05.460-05_00_0.png,2.75,1.8294640384268868
875,2625_LeafPhotoA_2025-09-09 12_15_05.460-05_00_1.png,2.75,1.8180937247450406
876,2625_LeafPhotoA_2025-09-09 12_15_05.460-05_00_2.png,2.75,1.8015760942417292
877,2625_LeafPhotoA_2025-09-09 12_15_05.460-05_00_3.png,2.75,1.750988331088274
894,2742_LeafPhotoA_2025-09-09 11_11_59.314-05_00_0.png,2.75,2.8618975353350358
895,2742_LeafPhotoA_2025-09-09 11_11_59.314-05_00_1.png,2.75,2.607267927147959
896,2742_LeafPhotoA_2025-09-09 11_11_59.314-05_00_2.png,2.75,2.4283804057104175
897,2742_LeafPhotoA_2025-09-09 11_11_59.314-05_00_3.png,2.75,2.2469520404525247
945,6018_LeafPhotoA_2025-09-09 16_46_05.626-05_00_0.png,1.0,1.641597641873377
946,6018_LeafPhotoA_2025-09-09 16_46_05.626-05_00_1.png,1.0,1.6309674418790125
947,6018_LeafPhotoA_2025-09-09 16_46_05.626-05_00_2.png,1.0,1.6860014794394627
948,6018_LeafPhotoA_2025-09-09 16_46_05.626-05_00_3.png,1.0,1.735967823280807
949,1882_LeafPhotoA_2025-09-09 13_17_22.842-05_00_0.png,1.75,1.734736504626695
950,1882_LeafPhotoA_2025-09-09 13_17_22.842-05_00_1.png,1.75,2.001597683759738
951,1882_LeafPhotoA_2025-09-09 13_17_22.842-05_00_2.png,1.75,1.7063569734824562
952,1882_LeafPhotoA_2025-09-09 13_17_22.842-05_00_3.png,1.75,1.729641135531422
956,1095_LeafPhotoA_2025-09-09 11_06_50.542-05_00_0.png,1.5,1.7377455378943387
957,1095_LeafPhotoA_2025-09-09 11_06_50.542-05_00_1.png,1.5,1.7572540512319919
958,1095_LeafPhotoA_2025-09-09 11_06_50.542-05_00_2.png,1.5,1.7967886718115031
959,1095_LeafPhotoA_2025-09-09 11_06_50.542-05_00_3.png,1.5,1.7290352101351516
971,2887_LeafPhotoA_2025-09-09 14_03_46.022-05_00_0.png,2.5,1.882908539416667
972,2887_LeafPhotoA_2025-09-09 14_03_46.022-05_00_1.png,2.5,1.950046408925182
973,2887_LeafPhotoA_2025-09-09 14_03_46.022-05_00_2.png,2.5,1.87973929275632
974,1689_LeafPhotoA_2025-09-09 09_13_19.326-05_00_0.png,1.0,1.812325098054395
975,1689_LeafPhotoA_2025-09-09 09_13_19.326-05_00_1.png,1.0,1.7082299018705753
980,,2.75,1.7123726659226857
989,2035_LeafPhotoA_2025-09-08 11_13_14.336-05_00_0.png,1.25,1.6577598088401109
990,2035_LeafPhotoA_2025-09-08 11_13_14.336-05_00_1.png,1.25,1.5487788092576213
991,2035_LeafPhotoA_2025-09-08 11_13_14.336-05_00_2.png,1.25,1.586016270018108
992,2035_LeafPhotoA_2025-09-08 11_13_14.336-05_00_3.png,1.25,1.6189226732840325
1010,1549_LeafPhotoA_2025-09-09 09_50_49.099-05_00_0.png,2.75,2.087493487091397
1011,1549_LeafPhotoA_2025-09-09 09_50_49.099-05_00_1.png,2.75,2.1559505036085924
1012,1549_LeafPhotoA_2025-09-09 09_50_49.099-05_00_2.png,2.75,2.0859624618587476
1013,1549_LeafPhotoA_2025-09-09 09_50_49.099-05_00_3.png,2.75,1.8981467286476015
1034,1874_LeafPhotoA_2025-09-09 13_24_05.096-05_00_0.png,1.25,1.7700113418143602
1035,1874_LeafPhotoA_2025-09-09 13_24_05.096-05_00_1.png,1.25,1.6960448557075873
1036,1874_LeafPhotoA_2025-09-09 13_24_05.096-05_00_2.png,1.25,1.6398356875108042
1037,1874_LeafPhotoA_2025-09-09 13_24_05.096-05_00_3.png,1.25,1.7022203850357875
1044,1577_LeafPhotoA_2025-09-09 09_51_50.173-05_00_0.png,1.75,1.7580724644865522
1045,1577_LeafPhotoA_2025-09-09 09_51_50.173-05_00_1.png,1.75,1.8795209846876837
1046,1577_LeafPhotoA_2025-09-09 09_51_50.173-05_00_2.png,1.75,1.9070992897281596
1065,1218_LeafPhotoA_2025-09-08 09_55_48.140-05_00_0.png,3.5,2.4837189145098386
1066,1218_LeafPhotoA_2025-09-08 09_55_48.140-05_00_1.png,3.5,2.1426206055189225
1067,1218_LeafPhotoA_2025-09-08 09_55_48.140-05_00_2.png,3.5,2.0391123472832073
1068,1218_LeafPhotoA_2025-09-08 09_55_48.140-05_00_3.png,3.5,2.0771091155898604
1069,5036_LeafPhotoA_2025-09-09 17_09_05.761-05_00_0.png,1.5,1.703220794398813
1070,5036_LeafPhotoA_2025-09-09 17_09_05.761-05_00_1.png,1.5,1.9312468356090657
1071,5036_LeafPhotoA_2025-09-09 17_09_05.761-05_00_2.png,1.5,1.6896578529542936
1072,5036_LeafPhotoA_2025-09-09 17_09_05.761-05_00_3.png,1.5,1.78315098150402
1077,6010_LeafPhotoA_2025-09-09 17_01_22.660-05_00_0.png,1.25,1.646012953002021
1078,6010_LeafPhotoA_2025-09-09 17_01_22.660-05_00_1.png,1.25,1.5777588452139535
1079,6010_LeafPhotoA_2025-09-09 17_01_22.660-05_00_2.png,1.25,1.5388429502787089
1080,6010_LeafPhotoA_2025-09-09 17_01_22.660-05_00_3.png,1.25,1.5784899859270987
1121,2772_LeafPhotoA_2025-09-09 15_47_32.015-05_00_0.png,1.0,1.6196872946956138
1122,2772_LeafPhotoA_2025-09-09 15_47_32.015-05_00_1.png,1.0,1.703346729798838
1123,2772_LeafPhotoA_2025-09-09 15_47_32.015-05_00_2.png,1.0,1.7062385900419945
1124,,1.5,1.7123726659226857
1127,2656_LeafPhotoA_2025-09-09 11_30_02.897-05_00_0.png,2.0,2.0163980491043185
1128,2656_LeafPhotoA_2025-09-09 11_30_02.897-05_00_1.png,2.0,1.8227074627692859
1129,2656_LeafPhotoA_2025-09-09 11_30_02.897-05_00_2.png,2.0,2.3338981070994436
1138,,1.5,1.7123726659226857
1139,1427_LeafPhotoA_2025-09-08 09_49_32.229-05_00_0.png,3.25,2.319796776008077
1140,1427_LeafPhotoA_2025-09-08 09_49_32.229-05_00_1.png,3.25,2.3749416382336275
1141,1427_LeafPhotoA_2025-09-08 09_49_32.229-05_00_2.png,3.25,2.4794476539649732
1142,1427_LeafPhotoA_2025-09-08 09_49_32.229-05_00_3.png,3.25,2.4354848474503075
1201,2186_LeafPhotoA_2025-09-09 12_31_28.944-05_00_0.png,2.5,2.490065096821965
1202,2186_LeafPhotoA_2025-09-09 12_31_28.944-05_00_1.png,2.5,2.7098463276310625
1203,2186_LeafPhotoA_2025-09-09 12_31_28.944-05_00_2.png,2.5,2.903836256250345
1204,2186_LeafPhotoA_2025-09-09 12_31_28.944-05_00_3.png,2.5,2.5956248989694233
1205,1792_LeafPhotoA_2025-09-09 09_09_06.607-05_00_0.png,1.25,1.6890772868628912
1206,1792_LeafPhotoA_2025-09-09 09_09_06.607-05_00_1.png,1.25,1.7780486717337534
1207,1792_LeafPhotoA_2025-09-09 09_09_06.607-05_00_2.png,1.25,1.9282648956507304
1208,1792_LeafPhotoA_2025-09-09 09_09_06.607-05_00_3.png,1.25,1.7340918245626051
1214,1137_LeafPhotoA_2025-09-08 10_30_17.775-05_00_0.png,1.5,1.8189305575745214
1215,1137_LeafPhotoA_2025-09-08 10_30_17.775-05_00_1.png,1.5,1.8339583832490185
1216,1137_LeafPhotoA_2025-09-08 10_30_17.775-05_00_2.png,1.5,1.7431658349139976
1217,1137_LeafPhotoA_2025-09-08 10_30_17.775-05_00_3.png,1.5,1.7058006448566627
1226,2140_LeafPhotoA_2025-09-08 12_01_54.848-05_00_0.png,2.25,1.977585020822828
1227,2140_LeafPhotoA_2025-09-08 12_01_54.848-05_00_1.png,2.25,1.825517410038791
1228,2140_LeafPhotoA_2025-09-08 12_01_54.848-05_00_2.png,2.25,1.8659056387583872
1243,5021_LeafPhotoA_2025-09-09 16_37_05.057-05_00_0.png,1.75,1.8817288807647743
1244,5021_LeafPhotoA_2025-09-09 16_37_05.057-05_00_1.png,1.75,1.6303435272480347
1245,5021_LeafPhotoA_2025-09-09 16_37_05.057-05_00_2.png,1.75,1.549067206178467
1246,5021_LeafPhotoA_2025-09-09 16_37_05.057-05_00_3.png,1.75,1.5364001109005954
1285,5006_LeafPhotoA_2025-09-09 16_01_39.048-05_00_0.png,1.25,1.74047481356363
1286,5006_LeafPhotoA_2025-09-09 16_01_39.048-05_00_1.png,1.25,1.6514151618254747
1287,5006_LeafPhotoA_2025-09-09 16_01_39.048-05_00_2.png,1.25,1.7978867692585763
1288,5006_LeafPhotoA_2025-09-09 16_01_39.048-05_00_3.png,1.25,1.6045964088335418
1289,1157_LeafPhotoA_2025-09-08 16_50_24.357-05_00_0.png,2.5,2.227532959007225
1290,1157_LeafPhotoA_2025-09-08 16_50_24.357-05_00_1.png,2.5,2.3976523920516772
1291,1157_LeafPhotoA_2025-09-08 16_50_24.357-05_00_2.png,2.5,2.278472442744019
1300,2956_LeafPhotoA_2025-09-09 15_59_30.545-05_00_0.png,1.5,1.690439787619646
1301,2956_LeafPhotoA_2025-09-09 15_59_30.545-05_00_1.png,1.5,2.0141712310343305
1302,2956_LeafPhotoA_2025-09-09 15_59_30.545-05_00_2.png,1.5,1.7251262434997932
1303,2956_LeafPhotoA_2025-09-09 15_59_30.545-05_00_3.png,1.5,1.6945229190600717
1304,1638_LeafPhotoA_2025-09-09 10_27_46.342-05_00_0.png,2.5,2.171378363248234
1305,1638_LeafPhotoA_2025-09-09 10_27_46.342-05_00_1.png,2.5,2.2632199340548778
1306,1638_LeafPhotoA_2025-09-09 10_27_46.342-05_00_2.png,2.5,2.118067050449694
1307,1638_LeafPhotoA_2025-09-09 10_27_46.342-05_00_3.png,2.5,1.93959132265653
1316,2464_LeafPhotoB_2025-09-08 11_41_40.408-05_00_0.png,2.75,2.4006680296004017
1317,2464_LeafPhotoB_2025-09-08 11_41_40.408-05_00_1.png,2.75,2.077932664639998
1318,2464_LeafPhotoB_2025-09-08 11_41_40.408-05_00_2.png,2.75,2.116723695060672
1319,2464_LeafPhotoB_2025-09-08 11_41_40.408-05_00_3.png,2.75,2.0945413164371183
1324,6043_LeafPhotoA_2025-09-09 16_04_16.208-05_00_0.png,2.0,1.738773225266162
1325,6043_LeafPhotoA_2025-09-09 16_04_16.208-05_00_1.png,2.0,1.760430135481992
1326,6043_LeafPhotoA_2025-09-09 16_04_16.208-05_00_2.png,2.0,1.7391225151518297
1327,6043_LeafPhotoA_2025-09-09 16_04_16.208-05_00_3.png,2.0,1.786519638002321
1328,1534_LeafPhotoA_2025-09-09 09_32_36.020-05_00_0.png,2.75,2.4057347741053263
1329,1534_LeafPhotoA_2025-09-09 09_32_36.020-05_00_1.png,2.75,2.3947348754580764
1330,1534_LeafPhotoA_2025-09-09 09_32_36.020-05_00_2.png,2.75,1.869255870788282
1331,1534_LeafPhotoA_2025-09-09 09_32_36.020-05_00_3.png,2.75,1.6851878499968664
1336,,1.0,1.7123726659226857
1337,2453_LeafPhotoB_2025-09-08 11_30_51.747-05_00_0.png,1.75,1.909964254663754
1338,2453_LeafPhotoB_2025-09-08 11_30_51.747-05_00_1.png,1.75,1.9992703454812608
1339,2453_LeafPhotoB_2025-09-08 11_30_51.747-05_00_2.png,1.75,1.8597318343850877
1340,2453_LeafPhotoB_2025-09-08 11_30_51.747-05_00_3.png,1.75,1.9233266329151577
1341,,2.25,1.7123726659226857
1348,1539_LeafPhotoA_2025-09-09 09_37_58.578-05_00_0.png,2.0,1.8758838941881693
1349,1539_LeafPhotoA_2025-09-09 09_37_58.578-05_00_1.png,2.0,1.8905341019597024
1350,1539_LeafPhotoA_2025-09-09 09_37_58.578-05_00_2.png,2.0,1.8532113826146321
1351,1539_LeafPhotoA_2025-09-09 09_37_58.578-05_00_3.png,2.0,1.7538286440404276
1375,,2.75,1.7123726659226857
1404,2505_LeafPhotoA_2025-09-09 10_00_57.054-05_00_0.png,1.25,1.7845043156054188
1405,2505_LeafPhotoA_2025-09-09 10_00_57.054-05_00_1.png,1.25,1.699219239294704
1406,2505_LeafPhotoA_2025-09-09 10_00_57.054-05_00_2.png,1.25,1.741368927970322
1407,2505_LeafPhotoA_2025-09-09 10_00_57.054-05_00_3.png,1.25,1.699301726209233
1408,1479_LeafPhotoB_2025-09-08 16_43_58.192-05_00_0.png,2.25,1.8622266599248982
1409,1479_LeafPhotoB_2025-09-08 16_43_58.192-05_00_1.png,2.25,1.8115249472463104
1410,1479_LeafPhotoB_2025-09-08 16_43_58.192-05_00_2.png,2.25,1.8166918139336887
1411,1479_LeafPhotoB_2025-09-08 16_43_58.192-05_00_3.png,2.25,1.9187642521092603
1420,5016_LeafPhotoA_2025-09-09 16_24_50.932-05_00_0.png,1.0,1.6768863777905956
1421,5016_LeafPhotoA_2025-09-09 16_24_50.932-05_00_1.png,1.0,1.5977617303791836
1422,5016_LeafPhotoA_2025-09-09 16_24_50.932-05_00_2.png,1.0,1.690866263924699
1423,5016_LeafPhotoA_2025-09-09 16_24_50.932-05_00_3.png,1.0,1.7035363861714476
1431,,1.25,1.7123726659226857
1436,1385_LeafPhotoA_2025-09-08 13_04_24.143-05_00_0.png,2.0,1.7744214561775509
1437,1385_LeafPhotoA_2025-09-08 13_04_24.143-05_00_1.png,2.0,1.8794700263115514
1438,1385_LeafPhotoA_2025-09-08 13_04_24.143-05_00_2.png,2.0,1.8540188388681038
1450,,1.25,1.7123726659226857
1465,1391_LeafPhotoA_2025-09-08 13_11_35.950-05_00_0.png,4.5,3.1074687574422497
1466,1391_LeafPhotoA_2025-09-08 13_11_35.950-05_00_1.png,4.5,2.7581786876264434
1467,1391_LeafPhotoA_2025-09-08 13_11_35.950-05_00_2.png,4.5,2.8343714230672465
1468,1391_LeafPhotoA_2025-09-08 13_11_35.950-05_00_3.png,4.5,2.7465220640535097
1497,,2.0,1.7123726659226857
1502,2145_LeafPhotoA_2025-09-08 12_12_59.236-05_00_0.png,2.0,1.86619489296966
1503,2145_LeafPhotoA_2025-09-08 12_12_59.236-05_00_1.png,2.0,1.7380165154368914
1504,2145_LeafPhotoA_2025-09-08 12_12_59.236-05_00_2.png,2.0,2.2079364278186833
1505,2145_LeafPhotoA_2025-09-08 12_12_59.236-05_00_3.png,2.0,2.219542965240529
1528,1941_LeafPhotoA_2025-09-09 15_40_00.245-05_00_0.png,2.0,1.7698479311258912
1529,1941_LeafPhotoA_2025-09-09 15_40_00.245-05_00_1.png,2.0,2.1145145264808574
1530,1941_LeafPhotoA_2025-09-09 15_40_00.245-05_00_2.png,2.0,2.053943731867978
1535,1118_LeafPhotoA_2025-09-08 10_02_17.783-05_00_0.png,1.75,1.8769663465368758
1536,1118_LeafPhotoA_2025-09-08 10_02_17.783-05_00_1.png,1.75,1.9303901739313891
1537,1118_LeafPhotoA_2025-09-08 10_02_17.783-05_00_2.png,1.75,1.9037655766289674
1538,1118_LeafPhotoA_2025-09-08 10_02_17.783-05_00_3.png,1.75,1.980203047912413
1539,2030_LeafPhotoA_2025-09-08 11_08_05.704-05_00_0.png,1.75,1.6902177545787258
1540,2030_LeafPhotoA_2025-09-08 11_08_05.704-05_00_1.png,1.75,2.008424001394201
1541,2030_LeafPhotoA_2025-09-08 11_08_05.704-05_00_2.png,1.75,2.1149497957358836
1542,2030_LeafPhotoA_2025-09-08 11_08_05.704-05_00_3.png,1.75,1.5766719280819517
1555,,1.5,1.7123726659226857
1561,1405_LeafPhotoB_2025-09-08 09_59_46.991-05_00_0.png,1.0,1.6368905738940571
1562,1405_LeafPhotoB_2025-09-08 09_59_46.991-05_00_1.png,1.0,1.6485225477960581
1563,1405_LeafPhotoB_2025-09-08 09_59_46.991-05_00_2.png,1.0,1.612916480746493
1564,1405_LeafPhotoB_2025-09-08 09_59_46.991-05_00_3.png,1.0,1.6810033528097563
1573,1603_LeafPhotoA_2025-09-09 08_56_04.202-05_00_0.png,2.75,2.1022768129524123
1574,1603_LeafPhotoA_2025-09-09 08_56_04.202-05_00_1.png,2.75,2.2146045354857247
1575,1603_LeafPhotoA_2025-09-09 08_56_04.202-05_00_2.png,2.75,1.9460802754499549
1576,1603_LeafPhotoA_2025-09-09 08_56_04.202-05_00_3.png,2.75,2.0680580103555144
1611,2186_LeafPhotoA_2025-09-09 12_31_18.903-05_00_0.png,2.75,2.752112916359239
1612,2186_LeafPhotoA_2025-09-09 12_31_18.903-05_00_1.png,2.75,2.826045000632749
1613,2186_LeafPhotoA_2025-09-09 12_31_18.903-05_00_2.png,2.75,2.6970245076346075
1614,2186_LeafPhotoA_2025-09-09 12_31_18.903-05_00_3.png,2.75,3.02060445837845
1643,1385_LeafPhotoA_2025-09-08 13_05_07.306-05_00_0.png,2.75,2.0223861536783354
1644,1385_LeafPhotoA_2025-09-08 13_05_07.306-05_00_1.png,2.75,2.016838458654637
1645,1385_LeafPhotoA_2025-09-08 13_05_07.306-05_00_2.png,2.75,1.8771581597224019
1646,1385_LeafPhotoA_2025-09-08 13_05_07.306-05_00_3.png,2.75,1.9295521742440285
1680,1534_LeafPhotoA_2025-09-09 09_32_49.938-05_00_0.png,1.25,1.8161842198980356
1681,1534_LeafPhotoA_2025-09-09 09_32_49.938-05_00_1.png,1.25,2.0297219664186565
1682,1534_LeafPhotoA_2025-09-09 09_32_49.938-05_00_2.png,1.25,2.1220442385093112
1683,1534_LeafPhotoA_2025-09-09 09_32_49.938-05_00_3.png,1.25,1.7960817131283462
1710,1210_LeafPhotoA_2025-09-08 09_38_24.164-05_00_0.png,1.25,1.7029846406961355
1711,1210_LeafPhotoA_2025-09-08 09_38_24.164-05_00_1.png,1.25,1.7423990055710272
1712,1210_LeafPhotoA_2025-09-08 09_38_24.164-05_00_2.png,1.25,1.705572272695628
1713,1210_LeafPhotoA_2025-09-08 09_38_24.164-05_00_3.png,1.25,1.7793682000332551
1743,2118_LeafPhotoA_2025-09-08 11_24_23.851-05_00_0.png,3.0,2.5997933418669676
1744,2118_LeafPhotoA_2025-09-08 11_24_23.851-05_00_1.png,3.0,2.6825738133949244
1745,2118_LeafPhotoA_2025-09-08 11_24_23.851-05_00_2.png,3.0,2.525476963116862
1746,2118_LeafPhotoA_2025-09-08 11_24_23.851-05_00_3.png,3.0,2.456215621406314
1773,1351_LeafPhotoA_2025-09-08 12_28_03.896-05_00_0.png,2.0,1.7772690799518398
1774,1351_LeafPhotoA_2025-09-08 12_28_03.896-05_00_1.png,2.0,1.8945962991149716
1775,1351_LeafPhotoA_2025-09-08 12_28_03.896-05_00_2.png,2.0,1.9333237794269136
1788,2796_LeafPhotoA_2025-09-09 11_09_54.572-05_00_0.png,1.5,1.8925450243985475
1789,2796_LeafPhotoA_2025-09-09 11_09_54.572-05_00_1.png,1.5,1.9086587612915973
1790,2796_LeafPhotoA_2025-09-09 11_09_54.572-05_00_2.png,1.5,1.9120101446791649
1791,2796_LeafPhotoA_2025-09-09 11_09_54.572-05_00_3.png,1.5,1.8608172768529783
1824,1809_LeafPhotoA_2025-09-09 09_04_05.610-05_00_0.png,2.25,1.81517939435364
1825,1809_LeafPhotoA_2025-09-09 09_04_05.610-05_00_1.png,2.25,1.8045707964958155
1826,1809_LeafPhotoA_2025-09-09 09_04_05.610-05_00_2.png,2.25,1.7060927835995574
1827,1809_LeafPhotoA_2025-09-09 09_04_05.610-05_00_3.png,2.25,1.8792528515623514
1828,1897_LeafPhotoA_2025-09-09 17_20_57.001-05_00_0.png,1.5,1.69495005242006
1829,1897_LeafPhotoA_2025-09-09 17_20_57.001-05_00_1.png,1.5,1.8035035213288877
1830,1897_LeafPhotoA_2025-09-09 17_20_57.001-05_00_2.png,1.5,1.685654781249594
1839,1480_LeafPhotoB_2025-09-08 16_45_21.155-05_00_0.png,1.5,2.214055113291278
1840,1480_LeafPhotoB_2025-09-08 16_45_21.155-05_00_1.png,1.5,2.2205907559860725
1841,1480_LeafPhotoB_2025-09-08 16_45_21.155-05_00_2.png,1.5,1.8250931696514128
1842,1480_LeafPhotoB_2025-09-08 16_45_21.155-05_00_3.png,1.5,2.0438246148631207
1847,1921_LeafPhotoA_2025-09-09 15_12_57.015-05_00_0.png,2.5,1.9142296189326953
1848,1921_LeafPhotoA_2025-09-09 15_12_57.015-05_00_1.png,2.5,2.162006621027036
1849,1921_LeafPhotoA_2025-09-09 15_12_57.015-05_00_2.png,2.5,2.3522677521423643
1850,1921_LeafPhotoA_2025-09-09 15_12_57.015-05_00_3.png,2.5,2.044695139523217
1851,2274_LeafPhotoA_2025-09-08 17_09_38.644-05_00_0.png,2.0,1.8066652060314985
1852,2274_LeafPhotoA_2025-09-08 17_09_38.644-05_00_1.png,2.0,2.113023861744838
1853,2274_LeafPhotoA_2025-09-08 17_09_38.644-05_00_2.png,2.0,2.2361662599776957
1854,2274_LeafPhotoA_2025-09-08 17_09_38.644-05_00_3.png,2.0,2.248599336490107
1859,,3.5,1.7123726659226857
1879,1427_LeafPhotoA_2025-09-08 09_50_09.893-05_00_0.png,2.5,1.8443841013826503
1880,1427_LeafPhotoA_2025-09-08 09_50_09.893-05_00_1.png,2.5,1.8336025350065608
1881,1427_LeafPhotoA_2025-09-08 09_50_09.893-05_00_2.png,2.5,2.1682334656048856
1882,1427_LeafPhotoA_2025-09-08 09_50_09.893-05_00_3.png,2.5,2.2227090710895854
1887,6043_LeafPhotoA_2025-09-09 16_04_58.355-05_00_0.png,1.75,1.6850283447811498
1888,6043_LeafPhotoA_2025-09-09 16_04_58.355-05_00_1.png,1.75,1.734410017961199
1889,6043_LeafPhotoA_2025-09-09 16_04_58.355-05_00_2.png,1.75,1.8410264519228325
1890,6043_LeafPhotoA_2025-09-09 16_04_58.355-05_00_3.png,1.75,1.8423084074794585
1910,2489_LeafPhotoB_2025-09-08 12_04_49.131-05_00_0.png,2.5,2.066461522116514
1911,2489_LeafPhotoB_2025-09-08 12_04_49.131-05_00_1.png,2.5,1.9123557664636408
1912,2489_LeafPhotoB_2025-09-08 12_04_49.131-05_00_2.png,2.5,1.9787515679839605
1913,2489_LeafPhotoB_2025-09-08 12_04_49.131-05_00_3.png,2.5,1.8568607886423285
1920,1792_LeafPhotoA_2025-09-09 09_08_36.909-05_00_0.png,1.75,1.8840367694883946
1921,1792_LeafPhotoA_2025-09-09 09_08_36.909-05_00_1.png,1.75,1.8709710618794406
1922,1792_LeafPhotoA_2025-09-09 09_08_36.909-05_00_2.png,1.75,1.7933225667879296
1923,1792_LeafPhotoA_2025-09-09 09_08_36.909-05_00_3.png,1.75,1.8833244118962966
1932,1037_LeafPhotoA_2025-09-08 10_14_34.857-05_00_0.png,2.25,1.8230520794493312
1933,1037_LeafPhotoA_2025-09-08 10_14_34.857-05_00_1.png,2.25,1.7573352594401346
1934,1037_LeafPhotoA_2025-09-08 10_14_34.857-05_00_2.png,2.25,1.73078489089886
1935,1037_LeafPhotoA_2025-09-08 10_14_34.857-05_00_3.png,2.25,1.7593450135104547
1960,1576_LeafPhotoA_2025-09-09 09_52_24.983-05_00_0.png,1.25,1.6671129327364822
1961,1576_LeafPhotoA_2025-09-09 09_52_24.983-05_00_1.png,1.25,1.632396276299236
1962,1576_LeafPhotoA_2025-09-09 09_52_24.983-05_00_2.png,1.25,1.7128486549283757
1963,1576_LeafPhotoA_2025-09-09 09_52_24.983-05_00_3.png,1.25,1.7729129747817827
1964,1747_LeafPhotoA_2025-09-09 10_05_14.099-05_00_0.png,3.5,2.496286675338051
1965,1747_LeafPhotoA_2025-09-09 10_05_14.099-05_00_1.png,3.5,2.5876771314555755
1966,1747_LeafPhotoA_2025-09-09 10_05_14.099-05_00_2.png,3.5,2.5050880853752373
1967,1747_LeafPhotoA_2025-09-09 10_05_14.099-05_00_3.png,3.5,2.6791190334254367
1968,,3.25,1.7123726659226857
1977,2394_LeafPhotoA_2025-09-08 12_19_19.139-05_00_0.png,2.75,1.8524865225432186
1978,2394_LeafPhotoA_2025-09-08 12_19_19.139-05_00_1.png,2.75,2.18222896567227
1979,2394_LeafPhotoA_2025-09-08 12_19_19.139-05_00_2.png,2.75,2.246461928683775
1980,2394_LeafPhotoA_2025-09-08 12_19_19.139-05_00_3.png,2.75,2.328574945876707
1981,2277_LeafPhotoA_2025-09-08 17_02_56.416-05_00_0.png,2.25,1.9506304129593597
1982,2277_LeafPhotoA_2025-09-08 17_02_56.416-05_00_1.png,2.25,2.0379393055595654
1983,2277_LeafPhotoA_2025-09-08 17_02_56.416-05_00_2.png,2.25,1.920282613306027
2019,1405_LeafPhotoA_2025-09-08 09_26_00.409-05_00_0.png,1.25,1.7401385703327465
2020,1405_LeafPhotoA_2025-09-08 09_26_00.409-05_00_1.png,1.25,1.6543223308625785
2021,1405_LeafPhotoA_2025-09-08 09_26_00.409-05_00_2.png,1.25,1.6350792923572528
2022,1405_LeafPhotoA_2025-09-08 09_26_00.409-05_00_3.png,1.25,1.6703563302810593
2055,2590_LeafPhotoA_2025-09-09 10_31_27.084-05_00_0.png,1.5,1.687050058168382
2056,2590_LeafPhotoA_2025-09-09 10_31_27.084-05_00_1.png,1.5,1.550399076145304
2057,2590_LeafPhotoA_2025-09-09 10_31_27.084-05_00_2.png,1.5,1.5064553961296414
2058,2590_LeafPhotoA_2025-09-09 10_31_27.084-05_00_3.png,1.5,1.6002174007050172
2075,1171_LeafPhotoA_2025-09-08 16_30_33.870-05_00_0.png,2.0,1.7787121088763889
2076,1171_LeafPhotoA_2025-09-08 16_30_33.870-05_00_1.png,2.0,1.7898895026721073
2077,1171_LeafPhotoA_2025-09-08 16_30_33.870-05_00_2.png,2.0,1.9679166189883115
2078,1171_LeafPhotoA_2025-09-08 16_30_33.870-05_00_3.png,2.0,1.8438386621942144
2087,6018_LeafPhotoA_2025-09-09 16_46_19.898-05_00_0.png,1.25,1.5330310079926948
2088,6018_LeafPhotoA_2025-09-09 16_46_19.898-05_00_1.png,1.25,1.5473998567973999
2089,6018_LeafPhotoA_2025-09-09 16_46_19.898-05_00_2.png,1.25,1.6022984316809776
2090,6018_LeafPhotoA_2025-09-09 16_46_19.898-05_00_3.png,1.25,1.5777249752920217
2091,2935_LeafPhotoA_2025-09-09 16_33_34.724-05_00_0.png,1.5,1.6537202201894534
2092,2935_LeafPhotoA_2025-09-09 16_33_34.724-05_00_1.png,1.5,1.6453169739330715
2093,2935_LeafPhotoA_2025-09-09 16_33_34.724-05_00_2.png,1.5,1.695108476376277
2094,2935_LeafPhotoA_2025-09-09 16_33_34.724-05_00_3.png,1.5,1.7058350709246606
2103,1240_LeafPhotoA_2025-09-08 10_28_24.122-05_00_0.png,1.5,1.688570589276277
2104,1240_LeafPhotoA_2025-09-08 10_28_24.122-05_00_1.png,1.5,1.7643818370133193
2105,1240_LeafPhotoA_2025-09-08 10_28_24.122-05_00_2.png,1.5,1.8304139504071775
2106,1240_LeafPhotoA_2025-09-08 10_28_24.122-05_00_3.png,1.5,1.7242304544154399
2129,2091_LeafPhotoA_2025-09-08 12_28_15.428-05_00_0.png,2.75,1.9601928060329767
2130,2091_LeafPhotoA_2025-09-08 12_28_15.428-05_00_1.png,2.75,2.1091771343623136
2131,2091_LeafPhotoA_2025-09-08 12_28_15.428-05_00_2.png,2.75,1.9228169653524734
2132,2091_LeafPhotoA_2025-09-08 12_28_15.428-05_00_3.png,2.75,1.8612307600774116
2149,1324_LeafPhotoA_2025-09-08 09_47_08.944-05_00_0.png,2.0,1.6528405573006002
2150,1324_LeafPhotoA_2025-09-08 09_47_08.944-05_00_1.png,2.0,1.7318337751107689
2151,1324_LeafPhotoA_2025-09-08 09_47_08.944-05_00_2.png,2.0,1.9884640521336523
2152,1324_LeafPhotoA_2025-09-08 09_47_08.944-05_00_3.png,2.0,2.1143592222513465
2177,1098_LeafPhotoA_2025-09-09 11_09_21.218-05_00_0.png,1.25,1.7089992948228234
2178,1098_LeafPhotoA_2025-09-09 11_09_21.218-05_00_1.png,1.25,1.8946330979750101
2179,1098_LeafPhotoA_2025-09-09 11_09_21.218-05_00_2.png,1.25,2.1114179952672605
2180,1098_LeafPhotoA_2025-09-09 11_09_21.218-05_00_3.png,1.25,2.122528902359107
2184,2097_LeafPhotoA_2025-09-08 12_33_49.300-05_00_0.png,1.5,1.8275063153543223
2185,2097_LeafPhotoA_2025-09-08 12_33_49.300-05_00_1.png,1.5,1.739712095090869
2186,2097_LeafPhotoA_2025-09-08 12_33_49.300-05_00_2.png,1.5,1.7602816748453365
2187,2097_LeafPhotoA_2025-09-08 12_33_49.300-05_00_3.png,1.5,1.8631860002312794
2214,1876_LeafPhotoA_2025-09-09 17_04_03.852-05_00_0.png,2.25,2.219775044260434
2215,1876_LeafPhotoA_2025-09-09 17_04_03.852-05_00_1.png,2.25,1.7350479979650826
2216,1876_LeafPhotoA_2025-09-09 17_04_03.852-05_00_2.png,2.25,1.6768575355637076
2217,1876_LeafPhotoA_2025-09-09 17_04_03.852-05_00_3.png,2.25,1.7053023659418773
2231,1405_LeafPhotoB_2025-09-08 10_00_01.542-05_00_0.png,1.5,1.676255222711298
2232,1405_LeafPhotoB_2025-09-08 10_00_01.542-05_00_1.png,1.5,1.7768157644872034
2233,1405_LeafPhotoB_2025-09-08 10_00_01.542-05_00_2.png,1.5,1.6398295131009917
2234,1405_LeafPhotoB_2025-09-08 10_00_01.542-05_00_3.png,1.5,1.6550327770283262
2263,1562_LeafPhotoA_2025-09-09 10_11_10.077-05_00_0.png,1.0,1.702753492365334
2264,1562_LeafPhotoA_2025-09-09 10_11_10.077-05_00_1.png,1.0,1.7356150609688734
2265,1562_LeafPhotoA_2025-09-09 10_11_10.077-05_00_2.png,1.0,1.6926714351144503
2266,1562_LeafPhotoA_2025-09-09 10_11_10.077-05_00_3.png,1.0,1.6539353730706288
2268,5028_LeafPhotoA_2025-09-09 16_52_02.474-05_00_0.png,2.25,1.8710408217406087
2269,5028_LeafPhotoA_2025-09-09 16_52_02.474-05_00_1.png,2.25,2.3045985646119167
2270,5028_LeafPhotoA_2025-09-09 16_52_02.474-05_00_2.png,2.25,1.9627775097816687
2271,5028_LeafPhotoA_2025-09-09 16_52_02.474-05_00_3.png,2.25,1.7937197940088818
2272,1659_LeafPhotoA_2025-09-09 10_11_01.636-05_00_0.png,1.5,1.5554863426334014
2273,1659_LeafPhotoA_2025-09-09 10_11_01.636-05_00_1.png,1.5,1.8435175355403681
2274,1659_LeafPhotoA_2025-09-09 10_11_01.636-05_00_2.png,1.5,1.7601474875134901
2279,1479_LeafPhotoB_2025-09-08 16_43_30.857-05_00_0.png,1.75,1.8473242588451566
2280,1479_LeafPhotoB_2025-09-08 16_43_30.857-05_00_1.png,1.75,2.075058923414477
2281,1479_LeafPhotoB_2025-09-08 16_43_30.857-05_00_2.png,1.75,2.0659716048342203
2282,1479_LeafPhotoB_2025-09-08 16_43_30.857-05_00_3.png,1.75,2.2187039058257123
2290,2090_LeafPhotoA_2025-09-08 12_27_18.336-05_00_0.png,1.0,1.6607807986969172
2291,2090_LeafPhotoA_2025-09-08 12_27_18.336-05_00_1.png,1.0,1.8424175986910138
2292,2090_LeafPhotoA_2025-09-08 12_27_18.336-05_00_2.png,1.0,1.695020386010904
2293,2090_LeafPhotoA_2025-09-08 12_27_18.336-05_00_3.png,1.0,1.7101719695172664
2314,2449_LeafPhotoB_2025-09-08 11_23_39.370-05_00_0.png,2.0,1.7657287734947371
2315,2449_LeafPhotoB_2025-09-08 11_23_39.370-05_00_1.png,2.0,1.8555716605340251
2316,2449_LeafPhotoB_2025-09-08 11_23_39.370-05_00_2.png,2.0,1.8905172154950605
2317,2449_LeafPhotoB_2025-09-08 11_23_39.370-05_00_3.png,2.0,1.8485856661398452
2318,1187_LeafPhotoA_2025-09-08 16_03_30.325-05_00_0.png,2.0,1.8511702293377994
2319,1187_LeafPhotoA_2025-09-08 16_03_30.325-05_00_1.png,2.0,1.784476276679547
2320,1187_LeafPhotoA_2025-09-08 16_03_30.325-05_00_2.png,2.0,1.8707758799185845
2321,1187_LeafPhotoA_2025-09-08 16_03_30.325-05_00_3.png,2.0,1.8087499547057402
2326,1600_LeafPhotoA_2025-09-09 10_22_37.520-05_00_0.png,2.0,1.6904115842304699
2327,1600_LeafPhotoA_2025-09-09 10_22_37.520-05_00_1.png,2.0,1.579528025963687
2328,1600_LeafPhotoA_2025-09-09 10_22_37.520-05_00_2.png,2.0,1.567046568763481
2340,2078_LeafPhotoA_2025-09-08 12_14_10.635-05_00_0.png,2.75,2.0135615980883017
2341,2078_LeafPhotoA_2025-09-08 12_14_10.635-05_00_1.png,2.75,1.8973404433328975
2342,2078_LeafPhotoA_2025-09-08 12_14_10.635-05_00_2.png,2.75,1.8232664738798656
2343,2078_LeafPhotoA_2025-09-08 12_14_10.635-05_00_3.png,2.75,2.1911901033370635
2356,2952_LeafPhotoA_2025-09-09 15_55_46.839-05_00_0.png,2.5,1.8976868791862018
2357,2952_LeafPhotoA_2025-09-09 15_55_46.839-05_00_1.png,2.5,2.0166471655458684
2366,2541_LeafPhotoA_2025-09-09 10_40_27.804-05_00_0.png,1.75,1.7626362238839017
2367,2541_LeafPhotoA_2025-09-09 10_40_27.804-05_00_1.png,1.75,1.8173688572456952
2368,2541_LeafPhotoA_2025-09-09 10_40_27.804-05_00_2.png,1.75,1.9100862555272378
2369,2541_LeafPhotoA_2025-09-09 10_40_27.804-05_00_3.png,1.75,1.9463872865073522
2409,1188_LeafPhotoA_2025-09-08 16_01_44.544-05_00_0.png,2.25,2.2594030098406073
2410,1188_LeafPhotoA_2025-09-08 16_01_44.544-05_00_1.png,2.25,2.1338667790864942
2411,1188_LeafPhotoA_2025-09-08 16_01_44.544-05_00_2.png,2.25,2.10338678771564
2442,2114_LeafPhotoA_2025-09-08 11_14_43.534-05_00_0.png,1.75,1.9232547422978925
2443,2114_LeafPhotoA_2025-09-08 11_14_43.534-05_00_1.png,1.75,1.9252687310432088
2444,2114_LeafPhotoA_2025-09-08 11_14_43.534-05_00_2.png,1.75,1.965221888520262
2445,2114_LeafPhotoA_2025-09-08 11_14_43.534-05_00_3.png,1.75,1.869915855744415
2450,2578_LeafPhotoA_2025-09-09 10_42_22.010-05_00_0.png,1.75,1.5012982442895364
2451,2578_LeafPhotoA_2025-09-09 10_42_22.010-05_00_1.png,1.75,1.5308471510680286
2452,2578_LeafPhotoA_2025-09-09 10_42_22.010-05_00_2.png,1.75,1.596592839862093
2453,2578_LeafPhotoA_2025-09-09 10_42_22.010-05_00_3.png,1.75,1.7126738530110235
2471,2649_LeafPhotoA_2025-09-09 11_26_00.362-05_00_0.png,2.25,1.9333395946194898
2472,2649_LeafPhotoA_2025-09-09 11_26_00.362-05_00_1.png,2.25,2.0466669060536127
2473,2649_LeafPhotoA_2025-09-09 11_26_00.362-05_00_2.png,2.25,2.117839713813591
2474,2649_LeafPhotoA_2025-09-09 11_26_00.362-05_00_3.png,2.25,1.9144553079252187
2479,1434_LeafPhotoB_2025-09-08 10_25_56.347-05_00_0.png,1.75,1.8693778591477894
2480,1434_LeafPhotoB_2025-09-08 10_25_56.347-05_00_1.png,1.75,1.6920781578457675
2481,1434_LeafPhotoB_2025-09-08 10_25_56.347-05_00_2.png,1.75,1.6359755391022808
2482,1434_LeafPhotoB_2025-09-08 10_25_56.347-05_00_3.png,1.75,1.8608555950091359
2486,2458_LeafPhotoB_2025-09-08 11_35_26.865-05_00_0.png,1.25,1.8264163708883137
2487,2458_LeafPhotoB_2025-09-08 11_35_26.865-05_00_1.png,1.25,1.6790951706782773
2488,2458_LeafPhotoB_2025-09-08 11_35_26.865-05_00_2.png,1.25,1.6909525357504271
2489,2458_LeafPhotoB_2025-09-08 11_35_26.865-05_00_3.png,1.25,1.691095097240222
2502,5011_LeafPhotoA_2025-09-09 16_15_48.428-05_00_0.png,1.75,1.9406333348310902
2503,5011_LeafPhotoA_2025-09-09 16_15_48.428-05_00_1.png,1.75,1.875731459043765
2504,5011_LeafPhotoA_2025-09-09 16_15_48.428-05_00_2.png,1.75,1.8087599513811778
2505,5011_LeafPhotoA_2025-09-09 16_15_48.428-05_00_3.png,1.75,1.7668166129285503
2509,1916_LeafPhotoA_2025-09-09 14_55_34.742-05_00_0.png,2.25,1.5880731294598356
2510,1916_LeafPhotoA_2025-09-09 14_55_34.742-05_00_1.png,2.25,1.6442473362228587
2511,1916_LeafPhotoA_2025-09-09 14_55_34.742-05_00_2.png,2.25,1.6521516818843633
2512,1916_LeafPhotoA_2025-09-09 14_55_34.742-05_00_3.png,2.25,1.6649278535970682
2523,2991_LeafPhotoA_2025-09-09 16_44_34.559-05_00_0.png,2.25,1.9206000329578126
2524,2991_LeafPhotoA_2025-09-09 16_44_34.559-05_00_1.png,2.25,1.8742586121953377
2525,2991_LeafPhotoA_2025-09-09 16_44_34.559-05_00_2.png,2.25,1.8395435864337764
2526,2991_LeafPhotoA_2025-09-09 16_44_34.559-05_00_3.png,2.25,1.7576632874600167
2527,2844_LeafPhotoA_2025-09-09 11_13_34.394-05_00_0.png,2.5,1.8319535923169803
2531,2722_LeafPhotoA_2025-09-09 10_43_28.841-05_00_0.png,3.5,2.9339895587334617
2532,2722_LeafPhotoA_2025-09-09 10_43_28.841-05_00_1.png,3.5,2.6637346550400918
2533,2722_LeafPhotoA_2025-09-09 10_43_28.841-05_00_2.png,3.5,2.6348671467349867
2538,2453_LeafPhotoB_2025-09-08 11_31_31.055-05_00_0.png,1.5,1.9991776742098901
2539,2453_LeafPhotoB_2025-09-08 11_31_31.055-05_00_1.png,1.5,1.8292655751934968
2540,2453_LeafPhotoB_2025-09-08 11_31_31.055-05_00_2.png,1.5,1.8159391853166047
2541,2453_LeafPhotoB_2025-09-08 11_31_31.055-05_00_3.png,1.5,1.6679258722085744
2555,1425_LeafPhotoA_2025-09-08 09_47_28.860-05_00_0.png,1.5,1.8043230397519308
2556,1425_LeafPhotoA_2025-09-08 09_47_28.860-05_00_1.png,1.5,1.8410327021726978
2557,1425_LeafPhotoA_2025-09-08 09_47_28.860-05_00_2.png,1.5,1.9312054445096236
2558,1425_LeafPhotoA_2025-09-08 09_47_28.860-05_00_3.png,1.5,2.028356926480668
2571,,2.5,1.7123726659226857
2583,,1.25,1.7123726659226857
2588,2107_LeafPhotoA_2025-09-08 11_02_37.715-05_00_0.png,1.25,1.7203294385961778
2589,2107_LeafPhotoA_2025-09-08 11_02_37.715-05_00_1.png,1.25,1.6795747393695348
2590,2107_LeafPhotoA_2025-09-08 11_02_37.715-05_00_2.png,1.25,1.6090095050861315
2591,2107_LeafPhotoA_2025-09-08 11_02_37.715-05_00_3.png,1.25,1.7083862993695629
2670,2648_LeafPhotoA_2025-09-09 11_27_06.528-05_00_0.png,1.25,1.7471709101943251
2671,2648_LeafPhotoA_2025-09-09 11_27_06.528-05_00_1.png,1.25,1.7301112494674813
2672,2648_LeafPhotoA_2025-09-09 11_27_06.528-05_00_2.png,1.25,1.6644501483745875
2673,2648_LeafPhotoA_2025-09-09 11_27_06.528-05_00_3.png,1.25,1.652705983258229
2691,1500_LeafPhotoB_2025-09-08 12_25_38.479-05_00_0.png,1.75,1.5725877699441932
2692,1500_LeafPhotoB_2025-09-08 12_25_38.479-05_00_1.png,1.75,1.625664094193989
2693,1500_LeafPhotoB_2025-09-08 12_25_38.479-05_00_2.png,1.75,1.7826486610797765
2694,1500_LeafPhotoB_2025-09-08 12_25_38.479-05_00_3.png,1.75,1.8515032299142198
2723,1893_LeafPhotoA_2025-09-09 12_59_38.775-05_00_0.png,2.0,1.587943788334558
2724,1893_LeafPhotoA_2025-09-09 12_59_38.775-05_00_1.png,2.0,1.6275294036995853
2725,1893_LeafPhotoA_2025-09-09 12_59_38.775-05_00_2.png,2.0,1.719556033917778
2726,1893_LeafPhotoA_2025-09-09 12_59_38.775-05_00_3.png,2.0,1.6457720217447376
2737,2893_LeafPhotoA_2025-09-09 13_59_49.093-05_00_0.png,2.25,1.914735316208129
2738,2893_LeafPhotoA_2025-09-09 13_59_49.093-05_00_1.png,2.25,1.9623130867204952
2739,2893_LeafPhotoA_2025-09-09 13_59_49.093-05_00_2.png,2.25,1.6956726385535394
2740,2893_LeafPhotoA_2025-09-09 13_59_49.093-05_00_3.png,2.25,1.8207978320054554
2745,2711_LeafPhotoA_2025-09-09 10_28_23.854-05_00_0.png,2.5,2.2113995774643027
2746,2711_LeafPhotoA_2025-09-09 10_28_23.854-05_00_1.png,2.5,2.3532180359164716
2747,2711_LeafPhotoA_2025-09-09 10_28_23.854-05_00_2.png,2.5,2.09549628672268
2748,2711_LeafPhotoA_2025-09-09 10_28_23.854-05_00_3.png,2.5,2.0965465484055836
2758,1287_LeafPhotoA_2025-09-08 16_00_42.513-05_00_0.png,3.0,2.487482985996917
2759,1287_LeafPhotoA_2025-09-08 16_00_42.513-05_00_1.png,3.0,2.316991545996286
2760,1287_LeafPhotoA_2025-09-08 16_00_42.513-05_00_2.png,3.0,2.348748046970084
2765,1427_LeafPhotoB_2025-09-08 10_20_17.635-05_00_0.png,2.25,2.321291537750032
2766,1427_LeafPhotoB_2025-09-08 10_20_17.635-05_00_1.png,2.25,2.3028179016080528
2767,1427_LeafPhotoB_2025-09-08 10_20_17.635-05_00_2.png,2.25,2.194819355527654
2768,1427_LeafPhotoB_2025-09-08 10_20_17.635-05_00_3.png,2.25,2.3891808221877877
2770,6044_LeafPhotoA_2025-09-09 16_03_00.837-05_00_0.png,1.5,1.7051383397304443
2771,6044_LeafPhotoA_2025-09-09 16_03_00.837-05_00_1.png,1.5,1.6973178720717428
2772,6044_LeafPhotoA_2025-09-09 16_03_00.837-05_00_2.png,1.5,1.7280949503533682
2773,6044_LeafPhotoA_2025-09-09 16_03_00.837-05_00_3.png,1.5,1.7356022181042507
2815,2090_LeafPhotoA_2025-09-08 12_27_42.323-05_00_0.png,1.25,1.6176418809053286
2816,2090_LeafPhotoA_2025-09-08 12_27_42.323-05_00_1.png,1.25,1.4690555758812327
2817,2090_LeafPhotoA_2025-09-08 12_27_42.323-05_00_2.png,1.25,1.597171922178985
2818,2090_LeafPhotoA_2025-09-08 12_27_42.323-05_00_3.png,1.25,1.5925243267475269
2841,,3.0,1.7123726659226857
2850,2210_LeafPhotoA_2025-09-08 11_00_04.684-05_00_0.png,1.25,1.7402394765966749
2851,2210_LeafPhotoA_2025-09-08 11_00_04.684-05_00_1.png,1.25,1.710499041027485
2852,2210_LeafPhotoA_2025-09-08 11_00_04.684-05_00_2.png,1.25,1.7572149190714397
2853,2210_LeafPhotoA_2025-09-08 11_00_04.684-05_00_3.png,1.25,1.779842503260557
2904,1495_LeafPhotoB_2025-09-08 16_59_36.020-05_00_0.png,2.5,1.965643572314624
2905,1495_LeafPhotoB_2025-09-08 16_59_36.020-05_00_1.png,2.5,2.183474798242406
2906,1495_LeafPhotoB_2025-09-08 16_59_36.020-05_00_2.png,2.5,2.1033051099084377
2907,1495_LeafPhotoB_2025-09-08 16_59_36.020-05_00_3.png,2.5,1.8695203729198506
2912,5030_LeafPhotoA_2025-09-09 16_55_05.294-05_00_0.png,1.25,1.637487464451184
2913,5030_LeafPhotoA_2025-09-09 16_55_05.294-05_00_1.png,1.25,1.6686942633103627
2914,5030_LeafPhotoA_2025-09-09 16_55_05.294-05_00_2.png,1.25,1.6423602320559567
2915,5030_LeafPhotoA_2025-09-09 16_55_05.294-05_00_3.png,1.25,1.6057028131540534
2920,2524_LeafPhotoA_2025-09-09 10_21_34.620-05_00_0.png,1.5,1.7726366933326128
2921,2524_LeafPhotoA_2025-09-09 10_21_34.620-05_00_1.png,1.5,2.174331334790798
2922,2524_LeafPhotoA_2025-09-09 10_21_34.620-05_00_2.png,1.5,1.8688816388146892
2923,2524_LeafPhotoA_2025-09-09 10_21_34.620-05_00_3.png,1.5,1.8275046106391883
2928,1576_LeafPhotoA_2025-09-09 09_52_40.800-05_00_0.png,2.0,1.871027225605206
2929,1576_LeafPhotoA_2025-09-09 09_52_40.800-05_00_1.png,2.0,1.8186211706429394
2934,2715_LeafPhotoA_2025-09-09 10_34_25.383-05_00_0.png,3.25,2.1583013351744014
2935,2715_LeafPhotoA_2025-09-09 10_34_25.383-05_00_1.png,3.25,2.3243056591348976
2936,2715_LeafPhotoA_2025-09-09 10_34_25.383-05_00_2.png,3.25,2.275763799929146
2937,2715_LeafPhotoA_2025-09-09 10_34_25.383-05_00_3.png,3.25,2.2115762752970554
2938,2386_LeafPhotoA_2025-09-08 11_57_13.953-05_00_0.png,1.5,1.5840282920625406
2939,2386_LeafPhotoA_2025-09-08 11_57_13.953-05_00_1.png,1.5,1.6999281671236972
2944,5036_LeafPhotoA_2025-09-09 17_09_44.541-05_00_0.png,1.5,1.6420948874575987
2945,5036_LeafPhotoA_2025-09-09 17_09_44.541-05_00_1.png,1.5,1.6757721884704277
2946,5036_LeafPhotoA_2025-09-09 17_09_44.541-05_00_2.png,1.5,1.776118718957342
2947,5036_LeafPhotoA_2025-09-09 17_09_44.541-05_00_3.png,1.5,1.668449499137774
2956,2256_LeafPhotoA_2025-09-08 12_24_33.115-05_00_0.png,2.0,1.7097567045420192
2957,2256_LeafPhotoA_2025-09-08 12_24_33.115-05_00_1.png,2.0,1.7869279477259354
2958,2256_LeafPhotoA_2025-09-08 12_24_33.115-05_00_2.png,2.0,1.9240760420564986
2959,2256_LeafPhotoA_2025-09-08 12_24_33.115-05_00_3.png,2.0,2.116203803155621
2976,2386_LeafPhotoA_2025-09-08 11_56_54.323-05_00_0.png,1.25,1.7770802771109466
2977,2386_LeafPhotoA_2025-09-08 11_56_54.323-05_00_1.png,1.25,1.7499156233271955
2978,2386_LeafPhotoA_2025-09-08 11_56_54.323-05_00_2.png,1.25,1.7485007784076094
2979,2386_LeafPhotoA_2025-09-08 11_56_54.323-05_00_3.png,1.25,1.6851302540732693
2995,1943_LeafPhotoA_2025-09-09 16_00_56.560-05_00_0.png,1.5,1.7328095885130521
2996,1943_LeafPhotoA_2025-09-09 16_00_56.560-05_00_1.png,1.5,1.6301359493941738
2997,1943_LeafPhotoA_2025-09-09 16_00_56.560-05_00_2.png,1.5,1.5477752428170395
2998,1943_LeafPhotoA_2025-09-09 16_00_56.560-05_00_3.png,1.5,1.6780667250168984
2999,1360_LeafPhotoA_2025-09-08 12_40_13.454-05_00_0.png,2.0,1.7908096390802484
3000,1360_LeafPhotoA_2025-09-08 12_40_13.454-05_00_1.png,2.0,1.884134135157354
3001,1360_LeafPhotoA_2025-09-08 12_40_13.454-05_00_2.png,2.0,1.838852669539782
3002,1360_LeafPhotoA_2025-09-08 12_40_13.454-05_00_3.png,2.0,1.7562348629182987
3030,1180_LeafPhotoA_2025-09-08 16_15_29.779-05_00_0.png,2.0,1.8501830336845815
3031,1180_LeafPhotoA_2025-09-08 16_15_29.779-05_00_1.png,2.0,1.8227839306054292
3032,1180_LeafPhotoA_2025-09-08 16_15_29.779-05_00_2.png,2.0,1.7552599838385439
3033,1180_LeafPhotoA_2025-09-08 16_15_29.779-05_00_3.png,2.0,1.8535913400325168
3048,2204_LeafPhotoA_2025-09-08 10_51_32.424-05_00_0.png,1.0,1.743447213977401
3049,2204_LeafPhotoA_2025-09-08 10_51_32.424-05_00_1.png,1.0,1.563475673277529
3050,2204_LeafPhotoA_2025-09-08 10_51_32.424-05_00_2.png,1.0,1.4942137287484627
3051,2204_LeafPhotoA_2025-09-08 10_51_32.424-05_00_3.png,1.0,1.463520975133398
3052,2253_LeafPhotoA_2025-09-08 12_18_44.610-05_00_0.png,1.25,1.6744878935850298
3053,2253_LeafPhotoA_2025-09-08 12_18_44.610-05_00_1.png,1.25,1.6544823500945796
3054,2253_LeafPhotoA_2025-09-08 12_18_44.610-05_00_2.png,1.25,1.661676947386119
3055,2253_LeafPhotoA_2025-09-08 12_18_44.610-05_00_3.png,1.25,1.597740684070115
3132,2197_LeafPhotoA_2025-09-08 17_08_13.372-05_00_0.png,1.5,1.7837369586432081
3145,2097_LeafPhotoA_2025-09-08 12_34_03.075-05_00_0.png,2.0,1.7807801598162485
3146,2097_LeafPhotoA_2025-09-08 12_34_03.075-05_00_1.png,2.0,1.7283373680735323
3147,2097_LeafPhotoA_2025-09-08 12_34_03.075-05_00_2.png,2.0,1.863818659260417
3148,2097_LeafPhotoA_2025-09-08 12_34_03.075-05_00_3.png,2.0,1.7727866615024115
3149,1121_LeafPhotoA_2025-09-08 10_06_53.769-05_00_0.png,3.0,1.8366439241622095
3150,1121_LeafPhotoA_2025-09-08 10_06_53.769-05_00_1.png,3.0,1.9593413463686307
3151,1121_LeafPhotoA_2025-09-08 10_06_53.769-05_00_2.png,3.0,1.8602732214107986
3152,1121_LeafPhotoA_2025-09-08 10_06_53.769-05_00_3.png,3.0,1.8895860834784988
3202,2648_LeafPhotoA_2025-09-09 11_26_52.423-05_00_0.png,1.75,1.81852197306048
3203,2648_LeafPhotoA_2025-09-09 11_26_52.423-05_00_1.png,1.75,1.825290703312569
3204,2648_LeafPhotoA_2025-09-09 11_26_52.423-05_00_2.png,1.75,1.7718948985024843
3205,2648_LeafPhotoA_2025-09-09 11_26_52.423-05_00_3.png,1.75,1.7975905530908427
3207,2178_LeafPhotoA_2025-09-09 12_22_12.377-05_00_0.png,2.0,1.8686450900464053
3208,2178_LeafPhotoA_2025-09-09 12_22_12.377-05_00_1.png,2.0,2.1495912612785686
3209,2178_LeafPhotoA_2025-09-09 12_22_12.377-05_00_2.png,2.0,2.4199182198556213
3210,2178_LeafPhotoA_2025-09-09 12_22_12.377-05_00_3.png,2.0,2.2185637460843552
3215,1963_LeafPhotoA_2025-09-09 17_19_17.230-05_00_0.png,1.5,1.7473840887820185
3216,1963_LeafPhotoA_2025-09-09 17_19_17.230-05_00_1.png,1.5,1.761847382812263
3217,1963_LeafPhotoA_2025-09-09 17_19_17.230-05_00_2.png,1.5,1.7410049938809602
3232,2394_LeafPhotoA_2025-09-08 12_19_48.103-05_00_0.png,3.25,2.5990453032483805
3233,2394_LeafPhotoA_2025-09-08 12_19_48.103-05_00_1.png,3.25,2.3154209831992345
3234,2394_LeafPhotoA_2025-09-08 12_19_48.103-05_00_2.png,3.25,2.2016635651643393
3235,2394_LeafPhotoA_2025-09-08 12_19_48.103-05_00_3.png,3.25,1.9093441509184534
3236,1916_LeafPhotoA_2025-09-09 14_56_01.187-05_00_0.png,1.75,1.6932506846832502
3237,1916_LeafPhotoA_2025-09-09 14_56_01.187-05_00_1.png,1.75,1.6381195593872655
3238,1916_LeafPhotoA_2025-09-09 14_56_01.187-05_00_2.png,1.75,1.7472756320763296
3239,1916_LeafPhotoA_2025-09-09 14_56_01.187-05_00_3.png,1.75,1.7802504494344658
3244,,2.75,1.7123726659226857
3245,2224_LeafPhotoA_2025-09-08 11_25_14.126-05_00_0.png,2.5,1.7881924942138758
3246,2224_LeafPhotoA_2025-09-08 11_25_14.126-05_00_1.png,2.5,1.6279255343577115
3247,2224_LeafPhotoA_2025-09-08 11_25_14.126-05_00_2.png,2.5,1.8286385042367037
3248,2224_LeafPhotoA_2025-09-08 11_25_14.126-05_00_3.png,2.5,1.7334622714603363
3299,2149_LeafPhotoA_2025-09-08 12_20_25.908-05_00_0.png,1.5,1.790790142487801
3300,2149_LeafPhotoA_2025-09-08 12_20_25.908-05_00_1.png,1.5,1.7218142742333915
3301,2149_LeafPhotoA_2025-09-08 12_20_25.908-05_00_2.png,1.5,1.7009459032360539
3302,2149_LeafPhotoA_2025-09-08 12_20_25.908-05_00_3.png,1.5,1.7702344080283323
3306,2656_LeafPhotoA_2025-09-09 11_29_51.657-05_00_0.png,2.5,1.9191377455820169
3315,2451_LeafPhotoB_2025-09-08 11_29_15.932-05_00_0.png,2.0,1.9473240379761274
3316,2451_LeafPhotoB_2025-09-08 11_29_15.932-05_00_1.png,2.0,2.1945754300022884
3317,2451_LeafPhotoB_2025-09-08 11_29_15.932-05_00_2.png,2.0,2.302893393933351
3318,2451_LeafPhotoB_2025-09-08 11_29_15.932-05_00_3.png,2.0,2.3258213556810703
3344,1272_LeafPhotoA_2025-09-08 16_14_44.397-05_00_0.png,2.25,1.7963221765513746
3345,1272_LeafPhotoA_2025-09-08 16_14_44.397-05_00_1.png,2.25,1.9781989356890672
3346,1272_LeafPhotoA_2025-09-08 16_14_44.397-05_00_2.png,2.25,2.1440456353967376
3347,1272_LeafPhotoA_2025-09-08 16_14_44.397-05_00_3.png,2.25,2.0670707460467526
3355,6027_LeafPhotoA_2025-09-09 16_33_32.836-05_00_0.png,2.0,1.8356299023509735
3356,6027_LeafPhotoA_2025-09-09 16_33_32.836-05_00_1.png,2.0,1.8309872797051598
3357,6027_LeafPhotoA_2025-09-09 16_33_32.836-05_00_2.png,2.0,1.6735797983621123
3358,6027_LeafPhotoA_2025-09-09 16_33_32.836-05_00_3.png,2.0,1.7251870043405446
3389,2238_LeafPhotoA_2025-09-08 11_44_44.603-05_00_0.png,2.5,1.906809366305207
3390,2238_LeafPhotoA_2025-09-08 11_44_44.603-05_00_1.png,2.5,1.9278727803342761
3391,2238_LeafPhotoA_2025-09-08 11_44_44.603-05_00_2.png,2.5,2.0107303551818854
3392,2238_LeafPhotoA_2025-09-08 11_44_44.603-05_00_3.png,2.5,2.151258384539151
3393,1950_LeafPhotoA_2025-09-09 16_09_30.048-05_00_0.png,1.5,1.750012722285168
3394,1950_LeafPhotoA_2025-09-09 16_09_30.048-05_00_1.png,1.5,1.6950067524458974
3395,1950_LeafPhotoA_2025-09-09 16_09_30.048-05_00_2.png,1.5,1.724080114172606
3409,1381_LeafPhotoA_2025-09-08 13_01_59.229-05_00_0.png,2.25,1.8440898796944658
3410,1381_LeafPhotoA_2025-09-08 13_01_59.229-05_00_1.png,2.25,1.7951570410189792
3411,1381_LeafPhotoA_2025-09-08 13_01_59.229-05_00_2.png,2.25,1.8137928986290042
3412,1381_LeafPhotoA_2025-09-08 13_01_59.229-05_00_3.png,2.25,1.9184910246021885
3445,6044_LeafPhotoA_2025-09-09 16_03_43.942-05_00_0.png,1.5,1.797349211647199
3446,6044_LeafPhotoA_2025-09-09 16_03_43.942-05_00_1.png,1.5,1.8401410055730874
3447,6044_LeafPhotoA_2025-09-09 16_03_43.942-05_00_2.png,1.5,1.6921053085738649
3448,6044_LeafPhotoA_2025-09-09 16_03_43.942-05_00_3.png,1.5,1.7462778975016784
3469,1926_LeafPhotoA_2025-09-09 15_19_00.799-05_00_0.png,1.5,1.9636685921613355
3470,1926_LeafPhotoA_2025-09-09 15_19_00.799-05_00_1.png,1.5,1.8574966457297144
3471,1926_LeafPhotoA_2025-09-09 15_19_00.799-05_00_2.png,1.5,1.6890779099533948
3472,1926_LeafPhotoA_2025-09-09 15_19_00.799-05_00_3.png,1.5,1.6984386677492322
3505,2498_LeafPhotoB_2025-09-08 12_22_17.705-05_00_0.png,1.5,1.7505209610006436
3506,2498_LeafPhotoB_2025-09-08 12_22_17.705-05_00_1.png,1.5,1.681832136724359
3507,2498_LeafPhotoB_2025-09-08 12_22_17.705-05_00_2.png,1.5,1.8130152143250065
3508,2498_LeafPhotoB_2025-09-08 12_22_17.705-05_00_3.png,1.5,1.7871029509419607
3509,2150_LeafPhotoA_2025-09-08 12_22_44.950-05_00_0.png,1.75,1.921988854998917
3510,2150_LeafPhotoA_2025-09-08 12_22_44.950-05_00_1.png,1.75,2.2021986930875284
3511,2150_LeafPhotoA_2025-09-08 12_22_44.950-05_00_2.png,1.75,2.1724336237843413
3512,2150_LeafPhotoA_2025-09-08 12_22_44.950-05_00_3.png,1.75,2.0566848823118162
3525,1298_LeafPhotoA_2025-09-08 15_47_21.277-05_00_0.png,2.25,1.7425152697713657
3526,1298_LeafPhotoA_2025-09-08 15_47_21.277-05_00_1.png,2.25,1.8034314427939633
3527,1298_LeafPhotoA_2025-09-08 15_47_21.277-05_00_2.png,2.25,1.7526675787125665
3528,1298_LeafPhotoA_2025-09-08 15_47_21.277-05_00_3.png,2.25,1.7926491937321074
3537,1865_LeafPhotoA_2025-09-09 13_31_46.367-05_00_0.png,1.5,1.6696209490006886
3538,1865_LeafPhotoA_2025-09-09 13_31_46.367-05_00_1.png,1.5,1.5629458267265928
3539,1865_LeafPhotoA_2025-09-09 13_31_46.367-05_00_2.png,1.5,1.8889647005793486
3540,1865_LeafPhotoA_2025-09-09 13_31_46.367-05_00_3.png,1.5,2.0628458080769416
3542,2084_LeafPhotoA_2025-09-08 12_20_48.194-05_00_0.png,2.25,1.6712021922364417
3543,2084_LeafPhotoA_2025-09-08 12_20_48.194-05_00_1.png,2.25,1.6554239962143396
3544,2084_LeafPhotoA_2025-09-08 12_20_48.194-05_00_2.png,2.25,1.6316436004297856
3545,2084_LeafPhotoA_2025-09-08 12_20_48.194-05_00_3.png,2.25,1.8147960446308937
18,1887_LeafPhotoA_2025-09-09 17_12_27.474-05_00_0.png,1.75,2.0429346509090003
19,1887_LeafPhotoA_2025-09-09 17_12_27.474-05_00_1.png,1.75,1.935602282524087
20,1887_LeafPhotoA_2025-09-09 17_12_27.474-05_00_2.png,1.75,1.9385528070704894
42,1900_LeafPhotoA_2025-09-09 13_45_59.573-05_00_0.png,2.5,2.3695837357141043
43,1900_LeafPhotoA_2025-09-09 13_45_59.573-05_00_1.png,2.5,2.143967756263883
44,1900_LeafPhotoA_2025-09-09 13_45_59.573-05_00_2.png,2.5,2.0444897360524537
45,1900_LeafPhotoA_2025-09-09 13_45_59.573-05_00_3.png,2.5,2.0331685112206217
85,1411_LeafPhotoA_2025-09-08 09_32_24.163-05_00_0.png,1.5,1.7119522663143758
86,1411_LeafPhotoA_2025-09-08 09_32_24.163-05_00_1.png,1.5,1.7854684754597065
87,1411_LeafPhotoA_2025-09-08 09_32_24.163-05_00_2.png,1.5,1.7262591478130265
88,1411_LeafPhotoA_2025-09-08 09_32_24.163-05_00_3.png,1.5,1.8433294922768366
103,2010_LeafPhotoA_2025-09-08 10_43_56.742-05_00_0.png,2.0,1.8559401653598269
104,2010_LeafPhotoA_2025-09-08 10_43_56.742-05_00_1.png,2.0,1.7528801538749772
105,2010_LeafPhotoA_2025-09-08 10_43_56.742-05_00_2.png,2.0,1.6435410211013073
106,2010_LeafPhotoA_2025-09-08 10_43_56.742-05_00_3.png,2.0,1.6404618570149958
110,1202_LeafPhotoA_2025-09-08 10_45_39.926-05_00_0.png,1.0,1.748520247544906
111,1202_LeafPhotoA_2025-09-08 10_45_39.926-05_00_1.png,1.0,1.6831143228935768
112,1202_LeafPhotoA_2025-09-08 10_45_39.926-05_00_2.png,1.0,1.5717268185460902
113,1202_LeafPhotoA_2025-09-08 10_45_39.926-05_00_3.png,1.0,1.6393215149546645
114,1594_LeafPhotoA_2025-09-09 09_32_04.545-05_00_0.png,2.5,2.0699901041712327
115,1594_LeafPhotoA_2025-09-09 09_32_04.545-05_00_1.png,2.5,2.1428838746835903
116,1594_LeafPhotoA_2025-09-09 09_32_04.545-05_00_2.png,2.5,2.0489611278196556
117,1594_LeafPhotoA_2025-09-09 09_32_04.545-05_00_3.png,2.5,2.003159591992275
144,2344_LeafPhotoA_2025-09-08 11_12_07.490-05_00_0.png,1.75,2.111655945326926
145,2344_LeafPhotoA_2025-09-08 11_12_07.490-05_00_1.png,1.75,2.1767816241353977
146,2344_LeafPhotoA_2025-09-08 11_12_07.490-05_00_2.png,1.75,2.08172267540332
147,2344_LeafPhotoA_2025-09-08 11_12_07.490-05_00_3.png,1.75,2.04480589994881
163,1011_LeafPhotoA_2025-09-08 09_43_02.719-05_00_0.png,2.5,2.1449151314089985
164,1011_LeafPhotoA_2025-09-08 09_43_02.719-05_00_1.png,2.5,2.1164002913688513
165,1011_LeafPhotoA_2025-09-08 09_43_02.719-05_00_2.png,2.5,2.0878399981336906
166,1011_LeafPhotoA_2025-09-08 09_43_02.719-05_00_3.png,2.5,2.0545135359741
214,2144_LeafPhotoA_2025-09-08 12_08_32.877-05_00_0.png,1.5,1.7595553035943803
215,2144_LeafPhotoA_2025-09-08 12_08_32.877-05_00_1.png,1.5,1.9452891346256393
216,2144_LeafPhotoA_2025-09-08 12_08_32.877-05_00_2.png,1.5,2.0051686275500513
217,2144_LeafPhotoA_2025-09-08 12_08_32.877-05_00_3.png,1.5,1.989815341203076
222,1411_LeafPhotoA_2025-09-08 09_32_12.507-05_00_0.png,1.5,1.6453749897521401
223,1411_LeafPhotoA_2025-09-08 09_32_12.507-05_00_1.png,1.5,1.6087860307960442
224,1411_LeafPhotoA_2025-09-08 09_32_12.507-05_00_2.png,1.5,1.5253087995864225
225,1411_LeafPhotoA_2025-09-08 09_32_12.507-05_00_3.png,1.5,1.5348397608798143
230,1783_LeafPhotoA_2025-09-09 09_32_23.737-05_00_0.png,1.75,1.8137087401453582
231,1783_LeafPhotoA_2025-09-09 09_32_23.737-05_00_1.png,1.75,1.8436912944189452
232,1783_LeafPhotoA_2025-09-09 09_32_23.737-05_00_2.png,1.75,1.7904134302445047
233,1783_LeafPhotoA_2025-09-09 09_32_23.737-05_00_3.png,1.75,1.8176081126771177
238,,1.25,1.8464036220581417
257,1811_LeafPhotoA_2025-09-09 09_06_09.841-05_00_0.png,1.25,1.6461422751681807
258,1811_LeafPhotoA_2025-09-09 09_06_09.841-05_00_1.png,1.25,1.6409337084886866
259,1811_LeafPhotoA_2025-09-09 09_06_09.841-05_00_2.png,1.25,1.573961186123978
268,,2.5,1.8464036220581417
269,1197_LeafPhotoA_2025-09-08 15_42_33.635-05_00_0.png,1.25,1.8149104118034287
270,1197_LeafPhotoA_2025-09-08 15_42_33.635-05_00_1.png,1.25,1.7744884583067742
271,1197_LeafPhotoA_2025-09-08 15_42_33.635-05_00_2.png,1.25,1.8109479382779137
272,1197_LeafPhotoA_2025-09-08 15_42_33.635-05_00_3.png,1.25,1.74000259173473
277,2173_LeafPhotoA_2025-09-09 12_14_23.103-05_00_0.png,2.0,2.189245474294263
278,2173_LeafPhotoA_2025-09-09 12_14_23.103-05_00_1.png,2.0,2.295818340206246
279,2173_LeafPhotoA_2025-09-09 12_14_23.103-05_00_2.png,2.0,2.097109470878012
280,2173_LeafPhotoA_2025-09-09 12_14_23.103-05_00_3.png,2.0,1.8730314149859426
301,1383_LeafPhotoA_2025-09-08 13_02_56.131-05_00_0.png,1.5,1.617851194237586
302,1383_LeafPhotoA_2025-09-08 13_02_56.131-05_00_1.png,1.5,1.7404912748621024
303,1383_LeafPhotoA_2025-09-08 13_02_56.131-05_00_2.png,1.5,1.7537943963702605
304,1383_LeafPhotoA_2025-09-08 13_02_56.131-05_00_3.png,1.5,1.9545491163355901
320,2597_LeafPhotoA_2025-09-09 10_25_59.565-05_00_0.png,1.75,1.7380236524660635
321,2597_LeafPhotoA_2025-09-09 10_25_59.565-05_00_1.png,1.75,1.863656095887473
322,2597_LeafPhotoA_2025-09-09 10_25_59.565-05_00_2.png,1.75,1.6747085312388734
323,2597_LeafPhotoA_2025-09-09 10_25_59.565-05_00_3.png,1.75,1.7427030840434703
340,6013_LeafPhotoA_2025-09-09 16_55_44.021-05_00_0.png,1.25,1.7306313972942275
341,6013_LeafPhotoA_2025-09-09 16_55_44.021-05_00_1.png,1.25,1.57968538230587
342,6013_LeafPhotoA_2025-09-09 16_55_44.021-05_00_2.png,1.25,1.5153856146326155
343,6013_LeafPhotoA_2025-09-09 16_55_44.021-05_00_3.png,1.25,1.7052948115964268
352,1585_LeafPhotoA_2025-09-09 09_39_14.646-05_00_0.png,3.75,2.520621487971685
353,1585_LeafPhotoA_2025-09-09 09_39_14.646-05_00_1.png,3.75,2.6534945794941307
354,1585_LeafPhotoA_2025-09-09 09_39_14.646-05_00_2.png,3.75,2.6800230113682018
355,1585_LeafPhotoA_2025-09-09 09_39_14.646-05_00_3.png,3.75,2.198820998764146
356,1072_LeafPhotoA_2025-09-08 13_03_29.236-05_00_0.png,2.5,1.9805069650797709
357,1072_LeafPhotoA_2025-09-08 13_03_29.236-05_00_1.png,2.5,1.9296071840915499
358,1072_LeafPhotoA_2025-09-08 13_03_29.236-05_00_2.png,2.5,2.1271943487328913
359,1072_LeafPhotoA_2025-09-08 13_03_29.236-05_00_3.png,2.5,2.109736078865397
391,2163_LeafPhotoA_2025-09-09 11_54_54.715-05_00_0.png,3.25,2.297073388758107
392,2163_LeafPhotoA_2025-09-09 11_54_54.715-05_00_1.png,3.25,2.4233747490442785
393,2163_LeafPhotoA_2025-09-09 11_54_54.715-05_00_2.png,3.25,1.9864533899273882
394,2163_LeafPhotoA_2025-09-09 11_54_54.715-05_00_3.png,3.25,1.7925268850006415
400,1648_LeafPhotoA_2025-09-09 10_44_29.803-05_00_0.png,1.75,1.928784573153077
401,1648_LeafPhotoA_2025-09-09 10_44_29.803-05_00_1.png,1.75,1.8796338648156337
402,1648_LeafPhotoA_2025-09-09 10_44_29.803-05_00_2.png,1.75,1.9908409023896652
403,1648_LeafPhotoA_2025-09-09 10_44_29.803-05_00_3.png,1.75,1.9006065409156556
418,1615_LeafPhotoA_2025-09-09 09_39_37.565-05_00_0.png,2.0,2.319635566009658
419,1615_LeafPhotoA_2025-09-09 09_39_37.565-05_00_1.png,2.0,2.0916572357045577
420,1615_LeafPhotoA_2025-09-09 09_39_37.565-05_00_2.png,2.0,2.346335746068838
421,1615_LeafPhotoA_2025-09-09 09_39_37.565-05_00_3.png,2.0,2.0277646843892385
426,2765_LeafPhotoA_2025-09-09 16_06_20.833-05_00_0.png,1.75,1.7136395982342083
427,2765_LeafPhotoA_2025-09-09 16_06_20.833-05_00_1.png,1.75,1.5727232794000168
428,2765_LeafPhotoA_2025-09-09 16_06_20.833-05_00_2.png,1.75,1.6253270666221036
429,2765_LeafPhotoA_2025-09-09 16_06_20.833-05_00_3.png,1.75,1.5026020724470297
440,1702_LeafPhotoA_2025-09-09 10_12_23.395-05_00_0.png,3.0,2.0768693571166987
441,1702_LeafPhotoA_2025-09-09 10_12_23.395-05_00_1.png,3.0,2.4095114528184958
442,1702_LeafPhotoA_2025-09-09 10_12_23.395-05_00_2.png,3.0,2.2176699926132732
443,1702_LeafPhotoA_2025-09-09 10_12_23.395-05_00_3.png,3.0,1.759914909779281
451,5008_LeafPhotoA_2025-09-09 16_06_40.356-05_00_0.png,1.25,1.7191566386641617
452,5008_LeafPhotoA_2025-09-09 16_06_40.356-05_00_1.png,1.25,1.8365248974747095
453,5008_LeafPhotoA_2025-09-09 16_06_40.356-05_00_2.png,1.25,1.6615181092302194
454,5008_LeafPhotoA_2025-09-09 16_06_40.356-05_00_3.png,1.25,1.6022779563689116
459,1159_LeafPhotoA_2025-09-08 16_47_54.035-05_00_0.png,1.25,1.6787742384974644
460,1159_LeafPhotoA_2025-09-08 16_47_54.035-05_00_1.png,1.25,1.6402748055312661
461,1159_LeafPhotoA_2025-09-08 16_47_54.035-05_00_2.png,1.25,1.6455956885848286
462,1159_LeafPhotoA_2025-09-08 16_47_54.035-05_00_3.png,1.25,1.6141033313494844
467,1022_LeafPhotoA_2025-09-08 09_57_30.921-05_00_0.png,1.5,1.7611292921206327
468,1022_LeafPhotoA_2025-09-08 09_57_30.921-05_00_1.png,1.5,1.8397809160774414
469,1022_LeafPhotoA_2025-09-08 09_57_30.921-05_00_2.png,1.5,1.7366859572007491
470,1022_LeafPhotoA_2025-09-08 09_57_30.921-05_00_3.png,1.5,1.7173977575464625
471,1099_LeafPhotoA_2025-09-08 12_38_29.235-05_00_0.png,1.25,1.7733106541251262
472,1099_LeafPhotoA_2025-09-08 12_38_29.235-05_00_1.png,1.25,1.4545859239995147
473,1099_LeafPhotoA_2025-09-08 12_38_29.235-05_00_2.png,1.25,1.5577037071129445
474,1099_LeafPhotoA_2025-09-08 12_38_29.235-05_00_3.png,1.25,1.6425413658489574
475,2189_LeafPhotoA_2025-09-08 17_18_50.308-05_00_0.png,1.5,1.7190586536517753
476,2189_LeafPhotoA_2025-09-08 17_18_50.308-05_00_1.png,1.5,1.7852897728064747
477,2189_LeafPhotoA_2025-09-08 17_18_50.308-05_00_2.png,1.5,1.6778596471172635
478,2189_LeafPhotoA_2025-09-08 17_18_50.308-05_00_3.png,1.5,1.621492927740581
494,2068_LeafPhotoA_2025-09-08 12_02_55.291-05_00_0.png,1.25,1.5143583385998243
495,2068_LeafPhotoA_2025-09-08 12_02_55.291-05_00_1.png,1.25,1.6287636133471681
496,2068_LeafPhotoA_2025-09-08 12_02_55.291-05_00_2.png,1.25,1.627026438983919
497,2068_LeafPhotoA_2025-09-08 12_02_55.291-05_00_3.png,1.25,1.6289224363890216
498,1641_LeafPhotoA_2025-09-09 10_30_20.507-05_00_0.png,1.0,1.5576589114306307
499,1641_LeafPhotoA_2025-09-09 10_30_20.507-05_00_1.png,1.0,1.5539529005834638
500,1641_LeafPhotoA_2025-09-09 10_30_20.507-05_00_2.png,1.0,1.6500495504264625
501,6013_LeafPhotoA_2025-09-09 16_56_02.230-05_00_0.png,1.25,1.6176087138910307
502,6013_LeafPhotoA_2025-09-09 16_56_02.230-05_00_1.png,1.25,1.5506992237021036
503,6013_LeafPhotoA_2025-09-09 16_56_02.230-05_00_2.png,1.25,1.5268136064021434
504,6013_LeafPhotoA_2025-09-09 16_56_02.230-05_00_3.png,1.25,1.6469537579683062
548,2314_LeafPhotoA_2025-09-08 10_42_26.409-05_00_0.png,1.0,1.6138726133875365
549,2314_LeafPhotoA_2025-09-08 10_42_26.409-05_00_1.png,1.0,1.5167783311245
550,2314_LeafPhotoA_2025-09-08 10_42_26.409-05_00_2.png,1.0,1.6041778393564743
559,2347_LeafPhotoA_2025-09-08 11_14_48.020-05_00_0.png,1.5,2.182840939639836
560,2347_LeafPhotoA_2025-09-08 11_14_48.020-05_00_1.png,1.5,2.1107741255643013
569,1445_LeafPhotoB_2025-09-08 10_34_39.346-05_00_0.png,1.75,1.754184677343478
570,1445_LeafPhotoB_2025-09-08 10_34_39.346-05_00_1.png,1.75,1.9226293317159704
571,1445_LeafPhotoB_2025-09-08 10_34_39.346-05_00_2.png,1.75,1.8615013538730016
572,1445_LeafPhotoB_2025-09-08 10_34_39.346-05_00_3.png,1.75,1.926276124813385
589,2429_LeafPhotoB_2025-09-08 11_05_20.910-05_00_0.png,2.5,2.1031544958376815
590,2429_LeafPhotoB_2025-09-08 11_05_20.910-05_00_1.png,2.5,2.162437116720194
591,2429_LeafPhotoB_2025-09-08 11_05_20.910-05_00_2.png,2.5,2.227525715982397
592,2429_LeafPhotoB_2025-09-08 11_05_20.910-05_00_3.png,2.5,2.245608019598009
597,2974_LeafPhotoA_2025-09-09 16_23_04.095-05_00_0.png,3.25,2.2260845897510104
598,2974_LeafPhotoA_2025-09-09 16_23_04.095-05_00_1.png,3.25,2.378137947229713
599,2974_LeafPhotoA_2025-09-09 16_23_04.095-05_00_2.png,3.25,2.1922655022955304
600,2974_LeafPhotoA_2025-09-09 16_23_04.095-05_00_3.png,3.25,2.2772102123909144
627,1413_LeafPhotoA_2025-09-08 09_35_26.834-05_00_0.png,1.75,1.9059256654964614
628,1413_LeafPhotoA_2025-09-08 09_35_26.834-05_00_1.png,1.75,1.7818253578932035
629,1413_LeafPhotoA_2025-09-08 09_35_26.834-05_00_2.png,1.75,1.8060349481449272
630,1413_LeafPhotoA_2025-09-08 09_35_26.834-05_00_3.png,1.75,1.7247253442211592
639,6017_LeafPhotoA_2025-09-09 16_48_02.296-05_00_0.png,1.75,1.6997467646947124
640,6017_LeafPhotoA_2025-09-09 16_48_02.296-05_00_1.png,1.75,1.7779763863318911
641,6017_LeafPhotoA_2025-09-09 16_48_02.296-05_00_2.png,1.75,1.7570965056024568
642,6017_LeafPhotoA_2025-09-09 16_48_02.296-05_00_3.png,1.75,1.7121026528564758
667,1619_LeafPhotoA_2025-09-09 09_49_42.512-05_00_0.png,1.75,1.9735495552872817
668,1619_LeafPhotoA_2025-09-09 09_49_42.512-05_00_1.png,1.75,2.102631128077882
669,1619_LeafPhotoA_2025-09-09 09_49_42.512-05_00_2.png,1.75,2.2499572243913755
670,1619_LeafPhotoA_2025-09-09 09_49_42.512-05_00_3.png,1.75,1.9220318972634902
678,1531_LeafPhotoA_2025-09-09 09_29_04.886-05_00_0.png,2.25,1.8942104162365616
679,1531_LeafPhotoA_2025-09-09 09_29_04.886-05_00_1.png,2.25,1.9839715334128882
680,1531_LeafPhotoA_2025-09-09 09_29_04.886-05_00_2.png,2.25,2.1148733335337786
681,1531_LeafPhotoA_2025-09-09 09_29_04.886-05_00_3.png,2.25,1.6751477945053308
690,1497_LeafPhotoB_2025-09-08 17_01_53.160-05_00_0.png,1.75,1.8267407886124036
691,1497_LeafPhotoB_2025-09-08 17_01_53.160-05_00_1.png,1.75,1.845176688218956
692,1497_LeafPhotoB_2025-09-08 17_01_53.160-05_00_2.png,1.75,1.7818810814886534
693,1497_LeafPhotoB_2025-09-08 17_01_53.160-05_00_3.png,1.75,1.7941726981322441
780,1838_LeafPhotoA_2025-09-09 09_47_07.906-05_00_0.png,1.0,1.7150195803025214
781,1838_LeafPhotoA_2025-09-09 09_47_07.906-05_00_1.png,1.0,1.8014760796385085
782,1838_LeafPhotoA_2025-09-09 09_47_07.906-05_00_2.png,1.0,1.7899799787738049
783,1838_LeafPhotoA_2025-09-09 09_47_07.906-05_00_3.png,1.0,1.9772444496816726
788,2683_LeafPhotoA_2025-09-09 10_58_56.882-05_00_0.png,1.0,1.7372862271229268
789,2683_LeafPhotoA_2025-09-09 10_58_56.882-05_00_1.png,1.0,1.8185270855104327
790,2683_LeafPhotoA_2025-09-09 10_58_56.882-05_00_2.png,1.0,1.6504082208493365
791,2683_LeafPhotoA_2025-09-09 10_58_56.882-05_00_3.png,1.0,1.6132976268939265
799,2010_LeafPhotoA_2025-09-08 10_44_22.059-05_00_0.png,1.25,1.900035721093009
800,2010_LeafPhotoA_2025-09-08 10_44_22.059-05_00_1.png,1.25,1.778817918268092
801,2010_LeafPhotoA_2025-09-08 10_44_22.059-05_00_2.png,1.25,1.7353465997970978
802,2010_LeafPhotoA_2025-09-08 10_44_22.059-05_00_3.png,1.25,1.7512888305740928
807,1510_LeafPhotoA_2025-09-09 09_05_13.748-05_00_0.png,1.5,1.7172224488644547
808,1510_LeafPhotoA_2025-09-09 09_05_13.748-05_00_1.png,1.5,1.809394198535599
809,1510_LeafPhotoA_2025-09-09 09_05_13.748-05_00_2.png,1.5,1.8821129105363719
810,1510_LeafPhotoA_2025-09-09 09_05_13.748-05_00_3.png,1.5,1.711153399414914
835,2662_LeafPhotoA_2025-09-09 11_35_27.644-05_00_0.png,3.5,1.981197030957249
836,2662_LeafPhotoA_2025-09-09 11_35_27.644-05_00_1.png,3.5,2.2339555616758116
837,2662_LeafPhotoA_2025-09-09 11_35_27.644-05_00_2.png,3.5,2.324121815262802
838,2662_LeafPhotoA_2025-09-09 11_35_27.644-05_00_3.png,3.5,1.9879041917257245
886,2153_LeafPhotoA_2025-09-08 12_29_10.390-05_00_0.png,1.25,1.676662066418971
887,2153_LeafPhotoA_2025-09-08 12_29_10.390-05_00_1.png,1.25,1.6886269458901535
888,2153_LeafPhotoA_2025-09-08 12_29_10.390-05_00_2.png,1.25,1.5801173936304054
889,2153_LeafPhotoA_2025-09-08 12_29_10.390-05_00_3.png,1.25,1.622486995742581
890,2248_LeafPhotoA_2025-09-08 12_01_20.448-05_00_0.png,1.5,1.751838049467466
891,2248_LeafPhotoA_2025-09-08 12_01_20.448-05_00_1.png,1.5,1.5250999921534236
892,2248_LeafPhotoA_2025-09-08 12_01_20.448-05_00_2.png,1.5,1.6913971714949239
893,2248_LeafPhotoA_2025-09-08 12_01_20.448-05_00_3.png,1.5,1.784575442977001
912,1811_LeafPhotoA_2025-09-09 09_05_51.708-05_00_0.png,1.5,1.6701204263733758
913,1811_LeafPhotoA_2025-09-09 09_05_51.708-05_00_1.png,1.5,1.689920699436227
914,1811_LeafPhotoA_2025-09-09 09_05_51.708-05_00_2.png,1.5,1.7874588335708077
937,2950_LeafPhotoA_2025-09-09 16_20_58.442-05_00_0.png,2.0,1.7260509322025255
938,2950_LeafPhotoA_2025-09-09 16_20_58.442-05_00_1.png,2.0,1.7354922687633345
939,2950_LeafPhotoA_2025-09-09 16_20_58.442-05_00_2.png,2.0,1.6836424585275092
940,2950_LeafPhotoA_2025-09-09 16_20_58.442-05_00_3.png,2.0,1.9288323026262626
1006,1062_LeafPhotoA_2025-09-08 12_54_11.961-05_00_0.png,3.25,2.4009190315403552
1007,1062_LeafPhotoA_2025-09-08 12_54_11.961-05_00_1.png,3.25,2.61049244453141
1008,1062_LeafPhotoA_2025-09-08 12_54_11.961-05_00_2.png,3.25,2.514049512339977
1009,1062_LeafPhotoA_2025-09-08 12_54_11.961-05_00_3.png,3.25,2.249626475111576
1073,1402_LeafPhotoB_2025-09-08 10_39_37.458-05_00_0.png,1.75,1.9947111941783613
1074,1402_LeafPhotoB_2025-09-08 10_39_37.458-05_00_1.png,1.75,2.1293083661466152
1075,1402_LeafPhotoB_2025-09-08 10_39_37.458-05_00_2.png,1.75,2.1267638799283906
1076,1402_LeafPhotoB_2025-09-08 10_39_37.458-05_00_3.png,1.75,2.0354040525191706
1098,1005_LeafPhotoA_2025-09-08 09_35_15.574-05_00_0.png,2.0,1.9391761770798768
1099,1005_LeafPhotoA_2025-09-08 09_35_15.574-05_00_1.png,2.0,2.0111076905027043
1100,1005_LeafPhotoA_2025-09-08 09_35_15.574-05_00_2.png,2.0,1.829256413480848
1101,1005_LeafPhotoA_2025-09-08 09_35_15.574-05_00_3.png,2.0,1.7708105116726571
1117,2218_LeafPhotoA_2025-09-08 11_14_46.146-05_00_0.png,1.25,1.824118833538967
1118,2218_LeafPhotoA_2025-09-08 11_14_46.146-05_00_1.png,1.25,1.9016048893768873
1119,2218_LeafPhotoA_2025-09-08 11_14_46.146-05_00_2.png,1.25,1.8939842770412756
1120,2218_LeafPhotoA_2025-09-08 11_14_46.146-05_00_3.png,1.25,1.6452107217392393
1143,1997_LeafPhotoA_2025-09-09 15_58_29.800-05_00_0.png,2.0,2.103089774591057
1144,1997_LeafPhotoA_2025-09-09 15_58_29.800-05_00_1.png,2.0,2.035359794928585
1145,1997_LeafPhotoA_2025-09-09 15_58_29.800-05_00_2.png,2.0,1.9867919010330493
1146,1997_LeafPhotoA_2025-09-09 15_58_29.800-05_00_3.png,2.0,2.1574047536517065
1154,1404_LeafPhotoB_2025-09-08 09_58_06.206-05_00_0.png,2.25,1.704285310212183
1155,1404_LeafPhotoB_2025-09-08 09_58_06.206-05_00_1.png,2.25,2.010816404863302
1156,1404_LeafPhotoB_2025-09-08 09_58_06.206-05_00_2.png,2.25,1.893090195223052
1157,1404_LeafPhotoB_2025-09-08 09_58_06.206-05_00_3.png,2.25,1.9712262178315498
1169,2189_LeafPhotoA_2025-09-08 17_18_33.881-05_00_0.png,1.0,1.5387570267373971
1170,2189_LeafPhotoA_2025-09-08 17_18_33.881-05_00_1.png,1.0,1.5601838026484278
1171,2189_LeafPhotoA_2025-09-08 17_18_33.881-05_00_2.png,1.0,1.4765679680871246
1172,2189_LeafPhotoA_2025-09-08 17_18_33.881-05_00_3.png,1.0,1.5971286657461792
1181,2273_LeafPhotoA_2025-09-08 17_10_20.317-05_00_0.png,2.0,1.8884156502937102
1182,2273_LeafPhotoA_2025-09-08 17_10_20.317-05_00_1.png,2.0,1.8803076338302012
1183,2273_LeafPhotoA_2025-09-08 17_10_20.317-05_00_2.png,2.0,1.8615783938230248
1184,2273_LeafPhotoA_2025-09-08 17_10_20.317-05_00_3.png,2.0,1.8902045964360943
1193,2182_LeafPhotoA_2025-09-09 12_26_51.449-05_00_0.png,2.5,1.9634628521968778
1194,2182_LeafPhotoA_2025-09-09 12_26_51.449-05_00_1.png,2.5,2.123767195565388
1195,2182_LeafPhotoA_2025-09-09 12_26_51.449-05_00_2.png,2.5,2.0449629423576194
1196,2182_LeafPhotoA_2025-09-09 12_26_51.449-05_00_3.png,2.5,2.142659100342113
1225,2794_LeafPhotoA_2025-09-09 11_14_44.812-05_00_0.png,1.25,1.7153417672999804
1229,1935_LeafPhotoA_2025-09-09 15_31_58.041-05_00_0.png,2.5,2.2725412736585096
1230,1935_LeafPhotoA_2025-09-09 15_31_58.041-05_00_1.png,2.5,2.1919680918040267
1231,1935_LeafPhotoA_2025-09-09 15_31_58.041-05_00_2.png,2.5,2.0992934379083033
1232,1935_LeafPhotoA_2025-09-09 15_31_58.041-05_00_3.png,2.5,2.397841314886738
1247,1350_LeafPhotoA_2025-09-08 10_18_59.648-05_00_0.png,1.75,1.6250182764069543
1248,2884_LeafPhotoA_2025-09-09 14_07_40.879-05_00_0.png,1.5,1.835672807238237
1249,2884_LeafPhotoA_2025-09-09 14_07_40.879-05_00_1.png,1.5,1.7645631409770473
1250,2884_LeafPhotoA_2025-09-09 14_07_40.879-05_00_2.png,1.5,1.7284647603401715
1251,2884_LeafPhotoA_2025-09-09 14_07_40.879-05_00_3.png,1.5,1.7382608121609437
1265,1181_LeafPhotoA_2025-09-08 16_13_30.089-05_00_0.png,2.5,2.451302484006575
1266,1181_LeafPhotoA_2025-09-08 16_13_30.089-05_00_1.png,2.5,2.5031083636811657
1267,1181_LeafPhotoA_2025-09-08 16_13_30.089-05_00_2.png,2.5,2.5015634171147907
1268,1181_LeafPhotoA_2025-09-08 16_13_30.089-05_00_3.png,2.5,2.2113551823107023
1296,2814_LeafPhotoA_2025-09-09 10_25_44.101-05_00_0.png,3.25,2.1115841754779443
1297,2814_LeafPhotoA_2025-09-09 10_25_44.101-05_00_1.png,3.25,2.46738495553321
1298,2814_LeafPhotoA_2025-09-09 10_25_44.101-05_00_2.png,3.25,2.747015105962256
1299,2814_LeafPhotoA_2025-09-09 10_25_44.101-05_00_3.png,3.25,2.6509219710471505
1320,1525_LeafPhotoA_2025-09-09 09_23_09.815-05_00_0.png,2.25,1.9811992178022673
1321,1525_LeafPhotoA_2025-09-09 09_23_09.815-05_00_1.png,2.25,1.9490822260371545
1322,1525_LeafPhotoA_2025-09-09 09_23_09.815-05_00_2.png,2.25,1.9819736161885932
1323,1525_LeafPhotoA_2025-09-09 09_23_09.815-05_00_3.png,2.25,1.8327917378257808
1332,1402_LeafPhotoB_2025-09-08 10_40_07.212-05_00_0.png,2.25,1.9079580311275834
1333,1402_LeafPhotoB_2025-09-08 10_40_07.212-05_00_1.png,2.25,1.818040163588939
1334,1402_LeafPhotoB_2025-09-08 10_40_07.212-05_00_2.png,2.25,1.8361685584676248
1335,1402_LeafPhotoB_2025-09-08 10_40_07.212-05_00_3.png,2.25,1.9949001925254868
1387,2729_LeafPhotoA_2025-09-09 10_55_43.588-05_00_0.png,4.0,2.9917550700396087
1388,2729_LeafPhotoA_2025-09-09 10_55_43.588-05_00_1.png,4.0,2.868911452946295
1389,2729_LeafPhotoA_2025-09-09 10_55_43.588-05_00_2.png,4.0,2.733005340621174
1390,2729_LeafPhotoA_2025-09-09 10_55_43.588-05_00_3.png,4.0,2.6861119188688845
1399,2286_LeafPhotoA_2025-09-08 16_54_14.459-05_00_0.png,1.75,1.759808687749996
1400,2286_LeafPhotoA_2025-09-08 16_54_14.459-05_00_1.png,1.75,1.691928924838704
1401,2286_LeafPhotoA_2025-09-08 16_54_14.459-05_00_2.png,1.75,1.7517131463187114
1402,2286_LeafPhotoA_2025-09-08 16_54_14.459-05_00_3.png,1.75,1.9023668161285943
1403,1167_LeafPhotoA_2025-09-08 16_37_11.962-05_00_0.png,1.75,1.7769824366688818
1416,2817_LeafPhotoA_2025-09-09 10_29_25.768-05_00_0.png,1.0,1.784556521877245
1417,2817_LeafPhotoA_2025-09-09 10_29_25.768-05_00_1.png,1.0,1.6446436163770108
1418,2817_LeafPhotoA_2025-09-09 10_29_25.768-05_00_2.png,1.0,1.7260945395226555
1419,2817_LeafPhotoA_2025-09-09 10_29_25.768-05_00_3.png,1.0,1.6382275896416636
1459,2791_LeafPhotoA_2025-09-09 11_24_33.408-05_00_0.png,2.75,1.959183135442289
1460,2791_LeafPhotoA_2025-09-09 11_24_33.408-05_00_1.png,2.75,1.975650201308785
1461,2791_LeafPhotoA_2025-09-09 11_24_33.408-05_00_2.png,2.75,2.0580287739369214
1462,2791_LeafPhotoA_2025-09-09 11_24_33.408-05_00_3.png,2.75,1.8822965915059202
1477,2009_LeafPhotoA_2025-09-08 10_43_35.775-05_00_0.png,1.5,1.6875702714911192
1478,2009_LeafPhotoA_2025-09-08 10_43_35.775-05_00_1.png,1.5,1.6110120980858451
1479,2009_LeafPhotoA_2025-09-08 10_43_35.775-05_00_2.png,1.5,1.736000913291646
1480,2009_LeafPhotoA_2025-09-08 10_43_35.775-05_00_3.png,1.5,1.6776159994411968
1510,1034_LeafPhotoA_2025-09-08 10_10_03.182-05_00_0.png,2.0,2.026425506237187
1511,1034_LeafPhotoA_2025-09-08 10_10_03.182-05_00_1.png,2.0,1.849654520302863
1512,1034_LeafPhotoA_2025-09-08 10_10_03.182-05_00_2.png,2.0,2.010133128267986
1531,1417_LeafPhotoB_2025-09-08 10_11_12.838-05_00_0.png,2.5,1.9685326081136352
1532,1417_LeafPhotoB_2025-09-08 10_11_12.838-05_00_1.png,2.5,1.9081502696515538
1533,1417_LeafPhotoB_2025-09-08 10_11_12.838-05_00_2.png,2.5,1.9871311438174826
1534,1417_LeafPhotoB_2025-09-08 10_11_12.838-05_00_3.png,2.5,1.8948270587516323
1543,1075_LeafPhotoA_2025-09-08 13_08_10.230-05_00_0.png,2.0,1.953382723966242
1544,1075_LeafPhotoA_2025-09-08 13_08_10.230-05_00_1.png,2.0,1.7993103072954213
1545,1075_LeafPhotoA_2025-09-08 13_08_10.230-05_00_2.png,2.0,1.777177764264138
1546,1075_LeafPhotoA_2025-09-08 13_08_10.230-05_00_3.png,2.0,1.9296620978216616
1565,2699_LeafPhotoA_2025-09-09 10_27_27.811-05_00_0.png,3.0,1.9375900998551543
1566,2699_LeafPhotoA_2025-09-09 10_27_27.811-05_00_1.png,3.0,1.8630273344002044
1567,2699_LeafPhotoA_2025-09-09 10_27_27.811-05_00_2.png,3.0,1.9116921541690899
1568,2699_LeafPhotoA_2025-09-09 10_27_27.811-05_00_3.png,3.0,1.9336468901876072
1636,1389_LeafPhotoA_2025-09-08 13_08_37.035-05_00_0.png,1.75,1.8334402315507328
1637,1389_LeafPhotoA_2025-09-08 13_08_37.035-05_00_1.png,1.75,1.833332541571559
1638,1389_LeafPhotoA_2025-09-08 13_08_37.035-05_00_2.png,1.75,1.784875135310915
1651,2460_LeafPhotoB_2025-09-08 11_37_28.626-05_00_0.png,1.75,1.6935458076978487
1652,2460_LeafPhotoB_2025-09-08 11_37_28.626-05_00_1.png,1.75,1.6755276960244665
1653,2460_LeafPhotoB_2025-09-08 11_37_28.626-05_00_2.png,1.75,1.809084377173072
1654,2460_LeafPhotoB_2025-09-08 11_37_28.626-05_00_3.png,1.75,2.070300397159386
1659,1445_LeafPhotoB_2025-09-08 10_33_50.397-05_00_0.png,1.5,1.7822635966960771
1660,1445_LeafPhotoB_2025-09-08 10_33_50.397-05_00_1.png,1.5,1.7609660871491124
1661,1445_LeafPhotoB_2025-09-08 10_33_50.397-05_00_2.png,1.5,1.7600095468579369
1662,1445_LeafPhotoB_2025-09-08 10_33_50.397-05_00_3.png,1.5,1.7991983308927495
1678,2318_LeafPhotoA_2025-09-08 10_46_13.359-05_00_0.png,1.5,1.740064776754729
1679,2318_LeafPhotoA_2025-09-08 10_46_13.359-05_00_1.png,1.5,1.8235406409184103
1691,1234_LeafPhotoA_2025-09-08 10_20_18.045-05_00_0.png,1.75,1.7796399116060146
1692,1234_LeafPhotoA_2025-09-08 10_20_18.045-05_00_1.png,1.75,1.7109012588812451
1693,1234_LeafPhotoA_2025-09-08 10_20_18.045-05_00_2.png,1.75,1.7520734077785287
1694,1234_LeafPhotoA_2025-09-08 10_20_18.045-05_00_3.png,1.75,1.571786322582112
1695,1279_LeafPhotoA_2025-09-08 16_08_00.467-05_00_0.png,1.0,1.5831692384708302
1696,1279_LeafPhotoA_2025-09-08 16_08_00.467-05_00_1.png,1.0,1.5204707284379069
1697,1279_LeafPhotoA_2025-09-08 16_08_00.467-05_00_2.png,1.0,1.4062138084573024
1698,1279_LeafPhotoA_2025-09-08 16_08_00.467-05_00_3.png,1.0,1.5294367305596008
1704,1417_LeafPhotoB_2025-09-08 10_10_54.682-05_00_0.png,2.25,1.800222829250051
1705,1417_LeafPhotoB_2025-09-08 10_10_54.682-05_00_1.png,2.25,1.7145460583233403
1706,1417_LeafPhotoB_2025-09-08 10_10_54.682-05_00_2.png,2.25,1.7931868591840416
1707,1417_LeafPhotoB_2025-09-08 10_10_54.682-05_00_3.png,2.25,1.9819413469630447
1726,1043_LeafPhotoA_2025-09-08 10_21_46.526-05_00_0.png,3.0,1.9189437518468713
1727,1043_LeafPhotoA_2025-09-08 10_21_46.526-05_00_1.png,3.0,1.8088618535653072
1728,1043_LeafPhotoA_2025-09-08 10_21_46.526-05_00_2.png,3.0,1.8260052304171068
1729,1043_LeafPhotoA_2025-09-08 10_21_46.526-05_00_3.png,3.0,1.6280939795632847
1739,1488_LeafPhotoB_2025-09-08 16_52_36.463-05_00_0.png,2.75,2.1100954166877157
1740,1488_LeafPhotoB_2025-09-08 16_52_36.463-05_00_1.png,2.75,2.297758713414748
1741,1488_LeafPhotoB_2025-09-08 16_52_36.463-05_00_2.png,2.75,2.300355601911741
1742,1488_LeafPhotoB_2025-09-08 16_52_36.463-05_00_3.png,2.75,2.3447541924812256
1761,1456_LeafPhotoB_2025-09-08 12_32_32.393-05_00_0.png,1.25,1.5878378666947623
1762,1456_LeafPhotoB_2025-09-08 12_32_32.393-05_00_1.png,1.25,1.5672626739553002
1763,1456_LeafPhotoB_2025-09-08 12_32_32.393-05_00_2.png,1.25,1.61349443471663
1764,1456_LeafPhotoB_2025-09-08 12_32_32.393-05_00_3.png,1.25,1.613308969894966
1855,1181_LeafPhotoA_2025-09-08 16_13_46.902-05_00_0.png,2.5,2.0054656134186053
1856,1181_LeafPhotoA_2025-09-08 16_13_46.902-05_00_1.png,2.5,2.1821164912336575
1857,1181_LeafPhotoA_2025-09-08 16_13_46.902-05_00_2.png,2.5,2.4014151113509077
1858,1181_LeafPhotoA_2025-09-08 16_13_46.902-05_00_3.png,2.5,2.1902036217217407
1860,5009_LeafPhotoA_2025-09-09 16_08_39.148-05_00_0.png,1.75,1.822324769621342
1861,5009_LeafPhotoA_2025-09-09 16_08_39.148-05_00_1.png,1.75,1.8153797126358429
1862,5009_LeafPhotoA_2025-09-09 16_08_39.148-05_00_2.png,1.75,1.6537913562239697
1863,5009_LeafPhotoA_2025-09-09 16_08_39.148-05_00_3.png,1.75,1.7416334499250652
1872,1413_LeafPhotoA_2025-09-08 09_35_09.246-05_00_0.png,1.75,1.9643116849543538
1873,1413_LeafPhotoA_2025-09-08 09_35_09.246-05_00_1.png,1.75,2.094160778732843
1874,1413_LeafPhotoA_2025-09-08 09_35_09.246-05_00_2.png,1.75,1.916239686002528
1883,2586_LeafPhotoA_2025-09-09 10_34_33.986-05_00_0.png,1.25,1.752920966238943
1884,2586_LeafPhotoA_2025-09-09 10_34_33.986-05_00_1.png,1.25,1.5557374902775558
1885,2586_LeafPhotoA_2025-09-09 10_34_33.986-05_00_2.png,1.25,1.4812206052810515
1886,2586_LeafPhotoA_2025-09-09 10_34_33.986-05_00_3.png,1.25,1.5264403443644214
1893,2055_LeafPhotoA_2025-09-08 11_49_38.748-05_00_0.png,2.75,1.805237214435141
1894,2055_LeafPhotoA_2025-09-08 11_49_38.748-05_00_1.png,2.75,1.8822391368440874
1895,2055_LeafPhotoA_2025-09-08 11_49_38.748-05_00_2.png,2.75,1.8033180509573103
1924,1878_LeafPhotoA_2025-09-09 17_05_46.079-05_00_0.png,1.75,1.6479807553906554
1925,1878_LeafPhotoA_2025-09-09 17_05_46.079-05_00_1.png,1.75,1.6347112273664373
1926,1878_LeafPhotoA_2025-09-09 17_05_46.079-05_00_2.png,1.75,1.625513183764069
1927,1878_LeafPhotoA_2025-09-09 17_05_46.079-05_00_3.png,1.75,1.8055619185689926
1940,1631_LeafPhotoA_2025-09-09 10_13_12.245-05_00_0.png,1.5,1.7004771276893464
1941,1631_LeafPhotoA_2025-09-09 10_13_12.245-05_00_1.png,1.5,1.6555530541131223
1942,1631_LeafPhotoA_2025-09-09 10_13_12.245-05_00_2.png,1.5,1.7788209765729863
1943,1075_LeafPhotoA_2025-09-08 13_08_28.899-05_00_0.png,2.25,2.0544659417500832
1944,1075_LeafPhotoA_2025-09-08 13_08_28.899-05_00_1.png,2.25,1.7781330633912862
1945,1075_LeafPhotoA_2025-09-08 13_08_28.899-05_00_2.png,2.25,1.910783546271843
1946,1075_LeafPhotoA_2025-09-08 13_08_28.899-05_00_3.png,2.25,1.6958596597170033
1955,2395_LeafPhotoA_2025-09-08 12_20_28.826-05_00_0.png,1.5,1.807078613935838
1956,2395_LeafPhotoA_2025-09-08 12_20_28.826-05_00_1.png,1.5,1.8378920126987208
1957,2395_LeafPhotoA_2025-09-08 12_20_28.826-05_00_2.png,1.5,1.6063348260249375
1958,2395_LeafPhotoA_2025-09-08 12_20_28.826-05_00_3.png,1.5,1.6447369193145605
1984,2630_LeafPhotoA_2025-09-09 11_53_58.743-05_00_0.png,2.0,1.8146722686981493
1985,2630_LeafPhotoA_2025-09-09 11_53_58.743-05_00_1.png,2.0,1.9128006159821527
1986,2630_LeafPhotoA_2025-09-09 11_53_58.743-05_00_2.png,2.0,1.855943244897409
1987,2630_LeafPhotoA_2025-09-09 11_53_58.743-05_00_3.png,2.0,1.8958957141325186
2000,1904_LeafPhotoA_2025-09-09 14_38_44.936-05_00_0.png,1.75,1.7419229468622734
2001,1904_LeafPhotoA_2025-09-09 14_38_44.936-05_00_1.png,1.75,1.697225793638177
2002,1904_LeafPhotoA_2025-09-09 14_38_44.936-05_00_2.png,1.75,1.758873115978233
2003,1904_LeafPhotoA_2025-09-09 14_38_44.936-05_00_3.png,1.75,1.7657027417457025
2027,2597_LeafPhotoA_2025-09-09 10_25_46.649-05_00_0.png,1.75,1.7955400725328199
2028,2597_LeafPhotoA_2025-09-09 10_25_46.649-05_00_1.png,1.75,1.8435640035462277
2029,2597_LeafPhotoA_2025-09-09 10_25_46.649-05_00_2.png,1.75,1.8327538434875774
2067,1010_LeafPhotoA_2025-09-08 09_41_44.218-05_00_0.png,2.0,2.0015663513795285
2068,1010_LeafPhotoA_2025-09-08 09_41_44.218-05_00_1.png,2.0,1.842373722128138
2069,1010_LeafPhotoA_2025-09-08 09_41_44.218-05_00_2.png,2.0,1.8392520729413016
2070,1010_LeafPhotoA_2025-09-08 09_41_44.218-05_00_3.png,2.0,1.8682830738515133
2079,1259_LeafPhotoA_2025-09-08 16_30_23.555-05_00_0.png,2.75,2.1828984761543144
2080,1259_LeafPhotoA_2025-09-08 16_30_23.555-05_00_1.png,2.75,2.422999188354645
2081,1259_LeafPhotoA_2025-09-08 16_30_23.555-05_00_2.png,2.75,2.145440387411058
2082,1259_LeafPhotoA_2025-09-08 16_30_23.555-05_00_3.png,2.75,2.0627246942634785
2083,2561_LeafPhotoA_2025-09-09 11_01_04.730-05_00_0.png,1.75,2.060601569084458
2084,2561_LeafPhotoA_2025-09-09 11_01_04.730-05_00_1.png,1.75,1.6846780485703639
2085,2561_LeafPhotoA_2025-09-09 11_01_04.730-05_00_2.png,1.75,1.6314366799566093
2086,2561_LeafPhotoA_2025-09-09 11_01_04.730-05_00_3.png,1.75,1.5354875679258166
2107,1202_LeafPhotoA_2025-09-08 10_46_25.784-05_00_0.png,1.25,1.6971796514606723
2108,1202_LeafPhotoA_2025-09-08 10_46_25.784-05_00_1.png,1.25,1.6329589625268202
2109,1202_LeafPhotoA_2025-09-08 10_46_25.784-05_00_2.png,1.25,1.6385990755755906
2110,1202_LeafPhotoA_2025-09-08 10_46_25.784-05_00_3.png,1.25,1.6142608820286728
2134,1746_LeafPhotoA_2025-09-09 10_03_34.287-05_00_0.png,1.5,1.920265153276377
2135,1746_LeafPhotoA_2025-09-09 10_03_34.287-05_00_1.png,1.5,1.8786373110289174
2136,1746_LeafPhotoA_2025-09-09 10_03_34.287-05_00_2.png,1.5,1.9819992470791385
2137,1931_LeafPhotoA_2025-09-09 15_27_04.726-05_00_0.png,1.25,1.7203796786893115
2138,1931_LeafPhotoA_2025-09-09 15_27_04.726-05_00_1.png,1.25,1.6457794675923048
2139,1931_LeafPhotoA_2025-09-09 15_27_04.726-05_00_2.png,1.25,1.7631511603036725
2140,1931_LeafPhotoA_2025-09-09 15_27_04.726-05_00_3.png,1.25,1.851867026698308
2153,1206_LeafPhotoA_2025-09-08 09_30_08.342-05_00_0.png,2.0,1.7749787122076068
2154,1206_LeafPhotoA_2025-09-08 09_30_08.342-05_00_1.png,2.0,1.7949124741116094
2155,1206_LeafPhotoA_2025-09-08 09_30_08.342-05_00_2.png,2.0,1.6239688563030636
2156,1206_LeafPhotoA_2025-09-08 09_30_08.342-05_00_3.png,2.0,1.6298054793919845
2169,1163_LeafPhotoA_2025-09-08 16_42_10.758-05_00_0.png,1.25,1.8758760752383983
2170,1163_LeafPhotoA_2025-09-08 16_42_10.758-05_00_1.png,1.25,1.887528495495623
2171,1163_LeafPhotoA_2025-09-08 16_42_10.758-05_00_2.png,1.25,1.8232010073796991
2172,1163_LeafPhotoA_2025-09-08 16_42_10.758-05_00_3.png,1.25,1.818061477735261
2173,2518_LeafPhotoA_2025-09-09 10_14_44.963-05_00_0.png,2.25,2.021200050278937
2174,2518_LeafPhotoA_2025-09-09 10_14_44.963-05_00_1.png,2.25,2.4130258043738606
2175,2518_LeafPhotoA_2025-09-09 10_14_44.963-05_00_2.png,2.25,2.399615102489207
2176,2518_LeafPhotoA_2025-09-09 10_14_44.963-05_00_3.png,2.25,2.1429244026124583
2181,2429_LeafPhotoB_2025-09-08 11_06_06.696-05_00_0.png,2.25,1.8370878011468674
2182,1227_LeafPhotoA_2025-09-08 10_09_23.405-05_00_0.png,2.25,1.8891038666396267
2183,1227_LeafPhotoA_2025-09-08 10_09_23.405-05_00_1.png,2.25,2.007398424402235
2188,,1.75,1.8464036220581417
2206,2403_LeafPhotoB_2025-09-08 10_42_58.623-05_00_0.png,1.25,1.4780119229205075
2207,2403_LeafPhotoB_2025-09-08 10_42_58.623-05_00_1.png,1.25,1.558134019577881
2208,2403_LeafPhotoB_2025-09-08 10_42_58.623-05_00_2.png,1.25,1.5924149088355721
2209,2403_LeafPhotoB_2025-09-08 10_42_58.623-05_00_3.png,1.25,1.578152420941845
2223,1700_LeafPhotoA_2025-09-09 10_24_58.399-05_00_0.png,2.0,2.0139555665178377
2224,1700_LeafPhotoA_2025-09-09 10_24_58.399-05_00_1.png,2.0,2.1065758962399825
2225,1700_LeafPhotoA_2025-09-09 10_24_58.399-05_00_2.png,2.0,2.128775650285493
2230,,1.75,1.8464036220581417
2247,1774_LeafPhotoA_2025-09-09 09_53_13.789-05_00_0.png,1.25,1.8163150846723803
2248,1774_LeafPhotoA_2025-09-09 09_53_13.789-05_00_1.png,1.25,1.697579958010686
2249,1774_LeafPhotoA_2025-09-09 09_53_13.789-05_00_2.png,1.25,1.6919261396900942
2250,1774_LeafPhotoA_2025-09-09 09_53_13.789-05_00_3.png,1.25,1.7790179550478853
2251,2692_LeafPhotoA_2025-09-09 10_39_36.661-05_00_0.png,1.25,1.8861880514432026
2252,2692_LeafPhotoA_2025-09-09 10_39_36.661-05_00_1.png,1.25,1.8715457750171955
2253,2692_LeafPhotoA_2025-09-09 10_39_36.661-05_00_2.png,1.25,1.7300765617453044
2254,2692_LeafPhotoA_2025-09-09 10_39_36.661-05_00_3.png,1.25,1.6636060945633317
2283,1490_LeafPhotoB_2025-09-08 16_54_44.052-05_00_0.png,1.5,1.8514075554044238
2284,1490_LeafPhotoB_2025-09-08 16_54_44.052-05_00_1.png,1.5,1.944687560899178
2285,1490_LeafPhotoB_2025-09-08 16_54_44.052-05_00_2.png,1.5,1.8359989270195087
2306,1182_LeafPhotoA_2025-09-08 16_12_58.388-05_00_0.png,1.5,1.8517995264754183
2307,1182_LeafPhotoA_2025-09-08 16_12_58.388-05_00_1.png,1.5,1.8833231643482833
2308,1182_LeafPhotoA_2025-09-08 16_12_58.388-05_00_2.png,1.5,1.8596123602248062
2309,1182_LeafPhotoA_2025-09-08 16_12_58.388-05_00_3.png,1.5,1.8806339966430283
2336,1220_LeafPhotoA_2025-09-08 09_59_32.289-05_00_0.png,2.25,1.749132039184102
2337,1220_LeafPhotoA_2025-09-08 09_59_32.289-05_00_1.png,2.25,1.6779006599265904
2338,1220_LeafPhotoA_2025-09-08 09_59_32.289-05_00_2.png,2.25,1.6229787789394978
2339,1220_LeafPhotoA_2025-09-08 09_59_32.289-05_00_3.png,2.25,1.5978131254831025
2344,1550_LeafPhotoA_2025-09-09 09_52_22.748-05_00_0.png,2.25,2.2887206459677585
2345,1550_LeafPhotoA_2025-09-09 09_52_22.748-05_00_1.png,2.25,1.8992816128122822
2346,1550_LeafPhotoA_2025-09-09 09_52_22.748-05_00_2.png,2.25,1.6729294949371978
2347,1550_LeafPhotoA_2025-09-09 09_52_22.748-05_00_3.png,2.25,1.7082789653855337
2358,2234_LeafPhotoA_2025-09-08 11_39_18.537-05_00_0.png,1.75,1.7145065368363783
2359,2234_LeafPhotoA_2025-09-08 11_39_18.537-05_00_1.png,1.75,1.5265730104679889
2360,2234_LeafPhotoA_2025-09-08 11_39_18.537-05_00_2.png,1.75,1.6272657719186214
2361,2234_LeafPhotoA_2025-09-08 11_39_18.537-05_00_3.png,1.75,1.7849394225431863
2373,2201_LeafPhotoA_2025-09-08 10_47_34.501-05_00_0.png,1.25,1.778912025450363
2374,2201_LeafPhotoA_2025-09-08 10_47_34.501-05_00_1.png,1.25,1.7876486976927572
2375,2201_LeafPhotoA_2025-09-08 10_47_34.501-05_00_2.png,1.25,1.7456164893126842
2376,2201_LeafPhotoA_2025-09-08 10_47_34.501-05_00_3.png,1.25,1.7307411863296878
2377,1174_LeafPhotoA_2025-09-08 16_26_52.134-05_00_0.png,1.5,1.8284555657862303
2378,1174_LeafPhotoA_2025-09-08 16_26_52.134-05_00_1.png,1.5,1.96636160069801
2379,1174_LeafPhotoA_2025-09-08 16_26_52.134-05_00_2.png,1.5,1.7492924620864718
2380,1174_LeafPhotoA_2025-09-08 16_26_52.134-05_00_3.png,1.5,1.833286097659491
2381,1278_LeafPhotoA_2025-09-08 16_08_45.462-05_00_0.png,2.0,1.8377582103407872
2382,1278_LeafPhotoA_2025-09-08 16_08_45.462-05_00_1.png,2.0,1.8068284570096445
2383,1278_LeafPhotoA_2025-09-08 16_08_45.462-05_00_2.png,2.0,1.7471102317807652
2384,1278_LeafPhotoA_2025-09-08 16_08_45.462-05_00_3.png,2.0,1.8013862762073984
2385,1735_LeafPhotoA_2025-09-09 09_46_39.828-05_00_0.png,3.25,2.6876826717515696
2386,1735_LeafPhotoA_2025-09-09 09_46_39.828-05_00_1.png,3.25,2.5257094384830214
2387,1735_LeafPhotoA_2025-09-09 09_46_39.828-05_00_2.png,3.25,2.6779004460545788
2388,1735_LeafPhotoA_2025-09-09 09_46_39.828-05_00_3.png,3.25,2.401790455191093
2389,2174_LeafPhotoA_2025-09-09 12_15_14.269-05_00_0.png,2.25,2.0067350108866777
2390,2174_LeafPhotoA_2025-09-09 12_15_14.269-05_00_1.png,2.25,2.044243852594289
2391,2174_LeafPhotoA_2025-09-09 12_15_14.269-05_00_2.png,2.25,2.13621465622387
2392,2174_LeafPhotoA_2025-09-09 12_15_14.269-05_00_3.png,2.25,2.4254496126374265
2393,1702_LeafPhotoA_2025-09-09 10_12_12.772-05_00_0.png,3.0,2.593194433679764
2394,1702_LeafPhotoA_2025-09-09 10_12_12.772-05_00_1.png,3.0,2.5579423494784366
2395,1702_LeafPhotoA_2025-09-09 10_12_12.772-05_00_2.png,3.0,2.514132419360286
2396,1702_LeafPhotoA_2025-09-09 10_12_12.772-05_00_3.png,3.0,2.5193540991333645
2412,2101_LeafPhotoA_2025-09-08 10_53_40.932-05_00_0.png,1.75,1.6777474317249983
2413,2101_LeafPhotoA_2025-09-08 10_53_40.932-05_00_1.png,1.75,1.6225188427628428
2414,2101_LeafPhotoA_2025-09-08 10_53_40.932-05_00_2.png,1.75,1.6348534040979978
2415,2101_LeafPhotoA_2025-09-08 10_53_40.932-05_00_3.png,1.75,1.669437043824014
2446,2201_LeafPhotoA_2025-09-08 10_47_11.543-05_00_0.png,1.0,1.539126141548777
2447,2201_LeafPhotoA_2025-09-08 10_47_11.543-05_00_1.png,1.0,1.5533939293541548
2448,2201_LeafPhotoA_2025-09-08 10_47_11.543-05_00_2.png,1.0,1.6574554842275648
2449,2201_LeafPhotoA_2025-09-08 10_47_11.543-05_00_3.png,1.0,1.5953633778649874
2454,1784_LeafPhotoA_2025-09-09 09_29_57.480-05_00_0.png,1.5,1.6150341984404484
2455,1784_LeafPhotoA_2025-09-09 09_29_57.480-05_00_1.png,1.5,1.5808241705995645
2456,1784_LeafPhotoA_2025-09-09 09_29_57.480-05_00_2.png,1.5,1.7306247980135714
2457,1784_LeafPhotoA_2025-09-09 09_29_57.480-05_00_3.png,1.5,1.7291722485863608
2458,2756_LeafPhotoA_2025-09-09 16_27_37.923-05_00_0.png,1.25,1.5952647742465962
2459,2756_LeafPhotoA_2025-09-09 16_27_37.923-05_00_1.png,1.25,1.6184716131928778
2460,1329_LeafPhotoA_2025-09-08 09_56_53.667-05_00_0.png,2.5,1.9295301294234894
2461,1329_LeafPhotoA_2025-09-08 09_56_53.667-05_00_1.png,2.5,1.9228542552648582
2462,1329_LeafPhotoA_2025-09-08 09_56_53.667-05_00_2.png,2.5,1.9284279398738107
2463,1329_LeafPhotoA_2025-09-08 09_56_53.667-05_00_3.png,2.5,2.072249203044495
2464,1616_LeafPhotoA_2025-09-09 09_41_23.675-05_00_0.png,2.0,1.7827582091151777
2465,1616_LeafPhotoA_2025-09-09 09_41_23.675-05_00_1.png,2.0,1.710888427462792
2466,1616_LeafPhotoA_2025-09-09 09_41_23.675-05_00_2.png,2.0,1.9300154801620897
2467,1616_LeafPhotoA_2025-09-09 09_41_23.675-05_00_3.png,2.0,2.0076517602731805
2468,2562_LeafPhotoA_2025-09-09 10_59_13.146-05_00_0.png,2.5,1.6811737205379353
2469,2562_LeafPhotoA_2025-09-09 10_59_13.146-05_00_1.png,2.5,1.5430589968959396
2470,2562_LeafPhotoA_2025-09-09 10_59_13.146-05_00_2.png,2.5,1.6682683646937115
2490,1186_LeafPhotoA_2025-09-08 16_05_34.142-05_00_0.png,1.25,1.7390656141553114
2491,1186_LeafPhotoA_2025-09-08 16_05_34.142-05_00_1.png,1.25,1.6737773546032793
2492,1186_LeafPhotoA_2025-09-08 16_05_34.142-05_00_2.png,1.25,1.7783491622313357
2493,1186_LeafPhotoA_2025-09-08 16_05_34.142-05_00_3.png,1.25,1.6563125322390024
2528,1155_LeafPhotoA_2025-09-08 16_53_48.092-05_00_0.png,1.75,2.018893568590373
2529,1155_LeafPhotoA_2025-09-08 16_53_48.092-05_00_1.png,1.75,1.9562215120392494
2530,1155_LeafPhotoA_2025-09-08 16_53_48.092-05_00_2.png,1.75,1.9055402800982426
2546,,1.25,1.8464036220581417
2592,,2.0,1.8464036220581417
2601,1445_LeafPhotoB_2025-09-08 10_34_53.870-05_00_0.png,1.5,1.738081312997879
2602,1445_LeafPhotoB_2025-09-08 10_34_53.870-05_00_1.png,1.5,1.7736516838666367
2603,1445_LeafPhotoB_2025-09-08 10_34_53.870-05_00_2.png,1.5,1.7697276348831263
2604,1445_LeafPhotoB_2025-09-08 10_34_53.870-05_00_3.png,1.5,1.8201959280278883
2613,2703_LeafPhotoA_2025-09-09 10_15_56.392-05_00_0.png,4.25,3.004572241133639
2614,2703_LeafPhotoA_2025-09-09 10_15_56.392-05_00_1.png,4.25,2.690068108907237
2615,2703_LeafPhotoA_2025-09-09 10_15_56.392-05_00_2.png,4.25,2.9781849153719184
2616,2703_LeafPhotoA_2025-09-09 10_15_56.392-05_00_3.png,4.25,2.8123349333401677
2625,1234_LeafPhotoA_2025-09-08 10_19_27.121-05_00_0.png,1.5,1.6880342698546185
2626,1234_LeafPhotoA_2025-09-08 10_19_27.121-05_00_1.png,1.5,1.7000800137470014
2627,1234_LeafPhotoA_2025-09-08 10_19_27.121-05_00_2.png,1.5,1.6698046758775293
2628,1234_LeafPhotoA_2025-09-08 10_19_27.121-05_00_3.png,1.5,1.609438358337944
2646,2266_LeafPhotoA_2025-09-08 17_17_09.917-05_00_0.png,2.75,1.997258110520156
2647,2266_LeafPhotoA_2025-09-08 17_17_09.917-05_00_1.png,2.75,1.9257949562262677
2648,2266_LeafPhotoA_2025-09-08 17_17_09.917-05_00_2.png,2.75,2.2273765916544424
2649,2266_LeafPhotoA_2025-09-08 17_17_09.917-05_00_3.png,2.75,2.237579429303657
2662,2978_LeafPhotoA_2025-09-09 16_28_25.306-05_00_0.png,1.5,1.907944700781836
2663,2978_LeafPhotoA_2025-09-09 16_28_25.306-05_00_1.png,1.5,1.7534373847122746
2664,2978_LeafPhotoA_2025-09-09 16_28_25.306-05_00_2.png,1.5,1.6453702570796818
2665,2978_LeafPhotoA_2025-09-09 16_28_25.306-05_00_3.png,1.5,1.7805484355779555
2687,1891_LeafPhotoA_2025-09-09 17_16_06.533-05_00_0.png,1.5,1.7598441864937602
2688,1891_LeafPhotoA_2025-09-09 17_16_06.533-05_00_1.png,1.5,1.7190500296903268
2689,1891_LeafPhotoA_2025-09-09 17_16_06.533-05_00_2.png,1.5,1.691413114085885
2690,1891_LeafPhotoA_2025-09-09 17_16_06.533-05_00_3.png,1.5,1.646564018223994
2719,1144_LeafPhotoA_2025-09-08 10_40_26.306-05_00_0.png,2.25,2.03948581085184
2720,1144_LeafPhotoA_2025-09-08 10_40_26.306-05_00_1.png,2.25,1.8805301608476561
2721,1144_LeafPhotoA_2025-09-08 10_40_26.306-05_00_2.png,2.25,1.5513414521266804
2722,1144_LeafPhotoA_2025-09-08 10_40_26.306-05_00_3.png,2.25,1.636103704590848
2753,1621_LeafPhotoA_2025-09-09 09_52_05.240-05_00_0.png,1.25,1.6518897681883589
2754,1621_LeafPhotoA_2025-09-09 09_52_05.240-05_00_1.png,1.25,1.722634005378008
2755,1621_LeafPhotoA_2025-09-09 09_52_05.240-05_00_2.png,1.25,1.7077399538643976
2756,1621_LeafPhotoA_2025-09-09 09_52_05.240-05_00_3.png,1.25,1.7424972062439434
2757,,2.5,1.8464036220581417
2774,1288_LeafPhotoA_2025-09-08 15_59_14.840-05_00_0.png,1.5,1.8374447527393059
2775,1288_LeafPhotoA_2025-09-08 15_59_14.840-05_00_1.png,1.5,1.714931803137578
2776,1288_LeafPhotoA_2025-09-08 15_59_14.840-05_00_2.png,1.5,1.828401159773426
2784,1648_LeafPhotoA_2025-09-09 10_43_26.038-05_00_0.png,2.0,1.8297764435749155
2785,1648_LeafPhotoA_2025-09-09 10_43_26.038-05_00_1.png,2.0,1.8522914525610792
2786,1648_LeafPhotoA_2025-09-09 10_43_26.038-05_00_2.png,2.0,1.9426694257808343
2787,1648_LeafPhotoA_2025-09-09 10_43_26.038-05_00_3.png,2.0,2.057736199581776
2805,,1.75,1.8464036220581417
2807,1415_LeafPhotoB_2025-09-08 10_09_27.941-05_00_0.png,1.25,1.7005195084735536
2808,1415_LeafPhotoB_2025-09-08 10_09_27.941-05_00_1.png,1.25,1.7524941407988421
2809,1415_LeafPhotoB_2025-09-08 10_09_27.941-05_00_2.png,1.25,1.6784412866760023
2810,1415_LeafPhotoB_2025-09-08 10_09_27.941-05_00_3.png,1.25,1.6386215230310648
2811,1829_LeafPhotoA_2025-09-09 09_31_52.096-05_00_0.png,2.25,1.893616320116985
2812,1829_LeafPhotoA_2025-09-09 09_31_52.096-05_00_1.png,2.25,2.31191879803579
2813,1829_LeafPhotoA_2025-09-09 09_31_52.096-05_00_2.png,2.25,1.736912883786965
2814,1829_LeafPhotoA_2025-09-09 09_31_52.096-05_00_3.png,2.25,1.7274836632370258
2827,2802_LeafPhotoA_2025-09-09 10_10_24.476-05_00_0.png,2.25,1.8181865195294487
2828,2802_LeafPhotoA_2025-09-09 10_10_24.476-05_00_1.png,2.25,1.9027960673294826
2829,2802_LeafPhotoA_2025-09-09 10_10_24.476-05_00_2.png,2.25,2.0319741209754496
2830,2802_LeafPhotoA_2025-09-09 10_10_24.476-05_00_3.png,2.25,2.227043938455872
2831,1057_LeafPhotoA_2025-09-08 12_48_09.886-05_00_0.png,4.0,2.472866166468926
2832,1057_LeafPhotoA_2025-09-08 12_48_09.886-05_00_1.png,4.0,2.457866704306939
2833,1803_LeafPhotoA_2025-09-09 08_52_14.872-05_00_0.png,1.5,1.7199696095716082
2834,1803_LeafPhotoA_2025-09-09 08_52_14.872-05_00_1.png,1.5,1.7970378124399162
2835,1803_LeafPhotoA_2025-09-09 08_52_14.872-05_00_2.png,1.5,1.8399963229038574
2836,1803_LeafPhotoA_2025-09-09 08_52_14.872-05_00_3.png,1.5,1.7336333781390527
2865,2532_LeafPhotoA_2025-09-09 10_30_36.212-05_00_0.png,1.5,1.7609188282182422
2866,2532_LeafPhotoA_2025-09-09 10_30_36.212-05_00_1.png,1.5,2.1628809926783643
2867,2532_LeafPhotoA_2025-09-09 10_30_36.212-05_00_2.png,1.5,1.8308491918526624
2868,2532_LeafPhotoA_2025-09-09 10_30_36.212-05_00_3.png,1.5,1.666334178460751
2876,2519_LeafPhotoA_2025-09-09 10_16_07.193-05_00_0.png,1.25,1.7255328354216948
2877,2519_LeafPhotoA_2025-09-09 10_16_07.193-05_00_1.png,1.25,1.7675193786208223
2878,2519_LeafPhotoA_2025-09-09 10_16_07.193-05_00_2.png,1.25,1.7011394391588361
2879,2519_LeafPhotoA_2025-09-09 10_16_07.193-05_00_3.png,1.25,1.720337012519588
2964,2783_LeafPhotoA_2025-09-09 15_14_29.872-05_00_0.png,1.25,1.7322116970523032
2965,2783_LeafPhotoA_2025-09-09 15_14_29.872-05_00_1.png,1.25,1.673762027518725
2966,2783_LeafPhotoA_2025-09-09 15_14_29.872-05_00_2.png,1.25,1.7836293732738935
2967,2783_LeafPhotoA_2025-09-09 15_14_29.872-05_00_3.png,1.25,1.728308007996475
2984,2331_LeafPhotoA_2025-09-08 10_59_46.770-05_00_0.png,2.5,1.7228408116597478
2985,2331_LeafPhotoA_2025-09-08 10_59_46.770-05_00_1.png,2.5,1.8457800719662192
2986,2331_LeafPhotoA_2025-09-08 10_59_46.770-05_00_2.png,2.5,1.9284806485304982
2987,2993_LeafPhotoA_2025-09-09 16_47_51.394-05_00_0.png,1.5,1.6707622669727942
2988,2993_LeafPhotoA_2025-09-09 16_47_51.394-05_00_1.png,1.5,1.718192921058936
2989,2993_LeafPhotoA_2025-09-09 16_47_51.394-05_00_2.png,1.5,1.7930758350521916
2990,2993_LeafPhotoA_2025-09-09 16_47_51.394-05_00_3.png,1.5,1.8282670729025343
3007,2729_LeafPhotoA_2025-09-09 10_55_26.872-05_00_0.png,2.75,2.409636891544663
3008,2729_LeafPhotoA_2025-09-09 10_55_26.872-05_00_1.png,2.75,2.273692984432148
3009,2729_LeafPhotoA_2025-09-09 10_55_26.872-05_00_2.png,2.75,2.1427849729645017
3010,2729_LeafPhotoA_2025-09-09 10_55_26.872-05_00_3.png,2.75,2.295649590185303
3023,1616_LeafPhotoA_2025-09-09 09_40_32.568-05_00_0.png,1.5,1.6372693282084498
3024,1616_LeafPhotoA_2025-09-09 09_40_32.568-05_00_1.png,1.5,1.814365812371488
3025,1616_LeafPhotoA_2025-09-09 09_40_32.568-05_00_2.png,1.5,1.6544143545008476
3034,,1.75,1.8464036220581417
3039,2734_LeafPhotoA_2025-09-09 11_00_52.812-05_00_0.png,2.25,2.1669344501105954
3040,2734_LeafPhotoA_2025-09-09 11_00_52.812-05_00_1.png,2.25,2.181266273174978
3041,2734_LeafPhotoA_2025-09-09 11_00_52.812-05_00_2.png,2.25,2.0744344585972256
3042,2734_LeafPhotoA_2025-09-09 11_00_52.812-05_00_3.png,2.25,2.2941570797542883
3084,2246_LeafPhotoA_2025-09-08 11_58_26.493-05_00_0.png,2.25,1.746897326819637
3085,2246_LeafPhotoA_2025-09-08 11_58_26.493-05_00_1.png,2.25,1.9956530568916155
3086,2246_LeafPhotoA_2025-09-08 11_58_26.493-05_00_2.png,2.25,1.8440209200910997
3087,2246_LeafPhotoA_2025-09-08 11_58_26.493-05_00_3.png,2.25,2.0352890464959454
3088,1815_LeafPhotoA_2025-09-09 09_11_30.894-05_00_0.png,1.25,1.680519293291365
3106,2916_LeafPhotoA_2025-09-09 16_36_27.915-05_00_0.png,3.0,2.2385141866472766
3107,2916_LeafPhotoA_2025-09-09 16_36_27.915-05_00_1.png,3.0,2.1286789837887197
3108,2916_LeafPhotoA_2025-09-09 16_36_27.915-05_00_2.png,3.0,2.068973076233621
3113,2234_LeafPhotoA_2025-09-08 11_39_01.597-05_00_0.png,1.5,1.7632290994783588
3114,2234_LeafPhotoA_2025-09-08 11_39_01.597-05_00_1.png,1.5,1.6915171812983956
3115,2234_LeafPhotoA_2025-09-08 11_39_01.597-05_00_2.png,1.5,1.646994546967858
3116,2234_LeafPhotoA_2025-09-08 11_39_01.597-05_00_3.png,1.5,1.767905182680399
3121,1615_LeafPhotoA_2025-09-09 09_38_30.259-05_00_0.png,1.75,1.7913513481165362
3122,1615_LeafPhotoA_2025-09-09 09_38_30.259-05_00_1.png,1.75,1.9560963493863894
3123,1615_LeafPhotoA_2025-09-09 09_38_30.259-05_00_2.png,1.75,1.9373898144809172
3124,1615_LeafPhotoA_2025-09-09 09_38_30.259-05_00_3.png,1.75,1.9242800709916354
3137,1528_LeafPhotoA_2025-09-09 09_26_28.328-05_00_0.png,3.25,2.4723523185191136
3138,1528_LeafPhotoA_2025-09-09 09_26_28.328-05_00_1.png,3.25,2.5015212770867783
3139,1528_LeafPhotoA_2025-09-09 09_26_28.328-05_00_2.png,3.25,2.8453971864344565
3140,1528_LeafPhotoA_2025-09-09 09_26_28.328-05_00_3.png,3.25,2.322547788683625
3165,1566_LeafPhotoA_2025-09-09 10_03_07.791-05_00_0.png,1.5,1.6295008492794503
3166,1566_LeafPhotoA_2025-09-09 10_03_07.791-05_00_1.png,1.5,1.7229879901579577
3167,1566_LeafPhotoA_2025-09-09 10_03_07.791-05_00_2.png,1.5,1.5828968677051478
3168,1566_LeafPhotoA_2025-09-09 10_03_07.791-05_00_3.png,1.5,1.5902387196016394
3173,2444_LeafPhotoB_2025-09-08 11_19_56.783-05_00_0.png,2.25,2.1341528264087906
3174,2444_LeafPhotoB_2025-09-08 11_19_56.783-05_00_1.png,2.25,2.5124074601210964
3175,2444_LeafPhotoB_2025-09-08 11_19_56.783-05_00_2.png,2.25,2.526136579661577
3176,2444_LeafPhotoB_2025-09-08 11_19_56.783-05_00_3.png,2.25,2.1544751044180703
3193,,1.25,1.8464036220581417
3206,1599_LeafPhotoA_2025-09-09 10_23_41.725-05_00_0.png,1.5,1.7430332561033623
3240,1411_LeafPhotoB_2025-09-08 10_05_27.189-05_00_0.png,1.25,1.787182835764272
3241,1411_LeafPhotoB_2025-09-08 10_05_27.189-05_00_1.png,1.25,1.7343351760374661
3242,1411_LeafPhotoB_2025-09-08 10_05_27.189-05_00_2.png,1.25,1.646177535278079
3243,1411_LeafPhotoB_2025-09-08 10_05_27.189-05_00_3.png,1.25,1.8618637991493885
3249,1011_LeafPhotoA_2025-09-08 09_42_35.227-05_00_0.png,2.25,1.9191839241662214
3250,1011_LeafPhotoA_2025-09-08 09_42_35.227-05_00_1.png,2.25,1.856119717049537
3251,1011_LeafPhotoA_2025-09-08 09_42_35.227-05_00_2.png,2.25,2.0290071674689165
3255,2716_LeafPhotoA_2025-09-09 10_35_36.382-05_00_0.png,2.75,2.194307986740962
3256,2716_LeafPhotoA_2025-09-09 10_35_36.382-05_00_1.png,2.75,2.274245606944545
3257,2202_LeafPhotoA_2025-09-08 10_48_52.303-05_00_0.png,1.5,1.8012031751479183
3258,2202_LeafPhotoA_2025-09-08 10_48_52.303-05_00_1.png,1.5,1.6818559095474874
3259,2202_LeafPhotoA_2025-09-08 10_48_52.303-05_00_2.png,1.5,1.7228786889709888
3260,2202_LeafPhotoA_2025-09-08 10_48_52.303-05_00_3.png,1.5,1.7533953267436393
3285,1933_LeafPhotoA_2025-09-09 15_28_49.123-05_00_0.png,2.25,2.1104030788384627
3286,1933_LeafPhotoA_2025-09-09 15_28_49.123-05_00_1.png,2.25,1.9976974834819168
3287,1933_LeafPhotoA_2025-09-09 15_28_49.123-05_00_2.png,2.25,1.6988193746975313
3288,1933_LeafPhotoA_2025-09-09 15_28_49.123-05_00_3.png,2.25,1.8908715971568761
3311,1828_LeafPhotoA_2025-09-09 09_30_57.848-05_00_0.png,2.0,1.9592297956453684
3312,1828_LeafPhotoA_2025-09-09 09_30_57.848-05_00_1.png,2.0,1.8578195369637749
3313,1828_LeafPhotoA_2025-09-09 09_30_57.848-05_00_2.png,2.0,1.904556657525105
3314,1828_LeafPhotoA_2025-09-09 09_30_57.848-05_00_3.png,2.0,1.7321745607857395
3326,2866_LeafPhotoA_2025-09-09 14_51_42.101-05_00_0.png,1.25,1.68095487928045
3327,2866_LeafPhotoA_2025-09-09 14_51_42.101-05_00_1.png,1.25,1.6909252050650816
3351,1815_LeafPhotoA_2025-09-09 09_11_08.154-05_00_0.png,1.5,1.7432908954784696
3352,1815_LeafPhotoA_2025-09-09 09_11_08.154-05_00_1.png,1.5,1.7274335904034064
3353,1815_LeafPhotoA_2025-09-09 09_11_08.154-05_00_2.png,1.5,1.908976500172515
3354,1815_LeafPhotoA_2025-09-09 09_11_08.154-05_00_3.png,1.5,1.7957564711059177
3365,2184_LeafPhotoA_2025-09-09 12_29_02.951-05_00_0.png,1.25,2.245004793578347
3366,2184_LeafPhotoA_2025-09-09 12_29_02.951-05_00_1.png,1.25,2.2321333849020424
3367,2184_LeafPhotoA_2025-09-09 12_29_02.951-05_00_2.png,1.25,2.0343834715255755
3368,2184_LeafPhotoA_2025-09-09 12_29_02.951-05_00_3.png,1.25,2.009809613915232
3370,1904_LeafPhotoA_2025-09-09 14_39_09.961-05_00_0.png,4.75,2.8199025151955586
3371,1904_LeafPhotoA_2025-09-09 14_39_09.961-05_00_1.png,4.75,2.81190104593952
3372,1904_LeafPhotoA_2025-09-09 14_39_09.961-05_00_2.png,4.75,2.829894671308977
3405,2662_LeafPhotoA_2025-09-09 11_35_09.264-05_00_0.png,2.25,2.321212243990419
3406,2662_LeafPhotoA_2025-09-09 11_35_09.264-05_00_1.png,2.25,2.360555655816493
3407,2662_LeafPhotoA_2025-09-09 11_35_09.264-05_00_2.png,2.25,1.95018391445532
3408,2662_LeafPhotoA_2025-09-09 11_35_09.264-05_00_3.png,2.25,2.2981282027535066
3441,2395_LeafPhotoA_2025-09-08 12_20_11.123-05_00_0.png,2.25,2.1048388761651147
3442,2395_LeafPhotoA_2025-09-08 12_20_11.123-05_00_1.png,2.25,2.2238800926831597
3443,2395_LeafPhotoA_2025-09-08 12_20_11.123-05_00_2.png,2.25,1.723168365734334
3444,2395_LeafPhotoA_2025-09-08 12_20_11.123-05_00_3.png,2.25,1.7246109276041188
3479,5031_LeafPhotoA_2025-09-09 16_57_35.057-05_00_0.png,1.25,1.7581083023577955
3480,5031_LeafPhotoA_2025-09-09 16_57_35.057-05_00_1.png,1.25,1.645673090717549
3481,5031_LeafPhotoA_2025-09-09 16_57_35.057-05_00_2.png,1.25,1.6309269981327472
3482,5031_LeafPhotoA_2025-09-09 16_57_35.057-05_00_3.png,1.25,1.6983053519058982
3499,1307_LeafPhotoA_2025-09-08 09_22_15.163-05_00_0.png,1.75,1.729112210401237
3500,1307_LeafPhotoA_2025-09-08 09_22_15.163-05_00_1.png,1.75,1.8660227141803307
3501,1307_LeafPhotoA_2025-09-08 09_22_15.163-05_00_2.png,1.75,1.8567811078710463
3502,1307_LeafPhotoA_2025-09-08 09_22_15.163-05_00_3.png,1.75,1.56463064978725
3517,2120_LeafPhotoA_2025-09-08 11_31_02.513-05_00_0.png,1.25,1.7969486342073162
3518,2120_LeafPhotoA_2025-09-08 11_31_02.513-05_00_1.png,1.25,1.7912177936053333
3519,2120_LeafPhotoA_2025-09-08 11_31_02.513-05_00_2.png,1.25,1.7897548841230122
3520,2120_LeafPhotoA_2025-09-08 11_31_02.513-05_00_3.png,1.25,1.9035715871460837
3521,1259_LeafPhotoA_2025-09-08 16_30_12.453-05_00_0.png,2.25,1.9414888173442384
3522,1259_LeafPhotoA_2025-09-08 16_30_12.453-05_00_1.png,2.25,1.9881729434136546
3523,1259_LeafPhotoA_2025-09-08 16_30_12.453-05_00_2.png,2.25,1.7632790659968385
3524,1259_LeafPhotoA_2025-09-08 16_30_12.453-05_00_3.png,2.25,1.8404079012944499
3533,2318_LeafPhotoA_2025-09-08 10_46_40.691-05_00_0.png,1.0,1.6201298119893217
3534,2318_LeafPhotoA_2025-09-08 10_46_40.691-05_00_1.png,1.0,1.7571637375272007
3535,2318_LeafPhotoA_2025-09-08 10_46_40.691-05_00_2.png,1.0,1.6390870299210807
3536,2318_LeafPhotoA_2025-09-08 10_46_40.691-05_00_3.png,1.0,1.552367654365489
3546,1806_LeafPhotoA_2025-09-09 08_58_19.870-05_00_0.png,3.0,1.9545571343216457
3547,1806_LeafPhotoA_2025-09-09 08_58_32.090-05_00_0.png,1.75,1.7989509419660459
3548,1806_LeafPhotoA_2025-09-09 08_58_32.090-05_00_1.png,1.75,1.7403712879209916
3549,1806_LeafPhotoA_2025-09-09 08_58_32.090-05_00_2.png,1.75,1.766749866199278
3550,1806_LeafPhotoA_2025-09-09 08_58_32.090-05_00_3.png,1.75,1.6962538065287063
3551,2205_LeafPhotoA_2025-09-08 10_52_49.920-05_00_0.png,2.0,1.7923812306007534
3552,2205_LeafPhotoA_2025-09-08 10_52_49.920-05_00_1.png,2.0,1.6940659680473689
3553,2205_LeafPhotoA_2025-09-08 10_52_49.920-05_00_2.png,2.0,1.7025966972483995
3554,2205_LeafPhotoA_2025-09-08 10_52_49.920-05_00_3.png,2.0,1.6434645515531618
3555,2205_LeafPhotoA_2025-09-08 10_52_29.620-05_00_0.png,1.25,1.7726956736409978
3556,2205_LeafPhotoA_2025-09-08 10_52_29.620-05_00_1.png,1.25,1.763897613767704
3557,2205_LeafPhotoA_2025-09-08 10_52_29.620-05_00_2.png,1.25,1.7046915248319678
3558,2205_LeafPhotoA_2025-09-08 10_52_29.620-05_00_3.png,1.25,1.6898591682279278
3559,1806_LeafPhotoA_2025-09-09 08_58_50.435-05_00_0.png,2.25,2.010718357832182
3560,1806_LeafPhotoA_2025-09-09 08_58_50.435-05_00_1.png,2.25,2.1139920398443994
3561,1806_LeafPhotoA_2025-09-09 08_58_50.435-05_00_2.png,2.25,2.023807337271914
3562,1806_LeafPhotoA_2025-09-09 08_58_50.435-05_00_3.png,2.25,2.2706979652829107
3563,2205_LeafPhotoA_2025-09-08 10_52_09.894-05_00_0.png,1.5,1.8782840338693063
3564,2205_LeafPhotoA_2025-09-08 10_52_09.894-05_00_1.png,1.5,1.8475770225404742
3565,2205_LeafPhotoA_2025-09-08 10_52_09.894-05_00_2.png,1.5,1.7555668396307393
3566,2205_LeafPhotoA_2025-09-08 10_52_09.894-05_00_3.png,1.5,1.6723187499581187
3,2601_LeafPhotoA_2025-09-09 10_53_20.928-05_00_0.png,1.0,1.564871024863563
4,2601_LeafPhotoA_2025-09-09 10_53_20.928-05_00_1.png,1.0,1.6690265330993606
5,2601_LeafPhotoA_2025-09-09 10_53_20.928-05_00_2.png,1.0,1.8982712017044805
6,2601_LeafPhotoA_2025-09-09 10_53_20.928-05_00_3.png,1.0,1.6423782554680864
34,1483_LeafPhotoB_2025-09-08 16_48_33.487-05_00_0.png,1.25,1.6737696818696093
35,1483_LeafPhotoB_2025-09-08 16_48_33.487-05_00_1.png,1.25,1.5812301358798826
36,1483_LeafPhotoB_2025-09-08 16_48_33.487-05_00_2.png,1.25,1.5615408728416287
37,1483_LeafPhotoB_2025-09-08 16_48_33.487-05_00_3.png,1.25,1.6527828631019184
66,1864_LeafPhotoA_2025-09-09 16_54_10.885-05_00_0.png,2.25,1.705024959927039
67,1864_LeafPhotoA_2025-09-09 16_54_10.885-05_00_1.png,2.25,1.9920407584949218
68,1864_LeafPhotoA_2025-09-09 16_54_10.885-05_00_2.png,2.25,2.0453072650643893
69,1864_LeafPhotoA_2025-09-09 16_54_10.885-05_00_3.png,2.25,2.0517582759115034
70,1459_LeafPhotoB_2025-09-08 12_35_29.491-05_00_0.png,2.5,2.5841140068826207
71,1459_LeafPhotoB_2025-09-08 12_35_29.491-05_00_1.png,2.5,2.519518558765366
72,1459_LeafPhotoB_2025-09-08 12_35_29.491-05_00_2.png,2.5,2.547673765322975
81,2330_LeafPhotoA_2025-09-08 10_58_31.927-05_00_0.png,1.25,1.752233861715767
82,2330_LeafPhotoA_2025-09-08 10_58_31.927-05_00_1.png,1.25,1.6555002361853306
83,2330_LeafPhotoA_2025-09-08 10_58_31.927-05_00_2.png,1.25,1.6896334775435387
84,2330_LeafPhotoA_2025-09-08 10_58_31.927-05_00_3.png,1.25,1.6419082049043476
138,1945_LeafPhotoA_2025-09-09 16_03_25.425-05_00_0.png,2.0,1.7358776451674955
139,1945_LeafPhotoA_2025-09-09 16_03_25.425-05_00_1.png,2.0,1.7934601832447956
179,1984_LeafPhotoA_2025-09-09 16_31_27.437-05_00_0.png,1.25,1.7097808583369258
180,1984_LeafPhotoA_2025-09-09 16_31_27.437-05_00_1.png,1.25,1.7944989967731386
181,1984_LeafPhotoA_2025-09-09 16_31_27.437-05_00_2.png,1.25,1.7233163935549536
182,2965_LeafPhotoA_2025-09-09 16_10_16.858-05_00_0.png,1.75,1.6170937407039006
183,2965_LeafPhotoA_2025-09-09 16_10_16.858-05_00_1.png,1.75,1.7111964943649824
184,2965_LeafPhotoA_2025-09-09 16_10_16.858-05_00_2.png,1.75,1.7605031352497356
185,2965_LeafPhotoA_2025-09-09 16_10_16.858-05_00_3.png,1.75,1.7332636038846132
194,1209_LeafPhotoA_2025-09-08 09_37_14.965-05_00_0.png,1.25,1.5880630788791086
195,1209_LeafPhotoA_2025-09-08 09_37_14.965-05_00_1.png,1.25,1.5808412876347397
196,1209_LeafPhotoA_2025-09-08 09_37_14.965-05_00_2.png,1.25,1.5635800564660958
197,1209_LeafPhotoA_2025-09-08 09_37_14.965-05_00_3.png,1.25,1.5374655002424678
198,1644_LeafPhotoA_2025-09-09 10_35_46.183-05_00_0.png,1.5,1.7176457430289562
199,1644_LeafPhotoA_2025-09-09 10_35_46.183-05_00_1.png,1.5,1.6672027153541753
200,1644_LeafPhotoA_2025-09-09 10_35_46.183-05_00_2.png,1.5,1.5784114814333003
201,1644_LeafPhotoA_2025-09-09 10_35_46.183-05_00_3.png,1.5,1.5740882275874177
202,2905_LeafPhotoA_2025-09-09 16_23_24.410-05_00_0.png,3.0,2.08642884420227
203,2905_LeafPhotoA_2025-09-09 16_23_24.410-05_00_1.png,3.0,1.922678466105455
204,2905_LeafPhotoA_2025-09-09 16_23_24.410-05_00_2.png,3.0,1.8898580420240902
205,2905_LeafPhotoA_2025-09-09 16_23_24.410-05_00_3.png,3.0,2.343729890842784
218,2680_LeafPhotoA_2025-09-09 11_02_16.370-05_00_0.png,3.0,2.031639987664873
219,2680_LeafPhotoA_2025-09-09 11_02_16.370-05_00_1.png,3.0,2.1970845021770677
220,2680_LeafPhotoA_2025-09-09 11_02_16.370-05_00_2.png,3.0,2.146893514281019
221,2680_LeafPhotoA_2025-09-09 11_02_16.370-05_00_3.png,3.0,2.418793888077061
249,1877_LeafPhotoA_2025-09-09 17_04_30.257-05_00_0.png,1.5,2.0121079482522966
250,1877_LeafPhotoA_2025-09-09 17_04_30.257-05_00_1.png,1.5,1.9398249393472886
251,1877_LeafPhotoA_2025-09-09 17_04_30.257-05_00_2.png,1.5,1.6556620038699912
252,1877_LeafPhotoA_2025-09-09 17_04_30.257-05_00_3.png,1.5,1.7216176782964019
292,6024_LeafPhotoA_2025-09-09 16_37_05.339-05_00_0.png,1.0,1.7163806301332187
313,2891_LeafPhotoA_2025-09-09 14_01_28.259-05_00_0.png,1.75,1.869247876120107
314,2891_LeafPhotoA_2025-09-09 14_01_28.259-05_00_1.png,1.75,1.727343498155613
315,2891_LeafPhotoA_2025-09-09 14_01_28.259-05_00_2.png,1.75,1.815283465313228
316,2891_LeafPhotoA_2025-09-09 14_01_28.259-05_00_3.png,1.75,1.734660146157861
317,1233_LeafPhotoA_2025-09-08 10_18_11.748-05_00_0.png,1.0,1.6088127695331513
318,1233_LeafPhotoA_2025-09-08 10_18_11.748-05_00_1.png,1.0,1.6629682546058928
319,1233_LeafPhotoA_2025-09-08 10_18_11.748-05_00_2.png,1.0,1.6498250956116802
348,1834_LeafPhotoA_2025-09-09 09_42_27.442-05_00_0.png,2.5,1.8026156937411895
349,1834_LeafPhotoA_2025-09-09 09_42_27.442-05_00_1.png,2.5,1.9720386673815966
350,1834_LeafPhotoA_2025-09-09 09_42_27.442-05_00_2.png,2.5,2.105948464238398
351,1834_LeafPhotoA_2025-09-09 09_42_27.442-05_00_3.png,2.5,1.851979205743842
376,2450_LeafPhotoB_2025-09-08 11_25_41.315-05_00_0.png,1.25,1.5258846531193908
377,2450_LeafPhotoB_2025-09-08 11_25_41.315-05_00_1.png,1.25,1.6367487008122177
378,2450_LeafPhotoB_2025-09-08 11_25_41.315-05_00_2.png,1.25,1.639799013673107
379,2450_LeafPhotoB_2025-09-08 11_25_41.315-05_00_3.png,1.25,1.5487166325045458
415,1306_LeafPhotoA_2025-09-08 09_21_07.935-05_00_0.png,2.0,1.9316586865227776
416,1306_LeafPhotoA_2025-09-08 09_21_07.935-05_00_1.png,2.0,1.8461924688524223
417,1306_LeafPhotoA_2025-09-08 09_21_07.935-05_00_2.png,2.0,1.907699055341375
430,1151_LeafPhotoA_2025-09-08 16_59_29.011-05_00_0.png,2.0,1.7162491938128295
431,1151_LeafPhotoA_2025-09-08 16_59_29.011-05_00_1.png,2.0,1.6964584671125775
432,1151_LeafPhotoA_2025-09-08 16_59_29.011-05_00_2.png,2.0,1.644281444576396
483,2908_LeafPhotoA_2025-09-09 16_27_08.906-05_00_0.png,2.25,1.7800598676523962
484,2908_LeafPhotoA_2025-09-09 16_27_08.906-05_00_1.png,2.25,2.088593126939926
485,2908_LeafPhotoA_2025-09-09 16_27_08.906-05_00_2.png,2.25,1.986738876449972
486,2908_LeafPhotoA_2025-09-09 16_27_08.906-05_00_3.png,2.25,2.1819089121233106
509,1101_LeafPhotoA_2025-09-08 10_50_13.286-05_00_0.png,2.75,1.774808473004087
510,1101_LeafPhotoA_2025-09-08 10_50_13.286-05_00_1.png,2.75,2.1899091979464482
511,1101_LeafPhotoA_2025-09-08 10_50_13.286-05_00_2.png,2.75,2.3881590407960727
512,1101_LeafPhotoA_2025-09-08 10_50_13.286-05_00_3.png,2.75,2.1687299057796383
517,2652_LeafPhotoA_2025-09-09 11_26_03.712-05_00_0.png,3.0,2.103199549830707
518,2652_LeafPhotoA_2025-09-09 11_26_03.712-05_00_1.png,3.0,1.979888174336415
519,2652_LeafPhotoA_2025-09-09 11_26_03.712-05_00_2.png,3.0,2.0332552790870446
520,2652_LeafPhotoA_2025-09-09 11_26_03.712-05_00_3.png,3.0,1.9178039717245994
551,1711_LeafPhotoA_2025-09-09 09_06_57.472-05_00_0.png,4.5,2.7874812852642306
552,1711_LeafPhotoA_2025-09-09 09_06_57.472-05_00_1.png,4.5,2.805633463485955
553,1711_LeafPhotoA_2025-09-09 09_06_57.472-05_00_2.png,4.5,2.8804175748478036
554,1711_LeafPhotoA_2025-09-09 09_06_57.472-05_00_3.png,4.5,2.692812192581726
573,2071_LeafPhotoA_2025-09-08 12_06_01.483-05_00_0.png,2.5,2.2122390912374956
574,2071_LeafPhotoA_2025-09-08 12_06_01.483-05_00_1.png,2.5,2.083150552038156
575,2071_LeafPhotoA_2025-09-08 12_06_01.483-05_00_2.png,2.5,2.0607099685217065
576,2071_LeafPhotoA_2025-09-08 12_06_01.483-05_00_3.png,2.5,2.1419633294082168
593,1758_LeafPhotoA_2025-09-09 10_31_19.555-05_00_0.png,2.0,1.653230900976279
594,1758_LeafPhotoA_2025-09-09 10_31_19.555-05_00_1.png,2.0,1.8674655546645789
595,1758_LeafPhotoA_2025-09-09 10_31_19.555-05_00_2.png,2.0,1.8324411614625933
596,1758_LeafPhotoA_2025-09-09 10_31_19.555-05_00_3.png,2.0,1.7897401998720448
613,,4.25,1.7172506920445076
618,,2.0,1.7172506920445076
631,1469_LeafPhotoB_2025-09-08 16_35_32.382-05_00_0.png,1.0,1.6576912395350496
632,1469_LeafPhotoB_2025-09-08 16_35_32.382-05_00_1.png,1.0,1.646508460755522
633,1469_LeafPhotoB_2025-09-08 16_35_32.382-05_00_2.png,1.0,1.682466753289387
634,1469_LeafPhotoB_2025-09-08 16_35_32.382-05_00_3.png,1.0,1.7657357605159834
659,1880_LeafPhotoA_2025-09-09 13_17_54.406-05_00_0.png,1.25,1.699703236166567
660,1880_LeafPhotoA_2025-09-09 13_17_54.406-05_00_1.png,1.25,1.6809271608916547
661,1880_LeafPhotoA_2025-09-09 13_17_54.406-05_00_2.png,1.25,1.7516779454769738
662,1880_LeafPhotoA_2025-09-09 13_17_54.406-05_00_3.png,1.25,1.8376375663957552
663,2257_LeafPhotoA_2025-09-08 12_26_56.434-05_00_0.png,1.25,1.8635636903006034
664,2257_LeafPhotoA_2025-09-08 12_26_56.434-05_00_1.png,1.25,1.6296244422045723
665,2257_LeafPhotoA_2025-09-08 12_26_56.434-05_00_2.png,1.25,1.7029492855490098
666,2257_LeafPhotoA_2025-09-08 12_26_56.434-05_00_3.png,1.25,1.6655884464773043
686,1322_LeafPhotoA_2025-09-08 09_45_01.696-05_00_0.png,1.5,1.7290683112950433
687,1322_LeafPhotoA_2025-09-08 09_45_01.696-05_00_1.png,1.5,1.6164728605064185
688,1322_LeafPhotoA_2025-09-08 09_45_01.696-05_00_2.png,1.5,1.578104004103751
689,1322_LeafPhotoA_2025-09-08 09_45_01.696-05_00_3.png,1.5,1.618582500691548
694,2552_LeafPhotoA_2025-09-09 11_07_31.178-05_00_0.png,1.75,1.9602458354245167
695,2552_LeafPhotoA_2025-09-09 11_07_31.178-05_00_1.png,1.75,1.7626535335539188
696,2552_LeafPhotoA_2025-09-09 11_07_31.178-05_00_2.png,1.75,1.6960617872812385
697,2552_LeafPhotoA_2025-09-09 11_07_31.178-05_00_3.png,1.75,1.786264718624387
713,1322_LeafPhotoA_2025-09-08 09_44_46.085-05_00_0.png,1.5,1.7803150315886394
714,1322_LeafPhotoA_2025-09-08 09_44_46.085-05_00_1.png,1.5,1.7194412142563757
715,1322_LeafPhotoA_2025-09-08 09_44_46.085-05_00_2.png,1.5,1.675464358830614
716,1322_LeafPhotoA_2025-09-08 09_44_46.085-05_00_3.png,1.5,1.6102690967121118
719,1813_LeafPhotoA_2025-09-09 09_08_08.790-05_00_0.png,1.75,1.8324321711382219
720,1813_LeafPhotoA_2025-09-09 09_08_08.790-05_00_1.png,1.75,1.7383997504701707
721,1813_LeafPhotoA_2025-09-09 09_08_08.790-05_00_2.png,1.75,1.8051954659507294
722,1813_LeafPhotoA_2025-09-09 09_08_08.790-05_00_3.png,1.75,1.7953280957840758
753,2156_LeafPhotoA_2025-09-08 12_32_46.869-05_00_0.png,3.25,2.4109040828063315
754,2156_LeafPhotoA_2025-09-08 12_32_46.869-05_00_1.png,3.25,2.1216211837979824
755,2156_LeafPhotoA_2025-09-08 12_32_46.869-05_00_2.png,3.25,2.327684845563254
773,2503_LeafPhotoA_2025-09-09 09_58_27.327-05_00_0.png,3.5,2.4269298465619484
774,2503_LeafPhotoA_2025-09-09 09_58_27.327-05_00_1.png,3.5,2.3874811048514624
775,2503_LeafPhotoA_2025-09-09 09_58_27.327-05_00_2.png,3.5,2.3822468326199946
776,2503_LeafPhotoA_2025-09-09 09_58_27.327-05_00_3.png,3.5,2.346206970173626
831,2914_LeafPhotoA_2025-09-09 16_34_44.640-05_00_0.png,3.75,2.468287300404113
832,2914_LeafPhotoA_2025-09-09 16_34_44.640-05_00_1.png,3.75,2.660123785475844
833,2914_LeafPhotoA_2025-09-09 16_34_44.640-05_00_2.png,3.75,2.3411985504243047
834,2914_LeafPhotoA_2025-09-09 16_34_44.640-05_00_3.png,3.75,2.4242529633410554
859,1045_LeafPhotoA_2025-09-08 10_24_39.722-05_00_0.png,1.0,1.7907488876416418
860,1045_LeafPhotoA_2025-09-08 10_24_39.722-05_00_1.png,1.0,1.7752136442714286
861,1045_LeafPhotoA_2025-09-08 10_24_39.722-05_00_2.png,1.0,1.7409736808612468
862,1045_LeafPhotoA_2025-09-08 10_24_39.722-05_00_3.png,1.0,1.6960120069961642
907,1284_LeafPhotoA_2025-09-08 16_03_49.001-05_00_0.png,1.25,1.954952358655171
908,1284_LeafPhotoA_2025-09-08 16_03_49.001-05_00_1.png,1.25,1.8854050192140486
921,,3.75,1.7172506920445076
922,1081_LeafPhotoA_2025-09-08 13_14_07.416-05_00_0.png,3.0,2.215810710407799
923,1081_LeafPhotoA_2025-09-08 13_14_07.416-05_00_1.png,3.0,2.2167195818994383
924,1081_LeafPhotoA_2025-09-08 13_14_07.416-05_00_2.png,3.0,1.919302710854192
925,1081_LeafPhotoA_2025-09-08 13_14_07.416-05_00_3.png,3.0,1.7480480834001437
934,1678_LeafPhotoA_2025-09-09 09_34_24.350-05_00_0.png,3.25,2.531443208957419
935,1678_LeafPhotoA_2025-09-09 09_34_24.350-05_00_1.png,3.25,2.3449079114966667
936,1678_LeafPhotoA_2025-09-09 09_34_24.350-05_00_2.png,3.25,2.05887359924781
960,1956_LeafPhotoA_2025-09-09 17_17_49.256-05_00_0.png,1.75,1.8477303870785773
961,1956_LeafPhotoA_2025-09-09 17_17_49.256-05_00_1.png,1.75,1.7495123898598288
962,1956_LeafPhotoA_2025-09-09 17_17_49.256-05_00_2.png,1.75,1.6994485588934847
963,1956_LeafPhotoA_2025-09-09 17_17_49.256-05_00_3.png,1.75,1.6955546486819093
964,2897_LeafPhotoA_2025-09-09 13_55_49.813-05_00_0.png,1.25,1.657470865924848
965,2897_LeafPhotoA_2025-09-09 13_55_49.813-05_00_1.png,1.25,1.5806265543733984
966,2897_LeafPhotoA_2025-09-09 13_55_49.813-05_00_2.png,1.25,1.6331376986500339
981,2455_LeafPhotoB_2025-09-08 11_32_47.648-05_00_0.png,4.0,2.44048148012387
982,2455_LeafPhotoB_2025-09-08 11_32_47.648-05_00_1.png,4.0,2.29112928098545
983,2455_LeafPhotoB_2025-09-08 11_32_47.648-05_00_2.png,4.0,2.44142238429463
984,2455_LeafPhotoB_2025-09-08 11_32_47.648-05_00_3.png,4.0,2.7194103394549494
993,,2.75,1.7172506920445076
994,1081_LeafPhotoA_2025-09-08 13_14_31.503-05_00_0.png,2.0,1.7265516416565774
995,1081_LeafPhotoA_2025-09-08 13_14_31.503-05_00_1.png,2.0,1.7534383469168298
996,1081_LeafPhotoA_2025-09-08 13_14_31.503-05_00_2.png,2.0,1.7649044643906873
997,1081_LeafPhotoA_2025-09-08 13_14_31.503-05_00_3.png,2.0,1.7898257984262371
998,1872_LeafPhotoA_2025-09-09 17_01_06.251-05_00_0.png,1.5,1.7722141933251634
999,1872_LeafPhotoA_2025-09-09 17_01_06.251-05_00_1.png,1.5,1.7247650995764747
1000,1872_LeafPhotoA_2025-09-09 17_01_06.251-05_00_2.png,1.5,1.8764601506983833
1001,1872_LeafPhotoA_2025-09-09 17_01_06.251-05_00_3.png,1.5,1.804279156334776
1026,2069_LeafPhotoA_2025-09-08 12_03_26.688-05_00_0.png,1.75,1.8050091643526969
1027,2069_LeafPhotoA_2025-09-08 12_03_26.688-05_00_1.png,1.75,1.7084287433493366
1028,2069_LeafPhotoA_2025-09-08 12_03_26.688-05_00_2.png,1.75,1.690479520794984
1029,2069_LeafPhotoA_2025-09-08 12_03_26.688-05_00_3.png,1.75,1.7476364610420196
1042,2687_LeafPhotoA_2025-09-09 10_47_11.070-05_00_0.png,1.0,1.6983499738592382
1043,2687_LeafPhotoA_2025-09-09 10_47_11.070-05_00_1.png,1.0,1.6237235272990997
1054,1016_LeafPhotoA_2025-09-08 09_49_45.693-05_00_0.png,2.25,1.8349296744532435
1055,1016_LeafPhotoA_2025-09-08 09_49_45.693-05_00_1.png,2.25,1.768644051881425
1056,1016_LeafPhotoA_2025-09-08 09_49_45.693-05_00_2.png,2.25,1.7385460011077039
1057,1016_LeafPhotoA_2025-09-08 09_49_45.693-05_00_3.png,2.25,1.7913087137320878
1085,,1.5,1.7172506920445076
1090,2572_LeafPhotoA_2025-09-09 10_48_03.925-05_00_0.png,1.0,1.6684077834964433
1091,2572_LeafPhotoA_2025-09-09 10_48_03.925-05_00_1.png,1.0,1.612834173347561
1092,2572_LeafPhotoA_2025-09-09 10_48_03.925-05_00_2.png,1.0,1.6631514940570897
1093,2572_LeafPhotoA_2025-09-09 10_48_03.925-05_00_3.png,1.0,1.6840727581765833
1094,1483_LeafPhotoB_2025-09-08 16_48_47.018-05_00_0.png,1.75,1.5460715566347445
1095,1483_LeafPhotoB_2025-09-08 16_48_47.018-05_00_1.png,1.75,1.8534586951616392
1096,1483_LeafPhotoB_2025-09-08 16_48_47.018-05_00_2.png,1.75,1.8263074318961272
1097,1483_LeafPhotoB_2025-09-08 16_48_47.018-05_00_3.png,1.75,1.589938179973676
1125,2158_LeafPhotoA_2025-09-08 12_35_42.896-05_00_0.png,1.5,1.7026608626138573
1126,2158_LeafPhotoA_2025-09-08 12_35_42.896-05_00_1.png,1.5,1.7796598785483644
1130,1800_LeafPhotoA_2025-09-09 10_52_27.692-05_00_0.png,1.5,1.6844109239157508
1131,1800_LeafPhotoA_2025-09-09 10_52_27.692-05_00_1.png,1.5,1.6960879701116767
1132,1800_LeafPhotoA_2025-09-09 10_52_27.692-05_00_2.png,1.5,1.8229855218713829
1133,1800_LeafPhotoA_2025-09-09 10_52_27.692-05_00_3.png,1.5,1.7826448751599944
1151,1508_LeafPhotoA_2025-09-09 09_02_17.390-05_00_0.png,1.25,1.9900901381295784
1152,1508_LeafPhotoA_2025-09-09 09_02_17.390-05_00_1.png,1.25,1.86366537500436
1153,1508_LeafPhotoA_2025-09-09 09_02_17.390-05_00_2.png,1.25,1.7458624314309044
1165,1428_LeafPhotoB_2025-09-08 10_20_54.940-05_00_0.png,1.5,1.8924299903272779
1166,1428_LeafPhotoB_2025-09-08 10_20_54.940-05_00_1.png,1.5,2.160842701445762
1167,1428_LeafPhotoB_2025-09-08 10_20_54.940-05_00_2.png,1.5,2.1348412778177903
1168,1428_LeafPhotoB_2025-09-08 10_20_54.940-05_00_3.png,1.5,1.8861995358764911
1173,1314_LeafPhotoA_2025-09-08 09_31_44.782-05_00_0.png,2.0,2.0242924080362026
1174,1314_LeafPhotoA_2025-09-08 09_31_44.782-05_00_1.png,2.0,2.0111211272011884
1175,1314_LeafPhotoA_2025-09-08 09_31_44.782-05_00_2.png,2.0,1.955625289563056
1176,1314_LeafPhotoA_2025-09-08 09_31_44.782-05_00_3.png,2.0,2.0876600071875693
1189,1877_LeafPhotoA_2025-09-09 13_21_11.014-05_00_0.png,2.0,1.6577499065960246
1190,1877_LeafPhotoA_2025-09-09 13_21_11.014-05_00_1.png,2.0,1.705679041182897
1191,1877_LeafPhotoA_2025-09-09 13_21_11.014-05_00_2.png,2.0,2.1593950243633766
1192,1877_LeafPhotoA_2025-09-09 13_21_11.014-05_00_3.png,2.0,2.1119637598074985
1221,1658_LeafPhotoA_2025-09-09 10_12_25.098-05_00_0.png,1.5,1.7156985472012076
1222,1658_LeafPhotoA_2025-09-09 10_12_25.098-05_00_1.png,1.5,1.7256079912385318
1223,1658_LeafPhotoA_2025-09-09 10_12_25.098-05_00_2.png,1.5,1.7695306786557625
1224,1658_LeafPhotoA_2025-09-09 10_12_25.098-05_00_3.png,1.5,1.7801409284031657
1269,1864_LeafPhotoA_2025-09-09 13_32_45.370-05_00_0.png,1.25,1.7260471762714404
1270,1864_LeafPhotoA_2025-09-09 13_32_45.370-05_00_1.png,1.25,1.742243479331448
1271,1864_LeafPhotoA_2025-09-09 13_32_45.370-05_00_2.png,1.25,1.7489458829032145
1272,1864_LeafPhotoA_2025-09-09 13_32_45.370-05_00_3.png,1.25,1.6812114106479057
1273,2763_LeafPhotoA_2025-09-09 16_10_47.493-05_00_0.png,1.5,1.7155845738288413
1274,2763_LeafPhotoA_2025-09-09 16_10_47.493-05_00_1.png,1.5,1.7913788033499114
1275,2763_LeafPhotoA_2025-09-09 16_10_47.493-05_00_2.png,1.5,1.9535583290857201
1276,2763_LeafPhotoA_2025-09-09 16_10_47.493-05_00_3.png,1.5,1.8514210114307346
1281,2694_LeafPhotoA_2025-09-09 10_36_57.596-05_00_0.png,2.0,1.7366543763925504
1282,2694_LeafPhotoA_2025-09-09 10_36_57.596-05_00_1.png,2.0,1.6947173311657264
1283,2694_LeafPhotoA_2025-09-09 10_36_57.596-05_00_2.png,2.0,1.6421052004035266
1284,2694_LeafPhotoA_2025-09-09 10_36_57.596-05_00_3.png,2.0,1.6603099755206956
1292,6035_LeafPhotoA_2025-09-09 16_19_41.324-05_00_0.png,1.5,1.6465108276924756
1293,6035_LeafPhotoA_2025-09-09 16_19_41.324-05_00_1.png,1.5,1.5789475242411093
1294,6035_LeafPhotoA_2025-09-09 16_19_41.324-05_00_2.png,1.5,1.5105681170112868
1295,6035_LeafPhotoA_2025-09-09 16_19_41.324-05_00_3.png,1.5,1.6617843483056347
1342,2307_LeafPhotoA_2025-09-08 10_35_04.821-05_00_0.png,1.5,1.9728705959261534
1343,2307_LeafPhotoA_2025-09-08 10_35_04.821-05_00_1.png,1.5,1.8014769592145174
1344,2307_LeafPhotoA_2025-09-08 10_35_04.821-05_00_2.png,1.5,1.807400439237888
1345,2357_LeafPhotoA_2025-09-08 11_28_10.254-05_00_0.png,1.0,1.6827233390588168
1346,2357_LeafPhotoA_2025-09-08 11_28_10.254-05_00_1.png,1.0,1.6192817675664777
1347,2357_LeafPhotoA_2025-09-08 11_28_10.254-05_00_2.png,1.0,1.5054600282288333
1371,2040_LeafPhotoA_2025-09-08 11_19_26.696-05_00_0.png,1.75,1.7508022613660303
1372,2040_LeafPhotoA_2025-09-08 11_19_26.696-05_00_1.png,1.75,1.6960628967037785
1373,2040_LeafPhotoA_2025-09-08 11_19_26.696-05_00_2.png,1.75,1.6265551354819943
1374,2040_LeafPhotoA_2025-09-08 11_19_26.696-05_00_3.png,1.75,1.8492601393529844
1383,1077_LeafPhotoA_2025-09-08 13_10_16.495-05_00_0.png,2.5,1.7872605452897645
1384,1077_LeafPhotoA_2025-09-08 13_10_16.495-05_00_1.png,2.5,1.7651457953435021
1385,1077_LeafPhotoA_2025-09-08 13_10_16.495-05_00_2.png,2.5,1.9603235169878825
1386,1077_LeafPhotoA_2025-09-08 13_10_16.495-05_00_3.png,2.5,1.884746408870948
1412,1119_LeafPhotoA_2025-09-08 10_03_58.358-05_00_0.png,1.75,1.7837713511494946
1413,1119_LeafPhotoA_2025-09-08 10_03_58.358-05_00_1.png,1.75,1.8311369602270569
1414,1119_LeafPhotoA_2025-09-08 10_03_58.358-05_00_2.png,1.75,1.8158179360575364
1415,1119_LeafPhotoA_2025-09-08 10_03_58.358-05_00_3.png,1.75,1.7924146865588175
1424,1023_LeafPhotoA_2025-09-08 09_57_52.275-05_00_0.png,1.0,2.2341733724611426
1425,1023_LeafPhotoA_2025-09-08 09_57_52.275-05_00_1.png,1.0,1.7489224524226084
1426,1023_LeafPhotoA_2025-09-08 09_57_52.275-05_00_2.png,1.0,1.6164385779205093
1432,2169_LeafPhotoA_2025-09-09 12_05_18.887-05_00_0.png,2.0,1.8130612871162524
1433,2169_LeafPhotoA_2025-09-09 12_05_18.887-05_00_1.png,2.0,1.7766265822791432
1434,2169_LeafPhotoA_2025-09-09 12_05_18.887-05_00_2.png,2.0,1.778362328120045
1435,2169_LeafPhotoA_2025-09-09 12_05_18.887-05_00_3.png,2.0,1.9955304106542855
1446,1428_LeafPhotoA_2025-09-08 09_50_33.027-05_00_0.png,2.0,1.8183772584175906
1447,1428_LeafPhotoA_2025-09-08 09_50_33.027-05_00_1.png,2.0,1.955703027183568
1448,1428_LeafPhotoA_2025-09-08 09_50_33.027-05_00_2.png,2.0,1.7267934640622213
1449,1428_LeafPhotoA_2025-09-08 09_50_33.027-05_00_3.png,2.0,1.6933992656568364
1451,2917_LeafPhotoA_2025-09-09 16_38_04.615-05_00_0.png,1.75,1.7363310988036949
1452,2917_LeafPhotoA_2025-09-09 16_38_04.615-05_00_1.png,1.75,2.0107507915080594
1453,2917_LeafPhotoA_2025-09-09 16_38_04.615-05_00_2.png,1.75,1.984130241395224
1454,2917_LeafPhotoA_2025-09-09 16_38_04.615-05_00_3.png,1.75,1.9609434561638266
1463,1681_LeafPhotoA_2025-09-09 09_29_00.984-05_00_0.png,1.25,1.7935900439335888
1464,1681_LeafPhotoA_2025-09-09 09_29_00.984-05_00_1.png,1.25,1.7973112212085929
1481,2652_LeafPhotoA_2025-09-09 11_26_15.311-05_00_0.png,3.25,2.6198821077228587
1482,2652_LeafPhotoA_2025-09-09 11_26_15.311-05_00_1.png,3.25,2.666731550029187
1483,2652_LeafPhotoA_2025-09-09 11_26_15.311-05_00_2.png,3.25,2.5047862894369883
1484,2652_LeafPhotoA_2025-09-09 11_26_15.311-05_00_3.png,3.25,2.4238071556845524
1489,2117_LeafPhotoA_2025-09-08 11_22_01.521-05_00_0.png,2.25,1.8622860549189155
1490,2117_LeafPhotoA_2025-09-08 11_22_01.521-05_00_1.png,2.25,1.8384746345872267
1491,2117_LeafPhotoA_2025-09-08 11_22_01.521-05_00_2.png,2.25,1.9844213790085252
1492,2117_LeafPhotoA_2025-09-08 11_22_01.521-05_00_3.png,2.25,1.783083856294903
1516,1800_LeafPhotoA_2025-09-09 10_53_17.816-05_00_0.png,2.0,1.6796386314654972
1517,1800_LeafPhotoA_2025-09-09 10_53_17.816-05_00_1.png,2.0,1.6606204370400621
1518,1800_LeafPhotoA_2025-09-09 10_53_17.816-05_00_2.png,2.0,1.699724825430416
1519,1800_LeafPhotoA_2025-09-09 10_53_17.816-05_00_3.png,2.0,1.6705326158928242
1551,1911_LeafPhotoA_2025-09-09 14_48_38.419-05_00_0.png,2.5,1.8793849641728773
1552,1911_LeafPhotoA_2025-09-09 14_48_38.419-05_00_1.png,2.5,1.7678830621254062
1553,1911_LeafPhotoA_2025-09-09 14_48_38.419-05_00_2.png,2.5,1.7722211100074987
1554,1911_LeafPhotoA_2025-09-09 14_48_38.419-05_00_3.png,2.5,2.043028235881443
1569,2181_LeafPhotoA_2025-09-09 12_25_47.850-05_00_0.png,4.25,2.5493818974457882
1570,2181_LeafPhotoA_2025-09-09 12_25_47.850-05_00_1.png,4.25,2.68484180371384
1571,2181_LeafPhotoA_2025-09-09 12_25_47.850-05_00_2.png,4.25,2.668997863988866
1572,2181_LeafPhotoA_2025-09-09 12_25_47.850-05_00_3.png,4.25,2.6610508234495875
1585,1412_LeafPhotoB_2025-09-08 10_06_24.412-05_00_0.png,1.25,1.80219789722339
1586,1412_LeafPhotoB_2025-09-08 10_06_24.412-05_00_1.png,1.25,1.736795765370733
1587,1412_LeafPhotoB_2025-09-08 10_06_24.412-05_00_2.png,1.25,1.7120077472299795
1588,1412_LeafPhotoB_2025-09-08 10_06_24.412-05_00_3.png,1.25,1.7749692229707115
1589,2733_LeafPhotoA_2025-09-09 10_59_34.111-05_00_0.png,3.5,2.6192416526407647
1595,2290_LeafPhotoA_2025-09-08 16_50_22.595-05_00_0.png,2.25,1.999888487066555
1596,2290_LeafPhotoA_2025-09-08 16_50_22.595-05_00_1.png,2.25,1.7844872067217252
1597,2290_LeafPhotoA_2025-09-08 16_50_22.595-05_00_2.png,2.25,1.796140731107075
1598,2290_LeafPhotoA_2025-09-08 16_50_22.595-05_00_3.png,2.25,2.00068290144104
1607,2491_LeafPhotoB_2025-09-08 12_06_12.641-05_00_0.png,1.5,1.6411743931660132
1608,2491_LeafPhotoB_2025-09-08 12_06_12.641-05_00_1.png,1.5,1.655960581597033
1609,2491_LeafPhotoB_2025-09-08 12_06_12.641-05_00_2.png,1.5,1.7080760210171129
1610,2491_LeafPhotoB_2025-09-08 12_06_12.641-05_00_3.png,1.5,1.6621008514417823
1615,1403_LeafPhotoB_2025-09-08 09_57_03.631-05_00_0.png,2.0,2.0608821085739386
1616,1403_LeafPhotoB_2025-09-08 09_57_03.631-05_00_1.png,2.0,1.9335521563221354
1617,1403_LeafPhotoB_2025-09-08 09_57_03.631-05_00_2.png,2.0,1.8611834909344833
1618,1403_LeafPhotoB_2025-09-08 09_57_03.631-05_00_3.png,2.0,1.866598203504926
1619,2481_LeafPhotoB_2025-09-08 11_58_03.951-05_00_0.png,2.5,2.1563372369777425
1620,2481_LeafPhotoB_2025-09-08 11_58_03.951-05_00_1.png,2.5,2.2233623202186963
1621,2481_LeafPhotoB_2025-09-08 11_58_03.951-05_00_2.png,2.5,2.0835562763837356
1622,2481_LeafPhotoB_2025-09-08 11_58_03.951-05_00_3.png,2.5,2.1815340826197906
1628,1412_LeafPhotoB_2025-09-08 10_06_46.177-05_00_0.png,1.25,1.6408721231817918
1629,1412_LeafPhotoB_2025-09-08 10_06_46.177-05_00_1.png,1.25,1.6604532429080874
1630,1412_LeafPhotoB_2025-09-08 10_06_46.177-05_00_2.png,1.25,1.654363938953313
1631,1412_LeafPhotoB_2025-09-08 10_06_46.177-05_00_3.png,1.25,1.6020744612539917
1639,1230_LeafPhotoA_2025-09-08 10_14_02.865-05_00_0.png,1.5,1.6753933043113585
1640,1230_LeafPhotoA_2025-09-08 10_14_02.865-05_00_1.png,1.5,1.5641980249121799
1641,1230_LeafPhotoA_2025-09-08 10_14_02.865-05_00_2.png,1.5,1.6439571637606787
1642,1230_LeafPhotoA_2025-09-08 10_14_02.865-05_00_3.png,1.5,1.7427945024585403
1667,2551_LeafPhotoA_2025-09-09 11_08_14.599-05_00_0.png,1.75,1.8439584472974564
1668,2551_LeafPhotoA_2025-09-09 11_08_14.599-05_00_1.png,1.75,1.788160803077212
1669,2551_LeafPhotoA_2025-09-09 11_08_14.599-05_00_2.png,1.75,1.6890850107763316
1670,2551_LeafPhotoA_2025-09-09 11_08_14.599-05_00_3.png,1.75,1.761577641461943
1674,1130_LeafPhotoA_2025-09-08 10_20_05.265-05_00_0.png,3.25,2.189516754271218
1675,1130_LeafPhotoA_2025-09-08 10_20_05.265-05_00_1.png,3.25,2.49118390247577
1676,1130_LeafPhotoA_2025-09-08 10_20_05.265-05_00_2.png,3.25,2.431006300820191
1677,1130_LeafPhotoA_2025-09-08 10_20_05.265-05_00_3.png,3.25,2.567116335435078
1684,2191_LeafPhotoA_2025-09-08 17_16_00.546-05_00_0.png,1.5,1.8649350546523058
1685,2191_LeafPhotoA_2025-09-08 17_16_00.546-05_00_1.png,1.5,1.6772792529698999
1686,2191_LeafPhotoA_2025-09-08 17_16_00.546-05_00_2.png,1.5,1.6700603399747311
1687,2992_LeafPhotoA_2025-09-09 16_46_31.136-05_00_0.png,2.25,2.099459270306202
1688,2992_LeafPhotoA_2025-09-09 16_46_31.136-05_00_1.png,2.25,2.1872723195223687
1689,2992_LeafPhotoA_2025-09-09 16_46_31.136-05_00_2.png,2.25,2.090946908306475
1690,2992_LeafPhotoA_2025-09-09 16_46_31.136-05_00_3.png,2.25,1.9399987617838803
1702,2687_LeafPhotoA_2025-09-09 10_47_32.733-05_00_0.png,1.25,1.6543257366169148
1703,2687_LeafPhotoA_2025-09-09 10_47_32.733-05_00_1.png,1.25,1.7039839792385885
1714,1205_LeafPhotoA_2025-09-08 09_27_17.999-05_00_0.png,1.25,1.685324045121705
1715,1205_LeafPhotoA_2025-09-08 09_27_17.999-05_00_1.png,1.25,1.6539276771868812
1716,1205_LeafPhotoA_2025-09-08 09_27_17.999-05_00_2.png,1.25,1.6910226125474634
1717,1205_LeafPhotoA_2025-09-08 09_27_17.999-05_00_3.png,1.25,1.515299808990889
1722,2450_LeafPhotoB_2025-09-08 11_25_27.986-05_00_0.png,1.5,1.5952580512036674
1723,2450_LeafPhotoB_2025-09-08 11_25_27.986-05_00_1.png,1.5,1.6702760965102899
1724,2450_LeafPhotoB_2025-09-08 11_25_27.986-05_00_2.png,1.5,1.6287050967675354
1725,2450_LeafPhotoB_2025-09-08 11_25_27.986-05_00_3.png,1.5,1.6329266228670514
1734,2763_LeafPhotoA_2025-09-09 16_11_24.849-05_00_0.png,1.75,1.820439944774491
1735,2763_LeafPhotoA_2025-09-09 16_11_24.849-05_00_1.png,1.75,1.7885491884410936
1755,1617_LeafPhotoA_2025-09-09 09_43_56.607-05_00_0.png,1.5,1.7278455587240438
1756,1617_LeafPhotoA_2025-09-09 09_43_56.607-05_00_1.png,1.5,1.7245055706717491
1757,1617_LeafPhotoA_2025-09-09 09_43_56.607-05_00_2.png,1.5,1.6906378925324086
1758,1617_LeafPhotoA_2025-09-09 09_43_56.607-05_00_3.png,1.5,1.624838816604309
1759,2272_LeafPhotoA_2025-09-08 17_11_05.980-05_00_0.png,2.25,1.9405726859717394
1760,2272_LeafPhotoA_2025-09-08 17_11_05.980-05_00_1.png,2.25,1.982555956129461
1776,2315_LeafPhotoA_2025-09-08 10_43_18.717-05_00_0.png,2.0,1.7499917962168217
1777,2315_LeafPhotoA_2025-09-08 10_43_18.717-05_00_1.png,2.0,1.6184510740713203
1778,2315_LeafPhotoA_2025-09-08 10_43_18.717-05_00_2.png,2.0,1.690123090891523
1779,2315_LeafPhotoA_2025-09-08 10_43_18.717-05_00_3.png,2.0,1.8351817735981333
1780,1423_LeafPhotoB_2025-09-08 10_15_40.160-05_00_0.png,3.0,1.8400120283241657
1781,1423_LeafPhotoB_2025-09-08 10_15_40.160-05_00_1.png,3.0,1.949127939016822
1782,1423_LeafPhotoB_2025-09-08 10_15_40.160-05_00_2.png,3.0,1.8541889533915963
1783,1423_LeafPhotoB_2025-09-08 10_15_40.160-05_00_3.png,3.0,2.209145834023324
1784,1016_LeafPhotoA_2025-09-08 09_49_16.143-05_00_0.png,2.5,1.753870033142382
1785,1016_LeafPhotoA_2025-09-08 09_49_16.143-05_00_1.png,2.5,1.8113596264873104
1786,1016_LeafPhotoA_2025-09-08 09_49_16.143-05_00_2.png,2.5,2.280788464231308
1787,1016_LeafPhotoA_2025-09-08 09_49_16.143-05_00_3.png,2.5,1.8930583009504263
1792,2526_LeafPhotoA_2025-09-09 10_24_08.055-05_00_0.png,1.75,1.8099048678628302
1793,2526_LeafPhotoA_2025-09-09 10_24_08.055-05_00_1.png,1.75,1.7577249271612778
1794,2526_LeafPhotoA_2025-09-09 10_24_08.055-05_00_2.png,1.75,1.7915985623034407
1795,2526_LeafPhotoA_2025-09-09 10_24_08.055-05_00_3.png,1.75,1.8418292982870705
1812,2037_LeafPhotoA_2025-09-08 11_16_12.785-05_00_0.png,2.0,1.799123724898844
1813,2037_LeafPhotoA_2025-09-08 11_16_12.785-05_00_1.png,2.0,1.885256852404346
1814,2037_LeafPhotoA_2025-09-08 11_16_12.785-05_00_2.png,2.0,1.6801647663159855
1815,2037_LeafPhotoA_2025-09-08 11_16_12.785-05_00_3.png,2.0,1.7925253339671265
1816,2269_LeafPhotoA_2025-09-08 17_13_41.456-05_00_0.png,2.5,1.8740421458365655
1817,2269_LeafPhotoA_2025-09-08 17_13_41.456-05_00_1.png,2.5,1.865828290490684
1818,2269_LeafPhotoA_2025-09-08 17_13_41.456-05_00_2.png,2.5,1.8937864615349513
1819,2269_LeafPhotoA_2025-09-08 17_13_41.456-05_00_3.png,2.5,1.955538592309392
1835,1981_LeafPhotoA_2025-09-09 16_40_09.824-05_00_0.png,1.0,1.5787714584110306
1836,1981_LeafPhotoA_2025-09-09 16_40_09.824-05_00_1.png,1.0,1.5479154560515689
1837,1981_LeafPhotoA_2025-09-09 16_40_09.824-05_00_2.png,1.0,1.538886772410973
1838,1981_LeafPhotoA_2025-09-09 16_40_09.824-05_00_3.png,1.0,1.5340238424944181
1843,1392_LeafPhotoA_2025-09-08 13_12_01.932-05_00_0.png,2.25,1.8606692973550685
1844,1392_LeafPhotoA_2025-09-08 13_12_01.932-05_00_1.png,2.25,1.7107367695675089
1845,1392_LeafPhotoA_2025-09-08 13_12_01.932-05_00_2.png,2.25,1.770886119449008
1846,1392_LeafPhotoA_2025-09-08 13_12_01.932-05_00_3.png,2.25,1.7803154285957943
1902,1209_LeafPhotoA_2025-09-08 09_36_46.496-05_00_0.png,1.0,1.7404229585464943
1903,1209_LeafPhotoA_2025-09-08 09_36_46.496-05_00_1.png,1.0,1.6137157585384176
1904,1209_LeafPhotoA_2025-09-08 09_36_46.496-05_00_2.png,1.0,1.6069868871883175
1905,1209_LeafPhotoA_2025-09-08 09_36_46.496-05_00_3.png,1.0,1.8488482158200739
1906,1487_LeafPhotoB_2025-09-08 16_51_33.738-05_00_0.png,1.75,1.7326944695606883
1907,1487_LeafPhotoB_2025-09-08 16_51_33.738-05_00_1.png,1.75,1.7634863016388371
1908,1487_LeafPhotoB_2025-09-08 16_51_33.738-05_00_2.png,1.75,1.7398684322817826
1909,1487_LeafPhotoB_2025-09-08 16_51_33.738-05_00_3.png,1.75,1.692126682732044
1928,2717_LeafPhotoA_2025-09-09 10_36_42.002-05_00_0.png,4.5,2.8752169159771497
1929,2717_LeafPhotoA_2025-09-09 10_36_42.002-05_00_1.png,4.5,2.6391856102703644
1930,2717_LeafPhotoA_2025-09-09 10_36_42.002-05_00_2.png,4.5,2.6528534527102154
1931,2717_LeafPhotoA_2025-09-09 10_36_42.002-05_00_3.png,4.5,2.6662596104741283
1989,2723_LeafPhotoA_2025-09-09 10_44_34.871-05_00_0.png,3.25,2.218271983833211
1990,2723_LeafPhotoA_2025-09-09 10_44_34.871-05_00_1.png,3.25,2.0135204390485573
1991,2723_LeafPhotoA_2025-09-09 10_44_34.871-05_00_2.png,3.25,1.9543174991664265
1992,2723_LeafPhotoA_2025-09-09 10_44_34.871-05_00_3.png,3.25,2.2025551691439373
1993,1125_LeafPhotoA_2025-09-08 10_12_23.672-05_00_0.png,1.75,1.7173814295949783
1994,1125_LeafPhotoA_2025-09-08 10_12_23.672-05_00_1.png,1.75,1.7052919422030175
1995,1125_LeafPhotoA_2025-09-08 10_12_23.672-05_00_2.png,1.75,1.8301259921735684
1996,1125_LeafPhotoA_2025-09-08 10_12_23.672-05_00_3.png,1.75,1.7165013255524577
1997,2678_LeafPhotoA_2025-09-09 11_04_41.551-05_00_0.png,2.0,2.2119978932745954
1998,2678_LeafPhotoA_2025-09-09 11_04_41.551-05_00_1.png,2.0,1.8703418643445375
1999,2678_LeafPhotoA_2025-09-09 11_04_41.551-05_00_2.png,2.0,2.0010795690136094
2005,2040_LeafPhotoA_2025-09-08 11_19_56.770-05_00_0.png,2.5,2.119822967766345
2006,2040_LeafPhotoA_2025-09-08 11_19_56.770-05_00_1.png,2.5,1.8041114489655536
2007,2040_LeafPhotoA_2025-09-08 11_19_56.770-05_00_2.png,2.5,1.6858691684267084
2008,2040_LeafPhotoA_2025-09-08 11_19_56.770-05_00_3.png,2.5,1.7805315253806295
2023,2229_LeafPhotoA_2025-09-08 11_33_21.108-05_00_0.png,2.0,1.9270109715598296
2024,2229_LeafPhotoA_2025-09-08 11_33_21.108-05_00_1.png,2.0,1.7672602490093536
2025,2229_LeafPhotoA_2025-09-08 11_33_21.108-05_00_2.png,2.0,1.6204244374087275
2026,2229_LeafPhotoA_2025-09-08 11_33_21.108-05_00_3.png,2.0,1.5965361608756428
2034,5010_LeafPhotoA_2025-09-09 16_12_11.860-05_00_0.png,1.25,1.6752614315468777
2035,5010_LeafPhotoA_2025-09-09 16_12_11.860-05_00_1.png,1.25,1.6086839792461047
2036,5010_LeafPhotoA_2025-09-09 16_12_11.860-05_00_2.png,1.25,1.5921113917056136
2037,5010_LeafPhotoA_2025-09-09 16_12_11.860-05_00_3.png,1.25,1.620135160335986
2042,1125_LeafPhotoA_2025-09-08 10_13_03.747-05_00_0.png,1.25,1.8155127566509757
2043,1125_LeafPhotoA_2025-09-08 10_13_03.747-05_00_1.png,1.25,1.8128492314144438
2044,1125_LeafPhotoA_2025-09-08 10_13_03.747-05_00_2.png,1.25,1.7408993765455272
2045,1125_LeafPhotoA_2025-09-08 10_13_03.747-05_00_3.png,1.25,1.712765784586824
2059,2750_LeafPhotoA_2025-09-09 11_21_52.462-05_00_0.png,1.5,1.7469225061520433
2060,2750_LeafPhotoA_2025-09-09 11_21_52.462-05_00_1.png,1.5,1.7566250986151613
2061,2750_LeafPhotoA_2025-09-09 11_21_52.462-05_00_2.png,1.5,1.737804966153399
2062,2750_LeafPhotoA_2025-09-09 11_21_52.462-05_00_3.png,1.5,1.7016110595778384
2063,1258_LeafPhotoA_2025-09-08 16_31_15.963-05_00_0.png,2.25,1.919448571799289
2064,1258_LeafPhotoA_2025-09-08 16_31_15.963-05_00_1.png,2.25,2.0651020390951813
2065,1258_LeafPhotoA_2025-09-08 16_31_15.963-05_00_2.png,2.25,1.9649038052389336
2066,1258_LeafPhotoA_2025-09-08 16_31_15.963-05_00_3.png,2.25,1.9358969417423635
2099,2037_LeafPhotoA_2025-09-08 11_16_27.368-05_00_0.png,1.75,1.749489690468684
2100,2037_LeafPhotoA_2025-09-08 11_16_27.368-05_00_1.png,1.75,1.6501189920478458
2101,2037_LeafPhotoA_2025-09-08 11_16_27.368-05_00_2.png,1.75,1.9656910224063853
2102,2037_LeafPhotoA_2025-09-08 11_16_27.368-05_00_3.png,1.75,2.039204119804667
2111,2678_LeafPhotoA_2025-09-09 11_04_09.961-05_00_0.png,2.0,2.1734699069554653
2112,2678_LeafPhotoA_2025-09-09 11_04_09.961-05_00_1.png,2.0,2.0474512412937
2113,2678_LeafPhotoA_2025-09-09 11_04_09.961-05_00_2.png,2.0,1.8171406630193627
2114,1944_LeafPhotoA_2025-09-09 16_01_21.249-05_00_0.png,2.5,2.3340073403642596
2115,1944_LeafPhotoA_2025-09-09 16_01_21.249-05_00_1.png,2.5,2.1128454111771786
2116,1944_LeafPhotoA_2025-09-09 16_01_21.249-05_00_2.png,2.5,2.2776352670806985
2117,1944_LeafPhotoA_2025-09-09 16_01_21.249-05_00_3.png,2.5,2.3663939698368157
2125,2434_LeafPhotoB_2025-09-08 11_10_53.702-05_00_0.png,1.5,1.656591001596818
2126,2434_LeafPhotoB_2025-09-08 11_10_53.702-05_00_1.png,1.5,1.7693701880482657
2127,2434_LeafPhotoB_2025-09-08 11_10_53.702-05_00_2.png,1.5,1.6982865916561625
2128,2434_LeafPhotoB_2025-09-08 11_10_53.702-05_00_3.png,1.5,1.7873297275922926
2141,1127_LeafPhotoA_2025-09-08 10_15_24.325-05_00_0.png,2.5,2.0945503377126884
2142,1127_LeafPhotoA_2025-09-08 10_15_24.325-05_00_1.png,2.5,1.9845513646368818
2143,1127_LeafPhotoA_2025-09-08 10_15_24.325-05_00_2.png,2.5,1.7957916431908294
2144,1127_LeafPhotoA_2025-09-08 10_15_24.325-05_00_3.png,2.5,1.6491839931882384
2198,1493_LeafPhotoB_2025-09-08 16_57_00.908-05_00_0.png,2.5,1.9842046146215422
2199,1493_LeafPhotoB_2025-09-08 16_57_00.908-05_00_1.png,2.5,2.085213454400128
2200,1493_LeafPhotoB_2025-09-08 16_57_00.908-05_00_2.png,2.5,2.1730770554573877
2201,1493_LeafPhotoB_2025-09-08 16_57_00.908-05_00_3.png,2.5,2.070069265575436
2218,1877_LeafPhotoA_2025-09-09 13_21_50.382-05_00_0.png,1.25,1.7325871684349579
2219,1877_LeafPhotoA_2025-09-09 13_21_50.382-05_00_1.png,1.25,1.5950728806958026
2220,1877_LeafPhotoA_2025-09-09 13_21_50.382-05_00_2.png,1.25,1.652653379850821
2221,1877_LeafPhotoA_2025-09-09 13_21_50.382-05_00_3.png,1.25,1.8817262928258975
2222,,2.0,1.7172506920445076
2226,1582_LeafPhotoA_2025-09-09 09_42_32.403-05_00_0.png,2.25,1.7090629494103018
2227,1582_LeafPhotoA_2025-09-09 09_42_32.403-05_00_1.png,2.25,1.8020483411765822
2228,1582_LeafPhotoA_2025-09-09 09_42_32.403-05_00_2.png,2.25,1.9233264081321446
2229,1582_LeafPhotoA_2025-09-09 09_42_32.403-05_00_3.png,2.25,1.7994317787556227
2235,2477_LeafPhotoB_2025-09-08 11_52_47.408-05_00_0.png,3.25,2.318689852989449
2236,2477_LeafPhotoB_2025-09-08 11_52_47.408-05_00_1.png,3.25,2.666663953517511
2237,2477_LeafPhotoB_2025-09-08 11_52_47.408-05_00_2.png,3.25,2.5265662454375657
2238,2477_LeafPhotoB_2025-09-08 11_52_47.408-05_00_3.png,3.25,2.1184196774211768
2286,1067_LeafPhotoA_2025-09-08 12_59_13.071-05_00_0.png,1.25,1.795503385183894
2287,1067_LeafPhotoA_2025-09-08 12_59_13.071-05_00_1.png,1.25,1.6553282726985552
2288,1067_LeafPhotoA_2025-09-08 12_59_13.071-05_00_2.png,1.25,1.6528069487044075
2289,1067_LeafPhotoA_2025-09-08 12_59_13.071-05_00_3.png,1.25,1.6693880953994518
2298,1311_LeafPhotoA_2025-09-08 09_27_50.762-05_00_0.png,2.25,1.8433222858837826
2299,1311_LeafPhotoA_2025-09-08 09_27_50.762-05_00_1.png,2.25,1.816857231804359
2300,1311_LeafPhotoA_2025-09-08 09_27_50.762-05_00_2.png,2.25,1.771583946834202
2301,1311_LeafPhotoA_2025-09-08 09_27_50.762-05_00_3.png,2.25,1.7485687236968113
2310,1627_LeafPhotoA_2025-09-09 10_06_34.203-05_00_0.png,1.5,1.7364740474510327
2311,1627_LeafPhotoA_2025-09-09 10_06_34.203-05_00_1.png,1.5,1.9988015432562038
2312,1627_LeafPhotoA_2025-09-09 10_06_34.203-05_00_2.png,1.5,2.016038204160711
2313,1627_LeafPhotoA_2025-09-09 10_06_34.203-05_00_3.png,1.5,1.724252854420316
2329,2717_LeafPhotoA_2025-09-09 10_36_52.862-05_00_0.png,3.25,2.556757189445295
2330,2717_LeafPhotoA_2025-09-09 10_36_52.862-05_00_1.png,3.25,2.521220223185237
2331,2717_LeafPhotoA_2025-09-09 10_36_52.862-05_00_2.png,3.25,2.0722624673376044
2332,1130_LeafPhotoA_2025-09-08 10_20_33.571-05_00_0.png,1.75,1.663701609259441
2333,1130_LeafPhotoA_2025-09-08 10_20_33.571-05_00_1.png,1.75,1.7024317142131815
2334,1130_LeafPhotoA_2025-09-08 10_20_33.571-05_00_2.png,1.75,1.6698816087163606
2335,1130_LeafPhotoA_2025-09-08 10_20_33.571-05_00_3.png,1.75,1.6001874789163137
2362,2207_LeafPhotoA_2025-09-08 10_54_55.448-05_00_0.png,1.25,1.7979657967739084
2363,2207_LeafPhotoA_2025-09-08 10_54_55.448-05_00_1.png,1.25,1.7430004841085776
2364,2207_LeafPhotoA_2025-09-08 10_54_55.448-05_00_2.png,1.25,1.7229504883862574
2365,2207_LeafPhotoA_2025-09-08 10_54_55.448-05_00_3.png,1.25,1.692416996443905
2370,1617_LeafPhotoA_2025-09-09 09_44_34.252-05_00_0.png,1.5,1.7059766165784576
2371,1617_LeafPhotoA_2025-09-09 09_44_34.252-05_00_1.png,1.5,1.704438609201041
2372,1617_LeafPhotoA_2025-09-09 09_44_34.252-05_00_2.png,1.5,1.6936137257001465
2405,1184_LeafPhotoA_2025-09-08 16_08_30.015-05_00_0.png,2.75,1.9933756007574939
2406,1184_LeafPhotoA_2025-09-08 16_08_30.015-05_00_1.png,2.75,1.9428018434067431
2407,1184_LeafPhotoA_2025-09-08 16_08_30.015-05_00_2.png,2.75,1.983776328791932
2408,1184_LeafPhotoA_2025-09-08 16_08_30.015-05_00_3.png,2.75,2.1108878521450616
2475,2338_LeafPhotoA_2025-09-08 11_06_38.534-05_00_0.png,3.5,2.4315909988475903
2476,2338_LeafPhotoA_2025-09-08 11_06_38.534-05_00_1.png,3.5,2.3086972294024353
2477,2338_LeafPhotoA_2025-09-08 11_06_38.534-05_00_2.png,3.5,2.415701594662217
2478,2338_LeafPhotoA_2025-09-08 11_06_38.534-05_00_3.png,3.5,2.166553151357695
2498,1644_LeafPhotoA_2025-09-09 10_35_13.308-05_00_0.png,1.25,1.5555469298570495
2499,1644_LeafPhotoA_2025-09-09 10_35_13.308-05_00_1.png,1.25,1.5342722703356058
2500,1644_LeafPhotoA_2025-09-09 10_35_13.308-05_00_2.png,1.25,1.5299009344776224
2501,1644_LeafPhotoA_2025-09-09 10_35_13.308-05_00_3.png,1.25,1.5798028731982994
2506,2981_LeafPhotoA_2025-09-09 16_33_03.761-05_00_0.png,2.5,2.157179143488307
2507,2981_LeafPhotoA_2025-09-09 16_33_03.761-05_00_1.png,2.5,2.2237779491387624
2508,2981_LeafPhotoA_2025-09-09 16_33_03.761-05_00_2.png,2.5,1.8673649637457814
2513,1731_LeafPhotoA_2025-09-09 09_38_23.442-05_00_0.png,1.5,1.7980923493538632
2514,1731_LeafPhotoA_2025-09-09 09_38_23.442-05_00_1.png,1.5,1.76853941228432
2515,1731_LeafPhotoA_2025-09-09 09_38_23.442-05_00_2.png,1.5,1.9879437015365216
2572,2466_LeafPhotoB_2025-09-08 11_42_42.225-05_00_0.png,1.0,1.9324799105223227
2573,2466_LeafPhotoB_2025-09-08 11_42_42.225-05_00_1.png,1.0,1.9135965202574026
2574,2466_LeafPhotoB_2025-09-08 11_42_42.225-05_00_2.png,1.0,1.8958045290864323
2575,2466_LeafPhotoB_2025-09-08 11_42_42.225-05_00_3.png,1.0,1.5807886619140132
2584,2877_LeafPhotoA_2025-09-09 14_42_55.104-05_00_0.png,1.25,1.4768177686405115
2585,2877_LeafPhotoA_2025-09-09 14_42_55.104-05_00_1.png,1.25,1.4636904382650795
2586,2877_LeafPhotoA_2025-09-09 14_42_55.104-05_00_2.png,1.25,1.6506595877409078
2587,2877_LeafPhotoA_2025-09-09 14_42_55.104-05_00_3.png,1.25,1.6529003424900055
2629,,1.5,1.7172506920445076
2634,2169_LeafPhotoA_2025-09-09 12_05_10.533-05_00_0.png,2.25,1.8054789704874477
2666,2568_LeafPhotoA_2025-09-09 10_50_54.288-05_00_0.png,1.25,1.7325735014013128
2667,2568_LeafPhotoA_2025-09-09 10_50_54.288-05_00_1.png,1.25,1.6533971185588472
2668,2568_LeafPhotoA_2025-09-09 10_50_54.288-05_00_2.png,1.25,1.7020060435337263
2669,2568_LeafPhotoA_2025-09-09 10_50_54.288-05_00_3.png,1.25,1.8516150982136739
2674,1873_LeafPhotoA_2025-09-09 13_24_25.512-05_00_0.png,2.25,1.9867086129787608
2675,1873_LeafPhotoA_2025-09-09 13_24_25.512-05_00_1.png,2.25,1.9082017411579866
2676,1873_LeafPhotoA_2025-09-09 13_24_25.512-05_00_2.png,2.25,1.8708926201641711
2677,1873_LeafPhotoA_2025-09-09 13_24_25.512-05_00_3.png,2.25,1.8006438863101994
2678,1657_LeafPhotoA_2025-09-09 10_13_53.773-05_00_0.png,1.25,1.6343929417876917
2679,1657_LeafPhotoA_2025-09-09 10_13_53.773-05_00_1.png,1.25,1.6084031302119897
2683,1873_LeafPhotoA_2025-09-09 13_25_03.055-05_00_0.png,2.75,2.0236142225655205
2684,1873_LeafPhotoA_2025-09-09 13_25_03.055-05_00_1.png,2.75,1.9837548732375176
2685,1873_LeafPhotoA_2025-09-09 13_25_03.055-05_00_2.png,2.75,2.0378307678881025
2686,1873_LeafPhotoA_2025-09-09 13_25_03.055-05_00_3.png,2.75,2.0289693978380354
2699,2066_LeafPhotoA_2025-09-08 12_00_00.120-05_00_0.png,1.5,1.6549293690874944
2700,2066_LeafPhotoA_2025-09-08 12_00_00.120-05_00_1.png,1.5,1.6075643553736765
2701,2066_LeafPhotoA_2025-09-08 12_00_00.120-05_00_2.png,1.5,1.681916100889352
2702,2066_LeafPhotoA_2025-09-08 12_00_00.120-05_00_3.png,1.5,1.720731091863775
2707,1877_LeafPhotoA_2025-09-09 13_21_29.026-05_00_0.png,2.5,1.9680391525533505
2708,1877_LeafPhotoA_2025-09-09 13_21_29.026-05_00_1.png,2.5,2.1653024976708335
2709,1877_LeafPhotoA_2025-09-09 13_21_29.026-05_00_2.png,2.5,1.8687456160312308
2710,1877_LeafPhotoA_2025-09-09 13_21_29.026-05_00_3.png,2.5,1.7552231002437304
2715,1149_LeafPhotoA_2025-09-08 10_47_32.215-05_00_0.png,2.25,2.020285507414304
2716,1149_LeafPhotoA_2025-09-08 10_47_32.215-05_00_1.png,2.25,2.0231368669089966
2717,1149_LeafPhotoA_2025-09-08 10_47_32.215-05_00_2.png,2.25,2.3227184771095115
2718,1149_LeafPhotoA_2025-09-08 10_47_32.215-05_00_3.png,2.25,2.471840728240519
2730,1359_LeafPhotoA_2025-09-08 12_38_47.936-05_00_0.png,2.0,1.74540438748343
2731,1359_LeafPhotoA_2025-09-08 12_38_47.936-05_00_1.png,2.0,1.6760903915902088
2732,1359_LeafPhotoA_2025-09-08 12_38_47.936-05_00_2.png,2.0,1.6254690743834876
2741,2992_LeafPhotoA_2025-09-09 16_46_47.466-05_00_0.png,1.5,2.1882063422862945
2742,2992_LeafPhotoA_2025-09-09 16_46_47.466-05_00_1.png,1.5,1.6334448137190267
2743,2992_LeafPhotoA_2025-09-09 16_46_47.466-05_00_2.png,1.5,1.6012561790258661
2744,2992_LeafPhotoA_2025-09-09 16_46_47.466-05_00_3.png,1.5,1.7329564876759267
2801,2071_LeafPhotoA_2025-09-08 12_05_40.977-05_00_0.png,1.75,1.7574966010323743
2802,2071_LeafPhotoA_2025-09-08 12_05_40.977-05_00_1.png,1.75,1.7425712935195927
2803,2071_LeafPhotoA_2025-09-08 12_05_40.977-05_00_2.png,1.75,1.7023177056310894
2804,2071_LeafPhotoA_2025-09-08 12_05_40.977-05_00_3.png,1.75,1.7643244694506683
2806,,2.5,1.7172506920445076
2846,1553_LeafPhotoA_2025-09-09 10_18_50.828-05_00_0.png,1.5,1.7745517667491688
2847,1553_LeafPhotoA_2025-09-09 10_18_50.828-05_00_1.png,1.5,1.7553348743539123
2848,1553_LeafPhotoA_2025-09-09 10_18_50.828-05_00_2.png,1.5,1.8300073705668476
2849,1553_LeafPhotoA_2025-09-09 10_18_50.828-05_00_3.png,1.5,1.7632369650272
2872,2826_LeafPhotoA_2025-09-09 10_42_31.280-05_00_0.png,2.0,1.7827131035848487
2873,2826_LeafPhotoA_2025-09-09 10_42_31.280-05_00_1.png,2.0,1.883876312971516
2874,2826_LeafPhotoA_2025-09-09 10_42_31.280-05_00_2.png,2.0,1.9268676854446622
2875,2826_LeafPhotoA_2025-09-09 10_42_31.280-05_00_3.png,2.0,1.8806822247763726
2888,2831_LeafPhotoA_2025-09-09 10_48_28.918-05_00_0.png,2.0,1.7878014301539011
2889,2831_LeafPhotoA_2025-09-09 10_48_28.918-05_00_1.png,2.0,1.971485199874677
2890,2831_LeafPhotoA_2025-09-09 10_48_28.918-05_00_2.png,2.0,1.9911961310076884
2898,2478_LeafPhotoB_2025-09-08 11_54_11.812-05_00_0.png,1.75,1.8344830795709282
2899,2478_LeafPhotoB_2025-09-08 11_54_11.812-05_00_1.png,1.75,1.8030824135928147
2900,2478_LeafPhotoB_2025-09-08 11_54_11.812-05_00_2.png,1.75,1.7999624642106256
2901,2478_LeafPhotoB_2025-09-08 11_54_11.812-05_00_3.png,1.75,1.8809920548027295
2924,1464_LeafPhotoB_2025-09-08 16_27_57.851-05_00_0.png,1.75,2.233134088989195
2925,1464_LeafPhotoB_2025-09-08 16_27_57.851-05_00_1.png,1.75,2.0610836929372884
2926,1464_LeafPhotoB_2025-09-08 16_27_57.851-05_00_2.png,1.75,2.036942339576918
2927,1464_LeafPhotoB_2025-09-08 16_27_57.851-05_00_3.png,1.75,2.2304829897296767
2940,2290_LeafPhotoA_2025-09-08 16_50_03.639-05_00_0.png,1.5,1.929149616587566
2941,2290_LeafPhotoA_2025-09-08 16_50_03.639-05_00_1.png,1.5,2.0312591004827976
2942,2290_LeafPhotoA_2025-09-08 16_50_03.639-05_00_2.png,1.5,1.8855256948181673
2943,2290_LeafPhotoA_2025-09-08 16_50_03.639-05_00_3.png,1.5,1.798801279477906
2972,1032_LeafPhotoA_2025-09-08 10_07_30.322-05_00_0.png,1.75,1.760209263672074
2973,1032_LeafPhotoA_2025-09-08 10_07_30.322-05_00_1.png,1.75,1.787711702377593
2974,1032_LeafPhotoA_2025-09-08 10_07_30.322-05_00_2.png,1.75,1.8528648677268178
2975,1032_LeafPhotoA_2025-09-08 10_07_30.322-05_00_3.png,1.75,1.9542613141676974
3015,1877_LeafPhotoA_2025-09-09 17_04_42.599-05_00_0.png,2.25,1.7595580705186087
3016,1877_LeafPhotoA_2025-09-09 17_04_42.599-05_00_1.png,2.25,1.802927205235048
3017,1877_LeafPhotoA_2025-09-09 17_04_42.599-05_00_2.png,2.25,1.7148693142110105
3018,1877_LeafPhotoA_2025-09-09 17_04_42.599-05_00_3.png,2.25,1.8850798442009367
3035,2737_LeafPhotoA_2025-09-09 11_04_04.650-05_00_0.png,3.25,2.466371951438225
3036,2737_LeafPhotoA_2025-09-09 11_04_04.650-05_00_1.png,3.25,2.558269546905033
3037,2737_LeafPhotoA_2025-09-09 11_04_04.650-05_00_2.png,3.25,2.547074233422395
3038,2737_LeafPhotoA_2025-09-09 11_04_04.650-05_00_3.png,3.25,2.422375126022876
3043,1903_LeafPhotoA_2025-09-09 14_22_36.498-05_00_0.png,2.5,1.963021201699112
3044,1903_LeafPhotoA_2025-09-09 14_22_36.498-05_00_1.png,2.5,2.0017625585736076
3045,1903_LeafPhotoA_2025-09-09 14_22_36.498-05_00_2.png,2.5,1.9223655439793712
3046,1903_LeafPhotoA_2025-09-09 14_22_36.498-05_00_3.png,2.5,1.7724801362409852
3047,,1.75,1.7172506920445076
3056,1712_LeafPhotoA_2025-09-09 09_07_57.472-05_00_0.png,3.5,2.4325210637611234
3057,1712_LeafPhotoA_2025-09-09 09_07_57.472-05_00_1.png,3.5,2.5255571623616317
3058,1712_LeafPhotoA_2025-09-09 09_07_57.472-05_00_2.png,3.5,2.3130775919127298
3059,1712_LeafPhotoA_2025-09-09 09_07_57.472-05_00_3.png,3.5,2.24620314010465
3063,1302_LeafPhotoA_2025-09-08 10_22_31.224-05_00_0.png,3.0,2.231665318655912
3064,1302_LeafPhotoA_2025-09-08 10_22_31.224-05_00_1.png,3.0,2.4519761035653915
3065,1302_LeafPhotoA_2025-09-08 10_22_31.224-05_00_2.png,3.0,2.625893120777517
3066,1654_LeafPhotoA_2025-09-09 10_18_00.201-05_00_0.png,1.25,1.7475149385868451
3067,1654_LeafPhotoA_2025-09-09 10_18_00.201-05_00_1.png,1.25,1.7361827696122993
3068,1654_LeafPhotoA_2025-09-09 10_18_00.201-05_00_2.png,1.25,1.7615825938163037
3073,1374_LeafPhotoA_2025-09-08 12_56_08.244-05_00_0.png,1.25,1.6828863448428084
3074,1374_LeafPhotoA_2025-09-08 12_56_08.244-05_00_1.png,1.25,1.7798534111496087
3075,1374_LeafPhotoA_2025-09-08 12_56_08.244-05_00_2.png,1.25,1.9851760571595363
3076,1374_LeafPhotoA_2025-09-08 12_56_08.244-05_00_3.png,1.25,1.7338704011188637
3093,1825_LeafPhotoA_2025-09-09 09_26_26.568-05_00_0.png,1.0,1.538125344680528
3094,1825_LeafPhotoA_2025-09-09 09_26_26.568-05_00_1.png,1.0,1.6776591020241356
3095,1825_LeafPhotoA_2025-09-09 09_26_26.568-05_00_2.png,1.0,1.592336280877059
3096,1825_LeafPhotoA_2025-09-09 09_26_26.568-05_00_3.png,1.0,1.5853114469970595
3117,2979_LeafPhotoA_2025-09-09 16_31_00.348-05_00_0.png,1.5,1.664758164769098
3118,2979_LeafPhotoA_2025-09-09 16_31_00.348-05_00_1.png,1.5,1.6026034795702335
3119,2979_LeafPhotoA_2025-09-09 16_31_00.348-05_00_2.png,1.5,1.6724454709941097
3120,2979_LeafPhotoA_2025-09-09 16_31_00.348-05_00_3.png,1.5,1.6677584750493626
3153,2543_LeafPhotoA_2025-09-09 10_42_41.692-05_00_0.png,2.25,2.0484752033554043
3154,2543_LeafPhotoA_2025-09-09 10_42_41.692-05_00_1.png,2.25,1.96900238906905
3155,2543_LeafPhotoA_2025-09-09 10_42_41.692-05_00_2.png,2.25,1.9674642144356977
3156,2543_LeafPhotoA_2025-09-09 10_42_41.692-05_00_3.png,2.25,1.8743499996077504
3161,2309_LeafPhotoA_2025-09-08 10_37_11.316-05_00_0.png,1.75,1.7613786558097582
3162,2309_LeafPhotoA_2025-09-08 10_37_11.316-05_00_1.png,1.75,1.8672517682225855
3163,2309_LeafPhotoA_2025-09-08 10_37_11.316-05_00_2.png,1.75,1.7607136920204822
3164,2309_LeafPhotoA_2025-09-08 10_37_11.316-05_00_3.png,1.75,1.8154919592495806
3177,2069_LeafPhotoA_2025-09-08 12_03_40.102-05_00_0.png,1.5,1.7603114560877728
3178,2069_LeafPhotoA_2025-09-08 12_03_40.102-05_00_1.png,1.5,1.5547082360458049
3179,2069_LeafPhotoA_2025-09-08 12_03_40.102-05_00_2.png,1.5,1.6481513387216384
3180,2069_LeafPhotoA_2025-09-08 12_03_40.102-05_00_3.png,1.5,1.7274519131847992
3181,2220_LeafPhotoA_2025-09-08 11_18_41.599-05_00_0.png,2.75,1.736598125616375
3182,2220_LeafPhotoA_2025-09-08 11_18_41.599-05_00_1.png,2.75,1.9081119802728026
3183,2220_LeafPhotoA_2025-09-08 11_18_41.599-05_00_2.png,2.75,1.9045282880040282
3184,2220_LeafPhotoA_2025-09-08 11_18_41.599-05_00_3.png,2.75,1.6468390766077834
3189,2432_LeafPhotoB_2025-09-08 11_09_28.923-05_00_0.png,1.25,1.5417994562640331
3190,2432_LeafPhotoB_2025-09-08 11_09_28.923-05_00_1.png,1.25,1.674445091702565
3191,2432_LeafPhotoB_2025-09-08 11_09_28.923-05_00_2.png,1.25,1.5076318135862556
3192,2432_LeafPhotoB_2025-09-08 11_09_28.923-05_00_3.png,1.25,1.4401939780649025
3194,2322_LeafPhotoA_2025-09-08 10_50_00.196-05_00_0.png,1.25,1.6476681020647745
3195,2322_LeafPhotoA_2025-09-08 10_50_00.196-05_00_1.png,1.25,1.6603563222888746
3196,2322_LeafPhotoA_2025-09-08 10_50_00.196-05_00_2.png,1.25,1.6382157290070305
3197,2322_LeafPhotoA_2025-09-08 10_50_00.196-05_00_3.png,1.25,1.5612272848518005
3198,2826_LeafPhotoA_2025-09-09 10_41_32.330-05_00_0.png,1.5,1.7003688284821588
3199,2826_LeafPhotoA_2025-09-09 10_41_32.330-05_00_1.png,1.5,1.58958688955738
3200,2826_LeafPhotoA_2025-09-09 10_41_32.330-05_00_2.png,1.5,1.6413049254170198
3201,2826_LeafPhotoA_2025-09-09 10_41_32.330-05_00_3.png,1.5,1.6804216874416533
3211,2257_LeafPhotoA_2025-09-08 12_26_38.283-05_00_0.png,1.5,1.701980187321868
3212,2257_LeafPhotoA_2025-09-08 12_26_38.283-05_00_1.png,1.5,1.7911919887562646
3213,2257_LeafPhotoA_2025-09-08 12_26_38.283-05_00_2.png,1.5,1.7382583251291417
3214,2257_LeafPhotoA_2025-09-08 12_26_38.283-05_00_3.png,1.5,1.7315878517404601
3222,1834_LeafPhotoA_2025-09-09 09_42_08.907-05_00_0.png,2.0,1.756140679550981
3223,1834_LeafPhotoA_2025-09-09 09_42_08.907-05_00_1.png,2.0,1.7451370935445185
3224,1834_LeafPhotoA_2025-09-09 09_42_08.907-05_00_2.png,2.0,1.6840372099507284
3225,1834_LeafPhotoA_2025-09-09 09_42_08.907-05_00_3.png,2.0,1.669413508467313
3226,,1.5,1.7172506920445076
3227,2418_LeafPhotoB_2025-09-08 10_56_40.105-05_00_0.png,1.75,1.7889161523125463
3228,2418_LeafPhotoB_2025-09-08 10_56_40.105-05_00_1.png,1.75,1.7331326459837262
3229,2418_LeafPhotoB_2025-09-08 10_56_40.105-05_00_2.png,1.75,1.7733991331072299
3230,2418_LeafPhotoB_2025-09-08 10_56_40.105-05_00_3.png,1.75,1.6960811445646606
3265,2706_LeafPhotoA_2025-09-09 10_21_29.913-05_00_0.png,3.5,2.6649387780410025
3266,2706_LeafPhotoA_2025-09-09 10_21_29.913-05_00_1.png,3.5,2.4542947281409555
3267,2706_LeafPhotoA_2025-09-09 10_21_29.913-05_00_2.png,3.5,2.2036783476174597
3268,2706_LeafPhotoA_2025-09-09 10_21_29.913-05_00_3.png,3.5,2.274695602526182
3277,1545_LeafPhotoA_2025-09-09 09_45_27.497-05_00_0.png,1.25,1.8141688794722983
3278,1545_LeafPhotoA_2025-09-09 09_45_27.497-05_00_1.png,1.25,1.6853487636280666
3279,1545_LeafPhotoA_2025-09-09 09_45_27.497-05_00_2.png,1.25,1.6877197053194053
3280,1545_LeafPhotoA_2025-09-09 09_45_27.497-05_00_3.png,1.25,1.720217266127942
3281,6014_LeafPhotoA_2025-09-09 16_54_50.169-05_00_0.png,1.5,1.5411437789828855
3282,6014_LeafPhotoA_2025-09-09 16_54_50.169-05_00_1.png,1.5,1.693093495375507
3283,6014_LeafPhotoA_2025-09-09 16_54_50.169-05_00_2.png,1.5,1.5762303352687694
3284,6014_LeafPhotoA_2025-09-09 16_54_50.169-05_00_3.png,1.5,1.652285720768147
3289,2095_LeafPhotoA_2025-09-08 12_31_36.632-05_00_0.png,2.75,1.728202140708986
3290,2095_LeafPhotoA_2025-09-08 12_31_36.632-05_00_1.png,2.75,1.6666713494288092
3291,2095_LeafPhotoA_2025-09-08 12_31_36.632-05_00_2.png,2.75,1.7662983217856598
3292,2095_LeafPhotoA_2025-09-08 12_31_36.632-05_00_3.png,2.75,1.7152367246911802
3297,1300_LeafPhotoA_2025-09-08 16_38_09.236-05_00_0.png,2.75,1.872148334207933
3298,1300_LeafPhotoA_2025-09-08 16_38_09.236-05_00_1.png,2.75,2.156355825059714
3303,2419_LeafPhotoB_2025-09-08 10_57_28.297-05_00_0.png,1.5,1.7904593763689758
3304,2419_LeafPhotoB_2025-09-08 10_57_28.297-05_00_1.png,1.5,1.9026211190206193
3305,2419_LeafPhotoB_2025-09-08 10_57_28.297-05_00_2.png,1.5,1.8870001917103787
3373,2478_LeafPhotoB_2025-09-08 11_53_38.180-05_00_0.png,2.5,2.025560278431204
3374,2478_LeafPhotoB_2025-09-08 11_53_38.180-05_00_1.png,2.5,2.125284720408644
3375,2478_LeafPhotoB_2025-09-08 11_53_38.180-05_00_2.png,2.5,2.1845280464128667
3380,2652_LeafPhotoA_2025-09-09 11_26_57.371-05_00_0.png,2.75,1.9709032470381036
3381,2652_LeafPhotoA_2025-09-09 11_26_57.371-05_00_1.png,2.75,1.8661466618016078
3382,2652_LeafPhotoA_2025-09-09 11_26_57.371-05_00_2.png,2.75,1.785791533049854
3383,2652_LeafPhotoA_2025-09-09 11_26_57.371-05_00_3.png,2.75,2.0200853357786666
3396,2405_LeafPhotoB_2025-09-08 10_44_24.813-05_00_0.png,2.25,1.7513461749486328
3413,2265_LeafPhotoA_2025-09-08 12_39_28.832-05_00_0.png,2.25,1.7931277578751343
3414,2265_LeafPhotoA_2025-09-08 12_39_28.832-05_00_1.png,2.25,1.857057382141531
3415,2265_LeafPhotoA_2025-09-08 12_39_28.832-05_00_2.png,2.25,1.8909249529723484
3416,2265_LeafPhotoA_2025-09-08 12_39_28.832-05_00_3.png,2.25,1.7848662533998614
3421,1987_LeafPhotoA_2025-09-09 16_24_58.420-05_00_0.png,2.0,1.9630177009576673
3422,1987_LeafPhotoA_2025-09-09 16_24_58.420-05_00_1.png,2.0,1.977201895243666
3434,1403_LeafPhotoA_2025-09-08 09_23_43.647-05_00_0.png,1.75,1.8940367559735916
3435,1403_LeafPhotoA_2025-09-08 09_23_43.647-05_00_1.png,1.75,2.0078030468977404
3436,1403_LeafPhotoA_2025-09-08 09_23_43.647-05_00_2.png,1.75,1.8769488523159312
3449,1149_LeafPhotoA_2025-09-08 10_46_42.123-05_00_0.png,2.75,1.9558455709734142
3450,1149_LeafPhotoA_2025-09-08 10_46_42.123-05_00_1.png,2.75,2.1923862061369657
3451,1149_LeafPhotoA_2025-09-08 10_46_42.123-05_00_2.png,2.75,2.1900177017134363
3452,1149_LeafPhotoA_2025-09-08 10_46_42.123-05_00_3.png,2.75,2.267588045448329
3457,2960_LeafPhotoA_2025-09-09 16_05_27.861-05_00_0.png,1.0,1.5331593901629097
3458,2960_LeafPhotoA_2025-09-09 16_05_27.861-05_00_1.png,1.0,1.7345145668274875
3459,2960_LeafPhotoA_2025-09-09 16_05_27.861-05_00_2.png,1.0,1.7063481075745635
3460,2960_LeafPhotoA_2025-09-09 16_05_27.861-05_00_3.png,1.0,1.6395483188404407
3475,2269_LeafPhotoA_2025-09-08 17_14_12.666-05_00_0.png,2.25,1.912298925585026
3476,2269_LeafPhotoA_2025-09-08 17_14_12.666-05_00_1.png,2.25,1.9340775536571058
3477,2269_LeafPhotoA_2025-09-08 17_14_12.666-05_00_2.png,2.25,1.9162658100869914
3478,2269_LeafPhotoA_2025-09-08 17_14_12.666-05_00_3.png,2.25,1.84911903667046
3495,2750_LeafPhotoA_2025-09-09 11_21_31.376-05_00_0.png,1.75,1.7715945797650272
3496,2750_LeafPhotoA_2025-09-09 11_21_31.376-05_00_1.png,1.75,1.8588889564221878
3497,2750_LeafPhotoA_2025-09-09 11_21_31.376-05_00_2.png,1.75,1.8155255091244098
3498,2750_LeafPhotoA_2025-09-09 11_21_31.376-05_00_3.png,1.75,1.794426876189416
3503,1459_LeafPhotoB_2025-09-08 12_36_19.960-05_00_0.png,3.0,1.8909820829419461
3504,1459_LeafPhotoB_2025-09-08 12_36_19.960-05_00_1.png,3.0,2.471835434389796
3541,,2.0,1.7172506920445076
30,2872_LeafPhotoA_2025-09-09 14_46_31.841-05_00_0.png,1.0,1.6981389506485423
31,2872_LeafPhotoA_2025-09-09 14_46_31.841-05_00_1.png,1.0,1.699485902018035
32,2872_LeafPhotoA_2025-09-09 14_46_31.841-05_00_2.png,1.0,1.780808637434277
33,2872_LeafPhotoA_2025-09-09 14_46_31.841-05_00_3.png,1.0,1.6862365377691324
50,1031_LeafPhotoA_2025-09-08 10_06_33.217-05_00_0.png,1.5,1.6453482392193957
51,1031_LeafPhotoA_2025-09-08 10_06_33.217-05_00_1.png,1.5,1.7309918828873345
52,1031_LeafPhotoA_2025-09-08 10_06_33.217-05_00_2.png,1.5,1.7844634749374606
53,1031_LeafPhotoA_2025-09-08 10_06_33.217-05_00_3.png,1.5,1.6336483074902042
89,1543_LeafPhotoA_2025-09-09 09_43_28.797-05_00_0.png,1.75,1.8296348454137128
90,1543_LeafPhotoA_2025-09-09 09_43_28.797-05_00_1.png,1.75,2.077562595931707
91,1543_LeafPhotoA_2025-09-09 09_43_28.797-05_00_2.png,1.75,2.0565944709879243
92,1543_LeafPhotoA_2025-09-09 09_43_28.797-05_00_3.png,1.75,1.9133999029181263
99,1214_LeafPhotoA_2025-09-08 09_47_10.824-05_00_0.png,1.5,1.7869517070503662
100,1214_LeafPhotoA_2025-09-08 09_47_10.824-05_00_1.png,1.5,1.7360063508687722
101,1214_LeafPhotoA_2025-09-08 09_47_10.824-05_00_2.png,1.5,1.7639354030781214
102,1214_LeafPhotoA_2025-09-08 09_47_10.824-05_00_3.png,1.5,1.8931607304562283
122,2843_LeafPhotoA_2025-09-09 11_07_54.202-05_00_0.png,2.25,1.7298388984582993
123,2843_LeafPhotoA_2025-09-09 11_07_54.202-05_00_1.png,2.25,2.162359988985472
124,2843_LeafPhotoA_2025-09-09 11_07_54.202-05_00_2.png,2.25,2.3334861268990412
125,2843_LeafPhotoA_2025-09-09 11_07_54.202-05_00_3.png,2.25,2.1830103778177032
140,2999_LeafPhotoA_2025-09-09 16_54_48.280-05_00_0.png,1.25,1.813608692336159
141,2999_LeafPhotoA_2025-09-09 16_54_48.280-05_00_1.png,1.25,1.7786431725604768
142,2999_LeafPhotoA_2025-09-09 16_54_48.280-05_00_2.png,1.25,1.727078270456751
143,2999_LeafPhotoA_2025-09-09 16_54_48.280-05_00_3.png,1.25,1.741197025699081
152,1030_LeafPhotoA_2025-09-08 10_05_12.593-05_00_0.png,2.25,1.9597957043520844
153,1030_LeafPhotoA_2025-09-08 10_05_12.593-05_00_1.png,2.25,2.0571373744450834
154,1030_LeafPhotoA_2025-09-08 10_05_12.593-05_00_2.png,2.25,1.9172000954197148
155,1030_LeafPhotoA_2025-09-08 10_05_12.593-05_00_3.png,2.25,2.041873982256458
159,1138_LeafPhotoA_2025-09-08 10_30_50.978-05_00_0.png,2.25,1.8757730359944729
160,1138_LeafPhotoA_2025-09-08 10_30_50.978-05_00_1.png,2.25,1.6179525975937536
161,1138_LeafPhotoA_2025-09-08 10_30_50.978-05_00_2.png,2.25,1.8194215323411222
162,1138_LeafPhotoA_2025-09-08 10_30_50.978-05_00_3.png,2.25,1.8606535731922116
175,1713_LeafPhotoA_2025-09-09 09_08_57.026-05_00_0.png,3.0,1.9260980775813883
176,1713_LeafPhotoA_2025-09-09 09_08_57.026-05_00_1.png,3.0,2.0390992816912306
177,1713_LeafPhotoA_2025-09-09 09_08_57.026-05_00_2.png,3.0,2.119388726391753
178,1713_LeafPhotoA_2025-09-09 09_08_57.026-05_00_3.png,3.0,2.0372262697890253
186,1736_LeafPhotoA_2025-09-09 09_48_40.445-05_00_0.png,1.0,1.8622319988837375
187,1736_LeafPhotoA_2025-09-09 09_48_40.445-05_00_1.png,1.0,1.9045492207243953
188,1736_LeafPhotoA_2025-09-09 09_48_40.445-05_00_2.png,1.0,1.8517432552585646
189,1736_LeafPhotoA_2025-09-09 09_48_40.445-05_00_3.png,1.0,1.7208352932381104
190,1086_LeafPhotoA_2025-09-09 10_59_11.313-05_00_0.png,1.75,1.8007104868197898
191,1086_LeafPhotoA_2025-09-09 10_59_11.313-05_00_1.png,1.75,1.7809174449172156
192,1086_LeafPhotoA_2025-09-09 10_59_11.313-05_00_2.png,1.75,1.7054427053948245
193,1086_LeafPhotoA_2025-09-09 10_59_11.313-05_00_3.png,1.75,1.7755920709367263
206,2470_LeafPhotoB_2025-09-08 11_47_37.543-05_00_0.png,1.75,2.0478886596209294
207,2470_LeafPhotoB_2025-09-08 11_47_37.543-05_00_1.png,1.75,2.1041302971852405
208,2470_LeafPhotoB_2025-09-08 11_47_37.543-05_00_2.png,1.75,1.9457669167106304
209,2470_LeafPhotoB_2025-09-08 11_47_37.543-05_00_3.png,1.75,1.819349842297633
226,1660_LeafPhotoA_2025-09-09 10_09_36.852-05_00_0.png,1.5,1.7683841786344545
227,1660_LeafPhotoA_2025-09-09 10_09_36.852-05_00_1.png,1.5,1.7549533780928188
228,1660_LeafPhotoA_2025-09-09 10_09_36.852-05_00_2.png,1.5,1.7986443396255354
229,1660_LeafPhotoA_2025-09-09 10_09_36.852-05_00_3.png,1.5,1.7221865401030203
234,1966_LeafPhotoA_2025-09-09 17_14_11.633-05_00_0.png,1.25,1.5491010232457585
235,1966_LeafPhotoA_2025-09-09 17_14_11.633-05_00_1.png,1.25,1.5871258567203586
236,1966_LeafPhotoA_2025-09-09 17_14_11.633-05_00_2.png,1.25,1.636459842093428
237,1966_LeafPhotoA_2025-09-09 17_14_11.633-05_00_3.png,1.25,1.5486947915627636
260,2775_LeafPhotoA_2025-09-09 15_39_08.142-05_00_0.png,1.0,1.8776953065451283
261,2775_LeafPhotoA_2025-09-09 15_39_08.142-05_00_1.png,1.0,1.6806835000064004
262,2775_LeafPhotoA_2025-09-09 15_39_08.142-05_00_2.png,1.0,1.6689290950156976
263,2775_LeafPhotoA_2025-09-09 15_39_08.142-05_00_3.png,1.0,1.7296364546777192
273,1196_LeafPhotoA_2025-09-08 15_46_27.438-05_00_0.png,1.75,1.8699882975319313
274,1196_LeafPhotoA_2025-09-08 15_46_27.438-05_00_1.png,1.75,1.8800197735741089
275,1196_LeafPhotoA_2025-09-08 15_46_27.438-05_00_2.png,1.75,1.8763322577365102
276,1196_LeafPhotoA_2025-09-08 15_46_27.438-05_00_3.png,1.75,1.9786520673571995
285,2942_LeafPhotoA_2025-09-09 16_27_44.669-05_00_0.png,2.25,1.6555621969780738
286,2942_LeafPhotoA_2025-09-09 16_27_44.669-05_00_1.png,2.25,1.7039785648245178
287,2942_LeafPhotoA_2025-09-09 16_27_44.669-05_00_2.png,2.25,1.7757760390664459
288,2942_LeafPhotoA_2025-09-09 16_27_44.669-05_00_3.png,2.25,1.717745747745867
289,2301_LeafPhotoA_2025-09-08 10_23_19.706-05_00_0.png,2.5,2.1540646081000183
290,2301_LeafPhotoA_2025-09-08 10_23_19.706-05_00_1.png,2.5,2.311079256976147
291,2301_LeafPhotoA_2025-09-08 10_23_19.706-05_00_2.png,2.5,2.2320546894625846
332,2962_LeafPhotoA_2025-09-09 16_07_33.642-05_00_0.png,2.5,1.986309711451098
333,2962_LeafPhotoA_2025-09-09 16_07_33.642-05_00_1.png,2.5,1.8129866267378225
334,2962_LeafPhotoA_2025-09-09 16_07_33.642-05_00_2.png,2.5,1.945185689795297
335,2962_LeafPhotoA_2025-09-09 16_07_33.642-05_00_3.png,2.5,1.8336038647079198
336,2693_LeafPhotoA_2025-09-09 10_37_58.417-05_00_0.png,1.5,1.7446334243268995
337,2693_LeafPhotoA_2025-09-09 10_37_58.417-05_00_1.png,1.5,1.9851011381079464
338,2693_LeafPhotoA_2025-09-09 10_37_58.417-05_00_2.png,1.5,1.8756756773994934
339,2693_LeafPhotoA_2025-09-09 10_37_58.417-05_00_3.png,1.5,1.9601388850885622
383,2957_LeafPhotoA_2025-09-09 16_00_50.634-05_00_0.png,2.25,2.2109420670448516
384,2957_LeafPhotoA_2025-09-09 16_00_50.634-05_00_1.png,2.25,2.0589397853205647
385,2957_LeafPhotoA_2025-09-09 16_00_50.634-05_00_2.png,2.25,2.083155369814545
386,2957_LeafPhotoA_2025-09-09 16_00_50.634-05_00_3.png,2.25,2.2047827647794
433,1414_LeafPhotoA_2025-09-08 09_36_43.216-05_00_0.png,1.5,1.6614753400409377
434,1414_LeafPhotoA_2025-09-08 09_36_43.216-05_00_1.png,1.5,1.7095320963825567
435,1414_LeafPhotoA_2025-09-08 09_36_43.216-05_00_2.png,1.5,1.7736008216110426
448,1687_LeafPhotoA_2025-09-09 09_18_28.478-05_00_0.png,2.0,2.4815004377274246
449,1687_LeafPhotoA_2025-09-09 09_18_28.478-05_00_1.png,2.0,1.998679582921915
450,1687_LeafPhotoA_2025-09-09 09_18_28.478-05_00_2.png,2.0,2.6852486155928363
463,2206_LeafPhotoA_2025-09-08 10_53_32.789-05_00_0.png,1.5,1.732402399256769
464,2206_LeafPhotoA_2025-09-08 10_53_32.789-05_00_1.png,1.5,1.993809708080341
465,2206_LeafPhotoA_2025-09-08 10_53_32.789-05_00_2.png,1.5,1.7154924403431335
466,2206_LeafPhotoA_2025-09-08 10_53_32.789-05_00_3.png,1.5,1.5718705865803864
487,2949_LeafPhotoA_2025-09-09 16_21_26.314-05_00_0.png,1.75,1.9079924639975079
488,2949_LeafPhotoA_2025-09-09 16_21_26.314-05_00_1.png,1.75,1.8911094975648606
489,2949_LeafPhotoA_2025-09-09 16_21_26.314-05_00_2.png,1.75,1.6700919352016121
490,2949_LeafPhotoA_2025-09-09 16_21_26.314-05_00_3.png,1.75,1.9617243419393413
505,2110_LeafPhotoA_2025-09-08 11_07_19.238-05_00_0.png,1.0,1.700288030196818
506,2110_LeafPhotoA_2025-09-08 11_07_19.238-05_00_1.png,1.0,1.5780341944374228
507,2110_LeafPhotoA_2025-09-08 11_07_19.238-05_00_2.png,1.0,1.5525119058210541
508,2110_LeafPhotoA_2025-09-08 11_07_19.238-05_00_3.png,1.0,1.5841925440105336
513,1805_LeafPhotoA_2025-09-09 08_57_47.562-05_00_0.png,1.25,1.7381681354931395
514,1805_LeafPhotoA_2025-09-09 08_57_47.562-05_00_1.png,1.25,1.6235544912684288
515,1805_LeafPhotoA_2025-09-09 08_57_47.562-05_00_2.png,1.25,1.5248239490691833
516,1805_LeafPhotoA_2025-09-09 08_57_47.562-05_00_3.png,1.25,1.6822430052693707
540,2999_LeafPhotoA_2025-09-09 16_54_09.800-05_00_0.png,1.5,1.777954324451725
541,2999_LeafPhotoA_2025-09-09 16_54_09.800-05_00_1.png,1.5,1.8120931101183484
542,2999_LeafPhotoA_2025-09-09 16_54_09.800-05_00_2.png,1.5,2.12829537776304
543,2999_LeafPhotoA_2025-09-09 16_54_09.800-05_00_3.png,1.5,2.2591715827118835
544,1802_LeafPhotoA_2025-09-09 10_06_55.886-05_00_0.png,1.0,1.534283399617667
545,1802_LeafPhotoA_2025-09-09 10_06_55.886-05_00_1.png,1.0,1.5961320581293499
546,1802_LeafPhotoA_2025-09-09 10_06_55.886-05_00_2.png,1.0,1.7134618785094557
547,1802_LeafPhotoA_2025-09-09 10_06_55.886-05_00_3.png,1.0,1.6771153721659955
555,2166_LeafPhotoA_2025-09-09 11_59_53.673-05_00_0.png,2.0,2.080070997227103
556,2166_LeafPhotoA_2025-09-09 11_59_53.673-05_00_1.png,2.0,1.9834316818104045
557,2166_LeafPhotoA_2025-09-09 11_59_53.673-05_00_2.png,2.0,1.8187112267355103
558,2166_LeafPhotoA_2025-09-09 11_59_53.673-05_00_3.png,2.0,2.126375339266642
561,1863_LeafPhotoA_2025-09-09 13_33_41.872-05_00_0.png,2.25,1.8783151032686036
562,1863_LeafPhotoA_2025-09-09 13_33_41.872-05_00_1.png,2.25,1.813287520252474
563,1863_LeafPhotoA_2025-09-09 13_33_41.872-05_00_2.png,2.25,1.958746342693469
564,1863_LeafPhotoA_2025-09-09 13_33_41.872-05_00_3.png,2.25,2.0739391665091778
565,2529_LeafPhotoA_2025-09-09 10_27_20.782-05_00_0.png,1.5,1.7883363048536105
566,2529_LeafPhotoA_2025-09-09 10_27_20.782-05_00_1.png,1.5,2.1472010779320514
567,2529_LeafPhotoA_2025-09-09 10_27_20.782-05_00_2.png,1.5,2.0951815833764726
568,2529_LeafPhotoA_2025-09-09 10_27_20.782-05_00_3.png,1.5,2.165278997970877
581,2227_LeafPhotoA_2025-09-08 11_30_56.055-05_00_0.png,2.5,2.2972968944781798
582,2227_LeafPhotoA_2025-09-08 11_30_56.055-05_00_1.png,2.5,2.2677226605215064
583,2227_LeafPhotoA_2025-09-08 11_30_56.055-05_00_2.png,2.5,2.3622478597817946
584,2227_LeafPhotoA_2025-09-08 11_30_56.055-05_00_3.png,2.5,2.372201420276814
601,2657_LeafPhotoA_2025-09-09 11_30_26.164-05_00_0.png,3.0,2.491510986182564
602,2657_LeafPhotoA_2025-09-09 11_30_26.164-05_00_1.png,3.0,2.4419830846438457
603,2657_LeafPhotoA_2025-09-09 11_30_26.164-05_00_2.png,3.0,2.348957734790795
604,2657_LeafPhotoA_2025-09-09 11_30_26.164-05_00_3.png,3.0,2.372580685086382
605,2736_LeafPhotoA_2025-09-09 11_03_17.238-05_00_0.png,2.75,2.2198465933186937
606,2736_LeafPhotoA_2025-09-09 11_03_17.238-05_00_1.png,2.75,2.0699044899405292
607,2736_LeafPhotoA_2025-09-09 11_03_17.238-05_00_2.png,2.75,1.8872210131253777
608,2736_LeafPhotoA_2025-09-09 11_03_17.238-05_00_3.png,2.75,2.0443123004446564
609,2244_LeafPhotoA_2025-09-08 11_56_08.443-05_00_0.png,1.25,1.7336412749952697
610,2244_LeafPhotoA_2025-09-08 11_56_08.443-05_00_1.png,1.25,1.6825536560841456
611,2244_LeafPhotoA_2025-09-08 11_56_08.443-05_00_2.png,1.25,1.6026297634724134
612,2244_LeafPhotoA_2025-09-08 11_56_08.443-05_00_3.png,1.25,1.5771440265168395
619,1722_LeafPhotoA_2025-09-09 09_21_25.253-05_00_0.png,3.0,2.637624382335017
620,1722_LeafPhotoA_2025-09-09 09_21_25.253-05_00_1.png,3.0,2.524802182960656
621,1722_LeafPhotoA_2025-09-09 09_21_25.253-05_00_2.png,3.0,2.4530305994462958
626,,1.25,1.8214766856447764
635,2401_LeafPhotoB_2025-09-08 10_40_27.891-05_00_0.png,2.0,1.7417716411461455
636,2401_LeafPhotoB_2025-09-08 10_40_27.891-05_00_1.png,2.0,1.8213526411521173
637,2401_LeafPhotoB_2025-09-08 10_40_27.891-05_00_2.png,2.0,1.8526741761044678
638,2401_LeafPhotoB_2025-09-08 10_40_27.891-05_00_3.png,2.0,2.1412485475709038
647,2594_LeafPhotoA_2025-09-09 10_28_20.057-05_00_0.png,1.5,1.7981307058202358
648,2594_LeafPhotoA_2025-09-09 10_28_20.057-05_00_1.png,1.5,1.6902849666995394
649,2594_LeafPhotoA_2025-09-09 10_28_20.057-05_00_2.png,1.5,1.757617333257451
650,2594_LeafPhotoA_2025-09-09 10_28_20.057-05_00_3.png,1.5,1.6869293635272882
655,1946_LeafPhotoA_2025-09-09 16_05_11.903-05_00_0.png,1.5,1.9085102188134797
656,1946_LeafPhotoA_2025-09-09 16_05_11.903-05_00_1.png,1.5,1.803970778619387
657,1946_LeafPhotoA_2025-09-09 16_05_11.903-05_00_2.png,1.5,1.7283889625837907
658,1946_LeafPhotoA_2025-09-09 16_05_11.903-05_00_3.png,1.5,1.6973353899658576
671,1789_LeafPhotoA_2025-09-09 09_15_57.914-05_00_0.png,1.0,1.6331167067339902
672,1789_LeafPhotoA_2025-09-09 09_15_57.914-05_00_1.png,1.0,1.7325907911170457
673,1789_LeafPhotoA_2025-09-09 09_15_57.914-05_00_2.png,1.0,1.6873151362580068
674,1789_LeafPhotoA_2025-09-09 09_15_57.914-05_00_3.png,1.0,1.6421153005518079
675,1200_LeafPhotoA_2025-09-08 17_01_52.096-05_00_0.png,1.0,1.5603291336541738
676,1200_LeafPhotoA_2025-09-08 17_01_52.096-05_00_1.png,1.0,1.6553467476486918
677,1200_LeafPhotoA_2025-09-08 17_01_52.096-05_00_2.png,1.0,1.5588928969140488
682,2724_LeafPhotoA_2025-09-09 10_46_27.417-05_00_0.png,1.75,2.134596137135997
683,2724_LeafPhotoA_2025-09-09 10_46_27.417-05_00_1.png,1.75,2.228101790294007
684,2724_LeafPhotoA_2025-09-09 10_46_27.417-05_00_2.png,1.75,2.033632585574527
685,2724_LeafPhotoA_2025-09-09 10_46_27.417-05_00_3.png,1.75,1.7580092707336221
698,2115_LeafPhotoA_2025-09-08 11_16_33.968-05_00_0.png,1.75,1.8397770814375993
699,2115_LeafPhotoA_2025-09-08 11_16_33.968-05_00_1.png,1.75,1.9853520706938594
700,2115_LeafPhotoA_2025-09-08 11_16_33.968-05_00_2.png,1.75,1.811937138026714
701,2115_LeafPhotoA_2025-09-08 11_16_33.968-05_00_3.png,1.75,1.8970176386181012
727,2048_LeafPhotoA_2025-09-08 11_28_25.459-05_00_0.png,2.0,1.75691044499285
728,2048_LeafPhotoA_2025-09-08 11_28_25.459-05_00_1.png,2.0,1.731305980220115
729,2048_LeafPhotoA_2025-09-08 11_28_25.459-05_00_2.png,2.0,1.7048407995969674
730,2048_LeafPhotoA_2025-09-08 11_28_25.459-05_00_3.png,2.0,1.9419712877797712
741,2655_LeafPhotoA_2025-09-09 11_29_02.979-05_00_0.png,1.25,1.7798551048074185
742,2655_LeafPhotoA_2025-09-09 11_29_02.979-05_00_1.png,1.25,1.8687627705649186
743,2655_LeafPhotoA_2025-09-09 11_29_02.979-05_00_2.png,1.25,1.8386590524145165
744,2655_LeafPhotoA_2025-09-09 11_29_02.979-05_00_3.png,1.25,1.6989868705479685
745,1056_LeafPhotoA_2025-09-08 12_47_34.787-05_00_0.png,1.75,1.765087159023412
746,1056_LeafPhotoA_2025-09-08 12_47_34.787-05_00_1.png,1.75,1.7956347981277871
747,1056_LeafPhotoA_2025-09-08 12_47_34.787-05_00_2.png,1.75,2.023787824975217
748,1056_LeafPhotoA_2025-09-08 12_47_34.787-05_00_3.png,1.75,2.05499986623955
760,2409_LeafPhotoB_2025-09-08 10_48_08.751-05_00_0.png,2.75,2.3716469010408887
761,2409_LeafPhotoB_2025-09-08 10_48_08.751-05_00_1.png,2.75,2.470827591731507
762,2409_LeafPhotoB_2025-09-08 10_48_08.751-05_00_2.png,2.75,2.3923061899964715
763,2409_LeafPhotoB_2025-09-08 10_48_08.751-05_00_3.png,2.75,2.355374315725284
766,2673_LeafPhotoA_2025-09-09 11_11_18.428-05_00_0.png,1.0,1.5923096010926556
767,2673_LeafPhotoA_2025-09-09 11_11_18.428-05_00_1.png,1.0,1.6439014131199567
768,2673_LeafPhotoA_2025-09-09 11_11_18.428-05_00_2.png,1.0,1.646968386089637
777,2933_LeafPhotoA_2025-09-09 16_35_09.095-05_00_0.png,1.0,1.6986076578918587
778,2933_LeafPhotoA_2025-09-09 16_35_09.095-05_00_1.png,1.0,1.5514378883755457
779,2933_LeafPhotoA_2025-09-09 16_35_09.095-05_00_2.png,1.0,1.6899665736498415
815,9351_LeafPhotoA_2025-09-09 17_07_37.530-05_00_0.png,1.0,1.5908193416342962
816,9351_LeafPhotoA_2025-09-09 17_07_37.530-05_00_1.png,1.0,1.5761500225552194
817,9351_LeafPhotoA_2025-09-09 17_07_37.530-05_00_2.png,1.0,1.6051343399180698
818,9351_LeafPhotoA_2025-09-09 17_07_37.530-05_00_3.png,1.0,1.77318620241504
843,2693_LeafPhotoA_2025-09-09 10_38_35.796-05_00_0.png,1.75,1.7891382801333942
844,2693_LeafPhotoA_2025-09-09 10_38_35.796-05_00_1.png,1.75,1.7828554056197614
845,2693_LeafPhotoA_2025-09-09 10_38_35.796-05_00_2.png,1.75,1.8320981159860217
846,2693_LeafPhotoA_2025-09-09 10_38_35.796-05_00_3.png,1.75,1.8085982843856754
847,2499_LeafPhotoB_2025-09-08 12_23_25.734-05_00_0.png,1.75,1.8768617536104364
848,2499_LeafPhotoB_2025-09-08 12_23_25.734-05_00_1.png,1.75,1.8243824215309445
849,2499_LeafPhotoB_2025-09-08 12_23_25.734-05_00_2.png,1.75,1.7646350483814337
850,2499_LeafPhotoB_2025-09-08 12_23_25.734-05_00_3.png,1.75,1.7083179858899933
868,2506_LeafPhotoA_2025-09-09 10_01_46.426-05_00_0.png,2.75,2.0522764920703453
869,2506_LeafPhotoA_2025-09-09 10_01_46.426-05_00_1.png,2.75,2.1405041696926976
870,2506_LeafPhotoA_2025-09-09 10_01_46.426-05_00_2.png,2.75,2.3210813132475634
871,2506_LeafPhotoA_2025-09-09 10_01_46.426-05_00_3.png,2.75,2.2367088080679522
872,2341_LeafPhotoA_2025-09-08 11_09_22.552-05_00_0.png,1.0,1.5739148945430768
873,2341_LeafPhotoA_2025-09-08 11_09_22.552-05_00_1.png,1.0,1.475501333716915
901,2833_LeafPhotoA_2025-09-09 10_51_02.314-05_00_0.png,1.0,1.6539170673506483
902,2833_LeafPhotoA_2025-09-09 10_51_02.314-05_00_1.png,1.0,1.6047621578708322
903,2833_LeafPhotoA_2025-09-09 10_51_02.314-05_00_2.png,1.0,1.6970474219770495
904,2833_LeafPhotoA_2025-09-09 10_51_02.314-05_00_3.png,1.0,1.64680206167913
909,1472_LeafPhotoB_2025-09-08 16_38_48.113-05_00_0.png,1.5,1.9828346120804377
910,1472_LeafPhotoB_2025-09-08 16_38_48.113-05_00_1.png,1.5,1.9847749989505126
911,1472_LeafPhotoB_2025-09-08 16_38_48.113-05_00_2.png,1.5,1.997542856165862
917,1697_LeafPhotoA_2025-09-09 08_53_49.546-05_00_0.png,1.25,1.8229876681156088
918,1697_LeafPhotoA_2025-09-09 08_53_49.546-05_00_1.png,1.25,1.9180436520971191
919,1697_LeafPhotoA_2025-09-09 08_53_49.546-05_00_2.png,1.25,1.7214060674769853
920,1697_LeafPhotoA_2025-09-09 08_53_49.546-05_00_3.png,1.25,1.719815117245637
926,2381_LeafPhotoA_2025-09-08 11_51_21.824-05_00_0.png,1.25,1.7978559855070118
927,2381_LeafPhotoA_2025-09-08 11_51_21.824-05_00_1.png,1.25,1.8190333575590336
928,2381_LeafPhotoA_2025-09-08 11_51_21.824-05_00_2.png,1.25,1.8066359895841952
929,2381_LeafPhotoA_2025-09-08 11_51_21.824-05_00_3.png,1.25,1.766088729791504
976,1679_LeafPhotoA_2025-09-09 09_32_13.519-05_00_0.png,2.25,1.8553840569649742
977,1679_LeafPhotoA_2025-09-09 09_32_13.519-05_00_1.png,2.25,1.9735239204648554
978,1679_LeafPhotoA_2025-09-09 09_32_13.519-05_00_2.png,2.25,1.95748730257826
979,1679_LeafPhotoA_2025-09-09 09_32_13.519-05_00_3.png,2.25,1.8257274157918757
985,1512_LeafPhotoA_2025-09-09 09_08_29.596-05_00_0.png,2.5,1.9316568587152232
986,1512_LeafPhotoA_2025-09-09 09_08_29.596-05_00_1.png,2.5,1.7623825723707103
987,1512_LeafPhotoA_2025-09-09 09_08_29.596-05_00_2.png,2.5,1.7074735674864356
988,1512_LeafPhotoA_2025-09-09 09_08_29.596-05_00_3.png,2.5,1.8182058201449285
1038,1001_LeafPhotoA_2025-09-08 10_30_44.491-05_00_0.png,1.75,1.9257396560375453
1039,1001_LeafPhotoA_2025-09-08 10_30_44.491-05_00_1.png,1.75,1.7626957268603218
1040,1001_LeafPhotoA_2025-09-08 10_30_44.491-05_00_2.png,1.75,1.729234725693122
1041,1001_LeafPhotoA_2025-09-08 10_30_44.491-05_00_3.png,1.75,1.7214989359598738
1047,1705_LeafPhotoA_2025-09-09 08_56_59.048-05_00_0.png,2.25,1.9003152794273137
1048,1705_LeafPhotoA_2025-09-09 08_56_59.048-05_00_1.png,2.25,1.9291242364970236
1049,1705_LeafPhotoA_2025-09-09 08_56_59.048-05_00_2.png,2.25,1.9340109776784744
1050,1705_LeafPhotoA_2025-09-09 08_56_59.048-05_00_3.png,2.25,1.9373709576658615
1062,1665_LeafPhotoA_2025-09-09 09_57_34.568-05_00_0.png,2.0,2.1604318362612185
1063,1665_LeafPhotoA_2025-09-09 09_57_34.568-05_00_1.png,2.0,2.1273454185898935
1064,1665_LeafPhotoA_2025-09-09 09_57_34.568-05_00_2.png,2.0,1.9106600878266906
1102,1053_LeafPhotoA_2025-09-08 12_43_49.634-05_00_0.png,2.5,2.133350391835978
1103,1053_LeafPhotoA_2025-09-08 12_43_49.634-05_00_1.png,2.5,2.103863693254414
1104,1053_LeafPhotoA_2025-09-08 12_43_49.634-05_00_2.png,2.5,2.0754159632869604
1105,1053_LeafPhotoA_2025-09-08 12_43_49.634-05_00_3.png,2.5,2.2179481789307385
1113,2631_LeafPhotoA_2025-09-09 11_48_53.491-05_00_0.png,2.5,1.6480295011629684
1114,2631_LeafPhotoA_2025-09-09 11_48_53.491-05_00_1.png,2.5,1.8483693574710913
1115,2631_LeafPhotoA_2025-09-09 11_48_53.491-05_00_2.png,2.5,1.889006202290946
1116,2631_LeafPhotoA_2025-09-09 11_48_53.491-05_00_3.png,2.5,2.2348460645660255
1134,1013_LeafPhotoA_2025-09-08 09_45_15.101-05_00_0.png,1.25,1.693815299587432
1135,1013_LeafPhotoA_2025-09-08 09_45_15.101-05_00_1.png,1.25,1.8274965142329953
1136,1013_LeafPhotoA_2025-09-08 09_45_15.101-05_00_2.png,1.25,1.8354120964685254
1137,1013_LeafPhotoA_2025-09-08 09_45_15.101-05_00_3.png,1.25,1.7112295747257777
1147,9260_LeafPhotoA_2025-09-08 12_05_57.503-05_00_0.png,1.0,1.4535163003410645
1148,9260_LeafPhotoA_2025-09-08 12_05_57.503-05_00_1.png,1.0,1.4230869360942524
1149,9260_LeafPhotoA_2025-09-08 12_05_57.503-05_00_2.png,1.0,1.513939094119083
1150,9260_LeafPhotoA_2025-09-08 12_05_57.503-05_00_3.png,1.0,1.7523453091536743
1185,2433_LeafPhotoB_2025-09-08 11_09_46.410-05_00_0.png,1.5,1.5742462858402766
1186,2433_LeafPhotoB_2025-09-08 11_09_46.410-05_00_1.png,1.5,1.4906333045300588
1187,2433_LeafPhotoB_2025-09-08 11_09_46.410-05_00_2.png,1.5,1.5534778365460327
1188,2433_LeafPhotoB_2025-09-08 11_09_46.410-05_00_3.png,1.5,1.5706609400258538
1197,2490_LeafPhotoB_2025-09-08 12_05_22.252-05_00_0.png,1.5,1.9336308050435007
1198,2490_LeafPhotoB_2025-09-08 12_05_22.252-05_00_1.png,1.5,1.9485237196328902
1199,2490_LeafPhotoB_2025-09-08 12_05_22.252-05_00_2.png,1.5,2.0639024712777028
1200,2490_LeafPhotoB_2025-09-08 12_05_22.252-05_00_3.png,1.5,1.835750109181165
1218,1014_LeafPhotoA_2025-09-08 09_46_05.675-05_00_0.png,3.75,2.5710239700395734
1219,1014_LeafPhotoA_2025-09-08 09_46_05.675-05_00_1.png,3.75,2.7350147341720255
1220,1014_LeafPhotoA_2025-09-08 09_46_05.675-05_00_2.png,3.75,2.8607199689997107
1238,2530_LeafPhotoA_2025-09-09 10_28_43.092-05_00_0.png,3.75,2.643951655031147
1239,2530_LeafPhotoA_2025-09-09 10_28_43.092-05_00_1.png,3.75,2.4893061889292643
1240,2530_LeafPhotoA_2025-09-09 10_28_43.092-05_00_2.png,3.75,2.502144669111469
1241,2530_LeafPhotoA_2025-09-09 10_28_43.092-05_00_3.png,3.75,2.3553257141787527
1242,1397_LeafPhotoA_2025-09-08 13_28_16.462-05_00_0.png,2.5,2.0393023511227106
1252,2867_LeafPhotoA_2025-09-09 14_50_34.297-05_00_0.png,1.5,1.665785043507457
1253,2867_LeafPhotoA_2025-09-09 14_50_34.297-05_00_1.png,1.5,1.6427590355859647
1254,2867_LeafPhotoA_2025-09-09 14_50_34.297-05_00_2.png,1.5,1.6593511355265187
1255,2867_LeafPhotoA_2025-09-09 14_50_34.297-05_00_3.png,1.5,1.6948421766652482
1256,,2.25,1.8214766856447764
1352,1170_LeafPhotoA_2025-09-08 16_32_45.562-05_00_0.png,1.75,1.8399314749108076
1353,1170_LeafPhotoA_2025-09-08 16_32_45.562-05_00_1.png,1.75,1.7900724610518048
1354,1170_LeafPhotoA_2025-09-08 16_32_45.562-05_00_2.png,1.75,1.6983415702347835
1355,1170_LeafPhotoA_2025-09-08 16_32_45.562-05_00_3.png,1.75,1.7577014595204397
1376,2222_LeafPhotoA_2025-09-08 11_22_53.252-05_00_0.png,2.25,1.8767354574980823
1377,2222_LeafPhotoA_2025-09-08 11_22_53.252-05_00_1.png,2.25,1.9723528369406975
1378,2222_LeafPhotoA_2025-09-08 11_22_53.252-05_00_2.png,2.25,2.019767854878233
1379,2222_LeafPhotoA_2025-09-08 11_22_53.252-05_00_3.png,2.25,1.9594513467188335
1427,2876_LeafPhotoA_2025-09-09 14_43_15.675-05_00_0.png,1.75,1.9950170884528635
1428,2876_LeafPhotoA_2025-09-09 14_43_15.675-05_00_1.png,1.75,1.9162662150183178
1429,2876_LeafPhotoA_2025-09-09 14_43_15.675-05_00_2.png,1.75,1.9835403187606158
1430,2876_LeafPhotoA_2025-09-09 14_43_15.675-05_00_3.png,1.75,1.8499049553683111
1443,2041_LeafPhotoA_2025-09-08 11_20_20.644-05_00_0.png,2.0,1.6099289830866488
1444,2041_LeafPhotoA_2025-09-08 11_20_20.644-05_00_1.png,2.0,1.6005216769881414
1445,2041_LeafPhotoA_2025-09-08 11_20_20.644-05_00_2.png,2.0,1.690943202883072
1469,1584_LeafPhotoA_2025-09-09 09_39_38.950-05_00_0.png,2.25,1.751705606832701
1470,1584_LeafPhotoA_2025-09-09 09_39_38.950-05_00_1.png,2.25,2.216509039379578
1471,1584_LeafPhotoA_2025-09-09 09_39_38.950-05_00_2.png,2.25,1.9156054463158645
1472,1584_LeafPhotoA_2025-09-09 09_39_38.950-05_00_3.png,2.25,1.9035306433829435
1473,1946_LeafPhotoA_2025-09-09 16_04_53.847-05_00_0.png,3.0,2.0895848018779084
1474,1946_LeafPhotoA_2025-09-09 16_04_53.847-05_00_1.png,3.0,2.370933557205931
1475,1946_LeafPhotoA_2025-09-09 16_04_53.847-05_00_2.png,3.0,2.3624486630822745
1476,1946_LeafPhotoA_2025-09-09 16_04_53.847-05_00_3.png,3.0,1.9535155255136245
1506,1442_LeafPhotoB_2025-09-08 10_31_26.108-05_00_0.png,1.25,1.476532447146829
1507,1442_LeafPhotoB_2025-09-08 10_31_26.108-05_00_1.png,1.25,1.5634082467871298
1508,1442_LeafPhotoB_2025-09-08 10_31_26.108-05_00_2.png,1.25,1.5661824878968977
1509,1442_LeafPhotoB_2025-09-08 10_31_26.108-05_00_3.png,1.25,1.497143234283883
1524,1693_LeafPhotoA_2025-09-09 09_07_35.518-05_00_0.png,1.75,1.8661714179098425
1525,1693_LeafPhotoA_2025-09-09 09_07_35.518-05_00_1.png,1.75,1.8173814103664874
1526,1693_LeafPhotoA_2025-09-09 09_07_35.518-05_00_2.png,1.75,1.7450075715451354
1527,1693_LeafPhotoA_2025-09-09 09_07_35.518-05_00_3.png,1.75,1.7091641930642034
1560,1266_LeafPhotoA_2025-09-08 16_20_40.775-05_00_0.png,1.5,1.7645654175814323
1581,2104_LeafPhotoA_2025-09-08 10_58_03.934-05_00_0.png,2.0,1.8080198096510274
1582,2104_LeafPhotoA_2025-09-08 10_58_03.934-05_00_1.png,2.0,1.9436796466562347
1583,2104_LeafPhotoA_2025-09-08 10_58_03.934-05_00_2.png,2.0,1.7538092421585543
1584,2104_LeafPhotoA_2025-09-08 10_58_03.934-05_00_3.png,2.0,1.8315539412803823
1594,,1.5,1.8214766856447764
1603,2029_LeafPhotoA_2025-09-08 11_07_23.840-05_00_0.png,3.5,3.050888777828372
1604,2029_LeafPhotoA_2025-09-08 11_07_23.840-05_00_1.png,3.5,2.607540382439897
1605,2029_LeafPhotoA_2025-09-08 11_07_23.840-05_00_2.png,3.5,2.4310554423821027
1606,2029_LeafPhotoA_2025-09-08 11_07_23.840-05_00_3.png,3.5,2.24944836934839
1623,1152_LeafPhotoA_2025-09-08 16_58_21.742-05_00_0.png,2.0,2.192201542371832
1624,1152_LeafPhotoA_2025-09-08 16_58_21.742-05_00_1.png,2.0,2.2869523907129494
1625,1152_LeafPhotoA_2025-09-08 16_58_21.742-05_00_2.png,2.0,2.2220114074602537
1626,1152_LeafPhotoA_2025-09-08 16_58_21.742-05_00_3.png,2.0,1.8715192459718752
1632,1572_LeafPhotoA_2025-09-09 09_56_18.547-05_00_0.png,1.5,1.8674387395947603
1633,1572_LeafPhotoA_2025-09-09 09_56_18.547-05_00_1.png,1.5,1.6996554848056022
1634,1572_LeafPhotoA_2025-09-09 09_56_18.547-05_00_2.png,1.5,1.7215814446010984
1635,1572_LeafPhotoA_2025-09-09 09_56_18.547-05_00_3.png,1.5,1.7333989029908758
1647,2237_LeafPhotoA_2025-09-08 11_42_52.155-05_00_0.png,1.5,1.6536485375058796
1648,2237_LeafPhotoA_2025-09-08 11_42_52.155-05_00_1.png,1.5,1.6836008950092711
1649,2237_LeafPhotoA_2025-09-08 11_42_52.155-05_00_2.png,1.5,1.6111804227817677
1650,2237_LeafPhotoA_2025-09-08 11_42_52.155-05_00_3.png,1.5,1.5344451097390117
1671,2618_LeafPhotoA_2025-09-09 12_06_25.737-05_00_0.png,2.25,1.73762000243908
1672,2618_LeafPhotoA_2025-09-09 12_06_25.737-05_00_1.png,2.25,1.6525186978161996
1699,2686_LeafPhotoA_2025-09-09 10_48_10.419-05_00_0.png,3.0,1.873843205680895
1700,2686_LeafPhotoA_2025-09-09 10_48_10.419-05_00_1.png,3.0,1.8334912944718333
1701,2686_LeafPhotoA_2025-09-09 10_48_10.419-05_00_2.png,3.0,1.9993162363052432
1718,1198_LeafPhotoA_2025-09-08 09_25_24.531-05_00_0.png,1.25,1.797412378268498
1719,1198_LeafPhotoA_2025-09-08 09_25_24.531-05_00_1.png,1.25,1.815510273075847
1720,1198_LeafPhotoA_2025-09-08 09_25_24.531-05_00_2.png,1.25,1.834919901786704
1721,1198_LeafPhotoA_2025-09-08 09_25_24.531-05_00_3.png,1.25,1.7641598483793357
1730,2876_LeafPhotoA_2025-09-09 14_43_31.946-05_00_0.png,1.5,1.8823277400905227
1731,2876_LeafPhotoA_2025-09-09 14_43_31.946-05_00_1.png,1.5,1.6735623243621396
1732,2876_LeafPhotoA_2025-09-09 14_43_31.946-05_00_2.png,1.5,1.7242679163492718
1733,2876_LeafPhotoA_2025-09-09 14_43_31.946-05_00_3.png,1.5,1.7090815618003945
1747,2064_LeafPhotoA_2025-09-08 11_57_49.749-05_00_0.png,2.0,1.5644363685071159
1748,2064_LeafPhotoA_2025-09-08 11_57_49.749-05_00_1.png,2.0,1.555907292286585
1749,2064_LeafPhotoA_2025-09-08 11_57_49.749-05_00_2.png,2.0,1.563053339081153
1750,2064_LeafPhotoA_2025-09-08 11_57_49.749-05_00_3.png,2.0,1.6801285315843524
1765,1267_LeafPhotoA_2025-09-08 16_19_11.885-05_00_0.png,2.25,1.9289182796652176
1766,1267_LeafPhotoA_2025-09-08 16_19_11.885-05_00_1.png,2.25,1.8019585329437167
1767,1267_LeafPhotoA_2025-09-08 16_19_11.885-05_00_2.png,2.25,1.6962609645713127
1768,1267_LeafPhotoA_2025-09-08 16_19_11.885-05_00_3.png,2.25,1.660876174612012
1769,2871_LeafPhotoA_2025-09-09 14_47_23.331-05_00_0.png,2.5,1.828542213674589
1770,2871_LeafPhotoA_2025-09-09 14_47_23.331-05_00_1.png,2.5,1.9688427302603124
1771,2871_LeafPhotoA_2025-09-09 14_47_23.331-05_00_2.png,2.5,1.9711825606843385
1772,2871_LeafPhotoA_2025-09-09 14_47_23.331-05_00_3.png,2.5,1.8118925631740552
1808,2447_LeafPhotoB_2025-09-08 11_22_51.883-05_00_0.png,2.0,1.6715562462885407
1809,2447_LeafPhotoB_2025-09-08 11_22_51.883-05_00_1.png,2.0,1.6841030069149854
1810,2447_LeafPhotoB_2025-09-08 11_22_51.883-05_00_2.png,2.0,1.6330025207018013
1811,2447_LeafPhotoB_2025-09-08 11_22_51.883-05_00_3.png,2.0,1.60323586634384
1820,2287_LeafPhotoA_2025-09-08 16_53_06.874-05_00_0.png,3.75,2.317083146311944
1821,2287_LeafPhotoA_2025-09-08 16_53_06.874-05_00_1.png,3.75,2.56112601932086
1822,2287_LeafPhotoA_2025-09-08 16_53_06.874-05_00_2.png,3.75,2.7548940529137287
1823,2287_LeafPhotoA_2025-09-08 16_53_06.874-05_00_3.png,3.75,2.735777395361132
1831,1713_LeafPhotoA_2025-09-09 09_08_31.161-05_00_0.png,1.75,1.8931291562848385
1832,1713_LeafPhotoA_2025-09-09 09_08_31.161-05_00_1.png,1.75,1.8397293853001568
1833,1713_LeafPhotoA_2025-09-09 09_08_31.161-05_00_2.png,1.75,1.9294741264094726
1834,1713_LeafPhotoA_2025-09-09 09_08_31.161-05_00_3.png,1.75,1.8504662766284274
1864,2130_LeafPhotoA_2025-09-08 11_49_10.108-05_00_0.png,1.75,1.7746069569808196
1865,2130_LeafPhotoA_2025-09-08 11_49_10.108-05_00_1.png,1.75,1.6995280069987537
1866,2130_LeafPhotoA_2025-09-08 11_49_10.108-05_00_2.png,1.75,1.7142762268811875
1867,2130_LeafPhotoA_2025-09-08 11_49_10.108-05_00_3.png,1.75,1.689966835850821
1868,2852_LeafPhotoA_2025-09-09 15_03_44.065-05_00_0.png,1.5,1.7977454594835953
1869,2852_LeafPhotoA_2025-09-09 15_03_44.065-05_00_1.png,1.5,1.7531652690892494
1870,2852_LeafPhotoA_2025-09-09 15_03_44.065-05_00_2.png,1.5,1.7143308005821813
1871,2852_LeafPhotoA_2025-09-09 15_03_44.065-05_00_3.png,1.5,1.6862711811416478
1875,1047_LeafPhotoA_2025-09-08 10_26_48.305-05_00_0.png,2.0,1.7119572971908963
1876,1047_LeafPhotoA_2025-09-08 10_26_48.305-05_00_1.png,2.0,1.7062479292387511
1877,1047_LeafPhotoA_2025-09-08 10_26_48.305-05_00_2.png,2.0,1.885157099157294
1878,1047_LeafPhotoA_2025-09-08 10_26_48.305-05_00_3.png,2.0,1.947304653825975
1896,1687_LeafPhotoA_2025-09-09 09_18_05.463-05_00_0.png,1.75,1.5794897720501686
1897,1687_LeafPhotoA_2025-09-09 09_18_05.463-05_00_1.png,1.75,1.6737874730645377
1898,2049_LeafPhotoA_2025-09-08 11_29_22.980-05_00_0.png,1.25,1.5666299849329914
1899,2049_LeafPhotoA_2025-09-08 11_29_22.980-05_00_1.png,1.25,1.6582266475247318
1900,2049_LeafPhotoA_2025-09-08 11_29_22.980-05_00_2.png,1.25,1.8720973750822933
1901,2049_LeafPhotoA_2025-09-08 11_29_22.980-05_00_3.png,1.25,1.7099105667294523
1916,2049_LeafPhotoA_2025-09-08 11_29_12.336-05_00_0.png,2.25,1.6055261895142277
1917,2049_LeafPhotoA_2025-09-08 11_29_12.336-05_00_1.png,2.25,1.607777722148852
1918,2049_LeafPhotoA_2025-09-08 11_29_12.336-05_00_2.png,2.25,1.6935615532974422
1919,2049_LeafPhotoA_2025-09-08 11_29_12.336-05_00_3.png,2.25,2.026546415263981
1936,1540_LeafPhotoA_2025-09-09 09_38_25.826-05_00_0.png,2.75,2.033842486851544
1937,1540_LeafPhotoA_2025-09-09 09_38_25.826-05_00_1.png,2.75,2.130994227000854
1938,1540_LeafPhotoA_2025-09-09 09_38_25.826-05_00_2.png,2.75,2.412201182365158
1939,1540_LeafPhotoA_2025-09-09 09_38_25.826-05_00_3.png,2.75,2.024242823232299
1947,1070_LeafPhotoA_2025-09-08 13_01_31.955-05_00_0.png,1.5,1.7735704408854915
1948,1070_LeafPhotoA_2025-09-08 13_01_31.955-05_00_1.png,1.5,1.7378397895117978
1949,1070_LeafPhotoA_2025-09-08 13_01_31.955-05_00_2.png,1.5,1.6784128076542675
1950,1070_LeafPhotoA_2025-09-08 13_01_31.955-05_00_3.png,1.5,1.771497524613491
1951,1031_LeafPhotoA_2025-09-08 10_05_56.491-05_00_0.png,1.75,2.044672851156089
1952,1031_LeafPhotoA_2025-09-08 10_05_56.491-05_00_1.png,1.75,1.9596637948945312
1953,1031_LeafPhotoA_2025-09-08 10_05_56.491-05_00_2.png,1.75,1.936936085239903
1954,1031_LeafPhotoA_2025-09-08 10_05_56.491-05_00_3.png,1.75,2.012622041750659
1959,2835_LeafPhotoA_2025-09-09 10_59_12.275-05_00_0.png,2.5,1.8403378050827748
1988,,2.5,1.8214766856447764
2004,2915_LeafPhotoA_2025-09-09 16_35_42.182-05_00_0.png,2.0,1.6758092386146268
2009,1697_LeafPhotoA_2025-09-09 08_54_31.422-05_00_0.png,1.5,1.7411884859435056
2010,1697_LeafPhotoA_2025-09-09 08_54_31.422-05_00_1.png,1.5,1.8058408425227928
2011,1697_LeafPhotoA_2025-09-09 08_54_31.422-05_00_2.png,1.5,1.8191504250823136
2016,2999_LeafPhotoA_2025-09-09 16_55_04.325-05_00_0.png,2.0,2.14086616637496
2017,2999_LeafPhotoA_2025-09-09 16_55_04.325-05_00_1.png,2.0,1.9172310610960366
2018,2999_LeafPhotoA_2025-09-09 16_55_04.325-05_00_2.png,2.0,1.8736415991384683
2030,2164_LeafPhotoA_2025-09-09 11_57_19.201-05_00_0.png,1.5,1.673223601004744
2031,2164_LeafPhotoA_2025-09-09 11_57_19.201-05_00_1.png,1.5,1.692644294930431
2032,2164_LeafPhotoA_2025-09-09 11_57_19.201-05_00_2.png,1.5,1.7515040736898442
2033,2164_LeafPhotoA_2025-09-09 11_57_19.201-05_00_3.png,1.5,1.811284450768099
2038,2862_LeafPhotoA_2025-09-09 14_54_36.677-05_00_0.png,1.75,1.7181167855273176
2039,2862_LeafPhotoA_2025-09-09 14_54_36.677-05_00_1.png,1.75,1.697987095705508
2040,2862_LeafPhotoA_2025-09-09 14_54_36.677-05_00_2.png,1.75,1.7669046827154289
2041,2862_LeafPhotoA_2025-09-09 14_54_36.677-05_00_3.png,1.75,1.7430647673190254
2050,2833_LeafPhotoA_2025-09-09 10_55_45.835-05_00_0.png,1.5,1.7314453774196539
2051,2618_LeafPhotoA_2025-09-09 12_05_14.747-05_00_0.png,1.5,1.5733663775272715
2052,2618_LeafPhotoA_2025-09-09 12_05_14.747-05_00_1.png,1.5,1.6692429042996488
2053,2618_LeafPhotoA_2025-09-09 12_05_14.747-05_00_2.png,1.5,1.8211471690920364
2054,2618_LeafPhotoA_2025-09-09 12_05_14.747-05_00_3.png,1.5,1.9789988303025012
2095,1338_LeafPhotoA_2025-09-08 10_07_02.814-05_00_0.png,4.5,2.9496274426535045
2096,1338_LeafPhotoA_2025-09-08 10_07_02.814-05_00_1.png,4.5,2.9490206649269677
2097,1338_LeafPhotoA_2025-09-08 10_07_02.814-05_00_2.png,4.5,3.1012366331195818
2098,1338_LeafPhotoA_2025-09-08 10_07_02.814-05_00_3.png,4.5,3.089290960893468
2165,1420_LeafPhotoB_2025-09-08 10_13_16.780-05_00_0.png,1.75,1.8802485497563302
2166,1420_LeafPhotoB_2025-09-08 10_13_16.780-05_00_1.png,1.75,1.7911345995107715
2167,1420_LeafPhotoB_2025-09-08 10_13_16.780-05_00_2.png,1.75,1.7396012480999183
2168,1420_LeafPhotoB_2025-09-08 10_13_16.780-05_00_3.png,1.75,1.758712893765537
2193,5014_LeafPhotoA_2025-09-09 16_20_31.482-05_00_0.png,1.75,1.7908551212652066
2194,5014_LeafPhotoA_2025-09-09 16_20_31.482-05_00_1.png,1.75,1.6105310618254935
2195,5014_LeafPhotoA_2025-09-09 16_20_31.482-05_00_2.png,1.75,1.6136206290283193
2196,5014_LeafPhotoA_2025-09-09 16_20_31.482-05_00_3.png,1.75,1.6736604706433695
2197,2119_LeafPhotoA_2025-09-08 11_28_47.667-05_00_0.png,1.5,2.2678852780776153
2202,2461_LeafPhotoB_2025-09-08 11_38_43.859-05_00_0.png,2.0,1.7808169246366814
2203,2461_LeafPhotoB_2025-09-08 11_38_43.859-05_00_1.png,2.0,1.8527181869960734
2204,2461_LeafPhotoB_2025-09-08 11_38_43.859-05_00_2.png,2.0,2.1619719258465033
2205,2461_LeafPhotoB_2025-09-08 11_38_43.859-05_00_3.png,2.0,2.354899624145257
2210,1693_LeafPhotoA_2025-09-09 09_06_11.383-05_00_0.png,1.25,1.8165177381514568
2211,1693_LeafPhotoA_2025-09-09 09_06_11.383-05_00_1.png,1.25,1.7514371959940975
2212,1693_LeafPhotoA_2025-09-09 09_06_11.383-05_00_2.png,1.25,1.7429369978724294
2213,1693_LeafPhotoA_2025-09-09 09_06_11.383-05_00_3.png,1.25,1.8017622255115215
2239,1345_LeafPhotoA_2025-09-08 10_13_26.383-05_00_0.png,2.5,1.8148736657058544
2240,1345_LeafPhotoA_2025-09-08 10_13_26.383-05_00_1.png,2.5,1.6960884771712088
2241,1345_LeafPhotoA_2025-09-08 10_13_26.383-05_00_2.png,2.5,1.605604394739893
2242,1345_LeafPhotoA_2025-09-08 10_13_26.383-05_00_3.png,2.5,1.639058544355164
2255,2438_LeafPhotoB_2025-09-08 11_14_34.150-05_00_0.png,2.25,2.0651426815305
2256,2438_LeafPhotoB_2025-09-08 11_14_34.150-05_00_1.png,2.25,2.0674563795096144
2257,2438_LeafPhotoB_2025-09-08 11_14_34.150-05_00_2.png,2.25,2.053364031982756
2258,2438_LeafPhotoB_2025-09-08 11_14_34.150-05_00_3.png,2.25,1.9581642052169212
2259,1543_LeafPhotoA_2025-09-09 09_43_51.333-05_00_0.png,1.5,1.7563496170313604
2260,1543_LeafPhotoA_2025-09-09 09_43_51.333-05_00_1.png,1.5,1.785333158711665
2261,1543_LeafPhotoA_2025-09-09 09_43_51.333-05_00_2.png,1.5,1.7741350956995805
2275,1798_LeafPhotoA_2025-09-09 08_54_43.161-05_00_0.png,2.25,1.8828045730942282
2276,1798_LeafPhotoA_2025-09-09 08_54_43.161-05_00_1.png,2.25,1.8859400335485392
2277,1798_LeafPhotoA_2025-09-09 08_54_43.161-05_00_2.png,2.25,1.7972246480796588
2278,1798_LeafPhotoA_2025-09-09 08_54_43.161-05_00_3.png,2.25,1.800260238573559
2294,1223_LeafPhotoA_2025-09-08 10_03_13.455-05_00_0.png,1.5,1.7212852946645367
2295,1223_LeafPhotoA_2025-09-08 10_03_13.455-05_00_1.png,1.5,1.6346724477967094
2296,1223_LeafPhotoA_2025-09-08 10_03_13.455-05_00_2.png,1.5,1.7297401726536075
2297,1223_LeafPhotoA_2025-09-08 10_03_13.455-05_00_3.png,1.5,1.7997333607829304
2322,1086_LeafPhotoA_2025-09-09 10_58_54.973-05_00_0.png,2.5,1.866855449832944
2323,1086_LeafPhotoA_2025-09-09 10_58_54.973-05_00_1.png,2.5,1.9114254754962972
2324,1086_LeafPhotoA_2025-09-09 10_58_54.973-05_00_2.png,2.5,2.00384640775112
2325,1086_LeafPhotoA_2025-09-09 10_58_54.973-05_00_3.png,2.5,2.2387905471466194
2348,2385_LeafPhotoA_2025-09-08 11_56_10.265-05_00_0.png,1.25,1.6869584613322164
2349,2385_LeafPhotoA_2025-09-08 11_56_10.265-05_00_1.png,1.25,1.8207996708287215
2350,2385_LeafPhotoA_2025-09-08 11_56_10.265-05_00_2.png,1.25,1.7631889204505193
2351,2385_LeafPhotoA_2025-09-08 11_56_10.265-05_00_3.png,1.25,1.7242569712131803
2352,2381_LeafPhotoA_2025-09-08 11_51_50.879-05_00_0.png,2.0,1.92287295259243
2353,2381_LeafPhotoA_2025-09-08 11_51_50.879-05_00_1.png,2.0,1.7284202169022813
2354,2381_LeafPhotoA_2025-09-08 11_51_50.879-05_00_2.png,2.0,1.7037549515811434
2355,2381_LeafPhotoA_2025-09-08 11_51_50.879-05_00_3.png,2.0,1.7301050367666932
2401,9351_LeafPhotoA_2025-09-09 17_07_25.532-05_00_0.png,1.25,1.6766013174347143
2402,9351_LeafPhotoA_2025-09-09 17_07_25.532-05_00_1.png,1.25,1.6487637149813767
2403,9351_LeafPhotoA_2025-09-09 17_07_25.532-05_00_2.png,1.25,1.6004038919416603
2404,9351_LeafPhotoA_2025-09-09 17_07_25.532-05_00_3.png,1.25,1.625861896775717
2416,1915_LeafPhotoA_2025-09-09 14_54_52.435-05_00_0.png,1.75,2.072452945406097
2417,1915_LeafPhotoA_2025-09-09 14_54_52.435-05_00_1.png,1.75,1.9979885081150686
2418,1915_LeafPhotoA_2025-09-09 14_54_52.435-05_00_2.png,1.75,2.044256076068056
2419,1915_LeafPhotoA_2025-09-09 14_54_52.435-05_00_3.png,1.75,2.150165822358113
2424,1466_LeafPhotoB_2025-09-08 16_29_29.831-05_00_0.png,2.0,1.643462454063448
2425,1466_LeafPhotoB_2025-09-08 16_29_29.831-05_00_1.png,2.0,1.6039257425688356
2426,1466_LeafPhotoB_2025-09-08 16_29_29.831-05_00_2.png,2.0,1.62272916921185
2427,1466_LeafPhotoB_2025-09-08 16_29_29.831-05_00_3.png,2.0,1.7953260765117995
2432,2051_LeafPhotoA_2025-09-08 11_43_12.742-05_00_0.png,3.75,2.203619279029469
2433,2051_LeafPhotoA_2025-09-08 11_43_12.742-05_00_1.png,3.75,2.5535070241197273
2434,2533_LeafPhotoA_2025-09-09 10_31_53.410-05_00_0.png,1.75,1.722907199524278
2435,2533_LeafPhotoA_2025-09-09 10_31_53.410-05_00_1.png,1.75,1.7330169304259018
2436,2533_LeafPhotoA_2025-09-09 10_31_53.410-05_00_2.png,1.75,1.6817438423437467
2437,2533_LeafPhotoA_2025-09-09 10_31_53.410-05_00_3.png,1.75,1.665998065611503
2534,2295_LeafPhotoA_2025-09-08 16_45_42.473-05_00_0.png,2.25,1.7651183488625577
2535,2295_LeafPhotoA_2025-09-08 16_45_42.473-05_00_1.png,2.25,1.8200882582182285
2536,2295_LeafPhotoA_2025-09-08 16_45_42.473-05_00_2.png,2.25,1.9088742876530826
2537,2295_LeafPhotoA_2025-09-08 16_45_42.473-05_00_3.png,2.25,1.859688371073263
2547,1913_LeafPhotoA_2025-09-09 14_52_15.644-05_00_0.png,1.5,1.6529269073813508
2548,1913_LeafPhotoA_2025-09-09 14_52_15.644-05_00_1.png,1.5,1.6160595017995842
2549,1913_LeafPhotoA_2025-09-09 14_52_15.644-05_00_2.png,1.5,1.7576785318077284
2550,1913_LeafPhotoA_2025-09-09 14_52_15.644-05_00_3.png,1.5,1.8540194555871436
2563,1407_LeafPhotoA_2025-09-08 09_28_58.311-05_00_0.png,1.0,1.63446397244853
2564,1407_LeafPhotoA_2025-09-08 09_28_58.311-05_00_1.png,1.0,1.6662971515659677
2565,1407_LeafPhotoA_2025-09-08 09_28_58.311-05_00_2.png,1.0,1.673170511598666
2566,1407_LeafPhotoA_2025-09-08 09_28_58.311-05_00_3.png,1.0,1.6931362972253081
2597,2470_LeafPhotoB_2025-09-08 11_46_55.188-05_00_0.png,2.25,1.8725133413050772
2598,2470_LeafPhotoB_2025-09-08 11_46_55.188-05_00_1.png,2.25,1.840752995872701
2599,2470_LeafPhotoB_2025-09-08 11_46_55.188-05_00_2.png,2.25,1.8208236526196355
2600,2470_LeafPhotoB_2025-09-08 11_46_55.188-05_00_3.png,2.25,1.87873589501341
2609,2130_LeafPhotoA_2025-09-08 11_48_43.180-05_00_0.png,2.5,2.4398936403522216
2610,2130_LeafPhotoA_2025-09-08 11_48_43.180-05_00_1.png,2.5,2.245162702625141
2611,2130_LeafPhotoA_2025-09-08 11_48_43.180-05_00_2.png,2.5,2.300725576286675
2612,2130_LeafPhotoA_2025-09-08 11_48_43.180-05_00_3.png,2.5,2.424684263995327
2617,2391_LeafPhotoA_2025-09-08 12_03_15.238-05_00_0.png,1.25,1.7513241257500907
2618,2391_LeafPhotoA_2025-09-08 12_03_15.238-05_00_1.png,1.25,1.7185652710131725
2619,2391_LeafPhotoA_2025-09-08 12_03_15.238-05_00_2.png,1.25,1.9037357640357462
2620,2391_LeafPhotoA_2025-09-08 12_03_15.238-05_00_3.png,1.25,1.7398356142011693
2621,2391_LeafPhotoA_2025-09-08 12_01_42.651-05_00_0.png,1.75,1.8090304124410141
2622,2391_LeafPhotoA_2025-09-08 12_01_42.651-05_00_1.png,1.75,1.66775856724518
2623,2391_LeafPhotoA_2025-09-08 12_01_42.651-05_00_2.png,1.75,1.722714813274907
2624,2391_LeafPhotoA_2025-09-08 12_01_42.651-05_00_3.png,1.75,1.8540766577105716
2630,1937_LeafPhotoA_2025-09-09 15_34_34.063-05_00_0.png,1.75,1.627896741666164
2631,1937_LeafPhotoA_2025-09-09 15_34_34.063-05_00_1.png,1.75,1.634957043264453
2632,1937_LeafPhotoA_2025-09-09 15_34_34.063-05_00_2.png,1.75,1.6906641070085107
2633,1937_LeafPhotoA_2025-09-09 15_34_34.063-05_00_3.png,1.75,1.8183267541403056
2635,1642_LeafPhotoA_2025-09-09 10_32_36.943-05_00_0.png,1.5,1.7726320375893354
2636,1642_LeafPhotoA_2025-09-09 10_32_36.943-05_00_1.png,1.5,1.8303731134666086
2637,1642_LeafPhotoA_2025-09-09 10_32_36.943-05_00_2.png,1.5,1.867157840003295
2733,2942_LeafPhotoA_2025-09-09 16_27_26.746-05_00_0.png,2.75,2.1585641323237024
2734,2942_LeafPhotoA_2025-09-09 16_27_26.746-05_00_1.png,2.75,1.9211398493510174
2735,2942_LeafPhotoA_2025-09-09 16_27_26.746-05_00_2.png,2.75,1.9542348080572252
2736,2942_LeafPhotoA_2025-09-09 16_27_26.746-05_00_3.png,2.75,2.115420541117969
2749,2127_LeafPhotoA_2025-09-08 11_44_05.581-05_00_0.png,2.0,2.159325381234804
2750,2127_LeafPhotoA_2025-09-08 11_44_05.581-05_00_1.png,2.0,2.0802186099034388
2751,2127_LeafPhotoA_2025-09-08 11_44_05.581-05_00_2.png,2.0,1.8814887027048885
2752,2127_LeafPhotoA_2025-09-08 11_44_05.581-05_00_3.png,2.0,1.7016349818871472
2761,2594_LeafPhotoA_2025-09-09 10_28_00.830-05_00_0.png,1.25,1.6617634962861374
2762,2594_LeafPhotoA_2025-09-09 10_28_00.830-05_00_1.png,1.25,1.5883697350994046
2763,2594_LeafPhotoA_2025-09-09 10_28_00.830-05_00_2.png,1.25,1.7989643601501921
2764,2594_LeafPhotoA_2025-09-09 10_28_00.830-05_00_3.png,1.25,2.155644959654479
2777,1079_LeafPhotoA_2025-09-08 13_11_39.389-05_00_0.png,1.5,1.7612507619525102
2778,1079_LeafPhotoA_2025-09-08 13_11_39.389-05_00_1.png,1.5,1.7847514885060134
2779,1079_LeafPhotoA_2025-09-08 13_11_39.389-05_00_2.png,1.5,1.7426898052940885
2780,1079_LeafPhotoA_2025-09-08 13_11_39.389-05_00_3.png,1.5,1.7622804327904114
2781,1842_LeafPhotoA_2025-09-09 09_52_16.462-05_00_0.png,2.25,1.7407849239213773
2782,1842_LeafPhotoA_2025-09-09 09_52_16.462-05_00_1.png,2.25,1.741045674168294
2788,2879_LeafPhotoA_2025-09-09 14_38_53.940-05_00_0.png,1.25,1.6406882461578665
2789,2879_LeafPhotoA_2025-09-09 14_38_53.940-05_00_1.png,1.25,1.5985013523037437
2790,1669_LeafPhotoA_2025-09-09 09_51_13.731-05_00_0.png,1.5,1.6348441455063591
2791,1669_LeafPhotoA_2025-09-09 09_51_13.731-05_00_1.png,1.5,1.796421041880324
2792,1669_LeafPhotoA_2025-09-09 09_51_13.731-05_00_2.png,1.5,1.636623173459669
2793,1736_LeafPhotoA_2025-09-09 09_48_22.904-05_00_0.png,1.5,2.157849484946222
2794,1736_LeafPhotoA_2025-09-09 09_48_22.904-05_00_1.png,1.5,2.10294258286487
2795,1736_LeafPhotoA_2025-09-09 09_48_22.904-05_00_2.png,1.5,1.9080051244348724
2796,1736_LeafPhotoA_2025-09-09 09_48_22.904-05_00_3.png,1.5,1.7473154140213922
2797,1466_LeafPhotoB_2025-09-08 16_29_39.552-05_00_0.png,1.25,1.515164140732202
2798,1466_LeafPhotoB_2025-09-08 16_29_39.552-05_00_1.png,1.25,1.573867486282638
2799,1466_LeafPhotoB_2025-09-08 16_29_39.552-05_00_2.png,1.25,1.6385036039717626
2800,1466_LeafPhotoB_2025-09-08 16_29_39.552-05_00_3.png,1.25,1.5716945494198762
2880,2744_LeafPhotoA_2025-09-09 11_15_01.877-05_00_0.png,2.25,2.151720972905826
2881,2744_LeafPhotoA_2025-09-09 11_15_01.877-05_00_1.png,2.25,1.772056131257211
2882,2744_LeafPhotoA_2025-09-09 11_15_01.877-05_00_2.png,2.25,1.8428601290444495
2883,2744_LeafPhotoA_2025-09-09 11_15_01.877-05_00_3.png,2.25,2.190104473656719
2902,2404_LeafPhotoB_2025-09-08 10_44_08.041-05_00_0.png,3.25,2.2321106071149246
2903,2404_LeafPhotoB_2025-09-08 10_44_08.041-05_00_1.png,3.25,2.446203237845906
2908,2215_LeafPhotoA_2025-09-08 11_08_31.563-05_00_0.png,2.25,2.3260870699714924
2909,2215_LeafPhotoA_2025-09-08 11_08_31.563-05_00_1.png,2.25,2.196980345300503
2910,2215_LeafPhotoA_2025-09-08 11_08_31.563-05_00_2.png,2.25,2.328341863845167
2911,2215_LeafPhotoA_2025-09-08 11_08_31.563-05_00_3.png,2.25,2.252376742464677
2916,2728_LeafPhotoA_2025-09-09 10_52_13.946-05_00_0.png,3.25,2.723559961657762
2917,2728_LeafPhotoA_2025-09-09 10_52_13.946-05_00_1.png,3.25,2.49747484286681
2918,2728_LeafPhotoA_2025-09-09 10_52_13.946-05_00_2.png,3.25,2.468645651626496
2919,2728_LeafPhotoA_2025-09-09 10_52_13.946-05_00_3.png,3.25,2.291020355175603
2930,,1.5,1.8214766856447764
2931,1001_LeafPhotoA_2025-09-08 10_31_01.387-05_00_0.png,1.25,1.6874824903661048
2932,1001_LeafPhotoA_2025-09-08 10_31_01.387-05_00_1.png,1.25,1.6642726858839478
2933,1001_LeafPhotoA_2025-09-08 10_31_01.387-05_00_2.png,1.25,1.7638475606163049
2960,1122_LeafPhotoA_2025-09-08 10_08_12.180-05_00_0.png,2.25,1.8560792873908334
2961,1122_LeafPhotoA_2025-09-08 10_08_12.180-05_00_1.png,2.25,1.8770516133977815
2962,1122_LeafPhotoA_2025-09-08 10_08_12.180-05_00_2.png,2.25,1.850070638868892
2963,1122_LeafPhotoA_2025-09-08 10_08_12.180-05_00_3.png,2.25,1.8098407480865149
2980,2833_LeafPhotoA_2025-09-09 10_50_33.812-05_00_0.png,1.25,1.6563698500528765
2981,2833_LeafPhotoA_2025-09-09 10_50_33.812-05_00_1.png,1.25,1.5348432368728302
2982,2833_LeafPhotoA_2025-09-09 10_50_33.812-05_00_2.png,1.25,1.6779455916527684
2983,2833_LeafPhotoA_2025-09-09 10_50_33.812-05_00_3.png,1.25,1.6929621714244762
2991,1267_LeafPhotoA_2025-09-08 16_19_24.654-05_00_0.png,2.25,1.9455877031438407
2992,1267_LeafPhotoA_2025-09-08 16_19_24.654-05_00_1.png,2.25,1.801163954765941
2993,1267_LeafPhotoA_2025-09-08 16_19_24.654-05_00_2.png,2.25,2.1025165570731192
2994,1267_LeafPhotoA_2025-09-08 16_19_24.654-05_00_3.png,2.25,2.0225494189225817
3011,2278_LeafPhotoA_2025-09-08 17_01_54.314-05_00_0.png,3.0,1.974741325524162
3012,2278_LeafPhotoA_2025-09-08 17_01_54.314-05_00_1.png,3.0,2.2231069069470046
3013,2278_LeafPhotoA_2025-09-08 17_01_54.314-05_00_2.png,3.0,2.4091848512724683
3014,2278_LeafPhotoA_2025-09-08 17_01_54.314-05_00_3.png,3.0,2.6725683026070524
3019,2579_LeafPhotoA_2025-09-09 10_41_50.960-05_00_0.png,1.0,1.560634572674918
3020,2579_LeafPhotoA_2025-09-09 10_41_50.960-05_00_1.png,1.0,1.4756613741220952
3021,2579_LeafPhotoA_2025-09-09 10_41_50.960-05_00_2.png,1.0,1.5820721138932134
3022,2579_LeafPhotoA_2025-09-09 10_41_50.960-05_00_3.png,1.0,1.605026552146629
3026,2206_LeafPhotoA_2025-09-08 10_54_07.474-05_00_0.png,1.5,1.7489152078719272
3027,2206_LeafPhotoA_2025-09-08 10_54_07.474-05_00_1.png,1.5,1.5737113967259102
3028,2206_LeafPhotoA_2025-09-08 10_54_07.474-05_00_2.png,1.5,1.6618602222645114
3029,2206_LeafPhotoA_2025-09-08 10_54_07.474-05_00_3.png,1.5,1.682196518949639
3060,1823_LeafPhotoA_2025-09-09 09_24_42.198-05_00_0.png,1.75,1.9446873738053023
3061,1823_LeafPhotoA_2025-09-09 09_24_42.198-05_00_1.png,1.75,1.8033873781554706
3062,1823_LeafPhotoA_2025-09-09 09_24_42.198-05_00_2.png,1.75,1.7025388444719312
3069,5027_LeafPhotoA_2025-09-09 16_48_30.065-05_00_0.png,1.5,1.7613831822954304
3070,5027_LeafPhotoA_2025-09-09 16_48_30.065-05_00_1.png,1.5,1.7893421363101145
3071,5027_LeafPhotoA_2025-09-09 16_48_30.065-05_00_2.png,1.5,1.8310139939502337
3072,5027_LeafPhotoA_2025-09-09 16_48_30.065-05_00_3.png,1.5,1.835923356442318
3077,1357_LeafPhotoA_2025-09-08 12_34_05.972-05_00_0.png,3.75,2.810767873623462
3078,1357_LeafPhotoA_2025-09-08 12_34_05.972-05_00_1.png,3.75,2.747433367991068
3079,1357_LeafPhotoA_2025-09-08 12_34_05.972-05_00_2.png,3.75,2.7615078241707987
3080,1975_LeafPhotoA_2025-09-09 16_51_47.447-05_00_0.png,1.0,1.5341581739553873
3081,1975_LeafPhotoA_2025-09-09 16_51_47.447-05_00_1.png,1.0,1.6310270913901324
3082,1975_LeafPhotoA_2025-09-09 16_51_47.447-05_00_2.png,1.0,1.5165752107087878
3083,1975_LeafPhotoA_2025-09-09 16_51_47.447-05_00_3.png,1.0,1.5435136625205093
3097,1462_LeafPhotoB_2025-09-08 16_26_18.579-05_00_0.png,1.25,1.7090724917202027
3098,1462_LeafPhotoB_2025-09-08 16_26_18.579-05_00_1.png,1.25,1.7180336425337766
3099,1462_LeafPhotoB_2025-09-08 16_26_18.579-05_00_2.png,1.25,1.5617554703557754
3100,1462_LeafPhotoB_2025-09-08 16_26_18.579-05_00_3.png,1.25,1.5504920352842766
3101,2596_LeafPhotoA_2025-09-09 10_26_28.393-05_00_0.png,2.75,2.2937711265490504
3109,1134_LeafPhotoA_2025-09-08 10_25_22.077-05_00_0.png,2.0,1.8089511368485096
3110,1134_LeafPhotoA_2025-09-08 10_25_22.077-05_00_1.png,2.0,1.6519406584047414
3111,1134_LeafPhotoA_2025-09-08 10_25_22.077-05_00_2.png,2.0,1.6763429350738286
3112,1134_LeafPhotoA_2025-09-08 10_25_22.077-05_00_3.png,2.0,1.7982996404140343
3125,1175_LeafPhotoA_2025-09-08 16_24_37.781-05_00_0.png,1.75,1.8078829183828946
3126,1175_LeafPhotoA_2025-09-08 16_24_37.781-05_00_1.png,1.75,1.8456396721573147
3127,1175_LeafPhotoA_2025-09-08 16_24_37.781-05_00_2.png,1.75,1.8058697251509048
3128,1175_LeafPhotoA_2025-09-08 16_24_37.781-05_00_3.png,1.75,1.919308789705039
3133,1122_LeafPhotoA_2025-09-08 10_07_49.073-05_00_0.png,2.5,2.1486106824596316
3134,1122_LeafPhotoA_2025-09-08 10_07_49.073-05_00_1.png,2.5,2.068211571488529
3135,1122_LeafPhotoA_2025-09-08 10_07_49.073-05_00_2.png,2.5,1.8528000555784507
3136,1122_LeafPhotoA_2025-09-08 10_07_49.073-05_00_3.png,2.5,2.0227122901514223
3157,2962_LeafPhotoA_2025-09-09 16_07_02.844-05_00_0.png,2.0,2.055497782340264
3158,2962_LeafPhotoA_2025-09-09 16_07_02.844-05_00_1.png,2.0,2.0322419809977488
3159,2962_LeafPhotoA_2025-09-09 16_07_02.844-05_00_2.png,2.0,2.020812106583752
3160,2962_LeafPhotoA_2025-09-09 16_07_02.844-05_00_3.png,2.0,1.9892084851047187
3169,5029_LeafPhotoA_2025-09-09 16_52_43.123-05_00_0.png,1.25,1.5440004174370932
3170,5029_LeafPhotoA_2025-09-09 16_52_43.123-05_00_1.png,1.25,1.6923494459791277
3171,5029_LeafPhotoA_2025-09-09 16_52_43.123-05_00_2.png,1.25,1.5604581488638418
3172,5029_LeafPhotoA_2025-09-09 16_52_43.123-05_00_3.png,1.25,1.622899121628395
3231,,2.0,1.8214766856447764
3269,2834_LeafPhotoA_2025-09-09 10_58_21.581-05_00_0.png,3.75,2.165709780441172
3270,2834_LeafPhotoA_2025-09-09 10_58_21.581-05_00_1.png,3.75,2.2560113825856374
3271,2834_LeafPhotoA_2025-09-09 10_58_21.581-05_00_2.png,3.75,2.768336534582011
3272,2834_LeafPhotoA_2025-09-09 10_58_21.581-05_00_3.png,3.75,2.709228849573733
3293,1593_LeafPhotoA_2025-09-09 09_33_14.926-05_00_0.png,2.25,1.8075346415535665
3294,1593_LeafPhotoA_2025-09-09 09_33_14.926-05_00_1.png,2.25,1.7374706514863487
3295,1593_LeafPhotoA_2025-09-09 09_33_14.926-05_00_2.png,2.25,1.8843832431194307
3296,1593_LeafPhotoA_2025-09-09 09_33_14.926-05_00_3.png,2.25,1.9138590027694635
3307,1113_LeafPhotoA_2025-09-08 09_54_47.376-05_00_0.png,1.5,1.7468993883881547
3308,1113_LeafPhotoA_2025-09-08 09_54_47.376-05_00_1.png,1.5,1.7259820162516706
3309,1113_LeafPhotoA_2025-09-08 09_54_47.376-05_00_2.png,1.5,1.779773100963796
3310,1113_LeafPhotoA_2025-09-08 09_54_47.376-05_00_3.png,1.5,1.7661869306545954
3319,2404_LeafPhotoB_2025-09-08 10_43_34.946-05_00_0.png,1.5,1.7872651291347095
3320,2404_LeafPhotoB_2025-09-08 10_43_34.946-05_00_1.png,1.5,1.7726843280437619
3321,2404_LeafPhotoB_2025-09-08 10_43_34.946-05_00_2.png,1.5,1.7817421008885534
3322,2404_LeafPhotoB_2025-09-08 10_43_34.946-05_00_3.png,1.5,1.9091249642828467
3332,1407_LeafPhotoB_2025-09-08 10_01_50.917-05_00_0.png,1.25,1.8339574994780232
3333,1407_LeafPhotoB_2025-09-08 10_01_50.917-05_00_1.png,1.25,1.6909095167120032
3334,1407_LeafPhotoB_2025-09-08 10_01_50.917-05_00_2.png,1.25,1.5941577991957738
3335,1407_LeafPhotoB_2025-09-08 10_01_50.917-05_00_3.png,1.25,1.5081901256718648
3336,2490_LeafPhotoB_2025-09-08 12_05_51.103-05_00_0.png,1.5,1.7353292265211886
3337,2490_LeafPhotoB_2025-09-08 12_05_51.103-05_00_1.png,1.5,1.709205320480658
3338,2490_LeafPhotoB_2025-09-08 12_05_51.103-05_00_2.png,1.5,2.043640240976505
3339,2490_LeafPhotoB_2025-09-08 12_05_51.103-05_00_3.png,1.5,2.0939308614394725
3340,2958_LeafPhotoA_2025-09-09 16_03_21.913-05_00_0.png,1.25,1.70444325003879
3341,2958_LeafPhotoA_2025-09-09 16_03_21.913-05_00_1.png,1.25,1.77674055465545
3342,2958_LeafPhotoA_2025-09-09 16_03_21.913-05_00_2.png,1.25,1.5912171512697824
3343,2958_LeafPhotoA_2025-09-09 16_03_21.913-05_00_3.png,1.25,1.619394517098454
3361,1679_LeafPhotoA_2025-09-09 09_33_07.078-05_00_0.png,2.0,1.6976458931800709
3362,1679_LeafPhotoA_2025-09-09 09_33_07.078-05_00_1.png,2.0,1.7166902819563918
3363,1679_LeafPhotoA_2025-09-09 09_33_07.078-05_00_2.png,2.0,1.641367862952481
3364,1679_LeafPhotoA_2025-09-09 09_33_07.078-05_00_3.png,2.0,1.6409512505199892
3376,1414_LeafPhotoB_2025-09-08 10_08_06.102-05_00_0.png,2.25,1.8001404670602974
3377,1414_LeafPhotoB_2025-09-08 10_08_06.102-05_00_1.png,2.25,1.7995438526793968
3378,1414_LeafPhotoB_2025-09-08 10_08_06.102-05_00_2.png,2.25,1.8137310432690035
3379,1414_LeafPhotoB_2025-09-08 10_08_06.102-05_00_3.png,2.25,1.9460406451066885
3384,2104_LeafPhotoA_2025-09-08 10_57_30.453-05_00_0.png,1.25,1.7388755393696846
3385,2292_LeafPhotoA_2025-09-08 16_48_06.499-05_00_0.png,1.75,2.0969400919146115
3386,2292_LeafPhotoA_2025-09-08 16_48_06.499-05_00_1.png,1.75,1.830759133107068
3387,2292_LeafPhotoA_2025-09-08 16_48_06.499-05_00_2.png,1.75,1.8217237436585694
3388,2292_LeafPhotoA_2025-09-08 16_48_06.499-05_00_3.png,1.75,1.6690907878187806
3397,1761_LeafPhotoA_2025-09-09 10_25_02.889-05_00_0.png,1.25,1.8281550439718746
3398,1761_LeafPhotoA_2025-09-09 10_25_02.889-05_00_1.png,1.25,1.6940990323732295
3399,1761_LeafPhotoA_2025-09-09 10_25_02.889-05_00_2.png,1.25,1.6783389059179985
3400,1761_LeafPhotoA_2025-09-09 10_25_02.889-05_00_3.png,1.25,1.6900197075053638
3423,1721_LeafPhotoA_2025-09-09 09_20_24.206-05_00_0.png,2.5,2.0465484619345777
3424,1721_LeafPhotoA_2025-09-09 09_20_24.206-05_00_1.png,2.5,2.0690546270827443
3425,1721_LeafPhotoA_2025-09-09 09_20_24.206-05_00_2.png,2.5,2.3278988301645036
3430,1365_LeafPhotoA_2025-09-08 12_47_18.027-05_00_0.png,2.0,2.3574830412656356
3431,1365_LeafPhotoA_2025-09-08 12_47_18.027-05_00_1.png,2.0,2.323116193970613
3432,1365_LeafPhotoA_2025-09-08 12_47_18.027-05_00_2.png,2.0,2.202052670736667
3433,1365_LeafPhotoA_2025-09-08 12_47_18.027-05_00_3.png,2.0,2.38126621005682
3461,1704_LeafPhotoA_2025-09-09 08_56_01.667-05_00_0.png,2.25,2.1852300483985623
3462,1704_LeafPhotoA_2025-09-09 08_56_01.667-05_00_1.png,2.25,2.094810626514706
3463,1704_LeafPhotoA_2025-09-09 08_56_01.667-05_00_2.png,2.25,1.8285872039534357
3464,1704_LeafPhotoA_2025-09-09 08_56_01.667-05_00_3.png,2.25,2.2793877320341034
3473,2970_LeafPhotoA_2025-09-09 16_17_01.331-05_00_0.png,1.25,1.76920998342634
3474,2970_LeafPhotoA_2025-09-09 16_17_01.331-05_00_1.png,1.25,1.8171895801150726
3483,1548_LeafPhotoA_2025-09-09 09_49_29.604-05_00_0.png,3.0,1.8555063686085504
3484,1548_LeafPhotoA_2025-09-09 09_49_29.604-05_00_1.png,3.0,2.3784244241109467
3485,1548_LeafPhotoA_2025-09-09 09_49_29.604-05_00_2.png,3.0,2.128095135949574
3486,1548_LeafPhotoA_2025-09-09 09_49_29.604-05_00_3.png,3.0,2.27626079164509
3487,,1.5,1.8214766856447764
3492,1472_LeafPhotoB_2025-09-08 16_38_58.831-05_00_0.png,2.75,2.1545386597447016
3493,1472_LeafPhotoB_2025-09-08 16_38_58.831-05_00_1.png,2.75,2.326045968362616
3494,1472_LeafPhotoB_2025-09-08 16_38_58.831-05_00_2.png,2.75,2.3940468705633764
