,image_name,label,predicted
0,2705_LeafPhotoA_2025-09-09 10_19_54.020-05_00_0.png,1.25,1.8822082931003556
1,2705_LeafPhotoA_2025-09-09 10_19_54.020-05_00_1.png,1.25,1.8234951472756473
2,2705_LeafPhotoA_2025-09-09 10_19_54.020-05_00_2.png,1.25,1.8568754552027462
7,2002_LeafPhotoA_2025-09-08 10_34_30.740-05_00_0.png,1.25,1.6470224841807661
8,2002_LeafPhotoA_2025-09-08 10_34_30.740-05_00_1.png,1.25,1.4857400409174908
9,2002_LeafPhotoA_2025-09-08 10_34_30.740-05_00_2.png,1.25,1.596395650229061
10,2002_LeafPhotoA_2025-09-08 10_34_30.740-05_00_3.png,1.25,1.7952517357419546
15,2645_LeafPhotoA_2025-09-09 11_30_33.412-05_00_0.png,1.75,1.9637841939702683
16,2645_LeafPhotoA_2025-09-09 11_30_33.412-05_00_1.png,1.75,1.9528189343242448
17,2645_LeafPhotoA_2025-09-09 11_30_33.412-05_00_2.png,1.75,2.1518153017218435
25,2863_LeafPhotoA_2025-09-09 14_53_39.925-05_00_0.png,1.5,2.0349016750256097
26,2863_LeafPhotoA_2025-09-09 14_53_39.925-05_00_1.png,1.5,2.026721753952587
38,1268_LeafPhotoA_2025-09-08 16_18_21.694-05_00_0.png,1.25,1.9508073093446903
39,1268_LeafPhotoA_2025-09-08 16_18_21.694-05_00_1.png,1.25,1.9485267069263268
40,1268_LeafPhotoA_2025-09-08 16_18_21.694-05_00_2.png,1.25,1.6629596487869411
41,1268_LeafPhotoA_2025-09-08 16_18_21.694-05_00_3.png,1.25,1.655124601698773
62,2339_LeafPhotoA_2025-09-08 11_07_39.980-05_00_0.png,1.25,1.7933650225159161
63,2339_LeafPhotoA_2025-09-08 11_07_39.980-05_00_1.png,1.25,1.7147391239490213
64,2339_LeafPhotoA_2025-09-08 11_07_39.980-05_00_2.png,1.25,1.9076002562834284
65,2339_LeafPhotoA_2025-09-08 11_07_39.980-05_00_3.png,1.25,1.8578399023872376
77,1827_LeafPhotoA_2025-09-09 09_28_41.756-05_00_0.png,1.5,2.0398609495361995
78,1827_LeafPhotoA_2025-09-09 09_28_41.756-05_00_1.png,1.5,1.7441654684915608
79,1827_LeafPhotoA_2025-09-09 09_28_41.756-05_00_2.png,1.5,1.679081160627782
80,1827_LeafPhotoA_2025-09-09 09_28_41.756-05_00_3.png,1.5,1.7352360734058672
93,2675_LeafPhotoA_2025-09-09 11_09_07.955-05_00_0.png,2.0,1.802771447536275
94,2675_LeafPhotoA_2025-09-09 11_09_07.955-05_00_1.png,2.0,1.7523403039061913
95,2675_LeafPhotoA_2025-09-09 11_09_07.955-05_00_2.png,2.0,1.6408682924053712
96,1256_LeafPhotoA_2025-09-08 16_33_20.459-05_00_0.png,2.5,2.1664016817188045
97,1256_LeafPhotoA_2025-09-08 16_33_20.459-05_00_1.png,2.5,2.3425380469123467
98,1256_LeafPhotoA_2025-09-08 16_33_20.459-05_00_2.png,2.5,2.25936328293068
118,1150_LeafPhotoA_2025-09-08 10_48_11.571-05_00_0.png,1.75,2.3868745965667877
119,1150_LeafPhotoA_2025-09-08 10_48_11.571-05_00_1.png,1.75,2.37188806668961
120,1150_LeafPhotoA_2025-09-08 10_48_11.571-05_00_2.png,1.75,2.4543547614209618
121,1150_LeafPhotoA_2025-09-08 10_48_11.571-05_00_3.png,1.75,2.327308299711394
129,2616_LeafPhotoA_2025-09-09 12_03_18.288-05_00_0.png,2.0,2.3605963448343257
130,2616_LeafPhotoA_2025-09-09 12_03_18.288-05_00_1.png,2.0,2.266057815988083
131,2616_LeafPhotoA_2025-09-09 12_03_18.288-05_00_2.png,2.0,2.119827573606466
132,2616_LeafPhotoA_2025-09-09 12_03_18.288-05_00_3.png,2.0,2.2314553021086128
148,2445_LeafPhotoB_2025-09-08 11_21_12.225-05_00_0.png,1.5,1.674779168291505
149,2445_LeafPhotoB_2025-09-08 11_21_12.225-05_00_1.png,1.5,1.7602292551145118
150,2445_LeafPhotoB_2025-09-08 11_21_12.225-05_00_2.png,1.5,1.8401775525144581
151,2445_LeafPhotoB_2025-09-08 11_21_12.225-05_00_3.png,1.5,1.8449052142629696
171,2469_LeafPhotoB_2025-09-08 11_45_54.424-05_00_0.png,1.75,2.005980852455347
172,2469_LeafPhotoB_2025-09-08 11_45_54.424-05_00_1.png,1.75,2.0343656790325477
173,2469_LeafPhotoB_2025-09-08 11_45_54.424-05_00_2.png,1.75,1.9286734117920292
174,2469_LeafPhotoB_2025-09-08 11_45_54.424-05_00_3.png,1.75,1.9805592868805095
241,2637_LeafPhotoA_2025-09-09 11_40_45.027-05_00_0.png,1.25,2.156562570258364
242,2637_LeafPhotoA_2025-09-09 11_40_45.027-05_00_1.png,1.25,1.932464322359034
243,2637_LeafPhotoA_2025-09-09 11_40_45.027-05_00_2.png,1.25,1.7851476526166679
244,2637_LeafPhotoA_2025-09-09 11_40_45.027-05_00_3.png,1.25,1.946711032022189
245,2240_LeafPhotoA_2025-09-08 11_49_15.391-05_00_0.png,1.75,2.0451464112338384
246,2240_LeafPhotoA_2025-09-08 11_49_15.391-05_00_1.png,1.75,2.092793840519964
247,2240_LeafPhotoA_2025-09-08 11_49_15.391-05_00_2.png,1.75,1.9754346307059272
248,2240_LeafPhotoA_2025-09-08 11_49_15.391-05_00_3.png,1.75,1.825336913238605
253,2225_LeafPhotoA_2025-09-08 11_27_06.412-05_00_0.png,1.25,1.3339960393802444
254,2225_LeafPhotoA_2025-09-08 11_27_06.412-05_00_1.png,1.25,1.3999074383017753
255,2225_LeafPhotoA_2025-09-08 11_27_06.412-05_00_2.png,1.25,1.431608298152066
256,2225_LeafPhotoA_2025-09-08 11_27_06.412-05_00_3.png,1.25,1.4182415010774503
264,2177_LeafPhotoA_2025-09-09 12_21_22.406-05_00_0.png,1.5,2.1581487459183615
265,2177_LeafPhotoA_2025-09-09 12_21_22.406-05_00_1.png,1.5,2.2336253109246176
266,2177_LeafPhotoA_2025-09-09 12_21_22.406-05_00_2.png,1.5,2.0746807843966337
267,2177_LeafPhotoA_2025-09-09 12_21_22.406-05_00_3.png,1.5,1.9750268893688017
281,1830_LeafPhotoA_2025-09-09 09_33_52.287-05_00_0.png,2.0,2.0010614997505702
282,1830_LeafPhotoA_2025-09-09 09_33_52.287-05_00_1.png,2.0,1.9253677664193822
283,1830_LeafPhotoA_2025-09-09 09_33_52.287-05_00_2.png,2.0,1.9362891300400125
284,1830_LeafPhotoA_2025-09-09 09_33_52.287-05_00_3.png,2.0,1.931279947927407
297,2671_LeafPhotoA_2025-09-09 11_45_37.038-05_00_0.png,4.5,3.322375588991385
298,2671_LeafPhotoA_2025-09-09 11_45_37.038-05_00_1.png,4.5,3.68539211287777
299,2671_LeafPhotoA_2025-09-09 11_45_37.038-05_00_2.png,4.5,3.620248283184507
300,2671_LeafPhotoA_2025-09-09 11_45_37.038-05_00_3.png,4.5,3.4440594625317913
309,1085_LeafPhotoA_2025-09-09 10_58_08.346-05_00_0.png,2.0,2.081338668819838
310,1085_LeafPhotoA_2025-09-09 10_58_08.346-05_00_1.png,2.0,1.897979458596368
311,1085_LeafPhotoA_2025-09-09 10_58_08.346-05_00_2.png,2.0,1.7744176862466075
312,1085_LeafPhotoA_2025-09-09 10_58_08.346-05_00_3.png,2.0,1.6487669272377088
324,1090_LeafPhotoA_2025-09-09 11_01_46.837-05_00_0.png,2.0,2.37172014510875
325,1090_LeafPhotoA_2025-09-09 11_01_46.837-05_00_1.png,2.0,2.3116341195770502
326,1090_LeafPhotoA_2025-09-09 11_01_46.837-05_00_2.png,2.0,2.35369026396693
327,1090_LeafPhotoA_2025-09-09 11_01_46.837-05_00_3.png,2.0,2.4006216603931656
328,2539_LeafPhotoA_2025-09-09 10_38_11.553-05_00_0.png,1.5,1.673081398013213
329,2539_LeafPhotoA_2025-09-09 10_38_11.553-05_00_1.png,1.5,1.6356170035513586
330,2539_LeafPhotoA_2025-09-09 10_38_11.553-05_00_2.png,1.5,1.5353416470185426
331,2539_LeafPhotoA_2025-09-09 10_38_11.553-05_00_3.png,1.5,1.4742707444411542
344,2439_LeafPhotoB_2025-09-08 11_15_32.151-05_00_0.png,1.0,1.4664405079717204
345,2439_LeafPhotoB_2025-09-08 11_15_32.151-05_00_1.png,1.0,1.3870763577734733
346,2439_LeafPhotoB_2025-09-08 11_15_32.151-05_00_2.png,1.0,1.3666285189013885
347,2439_LeafPhotoB_2025-09-08 11_15_32.151-05_00_3.png,1.0,1.3205593472883657
360,1743_LeafPhotoA_2025-09-09 09_59_38.653-05_00_0.png,1.0,2.3079643429916707
361,1743_LeafPhotoA_2025-09-09 09_59_38.653-05_00_1.png,1.0,2.1248594780772825
362,1743_LeafPhotoA_2025-09-09 09_59_38.653-05_00_2.png,1.0,2.089596637793646
363,1743_LeafPhotoA_2025-09-09 09_59_38.653-05_00_3.png,1.0,1.9550602864238342
368,2076_LeafPhotoA_2025-09-08 12_11_50.135-05_00_0.png,1.25,1.7811344894181225
369,2076_LeafPhotoA_2025-09-08 12_11_50.135-05_00_1.png,1.25,1.919771482109703
370,2076_LeafPhotoA_2025-09-08 12_11_50.135-05_00_2.png,1.25,1.762995240698414
371,2076_LeafPhotoA_2025-09-08 12_11_50.135-05_00_3.png,1.25,1.6181060421642117
380,2570_LeafPhotoA_2025-09-09 10_49_34.407-05_00_0.png,2.75,1.7107485813724577
381,2570_LeafPhotoA_2025-09-09 10_49_34.407-05_00_1.png,2.75,1.7544109229827827
382,2570_LeafPhotoA_2025-09-09 10_49_34.407-05_00_2.png,2.75,1.7118637422747214
395,2262_LeafPhotoA_2025-09-08 12_34_41.227-05_00_0.png,1.5,1.9234862067609135
396,2262_LeafPhotoA_2025-09-08 12_34_41.227-05_00_1.png,1.5,1.7782216160333908
397,2262_LeafPhotoA_2025-09-08 12_34_41.227-05_00_2.png,1.5,1.7377240278453294
398,2262_LeafPhotoA_2025-09-08 12_34_41.227-05_00_3.png,1.5,1.7994052604548432
407,6042_LeafPhotoA_2025-09-09 16_06_35.024-05_00_0.png,1.25,1.7420548161714242
408,6042_LeafPhotoA_2025-09-09 16_06_35.024-05_00_1.png,1.25,1.682418345997076
409,6042_LeafPhotoA_2025-09-09 16_06_35.024-05_00_2.png,1.25,1.7649963712704122
410,6042_LeafPhotoA_2025-09-09 16_06_35.024-05_00_3.png,1.25,1.7879729941366582
422,1625_LeafPhotoA_2025-09-09 10_02_28.135-05_00_0.png,2.25,2.1798135121699143
423,1625_LeafPhotoA_2025-09-09 10_02_28.135-05_00_1.png,2.25,2.4368015757610024
424,1625_LeafPhotoA_2025-09-09 10_02_28.135-05_00_2.png,2.25,2.1420995369010085
425,1625_LeafPhotoA_2025-09-09 10_02_28.135-05_00_3.png,2.25,1.9648123341401555
444,2436_LeafPhotoB_2025-09-08 11_12_35.180-05_00_0.png,1.5,2.012404253650491
445,2436_LeafPhotoB_2025-09-08 11_12_35.180-05_00_1.png,1.5,1.708428365000155
446,2436_LeafPhotoB_2025-09-08 11_12_35.180-05_00_2.png,1.5,1.6055550748553251
447,2436_LeafPhotoB_2025-09-08 11_12_35.180-05_00_3.png,1.5,1.564324327094849
455,1203_LeafPhotoA_2025-09-08 09_19_50.867-05_00_0.png,2.25,2.1103790066008745
456,1203_LeafPhotoA_2025-09-08 09_19_50.867-05_00_1.png,2.25,2.243122380809226
457,1203_LeafPhotoA_2025-09-08 09_19_50.867-05_00_2.png,2.25,2.2559121607384567
458,1203_LeafPhotoA_2025-09-08 09_19_50.867-05_00_3.png,2.25,2.364155165692363
521,2062_LeafPhotoA_2025-09-08 11_56_16.610-05_00_0.png,1.25,1.9889623104028222
522,2062_LeafPhotoA_2025-09-08 11_56_16.610-05_00_1.png,1.25,1.9125318350259481
523,2062_LeafPhotoA_2025-09-08 11_56_16.610-05_00_2.png,1.25,1.5927070536733965
524,1347_LeafPhotoA_2025-09-08 10_15_29.541-05_00_0.png,1.75,1.561533725322076
525,1347_LeafPhotoA_2025-09-08 10_15_29.541-05_00_1.png,1.75,1.6070950383975977
526,1347_LeafPhotoA_2025-09-08 10_15_29.541-05_00_2.png,1.75,1.8009193385330904
527,1347_LeafPhotoA_2025-09-08 10_15_29.541-05_00_3.png,1.75,2.119996465360349
532,2639_LeafPhotoA_2025-09-09 11_37_01.257-05_00_0.png,1.25,1.6814901554239428
533,2639_LeafPhotoA_2025-09-09 11_37_01.257-05_00_1.png,1.25,1.5439314446625816
534,2639_LeafPhotoA_2025-09-09 11_37_01.257-05_00_2.png,1.25,1.5555198298473858
535,2639_LeafPhotoA_2025-09-09 11_37_01.257-05_00_3.png,1.25,1.5724923071397785
536,1301_LeafPhotoA_2025-09-08 10_20_24.380-05_00_0.png,1.5,1.5200525467166475
537,1301_LeafPhotoA_2025-09-08 10_20_24.380-05_00_1.png,1.5,1.6946645293198501
538,1301_LeafPhotoA_2025-09-08 10_20_24.380-05_00_2.png,1.5,1.731056030943922
539,1301_LeafPhotoA_2025-09-08 10_20_24.380-05_00_3.png,1.5,1.7560978125560058
614,1942_LeafPhotoA_2025-09-09 15_57_21.713-05_00_0.png,2.25,2.3285765832840646
615,1942_LeafPhotoA_2025-09-09 15_57_21.713-05_00_1.png,2.25,2.152775566248768
616,1942_LeafPhotoA_2025-09-09 15_57_21.713-05_00_2.png,2.25,2.0943637473221344
617,1942_LeafPhotoA_2025-09-09 15_57_21.713-05_00_3.png,2.25,2.0531062023282654
622,2311_LeafPhotoA_2025-09-08 10_40_04.548-05_00_0.png,1.5,1.580189779069024
623,2311_LeafPhotoA_2025-09-08 10_40_04.548-05_00_1.png,1.5,1.7610850604383037
624,2311_LeafPhotoA_2025-09-08 10_40_04.548-05_00_2.png,1.5,1.8086019792618686
625,2311_LeafPhotoA_2025-09-08 10_40_04.548-05_00_3.png,1.5,1.742270381349656
643,1142_LeafPhotoA_2025-09-08 10_37_21.587-05_00_0.png,1.0,1.7795353729115089
644,1142_LeafPhotoA_2025-09-08 10_37_21.587-05_00_1.png,1.0,1.786163816999779
645,1142_LeafPhotoA_2025-09-08 10_37_21.587-05_00_2.png,1.0,1.8451894364047763
646,1142_LeafPhotoA_2025-09-08 10_37_21.587-05_00_3.png,1.0,1.8511839350986994
651,1715_LeafPhotoA_2025-09-09 09_11_42.677-05_00_0.png,2.25,2.5289868328225897
652,1715_LeafPhotoA_2025-09-09 09_11_42.677-05_00_1.png,2.25,2.678569910289712
653,1715_LeafPhotoA_2025-09-09 09_11_42.677-05_00_2.png,2.25,2.649314409532676
654,1715_LeafPhotoA_2025-09-09 09_11_42.677-05_00_3.png,2.25,2.4807448366396465
702,1449_LeafPhotoB_2025-09-08 10_37_44.031-05_00_0.png,2.0,2.00275819643087
703,1449_LeafPhotoB_2025-09-08 10_37_44.031-05_00_1.png,2.0,2.1321771276149786
704,1449_LeafPhotoB_2025-09-08 10_37_44.031-05_00_2.png,2.0,1.9445470934388445
709,1269_LeafPhotoA_2025-09-08 16_17_52.960-05_00_0.png,2.25,1.7895328914399158
710,1269_LeafPhotoA_2025-09-08 16_17_52.960-05_00_1.png,2.25,2.0388120818138464
711,1269_LeafPhotoA_2025-09-08 16_17_52.960-05_00_2.png,2.25,2.160432900596672
712,1269_LeafPhotoA_2025-09-08 16_17_52.960-05_00_3.png,2.25,2.2520813389987624
717,,1.5,1.5821911819650185
718,,2.0,1.5821911819650185
731,1143_LeafPhotoA_2025-09-08 10_38_21.557-05_00_0.png,4.25,3.358463641751746
732,1143_LeafPhotoA_2025-09-08 10_38_21.557-05_00_1.png,4.25,3.476051177812819
733,2313_LeafPhotoA_2025-09-08 10_41_17.601-05_00_0.png,1.75,2.2823124983757013
734,2313_LeafPhotoA_2025-09-08 10_41_17.601-05_00_1.png,1.75,2.3333901939818755
735,2313_LeafPhotoA_2025-09-08 10_41_17.601-05_00_2.png,1.75,2.2932586889374793
736,2313_LeafPhotoA_2025-09-08 10_41_17.601-05_00_3.png,1.75,2.2196044529999157
749,1038_LeafPhotoA_2025-09-08 10_15_32.315-05_00_0.png,2.0,1.5753650903727328
750,1038_LeafPhotoA_2025-09-08 10_15_32.315-05_00_1.png,2.0,1.5850548865814778
751,1038_LeafPhotoA_2025-09-08 10_15_32.315-05_00_2.png,2.0,1.8860426863727948
752,1038_LeafPhotoA_2025-09-08 10_15_32.315-05_00_3.png,2.0,2.0907773859495844
756,1629_LeafPhotoA_2025-09-09 10_11_31.349-05_00_0.png,1.25,1.8784117400030937
757,1629_LeafPhotoA_2025-09-09 10_11_31.349-05_00_1.png,1.25,1.8691270485472686
758,1629_LeafPhotoA_2025-09-09 10_11_31.349-05_00_2.png,1.25,1.8154424345300193
759,1629_LeafPhotoA_2025-09-09 10_11_31.349-05_00_3.png,1.25,1.8106992916434916
769,2160_LeafPhotoA_2025-09-08 12_38_59.488-05_00_0.png,1.75,2.137610392849595
770,2160_LeafPhotoA_2025-09-08 12_38_59.488-05_00_1.png,1.75,2.3163794363034524
771,2160_LeafPhotoA_2025-09-08 12_38_59.488-05_00_2.png,1.75,2.3947340363173026
772,2160_LeafPhotoA_2025-09-08 12_38_59.488-05_00_3.png,1.75,2.340492832204882
792,1677_LeafPhotoA_2025-09-09 09_35_17.102-05_00_0.png,1.25,1.5869272540580206
793,1677_LeafPhotoA_2025-09-09 09_35_17.102-05_00_1.png,1.25,1.6610131006106352
794,1677_LeafPhotoA_2025-09-09 09_35_17.102-05_00_2.png,1.25,1.7156883114305708
795,1750_LeafPhotoA_2025-09-09 10_09_28.880-05_00_0.png,2.5,2.5962496449091845
796,1750_LeafPhotoA_2025-09-09 10_09_28.880-05_00_1.png,2.5,2.584902625466745
797,1750_LeafPhotoA_2025-09-09 10_09_28.880-05_00_2.png,2.5,2.376488542965033
798,1750_LeafPhotoA_2025-09-09 10_09_28.880-05_00_3.png,2.5,2.440150200406695
803,1123_LeafPhotoA_2025-09-08 10_09_09.535-05_00_0.png,1.5,1.7714481902860744
804,1123_LeafPhotoA_2025-09-08 10_09_09.535-05_00_1.png,1.5,1.7320813110003928
805,1123_LeafPhotoA_2025-09-08 10_09_09.535-05_00_2.png,1.5,1.826651101675831
806,1123_LeafPhotoA_2025-09-08 10_09_09.535-05_00_3.png,1.5,1.8764198028171526
823,2167_LeafPhotoA_2025-09-09 12_01_16.586-05_00_0.png,2.75,2.7595306073476444
824,2167_LeafPhotoA_2025-09-09 12_01_16.586-05_00_1.png,2.75,2.8303540999898136
825,2167_LeafPhotoA_2025-09-09 12_01_16.586-05_00_2.png,2.75,2.7460279081621
826,2167_LeafPhotoA_2025-09-09 12_01_16.586-05_00_3.png,2.75,2.672306895898539
855,1249_LeafPhotoA_2025-09-08 10_41_51.533-05_00_0.png,1.0,1.475707664869371
856,1249_LeafPhotoA_2025-09-08 10_41_51.533-05_00_1.png,1.0,1.4579952764893978
857,1249_LeafPhotoA_2025-09-08 10_41_51.533-05_00_2.png,1.0,1.6412589488751796
858,1249_LeafPhotoA_2025-09-08 10_41_51.533-05_00_3.png,1.0,1.7431249938061806
864,1907_LeafPhotoA_2025-09-09 14_42_36.286-05_00_0.png,1.5,1.7035035244360888
865,1907_LeafPhotoA_2025-09-09 14_42_36.286-05_00_1.png,1.5,1.839551621521969
866,1907_LeafPhotoA_2025-09-09 14_42_36.286-05_00_2.png,1.5,1.8513765928115888
867,1907_LeafPhotoA_2025-09-09 14_42_36.286-05_00_3.png,1.5,1.7718528566081515
878,5045_LeafPhotoA_2025-09-09 17_01_44.217-05_00_0.png,1.25,1.4386748286959332
879,5045_LeafPhotoA_2025-09-09 17_01_44.217-05_00_1.png,1.25,1.3816089933673137
880,5045_LeafPhotoA_2025-09-09 17_01_44.217-05_00_2.png,1.25,1.4111961314990038
881,5045_LeafPhotoA_2025-09-09 17_01_44.217-05_00_3.png,1.25,1.4688771435097612
882,1250_LeafPhotoA_2025-09-08 10_43_41.179-05_00_0.png,1.25,1.501844711827344
883,1250_LeafPhotoA_2025-09-08 10_43_41.179-05_00_1.png,1.25,1.4326137281003528
884,1250_LeafPhotoA_2025-09-08 10_43_41.179-05_00_2.png,1.25,1.3101081814064957
885,1250_LeafPhotoA_2025-09-08 10_43_41.179-05_00_3.png,1.25,1.3197533183660917
898,1256_LeafPhotoA_2025-09-08 16_32_47.764-05_00_0.png,3.0,2.1709116662303334
899,1256_LeafPhotoA_2025-09-08 16_32_47.764-05_00_1.png,3.0,2.4242039749546733
900,1256_LeafPhotoA_2025-09-08 16_32_47.764-05_00_2.png,3.0,2.703649776288487
905,2902_LeafPhotoA_2025-09-09 16_13_57.638-05_00_0.png,1.25,1.6793890851540199
906,2902_LeafPhotoA_2025-09-09 16_13_57.638-05_00_1.png,1.25,1.6957987204479943
915,2442_LeafPhotoB_2025-09-08 11_18_36.514-05_00_0.png,2.0,2.040244752445857
916,2442_LeafPhotoB_2025-09-08 11_18_36.514-05_00_1.png,2.0,2.3007298223523565
930,1026_LeafPhotoA_2025-09-08 10_01_59.080-05_00_0.png,1.75,1.884163300810601
931,1026_LeafPhotoA_2025-09-08 10_01_59.080-05_00_1.png,1.75,2.1555043144701993
932,1026_LeafPhotoA_2025-09-08 10_01_59.080-05_00_2.png,1.75,2.1397529474873496
933,1026_LeafPhotoA_2025-09-08 10_01_59.080-05_00_3.png,1.75,2.1610381715270472
941,2073_LeafPhotoA_2025-09-08 12_07_54.433-05_00_0.png,1.5,1.9535145966582357
942,2073_LeafPhotoA_2025-09-08 12_07_54.433-05_00_1.png,1.5,1.8188952588438614
943,2073_LeafPhotoA_2025-09-08 12_07_54.433-05_00_2.png,1.5,1.9431028229327847
944,2073_LeafPhotoA_2025-09-08 12_07_54.433-05_00_3.png,1.5,1.89285616387665
953,2760_LeafPhotoA_2025-09-09 16_19_13.921-05_00_0.png,1.25,1.6264187922258984
954,2760_LeafPhotoA_2025-09-09 16_19_13.921-05_00_1.png,1.25,1.5118842535589934
955,2760_LeafPhotoA_2025-09-09 16_19_13.921-05_00_2.png,1.25,1.468073612610837
967,2755_LeafPhotoA_2025-09-09 16_28_33.930-05_00_0.png,1.0,1.2986585196682185
968,2755_LeafPhotoA_2025-09-09 16_28_33.930-05_00_1.png,1.0,1.4180551869481468
969,2755_LeafPhotoA_2025-09-09 16_28_33.930-05_00_2.png,1.0,1.5567780983958426
970,2755_LeafPhotoA_2025-09-09 16_28_33.930-05_00_3.png,1.0,1.5305344347465937
1002,1217_LeafPhotoA_2025-09-08 09_53_36.339-05_00_0.png,1.5,1.3863798299734094
1003,1217_LeafPhotoA_2025-09-08 09_53_36.339-05_00_1.png,1.5,1.3722436099372644
1004,1217_LeafPhotoA_2025-09-08 09_53_36.339-05_00_2.png,1.5,1.4940853355665655
1005,1217_LeafPhotoA_2025-09-08 09_53_36.339-05_00_3.png,1.5,1.463723192494586
1014,2476_LeafPhotoB_2025-09-08 11_51_54.468-05_00_0.png,1.75,1.5239207392825933
1015,2476_LeafPhotoB_2025-09-08 11_51_54.468-05_00_1.png,1.75,1.6402748045593674
1016,2476_LeafPhotoB_2025-09-08 11_51_54.468-05_00_2.png,1.75,1.6655372248607307
1017,2476_LeafPhotoB_2025-09-08 11_51_54.468-05_00_3.png,1.75,1.9219103830466038
1018,1899_LeafPhotoA_2025-09-09 13_47_11.649-05_00_0.png,1.25,1.4244501484819787
1019,1899_LeafPhotoA_2025-09-09 13_47_11.649-05_00_1.png,1.25,1.3733901778664022
1020,1899_LeafPhotoA_2025-09-09 13_47_11.649-05_00_2.png,1.25,1.3948268584794448
1021,1899_LeafPhotoA_2025-09-09 13_47_11.649-05_00_3.png,1.25,1.3539036110692821
1022,1605_LeafPhotoA_2025-09-09 09_07_08.633-05_00_0.png,1.5,1.6016198661441872
1023,1605_LeafPhotoA_2025-09-09 09_07_08.633-05_00_1.png,1.5,1.6616538151605897
1024,1605_LeafPhotoA_2025-09-09 09_07_08.633-05_00_2.png,1.5,1.7451647530812964
1025,1605_LeafPhotoA_2025-09-09 09_07_08.633-05_00_3.png,1.5,1.8664156592099095
1030,2769_LeafPhotoA_2025-09-09 15_55_06.978-05_00_0.png,1.5,1.6627654296208525
1031,2769_LeafPhotoA_2025-09-09 15_55_06.978-05_00_1.png,1.5,1.6594771127914265
1032,2769_LeafPhotoA_2025-09-09 15_55_06.978-05_00_2.png,1.5,1.7397442521332094
1033,2769_LeafPhotoA_2025-09-09 15_55_06.978-05_00_3.png,1.5,1.8307587363482531
1051,2390_LeafPhotoA_2025-09-08 12_00_53.414-05_00_0.png,1.0,1.4907214711391013
1052,2390_LeafPhotoA_2025-09-08 12_00_53.414-05_00_1.png,1.0,1.5219420589944956
1053,2390_LeafPhotoA_2025-09-08 12_00_53.414-05_00_2.png,1.0,1.5031354050441947
1058,2441_LeafPhotoB_2025-09-08 11_17_12.000-05_00_0.png,2.0,2.0668507968975156
1059,2441_LeafPhotoB_2025-09-08 11_17_12.000-05_00_1.png,2.0,2.11184843832638
1060,2441_LeafPhotoB_2025-09-08 11_17_12.000-05_00_2.png,2.0,2.1996732820064135
1061,2441_LeafPhotoB_2025-09-08 11_17_12.000-05_00_3.png,2.0,2.5208993176465246
1081,2538_LeafPhotoA_2025-09-09 10_37_31.295-05_00_0.png,2.25,2.273839986986431
1082,2538_LeafPhotoA_2025-09-09 10_37_31.295-05_00_1.png,2.25,2.313478252035311
1083,2538_LeafPhotoA_2025-09-09 10_37_31.295-05_00_2.png,2.25,2.21803566823345
1084,2538_LeafPhotoA_2025-09-09 10_37_31.295-05_00_3.png,2.25,2.2684210144457584
1086,1008_LeafPhotoA_2025-09-08 09_38_43.510-05_00_0.png,1.0,1.5276060591240537
1087,1008_LeafPhotoA_2025-09-08 09_38_43.510-05_00_1.png,1.0,1.544283918842005
1088,1008_LeafPhotoA_2025-09-08 09_38_43.510-05_00_2.png,1.0,1.4145705553865753
1089,1008_LeafPhotoA_2025-09-08 09_38_43.510-05_00_3.png,1.0,1.348842509375621
1106,2975_LeafPhotoA_2025-09-09 16_24_07.497-05_00_0.png,1.75,2.225084775938767
1107,2975_LeafPhotoA_2025-09-09 16_24_07.497-05_00_1.png,1.75,2.0694898433636553
1108,2975_LeafPhotoA_2025-09-09 16_24_07.497-05_00_2.png,1.75,2.0821958338614333
1109,2975_LeafPhotoA_2025-09-09 16_24_07.497-05_00_3.png,1.75,2.0481439461582815
1110,1038_LeafPhotoA_2025-09-08 10_16_04.977-05_00_0.png,1.5,1.8385426195402244
1111,1038_LeafPhotoA_2025-09-08 10_16_04.977-05_00_1.png,1.5,1.8318181607412078
1112,1038_LeafPhotoA_2025-09-08 10_16_04.977-05_00_2.png,1.5,1.7758602419306277
1158,2089_LeafPhotoA_2025-09-08 12_26_16.331-05_00_0.png,2.0,2.0604280955153254
1159,2089_LeafPhotoA_2025-09-08 12_26_16.331-05_00_1.png,2.0,1.9429403443563655
1160,2089_LeafPhotoA_2025-09-08 12_26_16.331-05_00_2.png,2.0,1.8152795039860257
1161,1468_LeafPhotoB_2025-09-08 16_31_09.404-05_00_0.png,1.25,1.7187650151209173
1162,1468_LeafPhotoB_2025-09-08 16_31_09.404-05_00_1.png,1.25,1.7668458349893152
1163,1468_LeafPhotoB_2025-09-08 16_31_09.404-05_00_2.png,1.25,1.6444797522805816
1164,1468_LeafPhotoB_2025-09-08 16_31_09.404-05_00_3.png,1.25,1.710789132812066
1177,1145_LeafPhotoA_2025-09-08 10_41_37.289-05_00_0.png,1.5,2.0658359933477395
1178,1145_LeafPhotoA_2025-09-08 10_41_37.289-05_00_1.png,1.5,1.8850118698743554
1179,1145_LeafPhotoA_2025-09-08 10_41_37.289-05_00_2.png,1.5,1.7610838078048459
1180,1145_LeafPhotoA_2025-09-08 10_41_37.289-05_00_3.png,1.5,1.8393386323254393
1209,,1.0,1.5821911819650185
1210,6008_LeafPhotoA_2025-09-09 17_03_49.237-05_00_0.png,1.25,1.9126311004446401
1211,6008_LeafPhotoA_2025-09-09 17_03_49.237-05_00_1.png,1.25,1.979795449298025
1212,6008_LeafPhotoA_2025-09-09 17_03_49.237-05_00_2.png,1.25,1.9727685026706292
1213,6008_LeafPhotoA_2025-09-09 17_03_49.237-05_00_3.png,1.25,1.978881535159725
1233,2393_LeafPhotoA_2025-09-08 12_18_13.823-05_00_0.png,2.5,2.0732137254179754
1234,2393_LeafPhotoA_2025-09-08 12_18_13.823-05_00_1.png,2.5,2.054419590919808
1235,2393_LeafPhotoA_2025-09-08 12_18_13.823-05_00_2.png,2.5,2.0089845774065953
1236,2393_LeafPhotoA_2025-09-08 12_18_13.823-05_00_3.png,2.5,2.1956104410899657
1237,,2.25,1.5821911819650185
1257,1859_LeafPhotoA_2025-09-09 13_37_34.301-05_00_0.png,3.0,1.9226424757477767
1258,1859_LeafPhotoA_2025-09-09 13_37_34.301-05_00_1.png,3.0,1.7405215493772102
1259,1859_LeafPhotoA_2025-09-09 13_37_34.301-05_00_2.png,3.0,1.639756268005301
1260,1859_LeafPhotoA_2025-09-09 13_37_34.301-05_00_3.png,3.0,1.6316232565835644
1261,1810_LeafPhotoA_2025-09-09 09_05_30.894-05_00_0.png,4.25,3.22404457799521
1262,1810_LeafPhotoA_2025-09-09 09_05_30.894-05_00_1.png,4.25,3.3562358007127124
1263,1810_LeafPhotoA_2025-09-09 09_05_30.894-05_00_2.png,4.25,3.3149816810833617
1264,1810_LeafPhotoA_2025-09-09 09_05_30.894-05_00_3.png,4.25,3.0826277131706314
1277,2983_LeafPhotoA_2025-09-09 16_35_57.602-05_00_0.png,2.0,2.227439096535397
1278,2983_LeafPhotoA_2025-09-09 16_35_57.602-05_00_1.png,2.0,2.0608502363528594
1279,2983_LeafPhotoA_2025-09-09 16_35_57.602-05_00_2.png,2.0,2.1173253982389397
1280,2983_LeafPhotoA_2025-09-09 16_35_57.602-05_00_3.png,2.0,2.136160121971897
1308,2792_LeafPhotoA_2025-09-09 11_23_03.034-05_00_0.png,1.5,1.699475572985719
1309,2792_LeafPhotoA_2025-09-09 11_23_03.034-05_00_1.png,1.5,1.7279010174753306
1310,2792_LeafPhotoA_2025-09-09 11_23_03.034-05_00_2.png,1.5,1.627989589144567
1311,2792_LeafPhotoA_2025-09-09 11_23_03.034-05_00_3.png,1.5,1.6517958713516216
1312,6029_LeafPhotoA_2025-09-09 16_30_34.819-05_00_0.png,2.0,2.2286019653210762
1313,6029_LeafPhotoA_2025-09-09 16_30_34.819-05_00_1.png,2.0,1.844724990546574
1314,6029_LeafPhotoA_2025-09-09 16_30_34.819-05_00_2.png,2.0,1.745354126224277
1315,6029_LeafPhotoA_2025-09-09 16_30_34.819-05_00_3.png,2.0,1.8506673352165441
1356,2082_LeafPhotoA_2025-09-08 12_18_18.860-05_00_0.png,1.0,1.6555590515865262
1357,2082_LeafPhotoA_2025-09-08 12_18_18.860-05_00_1.png,1.0,1.571061395678569
1358,2082_LeafPhotoA_2025-09-08 12_18_18.860-05_00_2.png,1.0,1.612695971445027
1359,2082_LeafPhotoA_2025-09-08 12_18_18.860-05_00_3.png,1.0,1.5854976628602302
1360,1868_LeafPhotoA_2025-09-09 13_29_01.704-05_00_0.png,1.25,1.6322863758000894
1361,1868_LeafPhotoA_2025-09-09 13_29_01.704-05_00_1.png,1.25,1.7253417065363899
1362,1868_LeafPhotoA_2025-09-09 13_29_01.704-05_00_2.png,1.25,1.68445263356462
1363,1868_LeafPhotoA_2025-09-09 13_29_01.704-05_00_3.png,1.25,1.55806134962362
1364,1561_LeafPhotoA_2025-09-09 10_12_13.903-05_00_0.png,1.25,1.6742796963998217
1365,1561_LeafPhotoA_2025-09-09 10_12_13.903-05_00_1.png,1.25,1.6157145695976598
1366,1561_LeafPhotoA_2025-09-09 10_12_13.903-05_00_2.png,1.25,1.5128611496150788
1367,2902_LeafPhotoA_2025-09-09 16_14_17.420-05_00_0.png,1.5,1.4645624930839714
1368,2902_LeafPhotoA_2025-09-09 16_14_17.420-05_00_1.png,1.5,1.5377759737333332
1369,2902_LeafPhotoA_2025-09-09 16_14_17.420-05_00_2.png,1.5,1.6259974054274442
1370,2902_LeafPhotoA_2025-09-09 16_14_17.420-05_00_3.png,1.5,1.8245731147077882
1380,2088_LeafPhotoA_2025-09-08 12_25_17.092-05_00_0.png,2.5,2.286186242601031
1381,2088_LeafPhotoA_2025-09-08 12_25_17.092-05_00_1.png,2.5,1.842207608029598
1382,2088_LeafPhotoA_2025-09-08 12_25_17.092-05_00_2.png,2.5,1.9445939205649447
1391,1978_LeafPhotoA_2025-09-09 16_46_20.867-05_00_0.png,1.0,1.360134392321215
1392,1978_LeafPhotoA_2025-09-09 16_46_20.867-05_00_1.png,1.0,1.3907424629799698
1393,1978_LeafPhotoA_2025-09-09 16_46_20.867-05_00_2.png,1.0,1.4381752377376769
1394,1978_LeafPhotoA_2025-09-09 16_46_20.867-05_00_3.png,1.0,1.5527476542943974
1395,2520_LeafPhotoA_2025-09-09 10_17_04.786-05_00_0.png,1.0,1.7363361600586564
1396,2520_LeafPhotoA_2025-09-09 10_17_04.786-05_00_1.png,1.0,1.7878044499078405
1397,2520_LeafPhotoA_2025-09-09 10_17_04.786-05_00_2.png,1.0,1.699710410009184
1398,2520_LeafPhotoA_2025-09-09 10_17_04.786-05_00_3.png,1.0,1.8048572557513767
1439,1203_LeafPhotoA_2025-09-08 09_17_50.777-05_00_0.png,2.0,1.892203681466453
1440,1203_LeafPhotoA_2025-09-08 09_17_50.777-05_00_1.png,2.0,1.8747322182313826
1441,1203_LeafPhotoA_2025-09-08 09_17_50.777-05_00_2.png,2.0,1.8629595239198675
1442,1203_LeafPhotoA_2025-09-08 09_17_50.777-05_00_3.png,2.0,2.044792884545468
1455,2293_LeafPhotoA_2025-09-08 16_47_21.144-05_00_0.png,1.25,1.4472901113750674
1456,2293_LeafPhotoA_2025-09-08 16_47_21.144-05_00_1.png,1.25,1.506632590187
1457,2293_LeafPhotoA_2025-09-08 16_47_21.144-05_00_2.png,1.25,1.5324042417488022
1458,2293_LeafPhotoA_2025-09-08 16_47_21.144-05_00_3.png,1.25,1.6809479011378219
1485,1212_LeafPhotoA_2025-09-08 09_42_54.332-05_00_0.png,2.25,1.8352893671918664
1486,1212_LeafPhotoA_2025-09-08 09_42_54.332-05_00_1.png,2.25,2.01955063219831
1487,1212_LeafPhotoA_2025-09-08 09_42_54.332-05_00_2.png,2.25,2.093479375789275
1488,1212_LeafPhotoA_2025-09-08 09_42_54.332-05_00_3.png,2.25,2.0363825400847197
1493,1666_LeafPhotoA_2025-09-09 09_55_47.332-05_00_0.png,1.25,1.6242135858892448
1494,1666_LeafPhotoA_2025-09-09 09_55_47.332-05_00_1.png,1.25,1.6514198125736899
1495,1666_LeafPhotoA_2025-09-09 09_55_47.332-05_00_2.png,1.25,1.782623078827403
1496,1666_LeafPhotoA_2025-09-09 09_55_47.332-05_00_3.png,1.25,1.785289988176601
1498,2758_LeafPhotoA_2025-09-09 16_22_09.492-05_00_0.png,1.25,1.6589163309788568
1499,2758_LeafPhotoA_2025-09-09 16_22_09.492-05_00_1.png,1.25,1.6701406542736488
1500,2758_LeafPhotoA_2025-09-09 16_22_09.492-05_00_2.png,1.25,1.74489744217314
1501,2758_LeafPhotoA_2025-09-09 16_22_09.492-05_00_3.png,1.25,1.7698637271620168
1513,1652_LeafPhotoA_2025-09-09 10_20_27.938-05_00_0.png,1.25,1.4220241705372814
1514,1652_LeafPhotoA_2025-09-09 10_20_27.938-05_00_1.png,1.25,1.4749680829025957
1515,1652_LeafPhotoA_2025-09-09 10_20_27.938-05_00_2.png,1.25,1.5920301679704125
1520,2446_LeafPhotoB_2025-09-08 11_21_40.834-05_00_0.png,3.0,1.756339299898052
1521,2446_LeafPhotoB_2025-09-08 11_21_40.834-05_00_1.png,3.0,1.9044041134250598
1522,2446_LeafPhotoB_2025-09-08 11_21_40.834-05_00_2.png,3.0,1.9439301551548183
1523,2446_LeafPhotoB_2025-09-08 11_21_40.834-05_00_3.png,3.0,2.0416873864305436
1547,2177_LeafPhotoA_2025-09-09 12_21_32.834-05_00_0.png,3.0,2.6058013308957375
1548,2177_LeafPhotoA_2025-09-09 12_21_32.834-05_00_1.png,3.0,2.739559034029318
1549,2177_LeafPhotoA_2025-09-09 12_21_32.834-05_00_2.png,3.0,2.792935597322946
1550,2177_LeafPhotoA_2025-09-09 12_21_32.834-05_00_3.png,3.0,2.6903394888739665
1556,2515_LeafPhotoA_2025-09-09 10_13_03.695-05_00_0.png,1.25,1.6891822403428074
1557,2515_LeafPhotoA_2025-09-09 10_13_03.695-05_00_1.png,1.25,1.6704586117491251
1558,2515_LeafPhotoA_2025-09-09 10_13_03.695-05_00_2.png,1.25,1.5409921262504584
1559,2515_LeafPhotoA_2025-09-09 10_13_03.695-05_00_3.png,1.25,1.4202870440210813
1577,1051_LeafPhotoA_2025-09-08 12_42_13.116-05_00_0.png,1.25,1.465740255500971
1578,1051_LeafPhotoA_2025-09-08 12_42_13.116-05_00_1.png,1.25,1.4130365465234362
1579,1051_LeafPhotoA_2025-09-08 12_42_13.116-05_00_2.png,1.25,1.556224348764089
1580,1051_LeafPhotoA_2025-09-08 12_42_13.116-05_00_3.png,1.25,1.5476317000543858
1590,2093_LeafPhotoA_2025-09-08 12_29_42.069-05_00_0.png,2.0,2.0208974232789076
1591,2093_LeafPhotoA_2025-09-08 12_29_42.069-05_00_1.png,2.0,1.920314718692043
1592,2093_LeafPhotoA_2025-09-08 12_29_42.069-05_00_2.png,2.0,2.0114878862215355
1593,2093_LeafPhotoA_2025-09-08 12_29_42.069-05_00_3.png,2.0,2.0318550331435654
1599,2637_LeafPhotoA_2025-09-09 11_40_07.094-05_00_0.png,1.5,1.7859668331150156
1600,2637_LeafPhotoA_2025-09-09 11_40_07.094-05_00_1.png,1.5,1.6657303841709434
1601,2637_LeafPhotoA_2025-09-09 11_40_07.094-05_00_2.png,1.5,1.4977635537514595
1602,2637_LeafPhotoA_2025-09-09 11_40_07.094-05_00_3.png,1.5,1.5724982282012678
1627,,1.5,1.5821911819650185
1655,2346_LeafPhotoA_2025-09-08 11_14_15.994-05_00_0.png,1.25,1.6870252983627356
1656,2346_LeafPhotoA_2025-09-08 11_14_15.994-05_00_1.png,1.25,1.5979878574230957
1657,2346_LeafPhotoA_2025-09-08 11_14_15.994-05_00_2.png,1.25,1.6728945984530716
1658,2346_LeafPhotoA_2025-09-08 11_14_15.994-05_00_3.png,1.25,1.4997327541175514
1663,2463_LeafPhotoB_2025-09-08 11_41_05.461-05_00_0.png,2.0,2.031816938260665
1664,2463_LeafPhotoB_2025-09-08 11_41_05.461-05_00_1.png,2.0,2.091074253728835
1665,2463_LeafPhotoB_2025-09-08 11_41_05.461-05_00_2.png,2.0,1.9350940210742231
1666,2463_LeafPhotoB_2025-09-08 11_41_05.461-05_00_3.png,2.0,1.8059942697629066
1673,1355_LeafPhotoA_2025-09-08 12_32_02.036-05_00_0.png,2.0,2.2524551390060505
1708,1905_LeafPhotoA_2025-09-09 14_39_48.802-05_00_0.png,1.5,1.38471479635265
1709,1905_LeafPhotoA_2025-09-09 14_39_48.802-05_00_1.png,1.5,1.489513996782693
1736,2689_LeafPhotoA_2025-09-09 10_43_51.800-05_00_0.png,1.25,1.8057541482425394
1737,2689_LeafPhotoA_2025-09-09 10_43_51.800-05_00_1.png,1.25,1.7714063084922558
1738,2689_LeafPhotoA_2025-09-09 10_43_51.800-05_00_2.png,1.25,1.657532150965756
1751,1065_LeafPhotoA_2025-09-08 12_57_07.532-05_00_0.png,1.25,1.4896104431398047
1752,1065_LeafPhotoA_2025-09-08 12_57_07.532-05_00_1.png,1.25,1.4693456318470837
1753,1065_LeafPhotoA_2025-09-08 12_57_07.532-05_00_2.png,1.25,1.4763838776059892
1754,1065_LeafPhotoA_2025-09-08 12_57_07.532-05_00_3.png,1.25,1.4943932708172127
1796,2527_LeafPhotoA_2025-09-09 10_24_54.172-05_00_0.png,1.5,1.8819913540460649
1797,2527_LeafPhotoA_2025-09-09 10_24_54.172-05_00_1.png,1.5,1.7146552211763157
1798,2527_LeafPhotoA_2025-09-09 10_24_54.172-05_00_2.png,1.5,1.6414523167294286
1799,2527_LeafPhotoA_2025-09-09 10_24_54.172-05_00_3.png,1.5,1.690544443481678
1800,1408_LeafPhotoB_2025-09-08 10_02_06.407-05_00_0.png,1.5,1.6203680591612335
1801,1408_LeafPhotoB_2025-09-08 10_02_06.407-05_00_1.png,1.5,1.6083423202775464
1802,1408_LeafPhotoB_2025-09-08 10_02_06.407-05_00_2.png,1.5,1.5599869973319807
1803,1408_LeafPhotoB_2025-09-08 10_02_06.407-05_00_3.png,1.5,1.6034617265393925
1804,1332_LeafPhotoA_2025-09-08 10_00_19.909-05_00_0.png,2.0,1.996685134077897
1805,1332_LeafPhotoA_2025-09-08 10_00_19.909-05_00_1.png,2.0,1.9075500179081104
1806,1332_LeafPhotoA_2025-09-08 10_00_19.909-05_00_2.png,2.0,1.8812273875129448
1807,1332_LeafPhotoA_2025-09-08 10_00_19.909-05_00_3.png,2.0,2.017487742144768
1891,2129_LeafPhotoA_2025-09-08 11_46_50.494-05_00_0.png,1.75,1.7547528363999776
1892,2129_LeafPhotoA_2025-09-08 11_46_50.494-05_00_1.png,1.75,1.923133950643117
1914,2271_LeafPhotoA_2025-09-08 17_12_04.853-05_00_0.png,2.25,2.3602397237990536
1915,2271_LeafPhotoA_2025-09-08 17_12_04.853-05_00_1.png,2.25,2.1538790281933298
1969,1521_LeafPhotoA_2025-09-09 09_17_54.205-05_00_0.png,2.25,2.556684970802173
1970,1521_LeafPhotoA_2025-09-09 09_17_54.205-05_00_1.png,2.25,2.4896481159677673
1971,1521_LeafPhotoA_2025-09-09 09_17_54.205-05_00_2.png,2.25,2.3893821574855116
1972,1521_LeafPhotoA_2025-09-09 09_17_54.205-05_00_3.png,2.25,2.1674171601961842
1973,1216_LeafPhotoA_2025-09-08 09_51_18.258-05_00_0.png,1.5,1.8639009527033437
1974,1216_LeafPhotoA_2025-09-08 09_51_18.258-05_00_1.png,1.5,1.853872071103506
1975,1216_LeafPhotoA_2025-09-08 09_51_18.258-05_00_2.png,1.5,1.9573123283946978
1976,1216_LeafPhotoA_2025-09-08 09_51_18.258-05_00_3.png,1.5,1.8977669578027418
2012,2469_LeafPhotoB_2025-09-08 11_46_21.698-05_00_0.png,1.5,1.6456452059453683
2013,2469_LeafPhotoB_2025-09-08 11_46_21.698-05_00_1.png,1.5,1.6088452994280087
2014,2469_LeafPhotoB_2025-09-08 11_46_21.698-05_00_2.png,1.5,1.6316370191072687
2015,2469_LeafPhotoB_2025-09-08 11_46_21.698-05_00_3.png,1.5,1.6606423712864733
2046,1317_LeafPhotoA_2025-09-08 09_35_24.203-05_00_0.png,3.0,2.0893576880112175
2047,1317_LeafPhotoA_2025-09-08 09_35_24.203-05_00_1.png,3.0,2.2221793059720225
2048,1317_LeafPhotoA_2025-09-08 09_35_24.203-05_00_2.png,3.0,2.219301427384536
2049,1317_LeafPhotoA_2025-09-08 09_35_24.203-05_00_3.png,3.0,2.37834598223951
2071,2792_LeafPhotoA_2025-09-09 11_21_24.578-05_00_0.png,1.25,1.575960245634031
2072,2792_LeafPhotoA_2025-09-09 11_21_24.578-05_00_1.png,1.25,1.4925394624684856
2073,2792_LeafPhotoA_2025-09-09 11_21_24.578-05_00_2.png,1.25,1.6068759319791501
2074,2792_LeafPhotoA_2025-09-09 11_21_24.578-05_00_3.png,1.25,1.699471322723705
2118,1492_LeafPhotoB_2025-09-08 16_56_04.972-05_00_0.png,1.5,1.3591109568764252
2119,1492_LeafPhotoB_2025-09-08 16_56_04.972-05_00_1.png,1.5,1.3950358515457915
2120,1492_LeafPhotoB_2025-09-08 16_56_04.972-05_00_2.png,1.5,1.5145350623600786
2121,1492_LeafPhotoB_2025-09-08 16_56_04.972-05_00_3.png,1.5,1.6516732481498237
2122,1438_LeafPhotoB_2025-09-08 10_28_46.756-05_00_0.png,2.5,2.0828397433615375
2123,1438_LeafPhotoB_2025-09-08 10_28_46.756-05_00_1.png,2.5,2.275069456742142
2124,1438_LeafPhotoB_2025-09-08 10_28_46.756-05_00_2.png,2.5,2.0971578430840947
2133,2268_LeafPhotoA_2025-09-08 17_14_58.767-05_00_0.png,2.0,2.5938599203285837
2145,1626_LeafPhotoA_2025-09-09 10_03_50.260-05_00_0.png,1.5,2.08988871667548
2146,1626_LeafPhotoA_2025-09-09 10_03_50.260-05_00_1.png,1.5,1.819048307936149
2147,1626_LeafPhotoA_2025-09-09 10_03_50.260-05_00_2.png,1.5,1.7279766516807917
2148,1626_LeafPhotoA_2025-09-09 10_03_50.260-05_00_3.png,1.5,2.0914152250250724
2157,1301_LeafPhotoA_2025-09-08 10_19_50.410-05_00_0.png,1.5,1.628489084356368
2158,1301_LeafPhotoA_2025-09-08 10_19_50.410-05_00_1.png,1.5,1.748860631366666
2159,1301_LeafPhotoA_2025-09-08 10_19_50.410-05_00_2.png,1.5,1.8127573153822538
2160,1301_LeafPhotoA_2025-09-08 10_19_50.410-05_00_3.png,1.5,1.9156557744250386
2161,2325_LeafPhotoA_2025-09-08 10_52_52.963-05_00_0.png,1.0,1.7173158231651593
2162,2325_LeafPhotoA_2025-09-08 10_52_52.963-05_00_1.png,1.0,1.6620571465213505
2163,2325_LeafPhotoA_2025-09-08 10_52_52.963-05_00_2.png,1.0,1.5393485587635407
2164,2325_LeafPhotoA_2025-09-08 10_52_52.963-05_00_3.png,1.0,1.5063122034148686
2189,1236_LeafPhotoA_2025-09-08 10_23_03.516-05_00_0.png,1.5,1.6082817927109119
2190,1236_LeafPhotoA_2025-09-08 10_23_03.516-05_00_1.png,1.5,1.4480016916938836
2191,1236_LeafPhotoA_2025-09-08 10_23_03.516-05_00_2.png,1.5,1.4189462693322874
2192,1236_LeafPhotoA_2025-09-08 10_23_03.516-05_00_3.png,1.5,1.5800528773020053
2243,2903_LeafPhotoA_2025-09-09 16_19_58.490-05_00_0.png,3.0,2.229377796306614
2244,2903_LeafPhotoA_2025-09-09 16_19_58.490-05_00_1.png,3.0,2.392690843638055
2245,2903_LeafPhotoA_2025-09-09 16_19_58.490-05_00_2.png,3.0,2.338436052841155
2246,2903_LeafPhotoA_2025-09-09 16_19_58.490-05_00_3.png,3.0,2.125227874125093
2262,,1.25,1.5821911819650185
2267,,1.0,1.5821911819650185
2302,2436_LeafPhotoB_2025-09-08 11_12_52.698-05_00_0.png,1.5,1.6619872108227505
2303,2436_LeafPhotoB_2025-09-08 11_12_52.698-05_00_1.png,1.5,1.7351850677608107
2304,2436_LeafPhotoB_2025-09-08 11_12_52.698-05_00_2.png,1.5,1.7269214270368025
2305,2436_LeafPhotoB_2025-09-08 11_12_52.698-05_00_3.png,1.5,1.7642315382214644
2397,2941_LeafPhotoA_2025-09-09 16_28_44.280-05_00_0.png,1.25,1.6099012171165918
2398,2941_LeafPhotoA_2025-09-09 16_28_44.280-05_00_1.png,1.25,1.5886904844180294
2399,2941_LeafPhotoA_2025-09-09 16_28_44.280-05_00_2.png,1.25,1.565754134689701
2400,2941_LeafPhotoA_2025-09-09 16_28_44.280-05_00_3.png,1.25,1.5456090385993764
2420,2002_LeafPhotoA_2025-09-08 10_34_47.962-05_00_0.png,3.25,2.5362602560126346
2421,2002_LeafPhotoA_2025-09-08 10_34_47.962-05_00_1.png,3.25,2.490400666038522
2422,2002_LeafPhotoA_2025-09-08 10_34_47.962-05_00_2.png,3.25,2.0522119331087647
2423,2002_LeafPhotoA_2025-09-08 10_34_47.962-05_00_3.png,3.25,1.6867515202429535
2428,1969_LeafPhotoA_2025-09-09 17_07_30.768-05_00_0.png,1.5,1.8115263128106955
2429,1969_LeafPhotoA_2025-09-09 17_07_30.768-05_00_1.png,1.5,1.7522769739317507
2430,1969_LeafPhotoA_2025-09-09 17_07_30.768-05_00_2.png,1.5,1.7399122277723893
2431,1969_LeafPhotoA_2025-09-09 17_07_30.768-05_00_3.png,1.5,1.6274474434059985
2438,2536_LeafPhotoA_2025-09-09 10_35_28.301-05_00_0.png,1.75,2.0555996167158956
2439,2536_LeafPhotoA_2025-09-09 10_35_28.301-05_00_1.png,1.75,1.8010234127515725
2440,2536_LeafPhotoA_2025-09-09 10_35_28.301-05_00_2.png,1.75,1.736478938860578
2441,2536_LeafPhotoA_2025-09-09 10_35_28.301-05_00_3.png,1.75,1.7294164261601643
2483,1247_LeafPhotoA_2025-09-08 10_38_45.722-05_00_0.png,2.0,2.107094937474861
2484,1247_LeafPhotoA_2025-09-08 10_38_45.722-05_00_1.png,2.0,2.1375677303110536
2485,1247_LeafPhotoA_2025-09-08 10_38_45.722-05_00_2.png,2.0,2.14023706253354
2494,2370_LeafPhotoA_2025-09-08 11_38_56.854-05_00_0.png,2.25,1.8536012713206986
2495,2370_LeafPhotoA_2025-09-08 11_38_56.854-05_00_1.png,2.25,2.043675684545073
2496,2370_LeafPhotoA_2025-09-08 11_38_56.854-05_00_2.png,2.25,2.0453382867428203
2497,2370_LeafPhotoA_2025-09-08 11_38_56.854-05_00_3.png,2.25,2.118038284676336
2516,1719_LeafPhotoA_2025-09-09 09_17_16.298-05_00_0.png,3.25,3.4698094950285356
2517,1719_LeafPhotoA_2025-09-09 09_17_16.298-05_00_1.png,3.25,3.3480758306746368
2518,1719_LeafPhotoA_2025-09-09 09_17_16.298-05_00_2.png,3.25,3.057687888394338
2519,1971_LeafPhotoA_2025-09-09 17_00_57.416-05_00_0.png,2.25,1.9152959099696942
2520,1971_LeafPhotoA_2025-09-09 17_00_57.416-05_00_1.png,2.25,1.8693665886849515
2521,1971_LeafPhotoA_2025-09-09 17_00_57.416-05_00_2.png,2.25,1.7503927447909537
2522,1971_LeafPhotoA_2025-09-09 17_00_57.416-05_00_3.png,2.25,1.6594730695659377
2542,2671_LeafPhotoA_2025-09-09 11_45_10.930-05_00_0.png,3.75,2.693842907455351
2543,2671_LeafPhotoA_2025-09-09 11_45_10.930-05_00_1.png,3.75,3.0269577255913447
2544,2671_LeafPhotoA_2025-09-09 11_45_10.930-05_00_2.png,3.75,3.1849961503991473
2545,2671_LeafPhotoA_2025-09-09 11_45_10.930-05_00_3.png,3.75,3.18174173084075
2551,1156_LeafPhotoA_2025-09-08 16_52_15.162-05_00_0.png,1.75,2.0365215044270544
2552,1156_LeafPhotoA_2025-09-08 16_52_15.162-05_00_1.png,1.75,1.9751907572870309
2553,1156_LeafPhotoA_2025-09-08 16_52_15.162-05_00_2.png,1.75,1.8191944558494473
2554,1156_LeafPhotoA_2025-09-08 16_52_15.162-05_00_3.png,1.75,1.7816885050565496
2559,1073_LeafPhotoA_2025-09-08 13_06_10.190-05_00_0.png,2.25,2.31514020709575
2560,1073_LeafPhotoA_2025-09-08 13_06_10.190-05_00_1.png,2.25,2.391377462005497
2561,1073_LeafPhotoA_2025-09-08 13_06_10.190-05_00_2.png,2.25,2.51676098032031
2562,1073_LeafPhotoA_2025-09-08 13_06_10.190-05_00_3.png,2.25,2.588634977290779
2567,2672_LeafPhotoA_2025-09-09 11_46_40.643-05_00_0.png,2.0,2.3568987559621735
2568,2672_LeafPhotoA_2025-09-09 11_46_40.643-05_00_1.png,2.0,2.4141614119642587
2569,2672_LeafPhotoA_2025-09-09 11_46_40.643-05_00_2.png,2.0,2.3850742466530606
2570,2672_LeafPhotoA_2025-09-09 11_46_40.643-05_00_3.png,2.0,2.198519361737498
2576,1661_LeafPhotoA_2025-09-09 10_07_18.041-05_00_0.png,2.0,2.162040058042982
2577,1661_LeafPhotoA_2025-09-09 10_07_18.041-05_00_1.png,2.0,2.190641634055553
2578,1661_LeafPhotoA_2025-09-09 10_07_18.041-05_00_2.png,2.0,2.1004265820568393
2579,2902_LeafPhotoA_2025-09-09 16_15_16.673-05_00_0.png,1.25,1.4326568663668848
2580,2902_LeafPhotoA_2025-09-09 16_15_16.673-05_00_1.png,1.25,1.4482333446822246
2581,2902_LeafPhotoA_2025-09-09 16_15_16.673-05_00_2.png,1.25,1.375942719679272
2582,2902_LeafPhotoA_2025-09-09 16_15_16.673-05_00_3.png,1.25,1.4244368070923321
2593,2259_LeafPhotoA_2025-09-08 12_30_29.796-05_00_0.png,1.25,1.6502299473120519
2594,2259_LeafPhotoA_2025-09-08 12_30_29.796-05_00_1.png,1.25,1.7014733713756796
2595,2259_LeafPhotoA_2025-09-08 12_30_29.796-05_00_2.png,1.25,1.7007886090947244
2596,2259_LeafPhotoA_2025-09-08 12_30_29.796-05_00_3.png,1.25,1.5399347765627143
2605,1004_LeafPhotoA_2025-09-08 09_23_15.296-05_00_0.png,1.5,1.8443577390585413
2606,1004_LeafPhotoA_2025-09-08 09_23_15.296-05_00_1.png,1.5,1.7868962779150355
2607,1004_LeafPhotoA_2025-09-08 09_23_15.296-05_00_2.png,1.5,1.7105656256717359
2608,1004_LeafPhotoA_2025-09-08 09_23_15.296-05_00_3.png,1.5,1.6965781318180335
2638,2196_LeafPhotoA_2025-09-08 17_09_05.011-05_00_0.png,2.25,2.3886745633967004
2639,2196_LeafPhotoA_2025-09-08 17_09_05.011-05_00_1.png,2.25,2.3397756983607527
2640,2196_LeafPhotoA_2025-09-08 17_09_05.011-05_00_2.png,2.25,2.1779643615731312
2641,2196_LeafPhotoA_2025-09-08 17_09_05.011-05_00_3.png,2.25,2.0138760034000307
2642,1573_LeafPhotoA_2025-09-09 09_54_35.196-05_00_0.png,2.5,2.1980879525772825
2643,1573_LeafPhotoA_2025-09-09 09_54_35.196-05_00_1.png,2.5,2.762216533379276
2644,1573_LeafPhotoA_2025-09-09 09_54_35.196-05_00_2.png,2.5,2.7525310559310303
2645,1573_LeafPhotoA_2025-09-09 09_54_35.196-05_00_3.png,2.5,2.151362142706849
2650,2860_LeafPhotoA_2025-09-09 14_56_33.247-05_00_0.png,1.25,1.4414626162437805
2651,2860_LeafPhotoA_2025-09-09 14_56_33.247-05_00_1.png,1.25,1.6468901873772837
2652,2860_LeafPhotoA_2025-09-09 14_56_33.247-05_00_2.png,1.25,1.6136519556080327
2653,2860_LeafPhotoA_2025-09-09 14_56_33.247-05_00_3.png,1.25,1.6330544439610204
2654,1530_LeafPhotoA_2025-09-09 09_28_13.536-05_00_0.png,2.25,2.4153006897495475
2655,1530_LeafPhotoA_2025-09-09 09_28_13.536-05_00_1.png,2.25,1.867765646003142
2656,1530_LeafPhotoA_2025-09-09 09_28_13.536-05_00_2.png,2.25,1.8704428700787294
2657,1530_LeafPhotoA_2025-09-09 09_28_13.536-05_00_3.png,2.25,1.9296846387670217
2658,2690_LeafPhotoA_2025-09-09 10_42_26.059-05_00_0.png,1.5,1.7636987210899264
2659,2690_LeafPhotoA_2025-09-09 10_42_26.059-05_00_1.png,1.5,1.778845561298758
2660,2690_LeafPhotoA_2025-09-09 10_42_26.059-05_00_2.png,1.5,1.7348598185091273
2661,2690_LeafPhotoA_2025-09-09 10_42_26.059-05_00_3.png,1.5,1.8130585088997808
2680,1994_LeafPhotoA_2025-09-09 16_07_18.609-05_00_0.png,1.75,1.952766938146026
2681,1994_LeafPhotoA_2025-09-09 16_07_18.609-05_00_1.png,1.75,1.9591156979227586
2682,1994_LeafPhotoA_2025-09-09 16_07_18.609-05_00_2.png,1.75,1.812854837125434
2695,2062_LeafPhotoA_2025-09-08 11_56_29.638-05_00_0.png,1.5,1.583529888946514
2696,2062_LeafPhotoA_2025-09-08 11_56_29.638-05_00_1.png,1.5,1.4384781370388842
2697,2062_LeafPhotoA_2025-09-08 11_56_29.638-05_00_2.png,1.5,1.5349932932242334
2698,2062_LeafPhotoA_2025-09-08 11_56_29.638-05_00_3.png,1.5,1.438144166612058
2703,1714_LeafPhotoA_2025-09-09 09_09_56.290-05_00_0.png,2.25,2.404435814768415
2704,1714_LeafPhotoA_2025-09-09 09_09_56.290-05_00_1.png,2.25,2.3487262413328955
2705,1714_LeafPhotoA_2025-09-09 09_09_56.290-05_00_2.png,2.25,2.0750006102871694
2706,1714_LeafPhotoA_2025-09-09 09_09_56.290-05_00_3.png,2.25,2.4024668125454696
2711,1246_LeafPhotoA_2025-09-08 10_36_51.001-05_00_0.png,2.0,1.8500780061039086
2712,1246_LeafPhotoA_2025-09-08 10_36_51.001-05_00_1.png,2.0,1.7892529571633438
2713,1246_LeafPhotoA_2025-09-08 10_36_51.001-05_00_2.png,2.0,1.6795353281989533
2714,1246_LeafPhotoA_2025-09-08 10_36_51.001-05_00_3.png,2.0,1.5968643509496703
2727,1742_LeafPhotoA_2025-09-09 09_58_17.497-05_00_0.png,3.0,2.902315211851057
2728,1742_LeafPhotoA_2025-09-09 09_58_17.497-05_00_1.png,3.0,2.9691273194912786
2729,1742_LeafPhotoA_2025-09-09 09_58_17.497-05_00_2.png,3.0,2.9211923596363523
2769,1265_LeafPhotoA_2025-09-08 16_21_10.202-05_00_0.png,2.25,1.9490864253592342
2783,,1.75,1.5821911819650185
2819,1969_LeafPhotoA_2025-09-09 17_06_13.365-05_00_0.png,1.25,1.8999276383714767
2820,1969_LeafPhotoA_2025-09-09 17_06_13.365-05_00_1.png,1.25,1.6788917747374008
2821,1969_LeafPhotoA_2025-09-09 17_06_13.365-05_00_2.png,1.25,1.6068714057525617
2822,1969_LeafPhotoA_2025-09-09 17_06_13.365-05_00_3.png,1.25,1.5561265755470242
2823,2402_LeafPhotoB_2025-09-08 10_41_29.920-05_00_0.png,1.0,1.6045977093498476
2824,2402_LeafPhotoB_2025-09-08 10_41_29.920-05_00_1.png,1.0,1.5545610376264272
2825,2402_LeafPhotoB_2025-09-08 10_41_29.920-05_00_2.png,1.0,1.4870852859180181
2826,2402_LeafPhotoB_2025-09-08 10_41_29.920-05_00_3.png,1.0,1.4850903253093641
2837,6040_LeafPhotoA_2025-09-09 16_10_33.353-05_00_0.png,1.5,1.7703222934830904
2838,6040_LeafPhotoA_2025-09-09 16_10_33.353-05_00_1.png,1.5,1.8087700989254674
2839,6040_LeafPhotoA_2025-09-09 16_10_33.353-05_00_2.png,1.5,1.8990804439328426
2840,6040_LeafPhotoA_2025-09-09 16_10_33.353-05_00_3.png,1.5,2.0977215433077006
2842,1578_LeafPhotoA_2025-09-09 09_51_18.559-05_00_0.png,1.0,1.5903914798638215
2843,1578_LeafPhotoA_2025-09-09 09_51_18.559-05_00_1.png,1.0,1.5296431230663032
2844,1578_LeafPhotoA_2025-09-09 09_51_18.559-05_00_2.png,1.0,1.6297478417359545
2845,1578_LeafPhotoA_2025-09-09 09_51_18.559-05_00_3.png,1.0,1.8950462387951728
2854,2262_LeafPhotoA_2025-09-08 12_34_17.650-05_00_0.png,1.5,1.757967049792636
2855,2262_LeafPhotoA_2025-09-08 12_34_17.650-05_00_1.png,1.5,1.6047289086566487
2856,2262_LeafPhotoA_2025-09-08 12_34_17.650-05_00_2.png,1.5,1.6674003847728227
2857,2262_LeafPhotoA_2025-09-08 12_34_17.650-05_00_3.png,1.5,1.9484223360837876
2858,6025_LeafPhotoA_2025-09-09 16_35_46.802-05_00_0.png,1.5,1.8717381865224234
2859,6025_LeafPhotoA_2025-09-09 16_35_46.802-05_00_1.png,1.5,2.02831444699763
2860,6025_LeafPhotoA_2025-09-09 16_35_46.802-05_00_2.png,1.5,1.9434406086018183
2861,1894_LeafPhotoA_2025-09-09 12_58_44.856-05_00_0.png,1.25,1.5670971965676754
2862,1894_LeafPhotoA_2025-09-09 12_58_44.856-05_00_1.png,1.25,1.6029581973807496
2863,1894_LeafPhotoA_2025-09-09 12_58_44.856-05_00_2.png,1.25,1.7174740091027818
2864,1894_LeafPhotoA_2025-09-09 12_58_44.856-05_00_3.png,1.25,1.5609676741964504
2869,2045_LeafPhotoA_2025-09-08 11_26_04.594-05_00_0.png,1.75,1.7533740825831694
2870,2045_LeafPhotoA_2025-09-08 11_26_04.594-05_00_1.png,1.75,1.8138957713280233
2871,2045_LeafPhotoA_2025-09-08 11_26_04.594-05_00_2.png,1.75,1.903651400364503
2884,2830_LeafPhotoA_2025-09-09 10_46_44.993-05_00_0.png,1.5,1.7961750201109843
2885,2830_LeafPhotoA_2025-09-09 10_46_44.993-05_00_1.png,1.5,1.7434319701854417
2886,2830_LeafPhotoA_2025-09-09 10_46_44.993-05_00_2.png,1.5,1.7202025695067877
2887,2830_LeafPhotoA_2025-09-09 10_46_44.993-05_00_3.png,1.5,1.825685965953177
2891,2919_LeafPhotoA_2025-09-09 16_43_36.577-05_00_0.png,1.5,1.5397207045660628
2892,2919_LeafPhotoA_2025-09-09 16_43_36.577-05_00_1.png,1.5,1.65238641728257
2893,2919_LeafPhotoA_2025-09-09 16_43_36.577-05_00_2.png,1.5,1.6525738023384986
2894,2919_LeafPhotoA_2025-09-09 16_43_36.577-05_00_3.png,1.5,1.5319948720856345
2895,1978_LeafPhotoA_2025-09-09 16_46_02.859-05_00_0.png,1.25,1.5867973303611485
2896,1978_LeafPhotoA_2025-09-09 16_46_02.859-05_00_1.png,1.25,1.7532108998175773
2897,1978_LeafPhotoA_2025-09-09 16_46_02.859-05_00_2.png,1.25,1.6908063508585718
2948,1269_LeafPhotoA_2025-09-08 16_17_38.730-05_00_0.png,1.75,1.546221407947113
2949,1269_LeafPhotoA_2025-09-08 16_17_38.730-05_00_1.png,1.75,1.7890686222451668
2950,1269_LeafPhotoA_2025-09-08 16_17_38.730-05_00_2.png,1.75,1.7755614514645557
2951,1269_LeafPhotoA_2025-09-08 16_17_38.730-05_00_3.png,1.75,1.6377706612112095
2952,1908_LeafPhotoA_2025-09-09 14_44_38.996-05_00_0.png,2.5,2.376206047623474
2953,1908_LeafPhotoA_2025-09-09 14_44_38.996-05_00_1.png,2.5,2.4787096410359384
2954,1908_LeafPhotoA_2025-09-09 14_44_38.996-05_00_2.png,2.5,2.636086912578142
2955,1908_LeafPhotoA_2025-09-09 14_44_38.996-05_00_3.png,2.5,2.590391583949248
2968,1468_LeafPhotoB_2025-09-08 16_31_26.894-05_00_0.png,1.25,1.7508286577181102
2969,1468_LeafPhotoB_2025-09-08 16_31_26.894-05_00_1.png,1.25,1.8139630294912568
2970,1468_LeafPhotoB_2025-09-08 16_31_26.894-05_00_2.png,1.25,1.7388076820531213
2971,1468_LeafPhotoB_2025-09-08 16_31_26.894-05_00_3.png,1.25,1.7288425104951808
3003,1216_LeafPhotoA_2025-09-08 09_51_38.597-05_00_0.png,2.0,1.8249272293203327
3004,1216_LeafPhotoA_2025-09-08 09_51_38.597-05_00_1.png,2.0,1.862721851728742
3005,1216_LeafPhotoA_2025-09-08 09_51_38.597-05_00_2.png,2.0,1.6296537554252684
3006,1216_LeafPhotoA_2025-09-08 09_51_38.597-05_00_3.png,2.0,1.5280463204652566
3089,1851_LeafPhotoA_2025-09-09 13_45_07.951-05_00_0.png,1.5,1.8643455348508564
3090,1851_LeafPhotoA_2025-09-09 13_45_07.951-05_00_1.png,1.5,1.9051463278414573
3091,1851_LeafPhotoA_2025-09-09 13_45_07.951-05_00_2.png,1.5,1.9382193311558171
3092,1851_LeafPhotoA_2025-09-09 13_45_07.951-05_00_3.png,1.5,1.9336129505129476
3102,1728_LeafPhotoA_2025-09-09 09_30_58.151-05_00_0.png,3.5,2.926888934441781
3103,1728_LeafPhotoA_2025-09-09 09_30_58.151-05_00_1.png,3.5,3.0911460079831916
3104,1728_LeafPhotoA_2025-09-09 09_30_58.151-05_00_2.png,3.5,3.303654870531515
3105,1728_LeafPhotoA_2025-09-09 09_30_58.151-05_00_3.png,3.5,3.412615467129837
3129,2689_LeafPhotoA_2025-09-09 10_44_36.223-05_00_0.png,1.25,1.7402017192715473
3130,2689_LeafPhotoA_2025-09-09 10_44_36.223-05_00_1.png,1.25,1.8468742534045106
3131,2689_LeafPhotoA_2025-09-09 10_44_36.223-05_00_2.png,1.25,1.8219249973412475
3141,1191_LeafPhotoA_2025-09-08 15_54_25.154-05_00_0.png,2.0,1.911820566217033
3142,1191_LeafPhotoA_2025-09-08 15_54_25.154-05_00_1.png,2.0,2.0090109273144283
3143,1191_LeafPhotoA_2025-09-08 15_54_25.154-05_00_2.png,2.0,2.0232319396316862
3144,1191_LeafPhotoA_2025-09-08 15_54_25.154-05_00_3.png,2.0,2.128716869438933
3185,2185_LeafPhotoA_2025-09-09 12_32_19.175-05_00_0.png,2.0,2.048948951164665
3186,2185_LeafPhotoA_2025-09-09 12_32_19.175-05_00_1.png,2.0,2.1364991996321208
3187,2185_LeafPhotoA_2025-09-09 12_32_19.175-05_00_2.png,2.0,2.0779472854488445
3188,2185_LeafPhotoA_2025-09-09 12_32_19.175-05_00_3.png,2.0,2.4354089464389994
3218,1301_LeafPhotoA_2025-09-08 10_20_06.394-05_00_0.png,1.5,1.5495701346498694
3219,1301_LeafPhotoA_2025-09-08 10_20_06.394-05_00_1.png,1.5,1.6575548562097522
3220,1301_LeafPhotoA_2025-09-08 10_20_06.394-05_00_2.png,1.5,1.7304348282758693
3221,1301_LeafPhotoA_2025-09-08 10_20_06.394-05_00_3.png,1.5,1.8458032104365796
3252,1090_LeafPhotoA_2025-09-09 11_02_26.123-05_00_0.png,1.5,2.1300971442168835
3253,1090_LeafPhotoA_2025-09-09 11_02_26.123-05_00_1.png,1.5,2.3076081242673756
3254,1090_LeafPhotoA_2025-09-09 11_02_26.123-05_00_2.png,1.5,2.0291116140602288
3261,2082_LeafPhotoA_2025-09-08 12_18_36.645-05_00_0.png,1.5,1.7725079163008362
3262,2082_LeafPhotoA_2025-09-08 12_18_36.645-05_00_1.png,1.5,1.644647287930401
3263,2082_LeafPhotoA_2025-09-08 12_18_36.645-05_00_2.png,1.5,1.450990065895468
3264,2082_LeafPhotoA_2025-09-08 12_18_36.645-05_00_3.png,1.5,1.498593064268784
3273,2654_LeafPhotoA_2025-09-09 11_27_41.628-05_00_0.png,2.25,2.238482855659134
3274,2654_LeafPhotoA_2025-09-09 11_27_41.628-05_00_1.png,2.25,2.210312100893334
3275,2654_LeafPhotoA_2025-09-09 11_27_41.628-05_00_2.png,2.25,2.3931564545960464
3276,2654_LeafPhotoA_2025-09-09 11_27_41.628-05_00_3.png,2.25,2.622251788102141
3323,2089_LeafPhotoA_2025-09-08 12_26_53.526-05_00_0.png,1.75,1.857988331189847
3324,2089_LeafPhotoA_2025-09-08 12_26_53.526-05_00_1.png,1.75,1.8091429314109637
3325,2089_LeafPhotoA_2025-09-08 12_26_53.526-05_00_2.png,1.75,1.761495875039992
3328,1343_LeafPhotoA_2025-09-08 10_11_04.420-05_00_0.png,1.25,1.6077717852014362
3329,1343_LeafPhotoA_2025-09-08 10_11_04.420-05_00_1.png,1.25,1.6581957508247884
3330,1343_LeafPhotoA_2025-09-08 10_11_04.420-05_00_2.png,1.25,1.675453705350378
3331,1343_LeafPhotoA_2025-09-08 10_11_04.420-05_00_3.png,1.25,1.6770301072175606
3348,2343_LeafPhotoA_2025-09-08 11_11_17.973-05_00_0.png,1.25,1.5077700655669042
3349,2343_LeafPhotoA_2025-09-08 11_11_17.973-05_00_1.png,1.25,1.581411830036312
3350,2343_LeafPhotoA_2025-09-08 11_11_17.973-05_00_2.png,1.25,1.5786595840399174
3359,2343_LeafPhotoA_2025-09-08 11_11_03.769-05_00_0.png,1.25,1.43970240478261
3360,2343_LeafPhotoA_2025-09-08 11_11_03.769-05_00_1.png,1.25,1.5092430853728742
3369,2393_LeafPhotoA_2025-09-08 12_17_57.585-05_00_0.png,3.0,2.5348398078032988
3401,1457_LeafPhotoB_2025-09-08 12_33_31.319-05_00_0.png,2.0,1.7535936265746621
3402,1457_LeafPhotoB_2025-09-08 12_33_31.319-05_00_1.png,2.0,1.953362245739835
3403,1457_LeafPhotoB_2025-09-08 12_33_31.319-05_00_2.png,2.0,1.9876354747776837
3404,1457_LeafPhotoB_2025-09-08 12_33_31.319-05_00_3.png,2.0,1.9934165875994916
3417,1467_LeafPhotoB_2025-09-08 16_30_30.667-05_00_0.png,2.0,1.5512230431609877
3418,1467_LeafPhotoB_2025-09-08 16_30_30.667-05_00_1.png,2.0,1.7388082048911906
3419,1467_LeafPhotoB_2025-09-08 16_30_30.667-05_00_2.png,2.0,2.019835254009245
3420,1467_LeafPhotoB_2025-09-08 16_30_30.667-05_00_3.png,2.0,2.0135204595308482
3426,1714_LeafPhotoA_2025-09-09 09_09_41.593-05_00_0.png,2.5,2.165242906811272
3427,2325_LeafPhotoA_2025-09-08 10_53_41.168-05_00_0.png,1.25,1.7722889033145557
3428,2325_LeafPhotoA_2025-09-08 10_53_41.168-05_00_1.png,1.25,1.7024602918366494
3429,2325_LeafPhotoA_2025-09-08 10_53_41.168-05_00_2.png,1.25,1.5992847234840755
3437,1437_LeafPhotoB_2025-09-08 10_28_09.727-05_00_0.png,2.0,1.8492862133647014
3438,1437_LeafPhotoB_2025-09-08 10_28_09.727-05_00_1.png,2.0,1.9925505701111108
3439,1437_LeafPhotoB_2025-09-08 10_28_09.727-05_00_2.png,2.0,1.982012736139151
3440,1437_LeafPhotoB_2025-09-08 10_28_09.727-05_00_3.png,2.0,1.9313214196780504
3453,2520_LeafPhotoA_2025-09-09 10_16_27.887-05_00_0.png,1.0,1.5685270475206012
3454,2520_LeafPhotoA_2025-09-09 10_16_27.887-05_00_1.png,1.0,1.5543972752420663
3455,2520_LeafPhotoA_2025-09-09 10_16_27.887-05_00_2.png,1.0,1.5574633999860745
3456,2520_LeafPhotoA_2025-09-09 10_16_27.887-05_00_3.png,1.0,1.592680028574851
3465,2015_LeafPhotoA_2025-09-08 10_50_10.021-05_00_0.png,1.75,2.3007159864666646
3466,2015_LeafPhotoA_2025-09-08 10_50_10.021-05_00_1.png,1.75,2.0895261523915876
3467,2015_LeafPhotoA_2025-09-08 10_50_10.021-05_00_2.png,1.75,1.898254692987182
3468,2015_LeafPhotoA_2025-09-08 10_50_10.021-05_00_3.png,1.75,1.5563522198918744
3488,1191_LeafPhotoA_2025-09-08 15_54_08.755-05_00_0.png,2.25,2.222346174345897
3489,1191_LeafPhotoA_2025-09-08 15_54_08.755-05_00_1.png,2.25,2.335655811476536
3490,1191_LeafPhotoA_2025-09-08 15_54_08.755-05_00_2.png,2.25,2.460425716663259
3491,1191_LeafPhotoA_2025-09-08 15_54_08.755-05_00_3.png,2.25,2.500868171012424
3513,1418_LeafPhotoA_2025-09-08 09_39_31.263-05_00_0.png,1.5,1.7486059667013722
3514,1418_LeafPhotoA_2025-09-08 09_39_31.263-05_00_1.png,1.5,1.7457642109258662
3515,1418_LeafPhotoA_2025-09-08 09_39_31.263-05_00_2.png,1.5,1.7967089653230308
3516,1418_LeafPhotoA_2025-09-08 09_39_31.263-05_00_3.png,1.5,1.7972803761211276
3529,1894_LeafPhotoA_2025-09-09 17_18_06.332-05_00_0.png,1.25,1.613629359448545
3530,1894_LeafPhotoA_2025-09-09 17_18_06.332-05_00_1.png,1.25,1.5960669831974
3531,1894_LeafPhotoA_2025-09-09 17_18_06.332-05_00_2.png,1.25,1.5182723081348164
3532,1894_LeafPhotoA_2025-09-09 17_18_06.332-05_00_3.png,1.25,1.4650722892666237
11,1346_LeafPhotoA_2025-09-08 10_15_00.579-05_00_0.png,3.0,2.6357233599169803
12,1346_LeafPhotoA_2025-09-08 10_15_00.579-05_00_1.png,3.0,2.1212967025301923
13,1346_LeafPhotoA_2025-09-08 10_15_00.579-05_00_2.png,3.0,2.1470919784267886
14,1346_LeafPhotoA_2025-09-08 10_15_00.579-05_00_3.png,3.0,2.3267317738846027
21,2664_LeafPhotoA_2025-09-09 11_37_29.251-05_00_0.png,2.0,2.4959337001913284
22,2664_LeafPhotoA_2025-09-09 11_37_29.251-05_00_1.png,2.0,2.502298563929891
23,2664_LeafPhotoA_2025-09-09 11_37_29.251-05_00_2.png,2.0,2.432500364169448
24,2664_LeafPhotoA_2025-09-09 11_37_29.251-05_00_3.png,2.0,2.1198353450049563
27,1427_LeafPhotoB_2025-09-08 10_19_32.588-05_00_0.png,2.75,2.306128877346854
28,1427_LeafPhotoB_2025-09-08 10_19_32.588-05_00_1.png,2.75,2.3558064315540714
29,1427_LeafPhotoB_2025-09-08 10_19_32.588-05_00_2.png,2.75,2.4181261686222384
46,1118_LeafPhotoA_2025-09-08 10_03_02.378-05_00_0.png,1.0,1.3341231196027052
47,1118_LeafPhotoA_2025-09-08 10_03_02.378-05_00_1.png,1.0,1.2900889989850297
48,1118_LeafPhotoA_2025-09-08 10_03_02.378-05_00_2.png,1.0,1.2853585915194736
49,1118_LeafPhotoA_2025-09-08 10_03_02.378-05_00_3.png,1.0,1.4614289016179258
54,1608_LeafPhotoA_2025-09-09 09_23_59.629-05_00_0.png,1.75,1.696046047508992
55,1608_LeafPhotoA_2025-09-09 09_23_59.629-05_00_1.png,1.75,1.581991739922068
56,1608_LeafPhotoA_2025-09-09 09_23_59.629-05_00_2.png,1.75,1.7002990380913052
57,1608_LeafPhotoA_2025-09-09 09_23_59.629-05_00_3.png,1.75,2.0237715792522533
58,1048_LeafPhotoA_2025-09-08 10_27_26.311-05_00_0.png,1.25,1.532521289212647
59,1048_LeafPhotoA_2025-09-08 10_27_26.311-05_00_1.png,1.25,1.5506800110364345
60,1048_LeafPhotoA_2025-09-08 10_27_26.311-05_00_2.png,1.25,1.6075585298693627
61,1048_LeafPhotoA_2025-09-08 10_27_26.311-05_00_3.png,1.25,1.8094686595573537
73,2906_LeafPhotoA_2025-09-09 16_24_18.555-05_00_0.png,1.75,1.7692585877945894
74,2906_LeafPhotoA_2025-09-09 16_24_18.555-05_00_1.png,1.75,1.7817258924801993
75,2906_LeafPhotoA_2025-09-09 16_24_18.555-05_00_2.png,1.75,1.830271698820886
76,2906_LeafPhotoA_2025-09-09 16_24_18.555-05_00_3.png,1.75,1.7842874001844715
107,2685_LeafPhotoA_2025-09-09 10_50_31.334-05_00_0.png,2.25,1.9658944647127572
108,2685_LeafPhotoA_2025-09-09 10_50_31.334-05_00_1.png,2.25,2.022476629452042
109,2685_LeafPhotoA_2025-09-09 10_50_31.334-05_00_2.png,2.25,1.7629900067454358
126,1672_LeafPhotoA_2025-09-09 09_45_47.566-05_00_0.png,1.75,1.9108383310003005
127,1672_LeafPhotoA_2025-09-09 09_45_47.566-05_00_1.png,1.75,1.8526175057675254
128,1672_LeafPhotoA_2025-09-09 09_45_47.566-05_00_2.png,1.75,1.81913758248975
133,1680_LeafPhotoA_2025-09-09 09_30_52.328-05_00_0.png,1.25,1.3915096533140383
134,1680_LeafPhotoA_2025-09-09 09_30_52.328-05_00_1.png,1.25,1.3765375308815704
135,6016_LeafPhotoA_2025-09-09 16_48_44.576-05_00_0.png,1.5,1.5411411292042592
136,6016_LeafPhotoA_2025-09-09 16_48_44.576-05_00_1.png,1.5,1.5932757737712402
137,6016_LeafPhotoA_2025-09-09 16_48_44.576-05_00_2.png,1.5,1.7021898071519652
156,1272_LeafPhotoA_2025-09-08 16_15_18.232-05_00_0.png,3.25,3.139305116750188
157,1272_LeafPhotoA_2025-09-08 16_15_18.232-05_00_1.png,3.25,2.7025723151117855
158,1272_LeafPhotoA_2025-09-08 16_15_18.232-05_00_2.png,3.25,2.5452328788127927
167,2715_LeafPhotoA_2025-09-09 10_34_49.690-05_00_0.png,2.25,2.0958277726436494
168,2715_LeafPhotoA_2025-09-09 10_34_49.690-05_00_1.png,2.25,1.9988103587494914
169,2715_LeafPhotoA_2025-09-09 10_34_49.690-05_00_2.png,2.25,2.007670546351976
170,2715_LeafPhotoA_2025-09-09 10_34_49.690-05_00_3.png,2.25,2.2821624229716577
210,1587_LeafPhotoA_2025-09-09 09_37_51.582-05_00_0.png,1.5,1.7427602806832063
211,1587_LeafPhotoA_2025-09-09 09_37_51.582-05_00_1.png,1.5,1.6454643309302386
212,1587_LeafPhotoA_2025-09-09 09_37_51.582-05_00_2.png,1.5,1.6735721230684948
213,1587_LeafPhotoA_2025-09-09 09_37_51.582-05_00_3.png,1.5,1.6504225049519403
239,,1.25,1.5185571489390057
240,,1.5,1.5185571489390057
293,2650_LeafPhotoA_2025-09-09 11_24_20.852-05_00_0.png,1.0,1.449309026294429
294,2650_LeafPhotoA_2025-09-09 11_24_20.852-05_00_1.png,1.0,1.3562636143633622
295,2650_LeafPhotoA_2025-09-09 11_24_20.852-05_00_2.png,1.0,1.344369305966006
296,2650_LeafPhotoA_2025-09-09 11_24_20.852-05_00_3.png,1.0,1.5495081109389832
305,2197_LeafPhotoA_2025-09-08 17_07_18.265-05_00_0.png,1.0,1.7227200636722473
306,2197_LeafPhotoA_2025-09-08 17_07_18.265-05_00_1.png,1.0,1.5849905187100917
307,2197_LeafPhotoA_2025-09-08 17_07_18.265-05_00_2.png,1.0,1.6813496457398602
308,2197_LeafPhotoA_2025-09-08 17_07_18.265-05_00_3.png,1.0,1.6504919189467953
364,1623_LeafPhotoA_2025-09-09 09_58_46.896-05_00_0.png,2.0,1.6686519090013576
365,1623_LeafPhotoA_2025-09-09 09_58_46.896-05_00_1.png,2.0,1.6873741751857307
366,1623_LeafPhotoA_2025-09-09 09_58_46.896-05_00_2.png,2.0,1.870592503576469
367,1623_LeafPhotoA_2025-09-09 09_58_46.896-05_00_3.png,2.0,1.864540446622576
372,2495_LeafPhotoB_2025-09-08 12_20_03.955-05_00_0.png,1.0,1.4535457176928264
373,2495_LeafPhotoB_2025-09-08 12_20_03.955-05_00_1.png,1.0,1.4131738688271431
374,2495_LeafPhotoB_2025-09-08 12_20_03.955-05_00_2.png,1.0,1.3278720880579797
375,2495_LeafPhotoB_2025-09-08 12_20_03.955-05_00_3.png,1.0,1.256598578856535
387,1623_LeafPhotoA_2025-09-09 09_57_37.816-05_00_0.png,1.75,1.8057846160533961
388,1623_LeafPhotoA_2025-09-09 09_57_37.816-05_00_1.png,1.75,1.7610018488375436
389,1623_LeafPhotoA_2025-09-09 09_57_37.816-05_00_2.png,1.75,1.7606494249872602
390,1623_LeafPhotoA_2025-09-09 09_57_37.816-05_00_3.png,1.75,1.705439020476537
399,1136_LeafPhotoA_2025-09-08 10_28_29.129-05_00_0.png,1.5,1.521001770260348
404,2649_LeafPhotoA_2025-09-09 11_26_12.925-05_00_0.png,3.0,2.21066411722415
405,2649_LeafPhotoA_2025-09-09 11_26_12.925-05_00_1.png,3.0,2.1880864280131527
406,2649_LeafPhotoA_2025-09-09 11_26_12.925-05_00_2.png,3.0,1.7380902977956012
411,2011_LeafPhotoA_2025-09-08 10_45_16.513-05_00_0.png,2.0,1.934516562437337
412,2011_LeafPhotoA_2025-09-08 10_45_16.513-05_00_1.png,2.0,1.9006597434173285
413,2011_LeafPhotoA_2025-09-08 10_45_16.513-05_00_2.png,2.0,1.774185107773635
414,2011_LeafPhotoA_2025-09-08 10_45_16.513-05_00_3.png,2.0,1.7289927457585534
436,2748_LeafPhotoA_2025-09-09 11_19_26.990-05_00_0.png,3.25,3.251765628057979
437,2748_LeafPhotoA_2025-09-09 11_19_26.990-05_00_1.png,3.25,3.325936791971573
438,2748_LeafPhotoA_2025-09-09 11_19_26.990-05_00_2.png,3.25,3.2940746943169006
439,2748_LeafPhotoA_2025-09-09 11_19_26.990-05_00_3.png,3.25,3.197820477195984
479,6049_LeafPhotoA_2025-09-09 15_54_47.227-05_00_0.png,1.0,1.6290756204096477
480,6049_LeafPhotoA_2025-09-09 15_54_47.227-05_00_1.png,1.0,1.5857673984713596
481,6049_LeafPhotoA_2025-09-09 15_54_47.227-05_00_2.png,1.0,1.5387769729719363
482,6049_LeafPhotoA_2025-09-09 15_54_47.227-05_00_3.png,1.0,1.6059350915319737
491,1882_LeafPhotoA_2025-09-09 13_17_09.662-05_00_0.png,1.75,1.5217588767065822
492,1882_LeafPhotoA_2025-09-09 13_17_09.662-05_00_1.png,1.75,1.5386023836978497
493,1882_LeafPhotoA_2025-09-09 13_17_09.662-05_00_2.png,1.75,1.6724018701738677
528,1419_LeafPhotoA_2025-09-08 09_40_27.704-05_00_0.png,1.75,1.6048385919904407
529,1419_LeafPhotoA_2025-09-08 09_40_27.704-05_00_1.png,1.75,1.7875387477992206
530,1419_LeafPhotoA_2025-09-08 09_40_27.704-05_00_2.png,1.75,1.7675221905985758
531,1419_LeafPhotoA_2025-09-08 09_40_27.704-05_00_3.png,1.75,1.5418936298197727
577,2263_LeafPhotoA_2025-09-08 12_36_09.842-05_00_0.png,1.0,1.2737273964613598
578,2263_LeafPhotoA_2025-09-08 12_36_09.842-05_00_1.png,1.0,1.3057341519097523
579,2263_LeafPhotoA_2025-09-08 12_36_09.842-05_00_2.png,1.0,1.2586506178048587
580,2263_LeafPhotoA_2025-09-08 12_36_09.842-05_00_3.png,1.0,1.3208677081700975
585,1893_LeafPhotoA_2025-09-09 17_17_29.747-05_00_0.png,2.5,1.855624703401442
586,1893_LeafPhotoA_2025-09-09 17_17_29.747-05_00_1.png,2.5,2.1430131976229725
587,1893_LeafPhotoA_2025-09-09 17_17_29.747-05_00_2.png,2.5,2.189576803598235
588,1893_LeafPhotoA_2025-09-09 17_17_29.747-05_00_3.png,2.5,2.085429159841384
705,2106_LeafPhotoA_2025-09-08 11_01_04.699-05_00_0.png,1.0,1.3051801606479072
706,2106_LeafPhotoA_2025-09-08 11_01_04.699-05_00_1.png,1.0,1.3218617179751715
707,2106_LeafPhotoA_2025-09-08 11_01_04.699-05_00_2.png,1.0,1.2892403896883038
708,2106_LeafPhotoA_2025-09-08 11_01_04.699-05_00_3.png,1.0,1.2792667654278782
723,1772_LeafPhotoA_2025-09-09 09_57_17.313-05_00_0.png,1.25,1.5446766802021616
724,1772_LeafPhotoA_2025-09-09 09_57_17.313-05_00_1.png,1.25,1.535603779738226
725,1772_LeafPhotoA_2025-09-09 09_57_17.313-05_00_2.png,1.25,1.623913292020587
726,1772_LeafPhotoA_2025-09-09 09_57_17.313-05_00_3.png,1.25,1.7581812643021644
737,1210_LeafPhotoA_2025-09-08 09_39_04.129-05_00_0.png,1.25,1.7368573501352988
738,1210_LeafPhotoA_2025-09-08 09_39_04.129-05_00_1.png,1.25,1.873607905656703
739,1210_LeafPhotoA_2025-09-08 09_39_04.129-05_00_2.png,1.25,1.8047100164788354
740,1210_LeafPhotoA_2025-09-08 09_39_04.129-05_00_3.png,1.25,1.6913634709145666
764,6015_LeafPhotoA_2025-09-09 16_52_18.680-05_00_0.png,1.0,1.5011190524691276
765,6015_LeafPhotoA_2025-09-09 16_52_18.680-05_00_1.png,1.0,1.5174453810615756
784,1495_LeafPhotoB_2025-09-08 16_59_04.309-05_00_0.png,1.5,1.9628956552939234
785,1495_LeafPhotoB_2025-09-08 16_59_04.309-05_00_1.png,1.5,1.8324707628556194
786,1495_LeafPhotoB_2025-09-08 16_59_04.309-05_00_2.png,1.5,1.9366864457929278
787,1495_LeafPhotoB_2025-09-08 16_59_04.309-05_00_3.png,1.5,1.8292134153605437
811,2150_LeafPhotoA_2025-09-08 12_22_07.286-05_00_0.png,1.5,1.6511913811767127
812,2150_LeafPhotoA_2025-09-08 12_22_07.286-05_00_1.png,1.5,1.6724593321571362
813,2150_LeafPhotoA_2025-09-08 12_22_07.286-05_00_2.png,1.5,1.622544551962111
814,2150_LeafPhotoA_2025-09-08 12_22_07.286-05_00_3.png,1.5,1.589113100349944
819,1452_LeafPhotoB_2025-09-08 12_28_36.613-05_00_0.png,1.0,1.4336795411894798
820,1452_LeafPhotoB_2025-09-08 12_28_36.613-05_00_1.png,1.0,1.4771046622138082
821,1452_LeafPhotoB_2025-09-08 12_28_36.613-05_00_2.png,1.0,1.5880830119232554
822,1452_LeafPhotoB_2025-09-08 12_28_36.613-05_00_3.png,1.0,1.5507061271215563
827,2317_LeafPhotoA_2025-09-08 10_45_32.243-05_00_0.png,3.25,3.024434332857597
828,2317_LeafPhotoA_2025-09-08 10_45_32.243-05_00_1.png,3.25,2.761146056403446
829,2317_LeafPhotoA_2025-09-08 10_45_32.243-05_00_2.png,3.25,2.471948835294337
830,2317_LeafPhotoA_2025-09-08 10_45_32.243-05_00_3.png,3.25,2.450423389533744
839,2235_LeafPhotoA_2025-09-08 11_40_03.588-05_00_0.png,2.5,2.1659511102328066
840,2235_LeafPhotoA_2025-09-08 11_40_03.588-05_00_1.png,2.5,2.1561495530116455
841,2235_LeafPhotoA_2025-09-08 11_40_03.588-05_00_2.png,2.5,2.1996065270782266
842,2235_LeafPhotoA_2025-09-08 11_40_03.588-05_00_3.png,2.5,2.096662283511392
851,1396_LeafPhotoA_2025-09-08 13_22_43.424-05_00_0.png,1.5,1.6014681965781044
852,1396_LeafPhotoA_2025-09-08 13_22_43.424-05_00_1.png,1.5,1.7403228413031635
853,1396_LeafPhotoA_2025-09-08 13_22_43.424-05_00_2.png,1.5,1.9919493224125722
854,1396_LeafPhotoA_2025-09-08 13_22_43.424-05_00_3.png,1.5,1.9907084418097372
863,1480_LeafPhotoB_2025-09-08 16_44_45.429-05_00_0.png,1.75,1.9859520996450646
874,2625_LeafPhotoA_2025-09-09 12_15_05.460-05_00_0.png,2.75,1.7331759695923048
875,2625_LeafPhotoA_2025-09-09 12_15_05.460-05_00_1.png,2.75,1.7050819292506625
876,2625_LeafPhotoA_2025-09-09 12_15_05.460-05_00_2.png,2.75,1.6180820924834338
877,2625_LeafPhotoA_2025-09-09 12_15_05.460-05_00_3.png,2.75,1.5424475787451077
894,2742_LeafPhotoA_2025-09-09 11_11_59.314-05_00_0.png,2.75,3.260652957527401
895,2742_LeafPhotoA_2025-09-09 11_11_59.314-05_00_1.png,2.75,2.9282957801075664
896,2742_LeafPhotoA_2025-09-09 11_11_59.314-05_00_2.png,2.75,2.3894926893590904
897,2742_LeafPhotoA_2025-09-09 11_11_59.314-05_00_3.png,2.75,2.3510104786813724
945,6018_LeafPhotoA_2025-09-09 16_46_05.626-05_00_0.png,1.0,1.475316969643218
946,6018_LeafPhotoA_2025-09-09 16_46_05.626-05_00_1.png,1.0,1.477711219156339
947,6018_LeafPhotoA_2025-09-09 16_46_05.626-05_00_2.png,1.0,1.4843533442646861
948,6018_LeafPhotoA_2025-09-09 16_46_05.626-05_00_3.png,1.0,1.5661816213716717
949,1882_LeafPhotoA_2025-09-09 13_17_22.842-05_00_0.png,1.75,1.7055646825265276
950,1882_LeafPhotoA_2025-09-09 13_17_22.842-05_00_1.png,1.75,1.6921624626112952
951,1882_LeafPhotoA_2025-09-09 13_17_22.842-05_00_2.png,1.75,1.7254795495518096
952,1882_LeafPhotoA_2025-09-09 13_17_22.842-05_00_3.png,1.75,1.758686711590193
956,1095_LeafPhotoA_2025-09-09 11_06_50.542-05_00_0.png,1.5,1.8906030181817235
957,1095_LeafPhotoA_2025-09-09 11_06_50.542-05_00_1.png,1.5,1.6884700042940037
958,1095_LeafPhotoA_2025-09-09 11_06_50.542-05_00_2.png,1.5,1.7186375521958797
959,1095_LeafPhotoA_2025-09-09 11_06_50.542-05_00_3.png,1.5,1.8227330041080867
971,2887_LeafPhotoA_2025-09-09 14_03_46.022-05_00_0.png,2.5,1.804952362177619
972,2887_LeafPhotoA_2025-09-09 14_03_46.022-05_00_1.png,2.5,1.8143239535729239
973,2887_LeafPhotoA_2025-09-09 14_03_46.022-05_00_2.png,2.5,1.8336144675489192
974,1689_LeafPhotoA_2025-09-09 09_13_19.326-05_00_0.png,1.0,1.9299850609862716
975,1689_LeafPhotoA_2025-09-09 09_13_19.326-05_00_1.png,1.0,1.8567442258759277
980,,2.75,1.5185571489390057
989,2035_LeafPhotoA_2025-09-08 11_13_14.336-05_00_0.png,1.25,1.4811570578812732
990,2035_LeafPhotoA_2025-09-08 11_13_14.336-05_00_1.png,1.25,1.4148247308582906
991,2035_LeafPhotoA_2025-09-08 11_13_14.336-05_00_2.png,1.25,1.4403996017218632
992,2035_LeafPhotoA_2025-09-08 11_13_14.336-05_00_3.png,1.25,1.4812891206512875
1010,1549_LeafPhotoA_2025-09-09 09_50_49.099-05_00_0.png,2.75,3.0208115843524523
1011,1549_LeafPhotoA_2025-09-09 09_50_49.099-05_00_1.png,2.75,2.5777351199510536
1012,1549_LeafPhotoA_2025-09-09 09_50_49.099-05_00_2.png,2.75,2.058155876204229
1013,1549_LeafPhotoA_2025-09-09 09_50_49.099-05_00_3.png,2.75,2.048565851742106
1034,1874_LeafPhotoA_2025-09-09 13_24_05.096-05_00_0.png,1.25,1.7209357306108728
1035,1874_LeafPhotoA_2025-09-09 13_24_05.096-05_00_1.png,1.25,1.701092257188922
1036,1874_LeafPhotoA_2025-09-09 13_24_05.096-05_00_2.png,1.25,1.65773970599082
1037,1874_LeafPhotoA_2025-09-09 13_24_05.096-05_00_3.png,1.25,1.5813643801642565
1044,1577_LeafPhotoA_2025-09-09 09_51_50.173-05_00_0.png,1.75,1.7689245214199532
1045,1577_LeafPhotoA_2025-09-09 09_51_50.173-05_00_1.png,1.75,2.0045716452920033
1046,1577_LeafPhotoA_2025-09-09 09_51_50.173-05_00_2.png,1.75,2.1918545301112173
1065,1218_LeafPhotoA_2025-09-08 09_55_48.140-05_00_0.png,3.5,2.9354633418455216
1066,1218_LeafPhotoA_2025-09-08 09_55_48.140-05_00_1.png,3.5,2.4261414148716764
1067,1218_LeafPhotoA_2025-09-08 09_55_48.140-05_00_2.png,3.5,2.3427221346429103
1068,1218_LeafPhotoA_2025-09-08 09_55_48.140-05_00_3.png,3.5,2.5889336469075745
1069,5036_LeafPhotoA_2025-09-09 17_09_05.761-05_00_0.png,1.5,1.523813385074463
1070,5036_LeafPhotoA_2025-09-09 17_09_05.761-05_00_1.png,1.5,1.4436837512185212
1071,5036_LeafPhotoA_2025-09-09 17_09_05.761-05_00_2.png,1.5,1.4924635603729663
1072,5036_LeafPhotoA_2025-09-09 17_09_05.761-05_00_3.png,1.5,1.5322809730581597
1077,6010_LeafPhotoA_2025-09-09 17_01_22.660-05_00_0.png,1.25,1.49644686644249
1078,6010_LeafPhotoA_2025-09-09 17_01_22.660-05_00_1.png,1.25,1.4986207122931687
1079,6010_LeafPhotoA_2025-09-09 17_01_22.660-05_00_2.png,1.25,1.4758367899676443
1080,6010_LeafPhotoA_2025-09-09 17_01_22.660-05_00_3.png,1.25,1.4717127819787796
1121,2772_LeafPhotoA_2025-09-09 15_47_32.015-05_00_0.png,1.0,1.7057149000004563
1122,2772_LeafPhotoA_2025-09-09 15_47_32.015-05_00_1.png,1.0,1.516298026313372
1123,2772_LeafPhotoA_2025-09-09 15_47_32.015-05_00_2.png,1.0,1.5605874724771038
1124,,1.5,1.5185571489390057
1127,2656_LeafPhotoA_2025-09-09 11_30_02.897-05_00_0.png,2.0,1.9379784347247817
1128,2656_LeafPhotoA_2025-09-09 11_30_02.897-05_00_1.png,2.0,1.7625607649305923
1129,2656_LeafPhotoA_2025-09-09 11_30_02.897-05_00_2.png,2.0,2.035318148231414
1138,,1.5,1.5185571489390057
1139,1427_LeafPhotoA_2025-09-08 09_49_32.229-05_00_0.png,3.25,2.1537022155328436
1140,1427_LeafPhotoA_2025-09-08 09_49_32.229-05_00_1.png,3.25,2.515341582404954
1141,1427_LeafPhotoA_2025-09-08 09_49_32.229-05_00_2.png,3.25,2.949480429408374
1142,1427_LeafPhotoA_2025-09-08 09_49_32.229-05_00_3.png,3.25,2.7903163399127755
1201,2186_LeafPhotoA_2025-09-09 12_31_28.944-05_00_0.png,2.5,3.033441713393082
1202,2186_LeafPhotoA_2025-09-09 12_31_28.944-05_00_1.png,2.5,3.3167019686271333
1203,2186_LeafPhotoA_2025-09-09 12_31_28.944-05_00_2.png,2.5,3.3723203685128476
1204,2186_LeafPhotoA_2025-09-09 12_31_28.944-05_00_3.png,2.5,3.2802575703517416
1205,1792_LeafPhotoA_2025-09-09 09_09_06.607-05_00_0.png,1.25,1.422729864511672
1206,1792_LeafPhotoA_2025-09-09 09_09_06.607-05_00_1.png,1.25,1.4857214221859143
1207,1792_LeafPhotoA_2025-09-09 09_09_06.607-05_00_2.png,1.25,1.53625853719831
1208,1792_LeafPhotoA_2025-09-09 09_09_06.607-05_00_3.png,1.25,1.6851207931806338
1214,1137_LeafPhotoA_2025-09-08 10_30_17.775-05_00_0.png,1.5,1.7896918717287946
1215,1137_LeafPhotoA_2025-09-08 10_30_17.775-05_00_1.png,1.5,1.7524937707134498
1216,1137_LeafPhotoA_2025-09-08 10_30_17.775-05_00_2.png,1.5,1.6707331713707356
1217,1137_LeafPhotoA_2025-09-08 10_30_17.775-05_00_3.png,1.5,1.7910366534574265
1226,2140_LeafPhotoA_2025-09-08 12_01_54.848-05_00_0.png,2.25,2.084911588818335
1227,2140_LeafPhotoA_2025-09-08 12_01_54.848-05_00_1.png,2.25,2.0556636028082766
1228,2140_LeafPhotoA_2025-09-08 12_01_54.848-05_00_2.png,2.25,1.8686941078048749
1243,5021_LeafPhotoA_2025-09-09 16_37_05.057-05_00_0.png,1.75,1.7141201540520672
1244,5021_LeafPhotoA_2025-09-09 16_37_05.057-05_00_1.png,1.75,1.5822521756011023
1245,5021_LeafPhotoA_2025-09-09 16_37_05.057-05_00_2.png,1.75,1.5039832551483814
1246,5021_LeafPhotoA_2025-09-09 16_37_05.057-05_00_3.png,1.75,1.502267238099232
1285,5006_LeafPhotoA_2025-09-09 16_01_39.048-05_00_0.png,1.25,1.4767477209752755
1286,5006_LeafPhotoA_2025-09-09 16_01_39.048-05_00_1.png,1.25,1.4274642630116716
1287,5006_LeafPhotoA_2025-09-09 16_01_39.048-05_00_2.png,1.25,1.4941693860364906
1288,5006_LeafPhotoA_2025-09-09 16_01_39.048-05_00_3.png,1.25,1.4926426095565508
1289,1157_LeafPhotoA_2025-09-08 16_50_24.357-05_00_0.png,2.5,2.0722706958208827
1290,1157_LeafPhotoA_2025-09-08 16_50_24.357-05_00_1.png,2.5,2.2685034613420956
1291,1157_LeafPhotoA_2025-09-08 16_50_24.357-05_00_2.png,2.5,2.229344127239022
1300,2956_LeafPhotoA_2025-09-09 15_59_30.545-05_00_0.png,1.5,1.8365349200606438
1301,2956_LeafPhotoA_2025-09-09 15_59_30.545-05_00_1.png,1.5,1.8972889593475373
1302,2956_LeafPhotoA_2025-09-09 15_59_30.545-05_00_2.png,1.5,1.78896701570381
1303,2956_LeafPhotoA_2025-09-09 15_59_30.545-05_00_3.png,1.5,1.7672518265497297
1304,1638_LeafPhotoA_2025-09-09 10_27_46.342-05_00_0.png,2.5,2.169036989974838
1305,1638_LeafPhotoA_2025-09-09 10_27_46.342-05_00_1.png,2.5,2.699629161177877
1306,1638_LeafPhotoA_2025-09-09 10_27_46.342-05_00_2.png,2.5,2.49199999434717
1307,1638_LeafPhotoA_2025-09-09 10_27_46.342-05_00_3.png,2.5,2.17055970378064
1316,2464_LeafPhotoB_2025-09-08 11_41_40.408-05_00_0.png,2.75,2.350579523649995
1317,2464_LeafPhotoB_2025-09-08 11_41_40.408-05_00_1.png,2.75,2.0441587303023647
1318,2464_LeafPhotoB_2025-09-08 11_41_40.408-05_00_2.png,2.75,1.9254014242444006
1319,2464_LeafPhotoB_2025-09-08 11_41_40.408-05_00_3.png,2.75,1.980000255642031
1324,6043_LeafPhotoA_2025-09-09 16_04_16.208-05_00_0.png,2.0,1.6889753147367568
1325,6043_LeafPhotoA_2025-09-09 16_04_16.208-05_00_1.png,2.0,1.7585120758289037
1326,6043_LeafPhotoA_2025-09-09 16_04_16.208-05_00_2.png,2.0,1.842937897597812
1327,6043_LeafPhotoA_2025-09-09 16_04_16.208-05_00_3.png,2.0,1.82159892790254
1328,1534_LeafPhotoA_2025-09-09 09_32_36.020-05_00_0.png,2.75,2.826904372390863
1329,1534_LeafPhotoA_2025-09-09 09_32_36.020-05_00_1.png,2.75,2.602672910095365
1330,1534_LeafPhotoA_2025-09-09 09_32_36.020-05_00_2.png,2.75,2.1742337922494173
1331,1534_LeafPhotoA_2025-09-09 09_32_36.020-05_00_3.png,2.75,1.8040480470265587
1336,,1.0,1.5185571489390057
1337,2453_LeafPhotoB_2025-09-08 11_30_51.747-05_00_0.png,1.75,2.101636749880184
1338,2453_LeafPhotoB_2025-09-08 11_30_51.747-05_00_1.png,1.75,2.093703063045702
1339,2453_LeafPhotoB_2025-09-08 11_30_51.747-05_00_2.png,1.75,2.1170675322269745
1340,2453_LeafPhotoB_2025-09-08 11_30_51.747-05_00_3.png,1.75,2.019304054122264
1341,,2.25,1.5185571489390057
1348,1539_LeafPhotoA_2025-09-09 09_37_58.578-05_00_0.png,2.0,1.8850069713219153
1349,1539_LeafPhotoA_2025-09-09 09_37_58.578-05_00_1.png,2.0,1.9204975199661127
1350,1539_LeafPhotoA_2025-09-09 09_37_58.578-05_00_2.png,2.0,1.9612971846976643
1351,1539_LeafPhotoA_2025-09-09 09_37_58.578-05_00_3.png,2.0,1.9288472986489007
1375,,2.75,1.5185571489390057
1404,2505_LeafPhotoA_2025-09-09 10_00_57.054-05_00_0.png,1.25,1.5613894306332747
1405,2505_LeafPhotoA_2025-09-09 10_00_57.054-05_00_1.png,1.25,1.7710059201285246
1406,2505_LeafPhotoA_2025-09-09 10_00_57.054-05_00_2.png,1.25,1.6763276471859228
1407,2505_LeafPhotoA_2025-09-09 10_00_57.054-05_00_3.png,1.25,1.7354891560927141
1408,1479_LeafPhotoB_2025-09-08 16_43_58.192-05_00_0.png,2.25,1.8708465739130045
1409,1479_LeafPhotoB_2025-09-08 16_43_58.192-05_00_1.png,2.25,1.9714113785023355
1410,1479_LeafPhotoB_2025-09-08 16_43_58.192-05_00_2.png,2.25,2.041616684039426
1411,1479_LeafPhotoB_2025-09-08 16_43_58.192-05_00_3.png,2.25,2.148403691298975
1420,5016_LeafPhotoA_2025-09-09 16_24_50.932-05_00_0.png,1.0,1.4790770290215693
1421,5016_LeafPhotoA_2025-09-09 16_24_50.932-05_00_1.png,1.0,1.4321229089376808
1422,5016_LeafPhotoA_2025-09-09 16_24_50.932-05_00_2.png,1.0,1.4260858642454044
1423,5016_LeafPhotoA_2025-09-09 16_24_50.932-05_00_3.png,1.0,1.5017045438772272
1431,,1.25,1.5185571489390057
1436,1385_LeafPhotoA_2025-09-08 13_04_24.143-05_00_0.png,2.0,1.6928634613996578
1437,1385_LeafPhotoA_2025-09-08 13_04_24.143-05_00_1.png,2.0,1.7206439007275387
1438,1385_LeafPhotoA_2025-09-08 13_04_24.143-05_00_2.png,2.0,1.9933820832778102
1450,,1.25,1.5185571489390057
1465,1391_LeafPhotoA_2025-09-08 13_11_35.950-05_00_0.png,4.5,3.25586912488741
1466,1391_LeafPhotoA_2025-09-08 13_11_35.950-05_00_1.png,4.5,3.512257153534834
1467,1391_LeafPhotoA_2025-09-08 13_11_35.950-05_00_2.png,4.5,3.4879510886336407
1468,1391_LeafPhotoA_2025-09-08 13_11_35.950-05_00_3.png,4.5,3.4003000008744375
1497,,2.0,1.5185571489390057
1502,2145_LeafPhotoA_2025-09-08 12_12_59.236-05_00_0.png,2.0,1.845378225007761
1503,2145_LeafPhotoA_2025-09-08 12_12_59.236-05_00_1.png,2.0,1.710019926093212
1504,2145_LeafPhotoA_2025-09-08 12_12_59.236-05_00_2.png,2.0,2.1618296685577065
1505,2145_LeafPhotoA_2025-09-08 12_12_59.236-05_00_3.png,2.0,2.0803981084718184
1528,1941_LeafPhotoA_2025-09-09 15_40_00.245-05_00_0.png,2.0,1.8785971394325804
1529,1941_LeafPhotoA_2025-09-09 15_40_00.245-05_00_1.png,2.0,1.9794899659204617
1530,1941_LeafPhotoA_2025-09-09 15_40_00.245-05_00_2.png,2.0,2.049738468746598
1535,1118_LeafPhotoA_2025-09-08 10_02_17.783-05_00_0.png,1.75,1.767373347810171
1536,1118_LeafPhotoA_2025-09-08 10_02_17.783-05_00_1.png,1.75,1.6754125890570217
1537,1118_LeafPhotoA_2025-09-08 10_02_17.783-05_00_2.png,1.75,1.7815318818125039
1538,1118_LeafPhotoA_2025-09-08 10_02_17.783-05_00_3.png,1.75,2.0185539089071396
1539,2030_LeafPhotoA_2025-09-08 11_08_05.704-05_00_0.png,1.75,1.629696938636589
1540,2030_LeafPhotoA_2025-09-08 11_08_05.704-05_00_1.png,1.75,1.7647567852697372
1541,2030_LeafPhotoA_2025-09-08 11_08_05.704-05_00_2.png,1.75,1.8452225305237955
1542,2030_LeafPhotoA_2025-09-08 11_08_05.704-05_00_3.png,1.75,1.6711848875440338
1555,,1.5,1.5185571489390057
1561,1405_LeafPhotoB_2025-09-08 09_59_46.991-05_00_0.png,1.0,1.4002842481762496
1562,1405_LeafPhotoB_2025-09-08 09_59_46.991-05_00_1.png,1.0,1.4603306972444687
1563,1405_LeafPhotoB_2025-09-08 09_59_46.991-05_00_2.png,1.0,1.6819120545172817
1564,1405_LeafPhotoB_2025-09-08 09_59_46.991-05_00_3.png,1.0,1.6639895735539725
1573,1603_LeafPhotoA_2025-09-09 08_56_04.202-05_00_0.png,2.75,2.0396167487644377
1574,1603_LeafPhotoA_2025-09-09 08_56_04.202-05_00_1.png,2.75,1.9928722342691592
1575,1603_LeafPhotoA_2025-09-09 08_56_04.202-05_00_2.png,2.75,1.9830304929472389
1576,1603_LeafPhotoA_2025-09-09 08_56_04.202-05_00_3.png,2.75,2.070161310701896
1611,2186_LeafPhotoA_2025-09-09 12_31_18.903-05_00_0.png,2.75,3.025873889973385
1612,2186_LeafPhotoA_2025-09-09 12_31_18.903-05_00_1.png,2.75,3.2967106589096993
1613,2186_LeafPhotoA_2025-09-09 12_31_18.903-05_00_2.png,2.75,3.5834900327664574
1614,2186_LeafPhotoA_2025-09-09 12_31_18.903-05_00_3.png,2.75,3.725109623387717
1643,1385_LeafPhotoA_2025-09-08 13_05_07.306-05_00_0.png,2.75,2.039968014378603
1644,1385_LeafPhotoA_2025-09-08 13_05_07.306-05_00_1.png,2.75,1.9353941330145512
1645,1385_LeafPhotoA_2025-09-08 13_05_07.306-05_00_2.png,2.75,1.5933001185704234
1646,1385_LeafPhotoA_2025-09-08 13_05_07.306-05_00_3.png,2.75,1.602559718748369
1680,1534_LeafPhotoA_2025-09-09 09_32_49.938-05_00_0.png,1.25,1.9935038565168792
1681,1534_LeafPhotoA_2025-09-09 09_32_49.938-05_00_1.png,1.25,1.9725757422858572
1682,1534_LeafPhotoA_2025-09-09 09_32_49.938-05_00_2.png,1.25,1.9263467534881147
1683,1534_LeafPhotoA_2025-09-09 09_32_49.938-05_00_3.png,1.25,1.8525473731755537
1710,1210_LeafPhotoA_2025-09-08 09_38_24.164-05_00_0.png,1.25,1.6799047896708985
1711,1210_LeafPhotoA_2025-09-08 09_38_24.164-05_00_1.png,1.25,1.6203459110562297
1712,1210_LeafPhotoA_2025-09-08 09_38_24.164-05_00_2.png,1.25,1.5261906110490076
1713,1210_LeafPhotoA_2025-09-08 09_38_24.164-05_00_3.png,1.25,1.587711930930051
1743,2118_LeafPhotoA_2025-09-08 11_24_23.851-05_00_0.png,3.0,2.9377105696362777
1744,2118_LeafPhotoA_2025-09-08 11_24_23.851-05_00_1.png,3.0,2.793900443985943
1745,2118_LeafPhotoA_2025-09-08 11_24_23.851-05_00_2.png,3.0,2.8946843084944334
1746,2118_LeafPhotoA_2025-09-08 11_24_23.851-05_00_3.png,3.0,2.6599686303414303
1773,1351_LeafPhotoA_2025-09-08 12_28_03.896-05_00_0.png,2.0,1.725693416812804
1774,1351_LeafPhotoA_2025-09-08 12_28_03.896-05_00_1.png,2.0,1.7627666316204447
1775,1351_LeafPhotoA_2025-09-08 12_28_03.896-05_00_2.png,2.0,1.8608493055697857
1788,2796_LeafPhotoA_2025-09-09 11_09_54.572-05_00_0.png,1.5,1.7647326996806711
1789,2796_LeafPhotoA_2025-09-09 11_09_54.572-05_00_1.png,1.5,1.7757000777202134
1790,2796_LeafPhotoA_2025-09-09 11_09_54.572-05_00_2.png,1.5,1.8618540492982256
1791,2796_LeafPhotoA_2025-09-09 11_09_54.572-05_00_3.png,1.5,1.978026644827048
1824,1809_LeafPhotoA_2025-09-09 09_04_05.610-05_00_0.png,2.25,1.9985002572153203
1825,1809_LeafPhotoA_2025-09-09 09_04_05.610-05_00_1.png,2.25,2.0367137694673842
1826,1809_LeafPhotoA_2025-09-09 09_04_05.610-05_00_2.png,2.25,1.8849327572595629
1827,1809_LeafPhotoA_2025-09-09 09_04_05.610-05_00_3.png,2.25,1.936382168967031
1828,1897_LeafPhotoA_2025-09-09 17_20_57.001-05_00_0.png,1.5,1.8735340916219025
1829,1897_LeafPhotoA_2025-09-09 17_20_57.001-05_00_1.png,1.5,2.0263537117243446
1830,1897_LeafPhotoA_2025-09-09 17_20_57.001-05_00_2.png,1.5,2.0954052615958827
1839,1480_LeafPhotoB_2025-09-08 16_45_21.155-05_00_0.png,1.5,1.8239504319841129
1840,1480_LeafPhotoB_2025-09-08 16_45_21.155-05_00_1.png,1.5,1.6581389734666028
1841,1480_LeafPhotoB_2025-09-08 16_45_21.155-05_00_2.png,1.5,1.7372091986074394
1842,1480_LeafPhotoB_2025-09-08 16_45_21.155-05_00_3.png,1.5,1.830670884670886
1847,1921_LeafPhotoA_2025-09-09 15_12_57.015-05_00_0.png,2.5,2.4966561324852385
1848,1921_LeafPhotoA_2025-09-09 15_12_57.015-05_00_1.png,2.5,2.336894837223858
1849,1921_LeafPhotoA_2025-09-09 15_12_57.015-05_00_2.png,2.5,2.3882802679521293
1850,1921_LeafPhotoA_2025-09-09 15_12_57.015-05_00_3.png,2.5,2.4456870718035915
1851,2274_LeafPhotoA_2025-09-08 17_09_38.644-05_00_0.png,2.0,1.9258807468250916
1852,2274_LeafPhotoA_2025-09-08 17_09_38.644-05_00_1.png,2.0,1.9284265252600319
1853,2274_LeafPhotoA_2025-09-08 17_09_38.644-05_00_2.png,2.0,2.028916600528115
1854,2274_LeafPhotoA_2025-09-08 17_09_38.644-05_00_3.png,2.0,2.1397994103715128
1859,,3.5,1.5185571489390057
1879,1427_LeafPhotoA_2025-09-08 09_50_09.893-05_00_0.png,2.5,1.85803205057595
1880,1427_LeafPhotoA_2025-09-08 09_50_09.893-05_00_1.png,2.5,1.9325292858411678
1881,1427_LeafPhotoA_2025-09-08 09_50_09.893-05_00_2.png,2.5,2.1319097623343835
1882,1427_LeafPhotoA_2025-09-08 09_50_09.893-05_00_3.png,2.5,2.3184559662621407
1887,6043_LeafPhotoA_2025-09-09 16_04_58.355-05_00_0.png,1.75,1.7674231407057217
1888,6043_LeafPhotoA_2025-09-09 16_04_58.355-05_00_1.png,1.75,1.7459299232893215
1889,6043_LeafPhotoA_2025-09-09 16_04_58.355-05_00_2.png,1.75,1.7275955493084691
1890,6043_LeafPhotoA_2025-09-09 16_04_58.355-05_00_3.png,1.75,1.6325222046897137
1910,2489_LeafPhotoB_2025-09-08 12_04_49.131-05_00_0.png,2.5,2.1273529340201516
1911,2489_LeafPhotoB_2025-09-08 12_04_49.131-05_00_1.png,2.5,2.2735769849761818
1912,2489_LeafPhotoB_2025-09-08 12_04_49.131-05_00_2.png,2.5,2.172093502789563
1913,2489_LeafPhotoB_2025-09-08 12_04_49.131-05_00_3.png,2.5,2.1235157984900237
1920,1792_LeafPhotoA_2025-09-09 09_08_36.909-05_00_0.png,1.75,1.8018252922003304
1921,1792_LeafPhotoA_2025-09-09 09_08_36.909-05_00_1.png,1.75,1.6202974810948658
1922,1792_LeafPhotoA_2025-09-09 09_08_36.909-05_00_2.png,1.75,1.6013768708152667
1923,1792_LeafPhotoA_2025-09-09 09_08_36.909-05_00_3.png,1.75,1.5998761776565684
1932,1037_LeafPhotoA_2025-09-08 10_14_34.857-05_00_0.png,2.25,1.9557596705705496
1933,1037_LeafPhotoA_2025-09-08 10_14_34.857-05_00_1.png,2.25,1.620489441980289
1934,1037_LeafPhotoA_2025-09-08 10_14_34.857-05_00_2.png,2.25,1.5348222413792991
1935,1037_LeafPhotoA_2025-09-08 10_14_34.857-05_00_3.png,2.25,1.5887662130772142
1960,1576_LeafPhotoA_2025-09-09 09_52_24.983-05_00_0.png,1.25,1.5553375587489244
1961,1576_LeafPhotoA_2025-09-09 09_52_24.983-05_00_1.png,1.25,1.5700933139465443
1962,1576_LeafPhotoA_2025-09-09 09_52_24.983-05_00_2.png,1.25,1.574500531320674
1963,1576_LeafPhotoA_2025-09-09 09_52_24.983-05_00_3.png,1.25,1.4872179589537253
1964,1747_LeafPhotoA_2025-09-09 10_05_14.099-05_00_0.png,3.5,3.1466197360592174
1965,1747_LeafPhotoA_2025-09-09 10_05_14.099-05_00_1.png,3.5,3.4904674548367196
1966,1747_LeafPhotoA_2025-09-09 10_05_14.099-05_00_2.png,3.5,3.4725243828588197
1967,1747_LeafPhotoA_2025-09-09 10_05_14.099-05_00_3.png,3.5,3.3719679922156325
1968,,3.25,1.5185571489390057
1977,2394_LeafPhotoA_2025-09-08 12_19_19.139-05_00_0.png,2.75,2.152013604916917
1978,2394_LeafPhotoA_2025-09-08 12_19_19.139-05_00_1.png,2.75,2.2625330599080344
1979,2394_LeafPhotoA_2025-09-08 12_19_19.139-05_00_2.png,2.75,2.4233108323377053
1980,2394_LeafPhotoA_2025-09-08 12_19_19.139-05_00_3.png,2.75,2.810568498509733
1981,2277_LeafPhotoA_2025-09-08 17_02_56.416-05_00_0.png,2.25,1.9948233054650657
1982,2277_LeafPhotoA_2025-09-08 17_02_56.416-05_00_1.png,2.25,1.9454474871426306
1983,2277_LeafPhotoA_2025-09-08 17_02_56.416-05_00_2.png,2.25,1.9101321342647288
2019,1405_LeafPhotoA_2025-09-08 09_26_00.409-05_00_0.png,1.25,1.7324397549891108
2020,1405_LeafPhotoA_2025-09-08 09_26_00.409-05_00_1.png,1.25,1.5408639913135007
2021,1405_LeafPhotoA_2025-09-08 09_26_00.409-05_00_2.png,1.25,1.495501269828222
2022,1405_LeafPhotoA_2025-09-08 09_26_00.409-05_00_3.png,1.25,1.5138540758978174
2055,2590_LeafPhotoA_2025-09-09 10_31_27.084-05_00_0.png,1.5,1.7370149806320567
2056,2590_LeafPhotoA_2025-09-09 10_31_27.084-05_00_1.png,1.5,1.6750795539264143
2057,2590_LeafPhotoA_2025-09-09 10_31_27.084-05_00_2.png,1.5,1.6976675058714286
2058,2590_LeafPhotoA_2025-09-09 10_31_27.084-05_00_3.png,1.5,1.6626591481864812
2075,1171_LeafPhotoA_2025-09-08 16_30_33.870-05_00_0.png,2.0,1.7061661846240397
2076,1171_LeafPhotoA_2025-09-08 16_30_33.870-05_00_1.png,2.0,1.8915435624021861
2077,1171_LeafPhotoA_2025-09-08 16_30_33.870-05_00_2.png,2.0,1.9936101958072112
2078,1171_LeafPhotoA_2025-09-08 16_30_33.870-05_00_3.png,2.0,1.9176892615777215
2087,6018_LeafPhotoA_2025-09-09 16_46_19.898-05_00_0.png,1.25,1.3865997407828998
2088,6018_LeafPhotoA_2025-09-09 16_46_19.898-05_00_1.png,1.25,1.5953293109807705
2089,6018_LeafPhotoA_2025-09-09 16_46_19.898-05_00_2.png,1.25,1.6819831945713808
2090,6018_LeafPhotoA_2025-09-09 16_46_19.898-05_00_3.png,1.25,1.5198037187552822
2091,2935_LeafPhotoA_2025-09-09 16_33_34.724-05_00_0.png,1.5,1.5356385485698076
2092,2935_LeafPhotoA_2025-09-09 16_33_34.724-05_00_1.png,1.5,1.5915843807156573
2093,2935_LeafPhotoA_2025-09-09 16_33_34.724-05_00_2.png,1.5,1.5717807092691223
2094,2935_LeafPhotoA_2025-09-09 16_33_34.724-05_00_3.png,1.5,1.4033783855235216
2103,1240_LeafPhotoA_2025-09-08 10_28_24.122-05_00_0.png,1.5,1.7270280025446803
2104,1240_LeafPhotoA_2025-09-08 10_28_24.122-05_00_1.png,1.5,1.6781071291848308
2105,1240_LeafPhotoA_2025-09-08 10_28_24.122-05_00_2.png,1.5,1.6771724671674957
2106,1240_LeafPhotoA_2025-09-08 10_28_24.122-05_00_3.png,1.5,1.6805113521387318
2129,2091_LeafPhotoA_2025-09-08 12_28_15.428-05_00_0.png,2.75,2.018239363597733
2130,2091_LeafPhotoA_2025-09-08 12_28_15.428-05_00_1.png,2.75,1.9492329704783617
2131,2091_LeafPhotoA_2025-09-08 12_28_15.428-05_00_2.png,2.75,1.9665587889103384
2132,2091_LeafPhotoA_2025-09-08 12_28_15.428-05_00_3.png,2.75,1.8015851178754392
2149,1324_LeafPhotoA_2025-09-08 09_47_08.944-05_00_0.png,2.0,1.8589009227571527
2150,1324_LeafPhotoA_2025-09-08 09_47_08.944-05_00_1.png,2.0,1.8235354254462097
2151,1324_LeafPhotoA_2025-09-08 09_47_08.944-05_00_2.png,2.0,1.7735778394211783
2152,1324_LeafPhotoA_2025-09-08 09_47_08.944-05_00_3.png,2.0,1.8359737548877204
2177,1098_LeafPhotoA_2025-09-09 11_09_21.218-05_00_0.png,1.25,1.9934544706548496
2178,1098_LeafPhotoA_2025-09-09 11_09_21.218-05_00_1.png,1.25,1.9856553799214511
2179,1098_LeafPhotoA_2025-09-09 11_09_21.218-05_00_2.png,1.25,1.957388723625072
2180,1098_LeafPhotoA_2025-09-09 11_09_21.218-05_00_3.png,1.25,1.767867074935995
2184,2097_LeafPhotoA_2025-09-08 12_33_49.300-05_00_0.png,1.5,1.865597358816472
2185,2097_LeafPhotoA_2025-09-08 12_33_49.300-05_00_1.png,1.5,1.862418740679202
2186,2097_LeafPhotoA_2025-09-08 12_33_49.300-05_00_2.png,1.5,1.8138718395722668
2187,2097_LeafPhotoA_2025-09-08 12_33_49.300-05_00_3.png,1.5,1.9016779537327135
2214,1876_LeafPhotoA_2025-09-09 17_04_03.852-05_00_0.png,2.25,1.9860677960025859
2215,1876_LeafPhotoA_2025-09-09 17_04_03.852-05_00_1.png,2.25,1.9330826841139697
2216,1876_LeafPhotoA_2025-09-09 17_04_03.852-05_00_2.png,2.25,1.9131951840165118
2217,1876_LeafPhotoA_2025-09-09 17_04_03.852-05_00_3.png,2.25,1.7958795019224945
2231,1405_LeafPhotoB_2025-09-08 10_00_01.542-05_00_0.png,1.5,1.666085941724522
2232,1405_LeafPhotoB_2025-09-08 10_00_01.542-05_00_1.png,1.5,1.7371770863201659
2233,1405_LeafPhotoB_2025-09-08 10_00_01.542-05_00_2.png,1.5,1.593777808609947
2234,1405_LeafPhotoB_2025-09-08 10_00_01.542-05_00_3.png,1.5,1.6698768773446855
2263,1562_LeafPhotoA_2025-09-09 10_11_10.077-05_00_0.png,1.0,1.6067117166163942
2264,1562_LeafPhotoA_2025-09-09 10_11_10.077-05_00_1.png,1.0,1.5509212357076632
2265,1562_LeafPhotoA_2025-09-09 10_11_10.077-05_00_2.png,1.0,1.5805190802784894
2266,1562_LeafPhotoA_2025-09-09 10_11_10.077-05_00_3.png,1.0,1.6957675000693198
2268,5028_LeafPhotoA_2025-09-09 16_52_02.474-05_00_0.png,2.25,2.8301165248096836
2269,5028_LeafPhotoA_2025-09-09 16_52_02.474-05_00_1.png,2.25,2.6735506705438734
2270,5028_LeafPhotoA_2025-09-09 16_52_02.474-05_00_2.png,2.25,2.4874933640128454
2271,5028_LeafPhotoA_2025-09-09 16_52_02.474-05_00_3.png,2.25,2.3353796166155387
2272,1659_LeafPhotoA_2025-09-09 10_11_01.636-05_00_0.png,1.5,1.5066823494447692
2273,1659_LeafPhotoA_2025-09-09 10_11_01.636-05_00_1.png,1.5,1.8362316523896336
2274,1659_LeafPhotoA_2025-09-09 10_11_01.636-05_00_2.png,1.5,1.9090970183698628
2279,1479_LeafPhotoB_2025-09-08 16_43_30.857-05_00_0.png,1.75,1.847946984129078
2280,1479_LeafPhotoB_2025-09-08 16_43_30.857-05_00_1.png,1.75,2.0671884176853124
2281,1479_LeafPhotoB_2025-09-08 16_43_30.857-05_00_2.png,1.75,2.057794940173881
2282,1479_LeafPhotoB_2025-09-08 16_43_30.857-05_00_3.png,1.75,2.2214967109639394
2290,2090_LeafPhotoA_2025-09-08 12_27_18.336-05_00_0.png,1.0,1.5466295960057201
2291,2090_LeafPhotoA_2025-09-08 12_27_18.336-05_00_1.png,1.0,1.5506023515930882
2292,2090_LeafPhotoA_2025-09-08 12_27_18.336-05_00_2.png,1.0,1.4661945173419637
2293,2090_LeafPhotoA_2025-09-08 12_27_18.336-05_00_3.png,1.0,1.4616847147064098
2314,2449_LeafPhotoB_2025-09-08 11_23_39.370-05_00_0.png,2.0,1.7420863300383196
2315,2449_LeafPhotoB_2025-09-08 11_23_39.370-05_00_1.png,2.0,1.9213366366941138
2316,2449_LeafPhotoB_2025-09-08 11_23_39.370-05_00_2.png,2.0,1.9977227911219522
2317,2449_LeafPhotoB_2025-09-08 11_23_39.370-05_00_3.png,2.0,2.0243898761976116
2318,1187_LeafPhotoA_2025-09-08 16_03_30.325-05_00_0.png,2.0,1.9408567298888857
2319,1187_LeafPhotoA_2025-09-08 16_03_30.325-05_00_1.png,2.0,1.9416321679051936
2320,1187_LeafPhotoA_2025-09-08 16_03_30.325-05_00_2.png,2.0,1.962645758334964
2321,1187_LeafPhotoA_2025-09-08 16_03_30.325-05_00_3.png,2.0,1.9615653954734964
2326,1600_LeafPhotoA_2025-09-09 10_22_37.520-05_00_0.png,2.0,1.6610265672338285
2327,1600_LeafPhotoA_2025-09-09 10_22_37.520-05_00_1.png,2.0,1.5302199547380848
2328,1600_LeafPhotoA_2025-09-09 10_22_37.520-05_00_2.png,2.0,1.390271464377987
2340,2078_LeafPhotoA_2025-09-08 12_14_10.635-05_00_0.png,2.75,1.8567640162796661
2341,2078_LeafPhotoA_2025-09-08 12_14_10.635-05_00_1.png,2.75,1.9203941262475277
2342,2078_LeafPhotoA_2025-09-08 12_14_10.635-05_00_2.png,2.75,1.9614476196976092
2343,2078_LeafPhotoA_2025-09-08 12_14_10.635-05_00_3.png,2.75,1.9557050690873146
2356,2952_LeafPhotoA_2025-09-09 15_55_46.839-05_00_0.png,2.5,2.193678315338182
2357,2952_LeafPhotoA_2025-09-09 15_55_46.839-05_00_1.png,2.5,2.1797524610886416
2366,2541_LeafPhotoA_2025-09-09 10_40_27.804-05_00_0.png,1.75,2.0699720952019476
2367,2541_LeafPhotoA_2025-09-09 10_40_27.804-05_00_1.png,1.75,2.1183580487374143
2368,2541_LeafPhotoA_2025-09-09 10_40_27.804-05_00_2.png,1.75,2.0283747302520654
2369,2541_LeafPhotoA_2025-09-09 10_40_27.804-05_00_3.png,1.75,2.064769413990294
2409,1188_LeafPhotoA_2025-09-08 16_01_44.544-05_00_0.png,2.25,2.319587266012439
2410,1188_LeafPhotoA_2025-09-08 16_01_44.544-05_00_1.png,2.25,2.117345651040674
2411,1188_LeafPhotoA_2025-09-08 16_01_44.544-05_00_2.png,2.25,1.8184997379909833
2442,2114_LeafPhotoA_2025-09-08 11_14_43.534-05_00_0.png,1.75,1.780130242351011
2443,2114_LeafPhotoA_2025-09-08 11_14_43.534-05_00_1.png,1.75,1.8046732254928515
2444,2114_LeafPhotoA_2025-09-08 11_14_43.534-05_00_2.png,1.75,1.7838093165313709
2445,2114_LeafPhotoA_2025-09-08 11_14_43.534-05_00_3.png,1.75,1.7512292419496236
2450,2578_LeafPhotoA_2025-09-09 10_42_22.010-05_00_0.png,1.75,1.4019643372650086
2451,2578_LeafPhotoA_2025-09-09 10_42_22.010-05_00_1.png,1.75,1.4477692140617604
2452,2578_LeafPhotoA_2025-09-09 10_42_22.010-05_00_2.png,1.75,1.625664065611675
2453,2578_LeafPhotoA_2025-09-09 10_42_22.010-05_00_3.png,1.75,1.5741982519812925
2471,2649_LeafPhotoA_2025-09-09 11_26_00.362-05_00_0.png,2.25,2.02200479736659
2472,2649_LeafPhotoA_2025-09-09 11_26_00.362-05_00_1.png,2.25,1.9146005718057524
2473,2649_LeafPhotoA_2025-09-09 11_26_00.362-05_00_2.png,2.25,1.8714496661024071
2474,2649_LeafPhotoA_2025-09-09 11_26_00.362-05_00_3.png,2.25,1.9116666706925138
2479,1434_LeafPhotoB_2025-09-08 10_25_56.347-05_00_0.png,1.75,1.4699532587362882
2480,1434_LeafPhotoB_2025-09-08 10_25_56.347-05_00_1.png,1.75,1.5652888639715876
2481,1434_LeafPhotoB_2025-09-08 10_25_56.347-05_00_2.png,1.75,1.4488185432733034
2482,1434_LeafPhotoB_2025-09-08 10_25_56.347-05_00_3.png,1.75,1.436024939697116
2486,2458_LeafPhotoB_2025-09-08 11_35_26.865-05_00_0.png,1.25,1.747741176742287
2487,2458_LeafPhotoB_2025-09-08 11_35_26.865-05_00_1.png,1.25,1.6936161319371097
2488,2458_LeafPhotoB_2025-09-08 11_35_26.865-05_00_2.png,1.25,1.5965973677393828
2489,2458_LeafPhotoB_2025-09-08 11_35_26.865-05_00_3.png,1.25,1.539083626677922
2502,5011_LeafPhotoA_2025-09-09 16_15_48.428-05_00_0.png,1.75,2.0056092988954948
2503,5011_LeafPhotoA_2025-09-09 16_15_48.428-05_00_1.png,1.75,1.7673758934912893
2504,5011_LeafPhotoA_2025-09-09 16_15_48.428-05_00_2.png,1.75,1.6923469546449414
2505,5011_LeafPhotoA_2025-09-09 16_15_48.428-05_00_3.png,1.75,1.7824104635877316
2509,1916_LeafPhotoA_2025-09-09 14_55_34.742-05_00_0.png,2.25,1.746719339579354
2510,1916_LeafPhotoA_2025-09-09 14_55_34.742-05_00_1.png,2.25,1.5960839756205567
2511,1916_LeafPhotoA_2025-09-09 14_55_34.742-05_00_2.png,2.25,1.845380465759409
2512,1916_LeafPhotoA_2025-09-09 14_55_34.742-05_00_3.png,2.25,1.9187262300178325
2523,2991_LeafPhotoA_2025-09-09 16_44_34.559-05_00_0.png,2.25,1.9789406223949435
2524,2991_LeafPhotoA_2025-09-09 16_44_34.559-05_00_1.png,2.25,2.0649602395543156
2525,2991_LeafPhotoA_2025-09-09 16_44_34.559-05_00_2.png,2.25,1.9861485866631101
2526,2991_LeafPhotoA_2025-09-09 16_44_34.559-05_00_3.png,2.25,1.6449700329071952
2527,2844_LeafPhotoA_2025-09-09 11_13_34.394-05_00_0.png,2.5,2.116378646265316
2531,2722_LeafPhotoA_2025-09-09 10_43_28.841-05_00_0.png,3.5,2.9372048118934755
2532,2722_LeafPhotoA_2025-09-09 10_43_28.841-05_00_1.png,3.5,3.3098616116371984
2533,2722_LeafPhotoA_2025-09-09 10_43_28.841-05_00_2.png,3.5,3.3576312937470965
2538,2453_LeafPhotoB_2025-09-08 11_31_31.055-05_00_0.png,1.5,1.9627201884144725
2539,2453_LeafPhotoB_2025-09-08 11_31_31.055-05_00_1.png,1.5,1.84571753552417
2540,2453_LeafPhotoB_2025-09-08 11_31_31.055-05_00_2.png,1.5,1.8261991838275464
2541,2453_LeafPhotoB_2025-09-08 11_31_31.055-05_00_3.png,1.5,1.824872681091323
2555,1425_LeafPhotoA_2025-09-08 09_47_28.860-05_00_0.png,1.5,1.7620999160220707
2556,1425_LeafPhotoA_2025-09-08 09_47_28.860-05_00_1.png,1.5,1.7620555626702599
2557,1425_LeafPhotoA_2025-09-08 09_47_28.860-05_00_2.png,1.5,1.7226023725881743
2558,1425_LeafPhotoA_2025-09-08 09_47_28.860-05_00_3.png,1.5,1.6698107870881918
2571,,2.5,1.5185571489390057
2583,,1.25,1.5185571489390057
2588,2107_LeafPhotoA_2025-09-08 11_02_37.715-05_00_0.png,1.25,1.559828645535859
2589,2107_LeafPhotoA_2025-09-08 11_02_37.715-05_00_1.png,1.25,1.4761594829131357
2590,2107_LeafPhotoA_2025-09-08 11_02_37.715-05_00_2.png,1.25,1.469729628663284
2591,2107_LeafPhotoA_2025-09-08 11_02_37.715-05_00_3.png,1.25,1.552756538223077
2670,2648_LeafPhotoA_2025-09-09 11_27_06.528-05_00_0.png,1.25,1.573950333819998
2671,2648_LeafPhotoA_2025-09-09 11_27_06.528-05_00_1.png,1.25,1.5256427708737266
2672,2648_LeafPhotoA_2025-09-09 11_27_06.528-05_00_2.png,1.25,1.5435883789950156
2673,2648_LeafPhotoA_2025-09-09 11_27_06.528-05_00_3.png,1.25,1.5072664552724542
2691,1500_LeafPhotoB_2025-09-08 12_25_38.479-05_00_0.png,1.75,1.58871704908922
2692,1500_LeafPhotoB_2025-09-08 12_25_38.479-05_00_1.png,1.75,1.5642372648407972
2693,1500_LeafPhotoB_2025-09-08 12_25_38.479-05_00_2.png,1.75,1.6518271307497425
2694,1500_LeafPhotoB_2025-09-08 12_25_38.479-05_00_3.png,1.75,1.6457335361872172
2723,1893_LeafPhotoA_2025-09-09 12_59_38.775-05_00_0.png,2.0,1.6054413318248337
2724,1893_LeafPhotoA_2025-09-09 12_59_38.775-05_00_1.png,2.0,1.475129822802327
2725,1893_LeafPhotoA_2025-09-09 12_59_38.775-05_00_2.png,2.0,1.5572515668818512
2726,1893_LeafPhotoA_2025-09-09 12_59_38.775-05_00_3.png,2.0,1.4705740532405218
2737,2893_LeafPhotoA_2025-09-09 13_59_49.093-05_00_0.png,2.25,2.192641238153185
2738,2893_LeafPhotoA_2025-09-09 13_59_49.093-05_00_1.png,2.25,2.2186844756134505
2739,2893_LeafPhotoA_2025-09-09 13_59_49.093-05_00_2.png,2.25,1.9254101411466942
2740,2893_LeafPhotoA_2025-09-09 13_59_49.093-05_00_3.png,2.25,1.8135143333041333
2745,2711_LeafPhotoA_2025-09-09 10_28_23.854-05_00_0.png,2.5,2.347539517717512
2746,2711_LeafPhotoA_2025-09-09 10_28_23.854-05_00_1.png,2.5,2.3266970369685027
2747,2711_LeafPhotoA_2025-09-09 10_28_23.854-05_00_2.png,2.5,2.0800630224487726
2748,2711_LeafPhotoA_2025-09-09 10_28_23.854-05_00_3.png,2.5,2.2629686132178164
2758,1287_LeafPhotoA_2025-09-08 16_00_42.513-05_00_0.png,3.0,2.4632648839002833
2759,1287_LeafPhotoA_2025-09-08 16_00_42.513-05_00_1.png,3.0,2.250997170525446
2760,1287_LeafPhotoA_2025-09-08 16_00_42.513-05_00_2.png,3.0,2.2747628782197755
2765,1427_LeafPhotoB_2025-09-08 10_20_17.635-05_00_0.png,2.25,2.4393535298013824
2766,1427_LeafPhotoB_2025-09-08 10_20_17.635-05_00_1.png,2.25,2.4742717806533956
2767,1427_LeafPhotoB_2025-09-08 10_20_17.635-05_00_2.png,2.25,2.3278298264638457
2768,1427_LeafPhotoB_2025-09-08 10_20_17.635-05_00_3.png,2.25,2.6170201479672492
2770,6044_LeafPhotoA_2025-09-09 16_03_00.837-05_00_0.png,1.5,1.6868447731278962
2771,6044_LeafPhotoA_2025-09-09 16_03_00.837-05_00_1.png,1.5,1.740236728737164
2772,6044_LeafPhotoA_2025-09-09 16_03_00.837-05_00_2.png,1.5,1.7423459410829638
2773,6044_LeafPhotoA_2025-09-09 16_03_00.837-05_00_3.png,1.5,1.7005846401539852
2815,2090_LeafPhotoA_2025-09-08 12_27_42.323-05_00_0.png,1.25,1.4442684239028085
2816,2090_LeafPhotoA_2025-09-08 12_27_42.323-05_00_1.png,1.25,1.3799835938351075
2817,2090_LeafPhotoA_2025-09-08 12_27_42.323-05_00_2.png,1.25,1.4285078160546667
2818,2090_LeafPhotoA_2025-09-08 12_27_42.323-05_00_3.png,1.25,1.3944498068433229
2841,,3.0,1.5185571489390057
2850,2210_LeafPhotoA_2025-09-08 11_00_04.684-05_00_0.png,1.25,1.3612848917656015
2851,2210_LeafPhotoA_2025-09-08 11_00_04.684-05_00_1.png,1.25,1.3723777253945002
2852,2210_LeafPhotoA_2025-09-08 11_00_04.684-05_00_2.png,1.25,1.4281964836472845
2853,2210_LeafPhotoA_2025-09-08 11_00_04.684-05_00_3.png,1.25,1.436870702746041
2904,1495_LeafPhotoB_2025-09-08 16_59_36.020-05_00_0.png,2.5,1.6734824016390397
2905,1495_LeafPhotoB_2025-09-08 16_59_36.020-05_00_1.png,2.5,1.7552671479908428
2906,1495_LeafPhotoB_2025-09-08 16_59_36.020-05_00_2.png,2.5,1.7011647072840816
2907,1495_LeafPhotoB_2025-09-08 16_59_36.020-05_00_3.png,2.5,1.7691776068385723
2912,5030_LeafPhotoA_2025-09-09 16_55_05.294-05_00_0.png,1.25,1.6364065561832695
2913,5030_LeafPhotoA_2025-09-09 16_55_05.294-05_00_1.png,1.25,1.7736018306464536
2914,5030_LeafPhotoA_2025-09-09 16_55_05.294-05_00_2.png,1.25,1.8732904854111303
2915,5030_LeafPhotoA_2025-09-09 16_55_05.294-05_00_3.png,1.25,1.5849032200143114
2920,2524_LeafPhotoA_2025-09-09 10_21_34.620-05_00_0.png,1.5,1.8254229104323068
2921,2524_LeafPhotoA_2025-09-09 10_21_34.620-05_00_1.png,1.5,2.102400978670665
2922,2524_LeafPhotoA_2025-09-09 10_21_34.620-05_00_2.png,1.5,1.9185998934496673
2923,2524_LeafPhotoA_2025-09-09 10_21_34.620-05_00_3.png,1.5,1.81902676565485
2928,1576_LeafPhotoA_2025-09-09 09_52_40.800-05_00_0.png,2.0,1.789037414930701
2929,1576_LeafPhotoA_2025-09-09 09_52_40.800-05_00_1.png,2.0,1.9848192845032275
2934,2715_LeafPhotoA_2025-09-09 10_34_25.383-05_00_0.png,3.25,2.348980046284285
2935,2715_LeafPhotoA_2025-09-09 10_34_25.383-05_00_1.png,3.25,2.4018694509448704
2936,2715_LeafPhotoA_2025-09-09 10_34_25.383-05_00_2.png,3.25,2.6726721254335315
2937,2715_LeafPhotoA_2025-09-09 10_34_25.383-05_00_3.png,3.25,2.828022047979648
2938,2386_LeafPhotoA_2025-09-08 11_57_13.953-05_00_0.png,1.5,1.4209303854966944
2939,2386_LeafPhotoA_2025-09-08 11_57_13.953-05_00_1.png,1.5,1.4034719138387621
2944,5036_LeafPhotoA_2025-09-09 17_09_44.541-05_00_0.png,1.5,1.5867730579641355
2945,5036_LeafPhotoA_2025-09-09 17_09_44.541-05_00_1.png,1.5,1.676351634892778
2946,5036_LeafPhotoA_2025-09-09 17_09_44.541-05_00_2.png,1.5,1.6319189518704422
2947,5036_LeafPhotoA_2025-09-09 17_09_44.541-05_00_3.png,1.5,1.5568723410608571
2956,2256_LeafPhotoA_2025-09-08 12_24_33.115-05_00_0.png,2.0,1.7952392899847174
2957,2256_LeafPhotoA_2025-09-08 12_24_33.115-05_00_1.png,2.0,1.8768215231553669
2958,2256_LeafPhotoA_2025-09-08 12_24_33.115-05_00_2.png,2.0,2.013001318586759
2959,2256_LeafPhotoA_2025-09-08 12_24_33.115-05_00_3.png,2.0,2.0413222430586386
2976,2386_LeafPhotoA_2025-09-08 11_56_54.323-05_00_0.png,1.25,1.9878499802906606
2977,2386_LeafPhotoA_2025-09-08 11_56_54.323-05_00_1.png,1.25,1.6952473958789744
2978,2386_LeafPhotoA_2025-09-08 11_56_54.323-05_00_2.png,1.25,1.7223906927078139
2979,2386_LeafPhotoA_2025-09-08 11_56_54.323-05_00_3.png,1.25,1.5199394507603694
2995,1943_LeafPhotoA_2025-09-09 16_00_56.560-05_00_0.png,1.5,1.5499763856606925
2996,1943_LeafPhotoA_2025-09-09 16_00_56.560-05_00_1.png,1.5,1.4973512699756173
2997,1943_LeafPhotoA_2025-09-09 16_00_56.560-05_00_2.png,1.5,1.4297599737240332
2998,1943_LeafPhotoA_2025-09-09 16_00_56.560-05_00_3.png,1.5,1.620834122896261
2999,1360_LeafPhotoA_2025-09-08 12_40_13.454-05_00_0.png,2.0,1.6684277684134847
3000,1360_LeafPhotoA_2025-09-08 12_40_13.454-05_00_1.png,2.0,1.7269815659956558
3001,1360_LeafPhotoA_2025-09-08 12_40_13.454-05_00_2.png,2.0,1.800262189520524
3002,1360_LeafPhotoA_2025-09-08 12_40_13.454-05_00_3.png,2.0,1.7226800865395462
3030,1180_LeafPhotoA_2025-09-08 16_15_29.779-05_00_0.png,2.0,1.6004093638908605
3031,1180_LeafPhotoA_2025-09-08 16_15_29.779-05_00_1.png,2.0,1.6143659639415118
3032,1180_LeafPhotoA_2025-09-08 16_15_29.779-05_00_2.png,2.0,1.716601293420577
3033,1180_LeafPhotoA_2025-09-08 16_15_29.779-05_00_3.png,2.0,1.6882313198712182
3048,2204_LeafPhotoA_2025-09-08 10_51_32.424-05_00_0.png,1.0,1.398041369474769
3049,2204_LeafPhotoA_2025-09-08 10_51_32.424-05_00_1.png,1.0,1.2427464002460478
3050,2204_LeafPhotoA_2025-09-08 10_51_32.424-05_00_2.png,1.0,1.1874728890511475
3051,2204_LeafPhotoA_2025-09-08 10_51_32.424-05_00_3.png,1.0,1.2252348037991425
3052,2253_LeafPhotoA_2025-09-08 12_18_44.610-05_00_0.png,1.25,1.6718393761663293
3053,2253_LeafPhotoA_2025-09-08 12_18_44.610-05_00_1.png,1.25,1.5344596496581557
3054,2253_LeafPhotoA_2025-09-08 12_18_44.610-05_00_2.png,1.25,1.4189973780076468
3055,2253_LeafPhotoA_2025-09-08 12_18_44.610-05_00_3.png,1.25,1.4219917999070721
3132,2197_LeafPhotoA_2025-09-08 17_08_13.372-05_00_0.png,1.5,1.8614891077315248
3145,2097_LeafPhotoA_2025-09-08 12_34_03.075-05_00_0.png,2.0,1.7696327177777933
3146,2097_LeafPhotoA_2025-09-08 12_34_03.075-05_00_1.png,2.0,1.8254631900432619
3147,2097_LeafPhotoA_2025-09-08 12_34_03.075-05_00_2.png,2.0,1.9167622565692153
3148,2097_LeafPhotoA_2025-09-08 12_34_03.075-05_00_3.png,2.0,1.9569260972837788
3149,1121_LeafPhotoA_2025-09-08 10_06_53.769-05_00_0.png,3.0,1.858997073497
3150,1121_LeafPhotoA_2025-09-08 10_06_53.769-05_00_1.png,3.0,1.8014947752558654
3151,1121_LeafPhotoA_2025-09-08 10_06_53.769-05_00_2.png,3.0,1.7739493707858416
3152,1121_LeafPhotoA_2025-09-08 10_06_53.769-05_00_3.png,3.0,1.9331641142413463
3202,2648_LeafPhotoA_2025-09-09 11_26_52.423-05_00_0.png,1.75,2.18224054000722
3203,2648_LeafPhotoA_2025-09-09 11_26_52.423-05_00_1.png,1.75,2.425887601699446
3204,2648_LeafPhotoA_2025-09-09 11_26_52.423-05_00_2.png,1.75,2.17545737774679
3205,2648_LeafPhotoA_2025-09-09 11_26_52.423-05_00_3.png,1.75,2.1088889085751394
3207,2178_LeafPhotoA_2025-09-09 12_22_12.377-05_00_0.png,2.0,2.0187877800505625
3208,2178_LeafPhotoA_2025-09-09 12_22_12.377-05_00_1.png,2.0,2.0305509590504642
3209,2178_LeafPhotoA_2025-09-09 12_22_12.377-05_00_2.png,2.0,2.266785962839888
3210,2178_LeafPhotoA_2025-09-09 12_22_12.377-05_00_3.png,2.0,2.263936890804198
3215,1963_LeafPhotoA_2025-09-09 17_19_17.230-05_00_0.png,1.5,1.9889431685418757
3216,1963_LeafPhotoA_2025-09-09 17_19_17.230-05_00_1.png,1.5,1.9085122687863716
3217,1963_LeafPhotoA_2025-09-09 17_19_17.230-05_00_2.png,1.5,1.9966538450477114
3232,2394_LeafPhotoA_2025-09-08 12_19_48.103-05_00_0.png,3.25,2.7698498247833787
3233,2394_LeafPhotoA_2025-09-08 12_19_48.103-05_00_1.png,3.25,2.5086286108528855
3234,2394_LeafPhotoA_2025-09-08 12_19_48.103-05_00_2.png,3.25,2.3147114119111007
3235,2394_LeafPhotoA_2025-09-08 12_19_48.103-05_00_3.png,3.25,2.019517131247129
3236,1916_LeafPhotoA_2025-09-09 14_56_01.187-05_00_0.png,1.75,1.7199782051346506
3237,1916_LeafPhotoA_2025-09-09 14_56_01.187-05_00_1.png,1.75,1.6943610071666393
3238,1916_LeafPhotoA_2025-09-09 14_56_01.187-05_00_2.png,1.75,1.8355037178284903
3239,1916_LeafPhotoA_2025-09-09 14_56_01.187-05_00_3.png,1.75,1.905476702474405
3244,,2.75,1.5185571489390057
3245,2224_LeafPhotoA_2025-09-08 11_25_14.126-05_00_0.png,2.5,2.1179342871369027
3246,2224_LeafPhotoA_2025-09-08 11_25_14.126-05_00_1.png,2.5,1.7122330590725283
3247,2224_LeafPhotoA_2025-09-08 11_25_14.126-05_00_2.png,2.5,1.7347636689922021
3248,2224_LeafPhotoA_2025-09-08 11_25_14.126-05_00_3.png,2.5,1.7631060976414477
3299,2149_LeafPhotoA_2025-09-08 12_20_25.908-05_00_0.png,1.5,1.8438024999972098
3300,2149_LeafPhotoA_2025-09-08 12_20_25.908-05_00_1.png,1.5,1.9051825503277486
3301,2149_LeafPhotoA_2025-09-08 12_20_25.908-05_00_2.png,1.5,1.8420618008421337
3302,2149_LeafPhotoA_2025-09-08 12_20_25.908-05_00_3.png,1.5,1.640900133127107
3306,2656_LeafPhotoA_2025-09-09 11_29_51.657-05_00_0.png,2.5,2.1712681209573983
3315,2451_LeafPhotoB_2025-09-08 11_29_15.932-05_00_0.png,2.0,1.7987732489160622
3316,2451_LeafPhotoB_2025-09-08 11_29_15.932-05_00_1.png,2.0,1.928499488286375
3317,2451_LeafPhotoB_2025-09-08 11_29_15.932-05_00_2.png,2.0,2.1547892452767248
3318,2451_LeafPhotoB_2025-09-08 11_29_15.932-05_00_3.png,2.0,2.3354410223325526
3344,1272_LeafPhotoA_2025-09-08 16_14_44.397-05_00_0.png,2.25,1.861497790918179
3345,1272_LeafPhotoA_2025-09-08 16_14_44.397-05_00_1.png,2.25,2.020134891747879
3346,1272_LeafPhotoA_2025-09-08 16_14_44.397-05_00_2.png,2.25,2.1047231615187774
3347,1272_LeafPhotoA_2025-09-08 16_14_44.397-05_00_3.png,2.25,2.110927914286381
3355,6027_LeafPhotoA_2025-09-09 16_33_32.836-05_00_0.png,2.0,1.7839501399403088
3356,6027_LeafPhotoA_2025-09-09 16_33_32.836-05_00_1.png,2.0,1.702439720877463
3357,6027_LeafPhotoA_2025-09-09 16_33_32.836-05_00_2.png,2.0,1.8118511668835657
3358,6027_LeafPhotoA_2025-09-09 16_33_32.836-05_00_3.png,2.0,1.8213494803149541
3389,2238_LeafPhotoA_2025-09-08 11_44_44.603-05_00_0.png,2.5,1.7715337859836473
3390,2238_LeafPhotoA_2025-09-08 11_44_44.603-05_00_1.png,2.5,1.8461596389681119
3391,2238_LeafPhotoA_2025-09-08 11_44_44.603-05_00_2.png,2.5,1.997798432781745
3392,2238_LeafPhotoA_2025-09-08 11_44_44.603-05_00_3.png,2.5,2.195333248088449
3393,1950_LeafPhotoA_2025-09-09 16_09_30.048-05_00_0.png,1.5,1.4190132833873634
3394,1950_LeafPhotoA_2025-09-09 16_09_30.048-05_00_1.png,1.5,1.4401991078814427
3395,1950_LeafPhotoA_2025-09-09 16_09_30.048-05_00_2.png,1.5,1.4252590631802717
3409,1381_LeafPhotoA_2025-09-08 13_01_59.229-05_00_0.png,2.25,1.9640130682776664
3410,1381_LeafPhotoA_2025-09-08 13_01_59.229-05_00_1.png,2.25,1.8633085711869928
3411,1381_LeafPhotoA_2025-09-08 13_01_59.229-05_00_2.png,2.25,1.8471525077492812
3412,1381_LeafPhotoA_2025-09-08 13_01_59.229-05_00_3.png,2.25,1.8333846715773476
3445,6044_LeafPhotoA_2025-09-09 16_03_43.942-05_00_0.png,1.5,1.738381933153545
3446,6044_LeafPhotoA_2025-09-09 16_03_43.942-05_00_1.png,1.5,1.6688736100916954
3447,6044_LeafPhotoA_2025-09-09 16_03_43.942-05_00_2.png,1.5,1.6438949195624528
3448,6044_LeafPhotoA_2025-09-09 16_03_43.942-05_00_3.png,1.5,1.599477976548629
3469,1926_LeafPhotoA_2025-09-09 15_19_00.799-05_00_0.png,1.5,1.9288547044845412
3470,1926_LeafPhotoA_2025-09-09 15_19_00.799-05_00_1.png,1.5,1.728246478812512
3471,1926_LeafPhotoA_2025-09-09 15_19_00.799-05_00_2.png,1.5,1.6392237409778037
3472,1926_LeafPhotoA_2025-09-09 15_19_00.799-05_00_3.png,1.5,1.7088655800978991
3505,2498_LeafPhotoB_2025-09-08 12_22_17.705-05_00_0.png,1.5,1.6296345590818087
3506,2498_LeafPhotoB_2025-09-08 12_22_17.705-05_00_1.png,1.5,1.6696551065127991
3507,2498_LeafPhotoB_2025-09-08 12_22_17.705-05_00_2.png,1.5,1.7394701211818664
3508,2498_LeafPhotoB_2025-09-08 12_22_17.705-05_00_3.png,1.5,1.7762377595046408
3509,2150_LeafPhotoA_2025-09-08 12_22_44.950-05_00_0.png,1.75,1.7948448670124475
3510,2150_LeafPhotoA_2025-09-08 12_22_44.950-05_00_1.png,1.75,1.7818206127377934
3511,2150_LeafPhotoA_2025-09-08 12_22_44.950-05_00_2.png,1.75,1.759528278113249
3512,2150_LeafPhotoA_2025-09-08 12_22_44.950-05_00_3.png,1.75,1.7743749019325399
3525,1298_LeafPhotoA_2025-09-08 15_47_21.277-05_00_0.png,2.25,1.6292904034376696
3526,1298_LeafPhotoA_2025-09-08 15_47_21.277-05_00_1.png,2.25,1.665547192820508
3527,1298_LeafPhotoA_2025-09-08 15_47_21.277-05_00_2.png,2.25,1.6596505917328275
3528,1298_LeafPhotoA_2025-09-08 15_47_21.277-05_00_3.png,2.25,1.6795582727533775
3537,1865_LeafPhotoA_2025-09-09 13_31_46.367-05_00_0.png,1.5,1.6439806702947792
3538,1865_LeafPhotoA_2025-09-09 13_31_46.367-05_00_1.png,1.5,1.6259672553135958
3539,1865_LeafPhotoA_2025-09-09 13_31_46.367-05_00_2.png,1.5,1.6303106068298012
3540,1865_LeafPhotoA_2025-09-09 13_31_46.367-05_00_3.png,1.5,1.775472965916793
3542,2084_LeafPhotoA_2025-09-08 12_20_48.194-05_00_0.png,2.25,1.544771145048622
3543,2084_LeafPhotoA_2025-09-08 12_20_48.194-05_00_1.png,2.25,1.4588617507538155
3544,2084_LeafPhotoA_2025-09-08 12_20_48.194-05_00_2.png,2.25,1.6176764199677915
3545,2084_LeafPhotoA_2025-09-08 12_20_48.194-05_00_3.png,2.25,1.8626287399216597
18,1887_LeafPhotoA_2025-09-09 17_12_27.474-05_00_0.png,1.75,1.944576072208075
19,1887_LeafPhotoA_2025-09-09 17_12_27.474-05_00_1.png,1.75,1.953939349365107
20,1887_LeafPhotoA_2025-09-09 17_12_27.474-05_00_2.png,1.75,2.0943068108362217
42,1900_LeafPhotoA_2025-09-09 13_45_59.573-05_00_0.png,2.5,2.439191155514431
43,1900_LeafPhotoA_2025-09-09 13_45_59.573-05_00_1.png,2.5,2.4136151559112324
44,1900_LeafPhotoA_2025-09-09 13_45_59.573-05_00_2.png,2.5,2.121452408164108
45,1900_LeafPhotoA_2025-09-09 13_45_59.573-05_00_3.png,2.5,1.9125683486083085
85,1411_LeafPhotoA_2025-09-08 09_32_24.163-05_00_0.png,1.5,1.3129820572712905
86,1411_LeafPhotoA_2025-09-08 09_32_24.163-05_00_1.png,1.5,1.2829489679848978
87,1411_LeafPhotoA_2025-09-08 09_32_24.163-05_00_2.png,1.5,1.3662337309958477
88,1411_LeafPhotoA_2025-09-08 09_32_24.163-05_00_3.png,1.5,1.3111715761113143
103,2010_LeafPhotoA_2025-09-08 10_43_56.742-05_00_0.png,2.0,1.8777083416669327
104,2010_LeafPhotoA_2025-09-08 10_43_56.742-05_00_1.png,2.0,1.6920368564332031
105,2010_LeafPhotoA_2025-09-08 10_43_56.742-05_00_2.png,2.0,1.6438236156782167
106,2010_LeafPhotoA_2025-09-08 10_43_56.742-05_00_3.png,2.0,1.5518064725159724
110,1202_LeafPhotoA_2025-09-08 10_45_39.926-05_00_0.png,1.0,1.390427990306317
111,1202_LeafPhotoA_2025-09-08 10_45_39.926-05_00_1.png,1.0,1.3530847119144949
112,1202_LeafPhotoA_2025-09-08 10_45_39.926-05_00_2.png,1.0,1.3963604114646104
113,1202_LeafPhotoA_2025-09-08 10_45_39.926-05_00_3.png,1.0,1.40740495525555
114,1594_LeafPhotoA_2025-09-09 09_32_04.545-05_00_0.png,2.5,2.40992800666342
115,1594_LeafPhotoA_2025-09-09 09_32_04.545-05_00_1.png,2.5,2.840239230967583
116,1594_LeafPhotoA_2025-09-09 09_32_04.545-05_00_2.png,2.5,2.746277659103183
117,1594_LeafPhotoA_2025-09-09 09_32_04.545-05_00_3.png,2.5,2.3847869882364385
144,2344_LeafPhotoA_2025-09-08 11_12_07.490-05_00_0.png,1.75,2.137305657811294
145,2344_LeafPhotoA_2025-09-08 11_12_07.490-05_00_1.png,1.75,2.311778345422369
146,2344_LeafPhotoA_2025-09-08 11_12_07.490-05_00_2.png,1.75,2.275717180673642
147,2344_LeafPhotoA_2025-09-08 11_12_07.490-05_00_3.png,1.75,2.1862130041629126
163,1011_LeafPhotoA_2025-09-08 09_43_02.719-05_00_0.png,2.5,2.3074022677582575
164,1011_LeafPhotoA_2025-09-08 09_43_02.719-05_00_1.png,2.5,2.2149395548941184
165,1011_LeafPhotoA_2025-09-08 09_43_02.719-05_00_2.png,2.5,2.2698024071731515
166,1011_LeafPhotoA_2025-09-08 09_43_02.719-05_00_3.png,2.5,2.165742211778585
214,2144_LeafPhotoA_2025-09-08 12_08_32.877-05_00_0.png,1.5,1.72759408006854
215,2144_LeafPhotoA_2025-09-08 12_08_32.877-05_00_1.png,1.5,1.7061151205994827
216,2144_LeafPhotoA_2025-09-08 12_08_32.877-05_00_2.png,1.5,1.7583704207460498
217,2144_LeafPhotoA_2025-09-08 12_08_32.877-05_00_3.png,1.5,1.786428417195228
222,1411_LeafPhotoA_2025-09-08 09_32_12.507-05_00_0.png,1.5,1.318419307581446
223,1411_LeafPhotoA_2025-09-08 09_32_12.507-05_00_1.png,1.5,1.3020444719391464
224,1411_LeafPhotoA_2025-09-08 09_32_12.507-05_00_2.png,1.5,1.3044427772076868
225,1411_LeafPhotoA_2025-09-08 09_32_12.507-05_00_3.png,1.5,1.3451753640572226
230,1783_LeafPhotoA_2025-09-09 09_32_23.737-05_00_0.png,1.75,1.9475634996346085
231,1783_LeafPhotoA_2025-09-09 09_32_23.737-05_00_1.png,1.75,2.0741987362227645
232,1783_LeafPhotoA_2025-09-09 09_32_23.737-05_00_2.png,1.75,1.9826756417065063
233,1783_LeafPhotoA_2025-09-09 09_32_23.737-05_00_3.png,1.75,1.883025424866189
238,,1.25,1.492283155294728
257,1811_LeafPhotoA_2025-09-09 09_06_09.841-05_00_0.png,1.25,1.4484252418923955
258,1811_LeafPhotoA_2025-09-09 09_06_09.841-05_00_1.png,1.25,1.4664100029858664
259,1811_LeafPhotoA_2025-09-09 09_06_09.841-05_00_2.png,1.25,1.4939726036253609
268,,2.5,1.492283155294728
269,1197_LeafPhotoA_2025-09-08 15_42_33.635-05_00_0.png,1.25,1.6919185505555365
270,1197_LeafPhotoA_2025-09-08 15_42_33.635-05_00_1.png,1.25,1.7324636146997687
271,1197_LeafPhotoA_2025-09-08 15_42_33.635-05_00_2.png,1.25,1.7465133833704265
272,1197_LeafPhotoA_2025-09-08 15_42_33.635-05_00_3.png,1.25,1.712989400708295
277,2173_LeafPhotoA_2025-09-09 12_14_23.103-05_00_0.png,2.0,2.087925734974893
278,2173_LeafPhotoA_2025-09-09 12_14_23.103-05_00_1.png,2.0,2.2196037632240615
279,2173_LeafPhotoA_2025-09-09 12_14_23.103-05_00_2.png,2.0,2.2274335176213325
280,2173_LeafPhotoA_2025-09-09 12_14_23.103-05_00_3.png,2.0,2.0442563182794053
301,1383_LeafPhotoA_2025-09-08 13_02_56.131-05_00_0.png,1.5,1.5555954092213045
302,1383_LeafPhotoA_2025-09-08 13_02_56.131-05_00_1.png,1.5,1.5121215804869903
303,1383_LeafPhotoA_2025-09-08 13_02_56.131-05_00_2.png,1.5,1.6734429470759287
304,1383_LeafPhotoA_2025-09-08 13_02_56.131-05_00_3.png,1.5,1.6901381562516433
320,2597_LeafPhotoA_2025-09-09 10_25_59.565-05_00_0.png,1.75,1.9678045623013583
321,2597_LeafPhotoA_2025-09-09 10_25_59.565-05_00_1.png,1.75,1.9755499059159676
322,2597_LeafPhotoA_2025-09-09 10_25_59.565-05_00_2.png,1.75,1.825459733709648
323,2597_LeafPhotoA_2025-09-09 10_25_59.565-05_00_3.png,1.75,1.7013750679467605
340,6013_LeafPhotoA_2025-09-09 16_55_44.021-05_00_0.png,1.25,1.6178577645090453
341,6013_LeafPhotoA_2025-09-09 16_55_44.021-05_00_1.png,1.25,1.585602275834922
342,6013_LeafPhotoA_2025-09-09 16_55_44.021-05_00_2.png,1.25,1.5245039462762475
343,6013_LeafPhotoA_2025-09-09 16_55_44.021-05_00_3.png,1.25,1.4822620309753995
352,1585_LeafPhotoA_2025-09-09 09_39_14.646-05_00_0.png,3.75,2.996221564332322
353,1585_LeafPhotoA_2025-09-09 09_39_14.646-05_00_1.png,3.75,2.966096192679012
354,1585_LeafPhotoA_2025-09-09 09_39_14.646-05_00_2.png,3.75,2.53248410533932
355,1585_LeafPhotoA_2025-09-09 09_39_14.646-05_00_3.png,3.75,2.226733809330072
356,1072_LeafPhotoA_2025-09-08 13_03_29.236-05_00_0.png,2.5,2.048938367332006
357,1072_LeafPhotoA_2025-09-08 13_03_29.236-05_00_1.png,2.5,2.1508345917176204
358,1072_LeafPhotoA_2025-09-08 13_03_29.236-05_00_2.png,2.5,2.1052054505844153
359,1072_LeafPhotoA_2025-09-08 13_03_29.236-05_00_3.png,2.5,2.1052250042712384
391,2163_LeafPhotoA_2025-09-09 11_54_54.715-05_00_0.png,3.25,2.4412601085422905
392,2163_LeafPhotoA_2025-09-09 11_54_54.715-05_00_1.png,3.25,2.328152830171528
393,2163_LeafPhotoA_2025-09-09 11_54_54.715-05_00_2.png,3.25,2.292389244374369
394,2163_LeafPhotoA_2025-09-09 11_54_54.715-05_00_3.png,3.25,2.1603252027591133
400,1648_LeafPhotoA_2025-09-09 10_44_29.803-05_00_0.png,1.75,1.8516237024700755
401,1648_LeafPhotoA_2025-09-09 10_44_29.803-05_00_1.png,1.75,1.95277041973415
402,1648_LeafPhotoA_2025-09-09 10_44_29.803-05_00_2.png,1.75,1.9389891379381385
403,1648_LeafPhotoA_2025-09-09 10_44_29.803-05_00_3.png,1.75,1.8396646699761892
418,1615_LeafPhotoA_2025-09-09 09_39_37.565-05_00_0.png,2.0,2.1212422335750865
419,1615_LeafPhotoA_2025-09-09 09_39_37.565-05_00_1.png,2.0,1.9224464856890717
420,1615_LeafPhotoA_2025-09-09 09_39_37.565-05_00_2.png,2.0,1.9468319585618943
421,1615_LeafPhotoA_2025-09-09 09_39_37.565-05_00_3.png,2.0,1.9420561230444262
426,2765_LeafPhotoA_2025-09-09 16_06_20.833-05_00_0.png,1.75,1.6835518024972003
427,2765_LeafPhotoA_2025-09-09 16_06_20.833-05_00_1.png,1.75,1.6192146143504862
428,2765_LeafPhotoA_2025-09-09 16_06_20.833-05_00_2.png,1.75,1.4494776800453792
429,2765_LeafPhotoA_2025-09-09 16_06_20.833-05_00_3.png,1.75,1.4257039540938308
440,1702_LeafPhotoA_2025-09-09 10_12_23.395-05_00_0.png,3.0,2.391759128050257
441,1702_LeafPhotoA_2025-09-09 10_12_23.395-05_00_1.png,3.0,2.505907431381721
442,1702_LeafPhotoA_2025-09-09 10_12_23.395-05_00_2.png,3.0,2.3125881890794187
443,1702_LeafPhotoA_2025-09-09 10_12_23.395-05_00_3.png,3.0,1.8011290007641356
451,5008_LeafPhotoA_2025-09-09 16_06_40.356-05_00_0.png,1.25,1.7916400232196006
452,5008_LeafPhotoA_2025-09-09 16_06_40.356-05_00_1.png,1.25,1.7110768099773028
453,5008_LeafPhotoA_2025-09-09 16_06_40.356-05_00_2.png,1.25,1.6021342648337846
454,5008_LeafPhotoA_2025-09-09 16_06_40.356-05_00_3.png,1.25,1.6486943788388266
459,1159_LeafPhotoA_2025-09-08 16_47_54.035-05_00_0.png,1.25,1.42062656335269
460,1159_LeafPhotoA_2025-09-08 16_47_54.035-05_00_1.png,1.25,1.4080390001698293
461,1159_LeafPhotoA_2025-09-08 16_47_54.035-05_00_2.png,1.25,1.5286742667068578
462,1159_LeafPhotoA_2025-09-08 16_47_54.035-05_00_3.png,1.25,1.6121452023584868
467,1022_LeafPhotoA_2025-09-08 09_57_30.921-05_00_0.png,1.5,1.9164185285321713
468,1022_LeafPhotoA_2025-09-08 09_57_30.921-05_00_1.png,1.5,1.867445146182399
469,1022_LeafPhotoA_2025-09-08 09_57_30.921-05_00_2.png,1.5,1.9484265045522167
470,1022_LeafPhotoA_2025-09-08 09_57_30.921-05_00_3.png,1.5,2.0032951730609407
471,1099_LeafPhotoA_2025-09-08 12_38_29.235-05_00_0.png,1.25,1.3828896385369882
472,1099_LeafPhotoA_2025-09-08 12_38_29.235-05_00_1.png,1.25,1.3019694395852366
473,1099_LeafPhotoA_2025-09-08 12_38_29.235-05_00_2.png,1.25,1.3116422406739503
474,1099_LeafPhotoA_2025-09-08 12_38_29.235-05_00_3.png,1.25,1.4010231446520995
475,2189_LeafPhotoA_2025-09-08 17_18_50.308-05_00_0.png,1.5,1.4931286129980388
476,2189_LeafPhotoA_2025-09-08 17_18_50.308-05_00_1.png,1.5,1.5415603873063
477,2189_LeafPhotoA_2025-09-08 17_18_50.308-05_00_2.png,1.5,1.6631706084579658
478,2189_LeafPhotoA_2025-09-08 17_18_50.308-05_00_3.png,1.5,1.6141569796745743
494,2068_LeafPhotoA_2025-09-08 12_02_55.291-05_00_0.png,1.25,1.5863039686209777
495,2068_LeafPhotoA_2025-09-08 12_02_55.291-05_00_1.png,1.25,1.6742171072525884
496,2068_LeafPhotoA_2025-09-08 12_02_55.291-05_00_2.png,1.25,1.603528696743734
497,2068_LeafPhotoA_2025-09-08 12_02_55.291-05_00_3.png,1.25,1.4756166945718732
498,1641_LeafPhotoA_2025-09-09 10_30_20.507-05_00_0.png,1.0,1.5242571069201052
499,1641_LeafPhotoA_2025-09-09 10_30_20.507-05_00_1.png,1.0,1.5567306538490766
500,1641_LeafPhotoA_2025-09-09 10_30_20.507-05_00_2.png,1.0,1.4344986160398552
501,6013_LeafPhotoA_2025-09-09 16_56_02.230-05_00_0.png,1.25,1.697245838283824
502,6013_LeafPhotoA_2025-09-09 16_56_02.230-05_00_1.png,1.25,1.7056461862078507
503,6013_LeafPhotoA_2025-09-09 16_56_02.230-05_00_2.png,1.25,1.7912225251824003
504,6013_LeafPhotoA_2025-09-09 16_56_02.230-05_00_3.png,1.25,1.7994181366865325
548,2314_LeafPhotoA_2025-09-08 10_42_26.409-05_00_0.png,1.0,1.4497930260166496
549,2314_LeafPhotoA_2025-09-08 10_42_26.409-05_00_1.png,1.0,1.3951791159503761
550,2314_LeafPhotoA_2025-09-08 10_42_26.409-05_00_2.png,1.0,1.3603539904448607
559,2347_LeafPhotoA_2025-09-08 11_14_48.020-05_00_0.png,1.5,1.8166111910414477
560,2347_LeafPhotoA_2025-09-08 11_14_48.020-05_00_1.png,1.5,1.7239455617508788
569,1445_LeafPhotoB_2025-09-08 10_34_39.346-05_00_0.png,1.75,1.647919991793069
570,1445_LeafPhotoB_2025-09-08 10_34_39.346-05_00_1.png,1.75,1.707466011479545
571,1445_LeafPhotoB_2025-09-08 10_34_39.346-05_00_2.png,1.75,1.6848204556518576
572,1445_LeafPhotoB_2025-09-08 10_34_39.346-05_00_3.png,1.75,1.6211571934016038
589,2429_LeafPhotoB_2025-09-08 11_05_20.910-05_00_0.png,2.5,2.3688531862699436
590,2429_LeafPhotoB_2025-09-08 11_05_20.910-05_00_1.png,2.5,2.451180416037562
591,2429_LeafPhotoB_2025-09-08 11_05_20.910-05_00_2.png,2.5,2.353838979124269
592,2429_LeafPhotoB_2025-09-08 11_05_20.910-05_00_3.png,2.5,2.464795391321248
597,2974_LeafPhotoA_2025-09-09 16_23_04.095-05_00_0.png,3.25,2.6549149823747573
598,2974_LeafPhotoA_2025-09-09 16_23_04.095-05_00_1.png,3.25,2.725342969162652
599,2974_LeafPhotoA_2025-09-09 16_23_04.095-05_00_2.png,3.25,2.7206514067408887
600,2974_LeafPhotoA_2025-09-09 16_23_04.095-05_00_3.png,3.25,2.936245831785285
627,1413_LeafPhotoA_2025-09-08 09_35_26.834-05_00_0.png,1.75,2.0110455568079035
628,1413_LeafPhotoA_2025-09-08 09_35_26.834-05_00_1.png,1.75,1.9051664532618107
629,1413_LeafPhotoA_2025-09-08 09_35_26.834-05_00_2.png,1.75,1.6643511881941135
630,1413_LeafPhotoA_2025-09-08 09_35_26.834-05_00_3.png,1.75,1.6411963272459702
639,6017_LeafPhotoA_2025-09-09 16_48_02.296-05_00_0.png,1.75,1.7075956046393868
640,6017_LeafPhotoA_2025-09-09 16_48_02.296-05_00_1.png,1.75,1.6932127619260589
641,6017_LeafPhotoA_2025-09-09 16_48_02.296-05_00_2.png,1.75,1.7186488404392077
642,6017_LeafPhotoA_2025-09-09 16_48_02.296-05_00_3.png,1.75,1.8029897355275788
667,1619_LeafPhotoA_2025-09-09 09_49_42.512-05_00_0.png,1.75,1.8056969878206681
668,1619_LeafPhotoA_2025-09-09 09_49_42.512-05_00_1.png,1.75,1.9213146183411616
669,1619_LeafPhotoA_2025-09-09 09_49_42.512-05_00_2.png,1.75,2.0038250392712817
670,1619_LeafPhotoA_2025-09-09 09_49_42.512-05_00_3.png,1.75,1.7189853640135657
678,1531_LeafPhotoA_2025-09-09 09_29_04.886-05_00_0.png,2.25,2.2904685448790745
679,1531_LeafPhotoA_2025-09-09 09_29_04.886-05_00_1.png,2.25,2.151494615124029
680,1531_LeafPhotoA_2025-09-09 09_29_04.886-05_00_2.png,2.25,2.01676246744097
681,1531_LeafPhotoA_2025-09-09 09_29_04.886-05_00_3.png,2.25,1.7507446119250962
690,1497_LeafPhotoB_2025-09-08 17_01_53.160-05_00_0.png,1.75,1.6158575651738512
691,1497_LeafPhotoB_2025-09-08 17_01_53.160-05_00_1.png,1.75,1.6215210452078557
692,1497_LeafPhotoB_2025-09-08 17_01_53.160-05_00_2.png,1.75,1.5199916571713568
693,1497_LeafPhotoB_2025-09-08 17_01_53.160-05_00_3.png,1.75,1.4635909932605335
780,1838_LeafPhotoA_2025-09-09 09_47_07.906-05_00_0.png,1.0,1.888825398265792
781,1838_LeafPhotoA_2025-09-09 09_47_07.906-05_00_1.png,1.0,1.7926131240378778
782,1838_LeafPhotoA_2025-09-09 09_47_07.906-05_00_2.png,1.0,2.004602292068528
783,1838_LeafPhotoA_2025-09-09 09_47_07.906-05_00_3.png,1.0,2.1355879718796107
788,2683_LeafPhotoA_2025-09-09 10_58_56.882-05_00_0.png,1.0,2.0437915399041318
789,2683_LeafPhotoA_2025-09-09 10_58_56.882-05_00_1.png,1.0,2.119627276882262
790,2683_LeafPhotoA_2025-09-09 10_58_56.882-05_00_2.png,1.0,1.730019346312013
791,2683_LeafPhotoA_2025-09-09 10_58_56.882-05_00_3.png,1.0,1.6511904303959504
799,2010_LeafPhotoA_2025-09-08 10_44_22.059-05_00_0.png,1.25,2.167262615453646
800,2010_LeafPhotoA_2025-09-08 10_44_22.059-05_00_1.png,1.25,1.9078413190065553
801,2010_LeafPhotoA_2025-09-08 10_44_22.059-05_00_2.png,1.25,1.7868307258697407
802,2010_LeafPhotoA_2025-09-08 10_44_22.059-05_00_3.png,1.25,1.8537306431354055
807,1510_LeafPhotoA_2025-09-09 09_05_13.748-05_00_0.png,1.5,2.054544544084926
808,1510_LeafPhotoA_2025-09-09 09_05_13.748-05_00_1.png,1.5,1.7588277428491483
809,1510_LeafPhotoA_2025-09-09 09_05_13.748-05_00_2.png,1.5,1.973206946469585
810,1510_LeafPhotoA_2025-09-09 09_05_13.748-05_00_3.png,1.5,1.9646773890454232
835,2662_LeafPhotoA_2025-09-09 11_35_27.644-05_00_0.png,3.5,2.3422331879010114
836,2662_LeafPhotoA_2025-09-09 11_35_27.644-05_00_1.png,3.5,2.343766818468663
837,2662_LeafPhotoA_2025-09-09 11_35_27.644-05_00_2.png,3.5,2.157963787134671
838,2662_LeafPhotoA_2025-09-09 11_35_27.644-05_00_3.png,3.5,1.9992160951726172
886,2153_LeafPhotoA_2025-09-08 12_29_10.390-05_00_0.png,1.25,1.6649551903057498
887,2153_LeafPhotoA_2025-09-08 12_29_10.390-05_00_1.png,1.25,1.6350674565574075
888,2153_LeafPhotoA_2025-09-08 12_29_10.390-05_00_2.png,1.25,1.652166073211813
889,2153_LeafPhotoA_2025-09-08 12_29_10.390-05_00_3.png,1.25,1.6356892317711438
890,2248_LeafPhotoA_2025-09-08 12_01_20.448-05_00_0.png,1.5,1.543333845808097
891,2248_LeafPhotoA_2025-09-08 12_01_20.448-05_00_1.png,1.5,1.4751686272788844
892,2248_LeafPhotoA_2025-09-08 12_01_20.448-05_00_2.png,1.5,1.4525075991313907
893,2248_LeafPhotoA_2025-09-08 12_01_20.448-05_00_3.png,1.5,1.4429516922383605
912,1811_LeafPhotoA_2025-09-09 09_05_51.708-05_00_0.png,1.5,1.725569511937472
913,1811_LeafPhotoA_2025-09-09 09_05_51.708-05_00_1.png,1.5,1.7952144314448881
914,1811_LeafPhotoA_2025-09-09 09_05_51.708-05_00_2.png,1.5,1.7367760472644604
937,2950_LeafPhotoA_2025-09-09 16_20_58.442-05_00_0.png,2.0,1.5191365127900764
938,2950_LeafPhotoA_2025-09-09 16_20_58.442-05_00_1.png,2.0,1.7671281350054224
939,2950_LeafPhotoA_2025-09-09 16_20_58.442-05_00_2.png,2.0,1.7093488692183183
940,2950_LeafPhotoA_2025-09-09 16_20_58.442-05_00_3.png,2.0,1.769919806111394
1006,1062_LeafPhotoA_2025-09-08 12_54_11.961-05_00_0.png,3.25,2.7356951993023846
1007,1062_LeafPhotoA_2025-09-08 12_54_11.961-05_00_1.png,3.25,2.681075367770562
1008,1062_LeafPhotoA_2025-09-08 12_54_11.961-05_00_2.png,3.25,2.6606454959178523
1009,1062_LeafPhotoA_2025-09-08 12_54_11.961-05_00_3.png,3.25,2.4693640298604245
1073,1402_LeafPhotoB_2025-09-08 10_39_37.458-05_00_0.png,1.75,2.1498678132327846
1074,1402_LeafPhotoB_2025-09-08 10_39_37.458-05_00_1.png,1.75,2.348454782439941
1075,1402_LeafPhotoB_2025-09-08 10_39_37.458-05_00_2.png,1.75,2.1815712126213884
1076,1402_LeafPhotoB_2025-09-08 10_39_37.458-05_00_3.png,1.75,2.1189538132334444
1098,1005_LeafPhotoA_2025-09-08 09_35_15.574-05_00_0.png,2.0,2.185375828928714
1099,1005_LeafPhotoA_2025-09-08 09_35_15.574-05_00_1.png,2.0,2.0611879679796807
1100,1005_LeafPhotoA_2025-09-08 09_35_15.574-05_00_2.png,2.0,2.0405103942352154
1101,1005_LeafPhotoA_2025-09-08 09_35_15.574-05_00_3.png,2.0,1.9524038337098293
1117,2218_LeafPhotoA_2025-09-08 11_14_46.146-05_00_0.png,1.25,1.7614966734976412
1118,2218_LeafPhotoA_2025-09-08 11_14_46.146-05_00_1.png,1.25,1.7774801020058388
1119,2218_LeafPhotoA_2025-09-08 11_14_46.146-05_00_2.png,1.25,1.7049021360798648
1120,2218_LeafPhotoA_2025-09-08 11_14_46.146-05_00_3.png,1.25,1.6141794402788232
1143,1997_LeafPhotoA_2025-09-09 15_58_29.800-05_00_0.png,2.0,1.9961304435226064
1144,1997_LeafPhotoA_2025-09-09 15_58_29.800-05_00_1.png,2.0,1.9309726183326577
1145,1997_LeafPhotoA_2025-09-09 15_58_29.800-05_00_2.png,2.0,1.9467275072627968
1146,1997_LeafPhotoA_2025-09-09 15_58_29.800-05_00_3.png,2.0,1.9835832792763555
1154,1404_LeafPhotoB_2025-09-08 09_58_06.206-05_00_0.png,2.25,1.5402255082164122
1155,1404_LeafPhotoB_2025-09-08 09_58_06.206-05_00_1.png,2.25,1.8765282397126433
1156,1404_LeafPhotoB_2025-09-08 09_58_06.206-05_00_2.png,2.25,2.134097988960376
1157,1404_LeafPhotoB_2025-09-08 09_58_06.206-05_00_3.png,2.25,2.318329063434735
1169,2189_LeafPhotoA_2025-09-08 17_18_33.881-05_00_0.png,1.0,1.3775180105398872
1170,2189_LeafPhotoA_2025-09-08 17_18_33.881-05_00_1.png,1.0,1.3781370805017872
1171,2189_LeafPhotoA_2025-09-08 17_18_33.881-05_00_2.png,1.0,1.4173827210559242
1172,2189_LeafPhotoA_2025-09-08 17_18_33.881-05_00_3.png,1.0,1.3646046785695705
1181,2273_LeafPhotoA_2025-09-08 17_10_20.317-05_00_0.png,2.0,1.8994091706890783
1182,2273_LeafPhotoA_2025-09-08 17_10_20.317-05_00_1.png,2.0,1.888620135231664
1183,2273_LeafPhotoA_2025-09-08 17_10_20.317-05_00_2.png,2.0,1.9756684355550842
1184,2273_LeafPhotoA_2025-09-08 17_10_20.317-05_00_3.png,2.0,2.000480207974645
1193,2182_LeafPhotoA_2025-09-09 12_26_51.449-05_00_0.png,2.5,2.2161785305230564
1194,2182_LeafPhotoA_2025-09-09 12_26_51.449-05_00_1.png,2.5,2.192827997865623
1195,2182_LeafPhotoA_2025-09-09 12_26_51.449-05_00_2.png,2.5,2.2326800183310183
1196,2182_LeafPhotoA_2025-09-09 12_26_51.449-05_00_3.png,2.5,2.2761017228801794
1225,2794_LeafPhotoA_2025-09-09 11_14_44.812-05_00_0.png,1.25,1.916113995908523
1229,1935_LeafPhotoA_2025-09-09 15_31_58.041-05_00_0.png,2.5,2.162081174251767
1230,1935_LeafPhotoA_2025-09-09 15_31_58.041-05_00_1.png,2.5,2.397419128175477
1231,1935_LeafPhotoA_2025-09-09 15_31_58.041-05_00_2.png,2.5,2.2766325796196516
1232,1935_LeafPhotoA_2025-09-09 15_31_58.041-05_00_3.png,2.5,2.3810402924925937
1247,1350_LeafPhotoA_2025-09-08 10_18_59.648-05_00_0.png,1.75,1.7099880850519895
1248,2884_LeafPhotoA_2025-09-09 14_07_40.879-05_00_0.png,1.5,1.7485190183402974
1249,2884_LeafPhotoA_2025-09-09 14_07_40.879-05_00_1.png,1.5,1.7483222077522595
1250,2884_LeafPhotoA_2025-09-09 14_07_40.879-05_00_2.png,1.5,1.6255416006932322
1251,2884_LeafPhotoA_2025-09-09 14_07_40.879-05_00_3.png,1.5,1.6174806315867656
1265,1181_LeafPhotoA_2025-09-08 16_13_30.089-05_00_0.png,2.5,2.3760247675951263
1266,1181_LeafPhotoA_2025-09-08 16_13_30.089-05_00_1.png,2.5,2.411031013276372
1267,1181_LeafPhotoA_2025-09-08 16_13_30.089-05_00_2.png,2.5,2.333627517069278
1268,1181_LeafPhotoA_2025-09-08 16_13_30.089-05_00_3.png,2.5,2.218793772241635
1296,2814_LeafPhotoA_2025-09-09 10_25_44.101-05_00_0.png,3.25,2.729025294712758
1297,2814_LeafPhotoA_2025-09-09 10_25_44.101-05_00_1.png,3.25,3.093525464276273
1298,2814_LeafPhotoA_2025-09-09 10_25_44.101-05_00_2.png,3.25,3.0677192291685578
1299,2814_LeafPhotoA_2025-09-09 10_25_44.101-05_00_3.png,3.25,3.0635559619219053
1320,1525_LeafPhotoA_2025-09-09 09_23_09.815-05_00_0.png,2.25,2.0744365703767587
1321,1525_LeafPhotoA_2025-09-09 09_23_09.815-05_00_1.png,2.25,1.978040397771412
1322,1525_LeafPhotoA_2025-09-09 09_23_09.815-05_00_2.png,2.25,1.9353034262644604
1323,1525_LeafPhotoA_2025-09-09 09_23_09.815-05_00_3.png,2.25,1.858365093446822
1332,1402_LeafPhotoB_2025-09-08 10_40_07.212-05_00_0.png,2.25,1.7726137721792972
1333,1402_LeafPhotoB_2025-09-08 10_40_07.212-05_00_1.png,2.25,1.7671460963813672
1334,1402_LeafPhotoB_2025-09-08 10_40_07.212-05_00_2.png,2.25,1.803395250808274
1335,1402_LeafPhotoB_2025-09-08 10_40_07.212-05_00_3.png,2.25,1.861156296708697
1387,2729_LeafPhotoA_2025-09-09 10_55_43.588-05_00_0.png,4.0,3.5819069061085456
1388,2729_LeafPhotoA_2025-09-09 10_55_43.588-05_00_1.png,4.0,3.6772753199041786
1389,2729_LeafPhotoA_2025-09-09 10_55_43.588-05_00_2.png,4.0,3.5575716796372245
1390,2729_LeafPhotoA_2025-09-09 10_55_43.588-05_00_3.png,4.0,3.4208552367838223
1399,2286_LeafPhotoA_2025-09-08 16_54_14.459-05_00_0.png,1.75,1.4558546652798403
1400,2286_LeafPhotoA_2025-09-08 16_54_14.459-05_00_1.png,1.75,1.7362385340971604
1401,2286_LeafPhotoA_2025-09-08 16_54_14.459-05_00_2.png,1.75,1.7985696910910753
1402,2286_LeafPhotoA_2025-09-08 16_54_14.459-05_00_3.png,1.75,1.7571819761456846
1403,1167_LeafPhotoA_2025-09-08 16_37_11.962-05_00_0.png,1.75,1.7997979185014534
1416,2817_LeafPhotoA_2025-09-09 10_29_25.768-05_00_0.png,1.0,1.5017356619061935
1417,2817_LeafPhotoA_2025-09-09 10_29_25.768-05_00_1.png,1.0,1.4444918413482062
1418,2817_LeafPhotoA_2025-09-09 10_29_25.768-05_00_2.png,1.0,1.4931935226057607
1419,2817_LeafPhotoA_2025-09-09 10_29_25.768-05_00_3.png,1.0,1.5291886050973356
1459,2791_LeafPhotoA_2025-09-09 11_24_33.408-05_00_0.png,2.75,1.9610889804867995
1460,2791_LeafPhotoA_2025-09-09 11_24_33.408-05_00_1.png,2.75,2.019441072628136
1461,2791_LeafPhotoA_2025-09-09 11_24_33.408-05_00_2.png,2.75,2.1028864081757486
1462,2791_LeafPhotoA_2025-09-09 11_24_33.408-05_00_3.png,2.75,2.111445926473391
1477,2009_LeafPhotoA_2025-09-08 10_43_35.775-05_00_0.png,1.5,1.4951090089270362
1478,2009_LeafPhotoA_2025-09-08 10_43_35.775-05_00_1.png,1.5,1.6331044923818123
1479,2009_LeafPhotoA_2025-09-08 10_43_35.775-05_00_2.png,1.5,1.6376778303516772
1480,2009_LeafPhotoA_2025-09-08 10_43_35.775-05_00_3.png,1.5,1.4775514478332665
1510,1034_LeafPhotoA_2025-09-08 10_10_03.182-05_00_0.png,2.0,2.2395507243484816
1511,1034_LeafPhotoA_2025-09-08 10_10_03.182-05_00_1.png,2.0,2.280622235987429
1512,1034_LeafPhotoA_2025-09-08 10_10_03.182-05_00_2.png,2.0,2.4412434227829816
1531,1417_LeafPhotoB_2025-09-08 10_11_12.838-05_00_0.png,2.5,2.037394353449535
1532,1417_LeafPhotoB_2025-09-08 10_11_12.838-05_00_1.png,2.5,2.1228611383926435
1533,1417_LeafPhotoB_2025-09-08 10_11_12.838-05_00_2.png,2.5,2.1598142235731244
1534,1417_LeafPhotoB_2025-09-08 10_11_12.838-05_00_3.png,2.5,2.108058366762772
1543,1075_LeafPhotoA_2025-09-08 13_08_10.230-05_00_0.png,2.0,2.1693491395689897
1544,1075_LeafPhotoA_2025-09-08 13_08_10.230-05_00_1.png,2.0,2.1028242141214126
1545,1075_LeafPhotoA_2025-09-08 13_08_10.230-05_00_2.png,2.0,1.8723444314207789
1546,1075_LeafPhotoA_2025-09-08 13_08_10.230-05_00_3.png,2.0,1.9671774857422943
1565,2699_LeafPhotoA_2025-09-09 10_27_27.811-05_00_0.png,3.0,2.0631140387444082
1566,2699_LeafPhotoA_2025-09-09 10_27_27.811-05_00_1.png,3.0,2.010950114981125
1567,2699_LeafPhotoA_2025-09-09 10_27_27.811-05_00_2.png,3.0,2.0738114448666773
1568,2699_LeafPhotoA_2025-09-09 10_27_27.811-05_00_3.png,3.0,2.191101299651988
1636,1389_LeafPhotoA_2025-09-08 13_08_37.035-05_00_0.png,1.75,1.7699644618515191
1637,1389_LeafPhotoA_2025-09-08 13_08_37.035-05_00_1.png,1.75,1.761984589293521
1638,1389_LeafPhotoA_2025-09-08 13_08_37.035-05_00_2.png,1.75,1.8031815242291254
1651,2460_LeafPhotoB_2025-09-08 11_37_28.626-05_00_0.png,1.75,1.4663343081685036
1652,2460_LeafPhotoB_2025-09-08 11_37_28.626-05_00_1.png,1.75,1.5473333558198221
1653,2460_LeafPhotoB_2025-09-08 11_37_28.626-05_00_2.png,1.75,1.838407154940594
1654,2460_LeafPhotoB_2025-09-08 11_37_28.626-05_00_3.png,1.75,1.9978355624195558
1659,1445_LeafPhotoB_2025-09-08 10_33_50.397-05_00_0.png,1.5,1.428679146193235
1660,1445_LeafPhotoB_2025-09-08 10_33_50.397-05_00_1.png,1.5,1.5912089392228115
1661,1445_LeafPhotoB_2025-09-08 10_33_50.397-05_00_2.png,1.5,1.6983793245797885
1662,1445_LeafPhotoB_2025-09-08 10_33_50.397-05_00_3.png,1.5,1.524242109087915
1678,2318_LeafPhotoA_2025-09-08 10_46_13.359-05_00_0.png,1.5,1.5326895433280288
1679,2318_LeafPhotoA_2025-09-08 10_46_13.359-05_00_1.png,1.5,1.6323872477550398
1691,1234_LeafPhotoA_2025-09-08 10_20_18.045-05_00_0.png,1.75,1.8455036435335412
1692,1234_LeafPhotoA_2025-09-08 10_20_18.045-05_00_1.png,1.75,1.837900095507779
1693,1234_LeafPhotoA_2025-09-08 10_20_18.045-05_00_2.png,1.75,1.8275032996852962
1694,1234_LeafPhotoA_2025-09-08 10_20_18.045-05_00_3.png,1.75,1.7912922124919388
1695,1279_LeafPhotoA_2025-09-08 16_08_00.467-05_00_0.png,1.0,1.3409651547954322
1696,1279_LeafPhotoA_2025-09-08 16_08_00.467-05_00_1.png,1.0,1.309266259093236
1697,1279_LeafPhotoA_2025-09-08 16_08_00.467-05_00_2.png,1.0,1.2883962780412213
1698,1279_LeafPhotoA_2025-09-08 16_08_00.467-05_00_3.png,1.0,1.3048063305387103
1704,1417_LeafPhotoB_2025-09-08 10_10_54.682-05_00_0.png,2.25,1.9876107642720087
1705,1417_LeafPhotoB_2025-09-08 10_10_54.682-05_00_1.png,2.25,1.9791160639997483
1706,1417_LeafPhotoB_2025-09-08 10_10_54.682-05_00_2.png,2.25,1.9558725311979472
1707,1417_LeafPhotoB_2025-09-08 10_10_54.682-05_00_3.png,2.25,1.9893837520019435
1726,1043_LeafPhotoA_2025-09-08 10_21_46.526-05_00_0.png,3.0,2.2105102955690477
1727,1043_LeafPhotoA_2025-09-08 10_21_46.526-05_00_1.png,3.0,1.932332727135105
1728,1043_LeafPhotoA_2025-09-08 10_21_46.526-05_00_2.png,3.0,1.7176832271239675
1729,1043_LeafPhotoA_2025-09-08 10_21_46.526-05_00_3.png,3.0,1.5732023393904342
1739,1488_LeafPhotoB_2025-09-08 16_52_36.463-05_00_0.png,2.75,2.1977314344259953
1740,1488_LeafPhotoB_2025-09-08 16_52_36.463-05_00_1.png,2.75,2.410089964098563
1741,1488_LeafPhotoB_2025-09-08 16_52_36.463-05_00_2.png,2.75,2.213779756481477
1742,1488_LeafPhotoB_2025-09-08 16_52_36.463-05_00_3.png,2.75,2.4434477992995682
1761,1456_LeafPhotoB_2025-09-08 12_32_32.393-05_00_0.png,1.25,1.6204273178124748
1762,1456_LeafPhotoB_2025-09-08 12_32_32.393-05_00_1.png,1.25,1.5847672180639578
1763,1456_LeafPhotoB_2025-09-08 12_32_32.393-05_00_2.png,1.25,1.5818373075368055
1764,1456_LeafPhotoB_2025-09-08 12_32_32.393-05_00_3.png,1.25,1.5218516293889492
1855,1181_LeafPhotoA_2025-09-08 16_13_46.902-05_00_0.png,2.5,1.9760373484095664
1856,1181_LeafPhotoA_2025-09-08 16_13_46.902-05_00_1.png,2.5,2.1641956456278604
1857,1181_LeafPhotoA_2025-09-08 16_13_46.902-05_00_2.png,2.5,2.342054305641787
1858,1181_LeafPhotoA_2025-09-08 16_13_46.902-05_00_3.png,2.5,2.347569920181832
1860,5009_LeafPhotoA_2025-09-09 16_08_39.148-05_00_0.png,1.75,1.7388731544889153
1861,5009_LeafPhotoA_2025-09-09 16_08_39.148-05_00_1.png,1.75,1.5917018678305805
1862,5009_LeafPhotoA_2025-09-09 16_08_39.148-05_00_2.png,1.75,1.4346200936656868
1863,5009_LeafPhotoA_2025-09-09 16_08_39.148-05_00_3.png,1.75,1.705959806078263
1872,1413_LeafPhotoA_2025-09-08 09_35_09.246-05_00_0.png,1.75,2.1093280676675707
1873,1413_LeafPhotoA_2025-09-08 09_35_09.246-05_00_1.png,1.75,2.0880370868260867
1874,1413_LeafPhotoA_2025-09-08 09_35_09.246-05_00_2.png,1.75,2.001223941067424
1883,2586_LeafPhotoA_2025-09-09 10_34_33.986-05_00_0.png,1.25,1.5538846247706537
1884,2586_LeafPhotoA_2025-09-09 10_34_33.986-05_00_1.png,1.25,1.4824145018597783
1885,2586_LeafPhotoA_2025-09-09 10_34_33.986-05_00_2.png,1.25,1.4074552599761454
1886,2586_LeafPhotoA_2025-09-09 10_34_33.986-05_00_3.png,1.25,1.2682368020199508
1893,2055_LeafPhotoA_2025-09-08 11_49_38.748-05_00_0.png,2.75,2.2137921059016024
1894,2055_LeafPhotoA_2025-09-08 11_49_38.748-05_00_1.png,2.75,2.109303228317303
1895,2055_LeafPhotoA_2025-09-08 11_49_38.748-05_00_2.png,2.75,2.0669078814189223
1924,1878_LeafPhotoA_2025-09-09 17_05_46.079-05_00_0.png,1.75,1.5396970676395845
1925,1878_LeafPhotoA_2025-09-09 17_05_46.079-05_00_1.png,1.75,1.561636805886322
1926,1878_LeafPhotoA_2025-09-09 17_05_46.079-05_00_2.png,1.75,1.5795403201848992
1927,1878_LeafPhotoA_2025-09-09 17_05_46.079-05_00_3.png,1.75,1.6694380983881627
1940,1631_LeafPhotoA_2025-09-09 10_13_12.245-05_00_0.png,1.5,1.614844177343983
1941,1631_LeafPhotoA_2025-09-09 10_13_12.245-05_00_1.png,1.5,1.540152346457613
1942,1631_LeafPhotoA_2025-09-09 10_13_12.245-05_00_2.png,1.5,1.4657594546446715
1943,1075_LeafPhotoA_2025-09-08 13_08_28.899-05_00_0.png,2.25,1.9995588174738583
1944,1075_LeafPhotoA_2025-09-08 13_08_28.899-05_00_1.png,2.25,1.7131563705324706
1945,1075_LeafPhotoA_2025-09-08 13_08_28.899-05_00_2.png,2.25,1.7269951014502474
1946,1075_LeafPhotoA_2025-09-08 13_08_28.899-05_00_3.png,2.25,1.7138589447832828
1955,2395_LeafPhotoA_2025-09-08 12_20_28.826-05_00_0.png,1.5,1.74261442687564
1956,2395_LeafPhotoA_2025-09-08 12_20_28.826-05_00_1.png,1.5,1.8496365612479186
1957,2395_LeafPhotoA_2025-09-08 12_20_28.826-05_00_2.png,1.5,1.68652946225091
1958,2395_LeafPhotoA_2025-09-08 12_20_28.826-05_00_3.png,1.5,1.5957503202784389
1984,2630_LeafPhotoA_2025-09-09 11_53_58.743-05_00_0.png,2.0,2.0032441681045356
1985,2630_LeafPhotoA_2025-09-09 11_53_58.743-05_00_1.png,2.0,2.156757540410925
1986,2630_LeafPhotoA_2025-09-09 11_53_58.743-05_00_2.png,2.0,2.0153019104433585
1987,2630_LeafPhotoA_2025-09-09 11_53_58.743-05_00_3.png,2.0,1.831444540366754
2000,1904_LeafPhotoA_2025-09-09 14_38_44.936-05_00_0.png,1.75,1.6610853320911017
2001,1904_LeafPhotoA_2025-09-09 14_38_44.936-05_00_1.png,1.75,1.655990298742255
2002,1904_LeafPhotoA_2025-09-09 14_38_44.936-05_00_2.png,1.75,1.627233499716978
2003,1904_LeafPhotoA_2025-09-09 14_38_44.936-05_00_3.png,1.75,1.6701724192815144
2027,2597_LeafPhotoA_2025-09-09 10_25_46.649-05_00_0.png,1.75,1.8821068435106998
2028,2597_LeafPhotoA_2025-09-09 10_25_46.649-05_00_1.png,1.75,1.865497998291643
2029,2597_LeafPhotoA_2025-09-09 10_25_46.649-05_00_2.png,1.75,1.7600764774803699
2067,1010_LeafPhotoA_2025-09-08 09_41_44.218-05_00_0.png,2.0,2.160275635540606
2068,1010_LeafPhotoA_2025-09-08 09_41_44.218-05_00_1.png,2.0,1.9567763310283623
2069,1010_LeafPhotoA_2025-09-08 09_41_44.218-05_00_2.png,2.0,1.933184047654646
2070,1010_LeafPhotoA_2025-09-08 09_41_44.218-05_00_3.png,2.0,1.9466431765447079
2079,1259_LeafPhotoA_2025-09-08 16_30_23.555-05_00_0.png,2.75,2.3334235084472805
2080,1259_LeafPhotoA_2025-09-08 16_30_23.555-05_00_1.png,2.75,2.4935404472494724
2081,1259_LeafPhotoA_2025-09-08 16_30_23.555-05_00_2.png,2.75,2.5597614415839764
2082,1259_LeafPhotoA_2025-09-08 16_30_23.555-05_00_3.png,2.75,2.326807141609517
2083,2561_LeafPhotoA_2025-09-09 11_01_04.730-05_00_0.png,1.75,1.8319293678511457
2084,2561_LeafPhotoA_2025-09-09 11_01_04.730-05_00_1.png,1.75,1.9021306465829517
2085,2561_LeafPhotoA_2025-09-09 11_01_04.730-05_00_2.png,1.75,1.6416432569932105
2086,2561_LeafPhotoA_2025-09-09 11_01_04.730-05_00_3.png,1.75,1.5921060756556724
2107,1202_LeafPhotoA_2025-09-08 10_46_25.784-05_00_0.png,1.25,1.6438374786843495
2108,1202_LeafPhotoA_2025-09-08 10_46_25.784-05_00_1.png,1.25,1.5359927691055177
2109,1202_LeafPhotoA_2025-09-08 10_46_25.784-05_00_2.png,1.25,1.5324826594436702
2110,1202_LeafPhotoA_2025-09-08 10_46_25.784-05_00_3.png,1.25,1.6354115930978952
2134,1746_LeafPhotoA_2025-09-09 10_03_34.287-05_00_0.png,1.5,2.066654879666525
2135,1746_LeafPhotoA_2025-09-09 10_03_34.287-05_00_1.png,1.5,2.028110501987798
2136,1746_LeafPhotoA_2025-09-09 10_03_34.287-05_00_2.png,1.5,1.9937101570197302
2137,1931_LeafPhotoA_2025-09-09 15_27_04.726-05_00_0.png,1.25,1.6464087101073488
2138,1931_LeafPhotoA_2025-09-09 15_27_04.726-05_00_1.png,1.25,1.6082165633509726
2139,1931_LeafPhotoA_2025-09-09 15_27_04.726-05_00_2.png,1.25,1.5683356707039937
2140,1931_LeafPhotoA_2025-09-09 15_27_04.726-05_00_3.png,1.25,1.5678017368526511
2153,1206_LeafPhotoA_2025-09-08 09_30_08.342-05_00_0.png,2.0,1.5220987732866107
2154,1206_LeafPhotoA_2025-09-08 09_30_08.342-05_00_1.png,2.0,1.791443085536109
2155,1206_LeafPhotoA_2025-09-08 09_30_08.342-05_00_2.png,2.0,1.9396468313637778
2156,1206_LeafPhotoA_2025-09-08 09_30_08.342-05_00_3.png,2.0,1.6739681944262423
2169,1163_LeafPhotoA_2025-09-08 16_42_10.758-05_00_0.png,1.25,1.8513120525146944
2170,1163_LeafPhotoA_2025-09-08 16_42_10.758-05_00_1.png,1.25,1.810860366294299
2171,1163_LeafPhotoA_2025-09-08 16_42_10.758-05_00_2.png,1.25,1.8315055405349394
2172,1163_LeafPhotoA_2025-09-08 16_42_10.758-05_00_3.png,1.25,1.803611830067991
2173,2518_LeafPhotoA_2025-09-09 10_14_44.963-05_00_0.png,2.25,2.3930655464662958
2174,2518_LeafPhotoA_2025-09-09 10_14_44.963-05_00_1.png,2.25,2.5956325093827637
2175,2518_LeafPhotoA_2025-09-09 10_14_44.963-05_00_2.png,2.25,2.7046679196209658
2176,2518_LeafPhotoA_2025-09-09 10_14_44.963-05_00_3.png,2.25,2.5125589557152295
2181,2429_LeafPhotoB_2025-09-08 11_06_06.696-05_00_0.png,2.25,1.6885397137262452
2182,1227_LeafPhotoA_2025-09-08 10_09_23.405-05_00_0.png,2.25,2.044296449078957
2183,1227_LeafPhotoA_2025-09-08 10_09_23.405-05_00_1.png,2.25,1.9269048490357163
2188,,1.75,1.492283155294728
2206,2403_LeafPhotoB_2025-09-08 10_42_58.623-05_00_0.png,1.25,1.3187794135541215
2207,2403_LeafPhotoB_2025-09-08 10_42_58.623-05_00_1.png,1.25,1.3439889313513183
2208,2403_LeafPhotoB_2025-09-08 10_42_58.623-05_00_2.png,1.25,1.3685829459887493
2209,2403_LeafPhotoB_2025-09-08 10_42_58.623-05_00_3.png,1.25,1.3799570115731457
2223,1700_LeafPhotoA_2025-09-09 10_24_58.399-05_00_0.png,2.0,2.101866581539376
2224,1700_LeafPhotoA_2025-09-09 10_24_58.399-05_00_1.png,2.0,2.0796139342106232
2225,1700_LeafPhotoA_2025-09-09 10_24_58.399-05_00_2.png,2.0,2.1473521025301463
2230,,1.75,1.492283155294728
2247,1774_LeafPhotoA_2025-09-09 09_53_13.789-05_00_0.png,1.25,1.5016183172236028
2248,1774_LeafPhotoA_2025-09-09 09_53_13.789-05_00_1.png,1.25,1.3425841670463503
2249,1774_LeafPhotoA_2025-09-09 09_53_13.789-05_00_2.png,1.25,1.3816762605232646
2250,1774_LeafPhotoA_2025-09-09 09_53_13.789-05_00_3.png,1.25,1.4019570074385657
2251,2692_LeafPhotoA_2025-09-09 10_39_36.661-05_00_0.png,1.25,1.956569584916877
2252,2692_LeafPhotoA_2025-09-09 10_39_36.661-05_00_1.png,1.25,1.803475681820543
2253,2692_LeafPhotoA_2025-09-09 10_39_36.661-05_00_2.png,1.25,1.8507459421987655
2254,2692_LeafPhotoA_2025-09-09 10_39_36.661-05_00_3.png,1.25,1.8220672936441247
2283,1490_LeafPhotoB_2025-09-08 16_54_44.052-05_00_0.png,1.5,1.9561691960081327
2284,1490_LeafPhotoB_2025-09-08 16_54_44.052-05_00_1.png,1.5,1.9102853654504672
2285,1490_LeafPhotoB_2025-09-08 16_54_44.052-05_00_2.png,1.5,1.8722464213807435
2306,1182_LeafPhotoA_2025-09-08 16_12_58.388-05_00_0.png,1.5,1.826391445709221
2307,1182_LeafPhotoA_2025-09-08 16_12_58.388-05_00_1.png,1.5,1.8068133482874196
2308,1182_LeafPhotoA_2025-09-08 16_12_58.388-05_00_2.png,1.5,1.813416946761797
2309,1182_LeafPhotoA_2025-09-08 16_12_58.388-05_00_3.png,1.5,1.8011915510570327
2336,1220_LeafPhotoA_2025-09-08 09_59_32.289-05_00_0.png,2.25,1.7606621432416594
2337,1220_LeafPhotoA_2025-09-08 09_59_32.289-05_00_1.png,2.25,1.5422346542427068
2338,1220_LeafPhotoA_2025-09-08 09_59_32.289-05_00_2.png,2.25,1.6047065173120219
2339,1220_LeafPhotoA_2025-09-08 09_59_32.289-05_00_3.png,2.25,1.8084770454447183
2344,1550_LeafPhotoA_2025-09-09 09_52_22.748-05_00_0.png,2.25,2.368052849091535
2345,1550_LeafPhotoA_2025-09-09 09_52_22.748-05_00_1.png,2.25,2.03285140856198
2346,1550_LeafPhotoA_2025-09-09 09_52_22.748-05_00_2.png,2.25,1.7028298388461183
2347,1550_LeafPhotoA_2025-09-09 09_52_22.748-05_00_3.png,2.25,1.9173315766996584
2358,2234_LeafPhotoA_2025-09-08 11_39_18.537-05_00_0.png,1.75,1.728478237907924
2359,2234_LeafPhotoA_2025-09-08 11_39_18.537-05_00_1.png,1.75,1.4329724559684167
2360,2234_LeafPhotoA_2025-09-08 11_39_18.537-05_00_2.png,1.75,1.5357935215181482
2361,2234_LeafPhotoA_2025-09-08 11_39_18.537-05_00_3.png,1.75,1.6157975793354928
2373,2201_LeafPhotoA_2025-09-08 10_47_34.501-05_00_0.png,1.25,1.47148723255347
2374,2201_LeafPhotoA_2025-09-08 10_47_34.501-05_00_1.png,1.25,1.456800052139231
2375,2201_LeafPhotoA_2025-09-08 10_47_34.501-05_00_2.png,1.25,1.5366421651413062
2376,2201_LeafPhotoA_2025-09-08 10_47_34.501-05_00_3.png,1.25,1.5951121923204945
2377,1174_LeafPhotoA_2025-09-08 16_26_52.134-05_00_0.png,1.5,1.6682329362271053
2378,1174_LeafPhotoA_2025-09-08 16_26_52.134-05_00_1.png,1.5,1.772780321788957
2379,1174_LeafPhotoA_2025-09-08 16_26_52.134-05_00_2.png,1.5,1.7758604890148786
2380,1174_LeafPhotoA_2025-09-08 16_26_52.134-05_00_3.png,1.5,1.7927243720506498
2381,1278_LeafPhotoA_2025-09-08 16_08_45.462-05_00_0.png,2.0,1.9187574009855597
2382,1278_LeafPhotoA_2025-09-08 16_08_45.462-05_00_1.png,2.0,1.9603088306723049
2383,1278_LeafPhotoA_2025-09-08 16_08_45.462-05_00_2.png,2.0,1.898081407639545
2384,1278_LeafPhotoA_2025-09-08 16_08_45.462-05_00_3.png,2.0,1.8926922514606472
2385,1735_LeafPhotoA_2025-09-09 09_46_39.828-05_00_0.png,3.25,3.283220656172657
2386,1735_LeafPhotoA_2025-09-09 09_46_39.828-05_00_1.png,3.25,3.181965084366581
2387,1735_LeafPhotoA_2025-09-09 09_46_39.828-05_00_2.png,3.25,3.318749678316073
2388,1735_LeafPhotoA_2025-09-09 09_46_39.828-05_00_3.png,3.25,3.218608694493394
2389,2174_LeafPhotoA_2025-09-09 12_15_14.269-05_00_0.png,2.25,2.00664128242275
2390,2174_LeafPhotoA_2025-09-09 12_15_14.269-05_00_1.png,2.25,2.0957078496717747
2391,2174_LeafPhotoA_2025-09-09 12_15_14.269-05_00_2.png,2.25,2.2768108188788343
2392,2174_LeafPhotoA_2025-09-09 12_15_14.269-05_00_3.png,2.25,2.5574177824333724
2393,1702_LeafPhotoA_2025-09-09 10_12_12.772-05_00_0.png,3.0,2.8253669649735556
2394,1702_LeafPhotoA_2025-09-09 10_12_12.772-05_00_1.png,3.0,3.0672850824195077
2395,1702_LeafPhotoA_2025-09-09 10_12_12.772-05_00_2.png,3.0,3.038951396277439
2396,1702_LeafPhotoA_2025-09-09 10_12_12.772-05_00_3.png,3.0,2.8695080912715243
2412,2101_LeafPhotoA_2025-09-08 10_53_40.932-05_00_0.png,1.75,1.470627156010162
2413,2101_LeafPhotoA_2025-09-08 10_53_40.932-05_00_1.png,1.75,1.5044626883076708
2414,2101_LeafPhotoA_2025-09-08 10_53_40.932-05_00_2.png,1.75,1.6092760933663937
2415,2101_LeafPhotoA_2025-09-08 10_53_40.932-05_00_3.png,1.75,1.6490980008580383
2446,2201_LeafPhotoA_2025-09-08 10_47_11.543-05_00_0.png,1.0,1.3996213687534196
2447,2201_LeafPhotoA_2025-09-08 10_47_11.543-05_00_1.png,1.0,1.3853246920737596
2448,2201_LeafPhotoA_2025-09-08 10_47_11.543-05_00_2.png,1.0,1.370050700244403
2449,2201_LeafPhotoA_2025-09-08 10_47_11.543-05_00_3.png,1.0,1.4170864700395718
2454,1784_LeafPhotoA_2025-09-09 09_29_57.480-05_00_0.png,1.5,1.5756260074325943
2455,1784_LeafPhotoA_2025-09-09 09_29_57.480-05_00_1.png,1.5,1.5701887114769153
2456,1784_LeafPhotoA_2025-09-09 09_29_57.480-05_00_2.png,1.5,1.4293744282624408
2457,1784_LeafPhotoA_2025-09-09 09_29_57.480-05_00_3.png,1.5,1.35726334477383
2458,2756_LeafPhotoA_2025-09-09 16_27_37.923-05_00_0.png,1.25,1.448188247474759
2459,2756_LeafPhotoA_2025-09-09 16_27_37.923-05_00_1.png,1.25,1.4723477290991935
2460,1329_LeafPhotoA_2025-09-08 09_56_53.667-05_00_0.png,2.5,1.934877439180724
2461,1329_LeafPhotoA_2025-09-08 09_56_53.667-05_00_1.png,2.5,1.9559877567822637
2462,1329_LeafPhotoA_2025-09-08 09_56_53.667-05_00_2.png,2.5,1.9994665915292247
2463,1329_LeafPhotoA_2025-09-08 09_56_53.667-05_00_3.png,2.5,1.9557257703261102
2464,1616_LeafPhotoA_2025-09-09 09_41_23.675-05_00_0.png,2.0,1.573004291791746
2465,1616_LeafPhotoA_2025-09-09 09_41_23.675-05_00_1.png,2.0,1.4384923206254951
2466,1616_LeafPhotoA_2025-09-09 09_41_23.675-05_00_2.png,2.0,1.4036286703667087
2467,1616_LeafPhotoA_2025-09-09 09_41_23.675-05_00_3.png,2.0,1.4467769401073767
2468,2562_LeafPhotoA_2025-09-09 10_59_13.146-05_00_0.png,2.5,1.6522253726866845
2469,2562_LeafPhotoA_2025-09-09 10_59_13.146-05_00_1.png,2.5,1.6224098953310073
2470,2562_LeafPhotoA_2025-09-09 10_59_13.146-05_00_2.png,2.5,1.5346781060276364
2490,1186_LeafPhotoA_2025-09-08 16_05_34.142-05_00_0.png,1.25,1.602171106229459
2491,1186_LeafPhotoA_2025-09-08 16_05_34.142-05_00_1.png,1.25,1.6873559822235078
2492,1186_LeafPhotoA_2025-09-08 16_05_34.142-05_00_2.png,1.25,1.5656086811526526
2493,1186_LeafPhotoA_2025-09-08 16_05_34.142-05_00_3.png,1.25,1.49509863161676
2528,1155_LeafPhotoA_2025-09-08 16_53_48.092-05_00_0.png,1.75,1.8298555064189972
2529,1155_LeafPhotoA_2025-09-08 16_53_48.092-05_00_1.png,1.75,1.8495842824965072
2530,1155_LeafPhotoA_2025-09-08 16_53_48.092-05_00_2.png,1.75,1.7499310118416136
2546,,1.25,1.492283155294728
2592,,2.0,1.492283155294728
2601,1445_LeafPhotoB_2025-09-08 10_34_53.870-05_00_0.png,1.5,1.4408475266415843
2602,1445_LeafPhotoB_2025-09-08 10_34_53.870-05_00_1.png,1.5,1.535853765259134
2603,1445_LeafPhotoB_2025-09-08 10_34_53.870-05_00_2.png,1.5,1.5509359595298036
2604,1445_LeafPhotoB_2025-09-08 10_34_53.870-05_00_3.png,1.5,1.5611783259149261
2613,2703_LeafPhotoA_2025-09-09 10_15_56.392-05_00_0.png,4.25,2.6300516520010913
2614,2703_LeafPhotoA_2025-09-09 10_15_56.392-05_00_1.png,4.25,2.9720113855912667
2615,2703_LeafPhotoA_2025-09-09 10_15_56.392-05_00_2.png,4.25,3.186274961709738
2616,2703_LeafPhotoA_2025-09-09 10_15_56.392-05_00_3.png,4.25,3.2416895611765404
2625,1234_LeafPhotoA_2025-09-08 10_19_27.121-05_00_0.png,1.5,1.7315242272991882
2626,1234_LeafPhotoA_2025-09-08 10_19_27.121-05_00_1.png,1.5,1.6230195815590047
2627,1234_LeafPhotoA_2025-09-08 10_19_27.121-05_00_2.png,1.5,1.6036748728487062
2628,1234_LeafPhotoA_2025-09-08 10_19_27.121-05_00_3.png,1.5,1.5879484018827197
2646,2266_LeafPhotoA_2025-09-08 17_17_09.917-05_00_0.png,2.75,2.4354226392949894
2647,2266_LeafPhotoA_2025-09-08 17_17_09.917-05_00_1.png,2.75,2.045036777406302
2648,2266_LeafPhotoA_2025-09-08 17_17_09.917-05_00_2.png,2.75,2.4282481241386678
2649,2266_LeafPhotoA_2025-09-08 17_17_09.917-05_00_3.png,2.75,2.8344484525662574
2662,2978_LeafPhotoA_2025-09-09 16_28_25.306-05_00_0.png,1.5,2.0970070812158927
2663,2978_LeafPhotoA_2025-09-09 16_28_25.306-05_00_1.png,1.5,1.749943482029131
2664,2978_LeafPhotoA_2025-09-09 16_28_25.306-05_00_2.png,1.5,1.676083369606238
2665,2978_LeafPhotoA_2025-09-09 16_28_25.306-05_00_3.png,1.5,1.9472201421232598
2687,1891_LeafPhotoA_2025-09-09 17_16_06.533-05_00_0.png,1.5,1.7639755548378557
2688,1891_LeafPhotoA_2025-09-09 17_16_06.533-05_00_1.png,1.5,1.8114741954596811
2689,1891_LeafPhotoA_2025-09-09 17_16_06.533-05_00_2.png,1.5,1.6988680382413215
2690,1891_LeafPhotoA_2025-09-09 17_16_06.533-05_00_3.png,1.5,1.5980742053152917
2719,1144_LeafPhotoA_2025-09-08 10_40_26.306-05_00_0.png,2.25,2.307310702883662
2720,1144_LeafPhotoA_2025-09-08 10_40_26.306-05_00_1.png,2.25,1.9227633436931972
2721,1144_LeafPhotoA_2025-09-08 10_40_26.306-05_00_2.png,2.25,1.692200646217226
2722,1144_LeafPhotoA_2025-09-08 10_40_26.306-05_00_3.png,2.25,1.906785889722217
2753,1621_LeafPhotoA_2025-09-09 09_52_05.240-05_00_0.png,1.25,1.4284436020112177
2754,1621_LeafPhotoA_2025-09-09 09_52_05.240-05_00_1.png,1.25,1.5097124078313038
2755,1621_LeafPhotoA_2025-09-09 09_52_05.240-05_00_2.png,1.25,1.5359973138048324
2756,1621_LeafPhotoA_2025-09-09 09_52_05.240-05_00_3.png,1.25,1.4557830434811254
2757,,2.5,1.492283155294728
2774,1288_LeafPhotoA_2025-09-08 15_59_14.840-05_00_0.png,1.5,1.6655233534672982
2775,1288_LeafPhotoA_2025-09-08 15_59_14.840-05_00_1.png,1.5,1.5829188431899957
2776,1288_LeafPhotoA_2025-09-08 15_59_14.840-05_00_2.png,1.5,1.5964051377530615
2784,1648_LeafPhotoA_2025-09-09 10_43_26.038-05_00_0.png,2.0,1.7854336942190074
2785,1648_LeafPhotoA_2025-09-09 10_43_26.038-05_00_1.png,2.0,1.9076520284478278
2786,1648_LeafPhotoA_2025-09-09 10_43_26.038-05_00_2.png,2.0,1.8542974548778557
2787,1648_LeafPhotoA_2025-09-09 10_43_26.038-05_00_3.png,2.0,1.9684990854344206
2805,,1.75,1.492283155294728
2807,1415_LeafPhotoB_2025-09-08 10_09_27.941-05_00_0.png,1.25,1.6836003517479787
2808,1415_LeafPhotoB_2025-09-08 10_09_27.941-05_00_1.png,1.25,1.695753802645152
2809,1415_LeafPhotoB_2025-09-08 10_09_27.941-05_00_2.png,1.25,1.660303280136508
2810,1415_LeafPhotoB_2025-09-08 10_09_27.941-05_00_3.png,1.25,1.5868465143683061
2811,1829_LeafPhotoA_2025-09-09 09_31_52.096-05_00_0.png,2.25,2.136089117803259
2812,1829_LeafPhotoA_2025-09-09 09_31_52.096-05_00_1.png,2.25,2.118397442491289
2813,1829_LeafPhotoA_2025-09-09 09_31_52.096-05_00_2.png,2.25,1.7381765134093512
2814,1829_LeafPhotoA_2025-09-09 09_31_52.096-05_00_3.png,2.25,1.6363619452792
2827,2802_LeafPhotoA_2025-09-09 10_10_24.476-05_00_0.png,2.25,2.6056928576910905
2828,2802_LeafPhotoA_2025-09-09 10_10_24.476-05_00_1.png,2.25,2.0935203247783662
2829,2802_LeafPhotoA_2025-09-09 10_10_24.476-05_00_2.png,2.25,1.9720610545043826
2830,2802_LeafPhotoA_2025-09-09 10_10_24.476-05_00_3.png,2.25,2.1694498174885295
2831,1057_LeafPhotoA_2025-09-08 12_48_09.886-05_00_0.png,4.0,3.102957054549981
2832,1057_LeafPhotoA_2025-09-08 12_48_09.886-05_00_1.png,4.0,3.0257493395219517
2833,1803_LeafPhotoA_2025-09-09 08_52_14.872-05_00_0.png,1.5,1.535736623611383
2834,1803_LeafPhotoA_2025-09-09 08_52_14.872-05_00_1.png,1.5,1.5849454064181103
2835,1803_LeafPhotoA_2025-09-09 08_52_14.872-05_00_2.png,1.5,1.657488309256426
2836,1803_LeafPhotoA_2025-09-09 08_52_14.872-05_00_3.png,1.5,1.8570710603090164
2865,2532_LeafPhotoA_2025-09-09 10_30_36.212-05_00_0.png,1.5,1.8245496612534018
2866,2532_LeafPhotoA_2025-09-09 10_30_36.212-05_00_1.png,1.5,2.184197831531861
2867,2532_LeafPhotoA_2025-09-09 10_30_36.212-05_00_2.png,1.5,2.150660138480695
2868,2532_LeafPhotoA_2025-09-09 10_30_36.212-05_00_3.png,1.5,1.9019462410855699
2876,2519_LeafPhotoA_2025-09-09 10_16_07.193-05_00_0.png,1.25,1.73240323285568
2877,2519_LeafPhotoA_2025-09-09 10_16_07.193-05_00_1.png,1.25,1.621637244552081
2878,2519_LeafPhotoA_2025-09-09 10_16_07.193-05_00_2.png,1.25,1.661340539103516
2879,2519_LeafPhotoA_2025-09-09 10_16_07.193-05_00_3.png,1.25,1.8630468744173976
2964,2783_LeafPhotoA_2025-09-09 15_14_29.872-05_00_0.png,1.25,1.7205725837200305
2965,2783_LeafPhotoA_2025-09-09 15_14_29.872-05_00_1.png,1.25,1.5619695823384026
2966,2783_LeafPhotoA_2025-09-09 15_14_29.872-05_00_2.png,1.25,1.6024050372424363
2967,2783_LeafPhotoA_2025-09-09 15_14_29.872-05_00_3.png,1.25,1.6422724746457202
2984,2331_LeafPhotoA_2025-09-08 10_59_46.770-05_00_0.png,2.5,1.7004991059167147
2985,2331_LeafPhotoA_2025-09-08 10_59_46.770-05_00_1.png,2.5,1.8124881256756016
2986,2331_LeafPhotoA_2025-09-08 10_59_46.770-05_00_2.png,2.5,1.8549621614169038
2987,2993_LeafPhotoA_2025-09-09 16_47_51.394-05_00_0.png,1.5,1.65859419248622
2988,2993_LeafPhotoA_2025-09-09 16_47_51.394-05_00_1.png,1.5,1.7144086650202663
2989,2993_LeafPhotoA_2025-09-09 16_47_51.394-05_00_2.png,1.5,1.8137310266018083
2990,2993_LeafPhotoA_2025-09-09 16_47_51.394-05_00_3.png,1.5,1.8559634825542226
3007,2729_LeafPhotoA_2025-09-09 10_55_26.872-05_00_0.png,2.75,3.2067605896385265
3008,2729_LeafPhotoA_2025-09-09 10_55_26.872-05_00_1.png,2.75,3.0476337359280787
3009,2729_LeafPhotoA_2025-09-09 10_55_26.872-05_00_2.png,2.75,2.272841037891202
3010,2729_LeafPhotoA_2025-09-09 10_55_26.872-05_00_3.png,2.75,1.9292887908619683
3023,1616_LeafPhotoA_2025-09-09 09_40_32.568-05_00_0.png,1.5,1.4537735222965251
3024,1616_LeafPhotoA_2025-09-09 09_40_32.568-05_00_1.png,1.5,1.500504096890488
3025,1616_LeafPhotoA_2025-09-09 09_40_32.568-05_00_2.png,1.5,1.5352846958172746
3034,,1.75,1.492283155294728
3039,2734_LeafPhotoA_2025-09-09 11_00_52.812-05_00_0.png,2.25,2.097634351119026
3040,2734_LeafPhotoA_2025-09-09 11_00_52.812-05_00_1.png,2.25,2.0169483416775633
3041,2734_LeafPhotoA_2025-09-09 11_00_52.812-05_00_2.png,2.25,2.086540251479687
3042,2734_LeafPhotoA_2025-09-09 11_00_52.812-05_00_3.png,2.25,2.237555076133285
3084,2246_LeafPhotoA_2025-09-08 11_58_26.493-05_00_0.png,2.25,2.1215886151024863
3085,2246_LeafPhotoA_2025-09-08 11_58_26.493-05_00_1.png,2.25,2.178331589715537
3086,2246_LeafPhotoA_2025-09-08 11_58_26.493-05_00_2.png,2.25,2.160529477168965
3087,2246_LeafPhotoA_2025-09-08 11_58_26.493-05_00_3.png,2.25,2.205917311934013
3088,1815_LeafPhotoA_2025-09-09 09_11_30.894-05_00_0.png,1.25,1.5877334700500092
3106,2916_LeafPhotoA_2025-09-09 16_36_27.915-05_00_0.png,3.0,2.193866209135666
3107,2916_LeafPhotoA_2025-09-09 16_36_27.915-05_00_1.png,3.0,2.0726561144514783
3108,2916_LeafPhotoA_2025-09-09 16_36_27.915-05_00_2.png,3.0,2.1256886805199002
3113,2234_LeafPhotoA_2025-09-08 11_39_01.597-05_00_0.png,1.5,1.5514174464368105
3114,2234_LeafPhotoA_2025-09-08 11_39_01.597-05_00_1.png,1.5,1.5717439876273347
3115,2234_LeafPhotoA_2025-09-08 11_39_01.597-05_00_2.png,1.5,1.5069972217002967
3116,2234_LeafPhotoA_2025-09-08 11_39_01.597-05_00_3.png,1.5,1.5125325375787346
3121,1615_LeafPhotoA_2025-09-09 09_38_30.259-05_00_0.png,1.75,1.7656517503931388
3122,1615_LeafPhotoA_2025-09-09 09_38_30.259-05_00_1.png,1.75,1.891990484723288
3123,1615_LeafPhotoA_2025-09-09 09_38_30.259-05_00_2.png,1.75,1.8527161672955759
3124,1615_LeafPhotoA_2025-09-09 09_38_30.259-05_00_3.png,1.75,1.7686912204971768
3137,1528_LeafPhotoA_2025-09-09 09_26_28.328-05_00_0.png,3.25,3.2092794351613363
3138,1528_LeafPhotoA_2025-09-09 09_26_28.328-05_00_1.png,3.25,3.3277706673916083
3139,1528_LeafPhotoA_2025-09-09 09_26_28.328-05_00_2.png,3.25,3.339875263736685
3140,1528_LeafPhotoA_2025-09-09 09_26_28.328-05_00_3.png,3.25,2.906372137087685
3165,1566_LeafPhotoA_2025-09-09 10_03_07.791-05_00_0.png,1.5,1.7136460708530055
3166,1566_LeafPhotoA_2025-09-09 10_03_07.791-05_00_1.png,1.5,1.6674706029331972
3167,1566_LeafPhotoA_2025-09-09 10_03_07.791-05_00_2.png,1.5,1.633847500008431
3168,1566_LeafPhotoA_2025-09-09 10_03_07.791-05_00_3.png,1.5,1.5710716441549923
3173,2444_LeafPhotoB_2025-09-08 11_19_56.783-05_00_0.png,2.25,2.3427768269137843
3174,2444_LeafPhotoB_2025-09-08 11_19_56.783-05_00_1.png,2.25,2.4674048046064065
3175,2444_LeafPhotoB_2025-09-08 11_19_56.783-05_00_2.png,2.25,2.413037802179976
3176,2444_LeafPhotoB_2025-09-08 11_19_56.783-05_00_3.png,2.25,2.185364661145364
3193,,1.25,1.492283155294728
3206,1599_LeafPhotoA_2025-09-09 10_23_41.725-05_00_0.png,1.5,1.821160947913776
3240,1411_LeafPhotoB_2025-09-08 10_05_27.189-05_00_0.png,1.25,1.2464888319334069
3241,1411_LeafPhotoB_2025-09-08 10_05_27.189-05_00_1.png,1.25,1.2175421608271122
3242,1411_LeafPhotoB_2025-09-08 10_05_27.189-05_00_2.png,1.25,1.2629222124208461
3243,1411_LeafPhotoB_2025-09-08 10_05_27.189-05_00_3.png,1.25,1.302624517735876
3249,1011_LeafPhotoA_2025-09-08 09_42_35.227-05_00_0.png,2.25,1.8542958745626368
3250,1011_LeafPhotoA_2025-09-08 09_42_35.227-05_00_1.png,2.25,1.9627513813505262
3251,1011_LeafPhotoA_2025-09-08 09_42_35.227-05_00_2.png,2.25,1.97716228494641
3255,2716_LeafPhotoA_2025-09-09 10_35_36.382-05_00_0.png,2.75,2.087346666790759
3256,2716_LeafPhotoA_2025-09-09 10_35_36.382-05_00_1.png,2.75,2.277457726735068
3257,2202_LeafPhotoA_2025-09-08 10_48_52.303-05_00_0.png,1.5,1.5410625339814323
3258,2202_LeafPhotoA_2025-09-08 10_48_52.303-05_00_1.png,1.5,1.521434311926948
3259,2202_LeafPhotoA_2025-09-08 10_48_52.303-05_00_2.png,1.5,1.5358909797619296
3260,2202_LeafPhotoA_2025-09-08 10_48_52.303-05_00_3.png,1.5,1.5641447392557344
3285,1933_LeafPhotoA_2025-09-09 15_28_49.123-05_00_0.png,2.25,2.1026187042312485
3286,1933_LeafPhotoA_2025-09-09 15_28_49.123-05_00_1.png,2.25,1.9360018941957915
3287,1933_LeafPhotoA_2025-09-09 15_28_49.123-05_00_2.png,2.25,1.8772010929346803
3288,1933_LeafPhotoA_2025-09-09 15_28_49.123-05_00_3.png,2.25,1.949576599579417
3311,1828_LeafPhotoA_2025-09-09 09_30_57.848-05_00_0.png,2.0,1.4718916711969885
3312,1828_LeafPhotoA_2025-09-09 09_30_57.848-05_00_1.png,2.0,1.4916008923473023
3313,1828_LeafPhotoA_2025-09-09 09_30_57.848-05_00_2.png,2.0,1.4458754003980523
3314,1828_LeafPhotoA_2025-09-09 09_30_57.848-05_00_3.png,2.0,1.6708784850004983
3326,2866_LeafPhotoA_2025-09-09 14_51_42.101-05_00_0.png,1.25,1.5836574303252535
3327,2866_LeafPhotoA_2025-09-09 14_51_42.101-05_00_1.png,1.25,1.592472948793178
3351,1815_LeafPhotoA_2025-09-09 09_11_08.154-05_00_0.png,1.5,1.5317342379063796
3352,1815_LeafPhotoA_2025-09-09 09_11_08.154-05_00_1.png,1.5,1.5205091507569028
3353,1815_LeafPhotoA_2025-09-09 09_11_08.154-05_00_2.png,1.5,1.600236109876105
3354,1815_LeafPhotoA_2025-09-09 09_11_08.154-05_00_3.png,1.5,1.714032058007457
3365,2184_LeafPhotoA_2025-09-09 12_29_02.951-05_00_0.png,1.25,2.0227187353974054
3366,2184_LeafPhotoA_2025-09-09 12_29_02.951-05_00_1.png,1.25,2.013624978227664
3367,2184_LeafPhotoA_2025-09-09 12_29_02.951-05_00_2.png,1.25,2.1428605492307726
3368,2184_LeafPhotoA_2025-09-09 12_29_02.951-05_00_3.png,1.25,2.3723542369894712
3370,1904_LeafPhotoA_2025-09-09 14_39_09.961-05_00_0.png,4.75,3.222295352382345
3371,1904_LeafPhotoA_2025-09-09 14_39_09.961-05_00_1.png,4.75,2.9673101550998315
3372,1904_LeafPhotoA_2025-09-09 14_39_09.961-05_00_2.png,4.75,2.6435209859531166
3405,2662_LeafPhotoA_2025-09-09 11_35_09.264-05_00_0.png,2.25,2.3543325785814404
3406,2662_LeafPhotoA_2025-09-09 11_35_09.264-05_00_1.png,2.25,2.3912873544194766
3407,2662_LeafPhotoA_2025-09-09 11_35_09.264-05_00_2.png,2.25,2.451525704329048
3408,2662_LeafPhotoA_2025-09-09 11_35_09.264-05_00_3.png,2.25,2.613451280283613
3441,2395_LeafPhotoA_2025-09-08 12_20_11.123-05_00_0.png,2.25,2.24593495317113
3442,2395_LeafPhotoA_2025-09-08 12_20_11.123-05_00_1.png,2.25,2.256114386524531
3443,2395_LeafPhotoA_2025-09-08 12_20_11.123-05_00_2.png,2.25,2.0378997041252633
3444,2395_LeafPhotoA_2025-09-08 12_20_11.123-05_00_3.png,2.25,1.9080824726461953
3479,5031_LeafPhotoA_2025-09-09 16_57_35.057-05_00_0.png,1.25,1.6728040649178197
3480,5031_LeafPhotoA_2025-09-09 16_57_35.057-05_00_1.png,1.25,1.4848411478066565
3481,5031_LeafPhotoA_2025-09-09 16_57_35.057-05_00_2.png,1.25,1.3982973770456837
3482,5031_LeafPhotoA_2025-09-09 16_57_35.057-05_00_3.png,1.25,1.4678665150249541
3499,1307_LeafPhotoA_2025-09-08 09_22_15.163-05_00_0.png,1.75,1.774153837601436
3500,1307_LeafPhotoA_2025-09-08 09_22_15.163-05_00_1.png,1.75,1.6397689284359536
3501,1307_LeafPhotoA_2025-09-08 09_22_15.163-05_00_2.png,1.75,1.4848205860965897
3502,1307_LeafPhotoA_2025-09-08 09_22_15.163-05_00_3.png,1.75,1.5982642017747493
3517,2120_LeafPhotoA_2025-09-08 11_31_02.513-05_00_0.png,1.25,1.638738855943517
3518,2120_LeafPhotoA_2025-09-08 11_31_02.513-05_00_1.png,1.25,1.6544911339909758
3519,2120_LeafPhotoA_2025-09-08 11_31_02.513-05_00_2.png,1.25,1.7364140954907448
3520,2120_LeafPhotoA_2025-09-08 11_31_02.513-05_00_3.png,1.25,1.848835648032252
3521,1259_LeafPhotoA_2025-09-08 16_30_12.453-05_00_0.png,2.25,2.0034410204384305
3522,1259_LeafPhotoA_2025-09-08 16_30_12.453-05_00_1.png,2.25,1.8866130336381872
3523,1259_LeafPhotoA_2025-09-08 16_30_12.453-05_00_2.png,2.25,1.73158758121528
3524,1259_LeafPhotoA_2025-09-08 16_30_12.453-05_00_3.png,2.25,1.8554124094617763
3533,2318_LeafPhotoA_2025-09-08 10_46_40.691-05_00_0.png,1.0,1.2837588090014542
3534,2318_LeafPhotoA_2025-09-08 10_46_40.691-05_00_1.png,1.0,1.2491185216088956
3535,2318_LeafPhotoA_2025-09-08 10_46_40.691-05_00_2.png,1.0,1.2711222959818294
3536,2318_LeafPhotoA_2025-09-08 10_46_40.691-05_00_3.png,1.0,1.3302805636633637
3546,1806_LeafPhotoA_2025-09-09 08_58_19.870-05_00_0.png,3.0,2.000245441590786
3547,1806_LeafPhotoA_2025-09-09 08_58_32.090-05_00_0.png,1.75,1.8286271454642904
3548,1806_LeafPhotoA_2025-09-09 08_58_32.090-05_00_1.png,1.75,1.7599230915041935
3549,1806_LeafPhotoA_2025-09-09 08_58_32.090-05_00_2.png,1.75,1.8716854789463633
3550,1806_LeafPhotoA_2025-09-09 08_58_32.090-05_00_3.png,1.75,1.8867047560162027
3551,2205_LeafPhotoA_2025-09-08 10_52_49.920-05_00_0.png,2.0,1.7857751937779371
3552,2205_LeafPhotoA_2025-09-08 10_52_49.920-05_00_1.png,2.0,1.7263641401705463
3553,2205_LeafPhotoA_2025-09-08 10_52_49.920-05_00_2.png,2.0,1.666013842315769
3554,2205_LeafPhotoA_2025-09-08 10_52_49.920-05_00_3.png,2.0,1.7759458290972683
3555,2205_LeafPhotoA_2025-09-08 10_52_29.620-05_00_0.png,1.25,1.539241778486446
3556,2205_LeafPhotoA_2025-09-08 10_52_29.620-05_00_1.png,1.25,1.557103380752375
3557,2205_LeafPhotoA_2025-09-08 10_52_29.620-05_00_2.png,1.25,1.5841410585673372
3558,2205_LeafPhotoA_2025-09-08 10_52_29.620-05_00_3.png,1.25,1.586634055658824
3559,1806_LeafPhotoA_2025-09-09 08_58_50.435-05_00_0.png,2.25,1.9107494944895884
3560,1806_LeafPhotoA_2025-09-09 08_58_50.435-05_00_1.png,2.25,2.1192951686739896
3561,1806_LeafPhotoA_2025-09-09 08_58_50.435-05_00_2.png,2.25,2.3141227694774167
3562,1806_LeafPhotoA_2025-09-09 08_58_50.435-05_00_3.png,2.25,2.2669021048986697
3563,2205_LeafPhotoA_2025-09-08 10_52_09.894-05_00_0.png,1.5,2.0196626620189773
3564,2205_LeafPhotoA_2025-09-08 10_52_09.894-05_00_1.png,1.5,1.951631985778188
3565,2205_LeafPhotoA_2025-09-08 10_52_09.894-05_00_2.png,1.5,1.7606115115937322
3566,2205_LeafPhotoA_2025-09-08 10_52_09.894-05_00_3.png,1.5,1.5913994951449488
3,2601_LeafPhotoA_2025-09-09 10_53_20.928-05_00_0.png,1.0,1.4759176836701025
4,2601_LeafPhotoA_2025-09-09 10_53_20.928-05_00_1.png,1.0,1.6587566084693597
5,2601_LeafPhotoA_2025-09-09 10_53_20.928-05_00_2.png,1.0,1.603599836681492
6,2601_LeafPhotoA_2025-09-09 10_53_20.928-05_00_3.png,1.0,1.5401979313184802
34,1483_LeafPhotoB_2025-09-08 16_48_33.487-05_00_0.png,1.25,1.4801662681681065
35,1483_LeafPhotoB_2025-09-08 16_48_33.487-05_00_1.png,1.25,1.5669441241270772
36,1483_LeafPhotoB_2025-09-08 16_48_33.487-05_00_2.png,1.25,1.5248749255596197
37,1483_LeafPhotoB_2025-09-08 16_48_33.487-05_00_3.png,1.25,1.4307198183510101
66,1864_LeafPhotoA_2025-09-09 16_54_10.885-05_00_0.png,2.25,1.7650138965673985
67,1864_LeafPhotoA_2025-09-09 16_54_10.885-05_00_1.png,2.25,1.8529688584728263
68,1864_LeafPhotoA_2025-09-09 16_54_10.885-05_00_2.png,2.25,1.8788087438518934
69,1864_LeafPhotoA_2025-09-09 16_54_10.885-05_00_3.png,2.25,2.0829546021752865
70,1459_LeafPhotoB_2025-09-08 12_35_29.491-05_00_0.png,2.5,3.0284336676395496
71,1459_LeafPhotoB_2025-09-08 12_35_29.491-05_00_1.png,2.5,2.864238436017172
72,1459_LeafPhotoB_2025-09-08 12_35_29.491-05_00_2.png,2.5,2.7909359663527606
81,2330_LeafPhotoA_2025-09-08 10_58_31.927-05_00_0.png,1.25,1.68103744149226
82,2330_LeafPhotoA_2025-09-08 10_58_31.927-05_00_1.png,1.25,1.6141192845145058
83,2330_LeafPhotoA_2025-09-08 10_58_31.927-05_00_2.png,1.25,1.543165685804133
84,2330_LeafPhotoA_2025-09-08 10_58_31.927-05_00_3.png,1.25,1.4020451630269748
138,1945_LeafPhotoA_2025-09-09 16_03_25.425-05_00_0.png,2.0,1.7712412811109604
139,1945_LeafPhotoA_2025-09-09 16_03_25.425-05_00_1.png,2.0,1.8017729710734722
179,1984_LeafPhotoA_2025-09-09 16_31_27.437-05_00_0.png,1.25,1.6191607614879668
180,1984_LeafPhotoA_2025-09-09 16_31_27.437-05_00_1.png,1.25,1.629651513333015
181,1984_LeafPhotoA_2025-09-09 16_31_27.437-05_00_2.png,1.25,1.603115268370975
182,2965_LeafPhotoA_2025-09-09 16_10_16.858-05_00_0.png,1.75,1.6698772762933956
183,2965_LeafPhotoA_2025-09-09 16_10_16.858-05_00_1.png,1.75,1.6098711839953144
184,2965_LeafPhotoA_2025-09-09 16_10_16.858-05_00_2.png,1.75,1.6408252084674304
185,2965_LeafPhotoA_2025-09-09 16_10_16.858-05_00_3.png,1.75,1.828322488982609
194,1209_LeafPhotoA_2025-09-08 09_37_14.965-05_00_0.png,1.25,1.4478008469571932
195,1209_LeafPhotoA_2025-09-08 09_37_14.965-05_00_1.png,1.25,1.5437318862982556
196,1209_LeafPhotoA_2025-09-08 09_37_14.965-05_00_2.png,1.25,1.4373615921330705
197,1209_LeafPhotoA_2025-09-08 09_37_14.965-05_00_3.png,1.25,1.3296643546690952
198,1644_LeafPhotoA_2025-09-09 10_35_46.183-05_00_0.png,1.5,1.5166740444332356
199,1644_LeafPhotoA_2025-09-09 10_35_46.183-05_00_1.png,1.5,1.5502260110317387
200,1644_LeafPhotoA_2025-09-09 10_35_46.183-05_00_2.png,1.5,1.5807483974323164
201,1644_LeafPhotoA_2025-09-09 10_35_46.183-05_00_3.png,1.5,1.6347924241472052
202,2905_LeafPhotoA_2025-09-09 16_23_24.410-05_00_0.png,3.0,1.9710919578107076
203,2905_LeafPhotoA_2025-09-09 16_23_24.410-05_00_1.png,3.0,1.9404649122234263
204,2905_LeafPhotoA_2025-09-09 16_23_24.410-05_00_2.png,3.0,2.09961886865428
205,2905_LeafPhotoA_2025-09-09 16_23_24.410-05_00_3.png,3.0,2.5446645149799196
218,2680_LeafPhotoA_2025-09-09 11_02_16.370-05_00_0.png,3.0,2.186089181827087
219,2680_LeafPhotoA_2025-09-09 11_02_16.370-05_00_1.png,3.0,2.1740129279009905
220,2680_LeafPhotoA_2025-09-09 11_02_16.370-05_00_2.png,3.0,2.461778297979825
221,2680_LeafPhotoA_2025-09-09 11_02_16.370-05_00_3.png,3.0,2.968857599347248
249,1877_LeafPhotoA_2025-09-09 17_04_30.257-05_00_0.png,1.5,1.8520766642091133
250,1877_LeafPhotoA_2025-09-09 17_04_30.257-05_00_1.png,1.5,1.7252156393765323
251,1877_LeafPhotoA_2025-09-09 17_04_30.257-05_00_2.png,1.5,1.5729309136390213
252,1877_LeafPhotoA_2025-09-09 17_04_30.257-05_00_3.png,1.5,1.6618214568763139
292,6024_LeafPhotoA_2025-09-09 16_37_05.339-05_00_0.png,1.0,1.7616967825990657
313,2891_LeafPhotoA_2025-09-09 14_01_28.259-05_00_0.png,1.75,1.9832698401458082
314,2891_LeafPhotoA_2025-09-09 14_01_28.259-05_00_1.png,1.75,2.0953862422407323
315,2891_LeafPhotoA_2025-09-09 14_01_28.259-05_00_2.png,1.75,1.8095997990192083
316,2891_LeafPhotoA_2025-09-09 14_01_28.259-05_00_3.png,1.75,1.627599834447745
317,1233_LeafPhotoA_2025-09-08 10_18_11.748-05_00_0.png,1.0,1.365298637350495
318,1233_LeafPhotoA_2025-09-08 10_18_11.748-05_00_1.png,1.0,1.3518543973190837
319,1233_LeafPhotoA_2025-09-08 10_18_11.748-05_00_2.png,1.0,1.487335821020225
348,1834_LeafPhotoA_2025-09-09 09_42_27.442-05_00_0.png,2.5,2.0594941782360525
349,1834_LeafPhotoA_2025-09-09 09_42_27.442-05_00_1.png,2.5,2.2735131415103367
350,1834_LeafPhotoA_2025-09-09 09_42_27.442-05_00_2.png,2.5,2.219299460776725
351,1834_LeafPhotoA_2025-09-09 09_42_27.442-05_00_3.png,2.5,2.2008785626997707
376,2450_LeafPhotoB_2025-09-08 11_25_41.315-05_00_0.png,1.25,1.4559980624881939
377,2450_LeafPhotoB_2025-09-08 11_25_41.315-05_00_1.png,1.25,1.547280123578692
378,2450_LeafPhotoB_2025-09-08 11_25_41.315-05_00_2.png,1.25,1.570319034766403
379,2450_LeafPhotoB_2025-09-08 11_25_41.315-05_00_3.png,1.25,1.457279945909782
415,1306_LeafPhotoA_2025-09-08 09_21_07.935-05_00_0.png,2.0,2.224873887471605
416,1306_LeafPhotoA_2025-09-08 09_21_07.935-05_00_1.png,2.0,2.0203628250583545
417,1306_LeafPhotoA_2025-09-08 09_21_07.935-05_00_2.png,2.0,2.2015574143742684
430,1151_LeafPhotoA_2025-09-08 16_59_29.011-05_00_0.png,2.0,1.857954580356864
431,1151_LeafPhotoA_2025-09-08 16_59_29.011-05_00_1.png,2.0,1.7314159600325418
432,1151_LeafPhotoA_2025-09-08 16_59_29.011-05_00_2.png,2.0,1.6578048629467954
483,2908_LeafPhotoA_2025-09-09 16_27_08.906-05_00_0.png,2.25,1.6441193131344067
484,2908_LeafPhotoA_2025-09-09 16_27_08.906-05_00_1.png,2.25,1.6446956173628
485,2908_LeafPhotoA_2025-09-09 16_27_08.906-05_00_2.png,2.25,1.9176149547476944
486,2908_LeafPhotoA_2025-09-09 16_27_08.906-05_00_3.png,2.25,2.3157090530191327
509,1101_LeafPhotoA_2025-09-08 10_50_13.286-05_00_0.png,2.75,1.7460987779742623
510,1101_LeafPhotoA_2025-09-08 10_50_13.286-05_00_1.png,2.75,2.242942250015779
511,1101_LeafPhotoA_2025-09-08 10_50_13.286-05_00_2.png,2.75,2.5068038357948366
512,1101_LeafPhotoA_2025-09-08 10_50_13.286-05_00_3.png,2.75,2.5807022469775953
517,2652_LeafPhotoA_2025-09-09 11_26_03.712-05_00_0.png,3.0,2.1159929508271245
518,2652_LeafPhotoA_2025-09-09 11_26_03.712-05_00_1.png,3.0,1.9922959365983757
519,2652_LeafPhotoA_2025-09-09 11_26_03.712-05_00_2.png,3.0,2.0195421464178236
520,2652_LeafPhotoA_2025-09-09 11_26_03.712-05_00_3.png,3.0,2.454454652205523
551,1711_LeafPhotoA_2025-09-09 09_06_57.472-05_00_0.png,4.5,3.021388006289806
552,1711_LeafPhotoA_2025-09-09 09_06_57.472-05_00_1.png,4.5,3.1703247609552765
553,1711_LeafPhotoA_2025-09-09 09_06_57.472-05_00_2.png,4.5,3.2464132248434705
554,1711_LeafPhotoA_2025-09-09 09_06_57.472-05_00_3.png,4.5,3.2657300352761864
573,2071_LeafPhotoA_2025-09-08 12_06_01.483-05_00_0.png,2.5,2.635607254651953
574,2071_LeafPhotoA_2025-09-08 12_06_01.483-05_00_1.png,2.5,2.342986997511863
575,2071_LeafPhotoA_2025-09-08 12_06_01.483-05_00_2.png,2.5,2.057282841287969
576,2071_LeafPhotoA_2025-09-08 12_06_01.483-05_00_3.png,2.5,2.1684792928233327
593,1758_LeafPhotoA_2025-09-09 10_31_19.555-05_00_0.png,2.0,1.7373125001861456
594,1758_LeafPhotoA_2025-09-09 10_31_19.555-05_00_1.png,2.0,1.9927804231336557
595,1758_LeafPhotoA_2025-09-09 10_31_19.555-05_00_2.png,2.0,2.1699261843928053
596,1758_LeafPhotoA_2025-09-09 10_31_19.555-05_00_3.png,2.0,1.9831466212021558
613,,4.25,1.4804790655895532
618,,2.0,1.4804790655895532
631,1469_LeafPhotoB_2025-09-08 16_35_32.382-05_00_0.png,1.0,1.3513783984512506
632,1469_LeafPhotoB_2025-09-08 16_35_32.382-05_00_1.png,1.0,1.338533052559755
633,1469_LeafPhotoB_2025-09-08 16_35_32.382-05_00_2.png,1.0,1.3789429922538476
634,1469_LeafPhotoB_2025-09-08 16_35_32.382-05_00_3.png,1.0,1.4403204611865603
659,1880_LeafPhotoA_2025-09-09 13_17_54.406-05_00_0.png,1.25,1.6455948910838607
660,1880_LeafPhotoA_2025-09-09 13_17_54.406-05_00_1.png,1.25,1.6096243571494155
661,1880_LeafPhotoA_2025-09-09 13_17_54.406-05_00_2.png,1.25,1.6466294560451875
662,1880_LeafPhotoA_2025-09-09 13_17_54.406-05_00_3.png,1.25,1.7158080743144604
663,2257_LeafPhotoA_2025-09-08 12_26_56.434-05_00_0.png,1.25,1.64472578012516
664,2257_LeafPhotoA_2025-09-08 12_26_56.434-05_00_1.png,1.25,1.6427375468886687
665,2257_LeafPhotoA_2025-09-08 12_26_56.434-05_00_2.png,1.25,1.5913640183023887
666,2257_LeafPhotoA_2025-09-08 12_26_56.434-05_00_3.png,1.25,1.563718124353574
686,1322_LeafPhotoA_2025-09-08 09_45_01.696-05_00_0.png,1.5,1.4602801786921373
687,1322_LeafPhotoA_2025-09-08 09_45_01.696-05_00_1.png,1.5,1.5254611529645388
688,1322_LeafPhotoA_2025-09-08 09_45_01.696-05_00_2.png,1.5,1.531490365950699
689,1322_LeafPhotoA_2025-09-08 09_45_01.696-05_00_3.png,1.5,1.5444537628479174
694,2552_LeafPhotoA_2025-09-09 11_07_31.178-05_00_0.png,1.75,2.010246856482443
695,2552_LeafPhotoA_2025-09-09 11_07_31.178-05_00_1.png,1.75,2.082577632592727
696,2552_LeafPhotoA_2025-09-09 11_07_31.178-05_00_2.png,1.75,2.0047682611541946
697,2552_LeafPhotoA_2025-09-09 11_07_31.178-05_00_3.png,1.75,1.9271232625124841
713,1322_LeafPhotoA_2025-09-08 09_44_46.085-05_00_0.png,1.5,1.5675357723703323
714,1322_LeafPhotoA_2025-09-08 09_44_46.085-05_00_1.png,1.5,1.5460753547385704
715,1322_LeafPhotoA_2025-09-08 09_44_46.085-05_00_2.png,1.5,1.5417500799961146
716,1322_LeafPhotoA_2025-09-08 09_44_46.085-05_00_3.png,1.5,1.5113384194673856
719,1813_LeafPhotoA_2025-09-09 09_08_08.790-05_00_0.png,1.75,1.9338406086123772
720,1813_LeafPhotoA_2025-09-09 09_08_08.790-05_00_1.png,1.75,1.7769828134756545
721,1813_LeafPhotoA_2025-09-09 09_08_08.790-05_00_2.png,1.75,1.858394435976962
722,1813_LeafPhotoA_2025-09-09 09_08_08.790-05_00_3.png,1.75,1.8540908957564328
753,2156_LeafPhotoA_2025-09-08 12_32_46.869-05_00_0.png,3.25,2.6950553873693384
754,2156_LeafPhotoA_2025-09-08 12_32_46.869-05_00_1.png,3.25,2.3796615598024276
755,2156_LeafPhotoA_2025-09-08 12_32_46.869-05_00_2.png,3.25,2.4241679750668714
773,2503_LeafPhotoA_2025-09-09 09_58_27.327-05_00_0.png,3.5,2.7617924525201025
774,2503_LeafPhotoA_2025-09-09 09_58_27.327-05_00_1.png,3.5,2.885468786151644
775,2503_LeafPhotoA_2025-09-09 09_58_27.327-05_00_2.png,3.5,2.7838602744363223
776,2503_LeafPhotoA_2025-09-09 09_58_27.327-05_00_3.png,3.5,2.6538919736846402
831,2914_LeafPhotoA_2025-09-09 16_34_44.640-05_00_0.png,3.75,2.3846704216978987
832,2914_LeafPhotoA_2025-09-09 16_34_44.640-05_00_1.png,3.75,2.5270438134491915
833,2914_LeafPhotoA_2025-09-09 16_34_44.640-05_00_2.png,3.75,2.427223728985726
834,2914_LeafPhotoA_2025-09-09 16_34_44.640-05_00_3.png,3.75,2.088839769929359
859,1045_LeafPhotoA_2025-09-08 10_24_39.722-05_00_0.png,1.0,1.3937181379135721
860,1045_LeafPhotoA_2025-09-08 10_24_39.722-05_00_1.png,1.0,1.4177821814265308
861,1045_LeafPhotoA_2025-09-08 10_24_39.722-05_00_2.png,1.0,1.5412852581428425
862,1045_LeafPhotoA_2025-09-08 10_24_39.722-05_00_3.png,1.0,1.504591867601639
907,1284_LeafPhotoA_2025-09-08 16_03_49.001-05_00_0.png,1.25,1.7729376337027254
908,1284_LeafPhotoA_2025-09-08 16_03_49.001-05_00_1.png,1.25,1.7201451231517026
921,,3.75,1.4804790655895532
922,1081_LeafPhotoA_2025-09-08 13_14_07.416-05_00_0.png,3.0,2.3997084012586147
923,1081_LeafPhotoA_2025-09-08 13_14_07.416-05_00_1.png,3.0,2.5954796919626646
924,1081_LeafPhotoA_2025-09-08 13_14_07.416-05_00_2.png,3.0,2.2541192725188477
925,1081_LeafPhotoA_2025-09-08 13_14_07.416-05_00_3.png,3.0,1.8051312861724045
934,1678_LeafPhotoA_2025-09-09 09_34_24.350-05_00_0.png,3.25,2.8035637135482343
935,1678_LeafPhotoA_2025-09-09 09_34_24.350-05_00_1.png,3.25,2.495969662690251
936,1678_LeafPhotoA_2025-09-09 09_34_24.350-05_00_2.png,3.25,2.242718829913779
960,1956_LeafPhotoA_2025-09-09 17_17_49.256-05_00_0.png,1.75,1.691091641853445
961,1956_LeafPhotoA_2025-09-09 17_17_49.256-05_00_1.png,1.75,1.7256769533571004
962,1956_LeafPhotoA_2025-09-09 17_17_49.256-05_00_2.png,1.75,1.405338470521423
963,1956_LeafPhotoA_2025-09-09 17_17_49.256-05_00_3.png,1.75,1.2914677274730484
964,2897_LeafPhotoA_2025-09-09 13_55_49.813-05_00_0.png,1.25,1.597244082775526
965,2897_LeafPhotoA_2025-09-09 13_55_49.813-05_00_1.png,1.25,1.6717667235871567
966,2897_LeafPhotoA_2025-09-09 13_55_49.813-05_00_2.png,1.25,1.7316646501431725
981,2455_LeafPhotoB_2025-09-08 11_32_47.648-05_00_0.png,4.0,3.060807600276546
982,2455_LeafPhotoB_2025-09-08 11_32_47.648-05_00_1.png,4.0,2.952783858613583
983,2455_LeafPhotoB_2025-09-08 11_32_47.648-05_00_2.png,4.0,2.8984245747336916
984,2455_LeafPhotoB_2025-09-08 11_32_47.648-05_00_3.png,4.0,2.9548208216362255
993,,2.75,1.4804790655895532
994,1081_LeafPhotoA_2025-09-08 13_14_31.503-05_00_0.png,2.0,1.5810585851626875
995,1081_LeafPhotoA_2025-09-08 13_14_31.503-05_00_1.png,2.0,1.6202482699654719
996,1081_LeafPhotoA_2025-09-08 13_14_31.503-05_00_2.png,2.0,1.7209176985689176
997,1081_LeafPhotoA_2025-09-08 13_14_31.503-05_00_3.png,2.0,1.7787463128009764
998,1872_LeafPhotoA_2025-09-09 17_01_06.251-05_00_0.png,1.5,1.449490868647893
999,1872_LeafPhotoA_2025-09-09 17_01_06.251-05_00_1.png,1.5,1.7461868846202253
1000,1872_LeafPhotoA_2025-09-09 17_01_06.251-05_00_2.png,1.5,2.0579832396025317
1001,1872_LeafPhotoA_2025-09-09 17_01_06.251-05_00_3.png,1.5,1.950636706803117
1026,2069_LeafPhotoA_2025-09-08 12_03_26.688-05_00_0.png,1.75,1.908446400137672
1027,2069_LeafPhotoA_2025-09-08 12_03_26.688-05_00_1.png,1.75,1.6890484848363132
1028,2069_LeafPhotoA_2025-09-08 12_03_26.688-05_00_2.png,1.75,1.6898037754299362
1029,2069_LeafPhotoA_2025-09-08 12_03_26.688-05_00_3.png,1.75,1.8101815476584249
1042,2687_LeafPhotoA_2025-09-09 10_47_11.070-05_00_0.png,1.0,1.506375637785274
1043,2687_LeafPhotoA_2025-09-09 10_47_11.070-05_00_1.png,1.0,1.4809653787152823
1054,1016_LeafPhotoA_2025-09-08 09_49_45.693-05_00_0.png,2.25,2.0202053136384603
1055,1016_LeafPhotoA_2025-09-08 09_49_45.693-05_00_1.png,2.25,1.9406728058842035
1056,1016_LeafPhotoA_2025-09-08 09_49_45.693-05_00_2.png,2.25,1.9278718555051766
1057,1016_LeafPhotoA_2025-09-08 09_49_45.693-05_00_3.png,2.25,1.8465591478202745
1085,,1.5,1.4804790655895532
1090,2572_LeafPhotoA_2025-09-09 10_48_03.925-05_00_0.png,1.0,1.4090654661457676
1091,2572_LeafPhotoA_2025-09-09 10_48_03.925-05_00_1.png,1.0,1.4292948488309354
1092,2572_LeafPhotoA_2025-09-09 10_48_03.925-05_00_2.png,1.0,1.4498757955330135
1093,2572_LeafPhotoA_2025-09-09 10_48_03.925-05_00_3.png,1.0,1.4877467815659577
1094,1483_LeafPhotoB_2025-09-08 16_48_47.018-05_00_0.png,1.75,1.3486901206987316
1095,1483_LeafPhotoB_2025-09-08 16_48_47.018-05_00_1.png,1.75,1.4617099535490587
1096,1483_LeafPhotoB_2025-09-08 16_48_47.018-05_00_2.png,1.75,1.4889409648444094
1097,1483_LeafPhotoB_2025-09-08 16_48_47.018-05_00_3.png,1.75,1.439606880166188
1125,2158_LeafPhotoA_2025-09-08 12_35_42.896-05_00_0.png,1.5,1.4911284637991293
1126,2158_LeafPhotoA_2025-09-08 12_35_42.896-05_00_1.png,1.5,1.731454508314899
1130,1800_LeafPhotoA_2025-09-09 10_52_27.692-05_00_0.png,1.5,1.7612763765875232
1131,1800_LeafPhotoA_2025-09-09 10_52_27.692-05_00_1.png,1.5,1.833824881846167
1132,1800_LeafPhotoA_2025-09-09 10_52_27.692-05_00_2.png,1.5,1.870385020455551
1133,1800_LeafPhotoA_2025-09-09 10_52_27.692-05_00_3.png,1.5,1.8751955783294798
1151,1508_LeafPhotoA_2025-09-09 09_02_17.390-05_00_0.png,1.25,1.7765682754136705
1152,1508_LeafPhotoA_2025-09-09 09_02_17.390-05_00_1.png,1.25,1.6196571917647766
1153,1508_LeafPhotoA_2025-09-09 09_02_17.390-05_00_2.png,1.25,1.606309975384666
1165,1428_LeafPhotoB_2025-09-08 10_20_54.940-05_00_0.png,1.5,2.007359837806528
1166,1428_LeafPhotoB_2025-09-08 10_20_54.940-05_00_1.png,1.5,2.1541246327918144
1167,1428_LeafPhotoB_2025-09-08 10_20_54.940-05_00_2.png,1.5,2.4482846466936055
1168,1428_LeafPhotoB_2025-09-08 10_20_54.940-05_00_3.png,1.5,2.3786506606246336
1173,1314_LeafPhotoA_2025-09-08 09_31_44.782-05_00_0.png,2.0,1.8060104585924042
1174,1314_LeafPhotoA_2025-09-08 09_31_44.782-05_00_1.png,2.0,1.8377498218335104
1175,1314_LeafPhotoA_2025-09-08 09_31_44.782-05_00_2.png,2.0,1.863659498492993
1176,1314_LeafPhotoA_2025-09-08 09_31_44.782-05_00_3.png,2.0,1.9824154526745474
1189,1877_LeafPhotoA_2025-09-09 13_21_11.014-05_00_0.png,2.0,1.6611069967685683
1190,1877_LeafPhotoA_2025-09-09 13_21_11.014-05_00_1.png,2.0,1.663598713804113
1191,1877_LeafPhotoA_2025-09-09 13_21_11.014-05_00_2.png,2.0,1.6759745984507979
1192,1877_LeafPhotoA_2025-09-09 13_21_11.014-05_00_3.png,2.0,1.6937886291232838
1221,1658_LeafPhotoA_2025-09-09 10_12_25.098-05_00_0.png,1.5,1.9535170321701856
1222,1658_LeafPhotoA_2025-09-09 10_12_25.098-05_00_1.png,1.5,1.8533189493434254
1223,1658_LeafPhotoA_2025-09-09 10_12_25.098-05_00_2.png,1.5,1.9068754108665094
1224,1658_LeafPhotoA_2025-09-09 10_12_25.098-05_00_3.png,1.5,1.7875717729839256
1269,1864_LeafPhotoA_2025-09-09 13_32_45.370-05_00_0.png,1.25,1.7753489184569864
1270,1864_LeafPhotoA_2025-09-09 13_32_45.370-05_00_1.png,1.25,1.790595275395973
1271,1864_LeafPhotoA_2025-09-09 13_32_45.370-05_00_2.png,1.25,1.7011725492787795
1272,1864_LeafPhotoA_2025-09-09 13_32_45.370-05_00_3.png,1.25,1.6352211318523238
1273,2763_LeafPhotoA_2025-09-09 16_10_47.493-05_00_0.png,1.5,1.8024346219655811
1274,2763_LeafPhotoA_2025-09-09 16_10_47.493-05_00_1.png,1.5,1.8827869623031195
1275,2763_LeafPhotoA_2025-09-09 16_10_47.493-05_00_2.png,1.5,1.8496238192492074
1276,2763_LeafPhotoA_2025-09-09 16_10_47.493-05_00_3.png,1.5,1.8457358388587097
1281,2694_LeafPhotoA_2025-09-09 10_36_57.596-05_00_0.png,2.0,1.957493667101445
1282,2694_LeafPhotoA_2025-09-09 10_36_57.596-05_00_1.png,2.0,1.706466285695871
1283,2694_LeafPhotoA_2025-09-09 10_36_57.596-05_00_2.png,2.0,1.5912348167863828
1284,2694_LeafPhotoA_2025-09-09 10_36_57.596-05_00_3.png,2.0,1.7066151469825022
1292,6035_LeafPhotoA_2025-09-09 16_19_41.324-05_00_0.png,1.5,1.4218871860101534
1293,6035_LeafPhotoA_2025-09-09 16_19_41.324-05_00_1.png,1.5,1.411450588168855
1294,6035_LeafPhotoA_2025-09-09 16_19_41.324-05_00_2.png,1.5,1.4694768927394692
1295,6035_LeafPhotoA_2025-09-09 16_19_41.324-05_00_3.png,1.5,1.495047672707696
1342,2307_LeafPhotoA_2025-09-08 10_35_04.821-05_00_0.png,1.5,1.8894607115951911
1343,2307_LeafPhotoA_2025-09-08 10_35_04.821-05_00_1.png,1.5,1.7262606725060288
1344,2307_LeafPhotoA_2025-09-08 10_35_04.821-05_00_2.png,1.5,1.666055846834194
1345,2357_LeafPhotoA_2025-09-08 11_28_10.254-05_00_0.png,1.0,1.2950957855568928
1346,2357_LeafPhotoA_2025-09-08 11_28_10.254-05_00_1.png,1.0,1.3088196347139853
1347,2357_LeafPhotoA_2025-09-08 11_28_10.254-05_00_2.png,1.0,1.294677329360669
1371,2040_LeafPhotoA_2025-09-08 11_19_26.696-05_00_0.png,1.75,1.9192726130616025
1372,2040_LeafPhotoA_2025-09-08 11_19_26.696-05_00_1.png,1.75,2.0971036826806957
1373,2040_LeafPhotoA_2025-09-08 11_19_26.696-05_00_2.png,1.75,2.0903029874107664
1374,2040_LeafPhotoA_2025-09-08 11_19_26.696-05_00_3.png,1.75,1.922168740365528
1383,1077_LeafPhotoA_2025-09-08 13_10_16.495-05_00_0.png,2.5,1.6870018567675313
1384,1077_LeafPhotoA_2025-09-08 13_10_16.495-05_00_1.png,2.5,1.9277999926486762
1385,1077_LeafPhotoA_2025-09-08 13_10_16.495-05_00_2.png,2.5,2.3223145859844774
1386,1077_LeafPhotoA_2025-09-08 13_10_16.495-05_00_3.png,2.5,2.231694874863412
1412,1119_LeafPhotoA_2025-09-08 10_03_58.358-05_00_0.png,1.75,1.7815826356163034
1413,1119_LeafPhotoA_2025-09-08 10_03_58.358-05_00_1.png,1.75,1.685874923154045
1414,1119_LeafPhotoA_2025-09-08 10_03_58.358-05_00_2.png,1.75,1.7245346272485405
1415,1119_LeafPhotoA_2025-09-08 10_03_58.358-05_00_3.png,1.75,1.7050991789893697
1424,1023_LeafPhotoA_2025-09-08 09_57_52.275-05_00_0.png,1.0,1.7215843309275003
1425,1023_LeafPhotoA_2025-09-08 09_57_52.275-05_00_1.png,1.0,1.4420875008383711
1426,1023_LeafPhotoA_2025-09-08 09_57_52.275-05_00_2.png,1.0,1.5253760806974812
1432,2169_LeafPhotoA_2025-09-09 12_05_18.887-05_00_0.png,2.0,1.8369174207321446
1433,2169_LeafPhotoA_2025-09-09 12_05_18.887-05_00_1.png,2.0,1.7990424226938335
1434,2169_LeafPhotoA_2025-09-09 12_05_18.887-05_00_2.png,2.0,1.795996826974766
1435,2169_LeafPhotoA_2025-09-09 12_05_18.887-05_00_3.png,2.0,1.908824375472594
1446,1428_LeafPhotoA_2025-09-08 09_50_33.027-05_00_0.png,2.0,1.5475582182945764
1447,1428_LeafPhotoA_2025-09-08 09_50_33.027-05_00_1.png,2.0,1.5072840661481333
1448,1428_LeafPhotoA_2025-09-08 09_50_33.027-05_00_2.png,2.0,1.4923203304156285
1449,1428_LeafPhotoA_2025-09-08 09_50_33.027-05_00_3.png,2.0,1.6861677773837211
1451,2917_LeafPhotoA_2025-09-09 16_38_04.615-05_00_0.png,1.75,1.6486200594569396
1452,2917_LeafPhotoA_2025-09-09 16_38_04.615-05_00_1.png,1.75,1.8505934804144957
1453,2917_LeafPhotoA_2025-09-09 16_38_04.615-05_00_2.png,1.75,1.8799565514894478
1454,2917_LeafPhotoA_2025-09-09 16_38_04.615-05_00_3.png,1.75,1.7605173521510595
1463,1681_LeafPhotoA_2025-09-09 09_29_00.984-05_00_0.png,1.25,1.685190756379128
1464,1681_LeafPhotoA_2025-09-09 09_29_00.984-05_00_1.png,1.25,1.6926995381889922
1481,2652_LeafPhotoA_2025-09-09 11_26_15.311-05_00_0.png,3.25,2.832096054884657
1482,2652_LeafPhotoA_2025-09-09 11_26_15.311-05_00_1.png,3.25,3.149239930699105
1483,2652_LeafPhotoA_2025-09-09 11_26_15.311-05_00_2.png,3.25,2.8403665976266605
1484,2652_LeafPhotoA_2025-09-09 11_26_15.311-05_00_3.png,3.25,2.639659939257364
1489,2117_LeafPhotoA_2025-09-08 11_22_01.521-05_00_0.png,2.25,1.8137629758263467
1490,2117_LeafPhotoA_2025-09-08 11_22_01.521-05_00_1.png,2.25,1.8161913421581566
1491,2117_LeafPhotoA_2025-09-08 11_22_01.521-05_00_2.png,2.25,1.9833625966647428
1492,2117_LeafPhotoA_2025-09-08 11_22_01.521-05_00_3.png,2.25,2.2310380453274212
1516,1800_LeafPhotoA_2025-09-09 10_53_17.816-05_00_0.png,2.0,1.7371513300081411
1517,1800_LeafPhotoA_2025-09-09 10_53_17.816-05_00_1.png,2.0,1.6978295220896804
1518,1800_LeafPhotoA_2025-09-09 10_53_17.816-05_00_2.png,2.0,1.7187962191281663
1519,1800_LeafPhotoA_2025-09-09 10_53_17.816-05_00_3.png,2.0,1.8347120067468365
1551,1911_LeafPhotoA_2025-09-09 14_48_38.419-05_00_0.png,2.5,2.0773913742310612
1552,1911_LeafPhotoA_2025-09-09 14_48_38.419-05_00_1.png,2.5,1.951723674047688
1553,1911_LeafPhotoA_2025-09-09 14_48_38.419-05_00_2.png,2.5,1.8930731309132052
1554,1911_LeafPhotoA_2025-09-09 14_48_38.419-05_00_3.png,2.5,2.088859129239354
1569,2181_LeafPhotoA_2025-09-09 12_25_47.850-05_00_0.png,4.25,2.998296204551525
1570,2181_LeafPhotoA_2025-09-09 12_25_47.850-05_00_1.png,4.25,3.067864604034883
1571,2181_LeafPhotoA_2025-09-09 12_25_47.850-05_00_2.png,4.25,2.923138313866933
1572,2181_LeafPhotoA_2025-09-09 12_25_47.850-05_00_3.png,4.25,2.903963619019154
1585,1412_LeafPhotoB_2025-09-08 10_06_24.412-05_00_0.png,1.25,1.3490232550816905
1586,1412_LeafPhotoB_2025-09-08 10_06_24.412-05_00_1.png,1.25,1.3607253798510557
1587,1412_LeafPhotoB_2025-09-08 10_06_24.412-05_00_2.png,1.25,1.3818114962415464
1588,1412_LeafPhotoB_2025-09-08 10_06_24.412-05_00_3.png,1.25,1.4330513691066125
1589,2733_LeafPhotoA_2025-09-09 10_59_34.111-05_00_0.png,3.5,3.3583402540871594
1595,2290_LeafPhotoA_2025-09-08 16_50_22.595-05_00_0.png,2.25,2.120147181475646
1596,2290_LeafPhotoA_2025-09-08 16_50_22.595-05_00_1.png,2.25,1.8900274861232704
1597,2290_LeafPhotoA_2025-09-08 16_50_22.595-05_00_2.png,2.25,1.9621846791123119
1598,2290_LeafPhotoA_2025-09-08 16_50_22.595-05_00_3.png,2.25,1.8740357345040028
1607,2491_LeafPhotoB_2025-09-08 12_06_12.641-05_00_0.png,1.5,1.4403319725617514
1608,2491_LeafPhotoB_2025-09-08 12_06_12.641-05_00_1.png,1.5,1.4754117860768399
1609,2491_LeafPhotoB_2025-09-08 12_06_12.641-05_00_2.png,1.5,1.5219341480601158
1610,2491_LeafPhotoB_2025-09-08 12_06_12.641-05_00_3.png,1.5,1.5571754139966218
1615,1403_LeafPhotoB_2025-09-08 09_57_03.631-05_00_0.png,2.0,1.9639930673292736
1616,1403_LeafPhotoB_2025-09-08 09_57_03.631-05_00_1.png,2.0,1.9451276494832985
1617,1403_LeafPhotoB_2025-09-08 09_57_03.631-05_00_2.png,2.0,1.9705254845916609
1618,1403_LeafPhotoB_2025-09-08 09_57_03.631-05_00_3.png,2.0,1.9402105593351724
1619,2481_LeafPhotoB_2025-09-08 11_58_03.951-05_00_0.png,2.5,2.599072935574774
1620,2481_LeafPhotoB_2025-09-08 11_58_03.951-05_00_1.png,2.5,2.3649963027526892
1621,2481_LeafPhotoB_2025-09-08 11_58_03.951-05_00_2.png,2.5,2.3165951936636926
1622,2481_LeafPhotoB_2025-09-08 11_58_03.951-05_00_3.png,2.5,2.34660910846621
1628,1412_LeafPhotoB_2025-09-08 10_06_46.177-05_00_0.png,1.25,1.386047641929221
1629,1412_LeafPhotoB_2025-09-08 10_06_46.177-05_00_1.png,1.25,1.3977990493052403
1630,1412_LeafPhotoB_2025-09-08 10_06_46.177-05_00_2.png,1.25,1.3798943095267573
1631,1412_LeafPhotoB_2025-09-08 10_06_46.177-05_00_3.png,1.25,1.4701541549874555
1639,1230_LeafPhotoA_2025-09-08 10_14_02.865-05_00_0.png,1.5,1.6825282790323435
1640,1230_LeafPhotoA_2025-09-08 10_14_02.865-05_00_1.png,1.5,1.6589732633744818
1641,1230_LeafPhotoA_2025-09-08 10_14_02.865-05_00_2.png,1.5,1.6817189466486095
1642,1230_LeafPhotoA_2025-09-08 10_14_02.865-05_00_3.png,1.5,1.6007732743119742
1667,2551_LeafPhotoA_2025-09-09 11_08_14.599-05_00_0.png,1.75,1.7884229904047046
1668,2551_LeafPhotoA_2025-09-09 11_08_14.599-05_00_1.png,1.75,1.7263101053179424
1669,2551_LeafPhotoA_2025-09-09 11_08_14.599-05_00_2.png,1.75,1.7724418789271723
1670,2551_LeafPhotoA_2025-09-09 11_08_14.599-05_00_3.png,1.75,1.7251525110488926
1674,1130_LeafPhotoA_2025-09-08 10_20_05.265-05_00_0.png,3.25,2.2325857253520756
1675,1130_LeafPhotoA_2025-09-08 10_20_05.265-05_00_1.png,3.25,2.455530726182431
1676,1130_LeafPhotoA_2025-09-08 10_20_05.265-05_00_2.png,3.25,2.554380731465389
1677,1130_LeafPhotoA_2025-09-08 10_20_05.265-05_00_3.png,3.25,2.443237871609098
1684,2191_LeafPhotoA_2025-09-08 17_16_00.546-05_00_0.png,1.5,1.7685270511616291
1685,2191_LeafPhotoA_2025-09-08 17_16_00.546-05_00_1.png,1.5,1.7594403071522848
1686,2191_LeafPhotoA_2025-09-08 17_16_00.546-05_00_2.png,1.5,1.5811726179593828
1687,2992_LeafPhotoA_2025-09-09 16_46_31.136-05_00_0.png,2.25,2.3641937079017197
1688,2992_LeafPhotoA_2025-09-09 16_46_31.136-05_00_1.png,2.25,2.211048820886573
1689,2992_LeafPhotoA_2025-09-09 16_46_31.136-05_00_2.png,2.25,2.124254919651785
1690,2992_LeafPhotoA_2025-09-09 16_46_31.136-05_00_3.png,2.25,2.0754837010040186
1702,2687_LeafPhotoA_2025-09-09 10_47_32.733-05_00_0.png,1.25,1.5091823239468383
1703,2687_LeafPhotoA_2025-09-09 10_47_32.733-05_00_1.png,1.25,1.6091155803869621
1714,1205_LeafPhotoA_2025-09-08 09_27_17.999-05_00_0.png,1.25,1.4034560528122828
1715,1205_LeafPhotoA_2025-09-08 09_27_17.999-05_00_1.png,1.25,1.451075307955145
1716,1205_LeafPhotoA_2025-09-08 09_27_17.999-05_00_2.png,1.25,1.451737298387744
1717,1205_LeafPhotoA_2025-09-08 09_27_17.999-05_00_3.png,1.25,1.3698224279590376
1722,2450_LeafPhotoB_2025-09-08 11_25_27.986-05_00_0.png,1.5,1.582419012678784
1723,2450_LeafPhotoB_2025-09-08 11_25_27.986-05_00_1.png,1.5,1.554303460721998
1724,2450_LeafPhotoB_2025-09-08 11_25_27.986-05_00_2.png,1.5,1.5438019653706576
1725,2450_LeafPhotoB_2025-09-08 11_25_27.986-05_00_3.png,1.5,1.5212934283817596
1734,2763_LeafPhotoA_2025-09-09 16_11_24.849-05_00_0.png,1.75,1.790344135113968
1735,2763_LeafPhotoA_2025-09-09 16_11_24.849-05_00_1.png,1.75,1.8391392717010941
1755,1617_LeafPhotoA_2025-09-09 09_43_56.607-05_00_0.png,1.5,1.643104574880601
1756,1617_LeafPhotoA_2025-09-09 09_43_56.607-05_00_1.png,1.5,1.5684415786777428
1757,1617_LeafPhotoA_2025-09-09 09_43_56.607-05_00_2.png,1.5,1.5946913661458944
1758,1617_LeafPhotoA_2025-09-09 09_43_56.607-05_00_3.png,1.5,1.7148290409674893
1759,2272_LeafPhotoA_2025-09-08 17_11_05.980-05_00_0.png,2.25,2.0998549419742343
1760,2272_LeafPhotoA_2025-09-08 17_11_05.980-05_00_1.png,2.25,2.0963834966597155
1776,2315_LeafPhotoA_2025-09-08 10_43_18.717-05_00_0.png,2.0,1.8612145088814975
1777,2315_LeafPhotoA_2025-09-08 10_43_18.717-05_00_1.png,2.0,1.8332715385713623
1778,2315_LeafPhotoA_2025-09-08 10_43_18.717-05_00_2.png,2.0,1.8826384488619392
1779,2315_LeafPhotoA_2025-09-08 10_43_18.717-05_00_3.png,2.0,1.9069809871143073
1780,1423_LeafPhotoB_2025-09-08 10_15_40.160-05_00_0.png,3.0,2.1437883575044947
1781,1423_LeafPhotoB_2025-09-08 10_15_40.160-05_00_1.png,3.0,2.3370941933131353
1782,1423_LeafPhotoB_2025-09-08 10_15_40.160-05_00_2.png,3.0,2.4085154893015766
1783,1423_LeafPhotoB_2025-09-08 10_15_40.160-05_00_3.png,3.0,2.466404261613143
1784,1016_LeafPhotoA_2025-09-08 09_49_16.143-05_00_0.png,2.5,1.888520513277288
1785,1016_LeafPhotoA_2025-09-08 09_49_16.143-05_00_1.png,2.5,2.2563479970429454
1786,1016_LeafPhotoA_2025-09-08 09_49_16.143-05_00_2.png,2.5,2.3243067122505967
1787,1016_LeafPhotoA_2025-09-08 09_49_16.143-05_00_3.png,2.5,2.129632615485364
1792,2526_LeafPhotoA_2025-09-09 10_24_08.055-05_00_0.png,1.75,1.9351436673813793
1793,2526_LeafPhotoA_2025-09-09 10_24_08.055-05_00_1.png,1.75,2.00436234644197
1794,2526_LeafPhotoA_2025-09-09 10_24_08.055-05_00_2.png,1.75,2.0046481915272536
1795,2526_LeafPhotoA_2025-09-09 10_24_08.055-05_00_3.png,1.75,1.9756783063248826
1812,2037_LeafPhotoA_2025-09-08 11_16_12.785-05_00_0.png,2.0,1.6967389073416548
1813,2037_LeafPhotoA_2025-09-08 11_16_12.785-05_00_1.png,2.0,1.7120169919627157
1814,2037_LeafPhotoA_2025-09-08 11_16_12.785-05_00_2.png,2.0,1.669954009115097
1815,2037_LeafPhotoA_2025-09-08 11_16_12.785-05_00_3.png,2.0,1.7152413925442174
1816,2269_LeafPhotoA_2025-09-08 17_13_41.456-05_00_0.png,2.5,2.088400613168222
1817,2269_LeafPhotoA_2025-09-08 17_13_41.456-05_00_1.png,2.5,2.123815173939981
1818,2269_LeafPhotoA_2025-09-08 17_13_41.456-05_00_2.png,2.5,2.193577145868266
1819,2269_LeafPhotoA_2025-09-08 17_13_41.456-05_00_3.png,2.5,2.1890293074515226
1835,1981_LeafPhotoA_2025-09-09 16_40_09.824-05_00_0.png,1.0,1.3046124008179931
1836,1981_LeafPhotoA_2025-09-09 16_40_09.824-05_00_1.png,1.0,1.3924521942697246
1837,1981_LeafPhotoA_2025-09-09 16_40_09.824-05_00_2.png,1.0,1.506626689386751
1838,1981_LeafPhotoA_2025-09-09 16_40_09.824-05_00_3.png,1.0,1.606006321214332
1843,1392_LeafPhotoA_2025-09-08 13_12_01.932-05_00_0.png,2.25,1.9665669619624737
1844,1392_LeafPhotoA_2025-09-08 13_12_01.932-05_00_1.png,2.25,2.0040843240794888
1845,1392_LeafPhotoA_2025-09-08 13_12_01.932-05_00_2.png,2.25,1.8183779421616104
1846,1392_LeafPhotoA_2025-09-08 13_12_01.932-05_00_3.png,2.25,1.9403855067146485
1902,1209_LeafPhotoA_2025-09-08 09_36_46.496-05_00_0.png,1.0,1.4389528977644295
1903,1209_LeafPhotoA_2025-09-08 09_36_46.496-05_00_1.png,1.0,1.39726556877863
1904,1209_LeafPhotoA_2025-09-08 09_36_46.496-05_00_2.png,1.0,1.3850692914183622
1905,1209_LeafPhotoA_2025-09-08 09_36_46.496-05_00_3.png,1.0,1.4105038267188033
1906,1487_LeafPhotoB_2025-09-08 16_51_33.738-05_00_0.png,1.75,1.7533918735131966
1907,1487_LeafPhotoB_2025-09-08 16_51_33.738-05_00_1.png,1.75,1.8728127650535755
1908,1487_LeafPhotoB_2025-09-08 16_51_33.738-05_00_2.png,1.75,1.840413595577682
1909,1487_LeafPhotoB_2025-09-08 16_51_33.738-05_00_3.png,1.75,1.7198656879755951
1928,2717_LeafPhotoA_2025-09-09 10_36_42.002-05_00_0.png,4.5,3.604559956054152
1929,2717_LeafPhotoA_2025-09-09 10_36_42.002-05_00_1.png,4.5,3.6231328725883722
1930,2717_LeafPhotoA_2025-09-09 10_36_42.002-05_00_2.png,4.5,3.5014023400561722
1931,2717_LeafPhotoA_2025-09-09 10_36_42.002-05_00_3.png,4.5,3.4338901840297944
1989,2723_LeafPhotoA_2025-09-09 10_44_34.871-05_00_0.png,3.25,2.423843020104824
1990,2723_LeafPhotoA_2025-09-09 10_44_34.871-05_00_1.png,3.25,2.2513339895255524
1991,2723_LeafPhotoA_2025-09-09 10_44_34.871-05_00_2.png,3.25,2.5008547358500923
1992,2723_LeafPhotoA_2025-09-09 10_44_34.871-05_00_3.png,3.25,2.5806528795600996
1993,1125_LeafPhotoA_2025-09-08 10_12_23.672-05_00_0.png,1.75,1.6147253904112455
1994,1125_LeafPhotoA_2025-09-08 10_12_23.672-05_00_1.png,1.75,1.5151487433525936
1995,1125_LeafPhotoA_2025-09-08 10_12_23.672-05_00_2.png,1.75,1.5579988635160844
1996,1125_LeafPhotoA_2025-09-08 10_12_23.672-05_00_3.png,1.75,1.9143046475082084
1997,2678_LeafPhotoA_2025-09-09 11_04_41.551-05_00_0.png,2.0,2.1558308209678185
1998,2678_LeafPhotoA_2025-09-09 11_04_41.551-05_00_1.png,2.0,2.1487642429773794
1999,2678_LeafPhotoA_2025-09-09 11_04_41.551-05_00_2.png,2.0,2.3074307725907
2005,2040_LeafPhotoA_2025-09-08 11_19_56.770-05_00_0.png,2.5,2.102483212994436
2006,2040_LeafPhotoA_2025-09-08 11_19_56.770-05_00_1.png,2.5,2.0239753245657846
2007,2040_LeafPhotoA_2025-09-08 11_19_56.770-05_00_2.png,2.5,1.9593343453251544
2008,2040_LeafPhotoA_2025-09-08 11_19_56.770-05_00_3.png,2.5,1.8690378892299357
2023,2229_LeafPhotoA_2025-09-08 11_33_21.108-05_00_0.png,2.0,2.2458221010836152
2024,2229_LeafPhotoA_2025-09-08 11_33_21.108-05_00_1.png,2.0,2.269707440113204
2025,2229_LeafPhotoA_2025-09-08 11_33_21.108-05_00_2.png,2.0,1.793955009616
2026,2229_LeafPhotoA_2025-09-08 11_33_21.108-05_00_3.png,2.0,1.5779098218209089
2034,5010_LeafPhotoA_2025-09-09 16_12_11.860-05_00_0.png,1.25,1.522557875739958
2035,5010_LeafPhotoA_2025-09-09 16_12_11.860-05_00_1.png,1.25,1.4620551318020358
2036,5010_LeafPhotoA_2025-09-09 16_12_11.860-05_00_2.png,1.25,1.4431470860401774
2037,5010_LeafPhotoA_2025-09-09 16_12_11.860-05_00_3.png,1.25,1.5244371265630936
2042,1125_LeafPhotoA_2025-09-08 10_13_03.747-05_00_0.png,1.25,1.6070886293037028
2043,1125_LeafPhotoA_2025-09-08 10_13_03.747-05_00_1.png,1.25,1.5493655774945445
2044,1125_LeafPhotoA_2025-09-08 10_13_03.747-05_00_2.png,1.25,1.7239949800013656
2045,1125_LeafPhotoA_2025-09-08 10_13_03.747-05_00_3.png,1.25,1.778543615712346
2059,2750_LeafPhotoA_2025-09-09 11_21_52.462-05_00_0.png,1.5,1.5750246796153335
2060,2750_LeafPhotoA_2025-09-09 11_21_52.462-05_00_1.png,1.5,1.638062274480907
2061,2750_LeafPhotoA_2025-09-09 11_21_52.462-05_00_2.png,1.5,1.6727207589452167
2062,2750_LeafPhotoA_2025-09-09 11_21_52.462-05_00_3.png,1.5,1.6566299439366405
2063,1258_LeafPhotoA_2025-09-08 16_31_15.963-05_00_0.png,2.25,1.886869839146348
2064,1258_LeafPhotoA_2025-09-08 16_31_15.963-05_00_1.png,2.25,1.964095077748619
2065,1258_LeafPhotoA_2025-09-08 16_31_15.963-05_00_2.png,2.25,2.0625625311579254
2066,1258_LeafPhotoA_2025-09-08 16_31_15.963-05_00_3.png,2.25,2.006454656468975
2099,2037_LeafPhotoA_2025-09-08 11_16_27.368-05_00_0.png,1.75,1.5353452433610122
2100,2037_LeafPhotoA_2025-09-08 11_16_27.368-05_00_1.png,1.75,1.6776293474757102
2101,2037_LeafPhotoA_2025-09-08 11_16_27.368-05_00_2.png,1.75,1.9241959296078872
2102,2037_LeafPhotoA_2025-09-08 11_16_27.368-05_00_3.png,1.75,1.9028932229048348
2111,2678_LeafPhotoA_2025-09-09 11_04_09.961-05_00_0.png,2.0,2.621139007452959
2112,2678_LeafPhotoA_2025-09-09 11_04_09.961-05_00_1.png,2.0,2.289915698247259
2113,2678_LeafPhotoA_2025-09-09 11_04_09.961-05_00_2.png,2.0,2.0444597631721275
2114,1944_LeafPhotoA_2025-09-09 16_01_21.249-05_00_0.png,2.5,1.9994846000913142
2115,1944_LeafPhotoA_2025-09-09 16_01_21.249-05_00_1.png,2.5,1.9736211103424735
2116,1944_LeafPhotoA_2025-09-09 16_01_21.249-05_00_2.png,2.5,2.142706361083877
2117,1944_LeafPhotoA_2025-09-09 16_01_21.249-05_00_3.png,2.5,2.2724234948488053
2125,2434_LeafPhotoB_2025-09-08 11_10_53.702-05_00_0.png,1.5,1.4135704830837383
2126,2434_LeafPhotoB_2025-09-08 11_10_53.702-05_00_1.png,1.5,1.5443626996283724
2127,2434_LeafPhotoB_2025-09-08 11_10_53.702-05_00_2.png,1.5,1.5850887712684332
2128,2434_LeafPhotoB_2025-09-08 11_10_53.702-05_00_3.png,1.5,1.5806910459573964
2141,1127_LeafPhotoA_2025-09-08 10_15_24.325-05_00_0.png,2.5,1.9860754625491466
2142,1127_LeafPhotoA_2025-09-08 10_15_24.325-05_00_1.png,2.5,1.9079351207644564
2143,1127_LeafPhotoA_2025-09-08 10_15_24.325-05_00_2.png,2.5,1.7840087729715237
2144,1127_LeafPhotoA_2025-09-08 10_15_24.325-05_00_3.png,2.5,1.6487473868688078
2198,1493_LeafPhotoB_2025-09-08 16_57_00.908-05_00_0.png,2.5,2.0744004130079015
2199,1493_LeafPhotoB_2025-09-08 16_57_00.908-05_00_1.png,2.5,2.094211330085751
2200,1493_LeafPhotoB_2025-09-08 16_57_00.908-05_00_2.png,2.5,2.0123519161329724
2201,1493_LeafPhotoB_2025-09-08 16_57_00.908-05_00_3.png,2.5,1.9278568901822564
2218,1877_LeafPhotoA_2025-09-09 13_21_50.382-05_00_0.png,1.25,1.6748322520165586
2219,1877_LeafPhotoA_2025-09-09 13_21_50.382-05_00_1.png,1.25,1.634546485398846
2220,1877_LeafPhotoA_2025-09-09 13_21_50.382-05_00_2.png,1.25,1.7642611099376773
2221,1877_LeafPhotoA_2025-09-09 13_21_50.382-05_00_3.png,1.25,1.7811442274221883
2222,,2.0,1.4804790655895532
2226,1582_LeafPhotoA_2025-09-09 09_42_32.403-05_00_0.png,2.25,1.7424110296451625
2227,1582_LeafPhotoA_2025-09-09 09_42_32.403-05_00_1.png,2.25,1.8674233963383535
2228,1582_LeafPhotoA_2025-09-09 09_42_32.403-05_00_2.png,2.25,1.858080168129801
2229,1582_LeafPhotoA_2025-09-09 09_42_32.403-05_00_3.png,2.25,1.9799627239089295
2235,2477_LeafPhotoB_2025-09-08 11_52_47.408-05_00_0.png,3.25,3.0221416867159925
2236,2477_LeafPhotoB_2025-09-08 11_52_47.408-05_00_1.png,3.25,3.0011546039816204
2237,2477_LeafPhotoB_2025-09-08 11_52_47.408-05_00_2.png,3.25,2.6879929637893083
2238,2477_LeafPhotoB_2025-09-08 11_52_47.408-05_00_3.png,3.25,2.3809867064659076
2286,1067_LeafPhotoA_2025-09-08 12_59_13.071-05_00_0.png,1.25,1.5198639002573802
2287,1067_LeafPhotoA_2025-09-08 12_59_13.071-05_00_1.png,1.25,1.6229695919226674
2288,1067_LeafPhotoA_2025-09-08 12_59_13.071-05_00_2.png,1.25,1.6370506104948819
2289,1067_LeafPhotoA_2025-09-08 12_59_13.071-05_00_3.png,1.25,1.659216648404342
2298,1311_LeafPhotoA_2025-09-08 09_27_50.762-05_00_0.png,2.25,1.6392390312788911
2299,1311_LeafPhotoA_2025-09-08 09_27_50.762-05_00_1.png,2.25,1.6943981450874834
2300,1311_LeafPhotoA_2025-09-08 09_27_50.762-05_00_2.png,2.25,1.7324249082781393
2301,1311_LeafPhotoA_2025-09-08 09_27_50.762-05_00_3.png,2.25,1.8643118649066783
2310,1627_LeafPhotoA_2025-09-09 10_06_34.203-05_00_0.png,1.5,1.7479512822453034
2311,1627_LeafPhotoA_2025-09-09 10_06_34.203-05_00_1.png,1.5,1.6999167593708044
2312,1627_LeafPhotoA_2025-09-09 10_06_34.203-05_00_2.png,1.5,1.6774768790649213
2313,1627_LeafPhotoA_2025-09-09 10_06_34.203-05_00_3.png,1.5,1.7136689758971106
2329,2717_LeafPhotoA_2025-09-09 10_36_52.862-05_00_0.png,3.25,2.764083038428434
2330,2717_LeafPhotoA_2025-09-09 10_36_52.862-05_00_1.png,3.25,2.8344348570103195
2331,2717_LeafPhotoA_2025-09-09 10_36_52.862-05_00_2.png,3.25,2.6987514202343923
2332,1130_LeafPhotoA_2025-09-08 10_20_33.571-05_00_0.png,1.75,1.541093069043243
2333,1130_LeafPhotoA_2025-09-08 10_20_33.571-05_00_1.png,1.75,1.5536839234287951
2334,1130_LeafPhotoA_2025-09-08 10_20_33.571-05_00_2.png,1.75,1.598898179624669
2335,1130_LeafPhotoA_2025-09-08 10_20_33.571-05_00_3.png,1.75,1.5944917890202324
2362,2207_LeafPhotoA_2025-09-08 10_54_55.448-05_00_0.png,1.25,1.7253492117760687
2363,2207_LeafPhotoA_2025-09-08 10_54_55.448-05_00_1.png,1.25,1.7402485395366587
2364,2207_LeafPhotoA_2025-09-08 10_54_55.448-05_00_2.png,1.25,1.6743866390532416
2365,2207_LeafPhotoA_2025-09-08 10_54_55.448-05_00_3.png,1.25,1.5271593944948243
2370,1617_LeafPhotoA_2025-09-09 09_44_34.252-05_00_0.png,1.5,1.7278861777949426
2371,1617_LeafPhotoA_2025-09-09 09_44_34.252-05_00_1.png,1.5,1.7225562093744182
2372,1617_LeafPhotoA_2025-09-09 09_44_34.252-05_00_2.png,1.5,1.615851168185242
2405,1184_LeafPhotoA_2025-09-08 16_08_30.015-05_00_0.png,2.75,2.031615789482274
2406,1184_LeafPhotoA_2025-09-08 16_08_30.015-05_00_1.png,2.75,2.056982421488614
2407,1184_LeafPhotoA_2025-09-08 16_08_30.015-05_00_2.png,2.75,2.1552961424719372
2408,1184_LeafPhotoA_2025-09-08 16_08_30.015-05_00_3.png,2.75,2.1477818767454018
2475,2338_LeafPhotoA_2025-09-08 11_06_38.534-05_00_0.png,3.5,2.7953574113472537
2476,2338_LeafPhotoA_2025-09-08 11_06_38.534-05_00_1.png,3.5,2.7194703415063324
2477,2338_LeafPhotoA_2025-09-08 11_06_38.534-05_00_2.png,3.5,2.9593101482137856
2478,2338_LeafPhotoA_2025-09-08 11_06_38.534-05_00_3.png,3.5,3.0597255853523264
2498,1644_LeafPhotoA_2025-09-09 10_35_13.308-05_00_0.png,1.25,1.334113046138587
2499,1644_LeafPhotoA_2025-09-09 10_35_13.308-05_00_1.png,1.25,1.4338555292424293
2500,1644_LeafPhotoA_2025-09-09 10_35_13.308-05_00_2.png,1.25,1.5380234856052386
2501,1644_LeafPhotoA_2025-09-09 10_35_13.308-05_00_3.png,1.25,1.2991043826708484
2506,2981_LeafPhotoA_2025-09-09 16_33_03.761-05_00_0.png,2.5,1.9650088592142598
2507,2981_LeafPhotoA_2025-09-09 16_33_03.761-05_00_1.png,2.5,1.8949033803349815
2508,2981_LeafPhotoA_2025-09-09 16_33_03.761-05_00_2.png,2.5,1.8553245939467893
2513,1731_LeafPhotoA_2025-09-09 09_38_23.442-05_00_0.png,1.5,1.7030005672503739
2514,1731_LeafPhotoA_2025-09-09 09_38_23.442-05_00_1.png,1.5,1.8489273183888106
2515,1731_LeafPhotoA_2025-09-09 09_38_23.442-05_00_2.png,1.5,2.053164680173484
2572,2466_LeafPhotoB_2025-09-08 11_42_42.225-05_00_0.png,1.0,1.3461576758760392
2573,2466_LeafPhotoB_2025-09-08 11_42_42.225-05_00_1.png,1.0,1.3137734991759755
2574,2466_LeafPhotoB_2025-09-08 11_42_42.225-05_00_2.png,1.0,1.2552886568052977
2575,2466_LeafPhotoB_2025-09-08 11_42_42.225-05_00_3.png,1.0,1.2858400005817765
2584,2877_LeafPhotoA_2025-09-09 14_42_55.104-05_00_0.png,1.25,1.3589581417070773
2585,2877_LeafPhotoA_2025-09-09 14_42_55.104-05_00_1.png,1.25,1.3713064476731276
2586,2877_LeafPhotoA_2025-09-09 14_42_55.104-05_00_2.png,1.25,1.4264192866780903
2587,2877_LeafPhotoA_2025-09-09 14_42_55.104-05_00_3.png,1.25,1.2993982020767028
2629,,1.5,1.4804790655895532
2634,2169_LeafPhotoA_2025-09-09 12_05_10.533-05_00_0.png,2.25,1.7004717556802507
2666,2568_LeafPhotoA_2025-09-09 10_50_54.288-05_00_0.png,1.25,1.571242479667306
2667,2568_LeafPhotoA_2025-09-09 10_50_54.288-05_00_1.png,1.25,1.5952455535234167
2668,2568_LeafPhotoA_2025-09-09 10_50_54.288-05_00_2.png,1.25,1.465052905907588
2669,2568_LeafPhotoA_2025-09-09 10_50_54.288-05_00_3.png,1.25,1.4103458451091957
2674,1873_LeafPhotoA_2025-09-09 13_24_25.512-05_00_0.png,2.25,1.9552701690688332
2675,1873_LeafPhotoA_2025-09-09 13_24_25.512-05_00_1.png,2.25,1.981451332307757
2676,1873_LeafPhotoA_2025-09-09 13_24_25.512-05_00_2.png,2.25,2.05713840071106
2677,1873_LeafPhotoA_2025-09-09 13_24_25.512-05_00_3.png,2.25,2.159024357243204
2678,1657_LeafPhotoA_2025-09-09 10_13_53.773-05_00_0.png,1.25,1.5053418489369537
2679,1657_LeafPhotoA_2025-09-09 10_13_53.773-05_00_1.png,1.25,1.5022167157819253
2683,1873_LeafPhotoA_2025-09-09 13_25_03.055-05_00_0.png,2.75,2.117136036163129
2684,1873_LeafPhotoA_2025-09-09 13_25_03.055-05_00_1.png,2.75,2.249507696075711
2685,1873_LeafPhotoA_2025-09-09 13_25_03.055-05_00_2.png,2.75,2.446577801752628
2686,1873_LeafPhotoA_2025-09-09 13_25_03.055-05_00_3.png,2.75,2.2158574513005633
2699,2066_LeafPhotoA_2025-09-08 12_00_00.120-05_00_0.png,1.5,1.4257461520426888
2700,2066_LeafPhotoA_2025-09-08 12_00_00.120-05_00_1.png,1.5,1.5156450890691404
2701,2066_LeafPhotoA_2025-09-08 12_00_00.120-05_00_2.png,1.5,1.5210705044654345
2702,2066_LeafPhotoA_2025-09-08 12_00_00.120-05_00_3.png,1.5,1.394461192355832
2707,1877_LeafPhotoA_2025-09-09 13_21_29.026-05_00_0.png,2.5,1.9764009624563028
2708,1877_LeafPhotoA_2025-09-09 13_21_29.026-05_00_1.png,2.5,2.153766883729732
2709,1877_LeafPhotoA_2025-09-09 13_21_29.026-05_00_2.png,2.5,2.038658311230678
2710,1877_LeafPhotoA_2025-09-09 13_21_29.026-05_00_3.png,2.5,2.0114685255476656
2715,1149_LeafPhotoA_2025-09-08 10_47_32.215-05_00_0.png,2.25,2.2711520217076533
2716,1149_LeafPhotoA_2025-09-08 10_47_32.215-05_00_1.png,2.25,2.304822406111978
2717,1149_LeafPhotoA_2025-09-08 10_47_32.215-05_00_2.png,2.25,2.2889659540200378
2718,1149_LeafPhotoA_2025-09-08 10_47_32.215-05_00_3.png,2.25,2.2623016306663755
2730,1359_LeafPhotoA_2025-09-08 12_38_47.936-05_00_0.png,2.0,1.6002969983913293
2731,1359_LeafPhotoA_2025-09-08 12_38_47.936-05_00_1.png,2.0,1.578013777248008
2732,1359_LeafPhotoA_2025-09-08 12_38_47.936-05_00_2.png,2.0,1.676782353260488
2741,2992_LeafPhotoA_2025-09-09 16_46_47.466-05_00_0.png,1.5,2.5493865071403774
2742,2992_LeafPhotoA_2025-09-09 16_46_47.466-05_00_1.png,1.5,2.1849013314078127
2743,2992_LeafPhotoA_2025-09-09 16_46_47.466-05_00_2.png,1.5,2.012055822137672
2744,2992_LeafPhotoA_2025-09-09 16_46_47.466-05_00_3.png,1.5,1.8368195786626513
2801,2071_LeafPhotoA_2025-09-08 12_05_40.977-05_00_0.png,1.75,2.0085608242627395
2802,2071_LeafPhotoA_2025-09-08 12_05_40.977-05_00_1.png,1.75,1.8452203988535256
2803,2071_LeafPhotoA_2025-09-08 12_05_40.977-05_00_2.png,1.75,1.8247611275033868
2804,2071_LeafPhotoA_2025-09-08 12_05_40.977-05_00_3.png,1.75,2.00690265632487
2806,,2.5,1.4804790655895532
2846,1553_LeafPhotoA_2025-09-09 10_18_50.828-05_00_0.png,1.5,1.7967284123291274
2847,1553_LeafPhotoA_2025-09-09 10_18_50.828-05_00_1.png,1.5,1.8350314636773617
2848,1553_LeafPhotoA_2025-09-09 10_18_50.828-05_00_2.png,1.5,1.8359467816683372
2849,1553_LeafPhotoA_2025-09-09 10_18_50.828-05_00_3.png,1.5,1.5590051119689274
2872,2826_LeafPhotoA_2025-09-09 10_42_31.280-05_00_0.png,2.0,1.7965816414944709
2873,2826_LeafPhotoA_2025-09-09 10_42_31.280-05_00_1.png,2.0,1.9535320717151217
2874,2826_LeafPhotoA_2025-09-09 10_42_31.280-05_00_2.png,2.0,2.0782104551258
2875,2826_LeafPhotoA_2025-09-09 10_42_31.280-05_00_3.png,2.0,2.2775275454428883
2888,2831_LeafPhotoA_2025-09-09 10_48_28.918-05_00_0.png,2.0,1.8270624273280036
2889,2831_LeafPhotoA_2025-09-09 10_48_28.918-05_00_1.png,2.0,1.838854580532986
2890,2831_LeafPhotoA_2025-09-09 10_48_28.918-05_00_2.png,2.0,1.734157422699992
2898,2478_LeafPhotoB_2025-09-08 11_54_11.812-05_00_0.png,1.75,1.9177997069723058
2899,2478_LeafPhotoB_2025-09-08 11_54_11.812-05_00_1.png,1.75,1.9174090023073191
2900,2478_LeafPhotoB_2025-09-08 11_54_11.812-05_00_2.png,1.75,1.9497497191884767
2901,2478_LeafPhotoB_2025-09-08 11_54_11.812-05_00_3.png,1.75,1.9588220252614603
2924,1464_LeafPhotoB_2025-09-08 16_27_57.851-05_00_0.png,1.75,1.7201187914503508
2925,1464_LeafPhotoB_2025-09-08 16_27_57.851-05_00_1.png,1.75,1.7839640041295421
2926,1464_LeafPhotoB_2025-09-08 16_27_57.851-05_00_2.png,1.75,1.84824353857858
2927,1464_LeafPhotoB_2025-09-08 16_27_57.851-05_00_3.png,1.75,1.8582206143243298
2940,2290_LeafPhotoA_2025-09-08 16_50_03.639-05_00_0.png,1.5,1.625813137044272
2941,2290_LeafPhotoA_2025-09-08 16_50_03.639-05_00_1.png,1.5,1.7434350982802036
2942,2290_LeafPhotoA_2025-09-08 16_50_03.639-05_00_2.png,1.5,1.7183510468755256
2943,2290_LeafPhotoA_2025-09-08 16_50_03.639-05_00_3.png,1.5,1.5225474546666493
2972,1032_LeafPhotoA_2025-09-08 10_07_30.322-05_00_0.png,1.75,2.069207326596552
2973,1032_LeafPhotoA_2025-09-08 10_07_30.322-05_00_1.png,1.75,2.2055524261958097
2974,1032_LeafPhotoA_2025-09-08 10_07_30.322-05_00_2.png,1.75,2.1274928709312393
2975,1032_LeafPhotoA_2025-09-08 10_07_30.322-05_00_3.png,1.75,1.9345688823094978
3015,1877_LeafPhotoA_2025-09-09 17_04_42.599-05_00_0.png,2.25,1.6522590787981657
3016,1877_LeafPhotoA_2025-09-09 17_04_42.599-05_00_1.png,2.25,1.7837517117564547
3017,1877_LeafPhotoA_2025-09-09 17_04_42.599-05_00_2.png,2.25,1.8555389691005015
3018,1877_LeafPhotoA_2025-09-09 17_04_42.599-05_00_3.png,2.25,1.7312821666780651
3035,2737_LeafPhotoA_2025-09-09 11_04_04.650-05_00_0.png,3.25,2.8439784723002592
3036,2737_LeafPhotoA_2025-09-09 11_04_04.650-05_00_1.png,3.25,2.740823197277725
3037,2737_LeafPhotoA_2025-09-09 11_04_04.650-05_00_2.png,3.25,2.6680374131479976
3038,2737_LeafPhotoA_2025-09-09 11_04_04.650-05_00_3.png,3.25,2.8478744172386787
3043,1903_LeafPhotoA_2025-09-09 14_22_36.498-05_00_0.png,2.5,1.841920976791526
3044,1903_LeafPhotoA_2025-09-09 14_22_36.498-05_00_1.png,2.5,2.141622872136319
3045,1903_LeafPhotoA_2025-09-09 14_22_36.498-05_00_2.png,2.5,1.9338689567978462
3046,1903_LeafPhotoA_2025-09-09 14_22_36.498-05_00_3.png,2.5,1.9177558970205053
3047,,1.75,1.4804790655895532
3056,1712_LeafPhotoA_2025-09-09 09_07_57.472-05_00_0.png,3.5,2.9247272776493967
3057,1712_LeafPhotoA_2025-09-09 09_07_57.472-05_00_1.png,3.5,2.736241598324707
3058,1712_LeafPhotoA_2025-09-09 09_07_57.472-05_00_2.png,3.5,2.747498925320039
3059,1712_LeafPhotoA_2025-09-09 09_07_57.472-05_00_3.png,3.5,2.6321366511777704
3063,1302_LeafPhotoA_2025-09-08 10_22_31.224-05_00_0.png,3.0,2.726656654913428
3064,1302_LeafPhotoA_2025-09-08 10_22_31.224-05_00_1.png,3.0,3.0198286962686156
3065,1302_LeafPhotoA_2025-09-08 10_22_31.224-05_00_2.png,3.0,3.051139141903847
3066,1654_LeafPhotoA_2025-09-09 10_18_00.201-05_00_0.png,1.25,1.7651627102687466
3067,1654_LeafPhotoA_2025-09-09 10_18_00.201-05_00_1.png,1.25,1.709494931327844
3068,1654_LeafPhotoA_2025-09-09 10_18_00.201-05_00_2.png,1.25,1.6742095157701777
3073,1374_LeafPhotoA_2025-09-08 12_56_08.244-05_00_0.png,1.25,1.492253919118663
3074,1374_LeafPhotoA_2025-09-08 12_56_08.244-05_00_1.png,1.25,1.631905119397573
3075,1374_LeafPhotoA_2025-09-08 12_56_08.244-05_00_2.png,1.25,1.6858501005859758
3076,1374_LeafPhotoA_2025-09-08 12_56_08.244-05_00_3.png,1.25,1.7510930563280613
3093,1825_LeafPhotoA_2025-09-09 09_26_26.568-05_00_0.png,1.0,1.4251294066950997
3094,1825_LeafPhotoA_2025-09-09 09_26_26.568-05_00_1.png,1.0,1.4200391763808937
3095,1825_LeafPhotoA_2025-09-09 09_26_26.568-05_00_2.png,1.0,1.4497966644531082
3096,1825_LeafPhotoA_2025-09-09 09_26_26.568-05_00_3.png,1.0,1.3989659571630348
3117,2979_LeafPhotoA_2025-09-09 16_31_00.348-05_00_0.png,1.5,1.4373920867180343
3118,2979_LeafPhotoA_2025-09-09 16_31_00.348-05_00_1.png,1.5,1.5843092003777972
3119,2979_LeafPhotoA_2025-09-09 16_31_00.348-05_00_2.png,1.5,1.70510284462055
3120,2979_LeafPhotoA_2025-09-09 16_31_00.348-05_00_3.png,1.5,1.6185316607913367
3153,2543_LeafPhotoA_2025-09-09 10_42_41.692-05_00_0.png,2.25,2.138202936396822
3154,2543_LeafPhotoA_2025-09-09 10_42_41.692-05_00_1.png,2.25,2.096195208948403
3155,2543_LeafPhotoA_2025-09-09 10_42_41.692-05_00_2.png,2.25,2.1502419457405915
3156,2543_LeafPhotoA_2025-09-09 10_42_41.692-05_00_3.png,2.25,2.112175707519747
3161,2309_LeafPhotoA_2025-09-08 10_37_11.316-05_00_0.png,1.75,1.622401147660532
3162,2309_LeafPhotoA_2025-09-08 10_37_11.316-05_00_1.png,1.75,1.6275999342397354
3163,2309_LeafPhotoA_2025-09-08 10_37_11.316-05_00_2.png,1.75,1.6592534187411314
3164,2309_LeafPhotoA_2025-09-08 10_37_11.316-05_00_3.png,1.75,1.7923831414543474
3177,2069_LeafPhotoA_2025-09-08 12_03_40.102-05_00_0.png,1.5,1.7725797537372614
3178,2069_LeafPhotoA_2025-09-08 12_03_40.102-05_00_1.png,1.5,1.7269483516641027
3179,2069_LeafPhotoA_2025-09-08 12_03_40.102-05_00_2.png,1.5,1.5902995561584956
3180,2069_LeafPhotoA_2025-09-08 12_03_40.102-05_00_3.png,1.5,1.5985962006617953
3181,2220_LeafPhotoA_2025-09-08 11_18_41.599-05_00_0.png,2.75,2.0612639681296803
3182,2220_LeafPhotoA_2025-09-08 11_18_41.599-05_00_1.png,2.75,2.3187922656763624
3183,2220_LeafPhotoA_2025-09-08 11_18_41.599-05_00_2.png,2.75,2.4213307137980147
3184,2220_LeafPhotoA_2025-09-08 11_18_41.599-05_00_3.png,2.75,1.9841185074313932
3189,2432_LeafPhotoB_2025-09-08 11_09_28.923-05_00_0.png,1.25,1.2811501680938595
3190,2432_LeafPhotoB_2025-09-08 11_09_28.923-05_00_1.png,1.25,1.2579545944251824
3191,2432_LeafPhotoB_2025-09-08 11_09_28.923-05_00_2.png,1.25,1.2912671954128023
3192,2432_LeafPhotoB_2025-09-08 11_09_28.923-05_00_3.png,1.25,1.3169637199137005
3194,2322_LeafPhotoA_2025-09-08 10_50_00.196-05_00_0.png,1.25,1.3369727891396819
3195,2322_LeafPhotoA_2025-09-08 10_50_00.196-05_00_1.png,1.25,1.3210417276615996
3196,2322_LeafPhotoA_2025-09-08 10_50_00.196-05_00_2.png,1.25,1.3406238539331607
3197,2322_LeafPhotoA_2025-09-08 10_50_00.196-05_00_3.png,1.25,1.2922091004504892
3198,2826_LeafPhotoA_2025-09-09 10_41_32.330-05_00_0.png,1.5,1.525794338176014
3199,2826_LeafPhotoA_2025-09-09 10_41_32.330-05_00_1.png,1.5,1.471685041537983
3200,2826_LeafPhotoA_2025-09-09 10_41_32.330-05_00_2.png,1.5,1.4264442863530524
3201,2826_LeafPhotoA_2025-09-09 10_41_32.330-05_00_3.png,1.5,1.5159509511100058
3211,2257_LeafPhotoA_2025-09-08 12_26_38.283-05_00_0.png,1.5,1.765573966306455
3212,2257_LeafPhotoA_2025-09-08 12_26_38.283-05_00_1.png,1.5,1.8019558212971534
3213,2257_LeafPhotoA_2025-09-08 12_26_38.283-05_00_2.png,1.5,1.7829007102825793
3214,2257_LeafPhotoA_2025-09-08 12_26_38.283-05_00_3.png,1.5,1.8808691694370858
3222,1834_LeafPhotoA_2025-09-09 09_42_08.907-05_00_0.png,2.0,1.7748584926747666
3223,1834_LeafPhotoA_2025-09-09 09_42_08.907-05_00_1.png,2.0,1.6857671029771446
3224,1834_LeafPhotoA_2025-09-09 09_42_08.907-05_00_2.png,2.0,1.6168745157455486
3225,1834_LeafPhotoA_2025-09-09 09_42_08.907-05_00_3.png,2.0,1.7958934449336919
3226,,1.5,1.4804790655895532
3227,2418_LeafPhotoB_2025-09-08 10_56_40.105-05_00_0.png,1.75,1.67029857649875
3228,2418_LeafPhotoB_2025-09-08 10_56_40.105-05_00_1.png,1.75,1.7557827302198417
3229,2418_LeafPhotoB_2025-09-08 10_56_40.105-05_00_2.png,1.75,1.7517014076967636
3230,2418_LeafPhotoB_2025-09-08 10_56_40.105-05_00_3.png,1.75,1.7135546820847716
3265,2706_LeafPhotoA_2025-09-09 10_21_29.913-05_00_0.png,3.5,3.222019653183937
3266,2706_LeafPhotoA_2025-09-09 10_21_29.913-05_00_1.png,3.5,3.2767660135630354
3267,2706_LeafPhotoA_2025-09-09 10_21_29.913-05_00_2.png,3.5,3.086740669758374
3268,2706_LeafPhotoA_2025-09-09 10_21_29.913-05_00_3.png,3.5,2.980700013640901
3277,1545_LeafPhotoA_2025-09-09 09_45_27.497-05_00_0.png,1.25,1.6475191995969853
3278,1545_LeafPhotoA_2025-09-09 09_45_27.497-05_00_1.png,1.25,1.4349762155199464
3279,1545_LeafPhotoA_2025-09-09 09_45_27.497-05_00_2.png,1.25,1.4965101642244636
3280,1545_LeafPhotoA_2025-09-09 09_45_27.497-05_00_3.png,1.25,1.5931768329136746
3281,6014_LeafPhotoA_2025-09-09 16_54_50.169-05_00_0.png,1.5,1.660324342134617
3282,6014_LeafPhotoA_2025-09-09 16_54_50.169-05_00_1.png,1.5,1.6398519334874784
3283,6014_LeafPhotoA_2025-09-09 16_54_50.169-05_00_2.png,1.5,1.6305807219096686
3284,6014_LeafPhotoA_2025-09-09 16_54_50.169-05_00_3.png,1.5,1.482517543712881
3289,2095_LeafPhotoA_2025-09-08 12_31_36.632-05_00_0.png,2.75,1.911794347723139
3290,2095_LeafPhotoA_2025-09-08 12_31_36.632-05_00_1.png,2.75,1.7621636172206991
3291,2095_LeafPhotoA_2025-09-08 12_31_36.632-05_00_2.png,2.75,1.7373761452936185
3292,2095_LeafPhotoA_2025-09-08 12_31_36.632-05_00_3.png,2.75,1.6918518494713346
3297,1300_LeafPhotoA_2025-09-08 16_38_09.236-05_00_0.png,2.75,2.1335336581561433
3298,1300_LeafPhotoA_2025-09-08 16_38_09.236-05_00_1.png,2.75,2.4256495886044056
3303,2419_LeafPhotoB_2025-09-08 10_57_28.297-05_00_0.png,1.5,1.8244525349807865
3304,2419_LeafPhotoB_2025-09-08 10_57_28.297-05_00_1.png,1.5,1.7492790178732514
3305,2419_LeafPhotoB_2025-09-08 10_57_28.297-05_00_2.png,1.5,1.7711270713362433
3373,2478_LeafPhotoB_2025-09-08 11_53_38.180-05_00_0.png,2.5,2.018786506697208
3374,2478_LeafPhotoB_2025-09-08 11_53_38.180-05_00_1.png,2.5,2.0072455166307717
3375,2478_LeafPhotoB_2025-09-08 11_53_38.180-05_00_2.png,2.5,1.949952102739739
3380,2652_LeafPhotoA_2025-09-09 11_26_57.371-05_00_0.png,2.75,2.2573982194598496
3381,2652_LeafPhotoA_2025-09-09 11_26_57.371-05_00_1.png,2.75,2.1752920258884836
3382,2652_LeafPhotoA_2025-09-09 11_26_57.371-05_00_2.png,2.75,2.204782046062811
3383,2652_LeafPhotoA_2025-09-09 11_26_57.371-05_00_3.png,2.75,2.27202305132017
3396,2405_LeafPhotoB_2025-09-08 10_44_24.813-05_00_0.png,2.25,1.8245361011358496
3413,2265_LeafPhotoA_2025-09-08 12_39_28.832-05_00_0.png,2.25,1.8222493695388429
3414,2265_LeafPhotoA_2025-09-08 12_39_28.832-05_00_1.png,2.25,1.8455108299602307
3415,2265_LeafPhotoA_2025-09-08 12_39_28.832-05_00_2.png,2.25,1.9241616257767589
3416,2265_LeafPhotoA_2025-09-08 12_39_28.832-05_00_3.png,2.25,1.8874952437053851
3421,1987_LeafPhotoA_2025-09-09 16_24_58.420-05_00_0.png,2.0,2.145543115399251
3422,1987_LeafPhotoA_2025-09-09 16_24_58.420-05_00_1.png,2.0,2.048956527426535
3434,1403_LeafPhotoA_2025-09-08 09_23_43.647-05_00_0.png,1.75,1.9094468161231903
3435,1403_LeafPhotoA_2025-09-08 09_23_43.647-05_00_1.png,1.75,1.9790274580618048
3436,1403_LeafPhotoA_2025-09-08 09_23_43.647-05_00_2.png,1.75,1.897194831069057
3449,1149_LeafPhotoA_2025-09-08 10_46_42.123-05_00_0.png,2.75,1.9253827982160026
3450,1149_LeafPhotoA_2025-09-08 10_46_42.123-05_00_1.png,2.75,1.900935397319685
3451,1149_LeafPhotoA_2025-09-08 10_46_42.123-05_00_2.png,2.75,1.9476347663595137
3452,1149_LeafPhotoA_2025-09-08 10_46_42.123-05_00_3.png,2.75,1.9845000429423787
3457,2960_LeafPhotoA_2025-09-09 16_05_27.861-05_00_0.png,1.0,1.2980915574721688
3458,2960_LeafPhotoA_2025-09-09 16_05_27.861-05_00_1.png,1.0,1.3576787168298385
3459,2960_LeafPhotoA_2025-09-09 16_05_27.861-05_00_2.png,1.0,1.4161764973717372
3460,2960_LeafPhotoA_2025-09-09 16_05_27.861-05_00_3.png,1.0,1.3948373095629287
3475,2269_LeafPhotoA_2025-09-08 17_14_12.666-05_00_0.png,2.25,1.975385756622406
3476,2269_LeafPhotoA_2025-09-08 17_14_12.666-05_00_1.png,2.25,2.1700025328236436
3477,2269_LeafPhotoA_2025-09-08 17_14_12.666-05_00_2.png,2.25,2.1410182411148933
3478,2269_LeafPhotoA_2025-09-08 17_14_12.666-05_00_3.png,2.25,1.9390885213212998
3495,2750_LeafPhotoA_2025-09-09 11_21_31.376-05_00_0.png,1.75,1.7180893355154188
3496,2750_LeafPhotoA_2025-09-09 11_21_31.376-05_00_1.png,1.75,1.680526995976589
3497,2750_LeafPhotoA_2025-09-09 11_21_31.376-05_00_2.png,1.75,1.7221338911990998
3498,2750_LeafPhotoA_2025-09-09 11_21_31.376-05_00_3.png,1.75,1.8256851750867824
3503,1459_LeafPhotoB_2025-09-08 12_36_19.960-05_00_0.png,3.0,2.3086429811516895
3504,1459_LeafPhotoB_2025-09-08 12_36_19.960-05_00_1.png,3.0,2.7739159532704427
3541,,2.0,1.4804790655895532
30,2872_LeafPhotoA_2025-09-09 14_46_31.841-05_00_0.png,1.0,1.408196939462164
31,2872_LeafPhotoA_2025-09-09 14_46_31.841-05_00_1.png,1.0,1.4806282575259826
32,2872_LeafPhotoA_2025-09-09 14_46_31.841-05_00_2.png,1.0,1.474256365496872
33,2872_LeafPhotoA_2025-09-09 14_46_31.841-05_00_3.png,1.0,1.3789534291065837
50,1031_LeafPhotoA_2025-09-08 10_06_33.217-05_00_0.png,1.5,1.5470372941915005
51,1031_LeafPhotoA_2025-09-08 10_06_33.217-05_00_1.png,1.5,1.764189642250595
52,1031_LeafPhotoA_2025-09-08 10_06_33.217-05_00_2.png,1.5,1.8451516640635979
53,1031_LeafPhotoA_2025-09-08 10_06_33.217-05_00_3.png,1.5,1.6706464530776928
89,1543_LeafPhotoA_2025-09-09 09_43_28.797-05_00_0.png,1.75,2.149243871387846
90,1543_LeafPhotoA_2025-09-09 09_43_28.797-05_00_1.png,1.75,1.966600804679391
91,1543_LeafPhotoA_2025-09-09 09_43_28.797-05_00_2.png,1.75,1.9853444168718806
92,1543_LeafPhotoA_2025-09-09 09_43_28.797-05_00_3.png,1.75,2.0438155382132392
99,1214_LeafPhotoA_2025-09-08 09_47_10.824-05_00_0.png,1.5,1.775890928204492
100,1214_LeafPhotoA_2025-09-08 09_47_10.824-05_00_1.png,1.5,1.8584816161328348
101,1214_LeafPhotoA_2025-09-08 09_47_10.824-05_00_2.png,1.5,1.9864633065552542
102,1214_LeafPhotoA_2025-09-08 09_47_10.824-05_00_3.png,1.5,1.8695755338854563
122,2843_LeafPhotoA_2025-09-09 11_07_54.202-05_00_0.png,2.25,2.04871580293014
123,2843_LeafPhotoA_2025-09-09 11_07_54.202-05_00_1.png,2.25,2.397361031277429
124,2843_LeafPhotoA_2025-09-09 11_07_54.202-05_00_2.png,2.25,2.417678071048801
125,2843_LeafPhotoA_2025-09-09 11_07_54.202-05_00_3.png,2.25,2.2002570837516764
140,2999_LeafPhotoA_2025-09-09 16_54_48.280-05_00_0.png,1.25,1.6695329694492813
141,2999_LeafPhotoA_2025-09-09 16_54_48.280-05_00_1.png,1.25,1.6766105792521337
142,2999_LeafPhotoA_2025-09-09 16_54_48.280-05_00_2.png,1.25,1.6792588754339908
143,2999_LeafPhotoA_2025-09-09 16_54_48.280-05_00_3.png,1.25,1.6051051066733513
152,1030_LeafPhotoA_2025-09-08 10_05_12.593-05_00_0.png,2.25,2.30064032952503
153,1030_LeafPhotoA_2025-09-08 10_05_12.593-05_00_1.png,2.25,2.2753499042210574
154,1030_LeafPhotoA_2025-09-08 10_05_12.593-05_00_2.png,2.25,2.21264651275528
155,1030_LeafPhotoA_2025-09-08 10_05_12.593-05_00_3.png,2.25,2.243711741798417
159,1138_LeafPhotoA_2025-09-08 10_30_50.978-05_00_0.png,2.25,1.6742725798842653
160,1138_LeafPhotoA_2025-09-08 10_30_50.978-05_00_1.png,2.25,1.7013420395541732
161,1138_LeafPhotoA_2025-09-08 10_30_50.978-05_00_2.png,2.25,1.9482293889917457
162,1138_LeafPhotoA_2025-09-08 10_30_50.978-05_00_3.png,2.25,2.195848452465844
175,1713_LeafPhotoA_2025-09-09 09_08_57.026-05_00_0.png,3.0,2.2444368863138813
176,1713_LeafPhotoA_2025-09-09 09_08_57.026-05_00_1.png,3.0,2.4174790344566865
177,1713_LeafPhotoA_2025-09-09 09_08_57.026-05_00_2.png,3.0,2.5464912449669264
178,1713_LeafPhotoA_2025-09-09 09_08_57.026-05_00_3.png,3.0,2.4587855480392586
186,1736_LeafPhotoA_2025-09-09 09_48_40.445-05_00_0.png,1.0,2.1644762443371817
187,1736_LeafPhotoA_2025-09-09 09_48_40.445-05_00_1.png,1.0,1.9373529702635222
188,1736_LeafPhotoA_2025-09-09 09_48_40.445-05_00_2.png,1.0,2.067486385589653
189,1736_LeafPhotoA_2025-09-09 09_48_40.445-05_00_3.png,1.0,2.1555808892568877
190,1086_LeafPhotoA_2025-09-09 10_59_11.313-05_00_0.png,1.75,1.9175615289329397
191,1086_LeafPhotoA_2025-09-09 10_59_11.313-05_00_1.png,1.75,1.8288277951059737
192,1086_LeafPhotoA_2025-09-09 10_59_11.313-05_00_2.png,1.75,1.7726453258751045
193,1086_LeafPhotoA_2025-09-09 10_59_11.313-05_00_3.png,1.75,2.0511220297147275
206,2470_LeafPhotoB_2025-09-08 11_47_37.543-05_00_0.png,1.75,1.9325129406586827
207,2470_LeafPhotoB_2025-09-08 11_47_37.543-05_00_1.png,1.75,1.9641321267177756
208,2470_LeafPhotoB_2025-09-08 11_47_37.543-05_00_2.png,1.75,1.9245494016633824
209,2470_LeafPhotoB_2025-09-08 11_47_37.543-05_00_3.png,1.75,1.9220808563104421
226,1660_LeafPhotoA_2025-09-09 10_09_36.852-05_00_0.png,1.5,1.84660615367712
227,1660_LeafPhotoA_2025-09-09 10_09_36.852-05_00_1.png,1.5,1.8503849342320584
228,1660_LeafPhotoA_2025-09-09 10_09_36.852-05_00_2.png,1.5,1.8053542108154135
229,1660_LeafPhotoA_2025-09-09 10_09_36.852-05_00_3.png,1.5,1.7324803524272891
234,1966_LeafPhotoA_2025-09-09 17_14_11.633-05_00_0.png,1.25,1.2469300289802532
235,1966_LeafPhotoA_2025-09-09 17_14_11.633-05_00_1.png,1.25,1.4301639155048589
236,1966_LeafPhotoA_2025-09-09 17_14_11.633-05_00_2.png,1.25,1.5038022041034085
237,1966_LeafPhotoA_2025-09-09 17_14_11.633-05_00_3.png,1.25,1.5147205323982957
260,2775_LeafPhotoA_2025-09-09 15_39_08.142-05_00_0.png,1.0,1.7947220953643777
261,2775_LeafPhotoA_2025-09-09 15_39_08.142-05_00_1.png,1.0,1.5760884508038513
262,2775_LeafPhotoA_2025-09-09 15_39_08.142-05_00_2.png,1.0,1.493287487508727
263,2775_LeafPhotoA_2025-09-09 15_39_08.142-05_00_3.png,1.0,1.6327842828221721
273,1196_LeafPhotoA_2025-09-08 15_46_27.438-05_00_0.png,1.75,2.000592315158986
274,1196_LeafPhotoA_2025-09-08 15_46_27.438-05_00_1.png,1.75,2.0766691719738586
275,1196_LeafPhotoA_2025-09-08 15_46_27.438-05_00_2.png,1.75,2.0591737781724007
276,1196_LeafPhotoA_2025-09-08 15_46_27.438-05_00_3.png,1.75,2.0207173844575372
285,2942_LeafPhotoA_2025-09-09 16_27_44.669-05_00_0.png,2.25,1.439936522455873
286,2942_LeafPhotoA_2025-09-09 16_27_44.669-05_00_1.png,2.25,1.6489437450865585
287,2942_LeafPhotoA_2025-09-09 16_27_44.669-05_00_2.png,2.25,1.6831231595940508
288,2942_LeafPhotoA_2025-09-09 16_27_44.669-05_00_3.png,2.25,1.6001480427977364
289,2301_LeafPhotoA_2025-09-08 10_23_19.706-05_00_0.png,2.5,2.124424526950626
290,2301_LeafPhotoA_2025-09-08 10_23_19.706-05_00_1.png,2.5,2.20409757172061
291,2301_LeafPhotoA_2025-09-08 10_23_19.706-05_00_2.png,2.5,2.1822290007934
332,2962_LeafPhotoA_2025-09-09 16_07_33.642-05_00_0.png,2.5,1.9121933257513137
333,2962_LeafPhotoA_2025-09-09 16_07_33.642-05_00_1.png,2.5,1.8737830217839653
334,2962_LeafPhotoA_2025-09-09 16_07_33.642-05_00_2.png,2.5,2.000153191050759
335,2962_LeafPhotoA_2025-09-09 16_07_33.642-05_00_3.png,2.5,2.0941848034710584
336,2693_LeafPhotoA_2025-09-09 10_37_58.417-05_00_0.png,1.5,2.0465224105919115
337,2693_LeafPhotoA_2025-09-09 10_37_58.417-05_00_1.png,1.5,2.0342017831414467
338,2693_LeafPhotoA_2025-09-09 10_37_58.417-05_00_2.png,1.5,2.114872026259398
339,2693_LeafPhotoA_2025-09-09 10_37_58.417-05_00_3.png,1.5,2.228326423187129
383,2957_LeafPhotoA_2025-09-09 16_00_50.634-05_00_0.png,2.25,2.3470600990574506
384,2957_LeafPhotoA_2025-09-09 16_00_50.634-05_00_1.png,2.25,2.2427040391856803
385,2957_LeafPhotoA_2025-09-09 16_00_50.634-05_00_2.png,2.25,2.0809838170622803
386,2957_LeafPhotoA_2025-09-09 16_00_50.634-05_00_3.png,2.25,2.1925597493751505
433,1414_LeafPhotoA_2025-09-08 09_36_43.216-05_00_0.png,1.5,1.6587656740981656
434,1414_LeafPhotoA_2025-09-08 09_36_43.216-05_00_1.png,1.5,1.6975447658636482
435,1414_LeafPhotoA_2025-09-08 09_36_43.216-05_00_2.png,1.5,1.736498060172113
448,1687_LeafPhotoA_2025-09-09 09_18_28.478-05_00_0.png,2.0,2.069860614800145
449,1687_LeafPhotoA_2025-09-09 09_18_28.478-05_00_1.png,2.0,2.2438124039917766
450,1687_LeafPhotoA_2025-09-09 09_18_28.478-05_00_2.png,2.0,2.319396000063052
463,2206_LeafPhotoA_2025-09-08 10_53_32.789-05_00_0.png,1.5,1.6608829380328975
464,2206_LeafPhotoA_2025-09-08 10_53_32.789-05_00_1.png,1.5,1.6459861022177324
465,2206_LeafPhotoA_2025-09-08 10_53_32.789-05_00_2.png,1.5,1.4280575615085698
466,2206_LeafPhotoA_2025-09-08 10_53_32.789-05_00_3.png,1.5,1.3465093741223413
487,2949_LeafPhotoA_2025-09-09 16_21_26.314-05_00_0.png,1.75,1.6363234050964188
488,2949_LeafPhotoA_2025-09-09 16_21_26.314-05_00_1.png,1.75,1.7029242892564402
489,2949_LeafPhotoA_2025-09-09 16_21_26.314-05_00_2.png,1.75,1.7247904899833342
490,2949_LeafPhotoA_2025-09-09 16_21_26.314-05_00_3.png,1.75,1.7279541903261435
505,2110_LeafPhotoA_2025-09-08 11_07_19.238-05_00_0.png,1.0,1.3976417701705646
506,2110_LeafPhotoA_2025-09-08 11_07_19.238-05_00_1.png,1.0,1.4439577769259457
507,2110_LeafPhotoA_2025-09-08 11_07_19.238-05_00_2.png,1.0,1.7022948329646996
508,2110_LeafPhotoA_2025-09-08 11_07_19.238-05_00_3.png,1.0,1.813073288306552
513,1805_LeafPhotoA_2025-09-09 08_57_47.562-05_00_0.png,1.25,1.5865647904592637
514,1805_LeafPhotoA_2025-09-09 08_57_47.562-05_00_1.png,1.25,1.418174233195265
515,1805_LeafPhotoA_2025-09-09 08_57_47.562-05_00_2.png,1.25,1.4635717918508633
516,1805_LeafPhotoA_2025-09-09 08_57_47.562-05_00_3.png,1.25,1.511187127304991
540,2999_LeafPhotoA_2025-09-09 16_54_09.800-05_00_0.png,1.5,1.4555457523374031
541,2999_LeafPhotoA_2025-09-09 16_54_09.800-05_00_1.png,1.5,1.5686168472628053
542,2999_LeafPhotoA_2025-09-09 16_54_09.800-05_00_2.png,1.5,2.3015806530514213
543,2999_LeafPhotoA_2025-09-09 16_54_09.800-05_00_3.png,1.5,2.4498854726392447
544,1802_LeafPhotoA_2025-09-09 10_06_55.886-05_00_0.png,1.0,1.4094627255712655
545,1802_LeafPhotoA_2025-09-09 10_06_55.886-05_00_1.png,1.0,1.33421366590818
546,1802_LeafPhotoA_2025-09-09 10_06_55.886-05_00_2.png,1.0,1.3759578504181476
547,1802_LeafPhotoA_2025-09-09 10_06_55.886-05_00_3.png,1.0,1.4359560518533652
555,2166_LeafPhotoA_2025-09-09 11_59_53.673-05_00_0.png,2.0,2.093685020717857
556,2166_LeafPhotoA_2025-09-09 11_59_53.673-05_00_1.png,2.0,1.9350215281297534
557,2166_LeafPhotoA_2025-09-09 11_59_53.673-05_00_2.png,2.0,1.8866367878283992
558,2166_LeafPhotoA_2025-09-09 11_59_53.673-05_00_3.png,2.0,2.245654868721965
561,1863_LeafPhotoA_2025-09-09 13_33_41.872-05_00_0.png,2.25,1.8555479005254194
562,1863_LeafPhotoA_2025-09-09 13_33_41.872-05_00_1.png,2.25,1.8309324502990456
563,1863_LeafPhotoA_2025-09-09 13_33_41.872-05_00_2.png,2.25,1.9334511773177494
564,1863_LeafPhotoA_2025-09-09 13_33_41.872-05_00_3.png,2.25,2.0941164967992325
565,2529_LeafPhotoA_2025-09-09 10_27_20.782-05_00_0.png,1.5,1.750638543896924
566,2529_LeafPhotoA_2025-09-09 10_27_20.782-05_00_1.png,1.5,1.8562647286252385
567,2529_LeafPhotoA_2025-09-09 10_27_20.782-05_00_2.png,1.5,1.8968054620039185
568,2529_LeafPhotoA_2025-09-09 10_27_20.782-05_00_3.png,1.5,1.9662255039328285
581,2227_LeafPhotoA_2025-09-08 11_30_56.055-05_00_0.png,2.5,2.364397888350954
582,2227_LeafPhotoA_2025-09-08 11_30_56.055-05_00_1.png,2.5,2.326565600771617
583,2227_LeafPhotoA_2025-09-08 11_30_56.055-05_00_2.png,2.5,2.304744915012802
584,2227_LeafPhotoA_2025-09-08 11_30_56.055-05_00_3.png,2.5,2.1924077387610685
601,2657_LeafPhotoA_2025-09-09 11_30_26.164-05_00_0.png,3.0,2.735292611876481
602,2657_LeafPhotoA_2025-09-09 11_30_26.164-05_00_1.png,3.0,2.8710703583925214
603,2657_LeafPhotoA_2025-09-09 11_30_26.164-05_00_2.png,3.0,2.8037177082946725
604,2657_LeafPhotoA_2025-09-09 11_30_26.164-05_00_3.png,3.0,2.606185443175514
605,2736_LeafPhotoA_2025-09-09 11_03_17.238-05_00_0.png,2.75,2.4446044922354897
606,2736_LeafPhotoA_2025-09-09 11_03_17.238-05_00_1.png,2.75,2.3569136064206693
607,2736_LeafPhotoA_2025-09-09 11_03_17.238-05_00_2.png,2.75,2.407234643031011
608,2736_LeafPhotoA_2025-09-09 11_03_17.238-05_00_3.png,2.75,2.341346607552129
609,2244_LeafPhotoA_2025-09-08 11_56_08.443-05_00_0.png,1.25,1.5049898211510158
610,2244_LeafPhotoA_2025-09-08 11_56_08.443-05_00_1.png,1.25,1.5641131923229203
611,2244_LeafPhotoA_2025-09-08 11_56_08.443-05_00_2.png,1.25,1.4881600305600393
612,2244_LeafPhotoA_2025-09-08 11_56_08.443-05_00_3.png,1.25,1.3888034063580563
619,1722_LeafPhotoA_2025-09-09 09_21_25.253-05_00_0.png,3.0,3.202147602482173
620,1722_LeafPhotoA_2025-09-09 09_21_25.253-05_00_1.png,3.0,3.0655736952957744
621,1722_LeafPhotoA_2025-09-09 09_21_25.253-05_00_2.png,3.0,2.967656693538659
626,,1.25,1.5359935899892483
635,2401_LeafPhotoB_2025-09-08 10_40_27.891-05_00_0.png,2.0,1.6964898104400317
636,2401_LeafPhotoB_2025-09-08 10_40_27.891-05_00_1.png,2.0,1.6908024844361447
637,2401_LeafPhotoB_2025-09-08 10_40_27.891-05_00_2.png,2.0,1.8362970900358675
638,2401_LeafPhotoB_2025-09-08 10_40_27.891-05_00_3.png,2.0,2.315932192282315
647,2594_LeafPhotoA_2025-09-09 10_28_20.057-05_00_0.png,1.5,1.3747559764984552
648,2594_LeafPhotoA_2025-09-09 10_28_20.057-05_00_1.png,1.5,1.342191435333028
649,2594_LeafPhotoA_2025-09-09 10_28_20.057-05_00_2.png,1.5,1.4105846218302653
650,2594_LeafPhotoA_2025-09-09 10_28_20.057-05_00_3.png,1.5,1.5254111380830864
655,1946_LeafPhotoA_2025-09-09 16_05_11.903-05_00_0.png,1.5,1.4938833209959015
656,1946_LeafPhotoA_2025-09-09 16_05_11.903-05_00_1.png,1.5,1.6353808180150793
657,1946_LeafPhotoA_2025-09-09 16_05_11.903-05_00_2.png,1.5,1.6427334345489824
658,1946_LeafPhotoA_2025-09-09 16_05_11.903-05_00_3.png,1.5,1.5962169174886847
671,1789_LeafPhotoA_2025-09-09 09_15_57.914-05_00_0.png,1.0,1.3740838860544977
672,1789_LeafPhotoA_2025-09-09 09_15_57.914-05_00_1.png,1.0,1.3677044226762456
673,1789_LeafPhotoA_2025-09-09 09_15_57.914-05_00_2.png,1.0,1.3199508957271862
674,1789_LeafPhotoA_2025-09-09 09_15_57.914-05_00_3.png,1.0,1.3057452828389362
675,1200_LeafPhotoA_2025-09-08 17_01_52.096-05_00_0.png,1.0,1.5543054115499342
676,1200_LeafPhotoA_2025-09-08 17_01_52.096-05_00_1.png,1.0,1.6409715866281867
677,1200_LeafPhotoA_2025-09-08 17_01_52.096-05_00_2.png,1.0,1.557813275407352
682,2724_LeafPhotoA_2025-09-09 10_46_27.417-05_00_0.png,1.75,2.5703688732041083
683,2724_LeafPhotoA_2025-09-09 10_46_27.417-05_00_1.png,1.75,2.3256445818194305
684,2724_LeafPhotoA_2025-09-09 10_46_27.417-05_00_2.png,1.75,2.0196252826349435
685,2724_LeafPhotoA_2025-09-09 10_46_27.417-05_00_3.png,1.75,1.78848614590335
698,2115_LeafPhotoA_2025-09-08 11_16_33.968-05_00_0.png,1.75,1.7808232915041393
699,2115_LeafPhotoA_2025-09-08 11_16_33.968-05_00_1.png,1.75,1.9554981607001856
700,2115_LeafPhotoA_2025-09-08 11_16_33.968-05_00_2.png,1.75,1.9993914038237512
701,2115_LeafPhotoA_2025-09-08 11_16_33.968-05_00_3.png,1.75,2.1863875401035675
727,2048_LeafPhotoA_2025-09-08 11_28_25.459-05_00_0.png,2.0,1.970150392279504
728,2048_LeafPhotoA_2025-09-08 11_28_25.459-05_00_1.png,2.0,1.9254840061281384
729,2048_LeafPhotoA_2025-09-08 11_28_25.459-05_00_2.png,2.0,1.8605394308
730,2048_LeafPhotoA_2025-09-08 11_28_25.459-05_00_3.png,2.0,2.0473183084988302
741,2655_LeafPhotoA_2025-09-09 11_29_02.979-05_00_0.png,1.25,1.7369260132913493
742,2655_LeafPhotoA_2025-09-09 11_29_02.979-05_00_1.png,1.25,1.6731530016493
743,2655_LeafPhotoA_2025-09-09 11_29_02.979-05_00_2.png,1.25,1.6553524603379715
744,2655_LeafPhotoA_2025-09-09 11_29_02.979-05_00_3.png,1.25,1.6793948261128375
745,1056_LeafPhotoA_2025-09-08 12_47_34.787-05_00_0.png,1.75,2.0837783048564784
746,1056_LeafPhotoA_2025-09-08 12_47_34.787-05_00_1.png,1.75,1.860140415331035
747,1056_LeafPhotoA_2025-09-08 12_47_34.787-05_00_2.png,1.75,1.7657361555350501
748,1056_LeafPhotoA_2025-09-08 12_47_34.787-05_00_3.png,1.75,1.805265866686471
760,2409_LeafPhotoB_2025-09-08 10_48_08.751-05_00_0.png,2.75,2.735106950200378
761,2409_LeafPhotoB_2025-09-08 10_48_08.751-05_00_1.png,2.75,2.667851154516063
762,2409_LeafPhotoB_2025-09-08 10_48_08.751-05_00_2.png,2.75,2.5018162315357073
763,2409_LeafPhotoB_2025-09-08 10_48_08.751-05_00_3.png,2.75,2.399796193287921
766,2673_LeafPhotoA_2025-09-09 11_11_18.428-05_00_0.png,1.0,1.339590146800117
767,2673_LeafPhotoA_2025-09-09 11_11_18.428-05_00_1.png,1.0,1.406807796111214
768,2673_LeafPhotoA_2025-09-09 11_11_18.428-05_00_2.png,1.0,1.4249486717286515
777,2933_LeafPhotoA_2025-09-09 16_35_09.095-05_00_0.png,1.0,1.7040083171485916
778,2933_LeafPhotoA_2025-09-09 16_35_09.095-05_00_1.png,1.0,1.6539253017619528
779,2933_LeafPhotoA_2025-09-09 16_35_09.095-05_00_2.png,1.0,1.608929151593697
815,9351_LeafPhotoA_2025-09-09 17_07_37.530-05_00_0.png,1.0,1.4818167481786142
816,9351_LeafPhotoA_2025-09-09 17_07_37.530-05_00_1.png,1.0,1.6932399491794305
817,9351_LeafPhotoA_2025-09-09 17_07_37.530-05_00_2.png,1.0,1.527486991998641
818,9351_LeafPhotoA_2025-09-09 17_07_37.530-05_00_3.png,1.0,1.3665142935946923
843,2693_LeafPhotoA_2025-09-09 10_38_35.796-05_00_0.png,1.75,1.8872406382854314
844,2693_LeafPhotoA_2025-09-09 10_38_35.796-05_00_1.png,1.75,1.864084119556378
845,2693_LeafPhotoA_2025-09-09 10_38_35.796-05_00_2.png,1.75,1.8726947616192595
846,2693_LeafPhotoA_2025-09-09 10_38_35.796-05_00_3.png,1.75,1.7985057184924633
847,2499_LeafPhotoB_2025-09-08 12_23_25.734-05_00_0.png,1.75,1.9579540204203152
848,2499_LeafPhotoB_2025-09-08 12_23_25.734-05_00_1.png,1.75,1.9671763538265568
849,2499_LeafPhotoB_2025-09-08 12_23_25.734-05_00_2.png,1.75,1.8934280082877208
850,2499_LeafPhotoB_2025-09-08 12_23_25.734-05_00_3.png,1.75,1.811170759411834
868,2506_LeafPhotoA_2025-09-09 10_01_46.426-05_00_0.png,2.75,2.4464022117360087
869,2506_LeafPhotoA_2025-09-09 10_01_46.426-05_00_1.png,2.75,2.406520982042715
870,2506_LeafPhotoA_2025-09-09 10_01_46.426-05_00_2.png,2.75,2.2766230283250874
871,2506_LeafPhotoA_2025-09-09 10_01_46.426-05_00_3.png,2.75,2.219303500567468
872,2341_LeafPhotoA_2025-09-08 11_09_22.552-05_00_0.png,1.0,1.339546080364155
873,2341_LeafPhotoA_2025-09-08 11_09_22.552-05_00_1.png,1.0,1.4569139217362659
901,2833_LeafPhotoA_2025-09-09 10_51_02.314-05_00_0.png,1.0,1.6613379060390734
902,2833_LeafPhotoA_2025-09-09 10_51_02.314-05_00_1.png,1.0,1.5860583818848735
903,2833_LeafPhotoA_2025-09-09 10_51_02.314-05_00_2.png,1.0,1.625511308924296
904,2833_LeafPhotoA_2025-09-09 10_51_02.314-05_00_3.png,1.0,1.6281971495043195
909,1472_LeafPhotoB_2025-09-08 16_38_48.113-05_00_0.png,1.5,1.7172076466839172
910,1472_LeafPhotoB_2025-09-08 16_38_48.113-05_00_1.png,1.5,1.8592024152814963
911,1472_LeafPhotoB_2025-09-08 16_38_48.113-05_00_2.png,1.5,1.8259010296186557
917,1697_LeafPhotoA_2025-09-09 08_53_49.546-05_00_0.png,1.25,1.700559967792516
918,1697_LeafPhotoA_2025-09-09 08_53_49.546-05_00_1.png,1.25,1.7344107821895163
919,1697_LeafPhotoA_2025-09-09 08_53_49.546-05_00_2.png,1.25,1.7772375067501083
920,1697_LeafPhotoA_2025-09-09 08_53_49.546-05_00_3.png,1.25,1.8167270877785466
926,2381_LeafPhotoA_2025-09-08 11_51_21.824-05_00_0.png,1.25,1.7006353445383413
927,2381_LeafPhotoA_2025-09-08 11_51_21.824-05_00_1.png,1.25,1.646370168900318
928,2381_LeafPhotoA_2025-09-08 11_51_21.824-05_00_2.png,1.25,1.5722904372110298
929,2381_LeafPhotoA_2025-09-08 11_51_21.824-05_00_3.png,1.25,1.6517774456902754
976,1679_LeafPhotoA_2025-09-09 09_32_13.519-05_00_0.png,2.25,2.062533963503549
977,1679_LeafPhotoA_2025-09-09 09_32_13.519-05_00_1.png,2.25,2.090597317588778
978,1679_LeafPhotoA_2025-09-09 09_32_13.519-05_00_2.png,2.25,2.076411525352498
979,1679_LeafPhotoA_2025-09-09 09_32_13.519-05_00_3.png,2.25,2.088653530569766
985,1512_LeafPhotoA_2025-09-09 09_08_29.596-05_00_0.png,2.5,2.0677933499678858
986,1512_LeafPhotoA_2025-09-09 09_08_29.596-05_00_1.png,2.5,1.90985399952886
987,1512_LeafPhotoA_2025-09-09 09_08_29.596-05_00_2.png,2.5,2.032215339431381
988,1512_LeafPhotoA_2025-09-09 09_08_29.596-05_00_3.png,2.5,2.1223956550012795
1038,1001_LeafPhotoA_2025-09-08 10_30_44.491-05_00_0.png,1.75,1.7140569974079054
1039,1001_LeafPhotoA_2025-09-08 10_30_44.491-05_00_1.png,1.75,1.7100887775083435
1040,1001_LeafPhotoA_2025-09-08 10_30_44.491-05_00_2.png,1.75,1.6628299800702937
1041,1001_LeafPhotoA_2025-09-08 10_30_44.491-05_00_3.png,1.75,1.6488308325647834
1047,1705_LeafPhotoA_2025-09-09 08_56_59.048-05_00_0.png,2.25,2.295440583528528
1048,1705_LeafPhotoA_2025-09-09 08_56_59.048-05_00_1.png,2.25,2.227460799831835
1049,1705_LeafPhotoA_2025-09-09 08_56_59.048-05_00_2.png,2.25,2.1360282049096635
1050,1705_LeafPhotoA_2025-09-09 08_56_59.048-05_00_3.png,2.25,2.1890989125925033
1062,1665_LeafPhotoA_2025-09-09 09_57_34.568-05_00_0.png,2.0,2.034735374882954
1063,1665_LeafPhotoA_2025-09-09 09_57_34.568-05_00_1.png,2.0,2.05943436687125
1064,1665_LeafPhotoA_2025-09-09 09_57_34.568-05_00_2.png,2.0,1.9933830880645396
1102,1053_LeafPhotoA_2025-09-08 12_43_49.634-05_00_0.png,2.5,2.108470022257961
1103,1053_LeafPhotoA_2025-09-08 12_43_49.634-05_00_1.png,2.5,2.1474034201764223
1104,1053_LeafPhotoA_2025-09-08 12_43_49.634-05_00_2.png,2.5,2.4356411230842703
1105,1053_LeafPhotoA_2025-09-08 12_43_49.634-05_00_3.png,2.5,2.3222342172536026
1113,2631_LeafPhotoA_2025-09-09 11_48_53.491-05_00_0.png,2.5,1.7366006411888777
1114,2631_LeafPhotoA_2025-09-09 11_48_53.491-05_00_1.png,2.5,2.0824565483415243
1115,2631_LeafPhotoA_2025-09-09 11_48_53.491-05_00_2.png,2.5,2.4271764161325615
1116,2631_LeafPhotoA_2025-09-09 11_48_53.491-05_00_3.png,2.5,2.539235986908527
1134,1013_LeafPhotoA_2025-09-08 09_45_15.101-05_00_0.png,1.25,1.7059252259192157
1135,1013_LeafPhotoA_2025-09-08 09_45_15.101-05_00_1.png,1.25,1.6170329896792008
1136,1013_LeafPhotoA_2025-09-08 09_45_15.101-05_00_2.png,1.25,1.56715127465038
1137,1013_LeafPhotoA_2025-09-08 09_45_15.101-05_00_3.png,1.25,1.539419931994659
1147,9260_LeafPhotoA_2025-09-08 12_05_57.503-05_00_0.png,1.0,1.3590009042157
1148,9260_LeafPhotoA_2025-09-08 12_05_57.503-05_00_1.png,1.0,1.3067849284143795
1149,9260_LeafPhotoA_2025-09-08 12_05_57.503-05_00_2.png,1.0,1.2743446203470281
1150,9260_LeafPhotoA_2025-09-08 12_05_57.503-05_00_3.png,1.0,1.352492703568361
1185,2433_LeafPhotoB_2025-09-08 11_09_46.410-05_00_0.png,1.5,1.4455875692317006
1186,2433_LeafPhotoB_2025-09-08 11_09_46.410-05_00_1.png,1.5,1.495300356684777
1187,2433_LeafPhotoB_2025-09-08 11_09_46.410-05_00_2.png,1.5,1.4273003903480643
1188,2433_LeafPhotoB_2025-09-08 11_09_46.410-05_00_3.png,1.5,1.4356184729362689
1197,2490_LeafPhotoB_2025-09-08 12_05_22.252-05_00_0.png,1.5,1.6750936244295127
1198,2490_LeafPhotoB_2025-09-08 12_05_22.252-05_00_1.png,1.5,1.8032317236816453
1199,2490_LeafPhotoB_2025-09-08 12_05_22.252-05_00_2.png,1.5,1.8461480967151038
1200,2490_LeafPhotoB_2025-09-08 12_05_22.252-05_00_3.png,1.5,1.678622497174898
1218,1014_LeafPhotoA_2025-09-08 09_46_05.675-05_00_0.png,3.75,3.2386022156002325
1219,1014_LeafPhotoA_2025-09-08 09_46_05.675-05_00_1.png,3.75,3.3579852287308425
1220,1014_LeafPhotoA_2025-09-08 09_46_05.675-05_00_2.png,3.75,3.3442347737334783
1238,2530_LeafPhotoA_2025-09-09 10_28_43.092-05_00_0.png,3.75,2.795877754901722
1239,2530_LeafPhotoA_2025-09-09 10_28_43.092-05_00_1.png,3.75,2.8337512480921303
1240,2530_LeafPhotoA_2025-09-09 10_28_43.092-05_00_2.png,3.75,2.5006784974114935
1241,2530_LeafPhotoA_2025-09-09 10_28_43.092-05_00_3.png,3.75,2.3545395744579434
1242,1397_LeafPhotoA_2025-09-08 13_28_16.462-05_00_0.png,2.5,1.9201501743198963
1252,2867_LeafPhotoA_2025-09-09 14_50_34.297-05_00_0.png,1.5,1.6118009970953302
1253,2867_LeafPhotoA_2025-09-09 14_50_34.297-05_00_1.png,1.5,1.706525141899671
1254,2867_LeafPhotoA_2025-09-09 14_50_34.297-05_00_2.png,1.5,1.72411173769095
1255,2867_LeafPhotoA_2025-09-09 14_50_34.297-05_00_3.png,1.5,1.638295718092859
1256,,2.25,1.5359935899892483
1352,1170_LeafPhotoA_2025-09-08 16_32_45.562-05_00_0.png,1.75,1.7643606807923746
1353,1170_LeafPhotoA_2025-09-08 16_32_45.562-05_00_1.png,1.75,1.8506067943225923
1354,1170_LeafPhotoA_2025-09-08 16_32_45.562-05_00_2.png,1.75,1.8005052530781063
1355,1170_LeafPhotoA_2025-09-08 16_32_45.562-05_00_3.png,1.75,1.649388517138928
1376,2222_LeafPhotoA_2025-09-08 11_22_53.252-05_00_0.png,2.25,1.8212541948304202
1377,2222_LeafPhotoA_2025-09-08 11_22_53.252-05_00_1.png,2.25,1.7710212792560875
1378,2222_LeafPhotoA_2025-09-08 11_22_53.252-05_00_2.png,2.25,1.898143654546725
1379,2222_LeafPhotoA_2025-09-08 11_22_53.252-05_00_3.png,2.25,1.9918334667071744
1427,2876_LeafPhotoA_2025-09-09 14_43_15.675-05_00_0.png,1.75,1.9322962414665448
1428,2876_LeafPhotoA_2025-09-09 14_43_15.675-05_00_1.png,1.75,2.0985402829602333
1429,2876_LeafPhotoA_2025-09-09 14_43_15.675-05_00_2.png,1.75,2.021656576367551
1430,2876_LeafPhotoA_2025-09-09 14_43_15.675-05_00_3.png,1.75,1.7797908418577686
1443,2041_LeafPhotoA_2025-09-08 11_20_20.644-05_00_0.png,2.0,1.6853661761489491
1444,2041_LeafPhotoA_2025-09-08 11_20_20.644-05_00_1.png,2.0,1.480829310937814
1445,2041_LeafPhotoA_2025-09-08 11_20_20.644-05_00_2.png,2.0,1.5824232481753264
1469,1584_LeafPhotoA_2025-09-09 09_39_38.950-05_00_0.png,2.25,1.9199133652832385
1470,1584_LeafPhotoA_2025-09-09 09_39_38.950-05_00_1.png,2.25,2.1350256717759266
1471,1584_LeafPhotoA_2025-09-09 09_39_38.950-05_00_2.png,2.25,1.951507146080509
1472,1584_LeafPhotoA_2025-09-09 09_39_38.950-05_00_3.png,2.25,1.9565024197522127
1473,1946_LeafPhotoA_2025-09-09 16_04_53.847-05_00_0.png,3.0,2.2721555065229
1474,1946_LeafPhotoA_2025-09-09 16_04_53.847-05_00_1.png,3.0,2.5586244117616976
1475,1946_LeafPhotoA_2025-09-09 16_04_53.847-05_00_2.png,3.0,2.404954630539684
1476,1946_LeafPhotoA_2025-09-09 16_04_53.847-05_00_3.png,3.0,1.6858279485137428
1506,1442_LeafPhotoB_2025-09-08 10_31_26.108-05_00_0.png,1.25,1.5154981325944201
1507,1442_LeafPhotoB_2025-09-08 10_31_26.108-05_00_1.png,1.25,1.5025056182006509
1508,1442_LeafPhotoB_2025-09-08 10_31_26.108-05_00_2.png,1.25,1.4847356820220097
1509,1442_LeafPhotoB_2025-09-08 10_31_26.108-05_00_3.png,1.25,1.356934533026421
1524,1693_LeafPhotoA_2025-09-09 09_07_35.518-05_00_0.png,1.75,1.8376303652313362
1525,1693_LeafPhotoA_2025-09-09 09_07_35.518-05_00_1.png,1.75,1.7643490665009873
1526,1693_LeafPhotoA_2025-09-09 09_07_35.518-05_00_2.png,1.75,1.5718503092597769
1527,1693_LeafPhotoA_2025-09-09 09_07_35.518-05_00_3.png,1.75,1.8291126530592825
1560,1266_LeafPhotoA_2025-09-08 16_20_40.775-05_00_0.png,1.5,1.4537519885394439
1581,2104_LeafPhotoA_2025-09-08 10_58_03.934-05_00_0.png,2.0,1.573995334476918
1582,2104_LeafPhotoA_2025-09-08 10_58_03.934-05_00_1.png,2.0,1.6241461859554787
1583,2104_LeafPhotoA_2025-09-08 10_58_03.934-05_00_2.png,2.0,1.5837744588277425
1584,2104_LeafPhotoA_2025-09-08 10_58_03.934-05_00_3.png,2.0,1.5758157608323067
1594,,1.5,1.5359935899892483
1603,2029_LeafPhotoA_2025-09-08 11_07_23.840-05_00_0.png,3.5,3.3442741610237157
1604,2029_LeafPhotoA_2025-09-08 11_07_23.840-05_00_1.png,3.5,3.145598263499326
1605,2029_LeafPhotoA_2025-09-08 11_07_23.840-05_00_2.png,3.5,2.8451988049024766
1606,2029_LeafPhotoA_2025-09-08 11_07_23.840-05_00_3.png,3.5,2.615693885627453
1623,1152_LeafPhotoA_2025-09-08 16_58_21.742-05_00_0.png,2.0,1.874807997343212
1624,1152_LeafPhotoA_2025-09-08 16_58_21.742-05_00_1.png,2.0,1.9447258620923609
1625,1152_LeafPhotoA_2025-09-08 16_58_21.742-05_00_2.png,2.0,2.0051641702501692
1626,1152_LeafPhotoA_2025-09-08 16_58_21.742-05_00_3.png,2.0,1.9210292133289186
1632,1572_LeafPhotoA_2025-09-09 09_56_18.547-05_00_0.png,1.5,1.6579725411904809
1633,1572_LeafPhotoA_2025-09-09 09_56_18.547-05_00_1.png,1.5,1.7346987684765365
1634,1572_LeafPhotoA_2025-09-09 09_56_18.547-05_00_2.png,1.5,1.6926636809572537
1635,1572_LeafPhotoA_2025-09-09 09_56_18.547-05_00_3.png,1.5,1.604398766991305
1647,2237_LeafPhotoA_2025-09-08 11_42_52.155-05_00_0.png,1.5,1.6010436322726003
1648,2237_LeafPhotoA_2025-09-08 11_42_52.155-05_00_1.png,1.5,1.7444002371870249
1649,2237_LeafPhotoA_2025-09-08 11_42_52.155-05_00_2.png,1.5,1.5708147691299166
1650,2237_LeafPhotoA_2025-09-08 11_42_52.155-05_00_3.png,1.5,1.4273306574074993
1671,2618_LeafPhotoA_2025-09-09 12_06_25.737-05_00_0.png,2.25,1.5607596899856357
1672,2618_LeafPhotoA_2025-09-09 12_06_25.737-05_00_1.png,2.25,1.4805495155630721
1699,2686_LeafPhotoA_2025-09-09 10_48_10.419-05_00_0.png,3.0,2.07120338637272
1700,2686_LeafPhotoA_2025-09-09 10_48_10.419-05_00_1.png,3.0,2.251536614411129
1701,2686_LeafPhotoA_2025-09-09 10_48_10.419-05_00_2.png,3.0,2.2560066628082414
1718,1198_LeafPhotoA_2025-09-08 09_25_24.531-05_00_0.png,1.25,1.7332630461294618
1719,1198_LeafPhotoA_2025-09-08 09_25_24.531-05_00_1.png,1.25,1.7058594083585603
1720,1198_LeafPhotoA_2025-09-08 09_25_24.531-05_00_2.png,1.25,1.673593182297686
1721,1198_LeafPhotoA_2025-09-08 09_25_24.531-05_00_3.png,1.25,1.559953897472872
1730,2876_LeafPhotoA_2025-09-09 14_43_31.946-05_00_0.png,1.5,1.8418659031416755
1731,2876_LeafPhotoA_2025-09-09 14_43_31.946-05_00_1.png,1.5,1.7464668478236578
1732,2876_LeafPhotoA_2025-09-09 14_43_31.946-05_00_2.png,1.5,1.5241211249379063
1733,2876_LeafPhotoA_2025-09-09 14_43_31.946-05_00_3.png,1.5,1.5053871723767713
1747,2064_LeafPhotoA_2025-09-08 11_57_49.749-05_00_0.png,2.0,1.5298567926284894
1748,2064_LeafPhotoA_2025-09-08 11_57_49.749-05_00_1.png,2.0,1.5610869283432551
1749,2064_LeafPhotoA_2025-09-08 11_57_49.749-05_00_2.png,2.0,1.648064375673401
1750,2064_LeafPhotoA_2025-09-08 11_57_49.749-05_00_3.png,2.0,1.6866104300326443
1765,1267_LeafPhotoA_2025-09-08 16_19_11.885-05_00_0.png,2.25,1.9782059502298934
1766,1267_LeafPhotoA_2025-09-08 16_19_11.885-05_00_1.png,2.25,1.870440141830293
1767,1267_LeafPhotoA_2025-09-08 16_19_11.885-05_00_2.png,2.25,1.7463357283773917
1768,1267_LeafPhotoA_2025-09-08 16_19_11.885-05_00_3.png,2.25,1.6529858658646028
1769,2871_LeafPhotoA_2025-09-09 14_47_23.331-05_00_0.png,2.5,2.208231546724205
1770,2871_LeafPhotoA_2025-09-09 14_47_23.331-05_00_1.png,2.5,2.1967151873337905
1771,2871_LeafPhotoA_2025-09-09 14_47_23.331-05_00_2.png,2.5,1.9943412934083882
1772,2871_LeafPhotoA_2025-09-09 14_47_23.331-05_00_3.png,2.5,1.8849343842700543
1808,2447_LeafPhotoB_2025-09-08 11_22_51.883-05_00_0.png,2.0,1.7128152766458669
1809,2447_LeafPhotoB_2025-09-08 11_22_51.883-05_00_1.png,2.0,1.8188753049335002
1810,2447_LeafPhotoB_2025-09-08 11_22_51.883-05_00_2.png,2.0,1.7457926324003872
1811,2447_LeafPhotoB_2025-09-08 11_22_51.883-05_00_3.png,2.0,1.7225021286977549
1820,2287_LeafPhotoA_2025-09-08 16_53_06.874-05_00_0.png,3.75,2.539705424172758
1821,2287_LeafPhotoA_2025-09-08 16_53_06.874-05_00_1.png,3.75,2.8236183794947123
1822,2287_LeafPhotoA_2025-09-08 16_53_06.874-05_00_2.png,3.75,3.02392099029067
1823,2287_LeafPhotoA_2025-09-08 16_53_06.874-05_00_3.png,3.75,2.9935757635172076
1831,1713_LeafPhotoA_2025-09-09 09_08_31.161-05_00_0.png,1.75,1.9766253716170636
1832,1713_LeafPhotoA_2025-09-09 09_08_31.161-05_00_1.png,1.75,2.1430621147858004
1833,1713_LeafPhotoA_2025-09-09 09_08_31.161-05_00_2.png,1.75,2.065317303853052
1834,1713_LeafPhotoA_2025-09-09 09_08_31.161-05_00_3.png,1.75,1.8499877583018547
1864,2130_LeafPhotoA_2025-09-08 11_49_10.108-05_00_0.png,1.75,1.6571961020374204
1865,2130_LeafPhotoA_2025-09-08 11_49_10.108-05_00_1.png,1.75,1.7992750236734352
1866,2130_LeafPhotoA_2025-09-08 11_49_10.108-05_00_2.png,1.75,1.6814738161573972
1867,2130_LeafPhotoA_2025-09-08 11_49_10.108-05_00_3.png,1.75,1.6686902406347301
1868,2852_LeafPhotoA_2025-09-09 15_03_44.065-05_00_0.png,1.5,1.7389387486787604
1869,2852_LeafPhotoA_2025-09-09 15_03_44.065-05_00_1.png,1.5,1.76915675390222
1870,2852_LeafPhotoA_2025-09-09 15_03_44.065-05_00_2.png,1.5,1.8197352459833251
1871,2852_LeafPhotoA_2025-09-09 15_03_44.065-05_00_3.png,1.5,1.7961461784756463
1875,1047_LeafPhotoA_2025-09-08 10_26_48.305-05_00_0.png,2.0,1.5951620242422058
1876,1047_LeafPhotoA_2025-09-08 10_26_48.305-05_00_1.png,2.0,1.490779640754787
1877,1047_LeafPhotoA_2025-09-08 10_26_48.305-05_00_2.png,2.0,1.6869895493398164
1878,1047_LeafPhotoA_2025-09-08 10_26_48.305-05_00_3.png,2.0,2.109281765076333
1896,1687_LeafPhotoA_2025-09-09 09_18_05.463-05_00_0.png,1.75,1.6556147431604453
1897,1687_LeafPhotoA_2025-09-09 09_18_05.463-05_00_1.png,1.75,1.5994435562448819
1898,2049_LeafPhotoA_2025-09-08 11_29_22.980-05_00_0.png,1.25,1.5236268101335595
1899,2049_LeafPhotoA_2025-09-08 11_29_22.980-05_00_1.png,1.25,1.6196491642145932
1900,2049_LeafPhotoA_2025-09-08 11_29_22.980-05_00_2.png,1.25,1.5340281798914128
1901,2049_LeafPhotoA_2025-09-08 11_29_22.980-05_00_3.png,1.25,1.4121738067600824
1916,2049_LeafPhotoA_2025-09-08 11_29_12.336-05_00_0.png,2.25,1.4790666400163315
1917,2049_LeafPhotoA_2025-09-08 11_29_12.336-05_00_1.png,2.25,1.4416775775179405
1918,2049_LeafPhotoA_2025-09-08 11_29_12.336-05_00_2.png,2.25,1.5941370063397313
1919,2049_LeafPhotoA_2025-09-08 11_29_12.336-05_00_3.png,2.25,1.8573673366228385
1936,1540_LeafPhotoA_2025-09-09 09_38_25.826-05_00_0.png,2.75,2.8291417513259973
1937,1540_LeafPhotoA_2025-09-09 09_38_25.826-05_00_1.png,2.75,2.675804573444592
1938,1540_LeafPhotoA_2025-09-09 09_38_25.826-05_00_2.png,2.75,2.5974362766052828
1939,1540_LeafPhotoA_2025-09-09 09_38_25.826-05_00_3.png,2.75,2.7694826610518595
1947,1070_LeafPhotoA_2025-09-08 13_01_31.955-05_00_0.png,1.5,1.9812787924982442
1948,1070_LeafPhotoA_2025-09-08 13_01_31.955-05_00_1.png,1.5,1.9585115035651293
1949,1070_LeafPhotoA_2025-09-08 13_01_31.955-05_00_2.png,1.5,1.8577697250612317
1950,1070_LeafPhotoA_2025-09-08 13_01_31.955-05_00_3.png,1.5,1.8042209243741516
1951,1031_LeafPhotoA_2025-09-08 10_05_56.491-05_00_0.png,1.75,2.2040659700354577
1952,1031_LeafPhotoA_2025-09-08 10_05_56.491-05_00_1.png,1.75,2.193140685223951
1953,1031_LeafPhotoA_2025-09-08 10_05_56.491-05_00_2.png,1.75,2.0937459066816277
1954,1031_LeafPhotoA_2025-09-08 10_05_56.491-05_00_3.png,1.75,2.0682193074101547
1959,2835_LeafPhotoA_2025-09-09 10_59_12.275-05_00_0.png,2.5,2.155387505377105
1988,,2.5,1.5359935899892483
2004,2915_LeafPhotoA_2025-09-09 16_35_42.182-05_00_0.png,2.0,1.74451001699485
2009,1697_LeafPhotoA_2025-09-09 08_54_31.422-05_00_0.png,1.5,1.651185422075721
2010,1697_LeafPhotoA_2025-09-09 08_54_31.422-05_00_1.png,1.5,1.6825618611627347
2011,1697_LeafPhotoA_2025-09-09 08_54_31.422-05_00_2.png,1.5,1.6928811884253314
2016,2999_LeafPhotoA_2025-09-09 16_55_04.325-05_00_0.png,2.0,2.1658792639168754
2017,2999_LeafPhotoA_2025-09-09 16_55_04.325-05_00_1.png,2.0,1.9893240234997214
2018,2999_LeafPhotoA_2025-09-09 16_55_04.325-05_00_2.png,2.0,2.004222907659451
2030,2164_LeafPhotoA_2025-09-09 11_57_19.201-05_00_0.png,1.5,1.6627189952733543
2031,2164_LeafPhotoA_2025-09-09 11_57_19.201-05_00_1.png,1.5,1.7452623073225586
2032,2164_LeafPhotoA_2025-09-09 11_57_19.201-05_00_2.png,1.5,1.8371571553070678
2033,2164_LeafPhotoA_2025-09-09 11_57_19.201-05_00_3.png,1.5,1.649745847224188
2038,2862_LeafPhotoA_2025-09-09 14_54_36.677-05_00_0.png,1.75,1.6760703405279032
2039,2862_LeafPhotoA_2025-09-09 14_54_36.677-05_00_1.png,1.75,1.7947872459390453
2040,2862_LeafPhotoA_2025-09-09 14_54_36.677-05_00_2.png,1.75,1.8974387370509163
2041,2862_LeafPhotoA_2025-09-09 14_54_36.677-05_00_3.png,1.75,1.8436372612488114
2050,2833_LeafPhotoA_2025-09-09 10_55_45.835-05_00_0.png,1.5,1.6742709889990166
2051,2618_LeafPhotoA_2025-09-09 12_05_14.747-05_00_0.png,1.5,1.6606328076687131
2052,2618_LeafPhotoA_2025-09-09 12_05_14.747-05_00_1.png,1.5,1.901196069019827
2053,2618_LeafPhotoA_2025-09-09 12_05_14.747-05_00_2.png,1.5,1.8527572524694822
2054,2618_LeafPhotoA_2025-09-09 12_05_14.747-05_00_3.png,1.5,1.6281419639106443
2095,1338_LeafPhotoA_2025-09-08 10_07_02.814-05_00_0.png,4.5,3.271711642388561
2096,1338_LeafPhotoA_2025-09-08 10_07_02.814-05_00_1.png,4.5,3.272654944202255
2097,1338_LeafPhotoA_2025-09-08 10_07_02.814-05_00_2.png,4.5,3.3746810613384723
2098,1338_LeafPhotoA_2025-09-08 10_07_02.814-05_00_3.png,4.5,3.364824082567863
2165,1420_LeafPhotoB_2025-09-08 10_13_16.780-05_00_0.png,1.75,1.7540809122118757
2166,1420_LeafPhotoB_2025-09-08 10_13_16.780-05_00_1.png,1.75,1.8652430583665345
2167,1420_LeafPhotoB_2025-09-08 10_13_16.780-05_00_2.png,1.75,1.7902473467740991
2168,1420_LeafPhotoB_2025-09-08 10_13_16.780-05_00_3.png,1.75,1.7575087291194476
2193,5014_LeafPhotoA_2025-09-09 16_20_31.482-05_00_0.png,1.75,1.665654048375192
2194,5014_LeafPhotoA_2025-09-09 16_20_31.482-05_00_1.png,1.75,1.6117731192740856
2195,5014_LeafPhotoA_2025-09-09 16_20_31.482-05_00_2.png,1.75,1.719180047699978
2196,5014_LeafPhotoA_2025-09-09 16_20_31.482-05_00_3.png,1.75,1.6896233533891718
2197,2119_LeafPhotoA_2025-09-08 11_28_47.667-05_00_0.png,1.5,2.0572260255090415
2202,2461_LeafPhotoB_2025-09-08 11_38_43.859-05_00_0.png,2.0,1.62784740212488
2203,2461_LeafPhotoB_2025-09-08 11_38_43.859-05_00_1.png,2.0,1.7444348463713788
2204,2461_LeafPhotoB_2025-09-08 11_38_43.859-05_00_2.png,2.0,2.1459529575078027
2205,2461_LeafPhotoB_2025-09-08 11_38_43.859-05_00_3.png,2.0,2.412800844553407
2210,1693_LeafPhotoA_2025-09-09 09_06_11.383-05_00_0.png,1.25,1.760556890876634
2211,1693_LeafPhotoA_2025-09-09 09_06_11.383-05_00_1.png,1.25,1.725702924555987
2212,1693_LeafPhotoA_2025-09-09 09_06_11.383-05_00_2.png,1.25,1.743797570016573
2213,1693_LeafPhotoA_2025-09-09 09_06_11.383-05_00_3.png,1.25,1.7346546542109749
2239,1345_LeafPhotoA_2025-09-08 10_13_26.383-05_00_0.png,2.5,1.858831904256572
2240,1345_LeafPhotoA_2025-09-08 10_13_26.383-05_00_1.png,2.5,1.7354163010152148
2241,1345_LeafPhotoA_2025-09-08 10_13_26.383-05_00_2.png,2.5,1.47812659433521
2242,1345_LeafPhotoA_2025-09-08 10_13_26.383-05_00_3.png,2.5,1.5468877593317416
2255,2438_LeafPhotoB_2025-09-08 11_14_34.150-05_00_0.png,2.25,2.224734789506643
2256,2438_LeafPhotoB_2025-09-08 11_14_34.150-05_00_1.png,2.25,2.165832788940398
2257,2438_LeafPhotoB_2025-09-08 11_14_34.150-05_00_2.png,2.25,2.0671115448824904
2258,2438_LeafPhotoB_2025-09-08 11_14_34.150-05_00_3.png,2.25,1.970502933398889
2259,1543_LeafPhotoA_2025-09-09 09_43_51.333-05_00_0.png,1.5,1.7943951774879014
2260,1543_LeafPhotoA_2025-09-09 09_43_51.333-05_00_1.png,1.5,1.7637959783433368
2261,1543_LeafPhotoA_2025-09-09 09_43_51.333-05_00_2.png,1.5,1.643866248136324
2275,1798_LeafPhotoA_2025-09-09 08_54_43.161-05_00_0.png,2.25,1.813851845909511
2276,1798_LeafPhotoA_2025-09-09 08_54_43.161-05_00_1.png,2.25,1.9251311230707386
2277,1798_LeafPhotoA_2025-09-09 08_54_43.161-05_00_2.png,2.25,1.8204848297315654
2278,1798_LeafPhotoA_2025-09-09 08_54_43.161-05_00_3.png,2.25,1.692625947549614
2294,1223_LeafPhotoA_2025-09-08 10_03_13.455-05_00_0.png,1.5,1.5060845692794584
2295,1223_LeafPhotoA_2025-09-08 10_03_13.455-05_00_1.png,1.5,1.515242505891026
2296,1223_LeafPhotoA_2025-09-08 10_03_13.455-05_00_2.png,1.5,1.560158649120916
2297,1223_LeafPhotoA_2025-09-08 10_03_13.455-05_00_3.png,1.5,1.4674267567053578
2322,1086_LeafPhotoA_2025-09-09 10_58_54.973-05_00_0.png,2.5,1.9655240078011946
2323,1086_LeafPhotoA_2025-09-09 10_58_54.973-05_00_1.png,2.5,2.2007579376355513
2324,1086_LeafPhotoA_2025-09-09 10_58_54.973-05_00_2.png,2.5,2.2750100274400404
2325,1086_LeafPhotoA_2025-09-09 10_58_54.973-05_00_3.png,2.5,2.4444085087934595
2348,2385_LeafPhotoA_2025-09-08 11_56_10.265-05_00_0.png,1.25,1.9627607381264114
2349,2385_LeafPhotoA_2025-09-08 11_56_10.265-05_00_1.png,1.25,1.7761039344252987
2350,2385_LeafPhotoA_2025-09-08 11_56_10.265-05_00_2.png,1.25,1.584989287283815
2351,2385_LeafPhotoA_2025-09-08 11_56_10.265-05_00_3.png,1.25,1.5435248366507062
2352,2381_LeafPhotoA_2025-09-08 11_51_50.879-05_00_0.png,2.0,1.9560059952973778
2353,2381_LeafPhotoA_2025-09-08 11_51_50.879-05_00_1.png,2.0,1.9352773981049907
2354,2381_LeafPhotoA_2025-09-08 11_51_50.879-05_00_2.png,2.0,1.868881702768713
2355,2381_LeafPhotoA_2025-09-08 11_51_50.879-05_00_3.png,2.0,1.732892904320053
2401,9351_LeafPhotoA_2025-09-09 17_07_25.532-05_00_0.png,1.25,1.4611026476238111
2402,9351_LeafPhotoA_2025-09-09 17_07_25.532-05_00_1.png,1.25,1.47121045634201
2403,9351_LeafPhotoA_2025-09-09 17_07_25.532-05_00_2.png,1.25,1.646117573424329
2404,9351_LeafPhotoA_2025-09-09 17_07_25.532-05_00_3.png,1.25,1.7183484037878523
2416,1915_LeafPhotoA_2025-09-09 14_54_52.435-05_00_0.png,1.75,2.003774910886597
2417,1915_LeafPhotoA_2025-09-09 14_54_52.435-05_00_1.png,1.75,1.9562227574439013
2418,1915_LeafPhotoA_2025-09-09 14_54_52.435-05_00_2.png,1.75,1.970149686040492
2419,1915_LeafPhotoA_2025-09-09 14_54_52.435-05_00_3.png,1.75,2.008364578303372
2424,1466_LeafPhotoB_2025-09-08 16_29_29.831-05_00_0.png,2.0,1.5370639286176608
2425,1466_LeafPhotoB_2025-09-08 16_29_29.831-05_00_1.png,2.0,1.5360696706181796
2426,1466_LeafPhotoB_2025-09-08 16_29_29.831-05_00_2.png,2.0,1.5242087775512454
2427,1466_LeafPhotoB_2025-09-08 16_29_29.831-05_00_3.png,2.0,1.662886014135288
2432,2051_LeafPhotoA_2025-09-08 11_43_12.742-05_00_0.png,3.75,2.2883953119504206
2433,2051_LeafPhotoA_2025-09-08 11_43_12.742-05_00_1.png,3.75,2.2222172963560336
2434,2533_LeafPhotoA_2025-09-09 10_31_53.410-05_00_0.png,1.75,1.486428305987046
2435,2533_LeafPhotoA_2025-09-09 10_31_53.410-05_00_1.png,1.75,1.4272666875957085
2436,2533_LeafPhotoA_2025-09-09 10_31_53.410-05_00_2.png,1.75,1.5251887619537206
2437,2533_LeafPhotoA_2025-09-09 10_31_53.410-05_00_3.png,1.75,1.548537179266219
2534,2295_LeafPhotoA_2025-09-08 16_45_42.473-05_00_0.png,2.25,1.7673584893563616
2535,2295_LeafPhotoA_2025-09-08 16_45_42.473-05_00_1.png,2.25,1.9369819517374165
2536,2295_LeafPhotoA_2025-09-08 16_45_42.473-05_00_2.png,2.25,1.762149298235468
2537,2295_LeafPhotoA_2025-09-08 16_45_42.473-05_00_3.png,2.25,1.8186566245434923
2547,1913_LeafPhotoA_2025-09-09 14_52_15.644-05_00_0.png,1.5,1.6124900832660862
2548,1913_LeafPhotoA_2025-09-09 14_52_15.644-05_00_1.png,1.5,1.6133638335187783
2549,1913_LeafPhotoA_2025-09-09 14_52_15.644-05_00_2.png,1.5,1.6436340716494562
2550,1913_LeafPhotoA_2025-09-09 14_52_15.644-05_00_3.png,1.5,1.6888018993001237
2563,1407_LeafPhotoA_2025-09-08 09_28_58.311-05_00_0.png,1.0,1.3552045321419957
2564,1407_LeafPhotoA_2025-09-08 09_28_58.311-05_00_1.png,1.0,1.3329548609701607
2565,1407_LeafPhotoA_2025-09-08 09_28_58.311-05_00_2.png,1.0,1.3254564372434186
2566,1407_LeafPhotoA_2025-09-08 09_28_58.311-05_00_3.png,1.0,1.4139136434949842
2597,2470_LeafPhotoB_2025-09-08 11_46_55.188-05_00_0.png,2.25,1.8729429062643768
2598,2470_LeafPhotoB_2025-09-08 11_46_55.188-05_00_1.png,2.25,1.894771321671804
2599,2470_LeafPhotoB_2025-09-08 11_46_55.188-05_00_2.png,2.25,1.891616261329398
2600,2470_LeafPhotoB_2025-09-08 11_46_55.188-05_00_3.png,2.25,1.9573087429439848
2609,2130_LeafPhotoA_2025-09-08 11_48_43.180-05_00_0.png,2.5,2.3994510999916585
2610,2130_LeafPhotoA_2025-09-08 11_48_43.180-05_00_1.png,2.5,2.3357603822798243
2611,2130_LeafPhotoA_2025-09-08 11_48_43.180-05_00_2.png,2.5,2.4252713594132875
2612,2130_LeafPhotoA_2025-09-08 11_48_43.180-05_00_3.png,2.5,2.58161221627288
2617,2391_LeafPhotoA_2025-09-08 12_03_15.238-05_00_0.png,1.25,1.7950396826967414
2618,2391_LeafPhotoA_2025-09-08 12_03_15.238-05_00_1.png,1.25,1.9343739876287265
2619,2391_LeafPhotoA_2025-09-08 12_03_15.238-05_00_2.png,1.25,1.8611185965374617
2620,2391_LeafPhotoA_2025-09-08 12_03_15.238-05_00_3.png,1.25,1.8001851873643424
2621,2391_LeafPhotoA_2025-09-08 12_01_42.651-05_00_0.png,1.75,1.5802564394401173
2622,2391_LeafPhotoA_2025-09-08 12_01_42.651-05_00_1.png,1.75,1.6638719204932912
2623,2391_LeafPhotoA_2025-09-08 12_01_42.651-05_00_2.png,1.75,1.7596279909286512
2624,2391_LeafPhotoA_2025-09-08 12_01_42.651-05_00_3.png,1.75,1.9504887750641058
2630,1937_LeafPhotoA_2025-09-09 15_34_34.063-05_00_0.png,1.75,1.6705766230391448
2631,1937_LeafPhotoA_2025-09-09 15_34_34.063-05_00_1.png,1.75,1.5556702755918699
2632,1937_LeafPhotoA_2025-09-09 15_34_34.063-05_00_2.png,1.75,1.5913791960775063
2633,1937_LeafPhotoA_2025-09-09 15_34_34.063-05_00_3.png,1.75,1.6931057540751093
2635,1642_LeafPhotoA_2025-09-09 10_32_36.943-05_00_0.png,1.5,1.6861818431651665
2636,1642_LeafPhotoA_2025-09-09 10_32_36.943-05_00_1.png,1.5,1.6544525390907574
2637,1642_LeafPhotoA_2025-09-09 10_32_36.943-05_00_2.png,1.5,1.7312157684788634
2733,2942_LeafPhotoA_2025-09-09 16_27_26.746-05_00_0.png,2.75,2.078712902636094
2734,2942_LeafPhotoA_2025-09-09 16_27_26.746-05_00_1.png,2.75,2.095039727883164
2735,2942_LeafPhotoA_2025-09-09 16_27_26.746-05_00_2.png,2.75,1.9055085665699552
2736,2942_LeafPhotoA_2025-09-09 16_27_26.746-05_00_3.png,2.75,1.8671020310112678
2749,2127_LeafPhotoA_2025-09-08 11_44_05.581-05_00_0.png,2.0,2.1333540783047353
2750,2127_LeafPhotoA_2025-09-08 11_44_05.581-05_00_1.png,2.0,2.0916378683128842
2751,2127_LeafPhotoA_2025-09-08 11_44_05.581-05_00_2.png,2.0,1.888352648497714
2752,2127_LeafPhotoA_2025-09-08 11_44_05.581-05_00_3.png,2.0,1.6520054882660336
2761,2594_LeafPhotoA_2025-09-09 10_28_00.830-05_00_0.png,1.25,1.6269811998582557
2762,2594_LeafPhotoA_2025-09-09 10_28_00.830-05_00_1.png,1.25,1.499825629324505
2763,2594_LeafPhotoA_2025-09-09 10_28_00.830-05_00_2.png,1.25,1.6087728750692778
2764,2594_LeafPhotoA_2025-09-09 10_28_00.830-05_00_3.png,1.25,1.692838806218184
2777,1079_LeafPhotoA_2025-09-08 13_11_39.389-05_00_0.png,1.5,1.7740665349415559
2778,1079_LeafPhotoA_2025-09-08 13_11_39.389-05_00_1.png,1.5,1.7726233730781054
2779,1079_LeafPhotoA_2025-09-08 13_11_39.389-05_00_2.png,1.5,1.6363882663174456
2780,1079_LeafPhotoA_2025-09-08 13_11_39.389-05_00_3.png,1.5,1.6593741542134655
2781,1842_LeafPhotoA_2025-09-09 09_52_16.462-05_00_0.png,2.25,1.610659121560039
2782,1842_LeafPhotoA_2025-09-09 09_52_16.462-05_00_1.png,2.25,1.6215151107170274
2788,2879_LeafPhotoA_2025-09-09 14_38_53.940-05_00_0.png,1.25,1.5911013440705526
2789,2879_LeafPhotoA_2025-09-09 14_38_53.940-05_00_1.png,1.25,1.6073966172743013
2790,1669_LeafPhotoA_2025-09-09 09_51_13.731-05_00_0.png,1.5,1.4091206806354237
2791,1669_LeafPhotoA_2025-09-09 09_51_13.731-05_00_1.png,1.5,1.477904846757667
2792,1669_LeafPhotoA_2025-09-09 09_51_13.731-05_00_2.png,1.5,1.4961230311347253
2793,1736_LeafPhotoA_2025-09-09 09_48_22.904-05_00_0.png,1.5,2.2477340308953604
2794,1736_LeafPhotoA_2025-09-09 09_48_22.904-05_00_1.png,1.5,1.8284697428877243
2795,1736_LeafPhotoA_2025-09-09 09_48_22.904-05_00_2.png,1.5,1.5554651492271707
2796,1736_LeafPhotoA_2025-09-09 09_48_22.904-05_00_3.png,1.5,1.4912077535534742
2797,1466_LeafPhotoB_2025-09-08 16_29_39.552-05_00_0.png,1.25,1.4211120037915932
2798,1466_LeafPhotoB_2025-09-08 16_29_39.552-05_00_1.png,1.25,1.3763832243540641
2799,1466_LeafPhotoB_2025-09-08 16_29_39.552-05_00_2.png,1.25,1.279752131604043
2800,1466_LeafPhotoB_2025-09-08 16_29_39.552-05_00_3.png,1.25,1.2663845726386718
2880,2744_LeafPhotoA_2025-09-09 11_15_01.877-05_00_0.png,2.25,2.183568183712305
2881,2744_LeafPhotoA_2025-09-09 11_15_01.877-05_00_1.png,2.25,1.876911545586444
2882,2744_LeafPhotoA_2025-09-09 11_15_01.877-05_00_2.png,2.25,1.8109622670058172
2883,2744_LeafPhotoA_2025-09-09 11_15_01.877-05_00_3.png,2.25,2.0143848193994054
2902,2404_LeafPhotoB_2025-09-08 10_44_08.041-05_00_0.png,3.25,2.4380372004519284
2903,2404_LeafPhotoB_2025-09-08 10_44_08.041-05_00_1.png,3.25,2.5543149219577717
2908,2215_LeafPhotoA_2025-09-08 11_08_31.563-05_00_0.png,2.25,2.288756856363074
2909,2215_LeafPhotoA_2025-09-08 11_08_31.563-05_00_1.png,2.25,2.2983233873915494
2910,2215_LeafPhotoA_2025-09-08 11_08_31.563-05_00_2.png,2.25,2.2796365082997605
2911,2215_LeafPhotoA_2025-09-08 11_08_31.563-05_00_3.png,2.25,2.2394308895250985
2916,2728_LeafPhotoA_2025-09-09 10_52_13.946-05_00_0.png,3.25,3.3162918267944774
2917,2728_LeafPhotoA_2025-09-09 10_52_13.946-05_00_1.png,3.25,3.2140758638774813
2918,2728_LeafPhotoA_2025-09-09 10_52_13.946-05_00_2.png,3.25,2.9213368972976457
2919,2728_LeafPhotoA_2025-09-09 10_52_13.946-05_00_3.png,3.25,2.735206945951421
2930,,1.5,1.5359935899892483
2931,1001_LeafPhotoA_2025-09-08 10_31_01.387-05_00_0.png,1.25,1.6497498385297937
2932,1001_LeafPhotoA_2025-09-08 10_31_01.387-05_00_1.png,1.25,1.6878101901900862
2933,1001_LeafPhotoA_2025-09-08 10_31_01.387-05_00_2.png,1.25,1.647481379578349
2960,1122_LeafPhotoA_2025-09-08 10_08_12.180-05_00_0.png,2.25,2.0500973108566587
2961,1122_LeafPhotoA_2025-09-08 10_08_12.180-05_00_1.png,2.25,2.0414583971334284
2962,1122_LeafPhotoA_2025-09-08 10_08_12.180-05_00_2.png,2.25,2.20352845999594
2963,1122_LeafPhotoA_2025-09-08 10_08_12.180-05_00_3.png,2.25,2.2325481531040974
2980,2833_LeafPhotoA_2025-09-09 10_50_33.812-05_00_0.png,1.25,1.5679474201315236
2981,2833_LeafPhotoA_2025-09-09 10_50_33.812-05_00_1.png,1.25,1.659538517480165
2982,2833_LeafPhotoA_2025-09-09 10_50_33.812-05_00_2.png,1.25,1.7494508505260016
2983,2833_LeafPhotoA_2025-09-09 10_50_33.812-05_00_3.png,1.25,1.6440344476040716
2991,1267_LeafPhotoA_2025-09-08 16_19_24.654-05_00_0.png,2.25,2.072902090579321
2992,1267_LeafPhotoA_2025-09-08 16_19_24.654-05_00_1.png,2.25,1.993921432198316
2993,1267_LeafPhotoA_2025-09-08 16_19_24.654-05_00_2.png,2.25,2.071226085526262
2994,1267_LeafPhotoA_2025-09-08 16_19_24.654-05_00_3.png,2.25,2.079642709510079
3011,2278_LeafPhotoA_2025-09-08 17_01_54.314-05_00_0.png,3.0,2.6147714288017845
3012,2278_LeafPhotoA_2025-09-08 17_01_54.314-05_00_1.png,3.0,2.6098656998652023
3013,2278_LeafPhotoA_2025-09-08 17_01_54.314-05_00_2.png,3.0,2.9474037227593857
3014,2278_LeafPhotoA_2025-09-08 17_01_54.314-05_00_3.png,3.0,3.1130994539771257
3019,2579_LeafPhotoA_2025-09-09 10_41_50.960-05_00_0.png,1.0,1.3797708811414537
3020,2579_LeafPhotoA_2025-09-09 10_41_50.960-05_00_1.png,1.0,1.4018223890899366
3021,2579_LeafPhotoA_2025-09-09 10_41_50.960-05_00_2.png,1.0,1.4915333005031384
3022,2579_LeafPhotoA_2025-09-09 10_41_50.960-05_00_3.png,1.0,1.4731423150360246
3026,2206_LeafPhotoA_2025-09-08 10_54_07.474-05_00_0.png,1.5,1.3686919478037642
3027,2206_LeafPhotoA_2025-09-08 10_54_07.474-05_00_1.png,1.5,1.342772778756331
3028,2206_LeafPhotoA_2025-09-08 10_54_07.474-05_00_2.png,1.5,1.3173304743126244
3029,2206_LeafPhotoA_2025-09-08 10_54_07.474-05_00_3.png,1.5,1.3030189093484124
3060,1823_LeafPhotoA_2025-09-09 09_24_42.198-05_00_0.png,1.75,1.862113413757992
3061,1823_LeafPhotoA_2025-09-09 09_24_42.198-05_00_1.png,1.75,1.8606524798663577
3062,1823_LeafPhotoA_2025-09-09 09_24_42.198-05_00_2.png,1.75,1.8488905325867164
3069,5027_LeafPhotoA_2025-09-09 16_48_30.065-05_00_0.png,1.5,1.860206419984225
3070,5027_LeafPhotoA_2025-09-09 16_48_30.065-05_00_1.png,1.5,1.735284185561492
3071,5027_LeafPhotoA_2025-09-09 16_48_30.065-05_00_2.png,1.5,1.7232767859089333
3072,5027_LeafPhotoA_2025-09-09 16_48_30.065-05_00_3.png,1.5,1.8245200307612377
3077,1357_LeafPhotoA_2025-09-08 12_34_05.972-05_00_0.png,3.75,3.2447337598694674
3078,1357_LeafPhotoA_2025-09-08 12_34_05.972-05_00_1.png,3.75,3.3285399150750385
3079,1357_LeafPhotoA_2025-09-08 12_34_05.972-05_00_2.png,3.75,3.2155842237733565
3080,1975_LeafPhotoA_2025-09-09 16_51_47.447-05_00_0.png,1.0,1.3390972975951199
3081,1975_LeafPhotoA_2025-09-09 16_51_47.447-05_00_1.png,1.0,1.415357714763843
3082,1975_LeafPhotoA_2025-09-09 16_51_47.447-05_00_2.png,1.0,1.4787288010823334
3083,1975_LeafPhotoA_2025-09-09 16_51_47.447-05_00_3.png,1.0,1.3701852480071202
3097,1462_LeafPhotoB_2025-09-08 16_26_18.579-05_00_0.png,1.25,1.586969908983829
3098,1462_LeafPhotoB_2025-09-08 16_26_18.579-05_00_1.png,1.25,1.566986936866397
3099,1462_LeafPhotoB_2025-09-08 16_26_18.579-05_00_2.png,1.25,1.433009078129204
3100,1462_LeafPhotoB_2025-09-08 16_26_18.579-05_00_3.png,1.25,1.3269518211406761
3101,2596_LeafPhotoA_2025-09-09 10_26_28.393-05_00_0.png,2.75,2.149930910155053
3109,1134_LeafPhotoA_2025-09-08 10_25_22.077-05_00_0.png,2.0,1.587701315044982
3110,1134_LeafPhotoA_2025-09-08 10_25_22.077-05_00_1.png,2.0,1.6130510595087322
3111,1134_LeafPhotoA_2025-09-08 10_25_22.077-05_00_2.png,2.0,1.5661521015654996
3112,1134_LeafPhotoA_2025-09-08 10_25_22.077-05_00_3.png,2.0,1.550594978522672
3125,1175_LeafPhotoA_2025-09-08 16_24_37.781-05_00_0.png,1.75,1.7200938555808534
3126,1175_LeafPhotoA_2025-09-08 16_24_37.781-05_00_1.png,1.75,1.5542499616571197
3127,1175_LeafPhotoA_2025-09-08 16_24_37.781-05_00_2.png,1.75,1.5282416672447041
3128,1175_LeafPhotoA_2025-09-08 16_24_37.781-05_00_3.png,1.75,1.5591081309525097
3133,1122_LeafPhotoA_2025-09-08 10_07_49.073-05_00_0.png,2.5,1.9484625894280598
3134,1122_LeafPhotoA_2025-09-08 10_07_49.073-05_00_1.png,2.5,2.0089521746300116
3135,1122_LeafPhotoA_2025-09-08 10_07_49.073-05_00_2.png,2.5,2.154494142686248
3136,1122_LeafPhotoA_2025-09-08 10_07_49.073-05_00_3.png,2.5,2.167140782890034
3157,2962_LeafPhotoA_2025-09-09 16_07_02.844-05_00_0.png,2.0,2.1355731134982907
3158,2962_LeafPhotoA_2025-09-09 16_07_02.844-05_00_1.png,2.0,2.2070347380692166
3159,2962_LeafPhotoA_2025-09-09 16_07_02.844-05_00_2.png,2.0,2.182750681126794
3160,2962_LeafPhotoA_2025-09-09 16_07_02.844-05_00_3.png,2.0,2.0241254858993334
3169,5029_LeafPhotoA_2025-09-09 16_52_43.123-05_00_0.png,1.25,1.5000379867394056
3170,5029_LeafPhotoA_2025-09-09 16_52_43.123-05_00_1.png,1.25,1.5031589662863376
3171,5029_LeafPhotoA_2025-09-09 16_52_43.123-05_00_2.png,1.25,1.5348715058013993
3172,5029_LeafPhotoA_2025-09-09 16_52_43.123-05_00_3.png,1.25,1.5005022428565262
3231,,2.0,1.5359935899892483
3269,2834_LeafPhotoA_2025-09-09 10_58_21.581-05_00_0.png,3.75,2.1703627446577327
3270,2834_LeafPhotoA_2025-09-09 10_58_21.581-05_00_1.png,3.75,2.298395241583321
3271,2834_LeafPhotoA_2025-09-09 10_58_21.581-05_00_2.png,3.75,2.789306383764748
3272,2834_LeafPhotoA_2025-09-09 10_58_21.581-05_00_3.png,3.75,3.060278745848616
3293,1593_LeafPhotoA_2025-09-09 09_33_14.926-05_00_0.png,2.25,1.7005417620869203
3294,1593_LeafPhotoA_2025-09-09 09_33_14.926-05_00_1.png,2.25,1.8866793850257702
3295,1593_LeafPhotoA_2025-09-09 09_33_14.926-05_00_2.png,2.25,2.11417086329456
3296,1593_LeafPhotoA_2025-09-09 09_33_14.926-05_00_3.png,2.25,2.3174820355754706
3307,1113_LeafPhotoA_2025-09-08 09_54_47.376-05_00_0.png,1.5,1.9105338914530834
3308,1113_LeafPhotoA_2025-09-08 09_54_47.376-05_00_1.png,1.5,1.8968461455165817
3309,1113_LeafPhotoA_2025-09-08 09_54_47.376-05_00_2.png,1.5,1.929783408833222
3310,1113_LeafPhotoA_2025-09-08 09_54_47.376-05_00_3.png,1.5,1.9912868924027263
3319,2404_LeafPhotoB_2025-09-08 10_43_34.946-05_00_0.png,1.5,1.8383843878590869
3320,2404_LeafPhotoB_2025-09-08 10_43_34.946-05_00_1.png,1.5,1.9432916282902268
3321,2404_LeafPhotoB_2025-09-08 10_43_34.946-05_00_2.png,1.5,1.9873903871004293
3322,2404_LeafPhotoB_2025-09-08 10_43_34.946-05_00_3.png,1.5,2.0219499859593366
3332,1407_LeafPhotoB_2025-09-08 10_01_50.917-05_00_0.png,1.25,1.335151925541026
3333,1407_LeafPhotoB_2025-09-08 10_01_50.917-05_00_1.png,1.25,1.4283513027985626
3334,1407_LeafPhotoB_2025-09-08 10_01_50.917-05_00_2.png,1.25,1.429652420720349
3335,1407_LeafPhotoB_2025-09-08 10_01_50.917-05_00_3.png,1.25,1.3267795859433824
3336,2490_LeafPhotoB_2025-09-08 12_05_51.103-05_00_0.png,1.5,1.642181669319404
3337,2490_LeafPhotoB_2025-09-08 12_05_51.103-05_00_1.png,1.5,1.6435298577693487
3338,2490_LeafPhotoB_2025-09-08 12_05_51.103-05_00_2.png,1.5,1.6739774190028889
3339,2490_LeafPhotoB_2025-09-08 12_05_51.103-05_00_3.png,1.5,1.6132834355294687
3340,2958_LeafPhotoA_2025-09-09 16_03_21.913-05_00_0.png,1.25,1.520075548653165
3341,2958_LeafPhotoA_2025-09-09 16_03_21.913-05_00_1.png,1.25,1.5629012615915454
3342,2958_LeafPhotoA_2025-09-09 16_03_21.913-05_00_2.png,1.25,1.5751519715154336
3343,2958_LeafPhotoA_2025-09-09 16_03_21.913-05_00_3.png,1.25,1.6280822589017143
3361,1679_LeafPhotoA_2025-09-09 09_33_07.078-05_00_0.png,2.0,1.6179928882459234
3362,1679_LeafPhotoA_2025-09-09 09_33_07.078-05_00_1.png,2.0,1.6991822548125026
3363,1679_LeafPhotoA_2025-09-09 09_33_07.078-05_00_2.png,2.0,1.6447588708940069
3364,1679_LeafPhotoA_2025-09-09 09_33_07.078-05_00_3.png,2.0,1.6607355934452996
3376,1414_LeafPhotoB_2025-09-08 10_08_06.102-05_00_0.png,2.25,1.8215953910277982
3377,1414_LeafPhotoB_2025-09-08 10_08_06.102-05_00_1.png,2.25,1.9865951457101454
3378,1414_LeafPhotoB_2025-09-08 10_08_06.102-05_00_2.png,2.25,2.062692502864727
3379,1414_LeafPhotoB_2025-09-08 10_08_06.102-05_00_3.png,2.25,2.016849928604357
3384,2104_LeafPhotoA_2025-09-08 10_57_30.453-05_00_0.png,1.25,1.5623258428072182
3385,2292_LeafPhotoA_2025-09-08 16_48_06.499-05_00_0.png,1.75,1.809943993341381
3386,2292_LeafPhotoA_2025-09-08 16_48_06.499-05_00_1.png,1.75,1.6023354011117765
3387,2292_LeafPhotoA_2025-09-08 16_48_06.499-05_00_2.png,1.75,1.537460657798192
3388,2292_LeafPhotoA_2025-09-08 16_48_06.499-05_00_3.png,1.75,1.6055309179138422
3397,1761_LeafPhotoA_2025-09-09 10_25_02.889-05_00_0.png,1.25,1.5646714949741622
3398,1761_LeafPhotoA_2025-09-09 10_25_02.889-05_00_1.png,1.25,1.5802263947715391
3399,1761_LeafPhotoA_2025-09-09 10_25_02.889-05_00_2.png,1.25,1.653624619192889
3400,1761_LeafPhotoA_2025-09-09 10_25_02.889-05_00_3.png,1.25,1.6263237655152067
3423,1721_LeafPhotoA_2025-09-09 09_20_24.206-05_00_0.png,2.5,2.38881324234009
3424,1721_LeafPhotoA_2025-09-09 09_20_24.206-05_00_1.png,2.5,2.5932518750048836
3425,1721_LeafPhotoA_2025-09-09 09_20_24.206-05_00_2.png,2.5,2.5299296900841157
3430,1365_LeafPhotoA_2025-09-08 12_47_18.027-05_00_0.png,2.0,2.293456131133978
3431,1365_LeafPhotoA_2025-09-08 12_47_18.027-05_00_1.png,2.0,2.2703713884530936
3432,1365_LeafPhotoA_2025-09-08 12_47_18.027-05_00_2.png,2.0,2.1580586760510085
3433,1365_LeafPhotoA_2025-09-08 12_47_18.027-05_00_3.png,2.0,2.339981421881297
3461,1704_LeafPhotoA_2025-09-09 08_56_01.667-05_00_0.png,2.25,2.3756435199606982
3462,1704_LeafPhotoA_2025-09-09 08_56_01.667-05_00_1.png,2.25,1.9496349585509205
3463,1704_LeafPhotoA_2025-09-09 08_56_01.667-05_00_2.png,2.25,1.606242595047658
3464,1704_LeafPhotoA_2025-09-09 08_56_01.667-05_00_3.png,2.25,2.0331584487171757
3473,2970_LeafPhotoA_2025-09-09 16_17_01.331-05_00_0.png,1.25,1.779348063514412
3474,2970_LeafPhotoA_2025-09-09 16_17_01.331-05_00_1.png,1.25,1.8654035284836854
3483,1548_LeafPhotoA_2025-09-09 09_49_29.604-05_00_0.png,3.0,2.415918375096211
3484,1548_LeafPhotoA_2025-09-09 09_49_29.604-05_00_1.png,3.0,2.636161202092594
3485,1548_LeafPhotoA_2025-09-09 09_49_29.604-05_00_2.png,3.0,2.6108110772284756
3486,1548_LeafPhotoA_2025-09-09 09_49_29.604-05_00_3.png,3.0,2.5433542771378725
3487,,1.5,1.5359935899892483
3492,1472_LeafPhotoB_2025-09-08 16_38_58.831-05_00_0.png,2.75,1.998794336255042
3493,1472_LeafPhotoB_2025-09-08 16_38_58.831-05_00_1.png,2.75,2.514679485826352
3494,1472_LeafPhotoB_2025-09-08 16_38_58.831-05_00_2.png,2.75,2.7505331689173733
