,image_name,label,predicted
0,2705_LeafPhotoA_2025-09-09 10_19_54.020-05_00_0.png,1.25,2.025128498075446
1,2705_LeafPhotoA_2025-09-09 10_19_54.020-05_00_1.png,1.25,2.04367910227538
2,2705_LeafPhotoA_2025-09-09 10_19_54.020-05_00_2.png,1.25,1.9254130919551324
7,2002_LeafPhotoA_2025-09-08 10_34_30.740-05_00_0.png,1.25,1.7001494016805654
8,2002_LeafPhotoA_2025-09-08 10_34_30.740-05_00_1.png,1.25,1.700252590164127
9,2002_LeafPhotoA_2025-09-08 10_34_30.740-05_00_2.png,1.25,1.640119159686365
10,2002_LeafPhotoA_2025-09-08 10_34_30.740-05_00_3.png,1.25,1.7825322442422011
15,2645_LeafPhotoA_2025-09-09 11_30_33.412-05_00_0.png,1.75,1.9688423292581814
16,2645_LeafPhotoA_2025-09-09 11_30_33.412-05_00_1.png,1.75,1.9700674465834007
17,2645_LeafPhotoA_2025-09-09 11_30_33.412-05_00_2.png,1.75,2.1193633876067595
25,2863_LeafPhotoA_2025-09-09 14_53_39.925-05_00_0.png,1.5,2.070363858950485
26,2863_LeafPhotoA_2025-09-09 14_53_39.925-05_00_1.png,1.5,1.982863711225084
38,1268_LeafPhotoA_2025-09-08 16_18_21.694-05_00_0.png,1.25,1.9160803933043442
39,1268_LeafPhotoA_2025-09-08 16_18_21.694-05_00_1.png,1.25,1.947536832649956
40,1268_LeafPhotoA_2025-09-08 16_18_21.694-05_00_2.png,1.25,1.7674859327911399
41,1268_LeafPhotoA_2025-09-08 16_18_21.694-05_00_3.png,1.25,1.6694188076111078
62,2339_LeafPhotoA_2025-09-08 11_07_39.980-05_00_0.png,1.25,1.6809744259707013
63,2339_LeafPhotoA_2025-09-08 11_07_39.980-05_00_1.png,1.25,1.697729334350828
64,2339_LeafPhotoA_2025-09-08 11_07_39.980-05_00_2.png,1.25,1.8508281857783608
65,2339_LeafPhotoA_2025-09-08 11_07_39.980-05_00_3.png,1.25,1.8105022372802078
77,1827_LeafPhotoA_2025-09-09 09_28_41.756-05_00_0.png,1.5,1.9222937956691462
78,1827_LeafPhotoA_2025-09-09 09_28_41.756-05_00_1.png,1.5,1.7133774016124053
79,1827_LeafPhotoA_2025-09-09 09_28_41.756-05_00_2.png,1.5,1.7345362873589605
80,1827_LeafPhotoA_2025-09-09 09_28_41.756-05_00_3.png,1.5,1.877511156555541
93,2675_LeafPhotoA_2025-09-09 11_09_07.955-05_00_0.png,2.0,2.0323463078110198
94,2675_LeafPhotoA_2025-09-09 11_09_07.955-05_00_1.png,2.0,1.911878705353597
95,2675_LeafPhotoA_2025-09-09 11_09_07.955-05_00_2.png,2.0,1.7296893728248335
96,1256_LeafPhotoA_2025-09-08 16_33_20.459-05_00_0.png,2.5,2.101023250027568
97,1256_LeafPhotoA_2025-09-08 16_33_20.459-05_00_1.png,2.5,2.1301262592555052
98,1256_LeafPhotoA_2025-09-08 16_33_20.459-05_00_2.png,2.5,2.1841347157328075
118,1150_LeafPhotoA_2025-09-08 10_48_11.571-05_00_0.png,1.75,2.2670799307546616
119,1150_LeafPhotoA_2025-09-08 10_48_11.571-05_00_1.png,1.75,2.239105076000927
120,1150_LeafPhotoA_2025-09-08 10_48_11.571-05_00_2.png,1.75,2.3456377787428013
121,1150_LeafPhotoA_2025-09-08 10_48_11.571-05_00_3.png,1.75,2.0895418467505444
129,2616_LeafPhotoA_2025-09-09 12_03_18.288-05_00_0.png,2.0,2.117942664768529
130,2616_LeafPhotoA_2025-09-09 12_03_18.288-05_00_1.png,2.0,2.02235591427138
131,2616_LeafPhotoA_2025-09-09 12_03_18.288-05_00_2.png,2.0,1.9954781683905625
132,2616_LeafPhotoA_2025-09-09 12_03_18.288-05_00_3.png,2.0,2.027747494867319
148,2445_LeafPhotoB_2025-09-08 11_21_12.225-05_00_0.png,1.5,1.7520176746560872
149,2445_LeafPhotoB_2025-09-08 11_21_12.225-05_00_1.png,1.5,1.7727905842504705
150,2445_LeafPhotoB_2025-09-08 11_21_12.225-05_00_2.png,1.5,1.750763992321908
151,2445_LeafPhotoB_2025-09-08 11_21_12.225-05_00_3.png,1.5,1.7497089386549778
171,2469_LeafPhotoB_2025-09-08 11_45_54.424-05_00_0.png,1.75,1.846854397212588
172,2469_LeafPhotoB_2025-09-08 11_45_54.424-05_00_1.png,1.75,1.9680231083187891
173,2469_LeafPhotoB_2025-09-08 11_45_54.424-05_00_2.png,1.75,1.9201393932193338
174,2469_LeafPhotoB_2025-09-08 11_45_54.424-05_00_3.png,1.75,1.8165165075480747
241,2637_LeafPhotoA_2025-09-09 11_40_45.027-05_00_0.png,1.25,1.8614448882945407
242,2637_LeafPhotoA_2025-09-09 11_40_45.027-05_00_1.png,1.25,1.7540825550707044
243,2637_LeafPhotoA_2025-09-09 11_40_45.027-05_00_2.png,1.25,1.7258434207033384
244,2637_LeafPhotoA_2025-09-09 11_40_45.027-05_00_3.png,1.25,1.6927287405482923
245,2240_LeafPhotoA_2025-09-08 11_49_15.391-05_00_0.png,1.75,1.93540065644978
246,2240_LeafPhotoA_2025-09-08 11_49_15.391-05_00_1.png,1.75,1.8679992374836831
247,2240_LeafPhotoA_2025-09-08 11_49_15.391-05_00_2.png,1.75,1.9473941675181743
248,2240_LeafPhotoA_2025-09-08 11_49_15.391-05_00_3.png,1.75,1.8288766121582125
253,2225_LeafPhotoA_2025-09-08 11_27_06.412-05_00_0.png,1.25,1.521322355554177
254,2225_LeafPhotoA_2025-09-08 11_27_06.412-05_00_1.png,1.25,1.674618701680693
255,2225_LeafPhotoA_2025-09-08 11_27_06.412-05_00_2.png,1.25,1.7182015183670918
256,2225_LeafPhotoA_2025-09-08 11_27_06.412-05_00_3.png,1.25,1.7196581028714462
264,2177_LeafPhotoA_2025-09-09 12_21_22.406-05_00_0.png,1.5,2.2245408273316936
265,2177_LeafPhotoA_2025-09-09 12_21_22.406-05_00_1.png,1.5,2.242202981985067
266,2177_LeafPhotoA_2025-09-09 12_21_22.406-05_00_2.png,1.5,1.9483485303651367
267,2177_LeafPhotoA_2025-09-09 12_21_22.406-05_00_3.png,1.5,1.8619549974341976
281,1830_LeafPhotoA_2025-09-09 09_33_52.287-05_00_0.png,2.0,1.8114074205109916
282,1830_LeafPhotoA_2025-09-09 09_33_52.287-05_00_1.png,2.0,1.7409475428265935
283,1830_LeafPhotoA_2025-09-09 09_33_52.287-05_00_2.png,2.0,1.8325892648158537
284,1830_LeafPhotoA_2025-09-09 09_33_52.287-05_00_3.png,2.0,1.9096415119377108
297,2671_LeafPhotoA_2025-09-09 11_45_37.038-05_00_0.png,4.5,2.7346406608876404
298,2671_LeafPhotoA_2025-09-09 11_45_37.038-05_00_1.png,4.5,3.3244271087730954
299,2671_LeafPhotoA_2025-09-09 11_45_37.038-05_00_2.png,4.5,3.2772482190192727
300,2671_LeafPhotoA_2025-09-09 11_45_37.038-05_00_3.png,4.5,2.985099695034017
309,1085_LeafPhotoA_2025-09-09 10_58_08.346-05_00_0.png,2.0,2.0384288346430615
310,1085_LeafPhotoA_2025-09-09 10_58_08.346-05_00_1.png,2.0,1.9371795096015407
311,1085_LeafPhotoA_2025-09-09 10_58_08.346-05_00_2.png,2.0,1.6520148417933236
312,1085_LeafPhotoA_2025-09-09 10_58_08.346-05_00_3.png,2.0,1.5977977523449425
324,1090_LeafPhotoA_2025-09-09 11_01_46.837-05_00_0.png,2.0,2.267581609489047
325,1090_LeafPhotoA_2025-09-09 11_01_46.837-05_00_1.png,2.0,2.2915894416336826
326,1090_LeafPhotoA_2025-09-09 11_01_46.837-05_00_2.png,2.0,2.267403124926974
327,1090_LeafPhotoA_2025-09-09 11_01_46.837-05_00_3.png,2.0,2.228539400498077
328,2539_LeafPhotoA_2025-09-09 10_38_11.553-05_00_0.png,1.5,1.6630623566454381
329,2539_LeafPhotoA_2025-09-09 10_38_11.553-05_00_1.png,1.5,1.9336866408606443
330,2539_LeafPhotoA_2025-09-09 10_38_11.553-05_00_2.png,1.5,1.7813171439373428
331,2539_LeafPhotoA_2025-09-09 10_38_11.553-05_00_3.png,1.5,1.6844431996116538
344,2439_LeafPhotoB_2025-09-08 11_15_32.151-05_00_0.png,1.0,1.610907051475357
345,2439_LeafPhotoB_2025-09-08 11_15_32.151-05_00_1.png,1.0,1.4928614049268787
346,2439_LeafPhotoB_2025-09-08 11_15_32.151-05_00_2.png,1.0,1.4893926862651339
347,2439_LeafPhotoB_2025-09-08 11_15_32.151-05_00_3.png,1.0,1.490577444011472
360,1743_LeafPhotoA_2025-09-09 09_59_38.653-05_00_0.png,1.0,2.097902401972435
361,1743_LeafPhotoA_2025-09-09 09_59_38.653-05_00_1.png,1.0,2.2451549858501183
362,1743_LeafPhotoA_2025-09-09 09_59_38.653-05_00_2.png,1.0,2.0300403691743303
363,1743_LeafPhotoA_2025-09-09 09_59_38.653-05_00_3.png,1.0,1.9987659924677132
368,2076_LeafPhotoA_2025-09-08 12_11_50.135-05_00_0.png,1.25,1.9239038157727193
369,2076_LeafPhotoA_2025-09-08 12_11_50.135-05_00_1.png,1.25,2.0136859888074796
370,2076_LeafPhotoA_2025-09-08 12_11_50.135-05_00_2.png,1.25,1.9701732577707816
371,2076_LeafPhotoA_2025-09-08 12_11_50.135-05_00_3.png,1.25,1.7624089785746375
380,2570_LeafPhotoA_2025-09-09 10_49_34.407-05_00_0.png,2.75,2.1165825642540406
381,2570_LeafPhotoA_2025-09-09 10_49_34.407-05_00_1.png,2.75,2.0139617998262067
382,2570_LeafPhotoA_2025-09-09 10_49_34.407-05_00_2.png,2.75,1.874032367266161
395,2262_LeafPhotoA_2025-09-08 12_34_41.227-05_00_0.png,1.5,1.7881765824233167
396,2262_LeafPhotoA_2025-09-08 12_34_41.227-05_00_1.png,1.5,1.7297623228876506
397,2262_LeafPhotoA_2025-09-08 12_34_41.227-05_00_2.png,1.5,1.7298424091764353
398,2262_LeafPhotoA_2025-09-08 12_34_41.227-05_00_3.png,1.5,1.7817088759059778
407,6042_LeafPhotoA_2025-09-09 16_06_35.024-05_00_0.png,1.25,1.6665012314517784
408,6042_LeafPhotoA_2025-09-09 16_06_35.024-05_00_1.png,1.25,1.506016534342314
409,6042_LeafPhotoA_2025-09-09 16_06_35.024-05_00_2.png,1.25,1.630346136000331
410,6042_LeafPhotoA_2025-09-09 16_06_35.024-05_00_3.png,1.25,1.675215864504541
422,1625_LeafPhotoA_2025-09-09 10_02_28.135-05_00_0.png,2.25,2.121596496330522
423,1625_LeafPhotoA_2025-09-09 10_02_28.135-05_00_1.png,2.25,2.148382902976203
424,1625_LeafPhotoA_2025-09-09 10_02_28.135-05_00_2.png,2.25,2.0277399819231783
425,1625_LeafPhotoA_2025-09-09 10_02_28.135-05_00_3.png,2.25,1.9800035268322695
444,2436_LeafPhotoB_2025-09-08 11_12_35.180-05_00_0.png,1.5,1.7496449830014447
445,2436_LeafPhotoB_2025-09-08 11_12_35.180-05_00_1.png,1.5,1.6868788634584178
446,2436_LeafPhotoB_2025-09-08 11_12_35.180-05_00_2.png,1.5,1.7735921191569641
447,2436_LeafPhotoB_2025-09-08 11_12_35.180-05_00_3.png,1.5,1.8103727175535058
455,1203_LeafPhotoA_2025-09-08 09_19_50.867-05_00_0.png,2.25,1.9789449125610465
456,1203_LeafPhotoA_2025-09-08 09_19_50.867-05_00_1.png,2.25,2.2180694857030145
457,1203_LeafPhotoA_2025-09-08 09_19_50.867-05_00_2.png,2.25,2.254624412807426
458,1203_LeafPhotoA_2025-09-08 09_19_50.867-05_00_3.png,2.25,2.2211880409644555
521,2062_LeafPhotoA_2025-09-08 11_56_16.610-05_00_0.png,1.25,1.8415357312858287
522,2062_LeafPhotoA_2025-09-08 11_56_16.610-05_00_1.png,1.25,1.8282176375449897
523,2062_LeafPhotoA_2025-09-08 11_56_16.610-05_00_2.png,1.25,1.6371630151727152
524,1347_LeafPhotoA_2025-09-08 10_15_29.541-05_00_0.png,1.75,1.6803120328391807
525,1347_LeafPhotoA_2025-09-08 10_15_29.541-05_00_1.png,1.75,2.0003423072643507
526,1347_LeafPhotoA_2025-09-08 10_15_29.541-05_00_2.png,1.75,1.9060548568594708
527,1347_LeafPhotoA_2025-09-08 10_15_29.541-05_00_3.png,1.75,2.0155129649990204
532,2639_LeafPhotoA_2025-09-09 11_37_01.257-05_00_0.png,1.25,1.5438265071003563
533,2639_LeafPhotoA_2025-09-09 11_37_01.257-05_00_1.png,1.25,1.6307455277404492
534,2639_LeafPhotoA_2025-09-09 11_37_01.257-05_00_2.png,1.25,1.5260310286830574
535,2639_LeafPhotoA_2025-09-09 11_37_01.257-05_00_3.png,1.25,1.5050946077929346
536,1301_LeafPhotoA_2025-09-08 10_20_24.380-05_00_0.png,1.5,1.5854598443486543
537,1301_LeafPhotoA_2025-09-08 10_20_24.380-05_00_1.png,1.5,1.773000789189741
538,1301_LeafPhotoA_2025-09-08 10_20_24.380-05_00_2.png,1.5,1.9380174045644991
539,1301_LeafPhotoA_2025-09-08 10_20_24.380-05_00_3.png,1.5,1.7389390309754216
614,1942_LeafPhotoA_2025-09-09 15_57_21.713-05_00_0.png,2.25,2.0920927991239275
615,1942_LeafPhotoA_2025-09-09 15_57_21.713-05_00_1.png,2.25,1.9439175910344262
616,1942_LeafPhotoA_2025-09-09 15_57_21.713-05_00_2.png,2.25,1.7925510180555175
617,1942_LeafPhotoA_2025-09-09 15_57_21.713-05_00_3.png,2.25,1.8786401928515772
622,2311_LeafPhotoA_2025-09-08 10_40_04.548-05_00_0.png,1.5,1.7375842610060752
623,2311_LeafPhotoA_2025-09-08 10_40_04.548-05_00_1.png,1.5,1.7737984908592028
624,2311_LeafPhotoA_2025-09-08 10_40_04.548-05_00_2.png,1.5,1.80033129754018
625,2311_LeafPhotoA_2025-09-08 10_40_04.548-05_00_3.png,1.5,1.7712005774838244
643,1142_LeafPhotoA_2025-09-08 10_37_21.587-05_00_0.png,1.0,1.8191368611017893
644,1142_LeafPhotoA_2025-09-08 10_37_21.587-05_00_1.png,1.0,1.735899619399884
645,1142_LeafPhotoA_2025-09-08 10_37_21.587-05_00_2.png,1.0,1.7031512018803892
646,1142_LeafPhotoA_2025-09-08 10_37_21.587-05_00_3.png,1.0,1.7251414553677642
651,1715_LeafPhotoA_2025-09-09 09_11_42.677-05_00_0.png,2.25,2.307793852295472
652,1715_LeafPhotoA_2025-09-09 09_11_42.677-05_00_1.png,2.25,2.3506321532609875
653,1715_LeafPhotoA_2025-09-09 09_11_42.677-05_00_2.png,2.25,2.24033402671084
654,1715_LeafPhotoA_2025-09-09 09_11_42.677-05_00_3.png,2.25,2.1019902558714723
702,1449_LeafPhotoB_2025-09-08 10_37_44.031-05_00_0.png,2.0,2.09681482689997
703,1449_LeafPhotoB_2025-09-08 10_37_44.031-05_00_1.png,2.0,1.999701279539924
704,1449_LeafPhotoB_2025-09-08 10_37_44.031-05_00_2.png,2.0,1.8378001918371
709,1269_LeafPhotoA_2025-09-08 16_17_52.960-05_00_0.png,2.25,1.8626930169624498
710,1269_LeafPhotoA_2025-09-08 16_17_52.960-05_00_1.png,2.25,2.215820952362857
711,1269_LeafPhotoA_2025-09-08 16_17_52.960-05_00_2.png,2.25,2.169814767243849
712,1269_LeafPhotoA_2025-09-08 16_17_52.960-05_00_3.png,2.25,2.263861067673834
717,,1.5,1.9377666107354314
718,,2.0,1.9377666107354314
731,1143_LeafPhotoA_2025-09-08 10_38_21.557-05_00_0.png,4.25,3.0599053697178924
732,1143_LeafPhotoA_2025-09-08 10_38_21.557-05_00_1.png,4.25,3.206617225391834
733,2313_LeafPhotoA_2025-09-08 10_41_17.601-05_00_0.png,1.75,2.072237518898798
734,2313_LeafPhotoA_2025-09-08 10_41_17.601-05_00_1.png,1.75,2.232887830055921
735,2313_LeafPhotoA_2025-09-08 10_41_17.601-05_00_2.png,1.75,2.132966953044751
736,2313_LeafPhotoA_2025-09-08 10_41_17.601-05_00_3.png,1.75,2.0679026466967523
749,1038_LeafPhotoA_2025-09-08 10_15_32.315-05_00_0.png,2.0,1.7745818444246024
750,1038_LeafPhotoA_2025-09-08 10_15_32.315-05_00_1.png,2.0,1.7946420110059567
751,1038_LeafPhotoA_2025-09-08 10_15_32.315-05_00_2.png,2.0,1.9421618270065195
752,1038_LeafPhotoA_2025-09-08 10_15_32.315-05_00_3.png,2.0,2.0402663388356337
756,1629_LeafPhotoA_2025-09-09 10_11_31.349-05_00_0.png,1.25,1.821396429336059
757,1629_LeafPhotoA_2025-09-09 10_11_31.349-05_00_1.png,1.25,1.7867396875691037
758,1629_LeafPhotoA_2025-09-09 10_11_31.349-05_00_2.png,1.25,1.782693435662742
759,1629_LeafPhotoA_2025-09-09 10_11_31.349-05_00_3.png,1.25,1.7555140372895197
769,2160_LeafPhotoA_2025-09-08 12_38_59.488-05_00_0.png,1.75,1.9939145928246171
770,2160_LeafPhotoA_2025-09-08 12_38_59.488-05_00_1.png,1.75,1.998959509003156
771,2160_LeafPhotoA_2025-09-08 12_38_59.488-05_00_2.png,1.75,2.1656875135327023
772,2160_LeafPhotoA_2025-09-08 12_38_59.488-05_00_3.png,1.75,2.109340307578988
792,1677_LeafPhotoA_2025-09-09 09_35_17.102-05_00_0.png,1.25,1.5731565251134956
793,1677_LeafPhotoA_2025-09-09 09_35_17.102-05_00_1.png,1.25,1.6563275046247161
794,1677_LeafPhotoA_2025-09-09 09_35_17.102-05_00_2.png,1.25,1.8178001969435789
795,1750_LeafPhotoA_2025-09-09 10_09_28.880-05_00_0.png,2.5,2.265178709312862
796,1750_LeafPhotoA_2025-09-09 10_09_28.880-05_00_1.png,2.5,2.269398097325897
797,1750_LeafPhotoA_2025-09-09 10_09_28.880-05_00_2.png,2.5,2.1956766053313173
798,1750_LeafPhotoA_2025-09-09 10_09_28.880-05_00_3.png,2.5,2.1480196434971948
803,1123_LeafPhotoA_2025-09-08 10_09_09.535-05_00_0.png,1.5,1.7666198585609865
804,1123_LeafPhotoA_2025-09-08 10_09_09.535-05_00_1.png,1.5,1.666973635717782
805,1123_LeafPhotoA_2025-09-08 10_09_09.535-05_00_2.png,1.5,1.8093738911654325
806,1123_LeafPhotoA_2025-09-08 10_09_09.535-05_00_3.png,1.5,1.990754953879323
823,2167_LeafPhotoA_2025-09-09 12_01_16.586-05_00_0.png,2.75,2.421765375680662
824,2167_LeafPhotoA_2025-09-09 12_01_16.586-05_00_1.png,2.75,2.4963932246495024
825,2167_LeafPhotoA_2025-09-09 12_01_16.586-05_00_2.png,2.75,2.5104571429508455
826,2167_LeafPhotoA_2025-09-09 12_01_16.586-05_00_3.png,2.75,2.2641782646734394
855,1249_LeafPhotoA_2025-09-08 10_41_51.533-05_00_0.png,1.0,1.5022700961816051
856,1249_LeafPhotoA_2025-09-08 10_41_51.533-05_00_1.png,1.0,1.5575587231006758
857,1249_LeafPhotoA_2025-09-08 10_41_51.533-05_00_2.png,1.0,1.6760523718264992
858,1249_LeafPhotoA_2025-09-08 10_41_51.533-05_00_3.png,1.0,1.7880385994294647
864,1907_LeafPhotoA_2025-09-09 14_42_36.286-05_00_0.png,1.5,1.8533105852950678
865,1907_LeafPhotoA_2025-09-09 14_42_36.286-05_00_1.png,1.5,1.8903177883952238
866,1907_LeafPhotoA_2025-09-09 14_42_36.286-05_00_2.png,1.5,1.9508982532345527
867,1907_LeafPhotoA_2025-09-09 14_42_36.286-05_00_3.png,1.5,1.7149360001789247
878,5045_LeafPhotoA_2025-09-09 17_01_44.217-05_00_0.png,1.25,1.4763660032965604
879,5045_LeafPhotoA_2025-09-09 17_01_44.217-05_00_1.png,1.25,1.5093494003819319
880,5045_LeafPhotoA_2025-09-09 17_01_44.217-05_00_2.png,1.25,1.5401921306905704
881,5045_LeafPhotoA_2025-09-09 17_01_44.217-05_00_3.png,1.25,1.521817143726588
882,1250_LeafPhotoA_2025-09-08 10_43_41.179-05_00_0.png,1.25,1.6727322908496844
883,1250_LeafPhotoA_2025-09-08 10_43_41.179-05_00_1.png,1.25,1.7763418600945085
884,1250_LeafPhotoA_2025-09-08 10_43_41.179-05_00_2.png,1.25,1.5165976967702497
885,1250_LeafPhotoA_2025-09-08 10_43_41.179-05_00_3.png,1.25,1.4918344087542994
898,1256_LeafPhotoA_2025-09-08 16_32_47.764-05_00_0.png,3.0,2.0455069202316314
899,1256_LeafPhotoA_2025-09-08 16_32_47.764-05_00_1.png,3.0,2.261195594180499
900,1256_LeafPhotoA_2025-09-08 16_32_47.764-05_00_2.png,3.0,2.625882620236556
905,2902_LeafPhotoA_2025-09-09 16_13_57.638-05_00_0.png,1.25,1.6719399772578112
906,2902_LeafPhotoA_2025-09-09 16_13_57.638-05_00_1.png,1.25,1.779651066058016
915,2442_LeafPhotoB_2025-09-08 11_18_36.514-05_00_0.png,2.0,2.0670976014547024
916,2442_LeafPhotoB_2025-09-08 11_18_36.514-05_00_1.png,2.0,2.3331060841758657
930,1026_LeafPhotoA_2025-09-08 10_01_59.080-05_00_0.png,1.75,1.8402501048197164
931,1026_LeafPhotoA_2025-09-08 10_01_59.080-05_00_1.png,1.75,2.090444809038087
932,1026_LeafPhotoA_2025-09-08 10_01_59.080-05_00_2.png,1.75,2.120765533772052
933,1026_LeafPhotoA_2025-09-08 10_01_59.080-05_00_3.png,1.75,2.16807613790095
941,2073_LeafPhotoA_2025-09-08 12_07_54.433-05_00_0.png,1.5,2.0432716133826907
942,2073_LeafPhotoA_2025-09-08 12_07_54.433-05_00_1.png,1.5,1.8497750196704095
943,2073_LeafPhotoA_2025-09-08 12_07_54.433-05_00_2.png,1.5,1.9108139190141549
944,2073_LeafPhotoA_2025-09-08 12_07_54.433-05_00_3.png,1.5,1.84548045638384
953,2760_LeafPhotoA_2025-09-09 16_19_13.921-05_00_0.png,1.25,1.8362843281522307
954,2760_LeafPhotoA_2025-09-09 16_19_13.921-05_00_1.png,1.25,1.8119247300445291
955,2760_LeafPhotoA_2025-09-09 16_19_13.921-05_00_2.png,1.25,1.6663336282861123
967,2755_LeafPhotoA_2025-09-09 16_28_33.930-05_00_0.png,1.0,1.5626447388852338
968,2755_LeafPhotoA_2025-09-09 16_28_33.930-05_00_1.png,1.0,1.5134841469160343
969,2755_LeafPhotoA_2025-09-09 16_28_33.930-05_00_2.png,1.0,1.5703728649983497
970,2755_LeafPhotoA_2025-09-09 16_28_33.930-05_00_3.png,1.0,1.5607162978651465
1002,1217_LeafPhotoA_2025-09-08 09_53_36.339-05_00_0.png,1.5,1.51285417686754
1003,1217_LeafPhotoA_2025-09-08 09_53_36.339-05_00_1.png,1.5,1.5423109869965868
1004,1217_LeafPhotoA_2025-09-08 09_53_36.339-05_00_2.png,1.5,1.5939069856240786
1005,1217_LeafPhotoA_2025-09-08 09_53_36.339-05_00_3.png,1.5,1.5399016485830777
1014,2476_LeafPhotoB_2025-09-08 11_51_54.468-05_00_0.png,1.75,1.7184904235797962
1015,2476_LeafPhotoB_2025-09-08 11_51_54.468-05_00_1.png,1.75,1.8206374093098179
1016,2476_LeafPhotoB_2025-09-08 11_51_54.468-05_00_2.png,1.75,1.7726439192042887
1017,2476_LeafPhotoB_2025-09-08 11_51_54.468-05_00_3.png,1.75,1.8800786990290304
1018,1899_LeafPhotoA_2025-09-09 13_47_11.649-05_00_0.png,1.25,1.614516698838282
1019,1899_LeafPhotoA_2025-09-09 13_47_11.649-05_00_1.png,1.25,1.635480011951146
1020,1899_LeafPhotoA_2025-09-09 13_47_11.649-05_00_2.png,1.25,1.5618452012665796
1021,1899_LeafPhotoA_2025-09-09 13_47_11.649-05_00_3.png,1.25,1.5890787987288433
1022,1605_LeafPhotoA_2025-09-09 09_07_08.633-05_00_0.png,1.5,1.7816430416271132
1023,1605_LeafPhotoA_2025-09-09 09_07_08.633-05_00_1.png,1.5,1.8046112459750099
1024,1605_LeafPhotoA_2025-09-09 09_07_08.633-05_00_2.png,1.5,2.001133336535488
1025,1605_LeafPhotoA_2025-09-09 09_07_08.633-05_00_3.png,1.5,1.8488182746959358
1030,2769_LeafPhotoA_2025-09-09 15_55_06.978-05_00_0.png,1.5,1.593918983262393
1031,2769_LeafPhotoA_2025-09-09 15_55_06.978-05_00_1.png,1.5,1.6282646443052657
1032,2769_LeafPhotoA_2025-09-09 15_55_06.978-05_00_2.png,1.5,1.8261196808947644
1033,2769_LeafPhotoA_2025-09-09 15_55_06.978-05_00_3.png,1.5,1.6831615594762257
1051,2390_LeafPhotoA_2025-09-08 12_00_53.414-05_00_0.png,1.0,1.547799847183422
1052,2390_LeafPhotoA_2025-09-08 12_00_53.414-05_00_1.png,1.0,1.5794015673841786
1053,2390_LeafPhotoA_2025-09-08 12_00_53.414-05_00_2.png,1.0,1.6591803274863586
1058,2441_LeafPhotoB_2025-09-08 11_17_12.000-05_00_0.png,2.0,1.946477628175168
1059,2441_LeafPhotoB_2025-09-08 11_17_12.000-05_00_1.png,2.0,2.0478970069278093
1060,2441_LeafPhotoB_2025-09-08 11_17_12.000-05_00_2.png,2.0,2.124400470765424
1061,2441_LeafPhotoB_2025-09-08 11_17_12.000-05_00_3.png,2.0,2.2969329382750696
1081,2538_LeafPhotoA_2025-09-09 10_37_31.295-05_00_0.png,2.25,2.049610444978887
1082,2538_LeafPhotoA_2025-09-09 10_37_31.295-05_00_1.png,2.25,2.1758124563600205
1083,2538_LeafPhotoA_2025-09-09 10_37_31.295-05_00_2.png,2.25,2.14051389988983
1084,2538_LeafPhotoA_2025-09-09 10_37_31.295-05_00_3.png,2.25,2.200717156317196
1086,1008_LeafPhotoA_2025-09-08 09_38_43.510-05_00_0.png,1.0,1.6947613674689077
1087,1008_LeafPhotoA_2025-09-08 09_38_43.510-05_00_1.png,1.0,1.7361235430174928
1088,1008_LeafPhotoA_2025-09-08 09_38_43.510-05_00_2.png,1.0,1.6396593511286937
1089,1008_LeafPhotoA_2025-09-08 09_38_43.510-05_00_3.png,1.0,1.5713067978740378
1106,2975_LeafPhotoA_2025-09-09 16_24_07.497-05_00_0.png,1.75,1.9919037934553703
1107,2975_LeafPhotoA_2025-09-09 16_24_07.497-05_00_1.png,1.75,1.9296199941444128
1108,2975_LeafPhotoA_2025-09-09 16_24_07.497-05_00_2.png,1.75,1.8858504450002616
1109,2975_LeafPhotoA_2025-09-09 16_24_07.497-05_00_3.png,1.75,1.9172959689479023
1110,1038_LeafPhotoA_2025-09-08 10_16_04.977-05_00_0.png,1.5,1.9059925628798013
1111,1038_LeafPhotoA_2025-09-08 10_16_04.977-05_00_1.png,1.5,2.004848962309513
1112,1038_LeafPhotoA_2025-09-08 10_16_04.977-05_00_2.png,1.5,1.931767135883765
1158,2089_LeafPhotoA_2025-09-08 12_26_16.331-05_00_0.png,2.0,1.8216557217601272
1159,2089_LeafPhotoA_2025-09-08 12_26_16.331-05_00_1.png,2.0,1.8437935372846015
1160,2089_LeafPhotoA_2025-09-08 12_26_16.331-05_00_2.png,2.0,1.8145462113995379
1161,1468_LeafPhotoB_2025-09-08 16_31_09.404-05_00_0.png,1.25,1.7664269286892136
1162,1468_LeafPhotoB_2025-09-08 16_31_09.404-05_00_1.png,1.25,1.749777078013147
1163,1468_LeafPhotoB_2025-09-08 16_31_09.404-05_00_2.png,1.25,1.5385825687336179
1164,1468_LeafPhotoB_2025-09-08 16_31_09.404-05_00_3.png,1.25,1.6468029517204628
1177,1145_LeafPhotoA_2025-09-08 10_41_37.289-05_00_0.png,1.5,1.9561121821639187
1178,1145_LeafPhotoA_2025-09-08 10_41_37.289-05_00_1.png,1.5,1.8062827801874346
1179,1145_LeafPhotoA_2025-09-08 10_41_37.289-05_00_2.png,1.5,1.7330986996561446
1180,1145_LeafPhotoA_2025-09-08 10_41_37.289-05_00_3.png,1.5,1.7120297284710244
1209,,1.0,1.9377666107354314
1210,6008_LeafPhotoA_2025-09-09 17_03_49.237-05_00_0.png,1.25,1.9644610386321515
1211,6008_LeafPhotoA_2025-09-09 17_03_49.237-05_00_1.png,1.25,2.015378693127049
1212,6008_LeafPhotoA_2025-09-09 17_03_49.237-05_00_2.png,1.25,1.9582512376160677
1213,6008_LeafPhotoA_2025-09-09 17_03_49.237-05_00_3.png,1.25,1.7907373736071637
1233,2393_LeafPhotoA_2025-09-08 12_18_13.823-05_00_0.png,2.5,2.214152048641502
1234,2393_LeafPhotoA_2025-09-08 12_18_13.823-05_00_1.png,2.5,2.0667638818265415
1235,2393_LeafPhotoA_2025-09-08 12_18_13.823-05_00_2.png,2.5,2.184614836012693
1236,2393_LeafPhotoA_2025-09-08 12_18_13.823-05_00_3.png,2.5,2.1901446850443764
1237,,2.25,1.9377666107354314
1257,1859_LeafPhotoA_2025-09-09 13_37_34.301-05_00_0.png,3.0,1.7762093381549655
1258,1859_LeafPhotoA_2025-09-09 13_37_34.301-05_00_1.png,3.0,1.705978817949549
1259,1859_LeafPhotoA_2025-09-09 13_37_34.301-05_00_2.png,3.0,1.7925356714995002
1260,1859_LeafPhotoA_2025-09-09 13_37_34.301-05_00_3.png,3.0,1.8953762170223576
1261,1810_LeafPhotoA_2025-09-09 09_05_30.894-05_00_0.png,4.25,2.9982629394961657
1262,1810_LeafPhotoA_2025-09-09 09_05_30.894-05_00_1.png,4.25,3.0707056879832715
1263,1810_LeafPhotoA_2025-09-09 09_05_30.894-05_00_2.png,4.25,3.0273322070046538
1264,1810_LeafPhotoA_2025-09-09 09_05_30.894-05_00_3.png,4.25,2.754847148732708
1277,2983_LeafPhotoA_2025-09-09 16_35_57.602-05_00_0.png,2.0,2.090156601956318
1278,2983_LeafPhotoA_2025-09-09 16_35_57.602-05_00_1.png,2.0,1.9440937359961177
1279,2983_LeafPhotoA_2025-09-09 16_35_57.602-05_00_2.png,2.0,1.9128160849996683
1280,2983_LeafPhotoA_2025-09-09 16_35_57.602-05_00_3.png,2.0,1.9517888888931836
1308,2792_LeafPhotoA_2025-09-09 11_23_03.034-05_00_0.png,1.5,1.7624862414712685
1309,2792_LeafPhotoA_2025-09-09 11_23_03.034-05_00_1.png,1.5,1.7564243768585754
1310,2792_LeafPhotoA_2025-09-09 11_23_03.034-05_00_2.png,1.5,1.7259483458443643
1311,2792_LeafPhotoA_2025-09-09 11_23_03.034-05_00_3.png,1.5,1.736706814324038
1312,6029_LeafPhotoA_2025-09-09 16_30_34.819-05_00_0.png,2.0,2.0200596648591884
1313,6029_LeafPhotoA_2025-09-09 16_30_34.819-05_00_1.png,2.0,1.8075234926429793
1314,6029_LeafPhotoA_2025-09-09 16_30_34.819-05_00_2.png,2.0,1.777818466324428
1315,6029_LeafPhotoA_2025-09-09 16_30_34.819-05_00_3.png,2.0,1.7893873537292146
1356,2082_LeafPhotoA_2025-09-08 12_18_18.860-05_00_0.png,1.0,1.769706165665798
1357,2082_LeafPhotoA_2025-09-08 12_18_18.860-05_00_1.png,1.0,1.6839922029979737
1358,2082_LeafPhotoA_2025-09-08 12_18_18.860-05_00_2.png,1.0,1.6850386273620586
1359,2082_LeafPhotoA_2025-09-08 12_18_18.860-05_00_3.png,1.0,1.8276405318926958
1360,1868_LeafPhotoA_2025-09-09 13_29_01.704-05_00_0.png,1.25,1.5498537032591897
1361,1868_LeafPhotoA_2025-09-09 13_29_01.704-05_00_1.png,1.25,1.8017049529632727
1362,1868_LeafPhotoA_2025-09-09 13_29_01.704-05_00_2.png,1.25,1.7684268397648204
1363,1868_LeafPhotoA_2025-09-09 13_29_01.704-05_00_3.png,1.25,1.5571095735968745
1364,1561_LeafPhotoA_2025-09-09 10_12_13.903-05_00_0.png,1.25,1.738785231386635
1365,1561_LeafPhotoA_2025-09-09 10_12_13.903-05_00_1.png,1.25,1.8298632182123864
1366,1561_LeafPhotoA_2025-09-09 10_12_13.903-05_00_2.png,1.25,1.594874537406019
1367,2902_LeafPhotoA_2025-09-09 16_14_17.420-05_00_0.png,1.5,1.6707741948816481
1368,2902_LeafPhotoA_2025-09-09 16_14_17.420-05_00_1.png,1.5,1.677803372141705
1369,2902_LeafPhotoA_2025-09-09 16_14_17.420-05_00_2.png,1.5,1.7263039274604066
1370,2902_LeafPhotoA_2025-09-09 16_14_17.420-05_00_3.png,1.5,1.8002947981268176
1380,2088_LeafPhotoA_2025-09-08 12_25_17.092-05_00_0.png,2.5,1.9548520440352013
1381,2088_LeafPhotoA_2025-09-08 12_25_17.092-05_00_1.png,2.5,1.768732882358063
1382,2088_LeafPhotoA_2025-09-08 12_25_17.092-05_00_2.png,2.5,1.8138687594077867
1391,1978_LeafPhotoA_2025-09-09 16_46_20.867-05_00_0.png,1.0,1.7401009254159028
1392,1978_LeafPhotoA_2025-09-09 16_46_20.867-05_00_1.png,1.0,1.7887487571834872
1393,1978_LeafPhotoA_2025-09-09 16_46_20.867-05_00_2.png,1.0,1.775783069820294
1394,1978_LeafPhotoA_2025-09-09 16_46_20.867-05_00_3.png,1.0,1.9031646682820855
1395,2520_LeafPhotoA_2025-09-09 10_17_04.786-05_00_0.png,1.0,1.8698291718950333
1396,2520_LeafPhotoA_2025-09-09 10_17_04.786-05_00_1.png,1.0,1.8280296908731737
1397,2520_LeafPhotoA_2025-09-09 10_17_04.786-05_00_2.png,1.0,1.775817248751687
1398,2520_LeafPhotoA_2025-09-09 10_17_04.786-05_00_3.png,1.0,1.841708838924288
1439,1203_LeafPhotoA_2025-09-08 09_17_50.777-05_00_0.png,2.0,1.9038786828751646
1440,1203_LeafPhotoA_2025-09-08 09_17_50.777-05_00_1.png,2.0,2.050270340797188
1441,1203_LeafPhotoA_2025-09-08 09_17_50.777-05_00_2.png,2.0,2.0421495361216095
1442,1203_LeafPhotoA_2025-09-08 09_17_50.777-05_00_3.png,2.0,2.227277740374576
1455,2293_LeafPhotoA_2025-09-08 16_47_21.144-05_00_0.png,1.25,1.6859519621930246
1456,2293_LeafPhotoA_2025-09-08 16_47_21.144-05_00_1.png,1.25,1.7386943751056214
1457,2293_LeafPhotoA_2025-09-08 16_47_21.144-05_00_2.png,1.25,1.7540771887761886
1458,2293_LeafPhotoA_2025-09-08 16_47_21.144-05_00_3.png,1.25,1.7736001930686194
1485,1212_LeafPhotoA_2025-09-08 09_42_54.332-05_00_0.png,2.25,1.8010424001053247
1486,1212_LeafPhotoA_2025-09-08 09_42_54.332-05_00_1.png,2.25,2.072357164062986
1487,1212_LeafPhotoA_2025-09-08 09_42_54.332-05_00_2.png,2.25,2.083397809506617
1488,1212_LeafPhotoA_2025-09-08 09_42_54.332-05_00_3.png,2.25,1.908240181882584
1493,1666_LeafPhotoA_2025-09-09 09_55_47.332-05_00_0.png,1.25,1.7370269509740766
1494,1666_LeafPhotoA_2025-09-09 09_55_47.332-05_00_1.png,1.25,1.6878777527901319
1495,1666_LeafPhotoA_2025-09-09 09_55_47.332-05_00_2.png,1.25,1.8623855385509298
1496,1666_LeafPhotoA_2025-09-09 09_55_47.332-05_00_3.png,1.25,1.8076716148555696
1498,2758_LeafPhotoA_2025-09-09 16_22_09.492-05_00_0.png,1.25,1.6985289249820743
1499,2758_LeafPhotoA_2025-09-09 16_22_09.492-05_00_1.png,1.25,1.6253092934958382
1500,2758_LeafPhotoA_2025-09-09 16_22_09.492-05_00_2.png,1.25,1.7699545638896848
1501,2758_LeafPhotoA_2025-09-09 16_22_09.492-05_00_3.png,1.25,1.7838021760795322
1513,1652_LeafPhotoA_2025-09-09 10_20_27.938-05_00_0.png,1.25,1.5522098991748265
1514,1652_LeafPhotoA_2025-09-09 10_20_27.938-05_00_1.png,1.25,1.6642745332703595
1515,1652_LeafPhotoA_2025-09-09 10_20_27.938-05_00_2.png,1.25,1.7664394899194247
1520,2446_LeafPhotoB_2025-09-08 11_21_40.834-05_00_0.png,3.0,1.8886326635785189
1521,2446_LeafPhotoB_2025-09-08 11_21_40.834-05_00_1.png,3.0,1.990242624944178
1522,2446_LeafPhotoB_2025-09-08 11_21_40.834-05_00_2.png,3.0,1.8740697831674147
1523,2446_LeafPhotoB_2025-09-08 11_21_40.834-05_00_3.png,3.0,2.0685466336008007
1547,2177_LeafPhotoA_2025-09-09 12_21_32.834-05_00_0.png,3.0,2.2021904861738855
1548,2177_LeafPhotoA_2025-09-09 12_21_32.834-05_00_1.png,3.0,2.3367326777351725
1549,2177_LeafPhotoA_2025-09-09 12_21_32.834-05_00_2.png,3.0,2.3891310791783917
1550,2177_LeafPhotoA_2025-09-09 12_21_32.834-05_00_3.png,3.0,2.41471225886955
1556,2515_LeafPhotoA_2025-09-09 10_13_03.695-05_00_0.png,1.25,1.66962724153695
1557,2515_LeafPhotoA_2025-09-09 10_13_03.695-05_00_1.png,1.25,1.7606964054123984
1558,2515_LeafPhotoA_2025-09-09 10_13_03.695-05_00_2.png,1.25,1.6108893788798497
1559,2515_LeafPhotoA_2025-09-09 10_13_03.695-05_00_3.png,1.25,1.4900697522332222
1577,1051_LeafPhotoA_2025-09-08 12_42_13.116-05_00_0.png,1.25,1.6731727084928645
1578,1051_LeafPhotoA_2025-09-08 12_42_13.116-05_00_1.png,1.25,1.6703466624561594
1579,1051_LeafPhotoA_2025-09-08 12_42_13.116-05_00_2.png,1.25,1.7243795597717462
1580,1051_LeafPhotoA_2025-09-08 12_42_13.116-05_00_3.png,1.25,1.5819942867871817
1590,2093_LeafPhotoA_2025-09-08 12_29_42.069-05_00_0.png,2.0,1.862923029874754
1591,2093_LeafPhotoA_2025-09-08 12_29_42.069-05_00_1.png,2.0,1.94432188472862
1592,2093_LeafPhotoA_2025-09-08 12_29_42.069-05_00_2.png,2.0,2.0192842622593363
1593,2093_LeafPhotoA_2025-09-08 12_29_42.069-05_00_3.png,2.0,1.9805511007834071
1599,2637_LeafPhotoA_2025-09-09 11_40_07.094-05_00_0.png,1.5,1.8678983752235256
1600,2637_LeafPhotoA_2025-09-09 11_40_07.094-05_00_1.png,1.5,1.7870475058862498
1601,2637_LeafPhotoA_2025-09-09 11_40_07.094-05_00_2.png,1.5,1.6648748901865684
1602,2637_LeafPhotoA_2025-09-09 11_40_07.094-05_00_3.png,1.5,1.5838072610506209
1627,,1.5,1.9377666107354314
1655,2346_LeafPhotoA_2025-09-08 11_14_15.994-05_00_0.png,1.25,1.9219988129600774
1656,2346_LeafPhotoA_2025-09-08 11_14_15.994-05_00_1.png,1.25,1.8347255146934784
1657,2346_LeafPhotoA_2025-09-08 11_14_15.994-05_00_2.png,1.25,1.8939006882659277
1658,2346_LeafPhotoA_2025-09-08 11_14_15.994-05_00_3.png,1.25,1.6186088795401121
1663,2463_LeafPhotoB_2025-09-08 11_41_05.461-05_00_0.png,2.0,1.987532658638768
1664,2463_LeafPhotoB_2025-09-08 11_41_05.461-05_00_1.png,2.0,1.9416446666656242
1665,2463_LeafPhotoB_2025-09-08 11_41_05.461-05_00_2.png,2.0,1.8373975389935173
1666,2463_LeafPhotoB_2025-09-08 11_41_05.461-05_00_3.png,2.0,1.9821417845624023
1673,1355_LeafPhotoA_2025-09-08 12_32_02.036-05_00_0.png,2.0,2.1648519692650394
1708,1905_LeafPhotoA_2025-09-09 14_39_48.802-05_00_0.png,1.5,1.6405987357250047
1709,1905_LeafPhotoA_2025-09-09 14_39_48.802-05_00_1.png,1.5,1.6717865914668837
1736,2689_LeafPhotoA_2025-09-09 10_43_51.800-05_00_0.png,1.25,2.0450801281259263
1737,2689_LeafPhotoA_2025-09-09 10_43_51.800-05_00_1.png,1.25,1.8736163880315257
1738,2689_LeafPhotoA_2025-09-09 10_43_51.800-05_00_2.png,1.25,1.8351975695872744
1751,1065_LeafPhotoA_2025-09-08 12_57_07.532-05_00_0.png,1.25,1.6410554149623067
1752,1065_LeafPhotoA_2025-09-08 12_57_07.532-05_00_1.png,1.25,1.7443560601053445
1753,1065_LeafPhotoA_2025-09-08 12_57_07.532-05_00_2.png,1.25,1.6631001228303868
1754,1065_LeafPhotoA_2025-09-08 12_57_07.532-05_00_3.png,1.25,1.6381629848748178
1796,2527_LeafPhotoA_2025-09-09 10_24_54.172-05_00_0.png,1.5,1.8156973362437987
1797,2527_LeafPhotoA_2025-09-09 10_24_54.172-05_00_1.png,1.5,1.8522603952957113
1798,2527_LeafPhotoA_2025-09-09 10_24_54.172-05_00_2.png,1.5,1.7425960508225669
1799,2527_LeafPhotoA_2025-09-09 10_24_54.172-05_00_3.png,1.5,1.680605663891545
1800,1408_LeafPhotoB_2025-09-08 10_02_06.407-05_00_0.png,1.5,1.7138734809544622
1801,1408_LeafPhotoB_2025-09-08 10_02_06.407-05_00_1.png,1.5,1.7891647646782636
1802,1408_LeafPhotoB_2025-09-08 10_02_06.407-05_00_2.png,1.5,1.7340311159401949
1803,1408_LeafPhotoB_2025-09-08 10_02_06.407-05_00_3.png,1.5,1.7922790340800092
1804,1332_LeafPhotoA_2025-09-08 10_00_19.909-05_00_0.png,2.0,2.1099403703062434
1805,1332_LeafPhotoA_2025-09-08 10_00_19.909-05_00_1.png,2.0,1.8995118346471767
1806,1332_LeafPhotoA_2025-09-08 10_00_19.909-05_00_2.png,2.0,1.8776395578146372
1807,1332_LeafPhotoA_2025-09-08 10_00_19.909-05_00_3.png,2.0,2.0422227860382964
1891,2129_LeafPhotoA_2025-09-08 11_46_50.494-05_00_0.png,1.75,1.7824198643606792
1892,2129_LeafPhotoA_2025-09-08 11_46_50.494-05_00_1.png,1.75,1.9451394789058656
1914,2271_LeafPhotoA_2025-09-08 17_12_04.853-05_00_0.png,2.25,2.2796401278741962
1915,2271_LeafPhotoA_2025-09-08 17_12_04.853-05_00_1.png,2.25,2.057701257844107
1969,1521_LeafPhotoA_2025-09-09 09_17_54.205-05_00_0.png,2.25,2.342056005267899
1970,1521_LeafPhotoA_2025-09-09 09_17_54.205-05_00_1.png,2.25,2.2129641258858297
1971,1521_LeafPhotoA_2025-09-09 09_17_54.205-05_00_2.png,2.25,2.133109644968089
1972,1521_LeafPhotoA_2025-09-09 09_17_54.205-05_00_3.png,2.25,1.9759397776232623
1973,1216_LeafPhotoA_2025-09-08 09_51_18.258-05_00_0.png,1.5,1.8426143764981686
1974,1216_LeafPhotoA_2025-09-08 09_51_18.258-05_00_1.png,1.5,1.8181169639063526
1975,1216_LeafPhotoA_2025-09-08 09_51_18.258-05_00_2.png,1.5,2.0606560277017647
1976,1216_LeafPhotoA_2025-09-08 09_51_18.258-05_00_3.png,1.5,2.006334884930654
2012,2469_LeafPhotoB_2025-09-08 11_46_21.698-05_00_0.png,1.5,1.6083937486138427
2013,2469_LeafPhotoB_2025-09-08 11_46_21.698-05_00_1.png,1.5,1.6754531354290811
2014,2469_LeafPhotoB_2025-09-08 11_46_21.698-05_00_2.png,1.5,1.768885939699384
2015,2469_LeafPhotoB_2025-09-08 11_46_21.698-05_00_3.png,1.5,1.769711783349626
2046,1317_LeafPhotoA_2025-09-08 09_35_24.203-05_00_0.png,3.0,1.9267476459124717
2047,1317_LeafPhotoA_2025-09-08 09_35_24.203-05_00_1.png,3.0,2.1967168702175237
2048,1317_LeafPhotoA_2025-09-08 09_35_24.203-05_00_2.png,3.0,2.12357797523818
2049,1317_LeafPhotoA_2025-09-08 09_35_24.203-05_00_3.png,3.0,2.244423892564747
2071,2792_LeafPhotoA_2025-09-09 11_21_24.578-05_00_0.png,1.25,1.7640391447231512
2072,2792_LeafPhotoA_2025-09-09 11_21_24.578-05_00_1.png,1.25,1.613228949972939
2073,2792_LeafPhotoA_2025-09-09 11_21_24.578-05_00_2.png,1.25,1.8169857339445779
2074,2792_LeafPhotoA_2025-09-09 11_21_24.578-05_00_3.png,1.25,1.7172874185457756
2118,1492_LeafPhotoB_2025-09-08 16_56_04.972-05_00_0.png,1.5,1.4560516813740723
2119,1492_LeafPhotoB_2025-09-08 16_56_04.972-05_00_1.png,1.5,1.537175082541834
2120,1492_LeafPhotoB_2025-09-08 16_56_04.972-05_00_2.png,1.5,1.61582761834184
2121,1492_LeafPhotoB_2025-09-08 16_56_04.972-05_00_3.png,1.5,1.8063756517081675
2122,1438_LeafPhotoB_2025-09-08 10_28_46.756-05_00_0.png,2.5,1.9763227961758099
2123,1438_LeafPhotoB_2025-09-08 10_28_46.756-05_00_1.png,2.5,2.110985043155214
2124,1438_LeafPhotoB_2025-09-08 10_28_46.756-05_00_2.png,2.5,1.9129746763585889
2133,2268_LeafPhotoA_2025-09-08 17_14_58.767-05_00_0.png,2.0,2.387167688397129
2145,1626_LeafPhotoA_2025-09-09 10_03_50.260-05_00_0.png,1.5,2.0699706959317687
2146,1626_LeafPhotoA_2025-09-09 10_03_50.260-05_00_1.png,1.5,1.7414214663958774
2147,1626_LeafPhotoA_2025-09-09 10_03_50.260-05_00_2.png,1.5,1.6999701435596253
2148,1626_LeafPhotoA_2025-09-09 10_03_50.260-05_00_3.png,1.5,2.0743774390075544
2157,1301_LeafPhotoA_2025-09-08 10_19_50.410-05_00_0.png,1.5,1.6182540194637243
2158,1301_LeafPhotoA_2025-09-08 10_19_50.410-05_00_1.png,1.5,1.8194544807214836
2159,1301_LeafPhotoA_2025-09-08 10_19_50.410-05_00_2.png,1.5,2.0028318628167843
2160,1301_LeafPhotoA_2025-09-08 10_19_50.410-05_00_3.png,1.5,2.0171438515501756
2161,2325_LeafPhotoA_2025-09-08 10_52_52.963-05_00_0.png,1.0,1.858276497839964
2162,2325_LeafPhotoA_2025-09-08 10_52_52.963-05_00_1.png,1.0,1.6846076920357256
2163,2325_LeafPhotoA_2025-09-08 10_52_52.963-05_00_2.png,1.0,1.7740918897843003
2164,2325_LeafPhotoA_2025-09-08 10_52_52.963-05_00_3.png,1.0,1.7031408478177432
2189,1236_LeafPhotoA_2025-09-08 10_23_03.516-05_00_0.png,1.5,1.6691761763724322
2190,1236_LeafPhotoA_2025-09-08 10_23_03.516-05_00_1.png,1.5,1.4808795560506198
2191,1236_LeafPhotoA_2025-09-08 10_23_03.516-05_00_2.png,1.5,1.5157347624761401
2192,1236_LeafPhotoA_2025-09-08 10_23_03.516-05_00_3.png,1.5,1.6057174080447965
2243,2903_LeafPhotoA_2025-09-09 16_19_58.490-05_00_0.png,3.0,2.0527954115095515
2244,2903_LeafPhotoA_2025-09-09 16_19_58.490-05_00_1.png,3.0,2.322399471976521
2245,2903_LeafPhotoA_2025-09-09 16_19_58.490-05_00_2.png,3.0,2.193585905844939
2246,2903_LeafPhotoA_2025-09-09 16_19_58.490-05_00_3.png,3.0,2.037192945983218
2262,,1.25,1.9377666107354314
2267,,1.0,1.9377666107354314
2302,2436_LeafPhotoB_2025-09-08 11_12_52.698-05_00_0.png,1.5,1.568101866763644
2303,2436_LeafPhotoB_2025-09-08 11_12_52.698-05_00_1.png,1.5,1.6246505280334105
2304,2436_LeafPhotoB_2025-09-08 11_12_52.698-05_00_2.png,1.5,1.6628099858316439
2305,2436_LeafPhotoB_2025-09-08 11_12_52.698-05_00_3.png,1.5,1.8178574980499804
2397,2941_LeafPhotoA_2025-09-09 16_28_44.280-05_00_0.png,1.25,1.6957472162877547
2398,2941_LeafPhotoA_2025-09-09 16_28_44.280-05_00_1.png,1.25,1.5215193223300942
2399,2941_LeafPhotoA_2025-09-09 16_28_44.280-05_00_2.png,1.25,1.4981868582658422
2400,2941_LeafPhotoA_2025-09-09 16_28_44.280-05_00_3.png,1.25,1.651065891742846
2420,2002_LeafPhotoA_2025-09-08 10_34_47.962-05_00_0.png,3.25,2.2080053209550585
2421,2002_LeafPhotoA_2025-09-08 10_34_47.962-05_00_1.png,3.25,2.1898755359908737
2422,2002_LeafPhotoA_2025-09-08 10_34_47.962-05_00_2.png,3.25,1.9096992949820333
2423,2002_LeafPhotoA_2025-09-08 10_34_47.962-05_00_3.png,3.25,1.7231092486160224
2428,1969_LeafPhotoA_2025-09-09 17_07_30.768-05_00_0.png,1.5,1.8364626074255777
2429,1969_LeafPhotoA_2025-09-09 17_07_30.768-05_00_1.png,1.5,1.7524477204028799
2430,1969_LeafPhotoA_2025-09-09 17_07_30.768-05_00_2.png,1.5,1.813166302129404
2431,1969_LeafPhotoA_2025-09-09 17_07_30.768-05_00_3.png,1.5,1.7159087977591527
2438,2536_LeafPhotoA_2025-09-09 10_35_28.301-05_00_0.png,1.75,1.8702676034862304
2439,2536_LeafPhotoA_2025-09-09 10_35_28.301-05_00_1.png,1.75,1.843210956775476
2440,2536_LeafPhotoA_2025-09-09 10_35_28.301-05_00_2.png,1.75,1.8180476876951084
2441,2536_LeafPhotoA_2025-09-09 10_35_28.301-05_00_3.png,1.75,1.7731026473459346
2483,1247_LeafPhotoA_2025-09-08 10_38_45.722-05_00_0.png,2.0,2.0670073072339066
2484,1247_LeafPhotoA_2025-09-08 10_38_45.722-05_00_1.png,2.0,1.972997829734925
2485,1247_LeafPhotoA_2025-09-08 10_38_45.722-05_00_2.png,2.0,2.086732238673401
2494,2370_LeafPhotoA_2025-09-08 11_38_56.854-05_00_0.png,2.25,1.919252185299918
2495,2370_LeafPhotoA_2025-09-08 11_38_56.854-05_00_1.png,2.25,1.938609896227193
2496,2370_LeafPhotoA_2025-09-08 11_38_56.854-05_00_2.png,2.25,2.0146502316711143
2497,2370_LeafPhotoA_2025-09-08 11_38_56.854-05_00_3.png,2.25,2.1420835304750496
2516,1719_LeafPhotoA_2025-09-09 09_17_16.298-05_00_0.png,3.25,3.010503504912271
2517,1719_LeafPhotoA_2025-09-09 09_17_16.298-05_00_1.png,3.25,2.906290952652491
2518,1719_LeafPhotoA_2025-09-09 09_17_16.298-05_00_2.png,3.25,2.5800419720149663
2519,1971_LeafPhotoA_2025-09-09 17_00_57.416-05_00_0.png,2.25,2.0211252102367974
2520,1971_LeafPhotoA_2025-09-09 17_00_57.416-05_00_1.png,2.25,1.891741637823391
2521,1971_LeafPhotoA_2025-09-09 17_00_57.416-05_00_2.png,2.25,1.7910833523806033
2522,1971_LeafPhotoA_2025-09-09 17_00_57.416-05_00_3.png,2.25,1.7129199554704957
2542,2671_LeafPhotoA_2025-09-09 11_45_10.930-05_00_0.png,3.75,2.4372438055419376
2543,2671_LeafPhotoA_2025-09-09 11_45_10.930-05_00_1.png,3.75,2.4666858206105244
2544,2671_LeafPhotoA_2025-09-09 11_45_10.930-05_00_2.png,3.75,2.62816163492564
2545,2671_LeafPhotoA_2025-09-09 11_45_10.930-05_00_3.png,3.75,2.579353015511696
2551,1156_LeafPhotoA_2025-09-08 16_52_15.162-05_00_0.png,1.75,1.9527945360198038
2552,1156_LeafPhotoA_2025-09-08 16_52_15.162-05_00_1.png,1.75,2.0489218827187794
2553,1156_LeafPhotoA_2025-09-08 16_52_15.162-05_00_2.png,1.75,1.9859169838294013
2554,1156_LeafPhotoA_2025-09-08 16_52_15.162-05_00_3.png,1.75,1.875223130875883
2559,1073_LeafPhotoA_2025-09-08 13_06_10.190-05_00_0.png,2.25,2.2339502949938552
2560,1073_LeafPhotoA_2025-09-08 13_06_10.190-05_00_1.png,2.25,2.386650035482501
2561,1073_LeafPhotoA_2025-09-08 13_06_10.190-05_00_2.png,2.25,2.396964059476116
2562,1073_LeafPhotoA_2025-09-08 13_06_10.190-05_00_3.png,2.25,2.4410734703704673
2567,2672_LeafPhotoA_2025-09-09 11_46_40.643-05_00_0.png,2.0,2.254222629581941
2568,2672_LeafPhotoA_2025-09-09 11_46_40.643-05_00_1.png,2.0,2.2154829015865563
2569,2672_LeafPhotoA_2025-09-09 11_46_40.643-05_00_2.png,2.0,2.2117150196590294
2570,2672_LeafPhotoA_2025-09-09 11_46_40.643-05_00_3.png,2.0,2.211790061321118
2576,1661_LeafPhotoA_2025-09-09 10_07_18.041-05_00_0.png,2.0,2.2606609002117057
2577,1661_LeafPhotoA_2025-09-09 10_07_18.041-05_00_1.png,2.0,2.214969492424661
2578,1661_LeafPhotoA_2025-09-09 10_07_18.041-05_00_2.png,2.0,2.014809501972755
2579,2902_LeafPhotoA_2025-09-09 16_15_16.673-05_00_0.png,1.25,1.607011427327727
2580,2902_LeafPhotoA_2025-09-09 16_15_16.673-05_00_1.png,1.25,1.7446148539336916
2581,2902_LeafPhotoA_2025-09-09 16_15_16.673-05_00_2.png,1.25,1.6307057981913706
2582,2902_LeafPhotoA_2025-09-09 16_15_16.673-05_00_3.png,1.25,1.5973067455232461
2593,2259_LeafPhotoA_2025-09-08 12_30_29.796-05_00_0.png,1.25,1.7665702998935513
2594,2259_LeafPhotoA_2025-09-08 12_30_29.796-05_00_1.png,1.25,1.9126303930162638
2595,2259_LeafPhotoA_2025-09-08 12_30_29.796-05_00_2.png,1.25,1.814692129937486
2596,2259_LeafPhotoA_2025-09-08 12_30_29.796-05_00_3.png,1.25,1.611567529625409
2605,1004_LeafPhotoA_2025-09-08 09_23_15.296-05_00_0.png,1.5,1.8566594901701314
2606,1004_LeafPhotoA_2025-09-08 09_23_15.296-05_00_1.png,1.5,1.7561575415992134
2607,1004_LeafPhotoA_2025-09-08 09_23_15.296-05_00_2.png,1.5,1.6359855114154513
2608,1004_LeafPhotoA_2025-09-08 09_23_15.296-05_00_3.png,1.5,1.7990152525573606
2638,2196_LeafPhotoA_2025-09-08 17_09_05.011-05_00_0.png,2.25,2.206182439647125
2639,2196_LeafPhotoA_2025-09-08 17_09_05.011-05_00_1.png,2.25,2.1797069111041383
2640,2196_LeafPhotoA_2025-09-08 17_09_05.011-05_00_2.png,2.25,2.1333829475035073
2641,2196_LeafPhotoA_2025-09-08 17_09_05.011-05_00_3.png,2.25,2.0435246051704783
2642,1573_LeafPhotoA_2025-09-09 09_54_35.196-05_00_0.png,2.5,2.2327909339716987
2643,1573_LeafPhotoA_2025-09-09 09_54_35.196-05_00_1.png,2.5,2.5626622713224294
2644,1573_LeafPhotoA_2025-09-09 09_54_35.196-05_00_2.png,2.5,2.513036014020112
2645,1573_LeafPhotoA_2025-09-09 09_54_35.196-05_00_3.png,2.5,2.253510196431693
2650,2860_LeafPhotoA_2025-09-09 14_56_33.247-05_00_0.png,1.25,1.6168224953044044
2651,2860_LeafPhotoA_2025-09-09 14_56_33.247-05_00_1.png,1.25,1.8028145182158113
2652,2860_LeafPhotoA_2025-09-09 14_56_33.247-05_00_2.png,1.25,1.601794092050234
2653,2860_LeafPhotoA_2025-09-09 14_56_33.247-05_00_3.png,1.25,1.6163634014696917
2654,1530_LeafPhotoA_2025-09-09 09_28_13.536-05_00_0.png,2.25,2.2627342202927903
2655,1530_LeafPhotoA_2025-09-09 09_28_13.536-05_00_1.png,2.25,1.9753897506190718
2656,1530_LeafPhotoA_2025-09-09 09_28_13.536-05_00_2.png,2.25,1.8860597661134988
2657,1530_LeafPhotoA_2025-09-09 09_28_13.536-05_00_3.png,2.25,1.8418174871492912
2658,2690_LeafPhotoA_2025-09-09 10_42_26.059-05_00_0.png,1.5,1.7466408266280071
2659,2690_LeafPhotoA_2025-09-09 10_42_26.059-05_00_1.png,1.5,1.7162476720167212
2660,2690_LeafPhotoA_2025-09-09 10_42_26.059-05_00_2.png,1.5,1.7052062478849184
2661,2690_LeafPhotoA_2025-09-09 10_42_26.059-05_00_3.png,1.5,1.7793909234618044
2680,1994_LeafPhotoA_2025-09-09 16_07_18.609-05_00_0.png,1.75,1.9098927132164345
2681,1994_LeafPhotoA_2025-09-09 16_07_18.609-05_00_1.png,1.75,1.8467468756961674
2682,1994_LeafPhotoA_2025-09-09 16_07_18.609-05_00_2.png,1.75,1.8209150010152808
2695,2062_LeafPhotoA_2025-09-08 11_56_29.638-05_00_0.png,1.5,1.6760576320072262
2696,2062_LeafPhotoA_2025-09-08 11_56_29.638-05_00_1.png,1.5,1.6195381151007373
2697,2062_LeafPhotoA_2025-09-08 11_56_29.638-05_00_2.png,1.5,1.7131258224194301
2698,2062_LeafPhotoA_2025-09-08 11_56_29.638-05_00_3.png,1.5,1.6321920268105325
2703,1714_LeafPhotoA_2025-09-09 09_09_56.290-05_00_0.png,2.25,2.212720718263881
2704,1714_LeafPhotoA_2025-09-09 09_09_56.290-05_00_1.png,2.25,2.195509554513632
2705,1714_LeafPhotoA_2025-09-09 09_09_56.290-05_00_2.png,2.25,2.044034627751045
2706,1714_LeafPhotoA_2025-09-09 09_09_56.290-05_00_3.png,2.25,2.1776231786762237
2711,1246_LeafPhotoA_2025-09-08 10_36_51.001-05_00_0.png,2.0,1.8790661116744334
2712,1246_LeafPhotoA_2025-09-08 10_36_51.001-05_00_1.png,2.0,1.859624741555043
2713,1246_LeafPhotoA_2025-09-08 10_36_51.001-05_00_2.png,2.0,1.6762038370314551
2714,1246_LeafPhotoA_2025-09-08 10_36_51.001-05_00_3.png,2.0,1.5910445097531254
2727,1742_LeafPhotoA_2025-09-09 09_58_17.497-05_00_0.png,3.0,2.3442314920644907
2728,1742_LeafPhotoA_2025-09-09 09_58_17.497-05_00_1.png,3.0,2.42604566121953
2729,1742_LeafPhotoA_2025-09-09 09_58_17.497-05_00_2.png,3.0,2.4083714813066814
2769,1265_LeafPhotoA_2025-09-08 16_21_10.202-05_00_0.png,2.25,1.9008660048779067
2783,,1.75,1.9377666107354314
2819,1969_LeafPhotoA_2025-09-09 17_06_13.365-05_00_0.png,1.25,1.8664636536427002
2820,1969_LeafPhotoA_2025-09-09 17_06_13.365-05_00_1.png,1.25,1.9216630305485296
2821,1969_LeafPhotoA_2025-09-09 17_06_13.365-05_00_2.png,1.25,1.8071804578290644
2822,1969_LeafPhotoA_2025-09-09 17_06_13.365-05_00_3.png,1.25,1.8454353668226637
2823,2402_LeafPhotoB_2025-09-08 10_41_29.920-05_00_0.png,1.0,1.557438170650729
2824,2402_LeafPhotoB_2025-09-08 10_41_29.920-05_00_1.png,1.0,1.6302610241213782
2825,2402_LeafPhotoB_2025-09-08 10_41_29.920-05_00_2.png,1.0,1.6241474705916839
2826,2402_LeafPhotoB_2025-09-08 10_41_29.920-05_00_3.png,1.0,1.5190933941910019
2837,6040_LeafPhotoA_2025-09-09 16_10_33.353-05_00_0.png,1.5,1.8302862879402146
2838,6040_LeafPhotoA_2025-09-09 16_10_33.353-05_00_1.png,1.5,1.9092429323033864
2839,6040_LeafPhotoA_2025-09-09 16_10_33.353-05_00_2.png,1.5,1.8428970972912526
2840,6040_LeafPhotoA_2025-09-09 16_10_33.353-05_00_3.png,1.5,1.892124440633971
2842,1578_LeafPhotoA_2025-09-09 09_51_18.559-05_00_0.png,1.0,1.6633029731384041
2843,1578_LeafPhotoA_2025-09-09 09_51_18.559-05_00_1.png,1.0,1.5855984949929762
2844,1578_LeafPhotoA_2025-09-09 09_51_18.559-05_00_2.png,1.0,1.6418247414377194
2845,1578_LeafPhotoA_2025-09-09 09_51_18.559-05_00_3.png,1.0,1.7809157749580788
2854,2262_LeafPhotoA_2025-09-08 12_34_17.650-05_00_0.png,1.5,1.7506395059323407
2855,2262_LeafPhotoA_2025-09-08 12_34_17.650-05_00_1.png,1.5,1.7680205117017593
2856,2262_LeafPhotoA_2025-09-08 12_34_17.650-05_00_2.png,1.5,1.5853508565469208
2857,2262_LeafPhotoA_2025-09-08 12_34_17.650-05_00_3.png,1.5,1.6453124138208066
2858,6025_LeafPhotoA_2025-09-09 16_35_46.802-05_00_0.png,1.5,1.9032292747188722
2859,6025_LeafPhotoA_2025-09-09 16_35_46.802-05_00_1.png,1.5,1.8594844367140104
2860,6025_LeafPhotoA_2025-09-09 16_35_46.802-05_00_2.png,1.5,1.8035219205365174
2861,1894_LeafPhotoA_2025-09-09 12_58_44.856-05_00_0.png,1.25,1.5671809956831817
2862,1894_LeafPhotoA_2025-09-09 12_58_44.856-05_00_1.png,1.25,1.605811644999255
2863,1894_LeafPhotoA_2025-09-09 12_58_44.856-05_00_2.png,1.25,1.6368556710599464
2864,1894_LeafPhotoA_2025-09-09 12_58_44.856-05_00_3.png,1.25,1.6100189755889869
2869,2045_LeafPhotoA_2025-09-08 11_26_04.594-05_00_0.png,1.75,1.6835069618190883
2870,2045_LeafPhotoA_2025-09-08 11_26_04.594-05_00_1.png,1.75,1.9096866441065605
2871,2045_LeafPhotoA_2025-09-08 11_26_04.594-05_00_2.png,1.75,2.0168845295732387
2884,2830_LeafPhotoA_2025-09-09 10_46_44.993-05_00_0.png,1.5,2.003935298152353
2885,2830_LeafPhotoA_2025-09-09 10_46_44.993-05_00_1.png,1.5,1.883302222956029
2886,2830_LeafPhotoA_2025-09-09 10_46_44.993-05_00_2.png,1.5,1.7456092566059678
2887,2830_LeafPhotoA_2025-09-09 10_46_44.993-05_00_3.png,1.5,1.635382116166536
2891,2919_LeafPhotoA_2025-09-09 16_43_36.577-05_00_0.png,1.5,1.7585926952868483
2892,2919_LeafPhotoA_2025-09-09 16_43_36.577-05_00_1.png,1.5,1.9231694577849165
2893,2919_LeafPhotoA_2025-09-09 16_43_36.577-05_00_2.png,1.5,1.8883970538660584
2894,2919_LeafPhotoA_2025-09-09 16_43_36.577-05_00_3.png,1.5,1.7453423749802195
2895,1978_LeafPhotoA_2025-09-09 16_46_02.859-05_00_0.png,1.25,1.761023996116972
2896,1978_LeafPhotoA_2025-09-09 16_46_02.859-05_00_1.png,1.25,1.7592012924108251
2897,1978_LeafPhotoA_2025-09-09 16_46_02.859-05_00_2.png,1.25,1.6899646167668008
2948,1269_LeafPhotoA_2025-09-08 16_17_38.730-05_00_0.png,1.75,1.8378582998072415
2949,1269_LeafPhotoA_2025-09-08 16_17_38.730-05_00_1.png,1.75,1.7966525363517314
2950,1269_LeafPhotoA_2025-09-08 16_17_38.730-05_00_2.png,1.75,1.8406025674021762
2951,1269_LeafPhotoA_2025-09-08 16_17_38.730-05_00_3.png,1.75,1.7211848211101555
2952,1908_LeafPhotoA_2025-09-09 14_44_38.996-05_00_0.png,2.5,2.1825629347768363
2953,1908_LeafPhotoA_2025-09-09 14_44_38.996-05_00_1.png,2.5,2.2335835655357696
2954,1908_LeafPhotoA_2025-09-09 14_44_38.996-05_00_2.png,2.5,2.1370711248017877
2955,1908_LeafPhotoA_2025-09-09 14_44_38.996-05_00_3.png,2.5,2.0482036819564273
2968,1468_LeafPhotoB_2025-09-08 16_31_26.894-05_00_0.png,1.25,1.719897759534552
2969,1468_LeafPhotoB_2025-09-08 16_31_26.894-05_00_1.png,1.25,1.7658596366036123
2970,1468_LeafPhotoB_2025-09-08 16_31_26.894-05_00_2.png,1.25,1.7265072597385633
2971,1468_LeafPhotoB_2025-09-08 16_31_26.894-05_00_3.png,1.25,1.6529749198653525
3003,1216_LeafPhotoA_2025-09-08 09_51_38.597-05_00_0.png,2.0,1.9029763747241863
3004,1216_LeafPhotoA_2025-09-08 09_51_38.597-05_00_1.png,2.0,2.031854288322724
3005,1216_LeafPhotoA_2025-09-08 09_51_38.597-05_00_2.png,2.0,1.8177123565248943
3006,1216_LeafPhotoA_2025-09-08 09_51_38.597-05_00_3.png,2.0,1.8774590123377968
3089,1851_LeafPhotoA_2025-09-09 13_45_07.951-05_00_0.png,1.5,2.1297435845189794
3090,1851_LeafPhotoA_2025-09-09 13_45_07.951-05_00_1.png,1.5,2.0021054133895517
3091,1851_LeafPhotoA_2025-09-09 13_45_07.951-05_00_2.png,1.5,1.8877108225747206
3092,1851_LeafPhotoA_2025-09-09 13_45_07.951-05_00_3.png,1.5,1.8463243854434719
3102,1728_LeafPhotoA_2025-09-09 09_30_58.151-05_00_0.png,3.5,2.4560909302806433
3103,1728_LeafPhotoA_2025-09-09 09_30_58.151-05_00_1.png,3.5,2.7012693371125676
3104,1728_LeafPhotoA_2025-09-09 09_30_58.151-05_00_2.png,3.5,3.131426647106711
3105,1728_LeafPhotoA_2025-09-09 09_30_58.151-05_00_3.png,3.5,3.2089638903824413
3129,2689_LeafPhotoA_2025-09-09 10_44_36.223-05_00_0.png,1.25,1.686056848340105
3130,2689_LeafPhotoA_2025-09-09 10_44_36.223-05_00_1.png,1.25,1.9413284805351492
3131,2689_LeafPhotoA_2025-09-09 10_44_36.223-05_00_2.png,1.25,1.8516153675669431
3141,1191_LeafPhotoA_2025-09-08 15_54_25.154-05_00_0.png,2.0,1.7803376267909927
3142,1191_LeafPhotoA_2025-09-08 15_54_25.154-05_00_1.png,2.0,1.834401723800258
3143,1191_LeafPhotoA_2025-09-08 15_54_25.154-05_00_2.png,2.0,2.0233788282017007
3144,1191_LeafPhotoA_2025-09-08 15_54_25.154-05_00_3.png,2.0,1.931747799377961
3185,2185_LeafPhotoA_2025-09-09 12_32_19.175-05_00_0.png,2.0,1.8914672953398397
3186,2185_LeafPhotoA_2025-09-09 12_32_19.175-05_00_1.png,2.0,2.028864596908992
3187,2185_LeafPhotoA_2025-09-09 12_32_19.175-05_00_2.png,2.0,1.9268601026502403
3188,2185_LeafPhotoA_2025-09-09 12_32_19.175-05_00_3.png,2.0,2.2900960117910345
3218,1301_LeafPhotoA_2025-09-08 10_20_06.394-05_00_0.png,1.5,1.6757901440449805
3219,1301_LeafPhotoA_2025-09-08 10_20_06.394-05_00_1.png,1.5,1.6990405387016039
3220,1301_LeafPhotoA_2025-09-08 10_20_06.394-05_00_2.png,1.5,1.7959415074465874
3221,1301_LeafPhotoA_2025-09-08 10_20_06.394-05_00_3.png,1.5,1.7819378807265684
3252,1090_LeafPhotoA_2025-09-09 11_02_26.123-05_00_0.png,1.5,2.0370152063144746
3253,1090_LeafPhotoA_2025-09-09 11_02_26.123-05_00_1.png,1.5,2.175248435276722
3254,1090_LeafPhotoA_2025-09-09 11_02_26.123-05_00_2.png,1.5,1.9128234453320798
3261,2082_LeafPhotoA_2025-09-08 12_18_36.645-05_00_0.png,1.5,1.8183085574140023
3262,2082_LeafPhotoA_2025-09-08 12_18_36.645-05_00_1.png,1.5,1.8237331827784238
3263,2082_LeafPhotoA_2025-09-08 12_18_36.645-05_00_2.png,1.5,1.6833786913349493
3264,2082_LeafPhotoA_2025-09-08 12_18_36.645-05_00_3.png,1.5,1.640877451988532
3273,2654_LeafPhotoA_2025-09-09 11_27_41.628-05_00_0.png,2.25,1.9534686315804628
3274,2654_LeafPhotoA_2025-09-09 11_27_41.628-05_00_1.png,2.25,1.9892366973183653
3275,2654_LeafPhotoA_2025-09-09 11_27_41.628-05_00_2.png,2.25,2.1031580495044597
3276,2654_LeafPhotoA_2025-09-09 11_27_41.628-05_00_3.png,2.25,2.0355588899257047
3323,2089_LeafPhotoA_2025-09-08 12_26_53.526-05_00_0.png,1.75,1.8461161280387899
3324,2089_LeafPhotoA_2025-09-08 12_26_53.526-05_00_1.png,1.75,1.8865217479123373
3325,2089_LeafPhotoA_2025-09-08 12_26_53.526-05_00_2.png,1.75,1.7651345867580017
3328,1343_LeafPhotoA_2025-09-08 10_11_04.420-05_00_0.png,1.25,1.6341676575676438
3329,1343_LeafPhotoA_2025-09-08 10_11_04.420-05_00_1.png,1.25,1.7067883787890914
3330,1343_LeafPhotoA_2025-09-08 10_11_04.420-05_00_2.png,1.25,1.6934634854068147
3331,1343_LeafPhotoA_2025-09-08 10_11_04.420-05_00_3.png,1.25,1.687244412277124
3348,2343_LeafPhotoA_2025-09-08 11_11_17.973-05_00_0.png,1.25,1.6095836854024148
3349,2343_LeafPhotoA_2025-09-08 11_11_17.973-05_00_1.png,1.25,1.6688662764367341
3350,2343_LeafPhotoA_2025-09-08 11_11_17.973-05_00_2.png,1.25,1.6685348336854593
3359,2343_LeafPhotoA_2025-09-08 11_11_03.769-05_00_0.png,1.25,1.5882301519899849
3360,2343_LeafPhotoA_2025-09-08 11_11_03.769-05_00_1.png,1.25,1.6939986002841445
3369,2393_LeafPhotoA_2025-09-08 12_17_57.585-05_00_0.png,3.0,2.261748923595056
3401,1457_LeafPhotoB_2025-09-08 12_33_31.319-05_00_0.png,2.0,1.7130743916507125
3402,1457_LeafPhotoB_2025-09-08 12_33_31.319-05_00_1.png,2.0,1.8359377730757365
3403,1457_LeafPhotoB_2025-09-08 12_33_31.319-05_00_2.png,2.0,1.8241433136249077
3404,1457_LeafPhotoB_2025-09-08 12_33_31.319-05_00_3.png,2.0,1.7152967043397447
3417,1467_LeafPhotoB_2025-09-08 16_30_30.667-05_00_0.png,2.0,1.6290053348797418
3418,1467_LeafPhotoB_2025-09-08 16_30_30.667-05_00_1.png,2.0,1.7216857171211246
3419,1467_LeafPhotoB_2025-09-08 16_30_30.667-05_00_2.png,2.0,2.047732812370861
3420,1467_LeafPhotoB_2025-09-08 16_30_30.667-05_00_3.png,2.0,1.9982594542835688
3426,1714_LeafPhotoA_2025-09-09 09_09_41.593-05_00_0.png,2.5,2.1254043376388956
3427,2325_LeafPhotoA_2025-09-08 10_53_41.168-05_00_0.png,1.25,1.7363128690168412
3428,2325_LeafPhotoA_2025-09-08 10_53_41.168-05_00_1.png,1.25,1.7507341862093342
3429,2325_LeafPhotoA_2025-09-08 10_53_41.168-05_00_2.png,1.25,1.6901849181708146
3437,1437_LeafPhotoB_2025-09-08 10_28_09.727-05_00_0.png,2.0,1.9248659333227829
3438,1437_LeafPhotoB_2025-09-08 10_28_09.727-05_00_1.png,2.0,1.8806972515251346
3439,1437_LeafPhotoB_2025-09-08 10_28_09.727-05_00_2.png,2.0,1.911435566348478
3440,1437_LeafPhotoB_2025-09-08 10_28_09.727-05_00_3.png,2.0,1.982572354097676
3453,2520_LeafPhotoA_2025-09-09 10_16_27.887-05_00_0.png,1.0,1.6498292462812703
3454,2520_LeafPhotoA_2025-09-09 10_16_27.887-05_00_1.png,1.0,1.644049384997526
3455,2520_LeafPhotoA_2025-09-09 10_16_27.887-05_00_2.png,1.0,1.6816454043704185
3456,2520_LeafPhotoA_2025-09-09 10_16_27.887-05_00_3.png,1.0,1.71823199369403
3465,2015_LeafPhotoA_2025-09-08 10_50_10.021-05_00_0.png,1.75,2.053565369879357
3466,2015_LeafPhotoA_2025-09-08 10_50_10.021-05_00_1.png,1.75,1.9161225121896073
3467,2015_LeafPhotoA_2025-09-08 10_50_10.021-05_00_2.png,1.75,1.8802474793586075
3468,2015_LeafPhotoA_2025-09-08 10_50_10.021-05_00_3.png,1.75,1.6434523465064776
3488,1191_LeafPhotoA_2025-09-08 15_54_08.755-05_00_0.png,2.25,2.1433116730580313
3489,1191_LeafPhotoA_2025-09-08 15_54_08.755-05_00_1.png,2.25,2.262105412945218
3490,1191_LeafPhotoA_2025-09-08 15_54_08.755-05_00_2.png,2.25,2.3865385766677845
3491,1191_LeafPhotoA_2025-09-08 15_54_08.755-05_00_3.png,2.25,2.357592810939706
3513,1418_LeafPhotoA_2025-09-08 09_39_31.263-05_00_0.png,1.5,1.7253578754702246
3514,1418_LeafPhotoA_2025-09-08 09_39_31.263-05_00_1.png,1.5,1.7740888169385642
3515,1418_LeafPhotoA_2025-09-08 09_39_31.263-05_00_2.png,1.5,1.7657753450848563
3516,1418_LeafPhotoA_2025-09-08 09_39_31.263-05_00_3.png,1.5,1.7863172313985267
3529,1894_LeafPhotoA_2025-09-09 17_18_06.332-05_00_0.png,1.25,1.6310503852214504
3530,1894_LeafPhotoA_2025-09-09 17_18_06.332-05_00_1.png,1.25,1.607524202478269
3531,1894_LeafPhotoA_2025-09-09 17_18_06.332-05_00_2.png,1.25,1.5616390927063442
3532,1894_LeafPhotoA_2025-09-09 17_18_06.332-05_00_3.png,1.25,1.6049268028166892
11,1346_LeafPhotoA_2025-09-08 10_15_00.579-05_00_0.png,3.0,2.4303922967512372
12,1346_LeafPhotoA_2025-09-08 10_15_00.579-05_00_1.png,3.0,1.984018761290095
13,1346_LeafPhotoA_2025-09-08 10_15_00.579-05_00_2.png,3.0,2.095240565152996
14,1346_LeafPhotoA_2025-09-08 10_15_00.579-05_00_3.png,3.0,2.351311391482236
21,2664_LeafPhotoA_2025-09-09 11_37_29.251-05_00_0.png,2.0,2.2453572270066293
22,2664_LeafPhotoA_2025-09-09 11_37_29.251-05_00_1.png,2.0,2.3630741563688193
23,2664_LeafPhotoA_2025-09-09 11_37_29.251-05_00_2.png,2.0,2.2106426617637083
24,2664_LeafPhotoA_2025-09-09 11_37_29.251-05_00_3.png,2.0,2.0149621813958016
27,1427_LeafPhotoB_2025-09-08 10_19_32.588-05_00_0.png,2.75,2.2628982093542866
28,1427_LeafPhotoB_2025-09-08 10_19_32.588-05_00_1.png,2.75,2.1703222077213846
29,1427_LeafPhotoB_2025-09-08 10_19_32.588-05_00_2.png,2.75,2.410665840946285
46,1118_LeafPhotoA_2025-09-08 10_03_02.378-05_00_0.png,1.0,1.5676856443444205
47,1118_LeafPhotoA_2025-09-08 10_03_02.378-05_00_1.png,1.0,1.7280500660075324
48,1118_LeafPhotoA_2025-09-08 10_03_02.378-05_00_2.png,1.0,1.6324366618704982
49,1118_LeafPhotoA_2025-09-08 10_03_02.378-05_00_3.png,1.0,1.5557429694569063
54,1608_LeafPhotoA_2025-09-09 09_23_59.629-05_00_0.png,1.75,1.647462002020705
55,1608_LeafPhotoA_2025-09-09 09_23_59.629-05_00_1.png,1.75,1.6411578907969064
56,1608_LeafPhotoA_2025-09-09 09_23_59.629-05_00_2.png,1.75,1.7303919853702048
57,1608_LeafPhotoA_2025-09-09 09_23_59.629-05_00_3.png,1.75,2.1435692216897952
58,1048_LeafPhotoA_2025-09-08 10_27_26.311-05_00_0.png,1.25,1.5637994898145593
59,1048_LeafPhotoA_2025-09-08 10_27_26.311-05_00_1.png,1.25,1.6404874513171737
60,1048_LeafPhotoA_2025-09-08 10_27_26.311-05_00_2.png,1.25,1.6088846709007782
61,1048_LeafPhotoA_2025-09-08 10_27_26.311-05_00_3.png,1.25,1.7084660883465292
73,2906_LeafPhotoA_2025-09-09 16_24_18.555-05_00_0.png,1.75,2.0310524846334728
74,2906_LeafPhotoA_2025-09-09 16_24_18.555-05_00_1.png,1.75,1.8706363496593275
75,2906_LeafPhotoA_2025-09-09 16_24_18.555-05_00_2.png,1.75,1.8862996877120473
76,2906_LeafPhotoA_2025-09-09 16_24_18.555-05_00_3.png,1.75,1.866770481881755
107,2685_LeafPhotoA_2025-09-09 10_50_31.334-05_00_0.png,2.25,1.987426265005528
108,2685_LeafPhotoA_2025-09-09 10_50_31.334-05_00_1.png,2.25,2.1187369218087344
109,2685_LeafPhotoA_2025-09-09 10_50_31.334-05_00_2.png,2.25,1.9489475577768676
126,1672_LeafPhotoA_2025-09-09 09_45_47.566-05_00_0.png,1.75,1.838739938804047
127,1672_LeafPhotoA_2025-09-09 09_45_47.566-05_00_1.png,1.75,1.922738391376213
128,1672_LeafPhotoA_2025-09-09 09_45_47.566-05_00_2.png,1.75,1.8878708252813687
133,1680_LeafPhotoA_2025-09-09 09_30_52.328-05_00_0.png,1.25,1.405238893377596
134,1680_LeafPhotoA_2025-09-09 09_30_52.328-05_00_1.png,1.25,1.4378235079454944
135,6016_LeafPhotoA_2025-09-09 16_48_44.576-05_00_0.png,1.5,1.5417640417368779
136,6016_LeafPhotoA_2025-09-09 16_48_44.576-05_00_1.png,1.5,1.7042810897661431
137,6016_LeafPhotoA_2025-09-09 16_48_44.576-05_00_2.png,1.5,1.7049270509412973
156,1272_LeafPhotoA_2025-09-08 16_15_18.232-05_00_0.png,3.25,2.8255984003526584
157,1272_LeafPhotoA_2025-09-08 16_15_18.232-05_00_1.png,3.25,2.3997523138894543
158,1272_LeafPhotoA_2025-09-08 16_15_18.232-05_00_2.png,3.25,2.3344314220579587
167,2715_LeafPhotoA_2025-09-09 10_34_49.690-05_00_0.png,2.25,1.994151080518315
168,2715_LeafPhotoA_2025-09-09 10_34_49.690-05_00_1.png,2.25,1.9322119008482799
169,2715_LeafPhotoA_2025-09-09 10_34_49.690-05_00_2.png,2.25,2.054963497575644
170,2715_LeafPhotoA_2025-09-09 10_34_49.690-05_00_3.png,2.25,2.385555642671743
210,1587_LeafPhotoA_2025-09-09 09_37_51.582-05_00_0.png,1.5,1.7679141243334826
211,1587_LeafPhotoA_2025-09-09 09_37_51.582-05_00_1.png,1.5,1.548051147411562
212,1587_LeafPhotoA_2025-09-09 09_37_51.582-05_00_2.png,1.5,1.545495967437168
213,1587_LeafPhotoA_2025-09-09 09_37_51.582-05_00_3.png,1.5,1.6157673818296627
239,,1.25,1.8105532049762645
240,,1.5,1.8105532049762645
293,2650_LeafPhotoA_2025-09-09 11_24_20.852-05_00_0.png,1.0,1.4956818118698678
294,2650_LeafPhotoA_2025-09-09 11_24_20.852-05_00_1.png,1.0,1.540575535964831
295,2650_LeafPhotoA_2025-09-09 11_24_20.852-05_00_2.png,1.0,1.5728417642339487
296,2650_LeafPhotoA_2025-09-09 11_24_20.852-05_00_3.png,1.0,1.5351092439605905
305,2197_LeafPhotoA_2025-09-08 17_07_18.265-05_00_0.png,1.0,1.729486984430204
306,2197_LeafPhotoA_2025-09-08 17_07_18.265-05_00_1.png,1.0,1.5919376173872335
307,2197_LeafPhotoA_2025-09-08 17_07_18.265-05_00_2.png,1.0,1.725494727952484
308,2197_LeafPhotoA_2025-09-08 17_07_18.265-05_00_3.png,1.0,1.6709859963885345
364,1623_LeafPhotoA_2025-09-09 09_58_46.896-05_00_0.png,2.0,1.8866159945320524
365,1623_LeafPhotoA_2025-09-09 09_58_46.896-05_00_1.png,2.0,2.0536954058328245
366,1623_LeafPhotoA_2025-09-09 09_58_46.896-05_00_2.png,2.0,2.0553594034239127
367,1623_LeafPhotoA_2025-09-09 09_58_46.896-05_00_3.png,2.0,1.996561599948417
372,2495_LeafPhotoB_2025-09-08 12_20_03.955-05_00_0.png,1.0,1.6869599333831267
373,2495_LeafPhotoB_2025-09-08 12_20_03.955-05_00_1.png,1.0,1.6181340355456901
374,2495_LeafPhotoB_2025-09-08 12_20_03.955-05_00_2.png,1.0,1.5104589429801794
375,2495_LeafPhotoB_2025-09-08 12_20_03.955-05_00_3.png,1.0,1.5355693667961838
387,1623_LeafPhotoA_2025-09-09 09_57_37.816-05_00_0.png,1.75,1.994530946847861
388,1623_LeafPhotoA_2025-09-09 09_57_37.816-05_00_1.png,1.75,1.911481373553671
389,1623_LeafPhotoA_2025-09-09 09_57_37.816-05_00_2.png,1.75,1.9140498955660903
390,1623_LeafPhotoA_2025-09-09 09_57_37.816-05_00_3.png,1.75,1.7810428093994393
399,1136_LeafPhotoA_2025-09-08 10_28_29.129-05_00_0.png,1.5,1.6083134955819134
404,2649_LeafPhotoA_2025-09-09 11_26_12.925-05_00_0.png,3.0,2.317013268591467
405,2649_LeafPhotoA_2025-09-09 11_26_12.925-05_00_1.png,3.0,2.157110407089741
406,2649_LeafPhotoA_2025-09-09 11_26_12.925-05_00_2.png,3.0,1.7298467757557947
411,2011_LeafPhotoA_2025-09-08 10_45_16.513-05_00_0.png,2.0,1.9201866200360445
412,2011_LeafPhotoA_2025-09-08 10_45_16.513-05_00_1.png,2.0,1.9558973199640173
413,2011_LeafPhotoA_2025-09-08 10_45_16.513-05_00_2.png,2.0,1.863092046467516
414,2011_LeafPhotoA_2025-09-08 10_45_16.513-05_00_3.png,2.0,1.877021595750311
436,2748_LeafPhotoA_2025-09-09 11_19_26.990-05_00_0.png,3.25,2.7310563418470575
437,2748_LeafPhotoA_2025-09-09 11_19_26.990-05_00_1.png,3.25,2.750747562559024
438,2748_LeafPhotoA_2025-09-09 11_19_26.990-05_00_2.png,3.25,2.7598933338481144
439,2748_LeafPhotoA_2025-09-09 11_19_26.990-05_00_3.png,3.25,2.7892683156129947
479,6049_LeafPhotoA_2025-09-09 15_54_47.227-05_00_0.png,1.0,1.6489336622457993
480,6049_LeafPhotoA_2025-09-09 15_54_47.227-05_00_1.png,1.0,1.7037303869443363
481,6049_LeafPhotoA_2025-09-09 15_54_47.227-05_00_2.png,1.0,1.6318405615926883
482,6049_LeafPhotoA_2025-09-09 15_54_47.227-05_00_3.png,1.0,1.7012014210594302
491,1882_LeafPhotoA_2025-09-09 13_17_09.662-05_00_0.png,1.75,1.7915502851350251
492,1882_LeafPhotoA_2025-09-09 13_17_09.662-05_00_1.png,1.75,1.9716657131903714
493,1882_LeafPhotoA_2025-09-09 13_17_09.662-05_00_2.png,1.75,1.9144316188090362
528,1419_LeafPhotoA_2025-09-08 09_40_27.704-05_00_0.png,1.75,1.6172937757130739
529,1419_LeafPhotoA_2025-09-08 09_40_27.704-05_00_1.png,1.75,1.9378061115508265
530,1419_LeafPhotoA_2025-09-08 09_40_27.704-05_00_2.png,1.75,1.8559088213343253
531,1419_LeafPhotoA_2025-09-08 09_40_27.704-05_00_3.png,1.75,1.5202741590772402
577,2263_LeafPhotoA_2025-09-08 12_36_09.842-05_00_0.png,1.0,1.5232381557090462
578,2263_LeafPhotoA_2025-09-08 12_36_09.842-05_00_1.png,1.0,1.4922073559878815
579,2263_LeafPhotoA_2025-09-08 12_36_09.842-05_00_2.png,1.0,1.470153320347739
580,2263_LeafPhotoA_2025-09-08 12_36_09.842-05_00_3.png,1.0,1.6024052859308524
585,1893_LeafPhotoA_2025-09-09 17_17_29.747-05_00_0.png,2.5,1.9893908228518453
586,1893_LeafPhotoA_2025-09-09 17_17_29.747-05_00_1.png,2.5,1.9568308210591008
587,1893_LeafPhotoA_2025-09-09 17_17_29.747-05_00_2.png,2.5,2.031995556321417
588,1893_LeafPhotoA_2025-09-09 17_17_29.747-05_00_3.png,2.5,2.04424305635294
705,2106_LeafPhotoA_2025-09-08 11_01_04.699-05_00_0.png,1.0,1.4281668724977215
706,2106_LeafPhotoA_2025-09-08 11_01_04.699-05_00_1.png,1.0,1.4542060071958471
707,2106_LeafPhotoA_2025-09-08 11_01_04.699-05_00_2.png,1.0,1.4551932754610997
708,2106_LeafPhotoA_2025-09-08 11_01_04.699-05_00_3.png,1.0,1.4357483465080454
723,1772_LeafPhotoA_2025-09-09 09_57_17.313-05_00_0.png,1.25,1.6173849375598608
724,1772_LeafPhotoA_2025-09-09 09_57_17.313-05_00_1.png,1.25,1.7288566434613515
725,1772_LeafPhotoA_2025-09-09 09_57_17.313-05_00_2.png,1.25,1.7547888255709825
726,1772_LeafPhotoA_2025-09-09 09_57_17.313-05_00_3.png,1.25,1.711836425090754
737,1210_LeafPhotoA_2025-09-08 09_39_04.129-05_00_0.png,1.25,1.7988593580576102
738,1210_LeafPhotoA_2025-09-08 09_39_04.129-05_00_1.png,1.25,1.7863053874941812
739,1210_LeafPhotoA_2025-09-08 09_39_04.129-05_00_2.png,1.25,1.886996364456407
740,1210_LeafPhotoA_2025-09-08 09_39_04.129-05_00_3.png,1.25,1.793078882330637
764,6015_LeafPhotoA_2025-09-09 16_52_18.680-05_00_0.png,1.0,1.6095996260240761
765,6015_LeafPhotoA_2025-09-09 16_52_18.680-05_00_1.png,1.0,1.6593778513153508
784,1495_LeafPhotoB_2025-09-08 16_59_04.309-05_00_0.png,1.5,1.8671379756334883
785,1495_LeafPhotoB_2025-09-08 16_59_04.309-05_00_1.png,1.5,1.7412040612922717
786,1495_LeafPhotoB_2025-09-08 16_59_04.309-05_00_2.png,1.5,1.9526284881672133
787,1495_LeafPhotoB_2025-09-08 16_59_04.309-05_00_3.png,1.5,1.8094540766063358
811,2150_LeafPhotoA_2025-09-08 12_22_07.286-05_00_0.png,1.5,1.6782748485805894
812,2150_LeafPhotoA_2025-09-08 12_22_07.286-05_00_1.png,1.5,1.7770652786957093
813,2150_LeafPhotoA_2025-09-08 12_22_07.286-05_00_2.png,1.5,1.7712917402541764
814,2150_LeafPhotoA_2025-09-08 12_22_07.286-05_00_3.png,1.5,1.656379644787079
819,1452_LeafPhotoB_2025-09-08 12_28_36.613-05_00_0.png,1.0,1.5818071794503432
820,1452_LeafPhotoB_2025-09-08 12_28_36.613-05_00_1.png,1.0,1.5859143524698027
821,1452_LeafPhotoB_2025-09-08 12_28_36.613-05_00_2.png,1.0,1.5146057270284976
822,1452_LeafPhotoB_2025-09-08 12_28_36.613-05_00_3.png,1.0,1.5888467056773103
827,2317_LeafPhotoA_2025-09-08 10_45_32.243-05_00_0.png,3.25,2.6090351331567456
828,2317_LeafPhotoA_2025-09-08 10_45_32.243-05_00_1.png,3.25,2.4607646319001772
829,2317_LeafPhotoA_2025-09-08 10_45_32.243-05_00_2.png,3.25,2.285231892714916
830,2317_LeafPhotoA_2025-09-08 10_45_32.243-05_00_3.png,3.25,2.318562588488115
839,2235_LeafPhotoA_2025-09-08 11_40_03.588-05_00_0.png,2.5,2.13246451243169
840,2235_LeafPhotoA_2025-09-08 11_40_03.588-05_00_1.png,2.5,2.129179231928094
841,2235_LeafPhotoA_2025-09-08 11_40_03.588-05_00_2.png,2.5,2.1680668771722136
842,2235_LeafPhotoA_2025-09-08 11_40_03.588-05_00_3.png,2.5,2.1659625800138307
851,1396_LeafPhotoA_2025-09-08 13_22_43.424-05_00_0.png,1.5,1.6360369469859242
852,1396_LeafPhotoA_2025-09-08 13_22_43.424-05_00_1.png,1.5,1.7278577553700059
853,1396_LeafPhotoA_2025-09-08 13_22_43.424-05_00_2.png,1.5,2.0755496594478817
854,1396_LeafPhotoA_2025-09-08 13_22_43.424-05_00_3.png,1.5,2.0012159485184484
863,1480_LeafPhotoB_2025-09-08 16_44_45.429-05_00_0.png,1.75,1.9252196763504805
874,2625_LeafPhotoA_2025-09-09 12_15_05.460-05_00_0.png,2.75,1.8042278231932114
875,2625_LeafPhotoA_2025-09-09 12_15_05.460-05_00_1.png,2.75,1.6724558514563344
876,2625_LeafPhotoA_2025-09-09 12_15_05.460-05_00_2.png,2.75,1.6535461628866586
877,2625_LeafPhotoA_2025-09-09 12_15_05.460-05_00_3.png,2.75,1.629224608393036
894,2742_LeafPhotoA_2025-09-09 11_11_59.314-05_00_0.png,2.75,2.800966180181243
895,2742_LeafPhotoA_2025-09-09 11_11_59.314-05_00_1.png,2.75,2.5567798096565038
896,2742_LeafPhotoA_2025-09-09 11_11_59.314-05_00_2.png,2.75,2.3383603161826247
897,2742_LeafPhotoA_2025-09-09 11_11_59.314-05_00_3.png,2.75,2.301656088904325
945,6018_LeafPhotoA_2025-09-09 16_46_05.626-05_00_0.png,1.0,1.5897934549647985
946,6018_LeafPhotoA_2025-09-09 16_46_05.626-05_00_1.png,1.0,1.573257413806791
947,6018_LeafPhotoA_2025-09-09 16_46_05.626-05_00_2.png,1.0,1.6187416598762874
948,6018_LeafPhotoA_2025-09-09 16_46_05.626-05_00_3.png,1.0,1.8438980021768083
949,1882_LeafPhotoA_2025-09-09 13_17_22.842-05_00_0.png,1.75,1.7605902790007015
950,1882_LeafPhotoA_2025-09-09 13_17_22.842-05_00_1.png,1.75,1.6374685155611284
951,1882_LeafPhotoA_2025-09-09 13_17_22.842-05_00_2.png,1.75,1.688133425941803
952,1882_LeafPhotoA_2025-09-09 13_17_22.842-05_00_3.png,1.75,1.770519902354269
956,1095_LeafPhotoA_2025-09-09 11_06_50.542-05_00_0.png,1.5,1.9320014875421703
957,1095_LeafPhotoA_2025-09-09 11_06_50.542-05_00_1.png,1.5,1.7295667870745643
958,1095_LeafPhotoA_2025-09-09 11_06_50.542-05_00_2.png,1.5,1.7470122112727222
959,1095_LeafPhotoA_2025-09-09 11_06_50.542-05_00_3.png,1.5,1.8796652690905915
971,2887_LeafPhotoA_2025-09-09 14_03_46.022-05_00_0.png,2.5,1.9866528845318865
972,2887_LeafPhotoA_2025-09-09 14_03_46.022-05_00_1.png,2.5,2.2970701482443197
973,2887_LeafPhotoA_2025-09-09 14_03_46.022-05_00_2.png,2.5,2.0831301838171394
974,1689_LeafPhotoA_2025-09-09 09_13_19.326-05_00_0.png,1.0,1.9568316195234623
975,1689_LeafPhotoA_2025-09-09 09_13_19.326-05_00_1.png,1.0,1.9689031357721964
980,,2.75,1.8105532049762645
989,2035_LeafPhotoA_2025-09-08 11_13_14.336-05_00_0.png,1.25,1.5773137588917172
990,2035_LeafPhotoA_2025-09-08 11_13_14.336-05_00_1.png,1.25,1.5789577315945453
991,2035_LeafPhotoA_2025-09-08 11_13_14.336-05_00_2.png,1.25,1.6569591254065403
992,2035_LeafPhotoA_2025-09-08 11_13_14.336-05_00_3.png,1.25,1.626926466554333
1010,1549_LeafPhotoA_2025-09-09 09_50_49.099-05_00_0.png,2.75,2.6597563674312665
1011,1549_LeafPhotoA_2025-09-09 09_50_49.099-05_00_1.png,2.75,2.4188611148953303
1012,1549_LeafPhotoA_2025-09-09 09_50_49.099-05_00_2.png,2.75,2.1419891866939933
1013,1549_LeafPhotoA_2025-09-09 09_50_49.099-05_00_3.png,2.75,1.9389604612175992
1034,1874_LeafPhotoA_2025-09-09 13_24_05.096-05_00_0.png,1.25,1.7690334030434665
1035,1874_LeafPhotoA_2025-09-09 13_24_05.096-05_00_1.png,1.25,1.6583877372385758
1036,1874_LeafPhotoA_2025-09-09 13_24_05.096-05_00_2.png,1.25,1.639854468594541
1037,1874_LeafPhotoA_2025-09-09 13_24_05.096-05_00_3.png,1.25,1.642844743385754
1044,1577_LeafPhotoA_2025-09-09 09_51_50.173-05_00_0.png,1.75,1.923281179787275
1045,1577_LeafPhotoA_2025-09-09 09_51_50.173-05_00_1.png,1.75,1.9993691668091231
1046,1577_LeafPhotoA_2025-09-09 09_51_50.173-05_00_2.png,1.75,2.099648654658198
1065,1218_LeafPhotoA_2025-09-08 09_55_48.140-05_00_0.png,3.5,2.5544147049563675
1066,1218_LeafPhotoA_2025-09-08 09_55_48.140-05_00_1.png,3.5,2.1641587428309546
1067,1218_LeafPhotoA_2025-09-08 09_55_48.140-05_00_2.png,3.5,2.1192197681556575
1068,1218_LeafPhotoA_2025-09-08 09_55_48.140-05_00_3.png,3.5,2.2169004490749704
1069,5036_LeafPhotoA_2025-09-09 17_09_05.761-05_00_0.png,1.5,1.6598480730548266
1070,5036_LeafPhotoA_2025-09-09 17_09_05.761-05_00_1.png,1.5,1.5646001264172675
1071,5036_LeafPhotoA_2025-09-09 17_09_05.761-05_00_2.png,1.5,1.5905928411691368
1072,5036_LeafPhotoA_2025-09-09 17_09_05.761-05_00_3.png,1.5,1.555789296730799
1077,6010_LeafPhotoA_2025-09-09 17_01_22.660-05_00_0.png,1.25,1.5971647844477397
1078,6010_LeafPhotoA_2025-09-09 17_01_22.660-05_00_1.png,1.25,1.5842139531663428
1079,6010_LeafPhotoA_2025-09-09 17_01_22.660-05_00_2.png,1.25,1.662861713205633
1080,6010_LeafPhotoA_2025-09-09 17_01_22.660-05_00_3.png,1.25,1.6793175370891384
1121,2772_LeafPhotoA_2025-09-09 15_47_32.015-05_00_0.png,1.0,1.6912024365222438
1122,2772_LeafPhotoA_2025-09-09 15_47_32.015-05_00_1.png,1.0,1.651766793113472
1123,2772_LeafPhotoA_2025-09-09 15_47_32.015-05_00_2.png,1.0,1.6691667484817294
1124,,1.5,1.8105532049762645
1127,2656_LeafPhotoA_2025-09-09 11_30_02.897-05_00_0.png,2.0,1.8343649810613583
1128,2656_LeafPhotoA_2025-09-09 11_30_02.897-05_00_1.png,2.0,1.7104735117353522
1129,2656_LeafPhotoA_2025-09-09 11_30_02.897-05_00_2.png,2.0,1.9441103912843554
1138,,1.5,1.8105532049762645
1139,1427_LeafPhotoA_2025-09-08 09_49_32.229-05_00_0.png,3.25,2.134815491135379
1140,1427_LeafPhotoA_2025-09-08 09_49_32.229-05_00_1.png,3.25,2.123119871917836
1141,1427_LeafPhotoA_2025-09-08 09_49_32.229-05_00_2.png,3.25,2.2993006729776395
1142,1427_LeafPhotoA_2025-09-08 09_49_32.229-05_00_3.png,3.25,2.3249380078018818
1201,2186_LeafPhotoA_2025-09-09 12_31_28.944-05_00_0.png,2.5,2.805878878862418
1202,2186_LeafPhotoA_2025-09-09 12_31_28.944-05_00_1.png,2.5,2.9783404675175187
1203,2186_LeafPhotoA_2025-09-09 12_31_28.944-05_00_2.png,2.5,3.046737003004948
1204,2186_LeafPhotoA_2025-09-09 12_31_28.944-05_00_3.png,2.5,2.953959663802992
1205,1792_LeafPhotoA_2025-09-09 09_09_06.607-05_00_0.png,1.25,1.4615802601170984
1206,1792_LeafPhotoA_2025-09-09 09_09_06.607-05_00_1.png,1.25,1.4865331210891148
1207,1792_LeafPhotoA_2025-09-09 09_09_06.607-05_00_2.png,1.25,1.6795813012760679
1208,1792_LeafPhotoA_2025-09-09 09_09_06.607-05_00_3.png,1.25,1.7137273452113337
1214,1137_LeafPhotoA_2025-09-08 10_30_17.775-05_00_0.png,1.5,1.9292283474609326
1215,1137_LeafPhotoA_2025-09-08 10_30_17.775-05_00_1.png,1.5,1.7999135974319806
1216,1137_LeafPhotoA_2025-09-08 10_30_17.775-05_00_2.png,1.5,1.5777673240475345
1217,1137_LeafPhotoA_2025-09-08 10_30_17.775-05_00_3.png,1.5,1.747850741692785
1226,2140_LeafPhotoA_2025-09-08 12_01_54.848-05_00_0.png,2.25,2.029556610155949
1227,2140_LeafPhotoA_2025-09-08 12_01_54.848-05_00_1.png,2.25,1.980895216655013
1228,2140_LeafPhotoA_2025-09-08 12_01_54.848-05_00_2.png,2.25,1.9226043486580926
1243,5021_LeafPhotoA_2025-09-09 16_37_05.057-05_00_0.png,1.75,1.8549231942525881
1244,5021_LeafPhotoA_2025-09-09 16_37_05.057-05_00_1.png,1.75,1.7589192901826411
1245,5021_LeafPhotoA_2025-09-09 16_37_05.057-05_00_2.png,1.75,1.6265770625653801
1246,5021_LeafPhotoA_2025-09-09 16_37_05.057-05_00_3.png,1.75,1.679119054518967
1285,5006_LeafPhotoA_2025-09-09 16_01_39.048-05_00_0.png,1.25,1.5117040206391255
1286,5006_LeafPhotoA_2025-09-09 16_01_39.048-05_00_1.png,1.25,1.7006750444325291
1287,5006_LeafPhotoA_2025-09-09 16_01_39.048-05_00_2.png,1.25,1.7233952160267705
1288,5006_LeafPhotoA_2025-09-09 16_01_39.048-05_00_3.png,1.25,1.5041576932121972
1289,1157_LeafPhotoA_2025-09-08 16_50_24.357-05_00_0.png,2.5,1.9935300997390666
1290,1157_LeafPhotoA_2025-09-08 16_50_24.357-05_00_1.png,2.5,2.2339837241872096
1291,1157_LeafPhotoA_2025-09-08 16_50_24.357-05_00_2.png,2.5,2.088818424147662
1300,2956_LeafPhotoA_2025-09-09 15_59_30.545-05_00_0.png,1.5,2.0156435103209485
1301,2956_LeafPhotoA_2025-09-09 15_59_30.545-05_00_1.png,1.5,1.9211283799552574
1302,2956_LeafPhotoA_2025-09-09 15_59_30.545-05_00_2.png,1.5,1.9209219272890405
1303,2956_LeafPhotoA_2025-09-09 15_59_30.545-05_00_3.png,1.5,1.754656218507371
1304,1638_LeafPhotoA_2025-09-09 10_27_46.342-05_00_0.png,2.5,2.1753434513811367
1305,1638_LeafPhotoA_2025-09-09 10_27_46.342-05_00_1.png,2.5,2.4930544405848933
1306,1638_LeafPhotoA_2025-09-09 10_27_46.342-05_00_2.png,2.5,2.4302174460507344
1307,1638_LeafPhotoA_2025-09-09 10_27_46.342-05_00_3.png,2.5,2.0003244297291447
1316,2464_LeafPhotoB_2025-09-08 11_41_40.408-05_00_0.png,2.75,2.1628029815189826
1317,2464_LeafPhotoB_2025-09-08 11_41_40.408-05_00_1.png,2.75,1.8596988918656265
1318,2464_LeafPhotoB_2025-09-08 11_41_40.408-05_00_2.png,2.75,1.8023098340481756
1319,2464_LeafPhotoB_2025-09-08 11_41_40.408-05_00_3.png,2.75,1.8333329214819516
1324,6043_LeafPhotoA_2025-09-09 16_04_16.208-05_00_0.png,2.0,1.5711061924415106
1325,6043_LeafPhotoA_2025-09-09 16_04_16.208-05_00_1.png,2.0,1.8543783233343023
1326,6043_LeafPhotoA_2025-09-09 16_04_16.208-05_00_2.png,2.0,1.8496573652914952
1327,6043_LeafPhotoA_2025-09-09 16_04_16.208-05_00_3.png,2.0,1.8205370976068758
1328,1534_LeafPhotoA_2025-09-09 09_32_36.020-05_00_0.png,2.75,2.335202022243806
1329,1534_LeafPhotoA_2025-09-09 09_32_36.020-05_00_1.png,2.75,2.4131573039439562
1330,1534_LeafPhotoA_2025-09-09 09_32_36.020-05_00_2.png,2.75,2.1008226778515815
1331,1534_LeafPhotoA_2025-09-09 09_32_36.020-05_00_3.png,2.75,1.8160998476094983
1336,,1.0,1.8105532049762645
1337,2453_LeafPhotoB_2025-09-08 11_30_51.747-05_00_0.png,1.75,1.9663343416720462
1338,2453_LeafPhotoB_2025-09-08 11_30_51.747-05_00_1.png,1.75,2.0722862428316553
1339,2453_LeafPhotoB_2025-09-08 11_30_51.747-05_00_2.png,1.75,2.0139748769274473
1340,2453_LeafPhotoB_2025-09-08 11_30_51.747-05_00_3.png,1.75,1.9192447796334202
1341,,2.25,1.8105532049762645
1348,1539_LeafPhotoA_2025-09-09 09_37_58.578-05_00_0.png,2.0,1.8594223770966938
1349,1539_LeafPhotoA_2025-09-09 09_37_58.578-05_00_1.png,2.0,1.8874951262483421
1350,1539_LeafPhotoA_2025-09-09 09_37_58.578-05_00_2.png,2.0,1.922684002331305
1351,1539_LeafPhotoA_2025-09-09 09_37_58.578-05_00_3.png,2.0,1.9422471698341115
1375,,2.75,1.8105532049762645
1404,2505_LeafPhotoA_2025-09-09 10_00_57.054-05_00_0.png,1.25,1.6782004169036244
1405,2505_LeafPhotoA_2025-09-09 10_00_57.054-05_00_1.png,1.25,1.734565568410457
1406,2505_LeafPhotoA_2025-09-09 10_00_57.054-05_00_2.png,1.25,1.69843591636772
1407,2505_LeafPhotoA_2025-09-09 10_00_57.054-05_00_3.png,1.25,1.66830081219359
1408,1479_LeafPhotoB_2025-09-08 16_43_58.192-05_00_0.png,2.25,1.9284807666855839
1409,1479_LeafPhotoB_2025-09-08 16_43_58.192-05_00_1.png,2.25,1.9137679816555357
1410,1479_LeafPhotoB_2025-09-08 16_43_58.192-05_00_2.png,2.25,1.9583698250104615
1411,1479_LeafPhotoB_2025-09-08 16_43_58.192-05_00_3.png,2.25,2.0644599995740265
1420,5016_LeafPhotoA_2025-09-09 16_24_50.932-05_00_0.png,1.0,1.6319610079624127
1421,5016_LeafPhotoA_2025-09-09 16_24_50.932-05_00_1.png,1.0,1.6208016550899433
1422,5016_LeafPhotoA_2025-09-09 16_24_50.932-05_00_2.png,1.0,1.619626154590164
1423,5016_LeafPhotoA_2025-09-09 16_24_50.932-05_00_3.png,1.0,1.644561252048819
1431,,1.25,1.8105532049762645
1436,1385_LeafPhotoA_2025-09-08 13_04_24.143-05_00_0.png,2.0,2.010673639071894
1437,1385_LeafPhotoA_2025-09-08 13_04_24.143-05_00_1.png,2.0,1.8934495452115203
1438,1385_LeafPhotoA_2025-09-08 13_04_24.143-05_00_2.png,2.0,1.9398993830950853
1450,,1.25,1.8105532049762645
1465,1391_LeafPhotoA_2025-09-08 13_11_35.950-05_00_0.png,4.5,2.578060954799198
1466,1391_LeafPhotoA_2025-09-08 13_11_35.950-05_00_1.png,4.5,2.668363870582354
1467,1391_LeafPhotoA_2025-09-08 13_11_35.950-05_00_2.png,4.5,2.484451125762996
1468,1391_LeafPhotoA_2025-09-08 13_11_35.950-05_00_3.png,4.5,2.4829406098368234
1497,,2.0,1.8105532049762645
1502,2145_LeafPhotoA_2025-09-08 12_12_59.236-05_00_0.png,2.0,1.8328094038529423
1503,2145_LeafPhotoA_2025-09-08 12_12_59.236-05_00_1.png,2.0,1.8341361177965143
1504,2145_LeafPhotoA_2025-09-08 12_12_59.236-05_00_2.png,2.0,2.1597351731905112
1505,2145_LeafPhotoA_2025-09-08 12_12_59.236-05_00_3.png,2.0,2.1131833912950766
1528,1941_LeafPhotoA_2025-09-09 15_40_00.245-05_00_0.png,2.0,1.9161959441044316
1529,1941_LeafPhotoA_2025-09-09 15_40_00.245-05_00_1.png,2.0,1.8658735514665397
1530,1941_LeafPhotoA_2025-09-09 15_40_00.245-05_00_2.png,2.0,1.9316889190638216
1535,1118_LeafPhotoA_2025-09-08 10_02_17.783-05_00_0.png,1.75,1.9864684062497515
1536,1118_LeafPhotoA_2025-09-08 10_02_17.783-05_00_1.png,1.75,1.9133222239429057
1537,1118_LeafPhotoA_2025-09-08 10_02_17.783-05_00_2.png,1.75,1.831162124015853
1538,1118_LeafPhotoA_2025-09-08 10_02_17.783-05_00_3.png,1.75,1.9187117084479117
1539,2030_LeafPhotoA_2025-09-08 11_08_05.704-05_00_0.png,1.75,1.6381846368970625
1540,2030_LeafPhotoA_2025-09-08 11_08_05.704-05_00_1.png,1.75,1.5816435908580488
1541,2030_LeafPhotoA_2025-09-08 11_08_05.704-05_00_2.png,1.75,1.585563895065794
1542,2030_LeafPhotoA_2025-09-08 11_08_05.704-05_00_3.png,1.75,1.76488804589991
1555,,1.5,1.8105532049762645
1561,1405_LeafPhotoB_2025-09-08 09_59_46.991-05_00_0.png,1.0,1.5660961623542662
1562,1405_LeafPhotoB_2025-09-08 09_59_46.991-05_00_1.png,1.0,1.66354631505674
1563,1405_LeafPhotoB_2025-09-08 09_59_46.991-05_00_2.png,1.0,1.8192636902772474
1564,1405_LeafPhotoB_2025-09-08 09_59_46.991-05_00_3.png,1.0,1.7906884892511699
1573,1603_LeafPhotoA_2025-09-09 08_56_04.202-05_00_0.png,2.75,2.068322205550724
1574,1603_LeafPhotoA_2025-09-09 08_56_04.202-05_00_1.png,2.75,2.0670478916347226
1575,1603_LeafPhotoA_2025-09-09 08_56_04.202-05_00_2.png,2.75,1.9908793241596185
1576,1603_LeafPhotoA_2025-09-09 08_56_04.202-05_00_3.png,2.75,2.0576317556457258
1611,2186_LeafPhotoA_2025-09-09 12_31_18.903-05_00_0.png,2.75,2.4251457863158845
1612,2186_LeafPhotoA_2025-09-09 12_31_18.903-05_00_1.png,2.75,2.8397676389281954
1613,2186_LeafPhotoA_2025-09-09 12_31_18.903-05_00_2.png,2.75,3.1423251938751333
1614,2186_LeafPhotoA_2025-09-09 12_31_18.903-05_00_3.png,2.75,3.3464026959841977
1643,1385_LeafPhotoA_2025-09-08 13_05_07.306-05_00_0.png,2.75,2.0045989262889776
1644,1385_LeafPhotoA_2025-09-08 13_05_07.306-05_00_1.png,2.75,2.09672917626615
1645,1385_LeafPhotoA_2025-09-08 13_05_07.306-05_00_2.png,2.75,1.7881563268656437
1646,1385_LeafPhotoA_2025-09-08 13_05_07.306-05_00_3.png,2.75,1.8174840301181103
1680,1534_LeafPhotoA_2025-09-09 09_32_49.938-05_00_0.png,1.25,1.9265243320168823
1681,1534_LeafPhotoA_2025-09-09 09_32_49.938-05_00_1.png,1.25,1.9581535176693368
1682,1534_LeafPhotoA_2025-09-09 09_32_49.938-05_00_2.png,1.25,1.9335397132859404
1683,1534_LeafPhotoA_2025-09-09 09_32_49.938-05_00_3.png,1.25,1.863770291690971
1710,1210_LeafPhotoA_2025-09-08 09_38_24.164-05_00_0.png,1.25,1.8885749250990873
1711,1210_LeafPhotoA_2025-09-08 09_38_24.164-05_00_1.png,1.25,1.7726932172010772
1712,1210_LeafPhotoA_2025-09-08 09_38_24.164-05_00_2.png,1.25,1.7603767089329443
1713,1210_LeafPhotoA_2025-09-08 09_38_24.164-05_00_3.png,1.25,1.8394200770607727
1743,2118_LeafPhotoA_2025-09-08 11_24_23.851-05_00_0.png,3.0,2.2974634446435944
1744,2118_LeafPhotoA_2025-09-08 11_24_23.851-05_00_1.png,3.0,2.0292930765095636
1745,2118_LeafPhotoA_2025-09-08 11_24_23.851-05_00_2.png,3.0,2.260801101348557
1746,2118_LeafPhotoA_2025-09-08 11_24_23.851-05_00_3.png,3.0,2.171237095356486
1773,1351_LeafPhotoA_2025-09-08 12_28_03.896-05_00_0.png,2.0,1.8484568093799894
1774,1351_LeafPhotoA_2025-09-08 12_28_03.896-05_00_1.png,2.0,1.9044781851463606
1775,1351_LeafPhotoA_2025-09-08 12_28_03.896-05_00_2.png,2.0,2.012779232570834
1788,2796_LeafPhotoA_2025-09-09 11_09_54.572-05_00_0.png,1.5,1.8960719809838407
1789,2796_LeafPhotoA_2025-09-09 11_09_54.572-05_00_1.png,1.5,1.7985637882673857
1790,2796_LeafPhotoA_2025-09-09 11_09_54.572-05_00_2.png,1.5,1.8905362969973651
1791,2796_LeafPhotoA_2025-09-09 11_09_54.572-05_00_3.png,1.5,1.9414563949230157
1824,1809_LeafPhotoA_2025-09-09 09_04_05.610-05_00_0.png,2.25,1.933635170719427
1825,1809_LeafPhotoA_2025-09-09 09_04_05.610-05_00_1.png,2.25,1.9607470571989623
1826,1809_LeafPhotoA_2025-09-09 09_04_05.610-05_00_2.png,2.25,1.9379300958020833
1827,1809_LeafPhotoA_2025-09-09 09_04_05.610-05_00_3.png,2.25,2.0387055242739485
1828,1897_LeafPhotoA_2025-09-09 17_20_57.001-05_00_0.png,1.5,1.8683412584470045
1829,1897_LeafPhotoA_2025-09-09 17_20_57.001-05_00_1.png,1.5,1.652419185170964
1830,1897_LeafPhotoA_2025-09-09 17_20_57.001-05_00_2.png,1.5,1.7161630620196797
1839,1480_LeafPhotoB_2025-09-08 16_45_21.155-05_00_0.png,1.5,1.8488951081329663
1840,1480_LeafPhotoB_2025-09-08 16_45_21.155-05_00_1.png,1.5,1.910186211611802
1841,1480_LeafPhotoB_2025-09-08 16_45_21.155-05_00_2.png,1.5,1.8850215313796972
1842,1480_LeafPhotoB_2025-09-08 16_45_21.155-05_00_3.png,1.5,1.9216174270399795
1847,1921_LeafPhotoA_2025-09-09 15_12_57.015-05_00_0.png,2.5,2.341360160153152
1848,1921_LeafPhotoA_2025-09-09 15_12_57.015-05_00_1.png,2.5,2.175981710052287
1849,1921_LeafPhotoA_2025-09-09 15_12_57.015-05_00_2.png,2.5,2.173433307211365
1850,1921_LeafPhotoA_2025-09-09 15_12_57.015-05_00_3.png,2.5,2.210293890185967
1851,2274_LeafPhotoA_2025-09-08 17_09_38.644-05_00_0.png,2.0,1.907951566983337
1852,2274_LeafPhotoA_2025-09-08 17_09_38.644-05_00_1.png,2.0,1.958846675739174
1853,2274_LeafPhotoA_2025-09-08 17_09_38.644-05_00_2.png,2.0,2.0096421250640475
1854,2274_LeafPhotoA_2025-09-08 17_09_38.644-05_00_3.png,2.0,2.0752736845104147
1859,,3.5,1.8105532049762645
1879,1427_LeafPhotoA_2025-09-08 09_50_09.893-05_00_0.png,2.5,1.9329952107334314
1880,1427_LeafPhotoA_2025-09-08 09_50_09.893-05_00_1.png,2.5,1.9370602727246762
1881,1427_LeafPhotoA_2025-09-08 09_50_09.893-05_00_2.png,2.5,1.9820206741626556
1882,1427_LeafPhotoA_2025-09-08 09_50_09.893-05_00_3.png,2.5,2.0500070125992753
1887,6043_LeafPhotoA_2025-09-09 16_04_58.355-05_00_0.png,1.75,1.8769074158407915
1888,6043_LeafPhotoA_2025-09-09 16_04_58.355-05_00_1.png,1.75,1.893877742217417
1889,6043_LeafPhotoA_2025-09-09 16_04_58.355-05_00_2.png,1.75,1.9796428302412226
1890,6043_LeafPhotoA_2025-09-09 16_04_58.355-05_00_3.png,1.75,1.7409634813017658
1910,2489_LeafPhotoB_2025-09-08 12_04_49.131-05_00_0.png,2.5,2.215251314440098
1911,2489_LeafPhotoB_2025-09-08 12_04_49.131-05_00_1.png,2.5,2.2031478564623166
1912,2489_LeafPhotoB_2025-09-08 12_04_49.131-05_00_2.png,2.5,2.1293918700167005
1913,2489_LeafPhotoB_2025-09-08 12_04_49.131-05_00_3.png,2.5,1.9734762182315893
1920,1792_LeafPhotoA_2025-09-09 09_08_36.909-05_00_0.png,1.75,1.9349399517227377
1921,1792_LeafPhotoA_2025-09-09 09_08_36.909-05_00_1.png,1.75,1.7664199958672413
1922,1792_LeafPhotoA_2025-09-09 09_08_36.909-05_00_2.png,1.75,1.7364722141369646
1923,1792_LeafPhotoA_2025-09-09 09_08_36.909-05_00_3.png,1.75,1.630753667004006
1932,1037_LeafPhotoA_2025-09-08 10_14_34.857-05_00_0.png,2.25,1.9371211121972174
1933,1037_LeafPhotoA_2025-09-08 10_14_34.857-05_00_1.png,2.25,1.6035793334175923
1934,1037_LeafPhotoA_2025-09-08 10_14_34.857-05_00_2.png,2.25,1.5696768276832478
1935,1037_LeafPhotoA_2025-09-08 10_14_34.857-05_00_3.png,2.25,1.6698686662212798
1960,1576_LeafPhotoA_2025-09-09 09_52_24.983-05_00_0.png,1.25,1.7564373173534862
1961,1576_LeafPhotoA_2025-09-09 09_52_24.983-05_00_1.png,1.25,1.6930371726750522
1962,1576_LeafPhotoA_2025-09-09 09_52_24.983-05_00_2.png,1.25,1.5902509448218618
1963,1576_LeafPhotoA_2025-09-09 09_52_24.983-05_00_3.png,1.25,1.5391850553610917
1964,1747_LeafPhotoA_2025-09-09 10_05_14.099-05_00_0.png,3.5,2.660280543250877
1965,1747_LeafPhotoA_2025-09-09 10_05_14.099-05_00_1.png,3.5,3.157597879850361
1966,1747_LeafPhotoA_2025-09-09 10_05_14.099-05_00_2.png,3.5,2.6325377298368666
1967,1747_LeafPhotoA_2025-09-09 10_05_14.099-05_00_3.png,3.5,2.511442256896012
1968,,3.25,1.8105532049762645
1977,2394_LeafPhotoA_2025-09-08 12_19_19.139-05_00_0.png,2.75,2.1497062290859947
1978,2394_LeafPhotoA_2025-09-08 12_19_19.139-05_00_1.png,2.75,2.2471848059424175
1979,2394_LeafPhotoA_2025-09-08 12_19_19.139-05_00_2.png,2.75,2.3492082362820685
1980,2394_LeafPhotoA_2025-09-08 12_19_19.139-05_00_3.png,2.75,2.449863711261325
1981,2277_LeafPhotoA_2025-09-08 17_02_56.416-05_00_0.png,2.25,1.8311745374508543
1982,2277_LeafPhotoA_2025-09-08 17_02_56.416-05_00_1.png,2.25,1.8682262186960579
1983,2277_LeafPhotoA_2025-09-08 17_02_56.416-05_00_2.png,2.25,1.8241407335180202
2019,1405_LeafPhotoA_2025-09-08 09_26_00.409-05_00_0.png,1.25,1.8068427502808182
2020,1405_LeafPhotoA_2025-09-08 09_26_00.409-05_00_1.png,1.25,1.660781815049738
2021,1405_LeafPhotoA_2025-09-08 09_26_00.409-05_00_2.png,1.25,1.771634377060848
2022,1405_LeafPhotoA_2025-09-08 09_26_00.409-05_00_3.png,1.25,1.738575604903622
2055,2590_LeafPhotoA_2025-09-09 10_31_27.084-05_00_0.png,1.5,1.7868543070290253
2056,2590_LeafPhotoA_2025-09-09 10_31_27.084-05_00_1.png,1.5,1.6415219527647822
2057,2590_LeafPhotoA_2025-09-09 10_31_27.084-05_00_2.png,1.5,1.6002892576173824
2058,2590_LeafPhotoA_2025-09-09 10_31_27.084-05_00_3.png,1.5,1.6931830166978918
2075,1171_LeafPhotoA_2025-09-08 16_30_33.870-05_00_0.png,2.0,1.6891459784531446
2076,1171_LeafPhotoA_2025-09-08 16_30_33.870-05_00_1.png,2.0,1.9124798593300216
2077,1171_LeafPhotoA_2025-09-08 16_30_33.870-05_00_2.png,2.0,1.9880774695935302
2078,1171_LeafPhotoA_2025-09-08 16_30_33.870-05_00_3.png,2.0,1.7943051678847701
2087,6018_LeafPhotoA_2025-09-09 16_46_19.898-05_00_0.png,1.25,1.5684351936293077
2088,6018_LeafPhotoA_2025-09-09 16_46_19.898-05_00_1.png,1.25,1.6755651311475035
2089,6018_LeafPhotoA_2025-09-09 16_46_19.898-05_00_2.png,1.25,1.7014882815480112
2090,6018_LeafPhotoA_2025-09-09 16_46_19.898-05_00_3.png,1.25,1.5317800149734162
2091,2935_LeafPhotoA_2025-09-09 16_33_34.724-05_00_0.png,1.5,1.5852403168860925
2092,2935_LeafPhotoA_2025-09-09 16_33_34.724-05_00_1.png,1.5,1.7236343397006022
2093,2935_LeafPhotoA_2025-09-09 16_33_34.724-05_00_2.png,1.5,1.8411669531623451
2094,2935_LeafPhotoA_2025-09-09 16_33_34.724-05_00_3.png,1.5,1.5076884901250724
2103,1240_LeafPhotoA_2025-09-08 10_28_24.122-05_00_0.png,1.5,1.7424672574990177
2104,1240_LeafPhotoA_2025-09-08 10_28_24.122-05_00_1.png,1.5,1.637528877143079
2105,1240_LeafPhotoA_2025-09-08 10_28_24.122-05_00_2.png,1.5,1.7350515241861109
2106,1240_LeafPhotoA_2025-09-08 10_28_24.122-05_00_3.png,1.5,1.7694866671788694
2129,2091_LeafPhotoA_2025-09-08 12_28_15.428-05_00_0.png,2.75,1.9614315278294305
2130,2091_LeafPhotoA_2025-09-08 12_28_15.428-05_00_1.png,2.75,2.0951819148625814
2131,2091_LeafPhotoA_2025-09-08 12_28_15.428-05_00_2.png,2.75,1.9196949314485692
2132,2091_LeafPhotoA_2025-09-08 12_28_15.428-05_00_3.png,2.75,1.91777893094366
2149,1324_LeafPhotoA_2025-09-08 09_47_08.944-05_00_0.png,2.0,1.9260464798238726
2150,1324_LeafPhotoA_2025-09-08 09_47_08.944-05_00_1.png,2.0,1.979283856989726
2151,1324_LeafPhotoA_2025-09-08 09_47_08.944-05_00_2.png,2.0,1.8966220172505703
2152,1324_LeafPhotoA_2025-09-08 09_47_08.944-05_00_3.png,2.0,1.906476684910484
2177,1098_LeafPhotoA_2025-09-09 11_09_21.218-05_00_0.png,1.25,1.7340006698721409
2178,1098_LeafPhotoA_2025-09-09 11_09_21.218-05_00_1.png,1.25,1.7450663268176925
2179,1098_LeafPhotoA_2025-09-09 11_09_21.218-05_00_2.png,1.25,1.8829442139495336
2180,1098_LeafPhotoA_2025-09-09 11_09_21.218-05_00_3.png,1.25,1.7199944623807442
2184,2097_LeafPhotoA_2025-09-08 12_33_49.300-05_00_0.png,1.5,1.918024823442863
2185,2097_LeafPhotoA_2025-09-08 12_33_49.300-05_00_1.png,1.5,1.8101471486795482
2186,2097_LeafPhotoA_2025-09-08 12_33_49.300-05_00_2.png,1.5,1.7712812589672098
2187,2097_LeafPhotoA_2025-09-08 12_33_49.300-05_00_3.png,1.5,1.9522574713593719
2214,1876_LeafPhotoA_2025-09-09 17_04_03.852-05_00_0.png,2.25,1.9970693814377045
2215,1876_LeafPhotoA_2025-09-09 17_04_03.852-05_00_1.png,2.25,1.9630348260324553
2216,1876_LeafPhotoA_2025-09-09 17_04_03.852-05_00_2.png,2.25,1.9707460757833628
2217,1876_LeafPhotoA_2025-09-09 17_04_03.852-05_00_3.png,2.25,1.7704294649104646
2231,1405_LeafPhotoB_2025-09-08 10_00_01.542-05_00_0.png,1.5,1.6039467498996183
2232,1405_LeafPhotoB_2025-09-08 10_00_01.542-05_00_1.png,1.5,1.6707787103784595
2233,1405_LeafPhotoB_2025-09-08 10_00_01.542-05_00_2.png,1.5,1.6895176772992653
2234,1405_LeafPhotoB_2025-09-08 10_00_01.542-05_00_3.png,1.5,1.7504173991656458
2263,1562_LeafPhotoA_2025-09-09 10_11_10.077-05_00_0.png,1.0,1.6805608192345693
2264,1562_LeafPhotoA_2025-09-09 10_11_10.077-05_00_1.png,1.0,1.6683130086194027
2265,1562_LeafPhotoA_2025-09-09 10_11_10.077-05_00_2.png,1.0,1.6086559443818758
2266,1562_LeafPhotoA_2025-09-09 10_11_10.077-05_00_3.png,1.0,1.751440876993933
2268,5028_LeafPhotoA_2025-09-09 16_52_02.474-05_00_0.png,2.25,2.569646679991081
2269,5028_LeafPhotoA_2025-09-09 16_52_02.474-05_00_1.png,2.25,2.364115665701207
2270,5028_LeafPhotoA_2025-09-09 16_52_02.474-05_00_2.png,2.25,2.1175103640232336
2271,5028_LeafPhotoA_2025-09-09 16_52_02.474-05_00_3.png,2.25,2.078518594724151
2272,1659_LeafPhotoA_2025-09-09 10_11_01.636-05_00_0.png,1.5,1.6963268492209351
2273,1659_LeafPhotoA_2025-09-09 10_11_01.636-05_00_1.png,1.5,1.830089159911565
2274,1659_LeafPhotoA_2025-09-09 10_11_01.636-05_00_2.png,1.5,1.9127994273662552
2279,1479_LeafPhotoB_2025-09-08 16_43_30.857-05_00_0.png,1.75,1.767519141518631
2280,1479_LeafPhotoB_2025-09-08 16_43_30.857-05_00_1.png,1.75,1.9772441615173941
2281,1479_LeafPhotoB_2025-09-08 16_43_30.857-05_00_2.png,1.75,1.9631602818553884
2282,1479_LeafPhotoB_2025-09-08 16_43_30.857-05_00_3.png,1.75,1.918021891628003
2290,2090_LeafPhotoA_2025-09-08 12_27_18.336-05_00_0.png,1.0,1.6661234840339199
2291,2090_LeafPhotoA_2025-09-08 12_27_18.336-05_00_1.png,1.0,1.6597607152586833
2292,2090_LeafPhotoA_2025-09-08 12_27_18.336-05_00_2.png,1.0,1.631558292740326
2293,2090_LeafPhotoA_2025-09-08 12_27_18.336-05_00_3.png,1.0,1.5475315461394594
2314,2449_LeafPhotoB_2025-09-08 11_23_39.370-05_00_0.png,2.0,1.6842053258515879
2315,2449_LeafPhotoB_2025-09-08 11_23_39.370-05_00_1.png,2.0,1.78580578567862
2316,2449_LeafPhotoB_2025-09-08 11_23_39.370-05_00_2.png,2.0,1.9630316630528284
2317,2449_LeafPhotoB_2025-09-08 11_23_39.370-05_00_3.png,2.0,1.9512289248298447
2318,1187_LeafPhotoA_2025-09-08 16_03_30.325-05_00_0.png,2.0,2.0235490320532046
2319,1187_LeafPhotoA_2025-09-08 16_03_30.325-05_00_1.png,2.0,1.9888043659368868
2320,1187_LeafPhotoA_2025-09-08 16_03_30.325-05_00_2.png,2.0,1.9757839097190757
2321,1187_LeafPhotoA_2025-09-08 16_03_30.325-05_00_3.png,2.0,2.024122441390255
2326,1600_LeafPhotoA_2025-09-09 10_22_37.520-05_00_0.png,2.0,1.819096116761095
2327,1600_LeafPhotoA_2025-09-09 10_22_37.520-05_00_1.png,2.0,1.6933024300032966
2328,1600_LeafPhotoA_2025-09-09 10_22_37.520-05_00_2.png,2.0,1.6273846523676487
2340,2078_LeafPhotoA_2025-09-08 12_14_10.635-05_00_0.png,2.75,2.007274068405041
2341,2078_LeafPhotoA_2025-09-08 12_14_10.635-05_00_1.png,2.75,2.1436875868503926
2342,2078_LeafPhotoA_2025-09-08 12_14_10.635-05_00_2.png,2.75,2.0745174268200928
2343,2078_LeafPhotoA_2025-09-08 12_14_10.635-05_00_3.png,2.75,1.946465592387272
2356,2952_LeafPhotoA_2025-09-09 15_55_46.839-05_00_0.png,2.5,2.111240445250106
2357,2952_LeafPhotoA_2025-09-09 15_55_46.839-05_00_1.png,2.5,2.186023101196027
2366,2541_LeafPhotoA_2025-09-09 10_40_27.804-05_00_0.png,1.75,2.075771397607164
2367,2541_LeafPhotoA_2025-09-09 10_40_27.804-05_00_1.png,1.75,1.9935678394962424
2368,2541_LeafPhotoA_2025-09-09 10_40_27.804-05_00_2.png,1.75,1.9458976271205244
2369,2541_LeafPhotoA_2025-09-09 10_40_27.804-05_00_3.png,1.75,2.077214885980463
2409,1188_LeafPhotoA_2025-09-08 16_01_44.544-05_00_0.png,2.25,2.214009690258145
2410,1188_LeafPhotoA_2025-09-08 16_01_44.544-05_00_1.png,2.25,2.1625842158397894
2411,1188_LeafPhotoA_2025-09-08 16_01_44.544-05_00_2.png,2.25,1.984273856068735
2442,2114_LeafPhotoA_2025-09-08 11_14_43.534-05_00_0.png,1.75,1.935068241046071
2443,2114_LeafPhotoA_2025-09-08 11_14_43.534-05_00_1.png,1.75,1.9669979508634186
2444,2114_LeafPhotoA_2025-09-08 11_14_43.534-05_00_2.png,1.75,2.1246789219216797
2445,2114_LeafPhotoA_2025-09-08 11_14_43.534-05_00_3.png,1.75,1.8676171553160348
2450,2578_LeafPhotoA_2025-09-09 10_42_22.010-05_00_0.png,1.75,1.5525694125423846
2451,2578_LeafPhotoA_2025-09-09 10_42_22.010-05_00_1.png,1.75,1.5603225832944891
2452,2578_LeafPhotoA_2025-09-09 10_42_22.010-05_00_2.png,1.75,1.6523648712398715
2453,2578_LeafPhotoA_2025-09-09 10_42_22.010-05_00_3.png,1.75,1.8023580286632122
2471,2649_LeafPhotoA_2025-09-09 11_26_00.362-05_00_0.png,2.25,2.1003584542177816
2472,2649_LeafPhotoA_2025-09-09 11_26_00.362-05_00_1.png,2.25,2.0204192127518508
2473,2649_LeafPhotoA_2025-09-09 11_26_00.362-05_00_2.png,2.25,2.1020380403815846
2474,2649_LeafPhotoA_2025-09-09 11_26_00.362-05_00_3.png,2.25,2.265338507563074
2479,1434_LeafPhotoB_2025-09-08 10_25_56.347-05_00_0.png,1.75,1.7203301942054119
2480,1434_LeafPhotoB_2025-09-08 10_25_56.347-05_00_1.png,1.75,1.7649070559307716
2481,1434_LeafPhotoB_2025-09-08 10_25_56.347-05_00_2.png,1.75,1.6430403283842614
2482,1434_LeafPhotoB_2025-09-08 10_25_56.347-05_00_3.png,1.75,1.5319956685739873
2486,2458_LeafPhotoB_2025-09-08 11_35_26.865-05_00_0.png,1.25,1.7109356948655259
2487,2458_LeafPhotoB_2025-09-08 11_35_26.865-05_00_1.png,1.25,1.652881998028899
2488,2458_LeafPhotoB_2025-09-08 11_35_26.865-05_00_2.png,1.25,1.535260878405544
2489,2458_LeafPhotoB_2025-09-08 11_35_26.865-05_00_3.png,1.25,1.563742884038853
2502,5011_LeafPhotoA_2025-09-09 16_15_48.428-05_00_0.png,1.75,1.871670436304967
2503,5011_LeafPhotoA_2025-09-09 16_15_48.428-05_00_1.png,1.75,1.7638320359886617
2504,5011_LeafPhotoA_2025-09-09 16_15_48.428-05_00_2.png,1.75,1.7128369466965045
2505,5011_LeafPhotoA_2025-09-09 16_15_48.428-05_00_3.png,1.75,1.8474862388616495
2509,1916_LeafPhotoA_2025-09-09 14_55_34.742-05_00_0.png,2.25,1.668925302702975
2510,1916_LeafPhotoA_2025-09-09 14_55_34.742-05_00_1.png,2.25,1.6731848255695971
2511,1916_LeafPhotoA_2025-09-09 14_55_34.742-05_00_2.png,2.25,2.0487207639832326
2512,1916_LeafPhotoA_2025-09-09 14_55_34.742-05_00_3.png,2.25,2.095196830125284
2523,2991_LeafPhotoA_2025-09-09 16_44_34.559-05_00_0.png,2.25,1.959067765328818
2524,2991_LeafPhotoA_2025-09-09 16_44_34.559-05_00_1.png,2.25,2.09895016809171
2525,2991_LeafPhotoA_2025-09-09 16_44_34.559-05_00_2.png,2.25,1.7918889302306846
2526,2991_LeafPhotoA_2025-09-09 16_44_34.559-05_00_3.png,2.25,1.679578289353676
2527,2844_LeafPhotoA_2025-09-09 11_13_34.394-05_00_0.png,2.5,1.910164618083156
2531,2722_LeafPhotoA_2025-09-09 10_43_28.841-05_00_0.png,3.5,2.574037542999388
2532,2722_LeafPhotoA_2025-09-09 10_43_28.841-05_00_1.png,3.5,2.5635050809774595
2533,2722_LeafPhotoA_2025-09-09 10_43_28.841-05_00_2.png,3.5,2.7597665307433488
2538,2453_LeafPhotoB_2025-09-08 11_31_31.055-05_00_0.png,1.5,2.0300160254410096
2539,2453_LeafPhotoB_2025-09-08 11_31_31.055-05_00_1.png,1.5,2.038367523127405
2540,2453_LeafPhotoB_2025-09-08 11_31_31.055-05_00_2.png,1.5,1.9003674211455148
2541,2453_LeafPhotoB_2025-09-08 11_31_31.055-05_00_3.png,1.5,1.7772272269904683
2555,1425_LeafPhotoA_2025-09-08 09_47_28.860-05_00_0.png,1.5,1.8072303650216528
2556,1425_LeafPhotoA_2025-09-08 09_47_28.860-05_00_1.png,1.5,1.9113449961711615
2557,1425_LeafPhotoA_2025-09-08 09_47_28.860-05_00_2.png,1.5,1.7980390717907309
2558,1425_LeafPhotoA_2025-09-08 09_47_28.860-05_00_3.png,1.5,1.7656231887401708
2571,,2.5,1.8105532049762645
2583,,1.25,1.8105532049762645
2588,2107_LeafPhotoA_2025-09-08 11_02_37.715-05_00_0.png,1.25,1.608077720796252
2589,2107_LeafPhotoA_2025-09-08 11_02_37.715-05_00_1.png,1.25,1.5604699386736218
2590,2107_LeafPhotoA_2025-09-08 11_02_37.715-05_00_2.png,1.25,1.5234909607815115
2591,2107_LeafPhotoA_2025-09-08 11_02_37.715-05_00_3.png,1.25,1.6762790976478674
2670,2648_LeafPhotoA_2025-09-09 11_27_06.528-05_00_0.png,1.25,1.8217379762225354
2671,2648_LeafPhotoA_2025-09-09 11_27_06.528-05_00_1.png,1.25,1.7329078436143421
2672,2648_LeafPhotoA_2025-09-09 11_27_06.528-05_00_2.png,1.25,1.6142992878375284
2673,2648_LeafPhotoA_2025-09-09 11_27_06.528-05_00_3.png,1.25,1.667468480586321
2691,1500_LeafPhotoB_2025-09-08 12_25_38.479-05_00_0.png,1.75,1.557147876909705
2692,1500_LeafPhotoB_2025-09-08 12_25_38.479-05_00_1.png,1.75,1.6970331431863088
2693,1500_LeafPhotoB_2025-09-08 12_25_38.479-05_00_2.png,1.75,1.6379373500891727
2694,1500_LeafPhotoB_2025-09-08 12_25_38.479-05_00_3.png,1.75,1.6334977949856389
2723,1893_LeafPhotoA_2025-09-09 12_59_38.775-05_00_0.png,2.0,1.753826211716668
2724,1893_LeafPhotoA_2025-09-09 12_59_38.775-05_00_1.png,2.0,1.4918908705109624
2725,1893_LeafPhotoA_2025-09-09 12_59_38.775-05_00_2.png,2.0,1.751121183806035
2726,1893_LeafPhotoA_2025-09-09 12_59_38.775-05_00_3.png,2.0,1.5580735374849388
2737,2893_LeafPhotoA_2025-09-09 13_59_49.093-05_00_0.png,2.25,2.110261416324097
2738,2893_LeafPhotoA_2025-09-09 13_59_49.093-05_00_1.png,2.25,2.1246114897744137
2739,2893_LeafPhotoA_2025-09-09 13_59_49.093-05_00_2.png,2.25,1.8978916851659688
2740,2893_LeafPhotoA_2025-09-09 13_59_49.093-05_00_3.png,2.25,1.8996133684547842
2745,2711_LeafPhotoA_2025-09-09 10_28_23.854-05_00_0.png,2.5,2.173795926689251
2746,2711_LeafPhotoA_2025-09-09 10_28_23.854-05_00_1.png,2.5,2.3143889886759594
2747,2711_LeafPhotoA_2025-09-09 10_28_23.854-05_00_2.png,2.5,2.1910458624475044
2748,2711_LeafPhotoA_2025-09-09 10_28_23.854-05_00_3.png,2.5,2.2947170779239032
2758,1287_LeafPhotoA_2025-09-08 16_00_42.513-05_00_0.png,3.0,2.5209092427046436
2759,1287_LeafPhotoA_2025-09-08 16_00_42.513-05_00_1.png,3.0,2.292958195208751
2760,1287_LeafPhotoA_2025-09-08 16_00_42.513-05_00_2.png,3.0,2.192907550774495
2765,1427_LeafPhotoB_2025-09-08 10_20_17.635-05_00_0.png,2.25,2.2833523440958037
2766,1427_LeafPhotoB_2025-09-08 10_20_17.635-05_00_1.png,2.25,2.3199524037127204
2767,1427_LeafPhotoB_2025-09-08 10_20_17.635-05_00_2.png,2.25,2.116900350241003
2768,1427_LeafPhotoB_2025-09-08 10_20_17.635-05_00_3.png,2.25,2.3633515223583093
2770,6044_LeafPhotoA_2025-09-09 16_03_00.837-05_00_0.png,1.5,1.7066102858202934
2771,6044_LeafPhotoA_2025-09-09 16_03_00.837-05_00_1.png,1.5,1.7960889863208553
2772,6044_LeafPhotoA_2025-09-09 16_03_00.837-05_00_2.png,1.5,1.793978349747032
2773,6044_LeafPhotoA_2025-09-09 16_03_00.837-05_00_3.png,1.5,1.6068193903673296
2815,2090_LeafPhotoA_2025-09-08 12_27_42.323-05_00_0.png,1.25,1.5607527462204442
2816,2090_LeafPhotoA_2025-09-08 12_27_42.323-05_00_1.png,1.25,1.67967798199688
2817,2090_LeafPhotoA_2025-09-08 12_27_42.323-05_00_2.png,1.25,1.631941891008296
2818,2090_LeafPhotoA_2025-09-08 12_27_42.323-05_00_3.png,1.25,1.6766881345791813
2841,,3.0,1.8105532049762645
2850,2210_LeafPhotoA_2025-09-08 11_00_04.684-05_00_0.png,1.25,1.4186960113544869
2851,2210_LeafPhotoA_2025-09-08 11_00_04.684-05_00_1.png,1.25,1.4757948375194516
2852,2210_LeafPhotoA_2025-09-08 11_00_04.684-05_00_2.png,1.25,1.4436141525205963
2853,2210_LeafPhotoA_2025-09-08 11_00_04.684-05_00_3.png,1.25,1.4815819436706874
2904,1495_LeafPhotoB_2025-09-08 16_59_36.020-05_00_0.png,2.5,1.7711420473057096
2905,1495_LeafPhotoB_2025-09-08 16_59_36.020-05_00_1.png,2.5,1.7969414330764573
2906,1495_LeafPhotoB_2025-09-08 16_59_36.020-05_00_2.png,2.5,1.8876140078196095
2907,1495_LeafPhotoB_2025-09-08 16_59_36.020-05_00_3.png,2.5,1.8403643354919725
2912,5030_LeafPhotoA_2025-09-09 16_55_05.294-05_00_0.png,1.25,1.676336966825744
2913,5030_LeafPhotoA_2025-09-09 16_55_05.294-05_00_1.png,1.25,1.8819273027360197
2914,5030_LeafPhotoA_2025-09-09 16_55_05.294-05_00_2.png,1.25,1.8943934684811234
2915,5030_LeafPhotoA_2025-09-09 16_55_05.294-05_00_3.png,1.25,1.741554756293812
2920,2524_LeafPhotoA_2025-09-09 10_21_34.620-05_00_0.png,1.5,1.8701635562593268
2921,2524_LeafPhotoA_2025-09-09 10_21_34.620-05_00_1.png,1.5,1.9708170911811445
2922,2524_LeafPhotoA_2025-09-09 10_21_34.620-05_00_2.png,1.5,1.9481115799740885
2923,2524_LeafPhotoA_2025-09-09 10_21_34.620-05_00_3.png,1.5,1.872642178189405
2928,1576_LeafPhotoA_2025-09-09 09_52_40.800-05_00_0.png,2.0,1.7322278212279436
2929,1576_LeafPhotoA_2025-09-09 09_52_40.800-05_00_1.png,2.0,1.9329666183583671
2934,2715_LeafPhotoA_2025-09-09 10_34_25.383-05_00_0.png,3.25,2.6268654242657608
2935,2715_LeafPhotoA_2025-09-09 10_34_25.383-05_00_1.png,3.25,2.61838503869201
2936,2715_LeafPhotoA_2025-09-09 10_34_25.383-05_00_2.png,3.25,2.635141892932755
2937,2715_LeafPhotoA_2025-09-09 10_34_25.383-05_00_3.png,3.25,2.6155343904501795
2938,2386_LeafPhotoA_2025-09-08 11_57_13.953-05_00_0.png,1.5,1.4962287202069515
2939,2386_LeafPhotoA_2025-09-08 11_57_13.953-05_00_1.png,1.5,1.5162263997733103
2944,5036_LeafPhotoA_2025-09-09 17_09_44.541-05_00_0.png,1.5,1.6964593195050461
2945,5036_LeafPhotoA_2025-09-09 17_09_44.541-05_00_1.png,1.5,1.686480229932232
2946,5036_LeafPhotoA_2025-09-09 17_09_44.541-05_00_2.png,1.5,1.642585015249199
2947,5036_LeafPhotoA_2025-09-09 17_09_44.541-05_00_3.png,1.5,1.6368819562212904
2956,2256_LeafPhotoA_2025-09-08 12_24_33.115-05_00_0.png,2.0,1.9365984634265172
2957,2256_LeafPhotoA_2025-09-08 12_24_33.115-05_00_1.png,2.0,2.07350474965378
2958,2256_LeafPhotoA_2025-09-08 12_24_33.115-05_00_2.png,2.0,2.051419742471043
2959,2256_LeafPhotoA_2025-09-08 12_24_33.115-05_00_3.png,2.0,1.9750018607553437
2976,2386_LeafPhotoA_2025-09-08 11_56_54.323-05_00_0.png,1.25,1.8450703627767888
2977,2386_LeafPhotoA_2025-09-08 11_56_54.323-05_00_1.png,1.25,1.6875777237763756
2978,2386_LeafPhotoA_2025-09-08 11_56_54.323-05_00_2.png,1.25,1.685955139314806
2979,2386_LeafPhotoA_2025-09-08 11_56_54.323-05_00_3.png,1.25,1.6474366299509855
2995,1943_LeafPhotoA_2025-09-09 16_00_56.560-05_00_0.png,1.5,1.7128624044930298
2996,1943_LeafPhotoA_2025-09-09 16_00_56.560-05_00_1.png,1.5,1.70700159839596
2997,1943_LeafPhotoA_2025-09-09 16_00_56.560-05_00_2.png,1.5,1.5380403081368874
2998,1943_LeafPhotoA_2025-09-09 16_00_56.560-05_00_3.png,1.5,1.7092832130298756
2999,1360_LeafPhotoA_2025-09-08 12_40_13.454-05_00_0.png,2.0,1.6761611527125282
3000,1360_LeafPhotoA_2025-09-08 12_40_13.454-05_00_1.png,2.0,1.8063174847343175
3001,1360_LeafPhotoA_2025-09-08 12_40_13.454-05_00_2.png,2.0,1.8216695474087004
3002,1360_LeafPhotoA_2025-09-08 12_40_13.454-05_00_3.png,2.0,1.8008863088209295
3030,1180_LeafPhotoA_2025-09-08 16_15_29.779-05_00_0.png,2.0,1.6823919921050114
3031,1180_LeafPhotoA_2025-09-08 16_15_29.779-05_00_1.png,2.0,1.576441853825246
3032,1180_LeafPhotoA_2025-09-08 16_15_29.779-05_00_2.png,2.0,1.6953794775338307
3033,1180_LeafPhotoA_2025-09-08 16_15_29.779-05_00_3.png,2.0,1.7807103927687806
3048,2204_LeafPhotoA_2025-09-08 10_51_32.424-05_00_0.png,1.0,1.4918208487674078
3049,2204_LeafPhotoA_2025-09-08 10_51_32.424-05_00_1.png,1.0,1.416646467323204
3050,2204_LeafPhotoA_2025-09-08 10_51_32.424-05_00_2.png,1.0,1.3223093231614667
3051,2204_LeafPhotoA_2025-09-08 10_51_32.424-05_00_3.png,1.0,1.3785611054402893
3052,2253_LeafPhotoA_2025-09-08 12_18_44.610-05_00_0.png,1.25,1.6755175804037181
3053,2253_LeafPhotoA_2025-09-08 12_18_44.610-05_00_1.png,1.25,1.5335504665116353
3054,2253_LeafPhotoA_2025-09-08 12_18_44.610-05_00_2.png,1.25,1.5028662367004444
3055,2253_LeafPhotoA_2025-09-08 12_18_44.610-05_00_3.png,1.25,1.4997877361112284
3132,2197_LeafPhotoA_2025-09-08 17_08_13.372-05_00_0.png,1.5,1.8991569415827232
3145,2097_LeafPhotoA_2025-09-08 12_34_03.075-05_00_0.png,2.0,1.7767892318473895
3146,2097_LeafPhotoA_2025-09-08 12_34_03.075-05_00_1.png,2.0,1.762370661292826
3147,2097_LeafPhotoA_2025-09-08 12_34_03.075-05_00_2.png,2.0,1.8624108055915196
3148,2097_LeafPhotoA_2025-09-08 12_34_03.075-05_00_3.png,2.0,1.8799287752433416
3149,1121_LeafPhotoA_2025-09-08 10_06_53.769-05_00_0.png,3.0,1.9295659263659457
3150,1121_LeafPhotoA_2025-09-08 10_06_53.769-05_00_1.png,3.0,1.8537444341179203
3151,1121_LeafPhotoA_2025-09-08 10_06_53.769-05_00_2.png,3.0,1.931190910140394
3152,1121_LeafPhotoA_2025-09-08 10_06_53.769-05_00_3.png,3.0,2.0615986487403757
3202,2648_LeafPhotoA_2025-09-09 11_26_52.423-05_00_0.png,1.75,2.11810771548471
3203,2648_LeafPhotoA_2025-09-09 11_26_52.423-05_00_1.png,1.75,2.183109108771826
3204,2648_LeafPhotoA_2025-09-09 11_26_52.423-05_00_2.png,1.75,2.064416703017432
3205,2648_LeafPhotoA_2025-09-09 11_26_52.423-05_00_3.png,1.75,2.1046827392768144
3207,2178_LeafPhotoA_2025-09-09 12_22_12.377-05_00_0.png,2.0,2.206323163353568
3208,2178_LeafPhotoA_2025-09-09 12_22_12.377-05_00_1.png,2.0,2.3324167516752907
3209,2178_LeafPhotoA_2025-09-09 12_22_12.377-05_00_2.png,2.0,2.5123381352775005
3210,2178_LeafPhotoA_2025-09-09 12_22_12.377-05_00_3.png,2.0,2.378606662036094
3215,1963_LeafPhotoA_2025-09-09 17_19_17.230-05_00_0.png,1.5,1.9535513685365424
3216,1963_LeafPhotoA_2025-09-09 17_19_17.230-05_00_1.png,1.5,1.7963334076135202
3217,1963_LeafPhotoA_2025-09-09 17_19_17.230-05_00_2.png,1.5,1.837659811147959
3232,2394_LeafPhotoA_2025-09-08 12_19_48.103-05_00_0.png,3.25,2.0411001521724983
3233,2394_LeafPhotoA_2025-09-08 12_19_48.103-05_00_1.png,3.25,1.9985465202380717
3234,2394_LeafPhotoA_2025-09-08 12_19_48.103-05_00_2.png,3.25,1.8850040432201214
3235,2394_LeafPhotoA_2025-09-08 12_19_48.103-05_00_3.png,3.25,1.8422257071475452
3236,1916_LeafPhotoA_2025-09-09 14_56_01.187-05_00_0.png,1.75,1.7569282173633487
3237,1916_LeafPhotoA_2025-09-09 14_56_01.187-05_00_1.png,1.75,1.7599049340980328
3238,1916_LeafPhotoA_2025-09-09 14_56_01.187-05_00_2.png,1.75,2.0178674637921206
3239,1916_LeafPhotoA_2025-09-09 14_56_01.187-05_00_3.png,1.75,1.7321897169724287
3244,,2.75,1.8105532049762645
3245,2224_LeafPhotoA_2025-09-08 11_25_14.126-05_00_0.png,2.5,1.9897828626293927
3246,2224_LeafPhotoA_2025-09-08 11_25_14.126-05_00_1.png,2.5,1.715855423053467
3247,2224_LeafPhotoA_2025-09-08 11_25_14.126-05_00_2.png,2.5,1.725442479105645
3248,2224_LeafPhotoA_2025-09-08 11_25_14.126-05_00_3.png,2.5,1.7693966587208028
3299,2149_LeafPhotoA_2025-09-08 12_20_25.908-05_00_0.png,1.5,1.8678922101961724
3300,2149_LeafPhotoA_2025-09-08 12_20_25.908-05_00_1.png,1.5,1.9952646726311827
3301,2149_LeafPhotoA_2025-09-08 12_20_25.908-05_00_2.png,1.5,2.031383048104071
3302,2149_LeafPhotoA_2025-09-08 12_20_25.908-05_00_3.png,1.5,1.694664195334196
3306,2656_LeafPhotoA_2025-09-09 11_29_51.657-05_00_0.png,2.5,2.0379368472675843
3315,2451_LeafPhotoB_2025-09-08 11_29_15.932-05_00_0.png,2.0,1.9276713428483814
3316,2451_LeafPhotoB_2025-09-08 11_29_15.932-05_00_1.png,2.0,2.0502206112010204
3317,2451_LeafPhotoB_2025-09-08 11_29_15.932-05_00_2.png,2.0,2.2474272636011237
3318,2451_LeafPhotoB_2025-09-08 11_29_15.932-05_00_3.png,2.0,2.3184260178944296
3344,1272_LeafPhotoA_2025-09-08 16_14_44.397-05_00_0.png,2.25,1.8646343202559854
3345,1272_LeafPhotoA_2025-09-08 16_14_44.397-05_00_1.png,2.25,2.056353013483334
3346,1272_LeafPhotoA_2025-09-08 16_14_44.397-05_00_2.png,2.25,2.078104334746834
3347,1272_LeafPhotoA_2025-09-08 16_14_44.397-05_00_3.png,2.25,2.0789995456295385
3355,6027_LeafPhotoA_2025-09-09 16_33_32.836-05_00_0.png,2.0,1.8371170970009738
3356,6027_LeafPhotoA_2025-09-09 16_33_32.836-05_00_1.png,2.0,1.9035807742470396
3357,6027_LeafPhotoA_2025-09-09 16_33_32.836-05_00_2.png,2.0,1.8688566963732647
3358,6027_LeafPhotoA_2025-09-09 16_33_32.836-05_00_3.png,2.0,1.8518588177267645
3389,2238_LeafPhotoA_2025-09-08 11_44_44.603-05_00_0.png,2.5,1.852351645915198
3390,2238_LeafPhotoA_2025-09-08 11_44_44.603-05_00_1.png,2.5,2.04134287198923
3391,2238_LeafPhotoA_2025-09-08 11_44_44.603-05_00_2.png,2.5,2.0617204220197145
3392,2238_LeafPhotoA_2025-09-08 11_44_44.603-05_00_3.png,2.5,2.116244737825814
3393,1950_LeafPhotoA_2025-09-09 16_09_30.048-05_00_0.png,1.5,1.8746614100446366
3394,1950_LeafPhotoA_2025-09-09 16_09_30.048-05_00_1.png,1.5,1.6610914013585754
3395,1950_LeafPhotoA_2025-09-09 16_09_30.048-05_00_2.png,1.5,1.5656755761237084
3409,1381_LeafPhotoA_2025-09-08 13_01_59.229-05_00_0.png,2.25,2.0952746418702644
3410,1381_LeafPhotoA_2025-09-08 13_01_59.229-05_00_1.png,2.25,2.0200709011678684
3411,1381_LeafPhotoA_2025-09-08 13_01_59.229-05_00_2.png,2.25,1.9001753040749036
3412,1381_LeafPhotoA_2025-09-08 13_01_59.229-05_00_3.png,2.25,1.8906934195325018
3445,6044_LeafPhotoA_2025-09-09 16_03_43.942-05_00_0.png,1.5,1.7600744248871178
3446,6044_LeafPhotoA_2025-09-09 16_03_43.942-05_00_1.png,1.5,1.6993506182822176
3447,6044_LeafPhotoA_2025-09-09 16_03_43.942-05_00_2.png,1.5,1.697959272964148
3448,6044_LeafPhotoA_2025-09-09 16_03_43.942-05_00_3.png,1.5,1.7221296270043487
3469,1926_LeafPhotoA_2025-09-09 15_19_00.799-05_00_0.png,1.5,1.7030082041335421
3470,1926_LeafPhotoA_2025-09-09 15_19_00.799-05_00_1.png,1.5,1.689304375590064
3471,1926_LeafPhotoA_2025-09-09 15_19_00.799-05_00_2.png,1.5,1.829798579882933
3472,1926_LeafPhotoA_2025-09-09 15_19_00.799-05_00_3.png,1.5,1.7678553681185618
3505,2498_LeafPhotoB_2025-09-08 12_22_17.705-05_00_0.png,1.5,1.8070767408358122
3506,2498_LeafPhotoB_2025-09-08 12_22_17.705-05_00_1.png,1.5,1.731533583904596
3507,2498_LeafPhotoB_2025-09-08 12_22_17.705-05_00_2.png,1.5,1.795203587669158
3508,2498_LeafPhotoB_2025-09-08 12_22_17.705-05_00_3.png,1.5,1.8929549214867527
3509,2150_LeafPhotoA_2025-09-08 12_22_44.950-05_00_0.png,1.75,1.8859852722661115
3510,2150_LeafPhotoA_2025-09-08 12_22_44.950-05_00_1.png,1.75,1.8378629889873854
3511,2150_LeafPhotoA_2025-09-08 12_22_44.950-05_00_2.png,1.75,1.7486148360180618
3512,2150_LeafPhotoA_2025-09-08 12_22_44.950-05_00_3.png,1.75,1.7479934703696087
3525,1298_LeafPhotoA_2025-09-08 15_47_21.277-05_00_0.png,2.25,1.6933861762229951
3526,1298_LeafPhotoA_2025-09-08 15_47_21.277-05_00_1.png,2.25,1.7523198768412112
3527,1298_LeafPhotoA_2025-09-08 15_47_21.277-05_00_2.png,2.25,1.7780230127508687
3528,1298_LeafPhotoA_2025-09-08 15_47_21.277-05_00_3.png,2.25,1.772423767131185
3537,1865_LeafPhotoA_2025-09-09 13_31_46.367-05_00_0.png,1.5,1.618979566280759
3538,1865_LeafPhotoA_2025-09-09 13_31_46.367-05_00_1.png,1.5,1.5163489826226617
3539,1865_LeafPhotoA_2025-09-09 13_31_46.367-05_00_2.png,1.5,1.7828765995933804
3540,1865_LeafPhotoA_2025-09-09 13_31_46.367-05_00_3.png,1.5,1.8697061818994032
3542,2084_LeafPhotoA_2025-09-08 12_20_48.194-05_00_0.png,2.25,1.712491357391319
3543,2084_LeafPhotoA_2025-09-08 12_20_48.194-05_00_1.png,2.25,1.6911108169114146
3544,2084_LeafPhotoA_2025-09-08 12_20_48.194-05_00_2.png,2.25,1.7317590105314675
3545,2084_LeafPhotoA_2025-09-08 12_20_48.194-05_00_3.png,2.25,1.8193625447520207
18,1887_LeafPhotoA_2025-09-09 17_12_27.474-05_00_0.png,1.75,1.8321732368830872
19,1887_LeafPhotoA_2025-09-09 17_12_27.474-05_00_1.png,1.75,1.8829618257384926
20,1887_LeafPhotoA_2025-09-09 17_12_27.474-05_00_2.png,1.75,1.8987396729222132
42,1900_LeafPhotoA_2025-09-09 13_45_59.573-05_00_0.png,2.5,2.1919392864724703
43,1900_LeafPhotoA_2025-09-09 13_45_59.573-05_00_1.png,2.5,2.2283472173197896
44,1900_LeafPhotoA_2025-09-09 13_45_59.573-05_00_2.png,2.5,2.0457862450157327
45,1900_LeafPhotoA_2025-09-09 13_45_59.573-05_00_3.png,2.5,1.930214847166399
85,1411_LeafPhotoA_2025-09-08 09_32_24.163-05_00_0.png,1.5,1.4892771994973766
86,1411_LeafPhotoA_2025-09-08 09_32_24.163-05_00_1.png,1.5,1.5023699858994095
87,1411_LeafPhotoA_2025-09-08 09_32_24.163-05_00_2.png,1.5,1.6127231355823286
88,1411_LeafPhotoA_2025-09-08 09_32_24.163-05_00_3.png,1.5,1.600301857786501
103,2010_LeafPhotoA_2025-09-08 10_43_56.742-05_00_0.png,2.0,1.8020203981054521
104,2010_LeafPhotoA_2025-09-08 10_43_56.742-05_00_1.png,2.0,1.7203308129067245
105,2010_LeafPhotoA_2025-09-08 10_43_56.742-05_00_2.png,2.0,1.6667399772825116
106,2010_LeafPhotoA_2025-09-08 10_43_56.742-05_00_3.png,2.0,1.5929879578155863
110,1202_LeafPhotoA_2025-09-08 10_45_39.926-05_00_0.png,1.0,1.5072540922578765
111,1202_LeafPhotoA_2025-09-08 10_45_39.926-05_00_1.png,1.0,1.508138719438133
112,1202_LeafPhotoA_2025-09-08 10_45_39.926-05_00_2.png,1.0,1.5335467885603828
113,1202_LeafPhotoA_2025-09-08 10_45_39.926-05_00_3.png,1.0,1.5551180041390724
114,1594_LeafPhotoA_2025-09-09 09_32_04.545-05_00_0.png,2.5,2.1394287233006395
115,1594_LeafPhotoA_2025-09-09 09_32_04.545-05_00_1.png,2.5,2.345092869971608
116,1594_LeafPhotoA_2025-09-09 09_32_04.545-05_00_2.png,2.5,2.2647770007165935
117,1594_LeafPhotoA_2025-09-09 09_32_04.545-05_00_3.png,2.5,1.9608605781782176
144,2344_LeafPhotoA_2025-09-08 11_12_07.490-05_00_0.png,1.75,2.0703614305102773
145,2344_LeafPhotoA_2025-09-08 11_12_07.490-05_00_1.png,1.75,2.1530140729033094
146,2344_LeafPhotoA_2025-09-08 11_12_07.490-05_00_2.png,1.75,2.1336622215919943
147,2344_LeafPhotoA_2025-09-08 11_12_07.490-05_00_3.png,1.75,2.077686137510153
163,1011_LeafPhotoA_2025-09-08 09_43_02.719-05_00_0.png,2.5,2.214960314352668
164,1011_LeafPhotoA_2025-09-08 09_43_02.719-05_00_1.png,2.5,2.2481981244764113
165,1011_LeafPhotoA_2025-09-08 09_43_02.719-05_00_2.png,2.5,2.3213872201862356
166,1011_LeafPhotoA_2025-09-08 09_43_02.719-05_00_3.png,2.5,2.01633262580562
214,2144_LeafPhotoA_2025-09-08 12_08_32.877-05_00_0.png,1.5,1.6824039149973262
215,2144_LeafPhotoA_2025-09-08 12_08_32.877-05_00_1.png,1.5,1.72281329394048
216,2144_LeafPhotoA_2025-09-08 12_08_32.877-05_00_2.png,1.5,1.8641785250286222
217,2144_LeafPhotoA_2025-09-08 12_08_32.877-05_00_3.png,1.5,1.7701725459822995
222,1411_LeafPhotoA_2025-09-08 09_32_12.507-05_00_0.png,1.5,1.5765489073042656
223,1411_LeafPhotoA_2025-09-08 09_32_12.507-05_00_1.png,1.5,1.5429335580516428
224,1411_LeafPhotoA_2025-09-08 09_32_12.507-05_00_2.png,1.5,1.6638124893467385
225,1411_LeafPhotoA_2025-09-08 09_32_12.507-05_00_3.png,1.5,1.7091707613489149
230,1783_LeafPhotoA_2025-09-09 09_32_23.737-05_00_0.png,1.75,1.9563084769856374
231,1783_LeafPhotoA_2025-09-09 09_32_23.737-05_00_1.png,1.75,2.019465853005567
232,1783_LeafPhotoA_2025-09-09 09_32_23.737-05_00_2.png,1.75,1.9911234581337118
233,1783_LeafPhotoA_2025-09-09 09_32_23.737-05_00_3.png,1.75,1.9821372731706381
238,,1.25,1.9075654544892848
257,1811_LeafPhotoA_2025-09-09 09_06_09.841-05_00_0.png,1.25,1.5736228371892524
258,1811_LeafPhotoA_2025-09-09 09_06_09.841-05_00_1.png,1.25,1.6584466923456986
259,1811_LeafPhotoA_2025-09-09 09_06_09.841-05_00_2.png,1.25,1.6020486712572006
268,,2.5,1.9075654544892848
269,1197_LeafPhotoA_2025-09-08 15_42_33.635-05_00_0.png,1.25,1.77206465661961
270,1197_LeafPhotoA_2025-09-08 15_42_33.635-05_00_1.png,1.25,1.7680132545056986
271,1197_LeafPhotoA_2025-09-08 15_42_33.635-05_00_2.png,1.25,1.8786494398650462
272,1197_LeafPhotoA_2025-09-08 15_42_33.635-05_00_3.png,1.25,1.7617762166991093
277,2173_LeafPhotoA_2025-09-09 12_14_23.103-05_00_0.png,2.0,2.0463170742642607
278,2173_LeafPhotoA_2025-09-09 12_14_23.103-05_00_1.png,2.0,2.092068955003867
279,2173_LeafPhotoA_2025-09-09 12_14_23.103-05_00_2.png,2.0,2.1058360858294844
280,2173_LeafPhotoA_2025-09-09 12_14_23.103-05_00_3.png,2.0,1.9496918292392476
301,1383_LeafPhotoA_2025-09-08 13_02_56.131-05_00_0.png,1.5,1.6256627441226539
302,1383_LeafPhotoA_2025-09-08 13_02_56.131-05_00_1.png,1.5,1.612579944966615
303,1383_LeafPhotoA_2025-09-08 13_02_56.131-05_00_2.png,1.5,1.6932132402207123
304,1383_LeafPhotoA_2025-09-08 13_02_56.131-05_00_3.png,1.5,1.7373333385995557
320,2597_LeafPhotoA_2025-09-09 10_25_59.565-05_00_0.png,1.75,1.9033443924751645
321,2597_LeafPhotoA_2025-09-09 10_25_59.565-05_00_1.png,1.75,1.9275298209138427
322,2597_LeafPhotoA_2025-09-09 10_25_59.565-05_00_2.png,1.75,1.7970841503348505
323,2597_LeafPhotoA_2025-09-09 10_25_59.565-05_00_3.png,1.75,1.697724262316415
340,6013_LeafPhotoA_2025-09-09 16_55_44.021-05_00_0.png,1.25,1.7896922812860172
341,6013_LeafPhotoA_2025-09-09 16_55_44.021-05_00_1.png,1.25,1.767837263849839
342,6013_LeafPhotoA_2025-09-09 16_55_44.021-05_00_2.png,1.25,1.6813446559245697
343,6013_LeafPhotoA_2025-09-09 16_55_44.021-05_00_3.png,1.25,1.6407608030541232
352,1585_LeafPhotoA_2025-09-09 09_39_14.646-05_00_0.png,3.75,2.5757002147064427
353,1585_LeafPhotoA_2025-09-09 09_39_14.646-05_00_1.png,3.75,2.616647458409433
354,1585_LeafPhotoA_2025-09-09 09_39_14.646-05_00_2.png,3.75,2.3463382530956416
355,1585_LeafPhotoA_2025-09-09 09_39_14.646-05_00_3.png,3.75,2.121770840525896
356,1072_LeafPhotoA_2025-09-08 13_03_29.236-05_00_0.png,2.5,2.054052204473911
357,1072_LeafPhotoA_2025-09-08 13_03_29.236-05_00_1.png,2.5,1.988437926604326
358,1072_LeafPhotoA_2025-09-08 13_03_29.236-05_00_2.png,2.5,2.076207440468942
359,1072_LeafPhotoA_2025-09-08 13_03_29.236-05_00_3.png,2.5,1.9264056288152513
391,2163_LeafPhotoA_2025-09-09 11_54_54.715-05_00_0.png,3.25,2.1116295524368875
392,2163_LeafPhotoA_2025-09-09 11_54_54.715-05_00_1.png,3.25,2.1815742719760367
393,2163_LeafPhotoA_2025-09-09 11_54_54.715-05_00_2.png,3.25,2.187802345249729
394,2163_LeafPhotoA_2025-09-09 11_54_54.715-05_00_3.png,3.25,2.0447080324941442
400,1648_LeafPhotoA_2025-09-09 10_44_29.803-05_00_0.png,1.75,2.0049137647281885
401,1648_LeafPhotoA_2025-09-09 10_44_29.803-05_00_1.png,1.75,2.0435429248992647
402,1648_LeafPhotoA_2025-09-09 10_44_29.803-05_00_2.png,1.75,2.068285310410853
403,1648_LeafPhotoA_2025-09-09 10_44_29.803-05_00_3.png,1.75,1.8876268572731676
418,1615_LeafPhotoA_2025-09-09 09_39_37.565-05_00_0.png,2.0,2.0026525484265902
419,1615_LeafPhotoA_2025-09-09 09_39_37.565-05_00_1.png,2.0,1.9310734676118406
420,1615_LeafPhotoA_2025-09-09 09_39_37.565-05_00_2.png,2.0,1.8697804718407374
421,1615_LeafPhotoA_2025-09-09 09_39_37.565-05_00_3.png,2.0,1.8051693878863142
426,2765_LeafPhotoA_2025-09-09 16_06_20.833-05_00_0.png,1.75,1.8124138336079125
427,2765_LeafPhotoA_2025-09-09 16_06_20.833-05_00_1.png,1.75,1.7170390317779087
428,2765_LeafPhotoA_2025-09-09 16_06_20.833-05_00_2.png,1.75,1.5629279826049853
429,2765_LeafPhotoA_2025-09-09 16_06_20.833-05_00_3.png,1.75,1.5206139092272755
440,1702_LeafPhotoA_2025-09-09 10_12_23.395-05_00_0.png,3.0,2.21501749809197
441,1702_LeafPhotoA_2025-09-09 10_12_23.395-05_00_1.png,3.0,2.330482896921728
442,1702_LeafPhotoA_2025-09-09 10_12_23.395-05_00_2.png,3.0,2.2684541731971577
443,1702_LeafPhotoA_2025-09-09 10_12_23.395-05_00_3.png,3.0,2.022496407423845
451,5008_LeafPhotoA_2025-09-09 16_06_40.356-05_00_0.png,1.25,1.840783446535781
452,5008_LeafPhotoA_2025-09-09 16_06_40.356-05_00_1.png,1.25,1.8710612668447204
453,5008_LeafPhotoA_2025-09-09 16_06_40.356-05_00_2.png,1.25,1.8897515914181806
454,5008_LeafPhotoA_2025-09-09 16_06_40.356-05_00_3.png,1.25,1.630027141798474
459,1159_LeafPhotoA_2025-09-08 16_47_54.035-05_00_0.png,1.25,1.5687889889111468
460,1159_LeafPhotoA_2025-09-08 16_47_54.035-05_00_1.png,1.25,1.5174383750722658
461,1159_LeafPhotoA_2025-09-08 16_47_54.035-05_00_2.png,1.25,1.6790410620913954
462,1159_LeafPhotoA_2025-09-08 16_47_54.035-05_00_3.png,1.25,1.7013941006601019
467,1022_LeafPhotoA_2025-09-08 09_57_30.921-05_00_0.png,1.5,1.9009347072547698
468,1022_LeafPhotoA_2025-09-08 09_57_30.921-05_00_1.png,1.5,1.8485842945767348
469,1022_LeafPhotoA_2025-09-08 09_57_30.921-05_00_2.png,1.5,1.751026204032252
470,1022_LeafPhotoA_2025-09-08 09_57_30.921-05_00_3.png,1.5,1.7583989823547221
471,1099_LeafPhotoA_2025-09-08 12_38_29.235-05_00_0.png,1.25,1.638934620103676
472,1099_LeafPhotoA_2025-09-08 12_38_29.235-05_00_1.png,1.25,1.5380122368923645
473,1099_LeafPhotoA_2025-09-08 12_38_29.235-05_00_2.png,1.25,1.4898143621433817
474,1099_LeafPhotoA_2025-09-08 12_38_29.235-05_00_3.png,1.25,1.6365195975509819
475,2189_LeafPhotoA_2025-09-08 17_18_50.308-05_00_0.png,1.5,1.8441061633034481
476,2189_LeafPhotoA_2025-09-08 17_18_50.308-05_00_1.png,1.5,1.7801083077448352
477,2189_LeafPhotoA_2025-09-08 17_18_50.308-05_00_2.png,1.5,1.9061282354851712
478,2189_LeafPhotoA_2025-09-08 17_18_50.308-05_00_3.png,1.5,1.824260051944154
494,2068_LeafPhotoA_2025-09-08 12_02_55.291-05_00_0.png,1.25,1.586294585783798
495,2068_LeafPhotoA_2025-09-08 12_02_55.291-05_00_1.png,1.25,1.6743140267616377
496,2068_LeafPhotoA_2025-09-08 12_02_55.291-05_00_2.png,1.25,1.6479760823313574
497,2068_LeafPhotoA_2025-09-08 12_02_55.291-05_00_3.png,1.25,1.5393547606021025
498,1641_LeafPhotoA_2025-09-09 10_30_20.507-05_00_0.png,1.0,1.6743169234500024
499,1641_LeafPhotoA_2025-09-09 10_30_20.507-05_00_1.png,1.0,1.68263692895861
500,1641_LeafPhotoA_2025-09-09 10_30_20.507-05_00_2.png,1.0,1.5369143910556553
501,6013_LeafPhotoA_2025-09-09 16_56_02.230-05_00_0.png,1.25,1.7869171873770386
502,6013_LeafPhotoA_2025-09-09 16_56_02.230-05_00_1.png,1.25,1.7905051812021506
503,6013_LeafPhotoA_2025-09-09 16_56_02.230-05_00_2.png,1.25,1.8252275469507584
504,6013_LeafPhotoA_2025-09-09 16_56_02.230-05_00_3.png,1.25,1.765719126508757
548,2314_LeafPhotoA_2025-09-08 10_42_26.409-05_00_0.png,1.0,1.612190255415861
549,2314_LeafPhotoA_2025-09-08 10_42_26.409-05_00_1.png,1.0,1.6492760353936478
550,2314_LeafPhotoA_2025-09-08 10_42_26.409-05_00_2.png,1.0,1.592852178578269
559,2347_LeafPhotoA_2025-09-08 11_14_48.020-05_00_0.png,1.5,1.791695109258432
560,2347_LeafPhotoA_2025-09-08 11_14_48.020-05_00_1.png,1.5,1.697969649426029
569,1445_LeafPhotoB_2025-09-08 10_34_39.346-05_00_0.png,1.75,1.7356266200837245
570,1445_LeafPhotoB_2025-09-08 10_34_39.346-05_00_1.png,1.75,1.7805200812165662
571,1445_LeafPhotoB_2025-09-08 10_34_39.346-05_00_2.png,1.75,1.7916707794068352
572,1445_LeafPhotoB_2025-09-08 10_34_39.346-05_00_3.png,1.75,1.6267398617464408
589,2429_LeafPhotoB_2025-09-08 11_05_20.910-05_00_0.png,2.5,2.221797296334076
590,2429_LeafPhotoB_2025-09-08 11_05_20.910-05_00_1.png,2.5,2.2128051826632147
591,2429_LeafPhotoB_2025-09-08 11_05_20.910-05_00_2.png,2.5,2.1481079686768667
592,2429_LeafPhotoB_2025-09-08 11_05_20.910-05_00_3.png,2.5,2.2510438827571404
597,2974_LeafPhotoA_2025-09-09 16_23_04.095-05_00_0.png,3.25,2.5225013288668334
598,2974_LeafPhotoA_2025-09-09 16_23_04.095-05_00_1.png,3.25,2.509126783472217
599,2974_LeafPhotoA_2025-09-09 16_23_04.095-05_00_2.png,3.25,2.3232335205550037
600,2974_LeafPhotoA_2025-09-09 16_23_04.095-05_00_3.png,3.25,2.5089449609343206
627,1413_LeafPhotoA_2025-09-08 09_35_26.834-05_00_0.png,1.75,2.0905180700443147
628,1413_LeafPhotoA_2025-09-08 09_35_26.834-05_00_1.png,1.75,1.9654940039508764
629,1413_LeafPhotoA_2025-09-08 09_35_26.834-05_00_2.png,1.75,1.859376604387077
630,1413_LeafPhotoA_2025-09-08 09_35_26.834-05_00_3.png,1.75,1.8361865269367934
639,6017_LeafPhotoA_2025-09-09 16_48_02.296-05_00_0.png,1.75,1.6272354119062613
640,6017_LeafPhotoA_2025-09-09 16_48_02.296-05_00_1.png,1.75,1.7634609522099849
641,6017_LeafPhotoA_2025-09-09 16_48_02.296-05_00_2.png,1.75,1.8051406125438998
642,6017_LeafPhotoA_2025-09-09 16_48_02.296-05_00_3.png,1.75,1.8898628787631793
667,1619_LeafPhotoA_2025-09-09 09_49_42.512-05_00_0.png,1.75,1.86185174605129
668,1619_LeafPhotoA_2025-09-09 09_49_42.512-05_00_1.png,1.75,1.921228792572883
669,1619_LeafPhotoA_2025-09-09 09_49_42.512-05_00_2.png,1.75,2.034821340857876
670,1619_LeafPhotoA_2025-09-09 09_49_42.512-05_00_3.png,1.75,1.7156805272336668
678,1531_LeafPhotoA_2025-09-09 09_29_04.886-05_00_0.png,2.25,1.9881909396462782
679,1531_LeafPhotoA_2025-09-09 09_29_04.886-05_00_1.png,2.25,2.1755552673872494
680,1531_LeafPhotoA_2025-09-09 09_29_04.886-05_00_2.png,2.25,2.059188837278293
681,1531_LeafPhotoA_2025-09-09 09_29_04.886-05_00_3.png,2.25,1.7641977634011903
690,1497_LeafPhotoB_2025-09-08 17_01_53.160-05_00_0.png,1.75,1.6459204510767014
691,1497_LeafPhotoB_2025-09-08 17_01_53.160-05_00_1.png,1.75,1.6127187195893415
692,1497_LeafPhotoB_2025-09-08 17_01_53.160-05_00_2.png,1.75,1.6137363845224462
693,1497_LeafPhotoB_2025-09-08 17_01_53.160-05_00_3.png,1.75,1.459574341139006
780,1838_LeafPhotoA_2025-09-09 09_47_07.906-05_00_0.png,1.0,2.0375871299390433
781,1838_LeafPhotoA_2025-09-09 09_47_07.906-05_00_1.png,1.0,1.9049811915716388
782,1838_LeafPhotoA_2025-09-09 09_47_07.906-05_00_2.png,1.0,1.858599705331541
783,1838_LeafPhotoA_2025-09-09 09_47_07.906-05_00_3.png,1.0,2.009674769149892
788,2683_LeafPhotoA_2025-09-09 10_58_56.882-05_00_0.png,1.0,1.802988256881467
789,2683_LeafPhotoA_2025-09-09 10_58_56.882-05_00_1.png,1.0,1.8040739608997256
790,2683_LeafPhotoA_2025-09-09 10_58_56.882-05_00_2.png,1.0,1.6269243120328891
791,2683_LeafPhotoA_2025-09-09 10_58_56.882-05_00_3.png,1.0,1.5969692348777684
799,2010_LeafPhotoA_2025-09-08 10_44_22.059-05_00_0.png,1.25,2.0044359175611124
800,2010_LeafPhotoA_2025-09-08 10_44_22.059-05_00_1.png,1.25,1.7996403342408678
801,2010_LeafPhotoA_2025-09-08 10_44_22.059-05_00_2.png,1.25,1.8025761897617663
802,2010_LeafPhotoA_2025-09-08 10_44_22.059-05_00_3.png,1.25,1.788280676279722
807,1510_LeafPhotoA_2025-09-09 09_05_13.748-05_00_0.png,1.5,1.8950255197951216
808,1510_LeafPhotoA_2025-09-09 09_05_13.748-05_00_1.png,1.5,1.725915241175445
809,1510_LeafPhotoA_2025-09-09 09_05_13.748-05_00_2.png,1.5,1.984176202882085
810,1510_LeafPhotoA_2025-09-09 09_05_13.748-05_00_3.png,1.5,1.9664175223412954
835,2662_LeafPhotoA_2025-09-09 11_35_27.644-05_00_0.png,3.5,2.013560286704398
836,2662_LeafPhotoA_2025-09-09 11_35_27.644-05_00_1.png,3.5,1.9785606901121013
837,2662_LeafPhotoA_2025-09-09 11_35_27.644-05_00_2.png,3.5,1.902616080085691
838,2662_LeafPhotoA_2025-09-09 11_35_27.644-05_00_3.png,3.5,1.8295634430042549
886,2153_LeafPhotoA_2025-09-08 12_29_10.390-05_00_0.png,1.25,1.774988712601037
887,2153_LeafPhotoA_2025-09-08 12_29_10.390-05_00_1.png,1.25,1.6357601057715814
888,2153_LeafPhotoA_2025-09-08 12_29_10.390-05_00_2.png,1.25,1.6982477767787125
889,2153_LeafPhotoA_2025-09-08 12_29_10.390-05_00_3.png,1.25,1.697762675103049
890,2248_LeafPhotoA_2025-09-08 12_01_20.448-05_00_0.png,1.5,1.691254407954715
891,2248_LeafPhotoA_2025-09-08 12_01_20.448-05_00_1.png,1.5,1.6288516886504005
892,2248_LeafPhotoA_2025-09-08 12_01_20.448-05_00_2.png,1.5,1.6286640308744738
893,2248_LeafPhotoA_2025-09-08 12_01_20.448-05_00_3.png,1.5,1.6312131500854763
912,1811_LeafPhotoA_2025-09-09 09_05_51.708-05_00_0.png,1.5,1.7025520340311278
913,1811_LeafPhotoA_2025-09-09 09_05_51.708-05_00_1.png,1.5,1.6439271048237645
914,1811_LeafPhotoA_2025-09-09 09_05_51.708-05_00_2.png,1.5,1.7419937603528328
937,2950_LeafPhotoA_2025-09-09 16_20_58.442-05_00_0.png,2.0,1.5089315331909687
938,2950_LeafPhotoA_2025-09-09 16_20_58.442-05_00_1.png,2.0,1.775114570346985
939,2950_LeafPhotoA_2025-09-09 16_20_58.442-05_00_2.png,2.0,1.7268808379980007
940,2950_LeafPhotoA_2025-09-09 16_20_58.442-05_00_3.png,2.0,1.7241148817897678
1006,1062_LeafPhotoA_2025-09-08 12_54_11.961-05_00_0.png,3.25,2.451169223049372
1007,1062_LeafPhotoA_2025-09-08 12_54_11.961-05_00_1.png,3.25,2.4818741160706015
1008,1062_LeafPhotoA_2025-09-08 12_54_11.961-05_00_2.png,3.25,2.451283434612612
1009,1062_LeafPhotoA_2025-09-08 12_54_11.961-05_00_3.png,3.25,2.2141339832969216
1073,1402_LeafPhotoB_2025-09-08 10_39_37.458-05_00_0.png,1.75,1.9258802989263273
1074,1402_LeafPhotoB_2025-09-08 10_39_37.458-05_00_1.png,1.75,2.185349572832946
1075,1402_LeafPhotoB_2025-09-08 10_39_37.458-05_00_2.png,1.75,2.046014575992033
1076,1402_LeafPhotoB_2025-09-08 10_39_37.458-05_00_3.png,1.75,2.0125446935541005
1098,1005_LeafPhotoA_2025-09-08 09_35_15.574-05_00_0.png,2.0,1.9989071965347625
1099,1005_LeafPhotoA_2025-09-08 09_35_15.574-05_00_1.png,2.0,2.008520209588633
1100,1005_LeafPhotoA_2025-09-08 09_35_15.574-05_00_2.png,2.0,2.0009596578548288
1101,1005_LeafPhotoA_2025-09-08 09_35_15.574-05_00_3.png,2.0,1.8859820460582473
1117,2218_LeafPhotoA_2025-09-08 11_14_46.146-05_00_0.png,1.25,1.81412726118964
1118,2218_LeafPhotoA_2025-09-08 11_14_46.146-05_00_1.png,1.25,1.8546149427345864
1119,2218_LeafPhotoA_2025-09-08 11_14_46.146-05_00_2.png,1.25,1.7267582956782945
1120,2218_LeafPhotoA_2025-09-08 11_14_46.146-05_00_3.png,1.25,1.6447143905836694
1143,1997_LeafPhotoA_2025-09-09 15_58_29.800-05_00_0.png,2.0,1.8742601657028908
1144,1997_LeafPhotoA_2025-09-09 15_58_29.800-05_00_1.png,2.0,1.8311284002872026
1145,1997_LeafPhotoA_2025-09-09 15_58_29.800-05_00_2.png,2.0,1.9907298832327394
1146,1997_LeafPhotoA_2025-09-09 15_58_29.800-05_00_3.png,2.0,2.1168778040079466
1154,1404_LeafPhotoB_2025-09-08 09_58_06.206-05_00_0.png,2.25,1.6620457556423833
1155,1404_LeafPhotoB_2025-09-08 09_58_06.206-05_00_1.png,2.25,2.0320655592526253
1156,1404_LeafPhotoB_2025-09-08 09_58_06.206-05_00_2.png,2.25,2.0771101681551816
1157,1404_LeafPhotoB_2025-09-08 09_58_06.206-05_00_3.png,2.25,2.0562567976197896
1169,2189_LeafPhotoA_2025-09-08 17_18_33.881-05_00_0.png,1.0,1.6278776421202539
1170,2189_LeafPhotoA_2025-09-08 17_18_33.881-05_00_1.png,1.0,1.5019058501281657
1171,2189_LeafPhotoA_2025-09-08 17_18_33.881-05_00_2.png,1.0,1.5353172029585052
1172,2189_LeafPhotoA_2025-09-08 17_18_33.881-05_00_3.png,1.0,1.628897024513208
1181,2273_LeafPhotoA_2025-09-08 17_10_20.317-05_00_0.png,2.0,1.7859416187420252
1182,2273_LeafPhotoA_2025-09-08 17_10_20.317-05_00_1.png,2.0,1.8409228020861155
1183,2273_LeafPhotoA_2025-09-08 17_10_20.317-05_00_2.png,2.0,1.9719300040170413
1184,2273_LeafPhotoA_2025-09-08 17_10_20.317-05_00_3.png,2.0,1.8975764352002351
1193,2182_LeafPhotoA_2025-09-09 12_26_51.449-05_00_0.png,2.5,2.0247254562669967
1194,2182_LeafPhotoA_2025-09-09 12_26_51.449-05_00_1.png,2.5,2.033709076717807
1195,2182_LeafPhotoA_2025-09-09 12_26_51.449-05_00_2.png,2.5,2.050185464065896
1196,2182_LeafPhotoA_2025-09-09 12_26_51.449-05_00_3.png,2.5,1.9103834266076305
1225,2794_LeafPhotoA_2025-09-09 11_14_44.812-05_00_0.png,1.25,1.7594795743431946
1229,1935_LeafPhotoA_2025-09-09 15_31_58.041-05_00_0.png,2.5,2.0831464412444607
1230,1935_LeafPhotoA_2025-09-09 15_31_58.041-05_00_1.png,2.5,2.1823363908609763
1231,1935_LeafPhotoA_2025-09-09 15_31_58.041-05_00_2.png,2.5,2.1584316264150583
1232,1935_LeafPhotoA_2025-09-09 15_31_58.041-05_00_3.png,2.5,2.257097577053956
1247,1350_LeafPhotoA_2025-09-08 10_18_59.648-05_00_0.png,1.75,1.8720446435753246
1248,2884_LeafPhotoA_2025-09-09 14_07_40.879-05_00_0.png,1.5,1.7483670934154298
1249,2884_LeafPhotoA_2025-09-09 14_07_40.879-05_00_1.png,1.5,1.7693941673275557
1250,2884_LeafPhotoA_2025-09-09 14_07_40.879-05_00_2.png,1.5,1.6645830360931095
1251,2884_LeafPhotoA_2025-09-09 14_07_40.879-05_00_3.png,1.5,1.6925044235815552
1265,1181_LeafPhotoA_2025-09-08 16_13_30.089-05_00_0.png,2.5,2.3233749030400186
1266,1181_LeafPhotoA_2025-09-08 16_13_30.089-05_00_1.png,2.5,2.3825044910329725
1267,1181_LeafPhotoA_2025-09-08 16_13_30.089-05_00_2.png,2.5,2.2643836918786757
1268,1181_LeafPhotoA_2025-09-08 16_13_30.089-05_00_3.png,2.5,2.162824591811481
1296,2814_LeafPhotoA_2025-09-09 10_25_44.101-05_00_0.png,3.25,2.4207883935339805
1297,2814_LeafPhotoA_2025-09-09 10_25_44.101-05_00_1.png,3.25,2.4427852949209385
1298,2814_LeafPhotoA_2025-09-09 10_25_44.101-05_00_2.png,3.25,2.451852368597228
1299,2814_LeafPhotoA_2025-09-09 10_25_44.101-05_00_3.png,3.25,2.7615428835279374
1320,1525_LeafPhotoA_2025-09-09 09_23_09.815-05_00_0.png,2.25,2.136857053708566
1321,1525_LeafPhotoA_2025-09-09 09_23_09.815-05_00_1.png,2.25,2.052689654046238
1322,1525_LeafPhotoA_2025-09-09 09_23_09.815-05_00_2.png,2.25,2.0057610804268733
1323,1525_LeafPhotoA_2025-09-09 09_23_09.815-05_00_3.png,2.25,1.954491278175139
1332,1402_LeafPhotoB_2025-09-08 10_40_07.212-05_00_0.png,2.25,1.7823368683595948
1333,1402_LeafPhotoB_2025-09-08 10_40_07.212-05_00_1.png,2.25,1.7786305814538808
1334,1402_LeafPhotoB_2025-09-08 10_40_07.212-05_00_2.png,2.25,1.9613093295499346
1335,1402_LeafPhotoB_2025-09-08 10_40_07.212-05_00_3.png,2.25,1.9499278186500029
1387,2729_LeafPhotoA_2025-09-09 10_55_43.588-05_00_0.png,4.0,3.206313258768341
1388,2729_LeafPhotoA_2025-09-09 10_55_43.588-05_00_1.png,4.0,3.2648314504230718
1389,2729_LeafPhotoA_2025-09-09 10_55_43.588-05_00_2.png,4.0,3.296737926778028
1390,2729_LeafPhotoA_2025-09-09 10_55_43.588-05_00_3.png,4.0,2.9945753434906277
1399,2286_LeafPhotoA_2025-09-08 16_54_14.459-05_00_0.png,1.75,1.5675754086666778
1400,2286_LeafPhotoA_2025-09-08 16_54_14.459-05_00_1.png,1.75,1.9087459706146208
1401,2286_LeafPhotoA_2025-09-08 16_54_14.459-05_00_2.png,1.75,1.9097380230748682
1402,2286_LeafPhotoA_2025-09-08 16_54_14.459-05_00_3.png,1.75,1.864769321864279
1403,1167_LeafPhotoA_2025-09-08 16_37_11.962-05_00_0.png,1.75,1.850491528992594
1416,2817_LeafPhotoA_2025-09-09 10_29_25.768-05_00_0.png,1.0,1.4406354589373978
1417,2817_LeafPhotoA_2025-09-09 10_29_25.768-05_00_1.png,1.0,1.5614550997355767
1418,2817_LeafPhotoA_2025-09-09 10_29_25.768-05_00_2.png,1.0,1.591018869700722
1419,2817_LeafPhotoA_2025-09-09 10_29_25.768-05_00_3.png,1.0,1.5609765433748737
1459,2791_LeafPhotoA_2025-09-09 11_24_33.408-05_00_0.png,2.75,1.8849680599207619
1460,2791_LeafPhotoA_2025-09-09 11_24_33.408-05_00_1.png,2.75,2.028992493416134
1461,2791_LeafPhotoA_2025-09-09 11_24_33.408-05_00_2.png,2.75,1.9873828013151473
1462,2791_LeafPhotoA_2025-09-09 11_24_33.408-05_00_3.png,2.75,1.9256474111530348
1477,2009_LeafPhotoA_2025-09-08 10_43_35.775-05_00_0.png,1.5,1.7200242665173133
1478,2009_LeafPhotoA_2025-09-08 10_43_35.775-05_00_1.png,1.5,1.7245623968327761
1479,2009_LeafPhotoA_2025-09-08 10_43_35.775-05_00_2.png,1.5,1.8545646233187705
1480,2009_LeafPhotoA_2025-09-08 10_43_35.775-05_00_3.png,1.5,1.570613721471597
1510,1034_LeafPhotoA_2025-09-08 10_10_03.182-05_00_0.png,2.0,2.3295567390461813
1511,1034_LeafPhotoA_2025-09-08 10_10_03.182-05_00_1.png,2.0,2.092499246182414
1512,1034_LeafPhotoA_2025-09-08 10_10_03.182-05_00_2.png,2.0,2.084248225058717
1531,1417_LeafPhotoB_2025-09-08 10_11_12.838-05_00_0.png,2.5,1.9073134452057885
1532,1417_LeafPhotoB_2025-09-08 10_11_12.838-05_00_1.png,2.5,2.118541669358172
1533,1417_LeafPhotoB_2025-09-08 10_11_12.838-05_00_2.png,2.5,2.097758466106315
1534,1417_LeafPhotoB_2025-09-08 10_11_12.838-05_00_3.png,2.5,2.0027675313458233
1543,1075_LeafPhotoA_2025-09-08 13_08_10.230-05_00_0.png,2.0,1.9764014716068445
1544,1075_LeafPhotoA_2025-09-08 13_08_10.230-05_00_1.png,2.0,1.933544833544616
1545,1075_LeafPhotoA_2025-09-08 13_08_10.230-05_00_2.png,2.0,1.9096848727387379
1546,1075_LeafPhotoA_2025-09-08 13_08_10.230-05_00_3.png,2.0,1.8944311312008306
1565,2699_LeafPhotoA_2025-09-09 10_27_27.811-05_00_0.png,3.0,2.0061939541514446
1566,2699_LeafPhotoA_2025-09-09 10_27_27.811-05_00_1.png,3.0,1.960818210805899
1567,2699_LeafPhotoA_2025-09-09 10_27_27.811-05_00_2.png,3.0,2.0918045219690438
1568,2699_LeafPhotoA_2025-09-09 10_27_27.811-05_00_3.png,3.0,2.1449760524415513
1636,1389_LeafPhotoA_2025-09-08 13_08_37.035-05_00_0.png,1.75,1.800531521757505
1637,1389_LeafPhotoA_2025-09-08 13_08_37.035-05_00_1.png,1.75,1.761793135636778
1638,1389_LeafPhotoA_2025-09-08 13_08_37.035-05_00_2.png,1.75,1.7903168016328592
1651,2460_LeafPhotoB_2025-09-08 11_37_28.626-05_00_0.png,1.75,1.5332488316757766
1652,2460_LeafPhotoB_2025-09-08 11_37_28.626-05_00_1.png,1.75,1.7066159500329374
1653,2460_LeafPhotoB_2025-09-08 11_37_28.626-05_00_2.png,1.75,1.921551625060526
1654,2460_LeafPhotoB_2025-09-08 11_37_28.626-05_00_3.png,1.75,2.006645022324273
1659,1445_LeafPhotoB_2025-09-08 10_33_50.397-05_00_0.png,1.5,1.5325071536798156
1660,1445_LeafPhotoB_2025-09-08 10_33_50.397-05_00_1.png,1.5,1.8509145551945483
1661,1445_LeafPhotoB_2025-09-08 10_33_50.397-05_00_2.png,1.5,1.880337096352275
1662,1445_LeafPhotoB_2025-09-08 10_33_50.397-05_00_3.png,1.5,1.5389772090882656
1678,2318_LeafPhotoA_2025-09-08 10_46_13.359-05_00_0.png,1.5,1.6229717764431042
1679,2318_LeafPhotoA_2025-09-08 10_46_13.359-05_00_1.png,1.5,1.6981229865147958
1691,1234_LeafPhotoA_2025-09-08 10_20_18.045-05_00_0.png,1.75,1.7982093076852406
1692,1234_LeafPhotoA_2025-09-08 10_20_18.045-05_00_1.png,1.75,1.8536838878315642
1693,1234_LeafPhotoA_2025-09-08 10_20_18.045-05_00_2.png,1.75,1.7605489255219324
1694,1234_LeafPhotoA_2025-09-08 10_20_18.045-05_00_3.png,1.75,1.7679252723768826
1695,1279_LeafPhotoA_2025-09-08 16_08_00.467-05_00_0.png,1.0,1.576322653629372
1696,1279_LeafPhotoA_2025-09-08 16_08_00.467-05_00_1.png,1.0,1.5312325879113675
1697,1279_LeafPhotoA_2025-09-08 16_08_00.467-05_00_2.png,1.0,1.5483249240761825
1698,1279_LeafPhotoA_2025-09-08 16_08_00.467-05_00_3.png,1.0,1.5682822326693986
1704,1417_LeafPhotoB_2025-09-08 10_10_54.682-05_00_0.png,2.25,1.7916460496753515
1705,1417_LeafPhotoB_2025-09-08 10_10_54.682-05_00_1.png,2.25,2.013260176805856
1706,1417_LeafPhotoB_2025-09-08 10_10_54.682-05_00_2.png,2.25,2.0616383458168706
1707,1417_LeafPhotoB_2025-09-08 10_10_54.682-05_00_3.png,2.25,2.01935700282233
1726,1043_LeafPhotoA_2025-09-08 10_21_46.526-05_00_0.png,3.0,2.0435565519147194
1727,1043_LeafPhotoA_2025-09-08 10_21_46.526-05_00_1.png,3.0,2.0001506700469203
1728,1043_LeafPhotoA_2025-09-08 10_21_46.526-05_00_2.png,3.0,1.9207796143914582
1729,1043_LeafPhotoA_2025-09-08 10_21_46.526-05_00_3.png,3.0,1.6412705736345823
1739,1488_LeafPhotoB_2025-09-08 16_52_36.463-05_00_0.png,2.75,2.061272092198201
1740,1488_LeafPhotoB_2025-09-08 16_52_36.463-05_00_1.png,2.75,2.1308064839652734
1741,1488_LeafPhotoB_2025-09-08 16_52_36.463-05_00_2.png,2.75,2.15830938608229
1742,1488_LeafPhotoB_2025-09-08 16_52_36.463-05_00_3.png,2.75,2.156149191700168
1761,1456_LeafPhotoB_2025-09-08 12_32_32.393-05_00_0.png,1.25,1.606729488811037
1762,1456_LeafPhotoB_2025-09-08 12_32_32.393-05_00_1.png,1.25,1.5506857122186941
1763,1456_LeafPhotoB_2025-09-08 12_32_32.393-05_00_2.png,1.25,1.6290871791633958
1764,1456_LeafPhotoB_2025-09-08 12_32_32.393-05_00_3.png,1.25,1.612858381113536
1855,1181_LeafPhotoA_2025-09-08 16_13_46.902-05_00_0.png,2.5,1.9064443375386455
1856,1181_LeafPhotoA_2025-09-08 16_13_46.902-05_00_1.png,2.5,2.0640614044417385
1857,1181_LeafPhotoA_2025-09-08 16_13_46.902-05_00_2.png,2.5,2.152501479809965
1858,1181_LeafPhotoA_2025-09-08 16_13_46.902-05_00_3.png,2.5,2.0905634153334325
1860,5009_LeafPhotoA_2025-09-09 16_08_39.148-05_00_0.png,1.75,1.7919864712869227
1861,5009_LeafPhotoA_2025-09-09 16_08_39.148-05_00_1.png,1.75,1.8227884978489528
1862,5009_LeafPhotoA_2025-09-09 16_08_39.148-05_00_2.png,1.75,1.5444005583460763
1863,5009_LeafPhotoA_2025-09-09 16_08_39.148-05_00_3.png,1.75,1.758571928078638
1872,1413_LeafPhotoA_2025-09-08 09_35_09.246-05_00_0.png,1.75,2.0455994558457413
1873,1413_LeafPhotoA_2025-09-08 09_35_09.246-05_00_1.png,1.75,2.048667581547712
1874,1413_LeafPhotoA_2025-09-08 09_35_09.246-05_00_2.png,1.75,2.0508124755912016
1883,2586_LeafPhotoA_2025-09-09 10_34_33.986-05_00_0.png,1.25,1.8135712046690309
1884,2586_LeafPhotoA_2025-09-09 10_34_33.986-05_00_1.png,1.25,1.6705165596370972
1885,2586_LeafPhotoA_2025-09-09 10_34_33.986-05_00_2.png,1.25,1.4838196793974543
1886,2586_LeafPhotoA_2025-09-09 10_34_33.986-05_00_3.png,1.25,1.4131531539079794
1893,2055_LeafPhotoA_2025-09-08 11_49_38.748-05_00_0.png,2.75,2.0640322223436813
1894,2055_LeafPhotoA_2025-09-08 11_49_38.748-05_00_1.png,2.75,1.917844293053222
1895,2055_LeafPhotoA_2025-09-08 11_49_38.748-05_00_2.png,2.75,1.718767499943137
1924,1878_LeafPhotoA_2025-09-09 17_05_46.079-05_00_0.png,1.75,1.5601758414860307
1925,1878_LeafPhotoA_2025-09-09 17_05_46.079-05_00_1.png,1.75,1.4305771136489502
1926,1878_LeafPhotoA_2025-09-09 17_05_46.079-05_00_2.png,1.75,1.5668762758045707
1927,1878_LeafPhotoA_2025-09-09 17_05_46.079-05_00_3.png,1.75,1.677237164515426
1940,1631_LeafPhotoA_2025-09-09 10_13_12.245-05_00_0.png,1.5,1.598919993226749
1941,1631_LeafPhotoA_2025-09-09 10_13_12.245-05_00_1.png,1.5,1.6279884035517498
1942,1631_LeafPhotoA_2025-09-09 10_13_12.245-05_00_2.png,1.5,1.6005047550985416
1943,1075_LeafPhotoA_2025-09-08 13_08_28.899-05_00_0.png,2.25,1.893152718521695
1944,1075_LeafPhotoA_2025-09-08 13_08_28.899-05_00_1.png,2.25,1.8955787545613036
1945,1075_LeafPhotoA_2025-09-08 13_08_28.899-05_00_2.png,2.25,1.9472426103174212
1946,1075_LeafPhotoA_2025-09-08 13_08_28.899-05_00_3.png,2.25,1.7016514410297308
1955,2395_LeafPhotoA_2025-09-08 12_20_28.826-05_00_0.png,1.5,1.8203547061477727
1956,2395_LeafPhotoA_2025-09-08 12_20_28.826-05_00_1.png,1.5,1.8191377579383348
1957,2395_LeafPhotoA_2025-09-08 12_20_28.826-05_00_2.png,1.5,1.6974041196658616
1958,2395_LeafPhotoA_2025-09-08 12_20_28.826-05_00_3.png,1.5,1.6465897196695747
1984,2630_LeafPhotoA_2025-09-09 11_53_58.743-05_00_0.png,2.0,1.820498222732343
1985,2630_LeafPhotoA_2025-09-09 11_53_58.743-05_00_1.png,2.0,1.7614223164055922
1986,2630_LeafPhotoA_2025-09-09 11_53_58.743-05_00_2.png,2.0,1.8070386257364166
1987,2630_LeafPhotoA_2025-09-09 11_53_58.743-05_00_3.png,2.0,1.8934622512004367
2000,1904_LeafPhotoA_2025-09-09 14_38_44.936-05_00_0.png,1.75,1.766269098259894
2001,1904_LeafPhotoA_2025-09-09 14_38_44.936-05_00_1.png,1.75,1.7988960407215646
2002,1904_LeafPhotoA_2025-09-09 14_38_44.936-05_00_2.png,1.75,1.6617594168333836
2003,1904_LeafPhotoA_2025-09-09 14_38_44.936-05_00_3.png,1.75,1.7738730783119214
2027,2597_LeafPhotoA_2025-09-09 10_25_46.649-05_00_0.png,1.75,1.7904572101941856
2028,2597_LeafPhotoA_2025-09-09 10_25_46.649-05_00_1.png,1.75,1.831107309868762
2029,2597_LeafPhotoA_2025-09-09 10_25_46.649-05_00_2.png,1.75,1.660631730479812
2067,1010_LeafPhotoA_2025-09-08 09_41_44.218-05_00_0.png,2.0,1.9713792615059345
2068,1010_LeafPhotoA_2025-09-08 09_41_44.218-05_00_1.png,2.0,1.963381803753198
2069,1010_LeafPhotoA_2025-09-08 09_41_44.218-05_00_2.png,2.0,1.9630777888879931
2070,1010_LeafPhotoA_2025-09-08 09_41_44.218-05_00_3.png,2.0,1.897440978230793
2079,1259_LeafPhotoA_2025-09-08 16_30_23.555-05_00_0.png,2.75,2.1593405414956655
2080,1259_LeafPhotoA_2025-09-08 16_30_23.555-05_00_1.png,2.75,2.142328617463655
2081,1259_LeafPhotoA_2025-09-08 16_30_23.555-05_00_2.png,2.75,2.1063095928033513
2082,1259_LeafPhotoA_2025-09-08 16_30_23.555-05_00_3.png,2.75,2.034230759185612
2083,2561_LeafPhotoA_2025-09-09 11_01_04.730-05_00_0.png,1.75,1.894089356696206
2084,2561_LeafPhotoA_2025-09-09 11_01_04.730-05_00_1.png,1.75,1.798283886718449
2085,2561_LeafPhotoA_2025-09-09 11_01_04.730-05_00_2.png,1.75,1.6921335400965463
2086,2561_LeafPhotoA_2025-09-09 11_01_04.730-05_00_3.png,1.75,1.8118628897104252
2107,1202_LeafPhotoA_2025-09-08 10_46_25.784-05_00_0.png,1.25,1.7524918744597682
2108,1202_LeafPhotoA_2025-09-08 10_46_25.784-05_00_1.png,1.25,1.6623320709070852
2109,1202_LeafPhotoA_2025-09-08 10_46_25.784-05_00_2.png,1.25,1.6317172089539176
2110,1202_LeafPhotoA_2025-09-08 10_46_25.784-05_00_3.png,1.25,1.752898758830877
2134,1746_LeafPhotoA_2025-09-09 10_03_34.287-05_00_0.png,1.5,2.0002626973183744
2135,1746_LeafPhotoA_2025-09-09 10_03_34.287-05_00_1.png,1.5,2.031513934142432
2136,1746_LeafPhotoA_2025-09-09 10_03_34.287-05_00_2.png,1.5,1.851497247697153
2137,1931_LeafPhotoA_2025-09-09 15_27_04.726-05_00_0.png,1.25,1.7335603149376857
2138,1931_LeafPhotoA_2025-09-09 15_27_04.726-05_00_1.png,1.25,1.6650842006841313
2139,1931_LeafPhotoA_2025-09-09 15_27_04.726-05_00_2.png,1.25,1.696001579737985
2140,1931_LeafPhotoA_2025-09-09 15_27_04.726-05_00_3.png,1.25,1.7270039685170793
2153,1206_LeafPhotoA_2025-09-08 09_30_08.342-05_00_0.png,2.0,1.6640266569005682
2154,1206_LeafPhotoA_2025-09-08 09_30_08.342-05_00_1.png,2.0,1.8033439456006446
2155,1206_LeafPhotoA_2025-09-08 09_30_08.342-05_00_2.png,2.0,1.8221687944086336
2156,1206_LeafPhotoA_2025-09-08 09_30_08.342-05_00_3.png,2.0,1.7013003830628741
2169,1163_LeafPhotoA_2025-09-08 16_42_10.758-05_00_0.png,1.25,1.992726421878563
2170,1163_LeafPhotoA_2025-09-08 16_42_10.758-05_00_1.png,1.25,1.9895831189069144
2171,1163_LeafPhotoA_2025-09-08 16_42_10.758-05_00_2.png,1.25,2.0216941382839964
2172,1163_LeafPhotoA_2025-09-08 16_42_10.758-05_00_3.png,1.25,2.0050637136717326
2173,2518_LeafPhotoA_2025-09-09 10_14_44.963-05_00_0.png,2.25,2.2059709249688346
2174,2518_LeafPhotoA_2025-09-09 10_14_44.963-05_00_1.png,2.25,2.1877479635235666
2175,2518_LeafPhotoA_2025-09-09 10_14_44.963-05_00_2.png,2.25,2.3204498353732803
2176,2518_LeafPhotoA_2025-09-09 10_14_44.963-05_00_3.png,2.25,2.177881224917047
2181,2429_LeafPhotoB_2025-09-08 11_06_06.696-05_00_0.png,2.25,1.6863996101897003
2182,1227_LeafPhotoA_2025-09-08 10_09_23.405-05_00_0.png,2.25,1.912607008777205
2183,1227_LeafPhotoA_2025-09-08 10_09_23.405-05_00_1.png,2.25,1.8418423759091564
2188,,1.75,1.9075654544892848
2206,2403_LeafPhotoB_2025-09-08 10_42_58.623-05_00_0.png,1.25,1.4821293136244882
2207,2403_LeafPhotoB_2025-09-08 10_42_58.623-05_00_1.png,1.25,1.4390882017543314
2208,2403_LeafPhotoB_2025-09-08 10_42_58.623-05_00_2.png,1.25,1.4170010973651284
2209,2403_LeafPhotoB_2025-09-08 10_42_58.623-05_00_3.png,1.25,1.4575119750860488
2223,1700_LeafPhotoA_2025-09-09 10_24_58.399-05_00_0.png,2.0,2.1045895013126175
2224,1700_LeafPhotoA_2025-09-09 10_24_58.399-05_00_1.png,2.0,2.0951509334198093
2225,1700_LeafPhotoA_2025-09-09 10_24_58.399-05_00_2.png,2.0,2.1419485458628396
2230,,1.75,1.9075654544892848
2247,1774_LeafPhotoA_2025-09-09 09_53_13.789-05_00_0.png,1.25,1.7209448215170104
2248,1774_LeafPhotoA_2025-09-09 09_53_13.789-05_00_1.png,1.25,1.5990667080691388
2249,1774_LeafPhotoA_2025-09-09 09_53_13.789-05_00_2.png,1.25,1.6776898538083103
2250,1774_LeafPhotoA_2025-09-09 09_53_13.789-05_00_3.png,1.25,1.6811799654728006
2251,2692_LeafPhotoA_2025-09-09 10_39_36.661-05_00_0.png,1.25,2.016615812456058
2252,2692_LeafPhotoA_2025-09-09 10_39_36.661-05_00_1.png,1.25,1.7808435277057924
2253,2692_LeafPhotoA_2025-09-09 10_39_36.661-05_00_2.png,1.25,1.803811985892881
2254,2692_LeafPhotoA_2025-09-09 10_39_36.661-05_00_3.png,1.25,1.7487544609095849
2283,1490_LeafPhotoB_2025-09-08 16_54_44.052-05_00_0.png,1.5,1.9167256438562177
2284,1490_LeafPhotoB_2025-09-08 16_54_44.052-05_00_1.png,1.5,2.0466982411360677
2285,1490_LeafPhotoB_2025-09-08 16_54_44.052-05_00_2.png,1.5,1.8923492595108056
2306,1182_LeafPhotoA_2025-09-08 16_12_58.388-05_00_0.png,1.5,1.9939832156456714
2307,1182_LeafPhotoA_2025-09-08 16_12_58.388-05_00_1.png,1.5,1.8653077910691718
2308,1182_LeafPhotoA_2025-09-08 16_12_58.388-05_00_2.png,1.5,1.7994427427738662
2309,1182_LeafPhotoA_2025-09-08 16_12_58.388-05_00_3.png,1.5,1.7994614634336352
2336,1220_LeafPhotoA_2025-09-08 09_59_32.289-05_00_0.png,2.25,1.7586700708642697
2337,1220_LeafPhotoA_2025-09-08 09_59_32.289-05_00_1.png,2.25,1.6493796824547367
2338,1220_LeafPhotoA_2025-09-08 09_59_32.289-05_00_2.png,2.25,1.7121687316744056
2339,1220_LeafPhotoA_2025-09-08 09_59_32.289-05_00_3.png,2.25,1.9013868658001811
2344,1550_LeafPhotoA_2025-09-09 09_52_22.748-05_00_0.png,2.25,2.1126506375501757
2345,1550_LeafPhotoA_2025-09-09 09_52_22.748-05_00_1.png,2.25,1.9890571763306135
2346,1550_LeafPhotoA_2025-09-09 09_52_22.748-05_00_2.png,2.25,1.7196268815343034
2347,1550_LeafPhotoA_2025-09-09 09_52_22.748-05_00_3.png,2.25,1.7116653392697574
2358,2234_LeafPhotoA_2025-09-08 11_39_18.537-05_00_0.png,1.75,1.7622788560030116
2359,2234_LeafPhotoA_2025-09-08 11_39_18.537-05_00_1.png,1.75,1.5671655567299914
2360,2234_LeafPhotoA_2025-09-08 11_39_18.537-05_00_2.png,1.75,1.5519656726800555
2361,2234_LeafPhotoA_2025-09-08 11_39_18.537-05_00_3.png,1.75,1.5796337621410688
2373,2201_LeafPhotoA_2025-09-08 10_47_34.501-05_00_0.png,1.25,1.7634319423535276
2374,2201_LeafPhotoA_2025-09-08 10_47_34.501-05_00_1.png,1.25,1.7791973756861037
2375,2201_LeafPhotoA_2025-09-08 10_47_34.501-05_00_2.png,1.25,1.804047357035917
2376,2201_LeafPhotoA_2025-09-08 10_47_34.501-05_00_3.png,1.25,1.820360220220045
2377,1174_LeafPhotoA_2025-09-08 16_26_52.134-05_00_0.png,1.5,1.801262845525701
2378,1174_LeafPhotoA_2025-09-08 16_26_52.134-05_00_1.png,1.5,1.9493450161218626
2379,1174_LeafPhotoA_2025-09-08 16_26_52.134-05_00_2.png,1.5,2.023951241065489
2380,1174_LeafPhotoA_2025-09-08 16_26_52.134-05_00_3.png,1.5,1.9427590772378542
2381,1278_LeafPhotoA_2025-09-08 16_08_45.462-05_00_0.png,2.0,2.0329470897139608
2382,1278_LeafPhotoA_2025-09-08 16_08_45.462-05_00_1.png,2.0,1.9144410634354048
2383,1278_LeafPhotoA_2025-09-08 16_08_45.462-05_00_2.png,2.0,1.9248270721715715
2384,1278_LeafPhotoA_2025-09-08 16_08_45.462-05_00_3.png,2.0,1.8246429481278312
2385,1735_LeafPhotoA_2025-09-09 09_46_39.828-05_00_0.png,3.25,2.968822116187368
2386,1735_LeafPhotoA_2025-09-09 09_46_39.828-05_00_1.png,3.25,2.8237288682988355
2387,1735_LeafPhotoA_2025-09-09 09_46_39.828-05_00_2.png,3.25,2.9526827573589043
2388,1735_LeafPhotoA_2025-09-09 09_46_39.828-05_00_3.png,3.25,2.8897779258669773
2389,2174_LeafPhotoA_2025-09-09 12_15_14.269-05_00_0.png,2.25,1.954146914792402
2390,2174_LeafPhotoA_2025-09-09 12_15_14.269-05_00_1.png,2.25,2.1169785284697267
2391,2174_LeafPhotoA_2025-09-09 12_15_14.269-05_00_2.png,2.25,2.1594413882887302
2392,2174_LeafPhotoA_2025-09-09 12_15_14.269-05_00_3.png,2.25,2.1810622981639214
2393,1702_LeafPhotoA_2025-09-09 10_12_12.772-05_00_0.png,3.0,2.2668262940700306
2394,1702_LeafPhotoA_2025-09-09 10_12_12.772-05_00_1.png,3.0,2.3910783553512758
2395,1702_LeafPhotoA_2025-09-09 10_12_12.772-05_00_2.png,3.0,2.4070345273988236
2396,1702_LeafPhotoA_2025-09-09 10_12_12.772-05_00_3.png,3.0,2.363258285704287
2412,2101_LeafPhotoA_2025-09-08 10_53_40.932-05_00_0.png,1.75,1.5393499621495108
2413,2101_LeafPhotoA_2025-09-08 10_53_40.932-05_00_1.png,1.75,1.5018338331157353
2414,2101_LeafPhotoA_2025-09-08 10_53_40.932-05_00_2.png,1.75,1.4786358772994075
2415,2101_LeafPhotoA_2025-09-08 10_53_40.932-05_00_3.png,1.75,1.5831886048986608
2446,2201_LeafPhotoA_2025-09-08 10_47_11.543-05_00_0.png,1.0,1.5498504135411904
2447,2201_LeafPhotoA_2025-09-08 10_47_11.543-05_00_1.png,1.0,1.523793250849328
2448,2201_LeafPhotoA_2025-09-08 10_47_11.543-05_00_2.png,1.0,1.5185197288776653
2449,2201_LeafPhotoA_2025-09-08 10_47_11.543-05_00_3.png,1.0,1.4826155096663638
2454,1784_LeafPhotoA_2025-09-09 09_29_57.480-05_00_0.png,1.5,1.7800629101264016
2455,1784_LeafPhotoA_2025-09-09 09_29_57.480-05_00_1.png,1.5,1.6998304707015786
2456,1784_LeafPhotoA_2025-09-09 09_29_57.480-05_00_2.png,1.5,1.5198708939758416
2457,1784_LeafPhotoA_2025-09-09 09_29_57.480-05_00_3.png,1.5,1.513996413879432
2458,2756_LeafPhotoA_2025-09-09 16_27_37.923-05_00_0.png,1.25,1.5743159960081514
2459,2756_LeafPhotoA_2025-09-09 16_27_37.923-05_00_1.png,1.25,1.6426861717318755
2460,1329_LeafPhotoA_2025-09-08 09_56_53.667-05_00_0.png,2.5,2.128056702767907
2461,1329_LeafPhotoA_2025-09-08 09_56_53.667-05_00_1.png,2.5,2.024672992192328
2462,1329_LeafPhotoA_2025-09-08 09_56_53.667-05_00_2.png,2.5,2.0384799988372695
2463,1329_LeafPhotoA_2025-09-08 09_56_53.667-05_00_3.png,2.5,2.010813685131034
2464,1616_LeafPhotoA_2025-09-09 09_41_23.675-05_00_0.png,2.0,1.6125699924108396
2465,1616_LeafPhotoA_2025-09-09 09_41_23.675-05_00_1.png,2.0,1.5728765965085518
2466,1616_LeafPhotoA_2025-09-09 09_41_23.675-05_00_2.png,2.0,1.6431290760242703
2467,1616_LeafPhotoA_2025-09-09 09_41_23.675-05_00_3.png,2.0,1.5604914385714255
2468,2562_LeafPhotoA_2025-09-09 10_59_13.146-05_00_0.png,2.5,1.757373744999893
2469,2562_LeafPhotoA_2025-09-09 10_59_13.146-05_00_1.png,2.5,1.7094788076036977
2470,2562_LeafPhotoA_2025-09-09 10_59_13.146-05_00_2.png,2.5,1.79403577372168
2490,1186_LeafPhotoA_2025-09-08 16_05_34.142-05_00_0.png,1.25,1.6811082811076514
2491,1186_LeafPhotoA_2025-09-08 16_05_34.142-05_00_1.png,1.25,1.7780672564812092
2492,1186_LeafPhotoA_2025-09-08 16_05_34.142-05_00_2.png,1.25,1.6901205803624046
2493,1186_LeafPhotoA_2025-09-08 16_05_34.142-05_00_3.png,1.25,1.6357088400290818
2528,1155_LeafPhotoA_2025-09-08 16_53_48.092-05_00_0.png,1.75,2.0392958735303326
2529,1155_LeafPhotoA_2025-09-08 16_53_48.092-05_00_1.png,1.75,1.9725148689728313
2530,1155_LeafPhotoA_2025-09-08 16_53_48.092-05_00_2.png,1.75,1.852398302986467
2546,,1.25,1.9075654544892848
2592,,2.0,1.9075654544892848
2601,1445_LeafPhotoB_2025-09-08 10_34_53.870-05_00_0.png,1.5,1.5682089967834458
2602,1445_LeafPhotoB_2025-09-08 10_34_53.870-05_00_1.png,1.5,1.794788767504265
2603,1445_LeafPhotoB_2025-09-08 10_34_53.870-05_00_2.png,1.5,1.7926370792614137
2604,1445_LeafPhotoB_2025-09-08 10_34_53.870-05_00_3.png,1.5,1.8513219369747052
2613,2703_LeafPhotoA_2025-09-09 10_15_56.392-05_00_0.png,4.25,2.434922119927019
2614,2703_LeafPhotoA_2025-09-09 10_15_56.392-05_00_1.png,4.25,2.7844147665884917
2615,2703_LeafPhotoA_2025-09-09 10_15_56.392-05_00_2.png,4.25,2.9018927666787366
2616,2703_LeafPhotoA_2025-09-09 10_15_56.392-05_00_3.png,4.25,2.783147789703579
2625,1234_LeafPhotoA_2025-09-08 10_19_27.121-05_00_0.png,1.5,1.6354985858225033
2626,1234_LeafPhotoA_2025-09-08 10_19_27.121-05_00_1.png,1.5,1.610045467632481
2627,1234_LeafPhotoA_2025-09-08 10_19_27.121-05_00_2.png,1.5,1.6048938184332437
2628,1234_LeafPhotoA_2025-09-08 10_19_27.121-05_00_3.png,1.5,1.5331122180085999
2646,2266_LeafPhotoA_2025-09-08 17_17_09.917-05_00_0.png,2.75,2.1510205347144664
2647,2266_LeafPhotoA_2025-09-08 17_17_09.917-05_00_1.png,2.75,1.9649508466102277
2648,2266_LeafPhotoA_2025-09-08 17_17_09.917-05_00_2.png,2.75,2.251632840682279
2649,2266_LeafPhotoA_2025-09-08 17_17_09.917-05_00_3.png,2.75,2.521853252036654
2662,2978_LeafPhotoA_2025-09-09 16_28_25.306-05_00_0.png,1.5,1.8957489269497076
2663,2978_LeafPhotoA_2025-09-09 16_28_25.306-05_00_1.png,1.5,1.8104690554301874
2664,2978_LeafPhotoA_2025-09-09 16_28_25.306-05_00_2.png,1.5,1.739453574953975
2665,2978_LeafPhotoA_2025-09-09 16_28_25.306-05_00_3.png,1.5,1.680897558584455
2687,1891_LeafPhotoA_2025-09-09 17_16_06.533-05_00_0.png,1.5,1.8792573535237762
2688,1891_LeafPhotoA_2025-09-09 17_16_06.533-05_00_1.png,1.5,1.7807813282872416
2689,1891_LeafPhotoA_2025-09-09 17_16_06.533-05_00_2.png,1.5,1.7419553101549416
2690,1891_LeafPhotoA_2025-09-09 17_16_06.533-05_00_3.png,1.5,1.5336139331018033
2719,1144_LeafPhotoA_2025-09-08 10_40_26.306-05_00_0.png,2.25,2.2054193802024327
2720,1144_LeafPhotoA_2025-09-08 10_40_26.306-05_00_1.png,2.25,1.8777530120593204
2721,1144_LeafPhotoA_2025-09-08 10_40_26.306-05_00_2.png,2.25,1.7477315821326078
2722,1144_LeafPhotoA_2025-09-08 10_40_26.306-05_00_3.png,2.25,1.944147837051258
2753,1621_LeafPhotoA_2025-09-09 09_52_05.240-05_00_0.png,1.25,1.7704211596863857
2754,1621_LeafPhotoA_2025-09-09 09_52_05.240-05_00_1.png,1.25,1.7136447000993624
2755,1621_LeafPhotoA_2025-09-09 09_52_05.240-05_00_2.png,1.25,1.7705219405999797
2756,1621_LeafPhotoA_2025-09-09 09_52_05.240-05_00_3.png,1.25,1.6612168105855678
2757,,2.5,1.9075654544892848
2774,1288_LeafPhotoA_2025-09-08 15_59_14.840-05_00_0.png,1.5,1.8082783990497828
2775,1288_LeafPhotoA_2025-09-08 15_59_14.840-05_00_1.png,1.5,1.8390435066162008
2776,1288_LeafPhotoA_2025-09-08 15_59_14.840-05_00_2.png,1.5,1.7538035601725743
2784,1648_LeafPhotoA_2025-09-09 10_43_26.038-05_00_0.png,2.0,1.807886589985949
2785,1648_LeafPhotoA_2025-09-09 10_43_26.038-05_00_1.png,2.0,1.8989263536520438
2786,1648_LeafPhotoA_2025-09-09 10_43_26.038-05_00_2.png,2.0,1.856237086193284
2787,1648_LeafPhotoA_2025-09-09 10_43_26.038-05_00_3.png,2.0,1.8204315276629754
2805,,1.75,1.9075654544892848
2807,1415_LeafPhotoB_2025-09-08 10_09_27.941-05_00_0.png,1.25,1.6781044840253911
2808,1415_LeafPhotoB_2025-09-08 10_09_27.941-05_00_1.png,1.25,1.707639598698678
2809,1415_LeafPhotoB_2025-09-08 10_09_27.941-05_00_2.png,1.25,1.710790474093384
2810,1415_LeafPhotoB_2025-09-08 10_09_27.941-05_00_3.png,1.25,1.7019597183056434
2811,1829_LeafPhotoA_2025-09-09 09_31_52.096-05_00_0.png,2.25,2.2593474038042185
2812,1829_LeafPhotoA_2025-09-09 09_31_52.096-05_00_1.png,2.25,2.2037758891475643
2813,1829_LeafPhotoA_2025-09-09 09_31_52.096-05_00_2.png,2.25,1.701863834918896
2814,1829_LeafPhotoA_2025-09-09 09_31_52.096-05_00_3.png,2.25,1.6622253785918881
2827,2802_LeafPhotoA_2025-09-09 10_10_24.476-05_00_0.png,2.25,2.119383931528729
2828,2802_LeafPhotoA_2025-09-09 10_10_24.476-05_00_1.png,2.25,1.9507122915099282
2829,2802_LeafPhotoA_2025-09-09 10_10_24.476-05_00_2.png,2.25,1.9513026539258247
2830,2802_LeafPhotoA_2025-09-09 10_10_24.476-05_00_3.png,2.25,1.9760988222827527
2831,1057_LeafPhotoA_2025-09-08 12_48_09.886-05_00_0.png,4.0,2.7274002858502517
2832,1057_LeafPhotoA_2025-09-08 12_48_09.886-05_00_1.png,4.0,2.580347917824079
2833,1803_LeafPhotoA_2025-09-09 08_52_14.872-05_00_0.png,1.5,1.7296115046884446
2834,1803_LeafPhotoA_2025-09-09 08_52_14.872-05_00_1.png,1.5,1.9211062573906994
2835,1803_LeafPhotoA_2025-09-09 08_52_14.872-05_00_2.png,1.5,1.9174270937932893
2836,1803_LeafPhotoA_2025-09-09 08_52_14.872-05_00_3.png,1.5,1.929684098214684
2865,2532_LeafPhotoA_2025-09-09 10_30_36.212-05_00_0.png,1.5,2.0334650094433853
2866,2532_LeafPhotoA_2025-09-09 10_30_36.212-05_00_1.png,1.5,2.0010211958838466
2867,2532_LeafPhotoA_2025-09-09 10_30_36.212-05_00_2.png,1.5,1.820397766623747
2868,2532_LeafPhotoA_2025-09-09 10_30_36.212-05_00_3.png,1.5,1.7177657855775115
2876,2519_LeafPhotoA_2025-09-09 10_16_07.193-05_00_0.png,1.25,1.7184947391668692
2877,2519_LeafPhotoA_2025-09-09 10_16_07.193-05_00_1.png,1.25,1.5574905003635542
2878,2519_LeafPhotoA_2025-09-09 10_16_07.193-05_00_2.png,1.25,1.6630704227832722
2879,2519_LeafPhotoA_2025-09-09 10_16_07.193-05_00_3.png,1.25,1.7204682937300482
2964,2783_LeafPhotoA_2025-09-09 15_14_29.872-05_00_0.png,1.25,1.6853604577746157
2965,2783_LeafPhotoA_2025-09-09 15_14_29.872-05_00_1.png,1.25,1.5212184903589716
2966,2783_LeafPhotoA_2025-09-09 15_14_29.872-05_00_2.png,1.25,1.753584254162537
2967,2783_LeafPhotoA_2025-09-09 15_14_29.872-05_00_3.png,1.25,1.6386819861532533
2984,2331_LeafPhotoA_2025-09-08 10_59_46.770-05_00_0.png,2.5,1.8478724866209761
2985,2331_LeafPhotoA_2025-09-08 10_59_46.770-05_00_1.png,2.5,2.0073720303429696
2986,2331_LeafPhotoA_2025-09-08 10_59_46.770-05_00_2.png,2.5,2.0281701612263707
2987,2993_LeafPhotoA_2025-09-09 16_47_51.394-05_00_0.png,1.5,1.7628756236936851
2988,2993_LeafPhotoA_2025-09-09 16_47_51.394-05_00_1.png,1.5,1.7264762405059775
2989,2993_LeafPhotoA_2025-09-09 16_47_51.394-05_00_2.png,1.5,1.7814175802939098
2990,2993_LeafPhotoA_2025-09-09 16_47_51.394-05_00_3.png,1.5,1.7897097766542673
3007,2729_LeafPhotoA_2025-09-09 10_55_26.872-05_00_0.png,2.75,2.817994753786912
3008,2729_LeafPhotoA_2025-09-09 10_55_26.872-05_00_1.png,2.75,2.5855429539299397
3009,2729_LeafPhotoA_2025-09-09 10_55_26.872-05_00_2.png,2.75,2.134880123724746
3010,2729_LeafPhotoA_2025-09-09 10_55_26.872-05_00_3.png,2.75,1.9278079091410274
3023,1616_LeafPhotoA_2025-09-09 09_40_32.568-05_00_0.png,1.5,1.570035569552511
3024,1616_LeafPhotoA_2025-09-09 09_40_32.568-05_00_1.png,1.5,1.6644165303945926
3025,1616_LeafPhotoA_2025-09-09 09_40_32.568-05_00_2.png,1.5,1.6731222084454722
3034,,1.75,1.9075654544892848
3039,2734_LeafPhotoA_2025-09-09 11_00_52.812-05_00_0.png,2.25,2.080234134678748
3040,2734_LeafPhotoA_2025-09-09 11_00_52.812-05_00_1.png,2.25,2.0751043463948116
3041,2734_LeafPhotoA_2025-09-09 11_00_52.812-05_00_2.png,2.25,2.154563654105559
3042,2734_LeafPhotoA_2025-09-09 11_00_52.812-05_00_3.png,2.25,2.129352625376271
3084,2246_LeafPhotoA_2025-09-08 11_58_26.493-05_00_0.png,2.25,2.188888735348223
3085,2246_LeafPhotoA_2025-09-08 11_58_26.493-05_00_1.png,2.25,2.1220593640334235
3086,2246_LeafPhotoA_2025-09-08 11_58_26.493-05_00_2.png,2.25,2.2033533531580667
3087,2246_LeafPhotoA_2025-09-08 11_58_26.493-05_00_3.png,2.25,2.2295570383993395
3088,1815_LeafPhotoA_2025-09-09 09_11_30.894-05_00_0.png,1.25,1.626734321320234
3106,2916_LeafPhotoA_2025-09-09 16_36_27.915-05_00_0.png,3.0,1.8161473085415614
3107,2916_LeafPhotoA_2025-09-09 16_36_27.915-05_00_1.png,3.0,1.7912120959173368
3108,2916_LeafPhotoA_2025-09-09 16_36_27.915-05_00_2.png,3.0,1.8435398347191616
3113,2234_LeafPhotoA_2025-09-08 11_39_01.597-05_00_0.png,1.5,1.6980658630880427
3114,2234_LeafPhotoA_2025-09-08 11_39_01.597-05_00_1.png,1.5,1.66916681488473
3115,2234_LeafPhotoA_2025-09-08 11_39_01.597-05_00_2.png,1.5,1.5912402748395393
3116,2234_LeafPhotoA_2025-09-08 11_39_01.597-05_00_3.png,1.5,1.5591742288472414
3121,1615_LeafPhotoA_2025-09-09 09_38_30.259-05_00_0.png,1.75,1.8759736348814677
3122,1615_LeafPhotoA_2025-09-09 09_38_30.259-05_00_1.png,1.75,1.9534851600511305
3123,1615_LeafPhotoA_2025-09-09 09_38_30.259-05_00_2.png,1.75,1.921138596906835
3124,1615_LeafPhotoA_2025-09-09 09_38_30.259-05_00_3.png,1.75,1.938761236060336
3137,1528_LeafPhotoA_2025-09-09 09_26_28.328-05_00_0.png,3.25,3.07164675806623
3138,1528_LeafPhotoA_2025-09-09 09_26_28.328-05_00_1.png,3.25,2.890505599948087
3139,1528_LeafPhotoA_2025-09-09 09_26_28.328-05_00_2.png,3.25,2.8623670308382607
3140,1528_LeafPhotoA_2025-09-09 09_26_28.328-05_00_3.png,3.25,2.5376462219317135
3165,1566_LeafPhotoA_2025-09-09 10_03_07.791-05_00_0.png,1.5,1.7849628339657837
3166,1566_LeafPhotoA_2025-09-09 10_03_07.791-05_00_1.png,1.5,1.6713724844946185
3167,1566_LeafPhotoA_2025-09-09 10_03_07.791-05_00_2.png,1.5,1.6596898353409566
3168,1566_LeafPhotoA_2025-09-09 10_03_07.791-05_00_3.png,1.5,1.5766563276898768
3173,2444_LeafPhotoB_2025-09-08 11_19_56.783-05_00_0.png,2.25,2.076158682036485
3174,2444_LeafPhotoB_2025-09-08 11_19_56.783-05_00_1.png,2.25,2.181185034626431
3175,2444_LeafPhotoB_2025-09-08 11_19_56.783-05_00_2.png,2.25,2.1332328764944752
3176,2444_LeafPhotoB_2025-09-08 11_19_56.783-05_00_3.png,2.25,1.9808139597196524
3193,,1.25,1.9075654544892848
3206,1599_LeafPhotoA_2025-09-09 10_23_41.725-05_00_0.png,1.5,1.7928090197153435
3240,1411_LeafPhotoB_2025-09-08 10_05_27.189-05_00_0.png,1.25,1.591227537298926
3241,1411_LeafPhotoB_2025-09-08 10_05_27.189-05_00_1.png,1.25,1.5218024986736034
3242,1411_LeafPhotoB_2025-09-08 10_05_27.189-05_00_2.png,1.25,1.6404759096843566
3243,1411_LeafPhotoB_2025-09-08 10_05_27.189-05_00_3.png,1.25,1.5951923670947123
3249,1011_LeafPhotoA_2025-09-08 09_42_35.227-05_00_0.png,2.25,1.8847666451007927
3250,1011_LeafPhotoA_2025-09-08 09_42_35.227-05_00_1.png,2.25,1.9661858934368979
3251,1011_LeafPhotoA_2025-09-08 09_42_35.227-05_00_2.png,2.25,1.987259115271982
3255,2716_LeafPhotoA_2025-09-09 10_35_36.382-05_00_0.png,2.75,2.106517870737312
3256,2716_LeafPhotoA_2025-09-09 10_35_36.382-05_00_1.png,2.75,2.229879872689823
3257,2202_LeafPhotoA_2025-09-08 10_48_52.303-05_00_0.png,1.5,1.7060048057646264
3258,2202_LeafPhotoA_2025-09-08 10_48_52.303-05_00_1.png,1.5,1.6516492035414507
3259,2202_LeafPhotoA_2025-09-08 10_48_52.303-05_00_2.png,1.5,1.7720536838959222
3260,2202_LeafPhotoA_2025-09-08 10_48_52.303-05_00_3.png,1.5,1.7807117958084138
3285,1933_LeafPhotoA_2025-09-09 15_28_49.123-05_00_0.png,2.25,2.0506976872174847
3286,1933_LeafPhotoA_2025-09-09 15_28_49.123-05_00_1.png,2.25,2.045554805249682
3287,1933_LeafPhotoA_2025-09-09 15_28_49.123-05_00_2.png,2.25,1.982127806865909
3288,1933_LeafPhotoA_2025-09-09 15_28_49.123-05_00_3.png,2.25,1.9526258890922596
3311,1828_LeafPhotoA_2025-09-09 09_30_57.848-05_00_0.png,2.0,1.8272264782109007
3312,1828_LeafPhotoA_2025-09-09 09_30_57.848-05_00_1.png,2.0,1.6485180369032195
3313,1828_LeafPhotoA_2025-09-09 09_30_57.848-05_00_2.png,2.0,1.5756439534729978
3314,1828_LeafPhotoA_2025-09-09 09_30_57.848-05_00_3.png,2.0,1.7225698572113401
3326,2866_LeafPhotoA_2025-09-09 14_51_42.101-05_00_0.png,1.25,1.6891172779117714
3327,2866_LeafPhotoA_2025-09-09 14_51_42.101-05_00_1.png,1.25,1.6745614381775114
3351,1815_LeafPhotoA_2025-09-09 09_11_08.154-05_00_0.png,1.5,1.6165600265331168
3352,1815_LeafPhotoA_2025-09-09 09_11_08.154-05_00_1.png,1.5,1.7352384452814966
3353,1815_LeafPhotoA_2025-09-09 09_11_08.154-05_00_2.png,1.5,1.8693691039795797
3354,1815_LeafPhotoA_2025-09-09 09_11_08.154-05_00_3.png,1.5,1.7534948867942788
3365,2184_LeafPhotoA_2025-09-09 12_29_02.951-05_00_0.png,1.25,1.863979653508364
3366,2184_LeafPhotoA_2025-09-09 12_29_02.951-05_00_1.png,1.25,1.8092053214928243
3367,2184_LeafPhotoA_2025-09-09 12_29_02.951-05_00_2.png,1.25,2.05791156226707
3368,2184_LeafPhotoA_2025-09-09 12_29_02.951-05_00_3.png,1.25,2.222446128314838
3370,1904_LeafPhotoA_2025-09-09 14_39_09.961-05_00_0.png,4.75,2.971296057405139
3371,1904_LeafPhotoA_2025-09-09 14_39_09.961-05_00_1.png,4.75,2.425366369772243
3372,1904_LeafPhotoA_2025-09-09 14_39_09.961-05_00_2.png,4.75,2.195276065511662
3405,2662_LeafPhotoA_2025-09-09 11_35_09.264-05_00_0.png,2.25,2.312008172576478
3406,2662_LeafPhotoA_2025-09-09 11_35_09.264-05_00_1.png,2.25,2.239478470380184
3407,2662_LeafPhotoA_2025-09-09 11_35_09.264-05_00_2.png,2.25,2.1519463241812797
3408,2662_LeafPhotoA_2025-09-09 11_35_09.264-05_00_3.png,2.25,2.2622819670748395
3441,2395_LeafPhotoA_2025-09-08 12_20_11.123-05_00_0.png,2.25,2.2114322618949895
3442,2395_LeafPhotoA_2025-09-08 12_20_11.123-05_00_1.png,2.25,2.237616750639764
3443,2395_LeafPhotoA_2025-09-08 12_20_11.123-05_00_2.png,2.25,2.0148112528556026
3444,2395_LeafPhotoA_2025-09-08 12_20_11.123-05_00_3.png,2.25,1.8343980145295442
3479,5031_LeafPhotoA_2025-09-09 16_57_35.057-05_00_0.png,1.25,1.69824742686552
3480,5031_LeafPhotoA_2025-09-09 16_57_35.057-05_00_1.png,1.25,1.6468838525582061
3481,5031_LeafPhotoA_2025-09-09 16_57_35.057-05_00_2.png,1.25,1.6331546463136535
3482,5031_LeafPhotoA_2025-09-09 16_57_35.057-05_00_3.png,1.25,1.5780734458744103
3499,1307_LeafPhotoA_2025-09-08 09_22_15.163-05_00_0.png,1.75,1.9184398184160176
3500,1307_LeafPhotoA_2025-09-08 09_22_15.163-05_00_1.png,1.75,2.0053570829244913
3501,1307_LeafPhotoA_2025-09-08 09_22_15.163-05_00_2.png,1.75,1.764864465379606
3502,1307_LeafPhotoA_2025-09-08 09_22_15.163-05_00_3.png,1.75,1.643217567910837
3517,2120_LeafPhotoA_2025-09-08 11_31_02.513-05_00_0.png,1.25,1.6536591359451631
3518,2120_LeafPhotoA_2025-09-08 11_31_02.513-05_00_1.png,1.25,1.7087767630103283
3519,2120_LeafPhotoA_2025-09-08 11_31_02.513-05_00_2.png,1.25,1.7866333437481865
3520,2120_LeafPhotoA_2025-09-08 11_31_02.513-05_00_3.png,1.25,1.9572423270757142
3521,1259_LeafPhotoA_2025-09-08 16_30_12.453-05_00_0.png,2.25,2.098934313748581
3522,1259_LeafPhotoA_2025-09-08 16_30_12.453-05_00_1.png,2.25,2.120937998776951
3523,1259_LeafPhotoA_2025-09-08 16_30_12.453-05_00_2.png,2.25,1.9359521372174149
3524,1259_LeafPhotoA_2025-09-08 16_30_12.453-05_00_3.png,2.25,1.9932148568491084
3533,2318_LeafPhotoA_2025-09-08 10_46_40.691-05_00_0.png,1.0,1.4212772006021692
3534,2318_LeafPhotoA_2025-09-08 10_46_40.691-05_00_1.png,1.0,1.4050958241964426
3535,2318_LeafPhotoA_2025-09-08 10_46_40.691-05_00_2.png,1.0,1.463373424667759
3536,2318_LeafPhotoA_2025-09-08 10_46_40.691-05_00_3.png,1.0,1.4649509703134402
3546,1806_LeafPhotoA_2025-09-09 08_58_19.870-05_00_0.png,3.0,1.8681884296849924
3547,1806_LeafPhotoA_2025-09-09 08_58_32.090-05_00_0.png,1.75,1.8620749240211445
3548,1806_LeafPhotoA_2025-09-09 08_58_32.090-05_00_1.png,1.75,1.8031720758776095
3549,1806_LeafPhotoA_2025-09-09 08_58_32.090-05_00_2.png,1.75,1.833945371678223
3550,1806_LeafPhotoA_2025-09-09 08_58_32.090-05_00_3.png,1.75,1.7517149293452505
3551,2205_LeafPhotoA_2025-09-08 10_52_49.920-05_00_0.png,2.0,1.9358001428449874
3552,2205_LeafPhotoA_2025-09-08 10_52_49.920-05_00_1.png,2.0,1.8289572405726287
3553,2205_LeafPhotoA_2025-09-08 10_52_49.920-05_00_2.png,2.0,1.7247875724113018
3554,2205_LeafPhotoA_2025-09-08 10_52_49.920-05_00_3.png,2.0,1.7728109261913811
3555,2205_LeafPhotoA_2025-09-08 10_52_29.620-05_00_0.png,1.25,1.6792941283660991
3556,2205_LeafPhotoA_2025-09-08 10_52_29.620-05_00_1.png,1.25,1.751358798279465
3557,2205_LeafPhotoA_2025-09-08 10_52_29.620-05_00_2.png,1.25,1.6440920963415895
3558,2205_LeafPhotoA_2025-09-08 10_52_29.620-05_00_3.png,1.25,1.6901618014338597
3559,1806_LeafPhotoA_2025-09-09 08_58_50.435-05_00_0.png,2.25,1.7949017654051656
3560,1806_LeafPhotoA_2025-09-09 08_58_50.435-05_00_1.png,2.25,1.8764342449601372
3561,1806_LeafPhotoA_2025-09-09 08_58_50.435-05_00_2.png,2.25,2.0150565705096013
3562,1806_LeafPhotoA_2025-09-09 08_58_50.435-05_00_3.png,2.25,1.9670539524477813
3563,2205_LeafPhotoA_2025-09-08 10_52_09.894-05_00_0.png,1.5,1.9260742380053373
3564,2205_LeafPhotoA_2025-09-08 10_52_09.894-05_00_1.png,1.5,1.867339538425863
3565,2205_LeafPhotoA_2025-09-08 10_52_09.894-05_00_2.png,1.5,1.7084056008007713
3566,2205_LeafPhotoA_2025-09-08 10_52_09.894-05_00_3.png,1.5,1.7584756906696242
3,2601_LeafPhotoA_2025-09-09 10_53_20.928-05_00_0.png,1.0,1.788154136792163
4,2601_LeafPhotoA_2025-09-09 10_53_20.928-05_00_1.png,1.0,1.8663668985356552
5,2601_LeafPhotoA_2025-09-09 10_53_20.928-05_00_2.png,1.0,1.7664137051405335
6,2601_LeafPhotoA_2025-09-09 10_53_20.928-05_00_3.png,1.0,1.5492335376745947
34,1483_LeafPhotoB_2025-09-08 16_48_33.487-05_00_0.png,1.25,1.4993769944164554
35,1483_LeafPhotoB_2025-09-08 16_48_33.487-05_00_1.png,1.25,1.671461587649643
36,1483_LeafPhotoB_2025-09-08 16_48_33.487-05_00_2.png,1.25,1.5697159285194198
37,1483_LeafPhotoB_2025-09-08 16_48_33.487-05_00_3.png,1.25,1.5447359455036391
66,1864_LeafPhotoA_2025-09-09 16_54_10.885-05_00_0.png,2.25,1.908150370398436
67,1864_LeafPhotoA_2025-09-09 16_54_10.885-05_00_1.png,2.25,1.8064368480314081
68,1864_LeafPhotoA_2025-09-09 16_54_10.885-05_00_2.png,2.25,1.7231683351048661
69,1864_LeafPhotoA_2025-09-09 16_54_10.885-05_00_3.png,2.25,1.9676316344058093
70,1459_LeafPhotoB_2025-09-08 12_35_29.491-05_00_0.png,2.5,2.732024270006205
71,1459_LeafPhotoB_2025-09-08 12_35_29.491-05_00_1.png,2.5,2.6123555403131764
72,1459_LeafPhotoB_2025-09-08 12_35_29.491-05_00_2.png,2.5,2.2749573935521705
81,2330_LeafPhotoA_2025-09-08 10_58_31.927-05_00_0.png,1.25,1.8411831300727008
82,2330_LeafPhotoA_2025-09-08 10_58_31.927-05_00_1.png,1.25,1.8186896217360848
83,2330_LeafPhotoA_2025-09-08 10_58_31.927-05_00_2.png,1.25,1.6205260297085942
84,2330_LeafPhotoA_2025-09-08 10_58_31.927-05_00_3.png,1.25,1.60639457740026
138,1945_LeafPhotoA_2025-09-09 16_03_25.425-05_00_0.png,2.0,1.9492192187851154
139,1945_LeafPhotoA_2025-09-09 16_03_25.425-05_00_1.png,2.0,1.9351370156519412
179,1984_LeafPhotoA_2025-09-09 16_31_27.437-05_00_0.png,1.25,1.6857219249511248
180,1984_LeafPhotoA_2025-09-09 16_31_27.437-05_00_1.png,1.25,1.6434981887240645
181,1984_LeafPhotoA_2025-09-09 16_31_27.437-05_00_2.png,1.25,1.6171854284467375
182,2965_LeafPhotoA_2025-09-09 16_10_16.858-05_00_0.png,1.75,1.858390586522878
183,2965_LeafPhotoA_2025-09-09 16_10_16.858-05_00_1.png,1.75,1.8430221106534717
184,2965_LeafPhotoA_2025-09-09 16_10_16.858-05_00_2.png,1.75,1.7535669520967507
185,2965_LeafPhotoA_2025-09-09 16_10_16.858-05_00_3.png,1.75,1.9545934310814106
194,1209_LeafPhotoA_2025-09-08 09_37_14.965-05_00_0.png,1.25,1.7660970961859224
195,1209_LeafPhotoA_2025-09-08 09_37_14.965-05_00_1.png,1.25,1.800357100607885
196,1209_LeafPhotoA_2025-09-08 09_37_14.965-05_00_2.png,1.25,1.5121948347839151
197,1209_LeafPhotoA_2025-09-08 09_37_14.965-05_00_3.png,1.25,1.4906144330117355
198,1644_LeafPhotoA_2025-09-09 10_35_46.183-05_00_0.png,1.5,1.6065836816799473
199,1644_LeafPhotoA_2025-09-09 10_35_46.183-05_00_1.png,1.5,1.5963102141397922
200,1644_LeafPhotoA_2025-09-09 10_35_46.183-05_00_2.png,1.5,1.5992795353820066
201,1644_LeafPhotoA_2025-09-09 10_35_46.183-05_00_3.png,1.5,1.654156214438566
202,2905_LeafPhotoA_2025-09-09 16_23_24.410-05_00_0.png,3.0,1.9739941463899213
203,2905_LeafPhotoA_2025-09-09 16_23_24.410-05_00_1.png,3.0,1.926252260207007
204,2905_LeafPhotoA_2025-09-09 16_23_24.410-05_00_2.png,3.0,2.0230188369905373
205,2905_LeafPhotoA_2025-09-09 16_23_24.410-05_00_3.png,3.0,2.3555887646065674
218,2680_LeafPhotoA_2025-09-09 11_02_16.370-05_00_0.png,3.0,2.012639670884724
219,2680_LeafPhotoA_2025-09-09 11_02_16.370-05_00_1.png,3.0,2.058335627936573
220,2680_LeafPhotoA_2025-09-09 11_02_16.370-05_00_2.png,3.0,2.151412926642984
221,2680_LeafPhotoA_2025-09-09 11_02_16.370-05_00_3.png,3.0,2.5445995504122316
249,1877_LeafPhotoA_2025-09-09 17_04_30.257-05_00_0.png,1.5,1.8840573339561926
250,1877_LeafPhotoA_2025-09-09 17_04_30.257-05_00_1.png,1.5,1.8069366564445266
251,1877_LeafPhotoA_2025-09-09 17_04_30.257-05_00_2.png,1.5,1.6355819581376982
252,1877_LeafPhotoA_2025-09-09 17_04_30.257-05_00_3.png,1.5,1.7801659754007495
292,6024_LeafPhotoA_2025-09-09 16_37_05.339-05_00_0.png,1.0,1.792677882238001
313,2891_LeafPhotoA_2025-09-09 14_01_28.259-05_00_0.png,1.75,1.9647513460428028
314,2891_LeafPhotoA_2025-09-09 14_01_28.259-05_00_1.png,1.75,1.9747642899554543
315,2891_LeafPhotoA_2025-09-09 14_01_28.259-05_00_2.png,1.75,1.8127632065418566
316,2891_LeafPhotoA_2025-09-09 14_01_28.259-05_00_3.png,1.75,1.752320357542783
317,1233_LeafPhotoA_2025-09-08 10_18_11.748-05_00_0.png,1.0,1.5156387127207804
318,1233_LeafPhotoA_2025-09-08 10_18_11.748-05_00_1.png,1.0,1.4438635013708674
319,1233_LeafPhotoA_2025-09-08 10_18_11.748-05_00_2.png,1.0,1.5123438349146563
348,1834_LeafPhotoA_2025-09-09 09_42_27.442-05_00_0.png,2.5,2.032491416872924
349,1834_LeafPhotoA_2025-09-09 09_42_27.442-05_00_1.png,2.5,2.0773318860442767
350,1834_LeafPhotoA_2025-09-09 09_42_27.442-05_00_2.png,2.5,2.107984158659324
351,1834_LeafPhotoA_2025-09-09 09_42_27.442-05_00_3.png,2.5,2.0046667379331735
376,2450_LeafPhotoB_2025-09-08 11_25_41.315-05_00_0.png,1.25,1.4735560138941406
377,2450_LeafPhotoB_2025-09-08 11_25_41.315-05_00_1.png,1.25,1.567664333112439
378,2450_LeafPhotoB_2025-09-08 11_25_41.315-05_00_2.png,1.25,1.6133638279236693
379,2450_LeafPhotoB_2025-09-08 11_25_41.315-05_00_3.png,1.25,1.5246630578971778
415,1306_LeafPhotoA_2025-09-08 09_21_07.935-05_00_0.png,2.0,2.0792853640288715
416,1306_LeafPhotoA_2025-09-08 09_21_07.935-05_00_1.png,2.0,1.9624584581950346
417,1306_LeafPhotoA_2025-09-08 09_21_07.935-05_00_2.png,2.0,2.101130428542799
430,1151_LeafPhotoA_2025-09-08 16_59_29.011-05_00_0.png,2.0,1.7821797516491185
431,1151_LeafPhotoA_2025-09-08 16_59_29.011-05_00_1.png,2.0,1.6505897443468553
432,1151_LeafPhotoA_2025-09-08 16_59_29.011-05_00_2.png,2.0,1.6168858749367907
483,2908_LeafPhotoA_2025-09-09 16_27_08.906-05_00_0.png,2.25,1.7026569663217546
484,2908_LeafPhotoA_2025-09-09 16_27_08.906-05_00_1.png,2.25,1.68672331802346
485,2908_LeafPhotoA_2025-09-09 16_27_08.906-05_00_2.png,2.25,2.0369271616930664
486,2908_LeafPhotoA_2025-09-09 16_27_08.906-05_00_3.png,2.25,2.1872049617385234
509,1101_LeafPhotoA_2025-09-08 10_50_13.286-05_00_0.png,2.75,1.752335440394335
510,1101_LeafPhotoA_2025-09-08 10_50_13.286-05_00_1.png,2.75,2.128913183595194
511,1101_LeafPhotoA_2025-09-08 10_50_13.286-05_00_2.png,2.75,2.3488776097752004
512,1101_LeafPhotoA_2025-09-08 10_50_13.286-05_00_3.png,2.75,2.3151597893836793
517,2652_LeafPhotoA_2025-09-09 11_26_03.712-05_00_0.png,3.0,1.8921248640125117
518,2652_LeafPhotoA_2025-09-09 11_26_03.712-05_00_1.png,3.0,1.7612163363905922
519,2652_LeafPhotoA_2025-09-09 11_26_03.712-05_00_2.png,3.0,1.7395959706586515
520,2652_LeafPhotoA_2025-09-09 11_26_03.712-05_00_3.png,3.0,2.008487202754944
551,1711_LeafPhotoA_2025-09-09 09_06_57.472-05_00_0.png,4.5,2.5300585674860034
552,1711_LeafPhotoA_2025-09-09 09_06_57.472-05_00_1.png,4.5,2.5775844261826353
553,1711_LeafPhotoA_2025-09-09 09_06_57.472-05_00_2.png,4.5,2.666145433218528
554,1711_LeafPhotoA_2025-09-09 09_06_57.472-05_00_3.png,4.5,2.5773406342002545
573,2071_LeafPhotoA_2025-09-08 12_06_01.483-05_00_0.png,2.5,2.3828896935135053
574,2071_LeafPhotoA_2025-09-08 12_06_01.483-05_00_1.png,2.5,2.2221631042447716
575,2071_LeafPhotoA_2025-09-08 12_06_01.483-05_00_2.png,2.5,2.04509739683181
576,2071_LeafPhotoA_2025-09-08 12_06_01.483-05_00_3.png,2.5,1.8338095248297466
593,1758_LeafPhotoA_2025-09-09 10_31_19.555-05_00_0.png,2.0,1.794777642524583
594,1758_LeafPhotoA_2025-09-09 10_31_19.555-05_00_1.png,2.0,1.9117627180584078
595,1758_LeafPhotoA_2025-09-09 10_31_19.555-05_00_2.png,2.0,1.9683834252155632
596,1758_LeafPhotoA_2025-09-09 10_31_19.555-05_00_3.png,2.0,1.9686208342418683
613,,4.25,1.7633806458325498
618,,2.0,1.7633806458325498
631,1469_LeafPhotoB_2025-09-08 16_35_32.382-05_00_0.png,1.0,1.6057593473173606
632,1469_LeafPhotoB_2025-09-08 16_35_32.382-05_00_1.png,1.0,1.5559750640454835
633,1469_LeafPhotoB_2025-09-08 16_35_32.382-05_00_2.png,1.0,1.6077091760149023
634,1469_LeafPhotoB_2025-09-08 16_35_32.382-05_00_3.png,1.0,1.6422027474925
659,1880_LeafPhotoA_2025-09-09 13_17_54.406-05_00_0.png,1.25,1.7383517536680513
660,1880_LeafPhotoA_2025-09-09 13_17_54.406-05_00_1.png,1.25,1.7212288721515085
661,1880_LeafPhotoA_2025-09-09 13_17_54.406-05_00_2.png,1.25,1.6830471794972188
662,1880_LeafPhotoA_2025-09-09 13_17_54.406-05_00_3.png,1.25,1.7635015324023877
663,2257_LeafPhotoA_2025-09-08 12_26_56.434-05_00_0.png,1.25,1.8549649428779533
664,2257_LeafPhotoA_2025-09-08 12_26_56.434-05_00_1.png,1.25,1.86234586126539
665,2257_LeafPhotoA_2025-09-08 12_26_56.434-05_00_2.png,1.25,1.8588684499410117
666,2257_LeafPhotoA_2025-09-08 12_26_56.434-05_00_3.png,1.25,1.853070790826874
686,1322_LeafPhotoA_2025-09-08 09_45_01.696-05_00_0.png,1.5,1.5237817069586015
687,1322_LeafPhotoA_2025-09-08 09_45_01.696-05_00_1.png,1.5,1.5450890987157186
688,1322_LeafPhotoA_2025-09-08 09_45_01.696-05_00_2.png,1.5,1.666541601948371
689,1322_LeafPhotoA_2025-09-08 09_45_01.696-05_00_3.png,1.5,1.6496046572858665
694,2552_LeafPhotoA_2025-09-09 11_07_31.178-05_00_0.png,1.75,1.91652349203353
695,2552_LeafPhotoA_2025-09-09 11_07_31.178-05_00_1.png,1.75,1.9200877954537625
696,2552_LeafPhotoA_2025-09-09 11_07_31.178-05_00_2.png,1.75,1.8510564787460337
697,2552_LeafPhotoA_2025-09-09 11_07_31.178-05_00_3.png,1.75,1.8116372634852453
713,1322_LeafPhotoA_2025-09-08 09_44_46.085-05_00_0.png,1.5,1.6731719614530425
714,1322_LeafPhotoA_2025-09-08 09_44_46.085-05_00_1.png,1.5,1.6449081819654694
715,1322_LeafPhotoA_2025-09-08 09_44_46.085-05_00_2.png,1.5,1.5849417814875064
716,1322_LeafPhotoA_2025-09-08 09_44_46.085-05_00_3.png,1.5,1.5647656026007675
719,1813_LeafPhotoA_2025-09-09 09_08_08.790-05_00_0.png,1.75,1.8636402579148708
720,1813_LeafPhotoA_2025-09-09 09_08_08.790-05_00_1.png,1.75,1.7933399516773656
721,1813_LeafPhotoA_2025-09-09 09_08_08.790-05_00_2.png,1.75,1.7767663107043694
722,1813_LeafPhotoA_2025-09-09 09_08_08.790-05_00_3.png,1.75,1.7793765259508292
753,2156_LeafPhotoA_2025-09-08 12_32_46.869-05_00_0.png,3.25,2.378694689951375
754,2156_LeafPhotoA_2025-09-08 12_32_46.869-05_00_1.png,3.25,2.2916473635623835
755,2156_LeafPhotoA_2025-09-08 12_32_46.869-05_00_2.png,3.25,2.196067628538579
773,2503_LeafPhotoA_2025-09-09 09_58_27.327-05_00_0.png,3.5,2.3502188507831288
774,2503_LeafPhotoA_2025-09-09 09_58_27.327-05_00_1.png,3.5,2.3255846747368154
775,2503_LeafPhotoA_2025-09-09 09_58_27.327-05_00_2.png,3.5,2.364639481829609
776,2503_LeafPhotoA_2025-09-09 09_58_27.327-05_00_3.png,3.5,2.364942470769364
831,2914_LeafPhotoA_2025-09-09 16_34_44.640-05_00_0.png,3.75,2.4744967863865046
832,2914_LeafPhotoA_2025-09-09 16_34_44.640-05_00_1.png,3.75,2.3660503618624014
833,2914_LeafPhotoA_2025-09-09 16_34_44.640-05_00_2.png,3.75,2.2376645289198147
834,2914_LeafPhotoA_2025-09-09 16_34_44.640-05_00_3.png,3.75,1.928113364841053
859,1045_LeafPhotoA_2025-09-08 10_24_39.722-05_00_0.png,1.0,1.576869266261938
860,1045_LeafPhotoA_2025-09-08 10_24_39.722-05_00_1.png,1.0,1.5200941227017208
861,1045_LeafPhotoA_2025-09-08 10_24_39.722-05_00_2.png,1.0,1.5853237441133754
862,1045_LeafPhotoA_2025-09-08 10_24_39.722-05_00_3.png,1.0,1.6090234620551243
907,1284_LeafPhotoA_2025-09-08 16_03_49.001-05_00_0.png,1.25,1.8191434436575205
908,1284_LeafPhotoA_2025-09-08 16_03_49.001-05_00_1.png,1.25,1.9258167575874723
921,,3.75,1.7633806458325498
922,1081_LeafPhotoA_2025-09-08 13_14_07.416-05_00_0.png,3.0,2.169710978678026
923,1081_LeafPhotoA_2025-09-08 13_14_07.416-05_00_1.png,3.0,2.2115584584887507
924,1081_LeafPhotoA_2025-09-08 13_14_07.416-05_00_2.png,3.0,2.138723922543692
925,1081_LeafPhotoA_2025-09-08 13_14_07.416-05_00_3.png,3.0,1.8383069996711914
934,1678_LeafPhotoA_2025-09-09 09_34_24.350-05_00_0.png,3.25,2.4797006894974434
935,1678_LeafPhotoA_2025-09-09 09_34_24.350-05_00_1.png,3.25,2.2607699789823075
936,1678_LeafPhotoA_2025-09-09 09_34_24.350-05_00_2.png,3.25,2.1822128035994277
960,1956_LeafPhotoA_2025-09-09 17_17_49.256-05_00_0.png,1.75,1.7621142476052498
961,1956_LeafPhotoA_2025-09-09 17_17_49.256-05_00_1.png,1.75,1.7172312484489927
962,1956_LeafPhotoA_2025-09-09 17_17_49.256-05_00_2.png,1.75,1.5201285151695243
963,1956_LeafPhotoA_2025-09-09 17_17_49.256-05_00_3.png,1.75,1.4239803462898484
964,2897_LeafPhotoA_2025-09-09 13_55_49.813-05_00_0.png,1.25,1.5536601972615656
965,2897_LeafPhotoA_2025-09-09 13_55_49.813-05_00_1.png,1.25,1.7040420197371708
966,2897_LeafPhotoA_2025-09-09 13_55_49.813-05_00_2.png,1.25,1.7011095954524373
981,2455_LeafPhotoB_2025-09-08 11_32_47.648-05_00_0.png,4.0,2.8324827652231965
982,2455_LeafPhotoB_2025-09-08 11_32_47.648-05_00_1.png,4.0,2.479706421821966
983,2455_LeafPhotoB_2025-09-08 11_32_47.648-05_00_2.png,4.0,2.464916539129569
984,2455_LeafPhotoB_2025-09-08 11_32_47.648-05_00_3.png,4.0,2.3824929553322054
993,,2.75,1.7633806458325498
994,1081_LeafPhotoA_2025-09-08 13_14_31.503-05_00_0.png,2.0,1.5912533059918783
995,1081_LeafPhotoA_2025-09-08 13_14_31.503-05_00_1.png,2.0,1.6212870749042636
996,1081_LeafPhotoA_2025-09-08 13_14_31.503-05_00_2.png,2.0,1.6765044497448727
997,1081_LeafPhotoA_2025-09-08 13_14_31.503-05_00_3.png,2.0,1.7679771816617542
998,1872_LeafPhotoA_2025-09-09 17_01_06.251-05_00_0.png,1.5,1.5435894556778365
999,1872_LeafPhotoA_2025-09-09 17_01_06.251-05_00_1.png,1.5,1.6190375109550323
1000,1872_LeafPhotoA_2025-09-09 17_01_06.251-05_00_2.png,1.5,1.9258303487475101
1001,1872_LeafPhotoA_2025-09-09 17_01_06.251-05_00_3.png,1.5,1.7158924325870328
1026,2069_LeafPhotoA_2025-09-08 12_03_26.688-05_00_0.png,1.75,2.0133203908020105
1027,2069_LeafPhotoA_2025-09-08 12_03_26.688-05_00_1.png,1.75,1.7075045515106373
1028,2069_LeafPhotoA_2025-09-08 12_03_26.688-05_00_2.png,1.75,1.7173470808476983
1029,2069_LeafPhotoA_2025-09-08 12_03_26.688-05_00_3.png,1.75,1.7906258360675824
1042,2687_LeafPhotoA_2025-09-09 10_47_11.070-05_00_0.png,1.0,1.5488619312363887
1043,2687_LeafPhotoA_2025-09-09 10_47_11.070-05_00_1.png,1.0,1.5814860940465636
1054,1016_LeafPhotoA_2025-09-08 09_49_45.693-05_00_0.png,2.25,1.9035382086080748
1055,1016_LeafPhotoA_2025-09-08 09_49_45.693-05_00_1.png,2.25,2.032402475102187
1056,1016_LeafPhotoA_2025-09-08 09_49_45.693-05_00_2.png,2.25,1.9938991630829495
1057,1016_LeafPhotoA_2025-09-08 09_49_45.693-05_00_3.png,2.25,1.943600648444531
1085,,1.5,1.7633806458325498
1090,2572_LeafPhotoA_2025-09-09 10_48_03.925-05_00_0.png,1.0,1.4956987496574725
1091,2572_LeafPhotoA_2025-09-09 10_48_03.925-05_00_1.png,1.0,1.6899100535338183
1092,2572_LeafPhotoA_2025-09-09 10_48_03.925-05_00_2.png,1.0,1.6754057346592177
1093,2572_LeafPhotoA_2025-09-09 10_48_03.925-05_00_3.png,1.0,1.6619371393691122
1094,1483_LeafPhotoB_2025-09-08 16_48_47.018-05_00_0.png,1.75,1.5407502191409166
1095,1483_LeafPhotoB_2025-09-08 16_48_47.018-05_00_1.png,1.75,1.5289128688286373
1096,1483_LeafPhotoB_2025-09-08 16_48_47.018-05_00_2.png,1.75,1.536130519998954
1097,1483_LeafPhotoB_2025-09-08 16_48_47.018-05_00_3.png,1.75,1.564919511811021
1125,2158_LeafPhotoA_2025-09-08 12_35_42.896-05_00_0.png,1.5,1.6764835137987228
1126,2158_LeafPhotoA_2025-09-08 12_35_42.896-05_00_1.png,1.5,1.7846770513373031
1130,1800_LeafPhotoA_2025-09-09 10_52_27.692-05_00_0.png,1.5,1.8105098551353538
1131,1800_LeafPhotoA_2025-09-09 10_52_27.692-05_00_1.png,1.5,1.7618197516600185
1132,1800_LeafPhotoA_2025-09-09 10_52_27.692-05_00_2.png,1.5,1.8253454099005575
1133,1800_LeafPhotoA_2025-09-09 10_52_27.692-05_00_3.png,1.5,1.890137272884708
1151,1508_LeafPhotoA_2025-09-09 09_02_17.390-05_00_0.png,1.25,1.9298656708788302
1152,1508_LeafPhotoA_2025-09-09 09_02_17.390-05_00_1.png,1.25,1.7656603307280287
1153,1508_LeafPhotoA_2025-09-09 09_02_17.390-05_00_2.png,1.25,1.731413993961243
1165,1428_LeafPhotoB_2025-09-08 10_20_54.940-05_00_0.png,1.5,1.8623927944086258
1166,1428_LeafPhotoB_2025-09-08 10_20_54.940-05_00_1.png,1.5,2.0710910879840836
1167,1428_LeafPhotoB_2025-09-08 10_20_54.940-05_00_2.png,1.5,2.3344653035987775
1168,1428_LeafPhotoB_2025-09-08 10_20_54.940-05_00_3.png,1.5,2.087066906655274
1173,1314_LeafPhotoA_2025-09-08 09_31_44.782-05_00_0.png,2.0,2.006345744294297
1174,1314_LeafPhotoA_2025-09-08 09_31_44.782-05_00_1.png,2.0,2.070490438650885
1175,1314_LeafPhotoA_2025-09-08 09_31_44.782-05_00_2.png,2.0,2.1394945855443175
1176,1314_LeafPhotoA_2025-09-08 09_31_44.782-05_00_3.png,2.0,2.146072624684615
1189,1877_LeafPhotoA_2025-09-09 13_21_11.014-05_00_0.png,2.0,1.6368685973791421
1190,1877_LeafPhotoA_2025-09-09 13_21_11.014-05_00_1.png,2.0,1.5914989983692487
1191,1877_LeafPhotoA_2025-09-09 13_21_11.014-05_00_2.png,2.0,1.6240909303410485
1192,1877_LeafPhotoA_2025-09-09 13_21_11.014-05_00_3.png,2.0,1.7704612899879075
1221,1658_LeafPhotoA_2025-09-09 10_12_25.098-05_00_0.png,1.5,1.8961323388205034
1222,1658_LeafPhotoA_2025-09-09 10_12_25.098-05_00_1.png,1.5,1.8664929078408925
1223,1658_LeafPhotoA_2025-09-09 10_12_25.098-05_00_2.png,1.5,1.790843828527533
1224,1658_LeafPhotoA_2025-09-09 10_12_25.098-05_00_3.png,1.5,1.6181285076923757
1269,1864_LeafPhotoA_2025-09-09 13_32_45.370-05_00_0.png,1.25,1.8488792752386487
1270,1864_LeafPhotoA_2025-09-09 13_32_45.370-05_00_1.png,1.25,1.6981796418813278
1271,1864_LeafPhotoA_2025-09-09 13_32_45.370-05_00_2.png,1.25,1.594822143033965
1272,1864_LeafPhotoA_2025-09-09 13_32_45.370-05_00_3.png,1.25,1.593854664733486
1273,2763_LeafPhotoA_2025-09-09 16_10_47.493-05_00_0.png,1.5,1.7707660674284975
1274,2763_LeafPhotoA_2025-09-09 16_10_47.493-05_00_1.png,1.5,1.7625387642556631
1275,2763_LeafPhotoA_2025-09-09 16_10_47.493-05_00_2.png,1.5,1.7292406781358258
1276,2763_LeafPhotoA_2025-09-09 16_10_47.493-05_00_3.png,1.5,1.7234911205347918
1281,2694_LeafPhotoA_2025-09-09 10_36_57.596-05_00_0.png,2.0,1.8068526287309157
1282,2694_LeafPhotoA_2025-09-09 10_36_57.596-05_00_1.png,2.0,1.784507005181192
1283,2694_LeafPhotoA_2025-09-09 10_36_57.596-05_00_2.png,2.0,1.541599127033691
1284,2694_LeafPhotoA_2025-09-09 10_36_57.596-05_00_3.png,2.0,1.710160441242195
1292,6035_LeafPhotoA_2025-09-09 16_19_41.324-05_00_0.png,1.5,1.6108923210190875
1293,6035_LeafPhotoA_2025-09-09 16_19_41.324-05_00_1.png,1.5,1.5900068439405346
1294,6035_LeafPhotoA_2025-09-09 16_19_41.324-05_00_2.png,1.5,1.6252130384343044
1295,6035_LeafPhotoA_2025-09-09 16_19_41.324-05_00_3.png,1.5,1.6788368332666508
1342,2307_LeafPhotoA_2025-09-08 10_35_04.821-05_00_0.png,1.5,2.1587940752192636
1343,2307_LeafPhotoA_2025-09-08 10_35_04.821-05_00_1.png,1.5,1.9829182434835977
1344,2307_LeafPhotoA_2025-09-08 10_35_04.821-05_00_2.png,1.5,1.919931213574329
1345,2357_LeafPhotoA_2025-09-08 11_28_10.254-05_00_0.png,1.0,1.5353969426028384
1346,2357_LeafPhotoA_2025-09-08 11_28_10.254-05_00_1.png,1.0,1.6606034371330427
1347,2357_LeafPhotoA_2025-09-08 11_28_10.254-05_00_2.png,1.0,1.5970719982349826
1371,2040_LeafPhotoA_2025-09-08 11_19_26.696-05_00_0.png,1.75,1.923329962104995
1372,2040_LeafPhotoA_2025-09-08 11_19_26.696-05_00_1.png,1.75,1.9033957544285898
1373,2040_LeafPhotoA_2025-09-08 11_19_26.696-05_00_2.png,1.75,1.8590877034015805
1374,2040_LeafPhotoA_2025-09-08 11_19_26.696-05_00_3.png,1.75,1.9508719046744878
1383,1077_LeafPhotoA_2025-09-08 13_10_16.495-05_00_0.png,2.5,1.7322991930696787
1384,1077_LeafPhotoA_2025-09-08 13_10_16.495-05_00_1.png,2.5,1.8445209537047196
1385,1077_LeafPhotoA_2025-09-08 13_10_16.495-05_00_2.png,2.5,2.314162014825291
1386,1077_LeafPhotoA_2025-09-08 13_10_16.495-05_00_3.png,2.5,2.0679732666834885
1412,1119_LeafPhotoA_2025-09-08 10_03_58.358-05_00_0.png,1.75,1.9296471484338893
1413,1119_LeafPhotoA_2025-09-08 10_03_58.358-05_00_1.png,1.75,2.0696182333318536
1414,1119_LeafPhotoA_2025-09-08 10_03_58.358-05_00_2.png,1.75,1.9465058034312823
1415,1119_LeafPhotoA_2025-09-08 10_03_58.358-05_00_3.png,1.75,1.832227325284795
1424,1023_LeafPhotoA_2025-09-08 09_57_52.275-05_00_0.png,1.0,1.689930547651523
1425,1023_LeafPhotoA_2025-09-08 09_57_52.275-05_00_1.png,1.0,1.5984146534338324
1426,1023_LeafPhotoA_2025-09-08 09_57_52.275-05_00_2.png,1.0,1.6246430475444
1432,2169_LeafPhotoA_2025-09-09 12_05_18.887-05_00_0.png,2.0,1.9139813941339554
1433,2169_LeafPhotoA_2025-09-09 12_05_18.887-05_00_1.png,2.0,1.8290850852605638
1434,2169_LeafPhotoA_2025-09-09 12_05_18.887-05_00_2.png,2.0,1.843261612480496
1435,2169_LeafPhotoA_2025-09-09 12_05_18.887-05_00_3.png,2.0,1.8137882400644594
1446,1428_LeafPhotoA_2025-09-08 09_50_33.027-05_00_0.png,2.0,1.587044755239923
1447,1428_LeafPhotoA_2025-09-08 09_50_33.027-05_00_1.png,2.0,1.5637754999316789
1448,1428_LeafPhotoA_2025-09-08 09_50_33.027-05_00_2.png,2.0,1.604326756230417
1449,1428_LeafPhotoA_2025-09-08 09_50_33.027-05_00_3.png,2.0,1.7611923597424026
1451,2917_LeafPhotoA_2025-09-09 16_38_04.615-05_00_0.png,1.75,1.624031760559164
1452,2917_LeafPhotoA_2025-09-09 16_38_04.615-05_00_1.png,1.75,1.802310474163405
1453,2917_LeafPhotoA_2025-09-09 16_38_04.615-05_00_2.png,1.75,1.711094854930877
1454,2917_LeafPhotoA_2025-09-09 16_38_04.615-05_00_3.png,1.75,1.5834401207130504
1463,1681_LeafPhotoA_2025-09-09 09_29_00.984-05_00_0.png,1.25,1.7780869125499532
1464,1681_LeafPhotoA_2025-09-09 09_29_00.984-05_00_1.png,1.25,1.80727656125882
1481,2652_LeafPhotoA_2025-09-09 11_26_15.311-05_00_0.png,3.25,2.499847372670009
1482,2652_LeafPhotoA_2025-09-09 11_26_15.311-05_00_1.png,3.25,2.8223796706389597
1483,2652_LeafPhotoA_2025-09-09 11_26_15.311-05_00_2.png,3.25,2.3829300435627108
1484,2652_LeafPhotoA_2025-09-09 11_26_15.311-05_00_3.png,3.25,2.2634524870540877
1489,2117_LeafPhotoA_2025-09-08 11_22_01.521-05_00_0.png,2.25,1.749514011265812
1490,2117_LeafPhotoA_2025-09-08 11_22_01.521-05_00_1.png,2.25,1.725158791671383
1491,2117_LeafPhotoA_2025-09-08 11_22_01.521-05_00_2.png,2.25,1.916719540861027
1492,2117_LeafPhotoA_2025-09-08 11_22_01.521-05_00_3.png,2.25,2.0921918362975718
1516,1800_LeafPhotoA_2025-09-09 10_53_17.816-05_00_0.png,2.0,1.667418579149931
1517,1800_LeafPhotoA_2025-09-09 10_53_17.816-05_00_1.png,2.0,1.7352711383997304
1518,1800_LeafPhotoA_2025-09-09 10_53_17.816-05_00_2.png,2.0,1.768578998060013
1519,1800_LeafPhotoA_2025-09-09 10_53_17.816-05_00_3.png,2.0,1.8511663983363016
1551,1911_LeafPhotoA_2025-09-09 14_48_38.419-05_00_0.png,2.5,1.9928111030024969
1552,1911_LeafPhotoA_2025-09-09 14_48_38.419-05_00_1.png,2.5,1.854574578065338
1553,1911_LeafPhotoA_2025-09-09 14_48_38.419-05_00_2.png,2.5,1.823199880177121
1554,1911_LeafPhotoA_2025-09-09 14_48_38.419-05_00_3.png,2.5,1.9548054295219424
1569,2181_LeafPhotoA_2025-09-09 12_25_47.850-05_00_0.png,4.25,2.3427863877581605
1570,2181_LeafPhotoA_2025-09-09 12_25_47.850-05_00_1.png,4.25,2.3867266025732317
1571,2181_LeafPhotoA_2025-09-09 12_25_47.850-05_00_2.png,4.25,2.427187613347963
1572,2181_LeafPhotoA_2025-09-09 12_25_47.850-05_00_3.png,4.25,2.4935721145791767
1585,1412_LeafPhotoB_2025-09-08 10_06_24.412-05_00_0.png,1.25,1.520227813193697
1586,1412_LeafPhotoB_2025-09-08 10_06_24.412-05_00_1.png,1.25,1.5714711984392347
1587,1412_LeafPhotoB_2025-09-08 10_06_24.412-05_00_2.png,1.25,1.4875415188405838
1588,1412_LeafPhotoB_2025-09-08 10_06_24.412-05_00_3.png,1.25,1.6053868704126553
1589,2733_LeafPhotoA_2025-09-09 10_59_34.111-05_00_0.png,3.5,2.999794573365289
1595,2290_LeafPhotoA_2025-09-08 16_50_22.595-05_00_0.png,2.25,1.8996850822506408
1596,2290_LeafPhotoA_2025-09-08 16_50_22.595-05_00_1.png,2.25,1.7683892495331992
1597,2290_LeafPhotoA_2025-09-08 16_50_22.595-05_00_2.png,2.25,1.7563422266480513
1598,2290_LeafPhotoA_2025-09-08 16_50_22.595-05_00_3.png,2.25,1.6437887537057698
1607,2491_LeafPhotoB_2025-09-08 12_06_12.641-05_00_0.png,1.5,1.5650579684548342
1608,2491_LeafPhotoB_2025-09-08 12_06_12.641-05_00_1.png,1.5,1.6291151013857565
1609,2491_LeafPhotoB_2025-09-08 12_06_12.641-05_00_2.png,1.5,1.6549439320206902
1610,2491_LeafPhotoB_2025-09-08 12_06_12.641-05_00_3.png,1.5,1.670296628789652
1615,1403_LeafPhotoB_2025-09-08 09_57_03.631-05_00_0.png,2.0,1.8899020353423766
1616,1403_LeafPhotoB_2025-09-08 09_57_03.631-05_00_1.png,2.0,1.8683563228392561
1617,1403_LeafPhotoB_2025-09-08 09_57_03.631-05_00_2.png,2.0,1.9058660250635253
1618,1403_LeafPhotoB_2025-09-08 09_57_03.631-05_00_3.png,2.0,1.7731490044760807
1619,2481_LeafPhotoB_2025-09-08 11_58_03.951-05_00_0.png,2.5,2.370289213495482
1620,2481_LeafPhotoB_2025-09-08 11_58_03.951-05_00_1.png,2.5,2.3532402725494115
1621,2481_LeafPhotoB_2025-09-08 11_58_03.951-05_00_2.png,2.5,2.2621427195391224
1622,2481_LeafPhotoB_2025-09-08 11_58_03.951-05_00_3.png,2.5,2.3512627992854997
1628,1412_LeafPhotoB_2025-09-08 10_06_46.177-05_00_0.png,1.25,1.5729093040870805
1629,1412_LeafPhotoB_2025-09-08 10_06_46.177-05_00_1.png,1.25,1.7021947079368118
1630,1412_LeafPhotoB_2025-09-08 10_06_46.177-05_00_2.png,1.25,1.6656413499385994
1631,1412_LeafPhotoB_2025-09-08 10_06_46.177-05_00_3.png,1.25,1.6454206778182692
1639,1230_LeafPhotoA_2025-09-08 10_14_02.865-05_00_0.png,1.5,1.7693481266406217
1640,1230_LeafPhotoA_2025-09-08 10_14_02.865-05_00_1.png,1.5,1.741275310291274
1641,1230_LeafPhotoA_2025-09-08 10_14_02.865-05_00_2.png,1.5,1.7026326806524674
1642,1230_LeafPhotoA_2025-09-08 10_14_02.865-05_00_3.png,1.5,1.6045238150920735
1667,2551_LeafPhotoA_2025-09-09 11_08_14.599-05_00_0.png,1.75,1.9435073308775417
1668,2551_LeafPhotoA_2025-09-09 11_08_14.599-05_00_1.png,1.75,1.7317033986999522
1669,2551_LeafPhotoA_2025-09-09 11_08_14.599-05_00_2.png,1.75,1.7718532311905724
1670,2551_LeafPhotoA_2025-09-09 11_08_14.599-05_00_3.png,1.75,1.7676710124523003
1674,1130_LeafPhotoA_2025-09-08 10_20_05.265-05_00_0.png,3.25,2.1855633885512695
1675,1130_LeafPhotoA_2025-09-08 10_20_05.265-05_00_1.png,3.25,2.373041689036367
1676,1130_LeafPhotoA_2025-09-08 10_20_05.265-05_00_2.png,3.25,2.307952131434366
1677,1130_LeafPhotoA_2025-09-08 10_20_05.265-05_00_3.png,3.25,2.0320019818475945
1684,2191_LeafPhotoA_2025-09-08 17_16_00.546-05_00_0.png,1.5,1.8820151645605627
1685,2191_LeafPhotoA_2025-09-08 17_16_00.546-05_00_1.png,1.5,1.8580710208505997
1686,2191_LeafPhotoA_2025-09-08 17_16_00.546-05_00_2.png,1.5,1.5559755012117873
1687,2992_LeafPhotoA_2025-09-09 16_46_31.136-05_00_0.png,2.25,2.175959365484824
1688,2992_LeafPhotoA_2025-09-09 16_46_31.136-05_00_1.png,2.25,2.070504173005736
1689,2992_LeafPhotoA_2025-09-09 16_46_31.136-05_00_2.png,2.25,1.8916934250604895
1690,2992_LeafPhotoA_2025-09-09 16_46_31.136-05_00_3.png,2.25,2.035686808930074
1702,2687_LeafPhotoA_2025-09-09 10_47_32.733-05_00_0.png,1.25,1.5906801847036582
1703,2687_LeafPhotoA_2025-09-09 10_47_32.733-05_00_1.png,1.25,1.6848097706507985
1714,1205_LeafPhotoA_2025-09-08 09_27_17.999-05_00_0.png,1.25,1.632776279042703
1715,1205_LeafPhotoA_2025-09-08 09_27_17.999-05_00_1.png,1.25,1.5971165761617336
1716,1205_LeafPhotoA_2025-09-08 09_27_17.999-05_00_2.png,1.25,1.5639215353977585
1717,1205_LeafPhotoA_2025-09-08 09_27_17.999-05_00_3.png,1.25,1.5340080474865703
1722,2450_LeafPhotoB_2025-09-08 11_25_27.986-05_00_0.png,1.5,1.5844608826389273
1723,2450_LeafPhotoB_2025-09-08 11_25_27.986-05_00_1.png,1.5,1.5715897044508214
1724,2450_LeafPhotoB_2025-09-08 11_25_27.986-05_00_2.png,1.5,1.7374062860245625
1725,2450_LeafPhotoB_2025-09-08 11_25_27.986-05_00_3.png,1.5,1.5846832032360165
1734,2763_LeafPhotoA_2025-09-09 16_11_24.849-05_00_0.png,1.75,2.1076649207587455
1735,2763_LeafPhotoA_2025-09-09 16_11_24.849-05_00_1.png,1.75,2.039634768203072
1755,1617_LeafPhotoA_2025-09-09 09_43_56.607-05_00_0.png,1.5,1.637655484857957
1756,1617_LeafPhotoA_2025-09-09 09_43_56.607-05_00_1.png,1.5,1.7495492455037007
1757,1617_LeafPhotoA_2025-09-09 09_43_56.607-05_00_2.png,1.5,1.740516753557063
1758,1617_LeafPhotoA_2025-09-09 09_43_56.607-05_00_3.png,1.5,1.6976459073933676
1759,2272_LeafPhotoA_2025-09-08 17_11_05.980-05_00_0.png,2.25,1.8965531585784445
1760,2272_LeafPhotoA_2025-09-08 17_11_05.980-05_00_1.png,2.25,1.9697637280079947
1776,2315_LeafPhotoA_2025-09-08 10_43_18.717-05_00_0.png,2.0,1.7980278277847441
1777,2315_LeafPhotoA_2025-09-08 10_43_18.717-05_00_1.png,2.0,1.8567531713172558
1778,2315_LeafPhotoA_2025-09-08 10_43_18.717-05_00_2.png,2.0,1.854745302203011
1779,2315_LeafPhotoA_2025-09-08 10_43_18.717-05_00_3.png,2.0,1.9544547494263773
1780,1423_LeafPhotoB_2025-09-08 10_15_40.160-05_00_0.png,3.0,2.1489290391558775
1781,1423_LeafPhotoB_2025-09-08 10_15_40.160-05_00_1.png,3.0,2.3469666215948832
1782,1423_LeafPhotoB_2025-09-08 10_15_40.160-05_00_2.png,3.0,2.2406063751752847
1783,1423_LeafPhotoB_2025-09-08 10_15_40.160-05_00_3.png,3.0,2.3070919486631656
1784,1016_LeafPhotoA_2025-09-08 09_49_16.143-05_00_0.png,2.5,1.8032388932957082
1785,1016_LeafPhotoA_2025-09-08 09_49_16.143-05_00_1.png,2.5,2.0219884048337384
1786,1016_LeafPhotoA_2025-09-08 09_49_16.143-05_00_2.png,2.5,2.145545991889463
1787,1016_LeafPhotoA_2025-09-08 09_49_16.143-05_00_3.png,2.5,2.088376877402406
1792,2526_LeafPhotoA_2025-09-09 10_24_08.055-05_00_0.png,1.75,1.8035178890355223
1793,2526_LeafPhotoA_2025-09-09 10_24_08.055-05_00_1.png,1.75,1.833019245535597
1794,2526_LeafPhotoA_2025-09-09 10_24_08.055-05_00_2.png,1.75,1.8522699772707518
1795,2526_LeafPhotoA_2025-09-09 10_24_08.055-05_00_3.png,1.75,1.8151764752074218
1812,2037_LeafPhotoA_2025-09-08 11_16_12.785-05_00_0.png,2.0,1.597251826338973
1813,2037_LeafPhotoA_2025-09-08 11_16_12.785-05_00_1.png,2.0,1.7315757275396289
1814,2037_LeafPhotoA_2025-09-08 11_16_12.785-05_00_2.png,2.0,1.8359849203836236
1815,2037_LeafPhotoA_2025-09-08 11_16_12.785-05_00_3.png,2.0,1.8319294016097396
1816,2269_LeafPhotoA_2025-09-08 17_13_41.456-05_00_0.png,2.5,2.190453094845736
1817,2269_LeafPhotoA_2025-09-08 17_13_41.456-05_00_1.png,2.5,2.1767719895384
1818,2269_LeafPhotoA_2025-09-08 17_13_41.456-05_00_2.png,2.5,2.257479545099074
1819,2269_LeafPhotoA_2025-09-08 17_13_41.456-05_00_3.png,2.5,2.1968942056033156
1835,1981_LeafPhotoA_2025-09-09 16_40_09.824-05_00_0.png,1.0,1.4830088784933135
1836,1981_LeafPhotoA_2025-09-09 16_40_09.824-05_00_1.png,1.0,1.6345608812049763
1837,1981_LeafPhotoA_2025-09-09 16_40_09.824-05_00_2.png,1.0,1.7241126272235152
1838,1981_LeafPhotoA_2025-09-09 16_40_09.824-05_00_3.png,1.0,1.7631154499968245
1843,1392_LeafPhotoA_2025-09-08 13_12_01.932-05_00_0.png,2.25,1.934555692273304
1844,1392_LeafPhotoA_2025-09-08 13_12_01.932-05_00_1.png,2.25,2.035103476239747
1845,1392_LeafPhotoA_2025-09-08 13_12_01.932-05_00_2.png,2.25,2.0520980036247196
1846,1392_LeafPhotoA_2025-09-08 13_12_01.932-05_00_3.png,2.25,1.8958999066030073
1902,1209_LeafPhotoA_2025-09-08 09_36_46.496-05_00_0.png,1.0,1.5809360125450862
1903,1209_LeafPhotoA_2025-09-08 09_36_46.496-05_00_1.png,1.0,1.4882848682924514
1904,1209_LeafPhotoA_2025-09-08 09_36_46.496-05_00_2.png,1.0,1.4782185154322591
1905,1209_LeafPhotoA_2025-09-08 09_36_46.496-05_00_3.png,1.0,1.4850734309187652
1906,1487_LeafPhotoB_2025-09-08 16_51_33.738-05_00_0.png,1.75,1.8441441771337663
1907,1487_LeafPhotoB_2025-09-08 16_51_33.738-05_00_1.png,1.75,1.8524532989034845
1908,1487_LeafPhotoB_2025-09-08 16_51_33.738-05_00_2.png,1.75,1.745060600167487
1909,1487_LeafPhotoB_2025-09-08 16_51_33.738-05_00_3.png,1.75,1.6731554101656527
1928,2717_LeafPhotoA_2025-09-09 10_36_42.002-05_00_0.png,4.5,3.2386297303514584
1929,2717_LeafPhotoA_2025-09-09 10_36_42.002-05_00_1.png,4.5,3.356376324618152
1930,2717_LeafPhotoA_2025-09-09 10_36_42.002-05_00_2.png,4.5,3.091535458724232
1931,2717_LeafPhotoA_2025-09-09 10_36_42.002-05_00_3.png,4.5,3.0078344139305835
1989,2723_LeafPhotoA_2025-09-09 10_44_34.871-05_00_0.png,3.25,2.057975132127827
1990,2723_LeafPhotoA_2025-09-09 10_44_34.871-05_00_1.png,3.25,1.7834317459434172
1991,2723_LeafPhotoA_2025-09-09 10_44_34.871-05_00_2.png,3.25,2.1271589272991056
1992,2723_LeafPhotoA_2025-09-09 10_44_34.871-05_00_3.png,3.25,2.1337537957626815
1993,1125_LeafPhotoA_2025-09-08 10_12_23.672-05_00_0.png,1.75,1.8114260834852802
1994,1125_LeafPhotoA_2025-09-08 10_12_23.672-05_00_1.png,1.75,1.6565963699626476
1995,1125_LeafPhotoA_2025-09-08 10_12_23.672-05_00_2.png,1.75,1.7430481893219638
1996,1125_LeafPhotoA_2025-09-08 10_12_23.672-05_00_3.png,1.75,1.8009478453840484
1997,2678_LeafPhotoA_2025-09-09 11_04_41.551-05_00_0.png,2.0,2.2337007300217184
1998,2678_LeafPhotoA_2025-09-09 11_04_41.551-05_00_1.png,2.0,2.2335746740587963
1999,2678_LeafPhotoA_2025-09-09 11_04_41.551-05_00_2.png,2.0,2.2700020560526077
2005,2040_LeafPhotoA_2025-09-08 11_19_56.770-05_00_0.png,2.5,1.9110086132303272
2006,2040_LeafPhotoA_2025-09-08 11_19_56.770-05_00_1.png,2.5,1.9628062748896482
2007,2040_LeafPhotoA_2025-09-08 11_19_56.770-05_00_2.png,2.5,1.8597531360645734
2008,2040_LeafPhotoA_2025-09-08 11_19_56.770-05_00_3.png,2.5,1.868667000228124
2023,2229_LeafPhotoA_2025-09-08 11_33_21.108-05_00_0.png,2.0,2.149554320147729
2024,2229_LeafPhotoA_2025-09-08 11_33_21.108-05_00_1.png,2.0,2.1045723430927112
2025,2229_LeafPhotoA_2025-09-08 11_33_21.108-05_00_2.png,2.0,1.7636641851185535
2026,2229_LeafPhotoA_2025-09-08 11_33_21.108-05_00_3.png,2.0,1.6072885803097083
2034,5010_LeafPhotoA_2025-09-09 16_12_11.860-05_00_0.png,1.25,1.573502772722045
2035,5010_LeafPhotoA_2025-09-09 16_12_11.860-05_00_1.png,1.25,1.598339363120916
2036,5010_LeafPhotoA_2025-09-09 16_12_11.860-05_00_2.png,1.25,1.6337807646913212
2037,5010_LeafPhotoA_2025-09-09 16_12_11.860-05_00_3.png,1.25,1.5955112654480905
2042,1125_LeafPhotoA_2025-09-08 10_13_03.747-05_00_0.png,1.25,1.776137733920168
2043,1125_LeafPhotoA_2025-09-08 10_13_03.747-05_00_1.png,1.25,1.6103394643161604
2044,1125_LeafPhotoA_2025-09-08 10_13_03.747-05_00_2.png,1.25,1.7245671696294764
2045,1125_LeafPhotoA_2025-09-08 10_13_03.747-05_00_3.png,1.25,1.6784983963848004
2059,2750_LeafPhotoA_2025-09-09 11_21_52.462-05_00_0.png,1.5,1.5847647729162844
2060,2750_LeafPhotoA_2025-09-09 11_21_52.462-05_00_1.png,1.5,1.675890724993798
2061,2750_LeafPhotoA_2025-09-09 11_21_52.462-05_00_2.png,1.5,1.6465541145878433
2062,2750_LeafPhotoA_2025-09-09 11_21_52.462-05_00_3.png,1.5,1.6218728536161666
2063,1258_LeafPhotoA_2025-09-08 16_31_15.963-05_00_0.png,2.25,1.8347254561340998
2064,1258_LeafPhotoA_2025-09-08 16_31_15.963-05_00_1.png,2.25,1.982069410221378
2065,1258_LeafPhotoA_2025-09-08 16_31_15.963-05_00_2.png,2.25,2.0571666521808614
2066,1258_LeafPhotoA_2025-09-08 16_31_15.963-05_00_3.png,2.25,1.9625143368077906
2099,2037_LeafPhotoA_2025-09-08 11_16_27.368-05_00_0.png,1.75,1.7537213791647794
2100,2037_LeafPhotoA_2025-09-08 11_16_27.368-05_00_1.png,1.75,1.7015435345836971
2101,2037_LeafPhotoA_2025-09-08 11_16_27.368-05_00_2.png,1.75,1.687631326058595
2102,2037_LeafPhotoA_2025-09-08 11_16_27.368-05_00_3.png,1.75,1.7914861186419586
2111,2678_LeafPhotoA_2025-09-09 11_04_09.961-05_00_0.png,2.0,2.2639952635782232
2112,2678_LeafPhotoA_2025-09-09 11_04_09.961-05_00_1.png,2.0,2.0801829728283603
2113,2678_LeafPhotoA_2025-09-09 11_04_09.961-05_00_2.png,2.0,1.789702818098546
2114,1944_LeafPhotoA_2025-09-09 16_01_21.249-05_00_0.png,2.5,2.0702255503623057
2115,1944_LeafPhotoA_2025-09-09 16_01_21.249-05_00_1.png,2.5,1.814774599952582
2116,1944_LeafPhotoA_2025-09-09 16_01_21.249-05_00_2.png,2.5,2.149026643251078
2117,1944_LeafPhotoA_2025-09-09 16_01_21.249-05_00_3.png,2.5,2.243976512329263
2125,2434_LeafPhotoB_2025-09-08 11_10_53.702-05_00_0.png,1.5,1.4223449452594188
2126,2434_LeafPhotoB_2025-09-08 11_10_53.702-05_00_1.png,1.5,1.4955619013648345
2127,2434_LeafPhotoB_2025-09-08 11_10_53.702-05_00_2.png,1.5,1.515979917792743
2128,2434_LeafPhotoB_2025-09-08 11_10_53.702-05_00_3.png,1.5,1.5181811074055056
2141,1127_LeafPhotoA_2025-09-08 10_15_24.325-05_00_0.png,2.5,1.9476963774824865
2142,1127_LeafPhotoA_2025-09-08 10_15_24.325-05_00_1.png,2.5,1.8277099292686823
2143,1127_LeafPhotoA_2025-09-08 10_15_24.325-05_00_2.png,2.5,1.8122355651784476
2144,1127_LeafPhotoA_2025-09-08 10_15_24.325-05_00_3.png,2.5,1.7864601469853136
2198,1493_LeafPhotoB_2025-09-08 16_57_00.908-05_00_0.png,2.5,2.104504052211493
2199,1493_LeafPhotoB_2025-09-08 16_57_00.908-05_00_1.png,2.5,1.9841654546796397
2200,1493_LeafPhotoB_2025-09-08 16_57_00.908-05_00_2.png,2.5,2.112455927563525
2201,1493_LeafPhotoB_2025-09-08 16_57_00.908-05_00_3.png,2.5,1.9560926116863988
2218,1877_LeafPhotoA_2025-09-09 13_21_50.382-05_00_0.png,1.25,1.6165868193943254
2219,1877_LeafPhotoA_2025-09-09 13_21_50.382-05_00_1.png,1.25,1.6014802159229757
2220,1877_LeafPhotoA_2025-09-09 13_21_50.382-05_00_2.png,1.25,1.6608894724462533
2221,1877_LeafPhotoA_2025-09-09 13_21_50.382-05_00_3.png,1.25,1.7057660635503118
2222,,2.0,1.7633806458325498
2226,1582_LeafPhotoA_2025-09-09 09_42_32.403-05_00_0.png,2.25,1.7261260596572012
2227,1582_LeafPhotoA_2025-09-09 09_42_32.403-05_00_1.png,2.25,1.7861114786607104
2228,1582_LeafPhotoA_2025-09-09 09_42_32.403-05_00_2.png,2.25,1.7748834708476604
2229,1582_LeafPhotoA_2025-09-09 09_42_32.403-05_00_3.png,2.25,1.771111970230331
2235,2477_LeafPhotoB_2025-09-08 11_52_47.408-05_00_0.png,3.25,2.6939972497725013
2236,2477_LeafPhotoB_2025-09-08 11_52_47.408-05_00_1.png,3.25,2.7173724943907653
2237,2477_LeafPhotoB_2025-09-08 11_52_47.408-05_00_2.png,3.25,2.5180375880837835
2238,2477_LeafPhotoB_2025-09-08 11_52_47.408-05_00_3.png,3.25,2.3964014870524637
2286,1067_LeafPhotoA_2025-09-08 12_59_13.071-05_00_0.png,1.25,1.6061496747764403
2287,1067_LeafPhotoA_2025-09-08 12_59_13.071-05_00_1.png,1.25,1.570772114677979
2288,1067_LeafPhotoA_2025-09-08 12_59_13.071-05_00_2.png,1.25,1.5808436421182779
2289,1067_LeafPhotoA_2025-09-08 12_59_13.071-05_00_3.png,1.25,1.5898019849651757
2298,1311_LeafPhotoA_2025-09-08 09_27_50.762-05_00_0.png,2.25,1.7534039086706121
2299,1311_LeafPhotoA_2025-09-08 09_27_50.762-05_00_1.png,2.25,1.6992468873226676
2300,1311_LeafPhotoA_2025-09-08 09_27_50.762-05_00_2.png,2.25,1.7863596528788355
2301,1311_LeafPhotoA_2025-09-08 09_27_50.762-05_00_3.png,2.25,1.8728705841640754
2310,1627_LeafPhotoA_2025-09-09 10_06_34.203-05_00_0.png,1.5,1.993169368181268
2311,1627_LeafPhotoA_2025-09-09 10_06_34.203-05_00_1.png,1.5,1.8492513508928843
2312,1627_LeafPhotoA_2025-09-09 10_06_34.203-05_00_2.png,1.5,1.8403970375948646
2313,1627_LeafPhotoA_2025-09-09 10_06_34.203-05_00_3.png,1.5,1.9254465691499132
2329,2717_LeafPhotoA_2025-09-09 10_36_52.862-05_00_0.png,3.25,2.433369722420466
2330,2717_LeafPhotoA_2025-09-09 10_36_52.862-05_00_1.png,3.25,2.4768548187600996
2331,2717_LeafPhotoA_2025-09-09 10_36_52.862-05_00_2.png,3.25,2.4352950716455437
2332,1130_LeafPhotoA_2025-09-08 10_20_33.571-05_00_0.png,1.75,1.5993634070594345
2333,1130_LeafPhotoA_2025-09-08 10_20_33.571-05_00_1.png,1.75,1.6782456392184497
2334,1130_LeafPhotoA_2025-09-08 10_20_33.571-05_00_2.png,1.75,1.709947860009462
2335,1130_LeafPhotoA_2025-09-08 10_20_33.571-05_00_3.png,1.75,1.6156583375506046
2362,2207_LeafPhotoA_2025-09-08 10_54_55.448-05_00_0.png,1.25,1.7112780412701438
2363,2207_LeafPhotoA_2025-09-08 10_54_55.448-05_00_1.png,1.25,1.760415878083689
2364,2207_LeafPhotoA_2025-09-08 10_54_55.448-05_00_2.png,1.25,1.6397113695074716
2365,2207_LeafPhotoA_2025-09-08 10_54_55.448-05_00_3.png,1.25,1.645637904588479
2370,1617_LeafPhotoA_2025-09-09 09_44_34.252-05_00_0.png,1.5,1.8041478925016436
2371,1617_LeafPhotoA_2025-09-09 09_44_34.252-05_00_1.png,1.5,1.7604522130494096
2372,1617_LeafPhotoA_2025-09-09 09_44_34.252-05_00_2.png,1.5,1.7198965871066159
2405,1184_LeafPhotoA_2025-09-08 16_08_30.015-05_00_0.png,2.75,1.86853006880219
2406,1184_LeafPhotoA_2025-09-08 16_08_30.015-05_00_1.png,2.75,2.002509145679956
2407,1184_LeafPhotoA_2025-09-08 16_08_30.015-05_00_2.png,2.75,2.0900001273666136
2408,1184_LeafPhotoA_2025-09-08 16_08_30.015-05_00_3.png,2.75,2.063745080644438
2475,2338_LeafPhotoA_2025-09-08 11_06_38.534-05_00_0.png,3.5,2.5145431304014294
2476,2338_LeafPhotoA_2025-09-08 11_06_38.534-05_00_1.png,3.5,2.5351147098864537
2477,2338_LeafPhotoA_2025-09-08 11_06_38.534-05_00_2.png,3.5,2.525336963284497
2478,2338_LeafPhotoA_2025-09-08 11_06_38.534-05_00_3.png,3.5,2.6647808070533365
2498,1644_LeafPhotoA_2025-09-09 10_35_13.308-05_00_0.png,1.25,1.4562093866920094
2499,1644_LeafPhotoA_2025-09-09 10_35_13.308-05_00_1.png,1.25,1.5301147284075036
2500,1644_LeafPhotoA_2025-09-09 10_35_13.308-05_00_2.png,1.25,1.6262218717626757
2501,1644_LeafPhotoA_2025-09-09 10_35_13.308-05_00_3.png,1.25,1.463465933036585
2506,2981_LeafPhotoA_2025-09-09 16_33_03.761-05_00_0.png,2.5,2.0118913142281585
2507,2981_LeafPhotoA_2025-09-09 16_33_03.761-05_00_1.png,2.5,2.0264054301069594
2508,2981_LeafPhotoA_2025-09-09 16_33_03.761-05_00_2.png,2.5,1.9759919820340806
2513,1731_LeafPhotoA_2025-09-09 09_38_23.442-05_00_0.png,1.5,1.7629310858949356
2514,1731_LeafPhotoA_2025-09-09 09_38_23.442-05_00_1.png,1.5,1.8928254199965104
2515,1731_LeafPhotoA_2025-09-09 09_38_23.442-05_00_2.png,1.5,1.9732761141775752
2572,2466_LeafPhotoB_2025-09-08 11_42_42.225-05_00_0.png,1.0,1.5791395035079738
2573,2466_LeafPhotoB_2025-09-08 11_42_42.225-05_00_1.png,1.0,1.712922360727509
2574,2466_LeafPhotoB_2025-09-08 11_42_42.225-05_00_2.png,1.0,1.7474873843611025
2575,2466_LeafPhotoB_2025-09-08 11_42_42.225-05_00_3.png,1.0,1.6706089532390458
2584,2877_LeafPhotoA_2025-09-09 14_42_55.104-05_00_0.png,1.25,1.4045153954917529
2585,2877_LeafPhotoA_2025-09-09 14_42_55.104-05_00_1.png,1.25,1.4106173239546422
2586,2877_LeafPhotoA_2025-09-09 14_42_55.104-05_00_2.png,1.25,1.609052851812576
2587,2877_LeafPhotoA_2025-09-09 14_42_55.104-05_00_3.png,1.25,1.4716964307649056
2629,,1.5,1.7633806458325498
2634,2169_LeafPhotoA_2025-09-09 12_05_10.533-05_00_0.png,2.25,1.738986014090719
2666,2568_LeafPhotoA_2025-09-09 10_50_54.288-05_00_0.png,1.25,1.6832767025138704
2667,2568_LeafPhotoA_2025-09-09 10_50_54.288-05_00_1.png,1.25,1.6372582246762417
2668,2568_LeafPhotoA_2025-09-09 10_50_54.288-05_00_2.png,1.25,1.5648357212371817
2669,2568_LeafPhotoA_2025-09-09 10_50_54.288-05_00_3.png,1.25,1.5339232096203474
2674,1873_LeafPhotoA_2025-09-09 13_24_25.512-05_00_0.png,2.25,1.9502133589959891
2675,1873_LeafPhotoA_2025-09-09 13_24_25.512-05_00_1.png,2.25,1.8559750727307929
2676,1873_LeafPhotoA_2025-09-09 13_24_25.512-05_00_2.png,2.25,2.024952894274197
2677,1873_LeafPhotoA_2025-09-09 13_24_25.512-05_00_3.png,2.25,2.13752897318486
2678,1657_LeafPhotoA_2025-09-09 10_13_53.773-05_00_0.png,1.25,1.5833603774966016
2679,1657_LeafPhotoA_2025-09-09 10_13_53.773-05_00_1.png,1.25,1.5772775691088976
2683,1873_LeafPhotoA_2025-09-09 13_25_03.055-05_00_0.png,2.75,1.987048674064153
2684,1873_LeafPhotoA_2025-09-09 13_25_03.055-05_00_1.png,2.75,2.0752154255152604
2685,1873_LeafPhotoA_2025-09-09 13_25_03.055-05_00_2.png,2.75,2.097787818741123
2686,1873_LeafPhotoA_2025-09-09 13_25_03.055-05_00_3.png,2.75,2.1159771064781343
2699,2066_LeafPhotoA_2025-09-08 12_00_00.120-05_00_0.png,1.5,1.6929907782746034
2700,2066_LeafPhotoA_2025-09-08 12_00_00.120-05_00_1.png,1.5,1.609074175981238
2701,2066_LeafPhotoA_2025-09-08 12_00_00.120-05_00_2.png,1.5,1.7287274544206874
2702,2066_LeafPhotoA_2025-09-08 12_00_00.120-05_00_3.png,1.5,1.577105722265675
2707,1877_LeafPhotoA_2025-09-09 13_21_29.026-05_00_0.png,2.5,1.98211803192937
2708,1877_LeafPhotoA_2025-09-09 13_21_29.026-05_00_1.png,2.5,2.0614985458875386
2709,1877_LeafPhotoA_2025-09-09 13_21_29.026-05_00_2.png,2.5,2.0434864342582504
2710,1877_LeafPhotoA_2025-09-09 13_21_29.026-05_00_3.png,2.5,1.9168851096967519
2715,1149_LeafPhotoA_2025-09-08 10_47_32.215-05_00_0.png,2.25,2.0763122391360476
2716,1149_LeafPhotoA_2025-09-08 10_47_32.215-05_00_1.png,2.25,2.1356246403718835
2717,1149_LeafPhotoA_2025-09-08 10_47_32.215-05_00_2.png,2.25,2.1944242672908016
2718,1149_LeafPhotoA_2025-09-08 10_47_32.215-05_00_3.png,2.25,2.104161507046229
2730,1359_LeafPhotoA_2025-09-08 12_38_47.936-05_00_0.png,2.0,1.7602002335013425
2731,1359_LeafPhotoA_2025-09-08 12_38_47.936-05_00_1.png,2.0,1.69607474792955
2732,1359_LeafPhotoA_2025-09-08 12_38_47.936-05_00_2.png,2.0,1.8224939211518407
2741,2992_LeafPhotoA_2025-09-09 16_46_47.466-05_00_0.png,1.5,2.3472574814072114
2742,2992_LeafPhotoA_2025-09-09 16_46_47.466-05_00_1.png,1.5,2.210053079615977
2743,2992_LeafPhotoA_2025-09-09 16_46_47.466-05_00_2.png,1.5,1.9154060229537069
2744,2992_LeafPhotoA_2025-09-09 16_46_47.466-05_00_3.png,1.5,1.8101949962917099
2801,2071_LeafPhotoA_2025-09-08 12_05_40.977-05_00_0.png,1.75,1.8281988289703073
2802,2071_LeafPhotoA_2025-09-08 12_05_40.977-05_00_1.png,1.75,1.8643277480885214
2803,2071_LeafPhotoA_2025-09-08 12_05_40.977-05_00_2.png,1.75,1.7530515926926529
2804,2071_LeafPhotoA_2025-09-08 12_05_40.977-05_00_3.png,1.75,2.0590312443673024
2806,,2.5,1.7633806458325498
2846,1553_LeafPhotoA_2025-09-09 10_18_50.828-05_00_0.png,1.5,1.8099314024884998
2847,1553_LeafPhotoA_2025-09-09 10_18_50.828-05_00_1.png,1.5,1.9255661261588974
2848,1553_LeafPhotoA_2025-09-09 10_18_50.828-05_00_2.png,1.5,1.8409166761426488
2849,1553_LeafPhotoA_2025-09-09 10_18_50.828-05_00_3.png,1.5,1.5520840134184277
2872,2826_LeafPhotoA_2025-09-09 10_42_31.280-05_00_0.png,2.0,1.7551289887966672
2873,2826_LeafPhotoA_2025-09-09 10_42_31.280-05_00_1.png,2.0,1.792362802688209
2874,2826_LeafPhotoA_2025-09-09 10_42_31.280-05_00_2.png,2.0,2.0975431945706844
2875,2826_LeafPhotoA_2025-09-09 10_42_31.280-05_00_3.png,2.0,2.0757368376632708
2888,2831_LeafPhotoA_2025-09-09 10_48_28.918-05_00_0.png,2.0,1.89483282643757
2889,2831_LeafPhotoA_2025-09-09 10_48_28.918-05_00_1.png,2.0,1.8161448519781402
2890,2831_LeafPhotoA_2025-09-09 10_48_28.918-05_00_2.png,2.0,1.8718377171638343
2898,2478_LeafPhotoB_2025-09-08 11_54_11.812-05_00_0.png,1.75,1.9284723118889595
2899,2478_LeafPhotoB_2025-09-08 11_54_11.812-05_00_1.png,1.75,1.9010472984657998
2900,2478_LeafPhotoB_2025-09-08 11_54_11.812-05_00_2.png,1.75,1.751233186894212
2901,2478_LeafPhotoB_2025-09-08 11_54_11.812-05_00_3.png,1.75,1.9022409746941094
2924,1464_LeafPhotoB_2025-09-08 16_27_57.851-05_00_0.png,1.75,1.967820302699159
2925,1464_LeafPhotoB_2025-09-08 16_27_57.851-05_00_1.png,1.75,1.9942135846676654
2926,1464_LeafPhotoB_2025-09-08 16_27_57.851-05_00_2.png,1.75,1.928608820114893
2927,1464_LeafPhotoB_2025-09-08 16_27_57.851-05_00_3.png,1.75,1.8926244986255147
2940,2290_LeafPhotoA_2025-09-08 16_50_03.639-05_00_0.png,1.5,1.8103752993934281
2941,2290_LeafPhotoA_2025-09-08 16_50_03.639-05_00_1.png,1.5,1.818223726110759
2942,2290_LeafPhotoA_2025-09-08 16_50_03.639-05_00_2.png,1.5,1.8070264421237845
2943,2290_LeafPhotoA_2025-09-08 16_50_03.639-05_00_3.png,1.5,1.7441341031568518
2972,1032_LeafPhotoA_2025-09-08 10_07_30.322-05_00_0.png,1.75,2.0241479105890967
2973,1032_LeafPhotoA_2025-09-08 10_07_30.322-05_00_1.png,1.75,2.035739718003929
2974,1032_LeafPhotoA_2025-09-08 10_07_30.322-05_00_2.png,1.75,2.0517999754736054
2975,1032_LeafPhotoA_2025-09-08 10_07_30.322-05_00_3.png,1.75,1.9064990694129116
3015,1877_LeafPhotoA_2025-09-09 17_04_42.599-05_00_0.png,2.25,1.7033972650076319
3016,1877_LeafPhotoA_2025-09-09 17_04_42.599-05_00_1.png,2.25,1.8404475767677564
3017,1877_LeafPhotoA_2025-09-09 17_04_42.599-05_00_2.png,2.25,1.955649803752585
3018,1877_LeafPhotoA_2025-09-09 17_04_42.599-05_00_3.png,2.25,1.7080683571795074
3035,2737_LeafPhotoA_2025-09-09 11_04_04.650-05_00_0.png,3.25,2.449284454324109
3036,2737_LeafPhotoA_2025-09-09 11_04_04.650-05_00_1.png,3.25,2.3644210601127558
3037,2737_LeafPhotoA_2025-09-09 11_04_04.650-05_00_2.png,3.25,2.417166168876384
3038,2737_LeafPhotoA_2025-09-09 11_04_04.650-05_00_3.png,3.25,2.500570498765619
3043,1903_LeafPhotoA_2025-09-09 14_22_36.498-05_00_0.png,2.5,1.8851681914482676
3044,1903_LeafPhotoA_2025-09-09 14_22_36.498-05_00_1.png,2.5,1.9928745081632422
3045,1903_LeafPhotoA_2025-09-09 14_22_36.498-05_00_2.png,2.5,1.9709097734480856
3046,1903_LeafPhotoA_2025-09-09 14_22_36.498-05_00_3.png,2.5,1.8728638337255052
3047,,1.75,1.7633806458325498
3056,1712_LeafPhotoA_2025-09-09 09_07_57.472-05_00_0.png,3.5,2.596772264371336
3057,1712_LeafPhotoA_2025-09-09 09_07_57.472-05_00_1.png,3.5,2.5390321650421304
3058,1712_LeafPhotoA_2025-09-09 09_07_57.472-05_00_2.png,3.5,2.438321890633821
3059,1712_LeafPhotoA_2025-09-09 09_07_57.472-05_00_3.png,3.5,2.3324596404251503
3063,1302_LeafPhotoA_2025-09-08 10_22_31.224-05_00_0.png,3.0,2.3454178241537225
3064,1302_LeafPhotoA_2025-09-08 10_22_31.224-05_00_1.png,3.0,2.5505359425294234
3065,1302_LeafPhotoA_2025-09-08 10_22_31.224-05_00_2.png,3.0,2.670748608589556
3066,1654_LeafPhotoA_2025-09-09 10_18_00.201-05_00_0.png,1.25,1.7979341728076468
3067,1654_LeafPhotoA_2025-09-09 10_18_00.201-05_00_1.png,1.25,1.6329752945390528
3068,1654_LeafPhotoA_2025-09-09 10_18_00.201-05_00_2.png,1.25,1.7331894909812633
3073,1374_LeafPhotoA_2025-09-08 12_56_08.244-05_00_0.png,1.25,1.5852838274033028
3074,1374_LeafPhotoA_2025-09-08 12_56_08.244-05_00_1.png,1.25,1.6142250384540322
3075,1374_LeafPhotoA_2025-09-08 12_56_08.244-05_00_2.png,1.25,1.6316265202979974
3076,1374_LeafPhotoA_2025-09-08 12_56_08.244-05_00_3.png,1.25,1.8019000750697867
3093,1825_LeafPhotoA_2025-09-09 09_26_26.568-05_00_0.png,1.0,1.6256502967907895
3094,1825_LeafPhotoA_2025-09-09 09_26_26.568-05_00_1.png,1.0,1.6376157050817595
3095,1825_LeafPhotoA_2025-09-09 09_26_26.568-05_00_2.png,1.0,1.6095378049587366
3096,1825_LeafPhotoA_2025-09-09 09_26_26.568-05_00_3.png,1.0,1.5474814624297388
3117,2979_LeafPhotoA_2025-09-09 16_31_00.348-05_00_0.png,1.5,1.5801564131428338
3118,2979_LeafPhotoA_2025-09-09 16_31_00.348-05_00_1.png,1.5,1.8556645870657353
3119,2979_LeafPhotoA_2025-09-09 16_31_00.348-05_00_2.png,1.5,1.88180922213402
3120,2979_LeafPhotoA_2025-09-09 16_31_00.348-05_00_3.png,1.5,1.7251126511235486
3153,2543_LeafPhotoA_2025-09-09 10_42_41.692-05_00_0.png,2.25,2.070237678960833
3154,2543_LeafPhotoA_2025-09-09 10_42_41.692-05_00_1.png,2.25,2.0117124465728766
3155,2543_LeafPhotoA_2025-09-09 10_42_41.692-05_00_2.png,2.25,2.106092222095986
3156,2543_LeafPhotoA_2025-09-09 10_42_41.692-05_00_3.png,2.25,2.063186273092236
3161,2309_LeafPhotoA_2025-09-08 10_37_11.316-05_00_0.png,1.75,1.7245176861913025
3162,2309_LeafPhotoA_2025-09-08 10_37_11.316-05_00_1.png,1.75,1.6828735476393675
3163,2309_LeafPhotoA_2025-09-08 10_37_11.316-05_00_2.png,1.75,1.7527080368730432
3164,2309_LeafPhotoA_2025-09-08 10_37_11.316-05_00_3.png,1.75,1.7044441776927375
3177,2069_LeafPhotoA_2025-09-08 12_03_40.102-05_00_0.png,1.5,1.7438516485409281
3178,2069_LeafPhotoA_2025-09-08 12_03_40.102-05_00_1.png,1.5,1.6353282347879259
3179,2069_LeafPhotoA_2025-09-08 12_03_40.102-05_00_2.png,1.5,1.6406820292092876
3180,2069_LeafPhotoA_2025-09-08 12_03_40.102-05_00_3.png,1.5,1.663951713834841
3181,2220_LeafPhotoA_2025-09-08 11_18_41.599-05_00_0.png,2.75,2.0926388079933718
3182,2220_LeafPhotoA_2025-09-08 11_18_41.599-05_00_1.png,2.75,2.2502144145024947
3183,2220_LeafPhotoA_2025-09-08 11_18_41.599-05_00_2.png,2.75,2.1707111345034544
3184,2220_LeafPhotoA_2025-09-08 11_18_41.599-05_00_3.png,2.75,2.0141847385420104
3189,2432_LeafPhotoB_2025-09-08 11_09_28.923-05_00_0.png,1.25,1.600004076065888
3190,2432_LeafPhotoB_2025-09-08 11_09_28.923-05_00_1.png,1.25,1.5122274514392209
3191,2432_LeafPhotoB_2025-09-08 11_09_28.923-05_00_2.png,1.25,1.3987591225934133
3192,2432_LeafPhotoB_2025-09-08 11_09_28.923-05_00_3.png,1.25,1.5389368403716908
3194,2322_LeafPhotoA_2025-09-08 10_50_00.196-05_00_0.png,1.25,1.537108258074806
3195,2322_LeafPhotoA_2025-09-08 10_50_00.196-05_00_1.png,1.25,1.5485036750610697
3196,2322_LeafPhotoA_2025-09-08 10_50_00.196-05_00_2.png,1.25,1.596087648549905
3197,2322_LeafPhotoA_2025-09-08 10_50_00.196-05_00_3.png,1.25,1.462432181412927
3198,2826_LeafPhotoA_2025-09-09 10_41_32.330-05_00_0.png,1.5,1.6149361691880313
3199,2826_LeafPhotoA_2025-09-09 10_41_32.330-05_00_1.png,1.5,1.6183051928681178
3200,2826_LeafPhotoA_2025-09-09 10_41_32.330-05_00_2.png,1.5,1.564475668521419
3201,2826_LeafPhotoA_2025-09-09 10_41_32.330-05_00_3.png,1.5,1.8283878893334795
3211,2257_LeafPhotoA_2025-09-08 12_26_38.283-05_00_0.png,1.5,1.9545084838165556
3212,2257_LeafPhotoA_2025-09-08 12_26_38.283-05_00_1.png,1.5,1.9769794755521812
3213,2257_LeafPhotoA_2025-09-08 12_26_38.283-05_00_2.png,1.5,2.0651217016624686
3214,2257_LeafPhotoA_2025-09-08 12_26_38.283-05_00_3.png,1.5,2.0095035229957
3222,1834_LeafPhotoA_2025-09-09 09_42_08.907-05_00_0.png,2.0,1.8638784096088024
3223,1834_LeafPhotoA_2025-09-09 09_42_08.907-05_00_1.png,2.0,1.7426647769343444
3224,1834_LeafPhotoA_2025-09-09 09_42_08.907-05_00_2.png,2.0,1.795421604618453
3225,1834_LeafPhotoA_2025-09-09 09_42_08.907-05_00_3.png,2.0,1.8814257009961473
3226,,1.5,1.7633806458325498
3227,2418_LeafPhotoB_2025-09-08 10_56_40.105-05_00_0.png,1.75,1.7152870442721089
3228,2418_LeafPhotoB_2025-09-08 10_56_40.105-05_00_1.png,1.75,1.6782768973842537
3229,2418_LeafPhotoB_2025-09-08 10_56_40.105-05_00_2.png,1.75,1.6858262026729411
3230,2418_LeafPhotoB_2025-09-08 10_56_40.105-05_00_3.png,1.75,1.738575170354992
3265,2706_LeafPhotoA_2025-09-09 10_21_29.913-05_00_0.png,3.5,2.814271083119828
3266,2706_LeafPhotoA_2025-09-09 10_21_29.913-05_00_1.png,3.5,2.7240180244444345
3267,2706_LeafPhotoA_2025-09-09 10_21_29.913-05_00_2.png,3.5,2.6813885842440057
3268,2706_LeafPhotoA_2025-09-09 10_21_29.913-05_00_3.png,3.5,2.427747488477511
3277,1545_LeafPhotoA_2025-09-09 09_45_27.497-05_00_0.png,1.25,1.7232523224002525
3278,1545_LeafPhotoA_2025-09-09 09_45_27.497-05_00_1.png,1.25,1.688793769315211
3279,1545_LeafPhotoA_2025-09-09 09_45_27.497-05_00_2.png,1.25,1.9135678179628564
3280,1545_LeafPhotoA_2025-09-09 09_45_27.497-05_00_3.png,1.25,1.8893277572168217
3281,6014_LeafPhotoA_2025-09-09 16_54_50.169-05_00_0.png,1.5,1.6916151560038586
3282,6014_LeafPhotoA_2025-09-09 16_54_50.169-05_00_1.png,1.5,1.7248552386296214
3283,6014_LeafPhotoA_2025-09-09 16_54_50.169-05_00_2.png,1.5,1.5988281593895215
3284,6014_LeafPhotoA_2025-09-09 16_54_50.169-05_00_3.png,1.5,1.5806200141474662
3289,2095_LeafPhotoA_2025-09-08 12_31_36.632-05_00_0.png,2.75,1.9641976811753563
3290,2095_LeafPhotoA_2025-09-08 12_31_36.632-05_00_1.png,2.75,1.7825866386446159
3291,2095_LeafPhotoA_2025-09-08 12_31_36.632-05_00_2.png,2.75,1.8663947956108973
3292,2095_LeafPhotoA_2025-09-08 12_31_36.632-05_00_3.png,2.75,1.7619663311203442
3297,1300_LeafPhotoA_2025-09-08 16_38_09.236-05_00_0.png,2.75,1.9401909318630604
3298,1300_LeafPhotoA_2025-09-08 16_38_09.236-05_00_1.png,2.75,2.082492985097171
3303,2419_LeafPhotoB_2025-09-08 10_57_28.297-05_00_0.png,1.5,1.9239583711164334
3304,2419_LeafPhotoB_2025-09-08 10_57_28.297-05_00_1.png,1.5,1.855192614942786
3305,2419_LeafPhotoB_2025-09-08 10_57_28.297-05_00_2.png,1.5,1.8563029194116545
3373,2478_LeafPhotoB_2025-09-08 11_53_38.180-05_00_0.png,2.5,1.9629689471323168
3374,2478_LeafPhotoB_2025-09-08 11_53_38.180-05_00_1.png,2.5,1.9743869355632002
3375,2478_LeafPhotoB_2025-09-08 11_53_38.180-05_00_2.png,2.5,1.9395667588077137
3380,2652_LeafPhotoA_2025-09-09 11_26_57.371-05_00_0.png,2.75,2.1715741059363096
3381,2652_LeafPhotoA_2025-09-09 11_26_57.371-05_00_1.png,2.75,2.0584276278309765
3382,2652_LeafPhotoA_2025-09-09 11_26_57.371-05_00_2.png,2.75,2.0875113181787777
3383,2652_LeafPhotoA_2025-09-09 11_26_57.371-05_00_3.png,2.75,2.081619927778999
3396,2405_LeafPhotoB_2025-09-08 10_44_24.813-05_00_0.png,2.25,1.6932600910038744
3413,2265_LeafPhotoA_2025-09-08 12_39_28.832-05_00_0.png,2.25,1.8376681120065623
3414,2265_LeafPhotoA_2025-09-08 12_39_28.832-05_00_1.png,2.25,1.8361763289573108
3415,2265_LeafPhotoA_2025-09-08 12_39_28.832-05_00_2.png,2.25,1.8941394468212378
3416,2265_LeafPhotoA_2025-09-08 12_39_28.832-05_00_3.png,2.25,1.8623271265869707
3421,1987_LeafPhotoA_2025-09-09 16_24_58.420-05_00_0.png,2.0,2.0840776818063387
3422,1987_LeafPhotoA_2025-09-09 16_24_58.420-05_00_1.png,2.0,2.0126342355829596
3434,1403_LeafPhotoA_2025-09-08 09_23_43.647-05_00_0.png,1.75,1.9558530912336178
3435,1403_LeafPhotoA_2025-09-08 09_23_43.647-05_00_1.png,1.75,2.048101575204442
3436,1403_LeafPhotoA_2025-09-08 09_23_43.647-05_00_2.png,1.75,2.031780366442443
3449,1149_LeafPhotoA_2025-09-08 10_46_42.123-05_00_0.png,2.75,1.930689403240862
3450,1149_LeafPhotoA_2025-09-08 10_46_42.123-05_00_1.png,2.75,1.9421776957616281
3451,1149_LeafPhotoA_2025-09-08 10_46_42.123-05_00_2.png,2.75,1.8979833727222106
3452,1149_LeafPhotoA_2025-09-08 10_46_42.123-05_00_3.png,2.75,2.215157215031647
3457,2960_LeafPhotoA_2025-09-09 16_05_27.861-05_00_0.png,1.0,1.4041277180730665
3458,2960_LeafPhotoA_2025-09-09 16_05_27.861-05_00_1.png,1.0,1.5144946025712755
3459,2960_LeafPhotoA_2025-09-09 16_05_27.861-05_00_2.png,1.0,1.4959158594901538
3460,2960_LeafPhotoA_2025-09-09 16_05_27.861-05_00_3.png,1.0,1.5042578230686907
3475,2269_LeafPhotoA_2025-09-08 17_14_12.666-05_00_0.png,2.25,1.9437283130418785
3476,2269_LeafPhotoA_2025-09-08 17_14_12.666-05_00_1.png,2.25,2.070112027846004
3477,2269_LeafPhotoA_2025-09-08 17_14_12.666-05_00_2.png,2.25,2.026805528836491
3478,2269_LeafPhotoA_2025-09-08 17_14_12.666-05_00_3.png,2.25,1.8642163087989712
3495,2750_LeafPhotoA_2025-09-09 11_21_31.376-05_00_0.png,1.75,1.7786378809690038
3496,2750_LeafPhotoA_2025-09-09 11_21_31.376-05_00_1.png,1.75,1.6736504896408662
3497,2750_LeafPhotoA_2025-09-09 11_21_31.376-05_00_2.png,1.75,1.5891154562134617
3498,2750_LeafPhotoA_2025-09-09 11_21_31.376-05_00_3.png,1.75,1.663519954366778
3503,1459_LeafPhotoB_2025-09-08 12_36_19.960-05_00_0.png,3.0,2.2866353201738407
3504,1459_LeafPhotoB_2025-09-08 12_36_19.960-05_00_1.png,3.0,2.7144234144687673
3541,,2.0,1.7633806458325498
30,2872_LeafPhotoA_2025-09-09 14_46_31.841-05_00_0.png,1.0,1.6223146410084293
31,2872_LeafPhotoA_2025-09-09 14_46_31.841-05_00_1.png,1.0,1.7366998025266218
32,2872_LeafPhotoA_2025-09-09 14_46_31.841-05_00_2.png,1.0,1.712559876276401
33,2872_LeafPhotoA_2025-09-09 14_46_31.841-05_00_3.png,1.0,1.5908343494060406
50,1031_LeafPhotoA_2025-09-08 10_06_33.217-05_00_0.png,1.5,1.6830980353531622
51,1031_LeafPhotoA_2025-09-08 10_06_33.217-05_00_1.png,1.5,1.9307389500048158
52,1031_LeafPhotoA_2025-09-08 10_06_33.217-05_00_2.png,1.5,1.8357036670222628
53,1031_LeafPhotoA_2025-09-08 10_06_33.217-05_00_3.png,1.5,1.8451474007516966
89,1543_LeafPhotoA_2025-09-09 09_43_28.797-05_00_0.png,1.75,2.0486450905225086
90,1543_LeafPhotoA_2025-09-09 09_43_28.797-05_00_1.png,1.75,1.7809076849578007
91,1543_LeafPhotoA_2025-09-09 09_43_28.797-05_00_2.png,1.75,1.771754935853621
92,1543_LeafPhotoA_2025-09-09 09_43_28.797-05_00_3.png,1.75,1.8805272848210155
99,1214_LeafPhotoA_2025-09-08 09_47_10.824-05_00_0.png,1.5,1.76108477953505
100,1214_LeafPhotoA_2025-09-08 09_47_10.824-05_00_1.png,1.5,1.9472092097538114
101,1214_LeafPhotoA_2025-09-08 09_47_10.824-05_00_2.png,1.5,2.011188194344928
102,1214_LeafPhotoA_2025-09-08 09_47_10.824-05_00_3.png,1.5,1.8591432993677586
122,2843_LeafPhotoA_2025-09-09 11_07_54.202-05_00_0.png,2.25,2.0453714952917736
123,2843_LeafPhotoA_2025-09-09 11_07_54.202-05_00_1.png,2.25,2.111762123275475
124,2843_LeafPhotoA_2025-09-09 11_07_54.202-05_00_2.png,2.25,2.1294714586418344
125,2843_LeafPhotoA_2025-09-09 11_07_54.202-05_00_3.png,2.25,2.053364686536803
140,2999_LeafPhotoA_2025-09-09 16_54_48.280-05_00_0.png,1.25,1.7742415746126086
141,2999_LeafPhotoA_2025-09-09 16_54_48.280-05_00_1.png,1.25,1.8272057622818063
142,2999_LeafPhotoA_2025-09-09 16_54_48.280-05_00_2.png,1.25,1.8211025659747604
143,2999_LeafPhotoA_2025-09-09 16_54_48.280-05_00_3.png,1.25,1.7967200791375524
152,1030_LeafPhotoA_2025-09-08 10_05_12.593-05_00_0.png,2.25,2.2472585289917903
153,1030_LeafPhotoA_2025-09-08 10_05_12.593-05_00_1.png,2.25,2.1039075232580453
154,1030_LeafPhotoA_2025-09-08 10_05_12.593-05_00_2.png,2.25,2.011991233529255
155,1030_LeafPhotoA_2025-09-08 10_05_12.593-05_00_3.png,2.25,2.2050072897733513
159,1138_LeafPhotoA_2025-09-08 10_30_50.978-05_00_0.png,2.25,1.8861763289134623
160,1138_LeafPhotoA_2025-09-08 10_30_50.978-05_00_1.png,2.25,2.025394198694896
161,1138_LeafPhotoA_2025-09-08 10_30_50.978-05_00_2.png,2.25,2.202704717621416
162,1138_LeafPhotoA_2025-09-08 10_30_50.978-05_00_3.png,2.25,2.1043748522217967
175,1713_LeafPhotoA_2025-09-09 09_08_57.026-05_00_0.png,3.0,2.279940182065955
176,1713_LeafPhotoA_2025-09-09 09_08_57.026-05_00_1.png,3.0,2.5063700745204236
177,1713_LeafPhotoA_2025-09-09 09_08_57.026-05_00_2.png,3.0,2.485395770441146
178,1713_LeafPhotoA_2025-09-09 09_08_57.026-05_00_3.png,3.0,2.3832044005079007
186,1736_LeafPhotoA_2025-09-09 09_48_40.445-05_00_0.png,1.0,1.9865764351926312
187,1736_LeafPhotoA_2025-09-09 09_48_40.445-05_00_1.png,1.0,1.8858235595244113
188,1736_LeafPhotoA_2025-09-09 09_48_40.445-05_00_2.png,1.0,2.028770580608333
189,1736_LeafPhotoA_2025-09-09 09_48_40.445-05_00_3.png,1.0,1.8891040785230984
190,1086_LeafPhotoA_2025-09-09 10_59_11.313-05_00_0.png,1.75,1.926504117897209
191,1086_LeafPhotoA_2025-09-09 10_59_11.313-05_00_1.png,1.75,2.0082621505780374
192,1086_LeafPhotoA_2025-09-09 10_59_11.313-05_00_2.png,1.75,2.045944435956917
193,1086_LeafPhotoA_2025-09-09 10_59_11.313-05_00_3.png,1.75,2.074128541403986
206,2470_LeafPhotoB_2025-09-08 11_47_37.543-05_00_0.png,1.75,1.9360913782138633
207,2470_LeafPhotoB_2025-09-08 11_47_37.543-05_00_1.png,1.75,1.9468587609966277
208,2470_LeafPhotoB_2025-09-08 11_47_37.543-05_00_2.png,1.75,1.8706957508328454
209,2470_LeafPhotoB_2025-09-08 11_47_37.543-05_00_3.png,1.75,1.893276878647526
226,1660_LeafPhotoA_2025-09-09 10_09_36.852-05_00_0.png,1.5,1.946620724365791
227,1660_LeafPhotoA_2025-09-09 10_09_36.852-05_00_1.png,1.5,1.8292290292410254
228,1660_LeafPhotoA_2025-09-09 10_09_36.852-05_00_2.png,1.5,1.698697960704444
229,1660_LeafPhotoA_2025-09-09 10_09_36.852-05_00_3.png,1.5,1.6976267838556924
234,1966_LeafPhotoA_2025-09-09 17_14_11.633-05_00_0.png,1.25,1.3529555433887857
235,1966_LeafPhotoA_2025-09-09 17_14_11.633-05_00_1.png,1.25,1.6402932682964604
236,1966_LeafPhotoA_2025-09-09 17_14_11.633-05_00_2.png,1.25,1.648255413345971
237,1966_LeafPhotoA_2025-09-09 17_14_11.633-05_00_3.png,1.25,1.68152194793081
260,2775_LeafPhotoA_2025-09-09 15_39_08.142-05_00_0.png,1.0,1.7219339316585838
261,2775_LeafPhotoA_2025-09-09 15_39_08.142-05_00_1.png,1.0,1.6488361822180524
262,2775_LeafPhotoA_2025-09-09 15_39_08.142-05_00_2.png,1.0,1.5506833922369918
263,2775_LeafPhotoA_2025-09-09 15_39_08.142-05_00_3.png,1.0,1.6198650829269055
273,1196_LeafPhotoA_2025-09-08 15_46_27.438-05_00_0.png,1.75,1.874441591890509
274,1196_LeafPhotoA_2025-09-08 15_46_27.438-05_00_1.png,1.75,1.8643512095668646
275,1196_LeafPhotoA_2025-09-08 15_46_27.438-05_00_2.png,1.75,1.8104756813175924
276,1196_LeafPhotoA_2025-09-08 15_46_27.438-05_00_3.png,1.75,1.899700877904632
285,2942_LeafPhotoA_2025-09-09 16_27_44.669-05_00_0.png,2.25,1.51336292637889
286,2942_LeafPhotoA_2025-09-09 16_27_44.669-05_00_1.png,2.25,1.7176991297710147
287,2942_LeafPhotoA_2025-09-09 16_27_44.669-05_00_2.png,2.25,1.7031103358035442
288,2942_LeafPhotoA_2025-09-09 16_27_44.669-05_00_3.png,2.25,1.6568763323270874
289,2301_LeafPhotoA_2025-09-08 10_23_19.706-05_00_0.png,2.5,2.0478963854199925
290,2301_LeafPhotoA_2025-09-08 10_23_19.706-05_00_1.png,2.5,2.225041657173236
291,2301_LeafPhotoA_2025-09-08 10_23_19.706-05_00_2.png,2.5,2.1662500987860884
332,2962_LeafPhotoA_2025-09-09 16_07_33.642-05_00_0.png,2.5,1.9489576117037428
333,2962_LeafPhotoA_2025-09-09 16_07_33.642-05_00_1.png,2.5,1.8584374278578024
334,2962_LeafPhotoA_2025-09-09 16_07_33.642-05_00_2.png,2.5,1.7930885228498437
335,2962_LeafPhotoA_2025-09-09 16_07_33.642-05_00_3.png,2.5,1.9041749655215232
336,2693_LeafPhotoA_2025-09-09 10_37_58.417-05_00_0.png,1.5,2.0258773096958085
337,2693_LeafPhotoA_2025-09-09 10_37_58.417-05_00_1.png,1.5,2.166375831097579
338,2693_LeafPhotoA_2025-09-09 10_37_58.417-05_00_2.png,1.5,2.0892770688562097
339,2693_LeafPhotoA_2025-09-09 10_37_58.417-05_00_3.png,1.5,2.0908915169904896
383,2957_LeafPhotoA_2025-09-09 16_00_50.634-05_00_0.png,2.25,2.0152747223823075
384,2957_LeafPhotoA_2025-09-09 16_00_50.634-05_00_1.png,2.25,1.9078581996671207
385,2957_LeafPhotoA_2025-09-09 16_00_50.634-05_00_2.png,2.25,1.8890927476161612
386,2957_LeafPhotoA_2025-09-09 16_00_50.634-05_00_3.png,2.25,1.9754158406272386
433,1414_LeafPhotoA_2025-09-08 09_36_43.216-05_00_0.png,1.5,1.8272169370769409
434,1414_LeafPhotoA_2025-09-08 09_36_43.216-05_00_1.png,1.5,1.8640330903974474
435,1414_LeafPhotoA_2025-09-08 09_36_43.216-05_00_2.png,1.5,1.8861072581242857
448,1687_LeafPhotoA_2025-09-09 09_18_28.478-05_00_0.png,2.0,2.010568936277431
449,1687_LeafPhotoA_2025-09-09 09_18_28.478-05_00_1.png,2.0,2.178272024211169
450,1687_LeafPhotoA_2025-09-09 09_18_28.478-05_00_2.png,2.0,2.1727653872901547
463,2206_LeafPhotoA_2025-09-08 10_53_32.789-05_00_0.png,1.5,1.9009444203743742
464,2206_LeafPhotoA_2025-09-08 10_53_32.789-05_00_1.png,1.5,1.8862627208783356
465,2206_LeafPhotoA_2025-09-08 10_53_32.789-05_00_2.png,1.5,1.8811243887619666
466,2206_LeafPhotoA_2025-09-08 10_53_32.789-05_00_3.png,1.5,1.5769265676703763
487,2949_LeafPhotoA_2025-09-09 16_21_26.314-05_00_0.png,1.75,1.5517110654760613
488,2949_LeafPhotoA_2025-09-09 16_21_26.314-05_00_1.png,1.75,1.785693244746168
489,2949_LeafPhotoA_2025-09-09 16_21_26.314-05_00_2.png,1.75,1.7273046422782303
490,2949_LeafPhotoA_2025-09-09 16_21_26.314-05_00_3.png,1.75,1.788798070347123
505,2110_LeafPhotoA_2025-09-08 11_07_19.238-05_00_0.png,1.0,1.3899925477035575
506,2110_LeafPhotoA_2025-09-08 11_07_19.238-05_00_1.png,1.0,1.4970629551154901
507,2110_LeafPhotoA_2025-09-08 11_07_19.238-05_00_2.png,1.0,1.691249291475781
508,2110_LeafPhotoA_2025-09-08 11_07_19.238-05_00_3.png,1.0,1.6884930444942046
513,1805_LeafPhotoA_2025-09-09 08_57_47.562-05_00_0.png,1.25,1.7457775838354406
514,1805_LeafPhotoA_2025-09-09 08_57_47.562-05_00_1.png,1.25,1.5580220574918728
515,1805_LeafPhotoA_2025-09-09 08_57_47.562-05_00_2.png,1.25,1.5073752034751446
516,1805_LeafPhotoA_2025-09-09 08_57_47.562-05_00_3.png,1.25,1.62474535423297
540,2999_LeafPhotoA_2025-09-09 16_54_09.800-05_00_0.png,1.5,1.5225050176503354
541,2999_LeafPhotoA_2025-09-09 16_54_09.800-05_00_1.png,1.5,1.6146285419552644
542,2999_LeafPhotoA_2025-09-09 16_54_09.800-05_00_2.png,1.5,2.0253669293526104
543,2999_LeafPhotoA_2025-09-09 16_54_09.800-05_00_3.png,1.5,2.0984896126870787
544,1802_LeafPhotoA_2025-09-09 10_06_55.886-05_00_0.png,1.0,1.5011360677541985
545,1802_LeafPhotoA_2025-09-09 10_06_55.886-05_00_1.png,1.0,1.450171516406424
546,1802_LeafPhotoA_2025-09-09 10_06_55.886-05_00_2.png,1.0,1.4580796986417146
547,1802_LeafPhotoA_2025-09-09 10_06_55.886-05_00_3.png,1.0,1.4570138550998641
555,2166_LeafPhotoA_2025-09-09 11_59_53.673-05_00_0.png,2.0,2.0652139179763016
556,2166_LeafPhotoA_2025-09-09 11_59_53.673-05_00_1.png,2.0,2.0624571777945446
557,2166_LeafPhotoA_2025-09-09 11_59_53.673-05_00_2.png,2.0,1.9713068957472983
558,2166_LeafPhotoA_2025-09-09 11_59_53.673-05_00_3.png,2.0,2.2330970634327825
561,1863_LeafPhotoA_2025-09-09 13_33_41.872-05_00_0.png,2.25,1.8004030996093703
562,1863_LeafPhotoA_2025-09-09 13_33_41.872-05_00_1.png,2.25,1.6739491069180514
563,1863_LeafPhotoA_2025-09-09 13_33_41.872-05_00_2.png,2.25,1.7817802436176082
564,1863_LeafPhotoA_2025-09-09 13_33_41.872-05_00_3.png,2.25,1.919102901437946
565,2529_LeafPhotoA_2025-09-09 10_27_20.782-05_00_0.png,1.5,1.6724911794396133
566,2529_LeafPhotoA_2025-09-09 10_27_20.782-05_00_1.png,1.5,1.8203223128887787
567,2529_LeafPhotoA_2025-09-09 10_27_20.782-05_00_2.png,1.5,1.8583107327792898
568,2529_LeafPhotoA_2025-09-09 10_27_20.782-05_00_3.png,1.5,1.8270862599983149
581,2227_LeafPhotoA_2025-09-08 11_30_56.055-05_00_0.png,2.5,2.132713362023541
582,2227_LeafPhotoA_2025-09-08 11_30_56.055-05_00_1.png,2.5,2.1298180619654103
583,2227_LeafPhotoA_2025-09-08 11_30_56.055-05_00_2.png,2.5,2.1619370917001532
584,2227_LeafPhotoA_2025-09-08 11_30_56.055-05_00_3.png,2.5,2.045617482835363
601,2657_LeafPhotoA_2025-09-09 11_30_26.164-05_00_0.png,3.0,2.487154921345708
602,2657_LeafPhotoA_2025-09-09 11_30_26.164-05_00_1.png,3.0,2.6360880101902757
603,2657_LeafPhotoA_2025-09-09 11_30_26.164-05_00_2.png,3.0,2.2612319173344715
604,2657_LeafPhotoA_2025-09-09 11_30_26.164-05_00_3.png,3.0,2.2812279724847455
605,2736_LeafPhotoA_2025-09-09 11_03_17.238-05_00_0.png,2.75,2.3024630782766424
606,2736_LeafPhotoA_2025-09-09 11_03_17.238-05_00_1.png,2.75,2.2106400514188818
607,2736_LeafPhotoA_2025-09-09 11_03_17.238-05_00_2.png,2.75,2.207833163085195
608,2736_LeafPhotoA_2025-09-09 11_03_17.238-05_00_3.png,2.75,2.1944748179666917
609,2244_LeafPhotoA_2025-09-08 11_56_08.443-05_00_0.png,1.25,1.7411921266441395
610,2244_LeafPhotoA_2025-09-08 11_56_08.443-05_00_1.png,1.25,1.7338297521908206
611,2244_LeafPhotoA_2025-09-08 11_56_08.443-05_00_2.png,1.25,1.5890775096792904
612,2244_LeafPhotoA_2025-09-08 11_56_08.443-05_00_3.png,1.25,1.4875617926463516
619,1722_LeafPhotoA_2025-09-09 09_21_25.253-05_00_0.png,3.0,2.6054115235075956
620,1722_LeafPhotoA_2025-09-09 09_21_25.253-05_00_1.png,3.0,2.6449938205177186
621,1722_LeafPhotoA_2025-09-09 09_21_25.253-05_00_2.png,3.0,2.584113750334921
626,,1.25,1.901511533841546
635,2401_LeafPhotoB_2025-09-08 10_40_27.891-05_00_0.png,2.0,1.6642465224726253
636,2401_LeafPhotoB_2025-09-08 10_40_27.891-05_00_1.png,2.0,1.6977884822006335
637,2401_LeafPhotoB_2025-09-08 10_40_27.891-05_00_2.png,2.0,1.7623343198052952
638,2401_LeafPhotoB_2025-09-08 10_40_27.891-05_00_3.png,2.0,2.13580159170465
647,2594_LeafPhotoA_2025-09-09 10_28_20.057-05_00_0.png,1.5,1.4648856764115081
648,2594_LeafPhotoA_2025-09-09 10_28_20.057-05_00_1.png,1.5,1.476453703424485
649,2594_LeafPhotoA_2025-09-09 10_28_20.057-05_00_2.png,1.5,1.6678137398341546
650,2594_LeafPhotoA_2025-09-09 10_28_20.057-05_00_3.png,1.5,1.7821271394405103
655,1946_LeafPhotoA_2025-09-09 16_05_11.903-05_00_0.png,1.5,1.609968524083558
656,1946_LeafPhotoA_2025-09-09 16_05_11.903-05_00_1.png,1.5,1.5984273339283988
657,1946_LeafPhotoA_2025-09-09 16_05_11.903-05_00_2.png,1.5,1.7309787839904909
658,1946_LeafPhotoA_2025-09-09 16_05_11.903-05_00_3.png,1.5,1.6248633651242972
671,1789_LeafPhotoA_2025-09-09 09_15_57.914-05_00_0.png,1.0,1.5288936080832372
672,1789_LeafPhotoA_2025-09-09 09_15_57.914-05_00_1.png,1.0,1.5441998487587691
673,1789_LeafPhotoA_2025-09-09 09_15_57.914-05_00_2.png,1.0,1.527295835635813
674,1789_LeafPhotoA_2025-09-09 09_15_57.914-05_00_3.png,1.0,1.5144248542887284
675,1200_LeafPhotoA_2025-09-08 17_01_52.096-05_00_0.png,1.0,1.6248310386508904
676,1200_LeafPhotoA_2025-09-08 17_01_52.096-05_00_1.png,1.0,1.7029499038256766
677,1200_LeafPhotoA_2025-09-08 17_01_52.096-05_00_2.png,1.0,1.641183959233205
682,2724_LeafPhotoA_2025-09-09 10_46_27.417-05_00_0.png,1.75,2.4134623277121343
683,2724_LeafPhotoA_2025-09-09 10_46_27.417-05_00_1.png,1.75,2.2898724808115296
684,2724_LeafPhotoA_2025-09-09 10_46_27.417-05_00_2.png,1.75,2.08843291567537
685,2724_LeafPhotoA_2025-09-09 10_46_27.417-05_00_3.png,1.75,1.82441343736816
698,2115_LeafPhotoA_2025-09-08 11_16_33.968-05_00_0.png,1.75,1.7439134686084177
699,2115_LeafPhotoA_2025-09-08 11_16_33.968-05_00_1.png,1.75,1.9724324343061754
700,2115_LeafPhotoA_2025-09-08 11_16_33.968-05_00_2.png,1.75,1.9014400371694293
701,2115_LeafPhotoA_2025-09-08 11_16_33.968-05_00_3.png,1.75,2.007617755245271
727,2048_LeafPhotoA_2025-09-08 11_28_25.459-05_00_0.png,2.0,1.8958243667989227
728,2048_LeafPhotoA_2025-09-08 11_28_25.459-05_00_1.png,2.0,1.9231008823549454
729,2048_LeafPhotoA_2025-09-08 11_28_25.459-05_00_2.png,2.0,1.8481687920281202
730,2048_LeafPhotoA_2025-09-08 11_28_25.459-05_00_3.png,2.0,2.1612117577948666
741,2655_LeafPhotoA_2025-09-09 11_29_02.979-05_00_0.png,1.25,1.6885575539763804
742,2655_LeafPhotoA_2025-09-09 11_29_02.979-05_00_1.png,1.25,1.645810240395282
743,2655_LeafPhotoA_2025-09-09 11_29_02.979-05_00_2.png,1.25,1.6559152237260786
744,2655_LeafPhotoA_2025-09-09 11_29_02.979-05_00_3.png,1.25,1.5622954035236358
745,1056_LeafPhotoA_2025-09-08 12_47_34.787-05_00_0.png,1.75,2.1025053639171314
746,1056_LeafPhotoA_2025-09-08 12_47_34.787-05_00_1.png,1.75,2.0345455343446845
747,1056_LeafPhotoA_2025-09-08 12_47_34.787-05_00_2.png,1.75,2.1112179257182166
748,1056_LeafPhotoA_2025-09-08 12_47_34.787-05_00_3.png,1.75,1.9377025543649962
760,2409_LeafPhotoB_2025-09-08 10_48_08.751-05_00_0.png,2.75,2.3600317870840315
761,2409_LeafPhotoB_2025-09-08 10_48_08.751-05_00_1.png,2.75,2.2400047904344533
762,2409_LeafPhotoB_2025-09-08 10_48_08.751-05_00_2.png,2.75,2.2071242346727034
763,2409_LeafPhotoB_2025-09-08 10_48_08.751-05_00_3.png,2.75,2.265468403919352
766,2673_LeafPhotoA_2025-09-09 11_11_18.428-05_00_0.png,1.0,1.5068047620307683
767,2673_LeafPhotoA_2025-09-09 11_11_18.428-05_00_1.png,1.0,1.4838291141442266
768,2673_LeafPhotoA_2025-09-09 11_11_18.428-05_00_2.png,1.0,1.5942547031929761
777,2933_LeafPhotoA_2025-09-09 16_35_09.095-05_00_0.png,1.0,1.820849991508178
778,2933_LeafPhotoA_2025-09-09 16_35_09.095-05_00_1.png,1.0,1.7484898092855732
779,2933_LeafPhotoA_2025-09-09 16_35_09.095-05_00_2.png,1.0,1.7422607952046822
815,9351_LeafPhotoA_2025-09-09 17_07_37.530-05_00_0.png,1.0,1.6622451168972057
816,9351_LeafPhotoA_2025-09-09 17_07_37.530-05_00_1.png,1.0,1.6161580635208728
817,9351_LeafPhotoA_2025-09-09 17_07_37.530-05_00_2.png,1.0,1.657076720367838
818,9351_LeafPhotoA_2025-09-09 17_07_37.530-05_00_3.png,1.0,1.568024088839008
843,2693_LeafPhotoA_2025-09-09 10_38_35.796-05_00_0.png,1.75,2.025400215102807
844,2693_LeafPhotoA_2025-09-09 10_38_35.796-05_00_1.png,1.75,2.041895904691569
845,2693_LeafPhotoA_2025-09-09 10_38_35.796-05_00_2.png,1.75,1.9832057773345502
846,2693_LeafPhotoA_2025-09-09 10_38_35.796-05_00_3.png,1.75,1.8516485705306327
847,2499_LeafPhotoB_2025-09-08 12_23_25.734-05_00_0.png,1.75,1.874487596793615
848,2499_LeafPhotoB_2025-09-08 12_23_25.734-05_00_1.png,1.75,1.935714316614473
849,2499_LeafPhotoB_2025-09-08 12_23_25.734-05_00_2.png,1.75,2.006440270127189
850,2499_LeafPhotoB_2025-09-08 12_23_25.734-05_00_3.png,1.75,2.0919880959755184
868,2506_LeafPhotoA_2025-09-09 10_01_46.426-05_00_0.png,2.75,2.2725469396659412
869,2506_LeafPhotoA_2025-09-09 10_01_46.426-05_00_1.png,2.75,2.1623798049681366
870,2506_LeafPhotoA_2025-09-09 10_01_46.426-05_00_2.png,2.75,2.1210806591069775
871,2506_LeafPhotoA_2025-09-09 10_01_46.426-05_00_3.png,2.75,2.0476182600187056
872,2341_LeafPhotoA_2025-09-08 11_09_22.552-05_00_0.png,1.0,1.7864540929558352
873,2341_LeafPhotoA_2025-09-08 11_09_22.552-05_00_1.png,1.0,1.8082290017022025
901,2833_LeafPhotoA_2025-09-09 10_51_02.314-05_00_0.png,1.0,1.7327819238724809
902,2833_LeafPhotoA_2025-09-09 10_51_02.314-05_00_1.png,1.0,1.704008532861475
903,2833_LeafPhotoA_2025-09-09 10_51_02.314-05_00_2.png,1.0,1.7634469285874088
904,2833_LeafPhotoA_2025-09-09 10_51_02.314-05_00_3.png,1.0,1.7679418321401676
909,1472_LeafPhotoB_2025-09-08 16_38_48.113-05_00_0.png,1.5,1.8978390831304925
910,1472_LeafPhotoB_2025-09-08 16_38_48.113-05_00_1.png,1.5,1.9788219321134375
911,1472_LeafPhotoB_2025-09-08 16_38_48.113-05_00_2.png,1.5,1.7377746537088639
917,1697_LeafPhotoA_2025-09-09 08_53_49.546-05_00_0.png,1.25,1.8925101762416008
918,1697_LeafPhotoA_2025-09-09 08_53_49.546-05_00_1.png,1.25,1.9415723559922478
919,1697_LeafPhotoA_2025-09-09 08_53_49.546-05_00_2.png,1.25,1.9561457932225168
920,1697_LeafPhotoA_2025-09-09 08_53_49.546-05_00_3.png,1.25,1.9654942424634787
926,2381_LeafPhotoA_2025-09-08 11_51_21.824-05_00_0.png,1.25,1.7486708475204997
927,2381_LeafPhotoA_2025-09-08 11_51_21.824-05_00_1.png,1.25,1.503388942262587
928,2381_LeafPhotoA_2025-09-08 11_51_21.824-05_00_2.png,1.25,1.5002396605515804
929,2381_LeafPhotoA_2025-09-08 11_51_21.824-05_00_3.png,1.25,1.7916393785558833
976,1679_LeafPhotoA_2025-09-09 09_32_13.519-05_00_0.png,2.25,1.9852612632465563
977,1679_LeafPhotoA_2025-09-09 09_32_13.519-05_00_1.png,2.25,2.0419990791479745
978,1679_LeafPhotoA_2025-09-09 09_32_13.519-05_00_2.png,2.25,1.9792424990121378
979,1679_LeafPhotoA_2025-09-09 09_32_13.519-05_00_3.png,2.25,2.072392408914756
985,1512_LeafPhotoA_2025-09-09 09_08_29.596-05_00_0.png,2.5,1.9257225825573343
986,1512_LeafPhotoA_2025-09-09 09_08_29.596-05_00_1.png,2.5,1.8293914078876343
987,1512_LeafPhotoA_2025-09-09 09_08_29.596-05_00_2.png,2.5,1.818112267083048
988,1512_LeafPhotoA_2025-09-09 09_08_29.596-05_00_3.png,2.5,1.9438994243236687
1038,1001_LeafPhotoA_2025-09-08 10_30_44.491-05_00_0.png,1.75,1.8870212531062
1039,1001_LeafPhotoA_2025-09-08 10_30_44.491-05_00_1.png,1.75,1.7937419625688766
1040,1001_LeafPhotoA_2025-09-08 10_30_44.491-05_00_2.png,1.75,1.6619841657990848
1041,1001_LeafPhotoA_2025-09-08 10_30_44.491-05_00_3.png,1.75,1.684177183626486
1047,1705_LeafPhotoA_2025-09-09 08_56_59.048-05_00_0.png,2.25,2.180335224960225
1048,1705_LeafPhotoA_2025-09-09 08_56_59.048-05_00_1.png,2.25,2.291537631983742
1049,1705_LeafPhotoA_2025-09-09 08_56_59.048-05_00_2.png,2.25,2.0823271523618843
1050,1705_LeafPhotoA_2025-09-09 08_56_59.048-05_00_3.png,2.25,2.188902366646368
1062,1665_LeafPhotoA_2025-09-09 09_57_34.568-05_00_0.png,2.0,2.0716757186204755
1063,1665_LeafPhotoA_2025-09-09 09_57_34.568-05_00_1.png,2.0,2.1050672003721522
1064,1665_LeafPhotoA_2025-09-09 09_57_34.568-05_00_2.png,2.0,2.0089135492345633
1102,1053_LeafPhotoA_2025-09-08 12_43_49.634-05_00_0.png,2.5,2.016950882135868
1103,1053_LeafPhotoA_2025-09-08 12_43_49.634-05_00_1.png,2.5,2.0150238341236792
1104,1053_LeafPhotoA_2025-09-08 12_43_49.634-05_00_2.png,2.5,2.064359718945343
1105,1053_LeafPhotoA_2025-09-08 12_43_49.634-05_00_3.png,2.5,2.2328433581024534
1113,2631_LeafPhotoA_2025-09-09 11_48_53.491-05_00_0.png,2.5,1.680686544947285
1114,2631_LeafPhotoA_2025-09-09 11_48_53.491-05_00_1.png,2.5,1.9626853288109085
1115,2631_LeafPhotoA_2025-09-09 11_48_53.491-05_00_2.png,2.5,2.0638318447906285
1116,2631_LeafPhotoA_2025-09-09 11_48_53.491-05_00_3.png,2.5,2.2256584857888058
1134,1013_LeafPhotoA_2025-09-08 09_45_15.101-05_00_0.png,1.25,1.762069431321172
1135,1013_LeafPhotoA_2025-09-08 09_45_15.101-05_00_1.png,1.25,1.7154731620575274
1136,1013_LeafPhotoA_2025-09-08 09_45_15.101-05_00_2.png,1.25,1.5715024952544296
1137,1013_LeafPhotoA_2025-09-08 09_45_15.101-05_00_3.png,1.25,1.6741652300049172
1147,9260_LeafPhotoA_2025-09-08 12_05_57.503-05_00_0.png,1.0,1.573127024588616
1148,9260_LeafPhotoA_2025-09-08 12_05_57.503-05_00_1.png,1.0,1.4139624666054615
1149,9260_LeafPhotoA_2025-09-08 12_05_57.503-05_00_2.png,1.0,1.3679197368070244
1150,9260_LeafPhotoA_2025-09-08 12_05_57.503-05_00_3.png,1.0,1.4712213094496378
1185,2433_LeafPhotoB_2025-09-08 11_09_46.410-05_00_0.png,1.5,1.6926602198505258
1186,2433_LeafPhotoB_2025-09-08 11_09_46.410-05_00_1.png,1.5,1.7254042694133647
1187,2433_LeafPhotoB_2025-09-08 11_09_46.410-05_00_2.png,1.5,1.6985140823909202
1188,2433_LeafPhotoB_2025-09-08 11_09_46.410-05_00_3.png,1.5,1.6942184390758315
1197,2490_LeafPhotoB_2025-09-08 12_05_22.252-05_00_0.png,1.5,1.4986571914318625
1198,2490_LeafPhotoB_2025-09-08 12_05_22.252-05_00_1.png,1.5,1.8823869090754735
1199,2490_LeafPhotoB_2025-09-08 12_05_22.252-05_00_2.png,1.5,1.838323643694483
1200,2490_LeafPhotoB_2025-09-08 12_05_22.252-05_00_3.png,1.5,1.6601578789824722
1218,1014_LeafPhotoA_2025-09-08 09_46_05.675-05_00_0.png,3.75,2.7181041836023456
1219,1014_LeafPhotoA_2025-09-08 09_46_05.675-05_00_1.png,3.75,2.705607451669276
1220,1014_LeafPhotoA_2025-09-08 09_46_05.675-05_00_2.png,3.75,2.8748065257290305
1238,2530_LeafPhotoA_2025-09-09 10_28_43.092-05_00_0.png,3.75,2.3471822616739435
1239,2530_LeafPhotoA_2025-09-09 10_28_43.092-05_00_1.png,3.75,2.493212275995849
1240,2530_LeafPhotoA_2025-09-09 10_28_43.092-05_00_2.png,3.75,2.295808585570775
1241,2530_LeafPhotoA_2025-09-09 10_28_43.092-05_00_3.png,3.75,2.089978905232193
1242,1397_LeafPhotoA_2025-09-08 13_28_16.462-05_00_0.png,2.5,1.9475088798155744
1252,2867_LeafPhotoA_2025-09-09 14_50_34.297-05_00_0.png,1.5,1.667360323908118
1253,2867_LeafPhotoA_2025-09-09 14_50_34.297-05_00_1.png,1.5,1.7797330476541011
1254,2867_LeafPhotoA_2025-09-09 14_50_34.297-05_00_2.png,1.5,1.6768726598729506
1255,2867_LeafPhotoA_2025-09-09 14_50_34.297-05_00_3.png,1.5,1.5614772976600568
1256,,2.25,1.901511533841546
1352,1170_LeafPhotoA_2025-09-08 16_32_45.562-05_00_0.png,1.75,1.8614011132235795
1353,1170_LeafPhotoA_2025-09-08 16_32_45.562-05_00_1.png,1.75,1.8795612737222631
1354,1170_LeafPhotoA_2025-09-08 16_32_45.562-05_00_2.png,1.75,1.892228053780298
1355,1170_LeafPhotoA_2025-09-08 16_32_45.562-05_00_3.png,1.75,1.6217706504738236
1376,2222_LeafPhotoA_2025-09-08 11_22_53.252-05_00_0.png,2.25,1.9530130416037927
1377,2222_LeafPhotoA_2025-09-08 11_22_53.252-05_00_1.png,2.25,1.7920128471746117
1378,2222_LeafPhotoA_2025-09-08 11_22_53.252-05_00_2.png,2.25,1.7936859034856332
1379,2222_LeafPhotoA_2025-09-08 11_22_53.252-05_00_3.png,2.25,1.9972322309040587
1427,2876_LeafPhotoA_2025-09-09 14_43_15.675-05_00_0.png,1.75,1.6742503604281846
1428,2876_LeafPhotoA_2025-09-09 14_43_15.675-05_00_1.png,1.75,2.095592365680989
1429,2876_LeafPhotoA_2025-09-09 14_43_15.675-05_00_2.png,1.75,1.9767734952883946
1430,2876_LeafPhotoA_2025-09-09 14_43_15.675-05_00_3.png,1.75,1.5944758351884891
1443,2041_LeafPhotoA_2025-09-08 11_20_20.644-05_00_0.png,2.0,1.6647768910870682
1444,2041_LeafPhotoA_2025-09-08 11_20_20.644-05_00_1.png,2.0,1.4865706559522354
1445,2041_LeafPhotoA_2025-09-08 11_20_20.644-05_00_2.png,2.0,1.5828780483040346
1469,1584_LeafPhotoA_2025-09-09 09_39_38.950-05_00_0.png,2.25,2.147886617413804
1470,1584_LeafPhotoA_2025-09-09 09_39_38.950-05_00_1.png,2.25,2.1125374106278723
1471,1584_LeafPhotoA_2025-09-09 09_39_38.950-05_00_2.png,2.25,1.916502224419601
1472,1584_LeafPhotoA_2025-09-09 09_39_38.950-05_00_3.png,2.25,1.8706448320914273
1473,1946_LeafPhotoA_2025-09-09 16_04_53.847-05_00_0.png,3.0,2.133733553623165
1474,1946_LeafPhotoA_2025-09-09 16_04_53.847-05_00_1.png,3.0,2.1169106351021982
1475,1946_LeafPhotoA_2025-09-09 16_04_53.847-05_00_2.png,3.0,1.9428043669866422
1476,1946_LeafPhotoA_2025-09-09 16_04_53.847-05_00_3.png,3.0,1.8021422113676366
1506,1442_LeafPhotoB_2025-09-08 10_31_26.108-05_00_0.png,1.25,1.5639647134878372
1507,1442_LeafPhotoB_2025-09-08 10_31_26.108-05_00_1.png,1.25,1.6371260888914736
1508,1442_LeafPhotoB_2025-09-08 10_31_26.108-05_00_2.png,1.25,1.5149720412170105
1509,1442_LeafPhotoB_2025-09-08 10_31_26.108-05_00_3.png,1.25,1.4628498630246887
1524,1693_LeafPhotoA_2025-09-09 09_07_35.518-05_00_0.png,1.75,1.7793648777191735
1525,1693_LeafPhotoA_2025-09-09 09_07_35.518-05_00_1.png,1.75,1.6823610906422442
1526,1693_LeafPhotoA_2025-09-09 09_07_35.518-05_00_2.png,1.75,1.6602795746421914
1527,1693_LeafPhotoA_2025-09-09 09_07_35.518-05_00_3.png,1.75,1.6837780954926864
1560,1266_LeafPhotoA_2025-09-08 16_20_40.775-05_00_0.png,1.5,1.5454235829136191
1581,2104_LeafPhotoA_2025-09-08 10_58_03.934-05_00_0.png,2.0,1.5687342446854822
1582,2104_LeafPhotoA_2025-09-08 10_58_03.934-05_00_1.png,2.0,1.7749113876319749
1583,2104_LeafPhotoA_2025-09-08 10_58_03.934-05_00_2.png,2.0,1.649743917170291
1584,2104_LeafPhotoA_2025-09-08 10_58_03.934-05_00_3.png,2.0,1.666238701027788
1594,,1.5,1.901511533841546
1603,2029_LeafPhotoA_2025-09-08 11_07_23.840-05_00_0.png,3.5,3.123007809617427
1604,2029_LeafPhotoA_2025-09-08 11_07_23.840-05_00_1.png,3.5,2.864802316527355
1605,2029_LeafPhotoA_2025-09-08 11_07_23.840-05_00_2.png,3.5,2.507938720585973
1606,2029_LeafPhotoA_2025-09-08 11_07_23.840-05_00_3.png,3.5,2.2579584100933725
1623,1152_LeafPhotoA_2025-09-08 16_58_21.742-05_00_0.png,2.0,1.8788822452630518
1624,1152_LeafPhotoA_2025-09-08 16_58_21.742-05_00_1.png,2.0,1.888399446689792
1625,1152_LeafPhotoA_2025-09-08 16_58_21.742-05_00_2.png,2.0,1.9785848099269143
1626,1152_LeafPhotoA_2025-09-08 16_58_21.742-05_00_3.png,2.0,1.8913028024284808
1632,1572_LeafPhotoA_2025-09-09 09_56_18.547-05_00_0.png,1.5,1.7391332593167927
1633,1572_LeafPhotoA_2025-09-09 09_56_18.547-05_00_1.png,1.5,1.5741281071869309
1634,1572_LeafPhotoA_2025-09-09 09_56_18.547-05_00_2.png,1.5,1.7114072899136756
1635,1572_LeafPhotoA_2025-09-09 09_56_18.547-05_00_3.png,1.5,1.6958805281871268
1647,2237_LeafPhotoA_2025-09-08 11_42_52.155-05_00_0.png,1.5,1.6481571411582048
1648,2237_LeafPhotoA_2025-09-08 11_42_52.155-05_00_1.png,1.5,1.8854909333907983
1649,2237_LeafPhotoA_2025-09-08 11_42_52.155-05_00_2.png,1.5,1.6004256655403133
1650,2237_LeafPhotoA_2025-09-08 11_42_52.155-05_00_3.png,1.5,1.5495924515550088
1671,2618_LeafPhotoA_2025-09-09 12_06_25.737-05_00_0.png,2.25,1.916636633830423
1672,2618_LeafPhotoA_2025-09-09 12_06_25.737-05_00_1.png,2.25,1.6492202696540936
1699,2686_LeafPhotoA_2025-09-09 10_48_10.419-05_00_0.png,3.0,2.2278386609234144
1700,2686_LeafPhotoA_2025-09-09 10_48_10.419-05_00_1.png,3.0,2.3417890983679492
1701,2686_LeafPhotoA_2025-09-09 10_48_10.419-05_00_2.png,3.0,2.346728553892931
1718,1198_LeafPhotoA_2025-09-08 09_25_24.531-05_00_0.png,1.25,1.7057770951886673
1719,1198_LeafPhotoA_2025-09-08 09_25_24.531-05_00_1.png,1.25,1.7678200452189428
1720,1198_LeafPhotoA_2025-09-08 09_25_24.531-05_00_2.png,1.25,1.726266721353408
1721,1198_LeafPhotoA_2025-09-08 09_25_24.531-05_00_3.png,1.25,1.7132380240445242
1730,2876_LeafPhotoA_2025-09-09 14_43_31.946-05_00_0.png,1.5,1.701382289497712
1731,2876_LeafPhotoA_2025-09-09 14_43_31.946-05_00_1.png,1.5,1.6685154997185767
1732,2876_LeafPhotoA_2025-09-09 14_43_31.946-05_00_2.png,1.5,1.5434174994395577
1733,2876_LeafPhotoA_2025-09-09 14_43_31.946-05_00_3.png,1.5,1.551261691481893
1747,2064_LeafPhotoA_2025-09-08 11_57_49.749-05_00_0.png,2.0,1.6376077878841995
1748,2064_LeafPhotoA_2025-09-08 11_57_49.749-05_00_1.png,2.0,1.6692166448353574
1749,2064_LeafPhotoA_2025-09-08 11_57_49.749-05_00_2.png,2.0,1.7175348294600432
1750,2064_LeafPhotoA_2025-09-08 11_57_49.749-05_00_3.png,2.0,1.7328415165201165
1765,1267_LeafPhotoA_2025-09-08 16_19_11.885-05_00_0.png,2.25,2.132443659170924
1766,1267_LeafPhotoA_2025-09-08 16_19_11.885-05_00_1.png,2.25,1.967793464508344
1767,1267_LeafPhotoA_2025-09-08 16_19_11.885-05_00_2.png,2.25,1.9037281959419148
1768,1267_LeafPhotoA_2025-09-08 16_19_11.885-05_00_3.png,2.25,1.9360814697213682
1769,2871_LeafPhotoA_2025-09-09 14_47_23.331-05_00_0.png,2.5,2.1029338290672466
1770,2871_LeafPhotoA_2025-09-09 14_47_23.331-05_00_1.png,2.5,2.0861938079084936
1771,2871_LeafPhotoA_2025-09-09 14_47_23.331-05_00_2.png,2.5,1.8900424547144745
1772,2871_LeafPhotoA_2025-09-09 14_47_23.331-05_00_3.png,2.5,1.8847939082653666
1808,2447_LeafPhotoB_2025-09-08 11_22_51.883-05_00_0.png,2.0,1.8387447694670027
1809,2447_LeafPhotoB_2025-09-08 11_22_51.883-05_00_1.png,2.0,1.8853390574602846
1810,2447_LeafPhotoB_2025-09-08 11_22_51.883-05_00_2.png,2.0,1.8403085406523865
1811,2447_LeafPhotoB_2025-09-08 11_22_51.883-05_00_3.png,2.0,1.7635349424791185
1820,2287_LeafPhotoA_2025-09-08 16_53_06.874-05_00_0.png,3.75,2.1304970351429326
1821,2287_LeafPhotoA_2025-09-08 16_53_06.874-05_00_1.png,3.75,2.4305282635285534
1822,2287_LeafPhotoA_2025-09-08 16_53_06.874-05_00_2.png,3.75,2.630880601252892
1823,2287_LeafPhotoA_2025-09-08 16_53_06.874-05_00_3.png,3.75,2.603334177017224
1831,1713_LeafPhotoA_2025-09-09 09_08_31.161-05_00_0.png,1.75,2.0175382778914126
1832,1713_LeafPhotoA_2025-09-09 09_08_31.161-05_00_1.png,1.75,2.154440226300616
1833,1713_LeafPhotoA_2025-09-09 09_08_31.161-05_00_2.png,1.75,2.057621782253264
1834,1713_LeafPhotoA_2025-09-09 09_08_31.161-05_00_3.png,1.75,1.662089267980329
1864,2130_LeafPhotoA_2025-09-08 11_49_10.108-05_00_0.png,1.75,1.7505561375651344
1865,2130_LeafPhotoA_2025-09-08 11_49_10.108-05_00_1.png,1.75,1.7221021114785633
1866,2130_LeafPhotoA_2025-09-08 11_49_10.108-05_00_2.png,1.75,1.6773093818734301
1867,2130_LeafPhotoA_2025-09-08 11_49_10.108-05_00_3.png,1.75,1.64539297905755
1868,2852_LeafPhotoA_2025-09-09 15_03_44.065-05_00_0.png,1.5,1.9713188606271042
1869,2852_LeafPhotoA_2025-09-09 15_03_44.065-05_00_1.png,1.5,1.8960781646400846
1870,2852_LeafPhotoA_2025-09-09 15_03_44.065-05_00_2.png,1.5,1.8131310302829255
1871,2852_LeafPhotoA_2025-09-09 15_03_44.065-05_00_3.png,1.5,1.9205497901937538
1875,1047_LeafPhotoA_2025-09-08 10_26_48.305-05_00_0.png,2.0,1.8389300760120224
1876,1047_LeafPhotoA_2025-09-08 10_26_48.305-05_00_1.png,2.0,1.7283065139374154
1877,1047_LeafPhotoA_2025-09-08 10_26_48.305-05_00_2.png,2.0,1.8520069041260043
1878,1047_LeafPhotoA_2025-09-08 10_26_48.305-05_00_3.png,2.0,1.9651204429349756
1896,1687_LeafPhotoA_2025-09-09 09_18_05.463-05_00_0.png,1.75,1.800108631807936
1897,1687_LeafPhotoA_2025-09-09 09_18_05.463-05_00_1.png,1.75,1.7862131635600091
1898,2049_LeafPhotoA_2025-09-08 11_29_22.980-05_00_0.png,1.25,1.5794714211871714
1899,2049_LeafPhotoA_2025-09-08 11_29_22.980-05_00_1.png,1.25,1.6695939245581275
1900,2049_LeafPhotoA_2025-09-08 11_29_22.980-05_00_2.png,1.25,1.6651135897914136
1901,2049_LeafPhotoA_2025-09-08 11_29_22.980-05_00_3.png,1.25,1.412469119209251
1916,2049_LeafPhotoA_2025-09-08 11_29_12.336-05_00_0.png,2.25,1.4479801268133317
1917,2049_LeafPhotoA_2025-09-08 11_29_12.336-05_00_1.png,2.25,1.4842875655154102
1918,2049_LeafPhotoA_2025-09-08 11_29_12.336-05_00_2.png,2.25,1.642839139579174
1919,2049_LeafPhotoA_2025-09-08 11_29_12.336-05_00_3.png,2.25,1.598245221826104
1936,1540_LeafPhotoA_2025-09-09 09_38_25.826-05_00_0.png,2.75,2.426038252085175
1937,1540_LeafPhotoA_2025-09-09 09_38_25.826-05_00_1.png,2.75,2.300162866419928
1938,1540_LeafPhotoA_2025-09-09 09_38_25.826-05_00_2.png,2.75,2.306045206900083
1939,1540_LeafPhotoA_2025-09-09 09_38_25.826-05_00_3.png,2.75,2.2015155242719104
1947,1070_LeafPhotoA_2025-09-08 13_01_31.955-05_00_0.png,1.5,1.8074280689962767
1948,1070_LeafPhotoA_2025-09-08 13_01_31.955-05_00_1.png,1.5,1.8662300952079394
1949,1070_LeafPhotoA_2025-09-08 13_01_31.955-05_00_2.png,1.5,1.8468739794955926
1950,1070_LeafPhotoA_2025-09-08 13_01_31.955-05_00_3.png,1.5,1.6287320012289055
1951,1031_LeafPhotoA_2025-09-08 10_05_56.491-05_00_0.png,1.75,2.0879043546680944
1952,1031_LeafPhotoA_2025-09-08 10_05_56.491-05_00_1.png,1.75,2.0486804149869147
1953,1031_LeafPhotoA_2025-09-08 10_05_56.491-05_00_2.png,1.75,2.018580221607311
1954,1031_LeafPhotoA_2025-09-08 10_05_56.491-05_00_3.png,1.75,1.8818974515802085
1959,2835_LeafPhotoA_2025-09-09 10_59_12.275-05_00_0.png,2.5,2.246368407395981
1988,,2.5,1.901511533841546
2004,2915_LeafPhotoA_2025-09-09 16_35_42.182-05_00_0.png,2.0,1.7143700418912298
2009,1697_LeafPhotoA_2025-09-09 08_54_31.422-05_00_0.png,1.5,1.7999709836552908
2010,1697_LeafPhotoA_2025-09-09 08_54_31.422-05_00_1.png,1.5,1.8594432252295063
2011,1697_LeafPhotoA_2025-09-09 08_54_31.422-05_00_2.png,1.5,1.8944889916441783
2016,2999_LeafPhotoA_2025-09-09 16_55_04.325-05_00_0.png,2.0,1.7842246127124224
2017,2999_LeafPhotoA_2025-09-09 16_55_04.325-05_00_1.png,2.0,1.7921329381510305
2018,2999_LeafPhotoA_2025-09-09 16_55_04.325-05_00_2.png,2.0,1.7649318958260516
2030,2164_LeafPhotoA_2025-09-09 11_57_19.201-05_00_0.png,1.5,1.6648236194203696
2031,2164_LeafPhotoA_2025-09-09 11_57_19.201-05_00_1.png,1.5,1.6560663757037595
2032,2164_LeafPhotoA_2025-09-09 11_57_19.201-05_00_2.png,1.5,1.8422059152864119
2033,2164_LeafPhotoA_2025-09-09 11_57_19.201-05_00_3.png,1.5,1.6471259342043991
2038,2862_LeafPhotoA_2025-09-09 14_54_36.677-05_00_0.png,1.75,1.710590494594557
2039,2862_LeafPhotoA_2025-09-09 14_54_36.677-05_00_1.png,1.75,1.8240730733082706
2040,2862_LeafPhotoA_2025-09-09 14_54_36.677-05_00_2.png,1.75,1.888326765833926
2041,2862_LeafPhotoA_2025-09-09 14_54_36.677-05_00_3.png,1.75,1.7798453601531192
2050,2833_LeafPhotoA_2025-09-09 10_55_45.835-05_00_0.png,1.5,1.896736357979681
2051,2618_LeafPhotoA_2025-09-09 12_05_14.747-05_00_0.png,1.5,1.7593366381998343
2052,2618_LeafPhotoA_2025-09-09 12_05_14.747-05_00_1.png,1.5,1.7599392483591387
2053,2618_LeafPhotoA_2025-09-09 12_05_14.747-05_00_2.png,1.5,1.8797065647201128
2054,2618_LeafPhotoA_2025-09-09 12_05_14.747-05_00_3.png,1.5,1.8059914251841493
2095,1338_LeafPhotoA_2025-09-08 10_07_02.814-05_00_0.png,4.5,2.7239498803247835
2096,1338_LeafPhotoA_2025-09-08 10_07_02.814-05_00_1.png,4.5,3.0791253112391854
2097,1338_LeafPhotoA_2025-09-08 10_07_02.814-05_00_2.png,4.5,3.3035207023440374
2098,1338_LeafPhotoA_2025-09-08 10_07_02.814-05_00_3.png,4.5,2.8599306766361705
2165,1420_LeafPhotoB_2025-09-08 10_13_16.780-05_00_0.png,1.75,1.7125130678718135
2166,1420_LeafPhotoB_2025-09-08 10_13_16.780-05_00_1.png,1.75,1.9549899658555803
2167,1420_LeafPhotoB_2025-09-08 10_13_16.780-05_00_2.png,1.75,1.748933689858903
2168,1420_LeafPhotoB_2025-09-08 10_13_16.780-05_00_3.png,1.75,1.7263539340597212
2193,5014_LeafPhotoA_2025-09-09 16_20_31.482-05_00_0.png,1.75,1.7842473175868114
2194,5014_LeafPhotoA_2025-09-09 16_20_31.482-05_00_1.png,1.75,1.7705091217691824
2195,5014_LeafPhotoA_2025-09-09 16_20_31.482-05_00_2.png,1.75,1.614641716832217
2196,5014_LeafPhotoA_2025-09-09 16_20_31.482-05_00_3.png,1.75,1.7370806470146631
2197,2119_LeafPhotoA_2025-09-08 11_28_47.667-05_00_0.png,1.5,1.9089648165982336
2202,2461_LeafPhotoB_2025-09-08 11_38_43.859-05_00_0.png,2.0,1.6240743500601276
2203,2461_LeafPhotoB_2025-09-08 11_38_43.859-05_00_1.png,2.0,1.7985188409407646
2204,2461_LeafPhotoB_2025-09-08 11_38_43.859-05_00_2.png,2.0,2.105539744869854
2205,2461_LeafPhotoB_2025-09-08 11_38_43.859-05_00_3.png,2.0,2.223806663863457
2210,1693_LeafPhotoA_2025-09-09 09_06_11.383-05_00_0.png,1.25,1.6287454573576867
2211,1693_LeafPhotoA_2025-09-09 09_06_11.383-05_00_1.png,1.25,1.6676089240137237
2212,1693_LeafPhotoA_2025-09-09 09_06_11.383-05_00_2.png,1.25,1.9462622452653424
2213,1693_LeafPhotoA_2025-09-09 09_06_11.383-05_00_3.png,1.25,1.8679680217586558
2239,1345_LeafPhotoA_2025-09-08 10_13_26.383-05_00_0.png,2.5,1.924942644193612
2240,1345_LeafPhotoA_2025-09-08 10_13_26.383-05_00_1.png,2.5,1.8458336843933785
2241,1345_LeafPhotoA_2025-09-08 10_13_26.383-05_00_2.png,2.5,1.5422526217440113
2242,1345_LeafPhotoA_2025-09-08 10_13_26.383-05_00_3.png,2.5,1.5110257791027903
2255,2438_LeafPhotoB_2025-09-08 11_14_34.150-05_00_0.png,2.25,2.2379029281047447
2256,2438_LeafPhotoB_2025-09-08 11_14_34.150-05_00_1.png,2.25,2.15263545956967
2257,2438_LeafPhotoB_2025-09-08 11_14_34.150-05_00_2.png,2.25,1.9938243933139435
2258,2438_LeafPhotoB_2025-09-08 11_14_34.150-05_00_3.png,2.25,1.776603636112054
2259,1543_LeafPhotoA_2025-09-09 09_43_51.333-05_00_0.png,1.5,1.9335558574122813
2260,1543_LeafPhotoA_2025-09-09 09_43_51.333-05_00_1.png,1.5,1.8927747476515864
2261,1543_LeafPhotoA_2025-09-09 09_43_51.333-05_00_2.png,1.5,1.9964603211295344
2275,1798_LeafPhotoA_2025-09-09 08_54_43.161-05_00_0.png,2.25,1.796411495388857
2276,1798_LeafPhotoA_2025-09-09 08_54_43.161-05_00_1.png,2.25,1.9330329619175386
2277,1798_LeafPhotoA_2025-09-09 08_54_43.161-05_00_2.png,2.25,1.9013403749028757
2278,1798_LeafPhotoA_2025-09-09 08_54_43.161-05_00_3.png,2.25,1.9108176447627883
2294,1223_LeafPhotoA_2025-09-08 10_03_13.455-05_00_0.png,1.5,1.5096746947045898
2295,1223_LeafPhotoA_2025-09-08 10_03_13.455-05_00_1.png,1.5,1.6321524487223027
2296,1223_LeafPhotoA_2025-09-08 10_03_13.455-05_00_2.png,1.5,1.7296455616680078
2297,1223_LeafPhotoA_2025-09-08 10_03_13.455-05_00_3.png,1.5,1.5318078420941235
2322,1086_LeafPhotoA_2025-09-09 10_58_54.973-05_00_0.png,2.5,2.0440640798793868
2323,1086_LeafPhotoA_2025-09-09 10_58_54.973-05_00_1.png,2.5,2.051559024337663
2324,1086_LeafPhotoA_2025-09-09 10_58_54.973-05_00_2.png,2.5,2.1061981210868597
2325,1086_LeafPhotoA_2025-09-09 10_58_54.973-05_00_3.png,2.5,2.121085379328704
2348,2385_LeafPhotoA_2025-09-08 11_56_10.265-05_00_0.png,1.25,2.037443582117343
2349,2385_LeafPhotoA_2025-09-08 11_56_10.265-05_00_1.png,1.25,1.8831119988220417
2350,2385_LeafPhotoA_2025-09-08 11_56_10.265-05_00_2.png,1.25,1.7324498971315927
2351,2385_LeafPhotoA_2025-09-08 11_56_10.265-05_00_3.png,1.25,1.6286979788393288
2352,2381_LeafPhotoA_2025-09-08 11_51_50.879-05_00_0.png,2.0,2.023023396849538
2353,2381_LeafPhotoA_2025-09-08 11_51_50.879-05_00_1.png,2.0,2.0595676912920546
2354,2381_LeafPhotoA_2025-09-08 11_51_50.879-05_00_2.png,2.0,2.0035344909218753
2355,2381_LeafPhotoA_2025-09-08 11_51_50.879-05_00_3.png,2.0,1.8019542182748447
2401,9351_LeafPhotoA_2025-09-09 17_07_25.532-05_00_0.png,1.25,1.5660005287074747
2402,9351_LeafPhotoA_2025-09-09 17_07_25.532-05_00_1.png,1.25,1.549906011422071
2403,9351_LeafPhotoA_2025-09-09 17_07_25.532-05_00_2.png,1.25,1.6683237015822154
2404,9351_LeafPhotoA_2025-09-09 17_07_25.532-05_00_3.png,1.25,1.6369274047604156
2416,1915_LeafPhotoA_2025-09-09 14_54_52.435-05_00_0.png,1.75,1.9514581789362164
2417,1915_LeafPhotoA_2025-09-09 14_54_52.435-05_00_1.png,1.75,1.903583718447303
2418,1915_LeafPhotoA_2025-09-09 14_54_52.435-05_00_2.png,1.75,1.7851160763650114
2419,1915_LeafPhotoA_2025-09-09 14_54_52.435-05_00_3.png,1.75,1.9110041643584603
2424,1466_LeafPhotoB_2025-09-08 16_29_29.831-05_00_0.png,2.0,1.5911645000739427
2425,1466_LeafPhotoB_2025-09-08 16_29_29.831-05_00_1.png,2.0,1.5987236646616485
2426,1466_LeafPhotoB_2025-09-08 16_29_29.831-05_00_2.png,2.0,1.6550335251335635
2427,1466_LeafPhotoB_2025-09-08 16_29_29.831-05_00_3.png,2.0,1.671513596700999
2432,2051_LeafPhotoA_2025-09-08 11_43_12.742-05_00_0.png,3.75,2.243320010066043
2433,2051_LeafPhotoA_2025-09-08 11_43_12.742-05_00_1.png,3.75,1.9986925571669196
2434,2533_LeafPhotoA_2025-09-09 10_31_53.410-05_00_0.png,1.75,1.7803632867319013
2435,2533_LeafPhotoA_2025-09-09 10_31_53.410-05_00_1.png,1.75,1.7154700533778509
2436,2533_LeafPhotoA_2025-09-09 10_31_53.410-05_00_2.png,1.75,1.6627411834882815
2437,2533_LeafPhotoA_2025-09-09 10_31_53.410-05_00_3.png,1.75,1.572649997834982
2534,2295_LeafPhotoA_2025-09-08 16_45_42.473-05_00_0.png,2.25,1.6098298107443805
2535,2295_LeafPhotoA_2025-09-08 16_45_42.473-05_00_1.png,2.25,1.9290211102501174
2536,2295_LeafPhotoA_2025-09-08 16_45_42.473-05_00_2.png,2.25,2.1355621540518026
2537,2295_LeafPhotoA_2025-09-08 16_45_42.473-05_00_3.png,2.25,2.087804990352785
2547,1913_LeafPhotoA_2025-09-09 14_52_15.644-05_00_0.png,1.5,1.7869945363696338
2548,1913_LeafPhotoA_2025-09-09 14_52_15.644-05_00_1.png,1.5,1.5291451706761303
2549,1913_LeafPhotoA_2025-09-09 14_52_15.644-05_00_2.png,1.5,1.5873116993837775
2550,1913_LeafPhotoA_2025-09-09 14_52_15.644-05_00_3.png,1.5,1.655493162700303
2563,1407_LeafPhotoA_2025-09-08 09_28_58.311-05_00_0.png,1.0,1.480921277728262
2564,1407_LeafPhotoA_2025-09-08 09_28_58.311-05_00_1.png,1.0,1.5058760574400092
2565,1407_LeafPhotoA_2025-09-08 09_28_58.311-05_00_2.png,1.0,1.5371242921774075
2566,1407_LeafPhotoA_2025-09-08 09_28_58.311-05_00_3.png,1.0,1.50222375821418
2597,2470_LeafPhotoB_2025-09-08 11_46_55.188-05_00_0.png,2.25,1.9022225347930646
2598,2470_LeafPhotoB_2025-09-08 11_46_55.188-05_00_1.png,2.25,1.9712206567476498
2599,2470_LeafPhotoB_2025-09-08 11_46_55.188-05_00_2.png,2.25,1.8947767369083144
2600,2470_LeafPhotoB_2025-09-08 11_46_55.188-05_00_3.png,2.25,2.000516398136463
2609,2130_LeafPhotoA_2025-09-08 11_48_43.180-05_00_0.png,2.5,2.2252458920794824
2610,2130_LeafPhotoA_2025-09-08 11_48_43.180-05_00_1.png,2.5,2.2622351887770806
2611,2130_LeafPhotoA_2025-09-08 11_48_43.180-05_00_2.png,2.5,2.304652375635057
2612,2130_LeafPhotoA_2025-09-08 11_48_43.180-05_00_3.png,2.5,2.323277219680762
2617,2391_LeafPhotoA_2025-09-08 12_03_15.238-05_00_0.png,1.25,1.7717428324241409
2618,2391_LeafPhotoA_2025-09-08 12_03_15.238-05_00_1.png,1.25,1.914258097677892
2619,2391_LeafPhotoA_2025-09-08 12_03_15.238-05_00_2.png,1.25,1.8182777460470945
2620,2391_LeafPhotoA_2025-09-08 12_03_15.238-05_00_3.png,1.25,1.7219640143281791
2621,2391_LeafPhotoA_2025-09-08 12_01_42.651-05_00_0.png,1.75,1.6070815237823763
2622,2391_LeafPhotoA_2025-09-08 12_01_42.651-05_00_1.png,1.75,1.6239798647273493
2623,2391_LeafPhotoA_2025-09-08 12_01_42.651-05_00_2.png,1.75,1.6811572862874125
2624,2391_LeafPhotoA_2025-09-08 12_01_42.651-05_00_3.png,1.75,1.8141974283384876
2630,1937_LeafPhotoA_2025-09-09 15_34_34.063-05_00_0.png,1.75,1.8278425429597056
2631,1937_LeafPhotoA_2025-09-09 15_34_34.063-05_00_1.png,1.75,1.639143478923181
2632,1937_LeafPhotoA_2025-09-09 15_34_34.063-05_00_2.png,1.75,1.6258027335223535
2633,1937_LeafPhotoA_2025-09-09 15_34_34.063-05_00_3.png,1.75,1.7717808540215658
2635,1642_LeafPhotoA_2025-09-09 10_32_36.943-05_00_0.png,1.5,1.7499497475814227
2636,1642_LeafPhotoA_2025-09-09 10_32_36.943-05_00_1.png,1.5,1.7901850004606388
2637,1642_LeafPhotoA_2025-09-09 10_32_36.943-05_00_2.png,1.5,1.854358822177708
2733,2942_LeafPhotoA_2025-09-09 16_27_26.746-05_00_0.png,2.75,2.1132169269463197
2734,2942_LeafPhotoA_2025-09-09 16_27_26.746-05_00_1.png,2.75,1.8347271389565318
2735,2942_LeafPhotoA_2025-09-09 16_27_26.746-05_00_2.png,2.75,1.7547722396891319
2736,2942_LeafPhotoA_2025-09-09 16_27_26.746-05_00_3.png,2.75,1.7161899391672997
2749,2127_LeafPhotoA_2025-09-08 11_44_05.581-05_00_0.png,2.0,2.203023050453875
2750,2127_LeafPhotoA_2025-09-08 11_44_05.581-05_00_1.png,2.0,2.1678752708956828
2751,2127_LeafPhotoA_2025-09-08 11_44_05.581-05_00_2.png,2.0,1.9370692165698937
2752,2127_LeafPhotoA_2025-09-08 11_44_05.581-05_00_3.png,2.0,1.7536333107538602
2761,2594_LeafPhotoA_2025-09-09 10_28_00.830-05_00_0.png,1.25,1.712418630697075
2762,2594_LeafPhotoA_2025-09-09 10_28_00.830-05_00_1.png,1.25,1.5963533064802415
2763,2594_LeafPhotoA_2025-09-09 10_28_00.830-05_00_2.png,1.25,1.7650754428713988
2764,2594_LeafPhotoA_2025-09-09 10_28_00.830-05_00_3.png,1.25,1.892097831806423
2777,1079_LeafPhotoA_2025-09-08 13_11_39.389-05_00_0.png,1.5,1.9051773830994996
2778,1079_LeafPhotoA_2025-09-08 13_11_39.389-05_00_1.png,1.5,1.8921158922168009
2779,1079_LeafPhotoA_2025-09-08 13_11_39.389-05_00_2.png,1.5,1.713896756902369
2780,1079_LeafPhotoA_2025-09-08 13_11_39.389-05_00_3.png,1.5,1.7179463582799503
2781,1842_LeafPhotoA_2025-09-09 09_52_16.462-05_00_0.png,2.25,1.684896201976988
2782,1842_LeafPhotoA_2025-09-09 09_52_16.462-05_00_1.png,2.25,1.755052409933118
2788,2879_LeafPhotoA_2025-09-09 14_38_53.940-05_00_0.png,1.25,1.5651424542483947
2789,2879_LeafPhotoA_2025-09-09 14_38_53.940-05_00_1.png,1.25,1.662330098826326
2790,1669_LeafPhotoA_2025-09-09 09_51_13.731-05_00_0.png,1.5,1.5802640256379619
2791,1669_LeafPhotoA_2025-09-09 09_51_13.731-05_00_1.png,1.5,1.8113771731149828
2792,1669_LeafPhotoA_2025-09-09 09_51_13.731-05_00_2.png,1.5,1.6845547286999498
2793,1736_LeafPhotoA_2025-09-09 09_48_22.904-05_00_0.png,1.5,2.3023793755085373
2794,1736_LeafPhotoA_2025-09-09 09_48_22.904-05_00_1.png,1.5,2.0339161091459848
2795,1736_LeafPhotoA_2025-09-09 09_48_22.904-05_00_2.png,1.5,1.7152431617982125
2796,1736_LeafPhotoA_2025-09-09 09_48_22.904-05_00_3.png,1.5,1.5820085652615636
2797,1466_LeafPhotoB_2025-09-08 16_29_39.552-05_00_0.png,1.25,1.570425828170798
2798,1466_LeafPhotoB_2025-09-08 16_29_39.552-05_00_1.png,1.25,1.4839538795648504
2799,1466_LeafPhotoB_2025-09-08 16_29_39.552-05_00_2.png,1.25,1.4810736637158848
2800,1466_LeafPhotoB_2025-09-08 16_29_39.552-05_00_3.png,1.25,1.457155579825374
2880,2744_LeafPhotoA_2025-09-09 11_15_01.877-05_00_0.png,2.25,1.7303252374703617
2881,2744_LeafPhotoA_2025-09-09 11_15_01.877-05_00_1.png,2.25,1.7418489441415135
2882,2744_LeafPhotoA_2025-09-09 11_15_01.877-05_00_2.png,2.25,1.7340935799773838
2883,2744_LeafPhotoA_2025-09-09 11_15_01.877-05_00_3.png,2.25,1.9176856126687787
2902,2404_LeafPhotoB_2025-09-08 10_44_08.041-05_00_0.png,3.25,2.16388689283426
2903,2404_LeafPhotoB_2025-09-08 10_44_08.041-05_00_1.png,3.25,2.1531807650374812
2908,2215_LeafPhotoA_2025-09-08 11_08_31.563-05_00_0.png,2.25,2.088919431689171
2909,2215_LeafPhotoA_2025-09-08 11_08_31.563-05_00_1.png,2.25,2.1667898568221706
2910,2215_LeafPhotoA_2025-09-08 11_08_31.563-05_00_2.png,2.25,2.1243907851479436
2911,2215_LeafPhotoA_2025-09-08 11_08_31.563-05_00_3.png,2.25,2.0059728945446818
2916,2728_LeafPhotoA_2025-09-09 10_52_13.946-05_00_0.png,3.25,2.7565174779712316
2917,2728_LeafPhotoA_2025-09-09 10_52_13.946-05_00_1.png,3.25,2.7840224110899423
2918,2728_LeafPhotoA_2025-09-09 10_52_13.946-05_00_2.png,3.25,2.390410834614589
2919,2728_LeafPhotoA_2025-09-09 10_52_13.946-05_00_3.png,3.25,2.3548041831283912
2930,,1.5,1.901511533841546
2931,1001_LeafPhotoA_2025-09-08 10_31_01.387-05_00_0.png,1.25,1.8033984201750266
2932,1001_LeafPhotoA_2025-09-08 10_31_01.387-05_00_1.png,1.25,1.8244086164129718
2933,1001_LeafPhotoA_2025-09-08 10_31_01.387-05_00_2.png,1.25,1.7142413917530985
2960,1122_LeafPhotoA_2025-09-08 10_08_12.180-05_00_0.png,2.25,2.067282740192956
2961,1122_LeafPhotoA_2025-09-08 10_08_12.180-05_00_1.png,2.25,2.239396215028663
2962,1122_LeafPhotoA_2025-09-08 10_08_12.180-05_00_2.png,2.25,2.264093025309742
2963,1122_LeafPhotoA_2025-09-08 10_08_12.180-05_00_3.png,2.25,2.297745106036319
2980,2833_LeafPhotoA_2025-09-09 10_50_33.812-05_00_0.png,1.25,1.6966265897164698
2981,2833_LeafPhotoA_2025-09-09 10_50_33.812-05_00_1.png,1.25,1.7243449196250091
2982,2833_LeafPhotoA_2025-09-09 10_50_33.812-05_00_2.png,1.25,1.7266965444614437
2983,2833_LeafPhotoA_2025-09-09 10_50_33.812-05_00_3.png,1.25,1.7248001105397577
2991,1267_LeafPhotoA_2025-09-08 16_19_24.654-05_00_0.png,2.25,2.014565636909388
2992,1267_LeafPhotoA_2025-09-08 16_19_24.654-05_00_1.png,2.25,2.008205419147272
2993,1267_LeafPhotoA_2025-09-08 16_19_24.654-05_00_2.png,2.25,1.9375292583305341
2994,1267_LeafPhotoA_2025-09-08 16_19_24.654-05_00_3.png,2.25,1.954124336097054
3011,2278_LeafPhotoA_2025-09-08 17_01_54.314-05_00_0.png,3.0,2.1121746206579792
3012,2278_LeafPhotoA_2025-09-08 17_01_54.314-05_00_1.png,3.0,2.1528379320699353
3013,2278_LeafPhotoA_2025-09-08 17_01_54.314-05_00_2.png,3.0,2.3040470904153176
3014,2278_LeafPhotoA_2025-09-08 17_01_54.314-05_00_3.png,3.0,2.691971862101892
3019,2579_LeafPhotoA_2025-09-09 10_41_50.960-05_00_0.png,1.0,1.4793708707693798
3020,2579_LeafPhotoA_2025-09-09 10_41_50.960-05_00_1.png,1.0,1.484424036253564
3021,2579_LeafPhotoA_2025-09-09 10_41_50.960-05_00_2.png,1.0,1.6125705569298827
3022,2579_LeafPhotoA_2025-09-09 10_41_50.960-05_00_3.png,1.0,1.6474063295558068
3026,2206_LeafPhotoA_2025-09-08 10_54_07.474-05_00_0.png,1.5,1.5009253659746113
3027,2206_LeafPhotoA_2025-09-08 10_54_07.474-05_00_1.png,1.5,1.6073898838555387
3028,2206_LeafPhotoA_2025-09-08 10_54_07.474-05_00_2.png,1.5,1.551189056940508
3029,2206_LeafPhotoA_2025-09-08 10_54_07.474-05_00_3.png,1.5,1.4884374004478496
3060,1823_LeafPhotoA_2025-09-09 09_24_42.198-05_00_0.png,1.75,1.6584584858689932
3061,1823_LeafPhotoA_2025-09-09 09_24_42.198-05_00_1.png,1.75,1.8982635464810385
3062,1823_LeafPhotoA_2025-09-09 09_24_42.198-05_00_2.png,1.75,1.935743035985201
3069,5027_LeafPhotoA_2025-09-09 16_48_30.065-05_00_0.png,1.5,1.9291663932580143
3070,5027_LeafPhotoA_2025-09-09 16_48_30.065-05_00_1.png,1.5,1.9349111071820047
3071,5027_LeafPhotoA_2025-09-09 16_48_30.065-05_00_2.png,1.5,2.0279239864846477
3072,5027_LeafPhotoA_2025-09-09 16_48_30.065-05_00_3.png,1.5,2.0636478560998697
3077,1357_LeafPhotoA_2025-09-08 12_34_05.972-05_00_0.png,3.75,2.5860819636374983
3078,1357_LeafPhotoA_2025-09-08 12_34_05.972-05_00_1.png,3.75,2.7816018028525775
3079,1357_LeafPhotoA_2025-09-08 12_34_05.972-05_00_2.png,3.75,2.741523084643829
3080,1975_LeafPhotoA_2025-09-09 16_51_47.447-05_00_0.png,1.0,1.5875791976413105
3081,1975_LeafPhotoA_2025-09-09 16_51_47.447-05_00_1.png,1.0,1.5877297070189875
3082,1975_LeafPhotoA_2025-09-09 16_51_47.447-05_00_2.png,1.0,1.7119459963876564
3083,1975_LeafPhotoA_2025-09-09 16_51_47.447-05_00_3.png,1.0,1.5661315970142404
3097,1462_LeafPhotoB_2025-09-08 16_26_18.579-05_00_0.png,1.25,1.6084261535749549
3098,1462_LeafPhotoB_2025-09-08 16_26_18.579-05_00_1.png,1.25,1.6413803032014136
3099,1462_LeafPhotoB_2025-09-08 16_26_18.579-05_00_2.png,1.25,1.4587692977136666
3100,1462_LeafPhotoB_2025-09-08 16_26_18.579-05_00_3.png,1.25,1.4471948939039687
3101,2596_LeafPhotoA_2025-09-09 10_26_28.393-05_00_0.png,2.75,2.262912222731687
3109,1134_LeafPhotoA_2025-09-08 10_25_22.077-05_00_0.png,2.0,1.6055423306089902
3110,1134_LeafPhotoA_2025-09-08 10_25_22.077-05_00_1.png,2.0,1.7148974248217668
3111,1134_LeafPhotoA_2025-09-08 10_25_22.077-05_00_2.png,2.0,1.669934506125683
3112,1134_LeafPhotoA_2025-09-08 10_25_22.077-05_00_3.png,2.0,1.745071017218076
3125,1175_LeafPhotoA_2025-09-08 16_24_37.781-05_00_0.png,1.75,1.7282511225122483
3126,1175_LeafPhotoA_2025-09-08 16_24_37.781-05_00_1.png,1.75,1.5858955525325509
3127,1175_LeafPhotoA_2025-09-08 16_24_37.781-05_00_2.png,1.75,1.6295250771473675
3128,1175_LeafPhotoA_2025-09-08 16_24_37.781-05_00_3.png,1.75,1.8053658090418911
3133,1122_LeafPhotoA_2025-09-08 10_07_49.073-05_00_0.png,2.5,1.7743418661912271
3134,1122_LeafPhotoA_2025-09-08 10_07_49.073-05_00_1.png,2.5,1.9607439448379849
3135,1122_LeafPhotoA_2025-09-08 10_07_49.073-05_00_2.png,2.5,2.126024957595295
3136,1122_LeafPhotoA_2025-09-08 10_07_49.073-05_00_3.png,2.5,2.0444764927481627
3157,2962_LeafPhotoA_2025-09-09 16_07_02.844-05_00_0.png,2.0,2.119677134967287
3158,2962_LeafPhotoA_2025-09-09 16_07_02.844-05_00_1.png,2.0,2.055707311994851
3159,2962_LeafPhotoA_2025-09-09 16_07_02.844-05_00_2.png,2.0,2.0723579268491217
3160,2962_LeafPhotoA_2025-09-09 16_07_02.844-05_00_3.png,2.0,2.1492217958984603
3169,5029_LeafPhotoA_2025-09-09 16_52_43.123-05_00_0.png,1.25,1.608107033621836
3170,5029_LeafPhotoA_2025-09-09 16_52_43.123-05_00_1.png,1.25,1.6187177842510676
3171,5029_LeafPhotoA_2025-09-09 16_52_43.123-05_00_2.png,1.25,1.5884558545241594
3172,5029_LeafPhotoA_2025-09-09 16_52_43.123-05_00_3.png,1.25,1.5497453916876331
3231,,2.0,1.901511533841546
3269,2834_LeafPhotoA_2025-09-09 10_58_21.581-05_00_0.png,3.75,1.9858985874842103
3270,2834_LeafPhotoA_2025-09-09 10_58_21.581-05_00_1.png,3.75,2.0119108198052666
3271,2834_LeafPhotoA_2025-09-09 10_58_21.581-05_00_2.png,3.75,2.3681184657490757
3272,2834_LeafPhotoA_2025-09-09 10_58_21.581-05_00_3.png,3.75,2.7978048233586157
3293,1593_LeafPhotoA_2025-09-09 09_33_14.926-05_00_0.png,2.25,1.666584690460755
3294,1593_LeafPhotoA_2025-09-09 09_33_14.926-05_00_1.png,2.25,1.8565361551395805
3295,1593_LeafPhotoA_2025-09-09 09_33_14.926-05_00_2.png,2.25,2.094893514301601
3296,1593_LeafPhotoA_2025-09-09 09_33_14.926-05_00_3.png,2.25,2.038350514076424
3307,1113_LeafPhotoA_2025-09-08 09_54_47.376-05_00_0.png,1.5,2.051614260263157
3308,1113_LeafPhotoA_2025-09-08 09_54_47.376-05_00_1.png,1.5,2.035793725799628
3309,1113_LeafPhotoA_2025-09-08 09_54_47.376-05_00_2.png,1.5,1.969557284566281
3310,1113_LeafPhotoA_2025-09-08 09_54_47.376-05_00_3.png,1.5,2.005991844352042
3319,2404_LeafPhotoB_2025-09-08 10_43_34.946-05_00_0.png,1.5,1.8424415978614896
3320,2404_LeafPhotoB_2025-09-08 10_43_34.946-05_00_1.png,1.5,1.9409383670594975
3321,2404_LeafPhotoB_2025-09-08 10_43_34.946-05_00_2.png,1.5,1.8534710479041943
3322,2404_LeafPhotoB_2025-09-08 10_43_34.946-05_00_3.png,1.5,1.9494826766764655
3332,1407_LeafPhotoB_2025-09-08 10_01_50.917-05_00_0.png,1.25,1.3963572398784274
3333,1407_LeafPhotoB_2025-09-08 10_01_50.917-05_00_1.png,1.25,1.5442939048682076
3334,1407_LeafPhotoB_2025-09-08 10_01_50.917-05_00_2.png,1.25,1.4984957040687505
3335,1407_LeafPhotoB_2025-09-08 10_01_50.917-05_00_3.png,1.25,1.466818723011738
3336,2490_LeafPhotoB_2025-09-08 12_05_51.103-05_00_0.png,1.5,1.718250541218614
3337,2490_LeafPhotoB_2025-09-08 12_05_51.103-05_00_1.png,1.5,1.677388165394261
3338,2490_LeafPhotoB_2025-09-08 12_05_51.103-05_00_2.png,1.5,1.7003289615441324
3339,2490_LeafPhotoB_2025-09-08 12_05_51.103-05_00_3.png,1.5,1.6050706138546693
3340,2958_LeafPhotoA_2025-09-09 16_03_21.913-05_00_0.png,1.25,1.5706421739380332
3341,2958_LeafPhotoA_2025-09-09 16_03_21.913-05_00_1.png,1.25,1.5788945257349858
3342,2958_LeafPhotoA_2025-09-09 16_03_21.913-05_00_2.png,1.25,1.5592067326879637
3343,2958_LeafPhotoA_2025-09-09 16_03_21.913-05_00_3.png,1.25,1.7784329340608376
3361,1679_LeafPhotoA_2025-09-09 09_33_07.078-05_00_0.png,2.0,1.7428019308477907
3362,1679_LeafPhotoA_2025-09-09 09_33_07.078-05_00_1.png,2.0,1.7741178228734342
3363,1679_LeafPhotoA_2025-09-09 09_33_07.078-05_00_2.png,2.0,1.704344679547175
3364,1679_LeafPhotoA_2025-09-09 09_33_07.078-05_00_3.png,2.0,1.681663579046512
3376,1414_LeafPhotoB_2025-09-08 10_08_06.102-05_00_0.png,2.25,1.753840045242426
3377,1414_LeafPhotoB_2025-09-08 10_08_06.102-05_00_1.png,2.25,1.9635673059668803
3378,1414_LeafPhotoB_2025-09-08 10_08_06.102-05_00_2.png,2.25,2.050011190825143
3379,1414_LeafPhotoB_2025-09-08 10_08_06.102-05_00_3.png,2.25,1.9678031411671122
3384,2104_LeafPhotoA_2025-09-08 10_57_30.453-05_00_0.png,1.25,1.7456722304291001
3385,2292_LeafPhotoA_2025-09-08 16_48_06.499-05_00_0.png,1.75,1.748760646739167
3386,2292_LeafPhotoA_2025-09-08 16_48_06.499-05_00_1.png,1.75,1.8202355376785517
3387,2292_LeafPhotoA_2025-09-08 16_48_06.499-05_00_2.png,1.75,1.8441445217865486
3388,2292_LeafPhotoA_2025-09-08 16_48_06.499-05_00_3.png,1.75,1.7900983346324855
3397,1761_LeafPhotoA_2025-09-09 10_25_02.889-05_00_0.png,1.25,1.7444934855163183
3398,1761_LeafPhotoA_2025-09-09 10_25_02.889-05_00_1.png,1.25,1.7282631575976195
3399,1761_LeafPhotoA_2025-09-09 10_25_02.889-05_00_2.png,1.25,1.8815754030899154
3400,1761_LeafPhotoA_2025-09-09 10_25_02.889-05_00_3.png,1.25,1.8036069831154968
3423,1721_LeafPhotoA_2025-09-09 09_20_24.206-05_00_0.png,2.5,2.360799267421462
3424,1721_LeafPhotoA_2025-09-09 09_20_24.206-05_00_1.png,2.5,2.4340122456412128
3425,1721_LeafPhotoA_2025-09-09 09_20_24.206-05_00_2.png,2.5,2.4678956764912634
3430,1365_LeafPhotoA_2025-09-08 12_47_18.027-05_00_0.png,2.0,1.9500938556913787
3431,1365_LeafPhotoA_2025-09-08 12_47_18.027-05_00_1.png,2.0,2.089833400166798
3432,1365_LeafPhotoA_2025-09-08 12_47_18.027-05_00_2.png,2.0,2.0915148092469122
3433,1365_LeafPhotoA_2025-09-08 12_47_18.027-05_00_3.png,2.0,2.271599178362917
3461,1704_LeafPhotoA_2025-09-09 08_56_01.667-05_00_0.png,2.25,2.2013234199043996
3462,1704_LeafPhotoA_2025-09-09 08_56_01.667-05_00_1.png,2.25,2.054884571053302
3463,1704_LeafPhotoA_2025-09-09 08_56_01.667-05_00_2.png,2.25,1.6166559450432318
3464,1704_LeafPhotoA_2025-09-09 08_56_01.667-05_00_3.png,2.25,1.8344756150783632
3473,2970_LeafPhotoA_2025-09-09 16_17_01.331-05_00_0.png,1.25,1.9307413810568805
3474,2970_LeafPhotoA_2025-09-09 16_17_01.331-05_00_1.png,1.25,1.9114301932909703
3483,1548_LeafPhotoA_2025-09-09 09_49_29.604-05_00_0.png,3.0,2.1558176067711665
3484,1548_LeafPhotoA_2025-09-09 09_49_29.604-05_00_1.png,3.0,2.213228571351249
3485,1548_LeafPhotoA_2025-09-09 09_49_29.604-05_00_2.png,3.0,2.3088238662209255
3486,1548_LeafPhotoA_2025-09-09 09_49_29.604-05_00_3.png,3.0,2.26812164474887
3487,,1.5,1.901511533841546
3492,1472_LeafPhotoB_2025-09-08 16_38_58.831-05_00_0.png,2.75,2.177475777794758
3493,1472_LeafPhotoB_2025-09-08 16_38_58.831-05_00_1.png,2.75,2.4104732342892152
3494,1472_LeafPhotoB_2025-09-08 16_38_58.831-05_00_2.png,2.75,2.5292499623054967
