,image_name,label,predicted
0,2705_LeafPhotoA_2025-09-09 10_19_54.020-05_00_0.png,1.25,1.8753393787692354
1,2705_LeafPhotoA_2025-09-09 10_19_54.020-05_00_1.png,1.25,1.8828752034738034
2,2705_LeafPhotoA_2025-09-09 10_19_54.020-05_00_2.png,1.25,1.8871451362655778
7,2002_LeafPhotoA_2025-09-08 10_34_30.740-05_00_0.png,1.25,1.6410822391349202
8,2002_LeafPhotoA_2025-09-08 10_34_30.740-05_00_1.png,1.25,1.514298898930396
9,2002_LeafPhotoA_2025-09-08 10_34_30.740-05_00_2.png,1.25,1.619800178154052
10,2002_LeafPhotoA_2025-09-08 10_34_30.740-05_00_3.png,1.25,1.824810310404411
15,2645_LeafPhotoA_2025-09-09 11_30_33.412-05_00_0.png,1.75,1.9561908645163542
16,2645_LeafPhotoA_2025-09-09 11_30_33.412-05_00_1.png,1.75,1.9335569954225025
17,2645_LeafPhotoA_2025-09-09 11_30_33.412-05_00_2.png,1.75,2.1401617969448843
25,2863_LeafPhotoA_2025-09-09 14_53_39.925-05_00_0.png,1.5,2.0816021116114576
26,2863_LeafPhotoA_2025-09-09 14_53_39.925-05_00_1.png,1.5,2.0392432773396503
38,1268_LeafPhotoA_2025-09-08 16_18_21.694-05_00_0.png,1.25,1.9321746156535267
39,1268_LeafPhotoA_2025-09-08 16_18_21.694-05_00_1.png,1.25,1.9754571713022648
40,1268_LeafPhotoA_2025-09-08 16_18_21.694-05_00_2.png,1.25,1.6754794983675594
41,1268_LeafPhotoA_2025-09-08 16_18_21.694-05_00_3.png,1.25,1.606216522405183
62,2339_LeafPhotoA_2025-09-08 11_07_39.980-05_00_0.png,1.25,1.8126193193617834
63,2339_LeafPhotoA_2025-09-08 11_07_39.980-05_00_1.png,1.25,1.7640511331445685
64,2339_LeafPhotoA_2025-09-08 11_07_39.980-05_00_2.png,1.25,1.9213422115568257
65,2339_LeafPhotoA_2025-09-08 11_07_39.980-05_00_3.png,1.25,1.9028636641807852
77,1827_LeafPhotoA_2025-09-09 09_28_41.756-05_00_0.png,1.5,2.06793501043644
78,1827_LeafPhotoA_2025-09-09 09_28_41.756-05_00_1.png,1.5,1.6577028125893503
79,1827_LeafPhotoA_2025-09-09 09_28_41.756-05_00_2.png,1.5,1.6318485972164996
80,1827_LeafPhotoA_2025-09-09 09_28_41.756-05_00_3.png,1.5,1.685981205343289
93,2675_LeafPhotoA_2025-09-09 11_09_07.955-05_00_0.png,2.0,1.7545869833962917
94,2675_LeafPhotoA_2025-09-09 11_09_07.955-05_00_1.png,2.0,1.7926309119774917
95,2675_LeafPhotoA_2025-09-09 11_09_07.955-05_00_2.png,2.0,1.671547593291052
96,1256_LeafPhotoA_2025-09-08 16_33_20.459-05_00_0.png,2.5,2.1132203896236526
97,1256_LeafPhotoA_2025-09-08 16_33_20.459-05_00_1.png,2.5,2.2828525335522967
98,1256_LeafPhotoA_2025-09-08 16_33_20.459-05_00_2.png,2.5,2.227983243049362
118,1150_LeafPhotoA_2025-09-08 10_48_11.571-05_00_0.png,1.75,2.3765986533823824
119,1150_LeafPhotoA_2025-09-08 10_48_11.571-05_00_1.png,1.75,2.366955860881305
120,1150_LeafPhotoA_2025-09-08 10_48_11.571-05_00_2.png,1.75,2.4186244634010228
121,1150_LeafPhotoA_2025-09-08 10_48_11.571-05_00_3.png,1.75,2.2866698504400236
129,2616_LeafPhotoA_2025-09-09 12_03_18.288-05_00_0.png,2.0,2.293752048795613
130,2616_LeafPhotoA_2025-09-09 12_03_18.288-05_00_1.png,2.0,2.172001065758397
131,2616_LeafPhotoA_2025-09-09 12_03_18.288-05_00_2.png,2.0,2.037089658275056
132,2616_LeafPhotoA_2025-09-09 12_03_18.288-05_00_3.png,2.0,2.0982241877999663
148,2445_LeafPhotoB_2025-09-08 11_21_12.225-05_00_0.png,1.5,1.6578872607118555
149,2445_LeafPhotoB_2025-09-08 11_21_12.225-05_00_1.png,1.5,1.7198812100687948
150,2445_LeafPhotoB_2025-09-08 11_21_12.225-05_00_2.png,1.5,1.8198033450118651
151,2445_LeafPhotoB_2025-09-08 11_21_12.225-05_00_3.png,1.5,1.7966447736694209
171,2469_LeafPhotoB_2025-09-08 11_45_54.424-05_00_0.png,1.75,2.064664146726006
172,2469_LeafPhotoB_2025-09-08 11_45_54.424-05_00_1.png,1.75,2.040495209957525
173,2469_LeafPhotoB_2025-09-08 11_45_54.424-05_00_2.png,1.75,1.9344670505376653
174,2469_LeafPhotoB_2025-09-08 11_45_54.424-05_00_3.png,1.75,2.028409873580151
241,2637_LeafPhotoA_2025-09-09 11_40_45.027-05_00_0.png,1.25,2.0721281528915148
242,2637_LeafPhotoA_2025-09-09 11_40_45.027-05_00_1.png,1.25,1.7839955201679887
243,2637_LeafPhotoA_2025-09-09 11_40_45.027-05_00_2.png,1.25,1.6874698783382502
244,2637_LeafPhotoA_2025-09-09 11_40_45.027-05_00_3.png,1.25,1.831318594567625
245,2240_LeafPhotoA_2025-09-08 11_49_15.391-05_00_0.png,1.75,2.1028075731552063
246,2240_LeafPhotoA_2025-09-08 11_49_15.391-05_00_1.png,1.75,2.1280998865806224
247,2240_LeafPhotoA_2025-09-08 11_49_15.391-05_00_2.png,1.75,2.0233886198363185
248,2240_LeafPhotoA_2025-09-08 11_49_15.391-05_00_3.png,1.75,1.8191449157003783
253,2225_LeafPhotoA_2025-09-08 11_27_06.412-05_00_0.png,1.25,1.3232146517644292
254,2225_LeafPhotoA_2025-09-08 11_27_06.412-05_00_1.png,1.25,1.41686074172377
255,2225_LeafPhotoA_2025-09-08 11_27_06.412-05_00_2.png,1.25,1.4353413281214296
256,2225_LeafPhotoA_2025-09-08 11_27_06.412-05_00_3.png,1.25,1.435043668095804
264,2177_LeafPhotoA_2025-09-09 12_21_22.406-05_00_0.png,1.5,2.2243125903755265
265,2177_LeafPhotoA_2025-09-09 12_21_22.406-05_00_1.png,1.5,2.2582716379700334
266,2177_LeafPhotoA_2025-09-09 12_21_22.406-05_00_2.png,1.5,2.0458091290656504
267,2177_LeafPhotoA_2025-09-09 12_21_22.406-05_00_3.png,1.5,1.9835945910854582
281,1830_LeafPhotoA_2025-09-09 09_33_52.287-05_00_0.png,2.0,2.0377658884977334
282,1830_LeafPhotoA_2025-09-09 09_33_52.287-05_00_1.png,2.0,1.902638543828464
283,1830_LeafPhotoA_2025-09-09 09_33_52.287-05_00_2.png,2.0,1.9379615654249218
284,1830_LeafPhotoA_2025-09-09 09_33_52.287-05_00_3.png,2.0,1.9913670137884765
297,2671_LeafPhotoA_2025-09-09 11_45_37.038-05_00_0.png,4.5,3.43530402678301
298,2671_LeafPhotoA_2025-09-09 11_45_37.038-05_00_1.png,4.5,3.767343078639145
299,2671_LeafPhotoA_2025-09-09 11_45_37.038-05_00_2.png,4.5,3.6770825258400106
300,2671_LeafPhotoA_2025-09-09 11_45_37.038-05_00_3.png,4.5,3.4788411703038786
309,1085_LeafPhotoA_2025-09-09 10_58_08.346-05_00_0.png,2.0,2.0969489207459526
310,1085_LeafPhotoA_2025-09-09 10_58_08.346-05_00_1.png,2.0,1.8501010867827472
311,1085_LeafPhotoA_2025-09-09 10_58_08.346-05_00_2.png,2.0,1.790905953337008
312,1085_LeafPhotoA_2025-09-09 10_58_08.346-05_00_3.png,2.0,1.6572732381809154
324,1090_LeafPhotoA_2025-09-09 11_01_46.837-05_00_0.png,2.0,2.411168446431179
325,1090_LeafPhotoA_2025-09-09 11_01_46.837-05_00_1.png,2.0,2.3489603917472177
326,1090_LeafPhotoA_2025-09-09 11_01_46.837-05_00_2.png,2.0,2.3410822583996556
327,1090_LeafPhotoA_2025-09-09 11_01_46.837-05_00_3.png,2.0,2.4111390994116193
328,2539_LeafPhotoA_2025-09-09 10_38_11.553-05_00_0.png,1.5,1.6857422647925262
329,2539_LeafPhotoA_2025-09-09 10_38_11.553-05_00_1.png,1.5,1.6587871756417485
330,2539_LeafPhotoA_2025-09-09 10_38_11.553-05_00_2.png,1.5,1.5000114889679041
331,2539_LeafPhotoA_2025-09-09 10_38_11.553-05_00_3.png,1.5,1.5145979023932281
344,2439_LeafPhotoB_2025-09-08 11_15_32.151-05_00_0.png,1.0,1.4696039515878432
345,2439_LeafPhotoB_2025-09-08 11_15_32.151-05_00_1.png,1.0,1.365902675501904
346,2439_LeafPhotoB_2025-09-08 11_15_32.151-05_00_2.png,1.0,1.3746202135726
347,2439_LeafPhotoB_2025-09-08 11_15_32.151-05_00_3.png,1.0,1.295174895826513
360,1743_LeafPhotoA_2025-09-09 09_59_38.653-05_00_0.png,1.0,2.187913074870443
361,1743_LeafPhotoA_2025-09-09 09_59_38.653-05_00_1.png,1.0,2.009548575600686
362,1743_LeafPhotoA_2025-09-09 09_59_38.653-05_00_2.png,1.0,2.0684466970440893
363,1743_LeafPhotoA_2025-09-09 09_59_38.653-05_00_3.png,1.0,1.9470047380474178
368,2076_LeafPhotoA_2025-09-08 12_11_50.135-05_00_0.png,1.25,1.745952020517482
369,2076_LeafPhotoA_2025-09-08 12_11_50.135-05_00_1.png,1.25,1.8097034312973732
370,2076_LeafPhotoA_2025-09-08 12_11_50.135-05_00_2.png,1.25,1.6806584726682223
371,2076_LeafPhotoA_2025-09-08 12_11_50.135-05_00_3.png,1.25,1.575353973711888
380,2570_LeafPhotoA_2025-09-09 10_49_34.407-05_00_0.png,2.75,1.6915542267169124
381,2570_LeafPhotoA_2025-09-09 10_49_34.407-05_00_1.png,2.75,1.7520768986278528
382,2570_LeafPhotoA_2025-09-09 10_49_34.407-05_00_2.png,2.75,1.729339910142265
395,2262_LeafPhotoA_2025-09-08 12_34_41.227-05_00_0.png,1.5,1.8907521296468297
396,2262_LeafPhotoA_2025-09-08 12_34_41.227-05_00_1.png,1.5,1.7305154083384915
397,2262_LeafPhotoA_2025-09-08 12_34_41.227-05_00_2.png,1.5,1.6904326294754646
398,2262_LeafPhotoA_2025-09-08 12_34_41.227-05_00_3.png,1.5,1.7802591022923457
407,6042_LeafPhotoA_2025-09-09 16_06_35.024-05_00_0.png,1.25,1.6604649838895187
408,6042_LeafPhotoA_2025-09-09 16_06_35.024-05_00_1.png,1.25,1.627337388859206
409,6042_LeafPhotoA_2025-09-09 16_06_35.024-05_00_2.png,1.25,1.7094836888231109
410,6042_LeafPhotoA_2025-09-09 16_06_35.024-05_00_3.png,1.25,1.7206412421736628
422,1625_LeafPhotoA_2025-09-09 10_02_28.135-05_00_0.png,2.25,2.211223795752967
423,1625_LeafPhotoA_2025-09-09 10_02_28.135-05_00_1.png,2.25,2.494335698055333
424,1625_LeafPhotoA_2025-09-09 10_02_28.135-05_00_2.png,2.25,2.140278213635239
425,1625_LeafPhotoA_2025-09-09 10_02_28.135-05_00_3.png,2.25,1.9642732184463396
444,2436_LeafPhotoB_2025-09-08 11_12_35.180-05_00_0.png,1.5,2.024921796787934
445,2436_LeafPhotoB_2025-09-08 11_12_35.180-05_00_1.png,1.5,1.6973806209364561
446,2436_LeafPhotoB_2025-09-08 11_12_35.180-05_00_2.png,1.5,1.557798570980158
447,2436_LeafPhotoB_2025-09-08 11_12_35.180-05_00_3.png,1.5,1.5570818041741767
455,1203_LeafPhotoA_2025-09-08 09_19_50.867-05_00_0.png,2.25,2.0829514622522196
456,1203_LeafPhotoA_2025-09-08 09_19_50.867-05_00_1.png,2.25,2.195370960774852
457,1203_LeafPhotoA_2025-09-08 09_19_50.867-05_00_2.png,2.25,2.2872020053470563
458,1203_LeafPhotoA_2025-09-08 09_19_50.867-05_00_3.png,2.25,2.416274878134798
521,2062_LeafPhotoA_2025-09-08 11_56_16.610-05_00_0.png,1.25,1.9730635516001365
522,2062_LeafPhotoA_2025-09-08 11_56_16.610-05_00_1.png,1.25,1.952856932478051
523,2062_LeafPhotoA_2025-09-08 11_56_16.610-05_00_2.png,1.25,1.554057608552868
524,1347_LeafPhotoA_2025-09-08 10_15_29.541-05_00_0.png,1.75,1.578829957377074
525,1347_LeafPhotoA_2025-09-08 10_15_29.541-05_00_1.png,1.75,1.6154174570068411
526,1347_LeafPhotoA_2025-09-08 10_15_29.541-05_00_2.png,1.75,1.747528377903004
527,1347_LeafPhotoA_2025-09-08 10_15_29.541-05_00_3.png,1.75,2.0228379063263464
532,2639_LeafPhotoA_2025-09-09 11_37_01.257-05_00_0.png,1.25,1.5772353864034039
533,2639_LeafPhotoA_2025-09-09 11_37_01.257-05_00_1.png,1.25,1.4528503393214123
534,2639_LeafPhotoA_2025-09-09 11_37_01.257-05_00_2.png,1.25,1.428533681589469
535,2639_LeafPhotoA_2025-09-09 11_37_01.257-05_00_3.png,1.25,1.5145168124439843
536,1301_LeafPhotoA_2025-09-08 10_20_24.380-05_00_0.png,1.5,1.4970878330610078
537,1301_LeafPhotoA_2025-09-08 10_20_24.380-05_00_1.png,1.5,1.6571550423099852
538,1301_LeafPhotoA_2025-09-08 10_20_24.380-05_00_2.png,1.5,1.742825538212003
539,1301_LeafPhotoA_2025-09-08 10_20_24.380-05_00_3.png,1.5,1.6920955326855713
614,1942_LeafPhotoA_2025-09-09 15_57_21.713-05_00_0.png,2.25,2.367088881733374
615,1942_LeafPhotoA_2025-09-09 15_57_21.713-05_00_1.png,2.25,2.1125333805596584
616,1942_LeafPhotoA_2025-09-09 15_57_21.713-05_00_2.png,2.25,2.094587714268281
617,1942_LeafPhotoA_2025-09-09 15_57_21.713-05_00_3.png,2.25,2.0624776882219193
622,2311_LeafPhotoA_2025-09-08 10_40_04.548-05_00_0.png,1.5,1.6152996615863158
623,2311_LeafPhotoA_2025-09-08 10_40_04.548-05_00_1.png,1.5,1.8097773078207497
624,2311_LeafPhotoA_2025-09-08 10_40_04.548-05_00_2.png,1.5,1.7905672189920943
625,2311_LeafPhotoA_2025-09-08 10_40_04.548-05_00_3.png,1.5,1.6633248646576682
643,1142_LeafPhotoA_2025-09-08 10_37_21.587-05_00_0.png,1.0,1.8524505122500492
644,1142_LeafPhotoA_2025-09-08 10_37_21.587-05_00_1.png,1.0,1.813243474120264
645,1142_LeafPhotoA_2025-09-08 10_37_21.587-05_00_2.png,1.0,1.8321978578039078
646,1142_LeafPhotoA_2025-09-08 10_37_21.587-05_00_3.png,1.0,1.8384587859841839
651,1715_LeafPhotoA_2025-09-09 09_11_42.677-05_00_0.png,2.25,2.5138579769164964
652,1715_LeafPhotoA_2025-09-09 09_11_42.677-05_00_1.png,2.25,2.7338116041474354
653,1715_LeafPhotoA_2025-09-09 09_11_42.677-05_00_2.png,2.25,2.547496971100313
654,1715_LeafPhotoA_2025-09-09 09_11_42.677-05_00_3.png,2.25,2.4979608931713697
702,1449_LeafPhotoB_2025-09-08 10_37_44.031-05_00_0.png,2.0,2.0579093925832503
703,1449_LeafPhotoB_2025-09-08 10_37_44.031-05_00_1.png,2.0,2.0555308682223377
704,1449_LeafPhotoB_2025-09-08 10_37_44.031-05_00_2.png,2.0,1.9067140256181827
709,1269_LeafPhotoA_2025-09-08 16_17_52.960-05_00_0.png,2.25,1.777264816663653
710,1269_LeafPhotoA_2025-09-08 16_17_52.960-05_00_1.png,2.25,2.0098374409603146
711,1269_LeafPhotoA_2025-09-08 16_17_52.960-05_00_2.png,2.25,2.079766816107387
712,1269_LeafPhotoA_2025-09-08 16_17_52.960-05_00_3.png,2.25,2.2240152570194884
717,,1.5,1.637829865933
718,,2.0,1.637829865933
731,1143_LeafPhotoA_2025-09-08 10_38_21.557-05_00_0.png,4.25,3.4425047618507953
732,1143_LeafPhotoA_2025-09-08 10_38_21.557-05_00_1.png,4.25,3.620322445600816
733,2313_LeafPhotoA_2025-09-08 10_41_17.601-05_00_0.png,1.75,2.1803359713337733
734,2313_LeafPhotoA_2025-09-08 10_41_17.601-05_00_1.png,1.75,2.259086880953959
735,2313_LeafPhotoA_2025-09-08 10_41_17.601-05_00_2.png,1.75,2.25158179520965
736,2313_LeafPhotoA_2025-09-08 10_41_17.601-05_00_3.png,1.75,2.1465016057200748
749,1038_LeafPhotoA_2025-09-08 10_15_32.315-05_00_0.png,2.0,1.599365690438893
750,1038_LeafPhotoA_2025-09-08 10_15_32.315-05_00_1.png,2.0,1.550849247243985
751,1038_LeafPhotoA_2025-09-08 10_15_32.315-05_00_2.png,2.0,1.8918459211242091
752,1038_LeafPhotoA_2025-09-08 10_15_32.315-05_00_3.png,2.0,2.0989793127382397
756,1629_LeafPhotoA_2025-09-09 10_11_31.349-05_00_0.png,1.25,1.9326961249830097
757,1629_LeafPhotoA_2025-09-09 10_11_31.349-05_00_1.png,1.25,1.8487457330412551
758,1629_LeafPhotoA_2025-09-09 10_11_31.349-05_00_2.png,1.25,1.838939302716816
759,1629_LeafPhotoA_2025-09-09 10_11_31.349-05_00_3.png,1.25,1.805324698058166
769,2160_LeafPhotoA_2025-09-08 12_38_59.488-05_00_0.png,1.75,2.1532386735346027
770,2160_LeafPhotoA_2025-09-08 12_38_59.488-05_00_1.png,1.75,2.266871824855569
771,2160_LeafPhotoA_2025-09-08 12_38_59.488-05_00_2.png,1.75,2.3296344536647218
772,2160_LeafPhotoA_2025-09-08 12_38_59.488-05_00_3.png,1.75,2.3097931431689642
792,1677_LeafPhotoA_2025-09-09 09_35_17.102-05_00_0.png,1.25,1.5554066108429854
793,1677_LeafPhotoA_2025-09-09 09_35_17.102-05_00_1.png,1.25,1.666938169047905
794,1677_LeafPhotoA_2025-09-09 09_35_17.102-05_00_2.png,1.25,1.788717918577112
795,1750_LeafPhotoA_2025-09-09 10_09_28.880-05_00_0.png,2.5,2.539261730059692
796,1750_LeafPhotoA_2025-09-09 10_09_28.880-05_00_1.png,2.5,2.53303654710738
797,1750_LeafPhotoA_2025-09-09 10_09_28.880-05_00_2.png,2.5,2.3755670529550543
798,1750_LeafPhotoA_2025-09-09 10_09_28.880-05_00_3.png,2.5,2.365556307550163
803,1123_LeafPhotoA_2025-09-08 10_09_09.535-05_00_0.png,1.5,1.790870642375771
804,1123_LeafPhotoA_2025-09-08 10_09_09.535-05_00_1.png,1.5,1.6981567406984024
805,1123_LeafPhotoA_2025-09-08 10_09_09.535-05_00_2.png,1.5,1.8335566906769358
806,1123_LeafPhotoA_2025-09-08 10_09_09.535-05_00_3.png,1.5,1.8764526446890626
823,2167_LeafPhotoA_2025-09-09 12_01_16.586-05_00_0.png,2.75,2.710393850883003
824,2167_LeafPhotoA_2025-09-09 12_01_16.586-05_00_1.png,2.75,2.800822210284015
825,2167_LeafPhotoA_2025-09-09 12_01_16.586-05_00_2.png,2.75,2.6708906543528483
826,2167_LeafPhotoA_2025-09-09 12_01_16.586-05_00_3.png,2.75,2.724777870574989
855,1249_LeafPhotoA_2025-09-08 10_41_51.533-05_00_0.png,1.0,1.4768301282897005
856,1249_LeafPhotoA_2025-09-08 10_41_51.533-05_00_1.png,1.0,1.5036513501172462
857,1249_LeafPhotoA_2025-09-08 10_41_51.533-05_00_2.png,1.0,1.652873339766529
858,1249_LeafPhotoA_2025-09-08 10_41_51.533-05_00_3.png,1.0,1.6966594620442337
864,1907_LeafPhotoA_2025-09-09 14_42_36.286-05_00_0.png,1.5,1.6670811775540626
865,1907_LeafPhotoA_2025-09-09 14_42_36.286-05_00_1.png,1.5,1.8888281998896344
866,1907_LeafPhotoA_2025-09-09 14_42_36.286-05_00_2.png,1.5,1.9140557767892679
867,1907_LeafPhotoA_2025-09-09 14_42_36.286-05_00_3.png,1.5,1.694425489655899
878,5045_LeafPhotoA_2025-09-09 17_01_44.217-05_00_0.png,1.25,1.3987856096002398
879,5045_LeafPhotoA_2025-09-09 17_01_44.217-05_00_1.png,1.25,1.3545032432616717
880,5045_LeafPhotoA_2025-09-09 17_01_44.217-05_00_2.png,1.25,1.391530680984821
881,5045_LeafPhotoA_2025-09-09 17_01_44.217-05_00_3.png,1.25,1.431162085580345
882,1250_LeafPhotoA_2025-09-08 10_43_41.179-05_00_0.png,1.25,1.4693339401987335
883,1250_LeafPhotoA_2025-09-08 10_43_41.179-05_00_1.png,1.25,1.4078713965329812
884,1250_LeafPhotoA_2025-09-08 10_43_41.179-05_00_2.png,1.25,1.3218130701991728
885,1250_LeafPhotoA_2025-09-08 10_43_41.179-05_00_3.png,1.25,1.3072680934355778
898,1256_LeafPhotoA_2025-09-08 16_32_47.764-05_00_0.png,3.0,2.2593447271682576
899,1256_LeafPhotoA_2025-09-08 16_32_47.764-05_00_1.png,3.0,2.435149352193109
900,1256_LeafPhotoA_2025-09-08 16_32_47.764-05_00_2.png,3.0,2.6274578535513
905,2902_LeafPhotoA_2025-09-09 16_13_57.638-05_00_0.png,1.25,1.6397585271034867
906,2902_LeafPhotoA_2025-09-09 16_13_57.638-05_00_1.png,1.25,1.6631346129172895
915,2442_LeafPhotoB_2025-09-08 11_18_36.514-05_00_0.png,2.0,2.005977197585265
916,2442_LeafPhotoB_2025-09-08 11_18_36.514-05_00_1.png,2.0,2.287927575513745
930,1026_LeafPhotoA_2025-09-08 10_01_59.080-05_00_0.png,1.75,1.927036121551468
931,1026_LeafPhotoA_2025-09-08 10_01_59.080-05_00_1.png,1.75,2.2265915574511412
932,1026_LeafPhotoA_2025-09-08 10_01_59.080-05_00_2.png,1.75,2.224244805304078
933,1026_LeafPhotoA_2025-09-08 10_01_59.080-05_00_3.png,1.75,2.307095420258493
941,2073_LeafPhotoA_2025-09-08 12_07_54.433-05_00_0.png,1.5,2.0125518559796314
942,2073_LeafPhotoA_2025-09-08 12_07_54.433-05_00_1.png,1.5,1.8168650738921284
943,2073_LeafPhotoA_2025-09-08 12_07_54.433-05_00_2.png,1.5,1.966823481842591
944,2073_LeafPhotoA_2025-09-08 12_07_54.433-05_00_3.png,1.5,1.919821697210545
953,2760_LeafPhotoA_2025-09-09 16_19_13.921-05_00_0.png,1.25,1.6327527804435094
954,2760_LeafPhotoA_2025-09-09 16_19_13.921-05_00_1.png,1.25,1.5678062557524413
955,2760_LeafPhotoA_2025-09-09 16_19_13.921-05_00_2.png,1.25,1.5012465812964557
967,2755_LeafPhotoA_2025-09-09 16_28_33.930-05_00_0.png,1.0,1.29693859825111
968,2755_LeafPhotoA_2025-09-09 16_28_33.930-05_00_1.png,1.0,1.3913132609269154
969,2755_LeafPhotoA_2025-09-09 16_28_33.930-05_00_2.png,1.0,1.5445967445799702
970,2755_LeafPhotoA_2025-09-09 16_28_33.930-05_00_3.png,1.0,1.4802465774263271
1002,1217_LeafPhotoA_2025-09-08 09_53_36.339-05_00_0.png,1.5,1.3538699597857626
1003,1217_LeafPhotoA_2025-09-08 09_53_36.339-05_00_1.png,1.5,1.366087312372119
1004,1217_LeafPhotoA_2025-09-08 09_53_36.339-05_00_2.png,1.5,1.4868962006413005
1005,1217_LeafPhotoA_2025-09-08 09_53_36.339-05_00_3.png,1.5,1.4286736819493924
1014,2476_LeafPhotoB_2025-09-08 11_51_54.468-05_00_0.png,1.75,1.4065931885398308
1015,2476_LeafPhotoB_2025-09-08 11_51_54.468-05_00_1.png,1.75,1.6217791940198822
1016,2476_LeafPhotoB_2025-09-08 11_51_54.468-05_00_2.png,1.75,1.6040607920926468
1017,2476_LeafPhotoB_2025-09-08 11_51_54.468-05_00_3.png,1.75,1.8002627553569028
1018,1899_LeafPhotoA_2025-09-09 13_47_11.649-05_00_0.png,1.25,1.357401469199929
1019,1899_LeafPhotoA_2025-09-09 13_47_11.649-05_00_1.png,1.25,1.3446369108765206
1020,1899_LeafPhotoA_2025-09-09 13_47_11.649-05_00_2.png,1.25,1.3378404732361293
1021,1899_LeafPhotoA_2025-09-09 13_47_11.649-05_00_3.png,1.25,1.298454114476693
1022,1605_LeafPhotoA_2025-09-09 09_07_08.633-05_00_0.png,1.5,1.5909718133348532
1023,1605_LeafPhotoA_2025-09-09 09_07_08.633-05_00_1.png,1.5,1.6728038265591458
1024,1605_LeafPhotoA_2025-09-09 09_07_08.633-05_00_2.png,1.5,1.7434984003059402
1025,1605_LeafPhotoA_2025-09-09 09_07_08.633-05_00_3.png,1.5,1.7585994307201014
1030,2769_LeafPhotoA_2025-09-09 15_55_06.978-05_00_0.png,1.5,1.633119301471661
1031,2769_LeafPhotoA_2025-09-09 15_55_06.978-05_00_1.png,1.5,1.6473933775270249
1032,2769_LeafPhotoA_2025-09-09 15_55_06.978-05_00_2.png,1.5,1.7299044971183257
1033,2769_LeafPhotoA_2025-09-09 15_55_06.978-05_00_3.png,1.5,1.7822207238334835
1051,2390_LeafPhotoA_2025-09-08 12_00_53.414-05_00_0.png,1.0,1.4739379846764111
1052,2390_LeafPhotoA_2025-09-08 12_00_53.414-05_00_1.png,1.0,1.4697622606245992
1053,2390_LeafPhotoA_2025-09-08 12_00_53.414-05_00_2.png,1.0,1.4515262423415713
1058,2441_LeafPhotoB_2025-09-08 11_17_12.000-05_00_0.png,2.0,2.0705568174421596
1059,2441_LeafPhotoB_2025-09-08 11_17_12.000-05_00_1.png,2.0,2.0742636817758484
1060,2441_LeafPhotoB_2025-09-08 11_17_12.000-05_00_2.png,2.0,2.208954968759259
1061,2441_LeafPhotoB_2025-09-08 11_17_12.000-05_00_3.png,2.0,2.4749465347818647
1081,2538_LeafPhotoA_2025-09-09 10_37_31.295-05_00_0.png,2.25,2.45120084879028
1082,2538_LeafPhotoA_2025-09-09 10_37_31.295-05_00_1.png,2.25,2.4361998475595605
1083,2538_LeafPhotoA_2025-09-09 10_37_31.295-05_00_2.png,2.25,2.2726826557246937
1084,2538_LeafPhotoA_2025-09-09 10_37_31.295-05_00_3.png,2.25,2.2888223980826536
1086,1008_LeafPhotoA_2025-09-08 09_38_43.510-05_00_0.png,1.0,1.5013167401658485
1087,1008_LeafPhotoA_2025-09-08 09_38_43.510-05_00_1.png,1.0,1.497876102848819
1088,1008_LeafPhotoA_2025-09-08 09_38_43.510-05_00_2.png,1.0,1.360877069532957
1089,1008_LeafPhotoA_2025-09-08 09_38_43.510-05_00_3.png,1.0,1.3201714513221017
1106,2975_LeafPhotoA_2025-09-09 16_24_07.497-05_00_0.png,1.75,2.1865211076534727
1107,2975_LeafPhotoA_2025-09-09 16_24_07.497-05_00_1.png,1.75,2.123253337837559
1108,2975_LeafPhotoA_2025-09-09 16_24_07.497-05_00_2.png,1.75,2.149231724683072
1109,2975_LeafPhotoA_2025-09-09 16_24_07.497-05_00_3.png,1.75,2.063869949696307
1110,1038_LeafPhotoA_2025-09-08 10_16_04.977-05_00_0.png,1.5,1.8841671933882893
1111,1038_LeafPhotoA_2025-09-08 10_16_04.977-05_00_1.png,1.5,1.9533984691147879
1112,1038_LeafPhotoA_2025-09-08 10_16_04.977-05_00_2.png,1.5,1.801361821126283
1158,2089_LeafPhotoA_2025-09-08 12_26_16.331-05_00_0.png,2.0,2.122016621561865
1159,2089_LeafPhotoA_2025-09-08 12_26_16.331-05_00_1.png,2.0,1.9853455746193627
1160,2089_LeafPhotoA_2025-09-08 12_26_16.331-05_00_2.png,2.0,1.82463698590845
1161,1468_LeafPhotoB_2025-09-08 16_31_09.404-05_00_0.png,1.25,1.7370656518310224
1162,1468_LeafPhotoB_2025-09-08 16_31_09.404-05_00_1.png,1.25,1.8390203385446489
1163,1468_LeafPhotoB_2025-09-08 16_31_09.404-05_00_2.png,1.25,1.6117374505882498
1164,1468_LeafPhotoB_2025-09-08 16_31_09.404-05_00_3.png,1.25,1.7442297667730984
1177,1145_LeafPhotoA_2025-09-08 10_41_37.289-05_00_0.png,1.5,2.0490167316102146
1178,1145_LeafPhotoA_2025-09-08 10_41_37.289-05_00_1.png,1.5,1.886831589390679
1179,1145_LeafPhotoA_2025-09-08 10_41_37.289-05_00_2.png,1.5,1.7581506097625637
1180,1145_LeafPhotoA_2025-09-08 10_41_37.289-05_00_3.png,1.5,1.8367317402884353
1209,,1.0,1.637829865933
1210,6008_LeafPhotoA_2025-09-09 17_03_49.237-05_00_0.png,1.25,1.8918742971693332
1211,6008_LeafPhotoA_2025-09-09 17_03_49.237-05_00_1.png,1.25,1.9583749136234727
1212,6008_LeafPhotoA_2025-09-09 17_03_49.237-05_00_2.png,1.25,1.9127407233115068
1213,6008_LeafPhotoA_2025-09-09 17_03_49.237-05_00_3.png,1.25,1.9586145618992818
1233,2393_LeafPhotoA_2025-09-08 12_18_13.823-05_00_0.png,2.5,2.1058860884490365
1234,2393_LeafPhotoA_2025-09-08 12_18_13.823-05_00_1.png,2.5,2.0936555295315826
1235,2393_LeafPhotoA_2025-09-08 12_18_13.823-05_00_2.png,2.5,2.05350136865011
1236,2393_LeafPhotoA_2025-09-08 12_18_13.823-05_00_3.png,2.5,2.212294622519831
1237,,2.25,1.637829865933
1257,1859_LeafPhotoA_2025-09-09 13_37_34.301-05_00_0.png,3.0,1.9363906737920977
1258,1859_LeafPhotoA_2025-09-09 13_37_34.301-05_00_1.png,3.0,1.7140760439452518
1259,1859_LeafPhotoA_2025-09-09 13_37_34.301-05_00_2.png,3.0,1.6484551505963065
1260,1859_LeafPhotoA_2025-09-09 13_37_34.301-05_00_3.png,3.0,1.643718645417887
1261,1810_LeafPhotoA_2025-09-09 09_05_30.894-05_00_0.png,4.25,3.2768579976645804
1262,1810_LeafPhotoA_2025-09-09 09_05_30.894-05_00_1.png,4.25,3.480905164458705
1263,1810_LeafPhotoA_2025-09-09 09_05_30.894-05_00_2.png,4.25,3.3750046761562102
1264,1810_LeafPhotoA_2025-09-09 09_05_30.894-05_00_3.png,4.25,3.130895462912345
1277,2983_LeafPhotoA_2025-09-09 16_35_57.602-05_00_0.png,2.0,2.217420041496656
1278,2983_LeafPhotoA_2025-09-09 16_35_57.602-05_00_1.png,2.0,2.054632049315172
1279,2983_LeafPhotoA_2025-09-09 16_35_57.602-05_00_2.png,2.0,2.144420060962751
1280,2983_LeafPhotoA_2025-09-09 16_35_57.602-05_00_3.png,2.0,2.16958001979987
1308,2792_LeafPhotoA_2025-09-09 11_23_03.034-05_00_0.png,1.5,1.7115636800728833
1309,2792_LeafPhotoA_2025-09-09 11_23_03.034-05_00_1.png,1.5,1.6956986687981987
1310,2792_LeafPhotoA_2025-09-09 11_23_03.034-05_00_2.png,1.5,1.6085084694931837
1311,2792_LeafPhotoA_2025-09-09 11_23_03.034-05_00_3.png,1.5,1.6751434268815868
1312,6029_LeafPhotoA_2025-09-09 16_30_34.819-05_00_0.png,2.0,2.1790983507363277
1313,6029_LeafPhotoA_2025-09-09 16_30_34.819-05_00_1.png,2.0,1.8169743077713187
1314,6029_LeafPhotoA_2025-09-09 16_30_34.819-05_00_2.png,2.0,1.7877031365822018
1315,6029_LeafPhotoA_2025-09-09 16_30_34.819-05_00_3.png,2.0,1.8767980895456358
1356,2082_LeafPhotoA_2025-09-08 12_18_18.860-05_00_0.png,1.0,1.6369095673069416
1357,2082_LeafPhotoA_2025-09-08 12_18_18.860-05_00_1.png,1.0,1.5707187937191822
1358,2082_LeafPhotoA_2025-09-08 12_18_18.860-05_00_2.png,1.0,1.6174678517955547
1359,2082_LeafPhotoA_2025-09-08 12_18_18.860-05_00_3.png,1.0,1.593962725717588
1360,1868_LeafPhotoA_2025-09-09 13_29_01.704-05_00_0.png,1.25,1.6359140311456364
1361,1868_LeafPhotoA_2025-09-09 13_29_01.704-05_00_1.png,1.25,1.7429413170249077
1362,1868_LeafPhotoA_2025-09-09 13_29_01.704-05_00_2.png,1.25,1.726742583145969
1363,1868_LeafPhotoA_2025-09-09 13_29_01.704-05_00_3.png,1.25,1.5549714410090032
1364,1561_LeafPhotoA_2025-09-09 10_12_13.903-05_00_0.png,1.25,1.621126727993637
1365,1561_LeafPhotoA_2025-09-09 10_12_13.903-05_00_1.png,1.25,1.5979984969585137
1366,1561_LeafPhotoA_2025-09-09 10_12_13.903-05_00_2.png,1.25,1.4929916653411834
1367,2902_LeafPhotoA_2025-09-09 16_14_17.420-05_00_0.png,1.5,1.4147080646901917
1368,2902_LeafPhotoA_2025-09-09 16_14_17.420-05_00_1.png,1.5,1.5403172845373034
1369,2902_LeafPhotoA_2025-09-09 16_14_17.420-05_00_2.png,1.5,1.6449526181216882
1370,2902_LeafPhotoA_2025-09-09 16_14_17.420-05_00_3.png,1.5,1.7443164161300404
1380,2088_LeafPhotoA_2025-09-08 12_25_17.092-05_00_0.png,2.5,2.3121755402615745
1381,2088_LeafPhotoA_2025-09-08 12_25_17.092-05_00_1.png,2.5,1.872804123309395
1382,2088_LeafPhotoA_2025-09-08 12_25_17.092-05_00_2.png,2.5,1.988372498537431
1391,1978_LeafPhotoA_2025-09-09 16_46_20.867-05_00_0.png,1.0,1.3445868597615407
1392,1978_LeafPhotoA_2025-09-09 16_46_20.867-05_00_1.png,1.0,1.3759936253479805
1393,1978_LeafPhotoA_2025-09-09 16_46_20.867-05_00_2.png,1.0,1.4331342332901422
1394,1978_LeafPhotoA_2025-09-09 16_46_20.867-05_00_3.png,1.0,1.5167645091634905
1395,2520_LeafPhotoA_2025-09-09 10_17_04.786-05_00_0.png,1.0,1.7836945427481665
1396,2520_LeafPhotoA_2025-09-09 10_17_04.786-05_00_1.png,1.0,1.8293649469403173
1397,2520_LeafPhotoA_2025-09-09 10_17_04.786-05_00_2.png,1.0,1.7124837120962448
1398,2520_LeafPhotoA_2025-09-09 10_17_04.786-05_00_3.png,1.0,1.7839414155903954
1439,1203_LeafPhotoA_2025-09-08 09_17_50.777-05_00_0.png,2.0,1.8199517518461503
1440,1203_LeafPhotoA_2025-09-08 09_17_50.777-05_00_1.png,2.0,1.9039038396942325
1441,1203_LeafPhotoA_2025-09-08 09_17_50.777-05_00_2.png,2.0,1.8282205299349994
1442,1203_LeafPhotoA_2025-09-08 09_17_50.777-05_00_3.png,2.0,2.020820723672127
1455,2293_LeafPhotoA_2025-09-08 16_47_21.144-05_00_0.png,1.25,1.4394399661870647
1456,2293_LeafPhotoA_2025-09-08 16_47_21.144-05_00_1.png,1.25,1.4772339263843963
1457,2293_LeafPhotoA_2025-09-08 16_47_21.144-05_00_2.png,1.25,1.5007354120727165
1458,2293_LeafPhotoA_2025-09-08 16_47_21.144-05_00_3.png,1.25,1.6801013012400414
1485,1212_LeafPhotoA_2025-09-08 09_42_54.332-05_00_0.png,2.25,1.8377938575429034
1486,1212_LeafPhotoA_2025-09-08 09_42_54.332-05_00_1.png,2.25,1.9531083807940433
1487,1212_LeafPhotoA_2025-09-08 09_42_54.332-05_00_2.png,2.25,1.9693555130692337
1488,1212_LeafPhotoA_2025-09-08 09_42_54.332-05_00_3.png,2.25,1.9369938170865513
1493,1666_LeafPhotoA_2025-09-09 09_55_47.332-05_00_0.png,1.25,1.648483656065942
1494,1666_LeafPhotoA_2025-09-09 09_55_47.332-05_00_1.png,1.25,1.6492892013145724
1495,1666_LeafPhotoA_2025-09-09 09_55_47.332-05_00_2.png,1.25,1.726028274029677
1496,1666_LeafPhotoA_2025-09-09 09_55_47.332-05_00_3.png,1.25,1.7430363666140694
1498,2758_LeafPhotoA_2025-09-09 16_22_09.492-05_00_0.png,1.25,1.6562180166767901
1499,2758_LeafPhotoA_2025-09-09 16_22_09.492-05_00_1.png,1.25,1.6345892071679626
1500,2758_LeafPhotoA_2025-09-09 16_22_09.492-05_00_2.png,1.25,1.751220563156635
1501,2758_LeafPhotoA_2025-09-09 16_22_09.492-05_00_3.png,1.25,1.7893644028064601
1513,1652_LeafPhotoA_2025-09-09 10_20_27.938-05_00_0.png,1.25,1.3878194037201503
1514,1652_LeafPhotoA_2025-09-09 10_20_27.938-05_00_1.png,1.25,1.4806100688567438
1515,1652_LeafPhotoA_2025-09-09 10_20_27.938-05_00_2.png,1.25,1.5622316620777101
1520,2446_LeafPhotoB_2025-09-08 11_21_40.834-05_00_0.png,3.0,1.7250450713260566
1521,2446_LeafPhotoB_2025-09-08 11_21_40.834-05_00_1.png,3.0,1.8715451473674685
1522,2446_LeafPhotoB_2025-09-08 11_21_40.834-05_00_2.png,3.0,1.9184294466887724
1523,2446_LeafPhotoB_2025-09-08 11_21_40.834-05_00_3.png,3.0,2.06478751231891
1547,2177_LeafPhotoA_2025-09-09 12_21_32.834-05_00_0.png,3.0,2.6333609881368214
1548,2177_LeafPhotoA_2025-09-09 12_21_32.834-05_00_1.png,3.0,2.7775593271269083
1549,2177_LeafPhotoA_2025-09-09 12_21_32.834-05_00_2.png,3.0,2.7611381960778743
1550,2177_LeafPhotoA_2025-09-09 12_21_32.834-05_00_3.png,3.0,2.6962697615865054
1556,2515_LeafPhotoA_2025-09-09 10_13_03.695-05_00_0.png,1.25,1.6879035372320856
1557,2515_LeafPhotoA_2025-09-09 10_13_03.695-05_00_1.png,1.25,1.6703366606290482
1558,2515_LeafPhotoA_2025-09-09 10_13_03.695-05_00_2.png,1.25,1.5215477198495402
1559,2515_LeafPhotoA_2025-09-09 10_13_03.695-05_00_3.png,1.25,1.4276718267099548
1577,1051_LeafPhotoA_2025-09-08 12_42_13.116-05_00_0.png,1.25,1.4354101438059816
1578,1051_LeafPhotoA_2025-09-08 12_42_13.116-05_00_1.png,1.25,1.3669155975603327
1579,1051_LeafPhotoA_2025-09-08 12_42_13.116-05_00_2.png,1.25,1.466475323439515
1580,1051_LeafPhotoA_2025-09-08 12_42_13.116-05_00_3.png,1.25,1.5242595929102063
1590,2093_LeafPhotoA_2025-09-08 12_29_42.069-05_00_0.png,2.0,2.0793118544534335
1591,2093_LeafPhotoA_2025-09-08 12_29_42.069-05_00_1.png,2.0,1.9756738777030693
1592,2093_LeafPhotoA_2025-09-08 12_29_42.069-05_00_2.png,2.0,2.0962508738694736
1593,2093_LeafPhotoA_2025-09-08 12_29_42.069-05_00_3.png,2.0,2.060710162216147
1599,2637_LeafPhotoA_2025-09-09 11_40_07.094-05_00_0.png,1.5,1.7643635479439823
1600,2637_LeafPhotoA_2025-09-09 11_40_07.094-05_00_1.png,1.5,1.7122868586857438
1601,2637_LeafPhotoA_2025-09-09 11_40_07.094-05_00_2.png,1.5,1.501956421671616
1602,2637_LeafPhotoA_2025-09-09 11_40_07.094-05_00_3.png,1.5,1.5010803619150779
1627,,1.5,1.637829865933
1655,2346_LeafPhotoA_2025-09-08 11_14_15.994-05_00_0.png,1.25,1.7500532263439812
1656,2346_LeafPhotoA_2025-09-08 11_14_15.994-05_00_1.png,1.25,1.591542521509011
1657,2346_LeafPhotoA_2025-09-08 11_14_15.994-05_00_2.png,1.25,1.669404886441602
1658,2346_LeafPhotoA_2025-09-08 11_14_15.994-05_00_3.png,1.25,1.4719176797239029
1663,2463_LeafPhotoB_2025-09-08 11_41_05.461-05_00_0.png,2.0,2.0284984329839073
1664,2463_LeafPhotoB_2025-09-08 11_41_05.461-05_00_1.png,2.0,2.1307016961004366
1665,2463_LeafPhotoB_2025-09-08 11_41_05.461-05_00_2.png,2.0,1.896389917280324
1666,2463_LeafPhotoB_2025-09-08 11_41_05.461-05_00_3.png,2.0,1.8002510937997231
1673,1355_LeafPhotoA_2025-09-08 12_32_02.036-05_00_0.png,2.0,2.277005855643808
1708,1905_LeafPhotoA_2025-09-09 14_39_48.802-05_00_0.png,1.5,1.361596902218974
1709,1905_LeafPhotoA_2025-09-09 14_39_48.802-05_00_1.png,1.5,1.496060918963918
1736,2689_LeafPhotoA_2025-09-09 10_43_51.800-05_00_0.png,1.25,1.8352754198295147
1737,2689_LeafPhotoA_2025-09-09 10_43_51.800-05_00_1.png,1.25,1.7696599490658118
1738,2689_LeafPhotoA_2025-09-09 10_43_51.800-05_00_2.png,1.25,1.6812833456922442
1751,1065_LeafPhotoA_2025-09-08 12_57_07.532-05_00_0.png,1.25,1.4774540420973385
1752,1065_LeafPhotoA_2025-09-08 12_57_07.532-05_00_1.png,1.25,1.4666581560357332
1753,1065_LeafPhotoA_2025-09-08 12_57_07.532-05_00_2.png,1.25,1.475892666488945
1754,1065_LeafPhotoA_2025-09-08 12_57_07.532-05_00_3.png,1.25,1.4967012053161182
1796,2527_LeafPhotoA_2025-09-09 10_24_54.172-05_00_0.png,1.5,1.8523308796305609
1797,2527_LeafPhotoA_2025-09-09 10_24_54.172-05_00_1.png,1.5,1.7478118060331789
1798,2527_LeafPhotoA_2025-09-09 10_24_54.172-05_00_2.png,1.5,1.6949093414258496
1799,2527_LeafPhotoA_2025-09-09 10_24_54.172-05_00_3.png,1.5,1.682093200460315
1800,1408_LeafPhotoB_2025-09-08 10_02_06.407-05_00_0.png,1.5,1.5830454863025378
1801,1408_LeafPhotoB_2025-09-08 10_02_06.407-05_00_1.png,1.5,1.6076829566940944
1802,1408_LeafPhotoB_2025-09-08 10_02_06.407-05_00_2.png,1.5,1.5598101715804393
1803,1408_LeafPhotoB_2025-09-08 10_02_06.407-05_00_3.png,1.5,1.5805552766215973
1804,1332_LeafPhotoA_2025-09-08 10_00_19.909-05_00_0.png,2.0,1.95531071293016
1805,1332_LeafPhotoA_2025-09-08 10_00_19.909-05_00_1.png,2.0,1.8829522221105872
1806,1332_LeafPhotoA_2025-09-08 10_00_19.909-05_00_2.png,2.0,1.8512345897808102
1807,1332_LeafPhotoA_2025-09-08 10_00_19.909-05_00_3.png,2.0,2.0073403310279763
1891,2129_LeafPhotoA_2025-09-08 11_46_50.494-05_00_0.png,1.75,1.6627843474867692
1892,2129_LeafPhotoA_2025-09-08 11_46_50.494-05_00_1.png,1.75,1.875252507008008
1914,2271_LeafPhotoA_2025-09-08 17_12_04.853-05_00_0.png,2.25,2.441076726268121
1915,2271_LeafPhotoA_2025-09-08 17_12_04.853-05_00_1.png,2.25,2.242532477533324
1969,1521_LeafPhotoA_2025-09-09 09_17_54.205-05_00_0.png,2.25,2.562600538619017
1970,1521_LeafPhotoA_2025-09-09 09_17_54.205-05_00_1.png,2.25,2.571791362820508
1971,1521_LeafPhotoA_2025-09-09 09_17_54.205-05_00_2.png,2.25,2.3965287410159823
1972,1521_LeafPhotoA_2025-09-09 09_17_54.205-05_00_3.png,2.25,2.2266885395736007
1973,1216_LeafPhotoA_2025-09-08 09_51_18.258-05_00_0.png,1.5,1.8031702567580465
1974,1216_LeafPhotoA_2025-09-08 09_51_18.258-05_00_1.png,1.5,1.8445334350300988
1975,1216_LeafPhotoA_2025-09-08 09_51_18.258-05_00_2.png,1.5,1.9454397488852293
1976,1216_LeafPhotoA_2025-09-08 09_51_18.258-05_00_3.png,1.5,1.8794815383301993
2012,2469_LeafPhotoB_2025-09-08 11_46_21.698-05_00_0.png,1.5,1.5482489514242854
2013,2469_LeafPhotoB_2025-09-08 11_46_21.698-05_00_1.png,1.5,1.5297923984461226
2014,2469_LeafPhotoB_2025-09-08 11_46_21.698-05_00_2.png,1.5,1.5570348389248354
2015,2469_LeafPhotoB_2025-09-08 11_46_21.698-05_00_3.png,1.5,1.6391776540117393
2046,1317_LeafPhotoA_2025-09-08 09_35_24.203-05_00_0.png,3.0,2.0926131251346174
2047,1317_LeafPhotoA_2025-09-08 09_35_24.203-05_00_1.png,3.0,2.2409969900079725
2048,1317_LeafPhotoA_2025-09-08 09_35_24.203-05_00_2.png,3.0,2.2395742092740196
2049,1317_LeafPhotoA_2025-09-08 09_35_24.203-05_00_3.png,3.0,2.4178658117016294
2071,2792_LeafPhotoA_2025-09-09 11_21_24.578-05_00_0.png,1.25,1.5707583844724764
2072,2792_LeafPhotoA_2025-09-09 11_21_24.578-05_00_1.png,1.25,1.4988397835273952
2073,2792_LeafPhotoA_2025-09-09 11_21_24.578-05_00_2.png,1.25,1.557285091707557
2074,2792_LeafPhotoA_2025-09-09 11_21_24.578-05_00_3.png,1.25,1.7278803958863105
2118,1492_LeafPhotoB_2025-09-08 16_56_04.972-05_00_0.png,1.5,1.3436404530631263
2119,1492_LeafPhotoB_2025-09-08 16_56_04.972-05_00_1.png,1.5,1.3550572954481976
2120,1492_LeafPhotoB_2025-09-08 16_56_04.972-05_00_2.png,1.5,1.4532224623018462
2121,1492_LeafPhotoB_2025-09-08 16_56_04.972-05_00_3.png,1.5,1.5786685473404942
2122,1438_LeafPhotoB_2025-09-08 10_28_46.756-05_00_0.png,2.5,2.083952441266274
2123,1438_LeafPhotoB_2025-09-08 10_28_46.756-05_00_1.png,2.5,2.213892211282173
2124,1438_LeafPhotoB_2025-09-08 10_28_46.756-05_00_2.png,2.5,1.966638442222445
2133,2268_LeafPhotoA_2025-09-08 17_14_58.767-05_00_0.png,2.0,2.618855834421589
2145,1626_LeafPhotoA_2025-09-09 10_03_50.260-05_00_0.png,1.5,2.2009799352667234
2146,1626_LeafPhotoA_2025-09-09 10_03_50.260-05_00_1.png,1.5,1.8174239800125072
2147,1626_LeafPhotoA_2025-09-09 10_03_50.260-05_00_2.png,1.5,1.712575645739334
2148,1626_LeafPhotoA_2025-09-09 10_03_50.260-05_00_3.png,1.5,2.163644549902608
2157,1301_LeafPhotoA_2025-09-08 10_19_50.410-05_00_0.png,1.5,1.5930186808872353
2158,1301_LeafPhotoA_2025-09-08 10_19_50.410-05_00_1.png,1.5,1.707207402505957
2159,1301_LeafPhotoA_2025-09-08 10_19_50.410-05_00_2.png,1.5,1.82234093585159
2160,1301_LeafPhotoA_2025-09-08 10_19_50.410-05_00_3.png,1.5,1.8907817929082453
2161,2325_LeafPhotoA_2025-09-08 10_52_52.963-05_00_0.png,1.0,1.6615383207465377
2162,2325_LeafPhotoA_2025-09-08 10_52_52.963-05_00_1.png,1.0,1.6333626013273346
2163,2325_LeafPhotoA_2025-09-08 10_52_52.963-05_00_2.png,1.0,1.540217406283572
2164,2325_LeafPhotoA_2025-09-08 10_52_52.963-05_00_3.png,1.0,1.5137960933773502
2189,1236_LeafPhotoA_2025-09-08 10_23_03.516-05_00_0.png,1.5,1.6214598276962249
2190,1236_LeafPhotoA_2025-09-08 10_23_03.516-05_00_1.png,1.5,1.3902649596906673
2191,1236_LeafPhotoA_2025-09-08 10_23_03.516-05_00_2.png,1.5,1.3707616522651112
2192,1236_LeafPhotoA_2025-09-08 10_23_03.516-05_00_3.png,1.5,1.5737022974217376
2243,2903_LeafPhotoA_2025-09-09 16_19_58.490-05_00_0.png,3.0,2.310171076930306
2244,2903_LeafPhotoA_2025-09-09 16_19_58.490-05_00_1.png,3.0,2.4232427707069983
2245,2903_LeafPhotoA_2025-09-09 16_19_58.490-05_00_2.png,3.0,2.354724575509684
2246,2903_LeafPhotoA_2025-09-09 16_19_58.490-05_00_3.png,3.0,2.1126173784156794
2262,,1.25,1.637829865933
2267,,1.0,1.637829865933
2302,2436_LeafPhotoB_2025-09-08 11_12_52.698-05_00_0.png,1.5,1.6994442137173016
2303,2436_LeafPhotoB_2025-09-08 11_12_52.698-05_00_1.png,1.5,1.7227049837444341
2304,2436_LeafPhotoB_2025-09-08 11_12_52.698-05_00_2.png,1.5,1.6995021973465894
2305,2436_LeafPhotoB_2025-09-08 11_12_52.698-05_00_3.png,1.5,1.7820974625649553
2397,2941_LeafPhotoA_2025-09-09 16_28_44.280-05_00_0.png,1.25,1.618029406595135
2398,2941_LeafPhotoA_2025-09-09 16_28_44.280-05_00_1.png,1.25,1.601822187698192
2399,2941_LeafPhotoA_2025-09-09 16_28_44.280-05_00_2.png,1.25,1.5545184764455642
2400,2941_LeafPhotoA_2025-09-09 16_28_44.280-05_00_3.png,1.25,1.5348193871737652
2420,2002_LeafPhotoA_2025-09-08 10_34_47.962-05_00_0.png,3.25,2.5697582818435545
2421,2002_LeafPhotoA_2025-09-08 10_34_47.962-05_00_1.png,3.25,2.543283288402776
2422,2002_LeafPhotoA_2025-09-08 10_34_47.962-05_00_2.png,3.25,2.1352329726785517
2423,2002_LeafPhotoA_2025-09-08 10_34_47.962-05_00_3.png,3.25,1.657000348616437
2428,1969_LeafPhotoA_2025-09-09 17_07_30.768-05_00_0.png,1.5,1.7979587586435881
2429,1969_LeafPhotoA_2025-09-09 17_07_30.768-05_00_1.png,1.5,1.738893728225519
2430,1969_LeafPhotoA_2025-09-09 17_07_30.768-05_00_2.png,1.5,1.7817606151199064
2431,1969_LeafPhotoA_2025-09-09 17_07_30.768-05_00_3.png,1.5,1.6150656398568444
2438,2536_LeafPhotoA_2025-09-09 10_35_28.301-05_00_0.png,1.75,2.0615386919863887
2439,2536_LeafPhotoA_2025-09-09 10_35_28.301-05_00_1.png,1.75,1.7950358066694667
2440,2536_LeafPhotoA_2025-09-09 10_35_28.301-05_00_2.png,1.75,1.7344230828739216
2441,2536_LeafPhotoA_2025-09-09 10_35_28.301-05_00_3.png,1.75,1.7435172404350068
2483,1247_LeafPhotoA_2025-09-08 10_38_45.722-05_00_0.png,2.0,2.097519082306851
2484,1247_LeafPhotoA_2025-09-08 10_38_45.722-05_00_1.png,2.0,2.1211474475199124
2485,1247_LeafPhotoA_2025-09-08 10_38_45.722-05_00_2.png,2.0,2.103296457964281
2494,2370_LeafPhotoA_2025-09-08 11_38_56.854-05_00_0.png,2.25,1.8224657359297693
2495,2370_LeafPhotoA_2025-09-08 11_38_56.854-05_00_1.png,2.25,1.9965330910328485
2496,2370_LeafPhotoA_2025-09-08 11_38_56.854-05_00_2.png,2.25,2.0831240687672206
2497,2370_LeafPhotoA_2025-09-08 11_38_56.854-05_00_3.png,2.25,2.148835830359281
2516,1719_LeafPhotoA_2025-09-09 09_17_16.298-05_00_0.png,3.25,3.4977245471770595
2517,1719_LeafPhotoA_2025-09-09 09_17_16.298-05_00_1.png,3.25,3.317804195290057
2518,1719_LeafPhotoA_2025-09-09 09_17_16.298-05_00_2.png,3.25,2.964228895654196
2519,1971_LeafPhotoA_2025-09-09 17_00_57.416-05_00_0.png,2.25,1.8890934971045132
2520,1971_LeafPhotoA_2025-09-09 17_00_57.416-05_00_1.png,2.25,1.9221927389104514
2521,1971_LeafPhotoA_2025-09-09 17_00_57.416-05_00_2.png,2.25,1.8004833220064538
2522,1971_LeafPhotoA_2025-09-09 17_00_57.416-05_00_3.png,2.25,1.6140740936600912
2542,2671_LeafPhotoA_2025-09-09 11_45_10.930-05_00_0.png,3.75,2.8018429207907247
2543,2671_LeafPhotoA_2025-09-09 11_45_10.930-05_00_1.png,3.75,3.062326791381082
2544,2671_LeafPhotoA_2025-09-09 11_45_10.930-05_00_2.png,3.75,3.154164314525618
2545,2671_LeafPhotoA_2025-09-09 11_45_10.930-05_00_3.png,3.75,3.18955376980664
2551,1156_LeafPhotoA_2025-09-08 16_52_15.162-05_00_0.png,1.75,1.96303561308644
2552,1156_LeafPhotoA_2025-09-08 16_52_15.162-05_00_1.png,1.75,1.9490095444402842
2553,1156_LeafPhotoA_2025-09-08 16_52_15.162-05_00_2.png,1.75,1.7812807700125826
2554,1156_LeafPhotoA_2025-09-08 16_52_15.162-05_00_3.png,1.75,1.781684957006359
2559,1073_LeafPhotoA_2025-09-08 13_06_10.190-05_00_0.png,2.25,2.3779135416151167
2560,1073_LeafPhotoA_2025-09-08 13_06_10.190-05_00_1.png,2.25,2.4332327328633805
2561,1073_LeafPhotoA_2025-09-08 13_06_10.190-05_00_2.png,2.25,2.479671565268775
2562,1073_LeafPhotoA_2025-09-08 13_06_10.190-05_00_3.png,2.25,2.6118096935180195
2567,2672_LeafPhotoA_2025-09-09 11_46_40.643-05_00_0.png,2.0,2.263732615054632
2568,2672_LeafPhotoA_2025-09-09 11_46_40.643-05_00_1.png,2.0,2.4228088934709735
2569,2672_LeafPhotoA_2025-09-09 11_46_40.643-05_00_2.png,2.0,2.3326242464025704
2570,2672_LeafPhotoA_2025-09-09 11_46_40.643-05_00_3.png,2.0,2.185873319648029
2576,1661_LeafPhotoA_2025-09-09 10_07_18.041-05_00_0.png,2.0,2.168776042156643
2577,1661_LeafPhotoA_2025-09-09 10_07_18.041-05_00_1.png,2.0,2.2503714443907694
2578,1661_LeafPhotoA_2025-09-09 10_07_18.041-05_00_2.png,2.0,2.1032273685690357
2579,2902_LeafPhotoA_2025-09-09 16_15_16.673-05_00_0.png,1.25,1.3656232845510599
2580,2902_LeafPhotoA_2025-09-09 16_15_16.673-05_00_1.png,1.25,1.4214042654004944
2581,2902_LeafPhotoA_2025-09-09 16_15_16.673-05_00_2.png,1.25,1.353736832414501
2582,2902_LeafPhotoA_2025-09-09 16_15_16.673-05_00_3.png,1.25,1.4120810795752021
2593,2259_LeafPhotoA_2025-09-08 12_30_29.796-05_00_0.png,1.25,1.5851530468934454
2594,2259_LeafPhotoA_2025-09-08 12_30_29.796-05_00_1.png,1.25,1.5961505200394392
2595,2259_LeafPhotoA_2025-09-08 12_30_29.796-05_00_2.png,1.25,1.5760584251610659
2596,2259_LeafPhotoA_2025-09-08 12_30_29.796-05_00_3.png,1.25,1.4466661281145001
2605,1004_LeafPhotoA_2025-09-08 09_23_15.296-05_00_0.png,1.5,1.8448455770115126
2606,1004_LeafPhotoA_2025-09-08 09_23_15.296-05_00_1.png,1.5,1.7642386341191467
2607,1004_LeafPhotoA_2025-09-08 09_23_15.296-05_00_2.png,1.5,1.6831310711334047
2608,1004_LeafPhotoA_2025-09-08 09_23_15.296-05_00_3.png,1.5,1.66050385932786
2638,2196_LeafPhotoA_2025-09-08 17_09_05.011-05_00_0.png,2.25,2.340467093616523
2639,2196_LeafPhotoA_2025-09-08 17_09_05.011-05_00_1.png,2.25,2.29470985642217
2640,2196_LeafPhotoA_2025-09-08 17_09_05.011-05_00_2.png,2.25,2.1640469607603627
2641,2196_LeafPhotoA_2025-09-08 17_09_05.011-05_00_3.png,2.25,1.9300105499639881
2642,1573_LeafPhotoA_2025-09-09 09_54_35.196-05_00_0.png,2.5,2.257500092132722
2643,1573_LeafPhotoA_2025-09-09 09_54_35.196-05_00_1.png,2.5,2.7759290130435756
2644,1573_LeafPhotoA_2025-09-09 09_54_35.196-05_00_2.png,2.5,2.753810543396182
2645,1573_LeafPhotoA_2025-09-09 09_54_35.196-05_00_3.png,2.5,2.1708189370050106
2650,2860_LeafPhotoA_2025-09-09 14_56_33.247-05_00_0.png,1.25,1.4676768421972448
2651,2860_LeafPhotoA_2025-09-09 14_56_33.247-05_00_1.png,1.25,1.704171308370261
2652,2860_LeafPhotoA_2025-09-09 14_56_33.247-05_00_2.png,1.25,1.6289946004502889
2653,2860_LeafPhotoA_2025-09-09 14_56_33.247-05_00_3.png,1.25,1.6392389700418803
2654,1530_LeafPhotoA_2025-09-09 09_28_13.536-05_00_0.png,2.25,2.369816021223736
2655,1530_LeafPhotoA_2025-09-09 09_28_13.536-05_00_1.png,2.25,1.8873359861739671
2656,1530_LeafPhotoA_2025-09-09 09_28_13.536-05_00_2.png,2.25,1.868801108833762
2657,1530_LeafPhotoA_2025-09-09 09_28_13.536-05_00_3.png,2.25,1.8989210509871415
2658,2690_LeafPhotoA_2025-09-09 10_42_26.059-05_00_0.png,1.5,1.7119415537297487
2659,2690_LeafPhotoA_2025-09-09 10_42_26.059-05_00_1.png,1.5,1.74274962385772
2660,2690_LeafPhotoA_2025-09-09 10_42_26.059-05_00_2.png,1.5,1.7035790867978122
2661,2690_LeafPhotoA_2025-09-09 10_42_26.059-05_00_3.png,1.5,1.879412132251456
2680,1994_LeafPhotoA_2025-09-09 16_07_18.609-05_00_0.png,1.75,1.96977661326596
2681,1994_LeafPhotoA_2025-09-09 16_07_18.609-05_00_1.png,1.75,1.9423964815150243
2682,1994_LeafPhotoA_2025-09-09 16_07_18.609-05_00_2.png,1.75,1.8685587464328755
2695,2062_LeafPhotoA_2025-09-08 11_56_29.638-05_00_0.png,1.5,1.5224395016452628
2696,2062_LeafPhotoA_2025-09-08 11_56_29.638-05_00_1.png,1.5,1.4331302626601345
2697,2062_LeafPhotoA_2025-09-08 11_56_29.638-05_00_2.png,1.5,1.514778040898299
2698,2062_LeafPhotoA_2025-09-08 11_56_29.638-05_00_3.png,1.5,1.4022765376527693
2703,1714_LeafPhotoA_2025-09-09 09_09_56.290-05_00_0.png,2.25,2.4948269398340646
2704,1714_LeafPhotoA_2025-09-09 09_09_56.290-05_00_1.png,2.25,2.4261869317110607
2705,1714_LeafPhotoA_2025-09-09 09_09_56.290-05_00_2.png,2.25,2.126088088923192
2706,1714_LeafPhotoA_2025-09-09 09_09_56.290-05_00_3.png,2.25,2.5505046148972697
2711,1246_LeafPhotoA_2025-09-08 10_36_51.001-05_00_0.png,2.0,1.8743859091679083
2712,1246_LeafPhotoA_2025-09-08 10_36_51.001-05_00_1.png,2.0,1.7872194769266878
2713,1246_LeafPhotoA_2025-09-08 10_36_51.001-05_00_2.png,2.0,1.6744166561785183
2714,1246_LeafPhotoA_2025-09-08 10_36_51.001-05_00_3.png,2.0,1.556536453660449
2727,1742_LeafPhotoA_2025-09-09 09_58_17.497-05_00_0.png,3.0,2.8305278387078334
2728,1742_LeafPhotoA_2025-09-09 09_58_17.497-05_00_1.png,3.0,2.8803554400240485
2729,1742_LeafPhotoA_2025-09-09 09_58_17.497-05_00_2.png,3.0,2.9038479207625896
2769,1265_LeafPhotoA_2025-09-08 16_21_10.202-05_00_0.png,2.25,1.971504102364781
2783,,1.75,1.637829865933
2819,1969_LeafPhotoA_2025-09-09 17_06_13.365-05_00_0.png,1.25,1.8563917877935514
2820,1969_LeafPhotoA_2025-09-09 17_06_13.365-05_00_1.png,1.25,1.6420837976039706
2821,1969_LeafPhotoA_2025-09-09 17_06_13.365-05_00_2.png,1.25,1.5424853001490353
2822,1969_LeafPhotoA_2025-09-09 17_06_13.365-05_00_3.png,1.25,1.509979765505875
2823,2402_LeafPhotoB_2025-09-08 10_41_29.920-05_00_0.png,1.0,1.5353915851708262
2824,2402_LeafPhotoB_2025-09-08 10_41_29.920-05_00_1.png,1.0,1.5555941148419863
2825,2402_LeafPhotoB_2025-09-08 10_41_29.920-05_00_2.png,1.0,1.4531319690720579
2826,2402_LeafPhotoB_2025-09-08 10_41_29.920-05_00_3.png,1.0,1.4019407986959516
2837,6040_LeafPhotoA_2025-09-09 16_10_33.353-05_00_0.png,1.5,1.7647565255414512
2838,6040_LeafPhotoA_2025-09-09 16_10_33.353-05_00_1.png,1.5,1.8604419199731965
2839,6040_LeafPhotoA_2025-09-09 16_10_33.353-05_00_2.png,1.5,1.9207307108445602
2840,6040_LeafPhotoA_2025-09-09 16_10_33.353-05_00_3.png,1.5,2.072318649972372
2842,1578_LeafPhotoA_2025-09-09 09_51_18.559-05_00_0.png,1.0,1.5789568608810445
2843,1578_LeafPhotoA_2025-09-09 09_51_18.559-05_00_1.png,1.0,1.531432384916263
2844,1578_LeafPhotoA_2025-09-09 09_51_18.559-05_00_2.png,1.0,1.6447615947085048
2845,1578_LeafPhotoA_2025-09-09 09_51_18.559-05_00_3.png,1.0,1.9156388273158302
2854,2262_LeafPhotoA_2025-09-08 12_34_17.650-05_00_0.png,1.5,1.7972467876953404
2855,2262_LeafPhotoA_2025-09-08 12_34_17.650-05_00_1.png,1.5,1.5678012549684266
2856,2262_LeafPhotoA_2025-09-08 12_34_17.650-05_00_2.png,1.5,1.5915166267998964
2857,2262_LeafPhotoA_2025-09-08 12_34_17.650-05_00_3.png,1.5,1.8458135957784167
2858,6025_LeafPhotoA_2025-09-09 16_35_46.802-05_00_0.png,1.5,1.8231180078078415
2859,6025_LeafPhotoA_2025-09-09 16_35_46.802-05_00_1.png,1.5,1.9382682852265019
2860,6025_LeafPhotoA_2025-09-09 16_35_46.802-05_00_2.png,1.5,1.8879257546101331
2861,1894_LeafPhotoA_2025-09-09 12_58_44.856-05_00_0.png,1.25,1.521694876200886
2862,1894_LeafPhotoA_2025-09-09 12_58_44.856-05_00_1.png,1.25,1.5787263753645098
2863,1894_LeafPhotoA_2025-09-09 12_58_44.856-05_00_2.png,1.25,1.6873043847733995
2864,1894_LeafPhotoA_2025-09-09 12_58_44.856-05_00_3.png,1.25,1.5169629558070918
2869,2045_LeafPhotoA_2025-09-08 11_26_04.594-05_00_0.png,1.75,1.7506110678255251
2870,2045_LeafPhotoA_2025-09-08 11_26_04.594-05_00_1.png,1.75,1.8801536855964718
2871,2045_LeafPhotoA_2025-09-08 11_26_04.594-05_00_2.png,1.75,1.954042584556019
2884,2830_LeafPhotoA_2025-09-09 10_46_44.993-05_00_0.png,1.5,1.8376169807802818
2885,2830_LeafPhotoA_2025-09-09 10_46_44.993-05_00_1.png,1.5,1.7022404161845301
2886,2830_LeafPhotoA_2025-09-09 10_46_44.993-05_00_2.png,1.5,1.6513377450212534
2887,2830_LeafPhotoA_2025-09-09 10_46_44.993-05_00_3.png,1.5,1.7429154557213402
2891,2919_LeafPhotoA_2025-09-09 16_43_36.577-05_00_0.png,1.5,1.5355369661741438
2892,2919_LeafPhotoA_2025-09-09 16_43_36.577-05_00_1.png,1.5,1.6344496737406484
2893,2919_LeafPhotoA_2025-09-09 16_43_36.577-05_00_2.png,1.5,1.676993770251667
2894,2919_LeafPhotoA_2025-09-09 16_43_36.577-05_00_3.png,1.5,1.5434756573271713
2895,1978_LeafPhotoA_2025-09-09 16_46_02.859-05_00_0.png,1.25,1.6697978782416305
2896,1978_LeafPhotoA_2025-09-09 16_46_02.859-05_00_1.png,1.25,1.8758255348331927
2897,1978_LeafPhotoA_2025-09-09 16_46_02.859-05_00_2.png,1.25,1.7565811107161244
2948,1269_LeafPhotoA_2025-09-08 16_17_38.730-05_00_0.png,1.75,1.5711448861743589
2949,1269_LeafPhotoA_2025-09-08 16_17_38.730-05_00_1.png,1.75,1.8473833681475924
2950,1269_LeafPhotoA_2025-09-08 16_17_38.730-05_00_2.png,1.75,1.8351701898583568
2951,1269_LeafPhotoA_2025-09-08 16_17_38.730-05_00_3.png,1.75,1.710995772942659
2952,1908_LeafPhotoA_2025-09-09 14_44_38.996-05_00_0.png,2.5,2.3360730670795475
2953,1908_LeafPhotoA_2025-09-09 14_44_38.996-05_00_1.png,2.5,2.4025177979525525
2954,1908_LeafPhotoA_2025-09-09 14_44_38.996-05_00_2.png,2.5,2.5443986220017054
2955,1908_LeafPhotoA_2025-09-09 14_44_38.996-05_00_3.png,2.5,2.5461153363535316
2968,1468_LeafPhotoB_2025-09-08 16_31_26.894-05_00_0.png,1.25,1.790639844973461
2969,1468_LeafPhotoB_2025-09-08 16_31_26.894-05_00_1.png,1.25,1.8240518542546522
2970,1468_LeafPhotoB_2025-09-08 16_31_26.894-05_00_2.png,1.25,1.7196310161286954
2971,1468_LeafPhotoB_2025-09-08 16_31_26.894-05_00_3.png,1.25,1.7761610529925773
3003,1216_LeafPhotoA_2025-09-08 09_51_38.597-05_00_0.png,2.0,1.8407507649192039
3004,1216_LeafPhotoA_2025-09-08 09_51_38.597-05_00_1.png,2.0,1.9375241645005223
3005,1216_LeafPhotoA_2025-09-08 09_51_38.597-05_00_2.png,2.0,1.6487661513135359
3006,1216_LeafPhotoA_2025-09-08 09_51_38.597-05_00_3.png,2.0,1.5672126806103703
3089,1851_LeafPhotoA_2025-09-09 13_45_07.951-05_00_0.png,1.5,1.909284540079106
3090,1851_LeafPhotoA_2025-09-09 13_45_07.951-05_00_1.png,1.5,1.9532769645121484
3091,1851_LeafPhotoA_2025-09-09 13_45_07.951-05_00_2.png,1.5,1.9864591946164987
3092,1851_LeafPhotoA_2025-09-09 13_45_07.951-05_00_3.png,1.5,1.9603905483558501
3102,1728_LeafPhotoA_2025-09-09 09_30_58.151-05_00_0.png,3.5,2.9192396979686555
3103,1728_LeafPhotoA_2025-09-09 09_30_58.151-05_00_1.png,3.5,3.0955846367885975
3104,1728_LeafPhotoA_2025-09-09 09_30_58.151-05_00_2.png,3.5,3.4230381594870867
3105,1728_LeafPhotoA_2025-09-09 09_30_58.151-05_00_3.png,3.5,3.529055458225069
3129,2689_LeafPhotoA_2025-09-09 10_44_36.223-05_00_0.png,1.25,1.751666481958228
3130,2689_LeafPhotoA_2025-09-09 10_44_36.223-05_00_1.png,1.25,1.861434539240376
3131,2689_LeafPhotoA_2025-09-09 10_44_36.223-05_00_2.png,1.25,1.7811448908633496
3141,1191_LeafPhotoA_2025-09-08 15_54_25.154-05_00_0.png,2.0,1.8506998938145276
3142,1191_LeafPhotoA_2025-09-08 15_54_25.154-05_00_1.png,2.0,2.0171189899738415
3143,1191_LeafPhotoA_2025-09-08 15_54_25.154-05_00_2.png,2.0,2.011461050596935
3144,1191_LeafPhotoA_2025-09-08 15_54_25.154-05_00_3.png,2.0,2.120553476863425
3185,2185_LeafPhotoA_2025-09-09 12_32_19.175-05_00_0.png,2.0,2.102637606486433
3186,2185_LeafPhotoA_2025-09-09 12_32_19.175-05_00_1.png,2.0,2.1868655353182236
3187,2185_LeafPhotoA_2025-09-09 12_32_19.175-05_00_2.png,2.0,2.158462229735511
3188,2185_LeafPhotoA_2025-09-09 12_32_19.175-05_00_3.png,2.0,2.439672277512327
3218,1301_LeafPhotoA_2025-09-08 10_20_06.394-05_00_0.png,1.5,1.5219284354477967
3219,1301_LeafPhotoA_2025-09-08 10_20_06.394-05_00_1.png,1.5,1.6275567210043667
3220,1301_LeafPhotoA_2025-09-08 10_20_06.394-05_00_2.png,1.5,1.7148641055555016
3221,1301_LeafPhotoA_2025-09-08 10_20_06.394-05_00_3.png,1.5,1.8021265450249455
3252,1090_LeafPhotoA_2025-09-09 11_02_26.123-05_00_0.png,1.5,2.173761611480411
3253,1090_LeafPhotoA_2025-09-09 11_02_26.123-05_00_1.png,1.5,2.3092832614702665
3254,1090_LeafPhotoA_2025-09-09 11_02_26.123-05_00_2.png,1.5,2.0391882781700055
3261,2082_LeafPhotoA_2025-09-08 12_18_36.645-05_00_0.png,1.5,1.773826526489936
3262,2082_LeafPhotoA_2025-09-08 12_18_36.645-05_00_1.png,1.5,1.6822283013898738
3263,2082_LeafPhotoA_2025-09-08 12_18_36.645-05_00_2.png,1.5,1.4678780692494515
3264,2082_LeafPhotoA_2025-09-08 12_18_36.645-05_00_3.png,1.5,1.534007452828929
3273,2654_LeafPhotoA_2025-09-09 11_27_41.628-05_00_0.png,2.25,2.1779639006329816
3274,2654_LeafPhotoA_2025-09-09 11_27_41.628-05_00_1.png,2.25,2.136503599523058
3275,2654_LeafPhotoA_2025-09-09 11_27_41.628-05_00_2.png,2.25,2.290429202109433
3276,2654_LeafPhotoA_2025-09-09 11_27_41.628-05_00_3.png,2.25,2.5642295710623775
3323,2089_LeafPhotoA_2025-09-08 12_26_53.526-05_00_0.png,1.75,1.8683024903655139
3324,2089_LeafPhotoA_2025-09-08 12_26_53.526-05_00_1.png,1.75,1.8047469596926233
3325,2089_LeafPhotoA_2025-09-08 12_26_53.526-05_00_2.png,1.75,1.7575264907131816
3328,1343_LeafPhotoA_2025-09-08 10_11_04.420-05_00_0.png,1.25,1.5836403373619412
3329,1343_LeafPhotoA_2025-09-08 10_11_04.420-05_00_1.png,1.25,1.6451074961075318
3330,1343_LeafPhotoA_2025-09-08 10_11_04.420-05_00_2.png,1.25,1.673652788079331
3331,1343_LeafPhotoA_2025-09-08 10_11_04.420-05_00_3.png,1.25,1.6379269935095297
3348,2343_LeafPhotoA_2025-09-08 11_11_17.973-05_00_0.png,1.25,1.4923215748282501
3349,2343_LeafPhotoA_2025-09-08 11_11_17.973-05_00_1.png,1.25,1.5814576312289066
3350,2343_LeafPhotoA_2025-09-08 11_11_17.973-05_00_2.png,1.25,1.5516799939879966
3359,2343_LeafPhotoA_2025-09-08 11_11_03.769-05_00_0.png,1.25,1.4363429089574975
3360,2343_LeafPhotoA_2025-09-08 11_11_03.769-05_00_1.png,1.25,1.5110308044168699
3369,2393_LeafPhotoA_2025-09-08 12_17_57.585-05_00_0.png,3.0,2.4512000957445776
3401,1457_LeafPhotoB_2025-09-08 12_33_31.319-05_00_0.png,2.0,1.7348730746914744
3402,1457_LeafPhotoB_2025-09-08 12_33_31.319-05_00_1.png,2.0,1.9867996075400771
3403,1457_LeafPhotoB_2025-09-08 12_33_31.319-05_00_2.png,2.0,1.9606283278366998
3404,1457_LeafPhotoB_2025-09-08 12_33_31.319-05_00_3.png,2.0,1.9927182687775784
3417,1467_LeafPhotoB_2025-09-08 16_30_30.667-05_00_0.png,2.0,1.5160231939449123
3418,1467_LeafPhotoB_2025-09-08 16_30_30.667-05_00_1.png,2.0,1.685471893658512
3419,1467_LeafPhotoB_2025-09-08 16_30_30.667-05_00_2.png,2.0,1.993448560750018
3420,1467_LeafPhotoB_2025-09-08 16_30_30.667-05_00_3.png,2.0,2.0017540437168044
3426,1714_LeafPhotoA_2025-09-09 09_09_41.593-05_00_0.png,2.5,2.238282832716766
3427,2325_LeafPhotoA_2025-09-08 10_53_41.168-05_00_0.png,1.25,1.7137074294102768
3428,2325_LeafPhotoA_2025-09-08 10_53_41.168-05_00_1.png,1.25,1.7281750231246653
3429,2325_LeafPhotoA_2025-09-08 10_53_41.168-05_00_2.png,1.25,1.6233571216271363
3437,1437_LeafPhotoB_2025-09-08 10_28_09.727-05_00_0.png,2.0,1.7988596133116885
3438,1437_LeafPhotoB_2025-09-08 10_28_09.727-05_00_1.png,2.0,1.9811866475618916
3439,1437_LeafPhotoB_2025-09-08 10_28_09.727-05_00_2.png,2.0,2.001005502475306
3440,1437_LeafPhotoB_2025-09-08 10_28_09.727-05_00_3.png,2.0,1.9259978799902384
3453,2520_LeafPhotoA_2025-09-09 10_16_27.887-05_00_0.png,1.0,1.5901798403479928
3454,2520_LeafPhotoA_2025-09-09 10_16_27.887-05_00_1.png,1.0,1.5813008449601533
3455,2520_LeafPhotoA_2025-09-09 10_16_27.887-05_00_2.png,1.0,1.571929761374783
3456,2520_LeafPhotoA_2025-09-09 10_16_27.887-05_00_3.png,1.0,1.6135501671047823
3465,2015_LeafPhotoA_2025-09-08 10_50_10.021-05_00_0.png,1.75,2.203443911580014
3466,2015_LeafPhotoA_2025-09-08 10_50_10.021-05_00_1.png,1.75,2.0038072524740476
3467,2015_LeafPhotoA_2025-09-08 10_50_10.021-05_00_2.png,1.75,1.8584255192020556
3468,2015_LeafPhotoA_2025-09-08 10_50_10.021-05_00_3.png,1.75,1.592654346748397
3488,1191_LeafPhotoA_2025-09-08 15_54_08.755-05_00_0.png,2.25,2.1514607882294956
3489,1191_LeafPhotoA_2025-09-08 15_54_08.755-05_00_1.png,2.25,2.242585541427149
3490,1191_LeafPhotoA_2025-09-08 15_54_08.755-05_00_2.png,2.25,2.3369670094764308
3491,1191_LeafPhotoA_2025-09-08 15_54_08.755-05_00_3.png,2.25,2.3819108210290834
3513,1418_LeafPhotoA_2025-09-08 09_39_31.263-05_00_0.png,1.5,1.6989997669169474
3514,1418_LeafPhotoA_2025-09-08 09_39_31.263-05_00_1.png,1.5,1.76650952803888
3515,1418_LeafPhotoA_2025-09-08 09_39_31.263-05_00_2.png,1.5,1.7485553819299482
3516,1418_LeafPhotoA_2025-09-08 09_39_31.263-05_00_3.png,1.5,1.725111058067639
3529,1894_LeafPhotoA_2025-09-09 17_18_06.332-05_00_0.png,1.25,1.5955044942976817
3530,1894_LeafPhotoA_2025-09-09 17_18_06.332-05_00_1.png,1.25,1.5770966400663218
3531,1894_LeafPhotoA_2025-09-09 17_18_06.332-05_00_2.png,1.25,1.5142302604583342
3532,1894_LeafPhotoA_2025-09-09 17_18_06.332-05_00_3.png,1.25,1.4355728981885736
11,1346_LeafPhotoA_2025-09-08 10_15_00.579-05_00_0.png,3.0,2.54304440236048
12,1346_LeafPhotoA_2025-09-08 10_15_00.579-05_00_1.png,3.0,2.0517137598097364
13,1346_LeafPhotoA_2025-09-08 10_15_00.579-05_00_2.png,3.0,2.0757328345602337
14,1346_LeafPhotoA_2025-09-08 10_15_00.579-05_00_3.png,3.0,2.3316557951708874
21,2664_LeafPhotoA_2025-09-09 11_37_29.251-05_00_0.png,2.0,2.4689048169609333
22,2664_LeafPhotoA_2025-09-09 11_37_29.251-05_00_1.png,2.0,2.3999451304307153
23,2664_LeafPhotoA_2025-09-09 11_37_29.251-05_00_2.png,2.0,2.381938481120271
24,2664_LeafPhotoA_2025-09-09 11_37_29.251-05_00_3.png,2.0,2.0825122040054307
27,1427_LeafPhotoB_2025-09-08 10_19_32.588-05_00_0.png,2.75,2.305308983464362
28,1427_LeafPhotoB_2025-09-08 10_19_32.588-05_00_1.png,2.75,2.3323777494506985
29,1427_LeafPhotoB_2025-09-08 10_19_32.588-05_00_2.png,2.75,2.5649252449369504
46,1118_LeafPhotoA_2025-09-08 10_03_02.378-05_00_0.png,1.0,1.3461919140263763
47,1118_LeafPhotoA_2025-09-08 10_03_02.378-05_00_1.png,1.0,1.288776662288948
48,1118_LeafPhotoA_2025-09-08 10_03_02.378-05_00_2.png,1.0,1.2953594271727011
49,1118_LeafPhotoA_2025-09-08 10_03_02.378-05_00_3.png,1.0,1.4735971401391286
54,1608_LeafPhotoA_2025-09-09 09_23_59.629-05_00_0.png,1.75,1.661468546922204
55,1608_LeafPhotoA_2025-09-09 09_23_59.629-05_00_1.png,1.75,1.604471743033082
56,1608_LeafPhotoA_2025-09-09 09_23_59.629-05_00_2.png,1.75,1.7525635278177865
57,1608_LeafPhotoA_2025-09-09 09_23_59.629-05_00_3.png,1.75,2.0527295272451997
58,1048_LeafPhotoA_2025-09-08 10_27_26.311-05_00_0.png,1.25,1.564565200759278
59,1048_LeafPhotoA_2025-09-08 10_27_26.311-05_00_1.png,1.25,1.5938156955667595
60,1048_LeafPhotoA_2025-09-08 10_27_26.311-05_00_2.png,1.25,1.6244597785971626
61,1048_LeafPhotoA_2025-09-08 10_27_26.311-05_00_3.png,1.25,1.8379238604103159
73,2906_LeafPhotoA_2025-09-09 16_24_18.555-05_00_0.png,1.75,1.8576105041866446
74,2906_LeafPhotoA_2025-09-09 16_24_18.555-05_00_1.png,1.75,1.8381386647694702
75,2906_LeafPhotoA_2025-09-09 16_24_18.555-05_00_2.png,1.75,1.771001361340758
76,2906_LeafPhotoA_2025-09-09 16_24_18.555-05_00_3.png,1.75,1.82129996071037
107,2685_LeafPhotoA_2025-09-09 10_50_31.334-05_00_0.png,2.25,1.9953142962594392
108,2685_LeafPhotoA_2025-09-09 10_50_31.334-05_00_1.png,2.25,2.122890437381245
109,2685_LeafPhotoA_2025-09-09 10_50_31.334-05_00_2.png,2.25,1.7588351615883544
126,1672_LeafPhotoA_2025-09-09 09_45_47.566-05_00_0.png,1.75,1.8213547390181486
127,1672_LeafPhotoA_2025-09-09 09_45_47.566-05_00_1.png,1.75,1.8076012777212476
128,1672_LeafPhotoA_2025-09-09 09_45_47.566-05_00_2.png,1.75,1.8088473751373333
133,1680_LeafPhotoA_2025-09-09 09_30_52.328-05_00_0.png,1.25,1.3383218019116807
134,1680_LeafPhotoA_2025-09-09 09_30_52.328-05_00_1.png,1.25,1.3252917845756467
135,6016_LeafPhotoA_2025-09-09 16_48_44.576-05_00_0.png,1.5,1.4813587161498352
136,6016_LeafPhotoA_2025-09-09 16_48_44.576-05_00_1.png,1.5,1.540092131334295
137,6016_LeafPhotoA_2025-09-09 16_48_44.576-05_00_2.png,1.5,1.6768855384131123
156,1272_LeafPhotoA_2025-09-08 16_15_18.232-05_00_0.png,3.25,3.111808363856933
157,1272_LeafPhotoA_2025-09-08 16_15_18.232-05_00_1.png,3.25,2.6501662159184387
158,1272_LeafPhotoA_2025-09-08 16_15_18.232-05_00_2.png,3.25,2.5129553447068913
167,2715_LeafPhotoA_2025-09-09 10_34_49.690-05_00_0.png,2.25,1.9904310920632524
168,2715_LeafPhotoA_2025-09-09 10_34_49.690-05_00_1.png,2.25,1.9560300044848218
169,2715_LeafPhotoA_2025-09-09 10_34_49.690-05_00_2.png,2.25,1.9176368027039485
170,2715_LeafPhotoA_2025-09-09 10_34_49.690-05_00_3.png,2.25,2.295930394722095
210,1587_LeafPhotoA_2025-09-09 09_37_51.582-05_00_0.png,1.5,1.7805425479734671
211,1587_LeafPhotoA_2025-09-09 09_37_51.582-05_00_1.png,1.5,1.667613047208926
212,1587_LeafPhotoA_2025-09-09 09_37_51.582-05_00_2.png,1.5,1.6504847854172553
213,1587_LeafPhotoA_2025-09-09 09_37_51.582-05_00_3.png,1.5,1.66235904001113
239,,1.25,1.518334820537221
240,,1.5,1.518334820537221
293,2650_LeafPhotoA_2025-09-09 11_24_20.852-05_00_0.png,1.0,1.3898331069372087
294,2650_LeafPhotoA_2025-09-09 11_24_20.852-05_00_1.png,1.0,1.2903185390138763
295,2650_LeafPhotoA_2025-09-09 11_24_20.852-05_00_2.png,1.0,1.3276109728943515
296,2650_LeafPhotoA_2025-09-09 11_24_20.852-05_00_3.png,1.0,1.5201527055317694
305,2197_LeafPhotoA_2025-09-08 17_07_18.265-05_00_0.png,1.0,1.6518857309951545
306,2197_LeafPhotoA_2025-09-08 17_07_18.265-05_00_1.png,1.0,1.5698124030145122
307,2197_LeafPhotoA_2025-09-08 17_07_18.265-05_00_2.png,1.0,1.6384695589641416
308,2197_LeafPhotoA_2025-09-08 17_07_18.265-05_00_3.png,1.0,1.639358282244215
364,1623_LeafPhotoA_2025-09-09 09_58_46.896-05_00_0.png,2.0,1.6922107426385675
365,1623_LeafPhotoA_2025-09-09 09_58_46.896-05_00_1.png,2.0,1.7901460277446153
366,1623_LeafPhotoA_2025-09-09 09_58_46.896-05_00_2.png,2.0,1.9112814419699078
367,1623_LeafPhotoA_2025-09-09 09_58_46.896-05_00_3.png,2.0,1.8969606219159247
372,2495_LeafPhotoB_2025-09-08 12_20_03.955-05_00_0.png,1.0,1.45663927280007
373,2495_LeafPhotoB_2025-09-08 12_20_03.955-05_00_1.png,1.0,1.4254818125595023
374,2495_LeafPhotoB_2025-09-08 12_20_03.955-05_00_2.png,1.0,1.283178409027191
375,2495_LeafPhotoB_2025-09-08 12_20_03.955-05_00_3.png,1.0,1.2505747395843172
387,1623_LeafPhotoA_2025-09-09 09_57_37.816-05_00_0.png,1.75,1.7765304497990264
388,1623_LeafPhotoA_2025-09-09 09_57_37.816-05_00_1.png,1.75,1.8106272859944508
389,1623_LeafPhotoA_2025-09-09 09_57_37.816-05_00_2.png,1.75,1.7319868896798087
390,1623_LeafPhotoA_2025-09-09 09_57_37.816-05_00_3.png,1.75,1.7426352282872202
399,1136_LeafPhotoA_2025-09-08 10_28_29.129-05_00_0.png,1.5,1.495548183011806
404,2649_LeafPhotoA_2025-09-09 11_26_12.925-05_00_0.png,3.0,2.3312853265227487
405,2649_LeafPhotoA_2025-09-09 11_26_12.925-05_00_1.png,3.0,2.248227646536472
406,2649_LeafPhotoA_2025-09-09 11_26_12.925-05_00_2.png,3.0,1.7378037288970927
411,2011_LeafPhotoA_2025-09-08 10_45_16.513-05_00_0.png,2.0,1.9564335514345188
412,2011_LeafPhotoA_2025-09-08 10_45_16.513-05_00_1.png,2.0,1.9014808573134807
413,2011_LeafPhotoA_2025-09-08 10_45_16.513-05_00_2.png,2.0,1.8315104296073714
414,2011_LeafPhotoA_2025-09-08 10_45_16.513-05_00_3.png,2.0,1.7667557052546408
436,2748_LeafPhotoA_2025-09-09 11_19_26.990-05_00_0.png,3.25,3.193895124368808
437,2748_LeafPhotoA_2025-09-09 11_19_26.990-05_00_1.png,3.25,3.3297042271525616
438,2748_LeafPhotoA_2025-09-09 11_19_26.990-05_00_2.png,3.25,3.296120625160873
439,2748_LeafPhotoA_2025-09-09 11_19_26.990-05_00_3.png,3.25,3.2220038192300193
479,6049_LeafPhotoA_2025-09-09 15_54_47.227-05_00_0.png,1.0,1.6458223960959069
480,6049_LeafPhotoA_2025-09-09 15_54_47.227-05_00_1.png,1.0,1.584834815038763
481,6049_LeafPhotoA_2025-09-09 15_54_47.227-05_00_2.png,1.0,1.5814402960873553
482,6049_LeafPhotoA_2025-09-09 15_54_47.227-05_00_3.png,1.0,1.6279744706832557
491,1882_LeafPhotoA_2025-09-09 13_17_09.662-05_00_0.png,1.75,1.562915226124494
492,1882_LeafPhotoA_2025-09-09 13_17_09.662-05_00_1.png,1.75,1.5796877809582912
493,1882_LeafPhotoA_2025-09-09 13_17_09.662-05_00_2.png,1.75,1.7528510511031792
528,1419_LeafPhotoA_2025-09-08 09_40_27.704-05_00_0.png,1.75,1.569237757566221
529,1419_LeafPhotoA_2025-09-08 09_40_27.704-05_00_1.png,1.75,1.7637388164488572
530,1419_LeafPhotoA_2025-09-08 09_40_27.704-05_00_2.png,1.75,1.7029591949910252
531,1419_LeafPhotoA_2025-09-08 09_40_27.704-05_00_3.png,1.75,1.4704077184497073
577,2263_LeafPhotoA_2025-09-08 12_36_09.842-05_00_0.png,1.0,1.2776748894881635
578,2263_LeafPhotoA_2025-09-08 12_36_09.842-05_00_1.png,1.0,1.2844264069657834
579,2263_LeafPhotoA_2025-09-08 12_36_09.842-05_00_2.png,1.0,1.2700828826244852
580,2263_LeafPhotoA_2025-09-08 12_36_09.842-05_00_3.png,1.0,1.3360767951089159
585,1893_LeafPhotoA_2025-09-09 17_17_29.747-05_00_0.png,2.5,1.8281241570857474
586,1893_LeafPhotoA_2025-09-09 17_17_29.747-05_00_1.png,2.5,2.124104343465702
587,1893_LeafPhotoA_2025-09-09 17_17_29.747-05_00_2.png,2.5,2.1983269342564036
588,1893_LeafPhotoA_2025-09-09 17_17_29.747-05_00_3.png,2.5,2.137590983470433
705,2106_LeafPhotoA_2025-09-08 11_01_04.699-05_00_0.png,1.0,1.2515576541514044
706,2106_LeafPhotoA_2025-09-08 11_01_04.699-05_00_1.png,1.0,1.2646989337953936
707,2106_LeafPhotoA_2025-09-08 11_01_04.699-05_00_2.png,1.0,1.2631346443553297
708,2106_LeafPhotoA_2025-09-08 11_01_04.699-05_00_3.png,1.0,1.2777625583230263
723,1772_LeafPhotoA_2025-09-09 09_57_17.313-05_00_0.png,1.25,1.5295890780186445
724,1772_LeafPhotoA_2025-09-09 09_57_17.313-05_00_1.png,1.25,1.560158000363786
725,1772_LeafPhotoA_2025-09-09 09_57_17.313-05_00_2.png,1.25,1.6281699771032203
726,1772_LeafPhotoA_2025-09-09 09_57_17.313-05_00_3.png,1.25,1.7760540974906298
737,1210_LeafPhotoA_2025-09-08 09_39_04.129-05_00_0.png,1.25,1.7059033878989383
738,1210_LeafPhotoA_2025-09-08 09_39_04.129-05_00_1.png,1.25,1.8680534371602486
739,1210_LeafPhotoA_2025-09-08 09_39_04.129-05_00_2.png,1.25,1.76790247853425
740,1210_LeafPhotoA_2025-09-08 09_39_04.129-05_00_3.png,1.25,1.7195297276503736
764,6015_LeafPhotoA_2025-09-09 16_52_18.680-05_00_0.png,1.0,1.5003239938202204
765,6015_LeafPhotoA_2025-09-09 16_52_18.680-05_00_1.png,1.0,1.5353832340117173
784,1495_LeafPhotoB_2025-09-08 16_59_04.309-05_00_0.png,1.5,2.0190225308997563
785,1495_LeafPhotoB_2025-09-08 16_59_04.309-05_00_1.png,1.5,1.8521746398166676
786,1495_LeafPhotoB_2025-09-08 16_59_04.309-05_00_2.png,1.5,1.952492521736234
787,1495_LeafPhotoB_2025-09-08 16_59_04.309-05_00_3.png,1.5,1.8571384787490641
811,2150_LeafPhotoA_2025-09-08 12_22_07.286-05_00_0.png,1.5,1.6509957195188432
812,2150_LeafPhotoA_2025-09-08 12_22_07.286-05_00_1.png,1.5,1.6719142742827926
813,2150_LeafPhotoA_2025-09-08 12_22_07.286-05_00_2.png,1.5,1.6040848114017614
814,2150_LeafPhotoA_2025-09-08 12_22_07.286-05_00_3.png,1.5,1.551694397693237
819,1452_LeafPhotoB_2025-09-08 12_28_36.613-05_00_0.png,1.0,1.51804728741474
820,1452_LeafPhotoB_2025-09-08 12_28_36.613-05_00_1.png,1.0,1.529644019855416
821,1452_LeafPhotoB_2025-09-08 12_28_36.613-05_00_2.png,1.0,1.6587322789833436
822,1452_LeafPhotoB_2025-09-08 12_28_36.613-05_00_3.png,1.0,1.5956968969891776
827,2317_LeafPhotoA_2025-09-08 10_45_32.243-05_00_0.png,3.25,2.952585584049592
828,2317_LeafPhotoA_2025-09-08 10_45_32.243-05_00_1.png,3.25,2.7799538607891927
829,2317_LeafPhotoA_2025-09-08 10_45_32.243-05_00_2.png,3.25,2.4840085931547806
830,2317_LeafPhotoA_2025-09-08 10_45_32.243-05_00_3.png,3.25,2.36999866705004
839,2235_LeafPhotoA_2025-09-08 11_40_03.588-05_00_0.png,2.5,2.1749128977353642
840,2235_LeafPhotoA_2025-09-08 11_40_03.588-05_00_1.png,2.5,2.075898355797253
841,2235_LeafPhotoA_2025-09-08 11_40_03.588-05_00_2.png,2.5,2.120360016388267
842,2235_LeafPhotoA_2025-09-08 11_40_03.588-05_00_3.png,2.5,1.935218880767352
851,1396_LeafPhotoA_2025-09-08 13_22_43.424-05_00_0.png,1.5,1.616650004128139
852,1396_LeafPhotoA_2025-09-08 13_22_43.424-05_00_1.png,1.5,1.7514560712263874
853,1396_LeafPhotoA_2025-09-08 13_22_43.424-05_00_2.png,1.5,2.0167368038666416
854,1396_LeafPhotoA_2025-09-08 13_22_43.424-05_00_3.png,1.5,1.9855565643578408
863,1480_LeafPhotoB_2025-09-08 16_44_45.429-05_00_0.png,1.75,2.0119247915146716
874,2625_LeafPhotoA_2025-09-09 12_15_05.460-05_00_0.png,2.75,1.6827807704815252
875,2625_LeafPhotoA_2025-09-09 12_15_05.460-05_00_1.png,2.75,1.6387124272105889
876,2625_LeafPhotoA_2025-09-09 12_15_05.460-05_00_2.png,2.75,1.601693354962318
877,2625_LeafPhotoA_2025-09-09 12_15_05.460-05_00_3.png,2.75,1.569791289617818
894,2742_LeafPhotoA_2025-09-09 11_11_59.314-05_00_0.png,2.75,3.4326167861027566
895,2742_LeafPhotoA_2025-09-09 11_11_59.314-05_00_1.png,2.75,3.0684769462563586
896,2742_LeafPhotoA_2025-09-09 11_11_59.314-05_00_2.png,2.75,2.519230392761837
897,2742_LeafPhotoA_2025-09-09 11_11_59.314-05_00_3.png,2.75,2.449292272166401
945,6018_LeafPhotoA_2025-09-09 16_46_05.626-05_00_0.png,1.0,1.4428141015474605
946,6018_LeafPhotoA_2025-09-09 16_46_05.626-05_00_1.png,1.0,1.5315860148587512
947,6018_LeafPhotoA_2025-09-09 16_46_05.626-05_00_2.png,1.0,1.4976641833255615
948,6018_LeafPhotoA_2025-09-09 16_46_05.626-05_00_3.png,1.0,1.6094471578938494
949,1882_LeafPhotoA_2025-09-09 13_17_22.842-05_00_0.png,1.75,1.7760772962775677
950,1882_LeafPhotoA_2025-09-09 13_17_22.842-05_00_1.png,1.75,1.765697244458756
951,1882_LeafPhotoA_2025-09-09 13_17_22.842-05_00_2.png,1.75,1.7566959475029327
952,1882_LeafPhotoA_2025-09-09 13_17_22.842-05_00_3.png,1.75,1.8044093629681868
956,1095_LeafPhotoA_2025-09-09 11_06_50.542-05_00_0.png,1.5,1.8233019472966243
957,1095_LeafPhotoA_2025-09-09 11_06_50.542-05_00_1.png,1.5,1.6124640254933398
958,1095_LeafPhotoA_2025-09-09 11_06_50.542-05_00_2.png,1.5,1.702390088275731
959,1095_LeafPhotoA_2025-09-09 11_06_50.542-05_00_3.png,1.5,1.7426893192520132
971,2887_LeafPhotoA_2025-09-09 14_03_46.022-05_00_0.png,2.5,1.8022906288005933
972,2887_LeafPhotoA_2025-09-09 14_03_46.022-05_00_1.png,2.5,1.7417296643415057
973,2887_LeafPhotoA_2025-09-09 14_03_46.022-05_00_2.png,2.5,1.817389785194739
974,1689_LeafPhotoA_2025-09-09 09_13_19.326-05_00_0.png,1.0,1.9128999083132208
975,1689_LeafPhotoA_2025-09-09 09_13_19.326-05_00_1.png,1.0,1.8571351098269644
980,,2.75,1.518334820537221
989,2035_LeafPhotoA_2025-09-08 11_13_14.336-05_00_0.png,1.25,1.4889501705044457
990,2035_LeafPhotoA_2025-09-08 11_13_14.336-05_00_1.png,1.25,1.4155296137506863
991,2035_LeafPhotoA_2025-09-08 11_13_14.336-05_00_2.png,1.25,1.4494022971137916
992,2035_LeafPhotoA_2025-09-08 11_13_14.336-05_00_3.png,1.25,1.5051771066874586
1010,1549_LeafPhotoA_2025-09-09 09_50_49.099-05_00_0.png,2.75,3.0451499549355585
1011,1549_LeafPhotoA_2025-09-09 09_50_49.099-05_00_1.png,2.75,2.5242879245045455
1012,1549_LeafPhotoA_2025-09-09 09_50_49.099-05_00_2.png,2.75,2.06720137794567
1013,1549_LeafPhotoA_2025-09-09 09_50_49.099-05_00_3.png,2.75,2.0679201240258696
1034,1874_LeafPhotoA_2025-09-09 13_24_05.096-05_00_0.png,1.25,1.7830144680060513
1035,1874_LeafPhotoA_2025-09-09 13_24_05.096-05_00_1.png,1.25,1.7281852591745201
1036,1874_LeafPhotoA_2025-09-09 13_24_05.096-05_00_2.png,1.25,1.7155043999544772
1037,1874_LeafPhotoA_2025-09-09 13_24_05.096-05_00_3.png,1.25,1.5781920865834371
1044,1577_LeafPhotoA_2025-09-09 09_51_50.173-05_00_0.png,1.75,1.781653207026175
1045,1577_LeafPhotoA_2025-09-09 09_51_50.173-05_00_1.png,1.75,2.0013833033617296
1046,1577_LeafPhotoA_2025-09-09 09_51_50.173-05_00_2.png,1.75,2.246461027033395
1065,1218_LeafPhotoA_2025-09-08 09_55_48.140-05_00_0.png,3.5,2.968817145201435
1066,1218_LeafPhotoA_2025-09-08 09_55_48.140-05_00_1.png,3.5,2.4409333468460805
1067,1218_LeafPhotoA_2025-09-08 09_55_48.140-05_00_2.png,3.5,2.34750424935545
1068,1218_LeafPhotoA_2025-09-08 09_55_48.140-05_00_3.png,3.5,2.4922008420823247
1069,5036_LeafPhotoA_2025-09-09 17_09_05.761-05_00_0.png,1.5,1.5642632808475496
1070,5036_LeafPhotoA_2025-09-09 17_09_05.761-05_00_1.png,1.5,1.4554768167454881
1071,5036_LeafPhotoA_2025-09-09 17_09_05.761-05_00_2.png,1.5,1.5224431688166216
1072,5036_LeafPhotoA_2025-09-09 17_09_05.761-05_00_3.png,1.5,1.4959363783504644
1077,6010_LeafPhotoA_2025-09-09 17_01_22.660-05_00_0.png,1.25,1.5311165260428996
1078,6010_LeafPhotoA_2025-09-09 17_01_22.660-05_00_1.png,1.25,1.4638561628036282
1079,6010_LeafPhotoA_2025-09-09 17_01_22.660-05_00_2.png,1.25,1.4565698583644597
1080,6010_LeafPhotoA_2025-09-09 17_01_22.660-05_00_3.png,1.25,1.4932845664182726
1121,2772_LeafPhotoA_2025-09-09 15_47_32.015-05_00_0.png,1.0,1.6858009846656323
1122,2772_LeafPhotoA_2025-09-09 15_47_32.015-05_00_1.png,1.0,1.4841070014830653
1123,2772_LeafPhotoA_2025-09-09 15_47_32.015-05_00_2.png,1.0,1.5104879431212643
1124,,1.5,1.518334820537221
1127,2656_LeafPhotoA_2025-09-09 11_30_02.897-05_00_0.png,2.0,1.9462611918525223
1128,2656_LeafPhotoA_2025-09-09 11_30_02.897-05_00_1.png,2.0,1.796111639815006
1129,2656_LeafPhotoA_2025-09-09 11_30_02.897-05_00_2.png,2.0,2.0013366521321228
1138,,1.5,1.518334820537221
1139,1427_LeafPhotoA_2025-09-08 09_49_32.229-05_00_0.png,3.25,2.1612866459914644
1140,1427_LeafPhotoA_2025-09-08 09_49_32.229-05_00_1.png,3.25,2.4431023640890106
1141,1427_LeafPhotoA_2025-09-08 09_49_32.229-05_00_2.png,3.25,2.883927037752696
1142,1427_LeafPhotoA_2025-09-08 09_49_32.229-05_00_3.png,3.25,2.6936186235397717
1201,2186_LeafPhotoA_2025-09-09 12_31_28.944-05_00_0.png,2.5,3.035284857700494
1202,2186_LeafPhotoA_2025-09-09 12_31_28.944-05_00_1.png,2.5,3.4493110430734273
1203,2186_LeafPhotoA_2025-09-09 12_31_28.944-05_00_2.png,2.5,3.5004529317288613
1204,2186_LeafPhotoA_2025-09-09 12_31_28.944-05_00_3.png,2.5,3.3373238816101622
1205,1792_LeafPhotoA_2025-09-09 09_09_06.607-05_00_0.png,1.25,1.4137312288674517
1206,1792_LeafPhotoA_2025-09-09 09_09_06.607-05_00_1.png,1.25,1.4765831815458363
1207,1792_LeafPhotoA_2025-09-09 09_09_06.607-05_00_2.png,1.25,1.5569737927621057
1208,1792_LeafPhotoA_2025-09-09 09_09_06.607-05_00_3.png,1.25,1.7189809976816564
1214,1137_LeafPhotoA_2025-09-08 10_30_17.775-05_00_0.png,1.5,1.8598722239125682
1215,1137_LeafPhotoA_2025-09-08 10_30_17.775-05_00_1.png,1.5,1.7427813317322811
1216,1137_LeafPhotoA_2025-09-08 10_30_17.775-05_00_2.png,1.5,1.547088190816035
1217,1137_LeafPhotoA_2025-09-08 10_30_17.775-05_00_3.png,1.5,1.6884274982019754
1226,2140_LeafPhotoA_2025-09-08 12_01_54.848-05_00_0.png,2.25,2.075465194903565
1227,2140_LeafPhotoA_2025-09-08 12_01_54.848-05_00_1.png,2.25,2.063146266784327
1228,2140_LeafPhotoA_2025-09-08 12_01_54.848-05_00_2.png,2.25,1.850272053038694
1243,5021_LeafPhotoA_2025-09-09 16_37_05.057-05_00_0.png,1.75,1.8030518349254798
1244,5021_LeafPhotoA_2025-09-09 16_37_05.057-05_00_1.png,1.75,1.616377650392551
1245,5021_LeafPhotoA_2025-09-09 16_37_05.057-05_00_2.png,1.75,1.5038959987166252
1246,5021_LeafPhotoA_2025-09-09 16_37_05.057-05_00_3.png,1.75,1.5176035415894165
1285,5006_LeafPhotoA_2025-09-09 16_01_39.048-05_00_0.png,1.25,1.4203998206421773
1286,5006_LeafPhotoA_2025-09-09 16_01_39.048-05_00_1.png,1.25,1.443375714384228
1287,5006_LeafPhotoA_2025-09-09 16_01_39.048-05_00_2.png,1.25,1.4710552808975794
1288,5006_LeafPhotoA_2025-09-09 16_01_39.048-05_00_3.png,1.25,1.4726029195119752
1289,1157_LeafPhotoA_2025-09-08 16_50_24.357-05_00_0.png,2.5,2.0517594450720416
1290,1157_LeafPhotoA_2025-09-08 16_50_24.357-05_00_1.png,2.5,2.263065147714915
1291,1157_LeafPhotoA_2025-09-08 16_50_24.357-05_00_2.png,2.5,2.229224319529371
1300,2956_LeafPhotoA_2025-09-09 15_59_30.545-05_00_0.png,1.5,1.863415771842822
1301,2956_LeafPhotoA_2025-09-09 15_59_30.545-05_00_1.png,1.5,1.7983255717880324
1302,2956_LeafPhotoA_2025-09-09 15_59_30.545-05_00_2.png,1.5,1.8154337955395423
1303,2956_LeafPhotoA_2025-09-09 15_59_30.545-05_00_3.png,1.5,1.7981859195550172
1304,1638_LeafPhotoA_2025-09-09 10_27_46.342-05_00_0.png,2.5,2.1750226292240615
1305,1638_LeafPhotoA_2025-09-09 10_27_46.342-05_00_1.png,2.5,2.70432572761346
1306,1638_LeafPhotoA_2025-09-09 10_27_46.342-05_00_2.png,2.5,2.6270382305602906
1307,1638_LeafPhotoA_2025-09-09 10_27_46.342-05_00_3.png,2.5,2.2296090929373644
1316,2464_LeafPhotoB_2025-09-08 11_41_40.408-05_00_0.png,2.75,2.300233888774909
1317,2464_LeafPhotoB_2025-09-08 11_41_40.408-05_00_1.png,2.75,2.0097145252086226
1318,2464_LeafPhotoB_2025-09-08 11_41_40.408-05_00_2.png,2.75,1.857940191591605
1319,2464_LeafPhotoB_2025-09-08 11_41_40.408-05_00_3.png,2.75,1.9054411990908704
1324,6043_LeafPhotoA_2025-09-09 16_04_16.208-05_00_0.png,2.0,1.6360577877538975
1325,6043_LeafPhotoA_2025-09-09 16_04_16.208-05_00_1.png,2.0,1.7632164217003636
1326,6043_LeafPhotoA_2025-09-09 16_04_16.208-05_00_2.png,2.0,1.786710557330527
1327,6043_LeafPhotoA_2025-09-09 16_04_16.208-05_00_3.png,2.0,1.7729604820095342
1328,1534_LeafPhotoA_2025-09-09 09_32_36.020-05_00_0.png,2.75,2.7887946193992055
1329,1534_LeafPhotoA_2025-09-09 09_32_36.020-05_00_1.png,2.75,2.539204541033586
1330,1534_LeafPhotoA_2025-09-09 09_32_36.020-05_00_2.png,2.75,2.1041924607577673
1331,1534_LeafPhotoA_2025-09-09 09_32_36.020-05_00_3.png,2.75,1.810146889065814
1336,,1.0,1.518334820537221
1337,2453_LeafPhotoB_2025-09-08 11_30_51.747-05_00_0.png,1.75,2.0789612406785394
1338,2453_LeafPhotoB_2025-09-08 11_30_51.747-05_00_1.png,1.75,2.032392258401642
1339,2453_LeafPhotoB_2025-09-08 11_30_51.747-05_00_2.png,1.75,2.056732908248872
1340,2453_LeafPhotoB_2025-09-08 11_30_51.747-05_00_3.png,1.75,2.009820982992325
1341,,2.25,1.518334820537221
1348,1539_LeafPhotoA_2025-09-09 09_37_58.578-05_00_0.png,2.0,1.8944456718963303
1349,1539_LeafPhotoA_2025-09-09 09_37_58.578-05_00_1.png,2.0,1.9026452302857115
1350,1539_LeafPhotoA_2025-09-09 09_37_58.578-05_00_2.png,2.0,1.9435144018742123
1351,1539_LeafPhotoA_2025-09-09 09_37_58.578-05_00_3.png,2.0,1.907171843679196
1375,,2.75,1.518334820537221
1404,2505_LeafPhotoA_2025-09-09 10_00_57.054-05_00_0.png,1.25,1.504255926052075
1405,2505_LeafPhotoA_2025-09-09 10_00_57.054-05_00_1.png,1.25,1.7363475349684707
1406,2505_LeafPhotoA_2025-09-09 10_00_57.054-05_00_2.png,1.25,1.6464106617031347
1407,2505_LeafPhotoA_2025-09-09 10_00_57.054-05_00_3.png,1.25,1.7053354244833538
1408,1479_LeafPhotoB_2025-09-08 16_43_58.192-05_00_0.png,2.25,1.8875252205690465
1409,1479_LeafPhotoB_2025-09-08 16_43_58.192-05_00_1.png,2.25,1.9460288341975653
1410,1479_LeafPhotoB_2025-09-08 16_43_58.192-05_00_2.png,2.25,2.081837781954172
1411,1479_LeafPhotoB_2025-09-08 16_43_58.192-05_00_3.png,2.25,2.1560772906323393
1420,5016_LeafPhotoA_2025-09-09 16_24_50.932-05_00_0.png,1.0,1.548384203437029
1421,5016_LeafPhotoA_2025-09-09 16_24_50.932-05_00_1.png,1.0,1.489538997817055
1422,5016_LeafPhotoA_2025-09-09 16_24_50.932-05_00_2.png,1.0,1.4361172112666885
1423,5016_LeafPhotoA_2025-09-09 16_24_50.932-05_00_3.png,1.0,1.5400702236252741
1431,,1.25,1.518334820537221
1436,1385_LeafPhotoA_2025-09-08 13_04_24.143-05_00_0.png,2.0,1.7330889931684257
1437,1385_LeafPhotoA_2025-09-08 13_04_24.143-05_00_1.png,2.0,1.7154385165595507
1438,1385_LeafPhotoA_2025-09-08 13_04_24.143-05_00_2.png,2.0,1.9438235878543553
1450,,1.25,1.518334820537221
1465,1391_LeafPhotoA_2025-09-08 13_11_35.950-05_00_0.png,4.5,3.2887819166342775
1466,1391_LeafPhotoA_2025-09-08 13_11_35.950-05_00_1.png,4.5,3.5593638544977564
1467,1391_LeafPhotoA_2025-09-08 13_11_35.950-05_00_2.png,4.5,3.511633359216177
1468,1391_LeafPhotoA_2025-09-08 13_11_35.950-05_00_3.png,4.5,3.451563526518346
1497,,2.0,1.518334820537221
1502,2145_LeafPhotoA_2025-09-08 12_12_59.236-05_00_0.png,2.0,1.8965570076709768
1503,2145_LeafPhotoA_2025-09-08 12_12_59.236-05_00_1.png,2.0,1.738725146238208
1504,2145_LeafPhotoA_2025-09-08 12_12_59.236-05_00_2.png,2.0,2.2737052362698638
1505,2145_LeafPhotoA_2025-09-08 12_12_59.236-05_00_3.png,2.0,2.0564304425865965
1528,1941_LeafPhotoA_2025-09-09 15_40_00.245-05_00_0.png,2.0,1.9437319965251458
1529,1941_LeafPhotoA_2025-09-09 15_40_00.245-05_00_1.png,2.0,2.0256994659752015
1530,1941_LeafPhotoA_2025-09-09 15_40_00.245-05_00_2.png,2.0,2.062627298498427
1535,1118_LeafPhotoA_2025-09-08 10_02_17.783-05_00_0.png,1.75,1.8169644107003808
1536,1118_LeafPhotoA_2025-09-08 10_02_17.783-05_00_1.png,1.75,1.7262738268425197
1537,1118_LeafPhotoA_2025-09-08 10_02_17.783-05_00_2.png,1.75,1.7638366858065984
1538,1118_LeafPhotoA_2025-09-08 10_02_17.783-05_00_3.png,1.75,1.993584058761013
1539,2030_LeafPhotoA_2025-09-08 11_08_05.704-05_00_0.png,1.75,1.677820489276662
1540,2030_LeafPhotoA_2025-09-08 11_08_05.704-05_00_1.png,1.75,1.826920649386304
1541,2030_LeafPhotoA_2025-09-08 11_08_05.704-05_00_2.png,1.75,1.843492165632356
1542,2030_LeafPhotoA_2025-09-08 11_08_05.704-05_00_3.png,1.75,1.6932074689729484
1555,,1.5,1.518334820537221
1561,1405_LeafPhotoB_2025-09-08 09_59_46.991-05_00_0.png,1.0,1.4150646336127186
1562,1405_LeafPhotoB_2025-09-08 09_59_46.991-05_00_1.png,1.0,1.5102645191281028
1563,1405_LeafPhotoB_2025-09-08 09_59_46.991-05_00_2.png,1.0,1.615477760185576
1564,1405_LeafPhotoB_2025-09-08 09_59_46.991-05_00_3.png,1.0,1.5746602972656567
1573,1603_LeafPhotoA_2025-09-09 08_56_04.202-05_00_0.png,2.75,2.0376114876838556
1574,1603_LeafPhotoA_2025-09-09 08_56_04.202-05_00_1.png,2.75,1.9423291435445078
1575,1603_LeafPhotoA_2025-09-09 08_56_04.202-05_00_2.png,2.75,2.012833177132036
1576,1603_LeafPhotoA_2025-09-09 08_56_04.202-05_00_3.png,2.75,1.984860522475462
1611,2186_LeafPhotoA_2025-09-09 12_31_18.903-05_00_0.png,2.75,3.20035410169466
1612,2186_LeafPhotoA_2025-09-09 12_31_18.903-05_00_1.png,2.75,3.409922237459681
1613,2186_LeafPhotoA_2025-09-09 12_31_18.903-05_00_2.png,2.75,3.706051808553647
1614,2186_LeafPhotoA_2025-09-09 12_31_18.903-05_00_3.png,2.75,3.8114664763448634
1643,1385_LeafPhotoA_2025-09-08 13_05_07.306-05_00_0.png,2.75,2.0703518429454952
1644,1385_LeafPhotoA_2025-09-08 13_05_07.306-05_00_1.png,2.75,2.027225231313949
1645,1385_LeafPhotoA_2025-09-08 13_05_07.306-05_00_2.png,2.75,1.5809096796449744
1646,1385_LeafPhotoA_2025-09-08 13_05_07.306-05_00_3.png,2.75,1.6210044820304124
1680,1534_LeafPhotoA_2025-09-09 09_32_49.938-05_00_0.png,1.25,1.973903071730471
1681,1534_LeafPhotoA_2025-09-09 09_32_49.938-05_00_1.png,1.25,1.9900917154346924
1682,1534_LeafPhotoA_2025-09-09 09_32_49.938-05_00_2.png,1.25,1.8717632667792303
1683,1534_LeafPhotoA_2025-09-09 09_32_49.938-05_00_3.png,1.25,1.814050171405822
1710,1210_LeafPhotoA_2025-09-08 09_38_24.164-05_00_0.png,1.25,1.6677736672905994
1711,1210_LeafPhotoA_2025-09-08 09_38_24.164-05_00_1.png,1.25,1.644777441076009
1712,1210_LeafPhotoA_2025-09-08 09_38_24.164-05_00_2.png,1.25,1.5442842417801776
1713,1210_LeafPhotoA_2025-09-08 09_38_24.164-05_00_3.png,1.25,1.6126438522992315
1743,2118_LeafPhotoA_2025-09-08 11_24_23.851-05_00_0.png,3.0,2.8641425879368017
1744,2118_LeafPhotoA_2025-09-08 11_24_23.851-05_00_1.png,3.0,2.839476195154891
1745,2118_LeafPhotoA_2025-09-08 11_24_23.851-05_00_2.png,3.0,2.859844031298367
1746,2118_LeafPhotoA_2025-09-08 11_24_23.851-05_00_3.png,3.0,2.740678856174211
1773,1351_LeafPhotoA_2025-09-08 12_28_03.896-05_00_0.png,2.0,1.72700350127169
1774,1351_LeafPhotoA_2025-09-08 12_28_03.896-05_00_1.png,2.0,1.813817288028879
1775,1351_LeafPhotoA_2025-09-08 12_28_03.896-05_00_2.png,2.0,1.8820002328682661
1788,2796_LeafPhotoA_2025-09-09 11_09_54.572-05_00_0.png,1.5,1.8058037899564605
1789,2796_LeafPhotoA_2025-09-09 11_09_54.572-05_00_1.png,1.5,1.8084596471890388
1790,2796_LeafPhotoA_2025-09-09 11_09_54.572-05_00_2.png,1.5,1.8613996173997138
1791,2796_LeafPhotoA_2025-09-09 11_09_54.572-05_00_3.png,1.5,1.9997086264841701
1824,1809_LeafPhotoA_2025-09-09 09_04_05.610-05_00_0.png,2.25,1.9826466545186554
1825,1809_LeafPhotoA_2025-09-09 09_04_05.610-05_00_1.png,2.25,2.0355015517642268
1826,1809_LeafPhotoA_2025-09-09 09_04_05.610-05_00_2.png,2.25,1.9127704706391815
1827,1809_LeafPhotoA_2025-09-09 09_04_05.610-05_00_3.png,2.25,1.9450363114160523
1828,1897_LeafPhotoA_2025-09-09 17_20_57.001-05_00_0.png,1.5,1.9896500427676889
1829,1897_LeafPhotoA_2025-09-09 17_20_57.001-05_00_1.png,1.5,2.146339201998839
1830,1897_LeafPhotoA_2025-09-09 17_20_57.001-05_00_2.png,1.5,2.2079667969020726
1839,1480_LeafPhotoB_2025-09-08 16_45_21.155-05_00_0.png,1.5,1.7664168622592589
1840,1480_LeafPhotoB_2025-09-08 16_45_21.155-05_00_1.png,1.5,1.6756292766222147
1841,1480_LeafPhotoB_2025-09-08 16_45_21.155-05_00_2.png,1.5,1.7905726107362152
1842,1480_LeafPhotoB_2025-09-08 16_45_21.155-05_00_3.png,1.5,1.836846307842342
1847,1921_LeafPhotoA_2025-09-09 15_12_57.015-05_00_0.png,2.5,2.5197404655243285
1848,1921_LeafPhotoA_2025-09-09 15_12_57.015-05_00_1.png,2.5,2.3192932335444922
1849,1921_LeafPhotoA_2025-09-09 15_12_57.015-05_00_2.png,2.5,2.3924574288549705
1850,1921_LeafPhotoA_2025-09-09 15_12_57.015-05_00_3.png,2.5,2.4697638851516546
1851,2274_LeafPhotoA_2025-09-08 17_09_38.644-05_00_0.png,2.0,1.9310980084909068
1852,2274_LeafPhotoA_2025-09-08 17_09_38.644-05_00_1.png,2.0,1.9529234892894916
1853,2274_LeafPhotoA_2025-09-08 17_09_38.644-05_00_2.png,2.0,2.0836705580854185
1854,2274_LeafPhotoA_2025-09-08 17_09_38.644-05_00_3.png,2.0,2.2399750917082555
1859,,3.5,1.518334820537221
1879,1427_LeafPhotoA_2025-09-08 09_50_09.893-05_00_0.png,2.5,1.822684729658027
1880,1427_LeafPhotoA_2025-09-08 09_50_09.893-05_00_1.png,2.5,1.9518211209477647
1881,1427_LeafPhotoA_2025-09-08 09_50_09.893-05_00_2.png,2.5,2.086858825241951
1882,1427_LeafPhotoA_2025-09-08 09_50_09.893-05_00_3.png,2.5,2.272015696238317
1887,6043_LeafPhotoA_2025-09-09 16_04_58.355-05_00_0.png,1.75,1.723339199510929
1888,6043_LeafPhotoA_2025-09-09 16_04_58.355-05_00_1.png,1.75,1.688077713430074
1889,6043_LeafPhotoA_2025-09-09 16_04_58.355-05_00_2.png,1.75,1.6856628126488806
1890,6043_LeafPhotoA_2025-09-09 16_04_58.355-05_00_3.png,1.75,1.5691304270777953
1910,2489_LeafPhotoB_2025-09-08 12_04_49.131-05_00_0.png,2.5,2.0963492848740537
1911,2489_LeafPhotoB_2025-09-08 12_04_49.131-05_00_1.png,2.5,2.2956338470145554
1912,2489_LeafPhotoB_2025-09-08 12_04_49.131-05_00_2.png,2.5,2.1162553932744523
1913,2489_LeafPhotoB_2025-09-08 12_04_49.131-05_00_3.png,2.5,2.0930598589433718
1920,1792_LeafPhotoA_2025-09-09 09_08_36.909-05_00_0.png,1.75,1.8289843732727846
1921,1792_LeafPhotoA_2025-09-09 09_08_36.909-05_00_1.png,1.75,1.631002505281241
1922,1792_LeafPhotoA_2025-09-09 09_08_36.909-05_00_2.png,1.75,1.6069692311544088
1923,1792_LeafPhotoA_2025-09-09 09_08_36.909-05_00_3.png,1.75,1.6009719195636383
1932,1037_LeafPhotoA_2025-09-08 10_14_34.857-05_00_0.png,2.25,1.9000438961837958
1933,1037_LeafPhotoA_2025-09-08 10_14_34.857-05_00_1.png,2.25,1.6085543508921982
1934,1037_LeafPhotoA_2025-09-08 10_14_34.857-05_00_2.png,2.25,1.524665293702542
1935,1037_LeafPhotoA_2025-09-08 10_14_34.857-05_00_3.png,2.25,1.5387630802505026
1960,1576_LeafPhotoA_2025-09-09 09_52_24.983-05_00_0.png,1.25,1.583613803178818
1961,1576_LeafPhotoA_2025-09-09 09_52_24.983-05_00_1.png,1.25,1.5736518457462725
1962,1576_LeafPhotoA_2025-09-09 09_52_24.983-05_00_2.png,1.25,1.571673370184884
1963,1576_LeafPhotoA_2025-09-09 09_52_24.983-05_00_3.png,1.25,1.5034783935498917
1964,1747_LeafPhotoA_2025-09-09 10_05_14.099-05_00_0.png,3.5,3.1290032515966133
1965,1747_LeafPhotoA_2025-09-09 10_05_14.099-05_00_1.png,3.5,3.58157395183721
1966,1747_LeafPhotoA_2025-09-09 10_05_14.099-05_00_2.png,3.5,3.5260208170921223
1967,1747_LeafPhotoA_2025-09-09 10_05_14.099-05_00_3.png,3.5,3.412019241021564
1968,,3.25,1.518334820537221
1977,2394_LeafPhotoA_2025-09-08 12_19_19.139-05_00_0.png,2.75,2.092943953775126
1978,2394_LeafPhotoA_2025-09-08 12_19_19.139-05_00_1.png,2.75,2.272085734426677
1979,2394_LeafPhotoA_2025-09-08 12_19_19.139-05_00_2.png,2.75,2.4227284229322734
1980,2394_LeafPhotoA_2025-09-08 12_19_19.139-05_00_3.png,2.75,2.770517759602512
1981,2277_LeafPhotoA_2025-09-08 17_02_56.416-05_00_0.png,2.25,1.960380918491696
1982,2277_LeafPhotoA_2025-09-08 17_02_56.416-05_00_1.png,2.25,1.9520473315420093
1983,2277_LeafPhotoA_2025-09-08 17_02_56.416-05_00_2.png,2.25,1.9255647141565286
2019,1405_LeafPhotoA_2025-09-08 09_26_00.409-05_00_0.png,1.25,1.750595038776153
2020,1405_LeafPhotoA_2025-09-08 09_26_00.409-05_00_1.png,1.25,1.5233085436020812
2021,1405_LeafPhotoA_2025-09-08 09_26_00.409-05_00_2.png,1.25,1.518060507528677
2022,1405_LeafPhotoA_2025-09-08 09_26_00.409-05_00_3.png,1.25,1.535255545706301
2055,2590_LeafPhotoA_2025-09-09 10_31_27.084-05_00_0.png,1.5,1.7765506644377569
2056,2590_LeafPhotoA_2025-09-09 10_31_27.084-05_00_1.png,1.5,1.6938370603102606
2057,2590_LeafPhotoA_2025-09-09 10_31_27.084-05_00_2.png,1.5,1.7202127477176816
2058,2590_LeafPhotoA_2025-09-09 10_31_27.084-05_00_3.png,1.5,1.7569361002738515
2075,1171_LeafPhotoA_2025-09-08 16_30_33.870-05_00_0.png,2.0,1.66879184751079
2076,1171_LeafPhotoA_2025-09-08 16_30_33.870-05_00_1.png,2.0,1.8680895422767523
2077,1171_LeafPhotoA_2025-09-08 16_30_33.870-05_00_2.png,2.0,1.9294035312490228
2078,1171_LeafPhotoA_2025-09-08 16_30_33.870-05_00_3.png,2.0,1.8789941337257516
2087,6018_LeafPhotoA_2025-09-09 16_46_19.898-05_00_0.png,1.25,1.3804384018580036
2088,6018_LeafPhotoA_2025-09-09 16_46_19.898-05_00_1.png,1.25,1.6194334594821247
2089,6018_LeafPhotoA_2025-09-09 16_46_19.898-05_00_2.png,1.25,1.6917136348451176
2090,6018_LeafPhotoA_2025-09-09 16_46_19.898-05_00_3.png,1.25,1.5756207364759995
2091,2935_LeafPhotoA_2025-09-09 16_33_34.724-05_00_0.png,1.5,1.5145923565347896
2092,2935_LeafPhotoA_2025-09-09 16_33_34.724-05_00_1.png,1.5,1.581171041061909
2093,2935_LeafPhotoA_2025-09-09 16_33_34.724-05_00_2.png,1.5,1.5502872128588079
2094,2935_LeafPhotoA_2025-09-09 16_33_34.724-05_00_3.png,1.5,1.4064685846381866
2103,1240_LeafPhotoA_2025-09-08 10_28_24.122-05_00_0.png,1.5,1.7357591193313928
2104,1240_LeafPhotoA_2025-09-08 10_28_24.122-05_00_1.png,1.5,1.666068887818693
2105,1240_LeafPhotoA_2025-09-08 10_28_24.122-05_00_2.png,1.5,1.632579756260968
2106,1240_LeafPhotoA_2025-09-08 10_28_24.122-05_00_3.png,1.5,1.6948568024861574
2129,2091_LeafPhotoA_2025-09-08 12_28_15.428-05_00_0.png,2.75,2.0066911788081483
2130,2091_LeafPhotoA_2025-09-08 12_28_15.428-05_00_1.png,2.75,1.9588435319840107
2131,2091_LeafPhotoA_2025-09-08 12_28_15.428-05_00_2.png,2.75,1.9346204342004452
2132,2091_LeafPhotoA_2025-09-08 12_28_15.428-05_00_3.png,2.75,1.757855629113175
2149,1324_LeafPhotoA_2025-09-08 09_47_08.944-05_00_0.png,2.0,1.8185056541182716
2150,1324_LeafPhotoA_2025-09-08 09_47_08.944-05_00_1.png,2.0,1.8384485100347145
2151,1324_LeafPhotoA_2025-09-08 09_47_08.944-05_00_2.png,2.0,1.742852055051358
2152,1324_LeafPhotoA_2025-09-08 09_47_08.944-05_00_3.png,2.0,1.7765148602651504
2177,1098_LeafPhotoA_2025-09-09 11_09_21.218-05_00_0.png,1.25,2.0559546610080655
2178,1098_LeafPhotoA_2025-09-09 11_09_21.218-05_00_1.png,1.25,1.9934435460444546
2179,1098_LeafPhotoA_2025-09-09 11_09_21.218-05_00_2.png,1.25,1.881700873906079
2180,1098_LeafPhotoA_2025-09-09 11_09_21.218-05_00_3.png,1.25,1.7047540130900236
2184,2097_LeafPhotoA_2025-09-08 12_33_49.300-05_00_0.png,1.5,1.8728803710765791
2185,2097_LeafPhotoA_2025-09-08 12_33_49.300-05_00_1.png,1.5,1.7852119685404337
2186,2097_LeafPhotoA_2025-09-08 12_33_49.300-05_00_2.png,1.5,1.8115564482244046
2187,2097_LeafPhotoA_2025-09-08 12_33_49.300-05_00_3.png,1.5,1.867975380244828
2214,1876_LeafPhotoA_2025-09-09 17_04_03.852-05_00_0.png,2.25,2.085695924148807
2215,1876_LeafPhotoA_2025-09-09 17_04_03.852-05_00_1.png,2.25,1.9985175791199394
2216,1876_LeafPhotoA_2025-09-09 17_04_03.852-05_00_2.png,2.25,1.925492615750548
2217,1876_LeafPhotoA_2025-09-09 17_04_03.852-05_00_3.png,2.25,1.8460134466747278
2231,1405_LeafPhotoB_2025-09-08 10_00_01.542-05_00_0.png,1.5,1.758191127807808
2232,1405_LeafPhotoB_2025-09-08 10_00_01.542-05_00_1.png,1.5,1.7632779887452876
2233,1405_LeafPhotoB_2025-09-08 10_00_01.542-05_00_2.png,1.5,1.5667667846859024
2234,1405_LeafPhotoB_2025-09-08 10_00_01.542-05_00_3.png,1.5,1.6327485859084157
2263,1562_LeafPhotoA_2025-09-09 10_11_10.077-05_00_0.png,1.0,1.5873648014030182
2264,1562_LeafPhotoA_2025-09-09 10_11_10.077-05_00_1.png,1.0,1.5308166510060857
2265,1562_LeafPhotoA_2025-09-09 10_11_10.077-05_00_2.png,1.0,1.5791821699936062
2266,1562_LeafPhotoA_2025-09-09 10_11_10.077-05_00_3.png,1.0,1.7155478307955092
2268,5028_LeafPhotoA_2025-09-09 16_52_02.474-05_00_0.png,2.25,2.8131347077844766
2269,5028_LeafPhotoA_2025-09-09 16_52_02.474-05_00_1.png,2.25,2.6604681727729327
2270,5028_LeafPhotoA_2025-09-09 16_52_02.474-05_00_2.png,2.25,2.4674005829302854
2271,5028_LeafPhotoA_2025-09-09 16_52_02.474-05_00_3.png,2.25,2.2980539787081975
2272,1659_LeafPhotoA_2025-09-09 10_11_01.636-05_00_0.png,1.5,1.5220079784050369
2273,1659_LeafPhotoA_2025-09-09 10_11_01.636-05_00_1.png,1.5,1.7770376961825298
2274,1659_LeafPhotoA_2025-09-09 10_11_01.636-05_00_2.png,1.5,1.8767875289520974
2279,1479_LeafPhotoB_2025-09-08 16_43_30.857-05_00_0.png,1.75,1.7738338186080056
2280,1479_LeafPhotoB_2025-09-08 16_43_30.857-05_00_1.png,1.75,2.054537679876883
2281,1479_LeafPhotoB_2025-09-08 16_43_30.857-05_00_2.png,1.75,2.0162577881068593
2282,1479_LeafPhotoB_2025-09-08 16_43_30.857-05_00_3.png,1.75,2.1709797061741707
2290,2090_LeafPhotoA_2025-09-08 12_27_18.336-05_00_0.png,1.0,1.5084320743684132
2291,2090_LeafPhotoA_2025-09-08 12_27_18.336-05_00_1.png,1.0,1.5434630772170446
2292,2090_LeafPhotoA_2025-09-08 12_27_18.336-05_00_2.png,1.0,1.4900839220083606
2293,2090_LeafPhotoA_2025-09-08 12_27_18.336-05_00_3.png,1.0,1.4979779103192408
2314,2449_LeafPhotoB_2025-09-08 11_23_39.370-05_00_0.png,2.0,1.7099513491718408
2315,2449_LeafPhotoB_2025-09-08 11_23_39.370-05_00_1.png,2.0,1.8837865040589485
2316,2449_LeafPhotoB_2025-09-08 11_23_39.370-05_00_2.png,2.0,1.9885812992835041
2317,2449_LeafPhotoB_2025-09-08 11_23_39.370-05_00_3.png,2.0,1.9705652372187774
2318,1187_LeafPhotoA_2025-09-08 16_03_30.325-05_00_0.png,2.0,1.9392005875925191
2319,1187_LeafPhotoA_2025-09-08 16_03_30.325-05_00_1.png,2.0,1.9102485224971697
2320,1187_LeafPhotoA_2025-09-08 16_03_30.325-05_00_2.png,2.0,1.9140863359851361
2321,1187_LeafPhotoA_2025-09-08 16_03_30.325-05_00_3.png,2.0,1.965376126367613
2326,1600_LeafPhotoA_2025-09-09 10_22_37.520-05_00_0.png,2.0,1.7408609016399264
2327,1600_LeafPhotoA_2025-09-09 10_22_37.520-05_00_1.png,2.0,1.5588042663927908
2328,1600_LeafPhotoA_2025-09-09 10_22_37.520-05_00_2.png,2.0,1.4113393398003506
2340,2078_LeafPhotoA_2025-09-08 12_14_10.635-05_00_0.png,2.75,1.901815749004893
2341,2078_LeafPhotoA_2025-09-08 12_14_10.635-05_00_1.png,2.75,1.9731755705702092
2342,2078_LeafPhotoA_2025-09-08 12_14_10.635-05_00_2.png,2.75,1.995717421517537
2343,2078_LeafPhotoA_2025-09-08 12_14_10.635-05_00_3.png,2.75,2.0437289407466452
2356,2952_LeafPhotoA_2025-09-09 15_55_46.839-05_00_0.png,2.5,2.2337748403628845
2357,2952_LeafPhotoA_2025-09-09 15_55_46.839-05_00_1.png,2.5,2.2249748531267506
2366,2541_LeafPhotoA_2025-09-09 10_40_27.804-05_00_0.png,1.75,2.141921000890236
2367,2541_LeafPhotoA_2025-09-09 10_40_27.804-05_00_1.png,1.75,2.211998255600035
2368,2541_LeafPhotoA_2025-09-09 10_40_27.804-05_00_2.png,1.75,2.0122433351571316
2369,2541_LeafPhotoA_2025-09-09 10_40_27.804-05_00_3.png,1.75,2.1133654873570706
2409,1188_LeafPhotoA_2025-09-08 16_01_44.544-05_00_0.png,2.25,2.271435589948263
2410,1188_LeafPhotoA_2025-09-08 16_01_44.544-05_00_1.png,2.25,2.108668194439576
2411,1188_LeafPhotoA_2025-09-08 16_01_44.544-05_00_2.png,2.25,1.8088688559319381
2442,2114_LeafPhotoA_2025-09-08 11_14_43.534-05_00_0.png,1.75,1.8211183679545733
2443,2114_LeafPhotoA_2025-09-08 11_14_43.534-05_00_1.png,1.75,1.8252121741025575
2444,2114_LeafPhotoA_2025-09-08 11_14_43.534-05_00_2.png,1.75,1.8502992918781438
2445,2114_LeafPhotoA_2025-09-08 11_14_43.534-05_00_3.png,1.75,1.7967823977779487
2450,2578_LeafPhotoA_2025-09-09 10_42_22.010-05_00_0.png,1.75,1.403659635131094
2451,2578_LeafPhotoA_2025-09-09 10_42_22.010-05_00_1.png,1.75,1.4172267602717488
2452,2578_LeafPhotoA_2025-09-09 10_42_22.010-05_00_2.png,1.75,1.6843650378295314
2453,2578_LeafPhotoA_2025-09-09 10_42_22.010-05_00_3.png,1.75,1.6546208794931698
2471,2649_LeafPhotoA_2025-09-09 11_26_00.362-05_00_0.png,2.25,2.1476142044588253
2472,2649_LeafPhotoA_2025-09-09 11_26_00.362-05_00_1.png,2.25,1.981826016303958
2473,2649_LeafPhotoA_2025-09-09 11_26_00.362-05_00_2.png,2.25,1.9530975729493536
2474,2649_LeafPhotoA_2025-09-09 11_26_00.362-05_00_3.png,2.25,2.087578202424082
2479,1434_LeafPhotoB_2025-09-08 10_25_56.347-05_00_0.png,1.75,1.4469010990693454
2480,1434_LeafPhotoB_2025-09-08 10_25_56.347-05_00_1.png,1.75,1.537891322482556
2481,1434_LeafPhotoB_2025-09-08 10_25_56.347-05_00_2.png,1.75,1.4015530238094083
2482,1434_LeafPhotoB_2025-09-08 10_25_56.347-05_00_3.png,1.75,1.4122220716231944
2486,2458_LeafPhotoB_2025-09-08 11_35_26.865-05_00_0.png,1.25,1.77635534626479
2487,2458_LeafPhotoB_2025-09-08 11_35_26.865-05_00_1.png,1.25,1.6929682195563573
2488,2458_LeafPhotoB_2025-09-08 11_35_26.865-05_00_2.png,1.25,1.5881300896887203
2489,2458_LeafPhotoB_2025-09-08 11_35_26.865-05_00_3.png,1.25,1.526752670009442
2502,5011_LeafPhotoA_2025-09-09 16_15_48.428-05_00_0.png,1.75,2.047929978704361
2503,5011_LeafPhotoA_2025-09-09 16_15_48.428-05_00_1.png,1.75,1.724461797622885
2504,5011_LeafPhotoA_2025-09-09 16_15_48.428-05_00_2.png,1.75,1.6680309556284794
2505,5011_LeafPhotoA_2025-09-09 16_15_48.428-05_00_3.png,1.75,1.742147069265588
2509,1916_LeafPhotoA_2025-09-09 14_55_34.742-05_00_0.png,2.25,1.8059784250836874
2510,1916_LeafPhotoA_2025-09-09 14_55_34.742-05_00_1.png,2.25,1.6596613514982328
2511,1916_LeafPhotoA_2025-09-09 14_55_34.742-05_00_2.png,2.25,1.870351811429597
2512,1916_LeafPhotoA_2025-09-09 14_55_34.742-05_00_3.png,2.25,1.9230450038115479
2523,2991_LeafPhotoA_2025-09-09 16_44_34.559-05_00_0.png,2.25,2.0651641234904594
2524,2991_LeafPhotoA_2025-09-09 16_44_34.559-05_00_1.png,2.25,2.1224539411218
2525,2991_LeafPhotoA_2025-09-09 16_44_34.559-05_00_2.png,2.25,1.9813398821072004
2526,2991_LeafPhotoA_2025-09-09 16_44_34.559-05_00_3.png,2.25,1.6629431198710416
2527,2844_LeafPhotoA_2025-09-09 11_13_34.394-05_00_0.png,2.5,2.125822540433997
2531,2722_LeafPhotoA_2025-09-09 10_43_28.841-05_00_0.png,3.5,2.906826862099889
2532,2722_LeafPhotoA_2025-09-09 10_43_28.841-05_00_1.png,3.5,3.3224402372509956
2533,2722_LeafPhotoA_2025-09-09 10_43_28.841-05_00_2.png,3.5,3.3323384624634635
2538,2453_LeafPhotoB_2025-09-08 11_31_31.055-05_00_0.png,1.5,1.882213974711363
2539,2453_LeafPhotoB_2025-09-08 11_31_31.055-05_00_1.png,1.5,1.8317215399015903
2540,2453_LeafPhotoB_2025-09-08 11_31_31.055-05_00_2.png,1.5,1.79305012614736
2541,2453_LeafPhotoB_2025-09-08 11_31_31.055-05_00_3.png,1.5,1.7823924501388702
2555,1425_LeafPhotoA_2025-09-08 09_47_28.860-05_00_0.png,1.5,1.7866999876055611
2556,1425_LeafPhotoA_2025-09-08 09_47_28.860-05_00_1.png,1.5,1.8007327042976238
2557,1425_LeafPhotoA_2025-09-08 09_47_28.860-05_00_2.png,1.5,1.7207299358350057
2558,1425_LeafPhotoA_2025-09-08 09_47_28.860-05_00_3.png,1.5,1.690831527082883
2571,,2.5,1.518334820537221
2583,,1.25,1.518334820537221
2588,2107_LeafPhotoA_2025-09-08 11_02_37.715-05_00_0.png,1.25,1.5201857907063983
2589,2107_LeafPhotoA_2025-09-08 11_02_37.715-05_00_1.png,1.25,1.4359230334687958
2590,2107_LeafPhotoA_2025-09-08 11_02_37.715-05_00_2.png,1.25,1.422861326589074
2591,2107_LeafPhotoA_2025-09-08 11_02_37.715-05_00_3.png,1.25,1.5232006266902753
2670,2648_LeafPhotoA_2025-09-09 11_27_06.528-05_00_0.png,1.25,1.6142491143760491
2671,2648_LeafPhotoA_2025-09-09 11_27_06.528-05_00_1.png,1.25,1.5001713193282464
2672,2648_LeafPhotoA_2025-09-09 11_27_06.528-05_00_2.png,1.25,1.5534304911598846
2673,2648_LeafPhotoA_2025-09-09 11_27_06.528-05_00_3.png,1.25,1.5212478924655792
2691,1500_LeafPhotoB_2025-09-08 12_25_38.479-05_00_0.png,1.75,1.5616390472165431
2692,1500_LeafPhotoB_2025-09-08 12_25_38.479-05_00_1.png,1.75,1.5499068858271656
2693,1500_LeafPhotoB_2025-09-08 12_25_38.479-05_00_2.png,1.75,1.60277353128611
2694,1500_LeafPhotoB_2025-09-08 12_25_38.479-05_00_3.png,1.75,1.70382478395501
2723,1893_LeafPhotoA_2025-09-09 12_59_38.775-05_00_0.png,2.0,1.6587920935667642
2724,1893_LeafPhotoA_2025-09-09 12_59_38.775-05_00_1.png,2.0,1.4650409638986448
2725,1893_LeafPhotoA_2025-09-09 12_59_38.775-05_00_2.png,2.0,1.5428477537719993
2726,1893_LeafPhotoA_2025-09-09 12_59_38.775-05_00_3.png,2.0,1.4424225318562578
2737,2893_LeafPhotoA_2025-09-09 13_59_49.093-05_00_0.png,2.25,2.1520112564772984
2738,2893_LeafPhotoA_2025-09-09 13_59_49.093-05_00_1.png,2.25,2.2341711030591638
2739,2893_LeafPhotoA_2025-09-09 13_59_49.093-05_00_2.png,2.25,1.9238730242996882
2740,2893_LeafPhotoA_2025-09-09 13_59_49.093-05_00_3.png,2.25,1.819845027661107
2745,2711_LeafPhotoA_2025-09-09 10_28_23.854-05_00_0.png,2.5,2.2982167165658853
2746,2711_LeafPhotoA_2025-09-09 10_28_23.854-05_00_1.png,2.5,2.2591370589299187
2747,2711_LeafPhotoA_2025-09-09 10_28_23.854-05_00_2.png,2.5,2.0604570109722022
2748,2711_LeafPhotoA_2025-09-09 10_28_23.854-05_00_3.png,2.5,2.243601035492002
2758,1287_LeafPhotoA_2025-09-08 16_00_42.513-05_00_0.png,3.0,2.3957275856775637
2759,1287_LeafPhotoA_2025-09-08 16_00_42.513-05_00_1.png,3.0,2.243177273806918
2760,1287_LeafPhotoA_2025-09-08 16_00_42.513-05_00_2.png,3.0,2.399658634429726
2765,1427_LeafPhotoB_2025-09-08 10_20_17.635-05_00_0.png,2.25,2.4473562996851506
2766,1427_LeafPhotoB_2025-09-08 10_20_17.635-05_00_1.png,2.25,2.4519562316553416
2767,1427_LeafPhotoB_2025-09-08 10_20_17.635-05_00_2.png,2.25,2.2167747637603488
2768,1427_LeafPhotoB_2025-09-08 10_20_17.635-05_00_3.png,2.25,2.501885228466209
2770,6044_LeafPhotoA_2025-09-09 16_03_00.837-05_00_0.png,1.5,1.6828883288230232
2771,6044_LeafPhotoA_2025-09-09 16_03_00.837-05_00_1.png,1.5,1.7175636037867075
2772,6044_LeafPhotoA_2025-09-09 16_03_00.837-05_00_2.png,1.5,1.6935480677017054
2773,6044_LeafPhotoA_2025-09-09 16_03_00.837-05_00_3.png,1.5,1.6715572526243967
2815,2090_LeafPhotoA_2025-09-08 12_27_42.323-05_00_0.png,1.25,1.4506130057413917
2816,2090_LeafPhotoA_2025-09-08 12_27_42.323-05_00_1.png,1.25,1.431870586990265
2817,2090_LeafPhotoA_2025-09-08 12_27_42.323-05_00_2.png,1.25,1.4194532902383135
2818,2090_LeafPhotoA_2025-09-08 12_27_42.323-05_00_3.png,1.25,1.3954218173073631
2841,,3.0,1.518334820537221
2850,2210_LeafPhotoA_2025-09-08 11_00_04.684-05_00_0.png,1.25,1.3222878792031276
2851,2210_LeafPhotoA_2025-09-08 11_00_04.684-05_00_1.png,1.25,1.370526419136132
2852,2210_LeafPhotoA_2025-09-08 11_00_04.684-05_00_2.png,1.25,1.4515012761110868
2853,2210_LeafPhotoA_2025-09-08 11_00_04.684-05_00_3.png,1.25,1.423373771975358
2904,1495_LeafPhotoB_2025-09-08 16_59_36.020-05_00_0.png,2.5,1.6718773216664087
2905,1495_LeafPhotoB_2025-09-08 16_59_36.020-05_00_1.png,2.5,1.8254889168458237
2906,1495_LeafPhotoB_2025-09-08 16_59_36.020-05_00_2.png,2.5,1.7666182789482905
2907,1495_LeafPhotoB_2025-09-08 16_59_36.020-05_00_3.png,2.5,1.8463861643065396
2912,5030_LeafPhotoA_2025-09-09 16_55_05.294-05_00_0.png,1.25,1.739429784071134
2913,5030_LeafPhotoA_2025-09-09 16_55_05.294-05_00_1.png,1.25,1.7967735797806423
2914,5030_LeafPhotoA_2025-09-09 16_55_05.294-05_00_2.png,1.25,1.8353616331495595
2915,5030_LeafPhotoA_2025-09-09 16_55_05.294-05_00_3.png,1.25,1.5672089154037676
2920,2524_LeafPhotoA_2025-09-09 10_21_34.620-05_00_0.png,1.5,1.8804255215136607
2921,2524_LeafPhotoA_2025-09-09 10_21_34.620-05_00_1.png,1.5,2.246023072777039
2922,2524_LeafPhotoA_2025-09-09 10_21_34.620-05_00_2.png,1.5,1.854413211738095
2923,2524_LeafPhotoA_2025-09-09 10_21_34.620-05_00_3.png,1.5,1.7772993463472369
2928,1576_LeafPhotoA_2025-09-09 09_52_40.800-05_00_0.png,2.0,1.7659279054994999
2929,1576_LeafPhotoA_2025-09-09 09_52_40.800-05_00_1.png,2.0,1.9958801509199138
2934,2715_LeafPhotoA_2025-09-09 10_34_25.383-05_00_0.png,3.25,2.360951401951306
2935,2715_LeafPhotoA_2025-09-09 10_34_25.383-05_00_1.png,3.25,2.42769059797272
2936,2715_LeafPhotoA_2025-09-09 10_34_25.383-05_00_2.png,3.25,2.6198573483870513
2937,2715_LeafPhotoA_2025-09-09 10_34_25.383-05_00_3.png,3.25,2.857145027580206
2938,2386_LeafPhotoA_2025-09-08 11_57_13.953-05_00_0.png,1.5,1.4350879564800807
2939,2386_LeafPhotoA_2025-09-08 11_57_13.953-05_00_1.png,1.5,1.4355362303281234
2944,5036_LeafPhotoA_2025-09-09 17_09_44.541-05_00_0.png,1.5,1.5151182068597904
2945,5036_LeafPhotoA_2025-09-09 17_09_44.541-05_00_1.png,1.5,1.6612834673174255
2946,5036_LeafPhotoA_2025-09-09 17_09_44.541-05_00_2.png,1.5,1.6727036356638711
2947,5036_LeafPhotoA_2025-09-09 17_09_44.541-05_00_3.png,1.5,1.513529875657682
2956,2256_LeafPhotoA_2025-09-08 12_24_33.115-05_00_0.png,2.0,1.798345944686406
2957,2256_LeafPhotoA_2025-09-08 12_24_33.115-05_00_1.png,2.0,1.8796888746036389
2958,2256_LeafPhotoA_2025-09-08 12_24_33.115-05_00_2.png,2.0,1.9638157555020923
2959,2256_LeafPhotoA_2025-09-08 12_24_33.115-05_00_3.png,2.0,1.9444336430897955
2976,2386_LeafPhotoA_2025-09-08 11_56_54.323-05_00_0.png,1.25,2.0253537128720946
2977,2386_LeafPhotoA_2025-09-08 11_56_54.323-05_00_1.png,1.25,1.6975053921969552
2978,2386_LeafPhotoA_2025-09-08 11_56_54.323-05_00_2.png,1.25,1.7338468433226555
2979,2386_LeafPhotoA_2025-09-08 11_56_54.323-05_00_3.png,1.25,1.4667886669037025
2995,1943_LeafPhotoA_2025-09-09 16_00_56.560-05_00_0.png,1.5,1.5865141665753122
2996,1943_LeafPhotoA_2025-09-09 16_00_56.560-05_00_1.png,1.5,1.5360695955124177
2997,1943_LeafPhotoA_2025-09-09 16_00_56.560-05_00_2.png,1.5,1.4542171001978472
2998,1943_LeafPhotoA_2025-09-09 16_00_56.560-05_00_3.png,1.5,1.6119525504774146
2999,1360_LeafPhotoA_2025-09-08 12_40_13.454-05_00_0.png,2.0,1.6844499171780525
3000,1360_LeafPhotoA_2025-09-08 12_40_13.454-05_00_1.png,2.0,1.6719730855802846
3001,1360_LeafPhotoA_2025-09-08 12_40_13.454-05_00_2.png,2.0,1.7759610050252461
3002,1360_LeafPhotoA_2025-09-08 12_40_13.454-05_00_3.png,2.0,1.7093161831718324
3030,1180_LeafPhotoA_2025-09-08 16_15_29.779-05_00_0.png,2.0,1.5581142686934106
3031,1180_LeafPhotoA_2025-09-08 16_15_29.779-05_00_1.png,2.0,1.627316882528377
3032,1180_LeafPhotoA_2025-09-08 16_15_29.779-05_00_2.png,2.0,1.7522058037887178
3033,1180_LeafPhotoA_2025-09-08 16_15_29.779-05_00_3.png,2.0,1.686393859956264
3048,2204_LeafPhotoA_2025-09-08 10_51_32.424-05_00_0.png,1.0,1.3881575095870773
3049,2204_LeafPhotoA_2025-09-08 10_51_32.424-05_00_1.png,1.0,1.2390489390640318
3050,2204_LeafPhotoA_2025-09-08 10_51_32.424-05_00_2.png,1.0,1.1752782144326266
3051,2204_LeafPhotoA_2025-09-08 10_51_32.424-05_00_3.png,1.0,1.1979004815345766
3052,2253_LeafPhotoA_2025-09-08 12_18_44.610-05_00_0.png,1.25,1.639666760401765
3053,2253_LeafPhotoA_2025-09-08 12_18_44.610-05_00_1.png,1.25,1.4867312470918315
3054,2253_LeafPhotoA_2025-09-08 12_18_44.610-05_00_2.png,1.25,1.4117674330277863
3055,2253_LeafPhotoA_2025-09-08 12_18_44.610-05_00_3.png,1.25,1.4459210045200765
3132,2197_LeafPhotoA_2025-09-08 17_08_13.372-05_00_0.png,1.5,1.8367647673605498
3145,2097_LeafPhotoA_2025-09-08 12_34_03.075-05_00_0.png,2.0,1.7528663178138795
3146,2097_LeafPhotoA_2025-09-08 12_34_03.075-05_00_1.png,2.0,1.832136422490623
3147,2097_LeafPhotoA_2025-09-08 12_34_03.075-05_00_2.png,2.0,1.8918482589749994
3148,2097_LeafPhotoA_2025-09-08 12_34_03.075-05_00_3.png,2.0,1.9091128995953883
3149,1121_LeafPhotoA_2025-09-08 10_06_53.769-05_00_0.png,3.0,1.89688128193043
3150,1121_LeafPhotoA_2025-09-08 10_06_53.769-05_00_1.png,3.0,1.8037122234096894
3151,1121_LeafPhotoA_2025-09-08 10_06_53.769-05_00_2.png,3.0,1.7458021024454842
3152,1121_LeafPhotoA_2025-09-08 10_06_53.769-05_00_3.png,3.0,1.9169154908523107
3202,2648_LeafPhotoA_2025-09-09 11_26_52.423-05_00_0.png,1.75,2.276462728437286
3203,2648_LeafPhotoA_2025-09-09 11_26_52.423-05_00_1.png,1.75,2.4197511236613423
3204,2648_LeafPhotoA_2025-09-09 11_26_52.423-05_00_2.png,1.75,2.106883461821834
3205,2648_LeafPhotoA_2025-09-09 11_26_52.423-05_00_3.png,1.75,2.116339946058987
3207,2178_LeafPhotoA_2025-09-09 12_22_12.377-05_00_0.png,2.0,2.120106650526832
3208,2178_LeafPhotoA_2025-09-09 12_22_12.377-05_00_1.png,2.0,2.106235291228809
3209,2178_LeafPhotoA_2025-09-09 12_22_12.377-05_00_2.png,2.0,2.2647169937654676
3210,2178_LeafPhotoA_2025-09-09 12_22_12.377-05_00_3.png,2.0,2.222742843335142
3215,1963_LeafPhotoA_2025-09-09 17_19_17.230-05_00_0.png,1.5,1.9284304359927424
3216,1963_LeafPhotoA_2025-09-09 17_19_17.230-05_00_1.png,1.5,1.8201734443066686
3217,1963_LeafPhotoA_2025-09-09 17_19_17.230-05_00_2.png,1.5,2.04113241901932
3232,2394_LeafPhotoA_2025-09-08 12_19_48.103-05_00_0.png,3.25,2.604764700097518
3233,2394_LeafPhotoA_2025-09-08 12_19_48.103-05_00_1.png,3.25,2.313538995851785
3234,2394_LeafPhotoA_2025-09-08 12_19_48.103-05_00_2.png,3.25,2.1436254308556935
3235,2394_LeafPhotoA_2025-09-08 12_19_48.103-05_00_3.png,3.25,1.9260177563342238
3236,1916_LeafPhotoA_2025-09-09 14_56_01.187-05_00_0.png,1.75,1.7527815863473757
3237,1916_LeafPhotoA_2025-09-09 14_56_01.187-05_00_1.png,1.75,1.730562838795907
3238,1916_LeafPhotoA_2025-09-09 14_56_01.187-05_00_2.png,1.75,1.914133582863071
3239,1916_LeafPhotoA_2025-09-09 14_56_01.187-05_00_3.png,1.75,1.9562045644020305
3244,,2.75,1.518334820537221
3245,2224_LeafPhotoA_2025-09-08 11_25_14.126-05_00_0.png,2.5,2.214951278010489
3246,2224_LeafPhotoA_2025-09-08 11_25_14.126-05_00_1.png,2.5,1.7041903271378889
3247,2224_LeafPhotoA_2025-09-08 11_25_14.126-05_00_2.png,2.5,1.7340891218487975
3248,2224_LeafPhotoA_2025-09-08 11_25_14.126-05_00_3.png,2.5,1.8182595382379638
3299,2149_LeafPhotoA_2025-09-08 12_20_25.908-05_00_0.png,1.5,1.8408047720110403
3300,2149_LeafPhotoA_2025-09-08 12_20_25.908-05_00_1.png,1.5,1.884356975064695
3301,2149_LeafPhotoA_2025-09-08 12_20_25.908-05_00_2.png,1.5,1.8320126739016063
3302,2149_LeafPhotoA_2025-09-08 12_20_25.908-05_00_3.png,1.5,1.607138203890623
3306,2656_LeafPhotoA_2025-09-09 11_29_51.657-05_00_0.png,2.5,2.200730067511606
3315,2451_LeafPhotoB_2025-09-08 11_29_15.932-05_00_0.png,2.0,1.8289018578242644
3316,2451_LeafPhotoB_2025-09-08 11_29_15.932-05_00_1.png,2.0,1.956234270649228
3317,2451_LeafPhotoB_2025-09-08 11_29_15.932-05_00_2.png,2.0,2.2027713906320696
3318,2451_LeafPhotoB_2025-09-08 11_29_15.932-05_00_3.png,2.0,2.3515445283918575
3344,1272_LeafPhotoA_2025-09-08 16_14_44.397-05_00_0.png,2.25,1.8501649691217215
3345,1272_LeafPhotoA_2025-09-08 16_14_44.397-05_00_1.png,2.25,1.9826651608374717
3346,1272_LeafPhotoA_2025-09-08 16_14_44.397-05_00_2.png,2.25,2.068882190890608
3347,1272_LeafPhotoA_2025-09-08 16_14_44.397-05_00_3.png,2.25,2.138979221815909
3355,6027_LeafPhotoA_2025-09-09 16_33_32.836-05_00_0.png,2.0,1.7599665385211047
3356,6027_LeafPhotoA_2025-09-09 16_33_32.836-05_00_1.png,2.0,1.737181114679953
3357,6027_LeafPhotoA_2025-09-09 16_33_32.836-05_00_2.png,2.0,1.7807067945062347
3358,6027_LeafPhotoA_2025-09-09 16_33_32.836-05_00_3.png,2.0,1.8077819901439298
3389,2238_LeafPhotoA_2025-09-08 11_44_44.603-05_00_0.png,2.5,1.7887164163952074
3390,2238_LeafPhotoA_2025-09-08 11_44_44.603-05_00_1.png,2.5,1.8247126540434389
3391,2238_LeafPhotoA_2025-09-08 11_44_44.603-05_00_2.png,2.5,1.9994650719793925
3392,2238_LeafPhotoA_2025-09-08 11_44_44.603-05_00_3.png,2.5,2.165480448627024
3393,1950_LeafPhotoA_2025-09-09 16_09_30.048-05_00_0.png,1.5,1.3732008193116945
3394,1950_LeafPhotoA_2025-09-09 16_09_30.048-05_00_1.png,1.5,1.413673342692595
3395,1950_LeafPhotoA_2025-09-09 16_09_30.048-05_00_2.png,1.5,1.3600757123817304
3409,1381_LeafPhotoA_2025-09-08 13_01_59.229-05_00_0.png,2.25,1.977530801424669
3410,1381_LeafPhotoA_2025-09-08 13_01_59.229-05_00_1.png,2.25,1.8839814294287003
3411,1381_LeafPhotoA_2025-09-08 13_01_59.229-05_00_2.png,2.25,1.8369010499412024
3412,1381_LeafPhotoA_2025-09-08 13_01_59.229-05_00_3.png,2.25,1.7832069670274981
3445,6044_LeafPhotoA_2025-09-09 16_03_43.942-05_00_0.png,1.5,1.75026253249889
3446,6044_LeafPhotoA_2025-09-09 16_03_43.942-05_00_1.png,1.5,1.6732503516256403
3447,6044_LeafPhotoA_2025-09-09 16_03_43.942-05_00_2.png,1.5,1.6516107531493562
3448,6044_LeafPhotoA_2025-09-09 16_03_43.942-05_00_3.png,1.5,1.6409682244677404
3469,1926_LeafPhotoA_2025-09-09 15_19_00.799-05_00_0.png,1.5,1.9152110255334909
3470,1926_LeafPhotoA_2025-09-09 15_19_00.799-05_00_1.png,1.5,1.7498801322516488
3471,1926_LeafPhotoA_2025-09-09 15_19_00.799-05_00_2.png,1.5,1.6378837201347838
3472,1926_LeafPhotoA_2025-09-09 15_19_00.799-05_00_3.png,1.5,1.6148775469599765
3505,2498_LeafPhotoB_2025-09-08 12_22_17.705-05_00_0.png,1.5,1.6347357575130406
3506,2498_LeafPhotoB_2025-09-08 12_22_17.705-05_00_1.png,1.5,1.6833510801132712
3507,2498_LeafPhotoB_2025-09-08 12_22_17.705-05_00_2.png,1.5,1.762738699871538
3508,2498_LeafPhotoB_2025-09-08 12_22_17.705-05_00_3.png,1.5,1.8171062498840183
3509,2150_LeafPhotoA_2025-09-08 12_22_44.950-05_00_0.png,1.75,1.7876080025352465
3510,2150_LeafPhotoA_2025-09-08 12_22_44.950-05_00_1.png,1.75,1.8225432070724252
3511,2150_LeafPhotoA_2025-09-08 12_22_44.950-05_00_2.png,1.75,1.8003344409610853
3512,2150_LeafPhotoA_2025-09-08 12_22_44.950-05_00_3.png,1.75,1.8245942999567235
3525,1298_LeafPhotoA_2025-09-08 15_47_21.277-05_00_0.png,2.25,1.6175917766694672
3526,1298_LeafPhotoA_2025-09-08 15_47_21.277-05_00_1.png,2.25,1.67192295676245
3527,1298_LeafPhotoA_2025-09-08 15_47_21.277-05_00_2.png,2.25,1.675757781255266
3528,1298_LeafPhotoA_2025-09-08 15_47_21.277-05_00_3.png,2.25,1.674802399770279
3537,1865_LeafPhotoA_2025-09-09 13_31_46.367-05_00_0.png,1.5,1.5687042451800572
3538,1865_LeafPhotoA_2025-09-09 13_31_46.367-05_00_1.png,1.5,1.54500657124022
3539,1865_LeafPhotoA_2025-09-09 13_31_46.367-05_00_2.png,1.5,1.535215957059224
3540,1865_LeafPhotoA_2025-09-09 13_31_46.367-05_00_3.png,1.5,1.7354329451902
3542,2084_LeafPhotoA_2025-09-08 12_20_48.194-05_00_0.png,2.25,1.5951446980557848
3543,2084_LeafPhotoA_2025-09-08 12_20_48.194-05_00_1.png,2.25,1.475239316475578
3544,2084_LeafPhotoA_2025-09-08 12_20_48.194-05_00_2.png,2.25,1.6554111413862758
3545,2084_LeafPhotoA_2025-09-08 12_20_48.194-05_00_3.png,2.25,1.9298752949084808
18,1887_LeafPhotoA_2025-09-09 17_12_27.474-05_00_0.png,1.75,1.952474776926933
19,1887_LeafPhotoA_2025-09-09 17_12_27.474-05_00_1.png,1.75,1.983726345183401
20,1887_LeafPhotoA_2025-09-09 17_12_27.474-05_00_2.png,1.75,2.1503494883908134
42,1900_LeafPhotoA_2025-09-09 13_45_59.573-05_00_0.png,2.5,2.3751438045273536
43,1900_LeafPhotoA_2025-09-09 13_45_59.573-05_00_1.png,2.5,2.3946410453460674
44,1900_LeafPhotoA_2025-09-09 13_45_59.573-05_00_2.png,2.5,2.093969526767199
45,1900_LeafPhotoA_2025-09-09 13_45_59.573-05_00_3.png,2.5,1.93815638723323
85,1411_LeafPhotoA_2025-09-08 09_32_24.163-05_00_0.png,1.5,1.3132152734659985
86,1411_LeafPhotoA_2025-09-08 09_32_24.163-05_00_1.png,1.5,1.2741584917624733
87,1411_LeafPhotoA_2025-09-08 09_32_24.163-05_00_2.png,1.5,1.3868150506385921
88,1411_LeafPhotoA_2025-09-08 09_32_24.163-05_00_3.png,1.5,1.336103680144461
103,2010_LeafPhotoA_2025-09-08 10_43_56.742-05_00_0.png,2.0,1.8894113651615927
104,2010_LeafPhotoA_2025-09-08 10_43_56.742-05_00_1.png,2.0,1.734149292719556
105,2010_LeafPhotoA_2025-09-08 10_43_56.742-05_00_2.png,2.0,1.689627806383986
106,2010_LeafPhotoA_2025-09-08 10_43_56.742-05_00_3.png,2.0,1.5901227342918525
110,1202_LeafPhotoA_2025-09-08 10_45_39.926-05_00_0.png,1.0,1.3923555745630898
111,1202_LeafPhotoA_2025-09-08 10_45_39.926-05_00_1.png,1.0,1.3753156723039168
112,1202_LeafPhotoA_2025-09-08 10_45_39.926-05_00_2.png,1.0,1.4072964184991565
113,1202_LeafPhotoA_2025-09-08 10_45_39.926-05_00_3.png,1.0,1.3960842368858912
114,1594_LeafPhotoA_2025-09-09 09_32_04.545-05_00_0.png,2.5,2.3444393455929693
115,1594_LeafPhotoA_2025-09-09 09_32_04.545-05_00_1.png,2.5,2.852211524177095
116,1594_LeafPhotoA_2025-09-09 09_32_04.545-05_00_2.png,2.5,2.7292597382099006
117,1594_LeafPhotoA_2025-09-09 09_32_04.545-05_00_3.png,2.5,2.4420714919191377
144,2344_LeafPhotoA_2025-09-08 11_12_07.490-05_00_0.png,1.75,2.1010219451708396
145,2344_LeafPhotoA_2025-09-08 11_12_07.490-05_00_1.png,1.75,2.2410534915962304
146,2344_LeafPhotoA_2025-09-08 11_12_07.490-05_00_2.png,1.75,2.2954543804779974
147,2344_LeafPhotoA_2025-09-08 11_12_07.490-05_00_3.png,1.75,2.161824314576997
163,1011_LeafPhotoA_2025-09-08 09_43_02.719-05_00_0.png,2.5,2.3622857506243946
164,1011_LeafPhotoA_2025-09-08 09_43_02.719-05_00_1.png,2.5,2.218988920131563
165,1011_LeafPhotoA_2025-09-08 09_43_02.719-05_00_2.png,2.5,2.287855434019511
166,1011_LeafPhotoA_2025-09-08 09_43_02.719-05_00_3.png,2.5,2.1435190466447356
214,2144_LeafPhotoA_2025-09-08 12_08_32.877-05_00_0.png,1.5,1.7031452516150523
215,2144_LeafPhotoA_2025-09-08 12_08_32.877-05_00_1.png,1.5,1.6858726842338723
216,2144_LeafPhotoA_2025-09-08 12_08_32.877-05_00_2.png,1.5,1.7410243674642172
217,2144_LeafPhotoA_2025-09-08 12_08_32.877-05_00_3.png,1.5,1.7366156848397563
222,1411_LeafPhotoA_2025-09-08 09_32_12.507-05_00_0.png,1.5,1.3283781314762595
223,1411_LeafPhotoA_2025-09-08 09_32_12.507-05_00_1.png,1.5,1.323173077188871
224,1411_LeafPhotoA_2025-09-08 09_32_12.507-05_00_2.png,1.5,1.3332725043945766
225,1411_LeafPhotoA_2025-09-08 09_32_12.507-05_00_3.png,1.5,1.3800230195487664
230,1783_LeafPhotoA_2025-09-09 09_32_23.737-05_00_0.png,1.75,2.04617303030969
231,1783_LeafPhotoA_2025-09-09 09_32_23.737-05_00_1.png,1.75,2.1692739262009173
232,1783_LeafPhotoA_2025-09-09 09_32_23.737-05_00_2.png,1.75,2.0519987814285194
233,1783_LeafPhotoA_2025-09-09 09_32_23.737-05_00_3.png,1.75,1.9342258021798486
238,,1.25,1.5708423639940412
257,1811_LeafPhotoA_2025-09-09 09_06_09.841-05_00_0.png,1.25,1.4559897473460373
258,1811_LeafPhotoA_2025-09-09 09_06_09.841-05_00_1.png,1.25,1.464455536158191
259,1811_LeafPhotoA_2025-09-09 09_06_09.841-05_00_2.png,1.25,1.5422688102916058
268,,2.5,1.5708423639940412
269,1197_LeafPhotoA_2025-09-08 15_42_33.635-05_00_0.png,1.25,1.687039062368446
270,1197_LeafPhotoA_2025-09-08 15_42_33.635-05_00_1.png,1.25,1.7308639738287837
271,1197_LeafPhotoA_2025-09-08 15_42_33.635-05_00_2.png,1.25,1.7742199115437784
272,1197_LeafPhotoA_2025-09-08 15_42_33.635-05_00_3.png,1.25,1.713506261863837
277,2173_LeafPhotoA_2025-09-09 12_14_23.103-05_00_0.png,2.0,2.0725521007012624
278,2173_LeafPhotoA_2025-09-09 12_14_23.103-05_00_1.png,2.0,2.157248491731223
279,2173_LeafPhotoA_2025-09-09 12_14_23.103-05_00_2.png,2.0,2.1469360165279783
280,2173_LeafPhotoA_2025-09-09 12_14_23.103-05_00_3.png,2.0,1.9095596474845464
301,1383_LeafPhotoA_2025-09-08 13_02_56.131-05_00_0.png,1.5,1.5252998195085679
302,1383_LeafPhotoA_2025-09-08 13_02_56.131-05_00_1.png,1.5,1.5251179296655781
303,1383_LeafPhotoA_2025-09-08 13_02_56.131-05_00_2.png,1.5,1.6641429269461523
304,1383_LeafPhotoA_2025-09-08 13_02_56.131-05_00_3.png,1.5,1.6772500327168935
320,2597_LeafPhotoA_2025-09-09 10_25_59.565-05_00_0.png,1.75,1.972434631711382
321,2597_LeafPhotoA_2025-09-09 10_25_59.565-05_00_1.png,1.75,1.9638041508567203
322,2597_LeafPhotoA_2025-09-09 10_25_59.565-05_00_2.png,1.75,1.8400010349584426
323,2597_LeafPhotoA_2025-09-09 10_25_59.565-05_00_3.png,1.75,1.688709359116494
340,6013_LeafPhotoA_2025-09-09 16_55_44.021-05_00_0.png,1.25,1.6055380869426168
341,6013_LeafPhotoA_2025-09-09 16_55_44.021-05_00_1.png,1.25,1.5859650606732765
342,6013_LeafPhotoA_2025-09-09 16_55_44.021-05_00_2.png,1.25,1.5742571680421205
343,6013_LeafPhotoA_2025-09-09 16_55_44.021-05_00_3.png,1.25,1.4399434499297359
352,1585_LeafPhotoA_2025-09-09 09_39_14.646-05_00_0.png,3.75,3.0017609351419465
353,1585_LeafPhotoA_2025-09-09 09_39_14.646-05_00_1.png,3.75,2.9392088473424542
354,1585_LeafPhotoA_2025-09-09 09_39_14.646-05_00_2.png,3.75,2.496073220761168
355,1585_LeafPhotoA_2025-09-09 09_39_14.646-05_00_3.png,3.75,2.201811388373249
356,1072_LeafPhotoA_2025-09-08 13_03_29.236-05_00_0.png,2.5,2.108155507559229
357,1072_LeafPhotoA_2025-09-08 13_03_29.236-05_00_1.png,2.5,2.1609587428892145
358,1072_LeafPhotoA_2025-09-08 13_03_29.236-05_00_2.png,2.5,2.0698562376051117
359,1072_LeafPhotoA_2025-09-08 13_03_29.236-05_00_3.png,2.5,2.1198841416916956
391,2163_LeafPhotoA_2025-09-09 11_54_54.715-05_00_0.png,3.25,2.4904066887664396
392,2163_LeafPhotoA_2025-09-09 11_54_54.715-05_00_1.png,3.25,2.3248013197592097
393,2163_LeafPhotoA_2025-09-09 11_54_54.715-05_00_2.png,3.25,2.243405634396941
394,2163_LeafPhotoA_2025-09-09 11_54_54.715-05_00_3.png,3.25,2.1009007475287222
400,1648_LeafPhotoA_2025-09-09 10_44_29.803-05_00_0.png,1.75,1.9400280755616677
401,1648_LeafPhotoA_2025-09-09 10_44_29.803-05_00_1.png,1.75,1.9835407400114626
402,1648_LeafPhotoA_2025-09-09 10_44_29.803-05_00_2.png,1.75,1.9754915137429652
403,1648_LeafPhotoA_2025-09-09 10_44_29.803-05_00_3.png,1.75,1.8176994001440587
418,1615_LeafPhotoA_2025-09-09 09_39_37.565-05_00_0.png,2.0,2.012489473400426
419,1615_LeafPhotoA_2025-09-09 09_39_37.565-05_00_1.png,2.0,1.8934911167774209
420,1615_LeafPhotoA_2025-09-09 09_39_37.565-05_00_2.png,2.0,1.960642499102793
421,1615_LeafPhotoA_2025-09-09 09_39_37.565-05_00_3.png,2.0,1.9296552622992964
426,2765_LeafPhotoA_2025-09-09 16_06_20.833-05_00_0.png,1.75,1.7318457347042149
427,2765_LeafPhotoA_2025-09-09 16_06_20.833-05_00_1.png,1.75,1.6700524160504204
428,2765_LeafPhotoA_2025-09-09 16_06_20.833-05_00_2.png,1.75,1.4798689623137558
429,2765_LeafPhotoA_2025-09-09 16_06_20.833-05_00_3.png,1.75,1.4046207904488548
440,1702_LeafPhotoA_2025-09-09 10_12_23.395-05_00_0.png,3.0,2.3823557610434913
441,1702_LeafPhotoA_2025-09-09 10_12_23.395-05_00_1.png,3.0,2.5427432732520514
442,1702_LeafPhotoA_2025-09-09 10_12_23.395-05_00_2.png,3.0,2.4198198074379498
443,1702_LeafPhotoA_2025-09-09 10_12_23.395-05_00_3.png,3.0,1.8930646782617322
451,5008_LeafPhotoA_2025-09-09 16_06_40.356-05_00_0.png,1.25,1.725178279908299
452,5008_LeafPhotoA_2025-09-09 16_06_40.356-05_00_1.png,1.25,1.6657982470410042
453,5008_LeafPhotoA_2025-09-09 16_06_40.356-05_00_2.png,1.25,1.5957449884620463
454,5008_LeafPhotoA_2025-09-09 16_06_40.356-05_00_3.png,1.25,1.643760302340097
459,1159_LeafPhotoA_2025-09-08 16_47_54.035-05_00_0.png,1.25,1.3921611090926829
460,1159_LeafPhotoA_2025-09-08 16_47_54.035-05_00_1.png,1.25,1.4115479609896562
461,1159_LeafPhotoA_2025-09-08 16_47_54.035-05_00_2.png,1.25,1.5160509237279762
462,1159_LeafPhotoA_2025-09-08 16_47_54.035-05_00_3.png,1.25,1.578089788898324
467,1022_LeafPhotoA_2025-09-08 09_57_30.921-05_00_0.png,1.5,1.9050014527700643
468,1022_LeafPhotoA_2025-09-08 09_57_30.921-05_00_1.png,1.5,1.8842539322629668
469,1022_LeafPhotoA_2025-09-08 09_57_30.921-05_00_2.png,1.5,1.9128886378418823
470,1022_LeafPhotoA_2025-09-08 09_57_30.921-05_00_3.png,1.5,2.0437289680805297
471,1099_LeafPhotoA_2025-09-08 12_38_29.235-05_00_0.png,1.25,1.3975241089387163
472,1099_LeafPhotoA_2025-09-08 12_38_29.235-05_00_1.png,1.25,1.3004603103093693
473,1099_LeafPhotoA_2025-09-08 12_38_29.235-05_00_2.png,1.25,1.314037983462616
474,1099_LeafPhotoA_2025-09-08 12_38_29.235-05_00_3.png,1.25,1.4080185643215481
475,2189_LeafPhotoA_2025-09-08 17_18_50.308-05_00_0.png,1.5,1.5181655764296655
476,2189_LeafPhotoA_2025-09-08 17_18_50.308-05_00_1.png,1.5,1.5786370642654994
477,2189_LeafPhotoA_2025-09-08 17_18_50.308-05_00_2.png,1.5,1.6894453063169204
478,2189_LeafPhotoA_2025-09-08 17_18_50.308-05_00_3.png,1.5,1.6430356636733257
494,2068_LeafPhotoA_2025-09-08 12_02_55.291-05_00_0.png,1.25,1.4946125080562611
495,2068_LeafPhotoA_2025-09-08 12_02_55.291-05_00_1.png,1.25,1.6704232192037205
496,2068_LeafPhotoA_2025-09-08 12_02_55.291-05_00_2.png,1.25,1.6123954758570769
497,2068_LeafPhotoA_2025-09-08 12_02_55.291-05_00_3.png,1.25,1.4455949627253426
498,1641_LeafPhotoA_2025-09-09 10_30_20.507-05_00_0.png,1.0,1.4415051388683242
499,1641_LeafPhotoA_2025-09-09 10_30_20.507-05_00_1.png,1.0,1.4731302400944442
500,1641_LeafPhotoA_2025-09-09 10_30_20.507-05_00_2.png,1.0,1.4105287763680026
501,6013_LeafPhotoA_2025-09-09 16_56_02.230-05_00_0.png,1.25,1.7213820707841236
502,6013_LeafPhotoA_2025-09-09 16_56_02.230-05_00_1.png,1.25,1.755625210259619
503,6013_LeafPhotoA_2025-09-09 16_56_02.230-05_00_2.png,1.25,1.804316962501667
504,6013_LeafPhotoA_2025-09-09 16_56_02.230-05_00_3.png,1.25,1.8060302101028822
548,2314_LeafPhotoA_2025-09-08 10_42_26.409-05_00_0.png,1.0,1.4242889829576189
549,2314_LeafPhotoA_2025-09-08 10_42_26.409-05_00_1.png,1.0,1.3882583148450371
550,2314_LeafPhotoA_2025-09-08 10_42_26.409-05_00_2.png,1.0,1.3662472225460052
559,2347_LeafPhotoA_2025-09-08 11_14_48.020-05_00_0.png,1.5,1.8143776723845895
560,2347_LeafPhotoA_2025-09-08 11_14_48.020-05_00_1.png,1.5,1.720661757601916
569,1445_LeafPhotoB_2025-09-08 10_34_39.346-05_00_0.png,1.75,1.6021022534061569
570,1445_LeafPhotoB_2025-09-08 10_34_39.346-05_00_1.png,1.75,1.651001979011109
571,1445_LeafPhotoB_2025-09-08 10_34_39.346-05_00_2.png,1.75,1.6402264934565036
572,1445_LeafPhotoB_2025-09-08 10_34_39.346-05_00_3.png,1.75,1.6201084005098263
589,2429_LeafPhotoB_2025-09-08 11_05_20.910-05_00_0.png,2.5,2.3891146223447284
590,2429_LeafPhotoB_2025-09-08 11_05_20.910-05_00_1.png,2.5,2.4425404464534335
591,2429_LeafPhotoB_2025-09-08 11_05_20.910-05_00_2.png,2.5,2.321707192646375
592,2429_LeafPhotoB_2025-09-08 11_05_20.910-05_00_3.png,2.5,2.5273280475007476
597,2974_LeafPhotoA_2025-09-09 16_23_04.095-05_00_0.png,3.25,2.675908924000834
598,2974_LeafPhotoA_2025-09-09 16_23_04.095-05_00_1.png,3.25,2.687827220243314
599,2974_LeafPhotoA_2025-09-09 16_23_04.095-05_00_2.png,3.25,2.6482236122446308
600,2974_LeafPhotoA_2025-09-09 16_23_04.095-05_00_3.png,3.25,2.905073280860276
627,1413_LeafPhotoA_2025-09-08 09_35_26.834-05_00_0.png,1.75,2.0383940043646054
628,1413_LeafPhotoA_2025-09-08 09_35_26.834-05_00_1.png,1.75,1.8461301759332434
629,1413_LeafPhotoA_2025-09-08 09_35_26.834-05_00_2.png,1.75,1.6892058592382093
630,1413_LeafPhotoA_2025-09-08 09_35_26.834-05_00_3.png,1.75,1.646934177732902
639,6017_LeafPhotoA_2025-09-09 16_48_02.296-05_00_0.png,1.75,1.6335380422555696
640,6017_LeafPhotoA_2025-09-09 16_48_02.296-05_00_1.png,1.75,1.6356672950506865
641,6017_LeafPhotoA_2025-09-09 16_48_02.296-05_00_2.png,1.75,1.6536218938990657
642,6017_LeafPhotoA_2025-09-09 16_48_02.296-05_00_3.png,1.75,1.7119641543526989
667,1619_LeafPhotoA_2025-09-09 09_49_42.512-05_00_0.png,1.75,1.8279569499302821
668,1619_LeafPhotoA_2025-09-09 09_49_42.512-05_00_1.png,1.75,1.9435751432882444
669,1619_LeafPhotoA_2025-09-09 09_49_42.512-05_00_2.png,1.75,2.063241426301917
670,1619_LeafPhotoA_2025-09-09 09_49_42.512-05_00_3.png,1.75,1.6578925785740335
678,1531_LeafPhotoA_2025-09-09 09_29_04.886-05_00_0.png,2.25,2.26183949793649
679,1531_LeafPhotoA_2025-09-09 09_29_04.886-05_00_1.png,2.25,2.1261001197724085
680,1531_LeafPhotoA_2025-09-09 09_29_04.886-05_00_2.png,2.25,1.9935096404619292
681,1531_LeafPhotoA_2025-09-09 09_29_04.886-05_00_3.png,2.25,1.7295648447618999
690,1497_LeafPhotoB_2025-09-08 17_01_53.160-05_00_0.png,1.75,1.5612459191149068
691,1497_LeafPhotoB_2025-09-08 17_01_53.160-05_00_1.png,1.75,1.616219666948333
692,1497_LeafPhotoB_2025-09-08 17_01_53.160-05_00_2.png,1.75,1.4979752940061202
693,1497_LeafPhotoB_2025-09-08 17_01_53.160-05_00_3.png,1.75,1.4279784619297948
780,1838_LeafPhotoA_2025-09-09 09_47_07.906-05_00_0.png,1.0,2.0190418421300174
781,1838_LeafPhotoA_2025-09-09 09_47_07.906-05_00_1.png,1.0,1.8078733721142672
782,1838_LeafPhotoA_2025-09-09 09_47_07.906-05_00_2.png,1.0,1.9000103476298822
783,1838_LeafPhotoA_2025-09-09 09_47_07.906-05_00_3.png,1.0,2.129710510686261
788,2683_LeafPhotoA_2025-09-09 10_58_56.882-05_00_0.png,1.0,1.8672905145196634
789,2683_LeafPhotoA_2025-09-09 10_58_56.882-05_00_1.png,1.0,1.9442755916388597
790,2683_LeafPhotoA_2025-09-09 10_58_56.882-05_00_2.png,1.0,1.6554615149763046
791,2683_LeafPhotoA_2025-09-09 10_58_56.882-05_00_3.png,1.0,1.594032606203404
799,2010_LeafPhotoA_2025-09-08 10_44_22.059-05_00_0.png,1.25,2.221059398741092
800,2010_LeafPhotoA_2025-09-08 10_44_22.059-05_00_1.png,1.25,1.910673798578174
801,2010_LeafPhotoA_2025-09-08 10_44_22.059-05_00_2.png,1.25,1.8182614426565546
802,2010_LeafPhotoA_2025-09-08 10_44_22.059-05_00_3.png,1.25,1.9018609202518104
807,1510_LeafPhotoA_2025-09-09 09_05_13.748-05_00_0.png,1.5,1.9882358681359407
808,1510_LeafPhotoA_2025-09-09 09_05_13.748-05_00_1.png,1.5,1.702863556184958
809,1510_LeafPhotoA_2025-09-09 09_05_13.748-05_00_2.png,1.5,1.9574987981574659
810,1510_LeafPhotoA_2025-09-09 09_05_13.748-05_00_3.png,1.5,2.014410238518794
835,2662_LeafPhotoA_2025-09-09 11_35_27.644-05_00_0.png,3.5,2.4743667638086797
836,2662_LeafPhotoA_2025-09-09 11_35_27.644-05_00_1.png,3.5,2.3370975170528454
837,2662_LeafPhotoA_2025-09-09 11_35_27.644-05_00_2.png,3.5,2.165584460309053
838,2662_LeafPhotoA_2025-09-09 11_35_27.644-05_00_3.png,3.5,1.971452651223852
886,2153_LeafPhotoA_2025-09-08 12_29_10.390-05_00_0.png,1.25,1.656519367146009
887,2153_LeafPhotoA_2025-09-08 12_29_10.390-05_00_1.png,1.25,1.656498478181067
888,2153_LeafPhotoA_2025-09-08 12_29_10.390-05_00_2.png,1.25,1.6575186214942295
889,2153_LeafPhotoA_2025-09-08 12_29_10.390-05_00_3.png,1.25,1.6380471434659467
890,2248_LeafPhotoA_2025-09-08 12_01_20.448-05_00_0.png,1.5,1.5328522175024093
891,2248_LeafPhotoA_2025-09-08 12_01_20.448-05_00_1.png,1.5,1.4823227207156557
892,2248_LeafPhotoA_2025-09-08 12_01_20.448-05_00_2.png,1.5,1.438950841893047
893,2248_LeafPhotoA_2025-09-08 12_01_20.448-05_00_3.png,1.5,1.4503907905202142
912,1811_LeafPhotoA_2025-09-09 09_05_51.708-05_00_0.png,1.5,1.7560645298731836
913,1811_LeafPhotoA_2025-09-09 09_05_51.708-05_00_1.png,1.5,1.7662560122974935
914,1811_LeafPhotoA_2025-09-09 09_05_51.708-05_00_2.png,1.5,1.7269630185547513
937,2950_LeafPhotoA_2025-09-09 16_20_58.442-05_00_0.png,2.0,1.5176159232682316
938,2950_LeafPhotoA_2025-09-09 16_20_58.442-05_00_1.png,2.0,1.7536777759913156
939,2950_LeafPhotoA_2025-09-09 16_20_58.442-05_00_2.png,2.0,1.7639714507467488
940,2950_LeafPhotoA_2025-09-09 16_20_58.442-05_00_3.png,2.0,1.7450307151367395
1006,1062_LeafPhotoA_2025-09-08 12_54_11.961-05_00_0.png,3.25,2.710629820900147
1007,1062_LeafPhotoA_2025-09-08 12_54_11.961-05_00_1.png,3.25,2.668069670156393
1008,1062_LeafPhotoA_2025-09-08 12_54_11.961-05_00_2.png,3.25,2.665380115458265
1009,1062_LeafPhotoA_2025-09-08 12_54_11.961-05_00_3.png,3.25,2.423062923174497
1073,1402_LeafPhotoB_2025-09-08 10_39_37.458-05_00_0.png,1.75,2.128943426726406
1074,1402_LeafPhotoB_2025-09-08 10_39_37.458-05_00_1.png,1.75,2.339728003600609
1075,1402_LeafPhotoB_2025-09-08 10_39_37.458-05_00_2.png,1.75,2.1232999732881797
1076,1402_LeafPhotoB_2025-09-08 10_39_37.458-05_00_3.png,1.75,2.182123532901192
1098,1005_LeafPhotoA_2025-09-08 09_35_15.574-05_00_0.png,2.0,2.175525816894398
1099,1005_LeafPhotoA_2025-09-08 09_35_15.574-05_00_1.png,2.0,2.0831955065985035
1100,1005_LeafPhotoA_2025-09-08 09_35_15.574-05_00_2.png,2.0,2.042367156228866
1101,1005_LeafPhotoA_2025-09-08 09_35_15.574-05_00_3.png,2.0,1.9784257571016244
1117,2218_LeafPhotoA_2025-09-08 11_14_46.146-05_00_0.png,1.25,1.8045491504351543
1118,2218_LeafPhotoA_2025-09-08 11_14_46.146-05_00_1.png,1.25,1.7681487972516188
1119,2218_LeafPhotoA_2025-09-08 11_14_46.146-05_00_2.png,1.25,1.7112757945220098
1120,2218_LeafPhotoA_2025-09-08 11_14_46.146-05_00_3.png,1.25,1.6493419993601282
1143,1997_LeafPhotoA_2025-09-09 15_58_29.800-05_00_0.png,2.0,1.9435203165736346
1144,1997_LeafPhotoA_2025-09-09 15_58_29.800-05_00_1.png,2.0,1.8884429617912821
1145,1997_LeafPhotoA_2025-09-09 15_58_29.800-05_00_2.png,2.0,1.973281932776598
1146,1997_LeafPhotoA_2025-09-09 15_58_29.800-05_00_3.png,2.0,2.031996313524526
1154,1404_LeafPhotoB_2025-09-08 09_58_06.206-05_00_0.png,2.25,1.5090945259389397
1155,1404_LeafPhotoB_2025-09-08 09_58_06.206-05_00_1.png,2.25,1.8387882379018574
1156,1404_LeafPhotoB_2025-09-08 09_58_06.206-05_00_2.png,2.25,2.1915191219974957
1157,1404_LeafPhotoB_2025-09-08 09_58_06.206-05_00_3.png,2.25,2.2794146076446773
1169,2189_LeafPhotoA_2025-09-08 17_18_33.881-05_00_0.png,1.0,1.406097774963523
1170,2189_LeafPhotoA_2025-09-08 17_18_33.881-05_00_1.png,1.0,1.367581910598055
1171,2189_LeafPhotoA_2025-09-08 17_18_33.881-05_00_2.png,1.0,1.4203636152437074
1172,2189_LeafPhotoA_2025-09-08 17_18_33.881-05_00_3.png,1.0,1.3986827453323682
1181,2273_LeafPhotoA_2025-09-08 17_10_20.317-05_00_0.png,2.0,1.9580488355558365
1182,2273_LeafPhotoA_2025-09-08 17_10_20.317-05_00_1.png,2.0,1.9283198083964228
1183,2273_LeafPhotoA_2025-09-08 17_10_20.317-05_00_2.png,2.0,2.006016382556158
1184,2273_LeafPhotoA_2025-09-08 17_10_20.317-05_00_3.png,2.0,2.089542307361807
1193,2182_LeafPhotoA_2025-09-09 12_26_51.449-05_00_0.png,2.5,2.2308285774119
1194,2182_LeafPhotoA_2025-09-09 12_26_51.449-05_00_1.png,2.5,2.1307863697029235
1195,2182_LeafPhotoA_2025-09-09 12_26_51.449-05_00_2.png,2.5,2.1864730297719235
1196,2182_LeafPhotoA_2025-09-09 12_26_51.449-05_00_3.png,2.5,2.222433717559262
1225,2794_LeafPhotoA_2025-09-09 11_14_44.812-05_00_0.png,1.25,1.9118980624061266
1229,1935_LeafPhotoA_2025-09-09 15_31_58.041-05_00_0.png,2.5,2.138240107571521
1230,1935_LeafPhotoA_2025-09-09 15_31_58.041-05_00_1.png,2.5,2.3421444775836573
1231,1935_LeafPhotoA_2025-09-09 15_31_58.041-05_00_2.png,2.5,2.2438598690812435
1232,1935_LeafPhotoA_2025-09-09 15_31_58.041-05_00_3.png,2.5,2.3469299263204535
1247,1350_LeafPhotoA_2025-09-08 10_18_59.648-05_00_0.png,1.75,1.7269761142065712
1248,2884_LeafPhotoA_2025-09-09 14_07_40.879-05_00_0.png,1.5,1.7590022605949573
1249,2884_LeafPhotoA_2025-09-09 14_07_40.879-05_00_1.png,1.5,1.7524023327853004
1250,2884_LeafPhotoA_2025-09-09 14_07_40.879-05_00_2.png,1.5,1.642081963544871
1251,2884_LeafPhotoA_2025-09-09 14_07_40.879-05_00_3.png,1.5,1.6245072154220157
1265,1181_LeafPhotoA_2025-09-08 16_13_30.089-05_00_0.png,2.5,2.3355314239169083
1266,1181_LeafPhotoA_2025-09-08 16_13_30.089-05_00_1.png,2.5,2.3943238893915897
1267,1181_LeafPhotoA_2025-09-08 16_13_30.089-05_00_2.png,2.5,2.3338434398137
1268,1181_LeafPhotoA_2025-09-08 16_13_30.089-05_00_3.png,2.5,2.1753097685647136
1296,2814_LeafPhotoA_2025-09-09 10_25_44.101-05_00_0.png,3.25,2.7353709269840385
1297,2814_LeafPhotoA_2025-09-09 10_25_44.101-05_00_1.png,3.25,3.0335273203292026
1298,2814_LeafPhotoA_2025-09-09 10_25_44.101-05_00_2.png,3.25,3.0232831991682847
1299,2814_LeafPhotoA_2025-09-09 10_25_44.101-05_00_3.png,3.25,3.1174707648839783
1320,1525_LeafPhotoA_2025-09-09 09_23_09.815-05_00_0.png,2.25,2.1039523276458025
1321,1525_LeafPhotoA_2025-09-09 09_23_09.815-05_00_1.png,2.25,1.9867280048544094
1322,1525_LeafPhotoA_2025-09-09 09_23_09.815-05_00_2.png,2.25,1.8786197760948622
1323,1525_LeafPhotoA_2025-09-09 09_23_09.815-05_00_3.png,2.25,1.7951445277624547
1332,1402_LeafPhotoB_2025-09-08 10_40_07.212-05_00_0.png,2.25,1.7589409987949671
1333,1402_LeafPhotoB_2025-09-08 10_40_07.212-05_00_1.png,2.25,1.73762687464915
1334,1402_LeafPhotoB_2025-09-08 10_40_07.212-05_00_2.png,2.25,1.8219926815637952
1335,1402_LeafPhotoB_2025-09-08 10_40_07.212-05_00_3.png,2.25,1.879052198800939
1387,2729_LeafPhotoA_2025-09-09 10_55_43.588-05_00_0.png,4.0,3.57662887491443
1388,2729_LeafPhotoA_2025-09-09 10_55_43.588-05_00_1.png,4.0,3.7271348436860494
1389,2729_LeafPhotoA_2025-09-09 10_55_43.588-05_00_2.png,4.0,3.589196589111355
1390,2729_LeafPhotoA_2025-09-09 10_55_43.588-05_00_3.png,4.0,3.466814879031949
1399,2286_LeafPhotoA_2025-09-08 16_54_14.459-05_00_0.png,1.75,1.4627046718586605
1400,2286_LeafPhotoA_2025-09-08 16_54_14.459-05_00_1.png,1.75,1.7215174447625716
1401,2286_LeafPhotoA_2025-09-08 16_54_14.459-05_00_2.png,1.75,1.86227515159983
1402,2286_LeafPhotoA_2025-09-08 16_54_14.459-05_00_3.png,1.75,1.7669746458740994
1403,1167_LeafPhotoA_2025-09-08 16_37_11.962-05_00_0.png,1.75,1.7959529510642982
1416,2817_LeafPhotoA_2025-09-09 10_29_25.768-05_00_0.png,1.0,1.4789789887628404
1417,2817_LeafPhotoA_2025-09-09 10_29_25.768-05_00_1.png,1.0,1.3855269326785518
1418,2817_LeafPhotoA_2025-09-09 10_29_25.768-05_00_2.png,1.0,1.412166562898047
1419,2817_LeafPhotoA_2025-09-09 10_29_25.768-05_00_3.png,1.0,1.5068247999259519
1459,2791_LeafPhotoA_2025-09-09 11_24_33.408-05_00_0.png,2.75,1.8902265192036716
1460,2791_LeafPhotoA_2025-09-09 11_24_33.408-05_00_1.png,2.75,1.971239051720016
1461,2791_LeafPhotoA_2025-09-09 11_24_33.408-05_00_2.png,2.75,2.0579338284546655
1462,2791_LeafPhotoA_2025-09-09 11_24_33.408-05_00_3.png,2.75,2.064137833625353
1477,2009_LeafPhotoA_2025-09-08 10_43_35.775-05_00_0.png,1.5,1.5057580200318714
1478,2009_LeafPhotoA_2025-09-08 10_43_35.775-05_00_1.png,1.5,1.6357216934467318
1479,2009_LeafPhotoA_2025-09-08 10_43_35.775-05_00_2.png,1.5,1.6719687756867652
1480,2009_LeafPhotoA_2025-09-08 10_43_35.775-05_00_3.png,1.5,1.5014487029595143
1510,1034_LeafPhotoA_2025-09-08 10_10_03.182-05_00_0.png,2.0,2.286731828422158
1511,1034_LeafPhotoA_2025-09-08 10_10_03.182-05_00_1.png,2.0,2.2677480432297195
1512,1034_LeafPhotoA_2025-09-08 10_10_03.182-05_00_2.png,2.0,2.3913522745676987
1531,1417_LeafPhotoB_2025-09-08 10_11_12.838-05_00_0.png,2.5,2.0487157095704633
1532,1417_LeafPhotoB_2025-09-08 10_11_12.838-05_00_1.png,2.5,2.0987009899540494
1533,1417_LeafPhotoB_2025-09-08 10_11_12.838-05_00_2.png,2.5,2.157134360816504
1534,1417_LeafPhotoB_2025-09-08 10_11_12.838-05_00_3.png,2.5,2.1106439545388596
1543,1075_LeafPhotoA_2025-09-08 13_08_10.230-05_00_0.png,2.0,2.2296347936871355
1544,1075_LeafPhotoA_2025-09-08 13_08_10.230-05_00_1.png,2.0,2.07441593765389
1545,1075_LeafPhotoA_2025-09-08 13_08_10.230-05_00_2.png,2.0,1.8637128365029156
1546,1075_LeafPhotoA_2025-09-08 13_08_10.230-05_00_3.png,2.0,1.9879064906769879
1565,2699_LeafPhotoA_2025-09-09 10_27_27.811-05_00_0.png,3.0,1.9699182460865061
1566,2699_LeafPhotoA_2025-09-09 10_27_27.811-05_00_1.png,3.0,1.9272024151311495
1567,2699_LeafPhotoA_2025-09-09 10_27_27.811-05_00_2.png,3.0,1.9566514344197659
1568,2699_LeafPhotoA_2025-09-09 10_27_27.811-05_00_3.png,3.0,2.048200370455352
1636,1389_LeafPhotoA_2025-09-08 13_08_37.035-05_00_0.png,1.75,1.7432629365120171
1637,1389_LeafPhotoA_2025-09-08 13_08_37.035-05_00_1.png,1.75,1.7628565933322264
1638,1389_LeafPhotoA_2025-09-08 13_08_37.035-05_00_2.png,1.75,1.7776230811765965
1651,2460_LeafPhotoB_2025-09-08 11_37_28.626-05_00_0.png,1.75,1.4487592165168943
1652,2460_LeafPhotoB_2025-09-08 11_37_28.626-05_00_1.png,1.75,1.51659088812804
1653,2460_LeafPhotoB_2025-09-08 11_37_28.626-05_00_2.png,1.75,1.778978392158721
1654,2460_LeafPhotoB_2025-09-08 11_37_28.626-05_00_3.png,1.75,1.954935669663366
1659,1445_LeafPhotoB_2025-09-08 10_33_50.397-05_00_0.png,1.5,1.3886251306527992
1660,1445_LeafPhotoB_2025-09-08 10_33_50.397-05_00_1.png,1.5,1.6148756343415798
1661,1445_LeafPhotoB_2025-09-08 10_33_50.397-05_00_2.png,1.5,1.6762237741309796
1662,1445_LeafPhotoB_2025-09-08 10_33_50.397-05_00_3.png,1.5,1.490578647243385
1678,2318_LeafPhotoA_2025-09-08 10_46_13.359-05_00_0.png,1.5,1.5488818103202056
1679,2318_LeafPhotoA_2025-09-08 10_46_13.359-05_00_1.png,1.5,1.6570389942955004
1691,1234_LeafPhotoA_2025-09-08 10_20_18.045-05_00_0.png,1.75,1.7784262017678967
1692,1234_LeafPhotoA_2025-09-08 10_20_18.045-05_00_1.png,1.75,1.8063219793675966
1693,1234_LeafPhotoA_2025-09-08 10_20_18.045-05_00_2.png,1.75,1.7772721742803947
1694,1234_LeafPhotoA_2025-09-08 10_20_18.045-05_00_3.png,1.75,1.6972070990799701
1695,1279_LeafPhotoA_2025-09-08 16_08_00.467-05_00_0.png,1.0,1.3431210021220188
1696,1279_LeafPhotoA_2025-09-08 16_08_00.467-05_00_1.png,1.0,1.2904748917273705
1697,1279_LeafPhotoA_2025-09-08 16_08_00.467-05_00_2.png,1.0,1.269888269234474
1698,1279_LeafPhotoA_2025-09-08 16_08_00.467-05_00_3.png,1.0,1.301467439890475
1704,1417_LeafPhotoB_2025-09-08 10_10_54.682-05_00_0.png,2.25,2.0370048901181597
1705,1417_LeafPhotoB_2025-09-08 10_10_54.682-05_00_1.png,2.25,1.984439295436995
1706,1417_LeafPhotoB_2025-09-08 10_10_54.682-05_00_2.png,2.25,1.9577783203061248
1707,1417_LeafPhotoB_2025-09-08 10_10_54.682-05_00_3.png,2.25,1.991205056138554
1726,1043_LeafPhotoA_2025-09-08 10_21_46.526-05_00_0.png,3.0,2.157795180056172
1727,1043_LeafPhotoA_2025-09-08 10_21_46.526-05_00_1.png,3.0,1.9217458917058465
1728,1043_LeafPhotoA_2025-09-08 10_21_46.526-05_00_2.png,3.0,1.7322287231709634
1729,1043_LeafPhotoA_2025-09-08 10_21_46.526-05_00_3.png,3.0,1.5809534259237596
1739,1488_LeafPhotoB_2025-09-08 16_52_36.463-05_00_0.png,2.75,2.2114695280652943
1740,1488_LeafPhotoB_2025-09-08 16_52_36.463-05_00_1.png,2.75,2.410829037738574
1741,1488_LeafPhotoB_2025-09-08 16_52_36.463-05_00_2.png,2.75,2.190368058418886
1742,1488_LeafPhotoB_2025-09-08 16_52_36.463-05_00_3.png,2.75,2.435059419963046
1761,1456_LeafPhotoB_2025-09-08 12_32_32.393-05_00_0.png,1.25,1.6286534732158646
1762,1456_LeafPhotoB_2025-09-08 12_32_32.393-05_00_1.png,1.25,1.5616675185691604
1763,1456_LeafPhotoB_2025-09-08 12_32_32.393-05_00_2.png,1.25,1.5528332728865457
1764,1456_LeafPhotoB_2025-09-08 12_32_32.393-05_00_3.png,1.25,1.4886704940696467
1855,1181_LeafPhotoA_2025-09-08 16_13_46.902-05_00_0.png,2.5,1.9314808641194343
1856,1181_LeafPhotoA_2025-09-08 16_13_46.902-05_00_1.png,2.5,2.1601177215229206
1857,1181_LeafPhotoA_2025-09-08 16_13_46.902-05_00_2.png,2.5,2.3092912332563915
1858,1181_LeafPhotoA_2025-09-08 16_13_46.902-05_00_3.png,2.5,2.2868543056826005
1860,5009_LeafPhotoA_2025-09-09 16_08_39.148-05_00_0.png,1.75,1.7372742913207775
1861,5009_LeafPhotoA_2025-09-09 16_08_39.148-05_00_1.png,1.75,1.643483384852106
1862,5009_LeafPhotoA_2025-09-09 16_08_39.148-05_00_2.png,1.75,1.4486609589308264
1863,5009_LeafPhotoA_2025-09-09 16_08_39.148-05_00_3.png,1.75,1.7129902626250717
1872,1413_LeafPhotoA_2025-09-08 09_35_09.246-05_00_0.png,1.75,2.0836038101274044
1873,1413_LeafPhotoA_2025-09-08 09_35_09.246-05_00_1.png,1.75,2.0858184511097035
1874,1413_LeafPhotoA_2025-09-08 09_35_09.246-05_00_2.png,1.75,2.0056266987132765
1883,2586_LeafPhotoA_2025-09-09 10_34_33.986-05_00_0.png,1.25,1.5984484231288354
1884,2586_LeafPhotoA_2025-09-09 10_34_33.986-05_00_1.png,1.25,1.5215738804633079
1885,2586_LeafPhotoA_2025-09-09 10_34_33.986-05_00_2.png,1.25,1.4048413408325877
1886,2586_LeafPhotoA_2025-09-09 10_34_33.986-05_00_3.png,1.25,1.2648540469731948
1893,2055_LeafPhotoA_2025-09-08 11_49_38.748-05_00_0.png,2.75,2.2668706981067177
1894,2055_LeafPhotoA_2025-09-08 11_49_38.748-05_00_1.png,2.75,2.1712152221018686
1895,2055_LeafPhotoA_2025-09-08 11_49_38.748-05_00_2.png,2.75,2.1438765891186575
1924,1878_LeafPhotoA_2025-09-09 17_05_46.079-05_00_0.png,1.75,1.5321415467057893
1925,1878_LeafPhotoA_2025-09-09 17_05_46.079-05_00_1.png,1.75,1.4819997659732451
1926,1878_LeafPhotoA_2025-09-09 17_05_46.079-05_00_2.png,1.75,1.5810909388518457
1927,1878_LeafPhotoA_2025-09-09 17_05_46.079-05_00_3.png,1.75,1.6832840308260915
1940,1631_LeafPhotoA_2025-09-09 10_13_12.245-05_00_0.png,1.5,1.5665592232951948
1941,1631_LeafPhotoA_2025-09-09 10_13_12.245-05_00_1.png,1.5,1.5087048396166551
1942,1631_LeafPhotoA_2025-09-09 10_13_12.245-05_00_2.png,1.5,1.4295103030837857
1943,1075_LeafPhotoA_2025-09-08 13_08_28.899-05_00_0.png,2.25,2.00638090910208
1944,1075_LeafPhotoA_2025-09-08 13_08_28.899-05_00_1.png,2.25,1.7378607278487537
1945,1075_LeafPhotoA_2025-09-08 13_08_28.899-05_00_2.png,2.25,1.7660094264180928
1946,1075_LeafPhotoA_2025-09-08 13_08_28.899-05_00_3.png,2.25,1.6701175085301763
1955,2395_LeafPhotoA_2025-09-08 12_20_28.826-05_00_0.png,1.5,1.7734248078646153
1956,2395_LeafPhotoA_2025-09-08 12_20_28.826-05_00_1.png,1.5,1.8042400299138632
1957,2395_LeafPhotoA_2025-09-08 12_20_28.826-05_00_2.png,1.5,1.6630444093995636
1958,2395_LeafPhotoA_2025-09-08 12_20_28.826-05_00_3.png,1.5,1.58308159498713
1984,2630_LeafPhotoA_2025-09-09 11_53_58.743-05_00_0.png,2.0,1.9927832293238867
1985,2630_LeafPhotoA_2025-09-09 11_53_58.743-05_00_1.png,2.0,2.186722230103436
1986,2630_LeafPhotoA_2025-09-09 11_53_58.743-05_00_2.png,2.0,2.015873105276647
1987,2630_LeafPhotoA_2025-09-09 11_53_58.743-05_00_3.png,2.0,1.83354989487744
2000,1904_LeafPhotoA_2025-09-09 14_38_44.936-05_00_0.png,1.75,1.6440817341453577
2001,1904_LeafPhotoA_2025-09-09 14_38_44.936-05_00_1.png,1.75,1.6272831216274148
2002,1904_LeafPhotoA_2025-09-09 14_38_44.936-05_00_2.png,1.75,1.6457421190578954
2003,1904_LeafPhotoA_2025-09-09 14_38_44.936-05_00_3.png,1.75,1.6503086430011988
2027,2597_LeafPhotoA_2025-09-09 10_25_46.649-05_00_0.png,1.75,1.8837015731919242
2028,2597_LeafPhotoA_2025-09-09 10_25_46.649-05_00_1.png,1.75,1.8753110776634145
2029,2597_LeafPhotoA_2025-09-09 10_25_46.649-05_00_2.png,1.75,1.742781404499137
2067,1010_LeafPhotoA_2025-09-08 09_41_44.218-05_00_0.png,2.0,2.1546516011548547
2068,1010_LeafPhotoA_2025-09-08 09_41_44.218-05_00_1.png,2.0,1.9831663497173715
2069,1010_LeafPhotoA_2025-09-08 09_41_44.218-05_00_2.png,2.0,1.9735852509700578
2070,1010_LeafPhotoA_2025-09-08 09_41_44.218-05_00_3.png,2.0,1.9611346300825179
2079,1259_LeafPhotoA_2025-09-08 16_30_23.555-05_00_0.png,2.75,2.3045090640769956
2080,1259_LeafPhotoA_2025-09-08 16_30_23.555-05_00_1.png,2.75,2.479760928290351
2081,1259_LeafPhotoA_2025-09-08 16_30_23.555-05_00_2.png,2.75,2.555718470596204
2082,1259_LeafPhotoA_2025-09-08 16_30_23.555-05_00_3.png,2.75,2.3068123806676333
2083,2561_LeafPhotoA_2025-09-09 11_01_04.730-05_00_0.png,1.75,1.8091036711973851
2084,2561_LeafPhotoA_2025-09-09 11_01_04.730-05_00_1.png,1.75,1.8328322159195087
2085,2561_LeafPhotoA_2025-09-09 11_01_04.730-05_00_2.png,1.75,1.6008038014536397
2086,2561_LeafPhotoA_2025-09-09 11_01_04.730-05_00_3.png,1.75,1.5183006365329075
2107,1202_LeafPhotoA_2025-09-08 10_46_25.784-05_00_0.png,1.25,1.6581782440864399
2108,1202_LeafPhotoA_2025-09-08 10_46_25.784-05_00_1.png,1.25,1.5249418125532554
2109,1202_LeafPhotoA_2025-09-08 10_46_25.784-05_00_2.png,1.25,1.5448836145042604
2110,1202_LeafPhotoA_2025-09-08 10_46_25.784-05_00_3.png,1.25,1.6459383886116783
2134,1746_LeafPhotoA_2025-09-09 10_03_34.287-05_00_0.png,1.5,2.0774376329536666
2135,1746_LeafPhotoA_2025-09-09 10_03_34.287-05_00_1.png,1.5,2.013814368192222
2136,1746_LeafPhotoA_2025-09-09 10_03_34.287-05_00_2.png,1.5,1.9339433661198748
2137,1931_LeafPhotoA_2025-09-09 15_27_04.726-05_00_0.png,1.25,1.6593405765805498
2138,1931_LeafPhotoA_2025-09-09 15_27_04.726-05_00_1.png,1.25,1.6351896610199856
2139,1931_LeafPhotoA_2025-09-09 15_27_04.726-05_00_2.png,1.25,1.5658366482521509
2140,1931_LeafPhotoA_2025-09-09 15_27_04.726-05_00_3.png,1.25,1.5655335153228793
2153,1206_LeafPhotoA_2025-09-08 09_30_08.342-05_00_0.png,2.0,1.545688539408486
2154,1206_LeafPhotoA_2025-09-08 09_30_08.342-05_00_1.png,2.0,1.834445030644985
2155,1206_LeafPhotoA_2025-09-08 09_30_08.342-05_00_2.png,2.0,1.8984837839708542
2156,1206_LeafPhotoA_2025-09-08 09_30_08.342-05_00_3.png,2.0,1.606062685887062
2169,1163_LeafPhotoA_2025-09-08 16_42_10.758-05_00_0.png,1.25,1.8258341250830232
2170,1163_LeafPhotoA_2025-09-08 16_42_10.758-05_00_1.png,1.25,1.8662980638776645
2171,1163_LeafPhotoA_2025-09-08 16_42_10.758-05_00_2.png,1.25,1.816419966892951
2172,1163_LeafPhotoA_2025-09-08 16_42_10.758-05_00_3.png,1.25,1.732534760723509
2173,2518_LeafPhotoA_2025-09-09 10_14_44.963-05_00_0.png,2.25,2.435779435829854
2174,2518_LeafPhotoA_2025-09-09 10_14_44.963-05_00_1.png,2.25,2.596684486894954
2175,2518_LeafPhotoA_2025-09-09 10_14_44.963-05_00_2.png,2.25,2.757923660954307
2176,2518_LeafPhotoA_2025-09-09 10_14_44.963-05_00_3.png,2.25,2.60932137971087
2181,2429_LeafPhotoB_2025-09-08 11_06_06.696-05_00_0.png,2.25,1.6815874296559894
2182,1227_LeafPhotoA_2025-09-08 10_09_23.405-05_00_0.png,2.25,2.051644545793528
2183,1227_LeafPhotoA_2025-09-08 10_09_23.405-05_00_1.png,2.25,1.921998087067034
2188,,1.75,1.5708423639940412
2206,2403_LeafPhotoB_2025-09-08 10_42_58.623-05_00_0.png,1.25,1.330333141539725
2207,2403_LeafPhotoB_2025-09-08 10_42_58.623-05_00_1.png,1.25,1.3294764999617592
2208,2403_LeafPhotoB_2025-09-08 10_42_58.623-05_00_2.png,1.25,1.35488710499382
2209,2403_LeafPhotoB_2025-09-08 10_42_58.623-05_00_3.png,1.25,1.3653062592359584
2223,1700_LeafPhotoA_2025-09-09 10_24_58.399-05_00_0.png,2.0,2.025997704168467
2224,1700_LeafPhotoA_2025-09-09 10_24_58.399-05_00_1.png,2.0,1.9887378548094494
2225,1700_LeafPhotoA_2025-09-09 10_24_58.399-05_00_2.png,2.0,2.0853778551143343
2230,,1.75,1.5708423639940412
2247,1774_LeafPhotoA_2025-09-09 09_53_13.789-05_00_0.png,1.25,1.5402473874554332
2248,1774_LeafPhotoA_2025-09-09 09_53_13.789-05_00_1.png,1.25,1.3592434521438852
2249,1774_LeafPhotoA_2025-09-09 09_53_13.789-05_00_2.png,1.25,1.37990094185409
2250,1774_LeafPhotoA_2025-09-09 09_53_13.789-05_00_3.png,1.25,1.4247575087692894
2251,2692_LeafPhotoA_2025-09-09 10_39_36.661-05_00_0.png,1.25,2.0336467470733393
2252,2692_LeafPhotoA_2025-09-09 10_39_36.661-05_00_1.png,1.25,1.8439376827861256
2253,2692_LeafPhotoA_2025-09-09 10_39_36.661-05_00_2.png,1.25,1.8491057776865274
2254,2692_LeafPhotoA_2025-09-09 10_39_36.661-05_00_3.png,1.25,1.8312401056787413
2283,1490_LeafPhotoB_2025-09-08 16_54_44.052-05_00_0.png,1.5,1.9418296132361919
2284,1490_LeafPhotoB_2025-09-08 16_54_44.052-05_00_1.png,1.5,1.923035560030891
2285,1490_LeafPhotoB_2025-09-08 16_54_44.052-05_00_2.png,1.5,1.8625245196785942
2306,1182_LeafPhotoA_2025-09-08 16_12_58.388-05_00_0.png,1.5,1.865932696604705
2307,1182_LeafPhotoA_2025-09-08 16_12_58.388-05_00_1.png,1.5,1.8228552309094959
2308,1182_LeafPhotoA_2025-09-08 16_12_58.388-05_00_2.png,1.5,1.7894559639881225
2309,1182_LeafPhotoA_2025-09-08 16_12_58.388-05_00_3.png,1.5,1.7796935197370585
2336,1220_LeafPhotoA_2025-09-08 09_59_32.289-05_00_0.png,2.25,1.7893600626750037
2337,1220_LeafPhotoA_2025-09-08 09_59_32.289-05_00_1.png,2.25,1.5424728688990865
2338,1220_LeafPhotoA_2025-09-08 09_59_32.289-05_00_2.png,2.25,1.626689527525334
2339,1220_LeafPhotoA_2025-09-08 09_59_32.289-05_00_3.png,2.25,1.8166869163245065
2344,1550_LeafPhotoA_2025-09-09 09_52_22.748-05_00_0.png,2.25,2.4459547215447954
2345,1550_LeafPhotoA_2025-09-09 09_52_22.748-05_00_1.png,2.25,2.066181142487704
2346,1550_LeafPhotoA_2025-09-09 09_52_22.748-05_00_2.png,2.25,1.63543620384335
2347,1550_LeafPhotoA_2025-09-09 09_52_22.748-05_00_3.png,2.25,1.9053621563858691
2358,2234_LeafPhotoA_2025-09-08 11_39_18.537-05_00_0.png,1.75,1.721411836102601
2359,2234_LeafPhotoA_2025-09-08 11_39_18.537-05_00_1.png,1.75,1.4377050073222926
2360,2234_LeafPhotoA_2025-09-08 11_39_18.537-05_00_2.png,1.75,1.5433147224923673
2361,2234_LeafPhotoA_2025-09-08 11_39_18.537-05_00_3.png,1.75,1.587164113037215
2373,2201_LeafPhotoA_2025-09-08 10_47_34.501-05_00_0.png,1.25,1.468186609020334
2374,2201_LeafPhotoA_2025-09-08 10_47_34.501-05_00_1.png,1.25,1.4922790068870748
2375,2201_LeafPhotoA_2025-09-08 10_47_34.501-05_00_2.png,1.25,1.576226854110211
2376,2201_LeafPhotoA_2025-09-08 10_47_34.501-05_00_3.png,1.25,1.6334381810892047
2377,1174_LeafPhotoA_2025-09-08 16_26_52.134-05_00_0.png,1.5,1.6243705723133954
2378,1174_LeafPhotoA_2025-09-08 16_26_52.134-05_00_1.png,1.5,1.802216477064388
2379,1174_LeafPhotoA_2025-09-08 16_26_52.134-05_00_2.png,1.5,1.7647504545087265
2380,1174_LeafPhotoA_2025-09-08 16_26_52.134-05_00_3.png,1.5,1.7332234695652968
2381,1278_LeafPhotoA_2025-09-08 16_08_45.462-05_00_0.png,2.0,1.9257052303373654
2382,1278_LeafPhotoA_2025-09-08 16_08_45.462-05_00_1.png,2.0,1.953015683227808
2383,1278_LeafPhotoA_2025-09-08 16_08_45.462-05_00_2.png,2.0,1.934685216027201
2384,1278_LeafPhotoA_2025-09-08 16_08_45.462-05_00_3.png,2.0,1.8425933067674094
2385,1735_LeafPhotoA_2025-09-09 09_46_39.828-05_00_0.png,3.25,3.293095650819182
2386,1735_LeafPhotoA_2025-09-09 09_46_39.828-05_00_1.png,3.25,3.1498799669905195
2387,1735_LeafPhotoA_2025-09-09 09_46_39.828-05_00_2.png,3.25,3.3075918187406312
2388,1735_LeafPhotoA_2025-09-09 09_46_39.828-05_00_3.png,3.25,3.2874705318680513
2389,2174_LeafPhotoA_2025-09-09 12_15_14.269-05_00_0.png,2.25,1.9595618488851716
2390,2174_LeafPhotoA_2025-09-09 12_15_14.269-05_00_1.png,2.25,2.0812274861992455
2391,2174_LeafPhotoA_2025-09-09 12_15_14.269-05_00_2.png,2.25,2.213910184765192
2392,2174_LeafPhotoA_2025-09-09 12_15_14.269-05_00_3.png,2.25,2.4465455924042416
2393,1702_LeafPhotoA_2025-09-09 10_12_12.772-05_00_0.png,3.0,2.768536834756176
2394,1702_LeafPhotoA_2025-09-09 10_12_12.772-05_00_1.png,3.0,3.045627821085915
2395,1702_LeafPhotoA_2025-09-09 10_12_12.772-05_00_2.png,3.0,3.0069561813624457
2396,1702_LeafPhotoA_2025-09-09 10_12_12.772-05_00_3.png,3.0,2.917235565539552
2412,2101_LeafPhotoA_2025-09-08 10_53_40.932-05_00_0.png,1.75,1.4170024414480331
2413,2101_LeafPhotoA_2025-09-08 10_53_40.932-05_00_1.png,1.75,1.4415750562029361
2414,2101_LeafPhotoA_2025-09-08 10_53_40.932-05_00_2.png,1.75,1.5204434270203908
2415,2101_LeafPhotoA_2025-09-08 10_53_40.932-05_00_3.png,1.75,1.578183581025418
2446,2201_LeafPhotoA_2025-09-08 10_47_11.543-05_00_0.png,1.0,1.3849251387828931
2447,2201_LeafPhotoA_2025-09-08 10_47_11.543-05_00_1.png,1.0,1.3698581404633898
2448,2201_LeafPhotoA_2025-09-08 10_47_11.543-05_00_2.png,1.0,1.3222036711716092
2449,2201_LeafPhotoA_2025-09-08 10_47_11.543-05_00_3.png,1.0,1.3665508081489475
2454,1784_LeafPhotoA_2025-09-09 09_29_57.480-05_00_0.png,1.5,1.5690707617451878
2455,1784_LeafPhotoA_2025-09-09 09_29_57.480-05_00_1.png,1.5,1.5576506734337852
2456,1784_LeafPhotoA_2025-09-09 09_29_57.480-05_00_2.png,1.5,1.4106606094566034
2457,1784_LeafPhotoA_2025-09-09 09_29_57.480-05_00_3.png,1.5,1.346696812785544
2458,2756_LeafPhotoA_2025-09-09 16_27_37.923-05_00_0.png,1.25,1.4508643695338148
2459,2756_LeafPhotoA_2025-09-09 16_27_37.923-05_00_1.png,1.25,1.4516092167421488
2460,1329_LeafPhotoA_2025-09-08 09_56_53.667-05_00_0.png,2.5,1.9586804617851072
2461,1329_LeafPhotoA_2025-09-08 09_56_53.667-05_00_1.png,2.5,1.9370726037096657
2462,1329_LeafPhotoA_2025-09-08 09_56_53.667-05_00_2.png,2.5,1.9977438049861898
2463,1329_LeafPhotoA_2025-09-08 09_56_53.667-05_00_3.png,2.5,1.9316546677490474
2464,1616_LeafPhotoA_2025-09-09 09_41_23.675-05_00_0.png,2.0,1.5084401600023216
2465,1616_LeafPhotoA_2025-09-09 09_41_23.675-05_00_1.png,2.0,1.3941481142562073
2466,1616_LeafPhotoA_2025-09-09 09_41_23.675-05_00_2.png,2.0,1.3600434309600566
2467,1616_LeafPhotoA_2025-09-09 09_41_23.675-05_00_3.png,2.0,1.3748476496937332
2468,2562_LeafPhotoA_2025-09-09 10_59_13.146-05_00_0.png,2.5,1.6826054092630252
2469,2562_LeafPhotoA_2025-09-09 10_59_13.146-05_00_1.png,2.5,1.5940170195234658
2470,2562_LeafPhotoA_2025-09-09 10_59_13.146-05_00_2.png,2.5,1.5415750417990153
2490,1186_LeafPhotoA_2025-09-08 16_05_34.142-05_00_0.png,1.25,1.623199139727125
2491,1186_LeafPhotoA_2025-09-08 16_05_34.142-05_00_1.png,1.25,1.693857657685131
2492,1186_LeafPhotoA_2025-09-08 16_05_34.142-05_00_2.png,1.25,1.5768545900975637
2493,1186_LeafPhotoA_2025-09-08 16_05_34.142-05_00_3.png,1.25,1.5160988182528776
2528,1155_LeafPhotoA_2025-09-08 16_53_48.092-05_00_0.png,1.75,1.8894590424088338
2529,1155_LeafPhotoA_2025-09-08 16_53_48.092-05_00_1.png,1.75,1.8470619685356917
2530,1155_LeafPhotoA_2025-09-08 16_53_48.092-05_00_2.png,1.75,1.7548009907806972
2546,,1.25,1.5708423639940412
2592,,2.0,1.5708423639940412
2601,1445_LeafPhotoB_2025-09-08 10_34_53.870-05_00_0.png,1.5,1.3806932441752005
2602,1445_LeafPhotoB_2025-09-08 10_34_53.870-05_00_1.png,1.5,1.5265388648790472
2603,1445_LeafPhotoB_2025-09-08 10_34_53.870-05_00_2.png,1.5,1.5166559557412396
2604,1445_LeafPhotoB_2025-09-08 10_34_53.870-05_00_3.png,1.5,1.5126292222435058
2613,2703_LeafPhotoA_2025-09-09 10_15_56.392-05_00_0.png,4.25,2.801766781610468
2614,2703_LeafPhotoA_2025-09-09 10_15_56.392-05_00_1.png,4.25,3.1507917498590285
2615,2703_LeafPhotoA_2025-09-09 10_15_56.392-05_00_2.png,4.25,3.335184664567885
2616,2703_LeafPhotoA_2025-09-09 10_15_56.392-05_00_3.png,4.25,3.350025000016375
2625,1234_LeafPhotoA_2025-09-08 10_19_27.121-05_00_0.png,1.5,1.7206047331849867
2626,1234_LeafPhotoA_2025-09-08 10_19_27.121-05_00_1.png,1.5,1.619465552892614
2627,1234_LeafPhotoA_2025-09-08 10_19_27.121-05_00_2.png,1.5,1.5639605020707608
2628,1234_LeafPhotoA_2025-09-08 10_19_27.121-05_00_3.png,1.5,1.509289680014636
2646,2266_LeafPhotoA_2025-09-08 17_17_09.917-05_00_0.png,2.75,2.492753815638214
2647,2266_LeafPhotoA_2025-09-08 17_17_09.917-05_00_1.png,2.75,2.0429700556782713
2648,2266_LeafPhotoA_2025-09-08 17_17_09.917-05_00_2.png,2.75,2.39039260492931
2649,2266_LeafPhotoA_2025-09-08 17_17_09.917-05_00_3.png,2.75,2.8203180537481543
2662,2978_LeafPhotoA_2025-09-09 16_28_25.306-05_00_0.png,1.5,2.137765941261984
2663,2978_LeafPhotoA_2025-09-09 16_28_25.306-05_00_1.png,1.5,1.7573362175065312
2664,2978_LeafPhotoA_2025-09-09 16_28_25.306-05_00_2.png,1.5,1.7037087273187532
2665,2978_LeafPhotoA_2025-09-09 16_28_25.306-05_00_3.png,1.5,1.9725730640390189
2687,1891_LeafPhotoA_2025-09-09 17_16_06.533-05_00_0.png,1.5,1.807838627749205
2688,1891_LeafPhotoA_2025-09-09 17_16_06.533-05_00_1.png,1.5,1.8073818075374124
2689,1891_LeafPhotoA_2025-09-09 17_16_06.533-05_00_2.png,1.5,1.7092331848564535
2690,1891_LeafPhotoA_2025-09-09 17_16_06.533-05_00_3.png,1.5,1.6276163807141233
2719,1144_LeafPhotoA_2025-09-08 10_40_26.306-05_00_0.png,2.25,2.329713419713939
2720,1144_LeafPhotoA_2025-09-08 10_40_26.306-05_00_1.png,2.25,1.932741118923915
2721,1144_LeafPhotoA_2025-09-08 10_40_26.306-05_00_2.png,2.25,1.719830049798411
2722,1144_LeafPhotoA_2025-09-08 10_40_26.306-05_00_3.png,2.25,1.943155463516531
2753,1621_LeafPhotoA_2025-09-09 09_52_05.240-05_00_0.png,1.25,1.4469381430443375
2754,1621_LeafPhotoA_2025-09-09 09_52_05.240-05_00_1.png,1.25,1.5150947293362278
2755,1621_LeafPhotoA_2025-09-09 09_52_05.240-05_00_2.png,1.25,1.5775560044248735
2756,1621_LeafPhotoA_2025-09-09 09_52_05.240-05_00_3.png,1.25,1.4627218684805157
2757,,2.5,1.5708423639940412
2774,1288_LeafPhotoA_2025-09-08 15_59_14.840-05_00_0.png,1.5,1.715647409241462
2775,1288_LeafPhotoA_2025-09-08 15_59_14.840-05_00_1.png,1.5,1.6277707359974811
2776,1288_LeafPhotoA_2025-09-08 15_59_14.840-05_00_2.png,1.5,1.5946520894866112
2784,1648_LeafPhotoA_2025-09-09 10_43_26.038-05_00_0.png,2.0,1.7463211748087526
2785,1648_LeafPhotoA_2025-09-09 10_43_26.038-05_00_1.png,2.0,1.8454813542258393
2786,1648_LeafPhotoA_2025-09-09 10_43_26.038-05_00_2.png,2.0,1.8385006812784845
2787,1648_LeafPhotoA_2025-09-09 10_43_26.038-05_00_3.png,2.0,1.9443842515198946
2805,,1.75,1.5708423639940412
2807,1415_LeafPhotoB_2025-09-08 10_09_27.941-05_00_0.png,1.25,1.6715435197555826
2808,1415_LeafPhotoB_2025-09-08 10_09_27.941-05_00_1.png,1.25,1.7238700438694736
2809,1415_LeafPhotoB_2025-09-08 10_09_27.941-05_00_2.png,1.25,1.6256177088694872
2810,1415_LeafPhotoB_2025-09-08 10_09_27.941-05_00_3.png,1.25,1.6241025183671027
2811,1829_LeafPhotoA_2025-09-09 09_31_52.096-05_00_0.png,2.25,2.2652991935932145
2812,1829_LeafPhotoA_2025-09-09 09_31_52.096-05_00_1.png,2.25,2.188265195212855
2813,1829_LeafPhotoA_2025-09-09 09_31_52.096-05_00_2.png,2.25,1.7752349752634933
2814,1829_LeafPhotoA_2025-09-09 09_31_52.096-05_00_3.png,2.25,1.6559080244029807
2827,2802_LeafPhotoA_2025-09-09 10_10_24.476-05_00_0.png,2.25,2.5895407939154085
2828,2802_LeafPhotoA_2025-09-09 10_10_24.476-05_00_1.png,2.25,2.096518928056054
2829,2802_LeafPhotoA_2025-09-09 10_10_24.476-05_00_2.png,2.25,2.028427301279517
2830,2802_LeafPhotoA_2025-09-09 10_10_24.476-05_00_3.png,2.25,2.266211738740436
2831,1057_LeafPhotoA_2025-09-08 12_48_09.886-05_00_0.png,4.0,3.1354894522227785
2832,1057_LeafPhotoA_2025-09-08 12_48_09.886-05_00_1.png,4.0,2.9685940168349343
2833,1803_LeafPhotoA_2025-09-09 08_52_14.872-05_00_0.png,1.5,1.5169146455351707
2834,1803_LeafPhotoA_2025-09-09 08_52_14.872-05_00_1.png,1.5,1.554082428630344
2835,1803_LeafPhotoA_2025-09-09 08_52_14.872-05_00_2.png,1.5,1.7220704009585819
2836,1803_LeafPhotoA_2025-09-09 08_52_14.872-05_00_3.png,1.5,1.88067142639245
2865,2532_LeafPhotoA_2025-09-09 10_30_36.212-05_00_0.png,1.5,1.6957464040839605
2866,2532_LeafPhotoA_2025-09-09 10_30_36.212-05_00_1.png,1.5,2.1322458214729885
2867,2532_LeafPhotoA_2025-09-09 10_30_36.212-05_00_2.png,1.5,2.0981108626790945
2868,2532_LeafPhotoA_2025-09-09 10_30_36.212-05_00_3.png,1.5,1.846233699291121
2876,2519_LeafPhotoA_2025-09-09 10_16_07.193-05_00_0.png,1.25,1.7218206876462239
2877,2519_LeafPhotoA_2025-09-09 10_16_07.193-05_00_1.png,1.25,1.5882318117214005
2878,2519_LeafPhotoA_2025-09-09 10_16_07.193-05_00_2.png,1.25,1.6388438831697965
2879,2519_LeafPhotoA_2025-09-09 10_16_07.193-05_00_3.png,1.25,1.8940472930921826
2964,2783_LeafPhotoA_2025-09-09 15_14_29.872-05_00_0.png,1.25,1.6562449789055211
2965,2783_LeafPhotoA_2025-09-09 15_14_29.872-05_00_1.png,1.25,1.545714069603159
2966,2783_LeafPhotoA_2025-09-09 15_14_29.872-05_00_2.png,1.25,1.6045719903135016
2967,2783_LeafPhotoA_2025-09-09 15_14_29.872-05_00_3.png,1.25,1.6550501639380695
2984,2331_LeafPhotoA_2025-09-08 10_59_46.770-05_00_0.png,2.5,1.692815663234686
2985,2331_LeafPhotoA_2025-09-08 10_59_46.770-05_00_1.png,2.5,1.776363987452767
2986,2331_LeafPhotoA_2025-09-08 10_59_46.770-05_00_2.png,2.5,1.7918652851545185
2987,2993_LeafPhotoA_2025-09-09 16_47_51.394-05_00_0.png,1.5,1.7372637852182626
2988,2993_LeafPhotoA_2025-09-09 16_47_51.394-05_00_1.png,1.5,1.7344124922366513
2989,2993_LeafPhotoA_2025-09-09 16_47_51.394-05_00_2.png,1.5,1.8444892524969445
2990,2993_LeafPhotoA_2025-09-09 16_47_51.394-05_00_3.png,1.5,1.9233223772070402
3007,2729_LeafPhotoA_2025-09-09 10_55_26.872-05_00_0.png,2.75,3.180862427450701
3008,2729_LeafPhotoA_2025-09-09 10_55_26.872-05_00_1.png,2.75,3.0633118560428305
3009,2729_LeafPhotoA_2025-09-09 10_55_26.872-05_00_2.png,2.75,2.311493167851081
3010,2729_LeafPhotoA_2025-09-09 10_55_26.872-05_00_3.png,2.75,1.9186258269003518
3023,1616_LeafPhotoA_2025-09-09 09_40_32.568-05_00_0.png,1.5,1.4219234406522165
3024,1616_LeafPhotoA_2025-09-09 09_40_32.568-05_00_1.png,1.5,1.5138104014081761
3025,1616_LeafPhotoA_2025-09-09 09_40_32.568-05_00_2.png,1.5,1.5083799725815985
3034,,1.75,1.5708423639940412
3039,2734_LeafPhotoA_2025-09-09 11_00_52.812-05_00_0.png,2.25,2.1402048249630505
3040,2734_LeafPhotoA_2025-09-09 11_00_52.812-05_00_1.png,2.25,2.081681194685462
3041,2734_LeafPhotoA_2025-09-09 11_00_52.812-05_00_2.png,2.25,2.1085138633806633
3042,2734_LeafPhotoA_2025-09-09 11_00_52.812-05_00_3.png,2.25,2.2884654741798336
3084,2246_LeafPhotoA_2025-09-08 11_58_26.493-05_00_0.png,2.25,2.0686338593775817
3085,2246_LeafPhotoA_2025-09-08 11_58_26.493-05_00_1.png,2.25,2.1053235368110568
3086,2246_LeafPhotoA_2025-09-08 11_58_26.493-05_00_2.png,2.25,2.0851867495223013
3087,2246_LeafPhotoA_2025-09-08 11_58_26.493-05_00_3.png,2.25,2.1300567042458853
3088,1815_LeafPhotoA_2025-09-09 09_11_30.894-05_00_0.png,1.25,1.628421159830023
3106,2916_LeafPhotoA_2025-09-09 16_36_27.915-05_00_0.png,3.0,2.2222834430764213
3107,2916_LeafPhotoA_2025-09-09 16_36_27.915-05_00_1.png,3.0,2.0484531349135993
3108,2916_LeafPhotoA_2025-09-09 16_36_27.915-05_00_2.png,3.0,2.074297290193949
3113,2234_LeafPhotoA_2025-09-08 11_39_01.597-05_00_0.png,1.5,1.5452492576290369
3114,2234_LeafPhotoA_2025-09-08 11_39_01.597-05_00_1.png,1.5,1.577015041368805
3115,2234_LeafPhotoA_2025-09-08 11_39_01.597-05_00_2.png,1.5,1.4625645562633647
3116,2234_LeafPhotoA_2025-09-08 11_39_01.597-05_00_3.png,1.5,1.4532694084139774
3121,1615_LeafPhotoA_2025-09-09 09_38_30.259-05_00_0.png,1.75,1.8058657663769395
3122,1615_LeafPhotoA_2025-09-09 09_38_30.259-05_00_1.png,1.75,1.9518384387115402
3123,1615_LeafPhotoA_2025-09-09 09_38_30.259-05_00_2.png,1.75,1.9237130538315967
3124,1615_LeafPhotoA_2025-09-09 09_38_30.259-05_00_3.png,1.75,1.7610551985290033
3137,1528_LeafPhotoA_2025-09-09 09_26_28.328-05_00_0.png,3.25,3.222197514060373
3138,1528_LeafPhotoA_2025-09-09 09_26_28.328-05_00_1.png,3.25,3.3275434923545806
3139,1528_LeafPhotoA_2025-09-09 09_26_28.328-05_00_2.png,3.25,3.3736070457776877
3140,1528_LeafPhotoA_2025-09-09 09_26_28.328-05_00_3.png,3.25,2.9349461738583345
3165,1566_LeafPhotoA_2025-09-09 10_03_07.791-05_00_0.png,1.5,1.7062208279672348
3166,1566_LeafPhotoA_2025-09-09 10_03_07.791-05_00_1.png,1.5,1.614361365185222
3167,1566_LeafPhotoA_2025-09-09 10_03_07.791-05_00_2.png,1.5,1.621129396796714
3168,1566_LeafPhotoA_2025-09-09 10_03_07.791-05_00_3.png,1.5,1.4996173830201016
3173,2444_LeafPhotoB_2025-09-08 11_19_56.783-05_00_0.png,2.25,2.306581559596178
3174,2444_LeafPhotoB_2025-09-08 11_19_56.783-05_00_1.png,2.25,2.4545214572015275
3175,2444_LeafPhotoB_2025-09-08 11_19_56.783-05_00_2.png,2.25,2.400499089728746
3176,2444_LeafPhotoB_2025-09-08 11_19_56.783-05_00_3.png,2.25,2.1899335146640313
3193,,1.25,1.5708423639940412
3206,1599_LeafPhotoA_2025-09-09 10_23_41.725-05_00_0.png,1.5,1.824644063779093
3240,1411_LeafPhotoB_2025-09-08 10_05_27.189-05_00_0.png,1.25,1.258652798053341
3241,1411_LeafPhotoB_2025-09-08 10_05_27.189-05_00_1.png,1.25,1.220062473471553
3242,1411_LeafPhotoB_2025-09-08 10_05_27.189-05_00_2.png,1.25,1.2538948061339454
3243,1411_LeafPhotoB_2025-09-08 10_05_27.189-05_00_3.png,1.25,1.3311152182239538
3249,1011_LeafPhotoA_2025-09-08 09_42_35.227-05_00_0.png,2.25,1.8627630716792976
3250,1011_LeafPhotoA_2025-09-08 09_42_35.227-05_00_1.png,2.25,1.9446188106886881
3251,1011_LeafPhotoA_2025-09-08 09_42_35.227-05_00_2.png,2.25,2.003372986614136
3255,2716_LeafPhotoA_2025-09-09 10_35_36.382-05_00_0.png,2.75,2.104825472752705
3256,2716_LeafPhotoA_2025-09-09 10_35_36.382-05_00_1.png,2.75,2.2172929682210936
3257,2202_LeafPhotoA_2025-09-08 10_48_52.303-05_00_0.png,1.5,1.5271767601271273
3258,2202_LeafPhotoA_2025-09-08 10_48_52.303-05_00_1.png,1.5,1.5340554801182231
3259,2202_LeafPhotoA_2025-09-08 10_48_52.303-05_00_2.png,1.5,1.5201879515567964
3260,2202_LeafPhotoA_2025-09-08 10_48_52.303-05_00_3.png,1.5,1.5945640800802974
3285,1933_LeafPhotoA_2025-09-09 15_28_49.123-05_00_0.png,2.25,2.0829004325500673
3286,1933_LeafPhotoA_2025-09-09 15_28_49.123-05_00_1.png,2.25,1.9330547444860882
3287,1933_LeafPhotoA_2025-09-09 15_28_49.123-05_00_2.png,2.25,1.926610879825528
3288,1933_LeafPhotoA_2025-09-09 15_28_49.123-05_00_3.png,2.25,1.9609502989740626
3311,1828_LeafPhotoA_2025-09-09 09_30_57.848-05_00_0.png,2.0,1.462358548130521
3312,1828_LeafPhotoA_2025-09-09 09_30_57.848-05_00_1.png,2.0,1.4210849742604532
3313,1828_LeafPhotoA_2025-09-09 09_30_57.848-05_00_2.png,2.0,1.3910717190459692
3314,1828_LeafPhotoA_2025-09-09 09_30_57.848-05_00_3.png,2.0,1.605483904057651
3326,2866_LeafPhotoA_2025-09-09 14_51_42.101-05_00_0.png,1.25,1.5344592746770431
3327,2866_LeafPhotoA_2025-09-09 14_51_42.101-05_00_1.png,1.25,1.5485859914844886
3351,1815_LeafPhotoA_2025-09-09 09_11_08.154-05_00_0.png,1.5,1.4869603832391065
3352,1815_LeafPhotoA_2025-09-09 09_11_08.154-05_00_1.png,1.5,1.4688248354148965
3353,1815_LeafPhotoA_2025-09-09 09_11_08.154-05_00_2.png,1.5,1.5664512776162707
3354,1815_LeafPhotoA_2025-09-09 09_11_08.154-05_00_3.png,1.5,1.627451345162996
3365,2184_LeafPhotoA_2025-09-09 12_29_02.951-05_00_0.png,1.25,1.971122601904675
3366,2184_LeafPhotoA_2025-09-09 12_29_02.951-05_00_1.png,1.25,1.9944343357853667
3367,2184_LeafPhotoA_2025-09-09 12_29_02.951-05_00_2.png,1.25,2.037417331577307
3368,2184_LeafPhotoA_2025-09-09 12_29_02.951-05_00_3.png,1.25,2.51876859107686
3370,1904_LeafPhotoA_2025-09-09 14_39_09.961-05_00_0.png,4.75,3.33406742093556
3371,1904_LeafPhotoA_2025-09-09 14_39_09.961-05_00_1.png,4.75,3.176168044122897
3372,1904_LeafPhotoA_2025-09-09 14_39_09.961-05_00_2.png,4.75,2.79812925232796
3405,2662_LeafPhotoA_2025-09-09 11_35_09.264-05_00_0.png,2.25,2.482038957415834
3406,2662_LeafPhotoA_2025-09-09 11_35_09.264-05_00_1.png,2.25,2.384015469118193
3407,2662_LeafPhotoA_2025-09-09 11_35_09.264-05_00_2.png,2.25,2.404831437340074
3408,2662_LeafPhotoA_2025-09-09 11_35_09.264-05_00_3.png,2.25,2.728725802161053
3441,2395_LeafPhotoA_2025-09-08 12_20_11.123-05_00_0.png,2.25,2.196010115640887
3442,2395_LeafPhotoA_2025-09-08 12_20_11.123-05_00_1.png,2.25,2.234544991147377
3443,2395_LeafPhotoA_2025-09-08 12_20_11.123-05_00_2.png,2.25,2.000244080690337
3444,2395_LeafPhotoA_2025-09-08 12_20_11.123-05_00_3.png,2.25,1.8609647735923138
3479,5031_LeafPhotoA_2025-09-09 16_57_35.057-05_00_0.png,1.25,1.7101300758521878
3480,5031_LeafPhotoA_2025-09-09 16_57_35.057-05_00_1.png,1.25,1.498250128547923
3481,5031_LeafPhotoA_2025-09-09 16_57_35.057-05_00_2.png,1.25,1.3898118537406219
3482,5031_LeafPhotoA_2025-09-09 16_57_35.057-05_00_3.png,1.25,1.461842062752134
3499,1307_LeafPhotoA_2025-09-08 09_22_15.163-05_00_0.png,1.75,1.7473677919974133
3500,1307_LeafPhotoA_2025-09-08 09_22_15.163-05_00_1.png,1.75,1.6163658724504548
3501,1307_LeafPhotoA_2025-09-08 09_22_15.163-05_00_2.png,1.75,1.459211084229346
3502,1307_LeafPhotoA_2025-09-08 09_22_15.163-05_00_3.png,1.75,1.6022294055341058
3517,2120_LeafPhotoA_2025-09-08 11_31_02.513-05_00_0.png,1.25,1.6345571207688065
3518,2120_LeafPhotoA_2025-09-08 11_31_02.513-05_00_1.png,1.25,1.6499002918789583
3519,2120_LeafPhotoA_2025-09-08 11_31_02.513-05_00_2.png,1.25,1.7638828167191545
3520,2120_LeafPhotoA_2025-09-08 11_31_02.513-05_00_3.png,1.25,1.8659946964625407
3521,1259_LeafPhotoA_2025-09-08 16_30_12.453-05_00_0.png,2.25,2.0532945311066326
3522,1259_LeafPhotoA_2025-09-08 16_30_12.453-05_00_1.png,2.25,2.006671468496727
3523,1259_LeafPhotoA_2025-09-08 16_30_12.453-05_00_2.png,2.25,1.8326035406049912
3524,1259_LeafPhotoA_2025-09-08 16_30_12.453-05_00_3.png,2.25,1.8664865108513877
3533,2318_LeafPhotoA_2025-09-08 10_46_40.691-05_00_0.png,1.0,1.2898870803917117
3534,2318_LeafPhotoA_2025-09-08 10_46_40.691-05_00_1.png,1.0,1.2235401512348583
3535,2318_LeafPhotoA_2025-09-08 10_46_40.691-05_00_2.png,1.0,1.2550951448577206
3536,2318_LeafPhotoA_2025-09-08 10_46_40.691-05_00_3.png,1.0,1.30748512906861
3546,1806_LeafPhotoA_2025-09-09 08_58_19.870-05_00_0.png,3.0,2.0443370450740574
3547,1806_LeafPhotoA_2025-09-09 08_58_32.090-05_00_0.png,1.75,1.8002651355392874
3548,1806_LeafPhotoA_2025-09-09 08_58_32.090-05_00_1.png,1.75,1.6744445772316565
3549,1806_LeafPhotoA_2025-09-09 08_58_32.090-05_00_2.png,1.75,1.773304547522911
3550,1806_LeafPhotoA_2025-09-09 08_58_32.090-05_00_3.png,1.75,1.8456350075054484
3551,2205_LeafPhotoA_2025-09-08 10_52_49.920-05_00_0.png,2.0,1.8358893648934183
3552,2205_LeafPhotoA_2025-09-08 10_52_49.920-05_00_1.png,2.0,1.71927738977676
3553,2205_LeafPhotoA_2025-09-08 10_52_49.920-05_00_2.png,2.0,1.6186572606207874
3554,2205_LeafPhotoA_2025-09-08 10_52_49.920-05_00_3.png,2.0,1.6817517741116783
3555,2205_LeafPhotoA_2025-09-08 10_52_29.620-05_00_0.png,1.25,1.527643432674031
3556,2205_LeafPhotoA_2025-09-08 10_52_29.620-05_00_1.png,1.25,1.527233045698229
3557,2205_LeafPhotoA_2025-09-08 10_52_29.620-05_00_2.png,1.25,1.5378014810213438
3558,2205_LeafPhotoA_2025-09-08 10_52_29.620-05_00_3.png,1.25,1.5693867084457591
3559,1806_LeafPhotoA_2025-09-09 08_58_50.435-05_00_0.png,2.25,1.9214297703258845
3560,1806_LeafPhotoA_2025-09-09 08_58_50.435-05_00_1.png,2.25,2.1618873592115646
3561,1806_LeafPhotoA_2025-09-09 08_58_50.435-05_00_2.png,2.25,2.3556813040169753
3562,1806_LeafPhotoA_2025-09-09 08_58_50.435-05_00_3.png,2.25,2.3756658416792282
3563,2205_LeafPhotoA_2025-09-08 10_52_09.894-05_00_0.png,1.5,2.037317543070857
3564,2205_LeafPhotoA_2025-09-08 10_52_09.894-05_00_1.png,1.5,1.9371182844073704
3565,2205_LeafPhotoA_2025-09-08 10_52_09.894-05_00_2.png,1.5,1.7242506363900751
3566,2205_LeafPhotoA_2025-09-08 10_52_09.894-05_00_3.png,1.5,1.5801514530186773
3,2601_LeafPhotoA_2025-09-09 10_53_20.928-05_00_0.png,1.0,1.420396908260298
4,2601_LeafPhotoA_2025-09-09 10_53_20.928-05_00_1.png,1.0,1.6688142025923562
5,2601_LeafPhotoA_2025-09-09 10_53_20.928-05_00_2.png,1.0,1.5963835415423058
6,2601_LeafPhotoA_2025-09-09 10_53_20.928-05_00_3.png,1.0,1.4976324192126238
34,1483_LeafPhotoB_2025-09-08 16_48_33.487-05_00_0.png,1.25,1.4272636416122277
35,1483_LeafPhotoB_2025-09-08 16_48_33.487-05_00_1.png,1.25,1.5724763755121738
36,1483_LeafPhotoB_2025-09-08 16_48_33.487-05_00_2.png,1.25,1.4567228080370498
37,1483_LeafPhotoB_2025-09-08 16_48_33.487-05_00_3.png,1.25,1.3724409025571955
66,1864_LeafPhotoA_2025-09-09 16_54_10.885-05_00_0.png,2.25,1.8202525196860528
67,1864_LeafPhotoA_2025-09-09 16_54_10.885-05_00_1.png,2.25,1.7899327797961704
68,1864_LeafPhotoA_2025-09-09 16_54_10.885-05_00_2.png,2.25,1.8459200330113654
69,1864_LeafPhotoA_2025-09-09 16_54_10.885-05_00_3.png,2.25,2.1577558234464203
70,1459_LeafPhotoB_2025-09-08 12_35_29.491-05_00_0.png,2.5,3.0849296439750202
71,1459_LeafPhotoB_2025-09-08 12_35_29.491-05_00_1.png,2.5,2.935226131324818
72,1459_LeafPhotoB_2025-09-08 12_35_29.491-05_00_2.png,2.5,2.8615088631018404
81,2330_LeafPhotoA_2025-09-08 10_58_31.927-05_00_0.png,1.25,1.6918132039206915
82,2330_LeafPhotoA_2025-09-08 10_58_31.927-05_00_1.png,1.25,1.5870385857298581
83,2330_LeafPhotoA_2025-09-08 10_58_31.927-05_00_2.png,1.25,1.5029377068544054
84,2330_LeafPhotoA_2025-09-08 10_58_31.927-05_00_3.png,1.25,1.3743925396319936
138,1945_LeafPhotoA_2025-09-09 16_03_25.425-05_00_0.png,2.0,1.761367063556498
139,1945_LeafPhotoA_2025-09-09 16_03_25.425-05_00_1.png,2.0,1.7808314884218543
179,1984_LeafPhotoA_2025-09-09 16_31_27.437-05_00_0.png,1.25,1.6314088183488336
180,1984_LeafPhotoA_2025-09-09 16_31_27.437-05_00_1.png,1.25,1.575212664335148
181,1984_LeafPhotoA_2025-09-09 16_31_27.437-05_00_2.png,1.25,1.5560436223491567
182,2965_LeafPhotoA_2025-09-09 16_10_16.858-05_00_0.png,1.75,1.7226391673986492
183,2965_LeafPhotoA_2025-09-09 16_10_16.858-05_00_1.png,1.75,1.6031285236306523
184,2965_LeafPhotoA_2025-09-09 16_10_16.858-05_00_2.png,1.75,1.6581242643629452
185,2965_LeafPhotoA_2025-09-09 16_10_16.858-05_00_3.png,1.75,1.9308577593788516
194,1209_LeafPhotoA_2025-09-08 09_37_14.965-05_00_0.png,1.25,1.4477396942367908
195,1209_LeafPhotoA_2025-09-08 09_37_14.965-05_00_1.png,1.25,1.574209942391057
196,1209_LeafPhotoA_2025-09-08 09_37_14.965-05_00_2.png,1.25,1.4119244742006931
197,1209_LeafPhotoA_2025-09-08 09_37_14.965-05_00_3.png,1.25,1.3134664526506632
198,1644_LeafPhotoA_2025-09-09 10_35_46.183-05_00_0.png,1.5,1.5438798979085364
199,1644_LeafPhotoA_2025-09-09 10_35_46.183-05_00_1.png,1.5,1.5143142512694558
200,1644_LeafPhotoA_2025-09-09 10_35_46.183-05_00_2.png,1.5,1.5471129108751014
201,1644_LeafPhotoA_2025-09-09 10_35_46.183-05_00_3.png,1.5,1.6266394822426167
202,2905_LeafPhotoA_2025-09-09 16_23_24.410-05_00_0.png,3.0,1.9623480242810734
203,2905_LeafPhotoA_2025-09-09 16_23_24.410-05_00_1.png,3.0,1.971368218769533
204,2905_LeafPhotoA_2025-09-09 16_23_24.410-05_00_2.png,3.0,2.152906268410524
205,2905_LeafPhotoA_2025-09-09 16_23_24.410-05_00_3.png,3.0,2.5600336184462567
218,2680_LeafPhotoA_2025-09-09 11_02_16.370-05_00_0.png,3.0,2.169490048092603
219,2680_LeafPhotoA_2025-09-09 11_02_16.370-05_00_1.png,3.0,2.12385785530116
220,2680_LeafPhotoA_2025-09-09 11_02_16.370-05_00_2.png,3.0,2.400476038620679
221,2680_LeafPhotoA_2025-09-09 11_02_16.370-05_00_3.png,3.0,2.9240188786460073
249,1877_LeafPhotoA_2025-09-09 17_04_30.257-05_00_0.png,1.5,1.8371504929431584
250,1877_LeafPhotoA_2025-09-09 17_04_30.257-05_00_1.png,1.5,1.7076583421308664
251,1877_LeafPhotoA_2025-09-09 17_04_30.257-05_00_2.png,1.5,1.5786808164172716
252,1877_LeafPhotoA_2025-09-09 17_04_30.257-05_00_3.png,1.5,1.6979139408528916
292,6024_LeafPhotoA_2025-09-09 16_37_05.339-05_00_0.png,1.0,1.7524084226424597
313,2891_LeafPhotoA_2025-09-09 14_01_28.259-05_00_0.png,1.75,1.9776475349591636
314,2891_LeafPhotoA_2025-09-09 14_01_28.259-05_00_1.png,1.75,2.063845078425187
315,2891_LeafPhotoA_2025-09-09 14_01_28.259-05_00_2.png,1.75,1.8094986672218678
316,2891_LeafPhotoA_2025-09-09 14_01_28.259-05_00_3.png,1.75,1.6363013242490798
317,1233_LeafPhotoA_2025-09-08 10_18_11.748-05_00_0.png,1.0,1.405373717495525
318,1233_LeafPhotoA_2025-09-08 10_18_11.748-05_00_1.png,1.0,1.3465909225793118
319,1233_LeafPhotoA_2025-09-08 10_18_11.748-05_00_2.png,1.0,1.4877474689196832
348,1834_LeafPhotoA_2025-09-09 09_42_27.442-05_00_0.png,2.5,2.2117694852232392
349,1834_LeafPhotoA_2025-09-09 09_42_27.442-05_00_1.png,2.5,2.2194803724361587
350,1834_LeafPhotoA_2025-09-09 09_42_27.442-05_00_2.png,2.5,2.2359916874598595
351,1834_LeafPhotoA_2025-09-09 09_42_27.442-05_00_3.png,2.5,2.2185931938145584
376,2450_LeafPhotoB_2025-09-08 11_25_41.315-05_00_0.png,1.25,1.44329048698263
377,2450_LeafPhotoB_2025-09-08 11_25_41.315-05_00_1.png,1.25,1.5502549987851864
378,2450_LeafPhotoB_2025-09-08 11_25_41.315-05_00_2.png,1.25,1.569613503491406
379,2450_LeafPhotoB_2025-09-08 11_25_41.315-05_00_3.png,1.25,1.4504168641314548
415,1306_LeafPhotoA_2025-09-08 09_21_07.935-05_00_0.png,2.0,2.219120574493446
416,1306_LeafPhotoA_2025-09-08 09_21_07.935-05_00_1.png,2.0,2.009994768371607
417,1306_LeafPhotoA_2025-09-08 09_21_07.935-05_00_2.png,2.0,2.1961608763291243
430,1151_LeafPhotoA_2025-09-08 16_59_29.011-05_00_0.png,2.0,1.8044918486727697
431,1151_LeafPhotoA_2025-09-08 16_59_29.011-05_00_1.png,2.0,1.7548798315475953
432,1151_LeafPhotoA_2025-09-08 16_59_29.011-05_00_2.png,2.0,1.6428961050165574
483,2908_LeafPhotoA_2025-09-09 16_27_08.906-05_00_0.png,2.25,1.6356028415849435
484,2908_LeafPhotoA_2025-09-09 16_27_08.906-05_00_1.png,2.25,1.5847386091255096
485,2908_LeafPhotoA_2025-09-09 16_27_08.906-05_00_2.png,2.25,1.9381806061800262
486,2908_LeafPhotoA_2025-09-09 16_27_08.906-05_00_3.png,2.25,2.2629514891068694
509,1101_LeafPhotoA_2025-09-08 10_50_13.286-05_00_0.png,2.75,1.7868756506114278
510,1101_LeafPhotoA_2025-09-08 10_50_13.286-05_00_1.png,2.75,2.17422772096969
511,1101_LeafPhotoA_2025-09-08 10_50_13.286-05_00_2.png,2.75,2.3869286714962006
512,1101_LeafPhotoA_2025-09-08 10_50_13.286-05_00_3.png,2.75,2.6236529138896594
517,2652_LeafPhotoA_2025-09-09 11_26_03.712-05_00_0.png,3.0,2.1710938487467124
518,2652_LeafPhotoA_2025-09-09 11_26_03.712-05_00_1.png,3.0,1.9573385114519972
519,2652_LeafPhotoA_2025-09-09 11_26_03.712-05_00_2.png,3.0,2.0253254323935437
520,2652_LeafPhotoA_2025-09-09 11_26_03.712-05_00_3.png,3.0,2.4711103673337615
551,1711_LeafPhotoA_2025-09-09 09_06_57.472-05_00_0.png,4.5,3.106502401390464
552,1711_LeafPhotoA_2025-09-09 09_06_57.472-05_00_1.png,4.5,3.24691846028427
553,1711_LeafPhotoA_2025-09-09 09_06_57.472-05_00_2.png,4.5,3.332430401358906
554,1711_LeafPhotoA_2025-09-09 09_06_57.472-05_00_3.png,4.5,3.318379667485223
573,2071_LeafPhotoA_2025-09-08 12_06_01.483-05_00_0.png,2.5,2.7627262543456412
574,2071_LeafPhotoA_2025-09-08 12_06_01.483-05_00_1.png,2.5,2.297787315267578
575,2071_LeafPhotoA_2025-09-08 12_06_01.483-05_00_2.png,2.5,2.0528649276491775
576,2071_LeafPhotoA_2025-09-08 12_06_01.483-05_00_3.png,2.5,2.118513483366908
593,1758_LeafPhotoA_2025-09-09 10_31_19.555-05_00_0.png,2.0,1.772260046200931
594,1758_LeafPhotoA_2025-09-09 10_31_19.555-05_00_1.png,2.0,2.0736001691126504
595,1758_LeafPhotoA_2025-09-09 10_31_19.555-05_00_2.png,2.0,2.1458343802847484
596,1758_LeafPhotoA_2025-09-09 10_31_19.555-05_00_3.png,2.0,2.078360640080163
613,,4.25,1.5084297721828686
618,,2.0,1.5084297721828686
631,1469_LeafPhotoB_2025-09-08 16_35_32.382-05_00_0.png,1.0,1.3760126474868157
632,1469_LeafPhotoB_2025-09-08 16_35_32.382-05_00_1.png,1.0,1.3916861902072823
633,1469_LeafPhotoB_2025-09-08 16_35_32.382-05_00_2.png,1.0,1.4488245762772658
634,1469_LeafPhotoB_2025-09-08 16_35_32.382-05_00_3.png,1.0,1.5233697811548037
659,1880_LeafPhotoA_2025-09-09 13_17_54.406-05_00_0.png,1.25,1.6725602351688842
660,1880_LeafPhotoA_2025-09-09 13_17_54.406-05_00_1.png,1.25,1.631236407265337
661,1880_LeafPhotoA_2025-09-09 13_17_54.406-05_00_2.png,1.25,1.6496764760616358
662,1880_LeafPhotoA_2025-09-09 13_17_54.406-05_00_3.png,1.25,1.7395377433275074
663,2257_LeafPhotoA_2025-09-08 12_26_56.434-05_00_0.png,1.25,1.6498941633093145
664,2257_LeafPhotoA_2025-09-08 12_26_56.434-05_00_1.png,1.25,1.6309305200482622
665,2257_LeafPhotoA_2025-09-08 12_26_56.434-05_00_2.png,1.25,1.587474227784598
666,2257_LeafPhotoA_2025-09-08 12_26_56.434-05_00_3.png,1.25,1.5870046510220666
686,1322_LeafPhotoA_2025-09-08 09_45_01.696-05_00_0.png,1.5,1.422814422573615
687,1322_LeafPhotoA_2025-09-08 09_45_01.696-05_00_1.png,1.5,1.50266865914515
688,1322_LeafPhotoA_2025-09-08 09_45_01.696-05_00_2.png,1.5,1.5525154968583745
689,1322_LeafPhotoA_2025-09-08 09_45_01.696-05_00_3.png,1.5,1.5444978743450102
694,2552_LeafPhotoA_2025-09-09 11_07_31.178-05_00_0.png,1.75,1.9212622317984154
695,2552_LeafPhotoA_2025-09-09 11_07_31.178-05_00_1.png,1.75,2.1124750564229093
696,2552_LeafPhotoA_2025-09-09 11_07_31.178-05_00_2.png,1.75,1.9735241338218317
697,2552_LeafPhotoA_2025-09-09 11_07_31.178-05_00_3.png,1.75,1.9250873369478236
713,1322_LeafPhotoA_2025-09-08 09_44_46.085-05_00_0.png,1.5,1.5690618378797556
714,1322_LeafPhotoA_2025-09-08 09_44_46.085-05_00_1.png,1.5,1.551230465433832
715,1322_LeafPhotoA_2025-09-08 09_44_46.085-05_00_2.png,1.5,1.4954446202089395
716,1322_LeafPhotoA_2025-09-08 09_44_46.085-05_00_3.png,1.5,1.512509102768004
719,1813_LeafPhotoA_2025-09-09 09_08_08.790-05_00_0.png,1.75,1.8840891959491024
720,1813_LeafPhotoA_2025-09-09 09_08_08.790-05_00_1.png,1.75,1.7241484942645942
721,1813_LeafPhotoA_2025-09-09 09_08_08.790-05_00_2.png,1.75,1.6834241085246322
722,1813_LeafPhotoA_2025-09-09 09_08_08.790-05_00_3.png,1.75,1.779819228150304
753,2156_LeafPhotoA_2025-09-08 12_32_46.869-05_00_0.png,3.25,2.770741555131745
754,2156_LeafPhotoA_2025-09-08 12_32_46.869-05_00_1.png,3.25,2.3393892081180216
755,2156_LeafPhotoA_2025-09-08 12_32_46.869-05_00_2.png,3.25,2.4930856202083946
773,2503_LeafPhotoA_2025-09-09 09_58_27.327-05_00_0.png,3.5,2.7966280379228334
774,2503_LeafPhotoA_2025-09-09 09_58_27.327-05_00_1.png,3.5,2.887362188107157
775,2503_LeafPhotoA_2025-09-09 09_58_27.327-05_00_2.png,3.5,2.7693181937136084
776,2503_LeafPhotoA_2025-09-09 09_58_27.327-05_00_3.png,3.5,2.7133726144104444
831,2914_LeafPhotoA_2025-09-09 16_34_44.640-05_00_0.png,3.75,2.490904126199308
832,2914_LeafPhotoA_2025-09-09 16_34_44.640-05_00_1.png,3.75,2.552422221873556
833,2914_LeafPhotoA_2025-09-09 16_34_44.640-05_00_2.png,3.75,2.404585336783674
834,2914_LeafPhotoA_2025-09-09 16_34_44.640-05_00_3.png,3.75,2.0485421936236565
859,1045_LeafPhotoA_2025-09-08 10_24_39.722-05_00_0.png,1.0,1.3700241106323725
860,1045_LeafPhotoA_2025-09-08 10_24_39.722-05_00_1.png,1.0,1.4568996449492775
861,1045_LeafPhotoA_2025-09-08 10_24_39.722-05_00_2.png,1.0,1.5630166490501252
862,1045_LeafPhotoA_2025-09-08 10_24_39.722-05_00_3.png,1.0,1.541669861048538
907,1284_LeafPhotoA_2025-09-08 16_03_49.001-05_00_0.png,1.25,1.8325046822014708
908,1284_LeafPhotoA_2025-09-08 16_03_49.001-05_00_1.png,1.25,1.746593672155301
921,,3.75,1.5084297721828686
922,1081_LeafPhotoA_2025-09-08 13_14_07.416-05_00_0.png,3.0,2.384416030148616
923,1081_LeafPhotoA_2025-09-08 13_14_07.416-05_00_1.png,3.0,2.577183315663096
924,1081_LeafPhotoA_2025-09-08 13_14_07.416-05_00_2.png,3.0,2.2723673005020735
925,1081_LeafPhotoA_2025-09-08 13_14_07.416-05_00_3.png,3.0,1.7776654656904267
934,1678_LeafPhotoA_2025-09-09 09_34_24.350-05_00_0.png,3.25,2.764964621553341
935,1678_LeafPhotoA_2025-09-09 09_34_24.350-05_00_1.png,3.25,2.512247842055893
936,1678_LeafPhotoA_2025-09-09 09_34_24.350-05_00_2.png,3.25,2.305245442222609
960,1956_LeafPhotoA_2025-09-09 17_17_49.256-05_00_0.png,1.75,1.6657244636276165
961,1956_LeafPhotoA_2025-09-09 17_17_49.256-05_00_1.png,1.75,1.7373004729582704
962,1956_LeafPhotoA_2025-09-09 17_17_49.256-05_00_2.png,1.75,1.3448522664842326
963,1956_LeafPhotoA_2025-09-09 17_17_49.256-05_00_3.png,1.75,1.2554470023046849
964,2897_LeafPhotoA_2025-09-09 13_55_49.813-05_00_0.png,1.25,1.5854567856607331
965,2897_LeafPhotoA_2025-09-09 13_55_49.813-05_00_1.png,1.25,1.6573762165265649
966,2897_LeafPhotoA_2025-09-09 13_55_49.813-05_00_2.png,1.25,1.723121074520166
981,2455_LeafPhotoB_2025-09-08 11_32_47.648-05_00_0.png,4.0,3.0131424202266883
982,2455_LeafPhotoB_2025-09-08 11_32_47.648-05_00_1.png,4.0,2.935238950047773
983,2455_LeafPhotoB_2025-09-08 11_32_47.648-05_00_2.png,4.0,2.965311618635923
984,2455_LeafPhotoB_2025-09-08 11_32_47.648-05_00_3.png,4.0,2.9854536893418464
993,,2.75,1.5084297721828686
994,1081_LeafPhotoA_2025-09-08 13_14_31.503-05_00_0.png,2.0,1.61986925775964
995,1081_LeafPhotoA_2025-09-08 13_14_31.503-05_00_1.png,2.0,1.6352515602231155
996,1081_LeafPhotoA_2025-09-08 13_14_31.503-05_00_2.png,2.0,1.6985484948738634
997,1081_LeafPhotoA_2025-09-08 13_14_31.503-05_00_3.png,2.0,1.7998460730195447
998,1872_LeafPhotoA_2025-09-09 17_01_06.251-05_00_0.png,1.5,1.4167272846620755
999,1872_LeafPhotoA_2025-09-09 17_01_06.251-05_00_1.png,1.5,1.705496888972024
1000,1872_LeafPhotoA_2025-09-09 17_01_06.251-05_00_2.png,1.5,2.0492547613527683
1001,1872_LeafPhotoA_2025-09-09 17_01_06.251-05_00_3.png,1.5,1.8874432811197506
1026,2069_LeafPhotoA_2025-09-08 12_03_26.688-05_00_0.png,1.75,1.9972493227053023
1027,2069_LeafPhotoA_2025-09-08 12_03_26.688-05_00_1.png,1.75,1.6620281392154466
1028,2069_LeafPhotoA_2025-09-08 12_03_26.688-05_00_2.png,1.75,1.6786933593617996
1029,2069_LeafPhotoA_2025-09-08 12_03_26.688-05_00_3.png,1.75,1.8194648131330602
1042,2687_LeafPhotoA_2025-09-09 10_47_11.070-05_00_0.png,1.0,1.510619405566484
1043,2687_LeafPhotoA_2025-09-09 10_47_11.070-05_00_1.png,1.0,1.56436440794471
1054,1016_LeafPhotoA_2025-09-08 09_49_45.693-05_00_0.png,2.25,2.004736372162554
1055,1016_LeafPhotoA_2025-09-08 09_49_45.693-05_00_1.png,2.25,1.9549592303443892
1056,1016_LeafPhotoA_2025-09-08 09_49_45.693-05_00_2.png,2.25,1.9717336235387721
1057,1016_LeafPhotoA_2025-09-08 09_49_45.693-05_00_3.png,2.25,1.8881302616945026
1085,,1.5,1.5084297721828686
1090,2572_LeafPhotoA_2025-09-09 10_48_03.925-05_00_0.png,1.0,1.4152829228770594
1091,2572_LeafPhotoA_2025-09-09 10_48_03.925-05_00_1.png,1.0,1.3878713281365171
1092,2572_LeafPhotoA_2025-09-09 10_48_03.925-05_00_2.png,1.0,1.4024662167038329
1093,2572_LeafPhotoA_2025-09-09 10_48_03.925-05_00_3.png,1.0,1.417879194639353
1094,1483_LeafPhotoB_2025-09-08 16_48_47.018-05_00_0.png,1.75,1.2942004536392109
1095,1483_LeafPhotoB_2025-09-08 16_48_47.018-05_00_1.png,1.75,1.4504664355145198
1096,1483_LeafPhotoB_2025-09-08 16_48_47.018-05_00_2.png,1.75,1.4828662151509484
1097,1483_LeafPhotoB_2025-09-08 16_48_47.018-05_00_3.png,1.75,1.4329856142810864
1125,2158_LeafPhotoA_2025-09-08 12_35_42.896-05_00_0.png,1.5,1.4728653646440981
1126,2158_LeafPhotoA_2025-09-08 12_35_42.896-05_00_1.png,1.5,1.724593729527553
1130,1800_LeafPhotoA_2025-09-09 10_52_27.692-05_00_0.png,1.5,1.7490634314515894
1131,1800_LeafPhotoA_2025-09-09 10_52_27.692-05_00_1.png,1.5,1.8613226172155175
1132,1800_LeafPhotoA_2025-09-09 10_52_27.692-05_00_2.png,1.5,1.921710496564696
1133,1800_LeafPhotoA_2025-09-09 10_52_27.692-05_00_3.png,1.5,1.8723008817091629
1151,1508_LeafPhotoA_2025-09-09 09_02_17.390-05_00_0.png,1.25,1.7868694656127908
1152,1508_LeafPhotoA_2025-09-09 09_02_17.390-05_00_1.png,1.25,1.6259149357909033
1153,1508_LeafPhotoA_2025-09-09 09_02_17.390-05_00_2.png,1.25,1.6390932406982128
1165,1428_LeafPhotoB_2025-09-08 10_20_54.940-05_00_0.png,1.5,1.867325707266303
1166,1428_LeafPhotoB_2025-09-08 10_20_54.940-05_00_1.png,1.5,2.054989523813247
1167,1428_LeafPhotoB_2025-09-08 10_20_54.940-05_00_2.png,1.5,2.3827215557633514
1168,1428_LeafPhotoB_2025-09-08 10_20_54.940-05_00_3.png,1.5,2.3241566307896626
1173,1314_LeafPhotoA_2025-09-08 09_31_44.782-05_00_0.png,2.0,1.7472080901590405
1174,1314_LeafPhotoA_2025-09-08 09_31_44.782-05_00_1.png,2.0,1.7226590950042968
1175,1314_LeafPhotoA_2025-09-08 09_31_44.782-05_00_2.png,2.0,1.8074755287926734
1176,1314_LeafPhotoA_2025-09-08 09_31_44.782-05_00_3.png,2.0,1.87534770598983
1189,1877_LeafPhotoA_2025-09-09 13_21_11.014-05_00_0.png,2.0,1.623826115329889
1190,1877_LeafPhotoA_2025-09-09 13_21_11.014-05_00_1.png,2.0,1.6202167878883245
1191,1877_LeafPhotoA_2025-09-09 13_21_11.014-05_00_2.png,2.0,1.618054030685804
1192,1877_LeafPhotoA_2025-09-09 13_21_11.014-05_00_3.png,2.0,1.636468806151565
1221,1658_LeafPhotoA_2025-09-09 10_12_25.098-05_00_0.png,1.5,1.9499846443725133
1222,1658_LeafPhotoA_2025-09-09 10_12_25.098-05_00_1.png,1.5,1.8162574438124954
1223,1658_LeafPhotoA_2025-09-09 10_12_25.098-05_00_2.png,1.5,1.8689838326770412
1224,1658_LeafPhotoA_2025-09-09 10_12_25.098-05_00_3.png,1.5,1.784963395698012
1269,1864_LeafPhotoA_2025-09-09 13_32_45.370-05_00_0.png,1.25,1.7770191331286533
1270,1864_LeafPhotoA_2025-09-09 13_32_45.370-05_00_1.png,1.25,1.755776325522747
1271,1864_LeafPhotoA_2025-09-09 13_32_45.370-05_00_2.png,1.25,1.6794765358766908
1272,1864_LeafPhotoA_2025-09-09 13_32_45.370-05_00_3.png,1.25,1.6495964206394738
1273,2763_LeafPhotoA_2025-09-09 16_10_47.493-05_00_0.png,1.5,1.863734756618367
1274,2763_LeafPhotoA_2025-09-09 16_10_47.493-05_00_1.png,1.5,1.857161962328177
1275,2763_LeafPhotoA_2025-09-09 16_10_47.493-05_00_2.png,1.5,1.8067648864902162
1276,2763_LeafPhotoA_2025-09-09 16_10_47.493-05_00_3.png,1.5,1.8549775872633825
1281,2694_LeafPhotoA_2025-09-09 10_36_57.596-05_00_0.png,2.0,1.9955243400676836
1282,2694_LeafPhotoA_2025-09-09 10_36_57.596-05_00_1.png,2.0,1.6672870040534522
1283,2694_LeafPhotoA_2025-09-09 10_36_57.596-05_00_2.png,2.0,1.5766288158257005
1284,2694_LeafPhotoA_2025-09-09 10_36_57.596-05_00_3.png,2.0,1.6976906249495258
1292,6035_LeafPhotoA_2025-09-09 16_19_41.324-05_00_0.png,1.5,1.4323780040980132
1293,6035_LeafPhotoA_2025-09-09 16_19_41.324-05_00_1.png,1.5,1.3436006401507556
1294,6035_LeafPhotoA_2025-09-09 16_19_41.324-05_00_2.png,1.5,1.4509811078763282
1295,6035_LeafPhotoA_2025-09-09 16_19_41.324-05_00_3.png,1.5,1.4766809799033114
1342,2307_LeafPhotoA_2025-09-08 10_35_04.821-05_00_0.png,1.5,1.8698318114526498
1343,2307_LeafPhotoA_2025-09-08 10_35_04.821-05_00_1.png,1.5,1.7653711630897189
1344,2307_LeafPhotoA_2025-09-08 10_35_04.821-05_00_2.png,1.5,1.7183423177878479
1345,2357_LeafPhotoA_2025-09-08 11_28_10.254-05_00_0.png,1.0,1.346472600731598
1346,2357_LeafPhotoA_2025-09-08 11_28_10.254-05_00_1.png,1.0,1.3308969308877396
1347,2357_LeafPhotoA_2025-09-08 11_28_10.254-05_00_2.png,1.0,1.3125104592260168
1371,2040_LeafPhotoA_2025-09-08 11_19_26.696-05_00_0.png,1.75,1.9385178121636129
1372,2040_LeafPhotoA_2025-09-08 11_19_26.696-05_00_1.png,1.75,2.1350850215674133
1373,2040_LeafPhotoA_2025-09-08 11_19_26.696-05_00_2.png,1.75,2.0950708684984023
1374,2040_LeafPhotoA_2025-09-08 11_19_26.696-05_00_3.png,1.75,1.9724537469610997
1383,1077_LeafPhotoA_2025-09-08 13_10_16.495-05_00_0.png,2.5,1.6848004503666265
1384,1077_LeafPhotoA_2025-09-08 13_10_16.495-05_00_1.png,2.5,1.915731543779434
1385,1077_LeafPhotoA_2025-09-08 13_10_16.495-05_00_2.png,2.5,2.2889879025701374
1386,1077_LeafPhotoA_2025-09-08 13_10_16.495-05_00_3.png,2.5,2.2372104775205575
1412,1119_LeafPhotoA_2025-09-08 10_03_58.358-05_00_0.png,1.75,1.7363319077078752
1413,1119_LeafPhotoA_2025-09-08 10_03_58.358-05_00_1.png,1.75,1.700960042569661
1414,1119_LeafPhotoA_2025-09-08 10_03_58.358-05_00_2.png,1.75,1.7069436106155342
1415,1119_LeafPhotoA_2025-09-08 10_03_58.358-05_00_3.png,1.75,1.6549541624060773
1424,1023_LeafPhotoA_2025-09-08 09_57_52.275-05_00_0.png,1.0,1.649316544258688
1425,1023_LeafPhotoA_2025-09-08 09_57_52.275-05_00_1.png,1.0,1.4523847069575602
1426,1023_LeafPhotoA_2025-09-08 09_57_52.275-05_00_2.png,1.0,1.5266544811827338
1432,2169_LeafPhotoA_2025-09-09 12_05_18.887-05_00_0.png,2.0,1.755492011543095
1433,2169_LeafPhotoA_2025-09-09 12_05_18.887-05_00_1.png,2.0,1.8127511158933365
1434,2169_LeafPhotoA_2025-09-09 12_05_18.887-05_00_2.png,2.0,1.793611254862126
1435,2169_LeafPhotoA_2025-09-09 12_05_18.887-05_00_3.png,2.0,1.8964883614872983
1446,1428_LeafPhotoA_2025-09-08 09_50_33.027-05_00_0.png,2.0,1.5047414126837506
1447,1428_LeafPhotoA_2025-09-08 09_50_33.027-05_00_1.png,2.0,1.483244061744642
1448,1428_LeafPhotoA_2025-09-08 09_50_33.027-05_00_2.png,2.0,1.4620112110505878
1449,1428_LeafPhotoA_2025-09-08 09_50_33.027-05_00_3.png,2.0,1.682272035036256
1451,2917_LeafPhotoA_2025-09-09 16_38_04.615-05_00_0.png,1.75,1.57034808277378
1452,2917_LeafPhotoA_2025-09-09 16_38_04.615-05_00_1.png,1.75,1.762367958494893
1453,2917_LeafPhotoA_2025-09-09 16_38_04.615-05_00_2.png,1.75,1.8256053457457282
1454,2917_LeafPhotoA_2025-09-09 16_38_04.615-05_00_3.png,1.75,1.617666520280975
1463,1681_LeafPhotoA_2025-09-09 09_29_00.984-05_00_0.png,1.25,1.6747267226237794
1464,1681_LeafPhotoA_2025-09-09 09_29_00.984-05_00_1.png,1.25,1.6670128463226368
1481,2652_LeafPhotoA_2025-09-09 11_26_15.311-05_00_0.png,3.25,2.887583488324686
1482,2652_LeafPhotoA_2025-09-09 11_26_15.311-05_00_1.png,3.25,3.221088968564975
1483,2652_LeafPhotoA_2025-09-09 11_26_15.311-05_00_2.png,3.25,3.0027564482945683
1484,2652_LeafPhotoA_2025-09-09 11_26_15.311-05_00_3.png,3.25,2.6872317990603594
1489,2117_LeafPhotoA_2025-09-08 11_22_01.521-05_00_0.png,2.25,1.83474072343635
1490,2117_LeafPhotoA_2025-09-08 11_22_01.521-05_00_1.png,2.25,1.8187778487064483
1491,2117_LeafPhotoA_2025-09-08 11_22_01.521-05_00_2.png,2.25,1.9318357875891745
1492,2117_LeafPhotoA_2025-09-08 11_22_01.521-05_00_3.png,2.25,2.25321336371675
1516,1800_LeafPhotoA_2025-09-09 10_53_17.816-05_00_0.png,2.0,1.7370856910976875
1517,1800_LeafPhotoA_2025-09-09 10_53_17.816-05_00_1.png,2.0,1.7137675298772452
1518,1800_LeafPhotoA_2025-09-09 10_53_17.816-05_00_2.png,2.0,1.7131706390587964
1519,1800_LeafPhotoA_2025-09-09 10_53_17.816-05_00_3.png,2.0,1.8484299968249271
1551,1911_LeafPhotoA_2025-09-09 14_48_38.419-05_00_0.png,2.5,1.9375132033536633
1552,1911_LeafPhotoA_2025-09-09 14_48_38.419-05_00_1.png,2.5,1.8409673121139845
1553,1911_LeafPhotoA_2025-09-09 14_48_38.419-05_00_2.png,2.5,1.8700360188272338
1554,1911_LeafPhotoA_2025-09-09 14_48_38.419-05_00_3.png,2.5,2.007145970103883
1569,2181_LeafPhotoA_2025-09-09 12_25_47.850-05_00_0.png,4.25,3.0576290371278767
1570,2181_LeafPhotoA_2025-09-09 12_25_47.850-05_00_1.png,4.25,3.0302706115299958
1571,2181_LeafPhotoA_2025-09-09 12_25_47.850-05_00_2.png,4.25,2.94424188317058
1572,2181_LeafPhotoA_2025-09-09 12_25_47.850-05_00_3.png,4.25,2.9843910865070926
1585,1412_LeafPhotoB_2025-09-08 10_06_24.412-05_00_0.png,1.25,1.3740421025303964
1586,1412_LeafPhotoB_2025-09-08 10_06_24.412-05_00_1.png,1.25,1.3664659602630767
1587,1412_LeafPhotoB_2025-09-08 10_06_24.412-05_00_2.png,1.25,1.356463945375516
1588,1412_LeafPhotoB_2025-09-08 10_06_24.412-05_00_3.png,1.25,1.4126638056681595
1589,2733_LeafPhotoA_2025-09-09 10_59_34.111-05_00_0.png,3.5,3.382468774564075
1595,2290_LeafPhotoA_2025-09-08 16_50_22.595-05_00_0.png,2.25,2.093169687571488
1596,2290_LeafPhotoA_2025-09-08 16_50_22.595-05_00_1.png,2.25,1.8020587989152235
1597,2290_LeafPhotoA_2025-09-08 16_50_22.595-05_00_2.png,2.25,1.8834660904218776
1598,2290_LeafPhotoA_2025-09-08 16_50_22.595-05_00_3.png,2.25,1.8610965887505169
1607,2491_LeafPhotoB_2025-09-08 12_06_12.641-05_00_0.png,1.5,1.392060105164014
1608,2491_LeafPhotoB_2025-09-08 12_06_12.641-05_00_1.png,1.5,1.4650415397654184
1609,2491_LeafPhotoB_2025-09-08 12_06_12.641-05_00_2.png,1.5,1.4693755856501598
1610,2491_LeafPhotoB_2025-09-08 12_06_12.641-05_00_3.png,1.5,1.5251143780969636
1615,1403_LeafPhotoB_2025-09-08 09_57_03.631-05_00_0.png,2.0,1.929983114090215
1616,1403_LeafPhotoB_2025-09-08 09_57_03.631-05_00_1.png,2.0,1.9102953992566032
1617,1403_LeafPhotoB_2025-09-08 09_57_03.631-05_00_2.png,2.0,1.955414189704631
1618,1403_LeafPhotoB_2025-09-08 09_57_03.631-05_00_3.png,2.0,1.894017300542167
1619,2481_LeafPhotoB_2025-09-08 11_58_03.951-05_00_0.png,2.5,2.509043138012373
1620,2481_LeafPhotoB_2025-09-08 11_58_03.951-05_00_1.png,2.5,2.32801780219408
1621,2481_LeafPhotoB_2025-09-08 11_58_03.951-05_00_2.png,2.5,2.2724192080279537
1622,2481_LeafPhotoB_2025-09-08 11_58_03.951-05_00_3.png,2.5,2.21156632923535
1628,1412_LeafPhotoB_2025-09-08 10_06_46.177-05_00_0.png,1.25,1.3721617736301355
1629,1412_LeafPhotoB_2025-09-08 10_06_46.177-05_00_1.png,1.25,1.4460066206726419
1630,1412_LeafPhotoB_2025-09-08 10_06_46.177-05_00_2.png,1.25,1.4214546931253578
1631,1412_LeafPhotoB_2025-09-08 10_06_46.177-05_00_3.png,1.25,1.4461390331553838
1639,1230_LeafPhotoA_2025-09-08 10_14_02.865-05_00_0.png,1.5,1.7387495248273104
1640,1230_LeafPhotoA_2025-09-08 10_14_02.865-05_00_1.png,1.5,1.7349150402401177
1641,1230_LeafPhotoA_2025-09-08 10_14_02.865-05_00_2.png,1.5,1.7164203254641526
1642,1230_LeafPhotoA_2025-09-08 10_14_02.865-05_00_3.png,1.5,1.6053471530655177
1667,2551_LeafPhotoA_2025-09-09 11_08_14.599-05_00_0.png,1.75,1.6760212629218056
1668,2551_LeafPhotoA_2025-09-09 11_08_14.599-05_00_1.png,1.75,1.638495560242562
1669,2551_LeafPhotoA_2025-09-09 11_08_14.599-05_00_2.png,1.75,1.6987018858907403
1670,2551_LeafPhotoA_2025-09-09 11_08_14.599-05_00_3.png,1.75,1.7188423921816927
1674,1130_LeafPhotoA_2025-09-08 10_20_05.265-05_00_0.png,3.25,2.159692599400512
1675,1130_LeafPhotoA_2025-09-08 10_20_05.265-05_00_1.png,3.25,2.298509887092896
1676,1130_LeafPhotoA_2025-09-08 10_20_05.265-05_00_2.png,3.25,2.5077412443078084
1677,1130_LeafPhotoA_2025-09-08 10_20_05.265-05_00_3.png,3.25,2.360709073269639
1684,2191_LeafPhotoA_2025-09-08 17_16_00.546-05_00_0.png,1.5,1.777422113858936
1685,2191_LeafPhotoA_2025-09-08 17_16_00.546-05_00_1.png,1.5,1.7679135898214846
1686,2191_LeafPhotoA_2025-09-08 17_16_00.546-05_00_2.png,1.5,1.5755471409502955
1687,2992_LeafPhotoA_2025-09-09 16_46_31.136-05_00_0.png,2.25,2.4282795161566453
1688,2992_LeafPhotoA_2025-09-09 16_46_31.136-05_00_1.png,2.25,2.2916146948095486
1689,2992_LeafPhotoA_2025-09-09 16_46_31.136-05_00_2.png,2.25,2.0844228861595337
1690,2992_LeafPhotoA_2025-09-09 16_46_31.136-05_00_3.png,2.25,2.119659759129188
1702,2687_LeafPhotoA_2025-09-09 10_47_32.733-05_00_0.png,1.25,1.4794013631671337
1703,2687_LeafPhotoA_2025-09-09 10_47_32.733-05_00_1.png,1.25,1.5833339978448342
1714,1205_LeafPhotoA_2025-09-08 09_27_17.999-05_00_0.png,1.25,1.3810981797055712
1715,1205_LeafPhotoA_2025-09-08 09_27_17.999-05_00_1.png,1.25,1.4620762865373942
1716,1205_LeafPhotoA_2025-09-08 09_27_17.999-05_00_2.png,1.25,1.4384833897934708
1717,1205_LeafPhotoA_2025-09-08 09_27_17.999-05_00_3.png,1.25,1.3567991564643078
1722,2450_LeafPhotoB_2025-09-08 11_25_27.986-05_00_0.png,1.5,1.5567552389775687
1723,2450_LeafPhotoB_2025-09-08 11_25_27.986-05_00_1.png,1.5,1.5659592246597853
1724,2450_LeafPhotoB_2025-09-08 11_25_27.986-05_00_2.png,1.5,1.5461504679351996
1725,2450_LeafPhotoB_2025-09-08 11_25_27.986-05_00_3.png,1.5,1.4870966494340134
1734,2763_LeafPhotoA_2025-09-09 16_11_24.849-05_00_0.png,1.75,1.8773527515978174
1735,2763_LeafPhotoA_2025-09-09 16_11_24.849-05_00_1.png,1.75,1.9627840120978672
1755,1617_LeafPhotoA_2025-09-09 09_43_56.607-05_00_0.png,1.5,1.6257635645335906
1756,1617_LeafPhotoA_2025-09-09 09_43_56.607-05_00_1.png,1.5,1.513565272786926
1757,1617_LeafPhotoA_2025-09-09 09_43_56.607-05_00_2.png,1.5,1.5814281567603932
1758,1617_LeafPhotoA_2025-09-09 09_43_56.607-05_00_3.png,1.5,1.6749237515294018
1759,2272_LeafPhotoA_2025-09-08 17_11_05.980-05_00_0.png,2.25,2.106712647288502
1760,2272_LeafPhotoA_2025-09-08 17_11_05.980-05_00_1.png,2.25,2.0252083793471187
1776,2315_LeafPhotoA_2025-09-08 10_43_18.717-05_00_0.png,2.0,1.8722752465435333
1777,2315_LeafPhotoA_2025-09-08 10_43_18.717-05_00_1.png,2.0,1.8678649349840342
1778,2315_LeafPhotoA_2025-09-08 10_43_18.717-05_00_2.png,2.0,1.8739736035843817
1779,2315_LeafPhotoA_2025-09-08 10_43_18.717-05_00_3.png,2.0,1.933084320091673
1780,1423_LeafPhotoB_2025-09-08 10_15_40.160-05_00_0.png,3.0,2.119975671369539
1781,1423_LeafPhotoB_2025-09-08 10_15_40.160-05_00_1.png,3.0,2.2701777647769306
1782,1423_LeafPhotoB_2025-09-08 10_15_40.160-05_00_2.png,3.0,2.390217625049958
1783,1423_LeafPhotoB_2025-09-08 10_15_40.160-05_00_3.png,3.0,2.419817458423786
1784,1016_LeafPhotoA_2025-09-08 09_49_16.143-05_00_0.png,2.5,1.914479829227218
1785,1016_LeafPhotoA_2025-09-08 09_49_16.143-05_00_1.png,2.5,2.329379224726942
1786,1016_LeafPhotoA_2025-09-08 09_49_16.143-05_00_2.png,2.5,2.3536080956546317
1787,1016_LeafPhotoA_2025-09-08 09_49_16.143-05_00_3.png,2.5,2.1526954966795326
1792,2526_LeafPhotoA_2025-09-09 10_24_08.055-05_00_0.png,1.75,1.9773741522889157
1793,2526_LeafPhotoA_2025-09-09 10_24_08.055-05_00_1.png,1.75,2.0286936093196735
1794,2526_LeafPhotoA_2025-09-09 10_24_08.055-05_00_2.png,1.75,2.024438773172131
1795,2526_LeafPhotoA_2025-09-09 10_24_08.055-05_00_3.png,1.75,1.9650900843867176
1812,2037_LeafPhotoA_2025-09-08 11_16_12.785-05_00_0.png,2.0,1.7370811739501753
1813,2037_LeafPhotoA_2025-09-08 11_16_12.785-05_00_1.png,2.0,1.7730857159552982
1814,2037_LeafPhotoA_2025-09-08 11_16_12.785-05_00_2.png,2.0,1.7127491360978195
1815,2037_LeafPhotoA_2025-09-08 11_16_12.785-05_00_3.png,2.0,1.7310248601838192
1816,2269_LeafPhotoA_2025-09-08 17_13_41.456-05_00_0.png,2.5,2.0307133416083696
1817,2269_LeafPhotoA_2025-09-08 17_13_41.456-05_00_1.png,2.5,2.0389393204583808
1818,2269_LeafPhotoA_2025-09-08 17_13_41.456-05_00_2.png,2.5,2.087163657352996
1819,2269_LeafPhotoA_2025-09-08 17_13_41.456-05_00_3.png,2.5,2.141949743539915
1835,1981_LeafPhotoA_2025-09-09 16_40_09.824-05_00_0.png,1.0,1.310987509208484
1836,1981_LeafPhotoA_2025-09-09 16_40_09.824-05_00_1.png,1.0,1.3775983560070248
1837,1981_LeafPhotoA_2025-09-09 16_40_09.824-05_00_2.png,1.0,1.4533850066736096
1838,1981_LeafPhotoA_2025-09-09 16_40_09.824-05_00_3.png,1.0,1.518814437654994
1843,1392_LeafPhotoA_2025-09-08 13_12_01.932-05_00_0.png,2.25,1.8876508342090756
1844,1392_LeafPhotoA_2025-09-08 13_12_01.932-05_00_1.png,2.25,1.9247097353361873
1845,1392_LeafPhotoA_2025-09-08 13_12_01.932-05_00_2.png,2.25,1.7849502409176357
1846,1392_LeafPhotoA_2025-09-08 13_12_01.932-05_00_3.png,2.25,1.9068652294056707
1902,1209_LeafPhotoA_2025-09-08 09_36_46.496-05_00_0.png,1.0,1.3965257608103974
1903,1209_LeafPhotoA_2025-09-08 09_36_46.496-05_00_1.png,1.0,1.3457391418816538
1904,1209_LeafPhotoA_2025-09-08 09_36_46.496-05_00_2.png,1.0,1.317062733423125
1905,1209_LeafPhotoA_2025-09-08 09_36_46.496-05_00_3.png,1.0,1.4004694713754307
1906,1487_LeafPhotoB_2025-09-08 16_51_33.738-05_00_0.png,1.75,1.788888304208834
1907,1487_LeafPhotoB_2025-09-08 16_51_33.738-05_00_1.png,1.75,1.8653268320015612
1908,1487_LeafPhotoB_2025-09-08 16_51_33.738-05_00_2.png,1.75,1.8446386951112204
1909,1487_LeafPhotoB_2025-09-08 16_51_33.738-05_00_3.png,1.75,1.7215160415564825
1928,2717_LeafPhotoA_2025-09-09 10_36_42.002-05_00_0.png,4.5,3.6756827901200975
1929,2717_LeafPhotoA_2025-09-09 10_36_42.002-05_00_1.png,4.5,3.752324922773164
1930,2717_LeafPhotoA_2025-09-09 10_36_42.002-05_00_2.png,4.5,3.6239532448867795
1931,2717_LeafPhotoA_2025-09-09 10_36_42.002-05_00_3.png,4.5,3.4590912116635786
1989,2723_LeafPhotoA_2025-09-09 10_44_34.871-05_00_0.png,3.25,2.436335723619487
1990,2723_LeafPhotoA_2025-09-09 10_44_34.871-05_00_1.png,3.25,2.20575284403777
1991,2723_LeafPhotoA_2025-09-09 10_44_34.871-05_00_2.png,3.25,2.447772342201715
1992,2723_LeafPhotoA_2025-09-09 10_44_34.871-05_00_3.png,3.25,2.541389056992773
1993,1125_LeafPhotoA_2025-09-08 10_12_23.672-05_00_0.png,1.75,1.6510158763629148
1994,1125_LeafPhotoA_2025-09-08 10_12_23.672-05_00_1.png,1.75,1.5270188320451465
1995,1125_LeafPhotoA_2025-09-08 10_12_23.672-05_00_2.png,1.75,1.539158003975728
1996,1125_LeafPhotoA_2025-09-08 10_12_23.672-05_00_3.png,1.75,1.9022040876256243
1997,2678_LeafPhotoA_2025-09-09 11_04_41.551-05_00_0.png,2.0,2.144449222636239
1998,2678_LeafPhotoA_2025-09-09 11_04_41.551-05_00_1.png,2.0,2.221547803983369
1999,2678_LeafPhotoA_2025-09-09 11_04_41.551-05_00_2.png,2.0,2.424870815910095
2005,2040_LeafPhotoA_2025-09-08 11_19_56.770-05_00_0.png,2.5,2.0995772388015057
2006,2040_LeafPhotoA_2025-09-08 11_19_56.770-05_00_1.png,2.5,2.076593458324012
2007,2040_LeafPhotoA_2025-09-08 11_19_56.770-05_00_2.png,2.5,2.0036466149519545
2008,2040_LeafPhotoA_2025-09-08 11_19_56.770-05_00_3.png,2.5,1.9091109689888723
2023,2229_LeafPhotoA_2025-09-08 11_33_21.108-05_00_0.png,2.0,2.251496145763852
2024,2229_LeafPhotoA_2025-09-08 11_33_21.108-05_00_1.png,2.0,2.2652447479277984
2025,2229_LeafPhotoA_2025-09-08 11_33_21.108-05_00_2.png,2.0,1.7797574624914982
2026,2229_LeafPhotoA_2025-09-08 11_33_21.108-05_00_3.png,2.0,1.5632972817372972
2034,5010_LeafPhotoA_2025-09-09 16_12_11.860-05_00_0.png,1.25,1.469865986664265
2035,5010_LeafPhotoA_2025-09-09 16_12_11.860-05_00_1.png,1.25,1.4584289876217122
2036,5010_LeafPhotoA_2025-09-09 16_12_11.860-05_00_2.png,1.25,1.4831079802944165
2037,5010_LeafPhotoA_2025-09-09 16_12_11.860-05_00_3.png,1.25,1.5606401442518896
2042,1125_LeafPhotoA_2025-09-08 10_13_03.747-05_00_0.png,1.25,1.730822487221384
2043,1125_LeafPhotoA_2025-09-08 10_13_03.747-05_00_1.png,1.25,1.5689597114021452
2044,1125_LeafPhotoA_2025-09-08 10_13_03.747-05_00_2.png,1.25,1.7281586008161078
2045,1125_LeafPhotoA_2025-09-08 10_13_03.747-05_00_3.png,1.25,1.7893696129256311
2059,2750_LeafPhotoA_2025-09-09 11_21_52.462-05_00_0.png,1.5,1.5561074720844448
2060,2750_LeafPhotoA_2025-09-09 11_21_52.462-05_00_1.png,1.5,1.6773103602516333
2061,2750_LeafPhotoA_2025-09-09 11_21_52.462-05_00_2.png,1.5,1.6416937781359222
2062,2750_LeafPhotoA_2025-09-09 11_21_52.462-05_00_3.png,1.5,1.6396845761486813
2063,1258_LeafPhotoA_2025-09-08 16_31_15.963-05_00_0.png,2.25,1.94144652367756
2064,1258_LeafPhotoA_2025-09-08 16_31_15.963-05_00_1.png,2.25,2.02431156934311
2065,1258_LeafPhotoA_2025-09-08 16_31_15.963-05_00_2.png,2.25,2.1671219757731945
2066,1258_LeafPhotoA_2025-09-08 16_31_15.963-05_00_3.png,2.25,2.0376203337784218
2099,2037_LeafPhotoA_2025-09-08 11_16_27.368-05_00_0.png,1.75,1.5415326738284358
2100,2037_LeafPhotoA_2025-09-08 11_16_27.368-05_00_1.png,1.75,1.6196394142493211
2101,2037_LeafPhotoA_2025-09-08 11_16_27.368-05_00_2.png,1.75,1.9136117114130862
2102,2037_LeafPhotoA_2025-09-08 11_16_27.368-05_00_3.png,1.75,1.9063770534125586
2111,2678_LeafPhotoA_2025-09-09 11_04_09.961-05_00_0.png,2.0,2.5341966727766843
2112,2678_LeafPhotoA_2025-09-09 11_04_09.961-05_00_1.png,2.0,2.244624389928956
2113,2678_LeafPhotoA_2025-09-09 11_04_09.961-05_00_2.png,2.0,2.019185249992524
2114,1944_LeafPhotoA_2025-09-09 16_01_21.249-05_00_0.png,2.5,2.0095816686252044
2115,1944_LeafPhotoA_2025-09-09 16_01_21.249-05_00_1.png,2.5,1.9756916843297454
2116,1944_LeafPhotoA_2025-09-09 16_01_21.249-05_00_2.png,2.5,2.167452060992986
2117,1944_LeafPhotoA_2025-09-09 16_01_21.249-05_00_3.png,2.5,2.357193756797182
2125,2434_LeafPhotoB_2025-09-08 11_10_53.702-05_00_0.png,1.5,1.3955256092233659
2126,2434_LeafPhotoB_2025-09-08 11_10_53.702-05_00_1.png,1.5,1.5245749741457943
2127,2434_LeafPhotoB_2025-09-08 11_10_53.702-05_00_2.png,1.5,1.527291029618816
2128,2434_LeafPhotoB_2025-09-08 11_10_53.702-05_00_3.png,1.5,1.560228925228538
2141,1127_LeafPhotoA_2025-09-08 10_15_24.325-05_00_0.png,2.5,1.9128890033076376
2142,1127_LeafPhotoA_2025-09-08 10_15_24.325-05_00_1.png,2.5,1.8452174197956905
2143,1127_LeafPhotoA_2025-09-08 10_15_24.325-05_00_2.png,2.5,1.6912220642382214
2144,1127_LeafPhotoA_2025-09-08 10_15_24.325-05_00_3.png,2.5,1.604232600585832
2198,1493_LeafPhotoB_2025-09-08 16_57_00.908-05_00_0.png,2.5,2.0268524405411985
2199,1493_LeafPhotoB_2025-09-08 16_57_00.908-05_00_1.png,2.5,2.0873028753403164
2200,1493_LeafPhotoB_2025-09-08 16_57_00.908-05_00_2.png,2.5,2.012263048698808
2201,1493_LeafPhotoB_2025-09-08 16_57_00.908-05_00_3.png,2.5,1.9851460827900467
2218,1877_LeafPhotoA_2025-09-09 13_21_50.382-05_00_0.png,1.25,1.6642217185764017
2219,1877_LeafPhotoA_2025-09-09 13_21_50.382-05_00_1.png,1.25,1.5962546709145982
2220,1877_LeafPhotoA_2025-09-09 13_21_50.382-05_00_2.png,1.25,1.7655351233196634
2221,1877_LeafPhotoA_2025-09-09 13_21_50.382-05_00_3.png,1.25,1.782802839317546
2222,,2.0,1.5084297721828686
2226,1582_LeafPhotoA_2025-09-09 09_42_32.403-05_00_0.png,2.25,1.695760285949431
2227,1582_LeafPhotoA_2025-09-09 09_42_32.403-05_00_1.png,2.25,1.7890646202782439
2228,1582_LeafPhotoA_2025-09-09 09_42_32.403-05_00_2.png,2.25,1.811272143093834
2229,1582_LeafPhotoA_2025-09-09 09_42_32.403-05_00_3.png,2.25,1.974743570026465
2235,2477_LeafPhotoB_2025-09-08 11_52_47.408-05_00_0.png,3.25,2.980775748456765
2236,2477_LeafPhotoB_2025-09-08 11_52_47.408-05_00_1.png,3.25,3.0097722916917964
2237,2477_LeafPhotoB_2025-09-08 11_52_47.408-05_00_2.png,3.25,2.7440369607387796
2238,2477_LeafPhotoB_2025-09-08 11_52_47.408-05_00_3.png,3.25,2.47548861042853
2286,1067_LeafPhotoA_2025-09-08 12_59_13.071-05_00_0.png,1.25,1.5410799103967638
2287,1067_LeafPhotoA_2025-09-08 12_59_13.071-05_00_1.png,1.25,1.6306564804054169
2288,1067_LeafPhotoA_2025-09-08 12_59_13.071-05_00_2.png,1.25,1.6317481223984713
2289,1067_LeafPhotoA_2025-09-08 12_59_13.071-05_00_3.png,1.25,1.6684677952300826
2298,1311_LeafPhotoA_2025-09-08 09_27_50.762-05_00_0.png,2.25,1.6614834619177694
2299,1311_LeafPhotoA_2025-09-08 09_27_50.762-05_00_1.png,2.25,1.6974635620442504
2300,1311_LeafPhotoA_2025-09-08 09_27_50.762-05_00_2.png,2.25,1.7779754659577616
2301,1311_LeafPhotoA_2025-09-08 09_27_50.762-05_00_3.png,2.25,1.8416813203423117
2310,1627_LeafPhotoA_2025-09-09 10_06_34.203-05_00_0.png,1.5,1.7062479081161361
2311,1627_LeafPhotoA_2025-09-09 10_06_34.203-05_00_1.png,1.5,1.6859383114842694
2312,1627_LeafPhotoA_2025-09-09 10_06_34.203-05_00_2.png,1.5,1.6692132298242977
2313,1627_LeafPhotoA_2025-09-09 10_06_34.203-05_00_3.png,1.5,1.8010468864712277
2329,2717_LeafPhotoA_2025-09-09 10_36_52.862-05_00_0.png,3.25,2.7593679864167475
2330,2717_LeafPhotoA_2025-09-09 10_36_52.862-05_00_1.png,3.25,2.7462668690636
2331,2717_LeafPhotoA_2025-09-09 10_36_52.862-05_00_2.png,3.25,2.5542690963612986
2332,1130_LeafPhotoA_2025-09-08 10_20_33.571-05_00_0.png,1.75,1.6199526599275043
2333,1130_LeafPhotoA_2025-09-08 10_20_33.571-05_00_1.png,1.75,1.5709636105423652
2334,1130_LeafPhotoA_2025-09-08 10_20_33.571-05_00_2.png,1.75,1.6021719344001657
2335,1130_LeafPhotoA_2025-09-08 10_20_33.571-05_00_3.png,1.75,1.60615804092207
2362,2207_LeafPhotoA_2025-09-08 10_54_55.448-05_00_0.png,1.25,1.7426418833932378
2363,2207_LeafPhotoA_2025-09-08 10_54_55.448-05_00_1.png,1.25,1.7323621869509065
2364,2207_LeafPhotoA_2025-09-08 10_54_55.448-05_00_2.png,1.25,1.6620161933869375
2365,2207_LeafPhotoA_2025-09-08 10_54_55.448-05_00_3.png,1.25,1.5668249351339512
2370,1617_LeafPhotoA_2025-09-09 09_44_34.252-05_00_0.png,1.5,1.710770397949287
2371,1617_LeafPhotoA_2025-09-09 09_44_34.252-05_00_1.png,1.5,1.761437023889423
2372,1617_LeafPhotoA_2025-09-09 09_44_34.252-05_00_2.png,1.5,1.636532456152522
2405,1184_LeafPhotoA_2025-09-08 16_08_30.015-05_00_0.png,2.75,1.9573952163426804
2406,1184_LeafPhotoA_2025-09-08 16_08_30.015-05_00_1.png,2.75,1.9472754263781742
2407,1184_LeafPhotoA_2025-09-08 16_08_30.015-05_00_2.png,2.75,2.0901558397420428
2408,1184_LeafPhotoA_2025-09-08 16_08_30.015-05_00_3.png,2.75,2.076886337268111
2475,2338_LeafPhotoA_2025-09-08 11_06_38.534-05_00_0.png,3.5,2.696812169337227
2476,2338_LeafPhotoA_2025-09-08 11_06_38.534-05_00_1.png,3.5,2.6349426431411733
2477,2338_LeafPhotoA_2025-09-08 11_06_38.534-05_00_2.png,3.5,2.839729065403409
2478,2338_LeafPhotoA_2025-09-08 11_06_38.534-05_00_3.png,3.5,3.062765883651235
2498,1644_LeafPhotoA_2025-09-09 10_35_13.308-05_00_0.png,1.25,1.3112003679978712
2499,1644_LeafPhotoA_2025-09-09 10_35_13.308-05_00_1.png,1.25,1.4214991270733346
2500,1644_LeafPhotoA_2025-09-09 10_35_13.308-05_00_2.png,1.25,1.528993725408007
2501,1644_LeafPhotoA_2025-09-09 10_35_13.308-05_00_3.png,1.25,1.29409810188951
2506,2981_LeafPhotoA_2025-09-09 16_33_03.761-05_00_0.png,2.5,1.9329799850490632
2507,2981_LeafPhotoA_2025-09-09 16_33_03.761-05_00_1.png,2.5,1.8708359284298728
2508,2981_LeafPhotoA_2025-09-09 16_33_03.761-05_00_2.png,2.5,1.851821352119243
2513,1731_LeafPhotoA_2025-09-09 09_38_23.442-05_00_0.png,1.5,1.734073493335297
2514,1731_LeafPhotoA_2025-09-09 09_38_23.442-05_00_1.png,1.5,1.9361376358813456
2515,1731_LeafPhotoA_2025-09-09 09_38_23.442-05_00_2.png,1.5,2.1260094625983763
2572,2466_LeafPhotoB_2025-09-08 11_42_42.225-05_00_0.png,1.0,1.366616912535062
2573,2466_LeafPhotoB_2025-09-08 11_42_42.225-05_00_1.png,1.0,1.3597607172991255
2574,2466_LeafPhotoB_2025-09-08 11_42_42.225-05_00_2.png,1.0,1.2754844575681445
2575,2466_LeafPhotoB_2025-09-08 11_42_42.225-05_00_3.png,1.0,1.33151216588136
2584,2877_LeafPhotoA_2025-09-09 14_42_55.104-05_00_0.png,1.25,1.3147874583885604
2585,2877_LeafPhotoA_2025-09-09 14_42_55.104-05_00_1.png,1.25,1.3218910107744268
2586,2877_LeafPhotoA_2025-09-09 14_42_55.104-05_00_2.png,1.25,1.3932693100315
2587,2877_LeafPhotoA_2025-09-09 14_42_55.104-05_00_3.png,1.25,1.3045344094007982
2629,,1.5,1.5084297721828686
2634,2169_LeafPhotoA_2025-09-09 12_05_10.533-05_00_0.png,2.25,1.752925459548621
2666,2568_LeafPhotoA_2025-09-09 10_50_54.288-05_00_0.png,1.25,1.634372223307594
2667,2568_LeafPhotoA_2025-09-09 10_50_54.288-05_00_1.png,1.25,1.582469397049602
2668,2568_LeafPhotoA_2025-09-09 10_50_54.288-05_00_2.png,1.25,1.5103954001042812
2669,2568_LeafPhotoA_2025-09-09 10_50_54.288-05_00_3.png,1.25,1.4707517305643276
2674,1873_LeafPhotoA_2025-09-09 13_24_25.512-05_00_0.png,2.25,1.984411475446208
2675,1873_LeafPhotoA_2025-09-09 13_24_25.512-05_00_1.png,2.25,1.9840148833436373
2676,1873_LeafPhotoA_2025-09-09 13_24_25.512-05_00_2.png,2.25,2.0758355827966914
2677,1873_LeafPhotoA_2025-09-09 13_24_25.512-05_00_3.png,2.25,2.168153762710458
2678,1657_LeafPhotoA_2025-09-09 10_13_53.773-05_00_0.png,1.25,1.4987713530055835
2679,1657_LeafPhotoA_2025-09-09 10_13_53.773-05_00_1.png,1.25,1.4897895704191184
2683,1873_LeafPhotoA_2025-09-09 13_25_03.055-05_00_0.png,2.75,2.0884699052953692
2684,1873_LeafPhotoA_2025-09-09 13_25_03.055-05_00_1.png,2.75,2.2433264489566738
2685,1873_LeafPhotoA_2025-09-09 13_25_03.055-05_00_2.png,2.75,2.4516425340261447
2686,1873_LeafPhotoA_2025-09-09 13_25_03.055-05_00_3.png,2.75,2.258243258740744
2699,2066_LeafPhotoA_2025-09-08 12_00_00.120-05_00_0.png,1.5,1.4578927531303694
2700,2066_LeafPhotoA_2025-09-08 12_00_00.120-05_00_1.png,1.5,1.475933092846696
2701,2066_LeafPhotoA_2025-09-08 12_00_00.120-05_00_2.png,1.5,1.487769970050446
2702,2066_LeafPhotoA_2025-09-08 12_00_00.120-05_00_3.png,1.5,1.394226382610767
2707,1877_LeafPhotoA_2025-09-09 13_21_29.026-05_00_0.png,2.5,1.929192303332204
2708,1877_LeafPhotoA_2025-09-09 13_21_29.026-05_00_1.png,2.5,2.121128544436016
2709,1877_LeafPhotoA_2025-09-09 13_21_29.026-05_00_2.png,2.5,2.070637509334491
2710,1877_LeafPhotoA_2025-09-09 13_21_29.026-05_00_3.png,2.5,1.9343805612172507
2715,1149_LeafPhotoA_2025-09-08 10_47_32.215-05_00_0.png,2.25,2.3305321107305415
2716,1149_LeafPhotoA_2025-09-08 10_47_32.215-05_00_1.png,2.25,2.2925199175000843
2717,1149_LeafPhotoA_2025-09-08 10_47_32.215-05_00_2.png,2.25,2.3541371069948855
2718,1149_LeafPhotoA_2025-09-08 10_47_32.215-05_00_3.png,2.25,2.23794596446367
2730,1359_LeafPhotoA_2025-09-08 12_38_47.936-05_00_0.png,2.0,1.6507735337883362
2731,1359_LeafPhotoA_2025-09-08 12_38_47.936-05_00_1.png,2.0,1.5510093076034444
2732,1359_LeafPhotoA_2025-09-08 12_38_47.936-05_00_2.png,2.0,1.6691933081574135
2741,2992_LeafPhotoA_2025-09-09 16_46_47.466-05_00_0.png,1.5,2.4698244680800805
2742,2992_LeafPhotoA_2025-09-09 16_46_47.466-05_00_1.png,1.5,2.0749711822942296
2743,2992_LeafPhotoA_2025-09-09 16_46_47.466-05_00_2.png,1.5,1.9879986476765676
2744,2992_LeafPhotoA_2025-09-09 16_46_47.466-05_00_3.png,1.5,1.8288263161095009
2801,2071_LeafPhotoA_2025-09-08 12_05_40.977-05_00_0.png,1.75,2.043384536995798
2802,2071_LeafPhotoA_2025-09-08 12_05_40.977-05_00_1.png,1.75,1.8233093583188407
2803,2071_LeafPhotoA_2025-09-08 12_05_40.977-05_00_2.png,1.75,1.8265704038143076
2804,2071_LeafPhotoA_2025-09-08 12_05_40.977-05_00_3.png,1.75,2.125629881380946
2806,,2.5,1.5084297721828686
2846,1553_LeafPhotoA_2025-09-09 10_18_50.828-05_00_0.png,1.5,1.7702615781907598
2847,1553_LeafPhotoA_2025-09-09 10_18_50.828-05_00_1.png,1.5,1.8572931742177101
2848,1553_LeafPhotoA_2025-09-09 10_18_50.828-05_00_2.png,1.5,1.7921739915893362
2849,1553_LeafPhotoA_2025-09-09 10_18_50.828-05_00_3.png,1.5,1.5251896439330652
2872,2826_LeafPhotoA_2025-09-09 10_42_31.280-05_00_0.png,2.0,1.8291126024281024
2873,2826_LeafPhotoA_2025-09-09 10_42_31.280-05_00_1.png,2.0,1.9042601179135625
2874,2826_LeafPhotoA_2025-09-09 10_42_31.280-05_00_2.png,2.0,2.0656277445786912
2875,2826_LeafPhotoA_2025-09-09 10_42_31.280-05_00_3.png,2.0,2.2900821707281667
2888,2831_LeafPhotoA_2025-09-09 10_48_28.918-05_00_0.png,2.0,1.9041589417813307
2889,2831_LeafPhotoA_2025-09-09 10_48_28.918-05_00_1.png,2.0,1.914976484493321
2890,2831_LeafPhotoA_2025-09-09 10_48_28.918-05_00_2.png,2.0,1.738566149565376
2898,2478_LeafPhotoB_2025-09-08 11_54_11.812-05_00_0.png,1.75,1.9213361776288442
2899,2478_LeafPhotoB_2025-09-08 11_54_11.812-05_00_1.png,1.75,1.9017009442440955
2900,2478_LeafPhotoB_2025-09-08 11_54_11.812-05_00_2.png,1.75,1.9263176005496048
2901,2478_LeafPhotoB_2025-09-08 11_54_11.812-05_00_3.png,1.75,1.932337760060575
2924,1464_LeafPhotoB_2025-09-08 16_27_57.851-05_00_0.png,1.75,1.6961095872472622
2925,1464_LeafPhotoB_2025-09-08 16_27_57.851-05_00_1.png,1.75,1.7672434261215224
2926,1464_LeafPhotoB_2025-09-08 16_27_57.851-05_00_2.png,1.75,1.8003311874815358
2927,1464_LeafPhotoB_2025-09-08 16_27_57.851-05_00_3.png,1.75,1.7938506705712605
2940,2290_LeafPhotoA_2025-09-08 16_50_03.639-05_00_0.png,1.5,1.6569774523363898
2941,2290_LeafPhotoA_2025-09-08 16_50_03.639-05_00_1.png,1.5,1.7991206395692652
2942,2290_LeafPhotoA_2025-09-08 16_50_03.639-05_00_2.png,1.5,1.722359225143764
2943,2290_LeafPhotoA_2025-09-08 16_50_03.639-05_00_3.png,1.5,1.4967580611360598
2972,1032_LeafPhotoA_2025-09-08 10_07_30.322-05_00_0.png,1.75,2.108685735403228
2973,1032_LeafPhotoA_2025-09-08 10_07_30.322-05_00_1.png,1.75,2.2362912953131597
2974,1032_LeafPhotoA_2025-09-08 10_07_30.322-05_00_2.png,1.75,2.163307137142468
2975,1032_LeafPhotoA_2025-09-08 10_07_30.322-05_00_3.png,1.75,1.9156100306069348
3015,1877_LeafPhotoA_2025-09-09 17_04_42.599-05_00_0.png,2.25,1.6801281964974886
3016,1877_LeafPhotoA_2025-09-09 17_04_42.599-05_00_1.png,2.25,1.8195759664813462
3017,1877_LeafPhotoA_2025-09-09 17_04_42.599-05_00_2.png,2.25,1.8323564683689495
3018,1877_LeafPhotoA_2025-09-09 17_04_42.599-05_00_3.png,2.25,1.711741171166867
3035,2737_LeafPhotoA_2025-09-09 11_04_04.650-05_00_0.png,3.25,2.8707548129437614
3036,2737_LeafPhotoA_2025-09-09 11_04_04.650-05_00_1.png,3.25,2.7218898083591374
3037,2737_LeafPhotoA_2025-09-09 11_04_04.650-05_00_2.png,3.25,2.693511207452963
3038,2737_LeafPhotoA_2025-09-09 11_04_04.650-05_00_3.png,3.25,2.8878689014159225
3043,1903_LeafPhotoA_2025-09-09 14_22_36.498-05_00_0.png,2.5,2.024019185829364
3044,1903_LeafPhotoA_2025-09-09 14_22_36.498-05_00_1.png,2.5,2.1880109109586683
3045,1903_LeafPhotoA_2025-09-09 14_22_36.498-05_00_2.png,2.5,1.95448321906207
3046,1903_LeafPhotoA_2025-09-09 14_22_36.498-05_00_3.png,2.5,1.9204144904194258
3047,,1.75,1.5084297721828686
3056,1712_LeafPhotoA_2025-09-09 09_07_57.472-05_00_0.png,3.5,2.956341831657619
3057,1712_LeafPhotoA_2025-09-09 09_07_57.472-05_00_1.png,3.5,2.7549957254790844
3058,1712_LeafPhotoA_2025-09-09 09_07_57.472-05_00_2.png,3.5,2.7751679012529458
3059,1712_LeafPhotoA_2025-09-09 09_07_57.472-05_00_3.png,3.5,2.7244224384504974
3063,1302_LeafPhotoA_2025-09-08 10_22_31.224-05_00_0.png,3.0,2.8287260150016564
3064,1302_LeafPhotoA_2025-09-08 10_22_31.224-05_00_1.png,3.0,3.0185125412334224
3065,1302_LeafPhotoA_2025-09-08 10_22_31.224-05_00_2.png,3.0,2.9952261075876616
3066,1654_LeafPhotoA_2025-09-09 10_18_00.201-05_00_0.png,1.25,1.749446947921503
3067,1654_LeafPhotoA_2025-09-09 10_18_00.201-05_00_1.png,1.25,1.7013927041239336
3068,1654_LeafPhotoA_2025-09-09 10_18_00.201-05_00_2.png,1.25,1.6953937022156838
3073,1374_LeafPhotoA_2025-09-08 12_56_08.244-05_00_0.png,1.25,1.4727133526375018
3074,1374_LeafPhotoA_2025-09-08 12_56_08.244-05_00_1.png,1.25,1.5733019770155035
3075,1374_LeafPhotoA_2025-09-08 12_56_08.244-05_00_2.png,1.25,1.6964925464971907
3076,1374_LeafPhotoA_2025-09-08 12_56_08.244-05_00_3.png,1.25,1.8053191480861757
3093,1825_LeafPhotoA_2025-09-09 09_26_26.568-05_00_0.png,1.0,1.4126486304086923
3094,1825_LeafPhotoA_2025-09-09 09_26_26.568-05_00_1.png,1.0,1.4313748471457448
3095,1825_LeafPhotoA_2025-09-09 09_26_26.568-05_00_2.png,1.0,1.445053819428336
3096,1825_LeafPhotoA_2025-09-09 09_26_26.568-05_00_3.png,1.0,1.394566661537637
3117,2979_LeafPhotoA_2025-09-09 16_31_00.348-05_00_0.png,1.5,1.4010753158412805
3118,2979_LeafPhotoA_2025-09-09 16_31_00.348-05_00_1.png,1.5,1.6202646210607714
3119,2979_LeafPhotoA_2025-09-09 16_31_00.348-05_00_2.png,1.5,1.7803844972644318
3120,2979_LeafPhotoA_2025-09-09 16_31_00.348-05_00_3.png,1.5,1.5665663458918109
3153,2543_LeafPhotoA_2025-09-09 10_42_41.692-05_00_0.png,2.25,2.2037508143444673
3154,2543_LeafPhotoA_2025-09-09 10_42_41.692-05_00_1.png,2.25,2.1400525619175013
3155,2543_LeafPhotoA_2025-09-09 10_42_41.692-05_00_2.png,2.25,2.201971585807984
3156,2543_LeafPhotoA_2025-09-09 10_42_41.692-05_00_3.png,2.25,2.1347856047855083
3161,2309_LeafPhotoA_2025-09-08 10_37_11.316-05_00_0.png,1.75,1.6212926937148107
3162,2309_LeafPhotoA_2025-09-08 10_37_11.316-05_00_1.png,1.75,1.5860784848965963
3163,2309_LeafPhotoA_2025-09-08 10_37_11.316-05_00_2.png,1.75,1.6322500018006012
3164,2309_LeafPhotoA_2025-09-08 10_37_11.316-05_00_3.png,1.75,1.6947998408039044
3177,2069_LeafPhotoA_2025-09-08 12_03_40.102-05_00_0.png,1.5,1.763154063729529
3178,2069_LeafPhotoA_2025-09-08 12_03_40.102-05_00_1.png,1.5,1.7403277814269502
3179,2069_LeafPhotoA_2025-09-08 12_03_40.102-05_00_2.png,1.5,1.5743757018014946
3180,2069_LeafPhotoA_2025-09-08 12_03_40.102-05_00_3.png,1.5,1.5397194305987842
3181,2220_LeafPhotoA_2025-09-08 11_18_41.599-05_00_0.png,2.75,2.138147906326989
3182,2220_LeafPhotoA_2025-09-08 11_18_41.599-05_00_1.png,2.75,2.3660801493613026
3183,2220_LeafPhotoA_2025-09-08 11_18_41.599-05_00_2.png,2.75,2.495591058723411
3184,2220_LeafPhotoA_2025-09-08 11_18_41.599-05_00_3.png,2.75,2.0014054296773915
3189,2432_LeafPhotoB_2025-09-08 11_09_28.923-05_00_0.png,1.25,1.2783115653051786
3190,2432_LeafPhotoB_2025-09-08 11_09_28.923-05_00_1.png,1.25,1.2256640137826285
3191,2432_LeafPhotoB_2025-09-08 11_09_28.923-05_00_2.png,1.25,1.2531260238872464
3192,2432_LeafPhotoB_2025-09-08 11_09_28.923-05_00_3.png,1.25,1.3138216278475563
3194,2322_LeafPhotoA_2025-09-08 10_50_00.196-05_00_0.png,1.25,1.3241593725153136
3195,2322_LeafPhotoA_2025-09-08 10_50_00.196-05_00_1.png,1.25,1.3454190991935766
3196,2322_LeafPhotoA_2025-09-08 10_50_00.196-05_00_2.png,1.25,1.3654940394322166
3197,2322_LeafPhotoA_2025-09-08 10_50_00.196-05_00_3.png,1.25,1.290041898679379
3198,2826_LeafPhotoA_2025-09-09 10_41_32.330-05_00_0.png,1.5,1.5616466696644724
3199,2826_LeafPhotoA_2025-09-09 10_41_32.330-05_00_1.png,1.5,1.4061973774025822
3200,2826_LeafPhotoA_2025-09-09 10_41_32.330-05_00_2.png,1.5,1.4088265942111717
3201,2826_LeafPhotoA_2025-09-09 10_41_32.330-05_00_3.png,1.5,1.4904399323407644
3211,2257_LeafPhotoA_2025-09-08 12_26_38.283-05_00_0.png,1.5,1.7906290574571324
3212,2257_LeafPhotoA_2025-09-08 12_26_38.283-05_00_1.png,1.5,1.7830361635053964
3213,2257_LeafPhotoA_2025-09-08 12_26_38.283-05_00_2.png,1.5,1.757726351352608
3214,2257_LeafPhotoA_2025-09-08 12_26_38.283-05_00_3.png,1.5,1.8129179992228566
3222,1834_LeafPhotoA_2025-09-09 09_42_08.907-05_00_0.png,2.0,1.7507954113417534
3223,1834_LeafPhotoA_2025-09-09 09_42_08.907-05_00_1.png,2.0,1.6844758338210353
3224,1834_LeafPhotoA_2025-09-09 09_42_08.907-05_00_2.png,2.0,1.599540061890294
3225,1834_LeafPhotoA_2025-09-09 09_42_08.907-05_00_3.png,2.0,1.8554394829241987
3226,,1.5,1.5084297721828686
3227,2418_LeafPhotoB_2025-09-08 10_56_40.105-05_00_0.png,1.75,1.6197920798098808
3228,2418_LeafPhotoB_2025-09-08 10_56_40.105-05_00_1.png,1.75,1.7037365726522073
3229,2418_LeafPhotoB_2025-09-08 10_56_40.105-05_00_2.png,1.75,1.713808004882117
3230,2418_LeafPhotoB_2025-09-08 10_56_40.105-05_00_3.png,1.75,1.6858316164005989
3265,2706_LeafPhotoA_2025-09-09 10_21_29.913-05_00_0.png,3.5,3.312002114386016
3266,2706_LeafPhotoA_2025-09-09 10_21_29.913-05_00_1.png,3.5,3.322054394410917
3267,2706_LeafPhotoA_2025-09-09 10_21_29.913-05_00_2.png,3.5,3.0846039887471774
3268,2706_LeafPhotoA_2025-09-09 10_21_29.913-05_00_3.png,3.5,2.9440548355869565
3277,1545_LeafPhotoA_2025-09-09 09_45_27.497-05_00_0.png,1.25,1.5962224341133002
3278,1545_LeafPhotoA_2025-09-09 09_45_27.497-05_00_1.png,1.25,1.432904048558653
3279,1545_LeafPhotoA_2025-09-09 09_45_27.497-05_00_2.png,1.25,1.5248189006341093
3280,1545_LeafPhotoA_2025-09-09 09_45_27.497-05_00_3.png,1.25,1.594404646140037
3281,6014_LeafPhotoA_2025-09-09 16_54_50.169-05_00_0.png,1.5,1.635160156961918
3282,6014_LeafPhotoA_2025-09-09 16_54_50.169-05_00_1.png,1.5,1.670633700746994
3283,6014_LeafPhotoA_2025-09-09 16_54_50.169-05_00_2.png,1.5,1.6005974733399269
3284,6014_LeafPhotoA_2025-09-09 16_54_50.169-05_00_3.png,1.5,1.4674042522736415
3289,2095_LeafPhotoA_2025-09-08 12_31_36.632-05_00_0.png,2.75,1.890119031914794
3290,2095_LeafPhotoA_2025-09-08 12_31_36.632-05_00_1.png,2.75,1.7475098201234043
3291,2095_LeafPhotoA_2025-09-08 12_31_36.632-05_00_2.png,2.75,1.7437257349132358
3292,2095_LeafPhotoA_2025-09-08 12_31_36.632-05_00_3.png,2.75,1.8107454776762049
3297,1300_LeafPhotoA_2025-09-08 16_38_09.236-05_00_0.png,2.75,2.1257458601984522
3298,1300_LeafPhotoA_2025-09-08 16_38_09.236-05_00_1.png,2.75,2.315277604057304
3303,2419_LeafPhotoB_2025-09-08 10_57_28.297-05_00_0.png,1.5,1.8251416715916513
3304,2419_LeafPhotoB_2025-09-08 10_57_28.297-05_00_1.png,1.5,1.799291068258367
3305,2419_LeafPhotoB_2025-09-08 10_57_28.297-05_00_2.png,1.5,1.743471298578013
3373,2478_LeafPhotoB_2025-09-08 11_53_38.180-05_00_0.png,2.5,1.970834219168489
3374,2478_LeafPhotoB_2025-09-08 11_53_38.180-05_00_1.png,2.5,2.034302828281253
3375,2478_LeafPhotoB_2025-09-08 11_53_38.180-05_00_2.png,2.5,1.9660673986459585
3380,2652_LeafPhotoA_2025-09-09 11_26_57.371-05_00_0.png,2.75,2.2882882630570336
3381,2652_LeafPhotoA_2025-09-09 11_26_57.371-05_00_1.png,2.75,2.1513877315208587
3382,2652_LeafPhotoA_2025-09-09 11_26_57.371-05_00_2.png,2.75,2.297154853688909
3383,2652_LeafPhotoA_2025-09-09 11_26_57.371-05_00_3.png,2.75,2.33915817926412
3396,2405_LeafPhotoB_2025-09-08 10_44_24.813-05_00_0.png,2.25,1.7531782736598904
3413,2265_LeafPhotoA_2025-09-08 12_39_28.832-05_00_0.png,2.25,1.891255783192413
3414,2265_LeafPhotoA_2025-09-08 12_39_28.832-05_00_1.png,2.25,1.8604752985483446
3415,2265_LeafPhotoA_2025-09-08 12_39_28.832-05_00_2.png,2.25,1.9504153628019745
3416,2265_LeafPhotoA_2025-09-08 12_39_28.832-05_00_3.png,2.25,1.888007632510533
3421,1987_LeafPhotoA_2025-09-09 16_24_58.420-05_00_0.png,2.0,2.121237089825811
3422,1987_LeafPhotoA_2025-09-09 16_24_58.420-05_00_1.png,2.0,2.0894871561724306
3434,1403_LeafPhotoA_2025-09-08 09_23_43.647-05_00_0.png,1.75,1.9021965249698416
3435,1403_LeafPhotoA_2025-09-08 09_23_43.647-05_00_1.png,1.75,2.0729255372966673
3436,1403_LeafPhotoA_2025-09-08 09_23_43.647-05_00_2.png,1.75,1.9441514325744211
3449,1149_LeafPhotoA_2025-09-08 10_46_42.123-05_00_0.png,2.75,1.8753228562158517
3450,1149_LeafPhotoA_2025-09-08 10_46_42.123-05_00_1.png,2.75,1.8339607277397523
3451,1149_LeafPhotoA_2025-09-08 10_46_42.123-05_00_2.png,2.75,1.8371315704956366
3452,1149_LeafPhotoA_2025-09-08 10_46_42.123-05_00_3.png,2.75,1.91621210315599
3457,2960_LeafPhotoA_2025-09-09 16_05_27.861-05_00_0.png,1.0,1.3280993111921913
3458,2960_LeafPhotoA_2025-09-09 16_05_27.861-05_00_1.png,1.0,1.4222873035618777
3459,2960_LeafPhotoA_2025-09-09 16_05_27.861-05_00_2.png,1.0,1.462484839893509
3460,2960_LeafPhotoA_2025-09-09 16_05_27.861-05_00_3.png,1.0,1.4118018815191808
3475,2269_LeafPhotoA_2025-09-08 17_14_12.666-05_00_0.png,2.25,1.9752787586295717
3476,2269_LeafPhotoA_2025-09-08 17_14_12.666-05_00_1.png,2.25,2.1295682198885575
3477,2269_LeafPhotoA_2025-09-08 17_14_12.666-05_00_2.png,2.25,2.154836272044089
3478,2269_LeafPhotoA_2025-09-08 17_14_12.666-05_00_3.png,2.25,1.96187069483664
3495,2750_LeafPhotoA_2025-09-09 11_21_31.376-05_00_0.png,1.75,1.695178299562781
3496,2750_LeafPhotoA_2025-09-09 11_21_31.376-05_00_1.png,1.75,1.6495386251139925
3497,2750_LeafPhotoA_2025-09-09 11_21_31.376-05_00_2.png,1.75,1.7093514377277932
3498,2750_LeafPhotoA_2025-09-09 11_21_31.376-05_00_3.png,1.75,1.7959088771493956
3503,1459_LeafPhotoB_2025-09-08 12_36_19.960-05_00_0.png,3.0,2.3823125222730495
3504,1459_LeafPhotoB_2025-09-08 12_36_19.960-05_00_1.png,3.0,3.000994177505788
3541,,2.0,1.5084297721828686
30,2872_LeafPhotoA_2025-09-09 14_46_31.841-05_00_0.png,1.0,1.3956805858722445
31,2872_LeafPhotoA_2025-09-09 14_46_31.841-05_00_1.png,1.0,1.4501219952728528
32,2872_LeafPhotoA_2025-09-09 14_46_31.841-05_00_2.png,1.0,1.474013162626686
33,2872_LeafPhotoA_2025-09-09 14_46_31.841-05_00_3.png,1.0,1.3661937846751857
50,1031_LeafPhotoA_2025-09-08 10_06_33.217-05_00_0.png,1.5,1.5996012850037484
51,1031_LeafPhotoA_2025-09-08 10_06_33.217-05_00_1.png,1.5,1.8166856863842675
52,1031_LeafPhotoA_2025-09-08 10_06_33.217-05_00_2.png,1.5,1.90255027449653
53,1031_LeafPhotoA_2025-09-08 10_06_33.217-05_00_3.png,1.5,1.719086676229042
89,1543_LeafPhotoA_2025-09-09 09_43_28.797-05_00_0.png,1.75,2.20074258015108
90,1543_LeafPhotoA_2025-09-09 09_43_28.797-05_00_1.png,1.75,2.0480301242928447
91,1543_LeafPhotoA_2025-09-09 09_43_28.797-05_00_2.png,1.75,1.9973516813799792
92,1543_LeafPhotoA_2025-09-09 09_43_28.797-05_00_3.png,1.75,2.0637246315225326
99,1214_LeafPhotoA_2025-09-08 09_47_10.824-05_00_0.png,1.5,1.7890422681436837
100,1214_LeafPhotoA_2025-09-08 09_47_10.824-05_00_1.png,1.5,1.8635297224476923
101,1214_LeafPhotoA_2025-09-08 09_47_10.824-05_00_2.png,1.5,1.9533931099148425
102,1214_LeafPhotoA_2025-09-08 09_47_10.824-05_00_3.png,1.5,1.8564345196360137
122,2843_LeafPhotoA_2025-09-09 11_07_54.202-05_00_0.png,2.25,2.0196765776041117
123,2843_LeafPhotoA_2025-09-09 11_07_54.202-05_00_1.png,2.25,2.344417890603706
124,2843_LeafPhotoA_2025-09-09 11_07_54.202-05_00_2.png,2.25,2.3527859490199132
125,2843_LeafPhotoA_2025-09-09 11_07_54.202-05_00_3.png,2.25,2.176901482415827
140,2999_LeafPhotoA_2025-09-09 16_54_48.280-05_00_0.png,1.25,1.6579507960542204
141,2999_LeafPhotoA_2025-09-09 16_54_48.280-05_00_1.png,1.25,1.644427908100617
142,2999_LeafPhotoA_2025-09-09 16_54_48.280-05_00_2.png,1.25,1.6755973815070058
143,2999_LeafPhotoA_2025-09-09 16_54_48.280-05_00_3.png,1.25,1.6579497845649052
152,1030_LeafPhotoA_2025-09-08 10_05_12.593-05_00_0.png,2.25,2.2751152103695866
153,1030_LeafPhotoA_2025-09-08 10_05_12.593-05_00_1.png,2.25,2.3145558953443914
154,1030_LeafPhotoA_2025-09-08 10_05_12.593-05_00_2.png,2.25,2.2360560967817777
155,1030_LeafPhotoA_2025-09-08 10_05_12.593-05_00_3.png,2.25,2.3353796103156728
159,1138_LeafPhotoA_2025-09-08 10_30_50.978-05_00_0.png,2.25,1.6071063227909335
160,1138_LeafPhotoA_2025-09-08 10_30_50.978-05_00_1.png,2.25,1.6593535885527215
161,1138_LeafPhotoA_2025-09-08 10_30_50.978-05_00_2.png,2.25,1.8315066192635738
162,1138_LeafPhotoA_2025-09-08 10_30_50.978-05_00_3.png,2.25,2.1427893992563587
175,1713_LeafPhotoA_2025-09-09 09_08_57.026-05_00_0.png,3.0,2.2770392146137
176,1713_LeafPhotoA_2025-09-09 09_08_57.026-05_00_1.png,3.0,2.389568712101184
177,1713_LeafPhotoA_2025-09-09 09_08_57.026-05_00_2.png,3.0,2.5076871289977545
178,1713_LeafPhotoA_2025-09-09 09_08_57.026-05_00_3.png,3.0,2.3884254138883354
186,1736_LeafPhotoA_2025-09-09 09_48_40.445-05_00_0.png,1.0,2.308917240476887
187,1736_LeafPhotoA_2025-09-09 09_48_40.445-05_00_1.png,1.0,1.9697993912745735
188,1736_LeafPhotoA_2025-09-09 09_48_40.445-05_00_2.png,1.0,2.1348872089852744
189,1736_LeafPhotoA_2025-09-09 09_48_40.445-05_00_3.png,1.0,2.231492464633801
190,1086_LeafPhotoA_2025-09-09 10_59_11.313-05_00_0.png,1.75,1.9640149661650506
191,1086_LeafPhotoA_2025-09-09 10_59_11.313-05_00_1.png,1.75,1.8270494912146804
192,1086_LeafPhotoA_2025-09-09 10_59_11.313-05_00_2.png,1.75,1.7881423612614602
193,1086_LeafPhotoA_2025-09-09 10_59_11.313-05_00_3.png,1.75,2.063902400615273
206,2470_LeafPhotoB_2025-09-08 11_47_37.543-05_00_0.png,1.75,1.9516113423013803
207,2470_LeafPhotoB_2025-09-08 11_47_37.543-05_00_1.png,1.75,1.97542550109983
208,2470_LeafPhotoB_2025-09-08 11_47_37.543-05_00_2.png,1.75,1.9317897541901166
209,2470_LeafPhotoB_2025-09-08 11_47_37.543-05_00_3.png,1.75,1.914889948418563
226,1660_LeafPhotoA_2025-09-09 10_09_36.852-05_00_0.png,1.5,1.8648790124550667
227,1660_LeafPhotoA_2025-09-09 10_09_36.852-05_00_1.png,1.5,1.863040439651507
228,1660_LeafPhotoA_2025-09-09 10_09_36.852-05_00_2.png,1.5,1.7871354140812108
229,1660_LeafPhotoA_2025-09-09 10_09_36.852-05_00_3.png,1.5,1.722356650036407
234,1966_LeafPhotoA_2025-09-09 17_14_11.633-05_00_0.png,1.25,1.2565799640890587
235,1966_LeafPhotoA_2025-09-09 17_14_11.633-05_00_1.png,1.25,1.415679500776627
236,1966_LeafPhotoA_2025-09-09 17_14_11.633-05_00_2.png,1.25,1.4972990596233513
237,1966_LeafPhotoA_2025-09-09 17_14_11.633-05_00_3.png,1.25,1.5262452722957514
260,2775_LeafPhotoA_2025-09-09 15_39_08.142-05_00_0.png,1.0,1.7840473462148552
261,2775_LeafPhotoA_2025-09-09 15_39_08.142-05_00_1.png,1.0,1.5723696490906967
262,2775_LeafPhotoA_2025-09-09 15_39_08.142-05_00_2.png,1.0,1.482144873010815
263,2775_LeafPhotoA_2025-09-09 15_39_08.142-05_00_3.png,1.0,1.649064032705771
273,1196_LeafPhotoA_2025-09-08 15_46_27.438-05_00_0.png,1.75,1.9208733954961332
274,1196_LeafPhotoA_2025-09-08 15_46_27.438-05_00_1.png,1.75,2.029122824091489
275,1196_LeafPhotoA_2025-09-08 15_46_27.438-05_00_2.png,1.75,2.018886009563088
276,1196_LeafPhotoA_2025-09-08 15_46_27.438-05_00_3.png,1.75,1.9408841573118223
285,2942_LeafPhotoA_2025-09-09 16_27_44.669-05_00_0.png,2.25,1.4118732169680934
286,2942_LeafPhotoA_2025-09-09 16_27_44.669-05_00_1.png,2.25,1.577397063872284
287,2942_LeafPhotoA_2025-09-09 16_27_44.669-05_00_2.png,2.25,1.673928175800056
288,2942_LeafPhotoA_2025-09-09 16_27_44.669-05_00_3.png,2.25,1.5963424463661966
289,2301_LeafPhotoA_2025-09-08 10_23_19.706-05_00_0.png,2.5,2.151989964524371
290,2301_LeafPhotoA_2025-09-08 10_23_19.706-05_00_1.png,2.5,2.1825711073613645
291,2301_LeafPhotoA_2025-09-08 10_23_19.706-05_00_2.png,2.5,2.126027982432887
332,2962_LeafPhotoA_2025-09-09 16_07_33.642-05_00_0.png,2.5,1.9623480334541177
333,2962_LeafPhotoA_2025-09-09 16_07_33.642-05_00_1.png,2.5,1.8569988282284964
334,2962_LeafPhotoA_2025-09-09 16_07_33.642-05_00_2.png,2.5,1.9804944746556203
335,2962_LeafPhotoA_2025-09-09 16_07_33.642-05_00_3.png,2.5,2.1060455149976125
336,2693_LeafPhotoA_2025-09-09 10_37_58.417-05_00_0.png,1.5,2.0697883315756536
337,2693_LeafPhotoA_2025-09-09 10_37_58.417-05_00_1.png,1.5,2.081383567042476
338,2693_LeafPhotoA_2025-09-09 10_37_58.417-05_00_2.png,1.5,2.1014812378279517
339,2693_LeafPhotoA_2025-09-09 10_37_58.417-05_00_3.png,1.5,2.285330639822103
383,2957_LeafPhotoA_2025-09-09 16_00_50.634-05_00_0.png,2.25,2.3446731602026936
384,2957_LeafPhotoA_2025-09-09 16_00_50.634-05_00_1.png,2.25,2.246900056936689
385,2957_LeafPhotoA_2025-09-09 16_00_50.634-05_00_2.png,2.25,2.078964614984098
386,2957_LeafPhotoA_2025-09-09 16_00_50.634-05_00_3.png,2.25,2.2000559484388686
433,1414_LeafPhotoA_2025-09-08 09_36_43.216-05_00_0.png,1.5,1.637367885792022
434,1414_LeafPhotoA_2025-09-08 09_36_43.216-05_00_1.png,1.5,1.6702581022509893
435,1414_LeafPhotoA_2025-09-08 09_36_43.216-05_00_2.png,1.5,1.725832354858924
448,1687_LeafPhotoA_2025-09-09 09_18_28.478-05_00_0.png,2.0,2.14859485568933
449,1687_LeafPhotoA_2025-09-09 09_18_28.478-05_00_1.png,2.0,2.3605333997868096
450,1687_LeafPhotoA_2025-09-09 09_18_28.478-05_00_2.png,2.0,2.4672048535399917
463,2206_LeafPhotoA_2025-09-08 10_53_32.789-05_00_0.png,1.5,1.6851987697075117
464,2206_LeafPhotoA_2025-09-08 10_53_32.789-05_00_1.png,1.5,1.6834722347293325
465,2206_LeafPhotoA_2025-09-08 10_53_32.789-05_00_2.png,1.5,1.4194251636883808
466,2206_LeafPhotoA_2025-09-08 10_53_32.789-05_00_3.png,1.5,1.3360845159554295
487,2949_LeafPhotoA_2025-09-09 16_21_26.314-05_00_0.png,1.75,1.577237064759233
488,2949_LeafPhotoA_2025-09-09 16_21_26.314-05_00_1.png,1.75,1.7140322964949997
489,2949_LeafPhotoA_2025-09-09 16_21_26.314-05_00_2.png,1.75,1.7257176600623536
490,2949_LeafPhotoA_2025-09-09 16_21_26.314-05_00_3.png,1.75,1.7498873990163193
505,2110_LeafPhotoA_2025-09-08 11_07_19.238-05_00_0.png,1.0,1.3292053925123297
506,2110_LeafPhotoA_2025-09-08 11_07_19.238-05_00_1.png,1.0,1.384209729589833
507,2110_LeafPhotoA_2025-09-08 11_07_19.238-05_00_2.png,1.0,1.6758204454214536
508,2110_LeafPhotoA_2025-09-08 11_07_19.238-05_00_3.png,1.0,1.8353787787504903
513,1805_LeafPhotoA_2025-09-09 08_57_47.562-05_00_0.png,1.25,1.5907221069734243
514,1805_LeafPhotoA_2025-09-09 08_57_47.562-05_00_1.png,1.25,1.4272425465334344
515,1805_LeafPhotoA_2025-09-09 08_57_47.562-05_00_2.png,1.25,1.4683140085641062
516,1805_LeafPhotoA_2025-09-09 08_57_47.562-05_00_3.png,1.25,1.4914595065868415
540,2999_LeafPhotoA_2025-09-09 16_54_09.800-05_00_0.png,1.5,1.3852290567391308
541,2999_LeafPhotoA_2025-09-09 16_54_09.800-05_00_1.png,1.5,1.508453038499975
542,2999_LeafPhotoA_2025-09-09 16_54_09.800-05_00_2.png,1.5,2.2932890270365602
543,2999_LeafPhotoA_2025-09-09 16_54_09.800-05_00_3.png,1.5,2.337935164119398
544,1802_LeafPhotoA_2025-09-09 10_06_55.886-05_00_0.png,1.0,1.3638673287644467
545,1802_LeafPhotoA_2025-09-09 10_06_55.886-05_00_1.png,1.0,1.2950029889808334
546,1802_LeafPhotoA_2025-09-09 10_06_55.886-05_00_2.png,1.0,1.3085194187638551
547,1802_LeafPhotoA_2025-09-09 10_06_55.886-05_00_3.png,1.0,1.3728700610561833
555,2166_LeafPhotoA_2025-09-09 11_59_53.673-05_00_0.png,2.0,2.118517156901673
556,2166_LeafPhotoA_2025-09-09 11_59_53.673-05_00_1.png,2.0,1.9593067027088384
557,2166_LeafPhotoA_2025-09-09 11_59_53.673-05_00_2.png,2.0,1.853739451171676
558,2166_LeafPhotoA_2025-09-09 11_59_53.673-05_00_3.png,2.0,2.3167119872409137
561,1863_LeafPhotoA_2025-09-09 13_33_41.872-05_00_0.png,2.25,1.849245630586843
562,1863_LeafPhotoA_2025-09-09 13_33_41.872-05_00_1.png,2.25,1.7888963850503854
563,1863_LeafPhotoA_2025-09-09 13_33_41.872-05_00_2.png,2.25,1.8559729495153843
564,1863_LeafPhotoA_2025-09-09 13_33_41.872-05_00_3.png,2.25,2.03141772599498
565,2529_LeafPhotoA_2025-09-09 10_27_20.782-05_00_0.png,1.5,1.7232444466908108
566,2529_LeafPhotoA_2025-09-09 10_27_20.782-05_00_1.png,1.5,1.8248015893836467
567,2529_LeafPhotoA_2025-09-09 10_27_20.782-05_00_2.png,1.5,1.8761749544771724
568,2529_LeafPhotoA_2025-09-09 10_27_20.782-05_00_3.png,1.5,1.9914940491628024
581,2227_LeafPhotoA_2025-09-08 11_30_56.055-05_00_0.png,2.5,2.2452165819941827
582,2227_LeafPhotoA_2025-09-08 11_30_56.055-05_00_1.png,2.5,2.278579774801709
583,2227_LeafPhotoA_2025-09-08 11_30_56.055-05_00_2.png,2.5,2.275730151383221
584,2227_LeafPhotoA_2025-09-08 11_30_56.055-05_00_3.png,2.5,2.048990673399851
601,2657_LeafPhotoA_2025-09-09 11_30_26.164-05_00_0.png,3.0,2.8738124145013986
602,2657_LeafPhotoA_2025-09-09 11_30_26.164-05_00_1.png,3.0,3.0279892783112334
603,2657_LeafPhotoA_2025-09-09 11_30_26.164-05_00_2.png,3.0,2.830609071335067
604,2657_LeafPhotoA_2025-09-09 11_30_26.164-05_00_3.png,3.0,2.739577616498729
605,2736_LeafPhotoA_2025-09-09 11_03_17.238-05_00_0.png,2.75,2.438404828380254
606,2736_LeafPhotoA_2025-09-09 11_03_17.238-05_00_1.png,2.75,2.3105817746830586
607,2736_LeafPhotoA_2025-09-09 11_03_17.238-05_00_2.png,2.75,2.3705855977742583
608,2736_LeafPhotoA_2025-09-09 11_03_17.238-05_00_3.png,2.75,2.312182015456433
609,2244_LeafPhotoA_2025-09-08 11_56_08.443-05_00_0.png,1.25,1.5193282434114845
610,2244_LeafPhotoA_2025-09-08 11_56_08.443-05_00_1.png,1.25,1.5933739160843452
611,2244_LeafPhotoA_2025-09-08 11_56_08.443-05_00_2.png,1.25,1.483598377188257
612,2244_LeafPhotoA_2025-09-08 11_56_08.443-05_00_3.png,1.25,1.3835398170491893
619,1722_LeafPhotoA_2025-09-09 09_21_25.253-05_00_0.png,3.0,3.191954964279682
620,1722_LeafPhotoA_2025-09-09 09_21_25.253-05_00_1.png,3.0,3.07544200321254
621,1722_LeafPhotoA_2025-09-09 09_21_25.253-05_00_2.png,3.0,2.959156741329328
626,,1.25,1.5826523271015955
635,2401_LeafPhotoB_2025-09-08 10_40_27.891-05_00_0.png,2.0,1.6550179969508059
636,2401_LeafPhotoB_2025-09-08 10_40_27.891-05_00_1.png,2.0,1.6968648700545368
637,2401_LeafPhotoB_2025-09-08 10_40_27.891-05_00_2.png,2.0,1.8207879382708274
638,2401_LeafPhotoB_2025-09-08 10_40_27.891-05_00_3.png,2.0,2.433007353882197
647,2594_LeafPhotoA_2025-09-09 10_28_20.057-05_00_0.png,1.5,1.3573631155123147
648,2594_LeafPhotoA_2025-09-09 10_28_20.057-05_00_1.png,1.5,1.3441389351666777
649,2594_LeafPhotoA_2025-09-09 10_28_20.057-05_00_2.png,1.5,1.410572433423935
650,2594_LeafPhotoA_2025-09-09 10_28_20.057-05_00_3.png,1.5,1.524566709214203
655,1946_LeafPhotoA_2025-09-09 16_05_11.903-05_00_0.png,1.5,1.3947514605264322
656,1946_LeafPhotoA_2025-09-09 16_05_11.903-05_00_1.png,1.5,1.5594640333020622
657,1946_LeafPhotoA_2025-09-09 16_05_11.903-05_00_2.png,1.5,1.6144692045906124
658,1946_LeafPhotoA_2025-09-09 16_05_11.903-05_00_3.png,1.5,1.5853264544300734
671,1789_LeafPhotoA_2025-09-09 09_15_57.914-05_00_0.png,1.0,1.3428253367276333
672,1789_LeafPhotoA_2025-09-09 09_15_57.914-05_00_1.png,1.0,1.3563438337333467
673,1789_LeafPhotoA_2025-09-09 09_15_57.914-05_00_2.png,1.0,1.324310490107051
674,1789_LeafPhotoA_2025-09-09 09_15_57.914-05_00_3.png,1.0,1.3021994491912146
675,1200_LeafPhotoA_2025-09-08 17_01_52.096-05_00_0.png,1.0,1.601819820334358
676,1200_LeafPhotoA_2025-09-08 17_01_52.096-05_00_1.png,1.0,1.6769977875688982
677,1200_LeafPhotoA_2025-09-08 17_01_52.096-05_00_2.png,1.0,1.5721097174065115
682,2724_LeafPhotoA_2025-09-09 10_46_27.417-05_00_0.png,1.75,2.7009464491463446
683,2724_LeafPhotoA_2025-09-09 10_46_27.417-05_00_1.png,1.75,2.4003096852944945
684,2724_LeafPhotoA_2025-09-09 10_46_27.417-05_00_2.png,1.75,1.99354192466326
685,2724_LeafPhotoA_2025-09-09 10_46_27.417-05_00_3.png,1.75,1.7877628021515166
698,2115_LeafPhotoA_2025-09-08 11_16_33.968-05_00_0.png,1.75,1.7934891161658029
699,2115_LeafPhotoA_2025-09-08 11_16_33.968-05_00_1.png,1.75,1.9454570824355917
700,2115_LeafPhotoA_2025-09-08 11_16_33.968-05_00_2.png,1.75,1.9904981574274183
701,2115_LeafPhotoA_2025-09-08 11_16_33.968-05_00_3.png,1.75,2.24446517506294
727,2048_LeafPhotoA_2025-09-08 11_28_25.459-05_00_0.png,2.0,1.983536171528901
728,2048_LeafPhotoA_2025-09-08 11_28_25.459-05_00_1.png,2.0,1.951942027492469
729,2048_LeafPhotoA_2025-09-08 11_28_25.459-05_00_2.png,2.0,1.8945221816917721
730,2048_LeafPhotoA_2025-09-08 11_28_25.459-05_00_3.png,2.0,2.0428375863002755
741,2655_LeafPhotoA_2025-09-09 11_29_02.979-05_00_0.png,1.25,1.6759892313139206
742,2655_LeafPhotoA_2025-09-09 11_29_02.979-05_00_1.png,1.25,1.6431495476621976
743,2655_LeafPhotoA_2025-09-09 11_29_02.979-05_00_2.png,1.25,1.6233872647242802
744,2655_LeafPhotoA_2025-09-09 11_29_02.979-05_00_3.png,1.25,1.6044593143139965
745,1056_LeafPhotoA_2025-09-08 12_47_34.787-05_00_0.png,1.75,2.021399433299383
746,1056_LeafPhotoA_2025-09-08 12_47_34.787-05_00_1.png,1.75,1.8789284341792354
747,1056_LeafPhotoA_2025-09-08 12_47_34.787-05_00_2.png,1.75,1.8241326815545564
748,1056_LeafPhotoA_2025-09-08 12_47_34.787-05_00_3.png,1.75,1.8122522906794145
760,2409_LeafPhotoB_2025-09-08 10_48_08.751-05_00_0.png,2.75,2.61673212335346
761,2409_LeafPhotoB_2025-09-08 10_48_08.751-05_00_1.png,2.75,2.5700107708204887
762,2409_LeafPhotoB_2025-09-08 10_48_08.751-05_00_2.png,2.75,2.4214949784101774
763,2409_LeafPhotoB_2025-09-08 10_48_08.751-05_00_3.png,2.75,2.323347555342028
766,2673_LeafPhotoA_2025-09-09 11_11_18.428-05_00_0.png,1.0,1.3235025934234657
767,2673_LeafPhotoA_2025-09-09 11_11_18.428-05_00_1.png,1.0,1.3798372643049148
768,2673_LeafPhotoA_2025-09-09 11_11_18.428-05_00_2.png,1.0,1.4380193466194253
777,2933_LeafPhotoA_2025-09-09 16_35_09.095-05_00_0.png,1.0,1.7206986955629089
778,2933_LeafPhotoA_2025-09-09 16_35_09.095-05_00_1.png,1.0,1.6487607310049988
779,2933_LeafPhotoA_2025-09-09 16_35_09.095-05_00_2.png,1.0,1.623544737725671
815,9351_LeafPhotoA_2025-09-09 17_07_37.530-05_00_0.png,1.0,1.4765486827843635
816,9351_LeafPhotoA_2025-09-09 17_07_37.530-05_00_1.png,1.0,1.6304337786087868
817,9351_LeafPhotoA_2025-09-09 17_07_37.530-05_00_2.png,1.0,1.4988816976810273
818,9351_LeafPhotoA_2025-09-09 17_07_37.530-05_00_3.png,1.0,1.3456727476062813
843,2693_LeafPhotoA_2025-09-09 10_38_35.796-05_00_0.png,1.75,1.9869850627434684
844,2693_LeafPhotoA_2025-09-09 10_38_35.796-05_00_1.png,1.75,1.9548722576147843
845,2693_LeafPhotoA_2025-09-09 10_38_35.796-05_00_2.png,1.75,1.868106766870577
846,2693_LeafPhotoA_2025-09-09 10_38_35.796-05_00_3.png,1.75,1.781834181167022
847,2499_LeafPhotoB_2025-09-08 12_23_25.734-05_00_0.png,1.75,1.9386336899523322
848,2499_LeafPhotoB_2025-09-08 12_23_25.734-05_00_1.png,1.75,1.9799325987641105
849,2499_LeafPhotoB_2025-09-08 12_23_25.734-05_00_2.png,1.75,1.8812810431339586
850,2499_LeafPhotoB_2025-09-08 12_23_25.734-05_00_3.png,1.75,1.7548213375179926
868,2506_LeafPhotoA_2025-09-09 10_01_46.426-05_00_0.png,2.75,2.438780003293221
869,2506_LeafPhotoA_2025-09-09 10_01_46.426-05_00_1.png,2.75,2.365226801798346
870,2506_LeafPhotoA_2025-09-09 10_01_46.426-05_00_2.png,2.75,2.2290305108950834
871,2506_LeafPhotoA_2025-09-09 10_01_46.426-05_00_3.png,2.75,2.2544860267401265
872,2341_LeafPhotoA_2025-09-08 11_09_22.552-05_00_0.png,1.0,1.3747240779462637
873,2341_LeafPhotoA_2025-09-08 11_09_22.552-05_00_1.png,1.0,1.5028518829556328
901,2833_LeafPhotoA_2025-09-09 10_51_02.314-05_00_0.png,1.0,1.615355649518503
902,2833_LeafPhotoA_2025-09-09 10_51_02.314-05_00_1.png,1.0,1.5749999688818983
903,2833_LeafPhotoA_2025-09-09 10_51_02.314-05_00_2.png,1.0,1.637906446624895
904,2833_LeafPhotoA_2025-09-09 10_51_02.314-05_00_3.png,1.0,1.6253640544397132
909,1472_LeafPhotoB_2025-09-08 16_38_48.113-05_00_0.png,1.5,1.6946646103710854
910,1472_LeafPhotoB_2025-09-08 16_38_48.113-05_00_1.png,1.5,1.7696678134064954
911,1472_LeafPhotoB_2025-09-08 16_38_48.113-05_00_2.png,1.5,1.7881368563335942
917,1697_LeafPhotoA_2025-09-09 08_53_49.546-05_00_0.png,1.25,1.7412857391965733
918,1697_LeafPhotoA_2025-09-09 08_53_49.546-05_00_1.png,1.25,1.7607994108923632
919,1697_LeafPhotoA_2025-09-09 08_53_49.546-05_00_2.png,1.25,1.7955726443144808
920,1697_LeafPhotoA_2025-09-09 08_53_49.546-05_00_3.png,1.25,1.9318807599067513
926,2381_LeafPhotoA_2025-09-08 11_51_21.824-05_00_0.png,1.25,1.707340732545588
927,2381_LeafPhotoA_2025-09-08 11_51_21.824-05_00_1.png,1.25,1.6351350985723088
928,2381_LeafPhotoA_2025-09-08 11_51_21.824-05_00_2.png,1.25,1.5478587944214173
929,2381_LeafPhotoA_2025-09-08 11_51_21.824-05_00_3.png,1.25,1.65178692222944
976,1679_LeafPhotoA_2025-09-09 09_32_13.519-05_00_0.png,2.25,2.015044038326171
977,1679_LeafPhotoA_2025-09-09 09_32_13.519-05_00_1.png,2.25,2.0286967116372825
978,1679_LeafPhotoA_2025-09-09 09_32_13.519-05_00_2.png,2.25,2.0119692069210124
979,1679_LeafPhotoA_2025-09-09 09_32_13.519-05_00_3.png,2.25,2.036367382399913
985,1512_LeafPhotoA_2025-09-09 09_08_29.596-05_00_0.png,2.5,2.0908433091555296
986,1512_LeafPhotoA_2025-09-09 09_08_29.596-05_00_1.png,2.5,1.9222035358284761
987,1512_LeafPhotoA_2025-09-09 09_08_29.596-05_00_2.png,2.5,2.0122931298000366
988,1512_LeafPhotoA_2025-09-09 09_08_29.596-05_00_3.png,2.5,2.1942184897589176
1038,1001_LeafPhotoA_2025-09-08 10_30_44.491-05_00_0.png,1.75,1.7200786927412448
1039,1001_LeafPhotoA_2025-09-08 10_30_44.491-05_00_1.png,1.75,1.7421118615028959
1040,1001_LeafPhotoA_2025-09-08 10_30_44.491-05_00_2.png,1.75,1.6584860517167634
1041,1001_LeafPhotoA_2025-09-08 10_30_44.491-05_00_3.png,1.75,1.6823219048028213
1047,1705_LeafPhotoA_2025-09-09 08_56_59.048-05_00_0.png,2.25,2.2757532755100716
1048,1705_LeafPhotoA_2025-09-09 08_56_59.048-05_00_1.png,2.25,2.1934656950953992
1049,1705_LeafPhotoA_2025-09-09 08_56_59.048-05_00_2.png,2.25,2.089754988843396
1050,1705_LeafPhotoA_2025-09-09 08_56_59.048-05_00_3.png,2.25,2.134074650654109
1062,1665_LeafPhotoA_2025-09-09 09_57_34.568-05_00_0.png,2.0,2.0102014192740403
1063,1665_LeafPhotoA_2025-09-09 09_57_34.568-05_00_1.png,2.0,2.0777206909944335
1064,1665_LeafPhotoA_2025-09-09 09_57_34.568-05_00_2.png,2.0,2.0194992144723205
1102,1053_LeafPhotoA_2025-09-08 12_43_49.634-05_00_0.png,2.5,2.0921122526021647
1103,1053_LeafPhotoA_2025-09-08 12_43_49.634-05_00_1.png,2.5,2.160441015880995
1104,1053_LeafPhotoA_2025-09-08 12_43_49.634-05_00_2.png,2.5,2.3875207688955995
1105,1053_LeafPhotoA_2025-09-08 12_43_49.634-05_00_3.png,2.5,2.251089759617962
1113,2631_LeafPhotoA_2025-09-09 11_48_53.491-05_00_0.png,2.5,1.7483743721905247
1114,2631_LeafPhotoA_2025-09-09 11_48_53.491-05_00_1.png,2.5,2.0603158987394186
1115,2631_LeafPhotoA_2025-09-09 11_48_53.491-05_00_2.png,2.5,2.38593512188088
1116,2631_LeafPhotoA_2025-09-09 11_48_53.491-05_00_3.png,2.5,2.4632454769548904
1134,1013_LeafPhotoA_2025-09-08 09_45_15.101-05_00_0.png,1.25,1.6276035141007097
1135,1013_LeafPhotoA_2025-09-08 09_45_15.101-05_00_1.png,1.25,1.5963780140165347
1136,1013_LeafPhotoA_2025-09-08 09_45_15.101-05_00_2.png,1.25,1.5966232365576893
1137,1013_LeafPhotoA_2025-09-08 09_45_15.101-05_00_3.png,1.25,1.5101069950431414
1147,9260_LeafPhotoA_2025-09-08 12_05_57.503-05_00_0.png,1.0,1.341707945156462
1148,9260_LeafPhotoA_2025-09-08 12_05_57.503-05_00_1.png,1.0,1.2872597819572702
1149,9260_LeafPhotoA_2025-09-08 12_05_57.503-05_00_2.png,1.0,1.2697444665193551
1150,9260_LeafPhotoA_2025-09-08 12_05_57.503-05_00_3.png,1.0,1.3581621882643082
1185,2433_LeafPhotoB_2025-09-08 11_09_46.410-05_00_0.png,1.5,1.4583659423383204
1186,2433_LeafPhotoB_2025-09-08 11_09_46.410-05_00_1.png,1.5,1.5129687034000354
1187,2433_LeafPhotoB_2025-09-08 11_09_46.410-05_00_2.png,1.5,1.4428175348486756
1188,2433_LeafPhotoB_2025-09-08 11_09_46.410-05_00_3.png,1.5,1.426613550583135
1197,2490_LeafPhotoB_2025-09-08 12_05_22.252-05_00_0.png,1.5,1.6429818496696151
1198,2490_LeafPhotoB_2025-09-08 12_05_22.252-05_00_1.png,1.5,1.743632648456419
1199,2490_LeafPhotoB_2025-09-08 12_05_22.252-05_00_2.png,1.5,1.8370857419758693
1200,2490_LeafPhotoB_2025-09-08 12_05_22.252-05_00_3.png,1.5,1.6542539298265169
1218,1014_LeafPhotoA_2025-09-08 09_46_05.675-05_00_0.png,3.75,3.2490834126152923
1219,1014_LeafPhotoA_2025-09-08 09_46_05.675-05_00_1.png,3.75,3.365519497506172
1220,1014_LeafPhotoA_2025-09-08 09_46_05.675-05_00_2.png,3.75,3.35510313031213
1238,2530_LeafPhotoA_2025-09-09 10_28_43.092-05_00_0.png,3.75,2.6381004116980824
1239,2530_LeafPhotoA_2025-09-09 10_28_43.092-05_00_1.png,3.75,2.7047914436046083
1240,2530_LeafPhotoA_2025-09-09 10_28_43.092-05_00_2.png,3.75,2.4353642281351275
1241,2530_LeafPhotoA_2025-09-09 10_28_43.092-05_00_3.png,3.75,2.2814565922097123
1242,1397_LeafPhotoA_2025-09-08 13_28_16.462-05_00_0.png,2.5,1.8431995669945913
1252,2867_LeafPhotoA_2025-09-09 14_50_34.297-05_00_0.png,1.5,1.5920763308127739
1253,2867_LeafPhotoA_2025-09-09 14_50_34.297-05_00_1.png,1.5,1.7155651815639024
1254,2867_LeafPhotoA_2025-09-09 14_50_34.297-05_00_2.png,1.5,1.701845388338979
1255,2867_LeafPhotoA_2025-09-09 14_50_34.297-05_00_3.png,1.5,1.622482127822298
1256,,2.25,1.5826523271015955
1352,1170_LeafPhotoA_2025-09-08 16_32_45.562-05_00_0.png,1.75,1.840605241980241
1353,1170_LeafPhotoA_2025-09-08 16_32_45.562-05_00_1.png,1.75,1.8963581510146303
1354,1170_LeafPhotoA_2025-09-08 16_32_45.562-05_00_2.png,1.75,1.8325219400751076
1355,1170_LeafPhotoA_2025-09-08 16_32_45.562-05_00_3.png,1.75,1.6374828310623946
1376,2222_LeafPhotoA_2025-09-08 11_22_53.252-05_00_0.png,2.25,1.760817264908774
1377,2222_LeafPhotoA_2025-09-08 11_22_53.252-05_00_1.png,2.25,1.7395871839060828
1378,2222_LeafPhotoA_2025-09-08 11_22_53.252-05_00_2.png,2.25,1.859289144317745
1379,2222_LeafPhotoA_2025-09-08 11_22_53.252-05_00_3.png,2.25,1.9667168432272915
1427,2876_LeafPhotoA_2025-09-09 14_43_15.675-05_00_0.png,1.75,1.895753760334148
1428,2876_LeafPhotoA_2025-09-09 14_43_15.675-05_00_1.png,1.75,2.078609354717727
1429,2876_LeafPhotoA_2025-09-09 14_43_15.675-05_00_2.png,1.75,1.9782065100751582
1430,2876_LeafPhotoA_2025-09-09 14_43_15.675-05_00_3.png,1.75,1.7224168398425719
1443,2041_LeafPhotoA_2025-09-08 11_20_20.644-05_00_0.png,2.0,1.6597676337331186
1444,2041_LeafPhotoA_2025-09-08 11_20_20.644-05_00_1.png,2.0,1.4586684775130379
1445,2041_LeafPhotoA_2025-09-08 11_20_20.644-05_00_2.png,2.0,1.5958820267132368
1469,1584_LeafPhotoA_2025-09-09 09_39_38.950-05_00_0.png,2.25,1.9276931848224643
1470,1584_LeafPhotoA_2025-09-09 09_39_38.950-05_00_1.png,2.25,2.149324234788958
1471,1584_LeafPhotoA_2025-09-09 09_39_38.950-05_00_2.png,2.25,1.9058595802578484
1472,1584_LeafPhotoA_2025-09-09 09_39_38.950-05_00_3.png,2.25,1.8936240517362348
1473,1946_LeafPhotoA_2025-09-09 16_04_53.847-05_00_0.png,3.0,2.3135112744166393
1474,1946_LeafPhotoA_2025-09-09 16_04_53.847-05_00_1.png,3.0,2.625098993690723
1475,1946_LeafPhotoA_2025-09-09 16_04_53.847-05_00_2.png,3.0,2.337589125607956
1476,1946_LeafPhotoA_2025-09-09 16_04_53.847-05_00_3.png,3.0,1.651180322684604
1506,1442_LeafPhotoB_2025-09-08 10_31_26.108-05_00_0.png,1.25,1.4690280980199717
1507,1442_LeafPhotoB_2025-09-08 10_31_26.108-05_00_1.png,1.25,1.4999485545709654
1508,1442_LeafPhotoB_2025-09-08 10_31_26.108-05_00_2.png,1.25,1.4946396626128757
1509,1442_LeafPhotoB_2025-09-08 10_31_26.108-05_00_3.png,1.25,1.3553922251370485
1524,1693_LeafPhotoA_2025-09-09 09_07_35.518-05_00_0.png,1.75,1.902581759715332
1525,1693_LeafPhotoA_2025-09-09 09_07_35.518-05_00_1.png,1.75,1.7150627619432397
1526,1693_LeafPhotoA_2025-09-09 09_07_35.518-05_00_2.png,1.75,1.566480646463206
1527,1693_LeafPhotoA_2025-09-09 09_07_35.518-05_00_3.png,1.75,1.7828944803328866
1560,1266_LeafPhotoA_2025-09-08 16_20_40.775-05_00_0.png,1.5,1.4373018026837943
1581,2104_LeafPhotoA_2025-09-08 10_58_03.934-05_00_0.png,2.0,1.521219894343648
1582,2104_LeafPhotoA_2025-09-08 10_58_03.934-05_00_1.png,2.0,1.6009876488642931
1583,2104_LeafPhotoA_2025-09-08 10_58_03.934-05_00_2.png,2.0,1.5551777783687015
1584,2104_LeafPhotoA_2025-09-08 10_58_03.934-05_00_3.png,2.0,1.5489061667713933
1594,,1.5,1.5826523271015955
1603,2029_LeafPhotoA_2025-09-08 11_07_23.840-05_00_0.png,3.5,3.3366797404857427
1604,2029_LeafPhotoA_2025-09-08 11_07_23.840-05_00_1.png,3.5,3.1483601472406364
1605,2029_LeafPhotoA_2025-09-08 11_07_23.840-05_00_2.png,3.5,2.808016519655151
1606,2029_LeafPhotoA_2025-09-08 11_07_23.840-05_00_3.png,3.5,2.6392699887536133
1623,1152_LeafPhotoA_2025-09-08 16_58_21.742-05_00_0.png,2.0,1.9005178795165845
1624,1152_LeafPhotoA_2025-09-08 16_58_21.742-05_00_1.png,2.0,1.955160327385461
1625,1152_LeafPhotoA_2025-09-08 16_58_21.742-05_00_2.png,2.0,2.075720975201323
1626,1152_LeafPhotoA_2025-09-08 16_58_21.742-05_00_3.png,2.0,1.9896029358793728
1632,1572_LeafPhotoA_2025-09-09 09_56_18.547-05_00_0.png,1.5,1.6368557685394347
1633,1572_LeafPhotoA_2025-09-09 09_56_18.547-05_00_1.png,1.5,1.6920266648931992
1634,1572_LeafPhotoA_2025-09-09 09_56_18.547-05_00_2.png,1.5,1.6625480294237054
1635,1572_LeafPhotoA_2025-09-09 09_56_18.547-05_00_3.png,1.5,1.6211805334892344
1647,2237_LeafPhotoA_2025-09-08 11_42_52.155-05_00_0.png,1.5,1.6045499967989212
1648,2237_LeafPhotoA_2025-09-08 11_42_52.155-05_00_1.png,1.5,1.737459567257808
1649,2237_LeafPhotoA_2025-09-08 11_42_52.155-05_00_2.png,1.5,1.5480749045080615
1650,2237_LeafPhotoA_2025-09-08 11_42_52.155-05_00_3.png,1.5,1.4179197642782793
1671,2618_LeafPhotoA_2025-09-09 12_06_25.737-05_00_0.png,2.25,1.570891079069761
1672,2618_LeafPhotoA_2025-09-09 12_06_25.737-05_00_1.png,2.25,1.4903139329455477
1699,2686_LeafPhotoA_2025-09-09 10_48_10.419-05_00_0.png,3.0,2.109783867436261
1700,2686_LeafPhotoA_2025-09-09 10_48_10.419-05_00_1.png,3.0,2.312739271368363
1701,2686_LeafPhotoA_2025-09-09 10_48_10.419-05_00_2.png,3.0,2.3219588217939644
1718,1198_LeafPhotoA_2025-09-08 09_25_24.531-05_00_0.png,1.25,1.6917128916244113
1719,1198_LeafPhotoA_2025-09-08 09_25_24.531-05_00_1.png,1.25,1.6804488692086543
1720,1198_LeafPhotoA_2025-09-08 09_25_24.531-05_00_2.png,1.25,1.645665194736572
1721,1198_LeafPhotoA_2025-09-08 09_25_24.531-05_00_3.png,1.25,1.5296606098781158
1730,2876_LeafPhotoA_2025-09-09 14_43_31.946-05_00_0.png,1.5,1.7603373174691987
1731,2876_LeafPhotoA_2025-09-09 14_43_31.946-05_00_1.png,1.5,1.6885403484853105
1732,2876_LeafPhotoA_2025-09-09 14_43_31.946-05_00_2.png,1.5,1.5132733776116478
1733,2876_LeafPhotoA_2025-09-09 14_43_31.946-05_00_3.png,1.5,1.5183767913708766
1747,2064_LeafPhotoA_2025-09-08 11_57_49.749-05_00_0.png,2.0,1.5053877119035184
1748,2064_LeafPhotoA_2025-09-08 11_57_49.749-05_00_1.png,2.0,1.5425422877104589
1749,2064_LeafPhotoA_2025-09-08 11_57_49.749-05_00_2.png,2.0,1.6455550333685485
1750,2064_LeafPhotoA_2025-09-08 11_57_49.749-05_00_3.png,2.0,1.63947338838519
1765,1267_LeafPhotoA_2025-09-08 16_19_11.885-05_00_0.png,2.25,2.0453940003535243
1766,1267_LeafPhotoA_2025-09-08 16_19_11.885-05_00_1.png,2.25,1.9531213592264287
1767,1267_LeafPhotoA_2025-09-08 16_19_11.885-05_00_2.png,2.25,1.7581845999865182
1768,1267_LeafPhotoA_2025-09-08 16_19_11.885-05_00_3.png,2.25,1.6806935526969264
1769,2871_LeafPhotoA_2025-09-09 14_47_23.331-05_00_0.png,2.5,2.300329684973881
1770,2871_LeafPhotoA_2025-09-09 14_47_23.331-05_00_1.png,2.5,2.186397777534751
1771,2871_LeafPhotoA_2025-09-09 14_47_23.331-05_00_2.png,2.5,1.9155775441166911
1772,2871_LeafPhotoA_2025-09-09 14_47_23.331-05_00_3.png,2.5,1.8575113577016282
1808,2447_LeafPhotoB_2025-09-08 11_22_51.883-05_00_0.png,2.0,1.698785424654195
1809,2447_LeafPhotoB_2025-09-08 11_22_51.883-05_00_1.png,2.0,1.84301824867572
1810,2447_LeafPhotoB_2025-09-08 11_22_51.883-05_00_2.png,2.0,1.7588243474241099
1811,2447_LeafPhotoB_2025-09-08 11_22_51.883-05_00_3.png,2.0,1.780345345329924
1820,2287_LeafPhotoA_2025-09-08 16_53_06.874-05_00_0.png,3.75,2.4894818053087686
1821,2287_LeafPhotoA_2025-09-08 16_53_06.874-05_00_1.png,3.75,2.810981245466186
1822,2287_LeafPhotoA_2025-09-08 16_53_06.874-05_00_2.png,3.75,3.0259537499286906
1823,2287_LeafPhotoA_2025-09-08 16_53_06.874-05_00_3.png,3.75,3.0530054290099535
1831,1713_LeafPhotoA_2025-09-09 09_08_31.161-05_00_0.png,1.75,1.9365164517325548
1832,1713_LeafPhotoA_2025-09-09 09_08_31.161-05_00_1.png,1.75,2.115717230578588
1833,1713_LeafPhotoA_2025-09-09 09_08_31.161-05_00_2.png,1.75,2.044387447196282
1834,1713_LeafPhotoA_2025-09-09 09_08_31.161-05_00_3.png,1.75,1.8456183173940883
1864,2130_LeafPhotoA_2025-09-08 11_49_10.108-05_00_0.png,1.75,1.699358282667516
1865,2130_LeafPhotoA_2025-09-08 11_49_10.108-05_00_1.png,1.75,1.8736879989554853
1866,2130_LeafPhotoA_2025-09-08 11_49_10.108-05_00_2.png,1.75,1.6919610674453571
1867,2130_LeafPhotoA_2025-09-08 11_49_10.108-05_00_3.png,1.75,1.6333735242762883
1868,2852_LeafPhotoA_2025-09-09 15_03_44.065-05_00_0.png,1.5,1.73429925935992
1869,2852_LeafPhotoA_2025-09-09 15_03_44.065-05_00_1.png,1.5,1.746557920724571
1870,2852_LeafPhotoA_2025-09-09 15_03_44.065-05_00_2.png,1.5,1.833348369780913
1871,2852_LeafPhotoA_2025-09-09 15_03_44.065-05_00_3.png,1.5,1.7638394639577404
1875,1047_LeafPhotoA_2025-09-08 10_26_48.305-05_00_0.png,2.0,1.583044530227361
1876,1047_LeafPhotoA_2025-09-08 10_26_48.305-05_00_1.png,2.0,1.4722197630223333
1877,1047_LeafPhotoA_2025-09-08 10_26_48.305-05_00_2.png,2.0,1.6620962999324913
1878,1047_LeafPhotoA_2025-09-08 10_26_48.305-05_00_3.png,2.0,2.0891896706731625
1896,1687_LeafPhotoA_2025-09-09 09_18_05.463-05_00_0.png,1.75,1.6679021165198007
1897,1687_LeafPhotoA_2025-09-09 09_18_05.463-05_00_1.png,1.75,1.6125667150012768
1898,2049_LeafPhotoA_2025-09-08 11_29_22.980-05_00_0.png,1.25,1.5201024710690938
1899,2049_LeafPhotoA_2025-09-08 11_29_22.980-05_00_1.png,1.25,1.6035390548013513
1900,2049_LeafPhotoA_2025-09-08 11_29_22.980-05_00_2.png,1.25,1.509288196986942
1901,2049_LeafPhotoA_2025-09-08 11_29_22.980-05_00_3.png,1.25,1.405077279296691
1916,2049_LeafPhotoA_2025-09-08 11_29_12.336-05_00_0.png,2.25,1.4619178990634936
1917,2049_LeafPhotoA_2025-09-08 11_29_12.336-05_00_1.png,2.25,1.4844888189980698
1918,2049_LeafPhotoA_2025-09-08 11_29_12.336-05_00_2.png,2.25,1.5723387349355675
1919,2049_LeafPhotoA_2025-09-08 11_29_12.336-05_00_3.png,2.25,1.767174435934776
1936,1540_LeafPhotoA_2025-09-09 09_38_25.826-05_00_0.png,2.75,2.8195632852779933
1937,1540_LeafPhotoA_2025-09-09 09_38_25.826-05_00_1.png,2.75,2.7323285999655105
1938,1540_LeafPhotoA_2025-09-09 09_38_25.826-05_00_2.png,2.75,2.647877537705938
1939,1540_LeafPhotoA_2025-09-09 09_38_25.826-05_00_3.png,2.75,2.7568009099563255
1947,1070_LeafPhotoA_2025-09-08 13_01_31.955-05_00_0.png,1.5,1.9557326399815997
1948,1070_LeafPhotoA_2025-09-08 13_01_31.955-05_00_1.png,1.5,1.917931103954204
1949,1070_LeafPhotoA_2025-09-08 13_01_31.955-05_00_2.png,1.5,1.8621833387295026
1950,1070_LeafPhotoA_2025-09-08 13_01_31.955-05_00_3.png,1.5,1.7606706213221535
1951,1031_LeafPhotoA_2025-09-08 10_05_56.491-05_00_0.png,1.75,2.240953886874647
1952,1031_LeafPhotoA_2025-09-08 10_05_56.491-05_00_1.png,1.75,2.2030876576553795
1953,1031_LeafPhotoA_2025-09-08 10_05_56.491-05_00_2.png,1.75,2.1199660303603554
1954,1031_LeafPhotoA_2025-09-08 10_05_56.491-05_00_3.png,1.75,2.07607379372031
1959,2835_LeafPhotoA_2025-09-09 10_59_12.275-05_00_0.png,2.5,2.1973147241099573
1988,,2.5,1.5826523271015955
2004,2915_LeafPhotoA_2025-09-09 16_35_42.182-05_00_0.png,2.0,1.8014493043546478
2009,1697_LeafPhotoA_2025-09-09 08_54_31.422-05_00_0.png,1.5,1.6182597272975563
2010,1697_LeafPhotoA_2025-09-09 08_54_31.422-05_00_1.png,1.5,1.6355815560629912
2011,1697_LeafPhotoA_2025-09-09 08_54_31.422-05_00_2.png,1.5,1.67027661223634
2016,2999_LeafPhotoA_2025-09-09 16_55_04.325-05_00_0.png,2.0,2.106587111969718
2017,2999_LeafPhotoA_2025-09-09 16_55_04.325-05_00_1.png,2.0,1.9614911592334088
2018,2999_LeafPhotoA_2025-09-09 16_55_04.325-05_00_2.png,2.0,1.9840514299552214
2030,2164_LeafPhotoA_2025-09-09 11_57_19.201-05_00_0.png,1.5,1.6168823477541547
2031,2164_LeafPhotoA_2025-09-09 11_57_19.201-05_00_1.png,1.5,1.7190551937406717
2032,2164_LeafPhotoA_2025-09-09 11_57_19.201-05_00_2.png,1.5,1.860631770693994
2033,2164_LeafPhotoA_2025-09-09 11_57_19.201-05_00_3.png,1.5,1.65939649943065
2038,2862_LeafPhotoA_2025-09-09 14_54_36.677-05_00_0.png,1.75,1.649124188455326
2039,2862_LeafPhotoA_2025-09-09 14_54_36.677-05_00_1.png,1.75,1.7318760900155055
2040,2862_LeafPhotoA_2025-09-09 14_54_36.677-05_00_2.png,1.75,1.8716205444197263
2041,2862_LeafPhotoA_2025-09-09 14_54_36.677-05_00_3.png,1.75,1.7578687768320982
2050,2833_LeafPhotoA_2025-09-09 10_55_45.835-05_00_0.png,1.5,1.6932348504152153
2051,2618_LeafPhotoA_2025-09-09 12_05_14.747-05_00_0.png,1.5,1.707766754108786
2052,2618_LeafPhotoA_2025-09-09 12_05_14.747-05_00_1.png,1.5,1.8635058862732765
2053,2618_LeafPhotoA_2025-09-09 12_05_14.747-05_00_2.png,1.5,1.8911410537508158
2054,2618_LeafPhotoA_2025-09-09 12_05_14.747-05_00_3.png,1.5,1.6873590066060309
2095,1338_LeafPhotoA_2025-09-08 10_07_02.814-05_00_0.png,4.5,3.2860489783627
2096,1338_LeafPhotoA_2025-09-08 10_07_02.814-05_00_1.png,4.5,3.381434992621491
2097,1338_LeafPhotoA_2025-09-08 10_07_02.814-05_00_2.png,4.5,3.439782789855374
2098,1338_LeafPhotoA_2025-09-08 10_07_02.814-05_00_3.png,4.5,3.466466533343032
2165,1420_LeafPhotoB_2025-09-08 10_13_16.780-05_00_0.png,1.75,1.6985941735329197
2166,1420_LeafPhotoB_2025-09-08 10_13_16.780-05_00_1.png,1.75,1.7916407583966574
2167,1420_LeafPhotoB_2025-09-08 10_13_16.780-05_00_2.png,1.75,1.7251678737109868
2168,1420_LeafPhotoB_2025-09-08 10_13_16.780-05_00_3.png,1.75,1.7128274667288559
2193,5014_LeafPhotoA_2025-09-09 16_20_31.482-05_00_0.png,1.75,1.6871681754294434
2194,5014_LeafPhotoA_2025-09-09 16_20_31.482-05_00_1.png,1.75,1.6545876042749714
2195,5014_LeafPhotoA_2025-09-09 16_20_31.482-05_00_2.png,1.75,1.7432403840327848
2196,5014_LeafPhotoA_2025-09-09 16_20_31.482-05_00_3.png,1.75,1.6971837766462001
2197,2119_LeafPhotoA_2025-09-08 11_28_47.667-05_00_0.png,1.5,2.1540507751353815
2202,2461_LeafPhotoB_2025-09-08 11_38_43.859-05_00_0.png,2.0,1.6432953432527
2203,2461_LeafPhotoB_2025-09-08 11_38_43.859-05_00_1.png,2.0,1.7428267206085741
2204,2461_LeafPhotoB_2025-09-08 11_38_43.859-05_00_2.png,2.0,2.1347926774901533
2205,2461_LeafPhotoB_2025-09-08 11_38_43.859-05_00_3.png,2.0,2.420335676907215
2210,1693_LeafPhotoA_2025-09-09 09_06_11.383-05_00_0.png,1.25,1.772233044337038
2211,1693_LeafPhotoA_2025-09-09 09_06_11.383-05_00_1.png,1.25,1.7321687094751888
2212,1693_LeafPhotoA_2025-09-09 09_06_11.383-05_00_2.png,1.25,1.7669295533314604
2213,1693_LeafPhotoA_2025-09-09 09_06_11.383-05_00_3.png,1.25,1.7418549670801873
2239,1345_LeafPhotoA_2025-09-08 10_13_26.383-05_00_0.png,2.5,1.883719853828768
2240,1345_LeafPhotoA_2025-09-08 10_13_26.383-05_00_1.png,2.5,1.7432065366170308
2241,1345_LeafPhotoA_2025-09-08 10_13_26.383-05_00_2.png,2.5,1.4319290508441276
2242,1345_LeafPhotoA_2025-09-08 10_13_26.383-05_00_3.png,2.5,1.5097547382098475
2255,2438_LeafPhotoB_2025-09-08 11_14_34.150-05_00_0.png,2.25,2.157249783559987
2256,2438_LeafPhotoB_2025-09-08 11_14_34.150-05_00_1.png,2.25,2.131111008260693
2257,2438_LeafPhotoB_2025-09-08 11_14_34.150-05_00_2.png,2.25,2.026781318795155
2258,2438_LeafPhotoB_2025-09-08 11_14_34.150-05_00_3.png,2.25,1.9443360233274862
2259,1543_LeafPhotoA_2025-09-09 09_43_51.333-05_00_0.png,1.5,1.806310291090007
2260,1543_LeafPhotoA_2025-09-09 09_43_51.333-05_00_1.png,1.5,1.7752324130950539
2261,1543_LeafPhotoA_2025-09-09 09_43_51.333-05_00_2.png,1.5,1.6183083730519008
2275,1798_LeafPhotoA_2025-09-09 08_54_43.161-05_00_0.png,2.25,1.7587306723768352
2276,1798_LeafPhotoA_2025-09-09 08_54_43.161-05_00_1.png,2.25,1.9143475106455832
2277,1798_LeafPhotoA_2025-09-09 08_54_43.161-05_00_2.png,2.25,1.7763735457908891
2278,1798_LeafPhotoA_2025-09-09 08_54_43.161-05_00_3.png,2.25,1.7026965684827429
2294,1223_LeafPhotoA_2025-09-08 10_03_13.455-05_00_0.png,1.5,1.4591550432885945
2295,1223_LeafPhotoA_2025-09-08 10_03_13.455-05_00_1.png,1.5,1.511657428402941
2296,1223_LeafPhotoA_2025-09-08 10_03_13.455-05_00_2.png,1.5,1.5449984703938233
2297,1223_LeafPhotoA_2025-09-08 10_03_13.455-05_00_3.png,1.5,1.437795111827511
2322,1086_LeafPhotoA_2025-09-09 10_58_54.973-05_00_0.png,2.5,1.9600084843025058
2323,1086_LeafPhotoA_2025-09-09 10_58_54.973-05_00_1.png,2.5,2.1503050705985842
2324,1086_LeafPhotoA_2025-09-09 10_58_54.973-05_00_2.png,2.5,2.287499133552635
2325,1086_LeafPhotoA_2025-09-09 10_58_54.973-05_00_3.png,2.5,2.4212178270484666
2348,2385_LeafPhotoA_2025-09-08 11_56_10.265-05_00_0.png,1.25,1.9836460597607815
2349,2385_LeafPhotoA_2025-09-08 11_56_10.265-05_00_1.png,1.25,1.809255479886793
2350,2385_LeafPhotoA_2025-09-08 11_56_10.265-05_00_2.png,1.25,1.5884593657452475
2351,2385_LeafPhotoA_2025-09-08 11_56_10.265-05_00_3.png,1.25,1.547402956003781
2352,2381_LeafPhotoA_2025-09-08 11_51_50.879-05_00_0.png,2.0,2.034977225794394
2353,2381_LeafPhotoA_2025-09-08 11_51_50.879-05_00_1.png,2.0,1.9644069645994606
2354,2381_LeafPhotoA_2025-09-08 11_51_50.879-05_00_2.png,2.0,1.8913640878103561
2355,2381_LeafPhotoA_2025-09-08 11_51_50.879-05_00_3.png,2.0,1.7315009825888539
2401,9351_LeafPhotoA_2025-09-09 17_07_25.532-05_00_0.png,1.25,1.4352035589485772
2402,9351_LeafPhotoA_2025-09-09 17_07_25.532-05_00_1.png,1.25,1.4484908463743957
2403,9351_LeafPhotoA_2025-09-09 17_07_25.532-05_00_2.png,1.25,1.6366839320689075
2404,9351_LeafPhotoA_2025-09-09 17_07_25.532-05_00_3.png,1.25,1.7318895583891836
2416,1915_LeafPhotoA_2025-09-09 14_54_52.435-05_00_0.png,1.75,1.896477485681081
2417,1915_LeafPhotoA_2025-09-09 14_54_52.435-05_00_1.png,1.75,1.8857934063700312
2418,1915_LeafPhotoA_2025-09-09 14_54_52.435-05_00_2.png,1.75,1.8926690572633647
2419,1915_LeafPhotoA_2025-09-09 14_54_52.435-05_00_3.png,1.75,1.9724668395276441
2424,1466_LeafPhotoB_2025-09-08 16_29_29.831-05_00_0.png,2.0,1.5057331332037094
2425,1466_LeafPhotoB_2025-09-08 16_29_29.831-05_00_1.png,2.0,1.5534638331694852
2426,1466_LeafPhotoB_2025-09-08 16_29_29.831-05_00_2.png,2.0,1.5889752719841013
2427,1466_LeafPhotoB_2025-09-08 16_29_29.831-05_00_3.png,2.0,1.6655076998514253
2432,2051_LeafPhotoA_2025-09-08 11_43_12.742-05_00_0.png,3.75,2.2727885993086505
2433,2051_LeafPhotoA_2025-09-08 11_43_12.742-05_00_1.png,3.75,2.03703768813665
2434,2533_LeafPhotoA_2025-09-09 10_31_53.410-05_00_0.png,1.75,1.5023277975571898
2435,2533_LeafPhotoA_2025-09-09 10_31_53.410-05_00_1.png,1.75,1.3954232427158015
2436,2533_LeafPhotoA_2025-09-09 10_31_53.410-05_00_2.png,1.75,1.470831121808349
2437,2533_LeafPhotoA_2025-09-09 10_31_53.410-05_00_3.png,1.75,1.5144421273829054
2534,2295_LeafPhotoA_2025-09-08 16_45_42.473-05_00_0.png,2.25,1.7165008493881846
2535,2295_LeafPhotoA_2025-09-08 16_45_42.473-05_00_1.png,2.25,1.9052094441506204
2536,2295_LeafPhotoA_2025-09-08 16_45_42.473-05_00_2.png,2.25,1.7504236980192254
2537,2295_LeafPhotoA_2025-09-08 16_45_42.473-05_00_3.png,2.25,1.831159627710771
2547,1913_LeafPhotoA_2025-09-09 14_52_15.644-05_00_0.png,1.5,1.5640017535287098
2548,1913_LeafPhotoA_2025-09-09 14_52_15.644-05_00_1.png,1.5,1.6440296108461863
2549,1913_LeafPhotoA_2025-09-09 14_52_15.644-05_00_2.png,1.5,1.597848717449617
2550,1913_LeafPhotoA_2025-09-09 14_52_15.644-05_00_3.png,1.5,1.6730151775938962
2563,1407_LeafPhotoA_2025-09-08 09_28_58.311-05_00_0.png,1.0,1.3651234682097444
2564,1407_LeafPhotoA_2025-09-08 09_28_58.311-05_00_1.png,1.0,1.3133189045968647
2565,1407_LeafPhotoA_2025-09-08 09_28_58.311-05_00_2.png,1.0,1.3069543637987187
2566,1407_LeafPhotoA_2025-09-08 09_28_58.311-05_00_3.png,1.0,1.453089227083761
2597,2470_LeafPhotoB_2025-09-08 11_46_55.188-05_00_0.png,2.25,1.8319062157312909
2598,2470_LeafPhotoB_2025-09-08 11_46_55.188-05_00_1.png,2.25,1.8736576539376926
2599,2470_LeafPhotoB_2025-09-08 11_46_55.188-05_00_2.png,2.25,1.8158203059893727
2600,2470_LeafPhotoB_2025-09-08 11_46_55.188-05_00_3.png,2.25,1.913934886686239
2609,2130_LeafPhotoA_2025-09-08 11_48_43.180-05_00_0.png,2.5,2.4135287162635284
2610,2130_LeafPhotoA_2025-09-08 11_48_43.180-05_00_1.png,2.5,2.324621407519155
2611,2130_LeafPhotoA_2025-09-08 11_48_43.180-05_00_2.png,2.5,2.4578902795610165
2612,2130_LeafPhotoA_2025-09-08 11_48_43.180-05_00_3.png,2.5,2.6420817292805117
2617,2391_LeafPhotoA_2025-09-08 12_03_15.238-05_00_0.png,1.25,1.7979405865381812
2618,2391_LeafPhotoA_2025-09-08 12_03_15.238-05_00_1.png,1.25,1.8474594634314658
2619,2391_LeafPhotoA_2025-09-08 12_03_15.238-05_00_2.png,1.25,1.8316649425780616
2620,2391_LeafPhotoA_2025-09-08 12_03_15.238-05_00_3.png,1.25,1.7595373827695582
2621,2391_LeafPhotoA_2025-09-08 12_01_42.651-05_00_0.png,1.75,1.5876168080487079
2622,2391_LeafPhotoA_2025-09-08 12_01_42.651-05_00_1.png,1.75,1.672565291825694
2623,2391_LeafPhotoA_2025-09-08 12_01_42.651-05_00_2.png,1.75,1.7492288336649906
2624,2391_LeafPhotoA_2025-09-08 12_01_42.651-05_00_3.png,1.75,1.9371670810189323
2630,1937_LeafPhotoA_2025-09-09 15_34_34.063-05_00_0.png,1.75,1.6798126623803495
2631,1937_LeafPhotoA_2025-09-09 15_34_34.063-05_00_1.png,1.75,1.5716171256785978
2632,1937_LeafPhotoA_2025-09-09 15_34_34.063-05_00_2.png,1.75,1.547888342452826
2633,1937_LeafPhotoA_2025-09-09 15_34_34.063-05_00_3.png,1.75,1.6482774718509048
2635,1642_LeafPhotoA_2025-09-09 10_32_36.943-05_00_0.png,1.5,1.7107232494457727
2636,1642_LeafPhotoA_2025-09-09 10_32_36.943-05_00_1.png,1.5,1.6581591904330524
2637,1642_LeafPhotoA_2025-09-09 10_32_36.943-05_00_2.png,1.5,1.714571491854702
2733,2942_LeafPhotoA_2025-09-09 16_27_26.746-05_00_0.png,2.75,2.068056077429784
2734,2942_LeafPhotoA_2025-09-09 16_27_26.746-05_00_1.png,2.75,2.0563721055171946
2735,2942_LeafPhotoA_2025-09-09 16_27_26.746-05_00_2.png,2.75,1.907915595529288
2736,2942_LeafPhotoA_2025-09-09 16_27_26.746-05_00_3.png,2.75,1.9327607020964814
2749,2127_LeafPhotoA_2025-09-08 11_44_05.581-05_00_0.png,2.0,2.109823729277204
2750,2127_LeafPhotoA_2025-09-08 11_44_05.581-05_00_1.png,2.0,2.0560485550029464
2751,2127_LeafPhotoA_2025-09-08 11_44_05.581-05_00_2.png,2.0,1.798898888570846
2752,2127_LeafPhotoA_2025-09-08 11_44_05.581-05_00_3.png,2.0,1.59094603269994
2761,2594_LeafPhotoA_2025-09-09 10_28_00.830-05_00_0.png,1.25,1.6631996105674505
2762,2594_LeafPhotoA_2025-09-09 10_28_00.830-05_00_1.png,1.25,1.5174329262633015
2763,2594_LeafPhotoA_2025-09-09 10_28_00.830-05_00_2.png,1.25,1.6895316911827505
2764,2594_LeafPhotoA_2025-09-09 10_28_00.830-05_00_3.png,1.25,1.7229973940519734
2777,1079_LeafPhotoA_2025-09-08 13_11_39.389-05_00_0.png,1.5,1.7703444743184136
2778,1079_LeafPhotoA_2025-09-08 13_11_39.389-05_00_1.png,1.5,1.7783063772997618
2779,1079_LeafPhotoA_2025-09-08 13_11_39.389-05_00_2.png,1.5,1.6652016807675776
2780,1079_LeafPhotoA_2025-09-08 13_11_39.389-05_00_3.png,1.5,1.6682149700333002
2781,1842_LeafPhotoA_2025-09-09 09_52_16.462-05_00_0.png,2.25,1.5981095282037254
2782,1842_LeafPhotoA_2025-09-09 09_52_16.462-05_00_1.png,2.25,1.595580989774223
2788,2879_LeafPhotoA_2025-09-09 14_38_53.940-05_00_0.png,1.25,1.5580283363128626
2789,2879_LeafPhotoA_2025-09-09 14_38_53.940-05_00_1.png,1.25,1.5657652755311415
2790,1669_LeafPhotoA_2025-09-09 09_51_13.731-05_00_0.png,1.5,1.3774100300969139
2791,1669_LeafPhotoA_2025-09-09 09_51_13.731-05_00_1.png,1.5,1.4585838798848434
2792,1669_LeafPhotoA_2025-09-09 09_51_13.731-05_00_2.png,1.5,1.4753576148734098
2793,1736_LeafPhotoA_2025-09-09 09_48_22.904-05_00_0.png,1.5,2.4411183376132715
2794,1736_LeafPhotoA_2025-09-09 09_48_22.904-05_00_1.png,1.5,1.8966748098272002
2795,1736_LeafPhotoA_2025-09-09 09_48_22.904-05_00_2.png,1.5,1.5973781448519
2796,1736_LeafPhotoA_2025-09-09 09_48_22.904-05_00_3.png,1.5,1.5051047262864088
2797,1466_LeafPhotoB_2025-09-08 16_29_39.552-05_00_0.png,1.25,1.3899900055601002
2798,1466_LeafPhotoB_2025-09-08 16_29_39.552-05_00_1.png,1.25,1.350470209174642
2799,1466_LeafPhotoB_2025-09-08 16_29_39.552-05_00_2.png,1.25,1.2572152306677027
2800,1466_LeafPhotoB_2025-09-08 16_29_39.552-05_00_3.png,1.25,1.2223961034208954
2880,2744_LeafPhotoA_2025-09-09 11_15_01.877-05_00_0.png,2.25,2.198563904215569
2881,2744_LeafPhotoA_2025-09-09 11_15_01.877-05_00_1.png,2.25,1.8881364354478845
2882,2744_LeafPhotoA_2025-09-09 11_15_01.877-05_00_2.png,2.25,1.8669432471016234
2883,2744_LeafPhotoA_2025-09-09 11_15_01.877-05_00_3.png,2.25,2.0821167648557464
2902,2404_LeafPhotoB_2025-09-08 10_44_08.041-05_00_0.png,3.25,2.411186650627925
2903,2404_LeafPhotoB_2025-09-08 10_44_08.041-05_00_1.png,3.25,2.51004259974793
2908,2215_LeafPhotoA_2025-09-08 11_08_31.563-05_00_0.png,2.25,2.305204985054613
2909,2215_LeafPhotoA_2025-09-08 11_08_31.563-05_00_1.png,2.25,2.2767608936162422
2910,2215_LeafPhotoA_2025-09-08 11_08_31.563-05_00_2.png,2.25,2.2240191716406765
2911,2215_LeafPhotoA_2025-09-08 11_08_31.563-05_00_3.png,2.25,2.288734663905281
2916,2728_LeafPhotoA_2025-09-09 10_52_13.946-05_00_0.png,3.25,3.2700352888935726
2917,2728_LeafPhotoA_2025-09-09 10_52_13.946-05_00_1.png,3.25,3.1182163213544056
2918,2728_LeafPhotoA_2025-09-09 10_52_13.946-05_00_2.png,3.25,2.858663530181925
2919,2728_LeafPhotoA_2025-09-09 10_52_13.946-05_00_3.png,3.25,2.7818162514528524
2930,,1.5,1.5826523271015955
2931,1001_LeafPhotoA_2025-09-08 10_31_01.387-05_00_0.png,1.25,1.6664583722185424
2932,1001_LeafPhotoA_2025-09-08 10_31_01.387-05_00_1.png,1.25,1.7158490298535534
2933,1001_LeafPhotoA_2025-09-08 10_31_01.387-05_00_2.png,1.25,1.6579775549380213
2960,1122_LeafPhotoA_2025-09-08 10_08_12.180-05_00_0.png,2.25,1.9811121298533976
2961,1122_LeafPhotoA_2025-09-08 10_08_12.180-05_00_1.png,2.25,2.0325127842009856
2962,1122_LeafPhotoA_2025-09-08 10_08_12.180-05_00_2.png,2.25,2.1799902949164283
2963,1122_LeafPhotoA_2025-09-08 10_08_12.180-05_00_3.png,2.25,2.159077839438629
2980,2833_LeafPhotoA_2025-09-09 10_50_33.812-05_00_0.png,1.25,1.55792210622786
2981,2833_LeafPhotoA_2025-09-09 10_50_33.812-05_00_1.png,1.25,1.664763531922747
2982,2833_LeafPhotoA_2025-09-09 10_50_33.812-05_00_2.png,1.25,1.7880168619045984
2983,2833_LeafPhotoA_2025-09-09 10_50_33.812-05_00_3.png,1.25,1.6142028007896834
2991,1267_LeafPhotoA_2025-09-08 16_19_24.654-05_00_0.png,2.25,2.045967287935177
2992,1267_LeafPhotoA_2025-09-08 16_19_24.654-05_00_1.png,2.25,1.9671250379696945
2993,1267_LeafPhotoA_2025-09-08 16_19_24.654-05_00_2.png,2.25,2.013391471351682
2994,1267_LeafPhotoA_2025-09-08 16_19_24.654-05_00_3.png,2.25,2.1076625632628683
3011,2278_LeafPhotoA_2025-09-08 17_01_54.314-05_00_0.png,3.0,2.6108973295782687
3012,2278_LeafPhotoA_2025-09-08 17_01_54.314-05_00_1.png,3.0,2.65688976808634
3013,2278_LeafPhotoA_2025-09-08 17_01_54.314-05_00_2.png,3.0,2.974582541760839
3014,2278_LeafPhotoA_2025-09-08 17_01_54.314-05_00_3.png,3.0,3.130646354724295
3019,2579_LeafPhotoA_2025-09-09 10_41_50.960-05_00_0.png,1.0,1.3758213669862882
3020,2579_LeafPhotoA_2025-09-09 10_41_50.960-05_00_1.png,1.0,1.3980506265508443
3021,2579_LeafPhotoA_2025-09-09 10_41_50.960-05_00_2.png,1.0,1.474624157871498
3022,2579_LeafPhotoA_2025-09-09 10_41_50.960-05_00_3.png,1.0,1.4966938674782486
3026,2206_LeafPhotoA_2025-09-08 10_54_07.474-05_00_0.png,1.5,1.3643470328207659
3027,2206_LeafPhotoA_2025-09-08 10_54_07.474-05_00_1.png,1.5,1.3448844474413735
3028,2206_LeafPhotoA_2025-09-08 10_54_07.474-05_00_2.png,1.5,1.32010851010042
3029,2206_LeafPhotoA_2025-09-08 10_54_07.474-05_00_3.png,1.5,1.2989542326707102
3060,1823_LeafPhotoA_2025-09-09 09_24_42.198-05_00_0.png,1.75,1.8627764069704378
3061,1823_LeafPhotoA_2025-09-09 09_24_42.198-05_00_1.png,1.75,1.899806511922032
3062,1823_LeafPhotoA_2025-09-09 09_24_42.198-05_00_2.png,1.75,1.8367858206102552
3069,5027_LeafPhotoA_2025-09-09 16_48_30.065-05_00_0.png,1.5,1.8845715143277675
3070,5027_LeafPhotoA_2025-09-09 16_48_30.065-05_00_1.png,1.5,1.8116181917457446
3071,5027_LeafPhotoA_2025-09-09 16_48_30.065-05_00_2.png,1.5,1.7734162809866527
3072,5027_LeafPhotoA_2025-09-09 16_48_30.065-05_00_3.png,1.5,1.902033898746322
3077,1357_LeafPhotoA_2025-09-08 12_34_05.972-05_00_0.png,3.75,3.1608633637000128
3078,1357_LeafPhotoA_2025-09-08 12_34_05.972-05_00_1.png,3.75,3.3240203037698546
3079,1357_LeafPhotoA_2025-09-08 12_34_05.972-05_00_2.png,3.75,3.2008216197555868
3080,1975_LeafPhotoA_2025-09-09 16_51_47.447-05_00_0.png,1.0,1.3246773531994014
3081,1975_LeafPhotoA_2025-09-09 16_51_47.447-05_00_1.png,1.0,1.3650254629593852
3082,1975_LeafPhotoA_2025-09-09 16_51_47.447-05_00_2.png,1.0,1.480899412622444
3083,1975_LeafPhotoA_2025-09-09 16_51_47.447-05_00_3.png,1.0,1.3238718450331397
3097,1462_LeafPhotoB_2025-09-08 16_26_18.579-05_00_0.png,1.25,1.5918389897090666
3098,1462_LeafPhotoB_2025-09-08 16_26_18.579-05_00_1.png,1.25,1.5698556400827943
3099,1462_LeafPhotoB_2025-09-08 16_26_18.579-05_00_2.png,1.25,1.4067628420717162
3100,1462_LeafPhotoB_2025-09-08 16_26_18.579-05_00_3.png,1.25,1.3252128962274923
3101,2596_LeafPhotoA_2025-09-09 10_26_28.393-05_00_0.png,2.75,2.101221879137803
3109,1134_LeafPhotoA_2025-09-08 10_25_22.077-05_00_0.png,2.0,1.5239926964630544
3110,1134_LeafPhotoA_2025-09-08 10_25_22.077-05_00_1.png,2.0,1.559133951570714
3111,1134_LeafPhotoA_2025-09-08 10_25_22.077-05_00_2.png,2.0,1.525521213834378
3112,1134_LeafPhotoA_2025-09-08 10_25_22.077-05_00_3.png,2.0,1.5104309268209104
3125,1175_LeafPhotoA_2025-09-08 16_24_37.781-05_00_0.png,1.75,1.614479783884632
3126,1175_LeafPhotoA_2025-09-08 16_24_37.781-05_00_1.png,1.75,1.4940879409816625
3127,1175_LeafPhotoA_2025-09-08 16_24_37.781-05_00_2.png,1.75,1.4913428361566299
3128,1175_LeafPhotoA_2025-09-08 16_24_37.781-05_00_3.png,1.75,1.525540485454089
3133,1122_LeafPhotoA_2025-09-08 10_07_49.073-05_00_0.png,2.5,1.8895214153885562
3134,1122_LeafPhotoA_2025-09-08 10_07_49.073-05_00_1.png,2.5,1.9964111727894152
3135,1122_LeafPhotoA_2025-09-08 10_07_49.073-05_00_2.png,2.5,2.139004341085901
3136,1122_LeafPhotoA_2025-09-08 10_07_49.073-05_00_3.png,2.5,2.0715893540221524
3157,2962_LeafPhotoA_2025-09-09 16_07_02.844-05_00_0.png,2.0,2.163744842679088
3158,2962_LeafPhotoA_2025-09-09 16_07_02.844-05_00_1.png,2.0,2.2310762208449653
3159,2962_LeafPhotoA_2025-09-09 16_07_02.844-05_00_2.png,2.0,2.237311441917429
3160,2962_LeafPhotoA_2025-09-09 16_07_02.844-05_00_3.png,2.0,2.116289551278777
3169,5029_LeafPhotoA_2025-09-09 16_52_43.123-05_00_0.png,1.25,1.4694737136345222
3170,5029_LeafPhotoA_2025-09-09 16_52_43.123-05_00_1.png,1.25,1.5365164559154598
3171,5029_LeafPhotoA_2025-09-09 16_52_43.123-05_00_2.png,1.25,1.5724719326443977
3172,5029_LeafPhotoA_2025-09-09 16_52_43.123-05_00_3.png,1.25,1.4835308663564009
3231,,2.0,1.5826523271015955
3269,2834_LeafPhotoA_2025-09-09 10_58_21.581-05_00_0.png,3.75,2.109882864329944
3270,2834_LeafPhotoA_2025-09-09 10_58_21.581-05_00_1.png,3.75,2.2783109862649833
3271,2834_LeafPhotoA_2025-09-09 10_58_21.581-05_00_2.png,3.75,2.802766412750691
3272,2834_LeafPhotoA_2025-09-09 10_58_21.581-05_00_3.png,3.75,3.0516848549023137
3293,1593_LeafPhotoA_2025-09-09 09_33_14.926-05_00_0.png,2.25,1.6921287970567571
3294,1593_LeafPhotoA_2025-09-09 09_33_14.926-05_00_1.png,2.25,1.832474999100326
3295,1593_LeafPhotoA_2025-09-09 09_33_14.926-05_00_2.png,2.25,2.0414622410170136
3296,1593_LeafPhotoA_2025-09-09 09_33_14.926-05_00_3.png,2.25,2.2085385567573534
3307,1113_LeafPhotoA_2025-09-08 09_54_47.376-05_00_0.png,1.5,1.9416022010540193
3308,1113_LeafPhotoA_2025-09-08 09_54_47.376-05_00_1.png,1.5,1.9140364536819288
3309,1113_LeafPhotoA_2025-09-08 09_54_47.376-05_00_2.png,1.5,1.9403431271506841
3310,1113_LeafPhotoA_2025-09-08 09_54_47.376-05_00_3.png,1.5,2.063521471392009
3319,2404_LeafPhotoB_2025-09-08 10_43_34.946-05_00_0.png,1.5,1.8224165538811676
3320,2404_LeafPhotoB_2025-09-08 10_43_34.946-05_00_1.png,1.5,1.9128279625538727
3321,2404_LeafPhotoB_2025-09-08 10_43_34.946-05_00_2.png,1.5,1.961757744196163
3322,2404_LeafPhotoB_2025-09-08 10_43_34.946-05_00_3.png,1.5,1.9334823684241145
3332,1407_LeafPhotoB_2025-09-08 10_01_50.917-05_00_0.png,1.25,1.3459489991204503
3333,1407_LeafPhotoB_2025-09-08 10_01_50.917-05_00_1.png,1.25,1.393652358822432
3334,1407_LeafPhotoB_2025-09-08 10_01_50.917-05_00_2.png,1.25,1.4034505184183614
3335,1407_LeafPhotoB_2025-09-08 10_01_50.917-05_00_3.png,1.25,1.3136170054119207
3336,2490_LeafPhotoB_2025-09-08 12_05_51.103-05_00_0.png,1.5,1.6483193318737275
3337,2490_LeafPhotoB_2025-09-08 12_05_51.103-05_00_1.png,1.5,1.6273504475548415
3338,2490_LeafPhotoB_2025-09-08 12_05_51.103-05_00_2.png,1.5,1.6445049408674712
3339,2490_LeafPhotoB_2025-09-08 12_05_51.103-05_00_3.png,1.5,1.5609403329876061
3340,2958_LeafPhotoA_2025-09-09 16_03_21.913-05_00_0.png,1.25,1.5043588751370527
3341,2958_LeafPhotoA_2025-09-09 16_03_21.913-05_00_1.png,1.25,1.5405683823494511
3342,2958_LeafPhotoA_2025-09-09 16_03_21.913-05_00_2.png,1.25,1.6138167309999605
3343,2958_LeafPhotoA_2025-09-09 16_03_21.913-05_00_3.png,1.25,1.72338449541998
3361,1679_LeafPhotoA_2025-09-09 09_33_07.078-05_00_0.png,2.0,1.6350550051889545
3362,1679_LeafPhotoA_2025-09-09 09_33_07.078-05_00_1.png,2.0,1.7297969178170889
3363,1679_LeafPhotoA_2025-09-09 09_33_07.078-05_00_2.png,2.0,1.6524766105672046
3364,1679_LeafPhotoA_2025-09-09 09_33_07.078-05_00_3.png,2.0,1.6673138556006706
3376,1414_LeafPhotoB_2025-09-08 10_08_06.102-05_00_0.png,2.25,1.7744752509500856
3377,1414_LeafPhotoB_2025-09-08 10_08_06.102-05_00_1.png,2.25,1.964720299861602
3378,1414_LeafPhotoB_2025-09-08 10_08_06.102-05_00_2.png,2.25,2.0533402341888087
3379,1414_LeafPhotoB_2025-09-08 10_08_06.102-05_00_3.png,2.25,2.016009824215925
3384,2104_LeafPhotoA_2025-09-08 10_57_30.453-05_00_0.png,1.25,1.5442869789712141
3385,2292_LeafPhotoA_2025-09-08 16_48_06.499-05_00_0.png,1.75,1.8355173638804743
3386,2292_LeafPhotoA_2025-09-08 16_48_06.499-05_00_1.png,1.75,1.6432495995576495
3387,2292_LeafPhotoA_2025-09-08 16_48_06.499-05_00_2.png,1.75,1.5711942037285238
3388,2292_LeafPhotoA_2025-09-08 16_48_06.499-05_00_3.png,1.75,1.564055791825455
3397,1761_LeafPhotoA_2025-09-09 10_25_02.889-05_00_0.png,1.25,1.6001637560670432
3398,1761_LeafPhotoA_2025-09-09 10_25_02.889-05_00_1.png,1.25,1.6091002369368022
3399,1761_LeafPhotoA_2025-09-09 10_25_02.889-05_00_2.png,1.25,1.6154370068758837
3400,1761_LeafPhotoA_2025-09-09 10_25_02.889-05_00_3.png,1.25,1.603733018126738
3423,1721_LeafPhotoA_2025-09-09 09_20_24.206-05_00_0.png,2.5,2.4234382587052465
3424,1721_LeafPhotoA_2025-09-09 09_20_24.206-05_00_1.png,2.5,2.566886261153761
3425,1721_LeafPhotoA_2025-09-09 09_20_24.206-05_00_2.png,2.5,2.55920020639432
3430,1365_LeafPhotoA_2025-09-08 12_47_18.027-05_00_0.png,2.0,2.3180390890620073
3431,1365_LeafPhotoA_2025-09-08 12_47_18.027-05_00_1.png,2.0,2.244715600629588
3432,1365_LeafPhotoA_2025-09-08 12_47_18.027-05_00_2.png,2.0,2.2165428025022007
3433,1365_LeafPhotoA_2025-09-08 12_47_18.027-05_00_3.png,2.0,2.3968570551865445
3461,1704_LeafPhotoA_2025-09-09 08_56_01.667-05_00_0.png,2.25,2.4261411968073654
3462,1704_LeafPhotoA_2025-09-09 08_56_01.667-05_00_1.png,2.25,1.9248912844121826
3463,1704_LeafPhotoA_2025-09-09 08_56_01.667-05_00_2.png,2.25,1.54203105950449
3464,1704_LeafPhotoA_2025-09-09 08_56_01.667-05_00_3.png,2.25,1.9609218359295357
3473,2970_LeafPhotoA_2025-09-09 16_17_01.331-05_00_0.png,1.25,1.796820531333506
3474,2970_LeafPhotoA_2025-09-09 16_17_01.331-05_00_1.png,1.25,1.867088198073479
3483,1548_LeafPhotoA_2025-09-09 09_49_29.604-05_00_0.png,3.0,2.445742385316944
3484,1548_LeafPhotoA_2025-09-09 09_49_29.604-05_00_1.png,3.0,2.637941016631395
3485,1548_LeafPhotoA_2025-09-09 09_49_29.604-05_00_2.png,3.0,2.695198837667694
3486,1548_LeafPhotoA_2025-09-09 09_49_29.604-05_00_3.png,3.0,2.659526873558052
3487,,1.5,1.5826523271015955
3492,1472_LeafPhotoB_2025-09-08 16_38_58.831-05_00_0.png,2.75,1.9542164381764922
3493,1472_LeafPhotoB_2025-09-08 16_38_58.831-05_00_1.png,2.75,2.3700836094200652
3494,1472_LeafPhotoB_2025-09-08 16_38_58.831-05_00_2.png,2.75,2.6440405885018414
