{
  "lab_mean": [
    56.60899862734766,
    121.5206275555264,
    138.4057507259372
  ],
  "lab_std": [
    15.300537451906097,
    2.9269307149053305,
    4.626063434365904
  ]
}