image_path,segmentation_method
data/fvsu2025/bap2/251374_LeafPhotoA_2025-10-10 14_21_34.385-05_00.jpg,CV2
data/fvsu2025/bap2/250442_LeafPhotoA_2025-10-02 13_50_08.793-05_00.jpg,CV2
data/fvsu2025/bap2/250243_LeafPhotoA_2025-10-01 10_30_23.603-05_00.jpg,CV2
data/fvsu2025/bap2/250490_LeafPhotoA_2025-10-02 14_38_00.958-05_00.jpg,CV2
data/fvsu2025/bap2/250771_LeafPhotoA_2025-10-07 14_38_02.651-05_00.jpg,CV2
data/fvsu2025/bap2/250579_LeafPhotoA_2025-10-03 10_32_10.589-05_00.jpg,CV2
data/fvsu2025/bap2/251366_LeafPhotoA_2025-10-10 14_15_45.931-05_00.jpg,CV2
data/fvsu2025/bap2/250974_LeafPhotoA_2025-10-08 09_35_51.176-05_00.jpg,CV2
data/fvsu2025/bap2/250769_LeafPhotoA_2025-10-07 14_36_01.486-05_00.jpg,CV2
data/fvsu2025/bap2/250524_LeafPhotoA_2025-10-03 09_13_12.345-05_00.jpg,CV2
data/fvsu2025/bap2/251065_LeafPhotoA_2025-10-08 14_07_47.383-05_00.jpg,CV2
data/fvsu2025/bap2/250442_LeafPhotoA_2025-10-02 13_50_25.642-05_00.jpg,CV2
data/fvsu2025/bap2/250722_LeafPhotoA_2025-10-07 13_54_36.340-05_00.jpg,CV2
data/fvsu2025/bap2/251058_LeafPhotoA_2025-10-08 14_14_46.009-05_00.jpg,CV2
data/fvsu2025/bap2/250280_LeafPhotoA_2025-10-01 13_33_24.100-05_00.jpg,CV2
data/fvsu2025/bap2/250978_LeafPhotoA_2025-10-08 09_41_54.131-05_00.jpg,CV2
data/fvsu2025/bap2/250395_LeafPhotoA_2025-10-02 10_35_43.706-05_00.jpg,CV2
data/fvsu2025/bap2/250013_LeafPhotoA_2025-10-01 08_46_00.333-05_00.jpg,CV2
data/fvsu2025/bap2/251309_LeafPhotoA_2025-10-10 13_54_25.010-05_00.jpg,CV2
data/fvsu2025/bap2/250973_LeafPhotoA_2025-10-08 09_34_21.926-05_00.jpg,CV2
data/fvsu2025/bap2/250250_LeafPhotoA_2025-10-01 10_40_33.704-05_00.jpg,CV2
data/fvsu2025/bap2/250390_LeafPhotoA_2025-10-02 10_41_37.601-05_00.jpg,CV2
data/fvsu2025/bap2/251070_LeafPhotoA_2025-10-08 14_01_37.875-05_00.jpg,CV2
data/fvsu2025/bap2/251052_LeafPhotoA_2025-10-08 13_55_33.132-05_00.jpg,CV2
data/fvsu2025/bap2/251375_LeafPhotoA_2025-10-10 14_22_28.809-05_00.jpg,CV2
data/fvsu2025/bap2/251321_LeafPhotoA_2025-10-10 14_00_45.709-05_00.jpg,CV2
data/fvsu2025/bap2/251051_LeafPhotoA_2025-10-08 13_54_33.556-05_00.jpg,CV2
data/fvsu2025/bap2/250554_LeafPhotoA_2025-10-03 09_32_26.837-05_00.jpg,CV2
data/fvsu2025/bap2/250477_LeafPhotoA_2025-10-02 14_19_36.926-05_00.jpg,CV2
data/fvsu2025/bap2/250285_LeafPhotoA_2025-10-01 13_41_09.552-05_00.jpg,CV2
data/fvsu2025/bap2/250277_LeafPhotoA_2025-10-01 13_29_24.523-05_00.jpg,CV2
data/fvsu2025/bap2/251040_LeafPhotoA_2025-10-08 13_40_27.170-05_00.jpg,CV2
data/fvsu2025/bap2/250523_LeafPhotoA_2025-10-03 08_53_45.478-05_00.jpg,CV2
data/fvsu2025/bap2/250720_LeafPhotoA_2025-10-07 13_51_55.372-05_00.jpg,CV2
data/fvsu2025/bap2/250990_LeafPhotoA_2025-10-08 10_08_56.362-05_00.jpg,CV2
data/fvsu2025/bap2/251317_LeafPhotoA_2025-10-10 14_04_15.097-05_00.jpg,CV2
data/fvsu2025/bap2/251040_LeafPhotoA_2025-10-08 13_39_58.589-05_00.jpg,CV2
data/fvsu2025/bap2/250403_LeafPhotoA_2025-10-02 10_23_51.512-05_00.jpg,CV2
data/fvsu2025/bap2/250412_LeafPhotoA_2025-10-02 13_29_50.575-05_00.jpg,CV2
data/fvsu2025/bap2/250282_LeafPhotoA_2025-10-01 13_36_05.828-05_00.jpg,CV2
data/fvsu2025/bap2/250563_LeafPhotoA_2025-10-03 10_14_38.939-05_00.jpg,CV2
data/fvsu2025/bap2/250572_LeafPhotoA_2025-10-03 10_40_25.471-05_00.jpg,CV2
data/fvsu2025/bap2/251364_LeafPhotoA_2025-10-10 14_13_14.044-05_00.jpg,CV2
data/fvsu2025/bap2/250583_LeafPhotoA_2025-10-03 10_28_00.789-05_00.jpg,CV2
data/fvsu2025/bap2/250503_LeafPhotoA_2025-10-03 08_46_49.162-05_00.jpg,CV2
data/fvsu2025/bap2/250278_LeafPhotoA_2025-10-01 13_30_28.552-05_00.jpg,CV2
data/fvsu2025/bap2/251359_LeafPhotoA_2025-10-10 10_46_45.066-05_00.jpg,CV2
data/fvsu2025/bap2/251062_LeafPhotoA_2025-10-08 14_11_44.481-05_00.jpg,CV2
data/fvsu2025/bap2/251307_LeafPhotoA_2025-10-10 13_51_55.390-05_00.jpg,CV2
data/fvsu2025/bap2/250571_LeafPhotoA_2025-10-03 10_23_42.750-05_00.jpg,CV2
data/fvsu2025/bap2/250938_LeafPhotoA_2025-10-08 08_37_24.644-05_00.jpg,CV2
data/fvsu2025/bap2/250243_LeafPhotoA_2025-10-01 10_30_06.765-05_00.jpg,CV2
data/fvsu2025/bap2/251310_LeafPhotoA_2025-10-10 13_55_10.426-05_00.jpg,CV2
data/fvsu2025/bap2/250501_LeafPhotoA_2025-10-03 08_46_04.382-05_00.jpg,CV2
data/fvsu2025/bap2/250404_LeafPhotoA_2025-10-02 10_24_13.283-05_00.jpg,CV2
data/fvsu2025/bap2/251344_LeafPhotoA_2025-10-10 11_03_06.096-05_00.jpg,CV2
data/fvsu2025/bap2/250228_LeafPhotoA_2025-10-01 09_38_39.186-05_00.jpg,CV2
data/fvsu2025/bap2/250489_LeafPhotoA_2025-10-02 14_36_09.615-05_00.jpg,CV2
data/fvsu2025/bap2/251335_LeafPhotoA_2025-10-10 10_35_27.182-05_00.jpg,CV2
data/fvsu2025/bap2/250244_LeafPhotoA_2025-10-01 10_30_51.744-05_00.jpg,CV2
data/fvsu2025/bap2/250936_LeafPhotoA_2025-10-08 08_34_08.569-05_00.jpg,CV2
data/fvsu2025/bap2/250559_LeafPhotoA_2025-10-03 10_10_41.882-05_00.jpg,CV2
data/fvsu2025/bap2/250993_LeafPhotoA_2025-10-08 10_01_57.931-05_00.jpg,CV2
data/fvsu2025/bap2/250401_LeafPhotoA_2025-10-02 10_19_17.551-05_00.jpg,CV2
data/fvsu2025/bap2/251321_LeafPhotoA_2025-10-10 14_00_28.783-05_00.jpg,CV2
data/fvsu2025/bap2/250587_LeafPhotoA_2025-10-03 10_24_41.291-05_00.jpg,CV2
data/fvsu2025/bap2/250248_LeafPhotoA_2025-10-01 10_36_13.294-05_00.jpg,CV2
data/fvsu2025/bap2/250080_LeafPhotoA_2025-10-01 08_53_18.127-05_00.jpg,CV2
data/fvsu2025/bap2/250425_LeafPhotoA_2025-10-02 13_44_59.680-05_00.jpg,CV2
data/fvsu2025/bap2/250519_LeafPhotoA_2025-10-03 08_57_09.215-05_00.jpg,CV2
data/fvsu2025/bap2/250069_LeafPhotoA_2025-10-01 09_15_13.603-05_00.jpg,CV2
data/fvsu2025/bap2/250303_LeafPhotoA_2025-10-01 14_14_29.184-05_00.jpg,CV2
data/fvsu2025/bap2/250956_LeafPhotoA_2025-10-08 09_11_05.919-05_00.jpg,CV2
data/fvsu2025/bap2/251312_LeafPhotoA_2025-10-10 14_07_32.666-05_00.jpg,CV2
data/fvsu2025/bap2/250953_LeafPhotoA_2025-10-08 09_16_45.788-05_00.jpg,CV2
data/fvsu2025/bap2/251036_LeafPhotoA_2025-10-08 10_36_54.137-05_00.jpg,CV2
data/fvsu2025/bap2/250504_LeafPhotoA_2025-10-03 08_48_09.426-05_00.jpg,CV2
data/fvsu2025/bap2/250572_LeafPhotoA_2025-10-03 10_40_57.553-05_00.jpg,CV2
data/fvsu2025/bap2/250764_LeafPhotoA_2025-10-07 14_31_41.208-05_00.jpg,CV2
data/fvsu2025/bap2/251067_LeafPhotoA_2025-10-08 14_05_28.095-05_00.jpg,CV2
data/fvsu2025/bap2/251371_LeafPhotoA_2025-10-10 14_19_40.877-05_00.jpg,CV2
data/fvsu2025/bap2/250584_LeafPhotoA_2025-10-03 10_26_27.728-05_00.jpg,CV2
data/fvsu2025/bap2/250561_LeafPhotoA_2025-10-03 10_12_12.176-05_00.jpg,CV2
data/fvsu2025/bap2/250560_LeafPhotoA_2025-10-03 10_11_30.026-05_00.jpg,CV2
data/fvsu2025/bap2/250718_LeafPhotoA_2025-10-07 13_49_14.954-05_00.jpg,CV2
data/fvsu2025/bap2/251310_LeafPhotoA_2025-10-10 13_54_56.875-05_00.jpg,CV2
data/fvsu2025/bap2/250004_LeafPhotoA_2025-10-01 08_19_15.486-05_00.jpg,CV2
data/fvsu2025/bap2/250487_LeafPhotoA_2025-10-02 14_33_03.401-05_00.jpg,CV2
data/fvsu2025/bap2/250992_LeafPhotoA_2025-10-08 10_03_13.868-05_00.jpg,CV2
data/fvsu2025/bap2/250230_LeafPhotoA_2025-10-01 09_43_11.048-05_00.jpg,CV2
data/fvsu2025/bap2/250280_LeafPhotoA_2025-10-01 13_34_06.719-05_00.jpg,CV2
data/fvsu2025/bap2/250767_LeafPhotoA_2025-10-07 14_34_03.393-05_00.jpg,CV2
data/fvsu2025/bap2/250313_LeafPhotoA_2025-10-01 14_24_35.098-05_00.jpg,CV2
data/fvsu2025/bap2/251351_LeafPhotoA_2025-10-10 10_55_55.089-05_00.jpg,CV2
data/fvsu2025/bap2/251317_LeafPhotoA_2025-10-10 14_04_01.984-05_00.jpg,CV2
data/fvsu2025/bap2/250009_LeafPhotoA_2025-10-01 08_39_47.871-05_00.jpg,CV2
data/fvsu2025/bap2/250981_LeafPhotoA_2025-10-08 09_44_49.644-05_00.jpg,CV2
data/fvsu2025/bap2/250066_LeafPhotoA_2025-10-01 09_19_30.859-05_00.jpg,CV2
data/fvsu2025/bap2/250246_LeafPhotoA_2025-10-01 10_34_28.443-05_00.jpg,CV2
data/fvsu2025/bap2/250290_LeafPhotoA_2025-10-01 13_57_48.006-05_00.jpg,CV2
data/fvsu2025/bap2/250714_LeafPhotoA_2025-10-07 13_44_32.091-05_00.jpg,CV2
data/fvsu2025/bap2/250437_LeafPhotoA_2025-10-02 13_58_09.899-05_00.jpg,CV2
data/fvsu2025/bap2/250406_LeafPhotoA_2025-10-02 10_27_17.304-05_00.jpg,CV2
data/fvsu2025/bap2/250298_LeafPhotoA_2025-10-01 14_07_26.522-05_00.jpg,CV2
data/fvsu2025/bap2/250569_LeafPhotoA_2025-10-03 10_20_48.396-05_00.jpg,CV2
data/fvsu2025/bap2/250508_LeafPhotoA_2025-10-03 09_10_09.190-05_00.jpg,CV2
data/fvsu2025/bap2/250515_LeafPhotoA_2025-10-03 09_01_35.837-05_00.jpg,CV2
data/fvsu2025/bap2/250416_LeafPhotoA_2025-10-02 13_33_36.704-05_00.jpg,CV2
data/fvsu2025/bap2/250565_LeafPhotoA_2025-10-03 10_17_02.299-05_00.jpg,CV2
data/fvsu2025/bap2/251340_LeafPhotoA_2025-10-10 10_42_30.199-05_00.jpg,CV2
data/fvsu2025/bap2/250511_LeafPhotoA_2025-10-03 09_06_41.043-05_00.jpg,CV2
data/fvsu2025/bap2/251302_LeafPhotoA_2025-10-10 13_47_41.049-05_00.jpg,CV2
data/fvsu2025/bap2/250547_LeafPhotoA_2025-10-03 09_38_35.347-05_00.jpg,CV2
data/fvsu2025/bap2/251358_LeafPhotoA_2025-10-10 10_48_24.852-05_00.jpg,CV2
data/fvsu2025/bap2/250282_LeafPhotoA_2025-10-01 13_36_26.554-05_00.jpg,CV2
data/fvsu2025/bap2/251368_LeafPhotoA_2025-10-10 14_17_10.880-05_00.jpg,CV2
data/fvsu2025/bap2/250752_LeafPhotoA_2025-10-07 14_16_29.379-05_00.jpg,CV2
data/fvsu2025/bap2/251334_LeafPhotoA_2025-10-10 10_35_12.051-05_00.jpg,CV2
data/fvsu2025/bap2/250436_LeafPhotoA_2025-10-02 13_58_54.680-05_00.jpg,CV2
data/fvsu2025/bap2/250235_LeafPhotoA_2025-10-01 09_49_44.135-05_00.jpg,CV2
data/fvsu2025/bap2/250514_LeafPhotoA_2025-10-03 09_03_50.173-05_00.jpg,CV2
data/fvsu2025/bap2/250488_LeafPhotoA_2025-10-02 14_35_17.117-05_00.jpg,CV2
data/fvsu2025/bap2/250744_LeafPhotoA_2025-10-07 14_24_08.928-05_00.jpg,CV2
data/fvsu2025/bap2/250434_LeafPhotoA_2025-10-02 14_02_06.883-05_00.jpg,CV2
data/fvsu2025/bap2/251056_LeafPhotoA_2025-10-08 14_16_59.758-05_00.jpg,CV2
data/fvsu2025/bap2/250974_LeafPhotoA_2025-10-08 09_34_53.053-05_00.jpg,CV2
data/fvsu2025/bap2/250713_LeafPhotoA_2025-10-07 13_44_11.524-05_00.jpg,CV2
data/fvsu2025/bap2/250492_LeafPhotoA_2025-10-03 08_22_33.663-05_00.jpg,CV2
data/fvsu2025/bap2/250945_LeafPhotoA_2025-10-08 08_46_23.883-05_00.jpg,CV2
data/fvsu2025/bap2/251353_LeafPhotoA_2025-10-10 10_54_30.358-05_00.jpg,CV2
data/fvsu2025/bap2/251375_LeafPhotoA_2025-10-10 14_22_35.286-05_00.jpg,CV2
data/fvsu2025/bap2/251318_LeafPhotoA_2025-10-10 14_03_00.215-05_00.jpg,CV2
data/fvsu2025/bap2/250005_LeafPhotoA_2025-10-01 08_31_50.896-05_00.jpg,CV2
data/fvsu2025/bap2/250964_LeafPhotoA_2025-10-08 09_02_14.875-05_00.jpg,CV2
data/fvsu2025/bap2/250508_LeafPhotoA_2025-10-03 09_09_14.365-05_00.jpg,CV2
data/fvsu2025/bap2/250486_LeafPhotoA_2025-10-02 14_32_25.933-05_00.jpg,CV2
data/fvsu2025/bap2/250571_LeafPhotoA_2025-10-03 10_23_02.577-05_00.jpg,CV2
data/fvsu2025/bap2/251350_LeafPhotoA_2025-10-10 10_57_06.017-05_00.jpg,CV2
data/fvsu2025/bap2/250284_LeafPhotoA_2025-10-01 13_39_38.435-05_00.jpg,CV2
data/fvsu2025/bap2/250080_LeafPhotoA_2025-10-01 08_53_34.588-05_00.jpg,CV2
data/fvsu2025/bap2/250941_LeafPhotoA_2025-10-08 08_41_36.133-05_00.jpg,CV2
data/fvsu2025/bap2/251312_LeafPhotoA_2025-10-10 14_08_13.020-05_00.jpg,CV2
data/fvsu2025/bap2/250232_LeafPhotoA_2025-10-01 09_46_45.880-05_00.jpg,CV2
data/fvsu2025/bap2/250555_LeafPhotoA_2025-10-03 09_31_05.652-05_00.jpg,CV2
data/fvsu2025/bap2/250307_LeafPhotoA_2025-10-01 14_31_24.075-05_00.jpg,CV2
data/fvsu2025/bap2/250526_LeafPhotoA_2025-10-03 09_15_41.150-05_00.jpg,CV2
data/fvsu2025/bap2/251363_LeafPhotoA_2025-10-10 14_12_45.243-05_00.jpg,CV2
data/fvsu2025/bap2/250584_LeafPhotoA_2025-10-03 10_26_46.030-05_00.jpg,CV2
data/fvsu2025/bap2/250236_LeafPhotoA_2025-10-01 09_52_21.768-05_00.jpg,CV2
data/fvsu2025/bap2/250756_LeafPhotoA_2025-10-07 14_08_59.482-05_00.jpg,CV2
data/fvsu2025/bap2/251302_LeafPhotoA_2025-10-10 13_48_01.572-05_00.jpg,CV2
data/fvsu2025/bap2/250007_LeafPhotoA_2025-10-01 08_35_26.547-05_00.jpg,CV2
data/fvsu2025/bap2/251332_LeafPhotoA_2025-10-10 10_32_58.771-05_00.jpg,CV2
data/fvsu2025/bap2/250007_LeafPhotoA_2025-10-01 08_35_44.605-05_00.jpg,CV2
data/fvsu2025/bap2/250402_LeafPhotoA_2025-10-02 10_21_09.864-05_00.jpg,CV2
data/fvsu2025/bap2/250292_LeafPhotoA_2025-10-01 14_00_33.622-05_00.jpg,CV2
data/fvsu2025/bap2/251050_LeafPhotoA_2025-10-08 13_53_13.818-05_00.jpg,CV2
data/fvsu2025/bap2/250959_LeafPhotoA_2025-10-08 09_06_45.593-05_00.jpg,CV2
data/fvsu2025/bap2/251361_LeafPhotoA_2025-10-10 14_12_04.513-05_00.jpg,CV2
data/fvsu2025/bap2/250523_LeafPhotoA_2025-10-03 08_53_32.156-05_00.jpg,CV2
data/fvsu2025/bap2/251349_LeafPhotoA_2025-10-10 10_57_45.805-05_00.jpg,CV2
data/fvsu2025/bap2/250425_LeafPhotoA_2025-10-02 13_44_41.019-05_00.jpg,CV2
data/fvsu2025/bap2/250073_LeafPhotoA_2025-10-01 09_08_57.961-05_00.jpg,CV2
data/fvsu2025/bap2/250419_LeafPhotoA_2025-10-02 13_36_43.406-05_00.jpg,CV2
data/fvsu2025/bap2/250975_LeafPhotoA_2025-10-08 09_36_29.153-05_00.jpg,CV2
data/fvsu2025/bap2/250307_LeafPhotoA_2025-10-01 14_31_54.489-05_00.jpg,CV2
data/fvsu2025/bap2/250947_LeafPhotoA_2025-10-08 08_50_49.649-05_00.jpg,CV2
data/fvsu2025/bap2/250242_LeafPhotoA_2025-10-01 10_29_27.574-05_00.jpg,CV2
data/fvsu2025/bap2/250076_LeafPhotoA_2025-10-01 08_59_51.984-05_00.jpg,CV2
data/fvsu2025/bap2/250487_LeafPhotoA_2025-10-02 14_34_06.568-05_00.jpg,CV2
data/fvsu2025/bap2/250501_LeafPhotoA_2025-10-03 08_46_15.869-05_00.jpg,CV2
data/fvsu2025/bap2/250006_LeafPhotoA_2025-10-01 08_33_19.679-05_00.jpg,CV2
data/fvsu2025/bap2/250993_LeafPhotoA_2025-10-08 10_02_23.214-05_00.jpg,CV2
data/fvsu2025/bap2/250477_LeafPhotoA_2025-10-02 14_19_58.311-05_00.jpg,CV2
data/fvsu2025/bap2/250996_LeafPhotoA_2025-10-08 09_57_44.062-05_00.jpg,CV2
data/fvsu2025/bap2/250283_LeafPhotoA_2025-10-01 13_38_18.584-05_00.jpg,CV2
data/fvsu2025/bap2/251296_LeafPhotoA_2025-10-10 13_42_45.031-05_00.jpg,CV2
data/fvsu2025/bap2/250940_LeafPhotoA_2025-10-08 08_39_38.367-05_00.jpg,CV2
data/fvsu2025/bap2/250944_LeafPhotoA_2025-10-08 08_45_32.583-05_00.jpg,CV2
data/fvsu2025/bap2/250555_LeafPhotoA_2025-10-03 09_30_44.995-05_00.jpg,CV2
data/fvsu2025/bap2/250522_LeafPhotoA_2025-10-03 08_55_14.286-05_00.jpg,CV2
data/fvsu2025/bap2/250510_LeafPhotoA_2025-10-03 09_07_35.763-05_00.jpg,CV2
data/fvsu2025/bap2/250568_LeafPhotoA_2025-10-03 10_20_12.934-05_00.jpg,CV2
data/fvsu2025/bap2/250958_LeafPhotoA_2025-10-08 09_08_00.279-05_00.jpg,CV2
data/fvsu2025/bap2/250968_LeafPhotoA_2025-10-08 09_28_22.873-05_00.jpg,CV2
data/fvsu2025/bap2/250551_LeafPhotoA_2025-10-03 09_35_49.826-05_00.jpg,CV2
data/fvsu2025/bap2/250012_LeafPhotoA_2025-10-01 08_44_20.583-05_00.jpg,CV2
data/fvsu2025/bap2/251353_LeafPhotoA_2025-10-10 10_54_14.507-05_00.jpg,CV2
data/fvsu2025/bap2/251300_LeafPhotoA_2025-10-10 13_45_40.328-05_00.jpg,CV2
data/fvsu2025/bap2/250512_LeafPhotoA_2025-10-03 09_05_37.433-05_00.jpg,CV2
data/fvsu2025/bap2/250407_LeafPhotoA_2025-10-02 10_28_43.272-05_00.jpg,CV2
data/fvsu2025/bap2/250521_LeafPhotoA_2025-10-03 08_55_59.088-05_00.jpg,CV2
data/fvsu2025/bap2/250422_LeafPhotoA_2025-10-02 13_41_06.061-05_00.jpg,CV2
data/fvsu2025/bap2/250008_LeafPhotoA_2025-10-01 08_36_35.273-05_00.jpg,CV2
data/fvsu2025/bap2/250295_LeafPhotoA_2025-10-01 14_03_47.192-05_00.jpg,CV2
data/fvsu2025/bap2/250410_LeafPhotoA_2025-10-02 10_32_05.243-05_00.jpg,CV2
data/fvsu2025/bap2/250407_LeafPhotoA_2025-10-02 10_28_58.729-05_00.jpg,CV2
data/fvsu2025/bap2/250577_LeafPhotoA_2025-10-03 10_35_08.687-05_00.jpg,CV2
data/fvsu2025/bap2/250291_LeafPhotoA_2025-10-01 13_59_16.056-05_00.jpg,CV2
data/fvsu2025/bap2/250426_LeafPhotoA_2025-10-02 13_45_53.220-05_00.jpg,CV2
data/fvsu2025/bap2/250437_LeafPhotoA_2025-10-02 13_57_18.684-05_00.jpg,CV2
data/fvsu2025/bap2/250990_LeafPhotoA_2025-10-08 10_09_18.414-05_00.jpg,CV2
data/fvsu2025/bap2/250517_LeafPhotoA_2025-10-03 09_00_01.786-05_00.jpg,CV2
data/fvsu2025/bap2/250273_LeafPhotoA_2025-10-01 13_23_46.665-05_00.jpg,CV2
data/fvsu2025/bap2/250553_LeafPhotoA_2025-10-03 09_33_19.916-05_00.jpg,CV2
data/fvsu2025/bap2/251349_LeafPhotoA_2025-10-10 10_58_01.890-05_00.jpg,CV2
data/fvsu2025/bap2/250289_LeafPhotoA_2025-10-01 13_56_39.592-05_00.jpg,CV2
data/fvsu2025/bap2/250772_LeafPhotoA_2025-10-07 14_38_54.133-05_00.jpg,CV2
data/fvsu2025/bap2/250743_LeafPhotoA_2025-10-07 14_25_36.236-05_00.jpg,CV2
data/fvsu2025/bap2/250410_LeafPhotoA_2025-10-02 10_31_35.906-05_00.jpg,CV2
data/fvsu2025/bap2/251320_LeafPhotoA_2025-10-10 14_01_44.221-05_00.jpg,CV2
data/fvsu2025/bap2/251326_LeafPhotoA_2025-10-10 13_57_05.494-05_00.jpg,CV2
data/fvsu2025/bap2/251321_LeafPhotoA_2025-10-10 14_00_58.292-05_00.jpg,CV2
data/fvsu2025/bap2/250313_LeafPhotoA_2025-10-01 14_25_07.038-05_00.jpg,CV2
data/fvsu2025/bap2/250526_LeafPhotoA_2025-10-03 09_14_40.321-05_00.jpg,CV2
data/fvsu2025/bap2/251067_LeafPhotoA_2025-10-08 14_05_40.052-05_00.jpg,CV2
data/fvsu2025/bap2/250479_LeafPhotoA_2025-10-02 14_22_14.302-05_00.jpg,CV2
data/fvsu2025/bap2/250559_LeafPhotoA_2025-10-03 10_10_31.627-05_00.jpg,CV2
data/fvsu2025/bap2/250532_LeafPhotoA_2025-10-03 09_20_36.791-05_00.jpg,CV2
data/fvsu2025/bap2/251354_LeafPhotoA_2025-10-10 10_52_07.505-05_00.jpg,CV2
data/fvsu2025/bap2/250248_LeafPhotoA_2025-10-01 10_36_37.862-05_00.jpg,CV2
data/fvsu2025/bap2/250436_LeafPhotoA_2025-10-02 13_59_46.894-05_00.jpg,CV2
data/fvsu2025/bap2/250440_LeafPhotoA_2025-10-02 13_53_27.423-05_00.jpg,CV2
data/fvsu2025/bap2/250718_LeafPhotoA_2025-10-07 13_49_27.322-05_00.jpg,CV2
data/fvsu2025/bap2/250562_LeafPhotoA_2025-10-03 10_13_36.480-05_00.jpg,CV2
data/fvsu2025/bap2/250567_LeafPhotoA_2025-10-03 10_19_18.692-05_00.jpg,CV2
data/fvsu2025/bap2/250279_LeafPhotoA_2025-10-01 13_32_16.510-05_00.jpg,CV2
data/fvsu2025/bap2/250015_LeafPhotoA_2025-10-01 08_48_48.257-05_00.jpg,CV2
data/fvsu2025/bap2/251353_LeafPhotoA_2025-10-10 10_53_53.027-05_00.jpg,CV2
data/fvsu2025/bap2/250414_LeafPhotoA_2025-10-02 13_32_07.987-05_00.jpg,CV2
data/fvsu2025/bap2/251328_LeafPhotoA_2025-10-10 10_29_16.235-05_00.jpg,CV2
data/fvsu2025/bap2/250578_LeafPhotoA_2025-10-03 10_34_11.803-05_00.jpg,CV2
data/fvsu2025/bap2/251361_LeafPhotoA_2025-10-10 14_11_17.921-05_00.jpg,CV2
data/fvsu2025/bap2/251330_LeafPhotoA_2025-10-10 10_31_37.215-05_00.jpg,CV2
data/fvsu2025/bap2/251328_LeafPhotoA_2025-10-10 10_29_48.988-05_00.jpg,CV2
data/fvsu2025/bap2/250405_LeafPhotoA_2025-10-02 10_25_50.683-05_00.jpg,CV2
data/fvsu2025/bap2/251354_LeafPhotoA_2025-10-10 10_52_41.011-05_00.jpg,CV2
data/fvsu2025/bap2/250002_LeafPhotoA_2025-10-01 08_15_32.996-05_00.jpg,CV2
data/fvsu2025/bap2/251304_LeafPhotoA_2025-10-10 13_49_18.284-05_00.jpg,CV2
data/fvsu2025/bap2/250392_LeafPhotoA_2025-10-02 10_39_12.993-05_00.jpg,CV2
data/fvsu2025/bap2/250438_LeafPhotoA_2025-10-02 13_56_09.801-05_00.jpg,CV2
data/fvsu2025/bap2/251045_LeafPhotoA_2025-10-08 13_45_09.521-05_00.jpg,CV2
data/fvsu2025/bap2/250273_LeafPhotoA_2025-10-01 13_23_09.036-05_00.jpg,CV2
data/fvsu2025/bap2/250276_LeafPhotoA_2025-10-01 13_26_39.930-05_00.jpg,CV2
data/fvsu2025/bap2/250574_LeafPhotoA_2025-10-03 10_38_51.864-05_00.jpg,CV2
data/fvsu2025/bap2/250557_LeafPhotoA_2025-10-03 10_09_13.735-05_00.jpg,CV2
data/fvsu2025/bap2/250233_LeafPhotoA_2025-10-01 09_47_39.711-05_00.jpg,CV2
data/fvsu2025/bap2/250523_LeafPhotoA_2025-10-03 08_54_17.771-05_00.jpg,CV2
data/fvsu2025/bap2/250524_LeafPhotoA_2025-10-03 09_13_04.391-05_00.jpg,CV2
data/fvsu2025/bap2/251041_LeafPhotoA_2025-10-08 13_41_37.012-05_00.jpg,CV2
data/fvsu2025/bap2/250245_LeafPhotoA_2025-10-01 10_33_15.562-05_00.jpg,CV2
data/fvsu2025/bap2/251052_LeafPhotoA_2025-10-08 13_55_43.554-05_00.jpg,CV2
data/fvsu2025/bap2/251344_LeafPhotoA_2025-10-10 11_03_23.242-05_00.jpg,CV2
data/fvsu2025/bap2/251359_LeafPhotoA_2025-10-10 10_47_23.480-05_00.jpg,CV2
data/fvsu2025/bap2/251297_LeafPhotoA_2025-10-10 13_43_33.353-05_00.jpg,CV2
data/fvsu2025/bap2/250410_LeafPhotoA_2025-10-02 10_32_50.364-05_00.jpg,CV2
data/fvsu2025/bap2/250079_LeafPhotoA_2025-10-01 08_55_09.260-05_00.jpg,CV2
data/fvsu2025/bap2/251343_LeafPhotoA_2025-10-10 10_45_57.831-05_00.jpg,CV2
data/fvsu2025/bap2/250998_LeafPhotoA_2025-10-08 09_53_10.879-05_00.jpg,CV2
data/fvsu2025/bap2/250301_LeafPhotoA_2025-10-01 14_10_37.370-05_00.jpg,CV2
data/fvsu2025/bap2/250232_LeafPhotoA_2025-10-01 09_46_12.333-05_00.jpg,CV2
data/fvsu2025/bap2/251057_LeafPhotoA_2025-10-08 14_16_31.403-05_00.jpg,CV2
data/fvsu2025/bap2/250533_LeafPhotoA_2025-10-03 09_22_03.385-05_00.jpg,CV2
data/fvsu2025/bap2/250432_LeafPhotoA_2025-10-02 14_05_00.147-05_00.jpg,CV2
data/fvsu2025/bap2/250985_LeafPhotoA_2025-10-08 10_13_40.110-05_00.jpg,CV2
data/fvsu2025/bap2/250978_LeafPhotoA_2025-10-08 09_41_34.049-05_00.jpg,CV2
data/fvsu2025/bap2/250227_LeafPhotoA_2025-10-01 09_38_13.770-05_00.jpg,CV2
data/fvsu2025/bap2/250409_LeafPhotoA_2025-10-02 10_31_11.635-05_00.jpg,CV2
data/fvsu2025/bap2/251301_LeafPhotoA_2025-10-10 13_46_35.555-05_00.jpg,CV2
data/fvsu2025/bap2/251341_LeafPhotoA_2025-10-10 10_43_36.341-05_00.jpg,CV2
data/fvsu2025/bap2/250949_LeafPhotoA_2025-10-08 08_54_19.432-05_00.jpg,CV2
data/fvsu2025/bap2/250511_LeafPhotoA_2025-10-03 09_07_01.218-05_00.jpg,CV2
data/fvsu2025/bap2/251333_LeafPhotoA_2025-10-10 10_34_03.229-05_00.jpg,CV2
data/fvsu2025/bap2/251345_LeafPhotoA_2025-10-10 11_01_58.504-05_00.jpg,CV2
data/fvsu2025/bap2/251316_LeafPhotoA_2025-10-10 14_04_40.065-05_00.jpg,CV2
data/fvsu2025/bap2/250765_LeafPhotoA_2025-10-07 14_32_12.958-05_00.jpg,CV2
data/fvsu2025/bap2/250507_LeafPhotoA_2025-10-03 08_51_11.100-05_00.jpg,CV2
data/fvsu2025/bap2/250956_LeafPhotoA_2025-10-08 09_10_51.604-05_00.jpg,CV2
data/fvsu2025/bap2/250982_LeafPhotoA_2025-10-08 09_50_46.591-05_00.jpg,CV2
data/fvsu2025/bap2/250937_LeafPhotoA_2025-10-08 08_35_39.680-05_00.jpg,CV2
data/fvsu2025/bap2/251359_LeafPhotoA_2025-10-10 10_46_56.789-05_00.jpg,CV2
data/fvsu2025/bap2/250420_LeafPhotoA_2025-10-02 13_38_00.103-05_00.jpg,CV2
data/fvsu2025/bap2/251066_LeafPhotoA_2025-10-08 14_06_32.898-05_00.jpg,CV2
data/fvsu2025/bap2/250398_LeafPhotoA_2025-10-02 10_13_53.486-05_00.jpg,CV2
data/fvsu2025/bap2/250496_LeafPhotoA_2025-10-03 08_39_59.262-05_00.jpg,CV2
data/fvsu2025/bap2/250503_LeafPhotoA_2025-10-03 08_47_02.442-05_00.jpg,CV2
data/fvsu2025/bap2/250497_LeafPhotoA_2025-10-03 08_42_01.822-05_00.jpg,SAM3
data/fvsu2025/bap2/250758_LeafPhotoA_2025-10-07 14_05_41.883-05_00.jpg,CV2
data/fvsu2025/bap2/250439_LeafPhotoA_2025-10-02 13_53_58.743-05_00.jpg,CV2
data/fvsu2025/bap2/250486_LeafPhotoA_2025-10-02 14_31_58.633-05_00.jpg,CV2
data/fvsu2025/bap2/250991_LeafPhotoA_2025-10-08 10_06_22.930-05_00.jpg,CV2
data/fvsu2025/bap2/251051_LeafPhotoA_2025-10-08 13_54_45.426-05_00.jpg,CV2
data/fvsu2025/bap2/250002_LeafPhotoA_2025-10-01 08_14_29.431-05_00.jpg,CV2
data/fvsu2025/bap2/250554_LeafPhotoA_2025-10-03 09_31_47.559-05_00.jpg,CV2
data/fvsu2025/bap2/251339_LeafPhotoA_2025-10-10 10_41_01.626-05_00.jpg,CV2
data/fvsu2025/bap2/250531_LeafPhotoA_2025-10-03 09_20_02.197-05_00.jpg,CV2
data/fvsu2025/bap2/250961_LeafPhotoA_2025-10-08 09_05_02.192-05_00.jpg,CV2
data/fvsu2025/bap2/250993_LeafPhotoA_2025-10-08 10_02_09.735-05_00.jpg,CV2
data/fvsu2025/bap2/250967_LeafPhotoA_2025-10-08 09_26_11.566-05_00.jpg,CV2
data/fvsu2025/bap2/250488_LeafPhotoA_2025-10-02 14_35_36.776-05_00.jpg,CV2
data/fvsu2025/bap2/251325_LeafPhotoA_2025-10-10 13_57_44.179-05_00.jpg,CV2
data/fvsu2025/bap2/250754_LeafPhotoA_2025-10-07 14_13_31.534-05_00.jpg,CV2
data/fvsu2025/bap2/250937_LeafPhotoA_2025-10-08 08_35_23.167-05_00.jpg,CV2
data/fvsu2025/bap2/250417_LeafPhotoA_2025-10-02 13_34_28.921-05_00.jpg,CV2
data/fvsu2025/bap2/250286_LeafPhotoA_2025-10-01 13_46_09.064-05_00.jpg,CV2
data/fvsu2025/bap2/250234_LeafPhotoA_2025-10-01 09_48_27.900-05_00.jpg,CV2
data/fvsu2025/bap2/250008_LeafPhotoA_2025-10-01 08_36_58.860-05_00.jpg,CV2
data/fvsu2025/bap2/251368_LeafPhotoA_2025-10-10 14_17_24.516-05_00.jpg,CV2
data/fvsu2025/bap2/250973_LeafPhotoA_2025-10-08 09_33_21.547-05_00.jpg,CV2
data/fvsu2025/bap2/250068_LeafPhotoA_2025-10-01 09_16_27.794-05_00.jpg,CV2
data/fvsu2025/bap2/250766_LeafPhotoA_2025-10-07 14_33_33.617-05_00.jpg,CV2
data/fvsu2025/bap2/250309_LeafPhotoA_2025-10-01 14_29_16.909-05_00.jpg,CV2
data/fvsu2025/bap2/250393_LeafPhotoA_2025-10-02 10_37_19.524-05_00.jpg,CV2
data/fvsu2025/bap2/250304_LeafPhotoA_2025-10-01 14_15_17.950-05_00.jpg,CV2
data/fvsu2025/bap2/250765_LeafPhotoA_2025-10-07 14_32_37.822-05_00.jpg,CV2
data/fvsu2025/bap2/250303_LeafPhotoA_2025-10-01 14_14_00.146-05_00.jpg,CV2
data/fvsu2025/bap2/250298_LeafPhotoA_2025-10-01 14_07_10.363-05_00.jpg,CV2
data/fvsu2025/bap2/250421_LeafPhotoA_2025-10-02 13_39_09.852-05_00.jpg,CV2
data/fvsu2025/bap2/250998_LeafPhotoA_2025-10-08 09_53_38.716-05_00.jpg,CV2
data/fvsu2025/bap2/250418_LeafPhotoA_2025-10-02 13_36_14.311-05_00.jpg,CV2
data/fvsu2025/bap2/250941_LeafPhotoA_2025-10-08 08_41_13.202-05_00.jpg,CV2
data/fvsu2025/bap2/250584_LeafPhotoA_2025-10-03 10_26_58.128-05_00.jpg,CV2
data/fvsu2025/bap2/250254_LeafPhotoA_2025-10-01 10_45_33.943-05_00.jpg,CV2
data/fvsu2025/bap2/250953_LeafPhotoA_2025-10-08 09_17_13.159-05_00.jpg,CV2
data/fvsu2025/bap2/250500_LeafPhotoNotesA_2025-10-03 08_45_18.631-05_00.jpg,CV2
data/fvsu2025/bap2/251327_LeafPhotoA_2025-10-10 13_56_35.921-05_00.jpg,CV2
data/fvsu2025/bap2/250312_LeafPhotoA_2025-10-01 14_25_53.072-05_00.jpg,CV2
data/fvsu2025/bap2/251371_LeafPhotoA_2025-10-10 14_19_58.510-05_00.jpg,CV2
data/fvsu2025/bap2/251305_LeafPhotoA_2025-10-10 13_50_11.579-05_00.jpg,CV2
data/fvsu2025/bap2/250404_LeafPhotoA_2025-10-02 10_24_42.934-05_00.jpg,CV2
data/fvsu2025/bap2/250573_LeafPhotoA_2025-10-03 10_40_01.875-05_00.jpg,CV2
data/fvsu2025/bap2/250493_LeafPhotoA_2025-10-03 08_37_50.924-05_00.jpg,CV2
data/fvsu2025/bap2/250441_LeafPhotoA_2025-10-02 13_51_02.584-05_00.jpg,CV2
data/fvsu2025/bap2/251045_LeafPhotoA_2025-10-08 13_44_19.346-05_00.jpg,CV2
data/fvsu2025/bap2/250942_LeafPhotoA_2025-10-08 08_43_25.359-05_00.jpg,CV2
data/fvsu2025/bap2/251031_LeafPhotoA_2025-10-08 10_30_11.863-05_00.jpg,CV2
data/fvsu2025/bap2/250529_LeafPhotoA_2025-10-03 09_17_58.683-05_00.jpg,CV2
data/fvsu2025/bap2/250496_LeafPhotoA_2025-10-03 08_40_35.101-05_00.jpg,CV2
data/fvsu2025/bap2/250249_LeafPhotoA_2025-10-01 10_38_59.130-05_00.jpg,CV2
data/fvsu2025/bap2/250401_LeafPhotoA_2025-10-02 10_19_04.994-05_00.jpg,CV2
data/fvsu2025/bap2/250305_LeafPhotoA_2025-10-01 14_33_20.931-05_00.jpg,CV2
data/fvsu2025/bap2/250237_LeafPhotoA_2025-10-01 09_52_46.510-05_00.jpg,CV2
data/fvsu2025/bap2/250516_LeafPhotoA_2025-10-03 09_00_25.408-05_00.jpg,CV2
data/fvsu2025/bap2/251365_LeafPhotoA_2025-10-10 14_14_12.643-05_00.jpg,CV2
data/fvsu2025/bap2/250935_LeafPhotoA_2025-10-08 08_32_21.052-05_00.jpg,CV2
data/fvsu2025/bap2/250505_LeafPhotoA_2025-10-03 08_48_43.305-05_00.jpg,CV2
data/fvsu2025/bap2/251050_LeafPhotoA_2025-10-08 13_53_25.118-05_00.jpg,CV2
data/fvsu2025/bap2/250427_LeafPhotoA_2025-10-02 13_47_36.185-05_00.jpg,CV2
data/fvsu2025/bap2/250391_LeafPhotoA_2025-10-02 10_40_18.456-05_00.jpg,CV2
data/fvsu2025/bap2/250759_LeafPhotoA_2025-10-07 14_27_11.768-05_00.jpg,CV2
data/fvsu2025/bap2/250760_LeafPhotoA_2025-10-07 14_27_37.442-05_00.jpg,CV2
data/fvsu2025/bap2/250721_LeafPhotoA_2025-10-07 13_52_55.137-05_00.jpg,CV2
data/fvsu2025/bap2/250068_LeafPhotoA_2025-10-01 09_16_48.464-05_00.jpg,CV2
data/fvsu2025/bap2/251358_LeafPhotoA_2025-10-10 10_48_01.144-05_00.jpg,CV2
data/fvsu2025/bap2/251316_LeafPhotoA_2025-10-10 14_04_51.872-05_00.jpg,CV2
data/fvsu2025/bap2/251318_LeafPhotoA_2025-10-10 14_03_19.950-05_00.jpg,CV2
data/fvsu2025/bap2/250499_LeafPhotoA_2025-10-03 08_43_47.089-05_00.jpg,CV2
data/fvsu2025/bap2/251352_LeafPhotoA_2025-10-10 10_55_16.776-05_00.jpg,CV2
data/fvsu2025/bap2/251357_LeafPhotoA_2025-10-10 10_48_55.438-05_00.jpg,CV2
data/fvsu2025/bap2/250560_LeafPhotoA_2025-10-03 10_11_02.213-05_00.jpg,CV2
data/fvsu2025/bap2/250477_LeafPhotoA_2025-10-02 14_20_11.525-05_00.jpg,CV2
data/fvsu2025/bap2/250959_LeafPhotoA_2025-10-08 09_07_32.621-05_00.jpg,CV2
data/fvsu2025/bap2/250003_LeafPhotoA_2025-10-01 08_15_59.657-05_00.jpg,CV2
data/fvsu2025/bap2/250773_LeafPhotoA_2025-10-07 14_40_26.641-05_00.jpg,CV2
data/fvsu2025/bap2/250244_LeafPhotoA_2025-10-01 10_31_04.522-05_00.jpg,CV2
data/fvsu2025/bap2/250236_LeafPhotoA_2025-10-01 09_51_25.060-05_00.jpg,CV2
data/fvsu2025/bap2/250766_LeafPhotoA_2025-10-07 14_33_05.139-05_00.jpg,CV2
data/fvsu2025/bap2/250396_LeafPhotoA_2025-10-02 10_10_18.242-05_00.jpg,CV2
data/fvsu2025/bap2/250413_LeafPhotoA_2025-10-02 13_30_49.340-05_00.jpg,CV2
data/fvsu2025/bap2/250538_LeafPhotoA_2025-10-03 09_25_54.236-05_00.jpg,CV2
data/fvsu2025/bap2/250768_LeafPhotoA_2025-10-07 14_35_29.655-05_00.jpg,CV2
data/fvsu2025/bap2/250772_LeafPhotoA_2025-10-07 14_38_40.649-05_00.jpg,CV2
data/fvsu2025/bap2/251058_LeafPhotoA_2025-10-08 14_15_16.381-05_00.jpg,CV2
data/fvsu2025/bap2/250014_LeafPhotoA_2025-10-01 08_47_18.953-05_00.jpg,CV2
data/fvsu2025/bap2/250971_LeafPhotoA_2025-10-08 09_30_54.999-05_00.jpg,CV2
data/fvsu2025/bap2/250423_LeafPhotoA_2025-10-02 13_41_45.660-05_00.jpg,CV2
data/fvsu2025/bap2/250492_LeafPhotoA_2025-10-03 08_21_57.361-05_00.jpg,CV2
data/fvsu2025/bap2/250414_LeafPhotoA_2025-10-02 13_32_21.569-05_00.jpg,CV2
data/fvsu2025/bap2/250941_LeafPhotoA_2025-10-08 08_40_24.903-05_00.jpg,CV2
data/fvsu2025/bap2/250077_LeafPhotoA_2025-10-01 08_58_45.384-05_00.jpg,CV2
data/fvsu2025/bap2/250424_LeafPhotoA_2025-10-02 13_43_01.212-05_00.jpg,CV2
data/fvsu2025/bap2/250286_LeafPhotoA_2025-10-01 13_45_37.913-05_00.jpg,CV2
data/fvsu2025/bap2/250494_LeafPhotoA_2025-10-03 08_38_31.734-05_00.jpg,CV2
data/fvsu2025/bap2/250983_LeafPhotoA_2025-10-08 10_16_37.169-05_00.jpg,CV2
data/fvsu2025/bap2/250954_LeafPhotoA_2025-10-08 09_15_31.643-05_00.jpg,CV2
data/fvsu2025/bap2/250967_LeafPhotoA_2025-10-08 09_27_02.690-05_00.jpg,CV2
data/fvsu2025/bap2/251052_LeafPhotoA_2025-10-08 13_55_56.483-05_00.jpg,CV2
data/fvsu2025/bap2/251340_LeafPhotoA_2025-10-10 10_42_54.242-05_00.jpg,CV2
data/fvsu2025/bap2/250513_LeafPhotoA_2025-10-03 09_04_54.023-05_00.jpg,CV2
data/fvsu2025/bap2/250498_LeafPhotoA_2025-10-03 08_42_43.375-05_00.jpg,CV2
data/fvsu2025/bap2/250074_LeafPhotoA_2025-10-01 09_02_24.669-05_00.jpg,CV2
data/fvsu2025/bap2/251326_LeafPhotoA_2025-10-10 13_57_16.454-05_00.jpg,CV2
data/fvsu2025/bap2/250289_LeafPhotoA_2025-10-01 13_56_52.424-05_00.jpg,CV2
data/fvsu2025/bap2/251306_LeafPhotoA_2025-10-10 13_51_18.408-05_00.jpg,CV2
data/fvsu2025/bap2/250579_LeafPhotoA_2025-10-03 10_32_29.651-05_00.jpg,CV2
data/fvsu2025/bap2/250225_LeafPhotoA_2025-10-01 09_35_28.515-05_00.jpg,CV2
data/fvsu2025/bap2/250937_LeafPhotoA_2025-10-08 08_35_11.200-05_00.jpg,CV2
data/fvsu2025/bap2/251338_LeafPhotoA_2025-10-10 10_39_37.490-05_00.jpg,CV2
data/fvsu2025/bap2/250281_LeafPhotoA_2025-10-01 13_34_34.253-05_00.jpg,CV2
data/fvsu2025/bap2/250245_LeafPhotoA_2025-10-01 10_32_25.107-05_00.jpg,CV2
data/fvsu2025/bap2/250400_LeafPhotoA_2025-10-02 10_18_05.680-05_00.jpg,CV2
data/fvsu2025/bap2/250412_LeafPhotoA_2025-10-02 13_30_24.010-05_00.jpg,CV2
data/fvsu2025/bap2/250305_LeafPhotoA_2025-10-01 14_33_41.870-05_00.jpg,CV2
data/fvsu2025/bap2/250278_LeafPhotoA_2025-10-01 13_31_13.609-05_00.jpg,CV2
data/fvsu2025/bap2/250726_LeafPhotoA_2025-10-07 13_59_25.552-05_00.jpg,CV2
data/fvsu2025/bap2/250317_LeafPhotoA_2025-10-01 14_20_35.446-05_00.jpg,CV2
data/fvsu2025/bap2/250276_LeafPhotoA_2025-10-01 13_27_38.985-05_00.jpg,CV2
data/fvsu2025/bap2/250726_LeafPhotoA_2025-10-07 13_58_51.654-05_00.jpg,CV2
data/fvsu2025/bap2/250940_LeafPhotoA_2025-10-08 08_39_55.179-05_00.jpg,CV2
data/fvsu2025/bap2/250398_LeafPhotoA_2025-10-02 10_14_31.073-05_00.jpg,CV2
data/fvsu2025/bap2/250995_LeafPhotoA_2025-10-08 09_59_16.420-05_00.jpg,CV2
data/fvsu2025/bap2/250071_LeafPhotoA_2025-10-01 09_12_24.403-05_00.jpg,CV2
data/fvsu2025/bap2/250583_LeafPhotoA_2025-10-03 10_28_14.112-05_00.jpg,CV2
data/fvsu2025/bap2/250013_LeafPhotoA_2025-10-01 08_45_44.764-05_00.jpg,CV2
data/fvsu2025/bap2/250016_LeafPhotoA_2025-10-01 08_49_47.388-05_00.jpg,CV2
data/fvsu2025/bap2/250076_LeafPhotoA_2025-10-01 09_00_16.332-05_00.jpg,CV2
data/fvsu2025/bap2/250977_LeafPhotoA_2025-10-08 09_39_53.008-05_00.jpg,CV2
data/fvsu2025/bap2/250578_LeafPhotoA_2025-10-03 10_34_35.160-05_00.jpg,CV2
data/fvsu2025/bap2/250960_LeafPhotoA_2025-10-08 09_05_55.006-05_00.jpg,CV2
data/fvsu2025/bap2/250499_LeafPhotoA_2025-10-03 08_43_34.113-05_00.jpg,CV2
data/fvsu2025/bap2/250435_LeafPhotoA_2025-10-02 14_00_58.146-05_00.jpg,CV2
data/fvsu2025/bap2/250007_LeafPhotoA_2025-10-01 08_34_44.348-05_00.jpg,CV2
data/fvsu2025/bap2/251360_LeafPhotoA_2025-10-10 14_10_39.128-05_00.jpg,CV2
data/fvsu2025/bap2/250080_LeafPhotoA_2025-10-01 08_53_52.131-05_00.jpg,CV2
data/fvsu2025/bap2/250417_LeafPhotoA_2025-10-02 13_35_09.091-05_00.jpg,CV2
data/fvsu2025/bap2/250724_LeafPhotoA_2025-10-07 13_56_45.689-05_00.jpg,CV2
data/fvsu2025/bap2/250576_LeafPhotoA_2025-10-03 10_36_06.847-05_00.jpg,CV2
data/fvsu2025/bap2/251313_LeafPhotoA_2025-10-10 14_06_55.505-05_00.jpg,CV2
data/fvsu2025/bap2/251361_LeafPhotoA_2025-10-10 14_11_34.882-05_00.jpg,CV2
data/fvsu2025/bap2/250495_LeafPhotoA_2025-10-03 08_39_36.139-05_00.jpg,CV2
data/fvsu2025/bap2/251334_LeafPhotoA_2025-10-10 10_34_48.338-05_00.jpg,CV2
data/fvsu2025/bap2/250530_LeafPhotoA_2025-10-03 09_18_40.732-05_00.jpg,CV2
data/fvsu2025/bap2/250562_LeafPhotoA_2025-10-03 10_13_14.529-05_00.jpg,CV2
data/fvsu2025/bap2/250758_LeafPhotoA_2025-10-07 14_06_02.236-05_00.jpg,CV2
data/fvsu2025/bap2/250254_LeafPhotoA_2025-10-01 10_44_09.225-05_00.jpg,CV2
data/fvsu2025/bap2/250078_LeafPhotoA_2025-10-01 08_57_56.392-05_00.jpg,CV2
data/fvsu2025/bap2/250236_LeafPhotoA_2025-10-01 09_52_11.579-05_00.jpg,CV2
data/fvsu2025/bap2/250497_LeafPhotoA_2025-10-03 08_40_58.654-05_00.jpg,CV2
data/fvsu2025/bap2/250241_LeafPhotoA_2025-10-01 10_27_33.487-05_00.jpg,CV2
data/fvsu2025/bap2/250510_LeafPhotoA_2025-10-03 09_07_21.042-05_00.jpg,CV2
data/fvsu2025/bap2/250394_LeafPhotoA_2025-10-02 10_36_30.865-05_00.jpg,CV2
data/fvsu2025/bap2/250570_LeafPhotoA_2025-10-03 10_22_19.152-05_00.jpg,CV2
data/fvsu2025/bap2/250409_LeafPhotoA_2025-10-02 10_30_41.247-05_00.jpg,CV2
data/fvsu2025/bap2/250721_LeafPhotoA_2025-10-07 13_53_26.812-05_00.jpg,CV2
data/fvsu2025/bap2/251319_LeafPhotoA_2025-10-10 14_02_09.911-05_00.jpg,CV2
data/fvsu2025/bap2/250558_LeafPhotoA_2025-10-03 10_09_48.439-05_00.jpg,CV2
data/fvsu2025/bap2/250565_LeafPhotoA_2025-10-03 10_16_33.817-05_00.jpg,CV2
data/fvsu2025/bap2/250226_LeafPhotoA_2025-10-01 09_36_53.175-05_00.jpg,CV2
data/fvsu2025/bap2/250476_LeafPhotoA_2025-10-02 14_18_45.862-05_00.jpg,CV2
data/fvsu2025/bap2/250233_LeafPhotoA_2025-10-01 09_48_06.315-05_00.jpg,CV2
data/fvsu2025/bap2/251298_LeafPhotoA_2025-10-10 13_44_38.410-05_00.jpg,CV2
data/fvsu2025/bap2/250280_LeafPhotoA_2025-10-01 13_33_46.278-05_00.jpg,CV2
data/fvsu2025/bap2/250294_LeafPhotoA_2025-10-01 14_02_18.642-05_00.jpg,CV2
data/fvsu2025/bap2/250509_LeafPhotoA_2025-10-03 09_08_54.604-05_00.jpg,CV2
data/fvsu2025/bap2/250439_LeafPhotoA_2025-10-02 13_54_30.190-05_00.jpg,CV2
data/fvsu2025/bap2/250396_LeafPhotoA_2025-10-02 10_10_57.624-05_00.jpg,CV2
data/fvsu2025/bap2/250431_LeafPhotoA_2025-10-02 14_06_46.663-05_00.jpg,CV2
data/fvsu2025/bap2/250508_LeafPhotoA_2025-10-03 09_09_34.791-05_00.jpg,CV2
data/fvsu2025/bap2/250510_LeafPhotoA_2025-10-03 09_07_48.143-05_00.jpg,CV2
data/fvsu2025/bap2/250429_LeafPhotoA_2025-10-02 14_12_01.076-05_00.jpg,CV2
data/fvsu2025/bap2/250237_LeafPhotoA_2025-10-01 09_53_20.801-05_00.jpg,CV2
data/fvsu2025/bap2/251047_LeafPhotoA_2025-10-08 13_47_42.267-05_00.jpg,CV2
data/fvsu2025/bap2/250230_LeafPhotoA_2025-10-01 09_42_06.017-05_00.jpg,CV2
data/fvsu2025/bap2/251327_LeafPhotoA_2025-10-10 13_56_28.568-05_00.jpg,CV2
data/fvsu2025/bap2/250553_LeafPhotoA_2025-10-03 09_33_39.092-05_00.jpg,CV2
data/fvsu2025/bap2/250536_LeafPhotoA_2025-10-03 09_24_18.197-05_00.jpg,CV2
data/fvsu2025/bap2/250234_LeafPhotoA_2025-10-01 09_48_46.681-05_00.jpg,CV2
data/fvsu2025/bap2/250749_LeafPhotoA_2025-10-07 14_20_01.752-05_00.jpg,CV2
data/fvsu2025/bap2/250066_LeafPhotoA_2025-10-01 09_19_53.515-05_00.jpg,CV2
data/fvsu2025/bap2/250720_LeafPhotoA_2025-10-07 13_51_35.787-05_00.jpg,CV2
data/fvsu2025/bap2/250251_LeafPhotoA_2025-10-01 10_40_56.818-05_00.jpg,CV2
data/fvsu2025/bap2/250014_LeafPhotoA_2025-10-01 08_47_38.087-05_00.jpg,CV2
data/fvsu2025/bap2/250435_LeafPhotoA_2025-10-02 14_00_20.819-05_00.jpg,CV2
data/fvsu2025/bap2/250411_LeafPhotoA_2025-10-02 10_33_55.003-05_00.jpg,CV2
data/fvsu2025/bap2/251328_LeafPhotoA_2025-10-10 10_29_32.179-05_00.jpg,CV2
data/fvsu2025/bap2/250946_LeafPhotoA_2025-10-08 08_48_45.572-05_00.jpg,CV2
data/fvsu2025/bap2/250228_LeafPhotoA_2025-10-01 09_39_11.769-05_00.jpg,CV2
data/fvsu2025/bap2/250518_LeafPhotoA_2025-10-03 08_57_56.201-05_00.jpg,CV2
data/fvsu2025/bap2/251335_LeafPhotoA_2025-10-10 10_36_05.728-05_00.jpg,CV2
data/fvsu2025/bap2/250249_LeafPhotoA_2025-10-01 10_38_40.632-05_00.jpg,CV2
data/fvsu2025/bap2/250745_LeafPhotoA_2025-10-07 14_23_31.432-05_00.jpg,CV2
data/fvsu2025/bap2/251066_LeafPhotoA_2025-10-08 14_06_01.994-05_00.jpg,CV2
data/fvsu2025/bap2/250287_LeafPhotoA_2025-10-01 13_47_30.509-05_00.jpg,CV2
data/fvsu2025/bap2/250962_LeafPhotoA_2025-10-08 09_04_12.166-05_00.jpg,CV2
data/fvsu2025/bap2/250529_LeafPhotoA_2025-10-03 09_17_43.731-05_00.jpg,CV2
data/fvsu2025/bap2/250283_LeafPhotoA_2025-10-01 13_38_34.694-05_00.jpg,CV2
data/fvsu2025/bap2/250228_LeafPhotoA_2025-10-01 09_38_54.146-05_00.jpg,CV2
data/fvsu2025/bap2/250009_LeafPhotoA_2025-10-01 08_40_14.699-05_00.jpg,CV2
data/fvsu2025/bap2/251324_LeafPhotoA_2025-10-10 13_58_46.905-05_00.jpg,CV2
data/fvsu2025/bap2/250751_LeafPhotoA_2025-10-07 14_17_31.645-05_00.jpg,CV2
data/fvsu2025/bap2/250947_LeafPhotoA_2025-10-08 08_50_33.686-05_00.jpg,CV2
data/fvsu2025/bap2/250237_LeafPhotoA_2025-10-01 09_53_05.552-05_00.jpg,CV2
data/fvsu2025/bap2/250961_LeafPhotoA_2025-10-08 09_04_48.848-05_00.jpg,CV2
data/fvsu2025/bap2/250416_LeafPhotoA_2025-10-02 13_33_51.148-05_00.jpg,CV2
data/fvsu2025/bap2/250320_LeafPhotoA_2025-10-01 14_17_20.742-05_00.jpg,CV2
data/fvsu2025/bap2/250958_LeafPhotoA_2025-10-08 09_08_42.761-05_00.jpg,CV2
data/fvsu2025/bap2/250302_LeafPhotoA_2025-10-01 14_13_18.758-05_00.jpg,CV2
data/fvsu2025/bap2/251071_LeafPhotoA_2025-10-08 14_00_04.352-05_00.jpg,CV2
data/fvsu2025/bap2/250405_LeafPhotoA_2025-10-02 10_26_04.702-05_00.jpg,CV2
data/fvsu2025/bap2/250440_LeafPhotoA_2025-10-02 13_52_36.817-05_00.jpg,CV2
data/fvsu2025/bap2/251299_LeafPhotoA_2025-10-10 13_45_19.385-05_00.jpg,CV2
data/fvsu2025/bap2/250946_LeafPhotoA_2025-10-08 08_49_37.633-05_00.jpg,CV2
data/fvsu2025/bap2/251041_LeafPhotoA_2025-10-08 13_41_24.993-05_00.jpg,CV2
data/fvsu2025/bap2/251057_LeafPhotoA_2025-10-08 14_16_19.880-05_00.jpg,CV2
data/fvsu2025/bap2/250991_LeafPhotoA_2025-10-08 10_06_08.033-05_00.jpg,CV2
data/fvsu2025/bap2/251341_LeafPhotoA_2025-10-10 10_43_55.689-05_00.jpg,CV2
data/fvsu2025/bap2/250711_LeafPhotoA_2025-10-07 13_41_15.626-05_00.jpg,CV2
data/fvsu2025/bap2/250283_LeafPhotoA_2025-10-01 13_39_11.883-05_00.jpg,CV2
data/fvsu2025/bap2/250951_LeafPhotoA_2025-10-08 09_19_00.988-05_00.jpg,CV2
data/fvsu2025/bap2/251317_LeafPhotoA_2025-10-10 14_03_46.823-05_00.jpg,CV2
data/fvsu2025/bap2/251071_LeafPhotoA_2025-10-08 14_00_29.148-05_00.jpg,CV2
data/fvsu2025/bap2/250288_LeafPhotoA_2025-10-01 13_48_45.278-05_00.jpg,CV2
data/fvsu2025/bap2/250274_LeafPhotoA_2025-10-01 13_24_49.234-05_00.jpg,CV2
data/fvsu2025/bap2/250757_LeafPhotoA_2025-10-07 14_07_15.975-05_00.jpg,CV2
data/fvsu2025/bap2/250413_LeafPhotoA_2025-10-02 13_30_59.995-05_00.jpg,CV2
data/fvsu2025/bap2/251368_LeafPhotoA_2025-10-10 14_16_58.862-05_00.jpg,CV2
data/fvsu2025/bap2/250774_LeafPhotoA_2025-10-07 14_42_39.284-05_00.jpg,CV2
data/fvsu2025/bap2/250297_LeafPhotoA_2025-10-01 14_05_50.968-05_00.jpg,CV2
data/fvsu2025/bap2/250555_LeafPhotoA_2025-10-03 09_31_19.278-05_00.jpg,CV2
data/fvsu2025/bap2/251037_LeafPhotoA_2025-10-08 10_39_27.387-05_00.jpg,CV2
data/fvsu2025/bap2/250553_LeafPhotoA_2025-10-03 09_33_02.676-05_00.jpg,CV2
data/fvsu2025/bap2/251053_LeafPhotoA_2025-10-08 13_56_47.417-05_00.jpg,CV2
data/fvsu2025/bap2/250285_LeafPhotoA_2025-10-01 13_41_53.422-05_00.jpg,CV2
data/fvsu2025/bap2/250972_LeafPhotoA_2025-10-08 09_32_25.527-05_00.jpg,CV2
data/fvsu2025/bap2/250016_LeafPhotoA_2025-10-01 08_50_07.730-05_00.jpg,CV2
data/fvsu2025/bap2/250500_LeafPhotoA_2025-10-03 08_45_08.277-05_00.jpg,CV2
data/fvsu2025/bap2/251035_LeafPhotoA_2025-10-08 10_36_23.151-05_00.jpg,CV2
data/fvsu2025/bap2/250518_LeafPhotoA_2025-10-03 08_57_41.696-05_00.jpg,CV2
data/fvsu2025/bap2/250403_LeafPhotoA_2025-10-02 10_23_13.045-05_00.jpg,CV2
data/fvsu2025/bap2/250994_LeafPhotoA_2025-10-08 10_01_11.362-05_00.jpg,CV2
data/fvsu2025/bap2/250954_LeafPhotoA_2025-10-08 09_15_50.898-05_00.jpg,CV2
data/fvsu2025/bap2/250586_LeafPhotoA_2025-10-03 10_25_51.968-05_00.jpg,CV2
data/fvsu2025/bap2/250428_LeafPhotoA_2025-10-02 14_13_56.837-05_00.jpg,CV2
data/fvsu2025/bap2/250285_LeafPhotoA_2025-10-01 13_40_45.729-05_00.jpg,CV2
data/fvsu2025/bap2/250409_LeafPhotoA_2025-10-02 10_30_52.968-05_00.jpg,CV2
data/fvsu2025/bap2/251363_LeafPhotoA_2025-10-10 14_12_36.039-05_00.jpg,CV2
data/fvsu2025/bap2/251035_LeafPhotoA_2025-10-08 10_35_15.619-05_00.jpg,CV2
data/fvsu2025/bap2/250505_LeafPhotoA_2025-10-03 08_49_16.046-05_00.jpg,CV2
data/fvsu2025/bap2/250495_LeafPhotoA_2025-10-03 08_38_56.685-05_00.jpg,CV2
data/fvsu2025/bap2/250399_LeafPhotoA_2025-10-02 10_15_36.231-05_00.jpg,CV2
data/fvsu2025/bap2/250252_LeafPhotoA_2025-10-01 10_42_22.015-05_00.jpg,CV2
data/fvsu2025/bap2/251296_LeafPhotoA_2025-10-10 13_43_16.660-05_00.jpg,CV2
data/fvsu2025/bap2/251049_LeafPhotoA_2025-10-08 13_51_19.029-05_00.jpg,CV2
data/fvsu2025/bap2/250421_LeafPhotoA_2025-10-02 13_39_51.357-05_00.jpg,CV2
data/fvsu2025/bap2/250067_LeafPhotoA_2025-10-01 09_18_27.865-05_00.jpg,CV2
data/fvsu2025/bap2/250506_LeafPhotoA_2025-10-03 08_49_53.823-05_00.jpg,CV2
data/fvsu2025/bap2/250319_LeafPhotoA_2025-10-01 14_18_45.844-05_00.jpg,CV2
data/fvsu2025/bap2/250988_LeafPhotoA_2025-10-08 10_12_45.048-05_00.jpg,CV2
data/fvsu2025/bap2/250478_LeafPhotoA_2025-10-02 14_20_41.916-05_00.jpg,CV2
data/fvsu2025/bap2/250073_LeafPhotoA_2025-10-01 09_08_27.889-05_00.jpg,CV2
data/fvsu2025/bap2/250070_LeafPhotoA_2025-10-01 09_13_36.683-05_00.jpg,CV2
data/fvsu2025/bap2/250996_LeafPhotoA_2025-10-08 09_57_28.442-05_00.jpg,CV2
data/fvsu2025/bap2/251367_LeafPhotoA_2025-10-10 14_16_14.777-05_00.jpg,CV2
data/fvsu2025/bap2/250016_LeafPhotoA_2025-10-01 08_50_37.802-05_00.jpg,CV2
data/fvsu2025/bap2/250392_LeafPhotoA_2025-10-02 10_38_29.591-05_00.jpg,CV2
data/fvsu2025/bap2/250013_LeafPhotoA_2025-10-01 08_46_44.200-05_00.jpg,CV2
data/fvsu2025/bap2/250521_LeafPhotoA_2025-10-03 08_55_37.480-05_00.jpg,CV2
data/fvsu2025/bap2/250546_LeafPhotoA_2025-10-03 09_39_07.073-05_00.jpg,CV2
data/fvsu2025/bap2/250496_LeafPhotoA_2025-10-03 08_40_18.193-05_00.jpg,CV2
data/fvsu2025/bap2/250075_LeafPhotoA_2025-10-01 09_01_17.605-05_00.jpg,CV2
data/fvsu2025/bap2/250318_LeafPhotoA_2025-10-01 14_19_18.394-05_00.jpg,CV2
data/fvsu2025/bap2/251352_LeafPhotoA_2025-10-10 10_55_09.613-05_00.jpg,CV2
data/fvsu2025/bap2/250078_LeafPhotoA_2025-10-01 08_56_03.050-05_00.jpg,CV2
data/fvsu2025/bap2/250513_LeafPhotoA_2025-10-03 09_04_31.804-05_00.jpg,CV2
data/fvsu2025/bap2/250012_LeafPhotoA_2025-10-01 08_44_40.115-05_00.jpg,CV2
data/fvsu2025/bap2/250428_LeafPhotoA_2025-10-02 14_15_37.163-05_00.jpg,CV2
data/fvsu2025/bap2/250982_LeafPhotoA_2025-10-08 09_51_09.161-05_00.jpg,CV2
data/fvsu2025/bap2/250554_LeafPhotoA_2025-10-03 09_32_15.178-05_00.jpg,CV2
data/fvsu2025/bap2/251301_LeafPhotoA_2025-10-10 13_46_49.511-05_00.jpg,CV2
data/fvsu2025/bap2/250255_LeafPhotoA_2025-10-01 10_45_56.395-05_00.jpg,CV2
data/fvsu2025/bap2/250313_LeafPhotoA_2025-10-01 14_24_54.979-05_00.jpg,CV2
data/fvsu2025/bap2/251297_LeafPhotoA_2025-10-10 13_43_45.594-05_00.jpg,CV2
data/fvsu2025/bap2/250940_LeafPhotoA_2025-10-08 08_39_17.166-05_00.jpg,CV2
data/fvsu2025/bap2/250552_LeafPhotoA_2025-10-03 09_34_09.730-05_00.jpg,CV2
data/fvsu2025/bap2/251300_LeafPhotoA_2025-10-10 13_45_58.861-05_00.jpg,CV2
data/fvsu2025/bap2/251345_LeafPhotoA_2025-10-10 11_02_17.788-05_00.jpg,CV2
data/fvsu2025/bap2/250556_LeafPhotoA_2025-10-03 10_08_14.028-05_00.jpg,CV2
data/fvsu2025/bap2/251067_LeafPhotoA_2025-10-08 14_05_21.166-05_00.jpg,CV2
data/fvsu2025/bap2/251360_LeafPhotoA_2025-10-10 14_10_55.427-05_00.jpg,CV2
data/fvsu2025/bap2/250245_LeafPhotoA_2025-10-01 10_32_47.655-05_00.jpg,CV2
data/fvsu2025/bap2/251048_LeafPhotoA_2025-10-08 13_49_20.637-05_00.jpg,CV2
data/fvsu2025/bap2/250538_LeafPhotoA_2025-10-03 09_26_36.389-05_00.jpg,CV2
data/fvsu2025/bap2/250230_LeafPhotoA_2025-10-01 09_42_48.476-05_00.jpg,CV2
data/fvsu2025/bap2/251326_LeafPhotoA_2025-10-10 13_57_27.673-05_00.jpg,CV2
data/fvsu2025/bap2/250754_LeafPhotoA_2025-10-07 14_13_47.464-05_00.jpg,CV2
data/fvsu2025/bap2/250491_LeafPhotoA_2025-10-02 14_39_08.741-05_00.jpg,CV2
data/fvsu2025/bap2/250077_LeafPhotoA_2025-10-01 08_59_16.582-05_00.jpg,CV2
data/fvsu2025/bap2/250302_LeafPhotoA_2025-10-01 14_12_14.101-05_00.jpg,CV2
data/fvsu2025/bap2/250755_LeafPhotoA_2025-10-07 14_12_26.611-05_00.jpg,CV2
data/fvsu2025/bap2/250227_LeafPhotoA_2025-10-01 09_37_51.969-05_00.jpg,CV2
data/fvsu2025/bap2/250989_LeafPhotoA_2025-10-08 10_10_09.299-05_00.jpg,CV2
data/fvsu2025/bap2/251356_LeafPhotoA_2025-10-10 10_50_06.137-05_00.jpg,CV2
data/fvsu2025/bap2/250289_LeafPhotoA_2025-10-01 13_55_32.683-05_00.jpg,CV2
data/fvsu2025/bap2/251350_LeafPhotoA_2025-10-10 10_57_25.060-05_00.jpg,CV2
data/fvsu2025/bap2/250391_LeafPhotoA_2025-10-02 10_39_44.127-05_00.jpg,CV2
data/fvsu2025/bap2/251343_LeafPhotoA_2025-10-10 10_45_47.085-05_00.jpg,CV2
data/fvsu2025/bap2/251309_LeafPhotoA_2025-10-10 13_54_10.381-05_00.jpg,CV2
data/fvsu2025/bap2/250992_LeafPhotoA_2025-10-08 10_03_39.509-05_00.jpg,CV2
data/fvsu2025/bap2/251355_LeafPhotoA_2025-10-10 10_51_09.892-05_00.jpg,CV2
data/fvsu2025/bap2/251366_LeafPhotoA_2025-10-10 14_15_31.220-05_00.jpg,CV2
data/fvsu2025/bap2/250551_LeafPhotoA_2025-10-03 09_35_24.619-05_00.jpg,CV2
data/fvsu2025/bap2/251365_LeafPhotoA_2025-10-10 14_14_26.159-05_00.jpg,CV2
data/fvsu2025/bap2/250568_LeafPhotoA_2025-10-03 10_20_00.530-05_00.jpg,CV2
data/fvsu2025/bap2/250750_LeafPhotoA_2025-10-07 14_18_44.148-05_00.jpg,CV2
data/fvsu2025/bap2/250487_LeafPhotoA_2025-10-02 14_33_22.875-05_00.jpg,CV2
data/fvsu2025/bap2/250235_LeafPhotoA_2025-10-01 09_50_03.692-05_00.jpg,CV2
data/fvsu2025/bap2/251355_LeafPhotoA_2025-10-10 10_50_47.378-05_00.jpg,CV2
data/fvsu2025/bap2/250984_LeafPhotoA_2025-10-08 10_15_53.739-05_00.jpg,CV2
data/fvsu2025/bap2/250073_LeafPhotoA_2025-10-01 09_08_38.326-05_00.jpg,CV2
data/fvsu2025/bap2/250711_LeafPhotoA_2025-10-07 13_41_53.458-05_00.jpg,CV2
data/fvsu2025/bap2/250722_LeafPhotoA_2025-10-07 13_54_08.535-05_00.jpg,CV2
data/fvsu2025/bap2/250476_LeafPhotoA_2025-10-02 14_17_56.845-05_00.jpg,CV2
data/fvsu2025/bap2/250010_LeafPhotoA_2025-10-01 08_41_52.727-05_00.jpg,CV2
data/fvsu2025/bap2/250418_LeafPhotoA_2025-10-02 13_35_50.706-05_00.jpg,CV2
data/fvsu2025/bap2/250579_LeafPhotoA_2025-10-03 10_33_12.097-05_00.jpg,CV2
data/fvsu2025/bap2/250565_LeafPhotoA_2025-10-03 10_17_40.870-05_00.jpg,CV2
data/fvsu2025/bap2/251062_LeafPhotoA_2025-10-08 14_11_31.108-05_00.jpg,CV2
data/fvsu2025/bap2/250072_LeafPhotoA_2025-10-01 09_10_30.249-05_00.jpg,CV2
data/fvsu2025/bap2/250743_LeafPhotoA_2025-10-07 14_24_59.467-05_00.jpg,CV2
data/fvsu2025/bap2/250540_LeafPhotoA_2025-10-03 09_47_36.126-05_00.jpg,CV2
data/fvsu2025/bap2/250318_LeafPhotoA_2025-10-01 14_19_37.116-05_00.jpg,CV2
data/fvsu2025/bap2/250515_LeafPhotoA_2025-10-03 09_02_05.731-05_00.jpg,CV2
data/fvsu2025/bap2/251298_LeafPhotoA_2025-10-10 13_44_18.360-05_00.jpg,CV2
data/fvsu2025/bap2/251354_LeafPhotoA_2025-10-10 10_53_08.718-05_00.jpg,CV2
data/fvsu2025/bap2/250494_LeafPhotoA_2025-10-03 08_38_22.729-05_00.jpg,CV2
data/fvsu2025/bap2/250406_LeafPhotoA_2025-10-02 10_27_48.194-05_00.jpg,CV2
data/fvsu2025/bap2/250418_LeafPhotoA_2025-10-02 13_35_58.901-05_00.jpg,CV2
data/fvsu2025/bap2/250955_LeafPhotoA_2025-10-08 09_12_24.168-05_00.jpg,CV2
data/fvsu2025/bap2/251346_LeafPhotoA_2025-10-10 11_01_11.392-05_00.jpg,CV2
data/fvsu2025/bap2/250476_LeafPhotoA_2025-10-02 14_18_18.548-05_00.jpg,CV2
data/fvsu2025/bap2/251304_LeafPhotoA_2025-10-10 13_49_25.411-05_00.jpg,CV2
data/fvsu2025/bap2/250242_LeafPhotoA_2025-10-01 10_29_16.396-05_00.jpg,CV2
data/fvsu2025/bap2/250305_LeafPhotoA_2025-10-01 14_34_04.840-05_00.jpg,CV2
data/fvsu2025/bap2/250294_LeafPhotoA_2025-10-01 14_02_41.943-05_00.jpg,CV2
data/fvsu2025/bap2/250935_LeafPhotoA_2025-10-08 08_32_06.983-05_00.jpg,CV2
data/fvsu2025/bap2/250552_LeafPhotoA_2025-10-03 09_34_43.569-05_00.jpg,CV2
data/fvsu2025/bap2/250072_LeafPhotoA_2025-10-01 09_10_51.189-05_00.jpg,CV2
data/fvsu2025/bap2/250771_LeafPhotoA_2025-10-07 14_38_15.301-05_00.jpg,CV2
data/fvsu2025/bap2/251318_LeafPhotoA_2025-10-10 14_02_43.991-05_00.jpg,CV2
data/fvsu2025/bap2/251351_LeafPhotoA_2025-10-10 10_56_25.201-05_00.jpg,CV2
data/fvsu2025/bap2/250577_LeafPhotoA_2025-10-03 10_35_41.937-05_00.jpg,CV2
data/fvsu2025/bap2/250275_LeafPhotoA_2025-10-01 13_26_03.047-05_00.jpg,CV2
data/fvsu2025/bap2/250964_LeafPhotoA_2025-10-08 09_01_19.403-05_00.jpg,CV2
data/fvsu2025/bap2/250712_LeafPhotoA_2025-10-07 13_43_04.501-05_00.jpg,CV2
data/fvsu2025/bap2/251329_LeafPhotoA_2025-10-10 10_30_12.314-05_00.jpg,CV2
data/fvsu2025/bap2/250420_LeafPhotoA_2025-10-02 13_38_30.293-05_00.jpg,CV2
data/fvsu2025/bap2/250306_LeafPhotoA_2025-10-01 14_32_44.129-05_00.jpg,CV2
data/fvsu2025/bap2/250274_LeafPhotoA_2025-10-01 13_24_12.261-05_00.jpg,CV2
data/fvsu2025/bap2/250314_LeafPhotoA_2025-10-01 14_24_03.486-05_00.jpg,CV2
data/fvsu2025/bap2/250231_LeafPhotoA_2025-10-01 09_45_12.570-05_00.jpg,CV2
data/fvsu2025/bap2/251313_LeafPhotoA_2025-10-10 14_06_35.417-05_00.jpg,CV2
data/fvsu2025/bap2/250490_LeafPhotoA_2025-10-02 14_37_44.492-05_00.jpg,CV2
data/fvsu2025/bap2/250432_LeafPhotoA_2025-10-02 14_04_08.987-05_00.jpg,CV2
data/fvsu2025/bap2/250753_LeafPhotoA_2025-10-07 14_15_18.059-05_00.jpg,CV2
data/fvsu2025/bap2/250521_LeafPhotoA_2025-10-03 08_56_15.070-05_00.jpg,CV2
data/fvsu2025/bap2/250079_LeafPhotoA_2025-10-01 08_54_46.365-05_00.jpg,CV2
data/fvsu2025/bap2/250241_LeafPhotoA_2025-10-01 10_27_50.204-05_00.jpg,CV2
data/fvsu2025/bap2/251071_LeafPhotoA_2025-10-08 13_59_53.223-05_00.jpg,CV2
data/fvsu2025/bap2/251303_LeafPhotoA_2025-10-10 13_48_41.070-05_00.jpg,CV2
data/fvsu2025/bap2/250291_LeafPhotoA_2025-10-01 13_58_39.421-05_00.jpg,CV2
data/fvsu2025/bap2/250989_LeafPhotoA_2025-10-08 10_09_37.389-05_00.jpg,CV2
data/fvsu2025/bap2/250964_LeafPhotoA_2025-10-08 09_01_31.557-05_00.jpg,CV2
data/fvsu2025/bap2/250065_LeafPhotoA_2025-10-01 09_21_38.380-05_00.jpg,CV2
data/fvsu2025/bap2/250320_LeafPhotoA_2025-10-01 14_17_01.875-05_00.jpg,CV2
data/fvsu2025/bap2/251335_LeafPhotoA_2025-10-10 10_35_37.788-05_00.jpg,CV2
data/fvsu2025/bap2/250575_LeafPhotoA_2025-10-03 10_38_17.724-05_00.jpg,CV2
data/fvsu2025/bap2/250277_LeafPhotoA_2025-10-01 13_29_01.882-05_00.jpg,CV2
data/fvsu2025/bap2/250426_LeafPhotoA_2025-10-02 13_46_34.856-05_00.jpg,CV2
data/fvsu2025/bap2/250393_LeafPhotoA_2025-10-02 10_37_49.332-05_00.jpg,CV2
data/fvsu2025/bap2/250517_LeafPhotoA_2025-10-03 08_59_28.307-05_00.jpg,CV2
data/fvsu2025/bap2/250984_LeafPhotoA_2025-10-08 10_15_36.106-05_00.jpg,CV2
data/fvsu2025/bap2/250980_LeafPhotoA_2025-10-08 09_43_20.392-05_00.jpg,CV2
data/fvsu2025/bap2/250760_LeafPhotoA_2025-10-07 14_28_08.717-05_00.jpg,CV2
data/fvsu2025/bap2/250767_LeafPhotoA_2025-10-07 14_34_32.620-05_00.jpg,CV2
data/fvsu2025/bap2/250412_LeafPhotoA_2025-10-02 13_30_09.313-05_00.jpg,CV2
data/fvsu2025/bap2/250417_LeafPhotoA_2025-10-02 13_34_47.267-05_00.jpg,CV2
data/fvsu2025/bap2/250436_LeafPhotoA_2025-10-02 13_59_15.642-05_00.jpg,CV2
data/fvsu2025/bap2/251336_LeafPhotoA_2025-10-10 10_37_05.905-05_00.jpg,CV2
data/fvsu2025/bap2/251312_LeafPhotoA_2025-10-10 14_07_49.278-05_00.jpg,CV2
data/fvsu2025/bap2/251331_LeafPhotoA_2025-10-10 10_32_28.342-05_00.jpg,CV2
data/fvsu2025/bap2/250005_LeafPhotoA_2025-10-01 08_30_55.908-05_00.jpg,CV2
data/fvsu2025/bap2/250564_LeafPhotoA_2025-10-03 10_15_21.003-05_00.jpg,CV2
data/fvsu2025/bap2/250712_LeafPhotoA_2025-10-07 13_42_46.716-05_00.jpg,CV2
data/fvsu2025/bap2/250411_LeafPhotoA_2025-10-02 10_34_17.770-05_00.jpg,CV2
data/fvsu2025/bap2/250542_LeafPhotoA_2025-10-03 09_45_51.385-05_00.jpg,CV2
data/fvsu2025/bap2/250743_LeafPhotoA_2025-10-07 14_25_26.346-05_00.jpg,CV2
data/fvsu2025/bap2/250957_LeafPhotoA_2025-10-08 09_09_48.138-05_00.jpg,CV2
data/fvsu2025/bap2/250300_LeafPhotoA_2025-10-01 14_09_27.185-05_00.jpg,CV2
data/fvsu2025/bap2/250768_LeafPhotoA_2025-10-07 14_34_53.846-05_00.jpg,CV2
data/fvsu2025/bap2/251339_LeafPhotoA_2025-10-10 10_40_50.245-05_00.jpg,CV2
data/fvsu2025/bap2/251299_LeafPhotoA_2025-10-10 13_45_06.995-05_00.jpg,CV2
data/fvsu2025/bap2/250981_LeafPhotoA_2025-10-08 09_45_24.811-05_00.jpg,CV2
data/fvsu2025/bap2/250399_LeafPhotoA_2025-10-02 10_16_08.578-05_00.jpg,CV2
data/fvsu2025/bap2/251062_LeafPhotoA_2025-10-08 14_11_08.030-05_00.jpg,CV2
data/fvsu2025/bap2/250955_LeafPhotoA_2025-10-08 09_11_58.875-05_00.jpg,CV2
data/fvsu2025/bap2/251324_LeafPhotoA_2025-10-10 13_58_54.863-05_00.jpg,CV2
data/fvsu2025/bap2/251347_LeafPhotoA_2025-10-10 10_59_51.816-05_00.jpg,CV2
data/fvsu2025/bap2/250997_LeafPhotoA_2025-10-08 09_56_40.228-05_00.jpg,CV2
data/fvsu2025/bap2/250226_LeafPhotoA_2025-10-01 09_36_19.676-05_00.jpg,CV2
data/fvsu2025/bap2/250404_LeafPhotoA_2025-10-02 10_25_22.448-05_00.jpg,CV2
data/fvsu2025/bap2/250543_LeafPhotoA_2025-10-03 09_45_04.472-05_00.jpg,CV2
data/fvsu2025/bap2/251369_LeafPhotoA_2025-10-10 14_18_08.616-05_00.jpg,CV2
data/fvsu2025/bap2/251035_LeafPhotoA_2025-10-08 10_36_03.278-05_00.jpg,CV2
data/fvsu2025/bap2/250571_LeafPhotoA_2025-10-03 10_23_31.822-05_00.jpg,CV2
data/fvsu2025/bap2/250437_LeafPhotoA_2025-10-02 13_57_47.200-05_00.jpg,CV2
data/fvsu2025/bap2/251346_LeafPhotoA_2025-10-10 11_01_22.617-05_00.jpg,CV2
data/fvsu2025/bap2/251364_LeafPhotoA_2025-10-10 14_13_30.860-05_00.jpg,CV2
data/fvsu2025/bap2/251327_LeafPhotoA_2025-10-10 13_56_51.239-05_00.jpg,CV2
data/fvsu2025/bap2/251044_LeafPhotoA_2025-10-08 13_42_56.104-05_00.jpg,CV2
data/fvsu2025/bap2/251332_LeafPhotoA_2025-10-10 10_33_35.498-05_00.jpg,CV2
data/fvsu2025/bap2/250582_LeafPhotoA_2025-10-03 10_29_17.309-05_00.jpg,CV2
data/fvsu2025/bap2/250575_LeafPhotoA_2025-10-03 10_37_40.227-05_00.jpg,CV2
data/fvsu2025/bap2/250310_LeafPhotoA_2025-10-01 14_27_59.716-05_00.jpg,CV2
data/fvsu2025/bap2/250424_LeafPhotoA_2025-10-02 13_44_12.893-05_00.jpg,CV2
data/fvsu2025/bap2/250491_LeafPhotoA_2025-10-02 14_39_28.171-05_00.jpg,CV2
data/fvsu2025/bap2/251330_LeafPhotoA_2025-10-10 10_31_16.779-05_00.jpg,CV2
data/fvsu2025/bap2/250768_LeafPhotoA_2025-10-07 14_35_14.980-05_00.jpg,CV2
data/fvsu2025/bap2/250955_LeafPhotoA_2025-10-08 09_11_35.295-05_00.jpg,CV2
data/fvsu2025/bap2/250526_LeafPhotoA_2025-10-03 09_14_56.583-05_00.jpg,CV2
data/fvsu2025/bap2/250294_LeafPhotoA_2025-10-01 14_02_59.669-05_00.jpg,CV2
data/fvsu2025/bap2/250398_LeafPhotoA_2025-10-02 10_14_15.923-05_00.jpg,CV2
data/fvsu2025/bap2/250506_LeafPhotoA_2025-10-03 08_50_13.086-05_00.jpg,CV2
data/fvsu2025/bap2/250762_LeafPhotoA_2025-10-07 14_30_13.171-05_00.jpg,CV2
data/fvsu2025/bap2/250482_LeafPhotoA_2025-10-02 14_25_56.564-05_00.jpg,CV2
data/fvsu2025/bap2/250288_LeafPhotoA_2025-10-01 13_49_00.819-05_00.jpg,SAM3
data/fvsu2025/bap2/250253_LeafPhotoA_2025-10-01 10_43_21.251-05_00.jpg,CV2
data/fvsu2025/bap2/251070_LeafPhotoA_2025-10-08 14_01_25.627-05_00.jpg,CV2
data/fvsu2025/bap2/251357_LeafPhotoA_2025-10-10 10_48_45.512-05_00.jpg,CV2
data/fvsu2025/bap2/250760_LeafPhotoA_2025-10-07 14_27_55.746-05_00.jpg,CV2
data/fvsu2025/bap2/250429_LeafPhotoA_2025-10-02 14_11_38.723-05_00.jpg,CV2
data/fvsu2025/bap2/250252_LeafPhotoA_2025-10-01 10_42_33.516-05_00.jpg,CV2
data/fvsu2025/bap2/250229_LeafPhotoA_2025-10-01 09_40_55.837-05_00.jpg,CV2
data/fvsu2025/bap2/250248_LeafPhotoA_2025-10-01 10_38_06.714-05_00.jpg,CV2
data/fvsu2025/bap2/250306_LeafPhotoA_2025-10-01 14_32_59.030-05_00.jpg,CV2
data/fvsu2025/bap2/251311_LeafPhotoA_2025-10-10 13_55_58.039-05_00.jpg,CV2
data/fvsu2025/bap2/250971_LeafPhotoA_2025-10-08 09_30_37.382-05_00.jpg,CV2
data/fvsu2025/bap2/251064_LeafPhotoA_2025-10-08 14_09_21.502-05_00.jpg,CV2
data/fvsu2025/bap2/250503_LeafPhotoA_2025-10-03 08_47_37.251-05_00.jpg,CV2
data/fvsu2025/bap2/250759_LeafPhotoA_2025-10-07 14_26_54.193-05_00.jpg,CV2
data/fvsu2025/bap2/250424_LeafPhotoA_2025-10-02 13_43_37.713-05_00.jpg,CV2
data/fvsu2025/bap2/250766_LeafPhotoA_2025-10-07 14_33_20.649-05_00.jpg,CV2
data/fvsu2025/bap2/250075_LeafPhotoA_2025-10-01 09_01_59.790-05_00.jpg,CV2
data/fvsu2025/bap2/250995_LeafPhotoA_2025-10-08 09_58_08.892-05_00.jpg,CV2
data/fvsu2025/bap2/251333_LeafPhotoA_2025-10-10 10_34_27.647-05_00.jpg,CV2
data/fvsu2025/bap2/250724_LeafPhotoA_2025-10-07 13_56_24.945-05_00.jpg,CV2
data/fvsu2025/bap2/250543_LeafPhotoA_2025-10-03 09_44_35.066-05_00.jpg,CV2
data/fvsu2025/bap2/250714_LeafPhotoA_2025-10-07 13_45_02.041-05_00.jpg,CV2
data/fvsu2025/bap2/251300_LeafPhotoA_2025-10-10 13_46_18.958-05_00.jpg,CV2
data/fvsu2025/bap2/250522_LeafPhotoA_2025-10-03 08_54_59.685-05_00.jpg,CV2
data/fvsu2025/bap2/250408_LeafPhotoA_2025-10-02 10_29_45.166-05_00.jpg,CV2
data/fvsu2025/bap2/250977_LeafPhotoA_2025-10-08 09_40_39.805-05_00.jpg,CV2
data/fvsu2025/bap2/250232_LeafPhotoA_2025-10-01 09_46_31.143-05_00.jpg,CV2
data/fvsu2025/bap2/250480_LeafPhotoA_2025-10-02 14_23_53.028-05_00.jpg,CV2
data/fvsu2025/bap2/251047_LeafPhotoA_2025-10-08 13_48_18.892-05_00.jpg,CV2
data/fvsu2025/bap2/250557_LeafPhotoA_2025-10-03 10_08_59.472-05_00.jpg,CV2
data/fvsu2025/bap2/250501_LeafPhotoA_2025-10-03 08_45_49.209-05_00.jpg,CV2
data/fvsu2025/bap2/250244_LeafPhotoA_2025-10-01 10_31_31.308-05_00.jpg,CV2
data/fvsu2025/bap2/250421_LeafPhotoA_2025-10-02 13_39_29.914-05_00.jpg,CV2
data/fvsu2025/bap2/250558_LeafPhotoA_2025-10-03 10_10_01.529-05_00.jpg,CV2
data/fvsu2025/bap2/251049_LeafPhotoA_2025-10-08 13_50_53.465-05_00.jpg,CV2
data/fvsu2025/bap2/250390_LeafPhotoA_2025-10-02 10_41_17.863-05_00.jpg,CV2
data/fvsu2025/bap2/250229_LeafPhotoA_2025-10-01 09_41_14.120-05_00.jpg,CV2
data/fvsu2025/bap2/250255_LeafPhotoA_2025-10-01 10_46_16.236-05_00.jpg,CV2
data/fvsu2025/bap2/251310_LeafPhotoA_2025-10-10 13_54_45.065-05_00.jpg,CV2
data/fvsu2025/bap2/251064_LeafPhotoA_2025-10-08 14_09_34.334-05_00.jpg,CV2
data/fvsu2025/bap2/251053_LeafPhotoA_2025-10-08 13_57_17.370-05_00.jpg,CV2
data/fvsu2025/bap2/250273_LeafPhotoA_2025-10-01 13_23_33.060-05_00.jpg,CV2
data/fvsu2025/bap2/250564_LeafPhotoA_2025-10-03 10_15_41.341-05_00.jpg,CV2
data/fvsu2025/bap2/250075_LeafPhotoA_2025-10-01 09_01_32.204-05_00.jpg,CV2
data/fvsu2025/bap2/251315_LeafPhotoA_2025-10-10 14_05_12.415-05_00.jpg,CV2
data/fvsu2025/bap2/251311_LeafPhotoA_2025-10-10 13_55_27.021-05_00.jpg,CV2
data/fvsu2025/bap2/250284_LeafPhotoA_2025-10-01 13_43_51.752-05_00.jpg,CV2
data/fvsu2025/bap2/250010_LeafPhotoA_2025-10-01 08_42_05.816-05_00.jpg,CV2
data/fvsu2025/bap2/250390_LeafPhotoA_2025-10-02 10_40_56.958-05_00.jpg,CV2
data/fvsu2025/bap2/250403_LeafPhotoA_2025-10-02 10_23_33.442-05_00.jpg,CV2
data/fvsu2025/bap2/251355_LeafPhotoA_2025-10-10 10_51_29.943-05_00.jpg,CV2
data/fvsu2025/bap2/251056_LeafPhotoA_2025-10-08 14_17_18.311-05_00.jpg,CV2
data/fvsu2025/bap2/250420_LeafPhotoA_2025-10-02 13_38_15.309-05_00.jpg,CV2
data/fvsu2025/bap2/250581_LeafPhotoA_2025-10-03 10_30_41.989-05_00.jpg,CV2
data/fvsu2025/bap2/250001_LeafPhotoA_2025-10-01 08_02_55.125-05_00.jpg,CV2
data/fvsu2025/bap2/250279_LeafPhotoA_2025-10-01 13_32_46.606-05_00.jpg,CV2
data/fvsu2025/bap2/250316_LeafPhotoA_2025-10-01 14_21_20.793-05_00.jpg,CV2
data/fvsu2025/bap2/250231_LeafPhotoA_2025-10-01 09_45_45.722-05_00.jpg,CV2
data/fvsu2025/bap2/251322_LeafPhotoA_2025-10-10 13_59_49.886-05_00.jpg,CV2
data/fvsu2025/bap2/250769_LeafPhotoA_2025-10-07 14_36_24.921-05_00.jpg,CV2
data/fvsu2025/bap2/250754_LeafPhotoA_2025-10-07 14_14_06.967-05_00.jpg,CV2
data/fvsu2025/bap2/250309_LeafPhotoA_2025-10-01 14_28_33.704-05_00.jpg,CV2
data/fvsu2025/bap2/250982_LeafPhotoA_2025-10-08 09_49_50.054-05_00.jpg,CV2
data/fvsu2025/bap2/250414_LeafPhotoA_2025-10-02 13_31_46.393-05_00.jpg,CV2
data/fvsu2025/bap2/250517_LeafPhotoA_2025-10-03 08_59_12.669-05_00.jpg,CV2
data/fvsu2025/bap2/250531_LeafPhotoA_2025-10-03 09_20_17.891-05_00.jpg,CV2
data/fvsu2025/bap2/250391_LeafPhotoA_2025-10-02 10_40_02.480-05_00.jpg,CV2
data/fvsu2025/bap2/250006_LeafPhotoA_2025-10-01 08_32_31.004-05_00.jpg,CV2
data/fvsu2025/bap2/251065_LeafPhotoA_2025-10-08 14_08_50.677-05_00.jpg,CV2
data/fvsu2025/bap2/251311_LeafPhotoA_2025-10-10 13_55_43.509-05_00.jpg,CV2
data/fvsu2025/bap2/250300_LeafPhotoA_2025-10-01 14_09_40.904-05_00.jpg,CV2
data/fvsu2025/bap2/250525_LeafPhotoA_2025-10-03 09_13_56.421-05_00.jpg,CV2
data/fvsu2025/bap2/250254_LeafPhotoA_2025-10-01 10_45_12.936-05_00.jpg,CV2
data/fvsu2025/bap2/250319_LeafPhotoA_2025-10-01 14_18_09.695-05_00.jpg,CV2
data/fvsu2025/bap2/250747_LeafPhotoA_2025-10-07 14_21_54.065-05_00.jpg,CV2
data/fvsu2025/bap2/251044_LeafPhotoA_2025-10-08 13_43_27.773-05_00.jpg,CV2
data/fvsu2025/bap2/250393_LeafPhotoA_2025-10-02 10_37_31.340-05_00.jpg,CV2
data/fvsu2025/bap2/250546_LeafPhotoA_2025-10-03 09_39_28.462-05_00.jpg,CV2
data/fvsu2025/bap2/250983_LeafPhotoA_2025-10-08 10_17_11.541-05_00.jpg,CV2
data/fvsu2025/bap2/250540_LeafPhotoA_2025-10-03 09_47_53.059-05_00.jpg,CV2
data/fvsu2025/bap2/250274_LeafPhotoA_2025-10-01 13_24_30.026-05_00.jpg,CV2
data/fvsu2025/bap2/250005_LeafPhotoA_2025-10-01 08_30_32.119-05_00.jpg,CV2
data/fvsu2025/bap2/251046_LeafPhotoA_2025-10-08 13_46_44.825-05_00.jpg,CV2
data/fvsu2025/bap2/250574_LeafPhotoA_2025-10-03 10_38_41.667-05_00.jpg,CV2
data/fvsu2025/bap2/250544_LeafPhotoA_2025-10-03 09_43_51.743-05_00.jpg,CV2
data/fvsu2025/bap2/250744_LeafPhotoA_2025-10-07 14_24_24.612-05_00.jpg,CV2
data/fvsu2025/bap2/250537_LeafPhotoA_2025-10-03 09_24_39.591-05_00.jpg,CV2
data/fvsu2025/bap2/250006_LeafPhotoA_2025-10-01 08_32_56.092-05_00.jpg,CV2
data/fvsu2025/bap2/250567_LeafPhotoA_2025-10-03 10_19_00.506-05_00.jpg,CV2
data/fvsu2025/bap2/250317_LeafPhotoA_2025-10-01 14_20_16.087-05_00.jpg,CV2
data/fvsu2025/bap2/250296_LeafPhotoA_2025-10-01 14_04_21.032-05_00.jpg,CV2
data/fvsu2025/bap2/251349_LeafPhotoA_2025-10-10 10_58_39.620-05_00.jpg,CV2
data/fvsu2025/bap2/250567_LeafPhotoA_2025-10-03 10_18_41.980-05_00.jpg,CV2
data/fvsu2025/bap2/250949_LeafPhotoA_2025-10-08 08_54_47.355-05_00.jpg,CV2
data/fvsu2025/bap2/250253_LeafPhotoA_2025-10-01 10_42_55.148-05_00.jpg,CV2
data/fvsu2025/bap2/250938_LeafPhotoA_2025-10-08 08_36_58.184-05_00.jpg,CV2
data/fvsu2025/bap2/250944_LeafPhotoA_2025-10-08 08_45_09.791-05_00.jpg,CV2
data/fvsu2025/bap2/250576_LeafPhotoA_2025-10-03 10_36_40.861-05_00.jpg,CV2
data/fvsu2025/bap2/250509_LeafPhotoA_2025-10-03 09_08_33.468-05_00.jpg,CV2
data/fvsu2025/bap2/250771_LeafPhotoA_2025-10-07 14_37_48.298-05_00.jpg,CV2
data/fvsu2025/bap2/251310_LeafPhotoA_2025-10-10 13_54_55.185-05_00.jpg,CV2
data/fvsu2025/bap2/251070_LeafPhotoA_2025-10-08 14_01_16.727-05_00.jpg,CV2
data/fvsu2025/bap2/250014_LeafPhotoA_2025-10-01 08_48_06.227-05_00.jpg,CV2
data/fvsu2025/bap2/251036_LeafPhotoA_2025-10-08 10_37_48.596-05_00.jpg,CV2
data/fvsu2025/bap2/251352_LeafPhotoA_2025-10-10 10_55_24.500-05_00.jpg,CV2
data/fvsu2025/bap2/251344_LeafPhotoA_2025-10-10 11_02_47.274-05_00.jpg,CV2
data/fvsu2025/bap2/250297_LeafPhotoA_2025-10-01 14_06_10.744-05_00.jpg,CV2
data/fvsu2025/bap2/250751_LeafPhotoA_2025-10-07 14_17_19.416-05_00.jpg,CV2
data/fvsu2025/bap2/250296_LeafPhotoA_2025-10-01 14_04_47.670-05_00.jpg,CV2
data/fvsu2025/bap2/251314_LeafPhotoA_2025-10-10 14_06_14.841-05_00.jpg,CV2
data/fvsu2025/bap2/250988_LeafPhotoA_2025-10-08 10_12_12.807-05_00.jpg,CV2
data/fvsu2025/bap2/250765_LeafPhotoA_2025-10-07 14_32_24.956-05_00.jpg,CV2
data/fvsu2025/bap2/250246_LeafPhotoA_2025-10-01 10_33_44.252-05_00.jpg,CV2
data/fvsu2025/bap2/250536_LeafPhotoA_2025-10-03 09_23_44.422-05_00.jpg,CV2
data/fvsu2025/bap2/251342_LeafPhotoA_2025-10-10 10_44_27.423-05_00.jpg,CV2
data/fvsu2025/bap2/250504_LeafPhotoA_2025-10-03 08_48_21.336-05_00.jpg,CV2
data/fvsu2025/bap2/250315_LeafPhotoA_2025-10-01 14_22_50.934-05_00.jpg,CV2
data/fvsu2025/bap2/250575_LeafPhotoA_2025-10-03 10_37_59.105-05_00.jpg,CV2
data/fvsu2025/bap2/250570_LeafPhotoA_2025-10-03 10_22_06.426-05_00.jpg,CV2
data/fvsu2025/bap2/250308_LeafPhotoA_2025-10-01 14_30_06.640-05_00.jpg,CV2
data/fvsu2025/bap2/251351_LeafPhotoA_2025-10-10 10_56_13.163-05_00.jpg,CV2
data/fvsu2025/bap2/250068_LeafPhotoA_2025-10-01 09_17_04.949-05_00.jpg,CV2
data/fvsu2025/bap2/251307_LeafPhotoA_2025-10-10 13_52_16.019-05_00.jpg,CV2
data/fvsu2025/bap2/250395_LeafPhotoA_2025-10-02 10_35_13.599-05_00.jpg,CV2
data/fvsu2025/bap2/250399_LeafPhotoA_2025-10-02 10_15_08.115-05_00.jpg,CV2
data/fvsu2025/bap2/250516_LeafPhotoA_2025-10-03 09_00_55.474-05_00.jpg,CV2
data/fvsu2025/bap2/250556_LeafPhotoA_2025-10-03 10_08_03.695-05_00.jpg,CV2
data/fvsu2025/bap2/250495_LeafPhotoA_2025-10-03 08_39_18.162-05_00.jpg,SAM3
data/fvsu2025/bap2/250945_LeafPhotoA_2025-10-08 08_47_21.084-05_00.jpg,CV2
data/fvsu2025/bap2/250747_LeafPhotoA_2025-10-07 14_21_00.178-05_00.jpg,CV2
data/fvsu2025/bap2/250252_LeafPhotoA_2025-10-01 10_42_02.605-05_00.jpg,CV2
data/fvsu2025/bap2/250314_LeafPhotoA_2025-10-01 14_23_48.419-05_00.jpg,CV2
data/fvsu2025/bap2/250525_LeafPhotoA_2025-10-03 09_14_07.335-05_00.jpg,CV2
data/fvsu2025/bap2/250076_LeafPhotoA_2025-10-01 09_00_37.961-05_00.jpg,CV2
data/fvsu2025/bap2/250995_LeafPhotoA_2025-10-08 09_58_33.006-05_00.jpg,CV2
data/fvsu2025/bap2/250423_LeafPhotoA_2025-10-02 13_42_22.942-05_00.jpg,CV2
data/fvsu2025/bap2/250586_LeafPhotoA_2025-10-03 10_25_40.041-05_00.jpg,CV2
data/fvsu2025/bap2/251337_LeafPhotoA_2025-10-10 10_38_06.887-05_00.jpg,CV2
data/fvsu2025/bap2/251299_LeafPhotoA_2025-10-10 13_44_56.032-05_00.jpg,CV2
data/fvsu2025/bap2/250440_LeafPhotoA_2025-10-02 13_53_01.555-05_00.jpg,CV2
data/fvsu2025/bap2/250749_LeafPhotoA_2025-10-07 14_19_49.758-05_00.jpg,CV2
data/fvsu2025/bap2/251329_LeafPhotoA_2025-10-10 10_30_28.898-05_00.jpg,CV2
data/fvsu2025/bap2/250308_LeafPhotoA_2025-10-01 14_30_22.170-05_00.jpg,CV2
data/fvsu2025/bap2/250540_LeafPhotoA_2025-10-03 09_48_10.005-05_00.jpg,CV2
data/fvsu2025/bap2/250432_LeafPhotoA_2025-10-02 14_04_31.326-05_00.jpg,CV2
data/fvsu2025/bap2/250429_LeafPhotoA_2025-10-02 14_12_27.917-05_00.jpg,CV2
data/fvsu2025/bap2/250511_LeafPhotoA_2025-10-03 09_06_29.312-05_00.jpg,CV2
data/fvsu2025/bap2/250488_LeafPhotoA_2025-10-02 14_34_58.159-05_00.jpg,CV2
data/fvsu2025/bap2/250071_LeafPhotoA_2025-10-01 09_12_08.637-05_00.jpg,CV2
data/fvsu2025/bap2/251332_LeafPhotoA_2025-10-10 10_33_13.559-05_00.jpg,CV2
data/fvsu2025/bap2/251048_LeafPhotoA_2025-10-08 13_49_43.756-05_00.jpg,CV2
data/fvsu2025/bap2/250011_LeafPhotoA_2025-10-01 08_43_43.777-05_00.jpg,CV2
data/fvsu2025/bap2/251348_LeafPhotoA_2025-10-10 10_59_25.111-05_00.jpg,CV2
data/fvsu2025/bap2/250717_LeafPhotoA_2025-10-07 13_48_33.369-05_00.jpg,CV2
data/fvsu2025/bap2/250714_LeafPhotoA_2025-10-07 13_44_44.486-05_00.jpg,CV2
data/fvsu2025/bap2/250303_LeafPhotoA_2025-10-01 14_14_13.135-05_00.jpg,CV2
data/fvsu2025/bap2/250443_LeafPhotoA_2025-10-02 13_49_17.144-05_00.jpg,CV2
data/fvsu2025/bap2/250562_LeafPhotoA_2025-10-03 10_12_58.339-05_00.jpg,CV2
data/fvsu2025/bap2/250428_LeafPhotoA_2025-10-02 14_15_11.095-05_00.jpg,CV2
data/fvsu2025/bap2/250314_LeafPhotoA_2025-10-01 14_23_33.620-05_00.jpg,CV2
data/fvsu2025/bap2/250009_LeafPhotoA_2025-10-01 08_40_02.953-05_00.jpg,CV2
data/fvsu2025/bap2/250065_LeafPhotoA_2025-10-01 09_22_15.719-05_00.jpg,CV2
data/fvsu2025/bap2/250515_LeafPhotoA_2025-10-03 09_02_29.310-05_00.jpg,CV2
data/fvsu2025/bap2/250430_LeafPhotoA_2025-10-02 14_09_18.780-05_00.jpg,CV2
data/fvsu2025/bap2/251339_LeafPhotoA_2025-10-10 10_41_26.800-05_00.jpg,CV2
data/fvsu2025/bap2/250278_LeafPhotoA_2025-10-01 13_30_06.827-05_00.jpg,CV2
data/fvsu2025/bap2/250756_LeafPhotoA_2025-10-07 14_08_19.224-05_00.jpg,CV2
data/fvsu2025/bap2/250242_LeafPhotoA_2025-10-01 10_29_02.998-05_00.jpg,CV2
data/fvsu2025/bap2/250745_LeafPhotoA_2025-10-07 14_23_01.718-05_00.jpg,CV2
data/fvsu2025/bap2/250315_LeafPhotoA_2025-10-01 14_22_10.859-05_00.jpg,CV2
data/fvsu2025/bap2/250301_LeafPhotoA_2025-10-01 14_10_53.873-05_00.jpg,CV2
data/fvsu2025/bap2/250277_LeafPhotoA_2025-10-01 13_28_43.399-05_00.jpg,CV2
data/fvsu2025/bap2/250522_LeafPhotoA_2025-10-03 08_54_36.256-05_00.jpg,CV2
data/fvsu2025/bap2/251051_LeafPhotoA_2025-10-08 13_54_23.338-05_00.jpg,CV2
data/fvsu2025/bap2/250722_LeafPhotoA_2025-10-07 13_54_24.196-05_00.jpg,CV2
data/fvsu2025/bap2/250539_LeafPhotoA_2025-10-03 09_27_46.416-05_00.jpg,CV2
data/fvsu2025/bap2/250994_LeafPhotoA_2025-10-08 10_01_25.570-05_00.jpg,CV2
data/fvsu2025/bap2/251045_LeafPhotoA_2025-10-08 13_45_36.784-05_00.jpg,CV2
data/fvsu2025/bap2/250770_LeafPhotoA_2025-10-07 14_36_53.009-05_00.jpg,CV2
data/fvsu2025/bap2/250770_LeafPhotoA_2025-10-07 14_37_18.240-05_00.jpg,CV2
data/fvsu2025/bap2/250547_LeafPhotoA_2025-10-03 09_38_20.936-05_00.jpg,CV2
data/fvsu2025/bap2/250287_LeafPhotoA_2025-10-01 13_47_52.358-05_00.jpg,CV2
data/fvsu2025/bap2/250512_LeafPhotoA_2025-10-03 09_05_21.846-05_00.jpg,CV2
data/fvsu2025/bap2/250069_LeafPhotoA_2025-10-01 09_15_36.115-05_00.jpg,CV2
data/fvsu2025/bap2/251338_LeafPhotoA_2025-10-10 10_39_10.223-05_00.jpg,CV2
data/fvsu2025/bap2/250246_LeafPhotoA_2025-10-01 10_34_40.600-05_00.jpg,CV2
data/fvsu2025/bap2/251301_LeafPhotoA_2025-10-10 13_47_03.584-05_00.jpg,CV2
data/fvsu2025/bap2/250492_LeafPhotoA_2025-10-03 08_22_14.774-05_00.jpg,CV2
data/fvsu2025/bap2/250764_LeafPhotoA_2025-10-07 14_31_28.592-05_00.jpg,CV2
data/fvsu2025/bap2/250419_LeafPhotoA_2025-10-02 13_37_28.829-05_00.jpg,CV2
data/fvsu2025/bap2/250976_LeafPhotoA_2025-10-08 09_37_37.383-05_00.jpg,CV2
data/fvsu2025/bap2/250774_LeafPhotoA_2025-10-07 14_42_16.452-05_00.jpg,CV2
data/fvsu2025/bap2/251041_LeafPhotoA_2025-10-08 13_41_53.525-05_00.jpg,CV2
data/fvsu2025/bap2/250015_LeafPhotoA_2025-10-01 08_49_16.643-05_00.jpg,CV2
data/fvsu2025/bap2/250753_LeafPhotoA_2025-10-07 14_15_30.168-05_00.jpg,CV2
data/fvsu2025/bap2/250015_LeafPhotoA_2025-10-01 08_48_31.219-05_00.jpg,CV2
data/fvsu2025/bap2/250430_LeafPhotoA_2025-10-02 14_10_19.556-05_00.jpg,CV2
data/fvsu2025/bap2/250761_LeafPhotoA_2025-10-07 14_29_13.096-05_00.jpg,CV2
data/fvsu2025/bap2/251341_LeafPhotoA_2025-10-10 10_43_24.603-05_00.jpg,CV2
data/fvsu2025/bap2/250961_LeafPhotoA_2025-10-08 09_04_34.168-05_00.jpg,CV2
data/fvsu2025/bap2/250560_LeafPhotoA_2025-10-03 10_11_14.855-05_00.jpg,CV2
data/fvsu2025/bap2/250544_LeafPhotoA_2025-10-03 09_44_12.555-05_00.jpg,CV2
data/fvsu2025/bap2/250758_LeafPhotoA_2025-10-07 14_06_19.486-05_00.jpg,CV2
data/fvsu2025/bap2/250549_LeafPhotoA_2025-10-03 09_37_13.796-05_00.jpg,CV2
data/fvsu2025/bap2/251039_LeafPhotoA_2025-10-08 10_40_42.759-05_00.jpg,CV2
data/fvsu2025/bap2/250423_LeafPhotoA_2025-10-02 13_42_04.190-05_00.jpg,CV2
data/fvsu2025/bap2/250757_LeafPhotoA_2025-10-07 14_07_46.155-05_00.jpg,CV2
data/fvsu2025/bap2/250752_LeafPhotoA_2025-10-07 14_16_16.280-05_00.jpg,CV2
data/fvsu2025/bap2/251049_LeafPhotoA_2025-10-08 13_51_59.265-05_00.jpg,CV2
data/fvsu2025/bap2/250498_LeafPhotoA_2025-10-03 08_43_09.960-05_00.jpg,CV2
data/fvsu2025/bap2/250572_LeafPhotoA_2025-10-03 10_40_45.542-05_00.jpg,CV2
data/fvsu2025/bap2/250559_LeafPhotoA_2025-10-03 10_10_15.516-05_00.jpg,CV2
data/fvsu2025/bap2/250296_LeafPhotoA_2025-10-01 14_05_06.886-05_00.jpg,CV2
data/fvsu2025/bap2/250302_LeafPhotoA_2025-10-01 14_11_44.702-05_00.jpg,CV2
data/fvsu2025/bap2/250225_LeafPhotoA_2025-10-01 09_35_09.632-05_00.jpg,CV2
data/fvsu2025/bap2/250578_LeafPhotoA_2025-10-03 10_33_49.436-05_00.jpg,CV2
data/fvsu2025/bap2/250969_LeafPhotoA_2025-10-08 09_29_49.273-05_00.jpg,CV2
data/fvsu2025/bap2/250074_LeafPhotoA_2025-10-01 09_07_57.153-05_00.jpg,CV2
data/fvsu2025/bap2/250948_LeafPhotoA_2025-10-08 08_52_37.148-05_00.jpg,CV2
data/fvsu2025/bap2/250069_LeafPhotoA_2025-10-01 09_14_50.737-05_00.jpg,CV2
data/fvsu2025/bap2/251374_LeafPhotoA_2025-10-10 14_21_19.890-05_00.jpg,CV2
data/fvsu2025/bap2/250234_LeafPhotoA_2025-10-01 09_49_06.009-05_00.jpg,CV2
data/fvsu2025/bap2/250282_LeafPhotoA_2025-10-01 13_36_40.614-05_00.jpg,CV2
data/fvsu2025/bap2/250392_LeafPhotoA_2025-10-02 10_38_52.126-05_00.jpg,CV2
data/fvsu2025/bap2/250308_LeafPhotoA_2025-10-01 14_30_39.933-05_00.jpg,CV2
data/fvsu2025/bap2/251048_LeafPhotoA_2025-10-08 13_48_47.708-05_00.jpg,CV2
data/fvsu2025/bap2/250070_LeafPhotoA_2025-10-01 09_12_58.383-05_00.jpg,CV2
data/fvsu2025/bap2/250971_LeafPhotoA_2025-10-08 09_31_11.008-05_00.jpg,CV2
data/fvsu2025/bap2/251059_LeafPhotoA_2025-10-08 14_13_34.400-05_00.jpg,CV2
data/fvsu2025/bap2/250397_LeafPhotoA_2025-10-02 10_12_13.224-05_00.jpg,CV2
data/fvsu2025/bap2/250275_LeafPhotoA_2025-10-01 13_25_18.974-05_00.jpg,CV2
data/fvsu2025/bap2/250536_LeafPhotoA_2025-10-03 09_24_00.660-05_00.jpg,CV2
data/fvsu2025/bap2/250981_LeafPhotoA_2025-10-08 09_44_26.108-05_00.jpg,CV2
data/fvsu2025/bap2/250394_LeafPhotoA_2025-10-02 10_36_54.443-05_00.jpg,CV2
data/fvsu2025/bap2/250504_LeafPhotoA_2025-10-03 08_47_53.647-05_00.jpg,CV2
data/fvsu2025/bap2/250298_LeafPhotoA_2025-10-01 14_06_54.122-05_00.jpg,CV2
data/fvsu2025/bap2/251059_LeafPhotoA_2025-10-08 14_13_47.449-05_00.jpg,CV2
data/fvsu2025/bap2/250249_LeafPhotoA_2025-10-01 10_39_34.990-05_00.jpg,CV2
data/fvsu2025/bap2/251313_LeafPhotoA_2025-10-10 14_07_14.985-05_00.jpg,CV2
data/fvsu2025/bap2/251322_LeafPhotoA_2025-10-10 14_00_02.133-05_00.jpg,CV2
data/fvsu2025/bap2/250957_LeafPhotoA_2025-10-08 09_10_06.013-05_00.jpg,CV2
data/fvsu2025/bap2/251039_LeafPhotoA_2025-10-08 10_40_16.101-05_00.jpg,CV2
data/fvsu2025/bap2/250545_LeafPhotoA_2025-10-03 09_42_02.860-05_00.jpg,CV2
data/fvsu2025/bap2/250067_LeafPhotoA_2025-10-01 09_17_52.697-05_00.jpg,CV2
data/fvsu2025/bap2/250576_LeafPhotoA_2025-10-03 10_36_22.507-05_00.jpg,CV2
data/fvsu2025/bap2/250516_LeafPhotoA_2025-10-03 09_01_06.638-05_00.jpg,CV2
data/fvsu2025/bap2/250938_LeafPhotoA_2025-10-08 08_37_45.335-05_00.jpg,CV2
data/fvsu2025/bap2/250415_LeafPhotoA_2025-10-02 13_32_54.389-05_00.jpg,CV2
data/fvsu2025/bap2/251331_LeafPhotoA_2025-10-10 10_32_10.263-05_00.jpg,CV2
data/fvsu2025/bap2/250573_LeafPhotoA_2025-10-03 10_39_36.824-05_00.jpg,CV2
data/fvsu2025/bap2/250320_LeafPhotoA_2025-10-01 14_16_40.776-05_00.jpg,CV2
data/fvsu2025/bap2/250538_LeafPhotoA_2025-10-03 09_26_15.283-05_00.jpg,CV2
data/fvsu2025/bap2/251040_LeafPhotoA_2025-10-08 13_40_41.347-05_00.jpg,CV2
data/fvsu2025/bap2/250066_LeafPhotoA_2025-10-01 09_19_12.497-05_00.jpg,CV2
data/fvsu2025/bap2/250004_LeafPhotoA_2025-10-01 08_18_52.000-05_00.jpg,CV2
data/fvsu2025/bap2/250968_LeafPhotoA_2025-10-08 09_27_37.418-05_00.jpg,CV2
data/fvsu2025/bap2/251338_LeafPhotoA_2025-10-10 10_38_36.153-05_00.jpg,CV2
data/fvsu2025/bap2/250482_LeafPhotoA_2025-10-02 14_26_11.728-05_00.jpg,CV2
data/fvsu2025/bap2/251305_LeafPhotoA_2025-10-10 13_49_59.446-05_00.jpg,CV2
data/fvsu2025/bap2/250316_LeafPhotoA_2025-10-01 14_21_51.117-05_00.jpg,CV2
data/fvsu2025/bap2/250715_LeafPhotoA_2025-10-07 13_46_09.861-05_00.jpg,CV2
data/fvsu2025/bap2/250312_LeafPhotoA_2025-10-01 14_26_21.869-05_00.jpg,CV2
data/fvsu2025/bap2/250486_LeafPhotoA_2025-10-02 14_31_39.025-05_00.jpg,CV2
data/fvsu2025/bap2/250481_LeafPhotoA_2025-10-02 14_25_17.048-05_00.jpg,CV2
data/fvsu2025/bap2/250542_LeafPhotoA_2025-10-03 09_46_10.127-05_00.jpg,CV2
data/fvsu2025/bap2/251306_LeafPhotoA_2025-10-10 13_51_40.534-05_00.jpg,CV2
data/fvsu2025/bap2/250530_LeafPhotoA_2025-10-03 09_18_17.312-05_00.jpg,CV2
data/fvsu2025/bap2/250514_LeafPhotoA_2025-10-03 09_03_32.527-05_00.jpg,CV2
data/fvsu2025/bap2/251309_LeafPhotoA_2025-10-10 13_53_53.245-05_00.jpg,CV2
data/fvsu2025/bap2/250945_LeafPhotoA_2025-10-08 08_46_56.182-05_00.jpg,CV2
data/fvsu2025/bap2/251059_LeafPhotoA_2025-10-08 14_13_58.042-05_00.jpg,CV2
data/fvsu2025/bap2/250483_LeafPhotoA_2025-10-02 14_30_23.917-05_00.jpg,CV2
data/fvsu2025/bap2/250490_LeafPhotoA_2025-10-02 14_38_25.017-05_00.jpg,CV2
data/fvsu2025/bap2/250583_LeafPhotoA_2025-10-03 10_27_42.095-05_00.jpg,CV2
data/fvsu2025/bap2/250430_LeafPhotoA_2025-10-02 14_09_50.495-05_00.jpg,CV2
data/fvsu2025/bap2/250397_LeafPhotoA_2025-10-02 10_12_32.240-05_00.jpg,CV2
data/fvsu2025/bap2/250946_LeafPhotoA_2025-10-08 08_49_13.872-05_00.jpg,CV2
data/fvsu2025/bap2/250948_LeafPhotoA_2025-10-08 08_52_54.564-05_00.jpg,CV2
data/fvsu2025/bap2/250397_LeafPhotoA_2025-10-02 10_12_49.955-05_00.jpg,CV2
data/fvsu2025/bap2/250406_LeafPhotoA_2025-10-02 10_26_59.019-05_00.jpg,CV2
data/fvsu2025/bap2/251314_LeafPhotoA_2025-10-10 14_06_01.068-05_00.jpg,CV2
data/fvsu2025/bap2/250744_LeafPhotoA_2025-10-07 14_23_54.897-05_00.jpg,CV2
data/fvsu2025/bap2/250400_LeafPhotoA_2025-10-02 10_18_30.751-05_00.jpg,CV2
data/fvsu2025/bap2/250582_LeafPhotoA_2025-10-03 10_29_01.868-05_00.jpg,CV2
data/fvsu2025/bap2/251308_LeafPhotoA_2025-10-10 13_53_28.480-05_00.jpg,CV2
data/fvsu2025/bap2/250715_LeafPhotoA_2025-10-07 13_46_23.843-05_00.jpg,CV2
data/fvsu2025/bap2/250291_LeafPhotoA_2025-10-01 13_59_03.709-05_00.jpg,CV2
data/fvsu2025/bap2/251367_LeafPhotoA_2025-10-10 14_16_37.783-05_00.jpg,CV2
data/fvsu2025/bap2/250251_LeafPhotoA_2025-10-01 10_41_42.819-05_00.jpg,CV2
data/fvsu2025/bap2/251057_LeafPhotoA_2025-10-08 14_16_00.296-05_00.jpg,CV2
data/fvsu2025/bap2/251342_LeafPhotoA_2025-10-10 10_45_02.279-05_00.jpg,CV2
data/fvsu2025/bap2/250318_LeafPhotoA_2025-10-01 14_19_50.427-05_00.jpg,CV2
data/fvsu2025/bap2/250772_LeafPhotoA_2025-10-07 14_39_10.190-05_00.jpg,CV2
data/fvsu2025/bap2/250425_LeafPhotoA_2025-10-02 13_45_19.954-05_00.jpg,CV2
data/fvsu2025/bap2/250537_LeafPhotoA_2025-10-03 09_25_04.295-05_00.jpg,CV2
data/fvsu2025/bap2/250281_LeafPhotoA_2025-10-01 13_35_13.662-05_00.jpg,CV2
data/fvsu2025/bap2/250539_LeafPhotoA_2025-10-03 09_28_02.039-05_00.jpg,CV2
data/fvsu2025/bap2/250716_LeafPhotoA_2025-10-07 13_47_13.079-05_00.jpg,CV2
data/fvsu2025/bap2/250292_LeafPhotoA_2025-10-01 13_59_55.071-05_00.jpg,Failed
data/fvsu2025/bap2/250551_LeafPhotoA_2025-10-03 09_35_08.372-05_00.jpg,CV2
data/fvsu2025/bap2/250712_LeafPhotoA_2025-10-07 13_42_25.831-05_00.jpg,CV2
data/fvsu2025/bap2/250546_LeafPhotoA_2025-10-03 09_40_00.991-05_00.jpg,CV2
data/fvsu2025/bap2/251340_LeafPhotoA_2025-10-10 10_41_55.826-05_00.jpg,CV2
data/fvsu2025/bap2/250293_LeafPhotoA_2025-10-01 14_01_20.910-05_00.jpg,CV2
data/fvsu2025/bap2/250304_LeafPhotoA_2025-10-01 14_14_49.999-05_00.jpg,CV2
data/fvsu2025/bap2/251308_LeafPhotoA_2025-10-10 13_52_52.699-05_00.jpg,CV2
data/fvsu2025/bap2/251324_LeafPhotoA_2025-10-10 13_59_03.887-05_00.jpg,CV2
data/fvsu2025/bap2/250512_LeafPhotoA_2025-10-03 09_05_59.550-05_00.jpg,CV2
data/fvsu2025/bap2/250948_LeafPhotoA_2025-10-08 08_53_10.460-05_00.jpg,CV2
data/fvsu2025/bap2/250998_LeafPhotoA_2025-10-08 09_54_41.332-05_00.jpg,CV2
data/fvsu2025/bap2/250281_LeafPhotoA_2025-10-01 13_34_51.939-05_00.jpg,CV2
data/fvsu2025/bap2/250505_LeafPhotoA_2025-10-03 08_49_02.813-05_00.jpg,CV2
data/fvsu2025/bap2/250507_LeafPhotoA_2025-10-03 08_50_35.628-05_00.jpg,CV2
data/fvsu2025/bap2/250557_LeafPhotoA_2025-10-03 10_08_50.574-05_00.jpg,CV2
data/fvsu2025/bap2/251031_LeafPhotoA_2025-10-08 10_30_33.656-05_00.jpg,CV2
data/fvsu2025/bap2/250427_LeafPhotoA_2025-10-02 13_47_01.530-05_00.jpg,CV2
data/fvsu2025/bap2/250478_LeafPhotoA_2025-10-02 14_21_25.708-05_00.jpg,CV2
data/fvsu2025/bap2/250745_LeafPhotoA_2025-10-07 14_23_16.568-05_00.jpg,CV2
data/fvsu2025/bap2/250717_LeafPhotoA_2025-10-07 13_48_20.324-05_00.jpg,CV2
data/fvsu2025/bap2/250431_LeafPhotoA_2025-10-02 14_06_21.105-05_00.jpg,CV2
data/fvsu2025/bap2/250231_LeafPhotoA_2025-10-01 09_44_54.699-05_00.jpg,CV2
data/fvsu2025/bap2/250757_LeafPhotoA_2025-10-07 14_06_59.368-05_00.jpg,CV2
data/fvsu2025/bap2/250573_LeafPhotoA_2025-10-03 10_39_49.522-05_00.jpg,CV2
data/fvsu2025/bap2/250749_LeafPhotoA_2025-10-07 14_19_34.928-05_00.jpg,CV2
data/fvsu2025/bap2/250286_LeafPhotoA_2025-10-01 13_45_23.928-05_00.jpg,CV2
data/fvsu2025/bap2/250753_LeafPhotoA_2025-10-07 14_15_01.790-05_00.jpg,CV2
data/fvsu2025/bap2/251366_LeafPhotoA_2025-10-10 14_15_15.180-05_00.jpg,CV2
data/fvsu2025/bap2/251375_LeafPhotoA_2025-10-10 14_22_14.996-05_00.jpg,CV2
data/fvsu2025/bap2/250008_LeafPhotoA_2025-10-01 08_37_27.845-05_00.jpg,CV2
data/fvsu2025/bap2/251046_LeafPhotoA_2025-10-08 13_46_30.331-05_00.jpg,CV2
data/fvsu2025/bap2/250415_LeafPhotoA_2025-10-02 13_33_06.025-05_00.jpg,CV2
data/fvsu2025/bap2/250253_LeafPhotoA_2025-10-01 10_43_08.002-05_00.jpg,CV2
data/fvsu2025/bap2/250975_LeafPhotoA_2025-10-08 09_37_11.005-05_00.jpg,CV2
data/fvsu2025/bap2/250983_LeafPhotoA_2025-10-08 10_16_20.109-05_00.jpg,CV2
data/fvsu2025/bap2/250774_LeafPhotoA_2025-10-07 14_42_27.020-05_00.jpg,CV2
data/fvsu2025/bap2/250292_LeafPhotoA_2025-10-01 14_00_08.653-05_00.jpg,CV2
data/fvsu2025/bap2/250235_LeafPhotoA_2025-10-01 09_50_22.823-05_00.jpg,CV2
data/fvsu2025/bap2/250514_LeafPhotoA_2025-10-03 09_04_11.374-05_00.jpg,CV2
data/fvsu2025/bap2/250481_LeafPhotoA_2025-10-02 14_24_25.996-05_00.jpg,CV2
data/fvsu2025/bap2/251320_LeafPhotoA_2025-10-10 14_01_30.002-05_00.jpg,CV2
data/fvsu2025/bap2/250954_LeafPhotoA_2025-10-08 09_16_03.554-05_00.jpg,CV2
data/fvsu2025/bap2/250317_LeafPhotoA_2025-10-01 14_20_55.496-05_00.jpg,CV2
data/fvsu2025/bap2/250715_LeafPhotoA_2025-10-07 13_45_55.468-05_00.jpg,CV2
data/fvsu2025/bap2/251356_LeafPhotoA_2025-10-10 10_49_30.774-05_00.jpg,CV2
data/fvsu2025/bap2/250942_LeafPhotoA_2025-10-08 08_42_46.996-05_00.jpg,CV2
data/fvsu2025/bap2/250413_LeafPhotoA_2025-10-02 13_31_09.405-05_00.jpg,CV2
data/fvsu2025/bap2/250581_LeafPhotoA_2025-10-03 10_30_03.232-05_00.jpg,CV2
data/fvsu2025/bap2/250299_LeafPhotoA_2025-10-01 14_08_11.366-05_00.jpg,CV2
data/fvsu2025/bap2/250549_LeafPhotoA_2025-10-03 09_37_27.758-05_00.jpg,CV2
data/fvsu2025/bap2/251303_LeafPhotoA_2025-10-10 13_48_49.633-05_00.jpg,CV2
data/fvsu2025/bap2/250407_LeafPhotoA_2025-10-02 10_29_10.700-05_00.jpg,CV2
data/fvsu2025/bap2/250001_LeafPhotoA_2025-10-01 08_02_24.404-05_00.jpg,CV2
data/fvsu2025/bap2/250419_LeafPhotoA_2025-10-02 13_37_10.496-05_00.jpg,CV2
data/fvsu2025/bap2/250980_LeafPhotoA_2025-10-08 09_43_53.236-05_00.jpg,CV2
data/fvsu2025/bap2/250751_LeafPhotoA_2025-10-07 14_17_45.449-05_00.jpg,CV2
data/fvsu2025/bap2/251371_LeafPhotoA_2025-10-10 14_20_08.103-05_00.jpg,CV2
data/fvsu2025/bap2/251331_LeafPhotoA_2025-10-10 10_31_58.420-05_00.jpg,CV2
data/fvsu2025/bap2/251364_LeafPhotoA_2025-10-10 14_13_43.200-05_00.jpg,CV2
data/fvsu2025/bap2/250716_LeafPhotoA_2025-10-07 13_46_59.071-05_00.jpg,CV2
data/fvsu2025/bap2/251031_LeafPhotoA_2025-10-08 10_31_01.465-05_00.jpg,CV2
data/fvsu2025/bap2/250411_LeafPhotoA_2025-10-02 10_33_24.453-05_00.jpg,CV2
data/fvsu2025/bap2/250569_LeafPhotoA_2025-10-03 10_21_03.211-05_00.jpg,CV2
data/fvsu2025/bap2/250991_LeafPhotoA_2025-10-08 10_07_02.904-05_00.jpg,CV2
data/fvsu2025/bap2/250311_LeafPhotoA_2025-10-01 14_26_44.751-05_00.jpg,CV2
data/fvsu2025/bap2/251320_LeafPhotoA_2025-10-10 14_01_16.702-05_00.jpg,CV2
data/fvsu2025/bap2/250402_LeafPhotoA_2025-10-02 10_22_07.922-05_00.jpg,CV2
data/fvsu2025/bap2/250491_LeafPhotoA_2025-10-02 14_39_58.062-05_00.jpg,CV2
data/fvsu2025/bap2/250762_LeafPhotoA_2025-10-07 14_29_38.504-05_00.jpg,CV2
data/fvsu2025/bap2/250723_LeafPhotoA_2025-10-07 13_55_24.045-05_00.jpg,CV2
data/fvsu2025/bap2/250724_LeafPhotoA_2025-10-07 13_56_04.191-05_00.jpg,CV2
data/fvsu2025/bap2/251306_LeafPhotoA_2025-10-10 13_51_05.821-05_00.jpg,CV2
data/fvsu2025/bap2/250539_LeafPhotoA_2025-10-03 09_27_21.698-05_00.jpg,CV2
data/fvsu2025/bap2/250949_LeafPhotoA_2025-10-08 08_53_44.368-05_00.jpg,CV2
data/fvsu2025/bap2/250719_LeafPhotoA_2025-10-07 13_50_22.959-05_00.jpg,CV2
data/fvsu2025/bap2/250773_LeafPhotoA_2025-10-07 14_40_08.194-05_00.jpg,CV2
data/fvsu2025/bap2/251369_LeafPhotoA_2025-10-10 14_17_55.206-05_00.jpg,CV2
data/fvsu2025/bap2/250764_LeafPhotoA_2025-10-07 14_31_04.802-05_00.jpg,CV2
data/fvsu2025/bap2/250300_LeafPhotoA_2025-10-01 14_10_01.946-05_00.jpg,CV2
data/fvsu2025/bap2/250233_LeafPhotoA_2025-10-01 09_47_09.959-05_00.jpg,CV2
data/fvsu2025/bap2/250773_LeafPhotoA_2025-10-07 14_39_51.807-05_00.jpg,CV2
data/fvsu2025/bap2/250493_LeafPhotoA_2025-10-03 08_37_14.630-05_00.jpg,CV2
data/fvsu2025/bap2/250227_LeafPhotoA_2025-10-01 09_37_33.409-05_00.jpg,CV2
data/fvsu2025/bap2/250011_LeafPhotoA_2025-10-01 08_43_03.794-05_00.jpg,CV2
data/fvsu2025/bap2/250992_LeafPhotoA_2025-10-08 10_03_29.211-05_00.jpg,CV2
data/fvsu2025/bap2/251044_LeafPhotoA_2025-10-08 13_43_07.112-05_00.jpg,CV2
data/fvsu2025/bap2/250499_LeafPhotoA_2025-10-03 08_43_24.690-05_00.jpg,CV2
data/fvsu2025/bap2/251050_LeafPhotoA_2025-10-08 13_52_27.546-05_00.jpg,CV2
data/fvsu2025/bap2/250003_LeafPhotoA_2025-10-01 08_16_54.304-05_00.jpg,CV2
data/fvsu2025/bap2/251363_LeafPhotoA_2025-10-10 14_12_57.266-05_00.jpg,CV2
data/fvsu2025/bap2/250726_LeafPhotoA_2025-10-07 13_59_03.798-05_00.jpg,CV2
data/fvsu2025/bap2/250759_LeafPhotoA_2025-10-07 14_26_39.005-05_00.jpg,CV2
data/fvsu2025/bap2/250756_LeafPhotoA_2025-10-07 14_08_36.095-05_00.jpg,CV2
data/fvsu2025/bap2/250718_LeafPhotoA_2025-10-07 13_49_38.998-05_00.jpg,CV2
data/fvsu2025/bap2/250969_LeafPhotoA_2025-10-08 09_29_26.776-05_00.jpg,CV2
data/fvsu2025/bap2/250720_LeafPhotoA_2025-10-07 13_52_13.627-05_00.jpg,CV2
data/fvsu2025/bap2/250974_LeafPhotoA_2025-10-08 09_35_30.826-05_00.jpg,CV2
data/fvsu2025/bap2/250989_LeafPhotoA_2025-10-08 10_09_46.130-05_00.jpg,CV2
data/fvsu2025/bap2/250761_LeafPhotoA_2025-10-07 14_28_36.591-05_00.jpg,CV2
data/fvsu2025/bap2/250483_LeafPhotoA_2025-10-02 14_27_24.962-05_00.jpg,CV2
data/fvsu2025/bap2/250755_LeafPhotoA_2025-10-07 14_12_41.048-05_00.jpg,CV2
data/fvsu2025/bap2/250716_LeafPhotoA_2025-10-07 13_47_25.666-05_00.jpg,CV2
data/fvsu2025/bap2/250287_LeafPhotoA_2025-10-01 13_46_57.835-05_00.jpg,CV2
data/fvsu2025/bap2/250569_LeafPhotoA_2025-10-03 10_21_26.341-05_00.jpg,CV2
data/fvsu2025/bap2/250438_LeafPhotoA_2025-10-02 13_55_53.419-05_00.jpg,CV2
data/fvsu2025/bap2/250533_LeafPhotoA_2025-10-03 09_22_18.941-05_00.jpg,CV2
data/fvsu2025/bap2/250480_LeafPhotoA_2025-10-02 14_22_58.396-05_00.jpg,CV2
data/fvsu2025/bap2/250225_LeafPhotoA_2025-10-01 09_35_56.182-05_00.jpg,CV2
data/fvsu2025/bap2/250936_LeafPhotoA_2025-10-08 08_33_22.161-05_00.jpg,CV2
data/fvsu2025/bap2/250561_LeafPhotoA_2025-10-03 10_11_59.692-05_00.jpg,CV2
data/fvsu2025/bap2/250972_LeafPhotoA_2025-10-08 09_32_06.417-05_00.jpg,CV2
data/fvsu2025/bap2/251319_LeafPhotoA_2025-10-10 14_02_01.149-05_00.jpg,CV2
data/fvsu2025/bap2/250750_LeafPhotoA_2025-10-07 14_18_28.292-05_00.jpg,CV2
data/fvsu2025/bap2/250284_LeafPhotoA_2025-10-01 13_40_12.959-05_00.jpg,CV2
data/fvsu2025/bap2/250077_LeafPhotoA_2025-10-01 08_58_19.998-05_00.jpg,CV2
data/fvsu2025/bap2/250529_LeafPhotoA_2025-10-03 09_17_32.700-05_00.jpg,CV2
data/fvsu2025/bap2/250416_LeafPhotoA_2025-10-02 13_34_04.738-05_00.jpg,CV2
data/fvsu2025/bap2/251305_LeafPhotoA_2025-10-10 13_50_22.322-05_00.jpg,CV2
data/fvsu2025/bap2/250564_LeafPhotoA_2025-10-03 10_15_56.168-05_00.jpg,CV2
data/fvsu2025/bap2/250301_LeafPhotoA_2025-10-01 14_11_10.301-05_00.jpg,CV2
data/fvsu2025/bap2/250431_LeafPhotoA_2025-10-02 14_05_44.161-05_00.jpg,CV2
data/fvsu2025/bap2/251374_LeafPhotoA_2025-10-10 14_21_43.438-05_00.jpg,CV2
data/fvsu2025/bap2/250012_LeafPhotoA_2025-10-01 08_44_58.260-05_00.jpg,CV2
data/fvsu2025/bap2/250481_LeafPhotoA_2025-10-02 14_24_54.746-05_00.jpg,CV2
data/fvsu2025/bap2/250568_LeafPhotoA_2025-10-03 10_19_39.256-05_00.jpg,CV2
data/fvsu2025/bap2/251064_LeafPhotoA_2025-10-08 14_10_03.377-05_00.jpg,CV2
data/fvsu2025/bap2/250944_LeafPhotoA_2025-10-08 08_44_46.950-05_00.jpg,CV2
data/fvsu2025/bap2/250544_LeafPhotoA_2025-10-03 09_43_09.952-05_00.jpg,CV2
data/fvsu2025/bap2/250956_LeafPhotoA_2025-10-08 09_10_35.284-05_00.jpg,CV2
data/fvsu2025/bap2/251046_LeafPhotoA_2025-10-08 13_46_16.716-05_00.jpg,CV2
data/fvsu2025/bap2/250997_LeafPhotoA_2025-10-08 09_56_05.377-05_00.jpg,CV2
data/fvsu2025/bap2/250935_LeafPhotoA_2025-10-08 08_31_54.819-05_00.jpg,CV2
data/fvsu2025/bap2/250717_LeafPhotoA_2025-10-07 13_48_05.484-05_00.jpg,CV2
data/fvsu2025/bap2/250279_LeafPhotoA_2025-10-01 13_32_34.187-05_00.jpg,CV2
data/fvsu2025/bap2/251036_LeafPhotoA_2025-10-08 10_37_24.738-05_00.jpg,CV2
data/fvsu2025/bap2/250723_LeafPhotoA_2025-10-07 13_55_37.365-05_00.jpg,CV2
data/fvsu2025/bap2/250480_LeafPhotoA_2025-10-02 14_23_16.717-05_00.jpg,CV2
data/fvsu2025/bap2/251056_LeafPhotoA_2025-10-08 14_17_35.736-05_00.jpg,CV2
data/fvsu2025/bap2/250427_LeafPhotoA_2025-10-02 13_47_20.739-05_00.jpg,CV2
data/fvsu2025/bap2/251066_LeafPhotoA_2025-10-08 14_06_18.140-05_00.jpg,CV2
data/fvsu2025/bap2/250723_LeafPhotoA_2025-10-07 13_55_09.980-05_00.jpg,CV2
data/fvsu2025/bap2/250976_LeafPhotoA_2025-10-08 09_38_54.422-05_00.jpg,CV2
data/fvsu2025/bap2/250530_LeafPhotoA_2025-10-03 09_18_29.521-05_00.jpg,CV2
data/fvsu2025/bap2/250561_LeafPhotoA_2025-10-03 10_12_26.312-05_00.jpg,CV2
data/fvsu2025/bap2/251342_LeafPhotoA_2025-10-10 10_44_51.045-05_00.jpg,CV2
data/fvsu2025/bap2/250293_LeafPhotoA_2025-10-01 14_01_54.620-05_00.jpg,CV2
data/fvsu2025/bap2/250250_LeafPhotoA_2025-10-01 10_40_20.169-05_00.jpg,CV2
data/fvsu2025/bap2/251347_LeafPhotoA_2025-10-10 11_00_19.281-05_00.jpg,CV2
data/fvsu2025/bap2/251068_LeafPhotoA_2025-10-08 14_02_58.895-05_00.jpg,CV2
data/fvsu2025/bap2/250947_LeafPhotoA_2025-10-08 08_50_16.179-05_00.jpg,CV2
data/fvsu2025/bap2/250408_LeafPhotoA_2025-10-02 10_30_03.471-05_00.jpg,CV2
data/fvsu2025/bap2/251298_LeafPhotoA_2025-10-10 13_44_24.681-05_00.jpg,CV2
data/fvsu2025/bap2/251360_LeafPhotoA_2025-10-10 14_10_46.734-05_00.jpg,CV2
data/fvsu2025/bap2/250972_LeafPhotoA_2025-10-08 09_31_39.521-05_00.jpg,CV2
data/fvsu2025/bap2/251037_LeafPhotoA_2025-10-08 10_38_34.434-05_00.jpg,CV2
data/fvsu2025/bap2/251068_LeafPhotoA_2025-10-08 14_03_53.140-05_00.jpg,CV2
data/fvsu2025/bap2/250587_LeafPhotoA_2025-10-03 10_24_27.502-05_00.jpg,CV2
data/fvsu2025/bap2/251347_LeafPhotoA_2025-10-10 11_00_45.430-05_00.jpg,CV2
data/fvsu2025/bap2/250072_LeafPhotoA_2025-10-01 09_09_50.558-05_00.jpg,CV2
data/fvsu2025/bap2/250996_LeafPhotoA_2025-10-08 09_57_10.526-05_00.jpg,CV2
data/fvsu2025/bap2/250497_LeafPhotoA_2025-10-03 08_41_21.736-05_00.jpg,CV2
data/fvsu2025/bap2/250071_LeafPhotoA_2025-10-01 09_11_42.485-05_00.jpg,CV2
data/fvsu2025/bap2/250310_LeafPhotoA_2025-10-01 14_27_43.891-05_00.jpg,CV2
data/fvsu2025/bap2/250533_LeafPhotoA_2025-10-03 09_22_39.376-05_00.jpg,CV2
data/fvsu2025/bap2/250401_LeafPhotoA_2025-10-02 10_20_11.400-05_00.jpg,CV2
data/fvsu2025/bap2/250247_LeafPhotoA_2025-10-01 10_35_17.832-05_00.jpg,CV2
data/fvsu2025/bap2/250960_LeafPhotoA_2025-10-08 09_05_39.447-05_00.jpg,CV2
data/fvsu2025/bap2/250307_LeafPhotoA_2025-10-01 14_31_40.389-05_00.jpg,CV2
data/fvsu2025/bap2/250482_LeafPhotoA_2025-10-02 14_26_30.671-05_00.jpg,CV2
data/fvsu2025/bap2/250959_LeafPhotoA_2025-10-08 09_07_15.600-05_00.jpg,CV2
data/fvsu2025/bap2/251346_LeafPhotoA_2025-10-10 11_01_40.572-05_00.jpg,CV2
data/fvsu2025/bap2/250396_LeafPhotoA_2025-10-02 10_11_14.938-05_00.jpg,CV2
data/fvsu2025/bap2/250962_LeafPhotoA_2025-10-08 09_03_58.907-05_00.jpg,CV2
data/fvsu2025/bap2/250747_LeafPhotoA_2025-10-07 14_21_24.516-05_00.jpg,CV2
data/fvsu2025/bap2/250422_LeafPhotoA_2025-10-02 13_40_45.036-05_00.jpg,CV2
data/fvsu2025/bap2/250547_LeafPhotoA_2025-10-03 09_38_07.695-05_00.jpg,CV2
data/fvsu2025/bap2/251319_LeafPhotoA_2025-10-10 14_02_23.017-05_00.jpg,CV2
data/fvsu2025/bap2/250532_LeafPhotoA_2025-10-03 09_20_47.374-05_00.jpg,CV2
data/fvsu2025/bap2/251350_LeafPhotoA_2025-10-10 10_56_56.722-05_00.jpg,CV2
data/fvsu2025/bap2/250957_LeafPhotoA_2025-10-08 09_09_33.259-05_00.jpg,CV2
data/fvsu2025/bap2/250422_LeafPhotoA_2025-10-02 13_40_27.709-05_00.jpg,CV2
data/fvsu2025/bap2/250001_LeafPhotoA_2025-10-01 08_03_21.340-05_00.jpg,CV2
data/fvsu2025/bap2/250443_LeafPhotoA_2025-10-02 13_49_43.489-05_00.jpg,CV2
data/fvsu2025/bap2/251358_LeafPhotoA_2025-10-10 10_47_54.053-05_00.jpg,CV2
data/fvsu2025/bap2/250713_LeafPhotoA_2025-10-07 13_43_55.219-05_00.jpg,CV2
data/fvsu2025/bap2/250755_LeafPhotoA_2025-10-07 14_12_07.385-05_00.jpg,CV2
data/fvsu2025/bap2/250439_LeafPhotoA_2025-10-02 13_54_09.770-05_00.jpg,CV2
data/fvsu2025/bap2/250011_LeafPhotoA_2025-10-01 08_42_49.368-05_00.jpg,CV2
data/fvsu2025/bap2/251322_LeafPhotoA_2025-10-10 14_00_14.941-05_00.jpg,CV2
data/fvsu2025/bap2/250312_LeafPhotoA_2025-10-01 14_26_09.038-05_00.jpg,CV2
data/fvsu2025/bap2/250541_LeafPhotoA_2025-10-03 09_47_09.488-05_00.jpg,CV2
data/fvsu2025/bap2/251315_LeafPhotoA_2025-10-10 14_05_04.004-05_00.jpg,CV2
data/fvsu2025/bap2/250994_LeafPhotoA_2025-10-08 10_00_52.102-05_00.jpg,CV2
data/fvsu2025/bap2/251302_LeafPhotoA_2025-10-10 13_47_30.301-05_00.jpg,CV2
data/fvsu2025/bap2/250426_LeafPhotoA_2025-10-02 13_46_13.879-05_00.jpg,CV2
data/fvsu2025/bap2/250500_LeafPhotoA_2025-10-03 08_44_14.136-05_00.jpg,Failed
data/fvsu2025/bap2/250577_LeafPhotoA_2025-10-03 10_35_27.513-05_00.jpg,CV2
data/fvsu2025/bap2/250311_LeafPhotoA_2025-10-01 14_27_15.900-05_00.jpg,CV2
data/fvsu2025/bap2/250719_LeafPhotoA_2025-10-07 13_50_38.781-05_00.jpg,CV2
data/fvsu2025/bap2/250435_LeafPhotoA_2025-10-02 14_01_20.973-05_00.jpg,CV2
data/fvsu2025/bap2/250942_LeafPhotoA_2025-10-08 08_42_19.318-05_00.jpg,CV2
data/fvsu2025/bap2/251337_LeafPhotoA_2025-10-10 10_37_29.027-05_00.jpg,CV2
data/fvsu2025/bap2/251343_LeafPhotoA_2025-10-10 10_46_09.605-05_00.jpg,CV2
data/fvsu2025/bap2/250936_LeafPhotoA_2025-10-08 08_34_37.500-05_00.jpg,CV2
data/fvsu2025/bap2/250415_LeafPhotoA_2025-10-02 13_33_17.804-05_00.jpg,CV2
data/fvsu2025/bap2/251333_LeafPhotoA_2025-10-10 10_34_16.070-05_00.jpg,CV2
data/fvsu2025/bap2/250977_LeafPhotoA_2025-10-08 09_40_22.262-05_00.jpg,CV2
data/fvsu2025/bap2/250980_LeafPhotoA_2025-10-08 09_42_51.192-05_00.jpg,CV2
data/fvsu2025/bap2/250067_LeafPhotoA_2025-10-01 09_18_07.466-05_00.jpg,CV2
data/fvsu2025/bap2/250582_LeafPhotoA_2025-10-03 10_28_50.365-05_00.jpg,CV2
data/fvsu2025/bap2/250976_LeafPhotoA_2025-10-08 09_38_06.496-05_00.jpg,CV2
data/fvsu2025/bap2/250990_LeafPhotoA_2025-10-08 10_07_38.614-05_00.jpg,CV2
data/fvsu2025/bap2/250241_LeafPhotoA_2025-10-01 10_28_03.039-05_00.jpg,CV2
data/fvsu2025/bap2/250558_LeafPhotoA_2025-10-03 10_09_34.860-05_00.jpg,CV2
data/fvsu2025/bap2/250506_LeafPhotoA_2025-10-03 08_49_40.902-05_00.jpg,CV2
data/fvsu2025/bap2/250070_LeafPhotoA_2025-10-01 09_13_17.053-05_00.jpg,CV2
data/fvsu2025/bap2/251336_LeafPhotoA_2025-10-10 10_36_51.621-05_00.jpg,CV2
data/fvsu2025/bap2/251348_LeafPhotoA_2025-10-10 10_59_14.495-05_00.jpg,CV2
data/fvsu2025/bap2/250250_LeafPhotoA_2025-10-01 10_40_04.520-05_00.jpg,CV2
data/fvsu2025/bap2/250541_LeafPhotoA_2025-10-03 09_46_56.997-05_00.jpg,CV2
data/fvsu2025/bap2/250494_LeafPhotoA_2025-10-03 08_38_11.113-05_00.jpg,CV2
data/fvsu2025/bap2/251345_LeafPhotoA_2025-10-10 11_02_08.027-05_00.jpg,CV2
data/fvsu2025/bap2/250975_LeafPhotoA_2025-10-08 09_36_47.229-05_00.jpg,CV2
data/fvsu2025/bap2/251053_LeafPhotoA_2025-10-08 13_56_34.569-05_00.jpg,CV2
data/fvsu2025/bap2/250394_LeafPhotoA_2025-10-02 10_36_14.389-05_00.jpg,CV2
data/fvsu2025/bap2/250762_LeafPhotoA_2025-10-07 14_29_54.324-05_00.jpg,CV2
data/fvsu2025/bap2/250275_LeafPhotoA_2025-10-01 13_25_36.972-05_00.jpg,CV2
data/fvsu2025/bap2/250960_LeafPhotoA_2025-10-08 09_06_15.137-05_00.jpg,CV2
data/fvsu2025/bap2/250319_LeafPhotoA_2025-10-01 14_18_25.483-05_00.jpg,CV2
data/fvsu2025/bap2/250997_LeafPhotoA_2025-10-08 09_56_21.696-05_00.jpg,CV2
data/fvsu2025/bap2/250581_LeafPhotoA_2025-10-03 10_30_17.258-05_00.jpg,CV2
data/fvsu2025/bap2/250441_LeafPhotoA_2025-10-02 13_51_24.162-05_00.jpg,CV2
data/fvsu2025/bap2/250434_LeafPhotoA_2025-10-02 14_01_50.199-05_00.jpg,CV2
data/fvsu2025/bap2/250532_LeafPhotoA_2025-10-03 09_21_00.488-05_00.jpg,CV2
data/fvsu2025/bap2/250247_LeafPhotoA_2025-10-01 10_35_05.174-05_00.jpg,CV2
data/fvsu2025/bap2/250316_LeafPhotoA_2025-10-01 14_21_32.684-05_00.jpg,CV2
data/fvsu2025/bap2/250552_LeafPhotoA_2025-10-03 09_34_27.990-05_00.jpg,CV2
data/fvsu2025/bap2/250493_LeafPhotoA_2025-10-03 08_37_41.529-05_00.jpg,CV2
data/fvsu2025/bap2/250513_LeafPhotoA_2025-10-03 09_04_41.532-05_00.jpg,CV2
data/fvsu2025/bap2/250002_LeafPhotoA_2025-10-01 08_14_55.796-05_00.jpg,CV2
data/fvsu2025/bap2/250251_LeafPhotoA_2025-10-01 10_41_23.719-05_00.jpg,CV2
data/fvsu2025/bap2/250711_LeafPhotoA_2025-10-07 13_41_37.096-05_00.jpg,CV2
data/fvsu2025/bap2/250489_LeafPhotoA_2025-10-02 14_36_29.656-05_00.jpg,CV2
data/fvsu2025/bap2/251356_LeafPhotoA_2025-10-10 10_49_39.367-05_00.jpg,CV2
data/fvsu2025/bap2/250004_LeafPhotoA_2025-10-01 08_18_28.394-05_00.jpg,CV2
data/fvsu2025/bap2/250443_LeafPhotoA_2025-10-02 13_48_51.579-05_00.jpg,CV2
data/fvsu2025/bap2/251334_LeafPhotoA_2025-10-10 10_35_02.819-05_00.jpg,CV2
data/fvsu2025/bap2/251068_LeafPhotoA_2025-10-08 14_03_15.765-05_00.jpg,CV2
data/fvsu2025/bap2/250524_LeafPhotoA_2025-10-03 09_12_51.420-05_00.jpg,CV2
data/fvsu2025/bap2/251039_LeafPhotoA_2025-10-08 10_40_30.877-05_00.jpg,CV2
data/fvsu2025/bap2/250299_LeafPhotoA_2025-10-01 14_08_41.476-05_00.jpg,CV2
data/fvsu2025/bap2/250489_LeafPhotoA_2025-10-02 14_36_55.122-05_00.jpg,CV2
data/fvsu2025/bap2/250309_LeafPhotoA_2025-10-01 14_28_53.702-05_00.jpg,CV2
data/fvsu2025/bap2/250719_LeafPhotoA_2025-10-07 13_50_49.431-05_00.jpg,CV2
data/fvsu2025/bap2/250229_LeafPhotoA_2025-10-01 09_41_38.598-05_00.jpg,CV2
data/fvsu2025/bap2/251325_LeafPhotoA_2025-10-10 13_58_05.661-05_00.jpg,CV2
data/fvsu2025/bap2/250276_LeafPhotoA_2025-10-01 13_27_06.209-05_00.jpg,CV2
data/fvsu2025/bap2/250537_LeafPhotoA_2025-10-03 09_25_26.505-05_00.jpg,CV2
data/fvsu2025/bap2/250713_LeafPhotoA_2025-10-07 13_43_29.351-05_00.jpg,CV2
data/fvsu2025/bap2/250542_LeafPhotoA_2025-10-03 09_45_38.810-05_00.jpg,CV2
data/fvsu2025/bap2/251308_LeafPhotoA_2025-10-10 13_53_25.094-05_00.jpg,CV2
data/fvsu2025/bap2/250545_LeafPhotoA_2025-10-03 09_42_15.947-05_00.jpg,CV2
data/fvsu2025/bap2/250518_LeafPhotoA_2025-10-03 08_58_10.475-05_00.jpg,CV2
data/fvsu2025/bap2/250288_LeafPhotoA_2025-10-01 13_49_19.833-05_00.jpg,CV2
data/fvsu2025/bap2/251325_LeafPhotoA_2025-10-10 13_58_21.939-05_00.jpg,CV2
data/fvsu2025/bap2/251316_LeafPhotoA_2025-10-10 14_04_31.845-05_00.jpg,CV2
data/fvsu2025/bap2/251348_LeafPhotoA_2025-10-10 10_58_58.354-05_00.jpg,CV2
data/fvsu2025/bap2/250003_LeafPhotoA_2025-10-01 08_16_28.475-05_00.jpg,CV2
data/fvsu2025/bap2/250969_LeafPhotoA_2025-10-08 09_29_02.359-05_00.jpg,CV2
data/fvsu2025/bap2/250405_LeafPhotoA_2025-10-02 10_26_18.942-05_00.jpg,CV2
data/fvsu2025/bap2/250498_LeafPhotoA_2025-10-03 08_42_20.554-05_00.jpg,CV2
data/fvsu2025/bap2/251369_LeafPhotoA_2025-10-10 14_17_44.688-05_00.jpg,CV2
data/fvsu2025/bap2/251370_LeafPhotoA_2025-10-10 14_19_20.657-05_00.jpg,CV2
data/fvsu2025/bap2/251047_LeafPhotoA_2025-10-08 13_48_04.681-05_00.jpg,CV2
data/fvsu2025/bap2/250442_LeafPhotoA_2025-10-02 13_50_42.013-05_00.jpg,CV2
data/fvsu2025/bap2/251370_LeafPhotoA_2025-10-10 14_19_09.756-05_00.jpg,CV2
data/fvsu2025/bap2/250483_LeafPhotoA_2025-10-02 14_27_54.607-05_00.jpg,CV2
data/fvsu2025/bap2/250478_LeafPhotoA_2025-10-02 14_21_00.628-05_00.jpg,CV2
data/fvsu2025/bap2/250078_LeafPhotoA_2025-10-01 08_57_13.107-05_00.jpg,CV2
data/fvsu2025/bap2/250531_LeafPhotoA_2025-10-03 09_19_33.981-05_00.jpg,CV2
data/fvsu2025/bap2/250587_LeafPhotoA_2025-10-03 10_25_01.206-05_00.jpg,CV2
data/fvsu2025/bap2/250988_LeafPhotoA_2025-10-08 10_12_26.103-05_00.jpg,CV2
data/fvsu2025/bap2/250962_LeafPhotoA_2025-10-08 09_03_43.249-05_00.jpg,CV2
data/fvsu2025/bap2/250290_LeafPhotoA_2025-10-01 13_58_04.789-05_00.jpg,CV2
data/fvsu2025/bap2/250507_LeafPhotoA_2025-10-03 08_50_46.717-05_00.jpg,CV2
data/fvsu2025/bap2/250973_LeafPhotoA_2025-10-08 09_33_40.239-05_00.jpg,CV2
data/fvsu2025/bap2/250074_LeafPhotoA_2025-10-01 09_07_41.888-05_00.jpg,CV2
data/fvsu2025/bap2/250586_LeafPhotoA_2025-10-03 10_25_26.297-05_00.jpg,CV2
data/fvsu2025/bap2/250304_LeafPhotoA_2025-10-01 14_15_07.510-05_00.jpg,CV2
data/fvsu2025/bap2/250721_LeafPhotoA_2025-10-07 13_53_09.368-05_00.jpg,CV2
data/fvsu2025/bap2/250769_LeafPhotoA_2025-10-07 14_35_48.654-05_00.jpg,CV2
data/fvsu2025/bap2/250311_LeafPhotoA_2025-10-01 14_27_01.248-05_00.jpg,CV2
data/fvsu2025/bap2/250310_LeafPhotoA_2025-10-01 14_28_12.596-05_00.jpg,CV2
data/fvsu2025/bap2/250951_LeafPhotoA_2025-10-08 09_18_32.984-05_00.jpg,CV2
data/fvsu2025/bap2/250519_LeafPhotoA_2025-10-03 08_57_19.757-05_00.jpg,CV2
data/fvsu2025/bap2/251065_LeafPhotoA_2025-10-08 14_08_02.634-05_00.jpg,CV2
data/fvsu2025/bap2/250306_LeafPhotoA_2025-10-01 14_32_26.159-05_00.jpg,CV2
data/fvsu2025/bap2/250293_LeafPhotoA_2025-10-01 14_01_02.882-05_00.jpg,CV2
data/fvsu2025/bap2/250944_LeafPhotoA_2025-10-08 08_45_31.818-05_00.jpg,CV2
data/fvsu2025/bap2/250556_LeafPhotoA_2025-10-03 10_08_33.967-05_00.jpg,CV2
data/fvsu2025/bap2/250295_LeafPhotoA_2025-10-01 14_03_18.883-05_00.jpg,CV2
data/fvsu2025/bap2/250299_LeafPhotoA_2025-10-01 14_08_54.301-05_00.jpg,CV2
data/fvsu2025/bap2/250065_LeafPhotoA_2025-10-01 09_21_54.462-05_00.jpg,CV2
data/fvsu2025/bap2/250968_LeafPhotoA_2025-10-08 09_28_03.166-05_00.jpg,CV2
data/fvsu2025/bap2/250767_LeafPhotoA_2025-10-07 14_34_19.139-05_00.jpg,CV2
data/fvsu2025/bap2/250951_LeafPhotoA_2025-10-08 09_19_20.315-05_00.jpg,CV2
data/fvsu2025/bap2/250967_LeafPhotoA_2025-10-08 09_25_37.785-05_00.jpg,CV2
data/fvsu2025/bap2/250563_LeafPhotoA_2025-10-03 10_14_22.385-05_00.jpg,CV2
data/fvsu2025/bap2/251297_LeafPhotoA_2025-10-10 13_43_56.276-05_00.jpg,CV2
data/fvsu2025/bap2/250441_LeafPhotoA_2025-10-02 13_52_09.112-05_00.jpg,CV2
data/fvsu2025/bap2/251337_LeafPhotoA_2025-10-10 10_37_51.784-05_00.jpg,CV2
data/fvsu2025/bap2/251367_LeafPhotoA_2025-10-10 14_15_59.632-05_00.jpg,CV2
data/fvsu2025/bap2/251296_LeafPhotoA_2025-10-10 13_42_56.008-05_00.jpg,CV2
data/fvsu2025/bap2/250226_LeafPhotoA_2025-10-01 09_36_36.677-05_00.jpg,CV2
data/fvsu2025/bap2/250434_LeafPhotoA_2025-10-02 14_02_21.297-05_00.jpg,CV2
data/fvsu2025/bap2/251336_LeafPhotoA_2025-10-10 10_36_32.347-05_00.jpg,CV2
data/fvsu2025/bap2/250545_LeafPhotoA_2025-10-03 09_42_31.634-05_00.jpg,CV2
data/fvsu2025/bap2/250570_LeafPhotoA_2025-10-03 10_21_50.214-05_00.jpg,CV2
data/fvsu2025/bap2/250295_LeafPhotoA_2025-10-01 14_03_30.926-05_00.jpg,CV2
data/fvsu2025/bap2/250243_LeafPhotoA_2025-10-01 10_29_54.494-05_00.jpg,CV2
data/fvsu2025/bap2/251314_LeafPhotoA_2025-10-10 14_05_50.920-05_00.jpg,CV2
data/fvsu2025/bap2/250549_LeafPhotoA_2025-10-03 09_36_50.367-05_00.jpg,CV2
data/fvsu2025/bap2/250750_LeafPhotoA_2025-10-07 14_18_57.873-05_00.jpg,CV2
data/fvsu2025/bap2/251315_LeafPhotoA_2025-10-10 14_05_27.368-05_00.jpg,CV2
data/fvsu2025/bap2/250255_LeafPhotoA_2025-10-01 10_46_33.824-05_00.jpg,CV2
data/fvsu2025/bap2/250509_LeafPhotoA_2025-10-03 09_08_15.458-05_00.jpg,CV2
data/fvsu2025/bap2/250079_LeafPhotoA_2025-10-01 08_54_29.929-05_00.jpg,CV2
data/fvsu2025/bap2/250402_LeafPhotoA_2025-10-02 10_20_50.940-05_00.jpg,CV2
data/fvsu2025/bap2/250408_LeafPhotoA_2025-10-02 10_30_18.414-05_00.jpg,CV2
data/fvsu2025/bap2/250978_LeafPhotoA_2025-10-08 09_41_08.896-05_00.jpg,CV2
data/fvsu2025/bap2/250400_LeafPhotoA_2025-10-02 10_17_42.338-05_00.jpg,CV2
data/fvsu2025/bap2/250315_LeafPhotoA_2025-10-01 14_22_33.427-05_00.jpg,CV2
data/fvsu2025/bap2/250985_LeafPhotoA_2025-10-08 10_14_00.258-05_00.jpg,CV2
data/fvsu2025/bap2/251037_LeafPhotoA_2025-10-08 10_38_56.336-05_00.jpg,CV2
data/fvsu2025/bap2/251303_LeafPhotoA_2025-10-10 13_48_27.394-05_00.jpg,CV2
data/fvsu2025/bap2/250543_LeafPhotoA_2025-10-03 09_44_46.085-05_00.jpg,CV2
data/fvsu2025/bap2/251357_LeafPhotoA_2025-10-10 10_49_07.662-05_00.jpg,CV2
data/fvsu2025/bap2/250247_LeafPhotoA_2025-10-01 10_35_32.040-05_00.jpg,CV2
data/fvsu2025/bap2/250985_LeafPhotoA_2025-10-08 10_14_17.524-05_00.jpg,CV2
data/fvsu2025/bap2/250984_LeafPhotoA_2025-10-08 10_15_15.974-05_00.jpg,CV2
data/fvsu2025/bap2/250770_LeafPhotoA_2025-10-07 14_37_05.659-05_00.jpg,CV2
data/fvsu2025/bap2/250290_LeafPhotoA_2025-10-01 13_57_35.411-05_00.jpg,CV2
data/fvsu2025/bap2/251330_LeafPhotoA_2025-10-10 10_31_26.685-05_00.jpg,CV2
data/fvsu2025/bap2/250752_LeafPhotoA_2025-10-07 14_16_41.782-05_00.jpg,CV2
data/fvsu2025/bap2/250519_LeafPhotoA_2025-10-03 08_56_49.327-05_00.jpg,CV2
data/fvsu2025/bap2/250541_LeafPhotoA_2025-10-03 09_46_44.415-05_00.jpg,CV2
data/fvsu2025/bap2/250395_LeafPhotoA_2025-10-02 10_35_30.145-05_00.jpg,CV2
data/fvsu2025/bap2/250953_LeafPhotoA_2025-10-08 09_17_31.565-05_00.jpg,CV2
data/fvsu2025/bap2/250297_LeafPhotoA_2025-10-01 14_06_26.563-05_00.jpg,CV2
data/fvsu2025/bap2/250761_LeafPhotoA_2025-10-07 14_28_52.671-05_00.jpg,CV2
data/fvsu2025/bap2/250438_LeafPhotoA_2025-10-02 13_55_39.558-05_00.jpg,CV2
data/fvsu2025/bap2/250563_LeafPhotoA_2025-10-03 10_13_58.448-05_00.jpg,CV2
data/fvsu2025/bap2/250958_LeafPhotoA_2025-10-08 09_08_18.590-05_00.jpg,CV2
data/fvsu2025/bap2/251329_LeafPhotoA_2025-10-10 10_30_42.717-05_00.jpg,CV2
data/fvsu2025/bap2/250574_LeafPhotoA_2025-10-03 10_39_12.587-05_00.jpg,CV2
data/fvsu2025/bap2/250010_LeafPhotoA_2025-10-01 08_41_28.159-05_00.jpg,CV2
