trait,embedding_stat,embedding_index,n_markers_tested,min_p,n_significant_effective_bonferroni,n_q_lt_0_05_within_trait,chunk,chunk_elapsed_seconds,chunk_elapsed_seconds_per_trait,effective_markers,effective_bonferroni_threshold
embedding_mean_0,mean,0,4920234,9.219510044503978e-09,1,171,1,439.8931077949237,13.746659618591366,3169884,1.5773447861183564e-08
embedding_mean_1,mean,1,4920234,1.992447727434543e-07,0,0,1,439.8931077949237,13.746659618591366,3169884,1.5773447861183564e-08
embedding_mean_2,mean,2,4920234,2.420633043996552e-08,0,0,1,439.8931077949237,13.746659618591366,3169884,1.5773447861183564e-08
embedding_mean_3,mean,3,4920234,8.14033665759802e-09,3,99,1,439.8931077949237,13.746659618591366,3169884,1.5773447861183564e-08
embedding_mean_4,mean,4,4920234,2.6532049557872626e-08,0,0,1,439.8931077949237,13.746659618591366,3169884,1.5773447861183564e-08
embedding_mean_5,mean,5,4920234,5.704994187723897e-07,0,0,1,439.8931077949237,13.746659618591366,3169884,1.5773447861183564e-08
embedding_mean_6,mean,6,4920234,2.751172787417377e-10,56,1214,1,439.8931077949237,13.746659618591366,3169884,1.5773447861183564e-08
embedding_mean_7,mean,7,4920234,2.2903838366167085e-07,0,0,1,439.8931077949237,13.746659618591366,3169884,1.5773447861183564e-08
embedding_mean_8,mean,8,4920234,3.4082625432751466e-08,0,0,1,439.8931077949237,13.746659618591366,3169884,1.5773447861183564e-08
embedding_mean_9,mean,9,4920234,9.850094908487465e-08,0,0,1,439.8931077949237,13.746659618591366,3169884,1.5773447861183564e-08
embedding_mean_10,mean,10,4920234,2.8529991214820478e-08,0,0,1,439.8931077949237,13.746659618591366,3169884,1.5773447861183564e-08
embedding_mean_11,mean,11,4920234,1.419190666824795e-07,0,0,1,439.8931077949237,13.746659618591366,3169884,1.5773447861183564e-08
embedding_mean_12,mean,12,4920234,7.199818508579527e-08,0,0,1,439.8931077949237,13.746659618591366,3169884,1.5773447861183564e-08
embedding_mean_13,mean,13,4920234,2.1989698712645297e-08,0,0,1,439.8931077949237,13.746659618591366,3169884,1.5773447861183564e-08
embedding_mean_14,mean,14,4920234,3.057092656514736e-08,0,0,1,439.8931077949237,13.746659618591366,3169884,1.5773447861183564e-08
embedding_mean_15,mean,15,4920234,2.3976581290044743e-08,0,0,1,439.8931077949237,13.746659618591366,3169884,1.5773447861183564e-08
embedding_mean_16,mean,16,4920234,3.254382140932973e-08,0,613,1,439.8931077949237,13.746659618591366,3169884,1.5773447861183564e-08
embedding_mean_17,mean,17,4920234,1.1390973423177729e-08,1,0,1,439.8931077949237,13.746659618591366,3169884,1.5773447861183564e-08
embedding_mean_18,mean,18,4920234,1.6275282757353258e-07,0,0,1,439.8931077949237,13.746659618591366,3169884,1.5773447861183564e-08
embedding_mean_19,mean,19,4920234,5.482135334450516e-08,0,0,1,439.8931077949237,13.746659618591366,3169884,1.5773447861183564e-08
embedding_mean_20,mean,20,4920234,7.160024354786146e-09,2,11,1,439.8931077949237,13.746659618591366,3169884,1.5773447861183564e-08
embedding_mean_21,mean,21,4920234,1.6853187259376089e-07,0,0,1,439.8931077949237,13.746659618591366,3169884,1.5773447861183564e-08
embedding_mean_22,mean,22,4920234,1.6900893274846302e-08,0,0,1,439.8931077949237,13.746659618591366,3169884,1.5773447861183564e-08
embedding_mean_23,mean,23,4920234,1.834428968113113e-07,0,0,1,439.8931077949237,13.746659618591366,3169884,1.5773447861183564e-08
embedding_mean_24,mean,24,4920234,2.5177780213626118e-08,0,193,1,439.8931077949237,13.746659618591366,3169884,1.5773447861183564e-08
embedding_mean_25,mean,25,4920234,3.207149055457148e-08,0,0,1,439.8931077949237,13.746659618591366,3169884,1.5773447861183564e-08
embedding_mean_26,mean,26,4920234,7.181979089026354e-09,1,1,1,439.8931077949237,13.746659618591366,3169884,1.5773447861183564e-08
embedding_mean_27,mean,27,4920234,3.503982025488302e-07,0,0,1,439.8931077949237,13.746659618591366,3169884,1.5773447861183564e-08
embedding_mean_28,mean,28,4920234,1.8210139574772221e-09,4,17,1,439.8931077949237,13.746659618591366,3169884,1.5773447861183564e-08
embedding_mean_29,mean,29,4920234,9.914176601858925e-09,1,26,1,439.8931077949237,13.746659618591366,3169884,1.5773447861183564e-08
embedding_mean_30,mean,30,4920234,5.7914835462055544e-09,5,30,1,439.8931077949237,13.746659618591366,3169884,1.5773447861183564e-08
embedding_mean_31,mean,31,4920234,2.8666903809611376e-08,0,0,1,439.8931077949237,13.746659618591366,3169884,1.5773447861183564e-08
embedding_mean_32,mean,32,4920234,9.783891334811045e-08,0,0,2,393.3226523511112,12.291332885972224,3169884,1.5773447861183564e-08
embedding_mean_33,mean,33,4920234,6.011721143366362e-10,2,6,2,393.3226523511112,12.291332885972224,3169884,1.5773447861183564e-08
embedding_mean_34,mean,34,4920234,3.803844858293482e-07,0,0,2,393.3226523511112,12.291332885972224,3169884,1.5773447861183564e-08
embedding_mean_35,mean,35,4920234,1.334702013220792e-07,0,0,2,393.3226523511112,12.291332885972224,3169884,1.5773447861183564e-08
embedding_mean_36,mean,36,4920234,2.4289197707709123e-08,0,0,2,393.3226523511112,12.291332885972224,3169884,1.5773447861183564e-08
embedding_mean_37,mean,37,4920234,4.343615632052321e-08,0,0,2,393.3226523511112,12.291332885972224,3169884,1.5773447861183564e-08
embedding_mean_38,mean,38,4920234,1.4255694850068212e-07,0,0,2,393.3226523511112,12.291332885972224,3169884,1.5773447861183564e-08
embedding_mean_39,mean,39,4920234,5.9196543201681947e-08,0,0,2,393.3226523511112,12.291332885972224,3169884,1.5773447861183564e-08
embedding_mean_40,mean,40,4920234,1.1771029820318338e-09,26,465,2,393.3226523511112,12.291332885972224,3169884,1.5773447861183564e-08
embedding_mean_41,mean,41,4920234,3.558713597283281e-07,0,0,2,393.3226523511112,12.291332885972224,3169884,1.5773447861183564e-08
embedding_mean_42,mean,42,4920234,7.904301828445792e-08,0,0,2,393.3226523511112,12.291332885972224,3169884,1.5773447861183564e-08
embedding_mean_43,mean,43,4920234,3.6018187957074454e-08,0,0,2,393.3226523511112,12.291332885972224,3169884,1.5773447861183564e-08
embedding_mean_44,mean,44,4920234,1.330859057320077e-07,0,0,2,393.3226523511112,12.291332885972224,3169884,1.5773447861183564e-08
embedding_mean_45,mean,45,4920234,8.740916520173688e-09,3,12,2,393.3226523511112,12.291332885972224,3169884,1.5773447861183564e-08
embedding_mean_46,mean,46,4920234,9.082402071042068e-11,109,35043,2,393.3226523511112,12.291332885972224,3169884,1.5773447861183564e-08
embedding_mean_47,mean,47,4920234,4.803784574651598e-08,0,52,2,393.3226523511112,12.291332885972224,3169884,1.5773447861183564e-08
embedding_mean_48,mean,48,4920234,2.823056289999848e-08,0,352,2,393.3226523511112,12.291332885972224,3169884,1.5773447861183564e-08
embedding_mean_49,mean,49,4920234,1.756475266157389e-07,0,0,2,393.3226523511112,12.291332885972224,3169884,1.5773447861183564e-08
embedding_mean_50,mean,50,4920234,4.136945515352783e-07,0,0,2,393.3226523511112,12.291332885972224,3169884,1.5773447861183564e-08
embedding_mean_51,mean,51,4920234,1.3114270027562878e-07,0,0,2,393.3226523511112,12.291332885972224,3169884,1.5773447861183564e-08
embedding_mean_52,mean,52,4920234,1.4854712193740292e-07,0,0,2,393.3226523511112,12.291332885972224,3169884,1.5773447861183564e-08
embedding_mean_53,mean,53,4920234,2.231724264035624e-07,0,0,2,393.3226523511112,12.291332885972224,3169884,1.5773447861183564e-08
embedding_mean_54,mean,54,4920234,2.5067431666808533e-08,0,0,2,393.3226523511112,12.291332885972224,3169884,1.5773447861183564e-08
embedding_mean_55,mean,55,4920234,1.509027312284667e-08,1,0,2,393.3226523511112,12.291332885972224,3169884,1.5773447861183564e-08
embedding_mean_56,mean,56,4920234,2.3854779871931993e-08,0,0,2,393.3226523511112,12.291332885972224,3169884,1.5773447861183564e-08
embedding_mean_57,mean,57,4920234,3.809015829868381e-08,0,0,2,393.3226523511112,12.291332885972224,3169884,1.5773447861183564e-08
embedding_mean_58,mean,58,4920234,4.0599702508791824e-08,0,0,2,393.3226523511112,12.291332885972224,3169884,1.5773447861183564e-08
embedding_mean_59,mean,59,4920234,4.0669033322378505e-09,10,867,2,393.3226523511112,12.291332885972224,3169884,1.5773447861183564e-08
embedding_mean_60,mean,60,4920234,1.0810876312757192e-06,0,0,2,393.3226523511112,12.291332885972224,3169884,1.5773447861183564e-08
embedding_mean_61,mean,61,4920234,1.9446262069122377e-08,0,0,2,393.3226523511112,12.291332885972224,3169884,1.5773447861183564e-08
embedding_mean_62,mean,62,4920234,1.755630962213386e-07,0,0,2,393.3226523511112,12.291332885972224,3169884,1.5773447861183564e-08
embedding_mean_63,mean,63,4920234,1.3441689382278076e-08,1,0,2,393.3226523511112,12.291332885972224,3169884,1.5773447861183564e-08
embedding_mean_64,mean,64,4920234,8.745146732735479e-08,0,0,3,380.90962918801233,11.903425912125384,3169884,1.5773447861183564e-08
embedding_mean_65,mean,65,4920234,1.0898986440231816e-08,1,7,3,380.90962918801233,11.903425912125384,3169884,1.5773447861183564e-08
embedding_mean_66,mean,66,4920234,4.496086780171339e-08,0,0,3,380.90962918801233,11.903425912125384,3169884,1.5773447861183564e-08
embedding_mean_67,mean,67,4920234,1.1216617726371817e-07,0,6968,3,380.90962918801233,11.903425912125384,3169884,1.5773447861183564e-08
embedding_mean_68,mean,68,4920234,7.109336577972096e-09,5,13903,3,380.90962918801233,11.903425912125384,3169884,1.5773447861183564e-08
embedding_mean_69,mean,69,4920234,2.017382872175799e-07,0,0,3,380.90962918801233,11.903425912125384,3169884,1.5773447861183564e-08
embedding_mean_70,mean,70,4920234,4.208873904839851e-09,2,88,3,380.90962918801233,11.903425912125384,3169884,1.5773447861183564e-08
embedding_mean_71,mean,71,4920234,4.114604775023512e-08,0,0,3,380.90962918801233,11.903425912125384,3169884,1.5773447861183564e-08
embedding_mean_72,mean,72,4920234,1.1272072567532596e-07,0,29,3,380.90962918801233,11.903425912125384,3169884,1.5773447861183564e-08
embedding_mean_73,mean,73,4920234,1.0245843072091725e-07,0,0,3,380.90962918801233,11.903425912125384,3169884,1.5773447861183564e-08
embedding_mean_74,mean,74,4920234,1.2431539972867324e-08,1,381,3,380.90962918801233,11.903425912125384,3169884,1.5773447861183564e-08
embedding_mean_75,mean,75,4920234,1.5504833662958432e-08,1,1857,3,380.90962918801233,11.903425912125384,3169884,1.5773447861183564e-08
embedding_mean_76,mean,76,4920234,1.3891636155296586e-07,0,0,3,380.90962918801233,11.903425912125384,3169884,1.5773447861183564e-08
embedding_mean_77,mean,77,4920234,2.157297469630185e-07,0,0,3,380.90962918801233,11.903425912125384,3169884,1.5773447861183564e-08
embedding_mean_78,mean,78,4920234,2.2266559421376295e-07,0,0,3,380.90962918801233,11.903425912125384,3169884,1.5773447861183564e-08
embedding_mean_79,mean,79,4920234,1.1400274851944897e-07,0,0,3,380.90962918801233,11.903425912125384,3169884,1.5773447861183564e-08
embedding_mean_80,mean,80,4920234,3.310773387764549e-09,2,2,3,380.90962918801233,11.903425912125384,3169884,1.5773447861183564e-08
embedding_mean_81,mean,81,4920234,2.64717775514297e-07,0,0,3,380.90962918801233,11.903425912125384,3169884,1.5773447861183564e-08
embedding_mean_82,mean,82,4920234,2.8291119052813225e-08,0,0,3,380.90962918801233,11.903425912125384,3169884,1.5773447861183564e-08
embedding_mean_83,mean,83,4920234,4.426716812520514e-08,0,0,3,380.90962918801233,11.903425912125384,3169884,1.5773447861183564e-08
embedding_mean_84,mean,84,4920234,2.391058961977856e-07,0,0,3,380.90962918801233,11.903425912125384,3169884,1.5773447861183564e-08
embedding_mean_85,mean,85,4920234,1.1481939829881462e-08,1,0,3,380.90962918801233,11.903425912125384,3169884,1.5773447861183564e-08
embedding_mean_86,mean,86,4920234,1.550157875398683e-08,1,0,3,380.90962918801233,11.903425912125384,3169884,1.5773447861183564e-08
embedding_mean_87,mean,87,4920234,2.832338479264397e-09,10,24,3,380.90962918801233,11.903425912125384,3169884,1.5773447861183564e-08
embedding_mean_88,mean,88,4920234,2.3441216725430641e-07,0,0,3,380.90962918801233,11.903425912125384,3169884,1.5773447861183564e-08
embedding_mean_89,mean,89,4920234,9.821971540843632e-08,0,0,3,380.90962918801233,11.903425912125384,3169884,1.5773447861183564e-08
embedding_mean_90,mean,90,4920234,1.2928287725092571e-08,1,542,3,380.90962918801233,11.903425912125384,3169884,1.5773447861183564e-08
embedding_mean_91,mean,91,4920234,1.3683209768461726e-07,0,0,3,380.90962918801233,11.903425912125384,3169884,1.5773447861183564e-08
embedding_mean_92,mean,92,4920234,2.5019597096966918e-08,0,0,3,380.90962918801233,11.903425912125384,3169884,1.5773447861183564e-08
embedding_mean_93,mean,93,4920234,4.916418899800223e-08,0,0,3,380.90962918801233,11.903425912125384,3169884,1.5773447861183564e-08
embedding_mean_94,mean,94,4920234,4.7095810794629096e-08,0,0,3,380.90962918801233,11.903425912125384,3169884,1.5773447861183564e-08
embedding_mean_95,mean,95,4920234,2.1576599200951833e-08,0,1172,3,380.90962918801233,11.903425912125384,3169884,1.5773447861183564e-08
embedding_mean_96,mean,96,4920234,6.034832667839891e-08,0,0,4,430.87771928100847,13.464928727531516,3169884,1.5773447861183564e-08
embedding_mean_97,mean,97,4920234,3.256891004768844e-08,0,0,4,430.87771928100847,13.464928727531516,3169884,1.5773447861183564e-08
embedding_mean_98,mean,98,4920234,5.760933051995293e-09,1,1,4,430.87771928100847,13.464928727531516,3169884,1.5773447861183564e-08
embedding_mean_99,mean,99,4920234,2.8492379975932743e-09,6,4555,4,430.87771928100847,13.464928727531516,3169884,1.5773447861183564e-08
embedding_mean_100,mean,100,4920234,7.699397816998767e-08,0,0,4,430.87771928100847,13.464928727531516,3169884,1.5773447861183564e-08
embedding_mean_101,mean,101,4920234,4.333562745647457e-09,1,1,4,430.87771928100847,13.464928727531516,3169884,1.5773447861183564e-08
embedding_mean_102,mean,102,4920234,7.871336826700307e-08,0,0,4,430.87771928100847,13.464928727531516,3169884,1.5773447861183564e-08
embedding_mean_103,mean,103,4920234,1.44528325178934e-07,0,0,4,430.87771928100847,13.464928727531516,3169884,1.5773447861183564e-08
embedding_mean_104,mean,104,4920234,6.58929823803998e-10,10,21,4,430.87771928100847,13.464928727531516,3169884,1.5773447861183564e-08
embedding_mean_105,mean,105,4920234,6.157262045969434e-08,0,0,4,430.87771928100847,13.464928727531516,3169884,1.5773447861183564e-08
embedding_mean_106,mean,106,4920234,2.4219965794094033e-08,0,0,4,430.87771928100847,13.464928727531516,3169884,1.5773447861183564e-08
embedding_mean_107,mean,107,4920234,3.4581750256796405e-10,11,537,4,430.87771928100847,13.464928727531516,3169884,1.5773447861183564e-08
embedding_mean_108,mean,108,4920234,1.53958387048562e-08,1,613,4,430.87771928100847,13.464928727531516,3169884,1.5773447861183564e-08
embedding_mean_109,mean,109,4920234,4.446901963132297e-08,0,0,4,430.87771928100847,13.464928727531516,3169884,1.5773447861183564e-08
embedding_mean_110,mean,110,4920234,2.388231230925522e-08,0,0,4,430.87771928100847,13.464928727531516,3169884,1.5773447861183564e-08
embedding_mean_111,mean,111,4920234,4.3620973819280737e-07,0,0,4,430.87771928100847,13.464928727531516,3169884,1.5773447861183564e-08
embedding_mean_112,mean,112,4920234,1.939722443309181e-07,0,0,4,430.87771928100847,13.464928727531516,3169884,1.5773447861183564e-08
embedding_mean_113,mean,113,4920234,3.2125889072370753e-08,0,0,4,430.87771928100847,13.464928727531516,3169884,1.5773447861183564e-08
embedding_mean_114,mean,114,4920234,1.988092537575153e-08,0,0,4,430.87771928100847,13.464928727531516,3169884,1.5773447861183564e-08
embedding_mean_115,mean,115,4920234,5.453208680742617e-08,0,0,4,430.87771928100847,13.464928727531516,3169884,1.5773447861183564e-08
embedding_mean_116,mean,116,4920234,5.779357917850399e-07,0,0,4,430.87771928100847,13.464928727531516,3169884,1.5773447861183564e-08
embedding_mean_117,mean,117,4920234,1.1660489454775263e-09,4,1770,4,430.87771928100847,13.464928727531516,3169884,1.5773447861183564e-08
embedding_mean_118,mean,118,4920234,6.959609189735545e-08,0,0,4,430.87771928100847,13.464928727531516,3169884,1.5773447861183564e-08
embedding_mean_119,mean,119,4920234,1.5046701013748453e-08,1,0,4,430.87771928100847,13.464928727531516,3169884,1.5773447861183564e-08
embedding_mean_120,mean,120,4920234,1.0342783553940009e-07,0,0,4,430.87771928100847,13.464928727531516,3169884,1.5773447861183564e-08
embedding_mean_121,mean,121,4920234,1.5767660085152775e-08,1,0,4,430.87771928100847,13.464928727531516,3169884,1.5773447861183564e-08
embedding_mean_122,mean,122,4920234,2.1237877915035596e-08,0,0,4,430.87771928100847,13.464928727531516,3169884,1.5773447861183564e-08
embedding_mean_123,mean,123,4920234,1.601513475926874e-10,52,383,4,430.87771928100847,13.464928727531516,3169884,1.5773447861183564e-08
embedding_mean_124,mean,124,4920234,8.106988513590615e-08,0,0,4,430.87771928100847,13.464928727531516,3169884,1.5773447861183564e-08
embedding_mean_125,mean,125,4920234,1.0125611591972984e-08,1,1,4,430.87771928100847,13.464928727531516,3169884,1.5773447861183564e-08
embedding_mean_126,mean,126,4920234,1.04008264417987e-08,1,81,4,430.87771928100847,13.464928727531516,3169884,1.5773447861183564e-08
embedding_mean_127,mean,127,4920234,7.847651000709278e-10,14,86,4,430.87771928100847,13.464928727531516,3169884,1.5773447861183564e-08
embedding_mean_128,mean,128,4920234,5.399297828605864e-08,0,0,5,406.3684771521948,12.699014911006088,3169884,1.5773447861183564e-08
embedding_mean_129,mean,129,4920234,3.5432988496621542e-09,4,4,5,406.3684771521948,12.699014911006088,3169884,1.5773447861183564e-08
embedding_mean_130,mean,130,4920234,2.1094595772318166e-07,0,0,5,406.3684771521948,12.699014911006088,3169884,1.5773447861183564e-08
embedding_mean_131,mean,131,4920234,1.3600662545115857e-07,0,0,5,406.3684771521948,12.699014911006088,3169884,1.5773447861183564e-08
embedding_mean_132,mean,132,4920234,4.5659060714509215e-10,16,477,5,406.3684771521948,12.699014911006088,3169884,1.5773447861183564e-08
embedding_mean_133,mean,133,4920234,4.198458746290214e-08,0,14681,5,406.3684771521948,12.699014911006088,3169884,1.5773447861183564e-08
embedding_mean_134,mean,134,4920234,1.4985062675066021e-07,0,0,5,406.3684771521948,12.699014911006088,3169884,1.5773447861183564e-08
embedding_mean_135,mean,135,4920234,6.217561499282426e-08,0,0,5,406.3684771521948,12.699014911006088,3169884,1.5773447861183564e-08
embedding_mean_136,mean,136,4920234,6.479378011915192e-09,1,1,5,406.3684771521948,12.699014911006088,3169884,1.5773447861183564e-08
embedding_mean_137,mean,137,4920234,4.237898512279341e-08,0,0,5,406.3684771521948,12.699014911006088,3169884,1.5773447861183564e-08
embedding_mean_138,mean,138,4920234,2.0061458442512382e-08,0,286,5,406.3684771521948,12.699014911006088,3169884,1.5773447861183564e-08
embedding_mean_139,mean,139,4920234,4.949406743519048e-10,15,67,5,406.3684771521948,12.699014911006088,3169884,1.5773447861183564e-08
embedding_mean_140,mean,140,4920234,1.476647649554047e-07,0,0,5,406.3684771521948,12.699014911006088,3169884,1.5773447861183564e-08
embedding_mean_141,mean,141,4920234,1.4530353381513852e-08,1,385,5,406.3684771521948,12.699014911006088,3169884,1.5773447861183564e-08
embedding_mean_142,mean,142,4920234,1.0592626273844509e-08,1,2,5,406.3684771521948,12.699014911006088,3169884,1.5773447861183564e-08
embedding_mean_143,mean,143,4920234,1.935020624107819e-09,1,1,5,406.3684771521948,12.699014911006088,3169884,1.5773447861183564e-08
embedding_mean_144,mean,144,4920234,6.439564932449213e-09,1,19,5,406.3684771521948,12.699014911006088,3169884,1.5773447861183564e-08
embedding_mean_145,mean,145,4920234,1.9959860298464705e-07,0,0,5,406.3684771521948,12.699014911006088,3169884,1.5773447861183564e-08
embedding_mean_146,mean,146,4920234,5.806571670159796e-09,1,1,5,406.3684771521948,12.699014911006088,3169884,1.5773447861183564e-08
embedding_mean_147,mean,147,4920234,3.6622441166716274e-08,0,0,5,406.3684771521948,12.699014911006088,3169884,1.5773447861183564e-08
embedding_mean_148,mean,148,4920234,1.653495143174649e-07,0,0,5,406.3684771521948,12.699014911006088,3169884,1.5773447861183564e-08
embedding_mean_149,mean,149,4920234,2.516672440849029e-08,0,0,5,406.3684771521948,12.699014911006088,3169884,1.5773447861183564e-08
embedding_mean_150,mean,150,4920234,2.666900526012731e-10,15,25164,5,406.3684771521948,12.699014911006088,3169884,1.5773447861183564e-08
embedding_mean_151,mean,151,4920234,1.4620189249602926e-08,1,446,5,406.3684771521948,12.699014911006088,3169884,1.5773447861183564e-08
embedding_mean_152,mean,152,4920234,7.415993397952012e-09,1,1,5,406.3684771521948,12.699014911006088,3169884,1.5773447861183564e-08
embedding_mean_153,mean,153,4920234,1.5025745661854538e-08,1,0,5,406.3684771521948,12.699014911006088,3169884,1.5773447861183564e-08
embedding_mean_154,mean,154,4920234,1.596406165507854e-07,0,0,5,406.3684771521948,12.699014911006088,3169884,1.5773447861183564e-08
embedding_mean_155,mean,155,4920234,6.8631218486354795e-09,1,1,5,406.3684771521948,12.699014911006088,3169884,1.5773447861183564e-08
embedding_mean_156,mean,156,4920234,1.2377883443512733e-07,0,0,5,406.3684771521948,12.699014911006088,3169884,1.5773447861183564e-08
embedding_mean_157,mean,157,4920234,1.3406395986682988e-08,3,1062,5,406.3684771521948,12.699014911006088,3169884,1.5773447861183564e-08
embedding_mean_158,mean,158,4920234,8.68264282409665e-08,0,0,5,406.3684771521948,12.699014911006088,3169884,1.5773447861183564e-08
embedding_mean_159,mean,159,4920234,2.272310766075989e-07,0,0,5,406.3684771521948,12.699014911006088,3169884,1.5773447861183564e-08
embedding_mean_160,mean,160,4920234,3.852554581953891e-07,0,0,6,403.2307135290466,12.600959797782709,3169884,1.5773447861183564e-08
embedding_mean_161,mean,161,4920234,6.702584412896487e-09,2,7,6,403.2307135290466,12.600959797782709,3169884,1.5773447861183564e-08
embedding_mean_162,mean,162,4920234,1.227778364065503e-07,0,0,6,403.2307135290466,12.600959797782709,3169884,1.5773447861183564e-08
embedding_mean_163,mean,163,4920234,2.429600552506598e-09,1,1,6,403.2307135290466,12.600959797782709,3169884,1.5773447861183564e-08
embedding_mean_164,mean,164,4920234,8.37724508134251e-12,130,4163,6,403.2307135290466,12.600959797782709,3169884,1.5773447861183564e-08
embedding_mean_165,mean,165,4920234,1.3827303074784522e-08,1,0,6,403.2307135290466,12.600959797782709,3169884,1.5773447861183564e-08
embedding_mean_166,mean,166,4920234,6.582173575593275e-08,0,0,6,403.2307135290466,12.600959797782709,3169884,1.5773447861183564e-08
embedding_mean_167,mean,167,4920234,3.4871097468108155e-08,0,0,6,403.2307135290466,12.600959797782709,3169884,1.5773447861183564e-08
embedding_mean_168,mean,168,4920234,2.638012642557991e-07,0,0,6,403.2307135290466,12.600959797782709,3169884,1.5773447861183564e-08
embedding_mean_169,mean,169,4920234,8.297122379797907e-08,0,0,6,403.2307135290466,12.600959797782709,3169884,1.5773447861183564e-08
embedding_mean_170,mean,170,4920234,2.7503344354312603e-08,0,0,6,403.2307135290466,12.600959797782709,3169884,1.5773447861183564e-08
embedding_mean_171,mean,171,4920234,4.029961534552714e-08,0,0,6,403.2307135290466,12.600959797782709,3169884,1.5773447861183564e-08
embedding_mean_172,mean,172,4920234,2.414844642231758e-10,22,499,6,403.2307135290466,12.600959797782709,3169884,1.5773447861183564e-08
embedding_mean_173,mean,173,4920234,5.870723537208194e-10,2,8,6,403.2307135290466,12.600959797782709,3169884,1.5773447861183564e-08
embedding_mean_174,mean,174,4920234,3.3391934954525363e-09,1,2,6,403.2307135290466,12.600959797782709,3169884,1.5773447861183564e-08
embedding_mean_175,mean,175,4920234,2.8636491513563355e-08,0,0,6,403.2307135290466,12.600959797782709,3169884,1.5773447861183564e-08
embedding_mean_176,mean,176,4920234,7.057848397811463e-07,0,0,6,403.2307135290466,12.600959797782709,3169884,1.5773447861183564e-08
embedding_mean_177,mean,177,4920234,2.9337212496180905e-07,0,0,6,403.2307135290466,12.600959797782709,3169884,1.5773447861183564e-08
embedding_mean_178,mean,178,4920234,1.4480972441446198e-10,64,1138,6,403.2307135290466,12.600959797782709,3169884,1.5773447861183564e-08
embedding_mean_179,mean,179,4920234,1.8008219290836533e-08,0,309,6,403.2307135290466,12.600959797782709,3169884,1.5773447861183564e-08
embedding_mean_180,mean,180,4920234,4.1829717370378944e-08,0,6,6,403.2307135290466,12.600959797782709,3169884,1.5773447861183564e-08
embedding_mean_181,mean,181,4920234,1.3799331797922496e-08,1,3120,6,403.2307135290466,12.600959797782709,3169884,1.5773447861183564e-08
embedding_mean_182,mean,182,4920234,2.1653098362090595e-07,0,0,6,403.2307135290466,12.600959797782709,3169884,1.5773447861183564e-08
embedding_mean_183,mean,183,4920234,1.2811091009169422e-07,0,0,6,403.2307135290466,12.600959797782709,3169884,1.5773447861183564e-08
embedding_mean_184,mean,184,4920234,6.80722658204642e-08,0,0,6,403.2307135290466,12.600959797782709,3169884,1.5773447861183564e-08
embedding_mean_185,mean,185,4920234,8.356680443948348e-08,0,0,6,403.2307135290466,12.600959797782709,3169884,1.5773447861183564e-08
embedding_mean_186,mean,186,4920234,5.979688705336509e-12,132,1053,6,403.2307135290466,12.600959797782709,3169884,1.5773447861183564e-08
embedding_mean_187,mean,187,4920234,1.1315983735605357e-07,0,0,6,403.2307135290466,12.600959797782709,3169884,1.5773447861183564e-08
embedding_mean_188,mean,188,4920234,4.8800689437374136e-08,0,0,6,403.2307135290466,12.600959797782709,3169884,1.5773447861183564e-08
embedding_mean_189,mean,189,4920234,1.0424174813960198e-07,0,0,6,403.2307135290466,12.600959797782709,3169884,1.5773447861183564e-08
embedding_mean_190,mean,190,4920234,1.3319997472509214e-07,0,0,6,403.2307135290466,12.600959797782709,3169884,1.5773447861183564e-08
embedding_mean_191,mean,191,4920234,1.1221441620840076e-08,1,0,6,403.2307135290466,12.600959797782709,3169884,1.5773447861183564e-08
embedding_mean_192,mean,192,4920234,6.088280474109143e-10,12,1242,7,403.21825185907073,12.60057037059596,3169884,1.5773447861183564e-08
embedding_mean_193,mean,193,4920234,1.8818639108988727e-08,0,3,7,403.21825185907073,12.60057037059596,3169884,1.5773447861183564e-08
embedding_mean_194,mean,194,4920234,5.514323292659342e-08,0,0,7,403.21825185907073,12.60057037059596,3169884,1.5773447861183564e-08
embedding_mean_195,mean,195,4920234,5.4015102785773536e-08,0,0,7,403.21825185907073,12.60057037059596,3169884,1.5773447861183564e-08
embedding_mean_196,mean,196,4920234,3.1849856155005035e-08,0,0,7,403.21825185907073,12.60057037059596,3169884,1.5773447861183564e-08
embedding_mean_197,mean,197,4920234,9.747075764726293e-08,0,0,7,403.21825185907073,12.60057037059596,3169884,1.5773447861183564e-08
embedding_mean_198,mean,198,4920234,1.578044031260081e-07,0,0,7,403.21825185907073,12.60057037059596,3169884,1.5773447861183564e-08
embedding_mean_199,mean,199,4920234,1.485039324181058e-09,4,28,7,403.21825185907073,12.60057037059596,3169884,1.5773447861183564e-08
embedding_mean_200,mean,200,4920234,7.834247528829149e-08,0,0,7,403.21825185907073,12.60057037059596,3169884,1.5773447861183564e-08
embedding_mean_201,mean,201,4920234,4.7191378311575256e-08,0,0,7,403.21825185907073,12.60057037059596,3169884,1.5773447861183564e-08
embedding_mean_202,mean,202,4920234,3.321538235346729e-08,0,0,7,403.21825185907073,12.60057037059596,3169884,1.5773447861183564e-08
embedding_mean_203,mean,203,4920234,4.505601858528194e-07,0,0,7,403.21825185907073,12.60057037059596,3169884,1.5773447861183564e-08
embedding_mean_204,mean,204,4920234,4.656505690695831e-09,3,1019,7,403.21825185907073,12.60057037059596,3169884,1.5773447861183564e-08
embedding_mean_205,mean,205,4920234,1.4535157071992201e-07,0,0,7,403.21825185907073,12.60057037059596,3169884,1.5773447861183564e-08
embedding_mean_206,mean,206,4920234,3.4615728623872525e-07,0,0,7,403.21825185907073,12.60057037059596,3169884,1.5773447861183564e-08
embedding_mean_207,mean,207,4920234,2.1192448207649764e-09,4,12,7,403.21825185907073,12.60057037059596,3169884,1.5773447861183564e-08
embedding_mean_208,mean,208,4920234,7.500968712512848e-08,0,0,7,403.21825185907073,12.60057037059596,3169884,1.5773447861183564e-08
embedding_mean_209,mean,209,4920234,1.3658687080397121e-08,1,0,7,403.21825185907073,12.60057037059596,3169884,1.5773447861183564e-08
embedding_mean_210,mean,210,4920234,4.594036305171255e-09,3,572,7,403.21825185907073,12.60057037059596,3169884,1.5773447861183564e-08
embedding_mean_211,mean,211,4920234,2.390741423578861e-07,0,0,7,403.21825185907073,12.60057037059596,3169884,1.5773447861183564e-08
embedding_mean_212,mean,212,4920234,7.113230290783202e-08,0,0,7,403.21825185907073,12.60057037059596,3169884,1.5773447861183564e-08
embedding_mean_213,mean,213,4920234,1.6846310905150988e-08,0,30,7,403.21825185907073,12.60057037059596,3169884,1.5773447861183564e-08
embedding_mean_214,mean,214,4920234,1.0062815188618823e-07,0,0,7,403.21825185907073,12.60057037059596,3169884,1.5773447861183564e-08
embedding_mean_215,mean,215,4920234,1.7870832920453955e-07,0,0,7,403.21825185907073,12.60057037059596,3169884,1.5773447861183564e-08
embedding_mean_216,mean,216,4920234,2.2370716074819076e-08,0,0,7,403.21825185907073,12.60057037059596,3169884,1.5773447861183564e-08
embedding_mean_217,mean,217,4920234,1.9704568584166794e-07,0,0,7,403.21825185907073,12.60057037059596,3169884,1.5773447861183564e-08
embedding_mean_218,mean,218,4920234,7.796340545616629e-08,0,0,7,403.21825185907073,12.60057037059596,3169884,1.5773447861183564e-08
embedding_mean_219,mean,219,4920234,4.643968896212983e-07,0,0,7,403.21825185907073,12.60057037059596,3169884,1.5773447861183564e-08
embedding_mean_220,mean,220,4920234,2.591158603726386e-07,0,0,7,403.21825185907073,12.60057037059596,3169884,1.5773447861183564e-08
embedding_mean_221,mean,221,4920234,1.0302905059236393e-07,0,0,7,403.21825185907073,12.60057037059596,3169884,1.5773447861183564e-08
embedding_mean_222,mean,222,4920234,4.2850792174216804e-07,0,0,7,403.21825185907073,12.60057037059596,3169884,1.5773447861183564e-08
embedding_mean_223,mean,223,4920234,2.2994212507716103e-08,0,0,7,403.21825185907073,12.60057037059596,3169884,1.5773447861183564e-08
embedding_mean_224,mean,224,4920234,1.3356610272803593e-07,0,0,8,447.2302827129606,13.97594633478002,3169884,1.5773447861183564e-08
embedding_mean_225,mean,225,4920234,1.983480588214165e-07,0,0,8,447.2302827129606,13.97594633478002,3169884,1.5773447861183564e-08
embedding_mean_226,mean,226,4920234,1.1220943422218113e-10,120,1183,8,447.2302827129606,13.97594633478002,3169884,1.5773447861183564e-08
embedding_mean_227,mean,227,4920234,2.74879704044004e-07,0,0,8,447.2302827129606,13.97594633478002,3169884,1.5773447861183564e-08
embedding_mean_228,mean,228,4920234,1.8568013744459861e-09,9,249,8,447.2302827129606,13.97594633478002,3169884,1.5773447861183564e-08
embedding_mean_229,mean,229,4920234,3.461810284628892e-07,0,0,8,447.2302827129606,13.97594633478002,3169884,1.5773447861183564e-08
embedding_mean_230,mean,230,4920234,8.467384814377885e-08,0,0,8,447.2302827129606,13.97594633478002,3169884,1.5773447861183564e-08
embedding_mean_231,mean,231,4920234,3.189555688974964e-07,0,0,8,447.2302827129606,13.97594633478002,3169884,1.5773447861183564e-08
embedding_mean_232,mean,232,4920234,1.703909934887139e-09,13,27,8,447.2302827129606,13.97594633478002,3169884,1.5773447861183564e-08
embedding_mean_233,mean,233,4920234,3.331007743315688e-08,0,0,8,447.2302827129606,13.97594633478002,3169884,1.5773447861183564e-08
embedding_mean_234,mean,234,4920234,1.390518243630514e-08,1,0,8,447.2302827129606,13.97594633478002,3169884,1.5773447861183564e-08
embedding_mean_235,mean,235,4920234,3.232181606739169e-08,0,228,8,447.2302827129606,13.97594633478002,3169884,1.5773447861183564e-08
embedding_mean_236,mean,236,4920234,1.980927341594306e-07,0,0,8,447.2302827129606,13.97594633478002,3169884,1.5773447861183564e-08
embedding_mean_237,mean,237,4920234,1.1312412210931191e-08,1,0,8,447.2302827129606,13.97594633478002,3169884,1.5773447861183564e-08
embedding_mean_238,mean,238,4920234,7.94721759276038e-08,0,0,8,447.2302827129606,13.97594633478002,3169884,1.5773447861183564e-08
embedding_mean_239,mean,239,4920234,5.068050548756883e-07,0,0,8,447.2302827129606,13.97594633478002,3169884,1.5773447861183564e-08
embedding_mean_240,mean,240,4920234,2.074363317825642e-07,0,0,8,447.2302827129606,13.97594633478002,3169884,1.5773447861183564e-08
embedding_mean_241,mean,241,4920234,1.4555853822959142e-12,386,1787,8,447.2302827129606,13.97594633478002,3169884,1.5773447861183564e-08
embedding_mean_242,mean,242,4920234,2.167953783878481e-07,0,0,8,447.2302827129606,13.97594633478002,3169884,1.5773447861183564e-08
embedding_mean_243,mean,243,4920234,1.850840337129874e-07,0,0,8,447.2302827129606,13.97594633478002,3169884,1.5773447861183564e-08
embedding_mean_244,mean,244,4920234,7.714852363075479e-09,5,602,8,447.2302827129606,13.97594633478002,3169884,1.5773447861183564e-08
embedding_mean_245,mean,245,4920234,1.7122153720398138e-10,58,265,8,447.2302827129606,13.97594633478002,3169884,1.5773447861183564e-08
embedding_mean_246,mean,246,4920234,1.5909023682335094e-10,10,1070,8,447.2302827129606,13.97594633478002,3169884,1.5773447861183564e-08
embedding_mean_247,mean,247,4920234,9.143752940529007e-09,1,1,8,447.2302827129606,13.97594633478002,3169884,1.5773447861183564e-08
embedding_mean_248,mean,248,4920234,4.936905459941936e-08,0,0,8,447.2302827129606,13.97594633478002,3169884,1.5773447861183564e-08
embedding_mean_249,mean,249,4920234,1.5845057214496852e-08,0,0,8,447.2302827129606,13.97594633478002,3169884,1.5773447861183564e-08
embedding_mean_250,mean,250,4920234,4.47665524838659e-08,0,0,8,447.2302827129606,13.97594633478002,3169884,1.5773447861183564e-08
embedding_mean_251,mean,251,4920234,8.07444568825386e-07,0,0,8,447.2302827129606,13.97594633478002,3169884,1.5773447861183564e-08
embedding_mean_252,mean,252,4920234,1.9356794282575783e-08,0,0,8,447.2302827129606,13.97594633478002,3169884,1.5773447861183564e-08
embedding_mean_253,mean,253,4920234,3.609322536140735e-08,0,26,8,447.2302827129606,13.97594633478002,3169884,1.5773447861183564e-08
embedding_mean_254,mean,254,4920234,8.126532322250944e-08,0,0,8,447.2302827129606,13.97594633478002,3169884,1.5773447861183564e-08
embedding_mean_255,mean,255,4920234,2.4953472938436425e-08,0,0,8,447.2302827129606,13.97594633478002,3169884,1.5773447861183564e-08
embedding_mean_256,mean,256,4920234,2.4524221950985e-08,0,4,9,450.8030526321381,14.087595394754317,3169884,1.5773447861183564e-08
embedding_mean_257,mean,257,4920234,2.84994810156038e-08,0,0,9,450.8030526321381,14.087595394754317,3169884,1.5773447861183564e-08
embedding_mean_258,mean,258,4920234,5.9093072256097065e-08,0,0,9,450.8030526321381,14.087595394754317,3169884,1.5773447861183564e-08
embedding_mean_259,mean,259,4920234,3.300930833102615e-07,0,0,9,450.8030526321381,14.087595394754317,3169884,1.5773447861183564e-08
embedding_mean_260,mean,260,4920234,2.7317963607206108e-08,0,5,9,450.8030526321381,14.087595394754317,3169884,1.5773447861183564e-08
embedding_mean_261,mean,261,4920234,3.975415923128937e-09,19,93,9,450.8030526321381,14.087595394754317,3169884,1.5773447861183564e-08
embedding_mean_262,mean,262,4920234,6.111880037792413e-07,0,0,9,450.8030526321381,14.087595394754317,3169884,1.5773447861183564e-08
embedding_mean_263,mean,263,4920234,9.834225930583668e-09,2,261,9,450.8030526321381,14.087595394754317,3169884,1.5773447861183564e-08
embedding_mean_264,mean,264,4920234,2.776324767798145e-08,0,0,9,450.8030526321381,14.087595394754317,3169884,1.5773447861183564e-08
embedding_mean_265,mean,265,4920234,5.7028384276132724e-08,0,0,9,450.8030526321381,14.087595394754317,3169884,1.5773447861183564e-08
embedding_mean_266,mean,266,4920234,4.7963921310922415e-09,2,4,9,450.8030526321381,14.087595394754317,3169884,1.5773447861183564e-08
embedding_mean_267,mean,267,4920234,3.8003616837023774e-10,14,599,9,450.8030526321381,14.087595394754317,3169884,1.5773447861183564e-08
embedding_mean_268,mean,268,4920234,1.515147545461004e-07,0,0,9,450.8030526321381,14.087595394754317,3169884,1.5773447861183564e-08
embedding_mean_269,mean,269,4920234,2.7949269565480035e-10,95,966,9,450.8030526321381,14.087595394754317,3169884,1.5773447861183564e-08
embedding_mean_270,mean,270,4920234,9.465661005196362e-09,3,12,9,450.8030526321381,14.087595394754317,3169884,1.5773447861183564e-08
embedding_mean_271,mean,271,4920234,4.8740521492185755e-08,0,0,9,450.8030526321381,14.087595394754317,3169884,1.5773447861183564e-08
embedding_mean_272,mean,272,4920234,6.63986527124286e-09,1,1,9,450.8030526321381,14.087595394754317,3169884,1.5773447861183564e-08
embedding_mean_273,mean,273,4920234,5.408752633859153e-09,8,32152,9,450.8030526321381,14.087595394754317,3169884,1.5773447861183564e-08
embedding_mean_274,mean,274,4920234,1.5624630151647126e-07,0,0,9,450.8030526321381,14.087595394754317,3169884,1.5773447861183564e-08
embedding_mean_275,mean,275,4920234,1.3432727590315657e-08,1,13,9,450.8030526321381,14.087595394754317,3169884,1.5773447861183564e-08
embedding_mean_276,mean,276,4920234,6.082804559569484e-09,2,2,9,450.8030526321381,14.087595394754317,3169884,1.5773447861183564e-08
embedding_mean_277,mean,277,4920234,7.341187800466892e-09,2,23,9,450.8030526321381,14.087595394754317,3169884,1.5773447861183564e-08
embedding_mean_278,mean,278,4920234,7.05410541664922e-07,0,0,9,450.8030526321381,14.087595394754317,3169884,1.5773447861183564e-08
embedding_mean_279,mean,279,4920234,1.8313470398215925e-08,0,4222,9,450.8030526321381,14.087595394754317,3169884,1.5773447861183564e-08
embedding_mean_280,mean,280,4920234,5.4049365156689307e-08,0,0,9,450.8030526321381,14.087595394754317,3169884,1.5773447861183564e-08
embedding_mean_281,mean,281,4920234,8.238521630420228e-08,0,0,9,450.8030526321381,14.087595394754317,3169884,1.5773447861183564e-08
embedding_mean_282,mean,282,4920234,2.5766217861628523e-08,0,0,9,450.8030526321381,14.087595394754317,3169884,1.5773447861183564e-08
embedding_mean_283,mean,283,4920234,3.086886405009977e-07,0,0,9,450.8030526321381,14.087595394754317,3169884,1.5773447861183564e-08
embedding_mean_284,mean,284,4920234,6.6872971180223e-08,0,0,9,450.8030526321381,14.087595394754317,3169884,1.5773447861183564e-08
embedding_mean_285,mean,285,4920234,6.227421545819997e-09,3,4,9,450.8030526321381,14.087595394754317,3169884,1.5773447861183564e-08
embedding_mean_286,mean,286,4920234,4.1412550735099843e-08,0,0,9,450.8030526321381,14.087595394754317,3169884,1.5773447861183564e-08
embedding_mean_287,mean,287,4920234,3.745706402203121e-08,0,2129,9,450.8030526321381,14.087595394754317,3169884,1.5773447861183564e-08
embedding_mean_288,mean,288,4920234,1.6518838388158332e-08,0,0,10,463.5338311230298,14.485432222594682,3169884,1.5773447861183564e-08
embedding_mean_289,mean,289,4920234,1.475276184384931e-08,1,0,10,463.5338311230298,14.485432222594682,3169884,1.5773447861183564e-08
embedding_mean_290,mean,290,4920234,7.588134284564527e-08,0,0,10,463.5338311230298,14.485432222594682,3169884,1.5773447861183564e-08
embedding_mean_291,mean,291,4920234,1.6752021218142181e-07,0,0,10,463.5338311230298,14.485432222594682,3169884,1.5773447861183564e-08
embedding_mean_292,mean,292,4920234,2.03413051555902e-08,0,0,10,463.5338311230298,14.485432222594682,3169884,1.5773447861183564e-08
embedding_mean_293,mean,293,4920234,7.893888935992767e-08,0,0,10,463.5338311230298,14.485432222594682,3169884,1.5773447861183564e-08
embedding_mean_294,mean,294,4920234,3.300337541025234e-10,26,595,10,463.5338311230298,14.485432222594682,3169884,1.5773447861183564e-08
embedding_mean_295,mean,295,4920234,1.7619183920864514e-07,0,0,10,463.5338311230298,14.485432222594682,3169884,1.5773447861183564e-08
embedding_mean_296,mean,296,4920234,1.5887428957026595e-09,1,273,10,463.5338311230298,14.485432222594682,3169884,1.5773447861183564e-08
embedding_mean_297,mean,297,4920234,1.8970282676316764e-09,1,1,10,463.5338311230298,14.485432222594682,3169884,1.5773447861183564e-08
embedding_mean_298,mean,298,4920234,8.71789258653343e-08,0,0,10,463.5338311230298,14.485432222594682,3169884,1.5773447861183564e-08
embedding_mean_299,mean,299,4920234,2.5642039589477242e-08,0,41,10,463.5338311230298,14.485432222594682,3169884,1.5773447861183564e-08
embedding_mean_300,mean,300,4920234,8.152999635725981e-11,140,44048,10,463.5338311230298,14.485432222594682,3169884,1.5773447861183564e-08
embedding_mean_301,mean,301,4920234,1.975289176997459e-08,0,0,10,463.5338311230298,14.485432222594682,3169884,1.5773447861183564e-08
embedding_mean_302,mean,302,4920234,5.2869146497315174e-11,31,604,10,463.5338311230298,14.485432222594682,3169884,1.5773447861183564e-08
embedding_mean_303,mean,303,4920234,9.980671833724721e-08,0,0,10,463.5338311230298,14.485432222594682,3169884,1.5773447861183564e-08
embedding_mean_304,mean,304,4920234,9.816163881082881e-08,0,0,10,463.5338311230298,14.485432222594682,3169884,1.5773447861183564e-08
embedding_mean_305,mean,305,4920234,4.0874372674259473e-08,0,0,10,463.5338311230298,14.485432222594682,3169884,1.5773447861183564e-08
embedding_mean_306,mean,306,4920234,1.349162739863411e-07,0,0,10,463.5338311230298,14.485432222594682,3169884,1.5773447861183564e-08
embedding_mean_307,mean,307,4920234,2.231485559704713e-07,0,0,10,463.5338311230298,14.485432222594682,3169884,1.5773447861183564e-08
embedding_mean_308,mean,308,4920234,1.0307421499131556e-10,42,496,10,463.5338311230298,14.485432222594682,3169884,1.5773447861183564e-08
embedding_mean_309,mean,309,4920234,2.2628756947579125e-08,0,4,10,463.5338311230298,14.485432222594682,3169884,1.5773447861183564e-08
embedding_mean_310,mean,310,4920234,1.222736547248321e-07,0,0,10,463.5338311230298,14.485432222594682,3169884,1.5773447861183564e-08
embedding_mean_311,mean,311,4920234,5.302147412974826e-08,0,0,10,463.5338311230298,14.485432222594682,3169884,1.5773447861183564e-08
embedding_mean_312,mean,312,4920234,2.6348432218640523e-08,0,0,10,463.5338311230298,14.485432222594682,3169884,1.5773447861183564e-08
embedding_mean_313,mean,313,4920234,2.3520208508151602e-07,0,0,10,463.5338311230298,14.485432222594682,3169884,1.5773447861183564e-08
embedding_mean_314,mean,314,4920234,5.552578529842473e-09,2,4,10,463.5338311230298,14.485432222594682,3169884,1.5773447861183564e-08
embedding_mean_315,mean,315,4920234,1.195935136978435e-08,1,0,10,463.5338311230298,14.485432222594682,3169884,1.5773447861183564e-08
embedding_mean_316,mean,316,4920234,1.0822231765559684e-07,0,0,10,463.5338311230298,14.485432222594682,3169884,1.5773447861183564e-08
embedding_mean_317,mean,317,4920234,8.543771521800582e-07,0,0,10,463.5338311230298,14.485432222594682,3169884,1.5773447861183564e-08
embedding_mean_318,mean,318,4920234,3.2923074969990474e-08,0,0,10,463.5338311230298,14.485432222594682,3169884,1.5773447861183564e-08
embedding_mean_319,mean,319,4920234,5.5811987814028516e-08,0,0,10,463.5338311230298,14.485432222594682,3169884,1.5773447861183564e-08
embedding_mean_320,mean,320,4920234,1.2861777845585876e-08,2,3,11,461.446999746142,14.420218742066936,3169884,1.5773447861183564e-08
embedding_mean_321,mean,321,4920234,1.6316546013228274e-07,0,0,11,461.446999746142,14.420218742066936,3169884,1.5773447861183564e-08
embedding_mean_322,mean,322,4920234,7.472907835925093e-08,0,0,11,461.446999746142,14.420218742066936,3169884,1.5773447861183564e-08
embedding_mean_323,mean,323,4920234,2.6637575655591473e-09,1,1,11,461.446999746142,14.420218742066936,3169884,1.5773447861183564e-08
embedding_mean_324,mean,324,4920234,3.965192625148468e-09,2,6,11,461.446999746142,14.420218742066936,3169884,1.5773447861183564e-08
embedding_mean_325,mean,325,4920234,2.8597436218110375e-07,0,0,11,461.446999746142,14.420218742066936,3169884,1.5773447861183564e-08
embedding_mean_326,mean,326,4920234,1.34809630641676e-08,1,334,11,461.446999746142,14.420218742066936,3169884,1.5773447861183564e-08
embedding_mean_327,mean,327,4920234,1.3923431267776944e-08,1,0,11,461.446999746142,14.420218742066936,3169884,1.5773447861183564e-08
embedding_mean_328,mean,328,4920234,3.2369536412720946e-07,0,0,11,461.446999746142,14.420218742066936,3169884,1.5773447861183564e-08
embedding_mean_329,mean,329,4920234,9.673809059990576e-09,1,569,11,461.446999746142,14.420218742066936,3169884,1.5773447861183564e-08
embedding_mean_330,mean,330,4920234,6.492594467190202e-08,0,0,11,461.446999746142,14.420218742066936,3169884,1.5773447861183564e-08
embedding_mean_331,mean,331,4920234,1.6520748315200675e-08,0,75,11,461.446999746142,14.420218742066936,3169884,1.5773447861183564e-08
embedding_mean_332,mean,332,4920234,3.9294109998273915e-10,39,393,11,461.446999746142,14.420218742066936,3169884,1.5773447861183564e-08
embedding_mean_333,mean,333,4920234,2.6141021484971992e-08,0,0,11,461.446999746142,14.420218742066936,3169884,1.5773447861183564e-08
embedding_mean_334,mean,334,4920234,2.3371999553100973e-08,0,0,11,461.446999746142,14.420218742066936,3169884,1.5773447861183564e-08
embedding_mean_335,mean,335,4920234,1.0855323940908512e-11,307,2671,11,461.446999746142,14.420218742066936,3169884,1.5773447861183564e-08
embedding_mean_336,mean,336,4920234,1.5779804366954364e-07,0,0,11,461.446999746142,14.420218742066936,3169884,1.5773447861183564e-08
embedding_mean_337,mean,337,4920234,7.834209907388569e-09,1,17,11,461.446999746142,14.420218742066936,3169884,1.5773447861183564e-08
embedding_mean_338,mean,338,4920234,7.23968772551097e-08,0,0,11,461.446999746142,14.420218742066936,3169884,1.5773447861183564e-08
embedding_mean_339,mean,339,4920234,9.173717524356382e-09,1,73,11,461.446999746142,14.420218742066936,3169884,1.5773447861183564e-08
embedding_mean_340,mean,340,4920234,9.950400881363186e-09,3,189,11,461.446999746142,14.420218742066936,3169884,1.5773447861183564e-08
embedding_mean_341,mean,341,4920234,1.4293208111135598e-07,0,0,11,461.446999746142,14.420218742066936,3169884,1.5773447861183564e-08
embedding_mean_342,mean,342,4920234,3.85151102382341e-08,0,0,11,461.446999746142,14.420218742066936,3169884,1.5773447861183564e-08
embedding_mean_343,mean,343,4920234,8.11482241100215e-08,0,0,11,461.446999746142,14.420218742066936,3169884,1.5773447861183564e-08
embedding_mean_344,mean,344,4920234,1.8943086992901183e-08,0,0,11,461.446999746142,14.420218742066936,3169884,1.5773447861183564e-08
embedding_mean_345,mean,345,4920234,1.465708872987763e-07,0,0,11,461.446999746142,14.420218742066936,3169884,1.5773447861183564e-08
embedding_mean_346,mean,346,4920234,6.384188933541695e-08,0,0,11,461.446999746142,14.420218742066936,3169884,1.5773447861183564e-08
embedding_mean_347,mean,347,4920234,2.338352142594861e-07,0,0,11,461.446999746142,14.420218742066936,3169884,1.5773447861183564e-08
embedding_mean_348,mean,348,4920234,1.4321068464312884e-07,0,0,11,461.446999746142,14.420218742066936,3169884,1.5773447861183564e-08
embedding_mean_349,mean,349,4920234,9.024836644980891e-09,2,4,11,461.446999746142,14.420218742066936,3169884,1.5773447861183564e-08
embedding_mean_350,mean,350,4920234,6.144299325009796e-07,0,0,11,461.446999746142,14.420218742066936,3169884,1.5773447861183564e-08
embedding_mean_351,mean,351,4920234,6.4219160350849005e-09,2,6,11,461.446999746142,14.420218742066936,3169884,1.5773447861183564e-08
embedding_mean_352,mean,352,4920234,7.097957130816563e-08,0,0,12,431.7819922841154,13.493187258878606,3169884,1.5773447861183564e-08
embedding_mean_353,mean,353,4920234,1.2825796876166933e-08,1,0,12,431.7819922841154,13.493187258878606,3169884,1.5773447861183564e-08
embedding_mean_354,mean,354,4920234,1.0531313742738086e-07,0,0,12,431.7819922841154,13.493187258878606,3169884,1.5773447861183564e-08
embedding_mean_355,mean,355,4920234,5.3583585887043245e-08,0,0,12,431.7819922841154,13.493187258878606,3169884,1.5773447861183564e-08
embedding_mean_356,mean,356,4920234,8.478849248057428e-08,0,0,12,431.7819922841154,13.493187258878606,3169884,1.5773447861183564e-08
embedding_mean_357,mean,357,4920234,6.277540076109379e-10,12,2943,12,431.7819922841154,13.493187258878606,3169884,1.5773447861183564e-08
embedding_mean_358,mean,358,4920234,1.5657847108105637e-07,0,0,12,431.7819922841154,13.493187258878606,3169884,1.5773447861183564e-08
embedding_mean_359,mean,359,4920234,6.69473742418003e-10,3,19,12,431.7819922841154,13.493187258878606,3169884,1.5773447861183564e-08
embedding_mean_360,mean,360,4920234,7.822639665418624e-08,0,0,12,431.7819922841154,13.493187258878606,3169884,1.5773447861183564e-08
embedding_mean_361,mean,361,4920234,8.687392424816525e-08,0,0,12,431.7819922841154,13.493187258878606,3169884,1.5773447861183564e-08
embedding_mean_362,mean,362,4920234,1.1958422185738406e-07,0,0,12,431.7819922841154,13.493187258878606,3169884,1.5773447861183564e-08
embedding_mean_363,mean,363,4920234,2.8517818969663045e-07,0,0,12,431.7819922841154,13.493187258878606,3169884,1.5773447861183564e-08
embedding_mean_364,mean,364,4920234,1.7612425775909075e-08,0,139,12,431.7819922841154,13.493187258878606,3169884,1.5773447861183564e-08
embedding_mean_365,mean,365,4920234,9.506083481846078e-09,3,12,12,431.7819922841154,13.493187258878606,3169884,1.5773447861183564e-08
embedding_mean_366,mean,366,4920234,8.796905695016232e-08,0,0,12,431.7819922841154,13.493187258878606,3169884,1.5773447861183564e-08
embedding_mean_367,mean,367,4920234,3.9080480603018045e-08,0,0,12,431.7819922841154,13.493187258878606,3169884,1.5773447861183564e-08
embedding_mean_368,mean,368,4920234,2.3482607851297242e-07,0,0,12,431.7819922841154,13.493187258878606,3169884,1.5773447861183564e-08
embedding_mean_369,mean,369,4920234,8.671939445879243e-08,0,0,12,431.7819922841154,13.493187258878606,3169884,1.5773447861183564e-08
embedding_mean_370,mean,370,4920234,1.0170996947669217e-07,0,0,12,431.7819922841154,13.493187258878606,3169884,1.5773447861183564e-08
embedding_mean_371,mean,371,4920234,1.6376480934545556e-07,0,0,12,431.7819922841154,13.493187258878606,3169884,1.5773447861183564e-08
embedding_mean_372,mean,372,4920234,1.0830783238660573e-07,0,0,12,431.7819922841154,13.493187258878606,3169884,1.5773447861183564e-08
embedding_mean_373,mean,373,4920234,1.4711165984763662e-08,1,2,12,431.7819922841154,13.493187258878606,3169884,1.5773447861183564e-08
embedding_mean_374,mean,374,4920234,3.7051898232511736e-08,0,0,12,431.7819922841154,13.493187258878606,3169884,1.5773447861183564e-08
embedding_mean_375,mean,375,4920234,3.36747870828238e-09,7,973,12,431.7819922841154,13.493187258878606,3169884,1.5773447861183564e-08
embedding_mean_376,mean,376,4920234,1.5051681233875934e-08,1,5,12,431.7819922841154,13.493187258878606,3169884,1.5773447861183564e-08
embedding_mean_377,mean,377,4920234,1.0344916226399951e-08,1,11,12,431.7819922841154,13.493187258878606,3169884,1.5773447861183564e-08
embedding_mean_378,mean,378,4920234,2.654173703767563e-08,0,0,12,431.7819922841154,13.493187258878606,3169884,1.5773447861183564e-08
embedding_mean_379,mean,379,4920234,4.100118243416493e-08,0,0,12,431.7819922841154,13.493187258878606,3169884,1.5773447861183564e-08
embedding_mean_380,mean,380,4920234,2.367378665358721e-07,0,0,12,431.7819922841154,13.493187258878606,3169884,1.5773447861183564e-08
embedding_mean_381,mean,381,4920234,1.2611666842686777e-08,1,301,12,431.7819922841154,13.493187258878606,3169884,1.5773447861183564e-08
embedding_mean_382,mean,382,4920234,2.2750524464712598e-07,0,0,12,431.7819922841154,13.493187258878606,3169884,1.5773447861183564e-08
embedding_mean_383,mean,383,4920234,1.8030779570373435e-08,0,0,12,431.7819922841154,13.493187258878606,3169884,1.5773447861183564e-08
embedding_mean_384,mean,384,4920234,2.3690137905341158e-07,0,0,13,425.2021266471129,13.287566457722278,3169884,1.5773447861183564e-08
embedding_mean_385,mean,385,4920234,4.236452660218703e-08,0,0,13,425.2021266471129,13.287566457722278,3169884,1.5773447861183564e-08
embedding_mean_386,mean,386,4920234,3.280411089305672e-07,0,0,13,425.2021266471129,13.287566457722278,3169884,1.5773447861183564e-08
embedding_mean_387,mean,387,4920234,5.3356975430208366e-08,0,0,13,425.2021266471129,13.287566457722278,3169884,1.5773447861183564e-08
embedding_mean_388,mean,388,4920234,2.5600609101823157e-08,0,91,13,425.2021266471129,13.287566457722278,3169884,1.5773447861183564e-08
embedding_mean_389,mean,389,4920234,2.387470041496387e-07,0,0,13,425.2021266471129,13.287566457722278,3169884,1.5773447861183564e-08
embedding_mean_390,mean,390,4920234,2.1702058300213555e-07,0,0,13,425.2021266471129,13.287566457722278,3169884,1.5773447861183564e-08
embedding_mean_391,mean,391,4920234,2.3296934733758594e-10,13,1115,13,425.2021266471129,13.287566457722278,3169884,1.5773447861183564e-08
embedding_mean_392,mean,392,4920234,9.351018744459793e-08,0,0,13,425.2021266471129,13.287566457722278,3169884,1.5773447861183564e-08
embedding_mean_393,mean,393,4920234,1.0037741884062829e-07,0,0,13,425.2021266471129,13.287566457722278,3169884,1.5773447861183564e-08
embedding_mean_394,mean,394,4920234,7.250766793861915e-08,0,0,13,425.2021266471129,13.287566457722278,3169884,1.5773447861183564e-08
embedding_mean_395,mean,395,4920234,6.606612702846502e-07,0,0,13,425.2021266471129,13.287566457722278,3169884,1.5773447861183564e-08
embedding_mean_396,mean,396,4920234,1.0158518046722897e-07,0,0,13,425.2021266471129,13.287566457722278,3169884,1.5773447861183564e-08
embedding_mean_397,mean,397,4920234,2.7603047231870857e-07,0,0,13,425.2021266471129,13.287566457722278,3169884,1.5773447861183564e-08
embedding_mean_398,mean,398,4920234,1.312091344606186e-07,0,0,13,425.2021266471129,13.287566457722278,3169884,1.5773447861183564e-08
embedding_mean_399,mean,399,4920234,1.3407242732012294e-08,1,0,13,425.2021266471129,13.287566457722278,3169884,1.5773447861183564e-08
embedding_mean_400,mean,400,4920234,2.2639187872079647e-08,0,0,13,425.2021266471129,13.287566457722278,3169884,1.5773447861183564e-08
embedding_mean_401,mean,401,4920234,5.328496541747527e-08,0,0,13,425.2021266471129,13.287566457722278,3169884,1.5773447861183564e-08
embedding_mean_402,mean,402,4920234,1.7913952998589917e-07,0,0,13,425.2021266471129,13.287566457722278,3169884,1.5773447861183564e-08
embedding_mean_403,mean,403,4920234,3.689816467906533e-08,0,0,13,425.2021266471129,13.287566457722278,3169884,1.5773447861183564e-08
embedding_mean_404,mean,404,4920234,3.101690900066637e-09,4,10,13,425.2021266471129,13.287566457722278,3169884,1.5773447861183564e-08
embedding_mean_405,mean,405,4920234,1.8285452438628239e-07,0,0,13,425.2021266471129,13.287566457722278,3169884,1.5773447861183564e-08
embedding_mean_406,mean,406,4920234,1.342855896964556e-10,3,2135,13,425.2021266471129,13.287566457722278,3169884,1.5773447861183564e-08
embedding_mean_407,mean,407,4920234,7.559166301041378e-08,0,0,13,425.2021266471129,13.287566457722278,3169884,1.5773447861183564e-08
embedding_mean_408,mean,408,4920234,1.1924215441723268e-10,8,80,13,425.2021266471129,13.287566457722278,3169884,1.5773447861183564e-08
embedding_mean_409,mean,409,4920234,1.979204788696427e-07,0,0,13,425.2021266471129,13.287566457722278,3169884,1.5773447861183564e-08
embedding_mean_410,mean,410,4920234,4.399655173345554e-09,2,6,13,425.2021266471129,13.287566457722278,3169884,1.5773447861183564e-08
embedding_mean_411,mean,411,4920234,1.6431333088950297e-07,0,0,13,425.2021266471129,13.287566457722278,3169884,1.5773447861183564e-08
embedding_mean_412,mean,412,4920234,1.9505591856734953e-09,2,53,13,425.2021266471129,13.287566457722278,3169884,1.5773447861183564e-08
embedding_mean_413,mean,413,4920234,1.1528066552153731e-08,4,361,13,425.2021266471129,13.287566457722278,3169884,1.5773447861183564e-08
embedding_mean_414,mean,414,4920234,2.5286522918091052e-09,3,767,13,425.2021266471129,13.287566457722278,3169884,1.5773447861183564e-08
embedding_mean_415,mean,415,4920234,2.9914344934752774e-08,0,0,13,425.2021266471129,13.287566457722278,3169884,1.5773447861183564e-08
embedding_mean_416,mean,416,4920234,3.0261184925340185e-08,0,0,14,441.8395966028329,13.807487393838528,3169884,1.5773447861183564e-08
embedding_mean_417,mean,417,4920234,3.664736166700563e-08,0,0,14,441.8395966028329,13.807487393838528,3169884,1.5773447861183564e-08
embedding_mean_418,mean,418,4920234,4.860514109560441e-07,0,0,14,441.8395966028329,13.807487393838528,3169884,1.5773447861183564e-08
embedding_mean_419,mean,419,4920234,1.2256149845437362e-08,1,3,14,441.8395966028329,13.807487393838528,3169884,1.5773447861183564e-08
embedding_mean_420,mean,420,4920234,2.5904873180740193e-08,0,5,14,441.8395966028329,13.807487393838528,3169884,1.5773447861183564e-08
embedding_mean_421,mean,421,4920234,8.771791680141385e-10,2,100,14,441.8395966028329,13.807487393838528,3169884,1.5773447861183564e-08
embedding_mean_422,mean,422,4920234,3.421594756466049e-08,0,0,14,441.8395966028329,13.807487393838528,3169884,1.5773447861183564e-08
embedding_mean_423,mean,423,4920234,3.54963480678437e-08,0,0,14,441.8395966028329,13.807487393838528,3169884,1.5773447861183564e-08
embedding_mean_424,mean,424,4920234,2.4368510758449566e-10,5,7,14,441.8395966028329,13.807487393838528,3169884,1.5773447861183564e-08
embedding_mean_425,mean,425,4920234,3.3418957316033094e-07,0,0,14,441.8395966028329,13.807487393838528,3169884,1.5773447861183564e-08
embedding_mean_426,mean,426,4920234,1.5800783254866547e-08,0,7,14,441.8395966028329,13.807487393838528,3169884,1.5773447861183564e-08
embedding_mean_427,mean,427,4920234,1.53823456013651e-07,0,0,14,441.8395966028329,13.807487393838528,3169884,1.5773447861183564e-08
embedding_mean_428,mean,428,4920234,4.7270204491759785e-08,0,1973,14,441.8395966028329,13.807487393838528,3169884,1.5773447861183564e-08
embedding_mean_429,mean,429,4920234,2.7132525805904e-08,0,0,14,441.8395966028329,13.807487393838528,3169884,1.5773447861183564e-08
embedding_mean_430,mean,430,4920234,5.011173005037319e-09,2,14,14,441.8395966028329,13.807487393838528,3169884,1.5773447861183564e-08
embedding_mean_431,mean,431,4920234,6.889703474176564e-07,0,0,14,441.8395966028329,13.807487393838528,3169884,1.5773447861183564e-08
embedding_mean_432,mean,432,4920234,4.781114132511278e-09,2,99,14,441.8395966028329,13.807487393838528,3169884,1.5773447861183564e-08
embedding_mean_433,mean,433,4920234,1.6304787451204251e-09,3,71,14,441.8395966028329,13.807487393838528,3169884,1.5773447861183564e-08
embedding_mean_434,mean,434,4920234,2.7685271476484617e-08,0,0,14,441.8395966028329,13.807487393838528,3169884,1.5773447861183564e-08
embedding_mean_435,mean,435,4920234,2.763971527280911e-07,0,0,14,441.8395966028329,13.807487393838528,3169884,1.5773447861183564e-08
embedding_mean_436,mean,436,4920234,5.225372696899228e-08,0,0,14,441.8395966028329,13.807487393838528,3169884,1.5773447861183564e-08
embedding_mean_437,mean,437,4920234,2.738716782941049e-08,0,11,14,441.8395966028329,13.807487393838528,3169884,1.5773447861183564e-08
embedding_mean_438,mean,438,4920234,1.9681912603244774e-08,0,0,14,441.8395966028329,13.807487393838528,3169884,1.5773447861183564e-08
embedding_mean_439,mean,439,4920234,2.4041370738253263e-08,0,4,14,441.8395966028329,13.807487393838528,3169884,1.5773447861183564e-08
embedding_mean_440,mean,440,4920234,6.076006703930799e-09,3,5,14,441.8395966028329,13.807487393838528,3169884,1.5773447861183564e-08
embedding_mean_441,mean,441,4920234,2.585560365674445e-10,2,2,14,441.8395966028329,13.807487393838528,3169884,1.5773447861183564e-08
embedding_mean_442,mean,442,4920234,8.313946548026124e-08,0,0,14,441.8395966028329,13.807487393838528,3169884,1.5773447861183564e-08
embedding_mean_443,mean,443,4920234,2.0034810634511926e-07,0,0,14,441.8395966028329,13.807487393838528,3169884,1.5773447861183564e-08
embedding_mean_444,mean,444,4920234,3.2713558813474834e-08,0,0,14,441.8395966028329,13.807487393838528,3169884,1.5773447861183564e-08
embedding_mean_445,mean,445,4920234,1.4193313439414884e-08,1,0,14,441.8395966028329,13.807487393838528,3169884,1.5773447861183564e-08
embedding_mean_446,mean,446,4920234,8.903736984164226e-08,0,0,14,441.8395966028329,13.807487393838528,3169884,1.5773447861183564e-08
embedding_mean_447,mean,447,4920234,1.4247379361675182e-07,0,0,14,441.8395966028329,13.807487393838528,3169884,1.5773447861183564e-08
embedding_mean_448,mean,448,4920234,7.096549864298576e-08,0,0,15,454.9581543880049,14.217442324625154,3169884,1.5773447861183564e-08
embedding_mean_449,mean,449,4920234,9.638879043463417e-08,0,0,15,454.9581543880049,14.217442324625154,3169884,1.5773447861183564e-08
embedding_mean_450,mean,450,4920234,4.822698544853219e-08,0,0,15,454.9581543880049,14.217442324625154,3169884,1.5773447861183564e-08
embedding_mean_451,mean,451,4920234,1.3146081830545861e-08,1,0,15,454.9581543880049,14.217442324625154,3169884,1.5773447861183564e-08
embedding_mean_452,mean,452,4920234,2.253591511003776e-06,0,0,15,454.9581543880049,14.217442324625154,3169884,1.5773447861183564e-08
embedding_mean_453,mean,453,4920234,7.009288204945684e-11,28,481,15,454.9581543880049,14.217442324625154,3169884,1.5773447861183564e-08
embedding_mean_454,mean,454,4920234,2.8586864517607063e-09,3,12,15,454.9581543880049,14.217442324625154,3169884,1.5773447861183564e-08
embedding_mean_455,mean,455,4920234,5.484153409632678e-08,0,0,15,454.9581543880049,14.217442324625154,3169884,1.5773447861183564e-08
embedding_mean_456,mean,456,4920234,8.51774798620164e-08,0,0,15,454.9581543880049,14.217442324625154,3169884,1.5773447861183564e-08
embedding_mean_457,mean,457,4920234,3.829173320247458e-07,0,0,15,454.9581543880049,14.217442324625154,3169884,1.5773447861183564e-08
embedding_mean_458,mean,458,4920234,2.2949916411375173e-09,2,2,15,454.9581543880049,14.217442324625154,3169884,1.5773447861183564e-08
embedding_mean_459,mean,459,4920234,8.889365771225038e-08,0,0,15,454.9581543880049,14.217442324625154,3169884,1.5773447861183564e-08
embedding_mean_460,mean,460,4920234,1.670153485888806e-07,0,0,15,454.9581543880049,14.217442324625154,3169884,1.5773447861183564e-08
embedding_mean_461,mean,461,4920234,6.023705448502011e-08,0,0,15,454.9581543880049,14.217442324625154,3169884,1.5773447861183564e-08
embedding_mean_462,mean,462,4920234,6.862585202495199e-08,0,0,15,454.9581543880049,14.217442324625154,3169884,1.5773447861183564e-08
embedding_mean_463,mean,463,4920234,7.892798376480526e-08,0,0,15,454.9581543880049,14.217442324625154,3169884,1.5773447861183564e-08
embedding_mean_464,mean,464,4920234,1.9229379248117256e-08,0,0,15,454.9581543880049,14.217442324625154,3169884,1.5773447861183564e-08
embedding_mean_465,mean,465,4920234,7.03023948951778e-08,0,0,15,454.9581543880049,14.217442324625154,3169884,1.5773447861183564e-08
embedding_mean_466,mean,466,4920234,7.758566535399235e-09,1,7,15,454.9581543880049,14.217442324625154,3169884,1.5773447861183564e-08
embedding_mean_467,mean,467,4920234,7.065185742816298e-08,0,0,15,454.9581543880049,14.217442324625154,3169884,1.5773447861183564e-08
embedding_mean_468,mean,468,4920234,8.778456222745693e-07,0,0,15,454.9581543880049,14.217442324625154,3169884,1.5773447861183564e-08
embedding_mean_469,mean,469,4920234,9.981002285891905e-09,3,68,15,454.9581543880049,14.217442324625154,3169884,1.5773447861183564e-08
embedding_mean_470,mean,470,4920234,2.7574603418932533e-08,0,86,15,454.9581543880049,14.217442324625154,3169884,1.5773447861183564e-08
embedding_mean_471,mean,471,4920234,1.112253917586766e-07,0,0,15,454.9581543880049,14.217442324625154,3169884,1.5773447861183564e-08
embedding_mean_472,mean,472,4920234,3.596093826192363e-07,0,0,15,454.9581543880049,14.217442324625154,3169884,1.5773447861183564e-08
embedding_mean_473,mean,473,4920234,2.4379643166814397e-08,0,410,15,454.9581543880049,14.217442324625154,3169884,1.5773447861183564e-08
embedding_mean_474,mean,474,4920234,9.272055774813051e-10,30,37552,15,454.9581543880049,14.217442324625154,3169884,1.5773447861183564e-08
embedding_mean_475,mean,475,4920234,3.933449755547462e-09,3,58,15,454.9581543880049,14.217442324625154,3169884,1.5773447861183564e-08
embedding_mean_476,mean,476,4920234,3.274011297282758e-09,2,7,15,454.9581543880049,14.217442324625154,3169884,1.5773447861183564e-08
embedding_mean_477,mean,477,4920234,2.134678783441868e-10,33,903,15,454.9581543880049,14.217442324625154,3169884,1.5773447861183564e-08
embedding_mean_478,mean,478,4920234,3.904737560386253e-07,0,0,15,454.9581543880049,14.217442324625154,3169884,1.5773447861183564e-08
embedding_mean_479,mean,479,4920234,9.064714681113544e-08,0,0,15,454.9581543880049,14.217442324625154,3169884,1.5773447861183564e-08
embedding_mean_480,mean,480,4920234,6.69264676108336e-08,0,0,16,440.3102718070149,13.759695993969215,3169884,1.5773447861183564e-08
embedding_mean_481,mean,481,4920234,1.4309072556613559e-10,13,83,16,440.3102718070149,13.759695993969215,3169884,1.5773447861183564e-08
embedding_mean_482,mean,482,4920234,4.0948976491511915e-08,0,0,16,440.3102718070149,13.759695993969215,3169884,1.5773447861183564e-08
embedding_mean_483,mean,483,4920234,1.6508442809876924e-07,0,0,16,440.3102718070149,13.759695993969215,3169884,1.5773447861183564e-08
embedding_mean_484,mean,484,4920234,1.3852604798344426e-07,0,0,16,440.3102718070149,13.759695993969215,3169884,1.5773447861183564e-08
embedding_mean_485,mean,485,4920234,6.718160016658272e-09,2,3,16,440.3102718070149,13.759695993969215,3169884,1.5773447861183564e-08
embedding_mean_486,mean,486,4920234,1.860513486880872e-10,1,10,16,440.3102718070149,13.759695993969215,3169884,1.5773447861183564e-08
embedding_mean_487,mean,487,4920234,3.775526714254102e-09,1,109,16,440.3102718070149,13.759695993969215,3169884,1.5773447861183564e-08
embedding_mean_488,mean,488,4920234,5.3224164303078996e-08,0,0,16,440.3102718070149,13.759695993969215,3169884,1.5773447861183564e-08
embedding_mean_489,mean,489,4920234,1.740556547080264e-08,0,4,16,440.3102718070149,13.759695993969215,3169884,1.5773447861183564e-08
embedding_mean_490,mean,490,4920234,3.283531116507103e-08,0,0,16,440.3102718070149,13.759695993969215,3169884,1.5773447861183564e-08
embedding_mean_491,mean,491,4920234,9.118610548003507e-10,1,1,16,440.3102718070149,13.759695993969215,3169884,1.5773447861183564e-08
embedding_mean_492,mean,492,4920234,2.3433703879687835e-08,0,0,16,440.3102718070149,13.759695993969215,3169884,1.5773447861183564e-08
embedding_mean_493,mean,493,4920234,1.117523836766289e-07,0,0,16,440.3102718070149,13.759695993969215,3169884,1.5773447861183564e-08
embedding_mean_494,mean,494,4920234,1.4647531384605248e-08,2,134,16,440.3102718070149,13.759695993969215,3169884,1.5773447861183564e-08
embedding_mean_495,mean,495,4920234,3.348171869209944e-08,0,0,16,440.3102718070149,13.759695993969215,3169884,1.5773447861183564e-08
embedding_mean_496,mean,496,4920234,9.641112805226554e-07,0,0,16,440.3102718070149,13.759695993969215,3169884,1.5773447861183564e-08
embedding_mean_497,mean,497,4920234,1.8541536429844213e-08,0,0,16,440.3102718070149,13.759695993969215,3169884,1.5773447861183564e-08
embedding_mean_498,mean,498,4920234,5.143434718500267e-07,0,0,16,440.3102718070149,13.759695993969215,3169884,1.5773447861183564e-08
embedding_mean_499,mean,499,4920234,5.93941728861196e-07,0,0,16,440.3102718070149,13.759695993969215,3169884,1.5773447861183564e-08
embedding_mean_500,mean,500,4920234,1.712396117398439e-08,0,0,16,440.3102718070149,13.759695993969215,3169884,1.5773447861183564e-08
embedding_mean_501,mean,501,4920234,1.385722867632894e-07,0,0,16,440.3102718070149,13.759695993969215,3169884,1.5773447861183564e-08
embedding_mean_502,mean,502,4920234,1.0078627931043155e-09,14,819,16,440.3102718070149,13.759695993969215,3169884,1.5773447861183564e-08
embedding_mean_503,mean,503,4920234,2.4174716591411774e-07,0,0,16,440.3102718070149,13.759695993969215,3169884,1.5773447861183564e-08
embedding_mean_504,mean,504,4920234,2.0802581788855588e-08,0,0,16,440.3102718070149,13.759695993969215,3169884,1.5773447861183564e-08
embedding_mean_505,mean,505,4920234,3.001758496025105e-07,0,0,16,440.3102718070149,13.759695993969215,3169884,1.5773447861183564e-08
embedding_mean_506,mean,506,4920234,4.1347894023178646e-08,0,0,16,440.3102718070149,13.759695993969215,3169884,1.5773447861183564e-08
embedding_mean_507,mean,507,4920234,2.0666083361431984e-08,0,0,16,440.3102718070149,13.759695993969215,3169884,1.5773447861183564e-08
embedding_mean_508,mean,508,4920234,9.8569388488384e-09,1,1,16,440.3102718070149,13.759695993969215,3169884,1.5773447861183564e-08
embedding_mean_509,mean,509,4920234,5.529138376021641e-07,0,0,16,440.3102718070149,13.759695993969215,3169884,1.5773447861183564e-08
embedding_mean_510,mean,510,4920234,6.625053084026465e-09,1,1,16,440.3102718070149,13.759695993969215,3169884,1.5773447861183564e-08
embedding_mean_511,mean,511,4920234,9.373224050823233e-08,0,0,16,440.3102718070149,13.759695993969215,3169884,1.5773447861183564e-08
embedding_mean_512,mean,512,4920234,4.7540312811701204e-07,0,0,17,464.1618426421192,14.505057582566224,3169884,1.5773447861183564e-08
embedding_mean_513,mean,513,4920234,1.5837740665497498e-07,0,0,17,464.1618426421192,14.505057582566224,3169884,1.5773447861183564e-08
embedding_mean_514,mean,514,4920234,7.737023458882038e-11,10,17033,17,464.1618426421192,14.505057582566224,3169884,1.5773447861183564e-08
embedding_mean_515,mean,515,4920234,2.486367727258728e-08,0,0,17,464.1618426421192,14.505057582566224,3169884,1.5773447861183564e-08
embedding_mean_516,mean,516,4920234,4.697348175091078e-07,0,0,17,464.1618426421192,14.505057582566224,3169884,1.5773447861183564e-08
embedding_mean_517,mean,517,4920234,3.051358324878333e-08,0,0,17,464.1618426421192,14.505057582566224,3169884,1.5773447861183564e-08
embedding_mean_518,mean,518,4920234,2.6609480660343565e-08,0,0,17,464.1618426421192,14.505057582566224,3169884,1.5773447861183564e-08
embedding_mean_519,mean,519,4920234,5.6689459716450414e-08,0,0,17,464.1618426421192,14.505057582566224,3169884,1.5773447861183564e-08
embedding_mean_520,mean,520,4920234,6.184890092919819e-11,34,488,17,464.1618426421192,14.505057582566224,3169884,1.5773447861183564e-08
embedding_mean_521,mean,521,4920234,1.918552590155978e-07,0,0,17,464.1618426421192,14.505057582566224,3169884,1.5773447861183564e-08
embedding_mean_522,mean,522,4920234,7.637359884928751e-08,0,0,17,464.1618426421192,14.505057582566224,3169884,1.5773447861183564e-08
embedding_mean_523,mean,523,4920234,3.7284898932140925e-09,1,1,17,464.1618426421192,14.505057582566224,3169884,1.5773447861183564e-08
embedding_mean_524,mean,524,4920234,1.9470226023432265e-07,0,0,17,464.1618426421192,14.505057582566224,3169884,1.5773447861183564e-08
embedding_mean_525,mean,525,4920234,1.3108711214274204e-07,0,0,17,464.1618426421192,14.505057582566224,3169884,1.5773447861183564e-08
embedding_mean_526,mean,526,4920234,8.750629964877834e-07,0,0,17,464.1618426421192,14.505057582566224,3169884,1.5773447861183564e-08
embedding_mean_527,mean,527,4920234,5.81721325437781e-07,0,0,17,464.1618426421192,14.505057582566224,3169884,1.5773447861183564e-08
embedding_mean_528,mean,528,4920234,1.4363428144260357e-08,1,3,17,464.1618426421192,14.505057582566224,3169884,1.5773447861183564e-08
embedding_mean_529,mean,529,4920234,3.7026266840403883e-09,2,16,17,464.1618426421192,14.505057582566224,3169884,1.5773447861183564e-08
embedding_mean_530,mean,530,4920234,1.2858434072978054e-11,265,1502,17,464.1618426421192,14.505057582566224,3169884,1.5773447861183564e-08
embedding_mean_531,mean,531,4920234,3.08837512039101e-07,0,0,17,464.1618426421192,14.505057582566224,3169884,1.5773447861183564e-08
embedding_mean_532,mean,532,4920234,3.073497641497565e-07,0,0,17,464.1618426421192,14.505057582566224,3169884,1.5773447861183564e-08
embedding_mean_533,mean,533,4920234,2.00065369506945e-08,0,0,17,464.1618426421192,14.505057582566224,3169884,1.5773447861183564e-08
embedding_mean_534,mean,534,4920234,2.1179195792273686e-07,0,13603,17,464.1618426421192,14.505057582566224,3169884,1.5773447861183564e-08
embedding_mean_535,mean,535,4920234,1.19441382986811e-09,5,668,17,464.1618426421192,14.505057582566224,3169884,1.5773447861183564e-08
embedding_mean_536,mean,536,4920234,4.669342329991647e-08,0,0,17,464.1618426421192,14.505057582566224,3169884,1.5773447861183564e-08
embedding_mean_537,mean,537,4920234,7.442360566715132e-09,1,62,17,464.1618426421192,14.505057582566224,3169884,1.5773447861183564e-08
embedding_mean_538,mean,538,4920234,1.9008234220900945e-07,0,0,17,464.1618426421192,14.505057582566224,3169884,1.5773447861183564e-08
embedding_mean_539,mean,539,4920234,5.2207195533528754e-08,0,1035,17,464.1618426421192,14.505057582566224,3169884,1.5773447861183564e-08
embedding_mean_540,mean,540,4920234,6.472417273427381e-07,0,0,17,464.1618426421192,14.505057582566224,3169884,1.5773447861183564e-08
embedding_mean_541,mean,541,4920234,2.994106298479024e-08,0,0,17,464.1618426421192,14.505057582566224,3169884,1.5773447861183564e-08
embedding_mean_542,mean,542,4920234,6.665762344099772e-10,1,1,17,464.1618426421192,14.505057582566224,3169884,1.5773447861183564e-08
embedding_mean_543,mean,543,4920234,2.0152438844735855e-07,0,0,17,464.1618426421192,14.505057582566224,3169884,1.5773447861183564e-08
embedding_mean_544,mean,544,4920234,1.15977206243413e-07,0,0,18,440.87450797180645,13.777328374118952,3169884,1.5773447861183564e-08
embedding_mean_545,mean,545,4920234,3.4750124370434746e-07,0,0,18,440.87450797180645,13.777328374118952,3169884,1.5773447861183564e-08
embedding_mean_546,mean,546,4920234,7.890884104695339e-08,0,0,18,440.87450797180645,13.777328374118952,3169884,1.5773447861183564e-08
embedding_mean_547,mean,547,4920234,1.6806400846754174e-07,0,0,18,440.87450797180645,13.777328374118952,3169884,1.5773447861183564e-08
embedding_mean_548,mean,548,4920234,1.2058080968839104e-08,1,0,18,440.87450797180645,13.777328374118952,3169884,1.5773447861183564e-08
embedding_mean_549,mean,549,4920234,1.397085341651543e-09,2,3,18,440.87450797180645,13.777328374118952,3169884,1.5773447861183564e-08
embedding_mean_550,mean,550,4920234,1.455487685668239e-07,0,0,18,440.87450797180645,13.777328374118952,3169884,1.5773447861183564e-08
embedding_mean_551,mean,551,4920234,4.350902708540855e-07,0,0,18,440.87450797180645,13.777328374118952,3169884,1.5773447861183564e-08
embedding_mean_552,mean,552,4920234,5.6204898048178e-08,0,0,18,440.87450797180645,13.777328374118952,3169884,1.5773447861183564e-08
embedding_mean_553,mean,553,4920234,1.5275588923204183e-08,1,0,18,440.87450797180645,13.777328374118952,3169884,1.5773447861183564e-08
embedding_mean_554,mean,554,4920234,2.6139468468227226e-07,0,0,18,440.87450797180645,13.777328374118952,3169884,1.5773447861183564e-08
embedding_mean_555,mean,555,4920234,2.2746638496475745e-07,0,0,18,440.87450797180645,13.777328374118952,3169884,1.5773447861183564e-08
embedding_mean_556,mean,556,4920234,7.777718802618771e-09,1,2,18,440.87450797180645,13.777328374118952,3169884,1.5773447861183564e-08
embedding_mean_557,mean,557,4920234,9.661242880943005e-08,0,0,18,440.87450797180645,13.777328374118952,3169884,1.5773447861183564e-08
embedding_mean_558,mean,558,4920234,3.115625965189138e-09,12,509,18,440.87450797180645,13.777328374118952,3169884,1.5773447861183564e-08
embedding_mean_559,mean,559,4920234,8.184847734488946e-09,3,3,18,440.87450797180645,13.777328374118952,3169884,1.5773447861183564e-08
embedding_mean_560,mean,560,4920234,6.482665873818341e-07,0,0,18,440.87450797180645,13.777328374118952,3169884,1.5773447861183564e-08
embedding_mean_561,mean,561,4920234,2.1023838846545832e-08,0,18,18,440.87450797180645,13.777328374118952,3169884,1.5773447861183564e-08
embedding_mean_562,mean,562,4920234,2.7481023162439494e-07,0,0,18,440.87450797180645,13.777328374118952,3169884,1.5773447861183564e-08
embedding_mean_563,mean,563,4920234,1.2170022227690973e-07,0,0,18,440.87450797180645,13.777328374118952,3169884,1.5773447861183564e-08
embedding_mean_564,mean,564,4920234,3.7905664259357375e-09,1,1,18,440.87450797180645,13.777328374118952,3169884,1.5773447861183564e-08
embedding_mean_565,mean,565,4920234,6.111965138776443e-09,7,82,18,440.87450797180645,13.777328374118952,3169884,1.5773447861183564e-08
embedding_mean_566,mean,566,4920234,6.426715833987322e-08,0,0,18,440.87450797180645,13.777328374118952,3169884,1.5773447861183564e-08
embedding_mean_567,mean,567,4920234,3.08072847362938e-08,0,0,18,440.87450797180645,13.777328374118952,3169884,1.5773447861183564e-08
embedding_mean_568,mean,568,4920234,1.0356845601446017e-07,0,0,18,440.87450797180645,13.777328374118952,3169884,1.5773447861183564e-08
embedding_mean_569,mean,569,4920234,9.220958491832255e-08,0,0,18,440.87450797180645,13.777328374118952,3169884,1.5773447861183564e-08
embedding_mean_570,mean,570,4920234,1.5647182156449437e-08,1,53,18,440.87450797180645,13.777328374118952,3169884,1.5773447861183564e-08
embedding_mean_571,mean,571,4920234,3.089367059409984e-08,0,0,18,440.87450797180645,13.777328374118952,3169884,1.5773447861183564e-08
embedding_mean_572,mean,572,4920234,3.8646920828316096e-08,0,0,18,440.87450797180645,13.777328374118952,3169884,1.5773447861183564e-08
embedding_mean_573,mean,573,4920234,2.279102712890716e-07,0,0,18,440.87450797180645,13.777328374118952,3169884,1.5773447861183564e-08
embedding_mean_574,mean,574,4920234,1.4726091516705154e-08,1,0,18,440.87450797180645,13.777328374118952,3169884,1.5773447861183564e-08
embedding_mean_575,mean,575,4920234,8.415735658930816e-08,0,0,18,440.87450797180645,13.777328374118952,3169884,1.5773447861183564e-08
embedding_mean_576,mean,576,4920234,4.951272386033366e-07,0,0,19,442.9972238740884,13.843663246065262,3169884,1.5773447861183564e-08
embedding_mean_577,mean,577,4920234,2.271294075764593e-09,1,33,19,442.9972238740884,13.843663246065262,3169884,1.5773447861183564e-08
embedding_mean_578,mean,578,4920234,5.725137460511223e-08,0,0,19,442.9972238740884,13.843663246065262,3169884,1.5773447861183564e-08
embedding_mean_579,mean,579,4920234,1.0023313549907157e-07,0,0,19,442.9972238740884,13.843663246065262,3169884,1.5773447861183564e-08
embedding_mean_580,mean,580,4920234,7.429621871498996e-08,0,0,19,442.9972238740884,13.843663246065262,3169884,1.5773447861183564e-08
embedding_mean_581,mean,581,4920234,2.1088753199872656e-08,0,0,19,442.9972238740884,13.843663246065262,3169884,1.5773447861183564e-08
embedding_mean_582,mean,582,4920234,1.8302441061583005e-07,0,0,19,442.9972238740884,13.843663246065262,3169884,1.5773447861183564e-08
embedding_mean_583,mean,583,4920234,2.708823793903052e-08,0,0,19,442.9972238740884,13.843663246065262,3169884,1.5773447861183564e-08
embedding_mean_584,mean,584,4920234,6.361331321622603e-08,0,0,19,442.9972238740884,13.843663246065262,3169884,1.5773447861183564e-08
embedding_mean_585,mean,585,4920234,5.968937207200218e-12,294,2336,19,442.9972238740884,13.843663246065262,3169884,1.5773447861183564e-08
embedding_mean_586,mean,586,4920234,2.656004500966575e-09,4,7,19,442.9972238740884,13.843663246065262,3169884,1.5773447861183564e-08
embedding_mean_587,mean,587,4920234,7.305101152155834e-07,0,0,19,442.9972238740884,13.843663246065262,3169884,1.5773447861183564e-08
embedding_mean_588,mean,588,4920234,8.302491767408906e-08,0,0,19,442.9972238740884,13.843663246065262,3169884,1.5773447861183564e-08
embedding_mean_589,mean,589,4920234,5.8149938185179575e-08,0,0,19,442.9972238740884,13.843663246065262,3169884,1.5773447861183564e-08
embedding_mean_590,mean,590,4920234,1.403229206580939e-07,0,0,19,442.9972238740884,13.843663246065262,3169884,1.5773447861183564e-08
embedding_mean_591,mean,591,4920234,5.8504079461373275e-09,1,1,19,442.9972238740884,13.843663246065262,3169884,1.5773447861183564e-08
embedding_mean_592,mean,592,4920234,3.2543066622902646e-08,0,0,19,442.9972238740884,13.843663246065262,3169884,1.5773447861183564e-08
embedding_mean_593,mean,593,4920234,4.780948581101187e-07,0,0,19,442.9972238740884,13.843663246065262,3169884,1.5773447861183564e-08
embedding_mean_594,mean,594,4920234,4.176492485367572e-09,3,16,19,442.9972238740884,13.843663246065262,3169884,1.5773447861183564e-08
embedding_mean_595,mean,595,4920234,5.300199903321448e-09,2,1564,19,442.9972238740884,13.843663246065262,3169884,1.5773447861183564e-08
embedding_mean_596,mean,596,4920234,8.294857303390823e-10,5,27,19,442.9972238740884,13.843663246065262,3169884,1.5773447861183564e-08
embedding_mean_597,mean,597,4920234,7.731510776478392e-08,0,0,19,442.9972238740884,13.843663246065262,3169884,1.5773447861183564e-08
embedding_mean_598,mean,598,4920234,1.0765867891482281e-08,1,18,19,442.9972238740884,13.843663246065262,3169884,1.5773447861183564e-08
embedding_mean_599,mean,599,4920234,1.8971503535420307e-09,8,29,19,442.9972238740884,13.843663246065262,3169884,1.5773447861183564e-08
embedding_mean_600,mean,600,4920234,9.574153135931875e-08,0,0,19,442.9972238740884,13.843663246065262,3169884,1.5773447861183564e-08
embedding_mean_601,mean,601,4920234,6.45378557270012e-08,0,14071,19,442.9972238740884,13.843663246065262,3169884,1.5773447861183564e-08
embedding_mean_602,mean,602,4920234,1.7262274670020934e-07,0,0,19,442.9972238740884,13.843663246065262,3169884,1.5773447861183564e-08
embedding_mean_603,mean,603,4920234,4.448144478104505e-08,0,0,19,442.9972238740884,13.843663246065262,3169884,1.5773447861183564e-08
embedding_mean_604,mean,604,4920234,1.254652100239514e-08,1,0,19,442.9972238740884,13.843663246065262,3169884,1.5773447861183564e-08
embedding_mean_605,mean,605,4920234,5.3083318062468007e-08,0,0,19,442.9972238740884,13.843663246065262,3169884,1.5773447861183564e-08
embedding_mean_606,mean,606,4920234,1.5674108962030726e-07,0,0,19,442.9972238740884,13.843663246065262,3169884,1.5773447861183564e-08
embedding_mean_607,mean,607,4920234,6.609625825550952e-08,0,0,19,442.9972238740884,13.843663246065262,3169884,1.5773447861183564e-08
embedding_mean_608,mean,608,4920234,9.769631634615153e-08,0,0,20,477.8901703038719,14.934067821995995,3169884,1.5773447861183564e-08
embedding_mean_609,mean,609,4920234,5.43415027135461e-08,0,0,20,477.8901703038719,14.934067821995995,3169884,1.5773447861183564e-08
embedding_mean_610,mean,610,4920234,1.057373541529145e-08,6,339,20,477.8901703038719,14.934067821995995,3169884,1.5773447861183564e-08
embedding_mean_611,mean,611,4920234,8.359183510821434e-10,6,24,20,477.8901703038719,14.934067821995995,3169884,1.5773447861183564e-08
embedding_mean_612,mean,612,4920234,1.0197693884414225e-07,0,417,20,477.8901703038719,14.934067821995995,3169884,1.5773447861183564e-08
embedding_mean_613,mean,613,4920234,2.6754012342579583e-08,0,0,20,477.8901703038719,14.934067821995995,3169884,1.5773447861183564e-08
embedding_mean_614,mean,614,4920234,1.6105592939664266e-08,0,108,20,477.8901703038719,14.934067821995995,3169884,1.5773447861183564e-08
embedding_mean_615,mean,615,4920234,3.1421505548199074e-08,0,0,20,477.8901703038719,14.934067821995995,3169884,1.5773447861183564e-08
embedding_mean_616,mean,616,4920234,3.201128925862883e-09,2,27687,20,477.8901703038719,14.934067821995995,3169884,1.5773447861183564e-08
embedding_mean_617,mean,617,4920234,1.1847736803345217e-07,0,0,20,477.8901703038719,14.934067821995995,3169884,1.5773447861183564e-08
embedding_mean_618,mean,618,4920234,4.0071259654794825e-08,0,0,20,477.8901703038719,14.934067821995995,3169884,1.5773447861183564e-08
embedding_mean_619,mean,619,4920234,3.403525131053135e-09,5,25782,20,477.8901703038719,14.934067821995995,3169884,1.5773447861183564e-08
embedding_mean_620,mean,620,4920234,7.983273823680325e-08,0,0,20,477.8901703038719,14.934067821995995,3169884,1.5773447861183564e-08
embedding_mean_621,mean,621,4920234,1.8649071644586653e-08,0,0,20,477.8901703038719,14.934067821995995,3169884,1.5773447861183564e-08
embedding_mean_622,mean,622,4920234,7.212693779430209e-08,0,0,20,477.8901703038719,14.934067821995995,3169884,1.5773447861183564e-08
embedding_mean_623,mean,623,4920234,4.1533664775851454e-08,0,0,20,477.8901703038719,14.934067821995995,3169884,1.5773447861183564e-08
embedding_mean_624,mean,624,4920234,1.2127192870254691e-11,241,3758,20,477.8901703038719,14.934067821995995,3169884,1.5773447861183564e-08
embedding_mean_625,mean,625,4920234,2.6720763218261884e-08,0,187,20,477.8901703038719,14.934067821995995,3169884,1.5773447861183564e-08
embedding_mean_626,mean,626,4920234,9.604134100980627e-08,0,0,20,477.8901703038719,14.934067821995995,3169884,1.5773447861183564e-08
embedding_mean_627,mean,627,4920234,8.526714195899842e-10,7,10,20,477.8901703038719,14.934067821995995,3169884,1.5773447861183564e-08
embedding_mean_628,mean,628,4920234,1.6799302875759319e-07,0,0,20,477.8901703038719,14.934067821995995,3169884,1.5773447861183564e-08
embedding_mean_629,mean,629,4920234,6.345315467989777e-10,1,1,20,477.8901703038719,14.934067821995995,3169884,1.5773447861183564e-08
embedding_mean_630,mean,630,4920234,8.272597974049289e-08,0,0,20,477.8901703038719,14.934067821995995,3169884,1.5773447861183564e-08
embedding_mean_631,mean,631,4920234,1.1213107183407606e-08,3,618,20,477.8901703038719,14.934067821995995,3169884,1.5773447861183564e-08
embedding_mean_632,mean,632,4920234,1.498790204858031e-07,0,0,20,477.8901703038719,14.934067821995995,3169884,1.5773447861183564e-08
embedding_mean_633,mean,633,4920234,1.544200132907627e-09,2,5,20,477.8901703038719,14.934067821995995,3169884,1.5773447861183564e-08
embedding_mean_634,mean,634,4920234,3.2419810923448225e-07,0,0,20,477.8901703038719,14.934067821995995,3169884,1.5773447861183564e-08
embedding_mean_635,mean,635,4920234,2.9920972904802134e-08,0,0,20,477.8901703038719,14.934067821995995,3169884,1.5773447861183564e-08
embedding_mean_636,mean,636,4920234,1.3885430468364614e-11,1112,42633,20,477.8901703038719,14.934067821995995,3169884,1.5773447861183564e-08
embedding_mean_637,mean,637,4920234,6.04121535772896e-08,0,0,20,477.8901703038719,14.934067821995995,3169884,1.5773447861183564e-08
embedding_mean_638,mean,638,4920234,5.8269104141243654e-08,0,0,20,477.8901703038719,14.934067821995995,3169884,1.5773447861183564e-08
embedding_mean_639,mean,639,4920234,1.942996098574468e-07,0,0,20,477.8901703038719,14.934067821995995,3169884,1.5773447861183564e-08
embedding_mean_640,mean,640,4920234,1.1282364977058592e-07,0,0,21,488.31004835898057,15.259689011218144,3169884,1.5773447861183564e-08
embedding_mean_641,mean,641,4920234,7.747879224687953e-08,0,0,21,488.31004835898057,15.259689011218144,3169884,1.5773447861183564e-08
embedding_mean_642,mean,642,4920234,2.651706272276656e-07,0,0,21,488.31004835898057,15.259689011218144,3169884,1.5773447861183564e-08
embedding_mean_643,mean,643,4920234,2.8887304489921964e-08,0,0,21,488.31004835898057,15.259689011218144,3169884,1.5773447861183564e-08
embedding_mean_644,mean,644,4920234,2.7286394780987423e-08,0,0,21,488.31004835898057,15.259689011218144,3169884,1.5773447861183564e-08
embedding_mean_645,mean,645,4920234,8.052357434996425e-14,953,4715,21,488.31004835898057,15.259689011218144,3169884,1.5773447861183564e-08
embedding_mean_646,mean,646,4920234,1.1991659058074416e-08,1,428,21,488.31004835898057,15.259689011218144,3169884,1.5773447861183564e-08
embedding_mean_647,mean,647,4920234,2.8386038544880882e-08,0,497,21,488.31004835898057,15.259689011218144,3169884,1.5773447861183564e-08
embedding_mean_648,mean,648,4920234,8.736604451450417e-08,0,0,21,488.31004835898057,15.259689011218144,3169884,1.5773447861183564e-08
embedding_mean_649,mean,649,4920234,9.166368119252969e-08,0,0,21,488.31004835898057,15.259689011218144,3169884,1.5773447861183564e-08
embedding_mean_650,mean,650,4920234,1.556854570045634e-08,1,181,21,488.31004835898057,15.259689011218144,3169884,1.5773447861183564e-08
embedding_mean_651,mean,651,4920234,8.502743298336646e-08,0,0,21,488.31004835898057,15.259689011218144,3169884,1.5773447861183564e-08
embedding_mean_652,mean,652,4920234,2.4539991725504793e-08,0,0,21,488.31004835898057,15.259689011218144,3169884,1.5773447861183564e-08
embedding_mean_653,mean,653,4920234,5.67336383067448e-08,0,0,21,488.31004835898057,15.259689011218144,3169884,1.5773447861183564e-08
embedding_mean_654,mean,654,4920234,1.4742053636120414e-07,0,0,21,488.31004835898057,15.259689011218144,3169884,1.5773447861183564e-08
embedding_mean_655,mean,655,4920234,7.324071747671999e-09,1,1,21,488.31004835898057,15.259689011218144,3169884,1.5773447861183564e-08
embedding_mean_656,mean,656,4920234,2.228297497276817e-08,0,0,21,488.31004835898057,15.259689011218144,3169884,1.5773447861183564e-08
embedding_mean_657,mean,657,4920234,1.4260646483028861e-09,4,13244,21,488.31004835898057,15.259689011218144,3169884,1.5773447861183564e-08
embedding_mean_658,mean,658,4920234,2.0850111134381237e-07,0,0,21,488.31004835898057,15.259689011218144,3169884,1.5773447861183564e-08
embedding_mean_659,mean,659,4920234,1.9009434640604374e-07,0,0,21,488.31004835898057,15.259689011218144,3169884,1.5773447861183564e-08
embedding_mean_660,mean,660,4920234,6.8230784204243395e-09,1,1382,21,488.31004835898057,15.259689011218144,3169884,1.5773447861183564e-08
embedding_mean_661,mean,661,4920234,4.2835499390844146e-08,0,0,21,488.31004835898057,15.259689011218144,3169884,1.5773447861183564e-08
embedding_mean_662,mean,662,4920234,3.1092841030835694e-07,0,16284,21,488.31004835898057,15.259689011218144,3169884,1.5773447861183564e-08
embedding_mean_663,mean,663,4920234,4.1927563974095916e-08,0,0,21,488.31004835898057,15.259689011218144,3169884,1.5773447861183564e-08
embedding_mean_664,mean,664,4920234,1.3541697406317856e-09,16,494,21,488.31004835898057,15.259689011218144,3169884,1.5773447861183564e-08
embedding_mean_665,mean,665,4920234,3.741965694816766e-07,0,0,21,488.31004835898057,15.259689011218144,3169884,1.5773447861183564e-08
embedding_mean_666,mean,666,4920234,1.2059706007406142e-08,2,33,21,488.31004835898057,15.259689011218144,3169884,1.5773447861183564e-08
embedding_mean_667,mean,667,4920234,2.675591935328928e-07,0,0,21,488.31004835898057,15.259689011218144,3169884,1.5773447861183564e-08
embedding_mean_668,mean,668,4920234,4.924380551076323e-07,0,0,21,488.31004835898057,15.259689011218144,3169884,1.5773447861183564e-08
embedding_mean_669,mean,669,4920234,1.25195087576729e-07,0,0,21,488.31004835898057,15.259689011218144,3169884,1.5773447861183564e-08
embedding_mean_670,mean,670,4920234,2.9041746332241156e-09,3,10,21,488.31004835898057,15.259689011218144,3169884,1.5773447861183564e-08
embedding_mean_671,mean,671,4920234,3.742616916564119e-07,0,0,21,488.31004835898057,15.259689011218144,3169884,1.5773447861183564e-08
embedding_mean_672,mean,672,4920234,2.371750318073276e-08,0,0,22,478.3101607291028,14.947192522784462,3169884,1.5773447861183564e-08
embedding_mean_673,mean,673,4920234,1.945938558894162e-07,0,0,22,478.3101607291028,14.947192522784462,3169884,1.5773447861183564e-08
embedding_mean_674,mean,674,4920234,2.7839122565485577e-10,71,234,22,478.3101607291028,14.947192522784462,3169884,1.5773447861183564e-08
embedding_mean_675,mean,675,4920234,8.660597592508804e-08,0,0,22,478.3101607291028,14.947192522784462,3169884,1.5773447861183564e-08
embedding_mean_676,mean,676,4920234,4.7571918954253856e-08,0,0,22,478.3101607291028,14.947192522784462,3169884,1.5773447861183564e-08
embedding_mean_677,mean,677,4920234,2.9220190892646374e-08,0,0,22,478.3101607291028,14.947192522784462,3169884,1.5773447861183564e-08
embedding_mean_678,mean,678,4920234,8.216096374819654e-09,6,1363,22,478.3101607291028,14.947192522784462,3169884,1.5773447861183564e-08
embedding_mean_679,mean,679,4920234,3.870972319469377e-09,2,2,22,478.3101607291028,14.947192522784462,3169884,1.5773447861183564e-08
embedding_mean_680,mean,680,4920234,3.152902533204114e-09,1,9,22,478.3101607291028,14.947192522784462,3169884,1.5773447861183564e-08
embedding_mean_681,mean,681,4920234,2.0186494911056927e-08,0,5,22,478.3101607291028,14.947192522784462,3169884,1.5773447861183564e-08
embedding_mean_682,mean,682,4920234,9.334763813547392e-09,3,127,22,478.3101607291028,14.947192522784462,3169884,1.5773447861183564e-08
embedding_mean_683,mean,683,4920234,1.6199646056380398e-08,0,132,22,478.3101607291028,14.947192522784462,3169884,1.5773447861183564e-08
embedding_mean_684,mean,684,4920234,6.90433635867489e-09,1,1,22,478.3101607291028,14.947192522784462,3169884,1.5773447861183564e-08
embedding_mean_685,mean,685,4920234,1.1570092805413806e-08,1,0,22,478.3101607291028,14.947192522784462,3169884,1.5773447861183564e-08
embedding_mean_686,mean,686,4920234,1.2083992811457173e-08,2,23572,22,478.3101607291028,14.947192522784462,3169884,1.5773447861183564e-08
embedding_mean_687,mean,687,4920234,3.467153544779388e-08,0,0,22,478.3101607291028,14.947192522784462,3169884,1.5773447861183564e-08
embedding_mean_688,mean,688,4920234,1.0144171623131798e-08,2,2,22,478.3101607291028,14.947192522784462,3169884,1.5773447861183564e-08
embedding_mean_689,mean,689,4920234,1.080523461357998e-07,0,0,22,478.3101607291028,14.947192522784462,3169884,1.5773447861183564e-08
embedding_mean_690,mean,690,4920234,4.485518317489818e-09,2,70,22,478.3101607291028,14.947192522784462,3169884,1.5773447861183564e-08
embedding_mean_691,mean,691,4920234,2.328370774358027e-09,17,637,22,478.3101607291028,14.947192522784462,3169884,1.5773447861183564e-08
embedding_mean_692,mean,692,4920234,3.2231110539107375e-08,0,0,22,478.3101607291028,14.947192522784462,3169884,1.5773447861183564e-08
embedding_mean_693,mean,693,4920234,1.961085220296278e-08,0,2,22,478.3101607291028,14.947192522784462,3169884,1.5773447861183564e-08
embedding_mean_694,mean,694,4920234,9.44374804583061e-08,0,0,22,478.3101607291028,14.947192522784462,3169884,1.5773447861183564e-08
embedding_mean_695,mean,695,4920234,1.086270325742926e-08,1,0,22,478.3101607291028,14.947192522784462,3169884,1.5773447861183564e-08
embedding_mean_696,mean,696,4920234,1.3863600778509694e-07,0,0,22,478.3101607291028,14.947192522784462,3169884,1.5773447861183564e-08
embedding_mean_697,mean,697,4920234,1.4491355323649669e-08,2,2,22,478.3101607291028,14.947192522784462,3169884,1.5773447861183564e-08
embedding_mean_698,mean,698,4920234,7.768075027890564e-10,8,4379,22,478.3101607291028,14.947192522784462,3169884,1.5773447861183564e-08
embedding_mean_699,mean,699,4920234,7.243880624944047e-08,0,0,22,478.3101607291028,14.947192522784462,3169884,1.5773447861183564e-08
embedding_mean_700,mean,700,4920234,1.4099707338658484e-08,1,0,22,478.3101607291028,14.947192522784462,3169884,1.5773447861183564e-08
embedding_mean_701,mean,701,4920234,1.1385723692071141e-07,0,0,22,478.3101607291028,14.947192522784462,3169884,1.5773447861183564e-08
embedding_mean_702,mean,702,4920234,1.067462886514404e-08,1,0,22,478.3101607291028,14.947192522784462,3169884,1.5773447861183564e-08
embedding_mean_703,mean,703,4920234,6.345651454780285e-10,18,786,22,478.3101607291028,14.947192522784462,3169884,1.5773447861183564e-08
embedding_mean_704,mean,704,4920234,8.7748639846248e-09,1,1,23,483.2857106248848,15.10267845702765,3169884,1.5773447861183564e-08
embedding_mean_705,mean,705,4920234,5.218400273031833e-08,0,0,23,483.2857106248848,15.10267845702765,3169884,1.5773447861183564e-08
embedding_mean_706,mean,706,4920234,3.152376246100056e-08,0,20,23,483.2857106248848,15.10267845702765,3169884,1.5773447861183564e-08
embedding_mean_707,mean,707,4920234,1.6649141541761014e-07,0,0,23,483.2857106248848,15.10267845702765,3169884,1.5773447861183564e-08
embedding_mean_708,mean,708,4920234,4.7078095238672654e-09,2,26114,23,483.2857106248848,15.10267845702765,3169884,1.5773447861183564e-08
embedding_mean_709,mean,709,4920234,1.6062938441765722e-08,0,0,23,483.2857106248848,15.10267845702765,3169884,1.5773447861183564e-08
embedding_mean_710,mean,710,4920234,2.010628635870003e-09,5,11041,23,483.2857106248848,15.10267845702765,3169884,1.5773447861183564e-08
embedding_mean_711,mean,711,4920234,4.380634986099738e-08,0,0,23,483.2857106248848,15.10267845702765,3169884,1.5773447861183564e-08
embedding_mean_712,mean,712,4920234,3.4380092610766855e-08,0,592,23,483.2857106248848,15.10267845702765,3169884,1.5773447861183564e-08
embedding_mean_713,mean,713,4920234,1.0707386938352235e-07,0,0,23,483.2857106248848,15.10267845702765,3169884,1.5773447861183564e-08
embedding_mean_714,mean,714,4920234,1.5251746004533312e-08,1,1415,23,483.2857106248848,15.10267845702765,3169884,1.5773447861183564e-08
embedding_mean_715,mean,715,4920234,1.72722611968304e-07,0,0,23,483.2857106248848,15.10267845702765,3169884,1.5773447861183564e-08
embedding_mean_716,mean,716,4920234,2.091974196304651e-09,1,1,23,483.2857106248848,15.10267845702765,3169884,1.5773447861183564e-08
embedding_mean_717,mean,717,4920234,7.900024847680713e-09,4,203,23,483.2857106248848,15.10267845702765,3169884,1.5773447861183564e-08
embedding_mean_718,mean,718,4920234,1.1631142201317701e-07,0,0,23,483.2857106248848,15.10267845702765,3169884,1.5773447861183564e-08
embedding_mean_719,mean,719,4920234,8.638983740512732e-09,1,4,23,483.2857106248848,15.10267845702765,3169884,1.5773447861183564e-08
embedding_mean_720,mean,720,4920234,1.572298496392922e-08,1,0,23,483.2857106248848,15.10267845702765,3169884,1.5773447861183564e-08
embedding_mean_721,mean,721,4920234,5.0029953149692824e-08,0,0,23,483.2857106248848,15.10267845702765,3169884,1.5773447861183564e-08
embedding_mean_722,mean,722,4920234,8.270889366085416e-08,0,0,23,483.2857106248848,15.10267845702765,3169884,1.5773447861183564e-08
embedding_mean_723,mean,723,4920234,1.767054498875719e-08,0,7,23,483.2857106248848,15.10267845702765,3169884,1.5773447861183564e-08
embedding_mean_724,mean,724,4920234,3.0402371613228725e-08,0,0,23,483.2857106248848,15.10267845702765,3169884,1.5773447861183564e-08
embedding_mean_725,mean,725,4920234,1.703207894867827e-07,0,0,23,483.2857106248848,15.10267845702765,3169884,1.5773447861183564e-08
embedding_mean_726,mean,726,4920234,3.272990666515335e-07,0,0,23,483.2857106248848,15.10267845702765,3169884,1.5773447861183564e-08
embedding_mean_727,mean,727,4920234,1.5315817202586108e-08,1,0,23,483.2857106248848,15.10267845702765,3169884,1.5773447861183564e-08
embedding_mean_728,mean,728,4920234,4.580704986836954e-07,0,0,23,483.2857106248848,15.10267845702765,3169884,1.5773447861183564e-08
embedding_mean_729,mean,729,4920234,1.7088692173510225e-07,0,0,23,483.2857106248848,15.10267845702765,3169884,1.5773447861183564e-08
embedding_mean_730,mean,730,4920234,2.254891416416692e-08,0,0,23,483.2857106248848,15.10267845702765,3169884,1.5773447861183564e-08
embedding_mean_731,mean,731,4920234,9.321925855959098e-09,1,4,23,483.2857106248848,15.10267845702765,3169884,1.5773447861183564e-08
embedding_mean_732,mean,732,4920234,4.7211347714586726e-08,0,0,23,483.2857106248848,15.10267845702765,3169884,1.5773447861183564e-08
embedding_mean_733,mean,733,4920234,2.472988838212672e-07,0,0,23,483.2857106248848,15.10267845702765,3169884,1.5773447861183564e-08
embedding_mean_734,mean,734,4920234,5.402823051976441e-07,0,0,23,483.2857106248848,15.10267845702765,3169884,1.5773447861183564e-08
embedding_mean_735,mean,735,4920234,2.1582326827470838e-07,0,0,23,483.2857106248848,15.10267845702765,3169884,1.5773447861183564e-08
embedding_mean_736,mean,736,4920234,5.616953794569377e-09,1,748,24,455.233900984982,14.226059405780688,3169884,1.5773447861183564e-08
embedding_mean_737,mean,737,4920234,1.5928401835086905e-07,0,0,24,455.233900984982,14.226059405780688,3169884,1.5773447861183564e-08
embedding_mean_738,mean,738,4920234,2.757349314732468e-09,5,43,24,455.233900984982,14.226059405780688,3169884,1.5773447861183564e-08
embedding_mean_739,mean,739,4920234,4.802348408308422e-10,103,42680,24,455.233900984982,14.226059405780688,3169884,1.5773447861183564e-08
embedding_mean_740,mean,740,4920234,1.4784141883237256e-09,4,164,24,455.233900984982,14.226059405780688,3169884,1.5773447861183564e-08
embedding_mean_741,mean,741,4920234,3.7283183159342666e-08,0,22945,24,455.233900984982,14.226059405780688,3169884,1.5773447861183564e-08
embedding_mean_742,mean,742,4920234,4.169948269830234e-10,25,5433,24,455.233900984982,14.226059405780688,3169884,1.5773447861183564e-08
embedding_mean_743,mean,743,4920234,1.4839883833347211e-09,13,473,24,455.233900984982,14.226059405780688,3169884,1.5773447861183564e-08
embedding_mean_744,mean,744,4920234,3.810379830101794e-07,0,0,24,455.233900984982,14.226059405780688,3169884,1.5773447861183564e-08
embedding_mean_745,mean,745,4920234,1.853886078712623e-07,0,0,24,455.233900984982,14.226059405780688,3169884,1.5773447861183564e-08
embedding_mean_746,mean,746,4920234,1.4772957844408855e-09,8,118,24,455.233900984982,14.226059405780688,3169884,1.5773447861183564e-08
embedding_mean_747,mean,747,4920234,3.2073991495950893e-08,0,0,24,455.233900984982,14.226059405780688,3169884,1.5773447861183564e-08
embedding_mean_748,mean,748,4920234,3.635566907830324e-07,0,0,24,455.233900984982,14.226059405780688,3169884,1.5773447861183564e-08
embedding_mean_749,mean,749,4920234,2.1138859056197707e-09,2,583,24,455.233900984982,14.226059405780688,3169884,1.5773447861183564e-08
embedding_mean_750,mean,750,4920234,3.677974674015186e-08,0,61,24,455.233900984982,14.226059405780688,3169884,1.5773447861183564e-08
embedding_mean_751,mean,751,4920234,2.1728658129578027e-08,0,0,24,455.233900984982,14.226059405780688,3169884,1.5773447861183564e-08
embedding_mean_752,mean,752,4920234,5.7446124282323915e-09,2,51,24,455.233900984982,14.226059405780688,3169884,1.5773447861183564e-08
embedding_mean_753,mean,753,4920234,3.2258322631120894e-08,0,0,24,455.233900984982,14.226059405780688,3169884,1.5773447861183564e-08
embedding_mean_754,mean,754,4920234,5.444976823324073e-09,2,2,24,455.233900984982,14.226059405780688,3169884,1.5773447861183564e-08
embedding_mean_755,mean,755,4920234,3.277479794792646e-08,0,10,24,455.233900984982,14.226059405780688,3169884,1.5773447861183564e-08
embedding_mean_756,mean,756,4920234,2.48416291657806e-09,13,42,24,455.233900984982,14.226059405780688,3169884,1.5773447861183564e-08
embedding_mean_757,mean,757,4920234,2.331002557455231e-09,10,1015,24,455.233900984982,14.226059405780688,3169884,1.5773447861183564e-08
embedding_mean_758,mean,758,4920234,2.4125079663298006e-08,0,0,24,455.233900984982,14.226059405780688,3169884,1.5773447861183564e-08
embedding_mean_759,mean,759,4920234,4.473236987557126e-07,0,0,24,455.233900984982,14.226059405780688,3169884,1.5773447861183564e-08
embedding_mean_760,mean,760,4920234,1.4437919736309577e-08,1,0,24,455.233900984982,14.226059405780688,3169884,1.5773447861183564e-08
embedding_mean_761,mean,761,4920234,4.506881867108047e-07,0,0,24,455.233900984982,14.226059405780688,3169884,1.5773447861183564e-08
embedding_mean_762,mean,762,4920234,2.0572552349800914e-09,1,1,24,455.233900984982,14.226059405780688,3169884,1.5773447861183564e-08
embedding_mean_763,mean,763,4920234,3.5706585661265526e-08,0,0,24,455.233900984982,14.226059405780688,3169884,1.5773447861183564e-08
embedding_mean_764,mean,764,4920234,2.2307020894355522e-07,0,0,24,455.233900984982,14.226059405780688,3169884,1.5773447861183564e-08
embedding_mean_765,mean,765,4920234,5.685718415582582e-07,0,0,24,455.233900984982,14.226059405780688,3169884,1.5773447861183564e-08
embedding_mean_766,mean,766,4920234,6.152668884692733e-08,0,0,24,455.233900984982,14.226059405780688,3169884,1.5773447861183564e-08
embedding_mean_767,mean,767,4920234,2.586630458385834e-07,0,0,24,455.233900984982,14.226059405780688,3169884,1.5773447861183564e-08
embedding_mean_768,mean,768,4920234,2.2116986360812243e-08,0,0,25,434.68067917600274,13.583771224250086,3169884,1.5773447861183564e-08
embedding_mean_769,mean,769,4920234,3.920912660605002e-07,0,0,25,434.68067917600274,13.583771224250086,3169884,1.5773447861183564e-08
embedding_mean_770,mean,770,4920234,4.8256736219894175e-08,0,0,25,434.68067917600274,13.583771224250086,3169884,1.5773447861183564e-08
embedding_mean_771,mean,771,4920234,4.510880517814412e-10,1,37,25,434.68067917600274,13.583771224250086,3169884,1.5773447861183564e-08
embedding_mean_772,mean,772,4920234,1.252529365839112e-07,0,0,25,434.68067917600274,13.583771224250086,3169884,1.5773447861183564e-08
embedding_mean_773,mean,773,4920234,4.200985066112455e-07,0,0,25,434.68067917600274,13.583771224250086,3169884,1.5773447861183564e-08
embedding_mean_774,mean,774,4920234,1.916291257885832e-07,0,0,25,434.68067917600274,13.583771224250086,3169884,1.5773447861183564e-08
embedding_mean_775,mean,775,4920234,2.9799393316944237e-09,1,1,25,434.68067917600274,13.583771224250086,3169884,1.5773447861183564e-08
embedding_mean_776,mean,776,4920234,3.815432805147024e-09,5,1089,25,434.68067917600274,13.583771224250086,3169884,1.5773447861183564e-08
embedding_mean_777,mean,777,4920234,1.8280447271823152e-08,0,0,25,434.68067917600274,13.583771224250086,3169884,1.5773447861183564e-08
embedding_mean_778,mean,778,4920234,7.057255238763535e-09,7,194,25,434.68067917600274,13.583771224250086,3169884,1.5773447861183564e-08
embedding_mean_779,mean,779,4920234,4.3918427517452464e-08,0,0,25,434.68067917600274,13.583771224250086,3169884,1.5773447861183564e-08
embedding_mean_780,mean,780,4920234,7.832853866818809e-09,1,1,25,434.68067917600274,13.583771224250086,3169884,1.5773447861183564e-08
embedding_mean_781,mean,781,4920234,7.337753979750773e-08,0,0,25,434.68067917600274,13.583771224250086,3169884,1.5773447861183564e-08
embedding_mean_782,mean,782,4920234,9.149875712555884e-07,0,0,25,434.68067917600274,13.583771224250086,3169884,1.5773447861183564e-08
embedding_mean_783,mean,783,4920234,2.8482507435708777e-07,0,0,25,434.68067917600274,13.583771224250086,3169884,1.5773447861183564e-08
embedding_mean_784,mean,784,4920234,2.2074206364294788e-08,0,0,25,434.68067917600274,13.583771224250086,3169884,1.5773447861183564e-08
embedding_mean_785,mean,785,4920234,2.6846307459508663e-08,0,209,25,434.68067917600274,13.583771224250086,3169884,1.5773447861183564e-08
embedding_mean_786,mean,786,4920234,5.156525647041367e-08,0,0,25,434.68067917600274,13.583771224250086,3169884,1.5773447861183564e-08
embedding_mean_787,mean,787,4920234,8.475304065124021e-08,0,0,25,434.68067917600274,13.583771224250086,3169884,1.5773447861183564e-08
embedding_mean_788,mean,788,4920234,1.1787862735116049e-07,0,0,25,434.68067917600274,13.583771224250086,3169884,1.5773447861183564e-08
embedding_mean_789,mean,789,4920234,5.152961584695319e-08,0,0,25,434.68067917600274,13.583771224250086,3169884,1.5773447861183564e-08
embedding_mean_790,mean,790,4920234,6.992540015391684e-08,0,0,25,434.68067917600274,13.583771224250086,3169884,1.5773447861183564e-08
embedding_mean_791,mean,791,4920234,1.2337612622946132e-08,2,2,25,434.68067917600274,13.583771224250086,3169884,1.5773447861183564e-08
embedding_mean_792,mean,792,4920234,1.554716088544473e-08,1,0,25,434.68067917600274,13.583771224250086,3169884,1.5773447861183564e-08
embedding_mean_793,mean,793,4920234,2.369948098328711e-07,0,0,25,434.68067917600274,13.583771224250086,3169884,1.5773447861183564e-08
embedding_mean_794,mean,794,4920234,1.4470834518421988e-07,0,0,25,434.68067917600274,13.583771224250086,3169884,1.5773447861183564e-08
embedding_mean_795,mean,795,4920234,1.3728489980672751e-08,1,8698,25,434.68067917600274,13.583771224250086,3169884,1.5773447861183564e-08
embedding_mean_796,mean,796,4920234,1.2054541838601156e-08,3,8,25,434.68067917600274,13.583771224250086,3169884,1.5773447861183564e-08
embedding_mean_797,mean,797,4920234,7.013938456337054e-08,0,0,25,434.68067917600274,13.583771224250086,3169884,1.5773447861183564e-08
embedding_mean_798,mean,798,4920234,1.8611118849623093e-07,0,0,25,434.68067917600274,13.583771224250086,3169884,1.5773447861183564e-08
embedding_mean_799,mean,799,4920234,2.1644053994816485e-08,0,0,25,434.68067917600274,13.583771224250086,3169884,1.5773447861183564e-08
embedding_mean_800,mean,800,4920234,4.110274703883449e-08,0,0,26,415.8663084129803,12.995822137905634,3169884,1.5773447861183564e-08
embedding_mean_801,mean,801,4920234,8.340268383525686e-09,2,306,26,415.8663084129803,12.995822137905634,3169884,1.5773447861183564e-08
embedding_mean_802,mean,802,4920234,2.1828989514223295e-07,0,0,26,415.8663084129803,12.995822137905634,3169884,1.5773447861183564e-08
embedding_mean_803,mean,803,4920234,6.611170218763476e-11,160,2545,26,415.8663084129803,12.995822137905634,3169884,1.5773447861183564e-08
embedding_mean_804,mean,804,4920234,5.215441851895026e-07,0,0,26,415.8663084129803,12.995822137905634,3169884,1.5773447861183564e-08
embedding_mean_805,mean,805,4920234,2.748723931340385e-07,0,0,26,415.8663084129803,12.995822137905634,3169884,1.5773447861183564e-08
embedding_mean_806,mean,806,4920234,5.334566110899512e-10,7,34,26,415.8663084129803,12.995822137905634,3169884,1.5773447861183564e-08
embedding_mean_807,mean,807,4920234,4.753081327748486e-09,2,2,26,415.8663084129803,12.995822137905634,3169884,1.5773447861183564e-08
embedding_mean_808,mean,808,4920234,3.539908150107159e-08,0,0,26,415.8663084129803,12.995822137905634,3169884,1.5773447861183564e-08
embedding_mean_809,mean,809,4920234,3.5642845062224156e-08,0,0,26,415.8663084129803,12.995822137905634,3169884,1.5773447861183564e-08
embedding_mean_810,mean,810,4920234,2.840106965973084e-07,0,0,26,415.8663084129803,12.995822137905634,3169884,1.5773447861183564e-08
embedding_mean_811,mean,811,4920234,1.7271257513079593e-07,0,0,26,415.8663084129803,12.995822137905634,3169884,1.5773447861183564e-08
embedding_mean_812,mean,812,4920234,2.531585272295901e-07,0,0,26,415.8663084129803,12.995822137905634,3169884,1.5773447861183564e-08
embedding_mean_813,mean,813,4920234,4.374783095447916e-07,0,0,26,415.8663084129803,12.995822137905634,3169884,1.5773447861183564e-08
embedding_mean_814,mean,814,4920234,7.811197629713464e-08,0,0,26,415.8663084129803,12.995822137905634,3169884,1.5773447861183564e-08
embedding_mean_815,mean,815,4920234,2.96817924619696e-07,0,0,26,415.8663084129803,12.995822137905634,3169884,1.5773447861183564e-08
embedding_mean_816,mean,816,4920234,2.623821006217924e-07,0,0,26,415.8663084129803,12.995822137905634,3169884,1.5773447861183564e-08
embedding_mean_817,mean,817,4920234,3.5552364374115146e-08,0,0,26,415.8663084129803,12.995822137905634,3169884,1.5773447861183564e-08
embedding_mean_818,mean,818,4920234,2.4205076469014465e-07,0,0,26,415.8663084129803,12.995822137905634,3169884,1.5773447861183564e-08
embedding_mean_819,mean,819,4920234,1.1654838147610371e-08,1,0,26,415.8663084129803,12.995822137905634,3169884,1.5773447861183564e-08
embedding_mean_820,mean,820,4920234,2.1611109450296074e-09,38,678,26,415.8663084129803,12.995822137905634,3169884,1.5773447861183564e-08
embedding_mean_821,mean,821,4920234,3.8507959814446015e-08,0,0,26,415.8663084129803,12.995822137905634,3169884,1.5773447861183564e-08
embedding_mean_822,mean,822,4920234,5.6721876338937245e-09,1,1,26,415.8663084129803,12.995822137905634,3169884,1.5773447861183564e-08
embedding_mean_823,mean,823,4920234,1.6361295273726798e-08,0,0,26,415.8663084129803,12.995822137905634,3169884,1.5773447861183564e-08
embedding_mean_824,mean,824,4920234,1.9158787645304062e-09,17,453,26,415.8663084129803,12.995822137905634,3169884,1.5773447861183564e-08
embedding_mean_825,mean,825,4920234,2.587941111979585e-08,0,0,26,415.8663084129803,12.995822137905634,3169884,1.5773447861183564e-08
embedding_mean_826,mean,826,4920234,1.4966076384783177e-08,1,0,26,415.8663084129803,12.995822137905634,3169884,1.5773447861183564e-08
embedding_mean_827,mean,827,4920234,2.925544229150485e-07,0,0,26,415.8663084129803,12.995822137905634,3169884,1.5773447861183564e-08
embedding_mean_828,mean,828,4920234,2.2473693986493065e-08,0,401,26,415.8663084129803,12.995822137905634,3169884,1.5773447861183564e-08
embedding_mean_829,mean,829,4920234,5.190014236219018e-08,0,176,26,415.8663084129803,12.995822137905634,3169884,1.5773447861183564e-08
embedding_mean_830,mean,830,4920234,3.375870193929622e-08,0,0,26,415.8663084129803,12.995822137905634,3169884,1.5773447861183564e-08
embedding_mean_831,mean,831,4920234,1.5541789511032434e-08,1,57,26,415.8663084129803,12.995822137905634,3169884,1.5773447861183564e-08
embedding_mean_832,mean,832,4920234,1.1715563295515476e-09,5,93,27,418.84955819603056,13.089048693625957,3169884,1.5773447861183564e-08
embedding_mean_833,mean,833,4920234,2.9143151798406233e-09,14,182,27,418.84955819603056,13.089048693625957,3169884,1.5773447861183564e-08
embedding_mean_834,mean,834,4920234,5.5138523929766326e-08,0,0,27,418.84955819603056,13.089048693625957,3169884,1.5773447861183564e-08
embedding_mean_835,mean,835,4920234,3.506021785129122e-07,0,0,27,418.84955819603056,13.089048693625957,3169884,1.5773447861183564e-08
embedding_mean_836,mean,836,4920234,6.164913428029585e-08,0,0,27,418.84955819603056,13.089048693625957,3169884,1.5773447861183564e-08
embedding_mean_837,mean,837,4920234,4.427971640031238e-08,0,0,27,418.84955819603056,13.089048693625957,3169884,1.5773447861183564e-08
embedding_mean_838,mean,838,4920234,1.50745010329959e-08,1,4,27,418.84955819603056,13.089048693625957,3169884,1.5773447861183564e-08
embedding_mean_839,mean,839,4920234,1.0278901087943285e-07,0,0,27,418.84955819603056,13.089048693625957,3169884,1.5773447861183564e-08
embedding_mean_840,mean,840,4920234,3.905235439565138e-07,0,0,27,418.84955819603056,13.089048693625957,3169884,1.5773447861183564e-08
embedding_mean_841,mean,841,4920234,2.1486017808524213e-07,0,0,27,418.84955819603056,13.089048693625957,3169884,1.5773447861183564e-08
embedding_mean_842,mean,842,4920234,8.66960229402056e-08,0,0,27,418.84955819603056,13.089048693625957,3169884,1.5773447861183564e-08
embedding_mean_843,mean,843,4920234,2.348715500404013e-07,0,0,27,418.84955819603056,13.089048693625957,3169884,1.5773447861183564e-08
embedding_mean_844,mean,844,4920234,5.3617080378573905e-09,1,12,27,418.84955819603056,13.089048693625957,3169884,1.5773447861183564e-08
embedding_mean_845,mean,845,4920234,1.9406334593508944e-08,0,0,27,418.84955819603056,13.089048693625957,3169884,1.5773447861183564e-08
embedding_mean_846,mean,846,4920234,4.994054156914959e-09,5,9,27,418.84955819603056,13.089048693625957,3169884,1.5773447861183564e-08
embedding_mean_847,mean,847,4920234,1.7734109913144865e-07,0,0,27,418.84955819603056,13.089048693625957,3169884,1.5773447861183564e-08
embedding_mean_848,mean,848,4920234,2.943874568409423e-07,0,0,27,418.84955819603056,13.089048693625957,3169884,1.5773447861183564e-08
embedding_mean_849,mean,849,4920234,3.862351228730902e-09,2,3,27,418.84955819603056,13.089048693625957,3169884,1.5773447861183564e-08
embedding_mean_850,mean,850,4920234,1.735170288344385e-07,0,0,27,418.84955819603056,13.089048693625957,3169884,1.5773447861183564e-08
embedding_mean_851,mean,851,4920234,5.730560266751544e-09,5,1550,27,418.84955819603056,13.089048693625957,3169884,1.5773447861183564e-08
embedding_mean_852,mean,852,4920234,1.445708609501019e-07,0,0,27,418.84955819603056,13.089048693625957,3169884,1.5773447861183564e-08
embedding_mean_853,mean,853,4920234,2.0167170080525423e-08,0,16,27,418.84955819603056,13.089048693625957,3169884,1.5773447861183564e-08
embedding_mean_854,mean,854,4920234,1.569551847453252e-07,0,0,27,418.84955819603056,13.089048693625957,3169884,1.5773447861183564e-08
embedding_mean_855,mean,855,4920234,1.468097696429837e-08,1,0,27,418.84955819603056,13.089048693625957,3169884,1.5773447861183564e-08
embedding_mean_856,mean,856,4920234,1.0656183707857799e-07,0,0,27,418.84955819603056,13.089048693625957,3169884,1.5773447861183564e-08
embedding_mean_857,mean,857,4920234,3.4981703735374824e-08,0,0,27,418.84955819603056,13.089048693625957,3169884,1.5773447861183564e-08
embedding_mean_858,mean,858,4920234,2.476496453486163e-07,0,0,27,418.84955819603056,13.089048693625957,3169884,1.5773447861183564e-08
embedding_mean_859,mean,859,4920234,2.386034269094369e-07,0,0,27,418.84955819603056,13.089048693625957,3169884,1.5773447861183564e-08
embedding_mean_860,mean,860,4920234,6.3766782263614e-08,0,0,27,418.84955819603056,13.089048693625957,3169884,1.5773447861183564e-08
embedding_mean_861,mean,861,4920234,4.133928425869329e-07,0,0,27,418.84955819603056,13.089048693625957,3169884,1.5773447861183564e-08
embedding_mean_862,mean,862,4920234,1.81433440857672e-08,0,566,27,418.84955819603056,13.089048693625957,3169884,1.5773447861183564e-08
embedding_mean_863,mean,863,4920234,1.9572923649306825e-08,0,1286,27,418.84955819603056,13.089048693625957,3169884,1.5773447861183564e-08
embedding_mean_864,mean,864,4920234,6.9396357142042505e-09,2,38,28,444.9825574620627,13.90570492068946,3169884,1.5773447861183564e-08
embedding_mean_865,mean,865,4920234,3.0982142209351225e-08,0,0,28,444.9825574620627,13.90570492068946,3169884,1.5773447861183564e-08
embedding_mean_866,mean,866,4920234,4.403892906701261e-11,11,107,28,444.9825574620627,13.90570492068946,3169884,1.5773447861183564e-08
embedding_mean_867,mean,867,4920234,5.633557149252779e-07,0,0,28,444.9825574620627,13.90570492068946,3169884,1.5773447861183564e-08
embedding_mean_868,mean,868,4920234,8.25376213418557e-09,1,1,28,444.9825574620627,13.90570492068946,3169884,1.5773447861183564e-08
embedding_mean_869,mean,869,4920234,3.2537133718991346e-08,0,0,28,444.9825574620627,13.90570492068946,3169884,1.5773447861183564e-08
embedding_mean_870,mean,870,4920234,4.148017053753384e-08,0,0,28,444.9825574620627,13.90570492068946,3169884,1.5773447861183564e-08
embedding_mean_871,mean,871,4920234,1.669804171165965e-07,0,0,28,444.9825574620627,13.90570492068946,3169884,1.5773447861183564e-08
embedding_mean_872,mean,872,4920234,5.9404230556298974e-08,0,0,28,444.9825574620627,13.90570492068946,3169884,1.5773447861183564e-08
embedding_mean_873,mean,873,4920234,3.3510411518187204e-08,0,0,28,444.9825574620627,13.90570492068946,3169884,1.5773447861183564e-08
embedding_mean_874,mean,874,4920234,1.0662251388697723e-09,6,1496,28,444.9825574620627,13.90570492068946,3169884,1.5773447861183564e-08
embedding_mean_875,mean,875,4920234,1.703822371590419e-07,0,0,28,444.9825574620627,13.90570492068946,3169884,1.5773447861183564e-08
embedding_mean_876,mean,876,4920234,2.8308124710935506e-08,0,0,28,444.9825574620627,13.90570492068946,3169884,1.5773447861183564e-08
embedding_mean_877,mean,877,4920234,9.309698635797965e-08,0,0,28,444.9825574620627,13.90570492068946,3169884,1.5773447861183564e-08
embedding_mean_878,mean,878,4920234,3.182231221382643e-07,0,0,28,444.9825574620627,13.90570492068946,3169884,1.5773447861183564e-08
embedding_mean_879,mean,879,4920234,1.213342849350994e-07,0,0,28,444.9825574620627,13.90570492068946,3169884,1.5773447861183564e-08
embedding_mean_880,mean,880,4920234,8.193260588656688e-08,0,0,28,444.9825574620627,13.90570492068946,3169884,1.5773447861183564e-08
embedding_mean_881,mean,881,4920234,1.0688428886802852e-08,2,27,28,444.9825574620627,13.90570492068946,3169884,1.5773447861183564e-08
embedding_mean_882,mean,882,4920234,1.7537588625059873e-08,0,5,28,444.9825574620627,13.90570492068946,3169884,1.5773447861183564e-08
embedding_mean_883,mean,883,4920234,2.0973466241599747e-09,7,81,28,444.9825574620627,13.90570492068946,3169884,1.5773447861183564e-08
embedding_mean_884,mean,884,4920234,1.1049268162712106e-08,1,238,28,444.9825574620627,13.90570492068946,3169884,1.5773447861183564e-08
embedding_mean_885,mean,885,4920234,1.4057326595121328e-08,1,1045,28,444.9825574620627,13.90570492068946,3169884,1.5773447861183564e-08
embedding_mean_886,mean,886,4920234,1.432185410538555e-07,0,0,28,444.9825574620627,13.90570492068946,3169884,1.5773447861183564e-08
embedding_mean_887,mean,887,4920234,4.8733747957870544e-08,0,79,28,444.9825574620627,13.90570492068946,3169884,1.5773447861183564e-08
embedding_mean_888,mean,888,4920234,7.804579990456682e-08,0,0,28,444.9825574620627,13.90570492068946,3169884,1.5773447861183564e-08
embedding_mean_889,mean,889,4920234,6.837210488360843e-08,0,0,28,444.9825574620627,13.90570492068946,3169884,1.5773447861183564e-08
embedding_mean_890,mean,890,4920234,2.617422540924465e-09,1,1,28,444.9825574620627,13.90570492068946,3169884,1.5773447861183564e-08
embedding_mean_891,mean,891,4920234,2.4871186328546185e-07,0,0,28,444.9825574620627,13.90570492068946,3169884,1.5773447861183564e-08
embedding_mean_892,mean,892,4920234,2.734004261792398e-07,0,0,28,444.9825574620627,13.90570492068946,3169884,1.5773447861183564e-08
embedding_mean_893,mean,893,4920234,9.300629090256797e-08,0,0,28,444.9825574620627,13.90570492068946,3169884,1.5773447861183564e-08
embedding_mean_894,mean,894,4920234,6.596980445278618e-08,0,0,28,444.9825574620627,13.90570492068946,3169884,1.5773447861183564e-08
embedding_mean_895,mean,895,4920234,6.7261930960146625e-09,3,88,28,444.9825574620627,13.90570492068946,3169884,1.5773447861183564e-08
embedding_mean_896,mean,896,4920234,1.0947971185718233e-08,1,50,29,427.1339336789679,13.347935427467746,3169884,1.5773447861183564e-08
embedding_mean_897,mean,897,4920234,1.6509007233160193e-08,0,0,29,427.1339336789679,13.347935427467746,3169884,1.5773447861183564e-08
embedding_mean_898,mean,898,4920234,8.777984459418093e-08,0,0,29,427.1339336789679,13.347935427467746,3169884,1.5773447861183564e-08
embedding_mean_899,mean,899,4920234,1.7285983119969814e-09,13,119,29,427.1339336789679,13.347935427467746,3169884,1.5773447861183564e-08
embedding_mean_900,mean,900,4920234,4.4568821224330475e-10,2,2,29,427.1339336789679,13.347935427467746,3169884,1.5773447861183564e-08
embedding_mean_901,mean,901,4920234,2.8782607720398465e-08,0,0,29,427.1339336789679,13.347935427467746,3169884,1.5773447861183564e-08
embedding_mean_902,mean,902,4920234,6.782441405163127e-10,2,2,29,427.1339336789679,13.347935427467746,3169884,1.5773447861183564e-08
embedding_mean_903,mean,903,4920234,8.249679773901517e-11,14,20780,29,427.1339336789679,13.347935427467746,3169884,1.5773447861183564e-08
embedding_mean_904,mean,904,4920234,1.1708208469374217e-08,1,12,29,427.1339336789679,13.347935427467746,3169884,1.5773447861183564e-08
embedding_mean_905,mean,905,4920234,3.7097137355665176e-08,0,0,29,427.1339336789679,13.347935427467746,3169884,1.5773447861183564e-08
embedding_mean_906,mean,906,4920234,3.2390820869808225e-08,0,0,29,427.1339336789679,13.347935427467746,3169884,1.5773447861183564e-08
embedding_mean_907,mean,907,4920234,2.704400588124744e-09,1,291,29,427.1339336789679,13.347935427467746,3169884,1.5773447861183564e-08
embedding_mean_908,mean,908,4920234,9.864051083912032e-09,1,1,29,427.1339336789679,13.347935427467746,3169884,1.5773447861183564e-08
embedding_mean_909,mean,909,4920234,5.22298536209189e-07,0,0,29,427.1339336789679,13.347935427467746,3169884,1.5773447861183564e-08
embedding_mean_910,mean,910,4920234,1.3819419089621869e-08,1,2,29,427.1339336789679,13.347935427467746,3169884,1.5773447861183564e-08
embedding_mean_911,mean,911,4920234,1.5490021815452997e-08,1,0,29,427.1339336789679,13.347935427467746,3169884,1.5773447861183564e-08
embedding_mean_912,mean,912,4920234,1.3673875013894873e-08,1,0,29,427.1339336789679,13.347935427467746,3169884,1.5773447861183564e-08
embedding_mean_913,mean,913,4920234,3.1856139252808165e-08,0,0,29,427.1339336789679,13.347935427467746,3169884,1.5773447861183564e-08
embedding_mean_914,mean,914,4920234,7.378822811637758e-07,0,0,29,427.1339336789679,13.347935427467746,3169884,1.5773447861183564e-08
embedding_mean_915,mean,915,4920234,4.519231026485164e-08,0,57,29,427.1339336789679,13.347935427467746,3169884,1.5773447861183564e-08
embedding_mean_916,mean,916,4920234,3.553326127675699e-07,0,0,29,427.1339336789679,13.347935427467746,3169884,1.5773447861183564e-08
embedding_mean_917,mean,917,4920234,3.69161667698383e-08,0,0,29,427.1339336789679,13.347935427467746,3169884,1.5773447861183564e-08
embedding_mean_918,mean,918,4920234,7.178516449668559e-08,0,0,29,427.1339336789679,13.347935427467746,3169884,1.5773447861183564e-08
embedding_mean_919,mean,919,4920234,8.456604527917672e-08,0,0,29,427.1339336789679,13.347935427467746,3169884,1.5773447861183564e-08
embedding_mean_920,mean,920,4920234,2.853606248723653e-07,0,0,29,427.1339336789679,13.347935427467746,3169884,1.5773447861183564e-08
embedding_mean_921,mean,921,4920234,3.437188554769869e-07,0,0,29,427.1339336789679,13.347935427467746,3169884,1.5773447861183564e-08
embedding_mean_922,mean,922,4920234,1.1784489131572224e-07,0,0,29,427.1339336789679,13.347935427467746,3169884,1.5773447861183564e-08
embedding_mean_923,mean,923,4920234,1.6562999383016678e-07,0,0,29,427.1339336789679,13.347935427467746,3169884,1.5773447861183564e-08
embedding_mean_924,mean,924,4920234,3.614700746862257e-07,0,0,29,427.1339336789679,13.347935427467746,3169884,1.5773447861183564e-08
embedding_mean_925,mean,925,4920234,9.57676323316746e-09,1,44,29,427.1339336789679,13.347935427467746,3169884,1.5773447861183564e-08
embedding_mean_926,mean,926,4920234,1.4171204590534724e-07,0,0,29,427.1339336789679,13.347935427467746,3169884,1.5773447861183564e-08
embedding_mean_927,mean,927,4920234,1.0847586280373771e-08,1,23,29,427.1339336789679,13.347935427467746,3169884,1.5773447861183564e-08
embedding_mean_928,mean,928,4920234,5.016001302721149e-08,0,0,30,441.5064823019784,13.797077571936825,3169884,1.5773447861183564e-08
embedding_mean_929,mean,929,4920234,5.1732669454213326e-08,0,0,30,441.5064823019784,13.797077571936825,3169884,1.5773447861183564e-08
embedding_mean_930,mean,930,4920234,1.8063194302574717e-08,0,0,30,441.5064823019784,13.797077571936825,3169884,1.5773447861183564e-08
embedding_mean_931,mean,931,4920234,7.299422843347352e-08,0,0,30,441.5064823019784,13.797077571936825,3169884,1.5773447861183564e-08
embedding_mean_932,mean,932,4920234,2.5287510994187715e-09,9,108,30,441.5064823019784,13.797077571936825,3169884,1.5773447861183564e-08
embedding_mean_933,mean,933,4920234,9.159434716692916e-09,1,6,30,441.5064823019784,13.797077571936825,3169884,1.5773447861183564e-08
embedding_mean_934,mean,934,4920234,4.684457489149318e-07,0,0,30,441.5064823019784,13.797077571936825,3169884,1.5773447861183564e-08
embedding_mean_935,mean,935,4920234,1.304120952419941e-07,0,0,30,441.5064823019784,13.797077571936825,3169884,1.5773447861183564e-08
embedding_mean_936,mean,936,4920234,3.782470839673388e-08,0,0,30,441.5064823019784,13.797077571936825,3169884,1.5773447861183564e-08
embedding_mean_937,mean,937,4920234,6.713158084269691e-09,9,1559,30,441.5064823019784,13.797077571936825,3169884,1.5773447861183564e-08
embedding_mean_938,mean,938,4920234,2.152429771146545e-09,4,408,30,441.5064823019784,13.797077571936825,3169884,1.5773447861183564e-08
embedding_mean_939,mean,939,4920234,2.2297410971924918e-07,0,0,30,441.5064823019784,13.797077571936825,3169884,1.5773447861183564e-08
embedding_mean_940,mean,940,4920234,7.404308335667667e-08,0,0,30,441.5064823019784,13.797077571936825,3169884,1.5773447861183564e-08
embedding_mean_941,mean,941,4920234,2.855269579619962e-07,0,0,30,441.5064823019784,13.797077571936825,3169884,1.5773447861183564e-08
embedding_mean_942,mean,942,4920234,1.6031896257634477e-13,136,1083,30,441.5064823019784,13.797077571936825,3169884,1.5773447861183564e-08
embedding_mean_943,mean,943,4920234,6.158317669506121e-07,0,0,30,441.5064823019784,13.797077571936825,3169884,1.5773447861183564e-08
embedding_mean_944,mean,944,4920234,5.6094609337663264e-08,0,0,30,441.5064823019784,13.797077571936825,3169884,1.5773447861183564e-08
embedding_mean_945,mean,945,4920234,6.877348296838139e-07,0,0,30,441.5064823019784,13.797077571936825,3169884,1.5773447861183564e-08
embedding_mean_946,mean,946,4920234,2.963105425154429e-09,2,2,30,441.5064823019784,13.797077571936825,3169884,1.5773447861183564e-08
embedding_mean_947,mean,947,4920234,1.2160187590883366e-07,0,0,30,441.5064823019784,13.797077571936825,3169884,1.5773447861183564e-08
embedding_mean_948,mean,948,4920234,2.4517342456284933e-08,0,0,30,441.5064823019784,13.797077571936825,3169884,1.5773447861183564e-08
embedding_mean_949,mean,949,4920234,1.3491711007139468e-07,0,0,30,441.5064823019784,13.797077571936825,3169884,1.5773447861183564e-08
embedding_mean_950,mean,950,4920234,4.579484061247711e-08,0,0,30,441.5064823019784,13.797077571936825,3169884,1.5773447861183564e-08
embedding_mean_951,mean,951,4920234,2.717224708283229e-08,0,0,30,441.5064823019784,13.797077571936825,3169884,1.5773447861183564e-08
embedding_mean_952,mean,952,4920234,6.481137322271051e-09,3,30,30,441.5064823019784,13.797077571936825,3169884,1.5773447861183564e-08
embedding_mean_953,mean,953,4920234,2.8566796850854415e-10,12,1102,30,441.5064823019784,13.797077571936825,3169884,1.5773447861183564e-08
embedding_mean_954,mean,954,4920234,8.239733802924756e-08,0,0,30,441.5064823019784,13.797077571936825,3169884,1.5773447861183564e-08
embedding_mean_955,mean,955,4920234,2.0657084140348283e-07,0,0,30,441.5064823019784,13.797077571936825,3169884,1.5773447861183564e-08
embedding_mean_956,mean,956,4920234,3.298223383863412e-07,0,0,30,441.5064823019784,13.797077571936825,3169884,1.5773447861183564e-08
embedding_mean_957,mean,957,4920234,3.661351751787649e-07,0,0,30,441.5064823019784,13.797077571936825,3169884,1.5773447861183564e-08
embedding_mean_958,mean,958,4920234,1.3652452778393518e-07,0,0,30,441.5064823019784,13.797077571936825,3169884,1.5773447861183564e-08
embedding_mean_959,mean,959,4920234,3.78345102474334e-07,0,0,30,441.5064823019784,13.797077571936825,3169884,1.5773447861183564e-08
embedding_mean_960,mean,960,4920234,2.6207485467453224e-08,0,3,31,440.70116838184185,13.771911511932558,3169884,1.5773447861183564e-08
embedding_mean_961,mean,961,4920234,1.741549476213289e-07,0,0,31,440.70116838184185,13.771911511932558,3169884,1.5773447861183564e-08
embedding_mean_962,mean,962,4920234,2.6006110332819385e-08,0,0,31,440.70116838184185,13.771911511932558,3169884,1.5773447861183564e-08
embedding_mean_963,mean,963,4920234,1.7407565627430808e-08,0,12,31,440.70116838184185,13.771911511932558,3169884,1.5773447861183564e-08
embedding_mean_964,mean,964,4920234,4.774201056970843e-08,0,0,31,440.70116838184185,13.771911511932558,3169884,1.5773447861183564e-08
embedding_mean_965,mean,965,4920234,4.0175292162022224e-08,0,24440,31,440.70116838184185,13.771911511932558,3169884,1.5773447861183564e-08
embedding_mean_966,mean,966,4920234,6.023792475738261e-08,0,0,31,440.70116838184185,13.771911511932558,3169884,1.5773447861183564e-08
embedding_mean_967,mean,967,4920234,7.691047814389311e-09,2,305,31,440.70116838184185,13.771911511932558,3169884,1.5773447861183564e-08
embedding_mean_968,mean,968,4920234,4.0471525755703725e-10,29,820,31,440.70116838184185,13.771911511932558,3169884,1.5773447861183564e-08
embedding_mean_969,mean,969,4920234,2.546162402184656e-08,0,0,31,440.70116838184185,13.771911511932558,3169884,1.5773447861183564e-08
embedding_mean_970,mean,970,4920234,1.0498768453753638e-08,3,3,31,440.70116838184185,13.771911511932558,3169884,1.5773447861183564e-08
embedding_mean_971,mean,971,4920234,3.415469556485787e-08,0,0,31,440.70116838184185,13.771911511932558,3169884,1.5773447861183564e-08
embedding_mean_972,mean,972,4920234,1.6420641836472669e-07,0,0,31,440.70116838184185,13.771911511932558,3169884,1.5773447861183564e-08
embedding_mean_973,mean,973,4920234,3.6705624965855504e-09,4,436,31,440.70116838184185,13.771911511932558,3169884,1.5773447861183564e-08
embedding_mean_974,mean,974,4920234,1.8894963581021762e-07,0,0,31,440.70116838184185,13.771911511932558,3169884,1.5773447861183564e-08
embedding_mean_975,mean,975,4920234,3.5153766375800795e-08,0,0,31,440.70116838184185,13.771911511932558,3169884,1.5773447861183564e-08
embedding_mean_976,mean,976,4920234,1.585616072468149e-08,0,0,31,440.70116838184185,13.771911511932558,3169884,1.5773447861183564e-08
embedding_mean_977,mean,977,4920234,2.3642708642394904e-08,0,0,31,440.70116838184185,13.771911511932558,3169884,1.5773447861183564e-08
embedding_mean_978,mean,978,4920234,3.869393464405847e-09,8,105,31,440.70116838184185,13.771911511932558,3169884,1.5773447861183564e-08
embedding_mean_979,mean,979,4920234,6.441920407205304e-09,2,43,31,440.70116838184185,13.771911511932558,3169884,1.5773447861183564e-08
embedding_mean_980,mean,980,4920234,1.499371481092811e-07,0,0,31,440.70116838184185,13.771911511932558,3169884,1.5773447861183564e-08
embedding_mean_981,mean,981,4920234,4.737355545759929e-08,0,0,31,440.70116838184185,13.771911511932558,3169884,1.5773447861183564e-08
embedding_mean_982,mean,982,4920234,3.850664420675135e-08,0,0,31,440.70116838184185,13.771911511932558,3169884,1.5773447861183564e-08
embedding_mean_983,mean,983,4920234,1.2575849380196677e-08,4,22,31,440.70116838184185,13.771911511932558,3169884,1.5773447861183564e-08
embedding_mean_984,mean,984,4920234,1.0713161193225147e-08,1,0,31,440.70116838184185,13.771911511932558,3169884,1.5773447861183564e-08
embedding_mean_985,mean,985,4920234,5.1420731600979754e-08,0,0,31,440.70116838184185,13.771911511932558,3169884,1.5773447861183564e-08
embedding_mean_986,mean,986,4920234,2.055784629909444e-09,3,472,31,440.70116838184185,13.771911511932558,3169884,1.5773447861183564e-08
embedding_mean_987,mean,987,4920234,5.888021907322224e-08,0,0,31,440.70116838184185,13.771911511932558,3169884,1.5773447861183564e-08
embedding_mean_988,mean,988,4920234,6.685475014418722e-09,12,2089,31,440.70116838184185,13.771911511932558,3169884,1.5773447861183564e-08
embedding_mean_989,mean,989,4920234,1.423702953839404e-07,0,0,31,440.70116838184185,13.771911511932558,3169884,1.5773447861183564e-08
embedding_mean_990,mean,990,4920234,6.032445366540188e-08,0,0,31,440.70116838184185,13.771911511932558,3169884,1.5773447861183564e-08
embedding_mean_991,mean,991,4920234,4.757591868093388e-07,0,0,31,440.70116838184185,13.771911511932558,3169884,1.5773447861183564e-08
embedding_mean_992,mean,992,4920234,5.49361639459088e-07,0,0,32,439.07725226017646,13.721164133130516,3169884,1.5773447861183564e-08
embedding_mean_993,mean,993,4920234,7.178412197807715e-08,0,0,32,439.07725226017646,13.721164133130516,3169884,1.5773447861183564e-08
embedding_mean_994,mean,994,4920234,3.9291390036628996e-08,0,0,32,439.07725226017646,13.721164133130516,3169884,1.5773447861183564e-08
embedding_mean_995,mean,995,4920234,1.2858662713685152e-08,1,44,32,439.07725226017646,13.721164133130516,3169884,1.5773447861183564e-08
embedding_mean_996,mean,996,4920234,1.3468012864829444e-09,1,1,32,439.07725226017646,13.721164133130516,3169884,1.5773447861183564e-08
embedding_mean_997,mean,997,4920234,7.518064170847997e-11,29,68,32,439.07725226017646,13.721164133130516,3169884,1.5773447861183564e-08
embedding_mean_998,mean,998,4920234,7.501979802077126e-08,0,0,32,439.07725226017646,13.721164133130516,3169884,1.5773447861183564e-08
embedding_mean_999,mean,999,4920234,5.009870613465292e-07,0,0,32,439.07725226017646,13.721164133130516,3169884,1.5773447861183564e-08
embedding_mean_1000,mean,1000,4920234,1.7170853647625029e-07,0,0,32,439.07725226017646,13.721164133130516,3169884,1.5773447861183564e-08
embedding_mean_1001,mean,1001,4920234,2.508391713027553e-08,0,6830,32,439.07725226017646,13.721164133130516,3169884,1.5773447861183564e-08
embedding_mean_1002,mean,1002,4920234,8.503308208356746e-08,0,0,32,439.07725226017646,13.721164133130516,3169884,1.5773447861183564e-08
embedding_mean_1003,mean,1003,4920234,7.9708609396129e-10,16,37271,32,439.07725226017646,13.721164133130516,3169884,1.5773447861183564e-08
embedding_mean_1004,mean,1004,4920234,6.094144080437908e-07,0,0,32,439.07725226017646,13.721164133130516,3169884,1.5773447861183564e-08
embedding_mean_1005,mean,1005,4920234,4.405823000495713e-07,0,0,32,439.07725226017646,13.721164133130516,3169884,1.5773447861183564e-08
embedding_mean_1006,mean,1006,4920234,3.1715257196496763e-08,0,0,32,439.07725226017646,13.721164133130516,3169884,1.5773447861183564e-08
embedding_mean_1007,mean,1007,4920234,2.15883159972052e-08,0,13,32,439.07725226017646,13.721164133130516,3169884,1.5773447861183564e-08
embedding_mean_1008,mean,1008,4920234,3.657275112899496e-08,0,37,32,439.07725226017646,13.721164133130516,3169884,1.5773447861183564e-08
embedding_mean_1009,mean,1009,4920234,9.650308710297236e-08,0,0,32,439.07725226017646,13.721164133130516,3169884,1.5773447861183564e-08
embedding_mean_1010,mean,1010,4920234,4.8719473879768874e-08,0,0,32,439.07725226017646,13.721164133130516,3169884,1.5773447861183564e-08
embedding_mean_1011,mean,1011,4920234,1.0184017828672924e-07,0,0,32,439.07725226017646,13.721164133130516,3169884,1.5773447861183564e-08
embedding_mean_1012,mean,1012,4920234,2.4136800384889113e-08,0,0,32,439.07725226017646,13.721164133130516,3169884,1.5773447861183564e-08
embedding_mean_1013,mean,1013,4920234,1.2725622078381735e-09,45,1140,32,439.07725226017646,13.721164133130516,3169884,1.5773447861183564e-08
embedding_mean_1014,mean,1014,4920234,3.8109437320690745e-07,0,0,32,439.07725226017646,13.721164133130516,3169884,1.5773447861183564e-08
embedding_mean_1015,mean,1015,4920234,2.786272819144433e-07,0,0,32,439.07725226017646,13.721164133130516,3169884,1.5773447861183564e-08
embedding_mean_1016,mean,1016,4920234,1.61795846224088e-11,91,1048,32,439.07725226017646,13.721164133130516,3169884,1.5773447861183564e-08
embedding_mean_1017,mean,1017,4920234,6.261077803966165e-08,0,347,32,439.07725226017646,13.721164133130516,3169884,1.5773447861183564e-08
embedding_mean_1018,mean,1018,4920234,7.940755639415889e-08,0,0,32,439.07725226017646,13.721164133130516,3169884,1.5773447861183564e-08
embedding_mean_1019,mean,1019,4920234,2.309672990233731e-09,2,4,32,439.07725226017646,13.721164133130516,3169884,1.5773447861183564e-08
embedding_mean_1020,mean,1020,4920234,2.9736249482453263e-08,0,0,32,439.07725226017646,13.721164133130516,3169884,1.5773447861183564e-08
embedding_mean_1021,mean,1021,4920234,6.040366021154415e-08,0,0,32,439.07725226017646,13.721164133130516,3169884,1.5773447861183564e-08
embedding_mean_1022,mean,1022,4920234,1.0477927597456122e-08,1,0,32,439.07725226017646,13.721164133130516,3169884,1.5773447861183564e-08
embedding_mean_1023,mean,1023,4920234,3.9923888144497857e-08,0,0,32,439.07725226017646,13.721164133130516,3169884,1.5773447861183564e-08
embedding_std_0,std,0,4920234,1.0945348109174182e-08,1,0,33,422.29838663479313,13.196824582337284,3169884,1.5773447861183564e-08
embedding_std_1,std,1,4920234,4.808694969058114e-09,1,2,33,422.29838663479313,13.196824582337284,3169884,1.5773447861183564e-08
embedding_std_2,std,2,4920234,7.531697462568021e-09,3,1497,33,422.29838663479313,13.196824582337284,3169884,1.5773447861183564e-08
embedding_std_3,std,3,4920234,1.9122456359504075e-07,0,0,33,422.29838663479313,13.196824582337284,3169884,1.5773447861183564e-08
embedding_std_4,std,4,4920234,7.049871132531225e-08,0,0,33,422.29838663479313,13.196824582337284,3169884,1.5773447861183564e-08
embedding_std_5,std,5,4920234,8.246687253054714e-10,91,2818,33,422.29838663479313,13.196824582337284,3169884,1.5773447861183564e-08
embedding_std_6,std,6,4920234,1.0246668339271027e-07,0,0,33,422.29838663479313,13.196824582337284,3169884,1.5773447861183564e-08
embedding_std_7,std,7,4920234,2.511237500285016e-09,1,1,33,422.29838663479313,13.196824582337284,3169884,1.5773447861183564e-08
embedding_std_8,std,8,4920234,5.821596320645367e-07,0,0,33,422.29838663479313,13.196824582337284,3169884,1.5773447861183564e-08
embedding_std_9,std,9,4920234,1.686748283619859e-08,0,0,33,422.29838663479313,13.196824582337284,3169884,1.5773447861183564e-08
embedding_std_10,std,10,4920234,2.053940048645893e-08,0,0,33,422.29838663479313,13.196824582337284,3169884,1.5773447861183564e-08
embedding_std_11,std,11,4920234,2.867943625377971e-07,0,0,33,422.29838663479313,13.196824582337284,3169884,1.5773447861183564e-08
embedding_std_12,std,12,4920234,2.037255888271544e-07,0,0,33,422.29838663479313,13.196824582337284,3169884,1.5773447861183564e-08
embedding_std_13,std,13,4920234,3.5637632291799263e-08,0,0,33,422.29838663479313,13.196824582337284,3169884,1.5773447861183564e-08
embedding_std_14,std,14,4920234,3.6227454573786813e-07,0,0,33,422.29838663479313,13.196824582337284,3169884,1.5773447861183564e-08
embedding_std_15,std,15,4920234,5.9442913929434027e-08,0,0,33,422.29838663479313,13.196824582337284,3169884,1.5773447861183564e-08
embedding_std_16,std,16,4920234,2.1192996167682343e-10,7,769,33,422.29838663479313,13.196824582337284,3169884,1.5773447861183564e-08
embedding_std_17,std,17,4920234,1.443898246747508e-06,0,0,33,422.29838663479313,13.196824582337284,3169884,1.5773447861183564e-08
embedding_std_18,std,18,4920234,7.065208344643381e-09,1,1,33,422.29838663479313,13.196824582337284,3169884,1.5773447861183564e-08
embedding_std_19,std,19,4920234,7.004967492259704e-08,0,0,33,422.29838663479313,13.196824582337284,3169884,1.5773447861183564e-08
embedding_std_20,std,20,4920234,1.2584398798028426e-07,0,0,33,422.29838663479313,13.196824582337284,3169884,1.5773447861183564e-08
embedding_std_21,std,21,4920234,3.59033579623652e-08,0,0,33,422.29838663479313,13.196824582337284,3169884,1.5773447861183564e-08
embedding_std_22,std,22,4920234,2.44650647286198e-07,0,0,33,422.29838663479313,13.196824582337284,3169884,1.5773447861183564e-08
embedding_std_23,std,23,4920234,1.1973169917312705e-07,0,0,33,422.29838663479313,13.196824582337284,3169884,1.5773447861183564e-08
embedding_std_24,std,24,4920234,8.745906885452434e-08,0,0,33,422.29838663479313,13.196824582337284,3169884,1.5773447861183564e-08
embedding_std_25,std,25,4920234,2.3211400198664363e-07,0,0,33,422.29838663479313,13.196824582337284,3169884,1.5773447861183564e-08
embedding_std_26,std,26,4920234,1.9742657826563632e-07,0,0,33,422.29838663479313,13.196824582337284,3169884,1.5773447861183564e-08
embedding_std_27,std,27,4920234,3.885459116441421e-09,1,1,33,422.29838663479313,13.196824582337284,3169884,1.5773447861183564e-08
embedding_std_28,std,28,4920234,1.2098262096109402e-07,0,0,33,422.29838663479313,13.196824582337284,3169884,1.5773447861183564e-08
embedding_std_29,std,29,4920234,1.0494928417885885e-07,0,0,33,422.29838663479313,13.196824582337284,3169884,1.5773447861183564e-08
embedding_std_30,std,30,4920234,1.2787532409217665e-07,0,0,33,422.29838663479313,13.196824582337284,3169884,1.5773447861183564e-08
embedding_std_31,std,31,4920234,2.500024474044219e-07,0,0,33,422.29838663479313,13.196824582337284,3169884,1.5773447861183564e-08
embedding_std_32,std,32,4920234,1.581496886348297e-07,0,0,34,405.5058185581584,12.672056829942449,3169884,1.5773447861183564e-08
embedding_std_33,std,33,4920234,5.730749460668273e-07,0,0,34,405.5058185581584,12.672056829942449,3169884,1.5773447861183564e-08
embedding_std_34,std,34,4920234,3.7858799176494615e-08,0,212,34,405.5058185581584,12.672056829942449,3169884,1.5773447861183564e-08
embedding_std_35,std,35,4920234,1.213776530952887e-06,0,0,34,405.5058185581584,12.672056829942449,3169884,1.5773447861183564e-08
embedding_std_36,std,36,4920234,6.34369143135989e-07,0,0,34,405.5058185581584,12.672056829942449,3169884,1.5773447861183564e-08
embedding_std_37,std,37,4920234,1.4326526365284393e-07,0,0,34,405.5058185581584,12.672056829942449,3169884,1.5773447861183564e-08
embedding_std_38,std,38,4920234,1.2306923584241226e-07,0,0,34,405.5058185581584,12.672056829942449,3169884,1.5773447861183564e-08
embedding_std_39,std,39,4920234,2.596303873049005e-07,0,0,34,405.5058185581584,12.672056829942449,3169884,1.5773447861183564e-08
embedding_std_40,std,40,4920234,5.442944705866498e-08,0,0,34,405.5058185581584,12.672056829942449,3169884,1.5773447861183564e-08
embedding_std_41,std,41,4920234,2.2241614047205316e-08,0,0,34,405.5058185581584,12.672056829942449,3169884,1.5773447861183564e-08
embedding_std_42,std,42,4920234,1.201337279962898e-10,28,756,34,405.5058185581584,12.672056829942449,3169884,1.5773447861183564e-08
embedding_std_43,std,43,4920234,1.8594581437200025e-07,0,0,34,405.5058185581584,12.672056829942449,3169884,1.5773447861183564e-08
embedding_std_44,std,44,4920234,2.862973141986257e-07,0,0,34,405.5058185581584,12.672056829942449,3169884,1.5773447861183564e-08
embedding_std_45,std,45,4920234,4.1317757423706466e-08,0,0,34,405.5058185581584,12.672056829942449,3169884,1.5773447861183564e-08
embedding_std_46,std,46,4920234,2.217053002732588e-06,0,0,34,405.5058185581584,12.672056829942449,3169884,1.5773447861183564e-08
embedding_std_47,std,47,4920234,3.206571186472869e-08,0,0,34,405.5058185581584,12.672056829942449,3169884,1.5773447861183564e-08
embedding_std_48,std,48,4920234,2.1371688355897384e-10,35,1198,34,405.5058185581584,12.672056829942449,3169884,1.5773447861183564e-08
embedding_std_49,std,49,4920234,5.663408516019702e-07,0,0,34,405.5058185581584,12.672056829942449,3169884,1.5773447861183564e-08
embedding_std_50,std,50,4920234,1.7671886623445082e-09,45,1115,34,405.5058185581584,12.672056829942449,3169884,1.5773447861183564e-08
embedding_std_51,std,51,4920234,2.023138582863471e-07,0,0,34,405.5058185581584,12.672056829942449,3169884,1.5773447861183564e-08
embedding_std_52,std,52,4920234,1.399009427518881e-07,0,0,34,405.5058185581584,12.672056829942449,3169884,1.5773447861183564e-08
embedding_std_53,std,53,4920234,5.5670095635419456e-08,0,0,34,405.5058185581584,12.672056829942449,3169884,1.5773447861183564e-08
embedding_std_54,std,54,4920234,5.413701148292331e-07,0,0,34,405.5058185581584,12.672056829942449,3169884,1.5773447861183564e-08
embedding_std_55,std,55,4920234,3.802499026445015e-08,0,0,34,405.5058185581584,12.672056829942449,3169884,1.5773447861183564e-08
embedding_std_56,std,56,4920234,1.4359685780397238e-07,0,0,34,405.5058185581584,12.672056829942449,3169884,1.5773447861183564e-08
embedding_std_57,std,57,4920234,4.1489167383208285e-08,0,0,34,405.5058185581584,12.672056829942449,3169884,1.5773447861183564e-08
embedding_std_58,std,58,4920234,1.845056108921651e-08,0,1817,34,405.5058185581584,12.672056829942449,3169884,1.5773447861183564e-08
embedding_std_59,std,59,4920234,4.498390478692565e-08,0,0,34,405.5058185581584,12.672056829942449,3169884,1.5773447861183564e-08
embedding_std_60,std,60,4920234,9.46494924432532e-08,0,0,34,405.5058185581584,12.672056829942449,3169884,1.5773447861183564e-08
embedding_std_61,std,61,4920234,1.5103421550808084e-07,0,0,34,405.5058185581584,12.672056829942449,3169884,1.5773447861183564e-08
embedding_std_62,std,62,4920234,1.2548018790957516e-07,0,0,34,405.5058185581584,12.672056829942449,3169884,1.5773447861183564e-08
embedding_std_63,std,63,4920234,1.0700597218834178e-08,1,0,34,405.5058185581584,12.672056829942449,3169884,1.5773447861183564e-08
embedding_std_64,std,64,4920234,6.825848597092397e-08,0,0,35,431.8919000101741,13.496621875317942,3169884,1.5773447861183564e-08
embedding_std_65,std,65,4920234,3.2865221418399165e-11,64,512,35,431.8919000101741,13.496621875317942,3169884,1.5773447861183564e-08
embedding_std_66,std,66,4920234,4.32847914689324e-07,0,0,35,431.8919000101741,13.496621875317942,3169884,1.5773447861183564e-08
embedding_std_67,std,67,4920234,1.318203882351081e-09,4,175,35,431.8919000101741,13.496621875317942,3169884,1.5773447861183564e-08
embedding_std_68,std,68,4920234,2.936928259437529e-07,0,0,35,431.8919000101741,13.496621875317942,3169884,1.5773447861183564e-08
embedding_std_69,std,69,4920234,9.213720180826057e-08,0,0,35,431.8919000101741,13.496621875317942,3169884,1.5773447861183564e-08
embedding_std_70,std,70,4920234,2.0905106448080547e-09,5,8,35,431.8919000101741,13.496621875317942,3169884,1.5773447861183564e-08
embedding_std_71,std,71,4920234,8.535698567839586e-09,2,956,35,431.8919000101741,13.496621875317942,3169884,1.5773447861183564e-08
embedding_std_72,std,72,4920234,1.0363413741384769e-07,0,0,35,431.8919000101741,13.496621875317942,3169884,1.5773447861183564e-08
embedding_std_73,std,73,4920234,1.1577992129996425e-07,0,0,35,431.8919000101741,13.496621875317942,3169884,1.5773447861183564e-08
embedding_std_74,std,74,4920234,1.1917445956239382e-09,6,13,35,431.8919000101741,13.496621875317942,3169884,1.5773447861183564e-08
embedding_std_75,std,75,4920234,2.076940400290145e-07,0,0,35,431.8919000101741,13.496621875317942,3169884,1.5773447861183564e-08
embedding_std_76,std,76,4920234,2.1195660135517892e-09,6,68,35,431.8919000101741,13.496621875317942,3169884,1.5773447861183564e-08
embedding_std_77,std,77,4920234,3.6357784435763e-09,1,1,35,431.8919000101741,13.496621875317942,3169884,1.5773447861183564e-08
embedding_std_78,std,78,4920234,7.194966858595355e-08,0,0,35,431.8919000101741,13.496621875317942,3169884,1.5773447861183564e-08
embedding_std_79,std,79,4920234,7.237358908619868e-08,0,0,35,431.8919000101741,13.496621875317942,3169884,1.5773447861183564e-08
embedding_std_80,std,80,4920234,7.849270756482882e-09,5,3297,35,431.8919000101741,13.496621875317942,3169884,1.5773447861183564e-08
embedding_std_81,std,81,4920234,1.0166715744266253e-08,1,0,35,431.8919000101741,13.496621875317942,3169884,1.5773447861183564e-08
embedding_std_82,std,82,4920234,1.3170945411478745e-07,0,0,35,431.8919000101741,13.496621875317942,3169884,1.5773447861183564e-08
embedding_std_83,std,83,4920234,5.032339962828853e-09,1,2,35,431.8919000101741,13.496621875317942,3169884,1.5773447861183564e-08
embedding_std_84,std,84,4920234,1.4357385966019884e-07,0,0,35,431.8919000101741,13.496621875317942,3169884,1.5773447861183564e-08
embedding_std_85,std,85,4920234,2.158898164562841e-07,0,0,35,431.8919000101741,13.496621875317942,3169884,1.5773447861183564e-08
embedding_std_86,std,86,4920234,6.989184747462553e-08,0,0,35,431.8919000101741,13.496621875317942,3169884,1.5773447861183564e-08
embedding_std_87,std,87,4920234,4.858568590802111e-11,3,4,35,431.8919000101741,13.496621875317942,3169884,1.5773447861183564e-08
embedding_std_88,std,88,4920234,4.2900778084642065e-09,5,860,35,431.8919000101741,13.496621875317942,3169884,1.5773447861183564e-08
embedding_std_89,std,89,4920234,8.183136587677861e-09,2,2,35,431.8919000101741,13.496621875317942,3169884,1.5773447861183564e-08
embedding_std_90,std,90,4920234,1.2848211916952232e-07,0,0,35,431.8919000101741,13.496621875317942,3169884,1.5773447861183564e-08
embedding_std_91,std,91,4920234,1.657620828008447e-07,0,0,35,431.8919000101741,13.496621875317942,3169884,1.5773447861183564e-08
embedding_std_92,std,92,4920234,1.668893966140796e-07,0,0,35,431.8919000101741,13.496621875317942,3169884,1.5773447861183564e-08
embedding_std_93,std,93,4920234,2.863845986648679e-07,0,0,35,431.8919000101741,13.496621875317942,3169884,1.5773447861183564e-08
embedding_std_94,std,94,4920234,2.181989675945281e-09,2,16,35,431.8919000101741,13.496621875317942,3169884,1.5773447861183564e-08
embedding_std_95,std,95,4920234,2.4856787244028052e-08,0,0,35,431.8919000101741,13.496621875317942,3169884,1.5773447861183564e-08
embedding_std_96,std,96,4920234,5.776062414570258e-07,0,0,36,459.98527763504535,14.374539926095167,3169884,1.5773447861183564e-08
embedding_std_97,std,97,4920234,2.2059733953066432e-08,0,0,36,459.98527763504535,14.374539926095167,3169884,1.5773447861183564e-08
embedding_std_98,std,98,4920234,2.6343918340702164e-09,4,7239,36,459.98527763504535,14.374539926095167,3169884,1.5773447861183564e-08
embedding_std_99,std,99,4920234,7.711279490041262e-08,0,0,36,459.98527763504535,14.374539926095167,3169884,1.5773447861183564e-08
embedding_std_100,std,100,4920234,1.1170342099527473e-07,0,0,36,459.98527763504535,14.374539926095167,3169884,1.5773447861183564e-08
embedding_std_101,std,101,4920234,1.039245427393876e-07,0,0,36,459.98527763504535,14.374539926095167,3169884,1.5773447861183564e-08
embedding_std_102,std,102,4920234,8.311630288944155e-09,1,1,36,459.98527763504535,14.374539926095167,3169884,1.5773447861183564e-08
embedding_std_103,std,103,4920234,1.4706801908468378e-08,1,273,36,459.98527763504535,14.374539926095167,3169884,1.5773447861183564e-08
embedding_std_104,std,104,4920234,5.9531015239075566e-08,0,0,36,459.98527763504535,14.374539926095167,3169884,1.5773447861183564e-08
embedding_std_105,std,105,4920234,7.687833713172748e-09,1,1,36,459.98527763504535,14.374539926095167,3169884,1.5773447861183564e-08
embedding_std_106,std,106,4920234,2.0290961793689188e-08,0,525,36,459.98527763504535,14.374539926095167,3169884,1.5773447861183564e-08
embedding_std_107,std,107,4920234,1.7452191998932813e-08,0,0,36,459.98527763504535,14.374539926095167,3169884,1.5773447861183564e-08
embedding_std_108,std,108,4920234,1.3923872204316886e-09,2,3,36,459.98527763504535,14.374539926095167,3169884,1.5773447861183564e-08
embedding_std_109,std,109,4920234,5.339921200644831e-08,0,0,36,459.98527763504535,14.374539926095167,3169884,1.5773447861183564e-08
embedding_std_110,std,110,4920234,8.401038791866856e-08,0,0,36,459.98527763504535,14.374539926095167,3169884,1.5773447861183564e-08
embedding_std_111,std,111,4920234,6.642739529530109e-09,2,73,36,459.98527763504535,14.374539926095167,3169884,1.5773447861183564e-08
embedding_std_112,std,112,4920234,2.4476541647496305e-08,0,0,36,459.98527763504535,14.374539926095167,3169884,1.5773447861183564e-08
embedding_std_113,std,113,4920234,2.2444856049832745e-08,0,0,36,459.98527763504535,14.374539926095167,3169884,1.5773447861183564e-08
embedding_std_114,std,114,4920234,2.1255961145395358e-07,0,0,36,459.98527763504535,14.374539926095167,3169884,1.5773447861183564e-08
embedding_std_115,std,115,4920234,3.566979390160542e-07,0,0,36,459.98527763504535,14.374539926095167,3169884,1.5773447861183564e-08
embedding_std_116,std,116,4920234,1.0326379907938637e-07,0,0,36,459.98527763504535,14.374539926095167,3169884,1.5773447861183564e-08
embedding_std_117,std,117,4920234,3.394275012649559e-09,3,23908,36,459.98527763504535,14.374539926095167,3169884,1.5773447861183564e-08
embedding_std_118,std,118,4920234,9.70901119081531e-08,0,0,36,459.98527763504535,14.374539926095167,3169884,1.5773447861183564e-08
embedding_std_119,std,119,4920234,9.87440673351352e-08,0,0,36,459.98527763504535,14.374539926095167,3169884,1.5773447861183564e-08
embedding_std_120,std,120,4920234,6.584991127154053e-08,0,0,36,459.98527763504535,14.374539926095167,3169884,1.5773447861183564e-08
embedding_std_121,std,121,4920234,4.2250571310805375e-10,9,1345,36,459.98527763504535,14.374539926095167,3169884,1.5773447861183564e-08
embedding_std_122,std,122,4920234,8.92387858939105e-08,0,0,36,459.98527763504535,14.374539926095167,3169884,1.5773447861183564e-08
embedding_std_123,std,123,4920234,5.5815022684375586e-11,9,591,36,459.98527763504535,14.374539926095167,3169884,1.5773447861183564e-08
embedding_std_124,std,124,4920234,1.1905230927687408e-08,1,0,36,459.98527763504535,14.374539926095167,3169884,1.5773447861183564e-08
embedding_std_125,std,125,4920234,3.7951815912380446e-08,0,0,36,459.98527763504535,14.374539926095167,3169884,1.5773447861183564e-08
embedding_std_126,std,126,4920234,1.4136419404997525e-07,0,0,36,459.98527763504535,14.374539926095167,3169884,1.5773447861183564e-08
embedding_std_127,std,127,4920234,2.194915470629873e-07,0,0,36,459.98527763504535,14.374539926095167,3169884,1.5773447861183564e-08
embedding_std_128,std,128,4920234,1.689322876878627e-08,0,0,37,441.2147408779711,13.787960652436595,3169884,1.5773447861183564e-08
embedding_std_129,std,129,4920234,1.6952488942839768e-07,0,0,37,441.2147408779711,13.787960652436595,3169884,1.5773447861183564e-08
embedding_std_130,std,130,4920234,7.511998144028095e-09,1,1,37,441.2147408779711,13.787960652436595,3169884,1.5773447861183564e-08
embedding_std_131,std,131,4920234,3.9402274374997856e-08,0,22,37,441.2147408779711,13.787960652436595,3169884,1.5773447861183564e-08
embedding_std_132,std,132,4920234,2.0930793623247448e-10,10,113,37,441.2147408779711,13.787960652436595,3169884,1.5773447861183564e-08
embedding_std_133,std,133,4920234,4.348306909928151e-07,0,0,37,441.2147408779711,13.787960652436595,3169884,1.5773447861183564e-08
embedding_std_134,std,134,4920234,6.195763700726503e-09,8,54,37,441.2147408779711,13.787960652436595,3169884,1.5773447861183564e-08
embedding_std_135,std,135,4920234,1.066523966925257e-07,0,0,37,441.2147408779711,13.787960652436595,3169884,1.5773447861183564e-08
embedding_std_136,std,136,4920234,5.821638284352827e-07,0,0,37,441.2147408779711,13.787960652436595,3169884,1.5773447861183564e-08
embedding_std_137,std,137,4920234,1.603416881751521e-07,0,0,37,441.2147408779711,13.787960652436595,3169884,1.5773447861183564e-08
embedding_std_138,std,138,4920234,4.1520931128167936e-08,0,0,37,441.2147408779711,13.787960652436595,3169884,1.5773447861183564e-08
embedding_std_139,std,139,4920234,4.694121780202611e-08,0,0,37,441.2147408779711,13.787960652436595,3169884,1.5773447861183564e-08
embedding_std_140,std,140,4920234,5.572096885225166e-09,2,2,37,441.2147408779711,13.787960652436595,3169884,1.5773447861183564e-08
embedding_std_141,std,141,4920234,1.6522443146931486e-08,0,233,37,441.2147408779711,13.787960652436595,3169884,1.5773447861183564e-08
embedding_std_142,std,142,4920234,7.436946237996506e-09,2,2,37,441.2147408779711,13.787960652436595,3169884,1.5773447861183564e-08
embedding_std_143,std,143,4920234,2.3478123367826774e-08,0,0,37,441.2147408779711,13.787960652436595,3169884,1.5773447861183564e-08
embedding_std_144,std,144,4920234,7.903780860079587e-10,32,2077,37,441.2147408779711,13.787960652436595,3169884,1.5773447861183564e-08
embedding_std_145,std,145,4920234,5.4280042261938084e-08,0,0,37,441.2147408779711,13.787960652436595,3169884,1.5773447861183564e-08
embedding_std_146,std,146,4920234,8.147169420170286e-08,0,0,37,441.2147408779711,13.787960652436595,3169884,1.5773447861183564e-08
embedding_std_147,std,147,4920234,4.868418746141733e-07,0,0,37,441.2147408779711,13.787960652436595,3169884,1.5773447861183564e-08
embedding_std_148,std,148,4920234,9.897535054658837e-08,0,0,37,441.2147408779711,13.787960652436595,3169884,1.5773447861183564e-08
embedding_std_149,std,149,4920234,9.456897074643012e-09,1,1,37,441.2147408779711,13.787960652436595,3169884,1.5773447861183564e-08
embedding_std_150,std,150,4920234,1.873028304448086e-09,3,6,37,441.2147408779711,13.787960652436595,3169884,1.5773447861183564e-08
embedding_std_151,std,151,4920234,6.244744388267998e-08,0,836,37,441.2147408779711,13.787960652436595,3169884,1.5773447861183564e-08
embedding_std_152,std,152,4920234,3.2683135161688024e-08,0,145,37,441.2147408779711,13.787960652436595,3169884,1.5773447861183564e-08
embedding_std_153,std,153,4920234,3.50430598549404e-07,0,0,37,441.2147408779711,13.787960652436595,3169884,1.5773447861183564e-08
embedding_std_154,std,154,4920234,1.529451498042419e-07,0,0,37,441.2147408779711,13.787960652436595,3169884,1.5773447861183564e-08
embedding_std_155,std,155,4920234,1.9215381510068725e-08,0,0,37,441.2147408779711,13.787960652436595,3169884,1.5773447861183564e-08
embedding_std_156,std,156,4920234,1.119953339686622e-09,6,41,37,441.2147408779711,13.787960652436595,3169884,1.5773447861183564e-08
embedding_std_157,std,157,4920234,2.700175393003088e-07,0,0,37,441.2147408779711,13.787960652436595,3169884,1.5773447861183564e-08
embedding_std_158,std,158,4920234,1.5186137556321054e-08,1,491,37,441.2147408779711,13.787960652436595,3169884,1.5773447861183564e-08
embedding_std_159,std,159,4920234,2.415603336413217e-07,0,0,37,441.2147408779711,13.787960652436595,3169884,1.5773447861183564e-08
embedding_std_160,std,160,4920234,2.0009107328276372e-08,0,0,38,425.2888724650256,13.290277264532053,3169884,1.5773447861183564e-08
embedding_std_161,std,161,4920234,3.6500365622773564e-09,5,145,38,425.2888724650256,13.290277264532053,3169884,1.5773447861183564e-08
embedding_std_162,std,162,4920234,4.637729324282456e-07,0,0,38,425.2888724650256,13.290277264532053,3169884,1.5773447861183564e-08
embedding_std_163,std,163,4920234,1.2652778819207843e-08,2,34,38,425.2888724650256,13.290277264532053,3169884,1.5773447861183564e-08
embedding_std_164,std,164,4920234,4.3152934419974647e-08,0,0,38,425.2888724650256,13.290277264532053,3169884,1.5773447861183564e-08
embedding_std_165,std,165,4920234,3.1791398256897364e-07,0,0,38,425.2888724650256,13.290277264532053,3169884,1.5773447861183564e-08
embedding_std_166,std,166,4920234,5.8164500714497045e-08,0,0,38,425.2888724650256,13.290277264532053,3169884,1.5773447861183564e-08
embedding_std_167,std,167,4920234,1.1845790460495222e-08,2,1531,38,425.2888724650256,13.290277264532053,3169884,1.5773447861183564e-08
embedding_std_168,std,168,4920234,2.7271906648734853e-07,0,0,38,425.2888724650256,13.290277264532053,3169884,1.5773447861183564e-08
embedding_std_169,std,169,4920234,4.0019323044781325e-08,0,0,38,425.2888724650256,13.290277264532053,3169884,1.5773447861183564e-08
embedding_std_170,std,170,4920234,1.8538251892473362e-07,0,0,38,425.2888724650256,13.290277264532053,3169884,1.5773447861183564e-08
embedding_std_171,std,171,4920234,1.9815158907780672e-10,123,2724,38,425.2888724650256,13.290277264532053,3169884,1.5773447861183564e-08
embedding_std_172,std,172,4920234,8.632383886444934e-09,1,1,38,425.2888724650256,13.290277264532053,3169884,1.5773447861183564e-08
embedding_std_173,std,173,4920234,1.1721453610714548e-08,1,100,38,425.2888724650256,13.290277264532053,3169884,1.5773447861183564e-08
embedding_std_174,std,174,4920234,1.6678015260242845e-07,0,0,38,425.2888724650256,13.290277264532053,3169884,1.5773447861183564e-08
embedding_std_175,std,175,4920234,1.0491078256065722e-09,18,2841,38,425.2888724650256,13.290277264532053,3169884,1.5773447861183564e-08
embedding_std_176,std,176,4920234,1.9164158468861866e-07,0,0,38,425.2888724650256,13.290277264532053,3169884,1.5773447861183564e-08
embedding_std_177,std,177,4920234,8.421819326492161e-10,3,3,38,425.2888724650256,13.290277264532053,3169884,1.5773447861183564e-08
embedding_std_178,std,178,4920234,2.1273426651112726e-08,0,0,38,425.2888724650256,13.290277264532053,3169884,1.5773447861183564e-08
embedding_std_179,std,179,4920234,1.211100959020533e-07,0,0,38,425.2888724650256,13.290277264532053,3169884,1.5773447861183564e-08
embedding_std_180,std,180,4920234,7.316131082074672e-08,0,0,38,425.2888724650256,13.290277264532053,3169884,1.5773447861183564e-08
embedding_std_181,std,181,4920234,3.1865659625021386e-08,0,46,38,425.2888724650256,13.290277264532053,3169884,1.5773447861183564e-08
embedding_std_182,std,182,4920234,6.74475300339982e-08,0,0,38,425.2888724650256,13.290277264532053,3169884,1.5773447861183564e-08
embedding_std_183,std,183,4920234,2.5611650034492812e-08,0,0,38,425.2888724650256,13.290277264532053,3169884,1.5773447861183564e-08
embedding_std_184,std,184,4920234,1.859208403303725e-09,6,41,38,425.2888724650256,13.290277264532053,3169884,1.5773447861183564e-08
embedding_std_185,std,185,4920234,3.1989334636594995e-10,7,353,38,425.2888724650256,13.290277264532053,3169884,1.5773447861183564e-08
embedding_std_186,std,186,4920234,1.5830267604373012e-08,0,4,38,425.2888724650256,13.290277264532053,3169884,1.5773447861183564e-08
embedding_std_187,std,187,4920234,2.355087221709977e-07,0,0,38,425.2888724650256,13.290277264532053,3169884,1.5773447861183564e-08
embedding_std_188,std,188,4920234,3.794233734196521e-07,0,0,38,425.2888724650256,13.290277264532053,3169884,1.5773447861183564e-08
embedding_std_189,std,189,4920234,1.597503431941627e-07,0,0,38,425.2888724650256,13.290277264532053,3169884,1.5773447861183564e-08
embedding_std_190,std,190,4920234,3.014102873177045e-07,0,0,38,425.2888724650256,13.290277264532053,3169884,1.5773447861183564e-08
embedding_std_191,std,191,4920234,9.070012868092026e-09,1,242,38,425.2888724650256,13.290277264532053,3169884,1.5773447861183564e-08
embedding_std_192,std,192,4920234,1.141851683674852e-07,0,1501,39,453.7099698439706,14.178436557624082,3169884,1.5773447861183564e-08
embedding_std_193,std,193,4920234,1.661946992783656e-07,0,29744,39,453.7099698439706,14.178436557624082,3169884,1.5773447861183564e-08
embedding_std_194,std,194,4920234,1.3786231654126898e-07,0,0,39,453.7099698439706,14.178436557624082,3169884,1.5773447861183564e-08
embedding_std_195,std,195,4920234,6.760723214903026e-07,0,0,39,453.7099698439706,14.178436557624082,3169884,1.5773447861183564e-08
embedding_std_196,std,196,4920234,4.92893381984522e-07,0,0,39,453.7099698439706,14.178436557624082,3169884,1.5773447861183564e-08
embedding_std_197,std,197,4920234,4.8991098965675684e-08,0,0,39,453.7099698439706,14.178436557624082,3169884,1.5773447861183564e-08
embedding_std_198,std,198,4920234,1.5177607981001398e-08,1,0,39,453.7099698439706,14.178436557624082,3169884,1.5773447861183564e-08
embedding_std_199,std,199,4920234,4.7802004391942084e-08,0,0,39,453.7099698439706,14.178436557624082,3169884,1.5773447861183564e-08
embedding_std_200,std,200,4920234,7.299305732608668e-09,2,228,39,453.7099698439706,14.178436557624082,3169884,1.5773447861183564e-08
embedding_std_201,std,201,4920234,2.343320895757265e-08,0,0,39,453.7099698439706,14.178436557624082,3169884,1.5773447861183564e-08
embedding_std_202,std,202,4920234,1.068057016126778e-07,0,0,39,453.7099698439706,14.178436557624082,3169884,1.5773447861183564e-08
embedding_std_203,std,203,4920234,3.64966101221729e-07,0,0,39,453.7099698439706,14.178436557624082,3169884,1.5773447861183564e-08
embedding_std_204,std,204,4920234,5.7504384242584777e-08,0,0,39,453.7099698439706,14.178436557624082,3169884,1.5773447861183564e-08
embedding_std_205,std,205,4920234,2.972942800602993e-07,0,0,39,453.7099698439706,14.178436557624082,3169884,1.5773447861183564e-08
embedding_std_206,std,206,4920234,2.472078655980139e-07,0,0,39,453.7099698439706,14.178436557624082,3169884,1.5773447861183564e-08
embedding_std_207,std,207,4920234,1.372672962019197e-07,0,0,39,453.7099698439706,14.178436557624082,3169884,1.5773447861183564e-08
embedding_std_208,std,208,4920234,1.3798146978947918e-07,0,0,39,453.7099698439706,14.178436557624082,3169884,1.5773447861183564e-08
embedding_std_209,std,209,4920234,1.8865185781807698e-08,0,0,39,453.7099698439706,14.178436557624082,3169884,1.5773447861183564e-08
embedding_std_210,std,210,4920234,3.787449162699398e-09,2,675,39,453.7099698439706,14.178436557624082,3169884,1.5773447861183564e-08
embedding_std_211,std,211,4920234,9.074475880673805e-08,0,0,39,453.7099698439706,14.178436557624082,3169884,1.5773447861183564e-08
embedding_std_212,std,212,4920234,7.285542420844734e-10,2,2,39,453.7099698439706,14.178436557624082,3169884,1.5773447861183564e-08
embedding_std_213,std,213,4920234,6.979883216719771e-08,0,0,39,453.7099698439706,14.178436557624082,3169884,1.5773447861183564e-08
embedding_std_214,std,214,4920234,1.0156695328365353e-07,0,0,39,453.7099698439706,14.178436557624082,3169884,1.5773447861183564e-08
embedding_std_215,std,215,4920234,4.9449923990343384e-09,11,334,39,453.7099698439706,14.178436557624082,3169884,1.5773447861183564e-08
embedding_std_216,std,216,4920234,2.769340484397509e-07,0,0,39,453.7099698439706,14.178436557624082,3169884,1.5773447861183564e-08
embedding_std_217,std,217,4920234,1.7281406831609674e-07,0,0,39,453.7099698439706,14.178436557624082,3169884,1.5773447861183564e-08
embedding_std_218,std,218,4920234,2.8513853682952457e-07,0,0,39,453.7099698439706,14.178436557624082,3169884,1.5773447861183564e-08
embedding_std_219,std,219,4920234,1.1211579305023074e-08,1,61,39,453.7099698439706,14.178436557624082,3169884,1.5773447861183564e-08
embedding_std_220,std,220,4920234,8.024287032398713e-08,0,0,39,453.7099698439706,14.178436557624082,3169884,1.5773447861183564e-08
embedding_std_221,std,221,4920234,6.875358661904364e-08,0,0,39,453.7099698439706,14.178436557624082,3169884,1.5773447861183564e-08
embedding_std_222,std,222,4920234,6.6766502024667686e-09,2,2,39,453.7099698439706,14.178436557624082,3169884,1.5773447861183564e-08
embedding_std_223,std,223,4920234,2.172902515682504e-08,0,187,39,453.7099698439706,14.178436557624082,3169884,1.5773447861183564e-08
embedding_std_224,std,224,4920234,1.2253764833954271e-09,1,49,40,449.58516532205977,14.049536416314368,3169884,1.5773447861183564e-08
embedding_std_225,std,225,4920234,1.65186943117665e-08,0,233,40,449.58516532205977,14.049536416314368,3169884,1.5773447861183564e-08
embedding_std_226,std,226,4920234,9.900657645648808e-08,0,0,40,449.58516532205977,14.049536416314368,3169884,1.5773447861183564e-08
embedding_std_227,std,227,4920234,9.53477276831162e-08,0,0,40,449.58516532205977,14.049536416314368,3169884,1.5773447861183564e-08
embedding_std_228,std,228,4920234,1.0854461926641892e-08,1,0,40,449.58516532205977,14.049536416314368,3169884,1.5773447861183564e-08
embedding_std_229,std,229,4920234,2.0373960856756725e-08,0,0,40,449.58516532205977,14.049536416314368,3169884,1.5773447861183564e-08
embedding_std_230,std,230,4920234,1.781377347574521e-09,4,28,40,449.58516532205977,14.049536416314368,3169884,1.5773447861183564e-08
embedding_std_231,std,231,4920234,1.299348398282344e-07,0,0,40,449.58516532205977,14.049536416314368,3169884,1.5773447861183564e-08
embedding_std_232,std,232,4920234,7.266390601936415e-08,0,0,40,449.58516532205977,14.049536416314368,3169884,1.5773447861183564e-08
embedding_std_233,std,233,4920234,6.321831646317393e-08,0,0,40,449.58516532205977,14.049536416314368,3169884,1.5773447861183564e-08
embedding_std_234,std,234,4920234,5.479893437054687e-10,56,1382,40,449.58516532205977,14.049536416314368,3169884,1.5773447861183564e-08
embedding_std_235,std,235,4920234,6.100323961565453e-07,0,0,40,449.58516532205977,14.049536416314368,3169884,1.5773447861183564e-08
embedding_std_236,std,236,4920234,2.0808918261823828e-08,0,0,40,449.58516532205977,14.049536416314368,3169884,1.5773447861183564e-08
embedding_std_237,std,237,4920234,6.679300562571928e-08,0,0,40,449.58516532205977,14.049536416314368,3169884,1.5773447861183564e-08
embedding_std_238,std,238,4920234,2.501100625873454e-07,0,0,40,449.58516532205977,14.049536416314368,3169884,1.5773447861183564e-08
embedding_std_239,std,239,4920234,2.902873960100811e-09,5,3487,40,449.58516532205977,14.049536416314368,3169884,1.5773447861183564e-08
embedding_std_240,std,240,4920234,6.292286036038657e-08,0,0,40,449.58516532205977,14.049536416314368,3169884,1.5773447861183564e-08
embedding_std_241,std,241,4920234,2.5739883653922745e-07,0,0,40,449.58516532205977,14.049536416314368,3169884,1.5773447861183564e-08
embedding_std_242,std,242,4920234,7.11266450910742e-08,0,0,40,449.58516532205977,14.049536416314368,3169884,1.5773447861183564e-08
embedding_std_243,std,243,4920234,8.438358134004085e-10,13,23211,40,449.58516532205977,14.049536416314368,3169884,1.5773447861183564e-08
embedding_std_244,std,244,4920234,1.0273128449227092e-08,2,2,40,449.58516532205977,14.049536416314368,3169884,1.5773447861183564e-08
embedding_std_245,std,245,4920234,2.0732610389284526e-10,72,5085,40,449.58516532205977,14.049536416314368,3169884,1.5773447861183564e-08
embedding_std_246,std,246,4920234,1.681635704876017e-08,0,7,40,449.58516532205977,14.049536416314368,3169884,1.5773447861183564e-08
embedding_std_247,std,247,4920234,9.206581733117593e-08,0,0,40,449.58516532205977,14.049536416314368,3169884,1.5773447861183564e-08
embedding_std_248,std,248,4920234,2.5866321078665413e-08,0,0,40,449.58516532205977,14.049536416314368,3169884,1.5773447861183564e-08
embedding_std_249,std,249,4920234,1.550435886233744e-07,0,0,40,449.58516532205977,14.049536416314368,3169884,1.5773447861183564e-08
embedding_std_250,std,250,4920234,1.1053378476511345e-07,0,0,40,449.58516532205977,14.049536416314368,3169884,1.5773447861183564e-08
embedding_std_251,std,251,4920234,1.5258398908700014e-08,1,0,40,449.58516532205977,14.049536416314368,3169884,1.5773447861183564e-08
embedding_std_252,std,252,4920234,5.868780244728744e-09,1,1565,40,449.58516532205977,14.049536416314368,3169884,1.5773447861183564e-08
embedding_std_253,std,253,4920234,6.24949938646135e-10,4,17,40,449.58516532205977,14.049536416314368,3169884,1.5773447861183564e-08
embedding_std_254,std,254,4920234,1.7169129389071916e-08,0,2,40,449.58516532205977,14.049536416314368,3169884,1.5773447861183564e-08
embedding_std_255,std,255,4920234,1.5252590304725966e-09,7,50,40,449.58516532205977,14.049536416314368,3169884,1.5773447861183564e-08
embedding_std_256,std,256,4920234,3.031028908711175e-07,0,0,41,415.79528992204,12.993602810063749,3169884,1.5773447861183564e-08
embedding_std_257,std,257,4920234,4.090342499261338e-08,0,0,41,415.79528992204,12.993602810063749,3169884,1.5773447861183564e-08
embedding_std_258,std,258,4920234,1.3094149737318497e-07,0,0,41,415.79528992204,12.993602810063749,3169884,1.5773447861183564e-08
embedding_std_259,std,259,4920234,7.412875586714667e-10,3,709,41,415.79528992204,12.993602810063749,3169884,1.5773447861183564e-08
embedding_std_260,std,260,4920234,7.632332538629286e-08,0,0,41,415.79528992204,12.993602810063749,3169884,1.5773447861183564e-08
embedding_std_261,std,261,4920234,3.1682232761144203e-08,0,0,41,415.79528992204,12.993602810063749,3169884,1.5773447861183564e-08
embedding_std_262,std,262,4920234,2.554642652981374e-07,0,0,41,415.79528992204,12.993602810063749,3169884,1.5773447861183564e-08
embedding_std_263,std,263,4920234,2.121251781134875e-07,0,0,41,415.79528992204,12.993602810063749,3169884,1.5773447861183564e-08
embedding_std_264,std,264,4920234,9.906721637121757e-08,0,0,41,415.79528992204,12.993602810063749,3169884,1.5773447861183564e-08
embedding_std_265,std,265,4920234,2.92757555382342e-08,0,0,41,415.79528992204,12.993602810063749,3169884,1.5773447861183564e-08
embedding_std_266,std,266,4920234,1.3541720194200823e-09,4,4,41,415.79528992204,12.993602810063749,3169884,1.5773447861183564e-08
embedding_std_267,std,267,4920234,8.663944339031544e-09,1,1,41,415.79528992204,12.993602810063749,3169884,1.5773447861183564e-08
embedding_std_268,std,268,4920234,7.687814320515151e-08,0,0,41,415.79528992204,12.993602810063749,3169884,1.5773447861183564e-08
embedding_std_269,std,269,4920234,1.4893668352816985e-07,0,0,41,415.79528992204,12.993602810063749,3169884,1.5773447861183564e-08
embedding_std_270,std,270,4920234,2.2268869283987423e-08,0,0,41,415.79528992204,12.993602810063749,3169884,1.5773447861183564e-08
embedding_std_271,std,271,4920234,9.862602452312096e-08,0,0,41,415.79528992204,12.993602810063749,3169884,1.5773447861183564e-08
embedding_std_272,std,272,4920234,2.8589517613593657e-07,0,0,41,415.79528992204,12.993602810063749,3169884,1.5773447861183564e-08
embedding_std_273,std,273,4920234,4.4119702477266615e-08,0,0,41,415.79528992204,12.993602810063749,3169884,1.5773447861183564e-08
embedding_std_274,std,274,4920234,1.0397030905678287e-07,0,0,41,415.79528992204,12.993602810063749,3169884,1.5773447861183564e-08
embedding_std_275,std,275,4920234,1.5762015595083547e-08,1,0,41,415.79528992204,12.993602810063749,3169884,1.5773447861183564e-08
embedding_std_276,std,276,4920234,1.7201351689697918e-07,0,0,41,415.79528992204,12.993602810063749,3169884,1.5773447861183564e-08
embedding_std_277,std,277,4920234,1.6031104113429792e-07,0,0,41,415.79528992204,12.993602810063749,3169884,1.5773447861183564e-08
embedding_std_278,std,278,4920234,4.8626953810326626e-08,0,0,41,415.79528992204,12.993602810063749,3169884,1.5773447861183564e-08
embedding_std_279,std,279,4920234,7.020918768858607e-08,0,0,41,415.79528992204,12.993602810063749,3169884,1.5773447861183564e-08
embedding_std_280,std,280,4920234,7.599677165656518e-14,530,5321,41,415.79528992204,12.993602810063749,3169884,1.5773447861183564e-08
embedding_std_281,std,281,4920234,1.3823976551458296e-07,0,0,41,415.79528992204,12.993602810063749,3169884,1.5773447861183564e-08
embedding_std_282,std,282,4920234,1.1809372564932709e-07,0,0,41,415.79528992204,12.993602810063749,3169884,1.5773447861183564e-08
embedding_std_283,std,283,4920234,6.850766666875076e-08,0,0,41,415.79528992204,12.993602810063749,3169884,1.5773447861183564e-08
embedding_std_284,std,284,4920234,1.3642390949223487e-09,9,239,41,415.79528992204,12.993602810063749,3169884,1.5773447861183564e-08
embedding_std_285,std,285,4920234,4.917005487420373e-08,0,0,41,415.79528992204,12.993602810063749,3169884,1.5773447861183564e-08
embedding_std_286,std,286,4920234,3.699772636791159e-09,3,4,41,415.79528992204,12.993602810063749,3169884,1.5773447861183564e-08
embedding_std_287,std,287,4920234,6.5526509434902395e-09,1,1,41,415.79528992204,12.993602810063749,3169884,1.5773447861183564e-08
embedding_std_288,std,288,4920234,5.551468363932944e-10,28,760,42,428.1628546770662,13.38008920865832,3169884,1.5773447861183564e-08
embedding_std_289,std,289,4920234,1.99867401232179e-07,0,0,42,428.1628546770662,13.38008920865832,3169884,1.5773447861183564e-08
embedding_std_290,std,290,4920234,1.3873166665769698e-07,0,0,42,428.1628546770662,13.38008920865832,3169884,1.5773447861183564e-08
embedding_std_291,std,291,4920234,2.2838053636277278e-09,17,153,42,428.1628546770662,13.38008920865832,3169884,1.5773447861183564e-08
embedding_std_292,std,292,4920234,2.313636273575169e-09,1,1,42,428.1628546770662,13.38008920865832,3169884,1.5773447861183564e-08
embedding_std_293,std,293,4920234,1.9249147235174437e-07,0,0,42,428.1628546770662,13.38008920865832,3169884,1.5773447861183564e-08
embedding_std_294,std,294,4920234,7.070372911657928e-08,0,0,42,428.1628546770662,13.38008920865832,3169884,1.5773447861183564e-08
embedding_std_295,std,295,4920234,3.342008636098591e-07,0,0,42,428.1628546770662,13.38008920865832,3169884,1.5773447861183564e-08
embedding_std_296,std,296,4920234,2.7168529473245565e-08,0,0,42,428.1628546770662,13.38008920865832,3169884,1.5773447861183564e-08
embedding_std_297,std,297,4920234,1.720863504862479e-07,0,0,42,428.1628546770662,13.38008920865832,3169884,1.5773447861183564e-08
embedding_std_298,std,298,4920234,9.751490570666189e-09,5,3166,42,428.1628546770662,13.38008920865832,3169884,1.5773447861183564e-08
embedding_std_299,std,299,4920234,6.09481164771581e-08,0,0,42,428.1628546770662,13.38008920865832,3169884,1.5773447861183564e-08
embedding_std_300,std,300,4920234,1.487729125530729e-07,0,0,42,428.1628546770662,13.38008920865832,3169884,1.5773447861183564e-08
embedding_std_301,std,301,4920234,1.4080435476186824e-08,1,0,42,428.1628546770662,13.38008920865832,3169884,1.5773447861183564e-08
embedding_std_302,std,302,4920234,6.19995775655854e-08,0,0,42,428.1628546770662,13.38008920865832,3169884,1.5773447861183564e-08
embedding_std_303,std,303,4920234,5.504511168116065e-10,63,2218,42,428.1628546770662,13.38008920865832,3169884,1.5773447861183564e-08
embedding_std_304,std,304,4920234,1.4079100446771017e-07,0,0,42,428.1628546770662,13.38008920865832,3169884,1.5773447861183564e-08
embedding_std_305,std,305,4920234,6.715267067416625e-09,2,2,42,428.1628546770662,13.38008920865832,3169884,1.5773447861183564e-08
embedding_std_306,std,306,4920234,2.810289993434332e-08,0,0,42,428.1628546770662,13.38008920865832,3169884,1.5773447861183564e-08
embedding_std_307,std,307,4920234,4.339934207459704e-07,0,0,42,428.1628546770662,13.38008920865832,3169884,1.5773447861183564e-08
embedding_std_308,std,308,4920234,4.24354217591009e-10,23,116,42,428.1628546770662,13.38008920865832,3169884,1.5773447861183564e-08
embedding_std_309,std,309,4920234,1.4024190694382406e-08,1,5,42,428.1628546770662,13.38008920865832,3169884,1.5773447861183564e-08
embedding_std_310,std,310,4920234,1.0872493539754794e-07,0,0,42,428.1628546770662,13.38008920865832,3169884,1.5773447861183564e-08
embedding_std_311,std,311,4920234,1.0746729746881092e-07,0,0,42,428.1628546770662,13.38008920865832,3169884,1.5773447861183564e-08
embedding_std_312,std,312,4920234,1.1156622940414749e-08,1,0,42,428.1628546770662,13.38008920865832,3169884,1.5773447861183564e-08
embedding_std_313,std,313,4920234,1.2097306421631697e-07,0,0,42,428.1628546770662,13.38008920865832,3169884,1.5773447861183564e-08
embedding_std_314,std,314,4920234,2.360415095101644e-09,3,45,42,428.1628546770662,13.38008920865832,3169884,1.5773447861183564e-08
embedding_std_315,std,315,4920234,1.325509603466852e-08,1,0,42,428.1628546770662,13.38008920865832,3169884,1.5773447861183564e-08
embedding_std_316,std,316,4920234,3.5941673467862285e-08,0,0,42,428.1628546770662,13.38008920865832,3169884,1.5773447861183564e-08
embedding_std_317,std,317,4920234,1.2248394471053425e-08,1,0,42,428.1628546770662,13.38008920865832,3169884,1.5773447861183564e-08
embedding_std_318,std,318,4920234,2.8626621128246407e-08,0,0,42,428.1628546770662,13.38008920865832,3169884,1.5773447861183564e-08
embedding_std_319,std,319,4920234,2.548918671264049e-07,0,0,42,428.1628546770662,13.38008920865832,3169884,1.5773447861183564e-08
embedding_std_320,std,320,4920234,1.6297096246232292e-07,0,0,43,437.8633869220503,13.68323084131407,3169884,1.5773447861183564e-08
embedding_std_321,std,321,4920234,5.46247441840693e-08,0,0,43,437.8633869220503,13.68323084131407,3169884,1.5773447861183564e-08
embedding_std_322,std,322,4920234,1.9620956223312303e-09,6,3431,43,437.8633869220503,13.68323084131407,3169884,1.5773447861183564e-08
embedding_std_323,std,323,4920234,1.1307796734238149e-07,0,0,43,437.8633869220503,13.68323084131407,3169884,1.5773447861183564e-08
embedding_std_324,std,324,4920234,1.0825202035553229e-07,0,0,43,437.8633869220503,13.68323084131407,3169884,1.5773447861183564e-08
embedding_std_325,std,325,4920234,6.529211986642113e-08,0,0,43,437.8633869220503,13.68323084131407,3169884,1.5773447861183564e-08
embedding_std_326,std,326,4920234,2.912792611169197e-09,2,614,43,437.8633869220503,13.68323084131407,3169884,1.5773447861183564e-08
embedding_std_327,std,327,4920234,2.452248946851426e-07,0,0,43,437.8633869220503,13.68323084131407,3169884,1.5773447861183564e-08
embedding_std_328,std,328,4920234,2.7596933825138748e-08,0,0,43,437.8633869220503,13.68323084131407,3169884,1.5773447861183564e-08
embedding_std_329,std,329,4920234,2.570272407336084e-07,0,0,43,437.8633869220503,13.68323084131407,3169884,1.5773447861183564e-08
embedding_std_330,std,330,4920234,1.1148084054442888e-07,0,0,43,437.8633869220503,13.68323084131407,3169884,1.5773447861183564e-08
embedding_std_331,std,331,4920234,1.4641739639228269e-08,1,0,43,437.8633869220503,13.68323084131407,3169884,1.5773447861183564e-08
embedding_std_332,std,332,4920234,1.7524238773033438e-08,0,3,43,437.8633869220503,13.68323084131407,3169884,1.5773447861183564e-08
embedding_std_333,std,333,4920234,1.344019149389017e-06,0,0,43,437.8633869220503,13.68323084131407,3169884,1.5773447861183564e-08
embedding_std_334,std,334,4920234,9.519408954660557e-08,0,0,43,437.8633869220503,13.68323084131407,3169884,1.5773447861183564e-08
embedding_std_335,std,335,4920234,2.834418431890412e-09,1,1,43,437.8633869220503,13.68323084131407,3169884,1.5773447861183564e-08
embedding_std_336,std,336,4920234,3.2329112829798727e-10,20,1985,43,437.8633869220503,13.68323084131407,3169884,1.5773447861183564e-08
embedding_std_337,std,337,4920234,1.044547072125107e-07,0,0,43,437.8633869220503,13.68323084131407,3169884,1.5773447861183564e-08
embedding_std_338,std,338,4920234,5.625393591884184e-11,7,37,43,437.8633869220503,13.68323084131407,3169884,1.5773447861183564e-08
embedding_std_339,std,339,4920234,4.2161532029101e-08,0,0,43,437.8633869220503,13.68323084131407,3169884,1.5773447861183564e-08
embedding_std_340,std,340,4920234,5.849025191460359e-09,3,104,43,437.8633869220503,13.68323084131407,3169884,1.5773447861183564e-08
embedding_std_341,std,341,4920234,2.893976497088477e-08,0,22,43,437.8633869220503,13.68323084131407,3169884,1.5773447861183564e-08
embedding_std_342,std,342,4920234,3.122777046689667e-07,0,0,43,437.8633869220503,13.68323084131407,3169884,1.5773447861183564e-08
embedding_std_343,std,343,4920234,4.684028885229104e-08,0,0,43,437.8633869220503,13.68323084131407,3169884,1.5773447861183564e-08
embedding_std_344,std,344,4920234,1.2572493335368215e-09,1,1,43,437.8633869220503,13.68323084131407,3169884,1.5773447861183564e-08
embedding_std_345,std,345,4920234,1.1055100028966827e-07,0,0,43,437.8633869220503,13.68323084131407,3169884,1.5773447861183564e-08
embedding_std_346,std,346,4920234,5.5767657390779765e-09,3,49,43,437.8633869220503,13.68323084131407,3169884,1.5773447861183564e-08
embedding_std_347,std,347,4920234,2.583557995511865e-07,0,0,43,437.8633869220503,13.68323084131407,3169884,1.5773447861183564e-08
embedding_std_348,std,348,4920234,6.498350538851701e-07,0,0,43,437.8633869220503,13.68323084131407,3169884,1.5773447861183564e-08
embedding_std_349,std,349,4920234,4.3963211459423564e-09,5,36,43,437.8633869220503,13.68323084131407,3169884,1.5773447861183564e-08
embedding_std_350,std,350,4920234,2.685338436677911e-07,0,0,43,437.8633869220503,13.68323084131407,3169884,1.5773447861183564e-08
embedding_std_351,std,351,4920234,6.879132542856076e-08,0,0,43,437.8633869220503,13.68323084131407,3169884,1.5773447861183564e-08
embedding_std_352,std,352,4920234,1.2439758193645749e-08,2,1037,44,450.353554337984,14.073548573061998,3169884,1.5773447861183564e-08
embedding_std_353,std,353,4920234,3.153240489563732e-08,0,0,44,450.353554337984,14.073548573061998,3169884,1.5773447861183564e-08
embedding_std_354,std,354,4920234,3.6705005468450763e-07,0,0,44,450.353554337984,14.073548573061998,3169884,1.5773447861183564e-08
embedding_std_355,std,355,4920234,2.910972435579789e-08,0,0,44,450.353554337984,14.073548573061998,3169884,1.5773447861183564e-08
embedding_std_356,std,356,4920234,5.946643931740353e-11,62,2648,44,450.353554337984,14.073548573061998,3169884,1.5773447861183564e-08
embedding_std_357,std,357,4920234,9.920655504484857e-09,1,1,44,450.353554337984,14.073548573061998,3169884,1.5773447861183564e-08
embedding_std_358,std,358,4920234,2.352833845183582e-09,4,12,44,450.353554337984,14.073548573061998,3169884,1.5773447861183564e-08
embedding_std_359,std,359,4920234,1.3619381453748218e-08,1,0,44,450.353554337984,14.073548573061998,3169884,1.5773447861183564e-08
embedding_std_360,std,360,4920234,5.490030973203589e-08,0,0,44,450.353554337984,14.073548573061998,3169884,1.5773447861183564e-08
embedding_std_361,std,361,4920234,4.125060721617189e-07,0,0,44,450.353554337984,14.073548573061998,3169884,1.5773447861183564e-08
embedding_std_362,std,362,4920234,1.1336868990131762e-08,1,2,44,450.353554337984,14.073548573061998,3169884,1.5773447861183564e-08
embedding_std_363,std,363,4920234,8.91964477992304e-09,1,536,44,450.353554337984,14.073548573061998,3169884,1.5773447861183564e-08
embedding_std_364,std,364,4920234,1.5477399319677366e-08,1,407,44,450.353554337984,14.073548573061998,3169884,1.5773447861183564e-08
embedding_std_365,std,365,4920234,1.6792381184513415e-09,6,342,44,450.353554337984,14.073548573061998,3169884,1.5773447861183564e-08
embedding_std_366,std,366,4920234,3.149865790480957e-07,0,0,44,450.353554337984,14.073548573061998,3169884,1.5773447861183564e-08
embedding_std_367,std,367,4920234,2.703512598033694e-07,0,0,44,450.353554337984,14.073548573061998,3169884,1.5773447861183564e-08
embedding_std_368,std,368,4920234,7.247629641269353e-08,0,0,44,450.353554337984,14.073548573061998,3169884,1.5773447861183564e-08
embedding_std_369,std,369,4920234,1.741354933472558e-08,0,576,44,450.353554337984,14.073548573061998,3169884,1.5773447861183564e-08
embedding_std_370,std,370,4920234,3.419422010892928e-08,0,0,44,450.353554337984,14.073548573061998,3169884,1.5773447861183564e-08
embedding_std_371,std,371,4920234,2.930810992063753e-09,2,21,44,450.353554337984,14.073548573061998,3169884,1.5773447861183564e-08
embedding_std_372,std,372,4920234,9.331969428590445e-08,0,0,44,450.353554337984,14.073548573061998,3169884,1.5773447861183564e-08
embedding_std_373,std,373,4920234,1.2814722701776884e-07,0,0,44,450.353554337984,14.073548573061998,3169884,1.5773447861183564e-08
embedding_std_374,std,374,4920234,2.4079447900724167e-09,12,1885,44,450.353554337984,14.073548573061998,3169884,1.5773447861183564e-08
embedding_std_375,std,375,4920234,4.693749691032789e-09,2,7,44,450.353554337984,14.073548573061998,3169884,1.5773447861183564e-08
embedding_std_376,std,376,4920234,2.63349380450319e-08,0,0,44,450.353554337984,14.073548573061998,3169884,1.5773447861183564e-08
embedding_std_377,std,377,4920234,4.5056540873488645e-10,14,459,44,450.353554337984,14.073548573061998,3169884,1.5773447861183564e-08
embedding_std_378,std,378,4920234,8.224664659610834e-09,1,10,44,450.353554337984,14.073548573061998,3169884,1.5773447861183564e-08
embedding_std_379,std,379,4920234,2.15196814968118e-07,0,0,44,450.353554337984,14.073548573061998,3169884,1.5773447861183564e-08
embedding_std_380,std,380,4920234,1.5768104056587594e-08,1,12,44,450.353554337984,14.073548573061998,3169884,1.5773447861183564e-08
embedding_std_381,std,381,4920234,2.996458200098802e-08,0,0,44,450.353554337984,14.073548573061998,3169884,1.5773447861183564e-08
embedding_std_382,std,382,4920234,3.1451476007863114e-08,0,0,44,450.353554337984,14.073548573061998,3169884,1.5773447861183564e-08
embedding_std_383,std,383,4920234,9.017021218575032e-08,0,0,44,450.353554337984,14.073548573061998,3169884,1.5773447861183564e-08
embedding_std_384,std,384,4920234,5.038371088193164e-08,0,212,45,452.1573272380047,14.129916476187644,3169884,1.5773447861183564e-08
embedding_std_385,std,385,4920234,1.164943714372985e-08,1,0,45,452.1573272380047,14.129916476187644,3169884,1.5773447861183564e-08
embedding_std_386,std,386,4920234,6.552545703673157e-08,0,0,45,452.1573272380047,14.129916476187644,3169884,1.5773447861183564e-08
embedding_std_387,std,387,4920234,2.360905140007294e-08,0,0,45,452.1573272380047,14.129916476187644,3169884,1.5773447861183564e-08
embedding_std_388,std,388,4920234,7.045536628604279e-09,6,579,45,452.1573272380047,14.129916476187644,3169884,1.5773447861183564e-08
embedding_std_389,std,389,4920234,2.9007312531237956e-10,10,238,45,452.1573272380047,14.129916476187644,3169884,1.5773447861183564e-08
embedding_std_390,std,390,4920234,4.845649136478792e-08,0,0,45,452.1573272380047,14.129916476187644,3169884,1.5773447861183564e-08
embedding_std_391,std,391,4920234,2.800835409687805e-07,0,0,45,452.1573272380047,14.129916476187644,3169884,1.5773447861183564e-08
embedding_std_392,std,392,4920234,3.076578501147182e-09,5,154,45,452.1573272380047,14.129916476187644,3169884,1.5773447861183564e-08
embedding_std_393,std,393,4920234,1.251476075530286e-09,8,108,45,452.1573272380047,14.129916476187644,3169884,1.5773447861183564e-08
embedding_std_394,std,394,4920234,4.4538408132163976e-08,0,321,45,452.1573272380047,14.129916476187644,3169884,1.5773447861183564e-08
embedding_std_395,std,395,4920234,3.0413955115203044e-08,0,0,45,452.1573272380047,14.129916476187644,3169884,1.5773447861183564e-08
embedding_std_396,std,396,4920234,3.0872406338072075e-08,0,0,45,452.1573272380047,14.129916476187644,3169884,1.5773447861183564e-08
embedding_std_397,std,397,4920234,9.462869153794903e-10,15,524,45,452.1573272380047,14.129916476187644,3169884,1.5773447861183564e-08
embedding_std_398,std,398,4920234,7.202751205581079e-11,20,1456,45,452.1573272380047,14.129916476187644,3169884,1.5773447861183564e-08
embedding_std_399,std,399,4920234,1.3661994917004092e-08,1,0,45,452.1573272380047,14.129916476187644,3169884,1.5773447861183564e-08
embedding_std_400,std,400,4920234,9.221742785204975e-08,0,0,45,452.1573272380047,14.129916476187644,3169884,1.5773447861183564e-08
embedding_std_401,std,401,4920234,2.5786698069907327e-08,0,0,45,452.1573272380047,14.129916476187644,3169884,1.5773447861183564e-08
embedding_std_402,std,402,4920234,3.143286388211556e-08,0,0,45,452.1573272380047,14.129916476187644,3169884,1.5773447861183564e-08
embedding_std_403,std,403,4920234,1.7104424618542245e-08,0,0,45,452.1573272380047,14.129916476187644,3169884,1.5773447861183564e-08
embedding_std_404,std,404,4920234,8.530969040169574e-08,0,0,45,452.1573272380047,14.129916476187644,3169884,1.5773447861183564e-08
embedding_std_405,std,405,4920234,3.0657017033589095e-08,0,0,45,452.1573272380047,14.129916476187644,3169884,1.5773447861183564e-08
embedding_std_406,std,406,4920234,1.2717608676990649e-08,1,0,45,452.1573272380047,14.129916476187644,3169884,1.5773447861183564e-08
embedding_std_407,std,407,4920234,3.463769917526599e-07,0,0,45,452.1573272380047,14.129916476187644,3169884,1.5773447861183564e-08
embedding_std_408,std,408,4920234,8.519586346287567e-08,0,0,45,452.1573272380047,14.129916476187644,3169884,1.5773447861183564e-08
embedding_std_409,std,409,4920234,3.557381729761898e-07,0,0,45,452.1573272380047,14.129916476187644,3169884,1.5773447861183564e-08
embedding_std_410,std,410,4920234,1.1458976247590535e-08,1,9,45,452.1573272380047,14.129916476187644,3169884,1.5773447861183564e-08
embedding_std_411,std,411,4920234,2.0088751040357974e-07,0,0,45,452.1573272380047,14.129916476187644,3169884,1.5773447861183564e-08
embedding_std_412,std,412,4920234,4.72061101183678e-08,0,0,45,452.1573272380047,14.129916476187644,3169884,1.5773447861183564e-08
embedding_std_413,std,413,4920234,1.4448646293110226e-08,1,0,45,452.1573272380047,14.129916476187644,3169884,1.5773447861183564e-08
embedding_std_414,std,414,4920234,3.3191757315410534e-08,0,0,45,452.1573272380047,14.129916476187644,3169884,1.5773447861183564e-08
embedding_std_415,std,415,4920234,2.642046842562075e-09,1,5,45,452.1573272380047,14.129916476187644,3169884,1.5773447861183564e-08
embedding_std_416,std,416,4920234,7.21543451668865e-08,0,0,46,432.63283416698687,13.51977606771834,3169884,1.5773447861183564e-08
embedding_std_417,std,417,4920234,7.553788088525842e-09,2,218,46,432.63283416698687,13.51977606771834,3169884,1.5773447861183564e-08
embedding_std_418,std,418,4920234,2.737363330495935e-07,0,0,46,432.63283416698687,13.51977606771834,3169884,1.5773447861183564e-08
embedding_std_419,std,419,4920234,2.480576559345722e-10,22,1036,46,432.63283416698687,13.51977606771834,3169884,1.5773447861183564e-08
embedding_std_420,std,420,4920234,1.003854718120541e-07,0,0,46,432.63283416698687,13.51977606771834,3169884,1.5773447861183564e-08
embedding_std_421,std,421,4920234,1.2491972575158012e-08,2,5,46,432.63283416698687,13.51977606771834,3169884,1.5773447861183564e-08
embedding_std_422,std,422,4920234,8.650259691299241e-09,2,1254,46,432.63283416698687,13.51977606771834,3169884,1.5773447861183564e-08
embedding_std_423,std,423,4920234,1.7668347276273327e-09,11,284,46,432.63283416698687,13.51977606771834,3169884,1.5773447861183564e-08
embedding_std_424,std,424,4920234,3.858862630544836e-08,0,0,46,432.63283416698687,13.51977606771834,3169884,1.5773447861183564e-08
embedding_std_425,std,425,4920234,4.3540257475812424e-08,0,0,46,432.63283416698687,13.51977606771834,3169884,1.5773447861183564e-08
embedding_std_426,std,426,4920234,3.3251100996341155e-08,0,229,46,432.63283416698687,13.51977606771834,3169884,1.5773447861183564e-08
embedding_std_427,std,427,4920234,4.0034366867806745e-08,0,0,46,432.63283416698687,13.51977606771834,3169884,1.5773447861183564e-08
embedding_std_428,std,428,4920234,2.3841940943560666e-07,0,0,46,432.63283416698687,13.51977606771834,3169884,1.5773447861183564e-08
embedding_std_429,std,429,4920234,2.8780984023965604e-07,0,0,46,432.63283416698687,13.51977606771834,3169884,1.5773447861183564e-08
embedding_std_430,std,430,4920234,4.5270932447853617e-08,0,0,46,432.63283416698687,13.51977606771834,3169884,1.5773447861183564e-08
embedding_std_431,std,431,4920234,1.644930198585858e-07,0,0,46,432.63283416698687,13.51977606771834,3169884,1.5773447861183564e-08
embedding_std_432,std,432,4920234,1.1961208120800546e-07,0,0,46,432.63283416698687,13.51977606771834,3169884,1.5773447861183564e-08
embedding_std_433,std,433,4920234,5.3185000353404754e-08,0,0,46,432.63283416698687,13.51977606771834,3169884,1.5773447861183564e-08
embedding_std_434,std,434,4920234,1.707027750589706e-07,0,0,46,432.63283416698687,13.51977606771834,3169884,1.5773447861183564e-08
embedding_std_435,std,435,4920234,3.366847541689904e-11,276,5872,46,432.63283416698687,13.51977606771834,3169884,1.5773447861183564e-08
embedding_std_436,std,436,4920234,6.785301369869111e-08,0,0,46,432.63283416698687,13.51977606771834,3169884,1.5773447861183564e-08
embedding_std_437,std,437,4920234,4.6717188681004445e-08,0,0,46,432.63283416698687,13.51977606771834,3169884,1.5773447861183564e-08
embedding_std_438,std,438,4920234,2.652991695009462e-10,1,1,46,432.63283416698687,13.51977606771834,3169884,1.5773447861183564e-08
embedding_std_439,std,439,4920234,4.019959538954477e-08,0,621,46,432.63283416698687,13.51977606771834,3169884,1.5773447861183564e-08
embedding_std_440,std,440,4920234,1.9793436466011602e-07,0,0,46,432.63283416698687,13.51977606771834,3169884,1.5773447861183564e-08
embedding_std_441,std,441,4920234,3.7870298376807315e-08,0,0,46,432.63283416698687,13.51977606771834,3169884,1.5773447861183564e-08
embedding_std_442,std,442,4920234,9.781421212526313e-08,0,0,46,432.63283416698687,13.51977606771834,3169884,1.5773447861183564e-08
embedding_std_443,std,443,4920234,2.2727898759682777e-10,19,898,46,432.63283416698687,13.51977606771834,3169884,1.5773447861183564e-08
embedding_std_444,std,444,4920234,1.2796848592636011e-08,1,2,46,432.63283416698687,13.51977606771834,3169884,1.5773447861183564e-08
embedding_std_445,std,445,4920234,3.73107691516759e-07,0,0,46,432.63283416698687,13.51977606771834,3169884,1.5773447861183564e-08
embedding_std_446,std,446,4920234,1.3686345242481066e-07,0,0,46,432.63283416698687,13.51977606771834,3169884,1.5773447861183564e-08
embedding_std_447,std,447,4920234,5.461144834916643e-08,0,0,46,432.63283416698687,13.51977606771834,3169884,1.5773447861183564e-08
embedding_std_448,std,448,4920234,6.263068201683164e-08,0,0,47,428.2996832651552,13.3843651020361,3169884,1.5773447861183564e-08
embedding_std_449,std,449,4920234,1.540148621564157e-07,0,0,47,428.2996832651552,13.3843651020361,3169884,1.5773447861183564e-08
embedding_std_450,std,450,4920234,8.237337512429262e-09,1,1,47,428.2996832651552,13.3843651020361,3169884,1.5773447861183564e-08
embedding_std_451,std,451,4920234,7.178483946410857e-08,0,0,47,428.2996832651552,13.3843651020361,3169884,1.5773447861183564e-08
embedding_std_452,std,452,4920234,7.457568641468715e-08,0,0,47,428.2996832651552,13.3843651020361,3169884,1.5773447861183564e-08
embedding_std_453,std,453,4920234,2.5106421690592098e-08,0,500,47,428.2996832651552,13.3843651020361,3169884,1.5773447861183564e-08
embedding_std_454,std,454,4920234,4.24407588889662e-11,436,3451,47,428.2996832651552,13.3843651020361,3169884,1.5773447861183564e-08
embedding_std_455,std,455,4920234,6.198912851623069e-07,0,0,47,428.2996832651552,13.3843651020361,3169884,1.5773447861183564e-08
embedding_std_456,std,456,4920234,2.421082282724683e-07,0,0,47,428.2996832651552,13.3843651020361,3169884,1.5773447861183564e-08
embedding_std_457,std,457,4920234,4.5831578702342376e-08,0,20171,47,428.2996832651552,13.3843651020361,3169884,1.5773447861183564e-08
embedding_std_458,std,458,4920234,3.053900962171394e-07,0,0,47,428.2996832651552,13.3843651020361,3169884,1.5773447861183564e-08
embedding_std_459,std,459,4920234,3.448029781025709e-07,0,0,47,428.2996832651552,13.3843651020361,3169884,1.5773447861183564e-08
embedding_std_460,std,460,4920234,7.712286078563913e-08,0,0,47,428.2996832651552,13.3843651020361,3169884,1.5773447861183564e-08
embedding_std_461,std,461,4920234,6.269065909921512e-08,0,0,47,428.2996832651552,13.3843651020361,3169884,1.5773447861183564e-08
embedding_std_462,std,462,4920234,4.458568695615088e-07,0,0,47,428.2996832651552,13.3843651020361,3169884,1.5773447861183564e-08
embedding_std_463,std,463,4920234,1.1569476173339129e-07,0,0,47,428.2996832651552,13.3843651020361,3169884,1.5773447861183564e-08
embedding_std_464,std,464,4920234,3.841407093250949e-07,0,0,47,428.2996832651552,13.3843651020361,3169884,1.5773447861183564e-08
embedding_std_465,std,465,4920234,3.0719966275932373e-08,0,0,47,428.2996832651552,13.3843651020361,3169884,1.5773447861183564e-08
embedding_std_466,std,466,4920234,8.541105030094242e-09,1,2,47,428.2996832651552,13.3843651020361,3169884,1.5773447861183564e-08
embedding_std_467,std,467,4920234,8.786993827969616e-08,0,0,47,428.2996832651552,13.3843651020361,3169884,1.5773447861183564e-08
embedding_std_468,std,468,4920234,1.1704026457343613e-07,0,0,47,428.2996832651552,13.3843651020361,3169884,1.5773447861183564e-08
embedding_std_469,std,469,4920234,4.673792351740342e-08,0,0,47,428.2996832651552,13.3843651020361,3169884,1.5773447861183564e-08
embedding_std_470,std,470,4920234,1.3174158473922737e-07,0,0,47,428.2996832651552,13.3843651020361,3169884,1.5773447861183564e-08
embedding_std_471,std,471,4920234,1.8811012269489335e-08,0,1300,47,428.2996832651552,13.3843651020361,3169884,1.5773447861183564e-08
embedding_std_472,std,472,4920234,2.327580073547717e-07,0,0,47,428.2996832651552,13.3843651020361,3169884,1.5773447861183564e-08
embedding_std_473,std,473,4920234,2.0634813555174382e-09,17,871,47,428.2996832651552,13.3843651020361,3169884,1.5773447861183564e-08
embedding_std_474,std,474,4920234,1.0904062608729984e-07,0,0,47,428.2996832651552,13.3843651020361,3169884,1.5773447861183564e-08
embedding_std_475,std,475,4920234,2.6697520584434917e-08,0,0,47,428.2996832651552,13.3843651020361,3169884,1.5773447861183564e-08
embedding_std_476,std,476,4920234,6.14581017745446e-07,0,0,47,428.2996832651552,13.3843651020361,3169884,1.5773447861183564e-08
embedding_std_477,std,477,4920234,3.340520910406708e-07,0,0,47,428.2996832651552,13.3843651020361,3169884,1.5773447861183564e-08
embedding_std_478,std,478,4920234,7.764092963624625e-10,5,72,47,428.2996832651552,13.3843651020361,3169884,1.5773447861183564e-08
embedding_std_479,std,479,4920234,2.7843340239363203e-09,1,1,47,428.2996832651552,13.3843651020361,3169884,1.5773447861183564e-08
embedding_std_480,std,480,4920234,1.414704418619833e-07,0,0,48,454.490387202939,14.202824600091844,3169884,1.5773447861183564e-08
embedding_std_481,std,481,4920234,2.524443522031017e-08,0,13,48,454.490387202939,14.202824600091844,3169884,1.5773447861183564e-08
embedding_std_482,std,482,4920234,4.02653982581592e-08,0,15,48,454.490387202939,14.202824600091844,3169884,1.5773447861183564e-08
embedding_std_483,std,483,4920234,3.355336196398277e-07,0,0,48,454.490387202939,14.202824600091844,3169884,1.5773447861183564e-08
embedding_std_484,std,484,4920234,4.3694123429141585e-10,1,1,48,454.490387202939,14.202824600091844,3169884,1.5773447861183564e-08
embedding_std_485,std,485,4920234,6.56281644491297e-08,0,0,48,454.490387202939,14.202824600091844,3169884,1.5773447861183564e-08
embedding_std_486,std,486,4920234,7.165756913227079e-08,0,0,48,454.490387202939,14.202824600091844,3169884,1.5773447861183564e-08
embedding_std_487,std,487,4920234,2.5597021548675303e-09,3,1336,48,454.490387202939,14.202824600091844,3169884,1.5773447861183564e-08
embedding_std_488,std,488,4920234,9.63642389278732e-10,9,114,48,454.490387202939,14.202824600091844,3169884,1.5773447861183564e-08
embedding_std_489,std,489,4920234,2.4317267784091452e-08,0,0,48,454.490387202939,14.202824600091844,3169884,1.5773447861183564e-08
embedding_std_490,std,490,4920234,1.2694234014022354e-07,0,0,48,454.490387202939,14.202824600091844,3169884,1.5773447861183564e-08
embedding_std_491,std,491,4920234,8.905518929080881e-08,0,0,48,454.490387202939,14.202824600091844,3169884,1.5773447861183564e-08
embedding_std_492,std,492,4920234,1.2864099971253438e-07,0,0,48,454.490387202939,14.202824600091844,3169884,1.5773447861183564e-08
embedding_std_493,std,493,4920234,6.791056355909702e-08,0,0,48,454.490387202939,14.202824600091844,3169884,1.5773447861183564e-08
embedding_std_494,std,494,4920234,4.625075949970152e-08,0,0,48,454.490387202939,14.202824600091844,3169884,1.5773447861183564e-08
embedding_std_495,std,495,4920234,1.0121060539828913e-07,0,0,48,454.490387202939,14.202824600091844,3169884,1.5773447861183564e-08
embedding_std_496,std,496,4920234,4.6107981792774465e-10,54,37667,48,454.490387202939,14.202824600091844,3169884,1.5773447861183564e-08
embedding_std_497,std,497,4920234,3.272031169235477e-08,0,0,48,454.490387202939,14.202824600091844,3169884,1.5773447861183564e-08
embedding_std_498,std,498,4920234,2.135553719936163e-07,0,0,48,454.490387202939,14.202824600091844,3169884,1.5773447861183564e-08
embedding_std_499,std,499,4920234,3.1126897322355383e-08,0,0,48,454.490387202939,14.202824600091844,3169884,1.5773447861183564e-08
embedding_std_500,std,500,4920234,1.7986625384359365e-08,0,0,48,454.490387202939,14.202824600091844,3169884,1.5773447861183564e-08
embedding_std_501,std,501,4920234,2.20869105523907e-08,0,0,48,454.490387202939,14.202824600091844,3169884,1.5773447861183564e-08
embedding_std_502,std,502,4920234,3.359859228784527e-08,0,0,48,454.490387202939,14.202824600091844,3169884,1.5773447861183564e-08
embedding_std_503,std,503,4920234,2.1842097520081442e-07,0,0,48,454.490387202939,14.202824600091844,3169884,1.5773447861183564e-08
embedding_std_504,std,504,4920234,9.689776024429412e-08,0,0,48,454.490387202939,14.202824600091844,3169884,1.5773447861183564e-08
embedding_std_505,std,505,4920234,6.913557570584429e-08,0,0,48,454.490387202939,14.202824600091844,3169884,1.5773447861183564e-08
embedding_std_506,std,506,4920234,9.940747545948833e-09,3,1892,48,454.490387202939,14.202824600091844,3169884,1.5773447861183564e-08
embedding_std_507,std,507,4920234,1.5651346971340283e-08,1,0,48,454.490387202939,14.202824600091844,3169884,1.5773447861183564e-08
embedding_std_508,std,508,4920234,2.3758174009237112e-08,0,0,48,454.490387202939,14.202824600091844,3169884,1.5773447861183564e-08
embedding_std_509,std,509,4920234,9.011765530770812e-08,0,0,48,454.490387202939,14.202824600091844,3169884,1.5773447861183564e-08
embedding_std_510,std,510,4920234,4.6672045458234187e-07,0,0,48,454.490387202939,14.202824600091844,3169884,1.5773447861183564e-08
embedding_std_511,std,511,4920234,1.428334351090382e-08,1,0,48,454.490387202939,14.202824600091844,3169884,1.5773447861183564e-08
embedding_std_512,std,512,4920234,4.584755231221194e-09,4,6076,49,434.32924928702414,13.572789040219504,3169884,1.5773447861183564e-08
embedding_std_513,std,513,4920234,1.2005567159554696e-07,0,0,49,434.32924928702414,13.572789040219504,3169884,1.5773447861183564e-08
embedding_std_514,std,514,4920234,5.519810249424209e-07,0,0,49,434.32924928702414,13.572789040219504,3169884,1.5773447861183564e-08
embedding_std_515,std,515,4920234,9.271903042083618e-08,0,0,49,434.32924928702414,13.572789040219504,3169884,1.5773447861183564e-08
embedding_std_516,std,516,4920234,2.8580859218645e-08,0,0,49,434.32924928702414,13.572789040219504,3169884,1.5773447861183564e-08
embedding_std_517,std,517,4920234,4.426496897131244e-08,0,0,49,434.32924928702414,13.572789040219504,3169884,1.5773447861183564e-08
embedding_std_518,std,518,4920234,2.2674886288279227e-10,2,43,49,434.32924928702414,13.572789040219504,3169884,1.5773447861183564e-08
embedding_std_519,std,519,4920234,3.192682307051563e-07,0,0,49,434.32924928702414,13.572789040219504,3169884,1.5773447861183564e-08
embedding_std_520,std,520,4920234,2.189962846475576e-07,0,0,49,434.32924928702414,13.572789040219504,3169884,1.5773447861183564e-08
embedding_std_521,std,521,4920234,1.9500581052958296e-12,368,1962,49,434.32924928702414,13.572789040219504,3169884,1.5773447861183564e-08
embedding_std_522,std,522,4920234,1.8028596270843906e-08,0,704,49,434.32924928702414,13.572789040219504,3169884,1.5773447861183564e-08
embedding_std_523,std,523,4920234,3.251155215660955e-07,0,0,49,434.32924928702414,13.572789040219504,3169884,1.5773447861183564e-08
embedding_std_524,std,524,4920234,4.680622116910776e-08,0,0,49,434.32924928702414,13.572789040219504,3169884,1.5773447861183564e-08
embedding_std_525,std,525,4920234,2.764610057625413e-08,0,0,49,434.32924928702414,13.572789040219504,3169884,1.5773447861183564e-08
embedding_std_526,std,526,4920234,3.0592265143158814e-08,0,0,49,434.32924928702414,13.572789040219504,3169884,1.5773447861183564e-08
embedding_std_527,std,527,4920234,6.590358457761193e-09,2,347,49,434.32924928702414,13.572789040219504,3169884,1.5773447861183564e-08
embedding_std_528,std,528,4920234,2.18474686612958e-08,0,0,49,434.32924928702414,13.572789040219504,3169884,1.5773447861183564e-08
embedding_std_529,std,529,4920234,3.24965148072678e-08,0,0,49,434.32924928702414,13.572789040219504,3169884,1.5773447861183564e-08
embedding_std_530,std,530,4920234,4.7814625492333286e-08,0,0,49,434.32924928702414,13.572789040219504,3169884,1.5773447861183564e-08
embedding_std_531,std,531,4920234,1.3668805095114361e-08,1,0,49,434.32924928702414,13.572789040219504,3169884,1.5773447861183564e-08
embedding_std_532,std,532,4920234,1.5201142138093007e-09,6,34978,49,434.32924928702414,13.572789040219504,3169884,1.5773447861183564e-08
embedding_std_533,std,533,4920234,4.8442806067526405e-09,4,9,49,434.32924928702414,13.572789040219504,3169884,1.5773447861183564e-08
embedding_std_534,std,534,4920234,4.9330540383082905e-08,0,0,49,434.32924928702414,13.572789040219504,3169884,1.5773447861183564e-08
embedding_std_535,std,535,4920234,6.3008838976562316e-09,1,1,49,434.32924928702414,13.572789040219504,3169884,1.5773447861183564e-08
embedding_std_536,std,536,4920234,2.815114481435731e-07,0,0,49,434.32924928702414,13.572789040219504,3169884,1.5773447861183564e-08
embedding_std_537,std,537,4920234,4.43394582660329e-08,0,0,49,434.32924928702414,13.572789040219504,3169884,1.5773447861183564e-08
embedding_std_538,std,538,4920234,3.164413672780138e-12,20,38,49,434.32924928702414,13.572789040219504,3169884,1.5773447861183564e-08
embedding_std_539,std,539,4920234,7.227201810613816e-08,0,0,49,434.32924928702414,13.572789040219504,3169884,1.5773447861183564e-08
embedding_std_540,std,540,4920234,2.630279367784276e-07,0,0,49,434.32924928702414,13.572789040219504,3169884,1.5773447861183564e-08
embedding_std_541,std,541,4920234,1.8735641926768159e-10,2,3,49,434.32924928702414,13.572789040219504,3169884,1.5773447861183564e-08
embedding_std_542,std,542,4920234,2.2145219016023416e-08,0,0,49,434.32924928702414,13.572789040219504,3169884,1.5773447861183564e-08
embedding_std_543,std,543,4920234,1.8157420989794397e-07,0,0,49,434.32924928702414,13.572789040219504,3169884,1.5773447861183564e-08
embedding_std_544,std,544,4920234,1.7751153970675095e-08,0,269,50,460.1859672269784,14.380811475843077,3169884,1.5773447861183564e-08
embedding_std_545,std,545,4920234,4.963953810542145e-08,0,0,50,460.1859672269784,14.380811475843077,3169884,1.5773447861183564e-08
embedding_std_546,std,546,4920234,1.1039317260552776e-08,2,376,50,460.1859672269784,14.380811475843077,3169884,1.5773447861183564e-08
embedding_std_547,std,547,4920234,1.6104292926962682e-08,0,1306,50,460.1859672269784,14.380811475843077,3169884,1.5773447861183564e-08
embedding_std_548,std,548,4920234,2.3846405736383522e-08,0,0,50,460.1859672269784,14.380811475843077,3169884,1.5773447861183564e-08
embedding_std_549,std,549,4920234,6.368997492422757e-09,2,30,50,460.1859672269784,14.380811475843077,3169884,1.5773447861183564e-08
embedding_std_550,std,550,4920234,2.838170014618845e-07,0,0,50,460.1859672269784,14.380811475843077,3169884,1.5773447861183564e-08
embedding_std_551,std,551,4920234,7.458336827016826e-08,0,0,50,460.1859672269784,14.380811475843077,3169884,1.5773447861183564e-08
embedding_std_552,std,552,4920234,7.762805388957e-09,5,44,50,460.1859672269784,14.380811475843077,3169884,1.5773447861183564e-08
embedding_std_553,std,553,4920234,4.053236367278843e-07,0,0,50,460.1859672269784,14.380811475843077,3169884,1.5773447861183564e-08
embedding_std_554,std,554,4920234,1.0833350531746153e-07,0,0,50,460.1859672269784,14.380811475843077,3169884,1.5773447861183564e-08
embedding_std_555,std,555,4920234,1.544567341003301e-07,0,0,50,460.1859672269784,14.380811475843077,3169884,1.5773447861183564e-08
embedding_std_556,std,556,4920234,4.078579874432909e-08,0,0,50,460.1859672269784,14.380811475843077,3169884,1.5773447861183564e-08
embedding_std_557,std,557,4920234,1.252197700705014e-07,0,0,50,460.1859672269784,14.380811475843077,3169884,1.5773447861183564e-08
embedding_std_558,std,558,4920234,1.7917410204866618e-12,516,5910,50,460.1859672269784,14.380811475843077,3169884,1.5773447861183564e-08
embedding_std_559,std,559,4920234,4.4440424221151954e-08,0,23821,50,460.1859672269784,14.380811475843077,3169884,1.5773447861183564e-08
embedding_std_560,std,560,4920234,2.2583454227878965e-08,0,0,50,460.1859672269784,14.380811475843077,3169884,1.5773447861183564e-08
embedding_std_561,std,561,4920234,2.4147705754746637e-08,0,2444,50,460.1859672269784,14.380811475843077,3169884,1.5773447861183564e-08
embedding_std_562,std,562,4920234,8.233822219410704e-08,0,0,50,460.1859672269784,14.380811475843077,3169884,1.5773447861183564e-08
embedding_std_563,std,563,4920234,3.179827368680285e-08,0,0,50,460.1859672269784,14.380811475843077,3169884,1.5773447861183564e-08
embedding_std_564,std,564,4920234,2.713583848302416e-08,0,0,50,460.1859672269784,14.380811475843077,3169884,1.5773447861183564e-08
embedding_std_565,std,565,4920234,9.415579365952537e-08,0,0,50,460.1859672269784,14.380811475843077,3169884,1.5773447861183564e-08
embedding_std_566,std,566,4920234,9.240866290251281e-09,1,1,50,460.1859672269784,14.380811475843077,3169884,1.5773447861183564e-08
embedding_std_567,std,567,4920234,1.4844754510323144e-08,1,359,50,460.1859672269784,14.380811475843077,3169884,1.5773447861183564e-08
embedding_std_568,std,568,4920234,1.2170588027301589e-08,1,0,50,460.1859672269784,14.380811475843077,3169884,1.5773447861183564e-08
embedding_std_569,std,569,4920234,1.813293731555709e-07,0,0,50,460.1859672269784,14.380811475843077,3169884,1.5773447861183564e-08
embedding_std_570,std,570,4920234,1.2299151194415935e-09,1,1,50,460.1859672269784,14.380811475843077,3169884,1.5773447861183564e-08
embedding_std_571,std,571,4920234,2.9108330746647732e-08,0,0,50,460.1859672269784,14.380811475843077,3169884,1.5773447861183564e-08
embedding_std_572,std,572,4920234,7.832712106923282e-09,1,1,50,460.1859672269784,14.380811475843077,3169884,1.5773447861183564e-08
embedding_std_573,std,573,4920234,3.427576052547055e-08,0,30,50,460.1859672269784,14.380811475843077,3169884,1.5773447861183564e-08
embedding_std_574,std,574,4920234,1.4658978042129505e-08,2,19,50,460.1859672269784,14.380811475843077,3169884,1.5773447861183564e-08
embedding_std_575,std,575,4920234,6.777270583899731e-08,0,0,50,460.1859672269784,14.380811475843077,3169884,1.5773447861183564e-08
embedding_std_576,std,576,4920234,1.918191148757423e-07,0,15782,51,435.9077682208736,13.622117756902298,3169884,1.5773447861183564e-08
embedding_std_577,std,577,4920234,2.425624243499437e-07,0,0,51,435.9077682208736,13.622117756902298,3169884,1.5773447861183564e-08
embedding_std_578,std,578,4920234,7.1383801622431345e-09,1,1,51,435.9077682208736,13.622117756902298,3169884,1.5773447861183564e-08
embedding_std_579,std,579,4920234,2.395555322964683e-07,0,0,51,435.9077682208736,13.622117756902298,3169884,1.5773447861183564e-08
embedding_std_580,std,580,4920234,8.437247722750372e-07,0,0,51,435.9077682208736,13.622117756902298,3169884,1.5773447861183564e-08
embedding_std_581,std,581,4920234,5.3430372276909295e-09,3,508,51,435.9077682208736,13.622117756902298,3169884,1.5773447861183564e-08
embedding_std_582,std,582,4920234,2.8097580806945174e-08,0,0,51,435.9077682208736,13.622117756902298,3169884,1.5773447861183564e-08
embedding_std_583,std,583,4920234,1.6703974870451278e-07,0,0,51,435.9077682208736,13.622117756902298,3169884,1.5773447861183564e-08
embedding_std_584,std,584,4920234,4.688069485027361e-12,188,1099,51,435.9077682208736,13.622117756902298,3169884,1.5773447861183564e-08
embedding_std_585,std,585,4920234,5.748840548906792e-09,6,266,51,435.9077682208736,13.622117756902298,3169884,1.5773447861183564e-08
embedding_std_586,std,586,4920234,8.109320373717929e-09,2,2,51,435.9077682208736,13.622117756902298,3169884,1.5773447861183564e-08
embedding_std_587,std,587,4920234,2.068600003127893e-07,0,0,51,435.9077682208736,13.622117756902298,3169884,1.5773447861183564e-08
embedding_std_588,std,588,4920234,2.9487216053616105e-07,0,0,51,435.9077682208736,13.622117756902298,3169884,1.5773447861183564e-08
embedding_std_589,std,589,4920234,5.9190646454102824e-08,0,0,51,435.9077682208736,13.622117756902298,3169884,1.5773447861183564e-08
embedding_std_590,std,590,4920234,1.0715283798951976e-07,0,0,51,435.9077682208736,13.622117756902298,3169884,1.5773447861183564e-08
embedding_std_591,std,591,4920234,9.48660404676887e-08,0,0,51,435.9077682208736,13.622117756902298,3169884,1.5773447861183564e-08
embedding_std_592,std,592,4920234,4.222682235453288e-07,0,0,51,435.9077682208736,13.622117756902298,3169884,1.5773447861183564e-08
embedding_std_593,std,593,4920234,1.212366071751114e-07,0,0,51,435.9077682208736,13.622117756902298,3169884,1.5773447861183564e-08
embedding_std_594,std,594,4920234,5.182711253616705e-08,0,0,51,435.9077682208736,13.622117756902298,3169884,1.5773447861183564e-08
embedding_std_595,std,595,4920234,8.058841717085371e-09,5,32,51,435.9077682208736,13.622117756902298,3169884,1.5773447861183564e-08
embedding_std_596,std,596,4920234,3.654049993275629e-08,0,0,51,435.9077682208736,13.622117756902298,3169884,1.5773447861183564e-08
embedding_std_597,std,597,4920234,4.178026234431394e-08,0,0,51,435.9077682208736,13.622117756902298,3169884,1.5773447861183564e-08
embedding_std_598,std,598,4920234,4.608119533507896e-08,0,0,51,435.9077682208736,13.622117756902298,3169884,1.5773447861183564e-08
embedding_std_599,std,599,4920234,3.855192717618857e-07,0,0,51,435.9077682208736,13.622117756902298,3169884,1.5773447861183564e-08
embedding_std_600,std,600,4920234,1.1993842587042315e-09,1,1,51,435.9077682208736,13.622117756902298,3169884,1.5773447861183564e-08
embedding_std_601,std,601,4920234,1.425876504168799e-09,90,1936,51,435.9077682208736,13.622117756902298,3169884,1.5773447861183564e-08
embedding_std_602,std,602,4920234,1.6845830066825745e-07,0,0,51,435.9077682208736,13.622117756902298,3169884,1.5773447861183564e-08
embedding_std_603,std,603,4920234,6.611133997452922e-07,0,0,51,435.9077682208736,13.622117756902298,3169884,1.5773447861183564e-08
embedding_std_604,std,604,4920234,6.052218114696543e-08,0,0,51,435.9077682208736,13.622117756902298,3169884,1.5773447861183564e-08
embedding_std_605,std,605,4920234,4.469820437860724e-08,0,0,51,435.9077682208736,13.622117756902298,3169884,1.5773447861183564e-08
embedding_std_606,std,606,4920234,3.238326064804092e-08,0,0,51,435.9077682208736,13.622117756902298,3169884,1.5773447861183564e-08
embedding_std_607,std,607,4920234,2.4084945735435505e-07,0,0,51,435.9077682208736,13.622117756902298,3169884,1.5773447861183564e-08
embedding_std_608,std,608,4920234,1.822017270991459e-07,0,0,52,419.2188364539761,13.100588639186752,3169884,1.5773447861183564e-08
embedding_std_609,std,609,4920234,7.420638223164971e-09,1,1,52,419.2188364539761,13.100588639186752,3169884,1.5773447861183564e-08
embedding_std_610,std,610,4920234,3.270962849844964e-08,0,0,52,419.2188364539761,13.100588639186752,3169884,1.5773447861183564e-08
embedding_std_611,std,611,4920234,2.3392929236230614e-08,0,0,52,419.2188364539761,13.100588639186752,3169884,1.5773447861183564e-08
embedding_std_612,std,612,4920234,1.5173291087632646e-07,0,0,52,419.2188364539761,13.100588639186752,3169884,1.5773447861183564e-08
embedding_std_613,std,613,4920234,4.814014060496436e-08,0,0,52,419.2188364539761,13.100588639186752,3169884,1.5773447861183564e-08
embedding_std_614,std,614,4920234,9.184449321010467e-08,0,0,52,419.2188364539761,13.100588639186752,3169884,1.5773447861183564e-08
embedding_std_615,std,615,4920234,3.5555137541005354e-08,0,0,52,419.2188364539761,13.100588639186752,3169884,1.5773447861183564e-08
embedding_std_616,std,616,4920234,1.2734543084246116e-08,1,2,52,419.2188364539761,13.100588639186752,3169884,1.5773447861183564e-08
embedding_std_617,std,617,4920234,1.165564721136978e-07,0,0,52,419.2188364539761,13.100588639186752,3169884,1.5773447861183564e-08
embedding_std_618,std,618,4920234,2.3745195198101473e-09,4,92,52,419.2188364539761,13.100588639186752,3169884,1.5773447861183564e-08
embedding_std_619,std,619,4920234,6.702089300177302e-08,0,0,52,419.2188364539761,13.100588639186752,3169884,1.5773447861183564e-08
embedding_std_620,std,620,4920234,7.592983888956114e-09,2,2,52,419.2188364539761,13.100588639186752,3169884,1.5773447861183564e-08
embedding_std_621,std,621,4920234,4.93700799696705e-08,0,0,52,419.2188364539761,13.100588639186752,3169884,1.5773447861183564e-08
embedding_std_622,std,622,4920234,2.1753636696436067e-10,27,314,52,419.2188364539761,13.100588639186752,3169884,1.5773447861183564e-08
embedding_std_623,std,623,4920234,3.269258176955018e-08,0,0,52,419.2188364539761,13.100588639186752,3169884,1.5773447861183564e-08
embedding_std_624,std,624,4920234,1.703871143849921e-07,0,0,52,419.2188364539761,13.100588639186752,3169884,1.5773447861183564e-08
embedding_std_625,std,625,4920234,5.833875794549352e-10,3,520,52,419.2188364539761,13.100588639186752,3169884,1.5773447861183564e-08
embedding_std_626,std,626,4920234,2.8375429117998842e-08,0,0,52,419.2188364539761,13.100588639186752,3169884,1.5773447861183564e-08
embedding_std_627,std,627,4920234,7.853765038657043e-09,1,2,52,419.2188364539761,13.100588639186752,3169884,1.5773447861183564e-08
embedding_std_628,std,628,4920234,1.6636520767705964e-09,2,5,52,419.2188364539761,13.100588639186752,3169884,1.5773447861183564e-08
embedding_std_629,std,629,4920234,8.399309548768257e-08,0,0,52,419.2188364539761,13.100588639186752,3169884,1.5773447861183564e-08
embedding_std_630,std,630,4920234,4.607954142259958e-08,0,0,52,419.2188364539761,13.100588639186752,3169884,1.5773447861183564e-08
embedding_std_631,std,631,4920234,2.7918225730442975e-07,0,0,52,419.2188364539761,13.100588639186752,3169884,1.5773447861183564e-08
embedding_std_632,std,632,4920234,1.7410176523267843e-08,0,0,52,419.2188364539761,13.100588639186752,3169884,1.5773447861183564e-08
embedding_std_633,std,633,4920234,9.114696335225816e-11,57,405,52,419.2188364539761,13.100588639186752,3169884,1.5773447861183564e-08
embedding_std_634,std,634,4920234,2.2563747601803566e-09,1,506,52,419.2188364539761,13.100588639186752,3169884,1.5773447861183564e-08
embedding_std_635,std,635,4920234,2.967445054541211e-08,0,0,52,419.2188364539761,13.100588639186752,3169884,1.5773447861183564e-08
embedding_std_636,std,636,4920234,1.5158859032662722e-07,0,0,52,419.2188364539761,13.100588639186752,3169884,1.5773447861183564e-08
embedding_std_637,std,637,4920234,2.452106716622935e-07,0,0,52,419.2188364539761,13.100588639186752,3169884,1.5773447861183564e-08
embedding_std_638,std,638,4920234,2.7280550003618998e-08,0,0,52,419.2188364539761,13.100588639186752,3169884,1.5773447861183564e-08
embedding_std_639,std,639,4920234,3.00092287697151e-08,0,0,52,419.2188364539761,13.100588639186752,3169884,1.5773447861183564e-08
embedding_std_640,std,640,4920234,5.9306182724080543e-08,0,0,53,426.3613927811384,13.323793524410576,3169884,1.5773447861183564e-08
embedding_std_641,std,641,4920234,5.268736083708358e-08,0,0,53,426.3613927811384,13.323793524410576,3169884,1.5773447861183564e-08
embedding_std_642,std,642,4920234,3.5744700266154163e-10,10,90,53,426.3613927811384,13.323793524410576,3169884,1.5773447861183564e-08
embedding_std_643,std,643,4920234,2.2525962716941184e-08,0,0,53,426.3613927811384,13.323793524410576,3169884,1.5773447861183564e-08
embedding_std_644,std,644,4920234,1.8901980168636084e-08,0,0,53,426.3613927811384,13.323793524410576,3169884,1.5773447861183564e-08
embedding_std_645,std,645,4920234,1.6360280237456253e-07,0,0,53,426.3613927811384,13.323793524410576,3169884,1.5773447861183564e-08
embedding_std_646,std,646,4920234,8.958633882209398e-08,0,0,53,426.3613927811384,13.323793524410576,3169884,1.5773447861183564e-08
embedding_std_647,std,647,4920234,1.9399722738277585e-07,0,0,53,426.3613927811384,13.323793524410576,3169884,1.5773447861183564e-08
embedding_std_648,std,648,4920234,8.407959547651287e-08,0,0,53,426.3613927811384,13.323793524410576,3169884,1.5773447861183564e-08
embedding_std_649,std,649,4920234,1.5068880389395014e-09,10,22,53,426.3613927811384,13.323793524410576,3169884,1.5773447861183564e-08
embedding_std_650,std,650,4920234,6.000316058292192e-07,0,0,53,426.3613927811384,13.323793524410576,3169884,1.5773447861183564e-08
embedding_std_651,std,651,4920234,1.6915710090442465e-07,0,0,53,426.3613927811384,13.323793524410576,3169884,1.5773447861183564e-08
embedding_std_652,std,652,4920234,8.343284208032674e-08,0,434,53,426.3613927811384,13.323793524410576,3169884,1.5773447861183564e-08
embedding_std_653,std,653,4920234,2.814387697770018e-07,0,0,53,426.3613927811384,13.323793524410576,3169884,1.5773447861183564e-08
embedding_std_654,std,654,4920234,2.556906024403597e-07,0,0,53,426.3613927811384,13.323793524410576,3169884,1.5773447861183564e-08
embedding_std_655,std,655,4920234,1.0741409472504714e-09,1,10,53,426.3613927811384,13.323793524410576,3169884,1.5773447861183564e-08
embedding_std_656,std,656,4920234,7.396294712263563e-08,0,0,53,426.3613927811384,13.323793524410576,3169884,1.5773447861183564e-08
embedding_std_657,std,657,4920234,4.898684026700093e-08,0,0,53,426.3613927811384,13.323793524410576,3169884,1.5773447861183564e-08
embedding_std_658,std,658,4920234,1.3157606330952834e-07,0,0,53,426.3613927811384,13.323793524410576,3169884,1.5773447861183564e-08
embedding_std_659,std,659,4920234,5.43348421854714e-08,0,0,53,426.3613927811384,13.323793524410576,3169884,1.5773447861183564e-08
embedding_std_660,std,660,4920234,3.177487052691458e-08,0,0,53,426.3613927811384,13.323793524410576,3169884,1.5773447861183564e-08
embedding_std_661,std,661,4920234,2.6863303913601923e-08,0,0,53,426.3613927811384,13.323793524410576,3169884,1.5773447861183564e-08
embedding_std_662,std,662,4920234,7.250744411432226e-09,1,1,53,426.3613927811384,13.323793524410576,3169884,1.5773447861183564e-08
embedding_std_663,std,663,4920234,6.329324651821526e-08,0,0,53,426.3613927811384,13.323793524410576,3169884,1.5773447861183564e-08
embedding_std_664,std,664,4920234,4.31479028265728e-08,0,0,53,426.3613927811384,13.323793524410576,3169884,1.5773447861183564e-08
embedding_std_665,std,665,4920234,2.529102796312608e-07,0,0,53,426.3613927811384,13.323793524410576,3169884,1.5773447861183564e-08
embedding_std_666,std,666,4920234,1.8639168410664617e-07,0,0,53,426.3613927811384,13.323793524410576,3169884,1.5773447861183564e-08
embedding_std_667,std,667,4920234,1.1780917517144065e-07,0,0,53,426.3613927811384,13.323793524410576,3169884,1.5773447861183564e-08
embedding_std_668,std,668,4920234,1.8368605895217317e-08,0,0,53,426.3613927811384,13.323793524410576,3169884,1.5773447861183564e-08
embedding_std_669,std,669,4920234,4.614774709218365e-08,0,0,53,426.3613927811384,13.323793524410576,3169884,1.5773447861183564e-08
embedding_std_670,std,670,4920234,6.169920183674514e-08,0,0,53,426.3613927811384,13.323793524410576,3169884,1.5773447861183564e-08
embedding_std_671,std,671,4920234,2.632731268073664e-08,0,0,53,426.3613927811384,13.323793524410576,3169884,1.5773447861183564e-08
embedding_std_672,std,672,4920234,8.121392960551439e-08,0,0,54,459.7739080709871,14.367934627218348,3169884,1.5773447861183564e-08
embedding_std_673,std,673,4920234,1.5436738492914065e-08,1,0,54,459.7739080709871,14.367934627218348,3169884,1.5773447861183564e-08
embedding_std_674,std,674,4920234,5.1962504010594515e-09,1,1,54,459.7739080709871,14.367934627218348,3169884,1.5773447861183564e-08
embedding_std_675,std,675,4920234,3.9153140457971006e-08,0,0,54,459.7739080709871,14.367934627218348,3169884,1.5773447861183564e-08
embedding_std_676,std,676,4920234,3.72668847595698e-07,0,0,54,459.7739080709871,14.367934627218348,3169884,1.5773447861183564e-08
embedding_std_677,std,677,4920234,3.157654447134432e-09,7,597,54,459.7739080709871,14.367934627218348,3169884,1.5773447861183564e-08
embedding_std_678,std,678,4920234,4.44598223599834e-08,0,2001,54,459.7739080709871,14.367934627218348,3169884,1.5773447861183564e-08
embedding_std_679,std,679,4920234,8.303115165908935e-10,7,11,54,459.7739080709871,14.367934627218348,3169884,1.5773447861183564e-08
embedding_std_680,std,680,4920234,9.224579287007029e-09,1,1,54,459.7739080709871,14.367934627218348,3169884,1.5773447861183564e-08
embedding_std_681,std,681,4920234,3.29536800998906e-09,1,1,54,459.7739080709871,14.367934627218348,3169884,1.5773447861183564e-08
embedding_std_682,std,682,4920234,3.392587788467814e-08,0,16,54,459.7739080709871,14.367934627218348,3169884,1.5773447861183564e-08
embedding_std_683,std,683,4920234,2.892625760516601e-07,0,0,54,459.7739080709871,14.367934627218348,3169884,1.5773447861183564e-08
embedding_std_684,std,684,4920234,2.1760635812576737e-08,0,0,54,459.7739080709871,14.367934627218348,3169884,1.5773447861183564e-08
embedding_std_685,std,685,4920234,1.961596591658456e-07,0,0,54,459.7739080709871,14.367934627218348,3169884,1.5773447861183564e-08
embedding_std_686,std,686,4920234,3.117202579216158e-07,0,0,54,459.7739080709871,14.367934627218348,3169884,1.5773447861183564e-08
embedding_std_687,std,687,4920234,1.3040835431186292e-07,0,0,54,459.7739080709871,14.367934627218348,3169884,1.5773447861183564e-08
embedding_std_688,std,688,4920234,1.418085262385121e-07,0,0,54,459.7739080709871,14.367934627218348,3169884,1.5773447861183564e-08
embedding_std_689,std,689,4920234,1.9278681810161257e-08,0,96,54,459.7739080709871,14.367934627218348,3169884,1.5773447861183564e-08
embedding_std_690,std,690,4920234,7.961819527749396e-08,0,0,54,459.7739080709871,14.367934627218348,3169884,1.5773447861183564e-08
embedding_std_691,std,691,4920234,7.95127667291014e-08,0,0,54,459.7739080709871,14.367934627218348,3169884,1.5773447861183564e-08
embedding_std_692,std,692,4920234,1.7471889811167561e-09,12,725,54,459.7739080709871,14.367934627218348,3169884,1.5773447861183564e-08
embedding_std_693,std,693,4920234,1.0929497676490865e-07,0,0,54,459.7739080709871,14.367934627218348,3169884,1.5773447861183564e-08
embedding_std_694,std,694,4920234,1.153969181423312e-06,0,0,54,459.7739080709871,14.367934627218348,3169884,1.5773447861183564e-08
embedding_std_695,std,695,4920234,3.066401657225917e-07,0,0,54,459.7739080709871,14.367934627218348,3169884,1.5773447861183564e-08
embedding_std_696,std,696,4920234,4.489717896030083e-08,0,0,54,459.7739080709871,14.367934627218348,3169884,1.5773447861183564e-08
embedding_std_697,std,697,4920234,1.2369138472725212e-07,0,0,54,459.7739080709871,14.367934627218348,3169884,1.5773447861183564e-08
embedding_std_698,std,698,4920234,1.1397972666186384e-08,1,11,54,459.7739080709871,14.367934627218348,3169884,1.5773447861183564e-08
embedding_std_699,std,699,4920234,2.018445049051098e-08,0,16,54,459.7739080709871,14.367934627218348,3169884,1.5773447861183564e-08
embedding_std_700,std,700,4920234,3.6604869471864673e-07,0,0,54,459.7739080709871,14.367934627218348,3169884,1.5773447861183564e-08
embedding_std_701,std,701,4920234,1.35720355674482e-08,1,0,54,459.7739080709871,14.367934627218348,3169884,1.5773447861183564e-08
embedding_std_702,std,702,4920234,9.876012060847118e-10,7,1391,54,459.7739080709871,14.367934627218348,3169884,1.5773447861183564e-08
embedding_std_703,std,703,4920234,1.205149867659634e-08,1,0,54,459.7739080709871,14.367934627218348,3169884,1.5773447861183564e-08
embedding_std_704,std,704,4920234,9.01139893502306e-09,1,20,55,441.302713742014,13.790709804437938,3169884,1.5773447861183564e-08
embedding_std_705,std,705,4920234,1.555764657546517e-07,0,0,55,441.302713742014,13.790709804437938,3169884,1.5773447861183564e-08
embedding_std_706,std,706,4920234,8.251871190057817e-08,0,0,55,441.302713742014,13.790709804437938,3169884,1.5773447861183564e-08
embedding_std_707,std,707,4920234,5.622144473582447e-09,1,1,55,441.302713742014,13.790709804437938,3169884,1.5773447861183564e-08
embedding_std_708,std,708,4920234,3.267284318972819e-07,0,0,55,441.302713742014,13.790709804437938,3169884,1.5773447861183564e-08
embedding_std_709,std,709,4920234,5.895675734731732e-07,0,0,55,441.302713742014,13.790709804437938,3169884,1.5773447861183564e-08
embedding_std_710,std,710,4920234,1.8935559542698575e-10,66,682,55,441.302713742014,13.790709804437938,3169884,1.5773447861183564e-08
embedding_std_711,std,711,4920234,1.2137163741665232e-08,1,0,55,441.302713742014,13.790709804437938,3169884,1.5773447861183564e-08
embedding_std_712,std,712,4920234,2.3747351019441306e-07,0,0,55,441.302713742014,13.790709804437938,3169884,1.5773447861183564e-08
embedding_std_713,std,713,4920234,8.235987389521019e-10,2,8,55,441.302713742014,13.790709804437938,3169884,1.5773447861183564e-08
embedding_std_714,std,714,4920234,2.0900812489471485e-07,0,0,55,441.302713742014,13.790709804437938,3169884,1.5773447861183564e-08
embedding_std_715,std,715,4920234,1.1651990186550407e-07,0,0,55,441.302713742014,13.790709804437938,3169884,1.5773447861183564e-08
embedding_std_716,std,716,4920234,1.9148403677239922e-08,0,0,55,441.302713742014,13.790709804437938,3169884,1.5773447861183564e-08
embedding_std_717,std,717,4920234,4.824099281743969e-07,0,0,55,441.302713742014,13.790709804437938,3169884,1.5773447861183564e-08
embedding_std_718,std,718,4920234,2.964183871205815e-07,0,0,55,441.302713742014,13.790709804437938,3169884,1.5773447861183564e-08
embedding_std_719,std,719,4920234,2.3672099736732201e-07,0,0,55,441.302713742014,13.790709804437938,3169884,1.5773447861183564e-08
embedding_std_720,std,720,4920234,1.243821193726912e-07,0,0,55,441.302713742014,13.790709804437938,3169884,1.5773447861183564e-08
embedding_std_721,std,721,4920234,2.5636331777419794e-10,15,48,55,441.302713742014,13.790709804437938,3169884,1.5773447861183564e-08
embedding_std_722,std,722,4920234,1.4865380746632328e-10,8,595,55,441.302713742014,13.790709804437938,3169884,1.5773447861183564e-08
embedding_std_723,std,723,4920234,3.6936331081247324e-08,0,893,55,441.302713742014,13.790709804437938,3169884,1.5773447861183564e-08
embedding_std_724,std,724,4920234,3.360759599770615e-10,16,23,55,441.302713742014,13.790709804437938,3169884,1.5773447861183564e-08
embedding_std_725,std,725,4920234,1.9701613556211037e-07,0,0,55,441.302713742014,13.790709804437938,3169884,1.5773447861183564e-08
embedding_std_726,std,726,4920234,1.171242386077687e-09,1,1,55,441.302713742014,13.790709804437938,3169884,1.5773447861183564e-08
embedding_std_727,std,727,4920234,3.775825900843697e-08,0,0,55,441.302713742014,13.790709804437938,3169884,1.5773447861183564e-08
embedding_std_728,std,728,4920234,3.763558677676157e-07,0,0,55,441.302713742014,13.790709804437938,3169884,1.5773447861183564e-08
embedding_std_729,std,729,4920234,1.4603737281363715e-09,4,38,55,441.302713742014,13.790709804437938,3169884,1.5773447861183564e-08
embedding_std_730,std,730,4920234,1.2629571494837815e-10,197,3253,55,441.302713742014,13.790709804437938,3169884,1.5773447861183564e-08
embedding_std_731,std,731,4920234,1.9918242947820257e-07,0,0,55,441.302713742014,13.790709804437938,3169884,1.5773447861183564e-08
embedding_std_732,std,732,4920234,6.807539487845057e-07,0,0,55,441.302713742014,13.790709804437938,3169884,1.5773447861183564e-08
embedding_std_733,std,733,4920234,1.7794317133829467e-09,1,1,55,441.302713742014,13.790709804437938,3169884,1.5773447861183564e-08
embedding_std_734,std,734,4920234,1.715833657953593e-08,0,0,55,441.302713742014,13.790709804437938,3169884,1.5773447861183564e-08
embedding_std_735,std,735,4920234,1.459490076072319e-07,0,0,55,441.302713742014,13.790709804437938,3169884,1.5773447861183564e-08
embedding_std_736,std,736,4920234,4.0881512764868535e-10,4,14,56,400.5967549888883,12.51864859340276,3169884,1.5773447861183564e-08
embedding_std_737,std,737,4920234,5.7864797362383545e-08,0,0,56,400.5967549888883,12.51864859340276,3169884,1.5773447861183564e-08
embedding_std_738,std,738,4920234,3.5436660279797514e-08,0,0,56,400.5967549888883,12.51864859340276,3169884,1.5773447861183564e-08
embedding_std_739,std,739,4920234,5.7734262624995685e-09,10,1651,56,400.5967549888883,12.51864859340276,3169884,1.5773447861183564e-08
embedding_std_740,std,740,4920234,1.8152699195101152e-08,0,0,56,400.5967549888883,12.51864859340276,3169884,1.5773447861183564e-08
embedding_std_741,std,741,4920234,8.763682545631893e-09,1,735,56,400.5967549888883,12.51864859340276,3169884,1.5773447861183564e-08
embedding_std_742,std,742,4920234,3.213319200653353e-07,0,0,56,400.5967549888883,12.51864859340276,3169884,1.5773447861183564e-08
embedding_std_743,std,743,4920234,2.4343664677765044e-08,0,0,56,400.5967549888883,12.51864859340276,3169884,1.5773447861183564e-08
embedding_std_744,std,744,4920234,1.0220581540021094e-07,0,0,56,400.5967549888883,12.51864859340276,3169884,1.5773447861183564e-08
embedding_std_745,std,745,4920234,7.167822220520881e-09,2,2,56,400.5967549888883,12.51864859340276,3169884,1.5773447861183564e-08
embedding_std_746,std,746,4920234,5.124597250158038e-09,1,3,56,400.5967549888883,12.51864859340276,3169884,1.5773447861183564e-08
embedding_std_747,std,747,4920234,1.0348529738651689e-07,0,0,56,400.5967549888883,12.51864859340276,3169884,1.5773447861183564e-08
embedding_std_748,std,748,4920234,1.0997890469141409e-07,0,0,56,400.5967549888883,12.51864859340276,3169884,1.5773447861183564e-08
embedding_std_749,std,749,4920234,1.900193100811273e-08,0,0,56,400.5967549888883,12.51864859340276,3169884,1.5773447861183564e-08
embedding_std_750,std,750,4920234,2.5839475818684184e-08,0,0,56,400.5967549888883,12.51864859340276,3169884,1.5773447861183564e-08
embedding_std_751,std,751,4920234,1.212036680706439e-08,1,0,56,400.5967549888883,12.51864859340276,3169884,1.5773447861183564e-08
embedding_std_752,std,752,4920234,2.2441267749315542e-08,0,0,56,400.5967549888883,12.51864859340276,3169884,1.5773447861183564e-08
embedding_std_753,std,753,4920234,1.762732552373638e-09,1,1,56,400.5967549888883,12.51864859340276,3169884,1.5773447861183564e-08
embedding_std_754,std,754,4920234,4.7337507460630046e-07,0,0,56,400.5967549888883,12.51864859340276,3169884,1.5773447861183564e-08
embedding_std_755,std,755,4920234,1.6326398728911858e-07,0,0,56,400.5967549888883,12.51864859340276,3169884,1.5773447861183564e-08
embedding_std_756,std,756,4920234,8.530926282713823e-08,0,225,56,400.5967549888883,12.51864859340276,3169884,1.5773447861183564e-08
embedding_std_757,std,757,4920234,2.967194476724424e-11,203,1434,56,400.5967549888883,12.51864859340276,3169884,1.5773447861183564e-08
embedding_std_758,std,758,4920234,9.757334831453139e-08,0,0,56,400.5967549888883,12.51864859340276,3169884,1.5773447861183564e-08
embedding_std_759,std,759,4920234,4.3234903499896963e-08,0,0,56,400.5967549888883,12.51864859340276,3169884,1.5773447861183564e-08
embedding_std_760,std,760,4920234,1.4858066906481844e-07,0,0,56,400.5967549888883,12.51864859340276,3169884,1.5773447861183564e-08
embedding_std_761,std,761,4920234,3.636223085683648e-09,2,138,56,400.5967549888883,12.51864859340276,3169884,1.5773447861183564e-08
embedding_std_762,std,762,4920234,2.4139281871875033e-08,0,0,56,400.5967549888883,12.51864859340276,3169884,1.5773447861183564e-08
embedding_std_763,std,763,4920234,4.3859224350873794e-07,0,0,56,400.5967549888883,12.51864859340276,3169884,1.5773447861183564e-08
embedding_std_764,std,764,4920234,7.502695228130447e-08,0,0,56,400.5967549888883,12.51864859340276,3169884,1.5773447861183564e-08
embedding_std_765,std,765,4920234,2.0205562983040172e-08,0,0,56,400.5967549888883,12.51864859340276,3169884,1.5773447861183564e-08
embedding_std_766,std,766,4920234,1.0068490336303296e-08,1,1,56,400.5967549888883,12.51864859340276,3169884,1.5773447861183564e-08
embedding_std_767,std,767,4920234,3.4330487923724033e-09,8,327,56,400.5967549888883,12.51864859340276,3169884,1.5773447861183564e-08
embedding_std_768,std,768,4920234,1.7421922216348378e-08,0,308,57,450.080198922893,14.065006216340407,3169884,1.5773447861183564e-08
embedding_std_769,std,769,4920234,7.530629152761799e-11,258,2647,57,450.080198922893,14.065006216340407,3169884,1.5773447861183564e-08
embedding_std_770,std,770,4920234,2.404049197613431e-07,0,0,57,450.080198922893,14.065006216340407,3169884,1.5773447861183564e-08
embedding_std_771,std,771,4920234,6.349577857578964e-08,0,529,57,450.080198922893,14.065006216340407,3169884,1.5773447861183564e-08
embedding_std_772,std,772,4920234,3.137653519965393e-07,0,0,57,450.080198922893,14.065006216340407,3169884,1.5773447861183564e-08
embedding_std_773,std,773,4920234,1.1806041080323928e-07,0,0,57,450.080198922893,14.065006216340407,3169884,1.5773447861183564e-08
embedding_std_774,std,774,4920234,4.642749247772137e-09,1,1,57,450.080198922893,14.065006216340407,3169884,1.5773447861183564e-08
embedding_std_775,std,775,4920234,1.5221039793308106e-09,6,502,57,450.080198922893,14.065006216340407,3169884,1.5773447861183564e-08
embedding_std_776,std,776,4920234,3.993046387881642e-10,9,42,57,450.080198922893,14.065006216340407,3169884,1.5773447861183564e-08
embedding_std_777,std,777,4920234,7.117202529563563e-08,0,0,57,450.080198922893,14.065006216340407,3169884,1.5773447861183564e-08
embedding_std_778,std,778,4920234,5.8400863450037355e-09,13,835,57,450.080198922893,14.065006216340407,3169884,1.5773447861183564e-08
embedding_std_779,std,779,4920234,1.0186793919689143e-07,0,0,57,450.080198922893,14.065006216340407,3169884,1.5773447861183564e-08
embedding_std_780,std,780,4920234,1.0130658525645245e-07,0,0,57,450.080198922893,14.065006216340407,3169884,1.5773447861183564e-08
embedding_std_781,std,781,4920234,1.0140207076516672e-08,1,1,57,450.080198922893,14.065006216340407,3169884,1.5773447861183564e-08
embedding_std_782,std,782,4920234,8.604349729399919e-07,0,0,57,450.080198922893,14.065006216340407,3169884,1.5773447861183564e-08
embedding_std_783,std,783,4920234,1.3211904864588273e-08,2,22,57,450.080198922893,14.065006216340407,3169884,1.5773447861183564e-08
embedding_std_784,std,784,4920234,5.209527174384562e-09,1,1,57,450.080198922893,14.065006216340407,3169884,1.5773447861183564e-08
embedding_std_785,std,785,4920234,9.834837354727774e-09,2,19,57,450.080198922893,14.065006216340407,3169884,1.5773447861183564e-08
embedding_std_786,std,786,4920234,3.376446192229553e-08,0,0,57,450.080198922893,14.065006216340407,3169884,1.5773447861183564e-08
embedding_std_787,std,787,4920234,3.3721836976065635e-08,0,0,57,450.080198922893,14.065006216340407,3169884,1.5773447861183564e-08
embedding_std_788,std,788,4920234,2.729251664633485e-08,0,0,57,450.080198922893,14.065006216340407,3169884,1.5773447861183564e-08
embedding_std_789,std,789,4920234,1.955562079600396e-08,0,0,57,450.080198922893,14.065006216340407,3169884,1.5773447861183564e-08
embedding_std_790,std,790,4920234,1.381840881062151e-07,0,0,57,450.080198922893,14.065006216340407,3169884,1.5773447861183564e-08
embedding_std_791,std,791,4920234,1.5251471186119585e-08,1,0,57,450.080198922893,14.065006216340407,3169884,1.5773447861183564e-08
embedding_std_792,std,792,4920234,7.560179586948267e-08,0,0,57,450.080198922893,14.065006216340407,3169884,1.5773447861183564e-08
embedding_std_793,std,793,4920234,3.2741185223876937e-10,70,432,57,450.080198922893,14.065006216340407,3169884,1.5773447861183564e-08
embedding_std_794,std,794,4920234,5.341319006875926e-10,9,82,57,450.080198922893,14.065006216340407,3169884,1.5773447861183564e-08
embedding_std_795,std,795,4920234,1.816156869902831e-07,0,0,57,450.080198922893,14.065006216340407,3169884,1.5773447861183564e-08
embedding_std_796,std,796,4920234,7.21952654220414e-09,1,822,57,450.080198922893,14.065006216340407,3169884,1.5773447861183564e-08
embedding_std_797,std,797,4920234,4.565108626932142e-08,0,0,57,450.080198922893,14.065006216340407,3169884,1.5773447861183564e-08
embedding_std_798,std,798,4920234,3.208822611799904e-07,0,0,57,450.080198922893,14.065006216340407,3169884,1.5773447861183564e-08
embedding_std_799,std,799,4920234,3.9784740240641086e-08,0,0,57,450.080198922893,14.065006216340407,3169884,1.5773447861183564e-08
embedding_std_800,std,800,4920234,1.7339931263981358e-08,0,0,58,441.6726996661164,13.802271864566135,3169884,1.5773447861183564e-08
embedding_std_801,std,801,4920234,1.9659313955720964e-08,0,0,58,441.6726996661164,13.802271864566135,3169884,1.5773447861183564e-08
embedding_std_802,std,802,4920234,3.4039970558981362e-09,7,1635,58,441.6726996661164,13.802271864566135,3169884,1.5773447861183564e-08
embedding_std_803,std,803,4920234,8.482037030789488e-09,1,1,58,441.6726996661164,13.802271864566135,3169884,1.5773447861183564e-08
embedding_std_804,std,804,4920234,1.025622982921396e-07,0,0,58,441.6726996661164,13.802271864566135,3169884,1.5773447861183564e-08
embedding_std_805,std,805,4920234,3.590395097490802e-08,0,0,58,441.6726996661164,13.802271864566135,3169884,1.5773447861183564e-08
embedding_std_806,std,806,4920234,2.2666074803466628e-08,0,0,58,441.6726996661164,13.802271864566135,3169884,1.5773447861183564e-08
embedding_std_807,std,807,4920234,2.9256054656186e-07,0,0,58,441.6726996661164,13.802271864566135,3169884,1.5773447861183564e-08
embedding_std_808,std,808,4920234,2.6784992223142235e-09,2,1683,58,441.6726996661164,13.802271864566135,3169884,1.5773447861183564e-08
embedding_std_809,std,809,4920234,1.13092436724679e-07,0,0,58,441.6726996661164,13.802271864566135,3169884,1.5773447861183564e-08
embedding_std_810,std,810,4920234,1.1735250562884045e-08,1,0,58,441.6726996661164,13.802271864566135,3169884,1.5773447861183564e-08
embedding_std_811,std,811,4920234,4.555932652466464e-09,1,2,58,441.6726996661164,13.802271864566135,3169884,1.5773447861183564e-08
embedding_std_812,std,812,4920234,8.659051230084081e-08,0,0,58,441.6726996661164,13.802271864566135,3169884,1.5773447861183564e-08
embedding_std_813,std,813,4920234,1.8609333237821894e-07,0,0,58,441.6726996661164,13.802271864566135,3169884,1.5773447861183564e-08
embedding_std_814,std,814,4920234,5.422341375654342e-07,0,0,58,441.6726996661164,13.802271864566135,3169884,1.5773447861183564e-08
embedding_std_815,std,815,4920234,1.3661303700167187e-09,8,129,58,441.6726996661164,13.802271864566135,3169884,1.5773447861183564e-08
embedding_std_816,std,816,4920234,2.984280194347616e-08,0,0,58,441.6726996661164,13.802271864566135,3169884,1.5773447861183564e-08
embedding_std_817,std,817,4920234,2.5671225528108993e-08,0,0,58,441.6726996661164,13.802271864566135,3169884,1.5773447861183564e-08
embedding_std_818,std,818,4920234,1.7864687979614478e-10,49,2114,58,441.6726996661164,13.802271864566135,3169884,1.5773447861183564e-08
embedding_std_819,std,819,4920234,4.5166436626812265e-08,0,0,58,441.6726996661164,13.802271864566135,3169884,1.5773447861183564e-08
embedding_std_820,std,820,4920234,3.397788400011274e-09,3,118,58,441.6726996661164,13.802271864566135,3169884,1.5773447861183564e-08
embedding_std_821,std,821,4920234,3.175987225476247e-08,0,0,58,441.6726996661164,13.802271864566135,3169884,1.5773447861183564e-08
embedding_std_822,std,822,4920234,2.4893517774743064e-07,0,0,58,441.6726996661164,13.802271864566135,3169884,1.5773447861183564e-08
embedding_std_823,std,823,4920234,1.680740242415103e-09,1,1,58,441.6726996661164,13.802271864566135,3169884,1.5773447861183564e-08
embedding_std_824,std,824,4920234,5.0750622480710713e-08,0,0,58,441.6726996661164,13.802271864566135,3169884,1.5773447861183564e-08
embedding_std_825,std,825,4920234,2.7345271499412e-08,0,0,58,441.6726996661164,13.802271864566135,3169884,1.5773447861183564e-08
embedding_std_826,std,826,4920234,4.57227193081778e-07,0,0,58,441.6726996661164,13.802271864566135,3169884,1.5773447861183564e-08
embedding_std_827,std,827,4920234,8.41368681426598e-09,6,917,58,441.6726996661164,13.802271864566135,3169884,1.5773447861183564e-08
embedding_std_828,std,828,4920234,4.17927650773494e-10,36,187,58,441.6726996661164,13.802271864566135,3169884,1.5773447861183564e-08
embedding_std_829,std,829,4920234,1.15928350185484e-07,0,0,58,441.6726996661164,13.802271864566135,3169884,1.5773447861183564e-08
embedding_std_830,std,830,4920234,5.134340715935943e-07,0,0,58,441.6726996661164,13.802271864566135,3169884,1.5773447861183564e-08
embedding_std_831,std,831,4920234,1.5741392937916874e-09,6,966,58,441.6726996661164,13.802271864566135,3169884,1.5773447861183564e-08
embedding_std_832,std,832,4920234,2.195663492259077e-07,0,0,59,428.8941413839348,13.40294191824796,3169884,1.5773447861183564e-08
embedding_std_833,std,833,4920234,4.477907493977165e-07,0,0,59,428.8941413839348,13.40294191824796,3169884,1.5773447861183564e-08
embedding_std_834,std,834,4920234,2.1715213263841682e-07,0,0,59,428.8941413839348,13.40294191824796,3169884,1.5773447861183564e-08
embedding_std_835,std,835,4920234,1.656936994372944e-09,2,3,59,428.8941413839348,13.40294191824796,3169884,1.5773447861183564e-08
embedding_std_836,std,836,4920234,2.55740235760468e-07,0,0,59,428.8941413839348,13.40294191824796,3169884,1.5773447861183564e-08
embedding_std_837,std,837,4920234,5.024966773100962e-09,4,170,59,428.8941413839348,13.40294191824796,3169884,1.5773447861183564e-08
embedding_std_838,std,838,4920234,2.1725420667307878e-08,0,0,59,428.8941413839348,13.40294191824796,3169884,1.5773447861183564e-08
embedding_std_839,std,839,4920234,1.0015396684847168e-08,2,53,59,428.8941413839348,13.40294191824796,3169884,1.5773447861183564e-08
embedding_std_840,std,840,4920234,7.294023851475073e-09,3,173,59,428.8941413839348,13.40294191824796,3169884,1.5773447861183564e-08
embedding_std_841,std,841,4920234,1.1846255701479149e-06,0,0,59,428.8941413839348,13.40294191824796,3169884,1.5773447861183564e-08
embedding_std_842,std,842,4920234,2.92366347041596e-07,0,0,59,428.8941413839348,13.40294191824796,3169884,1.5773447861183564e-08
embedding_std_843,std,843,4920234,2.405773520943729e-07,0,0,59,428.8941413839348,13.40294191824796,3169884,1.5773447861183564e-08
embedding_std_844,std,844,4920234,3.1036427683160735e-07,0,0,59,428.8941413839348,13.40294191824796,3169884,1.5773447861183564e-08
embedding_std_845,std,845,4920234,5.7688727543807165e-09,1,11,59,428.8941413839348,13.40294191824796,3169884,1.5773447861183564e-08
embedding_std_846,std,846,4920234,2.212220816041943e-07,0,0,59,428.8941413839348,13.40294191824796,3169884,1.5773447861183564e-08
embedding_std_847,std,847,4920234,9.676549744486483e-10,5,19,59,428.8941413839348,13.40294191824796,3169884,1.5773447861183564e-08
embedding_std_848,std,848,4920234,4.3567622590600825e-08,0,0,59,428.8941413839348,13.40294191824796,3169884,1.5773447861183564e-08
embedding_std_849,std,849,4920234,1.3971555557050461e-08,1,5070,59,428.8941413839348,13.40294191824796,3169884,1.5773447861183564e-08
embedding_std_850,std,850,4920234,6.139100873851466e-08,0,0,59,428.8941413839348,13.40294191824796,3169884,1.5773447861183564e-08
embedding_std_851,std,851,4920234,4.303768226663679e-10,2,2,59,428.8941413839348,13.40294191824796,3169884,1.5773447861183564e-08
embedding_std_852,std,852,4920234,1.0800368168522981e-07,0,0,59,428.8941413839348,13.40294191824796,3169884,1.5773447861183564e-08
embedding_std_853,std,853,4920234,2.158664319990299e-08,0,17,59,428.8941413839348,13.40294191824796,3169884,1.5773447861183564e-08
embedding_std_854,std,854,4920234,2.8981099923905232e-08,0,0,59,428.8941413839348,13.40294191824796,3169884,1.5773447861183564e-08
embedding_std_855,std,855,4920234,1.0617790975392357e-07,0,0,59,428.8941413839348,13.40294191824796,3169884,1.5773447861183564e-08
embedding_std_856,std,856,4920234,5.013510899460133e-08,0,0,59,428.8941413839348,13.40294191824796,3169884,1.5773447861183564e-08
embedding_std_857,std,857,4920234,1.6900998366332322e-07,0,0,59,428.8941413839348,13.40294191824796,3169884,1.5773447861183564e-08
embedding_std_858,std,858,4920234,5.892420959434226e-08,0,1545,59,428.8941413839348,13.40294191824796,3169884,1.5773447861183564e-08
embedding_std_859,std,859,4920234,3.454272034999546e-08,0,0,59,428.8941413839348,13.40294191824796,3169884,1.5773447861183564e-08
embedding_std_860,std,860,4920234,1.3491870061062713e-07,0,0,59,428.8941413839348,13.40294191824796,3169884,1.5773447861183564e-08
embedding_std_861,std,861,4920234,9.425264877420451e-09,3,3,59,428.8941413839348,13.40294191824796,3169884,1.5773447861183564e-08
embedding_std_862,std,862,4920234,1.3956920058501252e-07,0,0,59,428.8941413839348,13.40294191824796,3169884,1.5773447861183564e-08
embedding_std_863,std,863,4920234,1.1056078515012554e-08,2,22291,59,428.8941413839348,13.40294191824796,3169884,1.5773447861183564e-08
embedding_std_864,std,864,4920234,3.694609317736096e-08,0,396,60,449.9720846468117,14.061627645212866,3169884,1.5773447861183564e-08
embedding_std_865,std,865,4920234,8.604993386305136e-08,0,0,60,449.9720846468117,14.061627645212866,3169884,1.5773447861183564e-08
embedding_std_866,std,866,4920234,4.579392397243242e-08,0,0,60,449.9720846468117,14.061627645212866,3169884,1.5773447861183564e-08
embedding_std_867,std,867,4920234,3.195247467625014e-09,5,777,60,449.9720846468117,14.061627645212866,3169884,1.5773447861183564e-08
embedding_std_868,std,868,4920234,5.3291400890433915e-08,0,0,60,449.9720846468117,14.061627645212866,3169884,1.5773447861183564e-08
embedding_std_869,std,869,4920234,1.18204856192976e-06,0,0,60,449.9720846468117,14.061627645212866,3169884,1.5773447861183564e-08
embedding_std_870,std,870,4920234,6.99352279198087e-08,0,0,60,449.9720846468117,14.061627645212866,3169884,1.5773447861183564e-08
embedding_std_871,std,871,4920234,9.143929338653368e-08,0,0,60,449.9720846468117,14.061627645212866,3169884,1.5773447861183564e-08
embedding_std_872,std,872,4920234,3.0282316359070572e-09,5,458,60,449.9720846468117,14.061627645212866,3169884,1.5773447861183564e-08
embedding_std_873,std,873,4920234,1.9574829322822047e-09,27,238,60,449.9720846468117,14.061627645212866,3169884,1.5773447861183564e-08
embedding_std_874,std,874,4920234,1.0137998441917557e-08,2,2,60,449.9720846468117,14.061627645212866,3169884,1.5773447861183564e-08
embedding_std_875,std,875,4920234,3.594278206177508e-08,0,0,60,449.9720846468117,14.061627645212866,3169884,1.5773447861183564e-08
embedding_std_876,std,876,4920234,5.1424108425300364e-08,0,0,60,449.9720846468117,14.061627645212866,3169884,1.5773447861183564e-08
embedding_std_877,std,877,4920234,3.0767710646109514e-08,0,0,60,449.9720846468117,14.061627645212866,3169884,1.5773447861183564e-08
embedding_std_878,std,878,4920234,1.1984616235773443e-08,1,0,60,449.9720846468117,14.061627645212866,3169884,1.5773447861183564e-08
embedding_std_879,std,879,4920234,1.2772444788204306e-07,0,0,60,449.9720846468117,14.061627645212866,3169884,1.5773447861183564e-08
embedding_std_880,std,880,4920234,2.628780969281816e-08,0,0,60,449.9720846468117,14.061627645212866,3169884,1.5773447861183564e-08
embedding_std_881,std,881,4920234,4.431655973223406e-07,0,0,60,449.9720846468117,14.061627645212866,3169884,1.5773447861183564e-08
embedding_std_882,std,882,4920234,8.485540168412953e-09,1,1,60,449.9720846468117,14.061627645212866,3169884,1.5773447861183564e-08
embedding_std_883,std,883,4920234,1.2954570214294278e-07,0,0,60,449.9720846468117,14.061627645212866,3169884,1.5773447861183564e-08
embedding_std_884,std,884,4920234,5.406535071662662e-07,0,0,60,449.9720846468117,14.061627645212866,3169884,1.5773447861183564e-08
embedding_std_885,std,885,4920234,4.84533499935596e-09,1,1,60,449.9720846468117,14.061627645212866,3169884,1.5773447861183564e-08
embedding_std_886,std,886,4920234,6.801736742791469e-09,3,541,60,449.9720846468117,14.061627645212866,3169884,1.5773447861183564e-08
embedding_std_887,std,887,4920234,5.646588987719386e-08,0,0,60,449.9720846468117,14.061627645212866,3169884,1.5773447861183564e-08
embedding_std_888,std,888,4920234,1.2757230425786525e-07,0,0,60,449.9720846468117,14.061627645212866,3169884,1.5773447861183564e-08
embedding_std_889,std,889,4920234,2.3335937142741624e-09,2,1166,60,449.9720846468117,14.061627645212866,3169884,1.5773447861183564e-08
embedding_std_890,std,890,4920234,1.998375181819545e-11,492,4192,60,449.9720846468117,14.061627645212866,3169884,1.5773447861183564e-08
embedding_std_891,std,891,4920234,5.7536617518762895e-08,0,0,60,449.9720846468117,14.061627645212866,3169884,1.5773447861183564e-08
embedding_std_892,std,892,4920234,5.025213519297435e-09,1,663,60,449.9720846468117,14.061627645212866,3169884,1.5773447861183564e-08
embedding_std_893,std,893,4920234,8.760851285611288e-08,0,0,60,449.9720846468117,14.061627645212866,3169884,1.5773447861183564e-08
embedding_std_894,std,894,4920234,1.704758533279685e-07,0,0,60,449.9720846468117,14.061627645212866,3169884,1.5773447861183564e-08
embedding_std_895,std,895,4920234,1.1791174352513521e-07,0,0,60,449.9720846468117,14.061627645212866,3169884,1.5773447861183564e-08
embedding_std_896,std,896,4920234,6.330076092032072e-12,103,2070,61,482.354159707902,15.073567490871936,3169884,1.5773447861183564e-08
embedding_std_897,std,897,4920234,3.305055445448334e-09,4,60,61,482.354159707902,15.073567490871936,3169884,1.5773447861183564e-08
embedding_std_898,std,898,4920234,2.7227212925542494e-07,0,0,61,482.354159707902,15.073567490871936,3169884,1.5773447861183564e-08
embedding_std_899,std,899,4920234,1.013116731240736e-07,0,0,61,482.354159707902,15.073567490871936,3169884,1.5773447861183564e-08
embedding_std_900,std,900,4920234,1.691594891222809e-08,0,1233,61,482.354159707902,15.073567490871936,3169884,1.5773447861183564e-08
embedding_std_901,std,901,4920234,1.371670965707987e-07,0,0,61,482.354159707902,15.073567490871936,3169884,1.5773447861183564e-08
embedding_std_902,std,902,4920234,4.768614828297613e-08,0,0,61,482.354159707902,15.073567490871936,3169884,1.5773447861183564e-08
embedding_std_903,std,903,4920234,5.764349822372189e-07,0,0,61,482.354159707902,15.073567490871936,3169884,1.5773447861183564e-08
embedding_std_904,std,904,4920234,3.463325703980825e-09,3,7,61,482.354159707902,15.073567490871936,3169884,1.5773447861183564e-08
embedding_std_905,std,905,4920234,9.599921884911989e-09,2,1031,61,482.354159707902,15.073567490871936,3169884,1.5773447861183564e-08
embedding_std_906,std,906,4920234,1.0368346590910903e-12,22,2352,61,482.354159707902,15.073567490871936,3169884,1.5773447861183564e-08
embedding_std_907,std,907,4920234,4.0056833829895296e-08,0,0,61,482.354159707902,15.073567490871936,3169884,1.5773447861183564e-08
embedding_std_908,std,908,4920234,5.155783217363727e-08,0,0,61,482.354159707902,15.073567490871936,3169884,1.5773447861183564e-08
embedding_std_909,std,909,4920234,5.383864742570447e-11,436,6104,61,482.354159707902,15.073567490871936,3169884,1.5773447861183564e-08
embedding_std_910,std,910,4920234,5.772645345998973e-09,4,8,61,482.354159707902,15.073567490871936,3169884,1.5773447861183564e-08
embedding_std_911,std,911,4920234,7.292958441686477e-07,0,0,61,482.354159707902,15.073567490871936,3169884,1.5773447861183564e-08
embedding_std_912,std,912,4920234,4.066587731964323e-07,0,0,61,482.354159707902,15.073567490871936,3169884,1.5773447861183564e-08
embedding_std_913,std,913,4920234,3.837310237535746e-08,0,0,61,482.354159707902,15.073567490871936,3169884,1.5773447861183564e-08
embedding_std_914,std,914,4920234,6.946575911600882e-08,0,0,61,482.354159707902,15.073567490871936,3169884,1.5773447861183564e-08
embedding_std_915,std,915,4920234,1.7542865591421784e-10,33,3614,61,482.354159707902,15.073567490871936,3169884,1.5773447861183564e-08
embedding_std_916,std,916,4920234,3.2141668893136856e-08,0,776,61,482.354159707902,15.073567490871936,3169884,1.5773447861183564e-08
embedding_std_917,std,917,4920234,2.0598901678623266e-08,0,0,61,482.354159707902,15.073567490871936,3169884,1.5773447861183564e-08
embedding_std_918,std,918,4920234,1.847943529301823e-07,0,0,61,482.354159707902,15.073567490871936,3169884,1.5773447861183564e-08
embedding_std_919,std,919,4920234,5.2865825583932866e-08,0,0,61,482.354159707902,15.073567490871936,3169884,1.5773447861183564e-08
embedding_std_920,std,920,4920234,1.0462681514094144e-10,167,2494,61,482.354159707902,15.073567490871936,3169884,1.5773447861183564e-08
embedding_std_921,std,921,4920234,1.5169308246439432e-07,0,0,61,482.354159707902,15.073567490871936,3169884,1.5773447861183564e-08
embedding_std_922,std,922,4920234,2.665252233745737e-09,1,1,61,482.354159707902,15.073567490871936,3169884,1.5773447861183564e-08
embedding_std_923,std,923,4920234,6.963689910353667e-08,0,0,61,482.354159707902,15.073567490871936,3169884,1.5773447861183564e-08
embedding_std_924,std,924,4920234,3.4606604536856887e-08,0,0,61,482.354159707902,15.073567490871936,3169884,1.5773447861183564e-08
embedding_std_925,std,925,4920234,5.089892810117029e-09,1,85,61,482.354159707902,15.073567490871936,3169884,1.5773447861183564e-08
embedding_std_926,std,926,4920234,2.3695968311134625e-07,0,0,61,482.354159707902,15.073567490871936,3169884,1.5773447861183564e-08
embedding_std_927,std,927,4920234,6.194850096582155e-10,5,14,61,482.354159707902,15.073567490871936,3169884,1.5773447861183564e-08
embedding_std_928,std,928,4920234,3.7650508727006877e-07,0,0,62,451.6733199818991,14.114791249434347,3169884,1.5773447861183564e-08
embedding_std_929,std,929,4920234,7.176609026986765e-10,29,165,62,451.6733199818991,14.114791249434347,3169884,1.5773447861183564e-08
embedding_std_930,std,930,4920234,2.2235768651772143e-08,0,0,62,451.6733199818991,14.114791249434347,3169884,1.5773447861183564e-08
embedding_std_931,std,931,4920234,3.3083638062214614e-07,0,0,62,451.6733199818991,14.114791249434347,3169884,1.5773447861183564e-08
embedding_std_932,std,932,4920234,4.092632761612788e-09,2,452,62,451.6733199818991,14.114791249434347,3169884,1.5773447861183564e-08
embedding_std_933,std,933,4920234,1.4965908524854717e-07,0,0,62,451.6733199818991,14.114791249434347,3169884,1.5773447861183564e-08
embedding_std_934,std,934,4920234,3.5045577173198474e-08,0,0,62,451.6733199818991,14.114791249434347,3169884,1.5773447861183564e-08
embedding_std_935,std,935,4920234,2.456818092928817e-09,3,5,62,451.6733199818991,14.114791249434347,3169884,1.5773447861183564e-08
embedding_std_936,std,936,4920234,9.614547473734762e-08,0,0,62,451.6733199818991,14.114791249434347,3169884,1.5773447861183564e-08
embedding_std_937,std,937,4920234,1.04953650065772e-10,45,377,62,451.6733199818991,14.114791249434347,3169884,1.5773447861183564e-08
embedding_std_938,std,938,4920234,1.1608800504754612e-09,9,4523,62,451.6733199818991,14.114791249434347,3169884,1.5773447861183564e-08
embedding_std_939,std,939,4920234,1.3118496790509236e-08,1,43,62,451.6733199818991,14.114791249434347,3169884,1.5773447861183564e-08
embedding_std_940,std,940,4920234,3.2146455993836024e-08,0,0,62,451.6733199818991,14.114791249434347,3169884,1.5773447861183564e-08
embedding_std_941,std,941,4920234,1.1849319528160017e-07,0,0,62,451.6733199818991,14.114791249434347,3169884,1.5773447861183564e-08
embedding_std_942,std,942,4920234,1.1587598039776355e-07,0,0,62,451.6733199818991,14.114791249434347,3169884,1.5773447861183564e-08
embedding_std_943,std,943,4920234,3.92745814496626e-08,0,0,62,451.6733199818991,14.114791249434347,3169884,1.5773447861183564e-08
embedding_std_944,std,944,4920234,8.607649644502336e-09,2,123,62,451.6733199818991,14.114791249434347,3169884,1.5773447861183564e-08
embedding_std_945,std,945,4920234,5.8245863627148995e-08,0,0,62,451.6733199818991,14.114791249434347,3169884,1.5773447861183564e-08
embedding_std_946,std,946,4920234,1.7836872199005095e-08,0,0,62,451.6733199818991,14.114791249434347,3169884,1.5773447861183564e-08
embedding_std_947,std,947,4920234,1.478725168030251e-07,0,0,62,451.6733199818991,14.114791249434347,3169884,1.5773447861183564e-08
embedding_std_948,std,948,4920234,9.935373782356983e-08,0,0,62,451.6733199818991,14.114791249434347,3169884,1.5773447861183564e-08
embedding_std_949,std,949,4920234,8.275517520726698e-08,0,0,62,451.6733199818991,14.114791249434347,3169884,1.5773447861183564e-08
embedding_std_950,std,950,4920234,7.404264495990165e-07,0,0,62,451.6733199818991,14.114791249434347,3169884,1.5773447861183564e-08
embedding_std_951,std,951,4920234,1.8193500304216155e-08,0,0,62,451.6733199818991,14.114791249434347,3169884,1.5773447861183564e-08
embedding_std_952,std,952,4920234,3.913946149190289e-08,0,11,62,451.6733199818991,14.114791249434347,3169884,1.5773447861183564e-08
embedding_std_953,std,953,4920234,2.382810123875185e-08,0,0,62,451.6733199818991,14.114791249434347,3169884,1.5773447861183564e-08
embedding_std_954,std,954,4920234,1.749031139158255e-07,0,0,62,451.6733199818991,14.114791249434347,3169884,1.5773447861183564e-08
embedding_std_955,std,955,4920234,5.866529929813898e-08,0,0,62,451.6733199818991,14.114791249434347,3169884,1.5773447861183564e-08
embedding_std_956,std,956,4920234,1.0091642555402205e-07,0,0,62,451.6733199818991,14.114791249434347,3169884,1.5773447861183564e-08
embedding_std_957,std,957,4920234,8.614228643928191e-09,5,549,62,451.6733199818991,14.114791249434347,3169884,1.5773447861183564e-08
embedding_std_958,std,958,4920234,9.94181384204917e-08,0,0,62,451.6733199818991,14.114791249434347,3169884,1.5773447861183564e-08
embedding_std_959,std,959,4920234,2.012869813835032e-08,0,0,62,451.6733199818991,14.114791249434347,3169884,1.5773447861183564e-08
embedding_std_960,std,960,4920234,1.0020322016996517e-07,0,0,63,431.0349626820535,13.46984258381417,3169884,1.5773447861183564e-08
embedding_std_961,std,961,4920234,2.3809645194502586e-07,0,0,63,431.0349626820535,13.46984258381417,3169884,1.5773447861183564e-08
embedding_std_962,std,962,4920234,7.284280582143577e-09,4,159,63,431.0349626820535,13.46984258381417,3169884,1.5773447861183564e-08
embedding_std_963,std,963,4920234,7.565887625199151e-10,3,19,63,431.0349626820535,13.46984258381417,3169884,1.5773447861183564e-08
embedding_std_964,std,964,4920234,2.5092263644216026e-07,0,0,63,431.0349626820535,13.46984258381417,3169884,1.5773447861183564e-08
embedding_std_965,std,965,4920234,1.1407527030518005e-07,0,0,63,431.0349626820535,13.46984258381417,3169884,1.5773447861183564e-08
embedding_std_966,std,966,4920234,5.642545108735777e-10,11,1299,63,431.0349626820535,13.46984258381417,3169884,1.5773447861183564e-08
embedding_std_967,std,967,4920234,2.6768291283372022e-08,0,3970,63,431.0349626820535,13.46984258381417,3169884,1.5773447861183564e-08
embedding_std_968,std,968,4920234,5.444881719224084e-09,3,13,63,431.0349626820535,13.46984258381417,3169884,1.5773447861183564e-08
embedding_std_969,std,969,4920234,1.3603998010028702e-09,2,2,63,431.0349626820535,13.46984258381417,3169884,1.5773447861183564e-08
embedding_std_970,std,970,4920234,1.5928970054487357e-07,0,0,63,431.0349626820535,13.46984258381417,3169884,1.5773447861183564e-08
embedding_std_971,std,971,4920234,7.002044740605708e-08,0,0,63,431.0349626820535,13.46984258381417,3169884,1.5773447861183564e-08
embedding_std_972,std,972,4920234,1.458133753357113e-07,0,0,63,431.0349626820535,13.46984258381417,3169884,1.5773447861183564e-08
embedding_std_973,std,973,4920234,1.169946388301823e-07,0,0,63,431.0349626820535,13.46984258381417,3169884,1.5773447861183564e-08
embedding_std_974,std,974,4920234,2.0970594354896283e-09,6,33,63,431.0349626820535,13.46984258381417,3169884,1.5773447861183564e-08
embedding_std_975,std,975,4920234,2.9947079693683135e-07,0,0,63,431.0349626820535,13.46984258381417,3169884,1.5773447861183564e-08
embedding_std_976,std,976,4920234,4.276738955328776e-08,0,0,63,431.0349626820535,13.46984258381417,3169884,1.5773447861183564e-08
embedding_std_977,std,977,4920234,8.355386533619516e-10,51,1445,63,431.0349626820535,13.46984258381417,3169884,1.5773447861183564e-08
embedding_std_978,std,978,4920234,3.114406415368978e-07,0,0,63,431.0349626820535,13.46984258381417,3169884,1.5773447861183564e-08
embedding_std_979,std,979,4920234,4.9570225464796e-07,0,0,63,431.0349626820535,13.46984258381417,3169884,1.5773447861183564e-08
embedding_std_980,std,980,4920234,2.3645958594324095e-07,0,0,63,431.0349626820535,13.46984258381417,3169884,1.5773447861183564e-08
embedding_std_981,std,981,4920234,4.944504326188812e-08,0,0,63,431.0349626820535,13.46984258381417,3169884,1.5773447861183564e-08
embedding_std_982,std,982,4920234,1.196595956401719e-07,0,0,63,431.0349626820535,13.46984258381417,3169884,1.5773447861183564e-08
embedding_std_983,std,983,4920234,1.3334220596248454e-08,1,340,63,431.0349626820535,13.46984258381417,3169884,1.5773447861183564e-08
embedding_std_984,std,984,4920234,1.1793887719476648e-08,1,22,63,431.0349626820535,13.46984258381417,3169884,1.5773447861183564e-08
embedding_std_985,std,985,4920234,1.804306225755947e-07,0,0,63,431.0349626820535,13.46984258381417,3169884,1.5773447861183564e-08
embedding_std_986,std,986,4920234,1.233808226744754e-08,1,27,63,431.0349626820535,13.46984258381417,3169884,1.5773447861183564e-08
embedding_std_987,std,987,4920234,1.487799798573726e-09,11,2067,63,431.0349626820535,13.46984258381417,3169884,1.5773447861183564e-08
embedding_std_988,std,988,4920234,5.893007408863594e-07,0,0,63,431.0349626820535,13.46984258381417,3169884,1.5773447861183564e-08
embedding_std_989,std,989,4920234,6.89269477235871e-10,82,844,63,431.0349626820535,13.46984258381417,3169884,1.5773447861183564e-08
embedding_std_990,std,990,4920234,2.6476448606154416e-07,0,0,63,431.0349626820535,13.46984258381417,3169884,1.5773447861183564e-08
embedding_std_991,std,991,4920234,1.6080052678493232e-08,0,53,63,431.0349626820535,13.46984258381417,3169884,1.5773447861183564e-08
embedding_std_992,std,992,4920234,2.7577916795142214e-08,0,0,64,433.531304391101,13.547853262221906,3169884,1.5773447861183564e-08
embedding_std_993,std,993,4920234,2.920454142263572e-08,0,9,64,433.531304391101,13.547853262221906,3169884,1.5773447861183564e-08
embedding_std_994,std,994,4920234,1.6216398499879616e-08,0,0,64,433.531304391101,13.547853262221906,3169884,1.5773447861183564e-08
embedding_std_995,std,995,4920234,9.31038541482713e-09,1,1,64,433.531304391101,13.547853262221906,3169884,1.5773447861183564e-08
embedding_std_996,std,996,4920234,5.614131223221991e-08,0,0,64,433.531304391101,13.547853262221906,3169884,1.5773447861183564e-08
embedding_std_997,std,997,4920234,6.29212407174227e-08,0,0,64,433.531304391101,13.547853262221906,3169884,1.5773447861183564e-08
embedding_std_998,std,998,4920234,3.1825966786038567e-09,6,181,64,433.531304391101,13.547853262221906,3169884,1.5773447861183564e-08
embedding_std_999,std,999,4920234,1.020311890624992e-07,0,0,64,433.531304391101,13.547853262221906,3169884,1.5773447861183564e-08
embedding_std_1000,std,1000,4920234,7.30372895578151e-09,1,1,64,433.531304391101,13.547853262221906,3169884,1.5773447861183564e-08
embedding_std_1001,std,1001,4920234,2.7278243944581145e-08,0,0,64,433.531304391101,13.547853262221906,3169884,1.5773447861183564e-08
embedding_std_1002,std,1002,4920234,1.7487195002039482e-08,0,1445,64,433.531304391101,13.547853262221906,3169884,1.5773447861183564e-08
embedding_std_1003,std,1003,4920234,4.351782128778937e-07,0,0,64,433.531304391101,13.547853262221906,3169884,1.5773447861183564e-08
embedding_std_1004,std,1004,4920234,3.1604003026902335e-07,0,0,64,433.531304391101,13.547853262221906,3169884,1.5773447861183564e-08
embedding_std_1005,std,1005,4920234,5.5006927989626605e-09,1,1,64,433.531304391101,13.547853262221906,3169884,1.5773447861183564e-08
embedding_std_1006,std,1006,4920234,1.39727853996876e-08,1,8,64,433.531304391101,13.547853262221906,3169884,1.5773447861183564e-08
embedding_std_1007,std,1007,4920234,1.1715551711913901e-09,4,398,64,433.531304391101,13.547853262221906,3169884,1.5773447861183564e-08
embedding_std_1008,std,1008,4920234,4.0254554519987364e-09,4,59,64,433.531304391101,13.547853262221906,3169884,1.5773447861183564e-08
embedding_std_1009,std,1009,4920234,1.844846826648172e-08,0,43,64,433.531304391101,13.547853262221906,3169884,1.5773447861183564e-08
embedding_std_1010,std,1010,4920234,5.014620256315439e-07,0,0,64,433.531304391101,13.547853262221906,3169884,1.5773447861183564e-08
embedding_std_1011,std,1011,4920234,1.0072070796603736e-08,3,7,64,433.531304391101,13.547853262221906,3169884,1.5773447861183564e-08
embedding_std_1012,std,1012,4920234,3.8621069334103165e-07,0,0,64,433.531304391101,13.547853262221906,3169884,1.5773447861183564e-08
embedding_std_1013,std,1013,4920234,4.9094311099410334e-08,0,0,64,433.531304391101,13.547853262221906,3169884,1.5773447861183564e-08
embedding_std_1014,std,1014,4920234,6.511808531682492e-08,0,0,64,433.531304391101,13.547853262221906,3169884,1.5773447861183564e-08
embedding_std_1015,std,1015,4920234,4.359510198799628e-07,0,0,64,433.531304391101,13.547853262221906,3169884,1.5773447861183564e-08
embedding_std_1016,std,1016,4920234,1.8056911035961677e-07,0,0,64,433.531304391101,13.547853262221906,3169884,1.5773447861183564e-08
embedding_std_1017,std,1017,4920234,2.320169210213619e-08,0,0,64,433.531304391101,13.547853262221906,3169884,1.5773447861183564e-08
embedding_std_1018,std,1018,4920234,5.4037826868085274e-09,1,1,64,433.531304391101,13.547853262221906,3169884,1.5773447861183564e-08
embedding_std_1019,std,1019,4920234,7.859353007355107e-08,0,0,64,433.531304391101,13.547853262221906,3169884,1.5773447861183564e-08
embedding_std_1020,std,1020,4920234,6.527729867447651e-14,552,2771,64,433.531304391101,13.547853262221906,3169884,1.5773447861183564e-08
embedding_std_1021,std,1021,4920234,4.101620260151022e-09,17,1684,64,433.531304391101,13.547853262221906,3169884,1.5773447861183564e-08
embedding_std_1022,std,1022,4920234,1.2578919177364243e-09,9,114,64,433.531304391101,13.547853262221906,3169884,1.5773447861183564e-08
embedding_std_1023,std,1023,4920234,6.244238591651415e-08,0,0,64,433.531304391101,13.547853262221906,3169884,1.5773447861183564e-08
