trait,n_significant_loci,cluster_jaccard_similarity_ge_0_25,cluster_jaccard_similarity_ge_0_50,cluster025,human_score,percentUnhealthy,max_abs_severity_r,severity_r_ge_0_4,severity_r_ge_0_5,n_loci,has_validated_locus,has_proposed_locus,has_new_annotation_locus,candidate_loci,reported_candidate_genes,has_validated_or_proposed_locus,has_any_reported_candidate_locus
embedding_mean_0,1,100,152,100,0.1408989357954252,0.1064268059089167,0.1408989357954252,False,False,1,False,False,False,1:75116681-75234437,,False,False
embedding_mean_3,1,112,165,112,0.4698674158106938,0.4308198988093238,0.4698674158106938,True,False,1,False,False,False,2:62140710-62145291,,False,False
embedding_mean_6,13,58,89,58,0.0454588063701043,0.0406870511454446,0.0454588063701043,False,False,13,True,True,True,10:11736237-11837294;10:12350947-12404276;10:15543614-15543614;10:16886003-16886003;10:18418548-18418548;10:32123681-32123681;10:35218155-35218155;10:45370435-45426181;10:46979362-46979362;3:65689569-65844319;4:59819846-59985751;4:65405896-65526687;9:59312854-62791172,"Sobic.009G217900;Sobic.009G217900, Sobic.009G221266;Sobic.009G221000;Sobic.009G249100",True,True
embedding_mean_17,1,113,166,113,0.1970592588347864,0.1870585178328978,0.1970592588347864,False,False,1,False,False,False,3:14960546-14960546,,False,False
embedding_mean_20,1,72,111,72,0.4359782990857949,0.4882694080908598,0.4882694080908598,True,False,1,True,True,True,9:59312854-62791172,"Sobic.009G217900;Sobic.009G217900, Sobic.009G221266;Sobic.009G221000;Sobic.009G249100",True,True
embedding_mean_26,1,82,131,82,0.1209614270651675,0.2006540163560877,0.2006540163560877,False,False,1,False,False,False,1:11791459-11910978,,False,False
embedding_mean_28,1,74,122,74,0.0534976610610445,0.0964726181524085,0.0964726181524085,False,False,1,False,False,False,2:65274344-65906142,,False,False
embedding_mean_29,1,28,40,28,0.2315365737206963,0.2012788609055131,0.2315365737206963,False,False,1,False,False,False,4:68547834-68802030,,False,False
embedding_mean_30,1,25,36,25,0.0309202420181237,0.0466989312031446,0.0466989312031446,False,False,1,False,False,False,6:57881583-58658248,,False,False
embedding_mean_33,2,4,5,4,0.1200962922235963,0.2057315298689215,0.2057315298689215,False,False,2,False,False,False,4:6478665-6478665;9:6658344-6882765,,False,False
embedding_mean_40,3,33,50,33,0.0206655640251552,0.1016001124686386,0.1016001124686386,False,False,3,False,False,False,4:64445411-65094100;4:65405896-65526687;6:57881583-58658248,,False,False
embedding_mean_45,2,60,91,60,0.0119022490873541,0.0457028880899862,0.0457028880899862,False,False,2,True,True,True,6:57033584-57315023;9:59312854-62791172,"Sobic.009G217900;Sobic.009G217900, Sobic.009G221266;Sobic.009G221000;Sobic.009G249100",True,True
embedding_mean_46,5,45,63,45,0.2056829015368458,0.3122448911986259,0.3122448911986259,False,False,5,False,False,False,4:16842234-20745353;4:20981089-21349091;4:25773688-26708687;4:39427905-40735252;4:44115277-44115277,,False,False
embedding_mean_55,1,114,167,114,0.3303060918926528,0.3679713303675667,0.3679713303675667,False,False,1,False,False,False,5:62210027-62210027,,False,False
embedding_mean_59,2,63,95,63,0.1780528643634825,0.2566082018140063,0.2566082018140063,False,False,2,True,True,True,5:11157872-11169959;9:59312854-62791172,"Sobic.009G217900;Sobic.009G217900, Sobic.009G221266;Sobic.009G221000;Sobic.009G249100",True,True
embedding_mean_63,1,115,168,115,0.1497655505610784,0.1516781867697372,0.1516781867697372,False,False,1,False,False,False,1:34316602-34316602,,False,False
embedding_mean_65,1,31,44,31,0.0902357424585826,0.0642370213685681,0.0902357424585826,False,False,1,False,False,False,4:64445411-65094100,,False,False
embedding_mean_68,4,71,108,71,0.5407282803866271,0.6199060465008739,0.6199060465008739,True,True,4,True,True,True,4:21598020-21986255;4:39427905-40735252;5:19563945-19563945;9:59312854-62791172,"Sobic.009G217900;Sobic.009G217900, Sobic.009G221266;Sobic.009G221000;Sobic.009G249100",True,True
embedding_mean_70,2,116,169,116,0.0169826356416338,0.0339183131272656,0.0339183131272656,False,False,2,False,False,False,5:940443-940443;6:43021412-43021412,,False,False
embedding_mean_74,1,72,111,72,0.1697123200524527,0.1604578019844806,0.1697123200524527,False,False,1,True,True,True,9:59312854-62791172,"Sobic.009G217900;Sobic.009G217900, Sobic.009G221266;Sobic.009G221000;Sobic.009G249100",True,True
embedding_mean_75,1,55,80,55,0.4352048965110596,0.4177461598510892,0.4352048965110596,True,False,1,False,False,False,6:43533465-44716389,,False,False
embedding_mean_80,1,73,121,73,0.3135658351839717,0.3713802638632166,0.3713802638632166,False,False,1,False,False,False,5:18509856-18799569,,False,False
embedding_mean_85,1,72,111,72,0.0220610439967039,0.0003813596820212,0.0220610439967039,False,False,1,True,True,True,9:59312854-62791172,"Sobic.009G217900;Sobic.009G217900, Sobic.009G221266;Sobic.009G221000;Sobic.009G249100",True,True
embedding_mean_86,1,25,36,25,0.2907450059765188,0.1780363067640935,0.2907450059765188,False,False,1,False,False,False,6:57881583-58658248,,False,False
embedding_mean_87,1,109,162,109,0.4752918150818439,0.4314821799472527,0.4752918150818439,True,False,1,False,False,False,5:75480893-75482045,,False,False
embedding_mean_90,1,117,170,117,0.1781909618657911,0.1293290234327015,0.1781909618657911,False,False,1,False,False,False,2:55759706-55759706,,False,False
embedding_mean_98,1,102,155,102,0.1304735849475032,0.0303677628482878,0.1304735849475032,False,False,1,False,False,False,6:55609030-55744826,,False,False
embedding_mean_99,1,44,62,44,0.2453440539925142,0.337899490652819,0.337899490652819,False,False,1,False,False,False,4:16842234-20745353,,False,False
embedding_mean_101,1,13,20,13,0.1964733171415499,0.2324133555088641,0.2324133555088641,False,False,1,False,False,False,2:2096443-2301513,,False,False
embedding_mean_104,1,118,171,118,0.2160718027382592,0.261121387910054,0.261121387910054,False,False,1,False,False,False,1:56640579-56744059,,False,False
embedding_mean_107,1,65,99,65,0.4263473166796402,0.431394100020694,0.431394100020694,True,False,1,False,False,False,10:4212461-4334630,,False,False
embedding_mean_108,1,119,172,119,0.5449107263439968,0.6087249087814846,0.6087249087814846,True,True,1,False,False,False,1:77389566-77389566,,False,False
embedding_mean_117,4,47,71,47,0.5077989627892101,0.5510247890046829,0.5510247890046829,True,True,4,False,False,False,4:39427905-40735252;4:43861507-43902342;4:44317885-44561320;4:45704907-45993941,,False,False
embedding_mean_119,1,7,9,7,0.5274635135966865,0.5611066769364046,0.5611066769364046,True,True,1,False,False,False,4:4625898-4724594,,False,False
embedding_mean_121,1,2,2,2,0.0643511616628128,0.0099203308833297,0.0643511616628128,False,False,1,False,False,False,2:7131247-7131247,,False,False
embedding_mean_123,3,33,50,33,0.2644305954650773,0.1222424614541729,0.2644305954650773,False,False,3,False,False,False,4:64445411-65094100;4:65405896-65526687;6:57881583-58658248,,False,False
embedding_mean_125,1,70,107,70,0.127697910003369,0.174978073821099,0.174978073821099,False,False,1,False,False,False,2:10949210-11137298,,False,False
embedding_mean_126,1,13,20,13,0.0358088626883087,0.1131563462133,0.1131563462133,False,False,1,False,False,False,2:2096443-2301513,,False,False
embedding_mean_127,2,10,15,10,0.1468574715392255,0.1333366888234932,0.1468574715392255,False,False,2,False,True,False,10:51759875-51859180;7:62853152-63323476,Sobic.007G163100,True,True
embedding_mean_129,1,72,111,72,0.5101697220258802,0.593142688534547,0.593142688534547,True,True,1,True,True,True,9:59312854-62791172,"Sobic.009G217900;Sobic.009G217900, Sobic.009G221266;Sobic.009G221000;Sobic.009G249100",True,True
embedding_mean_132,1,72,111,72,0.2290254938043158,0.225134279888037,0.2290254938043158,False,False,1,True,True,True,9:59312854-62791172,"Sobic.009G217900;Sobic.009G217900, Sobic.009G221266;Sobic.009G221000;Sobic.009G249100",True,True
embedding_mean_136,1,98,150,98,0.3088571654315737,0.2831633548835125,0.3088571654315737,False,False,1,False,False,False,9:54489925-54489925,,False,False
embedding_mean_139,2,69,106,69,0.3853560456974036,0.5278558471962513,0.5278558471962513,True,True,2,True,True,True,1:65358296-65371952;9:59312854-62791172,"Sobic.001G323801;Sobic.009G217900;Sobic.009G217900, Sobic.009G221266;Sobic.009G221000;Sobic.009G249100",True,True
embedding_mean_141,1,72,111,72,0.4392394854437385,0.4748812153103105,0.4748812153103105,True,False,1,True,True,True,9:59312854-62791172,"Sobic.009G217900;Sobic.009G217900, Sobic.009G221266;Sobic.009G221000;Sobic.009G249100",True,True
embedding_mean_142,1,101,154,101,0.4811793153584499,0.3655869357359634,0.4811793153584499,True,False,1,False,False,False,5:68389789-68456427,,False,False
embedding_mean_143,1,108,161,108,0.0664358764727181,0.0418977216852799,0.0664358764727181,False,False,1,False,False,False,4:2399084-2399084,,False,False
embedding_mean_144,1,14,21,14,0.4942104557440085,0.5235704513328068,0.5235704513328068,True,True,1,False,False,False,5:55099872-55099872,,False,False
embedding_mean_146,1,39,57,39,0.2110056932492121,0.1541427041514354,0.2110056932492121,False,False,1,False,False,False,1:11488376-11488593,,False,False
embedding_mean_150,7,47,71,47,0.5077102129212189,0.589186707607703,0.589186707607703,True,True,7,True,False,False,4:25773688-26708687;4:37381806-37802564;4:39427905-40735252;4:43861507-43902342;4:44317885-44561320;4:45704907-45993941;5:60007887-60022551,Sobic.005G126200,True,True
embedding_mean_151,1,13,20,13,0.3659234814289793,0.4218058071703692,0.4218058071703692,True,False,1,False,False,False,2:2096443-2301513,,False,False
embedding_mean_152,1,111,164,111,0.0976299841062913,0.0003133214288925,0.0976299841062913,False,False,1,False,False,False,5:62679628-62748988,,False,False
embedding_mean_153,1,55,80,55,0.0387900994804399,0.1183065661443842,0.1183065661443842,False,False,1,False,False,False,6:43533465-44716389,,False,False
embedding_mean_155,1,64,97,64,0.2941112474691766,0.3793065006345797,0.3793065006345797,False,False,1,False,False,False,4:8685597-8884311,,False,False
embedding_mean_157,1,72,111,72,0.3067659664172424,0.3531930553657904,0.3531930553657904,False,False,1,True,True,True,9:59312854-62791172,"Sobic.009G217900;Sobic.009G217900, Sobic.009G221266;Sobic.009G221000;Sobic.009G249100",True,True
embedding_mean_161,1,120,173,120,0.4740301773692839,0.5433452990698351,0.5433452990698351,True,True,1,False,False,False,1:84686921-84699328,,False,False
embedding_mean_163,1,81,130,81,0.484231491514372,0.4147170885739205,0.484231491514372,True,False,1,False,False,False,5:9659089-9659089,,False,False
embedding_mean_164,2,67,103,67,0.1231784515794175,0.1164757834455439,0.1231784515794175,False,False,2,True,True,True,2:3420187-3493505;9:59312854-62791172,"Sobic.009G217900;Sobic.009G217900, Sobic.009G221266;Sobic.009G221000;Sobic.009G249100",True,True
embedding_mean_165,1,72,111,72,0.4181761350015129,0.5279203564382379,0.5279203564382379,True,True,1,True,True,True,9:59312854-62791172,"Sobic.009G217900;Sobic.009G217900, Sobic.009G221266;Sobic.009G221000;Sobic.009G249100",True,True
embedding_mean_172,1,72,111,72,0.0675636122118119,0.0105716227346469,0.0675636122118119,False,False,1,True,True,True,9:59312854-62791172,"Sobic.009G217900;Sobic.009G217900, Sobic.009G221266;Sobic.009G221000;Sobic.009G249100",True,True
embedding_mean_173,2,25,36,25,0.0472454414709475,0.1954686820880848,0.1954686820880848,False,False,2,False,False,False,1:7879218-7879218;6:57881583-58658248,,False,False
embedding_mean_174,1,41,59,41,0.4673464955243611,0.5739258301914204,0.5739258301914204,True,True,1,True,False,False,5:60007887-60022551,Sobic.005G126200,True,True
embedding_mean_178,1,72,111,72,0.3335667531278128,0.3661748405978793,0.3661748405978793,False,False,1,True,True,True,9:59312854-62791172,"Sobic.009G217900;Sobic.009G217900, Sobic.009G221266;Sobic.009G221000;Sobic.009G249100",True,True
embedding_mean_181,1,80,129,80,0.4181774605898372,0.5246520459239279,0.5246520459239279,True,True,1,False,False,False,4:62625776-62743420,,False,False
embedding_mean_186,3,33,48,33,0.0122785029064047,0.0712427507384388,0.0712427507384388,False,False,3,True,True,True,4:65405896-65526687;6:57881583-58658248;9:59312854-62791172,"Sobic.009G217900;Sobic.009G217900, Sobic.009G221266;Sobic.009G221000;Sobic.009G249100",True,True
embedding_mean_191,1,121,174,121,0.3617135357288563,0.4481090719991962,0.4481090719991962,True,False,1,False,False,False,1:13272248-13272248,,False,False
embedding_mean_192,1,72,111,72,0.3636772154195464,0.4743207819747846,0.4743207819747846,True,False,1,True,True,True,9:59312854-62791172,"Sobic.009G217900;Sobic.009G217900, Sobic.009G221266;Sobic.009G221000;Sobic.009G249100",True,True
embedding_mean_199,1,105,158,105,0.2407082243706253,0.1328835692013056,0.2407082243706253,False,False,1,False,False,False,1:82441311-82491389,,False,False
embedding_mean_204,1,72,111,72,0.1548537063385446,0.1159882018802598,0.1548537063385446,False,False,1,True,True,True,9:59312854-62791172,"Sobic.009G217900;Sobic.009G217900, Sobic.009G221266;Sobic.009G221000;Sobic.009G249100",True,True
embedding_mean_207,2,94,145,94,0.2857186025695172,0.2026044744481001,0.2857186025695172,False,False,2,False,False,False,3:60786345-60883493;3:61224571-61303530,,False,False
embedding_mean_209,1,72,111,72,0.0693710134017787,0.1395711805265649,0.1395711805265649,False,False,1,True,True,True,9:59312854-62791172,"Sobic.009G217900;Sobic.009G217900, Sobic.009G221266;Sobic.009G221000;Sobic.009G249100",True,True
embedding_mean_210,2,64,97,64,0.5728547273451163,0.6650398477414227,0.6650398477414227,True,True,2,True,True,True,4:8685597-8884311;9:59312854-62791172,"Sobic.009G217900;Sobic.009G217900, Sobic.009G221266;Sobic.009G221000;Sobic.009G249100",True,True
embedding_mean_226,1,72,111,72,0.1062420335022668,0.2324850782659629,0.2324850782659629,False,False,1,True,True,True,9:59312854-62791172,"Sobic.009G217900;Sobic.009G217900, Sobic.009G221266;Sobic.009G221000;Sobic.009G249100",True,True
embedding_mean_228,2,22,32,22,0.2715860236849589,0.1667615184185649,0.2715860236849589,False,False,2,False,False,False,2:6607927-6737765;6:57881583-58658248,,False,False
embedding_mean_232,1,54,79,54,0.0535397922076754,0.0145236453549323,0.0535397922076754,False,False,1,False,False,False,8:3020930-3095863,,False,False
embedding_mean_234,1,5,7,5,0.1097000128068866,0.0207581843819082,0.1097000128068866,False,False,1,False,False,False,8:52187019-52322903,,False,False
embedding_mean_237,1,122,175,122,0.5029986461691678,0.608612724086292,0.608612724086292,True,True,1,False,False,False,5:65850773-65850773,,False,False
embedding_mean_241,1,72,111,72,0.086652688034271,0.1688925138248335,0.1688925138248335,False,False,1,True,True,True,9:59312854-62791172,"Sobic.009G217900;Sobic.009G217900, Sobic.009G221266;Sobic.009G221000;Sobic.009G249100",True,True
embedding_mean_244,1,72,111,72,0.0088087998719721,0.0612942756532236,0.0612942756532236,False,False,1,True,True,True,9:59312854-62791172,"Sobic.009G217900;Sobic.009G217900, Sobic.009G221266;Sobic.009G221000;Sobic.009G249100",True,True
embedding_mean_245,6,11,18,11,0.1927473128460398,0.1578042323660485,0.1927473128460398,False,False,6,False,True,False,10:51759875-51859180;4:2749159-2803702;5:64014880-64046445;5:67522914-67522914;7:62853152-63323476;7:67838810-67838810,Sobic.007G163100,True,True
embedding_mean_246,1,72,111,72,0.0108374430123687,0.0999331820275439,0.0999331820275439,False,False,1,True,True,True,9:59312854-62791172,"Sobic.009G217900;Sobic.009G217900, Sobic.009G221266;Sobic.009G221000;Sobic.009G249100",True,True
embedding_mean_247,1,123,176,123,0.1008151001711532,0.0455399654089302,0.1008151001711532,False,False,1,False,False,False,10:25249269-25249269,,False,False
embedding_mean_261,2,51,75,51,0.1920153030331659,0.3190882184503869,0.3190882184503869,False,False,2,False,False,True,1:65358296-65371952;3:76282336-76285032,Sobic.001G323801,False,True
embedding_mean_263,1,72,111,72,0.2419829259425922,0.2260224853446319,0.2419829259425922,False,False,1,True,True,True,9:59312854-62791172,"Sobic.009G217900;Sobic.009G217900, Sobic.009G221266;Sobic.009G221000;Sobic.009G249100",True,True
embedding_mean_266,2,124,177,124,0.0078490384690853,0.0358405932146039,0.0358405932146039,False,False,2,False,False,False,2:57402639-57402639;3:73858919-73858919,,False,False
embedding_mean_267,1,72,111,72,0.3018296302607544,0.397128405774625,0.397128405774625,False,False,1,True,True,True,9:59312854-62791172,"Sobic.009G217900;Sobic.009G217900, Sobic.009G221266;Sobic.009G221000;Sobic.009G249100",True,True
embedding_mean_269,1,72,111,72,0.1649045056614634,0.1529225924927116,0.1649045056614634,False,False,1,True,True,True,9:59312854-62791172,"Sobic.009G217900;Sobic.009G217900, Sobic.009G221266;Sobic.009G221000;Sobic.009G249100",True,True
embedding_mean_270,1,60,91,60,0.0863504315991532,0.0468049367485597,0.0863504315991532,False,False,1,False,False,False,6:57033584-57315023,,False,False
embedding_mean_272,1,22,32,22,0.0402518482083353,0.0898685943630875,0.0898685943630875,False,False,1,False,False,False,2:6607927-6737765,,False,False
embedding_mean_273,2,44,62,44,0.2423630787230191,0.3211953017639173,0.3211953017639173,False,False,2,False,False,False,4:16842234-20745353;6:57881583-58658248,,False,False
embedding_mean_275,1,31,44,31,0.5058023578220808,0.5472618659450357,0.5472618659450357,True,True,1,False,False,False,4:64445411-65094100,,False,False
embedding_mean_276,1,90,141,90,0.1231433862363643,0.1831125188695617,0.1831125188695617,False,False,1,False,False,False,7:6254946-6264107,,False,False
embedding_mean_277,1,74,122,74,0.3424599703098876,0.3255497161613634,0.3424599703098876,False,False,1,False,False,False,2:65274344-65906142,,False,False
embedding_mean_285,3,79,128,79,0.2514498404671302,0.3055014140044548,0.3055014140044548,False,False,3,False,False,False,10:14471979-14471979;10:15260365-15260365;10:15543614-15543614,,False,False
embedding_mean_289,1,21,31,21,0.0531054448208592,0.0517651512042682,0.0531054448208592,False,False,1,False,False,False,4:60556616-60799936,,False,False
embedding_mean_294,1,72,111,72,0.07635164876114,0.1320927833817918,0.1320927833817918,False,False,1,True,True,True,9:59312854-62791172,"Sobic.009G217900;Sobic.009G217900, Sobic.009G221266;Sobic.009G221000;Sobic.009G249100",True,True
embedding_mean_296,1,72,111,72,0.1134503147453637,0.0542018860739203,0.1134503147453637,False,False,1,True,True,True,9:59312854-62791172,"Sobic.009G217900;Sobic.009G217900, Sobic.009G221266;Sobic.009G221000;Sobic.009G249100",True,True
embedding_mean_297,1,31,44,31,0.3242338661019818,0.3099216998962728,0.3242338661019818,False,False,1,False,False,False,4:64445411-65094100,,False,False
embedding_mean_300,19,46,70,46,0.4716119310416972,0.5453911182090958,0.5453911182090958,True,True,19,True,False,False,4:21598020-21986255;4:22304896-22767044;4:23733502-23892771;4:24367113-24474322;4:25393597-25393597;4:25773688-26708687;4:26915110-28559506;4:28956550-28956550;4:35047157-36569798;4:37381806-37802564;4:38208724-38858192;4:39427905-40735252;4:42566071-42566071;4:43533347-43533347;4:43861507-43902342;4:44317885-44561320;4:45208964-45208964;4:45704907-45993941;5:60007887-60022551,Sobic.005G126200,True,True
embedding_mean_302,2,74,122,74,0.1148693476228167,0.1960301903522919,0.1960301903522919,False,False,2,True,True,True,2:65274344-65906142;9:59312854-62791172,"Sobic.009G217900;Sobic.009G217900, Sobic.009G221266;Sobic.009G221000;Sobic.009G249100",True,True
embedding_mean_308,3,23,33,23,0.2410470402037859,0.3296540237250956,0.3296540237250956,False,False,3,False,False,False,10:15543614-15543614;3:65689569-65844319;6:57881583-58658248,,False,False
embedding_mean_314,1,72,111,72,0.341858501383998,0.4767622086715105,0.4767622086715105,True,False,1,True,True,True,9:59312854-62791172,"Sobic.009G217900;Sobic.009G217900, Sobic.009G221266;Sobic.009G221000;Sobic.009G249100",True,True
embedding_mean_315,1,72,111,72,0.2909453876884418,0.394837131065378,0.394837131065378,False,False,1,True,True,True,9:59312854-62791172,"Sobic.009G217900;Sobic.009G217900, Sobic.009G221266;Sobic.009G221000;Sobic.009G249100",True,True
embedding_mean_320,1,125,178,125,0.1833695312923334,0.1350425735983048,0.1833695312923334,False,False,1,False,False,False,7:66827163-66827179,,False,False
embedding_mean_323,1,126,179,126,0.3771276368080883,0.2891272451220716,0.3771276368080883,False,False,1,False,False,False,1:30233553-30233553,,False,False
embedding_mean_324,1,72,111,72,0.3147227030036311,0.358810254062436,0.358810254062436,False,False,1,True,True,True,9:59312854-62791172,"Sobic.009G217900;Sobic.009G217900, Sobic.009G221266;Sobic.009G221000;Sobic.009G249100",True,True
embedding_mean_326,1,72,111,72,0.235697553219981,0.2533244873688781,0.2533244873688781,False,False,1,True,True,True,9:59312854-62791172,"Sobic.009G217900;Sobic.009G217900, Sobic.009G221266;Sobic.009G221000;Sobic.009G249100",True,True
embedding_mean_327,1,127,180,127,0.2767118261531758,0.3684996138707444,0.3684996138707444,False,False,1,False,False,False,6:5591564-5591564,,False,False
embedding_mean_329,1,128,181,128,0.1368155654912491,0.1287263399915587,0.1368155654912491,False,False,1,False,False,False,6:6480952-6480952,,False,False
embedding_mean_332,2,33,46,33,0.315485410039745,0.2779871304670686,0.315485410039745,False,False,2,False,False,False,3:64185955-64267169;4:65405896-65526687,,False,False
embedding_mean_335,1,72,111,72,0.169894128572756,0.2119290683633683,0.2119290683633683,False,False,1,True,True,True,9:59312854-62791172,"Sobic.009G217900;Sobic.009G217900, Sobic.009G221266;Sobic.009G221000;Sobic.009G249100",True,True
embedding_mean_337,1,76,124,76,0.5386372358759837,0.5321224182866596,0.5386372358759837,True,True,1,False,False,False,4:35047157-36569798,,False,False
embedding_mean_339,1,10,15,10,0.2169412980490788,0.2137938127240321,0.2169412980490788,False,False,1,False,True,False,7:62853152-63323476,Sobic.007G163100,True,True
embedding_mean_340,1,26,38,26,0.281924915603524,0.3025548688556586,0.3025548688556586,False,False,1,False,False,False,3:7642773-7864559,,False,False
embedding_mean_349,2,129,182,129,0.173226587450244,0.2765613930643032,0.2765613930643032,False,False,2,False,False,False,3:11535446-11535446;7:4972230-4972230,,False,False
embedding_mean_351,1,72,111,72,0.2098774280639256,0.3128539363246052,0.3128539363246052,False,False,1,True,True,True,9:59312854-62791172,"Sobic.009G217900;Sobic.009G217900, Sobic.009G221266;Sobic.009G221000;Sobic.009G249100",True,True
embedding_mean_353,1,72,111,72,0.1764888718564251,0.3121648867582916,0.3121648867582916,False,False,1,True,True,True,9:59312854-62791172,"Sobic.009G217900;Sobic.009G217900, Sobic.009G221266;Sobic.009G221000;Sobic.009G249100",True,True
embedding_mean_357,1,55,80,55,0.1969415690814447,0.2019533583712842,0.2019533583712842,False,False,1,False,False,False,6:43533465-44716389,,False,False
embedding_mean_359,1,52,76,52,0.1104809377013587,0.2081344382879049,0.2081344382879049,False,False,1,False,False,False,2:63491317-63517587,,False,False
embedding_mean_365,1,72,111,72,0.4959735006846037,0.5698980690427367,0.5698980690427367,True,True,1,True,True,True,9:59312854-62791172,"Sobic.009G217900;Sobic.009G217900, Sobic.009G221266;Sobic.009G221000;Sobic.009G249100",True,True
embedding_mean_373,1,74,122,74,0.2530067422788045,0.2706735117764521,0.2706735117764521,False,False,1,False,False,False,2:65274344-65906142,,False,False
embedding_mean_375,1,72,111,72,0.2602038966106194,0.2961440584263625,0.2961440584263625,False,False,1,True,True,True,9:59312854-62791172,"Sobic.009G217900;Sobic.009G217900, Sobic.009G221266;Sobic.009G221000;Sobic.009G249100",True,True
embedding_mean_376,1,69,106,69,0.3837033428842348,0.4066563944498795,0.4066563944498795,True,False,1,False,False,True,1:65358296-65371952,Sobic.001G323801,False,True
embedding_mean_377,1,72,111,72,0.0759620540589192,0.0579166300188099,0.0759620540589192,False,False,1,True,True,True,9:59312854-62791172,"Sobic.009G217900;Sobic.009G217900, Sobic.009G221266;Sobic.009G221000;Sobic.009G249100",True,True
embedding_mean_381,1,72,111,72,0.0697666379797563,0.1340435828819703,0.1340435828819703,False,False,1,True,True,True,9:59312854-62791172,"Sobic.009G217900;Sobic.009G217900, Sobic.009G221266;Sobic.009G221000;Sobic.009G249100",True,True
embedding_mean_391,2,4,6,4,0.3142473580775868,0.3048702990377224,0.3142473580775868,False,False,2,False,False,False,9:6400208-6419583;9:6658344-6882765,,False,False
embedding_mean_399,1,27,39,27,0.1561970997421235,0.1881694566249037,0.1881694566249037,False,False,1,False,False,False,4:4223438-4371839,,False,False
embedding_mean_404,1,72,111,72,0.3481341182462399,0.3962283930039314,0.3962283930039314,False,False,1,True,True,True,9:59312854-62791172,"Sobic.009G217900;Sobic.009G217900, Sobic.009G221266;Sobic.009G221000;Sobic.009G249100",True,True
embedding_mean_406,3,2,3,2,0.0484539865755863,0.1142147182885729,0.1142147182885729,False,False,3,False,False,False,10:11736237-11837294;2:7131247-7131247;2:8854422-8926705,,False,False
embedding_mean_408,2,62,93,62,0.1943328098550709,0.3027723728996552,0.3027723728996552,False,False,2,True,True,True,1:15780080-15922053;9:59312854-62791172,"Sobic.009G217900;Sobic.009G217900, Sobic.009G221266;Sobic.009G221000;Sobic.009G249100",True,True
embedding_mean_410,1,130,183,130,0.1704685409079739,0.2007491069810262,0.2007491069810262,False,False,1,False,False,False,7:6845950-6847720,,False,False
embedding_mean_412,2,107,160,107,0.2116044290934646,0.1343405809441916,0.2116044290934646,False,False,2,False,False,False,6:57600057-57603756;6:59642140-59642140,,False,False
embedding_mean_413,1,72,111,72,0.040042727693253,0.1643139193326193,0.1643139193326193,False,False,1,True,True,True,9:59312854-62791172,"Sobic.009G217900;Sobic.009G217900, Sobic.009G221266;Sobic.009G221000;Sobic.009G249100",True,True
embedding_mean_414,1,131,184,131,0.263847223259202,0.2953442709242135,0.2953442709242135,False,False,1,False,False,False,8:50398233-50398289,,False,False
embedding_mean_419,1,105,158,105,0.0038115049927258,0.1374804205797056,0.1374804205797056,False,False,1,False,False,False,1:82441311-82491389,,False,False
embedding_mean_421,1,111,164,111,0.3737204344986843,0.440239911236581,0.440239911236581,True,False,1,False,False,False,5:62679628-62748988,,False,False
embedding_mean_424,2,106,159,106,0.1772084542900828,0.2843169257526478,0.2843169257526478,False,False,2,False,False,False,1:80473742-80648959;4:63589262-63589262,,False,False
embedding_mean_430,1,1,1,1,0.4320591634465863,0.5374738932612044,0.5374738932612044,True,True,1,False,False,False,2:8854422-8926705,,False,False
embedding_mean_432,1,33,46,33,0.1746639205073472,0.0913905784461655,0.1746639205073472,False,False,1,False,False,False,4:65405896-65526687,,False,False
embedding_mean_433,1,132,185,132,0.5757758063386137,0.6121886163159705,0.6121886163159705,True,True,1,False,False,False,2:52658925-52705676,,False,False
embedding_mean_440,1,36,54,36,0.0876636006153325,0.0635227616824297,0.0876636006153325,False,False,1,False,False,False,3:64185955-64267169,,False,False
embedding_mean_441,2,7,10,7,0.106889994146865,0.1839058770812968,0.1839058770812968,False,False,2,False,False,False,10:6527029-6527029;4:4625898-4724594,,False,False
embedding_mean_445,1,73,121,73,0.4478848623123083,0.4583462195197718,0.4583462195197718,True,False,1,False,False,False,5:18509856-18799569,,False,False
embedding_mean_451,1,133,186,133,0.0288821843203259,0.005841923016312,0.0288821843203259,False,False,1,False,False,False,2:39435280-39435280,,False,False
embedding_mean_453,1,25,36,25,0.223141552199249,0.1000334174369251,0.223141552199249,False,False,1,False,False,False,6:57881583-58658248,,False,False
embedding_mean_454,1,67,103,67,0.0909305587666072,0.0698034009526572,0.0909305587666072,False,False,1,False,False,False,2:3420187-3493505,,False,False
embedding_mean_458,1,72,111,72,0.1262824715877578,0.2208502564178143,0.2208502564178143,False,False,1,True,True,True,9:59312854-62791172,"Sobic.009G217900;Sobic.009G217900, Sobic.009G221266;Sobic.009G221000;Sobic.009G249100",True,True
embedding_mean_466,1,25,36,25,0.083914309227437,0.0974260291884376,0.0974260291884376,False,False,1,False,False,False,6:57881583-58658248,,False,False
embedding_mean_469,1,5,7,5,0.0278799500385402,0.0633431404237477,0.0633431404237477,False,False,1,False,False,False,8:52187019-52322903,,False,False
embedding_mean_474,10,46,68,46,0.4064776592535853,0.5195821819821806,0.5195821819821806,True,True,10,False,False,False,4:16842234-20745353;4:21598020-21986255;4:22304896-22767044;4:25773688-26708687;4:26915110-28559506;4:35047157-36569798;4:37381806-37802564;4:39427905-40735252;4:43861507-43902342;4:45704907-45993941,,False,False
embedding_mean_475,2,72,112,72,0.1987058547527437,0.2609772494386878,0.2609772494386878,False,False,2,True,True,True,6:14278924-14278924;9:59312854-62791172,"Sobic.009G217900;Sobic.009G217900, Sobic.009G221266;Sobic.009G221000;Sobic.009G249100",True,True
embedding_mean_476,1,110,163,110,0.2183738881755298,0.1238100252175564,0.2183738881755298,False,False,1,False,False,False,2:60441547-60624678,,False,False
embedding_mean_477,1,72,111,72,0.1596102090530134,0.0532933380990758,0.1596102090530134,False,False,1,True,True,True,9:59312854-62791172,"Sobic.009G217900;Sobic.009G217900, Sobic.009G221266;Sobic.009G221000;Sobic.009G249100",True,True
embedding_mean_481,1,134,187,134,0.0252564537348721,0.0322476069146714,0.0322476069146714,False,False,1,False,False,False,2:9998809-10015784,,False,False
embedding_mean_485,1,135,188,135,0.1852046170946898,0.1503700999730997,0.1852046170946898,False,False,1,False,False,False,1:12278772-12280514,,False,False
embedding_mean_486,1,136,189,136,0.3681663442695291,0.4810032654169955,0.4810032654169955,True,False,1,False,False,False,5:74605627-74605627,,False,False
embedding_mean_487,1,137,190,137,0.0169725969973699,0.0290308693151061,0.0290308693151061,False,False,1,False,False,False,10:50228788-50228788,,False,False
embedding_mean_491,1,3,4,3,0.1305537502861933,0.0894391704957902,0.1305537502861933,False,False,1,False,False,False,10:11736237-11837294,,False,False
embedding_mean_494,2,33,48,33,0.2716667704326905,0.2700252317536096,0.2716667704326905,False,False,2,False,False,False,4:65405896-65526687;6:57881583-58658248,,False,False
embedding_mean_502,1,72,111,72,0.4029157204211516,0.4086022317006744,0.4086022317006744,True,False,1,True,True,True,9:59312854-62791172,"Sobic.009G217900;Sobic.009G217900, Sobic.009G221266;Sobic.009G221000;Sobic.009G249100",True,True
embedding_mean_508,1,56,87,56,0.1590421252992143,0.2687540204191829,0.2687540204191829,False,False,1,False,False,False,6:51617098-52404519,,False,False
embedding_mean_510,1,67,103,67,0.1476072315319305,0.1168756197318776,0.1476072315319305,False,False,1,False,False,False,2:3420187-3493505,,False,False
embedding_mean_514,6,46,67,46,0.568593403968193,0.6030205191716234,0.6030205191716234,True,True,6,False,False,False,4:20981089-21349091;4:21598020-21986255;4:25773688-26708687;4:37381806-37802564;4:39427905-40735252;4:43861507-43902342,,False,False
embedding_mean_520,2,10,16,10,0.0376815291292585,0.0794546109336201,0.0794546109336201,False,False,2,False,True,False,1:82137074-82137074;7:62853152-63323476,Sobic.007G163100,True,True
embedding_mean_523,1,138,191,138,0.0152330338161966,0.0659133963088301,0.0659133963088301,False,False,1,False,False,False,1:59653375-59653375,,False,False
embedding_mean_528,1,72,111,72,0.2173825766224017,0.3085707072199173,0.3085707072199173,False,False,1,True,True,True,9:59312854-62791172,"Sobic.009G217900;Sobic.009G217900, Sobic.009G221266;Sobic.009G221000;Sobic.009G249100",True,True
embedding_mean_529,1,72,111,72,0.1583742789551565,0.2888765636409497,0.2888765636409497,False,False,1,True,True,True,9:59312854-62791172,"Sobic.009G217900;Sobic.009G217900, Sobic.009G221266;Sobic.009G221000;Sobic.009G249100",True,True
embedding_mean_530,1,72,111,72,0.225044302097512,0.2151151468335677,0.225044302097512,False,False,1,True,True,True,9:59312854-62791172,"Sobic.009G217900;Sobic.009G217900, Sobic.009G221266;Sobic.009G221000;Sobic.009G249100",True,True
embedding_mean_535,2,72,113,72,0.2479623223370733,0.3208384761459466,0.3208384761459466,False,False,2,True,True,True,3:7642773-7864559;9:59312854-62791172,"Sobic.009G217900;Sobic.009G217900, Sobic.009G221266;Sobic.009G221000;Sobic.009G249100",True,True
embedding_mean_537,1,20,30,20,0.2450532484074338,0.1879064472667369,0.2450532484074338,False,False,1,False,False,False,8:12848341-12901525,,False,False
embedding_mean_542,1,25,36,25,0.2198877775041732,0.1770978061381672,0.2198877775041732,False,False,1,False,False,False,6:57881583-58658248,,False,False
embedding_mean_548,1,110,163,110,0.5425838558194233,0.595145277287318,0.595145277287318,True,True,1,False,False,False,2:60441547-60624678,,False,False
embedding_mean_549,2,67,103,67,0.01812856912465,0.0200674041128123,0.0200674041128123,False,False,2,True,True,True,2:3420187-3493505;9:59312854-62791172,"Sobic.009G217900;Sobic.009G217900, Sobic.009G221266;Sobic.009G221000;Sobic.009G249100",True,True
embedding_mean_553,1,139,192,139,0.1846347102196379,0.121978823364136,0.1846347102196379,False,False,1,False,False,False,6:60405709-60405709,,False,False
embedding_mean_556,1,72,111,72,0.2019486839890883,0.1563907552347505,0.2019486839890883,False,False,1,True,True,True,9:59312854-62791172,"Sobic.009G217900;Sobic.009G217900, Sobic.009G221266;Sobic.009G221000;Sobic.009G249100",True,True
embedding_mean_558,1,72,111,72,0.0848625360661608,0.1285270826929113,0.1285270826929113,False,False,1,True,True,True,9:59312854-62791172,"Sobic.009G217900;Sobic.009G217900, Sobic.009G221266;Sobic.009G221000;Sobic.009G249100",True,True
embedding_mean_559,1,17,25,17,0.153384894727467,0.1157367902589016,0.153384894727467,False,False,1,False,False,False,6:50027105-50468236,,False,False
embedding_mean_564,1,140,193,140,0.0452423400078049,0.0204348505669978,0.0452423400078049,False,False,1,False,False,False,5:17689866-17689866,,False,False
embedding_mean_565,1,20,30,20,0.19515676306229,0.2253964745989958,0.2253964745989958,False,False,1,False,False,False,8:12848341-12901525,,False,False
embedding_mean_570,1,31,44,31,0.4602147145994817,0.378987862027022,0.4602147145994817,True,False,1,False,False,False,4:64445411-65094100,,False,False
embedding_mean_574,1,48,72,48,0.2788587832453569,0.3163692370555093,0.3163692370555093,False,False,1,False,False,False,4:44317885-44561320,,False,False
embedding_mean_577,1,30,43,30,0.5046718155397182,0.5250279836386389,0.5250279836386389,True,True,1,False,False,False,5:66801655-66801676,,False,False
embedding_mean_585,2,67,103,67,0.1202522039422926,0.0823411189493768,0.1202522039422926,False,False,2,True,True,True,2:3420187-3493505;9:59312854-62791172,"Sobic.009G217900;Sobic.009G217900, Sobic.009G221266;Sobic.009G221000;Sobic.009G249100",True,True
embedding_mean_586,1,72,111,72,0.6095543999633213,0.6521161390806277,0.6521161390806277,True,True,1,True,True,True,9:59312854-62791172,"Sobic.009G217900;Sobic.009G217900, Sobic.009G221266;Sobic.009G221000;Sobic.009G249100",True,True
embedding_mean_591,1,141,194,141,0.0200524656208768,0.0696920545666249,0.0696920545666249,False,False,1,False,False,False,2:17932334-17932334,,False,False
embedding_mean_594,1,109,162,109,0.2591636932471019,0.2594575031002227,0.2594575031002227,False,False,1,False,False,False,5:75480893-75482045,,False,False
embedding_mean_595,1,55,80,55,0.2296022691394737,0.1982432014648235,0.2296022691394737,False,False,1,False,False,False,6:43533465-44716389,,False,False
embedding_mean_596,1,31,44,31,0.3925870757580172,0.4147168688557938,0.4147168688557938,True,False,1,False,False,False,4:64445411-65094100,,False,False
embedding_mean_598,1,74,122,74,0.0468396549698941,0.0033288073652761,0.0468396549698941,False,False,1,False,False,False,2:65274344-65906142,,False,False
embedding_mean_599,2,7,11,7,0.3556501212852849,0.3241643967530663,0.3556501212852849,False,False,2,False,False,False,10:61786255-61834426;4:4625898-4724594,,False,False
embedding_mean_604,1,108,161,108,0.0861660587859548,0.011249361887856,0.0861660587859548,False,False,1,False,False,False,4:2399084-2399084,,False,False
embedding_mean_610,1,72,111,72,0.0836181148214453,0.0828953697548466,0.0836181148214453,False,False,1,True,True,True,9:59312854-62791172,"Sobic.009G217900;Sobic.009G217900, Sobic.009G221266;Sobic.009G221000;Sobic.009G249100",True,True
embedding_mean_611,2,21,31,21,0.4214988717650279,0.3546951025640835,0.4214988717650279,True,False,2,False,False,False,4:60556616-60799936;6:57881583-58658248,,False,False
embedding_mean_616,2,76,124,76,0.5672666506255185,0.5550926132185535,0.5672666506255185,True,True,2,False,False,False,4:35047157-36569798;4:37381806-37802564,,False,False
embedding_mean_619,4,46,66,46,0.5370890113249209,0.6468531834688949,0.6468531834688949,True,True,4,False,False,False,4:21598020-21986255;4:26915110-28559506;4:39427905-40735252;4:43861507-43902342,,False,False
embedding_mean_624,1,72,111,72,0.2125483748679363,0.1580978940930235,0.2125483748679363,False,False,1,True,True,True,9:59312854-62791172,"Sobic.009G217900;Sobic.009G217900, Sobic.009G221266;Sobic.009G221000;Sobic.009G249100",True,True
embedding_mean_627,1,142,195,142,0.2672381496724315,0.3219255028452145,0.3219255028452145,False,False,1,False,False,False,1:12544280-12547681,,False,False
embedding_mean_629,1,31,44,31,0.523373891013226,0.5391638163591841,0.5391638163591841,True,True,1,False,False,False,4:64445411-65094100,,False,False
embedding_mean_631,1,55,80,55,0.0444585810731308,0.0588805300601777,0.0588805300601777,False,False,1,False,False,False,6:43533465-44716389,,False,False
embedding_mean_633,1,31,44,31,0.5496063409016785,0.4783249825797328,0.5496063409016785,True,True,1,False,False,False,4:64445411-65094100,,False,False
embedding_mean_636,18,46,69,46,0.4729083003809348,0.4912656129165593,0.4912656129165593,True,False,18,False,False,False,4:16842234-20745353;4:20981089-21349091;4:21598020-21986255;4:22304896-22767044;4:23124066-23124066;4:23733502-23892771;4:24367113-24474322;4:24818595-24895720;4:25773688-26708687;4:26915110-28559506;4:35047157-36569798;4:37381806-37802564;4:38208724-38858192;4:39427905-40735252;4:41660724-42295420;4:43861507-43902342;4:44317885-44561320;5:9659089-9659089,,False,False
embedding_mean_645,1,72,111,72,0.1482719888726938,0.167023124961,0.167023124961,False,False,1,True,True,True,9:59312854-62791172,"Sobic.009G217900;Sobic.009G217900, Sobic.009G221266;Sobic.009G221000;Sobic.009G249100",True,True
embedding_mean_646,1,69,106,69,0.2926523687707622,0.4575263937244717,0.4575263937244717,True,False,1,False,False,True,1:65358296-65371952,Sobic.001G323801,False,True
embedding_mean_650,1,143,196,143,0.2663758803365982,0.2488976876796744,0.2663758803365982,False,False,1,False,False,False,5:64630673-64630673,,False,False
embedding_mean_655,1,72,111,72,0.2291679979375039,0.2253269862062311,0.2291679979375039,False,False,1,True,True,True,9:59312854-62791172,"Sobic.009G217900;Sobic.009G217900, Sobic.009G221266;Sobic.009G221000;Sobic.009G249100",True,True
embedding_mean_657,4,32,45,32,0.5670229111555939,0.6309847212071056,0.6309847212071056,True,True,4,False,False,False,4:25773688-26708687;4:37381806-37802564;4:43861507-43902342;4:64445411-65094100,,False,False
embedding_mean_660,1,44,62,44,0.3941522365246633,0.4231118184757795,0.4231118184757795,True,False,1,False,False,False,4:16842234-20745353,,False,False
embedding_mean_664,1,72,111,72,0.1240658373492417,0.0713134729329915,0.1240658373492417,False,False,1,True,True,True,9:59312854-62791172,"Sobic.009G217900;Sobic.009G217900, Sobic.009G221266;Sobic.009G221000;Sobic.009G249100",True,True
embedding_mean_666,1,33,46,33,0.241415462922593,0.1565521770719875,0.241415462922593,False,False,1,False,False,False,4:65405896-65526687,,False,False
embedding_mean_670,1,72,111,72,0.2906493210142747,0.4755972496428566,0.4755972496428566,True,False,1,True,True,True,9:59312854-62791172,"Sobic.009G217900;Sobic.009G217900, Sobic.009G221266;Sobic.009G221000;Sobic.009G249100",True,True
embedding_mean_674,3,33,49,33,0.2746570331799757,0.2681022722302181,0.2746570331799757,False,False,3,False,False,False,4:64445411-65094100;4:65405896-65526687;6:56219322-56493085,,False,False
embedding_mean_678,5,144,197,144,0.0665436082379904,0.0322757173137681,0.0665436082379904,False,False,5,False,False,False,5:28560902-28560902;5:34619724-34619724;5:50476660-50545548;5:51283793-51283793;5:54194141-54194141,,False,False
embedding_mean_679,1,72,111,72,0.3463881616184566,0.4492155285414184,0.4492155285414184,True,False,1,True,True,True,9:59312854-62791172,"Sobic.009G217900;Sobic.009G217900, Sobic.009G221266;Sobic.009G221000;Sobic.009G249100",True,True
embedding_mean_680,1,74,122,74,0.0285731244475957,0.0279030561709728,0.0285731244475957,False,False,1,False,False,False,2:65274344-65906142,,False,False
embedding_mean_682,1,10,15,10,0.4425233901114951,0.3300029293496701,0.4425233901114951,True,False,1,False,True,False,7:62853152-63323476,Sobic.007G163100,True,True
embedding_mean_684,1,38,56,38,0.0545796084470228,0.0996888115270754,0.0996888115270754,False,False,1,False,False,False,2:9405764-9493442,,False,False
embedding_mean_685,1,145,198,145,0.2374181707753236,0.2487373002077722,0.2487373002077722,False,False,1,False,False,False,2:70224469-70224469,,False,False
embedding_mean_686,2,146,199,146,0.1970684037718178,0.0050933568799052,0.1970684037718178,False,False,2,False,False,False,7:22562865-22562865;7:25816875-25816875,,False,False
embedding_mean_688,1,147,200,147,0.0243170516954537,0.1081630557288324,0.1081630557288324,False,False,1,False,False,False,4:65993335-66055465,,False,False
embedding_mean_690,2,73,121,73,0.5169680110019127,0.5321092690018489,0.5321092690018489,True,True,2,False,False,False,2:65274344-65906142;5:18509856-18799569,,False,False
embedding_mean_691,1,72,111,72,0.2586877437905333,0.312889469816104,0.312889469816104,False,False,1,True,True,True,9:59312854-62791172,"Sobic.009G217900;Sobic.009G217900, Sobic.009G221266;Sobic.009G221000;Sobic.009G249100",True,True
embedding_mean_695,1,60,91,60,0.1136029311810414,0.0870056299896719,0.1136029311810414,False,False,1,False,False,False,6:57033584-57315023,,False,False
embedding_mean_697,1,148,201,148,0.1584802947547571,0.1893916606762491,0.1893916606762491,False,False,1,False,False,False,4:5551725-5551726,,False,False
embedding_mean_698,5,47,71,47,0.4311336802321177,0.6257931503245845,0.6257931503245845,True,True,5,False,False,False,4:39427905-40735252;4:43861507-43902342;4:44317885-44561320;4:45208964-45208964;4:45704907-45993941,,False,False
embedding_mean_700,1,103,156,103,0.0400857797568315,0.1857758507333751,0.1857758507333751,False,False,1,False,False,False,7:65419286-65574115,,False,False
embedding_mean_702,1,72,111,72,0.0679892921796482,0.0002445800777585,0.0679892921796482,False,False,1,True,True,True,9:59312854-62791172,"Sobic.009G217900;Sobic.009G217900, Sobic.009G221266;Sobic.009G221000;Sobic.009G249100",True,True
embedding_mean_703,1,72,111,72,0.1235913740696968,0.3096779615079532,0.3096779615079532,False,False,1,True,True,True,9:59312854-62791172,"Sobic.009G217900;Sobic.009G217900, Sobic.009G221266;Sobic.009G221000;Sobic.009G249100",True,True
embedding_mean_704,1,149,202,149,0.3156215523439775,0.3523658132386458,0.3523658132386458,False,False,1,False,False,False,6:6245144-6245144,,False,False
embedding_mean_708,1,72,111,72,0.0182109459946685,0.0109159176588404,0.0182109459946685,False,False,1,True,True,True,9:59312854-62791172,"Sobic.009G217900;Sobic.009G217900, Sobic.009G221266;Sobic.009G221000;Sobic.009G249100",True,True
embedding_mean_710,3,72,110,72,0.0357363679732908,0.0217375289174406,0.0357363679732908,False,False,3,True,True,True,10:51055703-51238018;10:51759875-51859180;9:59312854-62791172,"Sobic.009G217900;Sobic.009G217900, Sobic.009G221266;Sobic.009G221000;Sobic.009G249100",True,True
embedding_mean_714,1,55,80,55,0.0488226576143355,0.0044998137128313,0.0488226576143355,False,False,1,False,False,False,6:43533465-44716389,,False,False
embedding_mean_716,1,12,19,12,0.0386124373682548,0.04085402002031,0.04085402002031,False,False,1,False,False,False,10:51055703-51238018,,False,False
embedding_mean_717,1,25,36,25,0.034067058616929,0.0805983282898445,0.0805983282898445,False,False,1,False,False,False,6:57881583-58658248,,False,False
embedding_mean_719,1,72,111,72,0.4902061326558216,0.5473553475572314,0.5473553475572314,True,True,1,True,True,True,9:59312854-62791172,"Sobic.009G217900;Sobic.009G217900, Sobic.009G221266;Sobic.009G221000;Sobic.009G249100",True,True
embedding_mean_720,1,74,122,74,0.2875486838708584,0.3094348248092728,0.3094348248092728,False,False,1,False,False,False,2:65274344-65906142,,False,False
embedding_mean_727,1,72,111,72,0.0274675393981314,0.1024038143337209,0.1024038143337209,False,False,1,True,True,True,9:59312854-62791172,"Sobic.009G217900;Sobic.009G217900, Sobic.009G221266;Sobic.009G221000;Sobic.009G249100",True,True
embedding_mean_731,1,150,203,150,0.3019035634347953,0.3241143280624193,0.3241143280624193,False,False,1,False,False,False,10:60092033-60092033,,False,False
embedding_mean_736,1,151,204,151,0.2891181596491302,0.234812958015111,0.2891181596491302,False,False,1,False,False,False,3:10815367-10815367,,False,False
embedding_mean_738,1,21,31,21,0.4732214214715551,0.3884083544538791,0.4732214214715551,True,False,1,False,False,False,4:60556616-60799936,,False,False
embedding_mean_739,10,46,68,46,0.4696161696723414,0.5074914112184289,0.5074914112184289,True,True,10,False,False,False,4:21598020-21986255;4:22304896-22767044;4:25773688-26708687;4:26915110-28559506;4:35047157-36569798;4:39427905-40735252;4:41660724-42295420;4:43861507-43902342;4:44317885-44561320;4:45704907-45993941,,False,False
embedding_mean_740,2,75,123,75,0.1666569353862978,0.1231116156590472,0.1666569353862978,False,False,2,False,False,False,2:64714381-64783880;2:65274344-65906142,,False,False
embedding_mean_742,3,33,50,33,0.0029738464192736,0.1895999703617148,0.1895999703617148,False,False,3,False,False,False,4:64445411-65094100;4:65405896-65526687;6:57881583-58658248,,False,False
embedding_mean_743,2,8,12,8,0.1385445429416089,0.1218826949935838,0.1385445429416089,False,False,2,False,False,False,3:1126092-1126092;5:64014880-64046445,,False,False
embedding_mean_746,1,1,1,1,0.4250112700177431,0.4931316451634733,0.4931316451634733,True,False,1,False,False,False,2:8854422-8926705,,False,False
embedding_mean_749,1,72,111,72,0.4752371712507307,0.4470015202466197,0.4752371712507307,True,False,1,True,True,True,9:59312854-62791172,"Sobic.009G217900;Sobic.009G217900, Sobic.009G221266;Sobic.009G221000;Sobic.009G249100",True,True
embedding_mean_752,1,72,111,72,0.2587289699373776,0.2323703820235687,0.2587289699373776,False,False,1,True,True,True,9:59312854-62791172,"Sobic.009G217900;Sobic.009G217900, Sobic.009G221266;Sobic.009G221000;Sobic.009G249100",True,True
embedding_mean_754,1,101,154,101,0.3373418521427768,0.2824981734663117,0.3373418521427768,False,False,1,False,False,False,5:68389789-68456427,,False,False
embedding_mean_756,2,69,106,69,0.3364323029920805,0.4510079146525556,0.4510079146525556,True,False,2,True,True,True,1:65358296-65371952;9:59312854-62791172,"Sobic.001G323801;Sobic.009G217900;Sobic.009G217900, Sobic.009G221266;Sobic.009G221000;Sobic.009G249100",True,True
embedding_mean_757,1,72,111,72,0.2332149900229942,0.3351427752048972,0.3351427752048972,False,False,1,True,True,True,9:59312854-62791172,"Sobic.009G217900;Sobic.009G217900, Sobic.009G221266;Sobic.009G221000;Sobic.009G249100",True,True
embedding_mean_760,1,22,32,22,0.0889784790185644,0.091283950929438,0.091283950929438,False,False,1,False,False,False,2:6607927-6737765,,False,False
embedding_mean_762,1,7,9,7,0.2003907376084104,0.262276730045318,0.262276730045318,False,False,1,False,False,False,4:4625898-4724594,,False,False
embedding_mean_771,1,29,41,29,0.4973433672802653,0.3151698329851533,0.4973433672802653,True,False,1,False,False,False,4:58952029-59265704,,False,False
embedding_mean_775,1,17,25,17,0.0867986689459454,0.0006404073533504,0.0867986689459454,False,False,1,False,False,False,6:50027105-50468236,,False,False
embedding_mean_776,1,72,111,72,0.1302694047407475,0.2214255967831643,0.2214255967831643,False,False,1,True,True,True,9:59312854-62791172,"Sobic.009G217900;Sobic.009G217900, Sobic.009G221266;Sobic.009G221000;Sobic.009G249100",True,True
embedding_mean_778,1,107,160,107,0.1309263211889974,0.1878293870492998,0.1878293870492998,False,False,1,False,False,False,6:57600057-57603756,,False,False
embedding_mean_780,1,44,62,44,0.303234866946205,0.3067003515963265,0.3067003515963265,False,False,1,False,False,False,4:16842234-20745353,,False,False
embedding_mean_791,1,152,205,152,0.0134872831345864,0.0835485038581488,0.0835485038581488,False,False,1,False,False,False,10:1754042-1754290,,False,False
embedding_mean_792,1,41,59,41,0.6212520160388206,0.6325992809876417,0.6325992809876417,True,True,1,True,False,False,5:60007887-60022551,Sobic.005G126200,True,True
embedding_mean_795,1,43,61,43,0.1574276003856392,0.3008618866053001,0.3008618866053001,False,False,1,False,False,False,4:20981089-21349091,,False,False
embedding_mean_796,1,153,206,153,0.0530305406690363,0.0616441378967188,0.0616441378967188,False,False,1,False,False,False,3:4324196-4324699,,False,False
embedding_mean_801,2,6,8,6,0.0580950999186353,0.0786938656524387,0.0786938656524387,False,False,2,False,False,False,8:52187019-52322903;9:5374975-5485557,,False,False
embedding_mean_803,1,72,111,72,0.2998142296778266,0.3246434971986615,0.3246434971986615,False,False,1,True,True,True,9:59312854-62791172,"Sobic.009G217900;Sobic.009G217900, Sobic.009G221266;Sobic.009G221000;Sobic.009G249100",True,True
embedding_mean_806,2,105,158,105,0.2096796044484512,0.0864200980835238,0.2096796044484512,False,False,2,False,False,False,1:80473742-80648959;1:82441311-82491389,,False,False
embedding_mean_807,1,31,44,31,0.4342335218514573,0.4482113558575737,0.4482113558575737,True,False,1,False,False,False,4:64445411-65094100,,False,False
embedding_mean_819,1,154,207,154,0.5096663446039297,0.4968585209292332,0.5096663446039297,True,True,1,False,False,False,7:42769174-42769174,,False,False
embedding_mean_820,1,72,111,72,0.0419670643088048,0.0520317943622221,0.0520317943622221,False,False,1,True,True,True,9:59312854-62791172,"Sobic.009G217900;Sobic.009G217900, Sobic.009G221266;Sobic.009G221000;Sobic.009G249100",True,True
embedding_mean_822,1,72,111,72,0.1330294082623644,0.2151562138415794,0.2151562138415794,False,False,1,True,True,True,9:59312854-62791172,"Sobic.009G217900;Sobic.009G217900, Sobic.009G221266;Sobic.009G221000;Sobic.009G249100",True,True
embedding_mean_824,2,24,35,24,0.2394090150507248,0.1817001166669449,0.2394090150507248,False,False,2,False,False,False,3:79695901-79830390;6:57881583-58658248,,False,False
embedding_mean_826,1,91,142,91,0.2358001467691235,0.1822118570853248,0.2358001467691235,False,False,1,False,False,False,4:10674193-10721737,,False,False
embedding_mean_831,1,155,208,155,0.2155166092384519,0.3057560537921354,0.3057560537921354,False,False,1,False,False,False,4:12939475-12939475,,False,False
embedding_mean_832,2,53,78,53,0.1792849005172509,0.2739914076015305,0.2739914076015305,False,False,2,False,False,False,8:52732042-52858077;9:811491-811491,,False,False
embedding_mean_833,2,10,17,10,0.2621021119131983,0.1670448432527504,0.2621021119131983,False,False,2,False,True,False,5:61159190-61159190;7:62853152-63323476,Sobic.007G163100,True,True
embedding_mean_838,1,8,12,8,0.1361679784312825,0.0855185134831549,0.1361679784312825,False,False,1,False,False,False,5:64014880-64046445,,False,False
embedding_mean_844,1,156,209,156,0.4375481528383522,0.4691749530259547,0.4691749530259547,True,False,1,False,False,False,5:67228416-67228416,,False,False
embedding_mean_846,1,63,95,63,0.3259002312614909,0.32985454862832,0.32985454862832,False,False,1,False,False,False,5:11157872-11169959,,False,False
embedding_mean_849,1,72,111,72,0.124172648263711,0.2005071838024608,0.2005071838024608,False,False,1,True,True,True,9:59312854-62791172,"Sobic.009G217900;Sobic.009G217900, Sobic.009G221266;Sobic.009G221000;Sobic.009G249100",True,True
embedding_mean_851,5,15,22,15,0.2941935805717877,0.3443533286518724,0.3443533286518724,False,False,5,False,False,False,5:18116914-18116914;5:18509856-18799569;5:55099872-55099872;5:56620715-56620715;5:58722953-58722953,,False,False
embedding_mean_855,1,74,122,74,0.1684000236582584,0.1798402635698084,0.1798402635698084,False,False,1,False,False,False,2:65274344-65906142,,False,False
embedding_mean_864,1,55,80,55,0.040194291097993,0.0308288937314012,0.040194291097993,False,False,1,False,False,False,6:43533465-44716389,,False,False
embedding_mean_866,1,72,111,72,0.23043187743174,0.3643239824228202,0.3643239824228202,False,False,1,True,True,True,9:59312854-62791172,"Sobic.009G217900;Sobic.009G217900, Sobic.009G221266;Sobic.009G221000;Sobic.009G249100",True,True
embedding_mean_868,1,157,210,157,0.1983309085088259,0.2203521114810563,0.2203521114810563,False,False,1,False,False,False,6:2377433-2377433,,False,False
embedding_mean_874,1,72,111,72,0.2031064956232395,0.2915351124101598,0.2915351124101598,False,False,1,True,True,True,9:59312854-62791172,"Sobic.009G217900;Sobic.009G217900, Sobic.009G221266;Sobic.009G221000;Sobic.009G249100",True,True
embedding_mean_881,2,31,44,31,0.3967233627114119,0.390554719988177,0.3967233627114119,False,False,2,False,False,False,4:64445411-65094100;8:12848341-12901525,,False,False
embedding_mean_883,1,72,111,72,0.3610503264167117,0.479627965155274,0.479627965155274,True,False,1,True,True,True,9:59312854-62791172,"Sobic.009G217900;Sobic.009G217900, Sobic.009G221266;Sobic.009G221000;Sobic.009G249100",True,True
embedding_mean_884,1,72,111,72,0.2766915522024595,0.3265665750318134,0.3265665750318134,False,False,1,True,True,True,9:59312854-62791172,"Sobic.009G217900;Sobic.009G217900, Sobic.009G221266;Sobic.009G221000;Sobic.009G249100",True,True
embedding_mean_885,1,158,211,158,0.0918901262371592,0.246621516056426,0.246621516056426,False,False,1,False,False,False,2:18767828-18767828,,False,False
embedding_mean_890,1,7,9,7,0.0555314775003779,0.1020366619637973,0.1020366619637973,False,False,1,False,False,False,4:4625898-4724594,,False,False
embedding_mean_895,1,159,212,159,0.1845858339796505,0.0575619914412691,0.1845858339796505,False,False,1,False,False,False,4:58055353-58055817,,False,False
embedding_mean_896,1,51,75,51,0.2322226832695301,0.292987533734338,0.292987533734338,False,False,1,False,False,False,3:76282336-76285032,,False,False
embedding_mean_899,1,72,111,72,0.1850067681859877,0.2344427769153184,0.2344427769153184,False,False,1,True,True,True,9:59312854-62791172,"Sobic.009G217900;Sobic.009G217900, Sobic.009G221266;Sobic.009G221000;Sobic.009G249100",True,True
embedding_mean_900,1,56,87,56,0.1742418634105277,0.2844903611009947,0.2844903611009947,False,False,1,False,False,False,6:51617098-52404519,,False,False
embedding_mean_902,1,72,111,72,0.0300190621469949,0.1313640425809673,0.1313640425809673,False,False,1,True,True,True,9:59312854-62791172,"Sobic.009G217900;Sobic.009G217900, Sobic.009G221266;Sobic.009G221000;Sobic.009G249100",True,True
embedding_mean_903,4,71,109,71,0.1454731470745933,0.2562628556230837,0.2562628556230837,False,False,4,True,True,True,1:8148280-8148280;4:39427905-40735252;4:41660724-42295420;9:59312854-62791172,"Sobic.009G217900;Sobic.009G217900, Sobic.009G221266;Sobic.009G221000;Sobic.009G249100",True,True
embedding_mean_904,1,17,25,17,0.133733072615405,0.1523865242072924,0.1523865242072924,False,False,1,False,False,False,6:50027105-50468236,,False,False
embedding_mean_907,1,61,92,61,0.2648430947365431,0.3280895224943699,0.3280895224943699,False,False,1,False,False,False,4:59819846-59985751,,False,False
embedding_mean_908,1,104,157,104,0.0660661901766231,0.0211150201407156,0.0660661901766231,False,False,1,False,False,False,3:8691957-8856682,,False,False
embedding_mean_910,1,160,213,160,0.2556007228628082,0.2428287316132266,0.2556007228628082,False,False,1,False,False,False,3:80073263-80073263,,False,False
embedding_mean_911,1,161,214,161,0.3427513395606985,0.3522724769784417,0.3522724769784417,False,False,1,False,False,False,1:1996062-1996062,,False,False
embedding_mean_912,1,162,215,162,0.1957926005917721,0.2248027083335164,0.2248027083335164,False,False,1,False,False,False,3:9851001-9851001,,False,False
embedding_mean_925,1,10,15,10,0.1433256292533606,0.172657221671725,0.172657221671725,False,False,1,False,True,False,7:62853152-63323476,Sobic.007G163100,True,True
embedding_mean_927,1,67,103,67,0.1182454629626175,0.0658342436987714,0.1182454629626175,False,False,1,False,False,False,2:3420187-3493505,,False,False
embedding_mean_932,1,20,30,20,0.1641804989784117,0.1417897488175615,0.1641804989784117,False,False,1,False,False,False,8:12848341-12901525,,False,False
embedding_mean_933,1,61,92,61,0.4011879387216637,0.4944648744743581,0.4944648744743581,True,False,1,False,False,False,4:59819846-59985751,,False,False
embedding_mean_937,1,72,111,72,0.4458215508727174,0.4511130413254641,0.4511130413254641,True,False,1,True,True,True,9:59312854-62791172,"Sobic.009G217900;Sobic.009G217900, Sobic.009G221266;Sobic.009G221000;Sobic.009G249100",True,True
embedding_mean_938,1,72,111,72,0.3551898764934061,0.4461179457720789,0.4461179457720789,True,False,1,True,True,True,9:59312854-62791172,"Sobic.009G217900;Sobic.009G217900, Sobic.009G221266;Sobic.009G221000;Sobic.009G249100",True,True
embedding_mean_942,5,33,50,33,0.3469875758365929,0.2682407926780996,0.3469875758365929,False,False,5,False,False,False,4:62394873-62394873;4:62625776-62743420;4:64445411-65094100;4:65405896-65526687;6:57881583-58658248,,False,False
embedding_mean_946,2,17,25,17,0.3231249774138491,0.398393417677601,0.398393417677601,False,False,2,False,False,False,2:64295086-64450048;6:50027105-50468236,,False,False
embedding_mean_952,1,31,44,31,0.5354705265427042,0.5443502593586569,0.5443502593586569,True,True,1,False,False,False,4:64445411-65094100,,False,False
embedding_mean_953,3,9,13,9,0.2103184847518081,0.1206036042291074,0.2103184847518081,False,False,3,False,True,False,6:55121607-55132253;6:56219322-56493085;7:62853152-63323476,Sobic.007G163100,True,True
embedding_mean_967,1,72,111,72,0.2163999240990091,0.2527900652792695,0.2527900652792695,False,False,1,True,True,True,9:59312854-62791172,"Sobic.009G217900;Sobic.009G217900, Sobic.009G221266;Sobic.009G221000;Sobic.009G249100",True,True
embedding_mean_968,1,72,111,72,0.5787173986324887,0.5772405857374271,0.5787173986324887,True,True,1,True,True,True,9:59312854-62791172,"Sobic.009G217900;Sobic.009G217900, Sobic.009G221266;Sobic.009G221000;Sobic.009G249100",True,True
embedding_mean_970,1,163,216,163,0.0344610401775335,0.0830255138716842,0.0830255138716842,False,False,1,False,False,False,7:4080413-4096272,,False,False
embedding_mean_973,1,66,101,66,0.2719097402980077,0.3099247252458629,0.3099247252458629,False,False,1,False,False,False,9:56304397-56327209,,False,False
embedding_mean_978,2,62,94,62,0.2438255306468519,0.2856149663604787,0.2856149663604787,False,False,2,False,False,False,1:15780080-15922053;1:9361968-9383332,,False,False
embedding_mean_979,1,31,44,31,0.24103948532859,0.1399979339735536,0.24103948532859,False,False,1,False,False,False,4:64445411-65094100,,False,False
embedding_mean_983,1,25,36,25,0.347667680365757,0.1998962592414289,0.347667680365757,False,False,1,False,False,False,6:57881583-58658248,,False,False
embedding_mean_984,1,164,217,164,0.574036707417099,0.626082397407353,0.626082397407353,True,True,1,False,False,False,5:46404276-46404276,,False,False
embedding_mean_986,2,41,59,41,0.4522101828919564,0.5283833667564041,0.5283833667564041,True,True,2,True,False,False,3:68986686-69061733;5:60007887-60022551,Sobic.005G126200,True,True
embedding_mean_988,1,55,80,55,0.3520591405340811,0.2747051365838861,0.3520591405340811,False,False,1,False,False,False,6:43533465-44716389,,False,False
embedding_mean_995,1,10,15,10,0.1821218205961924,0.0780776712366459,0.1821218205961924,False,False,1,False,True,False,7:62853152-63323476,Sobic.007G163100,True,True
embedding_mean_996,1,35,53,35,0.3055888130475971,0.2246047220197247,0.3055888130475971,False,False,1,False,False,False,8:61149182-61508991,,False,False
embedding_mean_997,1,35,53,35,0.397960093968927,0.3472899459216225,0.397960093968927,False,False,1,False,False,False,8:61149182-61508991,,False,False
embedding_mean_1003,6,46,67,46,0.4894918928726374,0.5289784918939898,0.5289784918939898,True,True,6,False,False,False,4:16842234-20745353;4:20981089-21349091;4:21598020-21986255;4:25773688-26708687;4:35047157-36569798;4:37381806-37802564,,False,False
embedding_mean_1013,1,72,111,72,0.1754308732851381,0.1482899743835706,0.1754308732851381,False,False,1,True,True,True,9:59312854-62791172,"Sobic.009G217900;Sobic.009G217900, Sobic.009G221266;Sobic.009G221000;Sobic.009G249100",True,True
embedding_mean_1016,8,33,51,33,0.3091288803416195,0.2623757012304012,0.3091288803416195,False,False,8,False,False,False,1:13484979-13484987;2:58887135-58887135;4:53606456-53606456;4:59819846-59985751;4:60556616-60799936;4:64445411-65094100;4:65405896-65526687;6:57881583-58658248,,False,False
embedding_mean_1019,1,97,149,97,0.0716550860527883,0.0166064988295108,0.0716550860527883,False,False,1,False,False,False,8:60743526-60754162,,False,False
embedding_mean_1022,1,75,123,75,0.440440302231369,0.539400719823625,0.539400719823625,True,True,1,False,False,False,2:64714381-64783880,,False,False
embedding_std_0,1,31,44,31,0.5127451013953351,0.4719835219517675,0.5127451013953351,True,True,1,False,False,False,4:64445411-65094100,,False,False
embedding_std_1,1,31,44,31,0.3394199490742999,0.424920683446416,0.424920683446416,True,False,1,False,False,False,4:64445411-65094100,,False,False
embedding_std_2,1,55,80,55,0.3805796102683615,0.4151012606479629,0.4151012606479629,True,False,1,False,False,False,6:43533465-44716389,,False,False
embedding_std_5,1,55,80,55,0.1885823488813596,0.2442559597189743,0.2442559597189743,False,False,1,False,False,False,6:43533465-44716389,,False,False
embedding_std_7,1,165,218,165,0.2543798662170607,0.1480192985529228,0.2543798662170607,False,False,1,False,False,False,7:5771482-5771482,,False,False
embedding_std_16,2,56,87,56,0.1966862998254872,0.2216917498006818,0.2216917498006818,False,False,2,False,False,False,6:51617098-52404519;9:58400167-58549438,,False,False
embedding_std_18,1,83,132,83,0.2877623239018059,0.2707739939461909,0.2877623239018059,False,False,1,False,False,False,2:78220483-78266025,,False,False
embedding_std_27,1,166,219,166,0.505282096728442,0.5376145297636596,0.5376145297636596,True,True,1,False,False,False,8:64278022-64278022,,False,False
embedding_std_42,1,56,87,56,0.1526074810786407,0.2445108023233873,0.2445108023233873,False,False,1,False,False,False,6:51617098-52404519,,False,False
embedding_std_48,1,55,80,55,0.0605385346865485,0.0323426738776578,0.0605385346865485,False,False,1,False,False,False,6:43533465-44716389,,False,False
embedding_std_50,1,72,111,72,0.2256690072131933,0.3534753052712946,0.3534753052712946,False,False,1,True,True,True,9:59312854-62791172,"Sobic.009G217900;Sobic.009G217900, Sobic.009G221266;Sobic.009G221000;Sobic.009G249100",True,True
embedding_std_63,1,72,111,72,0.0020224420020599,0.0157277412523622,0.0157277412523622,False,False,1,True,True,True,9:59312854-62791172,"Sobic.009G217900;Sobic.009G217900, Sobic.009G221266;Sobic.009G221000;Sobic.009G249100",True,True
embedding_std_65,4,167,220,167,0.30252792116434,0.4375743923323376,0.4375743923323376,True,False,4,False,False,False,2:53091032-53091032;3:11167716-11167716;4:70018911-70023585;5:70684350-70684350,,False,False
embedding_std_67,1,10,15,10,0.3233216311105232,0.2607908608617046,0.3233216311105232,False,False,1,False,True,False,7:62853152-63323476,Sobic.007G163100,True,True
embedding_std_70,2,100,152,100,0.4198588979011041,0.3781704903141827,0.4198588979011041,True,False,2,False,False,False,1:75116681-75234437;2:5100802-5104395,,False,False
embedding_std_71,2,55,80,55,0.1473567724589083,0.2603096139390261,0.2603096139390261,False,False,2,True,True,True,6:43533465-44716389;9:59312854-62791172,"Sobic.009G217900;Sobic.009G217900, Sobic.009G221266;Sobic.009G221000;Sobic.009G249100",True,True
embedding_std_74,1,168,221,168,0.1272123171107637,0.1620842400649716,0.1620842400649716,False,False,1,False,False,False,7:60910335-60913969,,False,False
embedding_std_76,2,33,49,33,0.5221919043597086,0.5697291463666836,0.5697291463666836,True,True,2,False,False,False,4:64445411-65094100;4:65405896-65526687,,False,False
embedding_std_77,1,5,7,5,0.2709554587102165,0.1822954953254461,0.2709554587102165,False,False,1,False,False,False,8:52187019-52322903,,False,False
embedding_std_80,1,72,111,72,0.1505554385635447,0.0285114252411778,0.1505554385635447,False,False,1,True,True,True,9:59312854-62791172,"Sobic.009G217900;Sobic.009G217900, Sobic.009G221266;Sobic.009G221000;Sobic.009G249100",True,True
embedding_std_81,1,53,77,53,0.2392748712553618,0.2649154095353205,0.2649154095353205,False,False,1,False,False,False,8:52732042-52858077,,False,False
embedding_std_83,1,169,222,169,0.3616396602729426,0.3864260575151745,0.3864260575151745,False,False,1,False,False,False,4:57612957-57612957,,False,False
embedding_std_87,2,170,223,170,0.3470823054405347,0.365513965655961,0.365513965655961,False,False,2,False,False,False,4:10433247-10434783;9:54064520-54064520,,False,False
embedding_std_88,1,55,80,55,0.2032460085928829,0.1953970742604676,0.2032460085928829,False,False,1,False,False,False,6:43533465-44716389,,False,False
embedding_std_89,2,63,96,63,0.5236187921862129,0.476421388673997,0.5236187921862129,True,True,2,False,False,False,1:19500196-19500196;5:11157872-11169959,,False,False
embedding_std_94,2,18,27,18,0.049490319055097,0.047719444155055,0.049490319055097,False,False,2,False,False,False,6:50027105-50468236;6:51104673-51374641,,False,False
embedding_std_98,2,40,58,40,0.4642172579361821,0.5507207430610142,0.5507207430610142,True,True,2,True,False,False,4:43861507-43902342;5:60007887-60022551,Sobic.005G126200,True,True
embedding_std_102,1,171,224,171,0.3473676053175346,0.351870744355661,0.351870744355661,False,False,1,False,False,False,5:32019245-32019245,,False,False
embedding_std_103,1,172,225,172,0.1189199095768279,0.1598100864682095,0.1598100864682095,False,False,1,False,False,False,8:48818619-48818619,,False,False
embedding_std_105,1,173,226,173,0.2874239119769297,0.1783109882252041,0.2874239119769297,False,False,1,False,False,False,10:55109878-55109878,,False,False
embedding_std_108,2,85,135,85,0.2085018794602503,0.2499148135921554,0.2499148135921554,False,False,2,False,False,False,7:14785049-14975447;7:15530179-15530179,,False,False
embedding_std_111,2,174,227,174,0.3750212079937307,0.4086527229261802,0.4086527229261802,True,False,2,False,False,False,1:2229056-2229056;6:40480094-40480094,,False,False
embedding_std_117,3,46,65,46,0.2929854753033186,0.2878399335193793,0.2929854753033186,False,False,3,False,False,False,4:21598020-21986255;4:25773688-26708687;4:26915110-28559506,,False,False
embedding_std_121,8,58,89,58,0.3524134508695604,0.3701442986965847,0.3701442986965847,False,False,8,True,True,True,10:11736237-11837294;10:12350947-12404276;10:16886003-16886003;10:18418548-18418548;10:32123681-32123681;10:35218155-35218155;10:46979362-46979362;9:59312854-62791172,"Sobic.009G217900;Sobic.009G217900, Sobic.009G221266;Sobic.009G221000;Sobic.009G249100",True,True
embedding_std_123,1,31,44,31,0.1949975202774588,0.0545766711135361,0.1949975202774588,False,False,1,False,False,False,4:64445411-65094100,,False,False
embedding_std_124,1,175,228,175,0.4019921016086596,0.3898046192051625,0.4019921016086596,True,False,1,False,False,False,4:51314275-51314275,,False,False
embedding_std_130,1,72,111,72,0.0760210832191008,0.1311861554053464,0.1311861554053464,False,False,1,True,True,True,9:59312854-62791172,"Sobic.009G217900;Sobic.009G217900, Sobic.009G221266;Sobic.009G221000;Sobic.009G249100",True,True
embedding_std_132,1,31,44,31,0.5502382169954052,0.4548344985041928,0.5502382169954052,True,True,1,False,False,False,4:64445411-65094100,,False,False
embedding_std_134,1,55,80,55,0.0512090433753615,0.0466761379827131,0.0512090433753615,False,False,1,False,False,False,6:43533465-44716389,,False,False
embedding_std_140,1,99,151,99,0.2736282368653831,0.2544190419491931,0.2736282368653831,False,False,1,False,False,False,5:73964793-74157019,,False,False
embedding_std_142,2,72,114,72,0.0687161303602266,0.0927839361576194,0.0927839361576194,False,False,2,True,True,True,3:9516318-9516318;9:59312854-62791172,"Sobic.009G217900;Sobic.009G217900, Sobic.009G221266;Sobic.009G221000;Sobic.009G249100",True,True
embedding_std_144,2,55,83,55,0.0097501133630757,0.0267218278601097,0.0267218278601097,False,False,2,False,False,False,6:43533465-44716389;6:44962538-45450658,,False,False
embedding_std_149,1,65,99,65,0.18787365607276,0.2904949600380051,0.2904949600380051,False,False,1,False,False,False,10:4212461-4334630,,False,False
embedding_std_150,1,56,87,56,0.3571797778302986,0.3415854143400488,0.3571797778302986,False,False,1,False,False,False,6:51617098-52404519,,False,False
embedding_std_156,2,104,157,104,0.4970697906001693,0.4316173606796091,0.4970697906001693,True,False,2,False,False,False,2:62930055-62930088;3:8691957-8856682,,False,False
embedding_std_158,1,68,105,68,0.0034780397274199,0.0597601529887175,0.0597601529887175,False,False,1,False,False,False,7:9288844-9364663,,False,False
embedding_std_161,2,72,115,72,0.2609491607762823,0.3712174797735943,0.3712174797735943,False,False,2,True,True,True,5:70994272-71005263;9:59312854-62791172,"Sobic.009G217900;Sobic.009G217900, Sobic.009G221266;Sobic.009G221000;Sobic.009G249100",True,True
embedding_std_163,1,28,40,28,0.0162378295155283,0.0322464610001339,0.0322464610001339,False,False,1,False,False,False,4:68547834-68802030,,False,False
embedding_std_167,1,103,156,103,0.0671765468222482,0.0508979474203029,0.0671765468222482,False,False,1,False,False,False,7:65419286-65574115,,False,False
embedding_std_171,2,55,83,55,0.1699611141982371,0.1343908524515709,0.1699611141982371,False,False,2,False,False,False,6:43533465-44716389;6:44962538-45450658,,False,False
embedding_std_172,1,86,136,86,0.5036256691069243,0.4387794313275727,0.5036256691069243,True,True,1,False,False,False,1:19824965-19935070,,False,False
embedding_std_173,1,72,111,72,0.0827510474818603,0.1996946526489656,0.1996946526489656,False,False,1,True,True,True,9:59312854-62791172,"Sobic.009G217900;Sobic.009G217900, Sobic.009G221266;Sobic.009G221000;Sobic.009G249100",True,True
embedding_std_175,6,18,28,18,0.1911972273781856,0.0963660852834894,0.1911972273781856,False,False,6,False,False,False,4:65405896-65526687;5:38653702-38653702;6:50027105-50468236;6:50673400-50815855;6:51104673-51374641;6:51617098-52404519,,False,False
embedding_std_177,1,102,155,102,0.0796755461348811,0.1237937626959048,0.1237937626959048,False,False,1,False,False,False,6:55609030-55744826,,False,False
embedding_std_184,1,9,14,9,0.2784345519052386,0.2229119763888872,0.2784345519052386,False,False,1,False,False,False,6:56219322-56493085,,False,False
embedding_std_185,1,72,111,72,0.3639296947211402,0.3135128304231047,0.3639296947211402,False,False,1,True,True,True,9:59312854-62791172,"Sobic.009G217900;Sobic.009G217900, Sobic.009G221266;Sobic.009G221000;Sobic.009G249100",True,True
embedding_std_191,1,62,93,62,0.3224438221005314,0.4346868093878997,0.4346868093878997,True,False,1,False,False,False,1:15780080-15922053,,False,False
embedding_std_198,1,55,80,55,0.0516426545214533,0.0838133791302528,0.0838133791302528,False,False,1,False,False,False,6:43533465-44716389,,False,False
embedding_std_200,1,176,229,176,0.2259113704161781,0.2477227027438872,0.2477227027438872,False,False,1,False,False,False,8:2614854-2614869,,False,False
embedding_std_210,1,55,80,55,0.0212473072856599,0.0006071690712055,0.0212473072856599,False,False,1,False,False,False,6:43533465-44716389,,False,False
embedding_std_212,1,7,9,7,0.3945754444120407,0.4160344745177339,0.4160344745177339,True,False,1,False,False,False,4:4625898-4724594,,False,False
embedding_std_215,2,25,37,25,0.2537783570288507,0.1147006976016718,0.2537783570288507,False,False,2,False,False,False,1:21063410-21361507;6:57881583-58658248,,False,False
embedding_std_219,1,177,230,177,0.032703916820441,0.1095227255810513,0.1095227255810513,False,False,1,False,False,False,4:67122929-67122929,,False,False
embedding_std_222,2,27,39,27,0.2884982849071487,0.3312139987624123,0.3312139987624123,False,False,2,False,False,False,3:7642773-7864559;4:4223438-4371839,,False,False
embedding_std_224,1,25,36,25,0.2499791848290153,0.1134357634451099,0.2499791848290153,False,False,1,False,False,False,6:57881583-58658248,,False,False
embedding_std_228,1,7,9,7,0.3727392122251228,0.359658396453844,0.3727392122251228,False,False,1,False,False,False,4:4625898-4724594,,False,False
embedding_std_230,2,33,50,33,0.1729609705787129,0.2908265586347567,0.2908265586347567,False,False,2,False,False,False,4:64445411-65094100;6:57881583-58658248,,False,False
embedding_std_234,1,72,111,72,0.449484235201978,0.4105142019374541,0.449484235201978,True,False,1,True,True,True,9:59312854-62791172,"Sobic.009G217900;Sobic.009G217900, Sobic.009G221266;Sobic.009G221000;Sobic.009G249100",True,True
embedding_std_239,1,55,80,55,0.0493187549441072,0.0202652416943336,0.0493187549441072,False,False,1,False,False,False,6:43533465-44716389,,False,False
embedding_std_243,4,46,65,46,0.3988439676138979,0.4799449068628382,0.4799449068628382,True,False,4,False,False,False,4:21598020-21986255;4:25773688-26708687;4:26915110-28559506;4:35047157-36569798,,False,False
embedding_std_244,1,74,122,74,0.4359018330149456,0.5432506884444963,0.5432506884444963,True,True,1,False,False,False,2:65274344-65906142,,False,False
embedding_std_245,3,56,86,56,0.1335717609438451,0.157517956548408,0.157517956548408,False,False,3,False,False,False,6:43533465-44716389;6:51104673-51374641;6:51617098-52404519,,False,False
embedding_std_251,1,178,231,178,0.1961529840863345,0.365630270911098,0.365630270911098,False,False,1,False,False,False,9:1769324-1769324,,False,False
embedding_std_252,1,41,59,41,0.3868226313466884,0.4453015239176026,0.4453015239176026,True,False,1,True,False,False,5:60007887-60022551,Sobic.005G126200,True,True
embedding_std_253,2,26,38,26,0.341775832406506,0.2377882051118064,0.341775832406506,False,False,2,False,False,False,3:7642773-7864559;4:64445411-65094100,,False,False
embedding_std_255,3,66,102,66,0.3815175232159863,0.4567874647631279,0.4567874647631279,True,False,3,True,True,True,9:56304397-56327209;9:59312854-62791172;9:63006136-63030312,"Sobic.009G217900;Sobic.009G217900, Sobic.009G221266;Sobic.009G221000;Sobic.009G249100",True,True
embedding_std_259,1,72,111,72,0.3083926429689129,0.3513824394106983,0.3513824394106983,False,False,1,True,True,True,9:59312854-62791172,"Sobic.009G217900;Sobic.009G217900, Sobic.009G221266;Sobic.009G221000;Sobic.009G249100",True,True
embedding_std_266,1,101,154,101,0.0549150876421438,0.0304785143052387,0.0549150876421438,False,False,1,False,False,False,5:68389789-68456427,,False,False
embedding_std_267,1,84,133,84,0.1785106825422432,0.1751151407490657,0.1785106825422432,False,False,1,False,False,False,7:14470357-14545299,,False,False
embedding_std_275,1,23,34,23,0.0486868817860501,0.002712433794703,0.0486868817860501,False,False,1,False,False,False,3:65689569-65844319,,False,False
embedding_std_280,1,72,111,72,0.1123212258759146,0.1645130346595542,0.1645130346595542,False,False,1,True,True,True,9:59312854-62791172,"Sobic.009G217900;Sobic.009G217900, Sobic.009G221266;Sobic.009G221000;Sobic.009G249100",True,True
embedding_std_284,2,33,47,33,0.3136834605635075,0.3212181051251855,0.3212181051251855,False,False,2,False,False,False,1:70131883-70281131;4:65405896-65526687,,False,False
embedding_std_286,3,96,147,96,0.0544355611705607,0.0505977414734324,0.0544355611705607,False,False,3,False,False,False,1:30543496-30543496;1:50726729-50726729;5:6917086-6917086,,False,False
embedding_std_287,1,88,139,88,0.3449771143946573,0.3974948956098898,0.3974948956098898,False,False,1,False,False,False,5:57249776-57249776,,False,False
embedding_std_288,5,33,50,33,0.2439652522793145,0.1468699226098673,0.2439652522793145,False,False,5,False,True,False,4:57364240-57366320;4:64445411-65094100;4:65405896-65526687;6:57881583-58658248;7:62853152-63323476,Sobic.007G163100,True,True
embedding_std_291,1,33,46,33,0.2819081912282853,0.2571934294950559,0.2819081912282853,False,False,1,False,False,False,4:65405896-65526687,,False,False
embedding_std_292,1,100,153,100,0.1308553356479104,0.0894673890638108,0.1308553356479104,False,False,1,False,False,False,2:5100802-5104395,,False,False
embedding_std_298,3,16,24,16,0.009918192552609,0.0012212271507514,0.009918192552609,False,False,3,False,False,False,4:12508103-12527917;4:50898627-50898638;4:51708912-51708912,,False,False
embedding_std_301,1,31,44,31,0.2999337056867093,0.1596327029541406,0.2999337056867093,False,False,1,False,False,False,4:64445411-65094100,,False,False
embedding_std_303,2,72,116,72,0.2795717156077767,0.2916060137594927,0.2916060137594927,False,False,2,True,True,True,7:1092260-1218148;9:59312854-62791172,"Sobic.009G217900;Sobic.009G217900, Sobic.009G221266;Sobic.009G221000;Sobic.009G249100",True,True
embedding_std_305,1,65,99,65,0.1449597027787985,0.147724869502644,0.147724869502644,False,False,1,False,False,False,10:4212461-4334630,,False,False
embedding_std_308,1,31,44,31,0.2965415553216462,0.1567065442672194,0.2965415553216462,False,False,1,False,False,False,4:64445411-65094100,,False,False
embedding_std_309,1,55,83,55,0.2396693320978029,0.2428984160621657,0.2428984160621657,False,False,1,False,False,False,6:44962538-45450658,,False,False
embedding_std_312,1,179,232,179,0.107929276126119,0.0224255204564674,0.107929276126119,False,False,1,False,False,False,2:61091339-61091339,,False,False
embedding_std_314,1,42,60,42,0.0459514988308928,0.0238415327969191,0.0459514988308928,False,False,1,False,False,False,3:68986686-69061733,,False,False
embedding_std_315,1,72,111,72,0.3615849257528056,0.4369060604952283,0.4369060604952283,True,False,1,True,True,True,9:59312854-62791172,"Sobic.009G217900;Sobic.009G217900, Sobic.009G221266;Sobic.009G221000;Sobic.009G249100",True,True
embedding_std_317,1,180,233,180,0.3440816707773217,0.3499098885258394,0.3499098885258394,False,False,1,False,False,False,1:71800475-71800475,,False,False
embedding_std_322,6,181,234,181,0.1894005244060645,0.2201176688596338,0.2201176688596338,False,False,6,False,False,False,9:18892422-18892422;9:22782176-22782176;9:24395908-24395908;9:26710817-26710817;9:33957165-33957165;9:37528748-37528748,,False,False
embedding_std_326,1,72,111,72,0.5343506280089423,0.584716694433404,0.584716694433404,True,True,1,True,True,True,9:59312854-62791172,"Sobic.009G217900;Sobic.009G217900, Sobic.009G221266;Sobic.009G221000;Sobic.009G249100",True,True
embedding_std_331,1,52,76,52,0.3295876910063557,0.3899744985001364,0.3899744985001364,False,False,1,False,False,False,2:63491317-63517587,,False,False
embedding_std_335,1,92,143,92,0.3127175817587765,0.3099365697430291,0.3127175817587765,False,False,1,False,False,False,4:3791570-3796270,,False,False
embedding_std_336,2,52,76,52,0.2421830456517919,0.2511499370693482,0.2511499370693482,False,False,2,False,False,False,2:63491317-63517587;6:43533465-44716389,,False,False
embedding_std_338,1,72,111,72,0.2463708038261875,0.3182768163100348,0.3182768163100348,False,False,1,True,True,True,9:59312854-62791172,"Sobic.009G217900;Sobic.009G217900, Sobic.009G221266;Sobic.009G221000;Sobic.009G249100",True,True
embedding_std_340,1,33,46,33,0.2169338235336842,0.153352486218772,0.2169338235336842,False,False,1,False,False,False,4:65405896-65526687,,False,False
embedding_std_344,1,92,143,92,0.3437705810677098,0.4255261691387434,0.4255261691387434,True,False,1,False,False,False,4:3791570-3796270,,False,False
embedding_std_346,1,31,44,31,0.4741520244919217,0.3616289198812386,0.4741520244919217,True,False,1,False,False,False,4:64445411-65094100,,False,False
embedding_std_349,1,72,111,72,0.1810118445777384,0.1871425211431372,0.1871425211431372,False,False,1,True,True,True,9:59312854-62791172,"Sobic.009G217900;Sobic.009G217900, Sobic.009G221266;Sobic.009G221000;Sobic.009G249100",True,True
embedding_std_352,2,62,93,62,0.1541953597981942,0.0856951938992186,0.1541953597981942,False,False,2,True,True,True,1:15780080-15922053;9:59312854-62791172,"Sobic.009G217900;Sobic.009G217900, Sobic.009G221266;Sobic.009G221000;Sobic.009G249100",True,True
embedding_std_356,2,55,81,55,0.2482723227573115,0.2315874519721527,0.2482723227573115,False,False,2,False,False,False,2:58338481-58338481;6:43533465-44716389,,False,False
embedding_std_357,1,24,35,24,0.0460882166210249,0.048424600750192,0.048424600750192,False,False,1,False,False,False,3:79695901-79830390,,False,False
embedding_std_358,1,26,38,26,0.2411434120100071,0.2741935989822386,0.2741935989822386,False,False,1,False,False,False,3:7642773-7864559,,False,False
embedding_std_359,1,98,150,98,0.0148947854082093,0.0071264289875409,0.0148947854082093,False,False,1,False,False,False,9:54489925-54489925,,False,False
embedding_std_362,1,99,151,99,0.1267886764347098,0.1260237157661412,0.1267886764347098,False,False,1,False,False,False,5:73964793-74157019,,False,False
embedding_std_363,1,25,36,25,0.2379822002669652,0.2511921837946862,0.2511921837946862,False,False,1,False,False,False,6:57881583-58658248,,False,False
embedding_std_364,1,61,92,61,0.4666127513037902,0.5376941657535969,0.5376941657535969,True,True,1,False,False,False,4:59819846-59985751,,False,False
embedding_std_365,1,72,111,72,0.5400175553059918,0.5675894230803683,0.5675894230803683,True,True,1,True,True,True,9:59312854-62791172,"Sobic.009G217900;Sobic.009G217900, Sobic.009G221266;Sobic.009G221000;Sobic.009G249100",True,True
embedding_std_371,1,17,25,17,0.1756952262651563,0.1828149698218843,0.1828149698218843,False,False,1,False,False,False,6:50027105-50468236,,False,False
embedding_std_374,3,65,100,65,0.299845509662819,0.4416131224859598,0.4416131224859598,True,False,3,True,True,True,10:4212461-4334630;2:2096443-2301513;9:59312854-62791172,"Sobic.009G217900;Sobic.009G217900, Sobic.009G221266;Sobic.009G221000;Sobic.009G249100",True,True
embedding_std_375,1,62,93,62,0.4129352283924567,0.5200566075020963,0.5200566075020963,True,True,1,False,False,False,1:15780080-15922053,,False,False
embedding_std_377,1,72,111,72,0.4516121909271128,0.497371343036852,0.497371343036852,True,False,1,True,True,True,9:59312854-62791172,"Sobic.009G217900;Sobic.009G217900, Sobic.009G221266;Sobic.009G221000;Sobic.009G249100",True,True
embedding_std_378,1,182,235,182,0.1275443709210014,0.0848289839172415,0.1275443709210014,False,False,1,False,False,False,1:27714662-27714662,,False,False
embedding_std_380,1,72,111,72,0.1038627114118026,0.130607482085029,0.130607482085029,False,False,1,True,True,True,9:59312854-62791172,"Sobic.009G217900;Sobic.009G217900, Sobic.009G221266;Sobic.009G221000;Sobic.009G249100",True,True
embedding_std_385,1,31,44,31,0.4869579468172039,0.4948988887603631,0.4948988887603631,True,False,1,False,False,False,4:64445411-65094100,,False,False
embedding_std_388,2,93,144,93,0.1594554504172587,0.1897841448560369,0.1897841448560369,False,False,2,False,False,False,3:69383820-69505132;3:79132661-79132786,,False,False
embedding_std_389,1,72,111,72,0.1694072182644459,0.2040902084205585,0.2040902084205585,False,False,1,True,True,True,9:59312854-62791172,"Sobic.009G217900;Sobic.009G217900, Sobic.009G221266;Sobic.009G221000;Sobic.009G249100",True,True
embedding_std_392,1,21,31,21,0.2001863384876042,0.0696657627575611,0.2001863384876042,False,False,1,False,False,False,4:60556616-60799936,,False,False
embedding_std_393,1,6,8,6,0.1357440150096351,0.0178642228512395,0.1357440150096351,False,False,1,False,False,False,9:5374975-5485557,,False,False
embedding_std_397,2,72,117,72,0.371078435196233,0.4855824108946657,0.4855824108946657,True,False,2,True,True,True,5:6367080-6367080;9:59312854-62791172,"Sobic.009G217900;Sobic.009G217900, Sobic.009G221266;Sobic.009G221000;Sobic.009G249100",True,True
embedding_std_398,1,72,111,72,0.3777660219839172,0.5024116701018188,0.5024116701018188,True,True,1,True,True,True,9:59312854-62791172,"Sobic.009G217900;Sobic.009G217900, Sobic.009G221266;Sobic.009G221000;Sobic.009G249100",True,True
embedding_std_399,1,16,23,16,0.2478221722624388,0.3133258773395501,0.3133258773395501,False,False,1,False,False,False,4:12508103-12527917,,False,False
embedding_std_406,1,183,236,183,0.3242160215153686,0.2772790431701499,0.3242160215153686,False,False,1,False,False,False,1:63687041-63687041,,False,False
embedding_std_410,1,59,90,59,0.1536640454729556,0.1770279290133324,0.1770279290133324,False,False,1,False,False,False,10:12350947-12404276,,False,False
embedding_std_413,1,98,150,98,0.1227076572729466,0.1395632639134475,0.1395632639134475,False,False,1,False,False,False,9:54489925-54489925,,False,False
embedding_std_415,1,184,237,184,0.1700995782139649,0.2065625004436615,0.2065625004436615,False,False,1,False,False,False,1:71565160-71565160,,False,False
embedding_std_417,1,185,238,185,0.203810795643938,0.2207864468935541,0.2207864468935541,False,False,1,False,False,False,1:58741100-58829354,,False,False
embedding_std_419,1,72,111,72,0.4336145808347785,0.4657936600706382,0.4657936600706382,True,False,1,True,True,True,9:59312854-62791172,"Sobic.009G217900;Sobic.009G217900, Sobic.009G221266;Sobic.009G221000;Sobic.009G249100",True,True
embedding_std_421,1,186,239,186,0.4245984989057593,0.3963970722999059,0.4245984989057593,True,False,1,False,False,False,1:26437823-26437824,,False,False
embedding_std_422,2,55,82,55,0.3666742623085103,0.3712184262516783,0.3712184262516783,False,False,2,False,False,False,2:52334639-52334639;6:43533465-44716389,,False,False
embedding_std_423,1,17,25,17,0.2086942868707584,0.2550651484527212,0.2550651484527212,False,False,1,False,False,False,6:50027105-50468236,,False,False
embedding_std_435,1,72,111,72,0.0275227777310152,0.0092087078147112,0.0275227777310152,False,False,1,True,True,True,9:59312854-62791172,"Sobic.009G217900;Sobic.009G217900, Sobic.009G221266;Sobic.009G221000;Sobic.009G249100",True,True
embedding_std_438,1,187,240,187,0.0146552108478038,0.0613795398074823,0.0613795398074823,False,False,1,False,False,False,6:49519543-49519543,,False,False
embedding_std_443,1,72,111,72,0.2091908768792829,0.3488245925293538,0.3488245925293538,False,False,1,True,True,True,9:59312854-62791172,"Sobic.009G217900;Sobic.009G217900, Sobic.009G221266;Sobic.009G221000;Sobic.009G249100",True,True
embedding_std_444,1,39,57,39,0.3305378310709295,0.3594509183169807,0.3594509183169807,False,False,1,False,False,False,1:11488376-11488593,,False,False
embedding_std_450,1,188,241,188,0.2004686923528088,0.3042078015619457,0.3042078015619457,False,False,1,False,False,False,3:63501154-63501154,,False,False
embedding_std_454,2,53,77,53,0.1768018896395115,0.0970909117213806,0.1768018896395115,False,False,2,False,False,False,6:43533465-44716389;8:52732042-52858077,,False,False
embedding_std_466,1,189,242,189,0.3420720995244974,0.565542302533742,0.565542302533742,True,True,1,False,False,False,5:61752084-61752084,,False,False
embedding_std_473,1,72,111,72,0.2554676484028706,0.3434371209651047,0.3434371209651047,False,False,1,True,True,True,9:59312854-62791172,"Sobic.009G217900;Sobic.009G217900, Sobic.009G221266;Sobic.009G221000;Sobic.009G249100",True,True
embedding_std_478,1,29,41,29,0.4585943587932696,0.379958211640477,0.4585943587932696,True,False,1,False,False,False,4:58952029-59265704,,False,False
embedding_std_479,1,190,243,190,0.3876839971430927,0.444423712818538,0.444423712818538,True,False,1,False,False,False,1:17271208-17271208,,False,False
embedding_std_484,1,28,40,28,0.2166159903470438,0.2971936383962902,0.2971936383962902,False,False,1,False,False,False,4:68547834-68802030,,False,False
embedding_std_487,2,5,7,5,0.2007693706467508,0.143260917168362,0.2007693706467508,False,False,2,False,False,False,8:52187019-52322903;8:52732042-52858077,,False,False
embedding_std_488,3,29,42,29,0.4300761093960143,0.3143541243695188,0.4300761093960143,True,False,3,False,False,False,4:58952029-59265704;4:60556616-60799936;4:64445411-65094100,,False,False
embedding_std_496,13,46,69,46,0.4081711838350138,0.3966931745882262,0.4081711838350138,True,False,13,False,False,False,4:16842234-20745353;4:20981089-21349091;4:21598020-21986255;4:22304896-22767044;4:23733502-23892771;4:24367113-24474322;4:24818595-24895720;4:25773688-26708687;4:26915110-28559506;4:35047157-36569798;4:37381806-37802564;4:38208724-38858192;4:39427905-40735252,,False,False
embedding_std_506,1,191,244,191,0.4921122210939778,0.4777768196565109,0.4921122210939778,True,False,1,False,False,False,5:60592109-60696436,,False,False
embedding_std_507,1,72,111,72,0.249714013227763,0.1221014395999264,0.249714013227763,False,False,1,True,True,True,9:59312854-62791172,"Sobic.009G217900;Sobic.009G217900, Sobic.009G221266;Sobic.009G221000;Sobic.009G249100",True,True
embedding_std_511,1,49,73,49,0.2658413390164358,0.3848952069606161,0.3848952069606161,False,False,1,False,False,False,4:45704907-45993941,,False,False
embedding_std_512,2,43,61,43,0.3970384564563536,0.4756742659166684,0.4756742659166684,True,False,2,False,False,False,4:16842234-20745353;4:20981089-21349091,,False,False
embedding_std_518,1,31,44,31,0.4179952614501063,0.4701838986635661,0.4701838986635661,True,False,1,False,False,False,4:64445411-65094100,,False,False
embedding_std_521,1,72,111,72,0.1671622840911254,0.2424976772413733,0.2424976772413733,False,False,1,True,True,True,9:59312854-62791172,"Sobic.009G217900;Sobic.009G217900, Sobic.009G221266;Sobic.009G221000;Sobic.009G249100",True,True
embedding_std_527,2,28,40,28,0.0417238490450929,0.1569701147516789,0.1569701147516789,False,False,2,False,False,False,4:64445411-65094100;4:68547834-68802030,,False,False
embedding_std_531,1,192,245,192,0.3483070621102651,0.4116993750337605,0.4116993750337605,True,False,1,False,False,False,1:8673651-8673651,,False,False
embedding_std_532,5,45,64,45,0.4149672110004679,0.4712706042363412,0.4712706042363412,True,False,5,True,False,False,4:16842234-20745353;4:25773688-26708687;4:26915110-28559506;4:39427905-40735252;5:60007887-60022551,Sobic.005G126200,True,True
embedding_std_533,3,72,119,72,0.3769665550717561,0.5367032539037657,0.5367032539037657,True,True,3,True,True,True,10:56862552-56862729;4:16842234-20745353;9:59312854-62791172,"Sobic.009G217900;Sobic.009G217900, Sobic.009G221266;Sobic.009G221000;Sobic.009G249100",True,True
embedding_std_535,1,13,20,13,0.4546074094025645,0.5177178128324715,0.5177178128324715,True,True,1,False,False,False,2:2096443-2301513,,False,False
embedding_std_538,2,7,9,7,0.3125816973959279,0.3838236146146762,0.3838236146146762,False,False,2,False,False,False,4:4625898-4724594;4:60556616-60799936,,False,False
embedding_std_541,2,193,246,193,0.2504505407402174,0.3026598839793643,0.3026598839793643,False,False,2,False,False,False,1:18586390-18586390;1:31367421-31367421,,False,False
embedding_std_546,1,72,111,72,0.1868994697366459,0.1206794543067085,0.1868994697366459,False,False,1,True,True,True,9:59312854-62791172,"Sobic.009G217900;Sobic.009G217900, Sobic.009G221266;Sobic.009G221000;Sobic.009G249100",True,True
embedding_std_549,2,72,111,72,0.3919554888501134,0.4319005536829186,0.4319005536829186,True,False,2,True,True,True,4:64445411-65094100;9:59312854-62791172,"Sobic.009G217900;Sobic.009G217900, Sobic.009G221266;Sobic.009G221000;Sobic.009G249100",True,True
embedding_std_552,1,31,44,31,0.6686775402116548,0.628208329155872,0.6686775402116548,True,True,1,False,False,False,4:64445411-65094100,,False,False
embedding_std_558,1,72,111,72,0.2758799367606459,0.4035992431961239,0.4035992431961239,True,False,1,True,True,True,9:59312854-62791172,"Sobic.009G217900;Sobic.009G217900, Sobic.009G221266;Sobic.009G221000;Sobic.009G249100",True,True
embedding_std_566,1,72,111,72,0.3504013235970177,0.4808738379192788,0.4808738379192788,True,False,1,True,True,True,9:59312854-62791172,"Sobic.009G217900;Sobic.009G217900, Sobic.009G221266;Sobic.009G221000;Sobic.009G249100",True,True
embedding_std_567,1,50,74,50,0.4799890945988434,0.6047899261469911,0.6047899261469911,True,True,1,False,False,False,4:41660724-42295420,,False,False
embedding_std_568,1,5,7,5,0.0085720807086163,0.0478502744685035,0.0478502744685035,False,False,1,False,False,False,8:52187019-52322903,,False,False
embedding_std_570,1,194,247,194,0.365693431599188,0.2670675587267679,0.365693431599188,False,False,1,False,False,False,6:47250057-47250057,,False,False
embedding_std_572,1,27,39,27,0.5212483813797723,0.5166831297515312,0.5212483813797723,True,True,1,False,False,False,4:4223438-4371839,,False,False
embedding_std_574,1,10,15,10,0.0762411421890278,0.0132441252950391,0.0762411421890278,False,False,1,False,True,False,7:62853152-63323476,Sobic.007G163100,True,True
embedding_std_578,1,52,76,52,0.2494987176177571,0.1875251281480621,0.2494987176177571,False,False,1,False,False,False,2:63491317-63517587,,False,False
embedding_std_581,1,72,111,72,0.3803277868879786,0.4231154590361243,0.4231154590361243,True,False,1,True,True,True,9:59312854-62791172,"Sobic.009G217900;Sobic.009G217900, Sobic.009G221266;Sobic.009G221000;Sobic.009G249100",True,True
embedding_std_584,1,72,111,72,0.158194869675827,0.3014133453004219,0.3014133453004219,False,False,1,True,True,True,9:59312854-62791172,"Sobic.009G217900;Sobic.009G217900, Sobic.009G221266;Sobic.009G221000;Sobic.009G249100",True,True
embedding_std_585,1,72,111,72,0.4038382578121027,0.3882436131827901,0.4038382578121027,True,False,1,True,True,True,9:59312854-62791172,"Sobic.009G217900;Sobic.009G217900, Sobic.009G221266;Sobic.009G221000;Sobic.009G249100",True,True
embedding_std_586,2,39,57,39,0.298973089595169,0.3783345622900551,0.3783345622900551,False,False,2,False,False,False,1:11488376-11488593;4:26915110-28559506,,False,False
embedding_std_595,1,72,111,72,0.4269834431601841,0.5102489007502122,0.5102489007502122,True,True,1,True,True,True,9:59312854-62791172,"Sobic.009G217900;Sobic.009G217900, Sobic.009G221266;Sobic.009G221000;Sobic.009G249100",True,True
embedding_std_600,1,72,111,72,0.0768444122706019,0.0276396682215724,0.0768444122706019,False,False,1,True,True,True,9:59312854-62791172,"Sobic.009G217900;Sobic.009G217900, Sobic.009G221266;Sobic.009G221000;Sobic.009G249100",True,True
embedding_std_601,2,55,83,55,0.0173531746235831,0.035051970773568,0.035051970773568,False,False,2,False,False,False,6:43533465-44716389;6:44962538-45450658,,False,False
embedding_std_609,1,195,248,195,0.2897342514803985,0.2958387009344916,0.2958387009344916,False,False,1,False,False,False,3:80316404-80316404,,False,False
embedding_std_616,1,55,80,55,0.1135367673686552,0.1476898599543702,0.1476898599543702,False,False,1,False,False,False,6:43533465-44716389,,False,False
embedding_std_618,2,89,140,89,0.1855702236175577,0.0015318849198931,0.1855702236175577,False,False,2,False,False,False,5:72869134-72886963;8:1468914-1600622,,False,False
embedding_std_620,1,7,9,7,0.4172269249028281,0.3840947231210195,0.4172269249028281,True,False,1,False,False,False,4:4625898-4724594,,False,False
embedding_std_622,6,34,52,34,0.1378002032738861,0.002863532260266,0.1378002032738861,False,False,6,False,False,False,10:45370435-45426181;4:64445411-65094100;4:65405896-65526687;6:51617098-52404519;9:5374975-5485557;9:6658344-6882765,,False,False
embedding_std_625,1,72,111,72,0.0402790444191198,0.0642890506209606,0.0642890506209606,False,False,1,True,True,True,9:59312854-62791172,"Sobic.009G217900;Sobic.009G217900, Sobic.009G221266;Sobic.009G221000;Sobic.009G249100",True,True
embedding_std_627,1,60,91,60,0.3030590755983987,0.325402052059134,0.325402052059134,False,False,1,False,False,False,6:57033584-57315023,,False,False
embedding_std_628,1,87,137,87,0.0290397196426262,0.0096252832420173,0.0290397196426262,False,False,1,False,False,False,2:3891566-3920922,,False,False
embedding_std_633,4,33,50,33,0.1548847320200974,0.0225456488070083,0.1548847320200974,False,False,4,False,False,False,4:64445411-65094100;4:65405896-65526687;6:57881583-58658248;6:62260356-62260363,,False,False
embedding_std_634,1,12,19,12,0.0818883068653216,0.0951657617772803,0.0951657617772803,False,False,1,False,False,False,10:51055703-51238018,,False,False
embedding_std_642,1,56,87,56,0.11507348023893,0.1463471016373462,0.1463471016373462,False,False,1,False,False,False,6:51617098-52404519,,False,False
embedding_std_649,1,72,111,72,0.3703878585149533,0.3461943772576459,0.3703878585149533,False,False,1,True,True,True,9:59312854-62791172,"Sobic.009G217900;Sobic.009G217900, Sobic.009G221266;Sobic.009G221000;Sobic.009G249100",True,True
embedding_std_655,1,27,39,27,0.389861679663703,0.3176345058596795,0.389861679663703,False,False,1,False,False,False,4:4223438-4371839,,False,False
embedding_std_662,1,196,249,196,0.0274952079831168,0.115600061358822,0.115600061358822,False,False,1,False,False,False,7:17746357-17746357,,False,False
embedding_std_673,1,197,250,197,0.2725783817349904,0.2896985325330545,0.2896985325330545,False,False,1,False,False,False,5:4904703-4904703,,False,False
embedding_std_674,1,77,125,77,0.1010616621959863,0.0966978731758578,0.1010616621959863,False,False,1,False,False,False,4:7534143-7548205,,False,False
embedding_std_677,1,72,111,72,0.4300648978669364,0.4926815779331068,0.4926815779331068,True,False,1,True,True,True,9:59312854-62791172,"Sobic.009G217900;Sobic.009G217900, Sobic.009G221266;Sobic.009G221000;Sobic.009G249100",True,True
embedding_std_679,2,67,104,67,0.0621283931649806,0.0807081197475959,0.0807081197475959,False,False,2,False,False,False,10:52225998-52225998;2:3420187-3493505,,False,False
embedding_std_680,1,198,251,198,0.0133487028698918,0.1146239585107275,0.1146239585107275,False,False,1,False,False,False,6:54277607-54277607,,False,False
embedding_std_681,1,28,40,28,0.0776106015780368,0.0847883157821366,0.0847883157821366,False,False,1,False,False,False,4:68547834-68802030,,False,False
embedding_std_692,1,72,111,72,0.1688569362175697,0.2520900162855075,0.2520900162855075,False,False,1,True,True,True,9:59312854-62791172,"Sobic.009G217900;Sobic.009G217900, Sobic.009G221266;Sobic.009G221000;Sobic.009G249100",True,True
embedding_std_698,1,199,252,199,0.0946837791628682,0.1209015758116438,0.1209015758116438,False,False,1,False,False,False,4:69552938-69552938,,False,False
embedding_std_701,1,62,93,62,0.4267011564651197,0.5000748359939395,0.5000748359939395,True,True,1,False,False,False,1:15780080-15922053,,False,False
embedding_std_702,2,72,110,72,0.3209566913064988,0.3080792822775561,0.3209566913064988,False,False,2,True,True,True,10:51759875-51859180;9:59312854-62791172,"Sobic.009G217900;Sobic.009G217900, Sobic.009G221266;Sobic.009G221000;Sobic.009G249100",True,True
embedding_std_703,1,18,27,18,0.1890147719044307,0.1132738920307829,0.1890147719044307,False,False,1,False,False,False,6:51104673-51374641,,False,False
embedding_std_704,1,31,44,31,0.3806544607333522,0.3641069042939615,0.3806544607333522,False,False,1,False,False,False,4:64445411-65094100,,False,False
embedding_std_707,1,40,58,40,0.4366086630603516,0.4590867743952528,0.4590867743952528,True,False,1,False,False,False,4:43861507-43902342,,False,False
embedding_std_710,1,72,111,72,0.1024658889925324,0.1785727570210251,0.1785727570210251,False,False,1,True,True,True,9:59312854-62791172,"Sobic.009G217900;Sobic.009G217900, Sobic.009G221266;Sobic.009G221000;Sobic.009G249100",True,True
embedding_std_711,1,30,43,30,0.4038233312103001,0.4244092438728558,0.4244092438728558,True,False,1,False,False,False,5:66801655-66801676,,False,False
embedding_std_713,1,200,253,200,0.1303197346366081,0.1313253383878868,0.1313253383878868,False,False,1,False,False,False,1:15073139-15073499,,False,False
embedding_std_721,2,97,149,97,0.3281232499104882,0.3007904308902323,0.3281232499104882,False,False,2,False,False,False,1:83433148-83433148;8:60743526-60754162,,False,False
embedding_std_722,1,17,25,17,0.1256855030298775,0.0032619893928201,0.1256855030298775,False,False,1,False,False,False,6:50027105-50468236,,False,False
embedding_std_724,1,201,254,201,0.1808028034168386,0.1499610524268407,0.1808028034168386,False,False,1,False,False,False,10:59148346-59153155,,False,False
embedding_std_726,1,29,41,29,0.150487939055024,0.0703545554226805,0.150487939055024,False,False,1,False,False,False,4:58952029-59265704,,False,False
embedding_std_729,1,74,122,74,0.3601216702868825,0.4615467284004742,0.4615467284004742,True,False,1,False,False,False,2:65274344-65906142,,False,False
embedding_std_730,1,72,111,72,0.0461145162099783,0.0519582732967636,0.0519582732967636,False,False,1,True,True,True,9:59312854-62791172,"Sobic.009G217900;Sobic.009G217900, Sobic.009G221266;Sobic.009G221000;Sobic.009G249100",True,True
embedding_std_733,1,202,255,202,0.4424980161930835,0.412958711448511,0.4424980161930835,True,False,1,False,False,False,1:15309551-15309551,,False,False
embedding_std_736,1,6,8,6,0.1770971449611502,0.1261871522495857,0.1770971449611502,False,False,1,False,False,False,9:5374975-5485557,,False,False
embedding_std_739,1,55,80,55,0.1742007504893299,0.1286766160893567,0.1742007504893299,False,False,1,False,False,False,6:43533465-44716389,,False,False
embedding_std_741,1,72,111,72,0.3165726477752022,0.3833663102072455,0.3833663102072455,False,False,1,True,True,True,9:59312854-62791172,"Sobic.009G217900;Sobic.009G217900, Sobic.009G221266;Sobic.009G221000;Sobic.009G249100",True,True
embedding_std_745,1,203,256,203,0.0635684030992354,0.0574219126848277,0.0635684030992354,False,False,1,False,False,False,8:5596639-5596642,,False,False
embedding_std_746,1,10,15,10,0.366522762931072,0.4261199759675693,0.4261199759675693,True,False,1,False,True,False,7:62853152-63323476,Sobic.007G163100,True,True
embedding_std_751,1,96,148,96,0.0210277773265414,0.008894612301957,0.0210277773265414,False,False,1,False,False,False,1:30543496-30543496,,False,False
embedding_std_753,1,57,88,57,0.3983094828840215,0.4274964593268958,0.4274964593268958,True,False,1,False,False,False,9:58400167-58549438,,False,False
embedding_std_757,1,72,111,72,0.1754840944868562,0.212723650236055,0.212723650236055,False,False,1,True,True,True,9:59312854-62791172,"Sobic.009G217900;Sobic.009G217900, Sobic.009G221266;Sobic.009G221000;Sobic.009G249100",True,True
embedding_std_761,2,68,105,68,0.1362167413010357,0.1977847612836919,0.1977847612836919,False,False,2,True,True,True,7:9288844-9364663;9:59312854-62791172,"Sobic.009G217900;Sobic.009G217900, Sobic.009G221266;Sobic.009G221000;Sobic.009G249100",True,True
embedding_std_766,1,31,44,31,0.4077717456309975,0.2766029941563767,0.4077717456309975,True,False,1,False,False,False,4:64445411-65094100,,False,False
embedding_std_767,1,72,111,72,0.0542512388328685,0.2279503935962915,0.2279503935962915,False,False,1,True,True,True,9:59312854-62791172,"Sobic.009G217900;Sobic.009G217900, Sobic.009G221266;Sobic.009G221000;Sobic.009G249100",True,True
embedding_std_769,1,72,111,72,0.3894790618048068,0.5262796332992353,0.5262796332992353,True,True,1,True,True,True,9:59312854-62791172,"Sobic.009G217900;Sobic.009G217900, Sobic.009G221266;Sobic.009G221000;Sobic.009G249100",True,True
embedding_std_774,1,62,93,62,0.319386148938759,0.2176625756954298,0.319386148938759,False,False,1,False,False,False,1:15780080-15922053,,False,False
embedding_std_775,1,72,111,72,0.4311869083731622,0.4918954332364837,0.4918954332364837,True,False,1,True,True,True,9:59312854-62791172,"Sobic.009G217900;Sobic.009G217900, Sobic.009G221266;Sobic.009G221000;Sobic.009G249100",True,True
embedding_std_776,4,95,146,95,0.2696389431925134,0.2143211734110779,0.2696389431925134,False,False,4,False,False,False,3:57743819-57743819;3:60003345-60137214;3:60365195-60524657;3:61224571-61303530,,False,False
embedding_std_778,1,55,80,55,0.0683935640580046,0.1475220561506236,0.1475220561506236,False,False,1,False,False,False,6:43533465-44716389,,False,False
embedding_std_781,1,204,257,204,0.4908569470398428,0.520376114841324,0.520376114841324,True,True,1,False,False,False,6:7007340-7007340,,False,False
embedding_std_783,1,72,111,72,0.3966179065210217,0.4819977367004787,0.4819977367004787,True,False,1,True,True,True,9:59312854-62791172,"Sobic.009G217900;Sobic.009G217900, Sobic.009G221266;Sobic.009G221000;Sobic.009G249100",True,True
embedding_std_784,1,205,258,205,0.0088279020918675,0.1186042402623799,0.1186042402623799,False,False,1,False,False,False,2:60838842-60838842,,False,False
embedding_std_785,2,64,98,64,0.2316697745746071,0.3679795275438305,0.3679795275438305,False,False,2,False,False,False,4:8685597-8884311;9:63006136-63030312,,False,False
embedding_std_791,1,6,8,6,0.146415583154483,0.2237939587520794,0.2237939587520794,False,False,1,False,False,False,9:5374975-5485557,,False,False
embedding_std_793,2,61,92,61,0.4704061717113355,0.6276643104545468,0.6276643104545468,True,True,2,True,True,True,4:59819846-59985751;9:59312854-62791172,"Sobic.009G217900;Sobic.009G217900, Sobic.009G221266;Sobic.009G221000;Sobic.009G249100",True,True
embedding_std_794,3,17,26,17,0.0297486780668402,0.0347202978106812,0.0347202978106812,False,False,3,False,False,False,1:67935025-68019206;2:66514947-66514947;6:50027105-50468236,,False,False
embedding_std_796,1,74,122,74,0.4230228772562036,0.5076167756209419,0.5076167756209419,True,True,1,False,False,False,2:65274344-65906142,,False,False
embedding_std_802,2,16,23,16,0.1145035617060878,0.0552629082878285,0.1145035617060878,False,False,2,False,False,False,4:12508103-12527917;4:8685597-8884311,,False,False
embedding_std_803,1,7,9,7,0.2244218543326907,0.3487032405178614,0.3487032405178614,False,False,1,False,False,False,4:4625898-4724594,,False,False
embedding_std_808,1,41,59,41,0.5194039818290067,0.6118410763240603,0.6118410763240603,True,True,1,True,False,False,5:60007887-60022551,Sobic.005G126200,True,True
embedding_std_810,1,93,144,93,0.1943712197201566,0.1895583827907568,0.1943712197201566,False,False,1,False,False,False,3:69383820-69505132,,False,False
embedding_std_811,1,31,44,31,0.5033272573835947,0.4438158541704426,0.5033272573835947,True,True,1,False,False,False,4:64445411-65094100,,False,False
embedding_std_815,3,72,120,72,0.1972966923925369,0.0727177928888262,0.1972966923925369,False,False,3,True,True,True,1:6738560-6739566;2:64714381-64783880;9:59312854-62791172,"Sobic.009G217900;Sobic.009G217900, Sobic.009G221266;Sobic.009G221000;Sobic.009G249100",True,True
embedding_std_818,1,72,111,72,0.1862121814252503,0.2287645709455971,0.2287645709455971,False,False,1,True,True,True,9:59312854-62791172,"Sobic.009G217900;Sobic.009G217900, Sobic.009G221266;Sobic.009G221000;Sobic.009G249100",True,True
embedding_std_820,1,55,80,55,0.0990593794846643,0.1688790569346454,0.1688790569346454,False,False,1,False,False,False,6:43533465-44716389,,False,False
embedding_std_823,1,77,125,77,0.0846988992624042,0.115109738387373,0.115109738387373,False,False,1,False,False,False,4:7534143-7548205,,False,False
embedding_std_827,1,56,87,56,0.1472422948752194,0.1943849274987646,0.1943849274987646,False,False,1,False,False,False,6:51617098-52404519,,False,False
embedding_std_828,4,77,126,77,0.0979289619205653,0.0010845827576436,0.0979289619205653,False,False,4,False,False,False,1:17809885-17809885;2:65274344-65906142;4:35047157-36569798;4:7534143-7548205,,False,False
embedding_std_831,1,55,80,55,0.0263512408654599,0.0432680258948291,0.0432680258948291,False,False,1,False,False,False,6:43533465-44716389,,False,False
embedding_std_835,1,206,259,206,0.3480122546216915,0.3959209262180446,0.3959209262180446,False,False,1,False,False,False,2:11490014-11491008,,False,False
embedding_std_837,1,92,143,92,0.3694157469620354,0.3840032831972624,0.3840032831972624,False,False,1,False,False,False,4:3791570-3796270,,False,False
embedding_std_839,1,207,260,207,0.6041615034976718,0.601733342780086,0.6041615034976718,True,True,1,True,False,False,1:65781144-65781192,Sobic.001G329100,True,True
embedding_std_840,2,91,142,91,0.2237701274465759,0.2008219080470851,0.2237701274465759,False,False,2,False,False,False,4:10674193-10721737;4:6144236-6144281,,False,False
embedding_std_845,1,31,44,31,0.2965363180407566,0.300790542439435,0.300790542439435,False,False,1,False,False,False,4:64445411-65094100,,False,False
embedding_std_847,1,62,93,62,0.2479639835459054,0.4625878171098764,0.4625878171098764,True,False,1,False,False,False,1:15780080-15922053,,False,False
embedding_std_849,1,44,62,44,0.3112135515884939,0.4808741049613096,0.4808741049613096,True,False,1,False,False,False,4:16842234-20745353,,False,False
embedding_std_851,2,27,39,27,0.4313114864905041,0.4901552082086151,0.4901552082086151,True,False,2,False,False,False,3:7642773-7864559;4:4223438-4371839,,False,False
embedding_std_861,2,78,127,78,0.1714626252932743,0.3137574476839309,0.3137574476839309,False,False,2,False,False,False,2:16439079-16590322;7:1092260-1218148,,False,False
embedding_std_863,1,44,62,44,0.2369382975760781,0.2182893672854853,0.2369382975760781,False,False,1,False,False,False,4:16842234-20745353,,False,False
embedding_std_867,1,72,111,72,0.0842160341518251,0.0103615384027736,0.0842160341518251,False,False,1,True,True,True,9:59312854-62791172,"Sobic.009G217900;Sobic.009G217900, Sobic.009G221266;Sobic.009G221000;Sobic.009G249100",True,True
embedding_std_872,2,54,79,54,0.0458024044251392,0.0585558914576229,0.0585558914576229,False,False,2,False,False,False,6:43533465-44716389;8:3020930-3095863,,False,False
embedding_std_873,3,33,50,33,0.0306713519161021,0.0480970483472498,0.0480970483472498,False,False,3,False,False,False,4:64445411-65094100;4:65405896-65526687;6:57881583-58658248,,False,False
embedding_std_874,1,55,80,55,0.3504984916965662,0.4534666213348734,0.4534666213348734,True,False,1,False,False,False,6:43533465-44716389,,False,False
embedding_std_878,1,208,261,208,0.0762651698834383,0.0052784001058973,0.0762651698834383,False,False,1,False,False,False,3:14104670-14104670,,False,False
embedding_std_882,1,74,122,74,0.3455114593812737,0.404432897712288,0.404432897712288,True,False,1,False,False,False,2:65274344-65906142,,False,False
embedding_std_885,1,90,141,90,0.0038258400893306,0.0422689202490129,0.0422689202490129,False,False,1,False,False,False,7:6254946-6264107,,False,False
embedding_std_886,1,72,111,72,0.1745743336956214,0.1963480616365458,0.1963480616365458,False,False,1,True,True,True,9:59312854-62791172,"Sobic.009G217900;Sobic.009G217900, Sobic.009G221266;Sobic.009G221000;Sobic.009G249100",True,True
embedding_std_889,1,55,80,55,0.1369664331822998,0.2113680941832228,0.2113680941832228,False,False,1,False,False,False,6:43533465-44716389,,False,False
embedding_std_890,1,72,111,72,0.2988607225094701,0.4147156925187464,0.4147156925187464,True,False,1,True,True,True,9:59312854-62791172,"Sobic.009G217900;Sobic.009G217900, Sobic.009G221266;Sobic.009G221000;Sobic.009G249100",True,True
embedding_std_892,1,55,80,55,0.2238287107332863,0.2025699279980318,0.2238287107332863,False,False,1,False,False,False,6:43533465-44716389,,False,False
embedding_std_896,1,55,80,55,0.1694005038552072,0.2023572949358892,0.2023572949358892,False,False,1,False,False,False,6:43533465-44716389,,False,False
embedding_std_897,2,30,43,30,0.4111421308860775,0.4101244355018791,0.4111421308860775,True,False,2,False,False,False,4:64445411-65094100;5:66801655-66801676,,False,False
embedding_std_904,1,89,140,89,0.030157743201019,0.1058354328808785,0.1058354328808785,False,False,1,False,False,False,8:1468914-1600622,,False,False
embedding_std_905,1,55,80,55,0.0269198040113979,0.1144718256798298,0.1144718256798298,False,False,1,False,False,False,6:43533465-44716389,,False,False
embedding_std_906,11,37,55,37,0.0387034294595451,0.0541155976951636,0.0541155976951636,False,False,11,False,False,False,2:9405764-9493442;3:64185955-64267169;3:65154627-65154627;3:65689569-65844319;3:66446083-66848257;4:65405896-65526687;4:69100351-69177741;6:57881583-58658248;7:2311726-2311726;8:61149182-61508991;9:20671319-20671319,,False,False
embedding_std_909,4,55,84,55,0.1707117269497341,0.1137108911030316,0.1707117269497341,False,False,4,False,False,False,6:43533465-44716389;6:44962538-45450658;6:50673400-50815855;6:51617098-52404519,,False,False
embedding_std_910,1,17,25,17,0.1406300396117664,0.0378587244896269,0.1406300396117664,False,False,1,False,False,False,6:50027105-50468236,,False,False
embedding_std_915,3,55,85,55,0.1239475426842699,0.1180467680511455,0.1239475426842699,False,False,3,False,False,False,4:51936919-51937475;4:52181572-52181984;6:43533465-44716389,,False,False
embedding_std_920,2,72,118,72,0.1933869529977177,0.2290802653302576,0.2290802653302576,False,False,2,True,True,True,3:13351472-13351472;9:59312854-62791172,"Sobic.009G217900;Sobic.009G217900, Sobic.009G221266;Sobic.009G221000;Sobic.009G249100",True,True
embedding_std_922,1,88,139,88,0.296080990163447,0.3129702246783479,0.3129702246783479,False,False,1,False,False,False,5:57249776-57249776,,False,False
embedding_std_925,1,19,29,19,0.3369958065756446,0.3304054292957547,0.3369958065756446,False,False,1,False,False,False,2:64295086-64450048,,False,False
embedding_std_927,2,65,100,65,0.2101048546640049,0.3044173484294785,0.3044173484294785,False,False,2,True,True,True,10:4212461-4334630;9:59312854-62791172,"Sobic.009G217900;Sobic.009G217900, Sobic.009G221266;Sobic.009G221000;Sobic.009G249100",True,True
embedding_std_929,3,87,138,87,0.1187654848643418,0.0975641000592292,0.1187654848643418,False,False,3,False,False,False,2:3891566-3920922;9:2677845-2684064;9:2965859-2965859,,False,False
embedding_std_932,1,74,122,74,0.3969747935329107,0.4200486131425648,0.4200486131425648,True,False,1,False,False,False,2:65274344-65906142,,False,False
embedding_std_935,1,86,136,86,0.2058566782265209,0.199017876875235,0.2058566782265209,False,False,1,False,False,False,1:19824965-19935070,,False,False
embedding_std_937,2,33,49,33,0.3822718153268995,0.3561120951854079,0.3822718153268995,False,False,2,False,False,False,4:64445411-65094100;4:65405896-65526687,,False,False
embedding_std_938,3,84,134,84,0.0833244227371675,0.1083794037174549,0.1083794037174549,False,False,3,False,False,False,7:13900378-14121287;7:14470357-14545299;7:14785049-14975447,,False,False
embedding_std_939,1,28,40,28,0.1138111586225102,0.0722702507267768,0.1138111586225102,False,False,1,False,False,False,4:68547834-68802030,,False,False
embedding_std_944,1,33,46,33,0.24321471519967,0.2460945069183829,0.2460945069183829,False,False,1,False,False,False,4:65405896-65526687,,False,False
embedding_std_957,2,56,86,56,0.2094185463046146,0.2357495994876579,0.2357495994876579,False,False,2,False,False,False,6:51104673-51374641;6:51617098-52404519,,False,False
embedding_std_962,1,83,132,83,0.2266179442537887,0.2915027530005214,0.2915027530005214,False,False,1,False,False,False,2:78220483-78266025,,False,False
embedding_std_963,1,31,44,31,0.5845946108155065,0.571995836307697,0.5845946108155065,True,True,1,False,False,False,4:64445411-65094100,,False,False
embedding_std_966,1,55,80,55,0.1446886122635486,0.2552725758854015,0.2552725758854015,False,False,1,False,False,False,6:43533465-44716389,,False,False
embedding_std_968,1,82,131,82,0.6204592372125909,0.6073894991907274,0.6204592372125909,True,True,1,False,False,False,1:11791459-11910978,,False,False
embedding_std_969,1,52,76,52,0.0370759845034496,0.0274071726407799,0.0370759845034496,False,False,1,False,False,False,2:63491317-63517587,,False,False
embedding_std_974,1,74,122,74,0.2442130659055969,0.2866563964780468,0.2866563964780468,False,False,1,False,False,False,2:65274344-65906142,,False,False
embedding_std_977,2,70,107,70,0.2766754033697746,0.3647851099256547,0.3647851099256547,False,False,2,True,True,True,2:10949210-11137298;9:59312854-62791172,"Sobic.009G217900;Sobic.009G217900, Sobic.009G221266;Sobic.009G221000;Sobic.009G249100",True,True
embedding_std_983,1,72,111,72,0.5585975772218696,0.6203982691890487,0.6203982691890487,True,True,1,True,True,True,9:59312854-62791172,"Sobic.009G217900;Sobic.009G217900, Sobic.009G221266;Sobic.009G221000;Sobic.009G249100",True,True
embedding_std_984,1,17,25,17,0.074575918042221,0.0550682245064944,0.074575918042221,False,False,1,False,False,False,6:50027105-50468236,,False,False
embedding_std_986,1,209,262,209,0.1490157691327594,0.1798282500586985,0.1798282500586985,False,False,1,False,False,False,4:56361306-56361306,,False,False
embedding_std_987,2,56,86,56,0.045303666226362,0.0553588541233216,0.0553588541233216,False,False,2,False,False,False,6:51104673-51374641;6:51617098-52404519,,False,False
embedding_std_989,1,72,111,72,0.1495117615513995,0.1802854226352532,0.1802854226352532,False,False,1,True,True,True,9:59312854-62791172,"Sobic.009G217900;Sobic.009G217900, Sobic.009G221266;Sobic.009G221000;Sobic.009G249100",True,True
embedding_std_995,1,210,263,210,0.2231748564897634,0.211350310536079,0.2231748564897634,False,False,1,False,False,False,1:4360586-4360586,,False,False
embedding_std_998,1,72,111,72,0.2713296531083673,0.2598746835974469,0.2713296531083673,False,False,1,True,True,True,9:59312854-62791172,"Sobic.009G217900;Sobic.009G217900, Sobic.009G221266;Sobic.009G221000;Sobic.009G249100",True,True
embedding_std_1000,1,73,121,73,0.3464133301361551,0.3675924720919106,0.3675924720919106,False,False,1,False,False,False,5:18509856-18799569,,False,False
embedding_std_1005,1,35,53,35,0.0262021157366756,0.0067057634228,0.0262021157366756,False,False,1,False,False,False,8:61149182-61508991,,False,False
embedding_std_1006,1,211,264,211,0.4548444559495356,0.4111507625334487,0.4548444559495356,True,False,1,False,False,False,9:53042648-53042648,,False,False
embedding_std_1007,1,31,44,31,0.4032313039117959,0.255466668117933,0.4032313039117959,True,False,1,False,False,False,4:64445411-65094100,,False,False
embedding_std_1008,1,74,122,74,0.0477549295786497,0.0198231384009888,0.0477549295786497,False,False,1,False,False,False,2:65274344-65906142,,False,False
embedding_std_1011,1,212,265,212,0.4517157684219676,0.5762230474309238,0.5762230474309238,True,True,1,False,False,False,5:13649360-13672234,,False,False
embedding_std_1018,1,17,25,17,0.0653641174325732,0.0969486966286923,0.0969486966286923,False,False,1,False,False,False,6:50027105-50468236,,False,False
embedding_std_1020,1,72,111,72,0.3411751282831723,0.4221186350785465,0.4221186350785465,True,False,1,True,True,True,9:59312854-62791172,"Sobic.009G217900;Sobic.009G217900, Sobic.009G221266;Sobic.009G221000;Sobic.009G249100",True,True
embedding_std_1021,2,55,83,55,0.4080805832240324,0.3789594338817114,0.4080805832240324,True,False,2,False,False,False,6:43533465-44716389;6:44962538-45450658,,False,False
embedding_std_1022,1,75,123,75,0.0548886135480124,0.0521497931370738,0.0548886135480124,False,False,1,False,False,False,2:64714381-64783880,,False,False
