image_path,ExG_P20_disease_pct
10104_LeafPhotoA_2025-10-15 15_49_26.022-05_00_leaf.png,5.04
10104_LeafPhotoA_2025-10-15 15_49_38.285-05_00_leaf.png,52.73
10104_LeafPhotoA_2025-10-15 15_49_50.215-05_00_leaf.png,21.84
10105_LeafPhotoA_2025-10-15 15_50_09.791-05_00_leaf.png,29.43
10105_LeafPhotoA_2025-10-15 15_50_22.180-05_00_leaf.png,25.88
10105_LeafPhotoA_2025-10-15 15_50_32.504-05_00_leaf.png,24.3
10107_LeafPhotoA_2025-10-15 15_50_53.408-05_00_leaf.png,46.49
10107_LeafPhotoA_2025-10-15 15_51_16.347-05_00_leaf.png,38.62
10107_LeafPhotoA_2025-10-15 15_51_25.249-05_00_leaf.png,11.17
10108_LeafPhotoA_2025-10-15 15_51_42.819-05_00_leaf.png,25.92
10108_LeafPhotoA_2025-10-15 15_51_58.932-05_00_leaf.png,18.61
10108_LeafPhotoA_2025-10-15 15_52_10.075-05_00_leaf.png,6.44
10109_LeafPhotoA_2025-10-15 15_52_33.351-05_00_leaf.png,3.13
10109_LeafPhotoA_2025-10-15 15_52_47.033-05_00_leaf.png,0.06
10109_LeafPhotoA_2025-10-15 15_52_55.971-05_00_leaf.png,0.09
10110_LeafPhotoA_2025-10-15 15_53_23.182-05_00_leaf.png,2.89
10110_LeafPhotoA_2025-10-15 15_53_38.404-05_00_leaf.png,0.15
10110_LeafPhotoA_2025-10-15 15_53_48.676-05_00_leaf.png,0.37
10111_LeafPhotoA_2025-10-15 15_54_07.041-05_00_leaf.png,19.47
10111_LeafPhotoA_2025-10-15 15_54_20.988-05_00_leaf.png,3.07
10111_LeafPhotoA_2025-10-15 15_54_28.764-05_00_leaf.png,23.07
10112_LeafPhotoA_2025-10-15 15_54_53.294-05_00_leaf.png,38.26
10112_LeafPhotoA_2025-10-15 15_55_03.199-05_00_leaf.png,25.9
10112_LeafPhotoA_2025-10-15 15_55_20.688-05_00_leaf.png,20.59
10113_LeafPhotoA_2025-10-15 15_55_46.981-05_00_leaf.png,15.33
10113_LeafPhotoA_2025-10-15 15_56_02.121-05_00_leaf.png,1.97
10113_LeafPhotoA_2025-10-15 15_56_13.335-05_00_leaf.png,1.82
10114_LeafPhotoA_2025-10-15 15_56_27.232-05_00_leaf.png,5.91
10114_LeafPhotoA_2025-10-15 15_56_37.086-05_00_leaf.png,7.87
10114_LeafPhotoA_2025-10-15 15_56_49.259-05_00_leaf.png,0
10115_LeafPhotoA_2025-10-15 15_57_10.761-05_00_leaf.png,0.63
10115_LeafPhotoA_2025-10-15 15_57_24.327-05_00_leaf.png,11.3
10115_LeafPhotoA_2025-10-15 15_57_35.705-05_00_leaf.png,24.48
10116_LeafPhotoA_2025-10-15 15_58_10.709-05_00_leaf.png,50.9
10116_LeafPhotoA_2025-10-15 15_58_20.712-05_00_leaf.png,47.47
10116_LeafPhotoA_2025-10-15 15_58_29.918-05_00_leaf.png,55.93
10117_LeafPhotoA_2025-10-15 15_58_43.136-05_00_leaf.png,24.45
10117_LeafPhotoA_2025-10-15 15_58_52.617-05_00_leaf.png,11.68
10117_LeafPhotoA_2025-10-15 15_59_01.619-05_00_leaf.png,27.58
10118_LeafPhotoA_2025-10-15 15_59_42.916-05_00_leaf.png,10.53
10118_LeafPhotoA_2025-10-15 15_59_52.780-05_00_leaf.png,35.2
10118_LeafPhotoA_2025-10-15 16_00_05.527-05_00_leaf.png,26.68
10119_LeafPhotoA_2025-10-15 16_00_22.895-05_00_leaf.png,19.29
10119_LeafPhotoA_2025-10-15 16_00_32.862-05_00_leaf.png,6.14
10119_LeafPhotoA_2025-10-15 16_00_41.875-05_00_leaf.png,53.44
10120_LeafPhotoA_2025-10-15 16_01_20.953-05_00_leaf.png,12.45
10120_LeafPhotoA_2025-10-15 16_01_29.753-05_00_leaf.png,5.3
10121_LeafPhotoA_2025-10-15 16_01_43.873-05_00_leaf.png,4.87
10121_LeafPhotoA_2025-10-15 16_02_08.657-05_00_leaf.png,19.35
10121_LeafPhotoA_2025-10-15 16_02_17.000-05_00_leaf.png,16.89
10123_LeafPhotoA_2025-10-15 16_02_58.040-05_00_leaf.png,53.3
10123_LeafPhotoA_2025-10-15 16_03_12.588-05_00_leaf.png,89.18
10123_LeafPhotoA_2025-10-15 16_03_20.972-05_00_leaf.png,33.18
10124_LeafPhotoA_2025-10-15 16_03_32.023-05_00_leaf.png,0.64
10124_LeafPhotoA_2025-10-15 16_03_40.696-05_00_leaf.png,28.36
10124_LeafPhotoA_2025-10-15 16_03_49.545-05_00_leaf.png,0.36
10125_LeafPhotoA_2025-10-15 16_04_29.865-05_00_leaf.png,2.87
10125_LeafPhotoA_2025-10-15 16_04_39.548-05_00_leaf.png,5.15
10125_LeafPhotoA_2025-10-15 16_04_49.077-05_00_leaf.png,14.4
10126_LeafPhotoA_2025-10-15 16_05_28.604-05_00_leaf.png,10.4
10126_LeafPhotoA_2025-10-15 16_05_38.406-05_00_leaf.png,51.39
10126_LeafPhotoA_2025-10-15 16_05_53.886-05_00_leaf.png,14.91
10127_LeafPhotoA_2025-10-15 16_06_13.777-05_00_leaf.png,55.75
10127_LeafPhotoA_2025-10-15 16_06_24.573-05_00_leaf.png,46.48
10127_LeafPhotoA_2025-10-15 16_06_33.305-05_00_leaf.png,25.55
10201_LeafPhotoA_2025-10-21 16_03_53.256-05_00_leaf.png,6.84
10201_LeafPhotoA_2025-10-21 16_04_22.515-05_00_leaf.png,0
10201_LeafPhotoA_2025-10-21 16_04_48.639-05_00_leaf.png,0
10202_LeafPhotoA_2025-10-21 16_05_52.777-05_00_leaf.png,58.18
10202_LeafPhotoA_2025-10-21 16_06_13.338-05_00_leaf.png,34.08
10202_LeafPhotoA_2025-10-21 16_06_34.888-05_00_leaf.png,10.28
10203_LeafPhotoA_2025-10-21 16_07_33.915-05_00_leaf.png,1.29
10203_LeafPhotoA_2025-10-21 16_07_53.919-05_00_leaf.png,0.12
10203_LeafPhotoA_2025-10-21 16_08_06.205-05_00_leaf.png,0.17
10204_LeafPhotoA_2025-10-21 16_09_45.838-05_00_leaf.png,0.45
10204_LeafPhotoA_2025-10-21 16_10_11.988-05_00_leaf.png,8.11
10204_LeafPhotoA_2025-10-21 16_10_46.513-05_00_leaf.png,32.76
10205_LeafPhotoA_2025-10-21 16_11_45.527-05_00_leaf.png,48.42
10205_LeafPhotoA_2025-10-21 16_12_20.123-05_00_leaf.png,8.92
10206_LeafPhotoA_2025-10-21 16_13_29.186-05_00_leaf.png,9.38
10206_LeafPhotoA_2025-10-21 16_13_45.262-05_00_leaf.png,12.79
10206_LeafPhotoA_2025-10-21 16_14_00.223-05_00_leaf.png,9.61
10207_LeafPhotoA_2025-10-21 16_14_43.035-05_00_leaf.png,50.58
10207_LeafPhotoA_2025-10-21 16_14_59.673-05_00_leaf.png,97.45
10207_LeafPhotoA_2025-10-21 16_15_23.481-05_00_leaf.png,83.21
10208_LeafPhotoA_2025-10-21 16_16_24.756-05_00_leaf.png,16.22
10208_LeafPhotoA_2025-10-21 16_16_41.101-05_00_leaf.png,20.78
10208_LeafPhotoA_2025-10-21 16_16_54.447-05_00_leaf.png,8.99
10209_LeafPhotoA_2025-10-21 16_17_14.171-05_00_leaf.png,34.92
10209_LeafPhotoA_2025-10-21 16_17_29.809-05_00_leaf.png,19.24
10209_LeafPhotoA_2025-10-21 16_17_44.566-05_00_leaf.png,8.1
10210_LeafPhotoA_2025-10-21 16_18_23.457-05_00_leaf.png,28.64
10210_LeafPhotoA_2025-10-21 16_18_44.067-05_00_leaf.png,13.42
10210_LeafPhotoA_2025-10-21 16_18_55.913-05_00_leaf.png,32.16
10211_LeafPhotoA_2025-10-21 16_19_36.527-05_00_leaf.png,11.55
10211_LeafPhotoA_2025-10-21 16_19_56.936-05_00_leaf.png,17.35
10211_LeafPhotoA_2025-10-21 16_20_11.562-05_00_leaf.png,2.86
10212_LeafPhotoA_2025-10-21 16_20_33.375-05_00_leaf.png,8.17
10212_LeafPhotoA_2025-10-21 16_20_47.210-05_00_leaf.png,10.16
10212_LeafPhotoA_2025-10-21 16_21_02.162-05_00_leaf.png,23.05
10213_LeafPhotoA_2025-10-21 16_21_51.100-05_00_leaf.png,56.4
10213_LeafPhotoA_2025-10-21 16_22_15.036-05_00_leaf.png,0.71
10213_LeafPhotoA_2025-10-21 16_22_31.934-05_00_leaf.png,49.53
10214_LeafPhotoA_2025-10-21 16_23_00.437-05_00_leaf.png,10.45
10214_LeafPhotoA_2025-10-21 16_23_11.599-05_00_leaf.png,25.74
10214_LeafPhotoA_2025-10-21 16_23_24.093-05_00_leaf.png,0.78
10215_LeafPhotoA_2025-10-21 16_24_00.345-05_00_leaf.png,8.96
10215_LeafPhotoA_2025-10-21 16_24_17.931-05_00_leaf.png,32.5
10215_LeafPhotoA_2025-10-21 16_24_32.490-05_00_leaf.png,0.16
10216_LeafPhotoA_2025-10-21 16_25_06.061-05_00_leaf.png,23.69
10216_LeafPhotoA_2025-10-21 16_25_18.593-05_00_leaf.png,12.48
10216_LeafPhotoA_2025-10-21 16_25_30.452-05_00_leaf.png,31.75
10217_LeafPhotoA_2025-10-21 16_27_06.490-05_00_leaf.png,0
10217_LeafPhotoA_2025-10-21 16_27_19.780-05_00_leaf.png,0
10217_LeafPhotoA_2025-10-21 16_27_33.187-05_00_leaf.png,0.05
10218_LeafPhotoA_2025-10-21 16_28_06.931-05_00_leaf.png,14.79
10218_LeafPhotoA_2025-10-21 16_28_23.991-05_00_leaf.png,38
10218_LeafPhotoA_2025-10-21 16_28_35.785-05_00_leaf.png,1.71
10219_LeafPhotoA_2025-10-21 16_29_03.246-05_00_leaf.png,8.79
10219_LeafPhotoA_2025-10-21 16_29_17.375-05_00_leaf.png,5.86
10219_LeafPhotoA_2025-10-21 16_29_28.049-05_00_leaf.png,19.55
10220_LeafPhotoA_2025-10-21 16_29_54.183-05_00_leaf.png,21.93
10220_LeafPhotoA_2025-10-21 16_30_04.939-05_00_leaf.png,21.16
10220_LeafPhotoA_2025-10-21 16_30_15.029-05_00_leaf.png,28.16
10221_LeafPhotoA_2025-10-21 16_31_04.553-05_00_leaf.png,21.13
10221_LeafPhotoA_2025-10-21 16_31_17.489-05_00_leaf.png,20.56
10221_LeafPhotoA_2025-10-21 16_31_53.189-05_00_leaf.png,14.03
10222_LeafPhotoA_2025-10-21 16_32_14.693-05_00_leaf.png,0.93
10222_LeafPhotoA_2025-10-21 16_32_32.660-05_00_leaf.png,8.25
10222_LeafPhotoA_2025-10-21 16_33_05.685-05_00_leaf.png,1.26
10223_LeafPhotoA_2025-10-21 16_33_30.249-05_00_leaf.png,0.01
10223_LeafPhotoA_2025-10-21 16_33_47.805-05_00_leaf.png,0.45
10223_LeafPhotoA_2025-10-21 16_34_01.169-05_00_leaf.png,0
10224_LeafPhotoA_2025-10-21 16_34_28.713-05_00_leaf.png,52.91
10224_LeafPhotoA_2025-10-21 16_34_45.184-05_00_leaf.png,11.08
10224_LeafPhotoA_2025-10-21 16_35_00.194-05_00_leaf.png,0.02
10225_LeafPhotoA_2025-10-21 16_40_00.073-05_00_leaf.png,0.27
10225_LeafPhotoA_2025-10-21 16_40_11.931-05_00_leaf.png,0.09
10225_LeafPhotoA_2025-10-21 16_40_26.242-05_00_leaf.png,0.03
10226_LeafPhotoA_2025-10-21 16_41_07.869-05_00_leaf.png,28.68
10226_LeafPhotoA_2025-10-21 16_41_20.940-05_00_leaf.png,9.36
10226_LeafPhotoA_2025-10-21 16_41_35.577-05_00_leaf.png,0.61
10227_LeafPhotoA_2025-10-21 16_37_57.270-05_00_leaf.png,7.93
10227_LeafPhotoA_2025-10-21 16_38_10.841-05_00_leaf.png,5.62
10227_LeafPhotoA_2025-10-21 16_38_24.729-05_00_leaf.png,2.86
10304_LeafPhotoA_2025-10-23 09_54_55.728-05_00_leaf.png,42.17
10304_LeafPhotoA_2025-10-23 09_55_18.087-05_00_leaf.png,10.94
10305_LeafPhotoA_2025-10-23 09_55_46.075-05_00_leaf.png,1.85
10305_LeafPhotoA_2025-10-23 09_55_57.422-05_00_leaf.png,0.01
10305_LeafPhotoA_2025-10-23 09_56_10.314-05_00_leaf.png,0
10306_LeafPhotoA_2025-10-23 09_56_50.132-05_00_leaf.png,13.93
10306_LeafPhotoA_2025-10-23 09_57_00.240-05_00_leaf.png,0.02
10306_LeafPhotoA_2025-10-23 09_57_10.156-05_00_leaf.png,1.3
10307_LeafPhotoA_2025-10-23 09_57_46.559-05_00_leaf.png,1.4
10307_LeafPhotoA_2025-10-23 09_57_57.301-05_00_leaf.png,0.02
10307_LeafPhotoA_2025-10-23 09_58_23.780-05_00_leaf.png,4.04
10308_LeafPhotoA_2025-10-23 09_58_50.362-05_00_leaf.png,30.26
10308_LeafPhotoA_2025-10-23 09_59_01.365-05_00_leaf.png,4.94
10308_LeafPhotoA_2025-10-23 09_59_14.938-05_00_leaf.png,1.48
10309_LeafPhotoA_2025-10-23 10_00_01.268-05_00_leaf.png,30.3
10309_LeafPhotoA_2025-10-23 10_00_21.452-05_00_leaf.png,25.42
10309_LeafPhotoA_2025-10-23 10_00_30.749-05_00_leaf.png,27.88
10313_LeafPhotoA_2025-10-23 10_01_27.144-05_00_leaf.png,53.38
10313_LeafPhotoA_2025-10-23 10_01_36.569-05_00_leaf.png,19.09
10314_LeafPhotoA_2025-10-23 10_02_10.361-05_00_leaf.png,6.9
10314_LeafPhotoA_2025-10-23 10_02_24.077-05_00_leaf.png,10.49
10314_LeafPhotoA_2025-10-23 10_02_50.119-05_00_leaf.png,0.03
10315_LeafPhotoA_2025-10-23 10_03_15.522-05_00_leaf.png,33.42
10315_LeafPhotoA_2025-10-23 10_03_26.881-05_00_leaf.png,0
10315_LeafPhotoA_2025-10-23 10_03_36.682-05_00_leaf.png,18.53
10316_LeafPhotoA_2025-10-23 10_04_11.887-05_00_leaf.png,9.14
10316_LeafPhotoA_2025-10-23 10_04_22.443-05_00_leaf.png,17.11
10316_LeafPhotoA_2025-10-23 10_04_34.824-05_00_leaf.png,6.38
10317_LeafPhotoA_2025-10-23 10_04_55.038-05_00_leaf.png,0.54
10317_LeafPhotoA_2025-10-23 10_05_05.507-05_00_leaf.png,3.3
10317_LeafPhotoA_2025-10-23 10_05_12.349-05_00_leaf.png,0.01
10320_LeafPhotoA_2025-10-23 10_05_58.409-05_00_leaf.png,2.89
10320_LeafPhotoA_2025-10-23 10_06_12.615-05_00_leaf.png,0.01
10320_LeafPhotoA_2025-10-23 10_06_23.841-05_00_leaf.png,36.98
10321_LeafPhotoA_2025-10-23 10_06_45.031-05_00_leaf.png,0
10321_LeafPhotoA_2025-10-23 10_06_54.968-05_00_leaf.png,8.96
10321_LeafPhotoA_2025-10-23 10_07_02.796-05_00_leaf.png,0
10322_LeafPhotoA_2025-10-23 10_07_49.818-05_00_leaf.png,7.11
10322_LeafPhotoA_2025-10-23 10_07_56.562-05_00_leaf.png,1.45
10322_LeafPhotoA_2025-10-23 10_08_04.346-05_00_leaf.png,0
10323_LeafPhotoA_2025-10-23 10_08_34.812-05_00_leaf.png,0.09
10323_LeafPhotoA_2025-10-23 10_08_44.853-05_00_leaf.png,7.21
10323_LeafPhotoA_2025-10-23 10_08_54.268-05_00_leaf.png,4.56
10324_LeafPhotoA_2025-10-23 10_09_30.099-05_00_leaf.png,0.21
10324_LeafPhotoA_2025-10-23 10_09_38.315-05_00_leaf.png,5.79
10324_LeafPhotoA_2025-10-23 10_09_44.978-05_00_leaf.png,0
10325_LeafPhotoA_2025-10-23 10_10_16.742-05_00_leaf.png,10.33
10325_LeafPhotoA_2025-10-23 10_10_24.266-05_00_leaf.png,4.19
10325_LeafPhotoA_2025-10-23 10_10_35.765-05_00_leaf.png,18.53
10401_LeafPhotoA_2025-10-23 14_14_43.457-05_00_leaf.png,0.4
10401_LeafPhotoA_2025-10-23 14_15_06.638-05_00_leaf.png,0.21
10401_LeafPhotoA_2025-10-23 14_15_29.042-05_00_leaf.png,8.4
10402_LeafPhotoA_2025-10-23 14_16_29.990-05_00_leaf.png,34.72
10402_LeafPhotoA_2025-10-23 14_16_47.632-05_00_leaf.png,49.2
10402_LeafPhotoA_2025-10-23 14_17_04.343-05_00_leaf.png,34.94
10402_LeafPhotoA_2025-10-23 14_18_09.396-05_00_leaf.png,57.85
10404_LeafPhotoA_2025-10-23 14_19_59.534-05_00_leaf.png,5.57
10404_LeafPhotoA_2025-10-23 14_20_13.221-05_00_leaf.png,3.27
10404_LeafPhotoA_2025-10-23 14_20_35.958-05_00_leaf.png,1.07
10405_LeafPhotoA_2025-10-23 14_21_09.008-05_00_leaf.png,2.12
10405_LeafPhotoA_2025-10-23 14_21_32.825-05_00_leaf.png,1.86
10405_LeafPhotoA_2025-10-23 14_21_58.543-05_00_leaf.png,2.24
10406_LeafPhotoA_2025-10-23 14_22_39.670-05_00_leaf.png,5.25
10406_LeafPhotoA_2025-10-23 14_23_05.516-05_00_leaf.png,2.24
10406_LeafPhotoA_2025-10-23 14_23_21.950-05_00_leaf.png,4.17
10407_LeafPhotoA_2025-10-23 14_24_13.745-05_00_leaf.png,7.86
10407_LeafPhotoA_2025-10-23 14_24_27.781-05_00_leaf.png,11.54
10407_LeafPhotoA_2025-10-23 14_24_42.081-05_00_leaf.png,13.1
10408_LeafPhotoA_2025-10-23 14_25_15.767-05_00_leaf.png,14.83
10408_LeafPhotoA_2025-10-23 14_25_36.298-05_00_leaf.png,51.77
10408_LeafPhotoA_2025-10-23 14_25_51.798-05_00_leaf.png,22.87
10409_LeafPhotoA_2025-10-23 14_26_26.910-05_00_leaf.png,0.58
10409_LeafPhotoA_2025-10-23 14_26_41.975-05_00_leaf.png,7.71
10409_LeafPhotoA_2025-10-23 14_27_00.554-05_00_leaf.png,0
10410_LeafPhotoA_2025-10-23 14_27_31.198-05_00_leaf.png,17.14
10410_LeafPhotoA_2025-10-23 14_27_46.362-05_00_leaf.png,22.45
10410_LeafPhotoA_2025-10-23 14_28_23.573-05_00_leaf.png,61.8
10412_LeafPhotoA_2025-10-23 14_29_07.058-05_00_leaf.png,40.15
10412_LeafPhotoA_2025-10-23 14_29_24.615-05_00_leaf.png,17.51
10412_LeafPhotoA_2025-10-23 14_29_49.221-05_00_leaf.png,7.24
10413_LeafPhotoA_2025-10-23 14_30_43.913-05_00_leaf.png,0
10413_LeafPhotoA_2025-10-23 14_31_07.967-05_00_leaf.png,8.9
10413_LeafPhotoA_2025-10-23 14_31_26.015-05_00_leaf.png,13.75
10414_LeafPhotoA_2025-10-23 14_32_51.927-05_00_leaf.png,0.8
10414_LeafPhotoA_2025-10-23 14_33_14.306-05_00_leaf.png,0
10414_LeafPhotoA_2025-10-23 14_33_44.917-05_00_leaf.png,0.08
10415_LeafPhotoA_2025-10-23 14_34_25.723-05_00_leaf.png,5.46
10415_LeafPhotoA_2025-10-23 14_34_58.751-05_00_leaf.png,16.67
10415_LeafPhotoA_2025-10-23 14_35_26.046-05_00_leaf.png,7.39
10416_LeafPhotoA_2025-10-23 14_36_08.888-05_00_leaf.png,2.79
10416_LeafPhotoA_2025-10-23 14_36_29.183-05_00_leaf.png,14.39
10416_LeafPhotoA_2025-10-23 14_36_59.090-05_00_leaf.png,2.6
10417_LeafPhotoA_2025-10-23 14_37_41.074-05_00_leaf.png,8.13
10417_LeafPhotoA_2025-10-23 14_38_02.917-05_00_leaf.png,30.97
10417_LeafPhotoA_2025-10-23 14_38_29.798-05_00_leaf.png,21.89
10418_LeafPhotoA_2025-10-23 14_39_10.180-05_00_leaf.png,1.75
10418_LeafPhotoA_2025-10-23 14_39_25.460-05_00_leaf.png,68.52
10418_LeafPhotoA_2025-10-23 14_40_10.691-05_00_leaf.png,42.96
10419_LeafPhotoA_2025-10-23 14_41_31.708-05_00_leaf.png,0.11
10419_LeafPhotoA_2025-10-23 14_42_02.882-05_00_leaf.png,23.86
10419_LeafPhotoA_2025-10-23 14_42_29.271-05_00_leaf.png,10.25
10420_LeafPhotoA_2025-10-23 14_43_24.231-05_00_leaf.png,19.25
10420_LeafPhotoA_2025-10-23 14_43_52.478-05_00_leaf.png,71.85
10420_LeafPhotoA_2025-10-23 14_44_16.385-05_00_leaf.png,20.37
10421_LeafPhotoA_2025-10-23 14_45_08.346-05_00_leaf.png,14.55
10421_LeafPhotoA_2025-10-23 14_45_28.167-05_00_leaf.png,37.64
10421_LeafPhotoA_2025-10-23 14_45_49.566-05_00_leaf.png,31.7
10422_LeafPhotoA_2025-10-23 14_46_22.452-05_00_leaf.png,0.01
10422_LeafPhotoA_2025-10-23 14_46_58.811-05_00_leaf.png,0
10422_LeafPhotoA_2025-10-23 14_47_13.535-05_00_leaf.png,0
10423_LeafPhotoA_2025-10-23 14_48_00.934-05_00_leaf.png,27.74
10423_LeafPhotoA_2025-10-23 14_48_18.643-05_00_leaf.png,12.68
10423_LeafPhotoA_2025-10-23 14_48_36.001-05_00_leaf.png,10.35
10424_LeafPhotoA_2025-10-23 14_49_14.514-05_00_leaf.png,23.93
10424_LeafPhotoA_2025-10-23 14_49_31.808-05_00_leaf.png,7.42
10424_LeafPhotoA_2025-10-23 14_50_40.575-05_00_leaf.png,50.83
10425_LeafPhotoA_2025-10-23 14_51_56.867-05_00_leaf.png,19.35
10425_LeafPhotoA_2025-10-23 14_52_20.236-05_00_leaf.png,7.69
10425_LeafPhotoA_2025-10-23 14_52_48.645-05_00_leaf.png,0.01
10426_LeafPhotoA_2025-10-23 14_53_25.154-05_00_leaf.png,3.65
10426_LeafPhotoA_2025-10-23 14_53_51.731-05_00_leaf.png,5.07
10426_LeafPhotoA_2025-10-23 14_54_29.584-05_00_leaf.png,0.64
10427_LeafPhotoA_2025-10-23 14_54_59.383-05_00_leaf.png,58.94
10427_LeafPhotoA_2025-10-23 14_55_14.248-05_00_leaf.png,2.5
10427_LeafPhotoA_2025-10-23 14_55_34.314-05_00_leaf.png,21.82
10501_LeafPhotoA_2025-10-23 14_57_39.358-05_00_leaf.png,30.77
10501_LeafPhotoA_2025-10-23 14_57_51.991-05_00_leaf.png,33.4
10502_LeafPhotoA_2025-10-23 14_58_42.793-05_00_leaf.png,10.05
10502_LeafPhotoA_2025-10-23 14_58_56.273-05_00_leaf.png,24.19
10502_LeafPhotoA_2025-10-23 14_59_12.094-05_00_leaf.png,16.59
10503_LeafPhotoA_2025-10-23 15_00_38.179-05_00_leaf.png,7.1
10503_LeafPhotoA_2025-10-23 15_00_54.544-05_00_leaf.png,22.21
10503_LeafPhotoA_2025-10-23 15_01_10.437-05_00_leaf.png,8.26
10504_LeafPhotoA_2025-10-23 15_02_00.677-05_00_leaf.png,0
10504_LeafPhotoA_2025-10-23 15_02_14.743-05_00_leaf.png,5.26
10504_LeafPhotoA_2025-10-23 15_02_40.442-05_00_leaf.png,0.06
10505_LeafPhotoA_2025-10-23 15_03_07.099-05_00_leaf.png,5.75
10505_LeafPhotoA_2025-10-23 15_03_28.194-05_00_leaf.png,18.07
10505_LeafPhotoA_2025-10-23 15_03_51.926-05_00_leaf.png,10.29
10506_LeafPhotoA_2025-10-23 15_04_39.897-05_00_leaf.png,16.8
10506_LeafPhotoA_2025-10-23 15_04_56.488-05_00_leaf.png,2.79
10506_LeafPhotoA_2025-10-23 15_05_22.249-05_00_leaf.png,2.58
10507_LeafPhotoA_2025-10-23 15_07_49.389-05_00_leaf.png,2.02
10507_LeafPhotoA_2025-10-23 15_08_06.350-05_00_leaf.png,6.51
10507_LeafPhotoA_2025-10-23 15_08_36.477-05_00_leaf.png,1.87
10508_LeafPhotoA_2025-10-23 15_09_18.009-05_00_leaf.png,6.51
10508_LeafPhotoA_2025-10-23 15_09_33.157-05_00_leaf.png,0
10508_LeafPhotoA_2025-10-23 15_09_54.803-05_00_leaf.png,0.05
10509_LeafPhotoA_2025-10-23 15_10_55.002-05_00_leaf.png,0
10509_LeafPhotoA_2025-10-23 15_11_12.169-05_00_leaf.png,0
10509_LeafPhotoA_2025-10-23 15_11_37.026-05_00_leaf.png,0
10510_LeafPhotoA_2025-10-23 15_12_22.006-05_00_leaf.png,29.89
10510_LeafPhotoA_2025-10-23 15_12_45.090-05_00_leaf.png,7.28
10510_LeafPhotoA_2025-10-23 15_13_09.830-05_00_leaf.png,9.55
10511_LeafPhotoA_2025-10-23 15_13_50.465-05_00_leaf.png,66.34
10511_LeafPhotoA_2025-10-23 15_14_07.485-05_00_leaf.png,3.26
10511_LeafPhotoA_2025-10-23 15_14_29.751-05_00_leaf.png,4.21
10512_LeafPhotoA_2025-10-23 15_15_04.752-05_00_leaf.png,13.55
10512_LeafPhotoA_2025-10-23 15_15_21.744-05_00_leaf.png,0.01
10512_LeafPhotoA_2025-10-23 15_15_47.104-05_00_leaf.png,1.06
10513_LeafPhotoA_2025-10-23 15_16_16.840-05_00_leaf.png,27.13
10513_LeafPhotoA_2025-10-23 15_16_37.568-05_00_leaf.png,61.55
10513_LeafPhotoA_2025-10-23 15_16_58.333-05_00_leaf.png,19.52
10514_LeafPhotoA_2025-10-23 15_17_36.200-05_00_leaf.png,3.23
10514_LeafPhotoA_2025-10-23 15_17_55.577-05_00_leaf.png,1.97
10514_LeafPhotoA_2025-10-23 15_18_24.178-05_00_leaf.png,2.28
10515_LeafPhotoA_2025-10-23 15_18_54.154-05_00_leaf.png,0.02
10515_LeafPhotoA_2025-10-23 15_19_15.012-05_00_leaf.png,0.37
10515_LeafPhotoA_2025-10-23 15_19_31.029-05_00_leaf.png,0.6
10516_LeafPhotoA_2025-10-23 15_20_13.783-05_00_leaf.png,0.13
10516_LeafPhotoA_2025-10-23 15_20_32.656-05_00_leaf.png,0
10516_LeafPhotoA_2025-10-23 15_20_46.332-05_00_leaf.png,0
10517_LeafPhotoA_2025-10-23 15_24_15.125-05_00_leaf.png,51.73
10517_LeafPhotoA_2025-10-23 15_24_31.174-05_00_leaf.png,26.61
10517_LeafPhotoA_2025-10-23 15_24_51.374-05_00_leaf.png,14.35
10518_LeafPhotoA_2025-10-23 15_25_25.669-05_00_leaf.png,1.51
10518_LeafPhotoA_2025-10-23 15_25_48.226-05_00_leaf.png,36.45
10518_LeafPhotoA_2025-10-23 15_26_19.006-05_00_leaf.png,11.58
10520_LeafPhotoA_2025-10-23 15_32_59.267-05_00_leaf.png,5.53
10520_LeafPhotoA_2025-10-23 15_33_19.783-05_00_leaf.png,10.87
10520_LeafPhotoA_2025-10-23 15_33_36.438-05_00_leaf.png,4.36
10521_LeafPhotoA_2025-10-23 15_34_02.901-05_00_leaf.png,0.85
10521_LeafPhotoA_2025-10-23 15_34_24.107-05_00_leaf.png,0
10521_LeafPhotoA_2025-10-23 15_34_39.267-05_00_leaf.png,0
10522_LeafPhotoA_2025-10-23 15_35_03.783-05_00_leaf.png,2.47
10522_LeafPhotoA_2025-10-23 15_35_26.313-05_00_leaf.png,0
10522_LeafPhotoA_2025-10-23 15_35_45.914-05_00_leaf.png,8.41
10523_LeafPhotoA_2025-10-23 15_36_09.151-05_00_leaf.png,0
10523_LeafPhotoA_2025-10-23 15_36_24.386-05_00_leaf.png,3.11
10523_LeafPhotoA_2025-10-23 15_36_40.013-05_00_leaf.png,3.36
10524_LeafPhotoA_2025-10-23 15_37_06.575-05_00_leaf.png,45.48
10524_LeafPhotoA_2025-10-23 15_37_26.732-05_00_leaf.png,0.21
10524_LeafPhotoA_2025-10-23 15_37_48.052-05_00_leaf.png,0.33
10525_LeafPhotoA_2025-10-23 15_38_14.487-05_00_leaf.png,2.23
10525_LeafPhotoA_2025-10-23 15_38_31.738-05_00_leaf.png,10.58
10525_LeafPhotoA_2025-10-23 15_38_54.771-05_00_leaf.png,17.04
10526_LeafPhotoA_2025-10-23 15_39_26.219-05_00_leaf.png,38.15
10526_LeafPhotoA_2025-10-23 15_39_45.712-05_00_leaf.png,0.98
10526_LeafPhotoA_2025-10-23 15_40_03.712-05_00_leaf.png,12.48
10527_LeafPhotoA_2025-10-23 15_40_26.685-05_00_leaf.png,52.99
10527_LeafPhotoA_2025-10-23 15_40_45.564-05_00_leaf.png,8.78
10527_LeafPhotoA_2025-10-23 15_41_01.338-05_00_leaf.png,50.01
10601_LeafPhotoA_2025-10-23 15_44_00.481-05_00_leaf.png,24.48
10601_LeafPhotoA_2025-10-23 15_44_26.552-05_00_leaf.png,10.29
10601_LeafPhotoA_2025-10-23 15_44_52.478-05_00_leaf.png,26.02
10602_LeafPhotoA_2025-10-23 15_45_27.907-05_00_leaf.png,4.12
10602_LeafPhotoA_2025-10-23 15_45_58.920-05_00_leaf.png,0.01
10602_LeafPhotoA_2025-10-23 15_46_14.166-05_00_leaf.png,3.74
10603_LeafPhotoA_2025-10-23 15_49_49.497-05_00_leaf.png,14.28
10603_LeafPhotoA_2025-10-23 15_50_07.812-05_00_leaf.png,29.23
10603_LeafPhotoA_2025-10-23 15_50_21.441-05_00_leaf.png,76.04
10604_LeafPhotoA_2025-10-23 15_50_56.691-05_00_leaf.png,14.38
10604_LeafPhotoA_2025-10-23 15_51_29.292-05_00_leaf.png,97.31
10604_LeafPhotoA_2025-10-23 15_51_44.819-05_00_leaf.png,63.65
10605_LeafPhotoA_2025-10-23 15_52_20.771-05_00_leaf.png,20.91
10605_LeafPhotoA_2025-10-23 15_52_36.122-05_00_leaf.png,19.33
10605_LeafPhotoA_2025-10-23 15_52_47.498-05_00_leaf.png,9.96
10606_LeafPhotoA_2025-10-23 15_53_15.968-05_00_leaf.png,46.24
10606_LeafPhotoA_2025-10-23 15_53_33.469-05_00_leaf.png,24.78
10606_LeafPhotoA_2025-10-23 15_53_55.920-05_00_leaf.png,24.67
10607_LeafPhotoA_2025-10-23 15_54_41.187-05_00_leaf.png,28.58
10607_LeafPhotoA_2025-10-23 15_55_08.108-05_00_leaf.png,1.01
10607_LeafPhotoA_2025-10-23 15_56_17.321-05_00_leaf.png,2.41
10608_LeafPhotoA_2025-10-23 15_56_45.973-05_00_leaf.png,4.09
10608_LeafPhotoA_2025-10-23 15_57_01.619-05_00_leaf.png,9.59
10608_LeafPhotoA_2025-10-23 15_57_27.687-05_00_leaf.png,2.97
10609_LeafPhotoA_2025-10-23 15_58_38.158-05_00_leaf.png,2.78
10609_LeafPhotoA_2025-10-23 15_58_56.584-05_00_leaf.png,9.87
10609_LeafPhotoA_2025-10-23 15_59_26.021-05_00_leaf.png,1.39
10610_LeafPhotoA_2025-10-23 16_00_05.705-05_00_leaf.png,37.24
10610_LeafPhotoA_2025-10-23 16_00_42.686-05_00_leaf.png,8.16
10610_LeafPhotoA_2025-10-23 16_00_59.254-05_00_leaf.png,1.81
10611_LeafPhotoA_2025-10-23 16_03_16.465-05_00_leaf.png,0.01
10611_LeafPhotoA_2025-10-23 16_03_34.378-05_00_leaf.png,0.01
10612_LeafPhotoA_2025-10-23 16_04_24.032-05_00_leaf.png,2.5
10612_LeafPhotoA_2025-10-23 16_05_22.231-05_00_leaf.png,0.32
10613_LeafPhotoA_2025-10-23 16_06_12.870-05_00_leaf.png,0
10613_LeafPhotoA_2025-10-23 16_06_33.362-05_00_leaf.png,15.25
10613_LeafPhotoA_2025-10-23 16_06_56.665-05_00_leaf.png,16.79
10614_LeafPhotoA_2025-10-23 16_07_33.897-05_00_leaf.png,21.78
10614_LeafPhotoA_2025-10-23 16_07_51.893-05_00_leaf.png,25.01
10614_LeafPhotoA_2025-10-23 16_08_09.257-05_00_leaf.png,16.34
10615_LeafPhotoA_2025-10-23 16_08_30.829-05_00_leaf.png,10.35
10615_LeafPhotoA_2025-10-23 16_08_49.455-05_00_leaf.png,4.17
10615_LeafPhotoA_2025-10-23 16_09_10.477-05_00_leaf.png,2.2
10616_LeafPhotoA_2025-10-23 16_10_14.176-05_00_leaf.png,1.8
10616_LeafPhotoA_2025-10-23 16_10_29.776-05_00_leaf.png,11.76
10616_LeafPhotoA_2025-10-23 16_10_42.417-05_00_leaf.png,53.8
10617_LeafPhotoA_2025-10-23 16_11_16.629-05_00_leaf.png,17.37
10617_LeafPhotoA_2025-10-23 16_11_51.960-05_00_leaf.png,23.16
10618_LeafPhotoA_2025-10-23 16_12_47.403-05_00_leaf.png,1.06
10618_LeafPhotoA_2025-10-23 16_12_58.611-05_00_leaf.png,28.36
10618_LeafPhotoA_2025-10-23 16_13_12.402-05_00_leaf.png,11.05
10619_LeafPhotoA_2025-10-23 16_13_43.938-05_00_leaf.png,18.05
10619_LeafPhotoA_2025-10-23 16_14_00.075-05_00_leaf.png,6.82
10619_LeafPhotoA_2025-10-23 16_14_13.748-05_00_leaf.png,31.04
10620_LeafPhotoA_2025-10-23 16_14_39.626-05_00_leaf.png,31.77
10620_LeafPhotoA_2025-10-23 16_15_02.822-05_00_leaf.png,41.58
10620_LeafPhotoA_2025-10-23 16_15_33.308-05_00_leaf.png,94.22
10621_LeafPhotoA_2025-10-23 16_16_01.442-05_00_leaf.png,23.18
10621_LeafPhotoA_2025-10-23 16_16_14.678-05_00_leaf.png,1.59
10621_LeafPhotoA_2025-10-23 16_16_38.739-05_00_leaf.png,3.53
10622_LeafPhotoA_2025-10-23 16_17_24.177-05_00_leaf.png,9.16
10622_LeafPhotoA_2025-10-23 16_17_42.527-05_00_leaf.png,21.16
10622_LeafPhotoA_2025-10-23 16_18_15.817-05_00_leaf.png,0.99
10623_LeafPhotoA_2025-10-23 16_19_02.711-05_00_leaf.png,13.18
10623_LeafPhotoA_2025-10-23 16_19_22.127-05_00_leaf.png,27.88
10623_LeafPhotoA_2025-10-23 16_19_42.143-05_00_leaf.png,3.34
10625_LeafPhotoA_2025-10-23 16_21_04.554-05_00_leaf.png,9.47
10625_LeafPhotoA_2025-10-23 16_21_24.754-05_00_leaf.png,17.5
10625_LeafPhotoA_2025-10-23 16_22_05.314-05_00_leaf.png,24.65
10626_LeafPhotoA_2025-10-23 16_22_33.810-05_00_leaf.png,23.82
10626_LeafPhotoA_2025-10-23 16_22_48.727-05_00_leaf.png,6.3
10626_LeafPhotoA_2025-10-23 16_23_09.186-05_00_leaf.png,11.07
10626_LeafPhotoA_2025-10-23 16_23_29.127-05_00_leaf.png,0
10626_LeafPhotoA_2025-10-23 16_23_49.766-05_00_leaf.png,5.14
10626_LeafPhotoA_2025-10-23 16_24_07.289-05_00_leaf.png,0.03
10701_LeafPhotoA_2025-10-23 16_40_22.854-05_00_leaf.png,6.04
10701_LeafPhotoA_2025-10-23 16_40_34.815-05_00_leaf.png,2.16
10701_LeafPhotoA_2025-10-23 16_40_50.605-05_00_leaf.png,13.26
10702_LeafPhotoA_2025-10-23 16_41_28.943-05_00_leaf.png,32.53
10702_LeafPhotoA_2025-10-23 16_41_44.503-05_00_leaf.png,20.11
10702_LeafPhotoA_2025-10-23 16_41_58.309-05_00_leaf.png,34.79
10703_LeafPhotoA_2025-10-23 16_42_19.954-05_00_leaf.png,27.31
10703_LeafPhotoA_2025-10-23 16_42_33.306-05_00_leaf.png,53.61
10703_LeafPhotoA_2025-10-23 16_42_46.527-05_00_leaf.png,4.16
10704_LeafPhotoA_2025-10-23 16_43_17.070-05_00_leaf.png,0.08
10704_LeafPhotoA_2025-10-23 16_43_34.812-05_00_leaf.png,22.43
10704_LeafPhotoA_2025-10-23 16_43_53.005-05_00_leaf.png,2.17
10706_LeafPhotoA_2025-10-23 16_45_17.715-05_00_leaf.png,13.51
10706_LeafPhotoA_2025-10-23 16_45_30.807-05_00_leaf.png,4.24
10706_LeafPhotoA_2025-10-23 16_45_39.207-05_00_leaf.png,14.8
10707_LeafPhotoA_2025-10-23 16_46_14.613-05_00_leaf.png,0
10707_LeafPhotoA_2025-10-23 16_46_58.221-05_00_leaf.png,0
10707_LeafPhotoA_2025-10-23 16_47_13.860-05_00_leaf.png,0
10708_LeafPhotoA_2025-10-23 16_47_40.762-05_00_leaf.png,4.91
10708_LeafPhotoA_2025-10-23 16_47_51.996-05_00_leaf.png,1.97
10708_LeafPhotoA_2025-10-23 16_48_18.428-05_00_leaf.png,5.01
10709_LeafPhotoA_2025-10-23 16_49_08.940-05_00_leaf.png,13.17
10709_LeafPhotoA_2025-10-23 16_49_25.643-05_00_leaf.png,33.72
10709_LeafPhotoA_2025-10-23 16_49_39.080-05_00_leaf.png,13.83
10710_LeafPhotoA_2025-10-23 16_50_14.982-05_00_leaf.png,9.99
10710_LeafPhotoA_2025-10-23 16_50_29.953-05_00_leaf.png,9.52
10710_LeafPhotoA_2025-10-23 16_50_53.037-05_00_leaf.png,18.12
10711_LeafPhotoA_2025-10-23 16_51_21.239-05_00_leaf.png,0.01
10711_LeafPhotoA_2025-10-23 16_51_45.553-05_00_leaf.png,16.68
10711_LeafPhotoA_2025-10-23 16_52_03.548-05_00_leaf.png,19.37
10712_LeafPhotoA_2025-10-23 16_52_33.159-05_00_leaf.png,0.23
10712_LeafPhotoA_2025-10-23 16_52_46.098-05_00_leaf.png,6.01
10712_LeafPhotoA_2025-10-23 16_52_57.314-05_00_leaf.png,0.82
10713_LeafPhotoA_2025-10-23 16_53_17.449-05_00_leaf.png,94.41
10713_LeafPhotoA_2025-10-23 16_53_51.510-05_00_leaf.png,28.11
10713_LeafPhotoA_2025-10-23 16_54_03.430-05_00_leaf.png,39.02
10714_LeafPhotoA_2025-10-23 16_54_53.346-05_00_leaf.png,14.55
10714_LeafPhotoA_2025-10-23 16_55_07.790-05_00_leaf.png,33.47
10715_LeafPhotoA_2025-10-23 16_55_35.555-05_00_leaf.png,4.25
10715_LeafPhotoA_2025-10-23 16_55_48.624-05_00_leaf.png,18.52
10715_LeafPhotoA_2025-10-23 16_56_05.734-05_00_leaf.png,4.63
10716_LeafPhotoA_2025-10-23 16_56_51.061-05_00_leaf.png,0.94
10716_LeafPhotoA_2025-10-23 16_57_04.213-05_00_leaf.png,1.01
10716_LeafPhotoA_2025-10-23 16_57_19.171-05_00_leaf.png,30.77
10717_LeafPhotoA_2025-10-23 16_57_56.159-05_00_leaf.png,0.57
10717_LeafPhotoA_2025-10-23 16_58_10.122-05_00_leaf.png,0.32
10717_LeafPhotoA_2025-10-23 16_58_23.762-05_00_leaf.png,0.45
10718_LeafPhotoA_2025-10-23 16_58_52.009-05_00_leaf.png,2.97
10718_LeafPhotoA_2025-10-23 16_59_05.330-05_00_leaf.png,14.62
10718_LeafPhotoA_2025-10-23 16_59_22.582-05_00_leaf.png,16.81
10719_LeafPhotoA_2025-10-23 17_00_19.195-05_00_leaf.png,6.21
10719_LeafPhotoA_2025-10-23 17_00_48.064-05_00_leaf.png,0.1
10719_LeafPhotoA_2025-10-23 17_01_02.224-05_00_leaf.png,2.25
10720_LeafPhotoA_2025-10-23 17_01_23.853-05_00_leaf.png,0.79
10720_LeafPhotoA_2025-10-23 17_01_53.074-05_00_leaf.png,13.43
10720_LeafPhotoA_2025-10-23 17_02_11.565-05_00_leaf.png,0.15
10721_LeafPhotoA_2025-10-23 17_02_36.050-05_00_leaf.png,19.27
10721_LeafPhotoA_2025-10-23 17_02_57.546-05_00_leaf.png,27.89
10721_LeafPhotoA_2025-10-23 17_03_11.882-05_00_leaf.png,9.18
10722_LeafPhotoA_2025-10-23 17_03_53.785-05_00_leaf.png,0.09
10722_LeafPhotoA_2025-10-23 17_04_09.986-05_00_leaf.png,0
10722_LeafPhotoA_2025-10-23 17_04_24.142-05_00_leaf.png,0
10723_LeafPhotoA_2025-10-23 17_04_46.188-05_00_leaf.png,0.96
10723_LeafPhotoA_2025-10-23 17_05_01.023-05_00_leaf.png,17.01
10723_LeafPhotoA_2025-10-23 17_05_15.229-05_00_leaf.png,9.63
10724_LeafPhotoA_2025-10-23 17_05_41.776-05_00_leaf.png,53.58
10725_LeafPhotoA_2025-10-23 17_06_37.294-05_00_leaf.png,44.79
10725_LeafPhotoA_2025-10-23 17_06_56.141-05_00_leaf.png,47.86
10725_LeafPhotoA_2025-10-23 17_07_13.010-05_00_leaf.png,35.41
10726_LeafPhotoA_2025-10-23 17_07_53.382-05_00_leaf.png,14.26
10726_LeafPhotoA_2025-10-23 17_08_20.992-05_00_leaf.png,19.76
10727_LeafPhotoA_2025-10-23 17_08_40.255-05_00_leaf.png,1.82
10727_LeafPhotoA_2025-10-23 17_08_55.419-05_00_leaf.png,10.86
10727_LeafPhotoA_2025-10-23 17_09_15.816-05_00_leaf.png,2.53
10801_LeafPhotoA_2025-10-24 09_24_34.813-05_00_leaf.png,0.14
10801_LeafPhotoA_2025-10-24 09_24_48.806-05_00_leaf.png,1.25
10802_LeafPhotoA_2025-10-24 09_25_03.933-05_00_leaf.png,0.83
10802_LeafPhotoA_2025-10-24 09_25_17.124-05_00_leaf.png,3.11
10802_LeafPhotoA_2025-10-24 09_25_32.459-05_00_leaf.png,2.01
10803_LeafPhotoA_2025-10-24 09_25_51.889-05_00_leaf.png,2.5
10803_LeafPhotoA_2025-10-24 09_26_05.200-05_00_leaf.png,4.95
10803_LeafPhotoA_2025-10-24 09_26_15.121-05_00_leaf.png,6.22
10804_LeafPhotoA_2025-10-24 09_26_31.233-05_00_leaf.png,6.39
10804_LeafPhotoA_2025-10-24 09_26_43.781-05_00_leaf.png,4.94
10804_LeafPhotoA_2025-10-24 09_26_53.930-05_00_leaf.png,0
10805_LeafPhotoA_2025-10-24 09_27_11.432-05_00_leaf.png,31.94
10805_LeafPhotoA_2025-10-24 09_27_24.979-05_00_leaf.png,6.34
10805_LeafPhotoA_2025-10-24 09_27_40.857-05_00_leaf.png,4.1
10806_LeafPhotoA_2025-10-24 09_28_01.875-05_00_leaf.png,0.56
10806_LeafPhotoA_2025-10-24 09_28_14.166-05_00_leaf.png,24.61
10806_LeafPhotoA_2025-10-24 09_28_25.628-05_00_leaf.png,2.14
10807_LeafPhotoA_2025-10-24 09_29_05.086-05_00_leaf.png,16.61
10807_LeafPhotoA_2025-10-24 09_29_18.746-05_00_leaf.png,11.55
10807_LeafPhotoA_2025-10-24 09_29_31.657-05_00_leaf.png,14.97
10808_LeafPhotoA_2025-10-24 09_29_55.437-05_00_leaf.png,3.04
10808_LeafPhotoA_2025-10-24 09_30_09.653-05_00_leaf.png,7.3
10808_LeafPhotoA_2025-10-24 09_30_20.603-05_00_leaf.png,0
10809_LeafPhotoA_2025-10-24 09_30_47.060-05_00_leaf.png,14.09
10809_LeafPhotoA_2025-10-24 09_30_58.498-05_00_leaf.png,41.88
10809_LeafPhotoA_2025-10-24 09_31_11.184-05_00_leaf.png,19.9
10810_LeafPhotoA_2025-10-24 09_31_30.953-05_00_leaf.png,15
10810_LeafPhotoA_2025-10-24 09_31_45.051-05_00_leaf.png,1.22
10810_LeafPhotoA_2025-10-24 09_31_58.958-05_00_leaf.png,0.73
10811_LeafPhotoA_2025-10-24 09_32_26.839-05_00_leaf.png,7.83
10811_LeafPhotoA_2025-10-24 09_32_38.773-05_00_leaf.png,27.75
10811_LeafPhotoA_2025-10-24 09_32_49.950-05_00_leaf.png,1.79
10813_LeafPhotoA_2025-10-24 09_33_30.354-05_00_leaf.png,9.73
10813_LeafPhotoA_2025-10-24 09_33_46.503-05_00_leaf.png,17.48
10813_LeafPhotoA_2025-10-24 09_34_00.505-05_00_leaf.png,3.56
10815_LeafPhotoA_2025-10-24 09_34_32.853-05_00_leaf.png,46.14
10815_LeafPhotoA_2025-10-24 09_34_45.456-05_00_leaf.png,34.59
10815_LeafPhotoA_2025-10-24 09_34_57.376-05_00_leaf.png,37.64
10816_LeafPhotoA_2025-10-24 09_35_12.822-05_00_leaf.png,61.86
10816_LeafPhotoA_2025-10-24 09_35_25.029-05_00_leaf.png,47.62
10816_LeafPhotoA_2025-10-24 09_35_41.994-05_00_leaf.png,82.1
10817_LeafPhotoA_2025-10-24 09_36_24.075-05_00_leaf.png,3.27
10817_LeafPhotoA_2025-10-24 09_36_39.770-05_00_leaf.png,0.12
10817_LeafPhotoA_2025-10-24 09_36_54.152-05_00_leaf.png,0.75
10818_LeafPhotoA_2025-10-24 09_37_35.666-05_00_leaf.png,29.2
10818_LeafPhotoA_2025-10-24 09_37_51.868-05_00_leaf.png,0.95
10818_LeafPhotoA_2025-10-24 09_38_06.909-05_00_leaf.png,4.71
10819_LeafPhotoA_2025-10-24 09_38_28.763-05_00_leaf.png,0.39
10819_LeafPhotoA_2025-10-24 09_38_48.565-05_00_leaf.png,12.03
10819_LeafPhotoA_2025-10-24 09_39_01.689-05_00_leaf.png,2.91
10820_LeafPhotoA_2025-10-24 09_39_43.441-05_00_leaf.png,19.75
10820_LeafPhotoA_2025-10-24 09_40_01.586-05_00_leaf.png,1.16
10820_LeafPhotoA_2025-10-24 09_40_14.620-05_00_leaf.png,2.04
10821_LeafPhotoA_2025-10-24 09_40_44.661-05_00_leaf.png,2.06
10821_LeafPhotoA_2025-10-24 09_40_59.109-05_00_leaf.png,7.5
10821_LeafPhotoA_2025-10-24 09_41_12.221-05_00_leaf.png,32.78
10822_LeafPhotoA_2025-10-24 09_41_34.633-05_00_leaf.png,42.23
10822_LeafPhotoA_2025-10-24 09_41_51.598-05_00_leaf.png,7.06
10822_LeafPhotoA_2025-10-24 09_42_07.144-05_00_leaf.png,3.49
10823_LeafPhotoA_2025-10-24 09_42_34.439-05_00_leaf.png,9.76
10823_LeafPhotoA_2025-10-24 09_42_50.740-05_00_leaf.png,5.27
10823_LeafPhotoA_2025-10-24 09_43_06.816-05_00_leaf.png,9.55
10824_LeafPhotoA_2025-10-24 09_43_29.938-05_00_leaf.png,0.94
10824_LeafPhotoA_2025-10-24 09_43_51.143-05_00_leaf.png,4.73
10824_LeafPhotoA_2025-10-24 09_44_01.197-05_00_leaf.png,2.02
10825_LeafPhotoA_2025-10-24 09_44_29.157-05_00_leaf.png,7.9
10825_LeafPhotoA_2025-10-24 09_44_44.024-05_00_leaf.png,13.7
10825_LeafPhotoA_2025-10-24 09_44_59.881-05_00_leaf.png,37.74
10827_LeafPhotoA_2025-10-24 09_46_32.444-05_00_leaf.png,24.3
10827_LeafPhotoA_2025-10-24 09_46_45.794-05_00_leaf.png,26.63
10827_LeafPhotoA_2025-10-24 09_46_58.546-05_00_leaf.png,4.72
10902_LeafPhotoA_2025-10-24 10_20_36.434-05_00_leaf.png,33.59
10902_LeafPhotoA_2025-10-24 10_20_53.805-05_00_leaf.png,0.23
10903_LeafPhotoA_2025-10-24 10_22_29.227-05_00_leaf.png,0.75
10903_LeafPhotoA_2025-10-24 10_23_03.277-05_00_leaf.png,5.88
10903_LeafPhotoA_2025-10-24 10_23_23.369-05_00_leaf.png,3.55
10907_LeafPhotoA_2025-10-24 10_26_29.627-05_00_leaf.png,7.12
10907_LeafPhotoA_2025-10-24 10_26_53.305-05_00_leaf.png,2.09
10907_LeafPhotoA_2025-10-24 10_27_09.582-05_00_leaf.png,0.69
10908_LeafPhotoA_2025-10-24 10_28_20.751-05_00_leaf.png,0.05
10908_LeafPhotoA_2025-10-24 10_28_42.827-05_00_leaf.png,0
10910_LeafPhotoA_2025-10-24 10_30_04.578-05_00_leaf.png,0.13
10910_LeafPhotoA_2025-10-24 10_30_22.499-05_00_leaf.png,12.63
10912_LeafPhotoA_2025-10-24 10_32_54.084-05_00_leaf.png,2.12
10914_LeafPhotoA_2025-10-24 10_35_24.879-05_00_leaf.png,0
10915_LeafPhotoA_2025-10-24 10_35_56.440-05_00_leaf.png,0.08
10915_LeafPhotoA_2025-10-24 10_36_17.457-05_00_leaf.png,2.28
10915_LeafPhotoA_2025-10-24 10_36_52.306-05_00_leaf.png,6.04
10916_LeafPhotoA_2025-10-24 10_39_16.584-05_00_leaf.png,1.72
10916_LeafPhotoA_2025-10-24 10_39_35.856-05_00_leaf.png,6.93
10916_LeafPhotoA_2025-10-24 10_39_56.584-05_00_leaf.png,3.86
10919_LeafPhotoA_2025-10-24 10_40_53.847-05_00_leaf.png,0.12
10919_LeafPhotoA_2025-10-24 10_41_41.968-05_00_leaf.png,0
10919_LeafPhotoA_2025-10-24 10_42_30.112-05_00_leaf.png,0.71
10920_LeafPhotoA_2025-10-24 10_43_33.991-05_00_leaf.png,40.36
10920_LeafPhotoA_2025-10-24 10_43_54.124-05_00_leaf.png,0
10920_LeafPhotoA_2025-10-24 10_44_26.491-05_00_leaf.png,33.82
10921_LeafPhotoA_2025-10-24 10_45_13.465-05_00_leaf.png,29.73
10921_LeafPhotoA_2025-10-24 10_45_56.176-05_00_leaf.png,4.6
10921_LeafPhotoA_2025-10-24 10_46_53.369-05_00_leaf.png,2.36
10922_LeafPhotoA_2025-10-24 10_47_33.053-05_00_leaf.png,5.09
10922_LeafPhotoA_2025-10-24 10_48_02.875-05_00_leaf.png,21.37
10922_LeafPhotoA_2025-10-24 10_48_38.249-05_00_leaf.png,39.53
10925_LeafPhotoA_2025-10-24 10_49_36.422-05_00_leaf.png,0.33
10925_LeafPhotoA_2025-10-24 10_49_59.375-05_00_leaf.png,49.82
10925_LeafPhotoA_2025-10-24 10_50_32.120-05_00_leaf.png,53.55
10927_LeafPhotoA_2025-10-24 10_51_21.548-05_00_leaf.png,0.13
10927_LeafPhotoA_2025-10-24 10_51_53.782-05_00_leaf.png,0.09
10927_LeafPhotoA_2025-10-24 10_52_18.114-05_00_leaf.png,0.11
11001_LeafPhotoA_2025-10-24 10_58_01.567-05_00_leaf.png,1.52
11001_LeafPhotoA_2025-10-24 10_58_22.881-05_00_leaf.png,0.13
11001_LeafPhotoA_2025-10-24 10_58_55.760-05_00_leaf.png,0.07
11004_LeafPhotoA_2025-10-24 11_01_18.216-05_00_leaf.png,5.38
11004_LeafPhotoA_2025-10-24 11_01_51.844-05_00_leaf.png,1.17
11004_LeafPhotoA_2025-10-24 11_02_17.058-05_00_leaf.png,9.53
11005_LeafPhotoA_2025-10-24 11_03_16.441-05_00_leaf.png,0
11005_LeafPhotoA_2025-10-24 11_04_01.883-05_00_leaf.png,0
11005_LeafPhotoA_2025-10-24 11_04_29.986-05_00_leaf.png,23.98
11006_LeafPhotoA_2025-10-24 11_05_26.766-05_00_leaf.png,0
11006_LeafPhotoA_2025-10-24 11_05_51.198-05_00_leaf.png,0.44
11006_LeafPhotoA_2025-10-24 11_06_11.491-05_00_leaf.png,0
11008_LeafPhotoA_2025-10-24 11_07_49.265-05_00_leaf.png,7.15
11008_LeafPhotoA_2025-10-24 11_08_30.863-05_00_leaf.png,82.19
11008_LeafPhotoA_2025-10-24 11_09_03.749-05_00_leaf.png,17.47
11009_LeafPhotoA_2025-10-24 11_10_03.108-05_00_leaf.png,0.61
11009_LeafPhotoA_2025-10-24 11_10_37.623-05_00_leaf.png,7.03
11009_LeafPhotoA_2025-10-24 11_11_24.832-05_00_leaf.png,0.52
11010_LeafPhotoA_2025-10-24 11_13_05.082-05_00_leaf.png,0.02
11010_LeafPhotoA_2025-10-24 11_13_47.239-05_00_leaf.png,2.14
11010_LeafPhotoA_2025-10-24 11_14_42.424-05_00_leaf.png,2.11
11011_LeafPhotoA_2025-10-24 11_15_54.101-05_00_leaf.png,13.88
11011_LeafPhotoA_2025-10-24 11_16_18.769-05_00_leaf.png,3.06
11011_LeafPhotoA_2025-10-24 11_16_40.485-05_00_leaf.png,4.85
11012_LeafPhotoA_2025-10-24 11_18_53.647-05_00_leaf.png,0.44
11012_LeafPhotoA_2025-10-24 11_19_20.147-05_00_leaf.png,12.14
11012_LeafPhotoA_2025-10-24 11_19_46.925-05_00_leaf.png,1.35
11013_LeafPhotoA_2025-10-24 11_20_33.992-05_00_leaf.png,0.1
11013_LeafPhotoA_2025-10-24 11_21_03.587-05_00_leaf.png,0.1
11013_LeafPhotoA_2025-10-24 11_21_52.021-05_00_leaf.png,3.45
11017_LeafPhotoA_2025-10-24 11_22_51.396-05_00_leaf.png,18.5
11017_LeafPhotoA_2025-10-24 11_23_20.592-05_00_leaf.png,12.34
11017_LeafPhotoA_2025-10-24 11_23_56.458-05_00_leaf.png,41.76
11019_LeafPhotoA_2025-10-24 11_25_26.076-05_00_leaf.png,19.29
11019_LeafPhotoA_2025-10-24 11_26_08.786-05_00_leaf.png,2.45
11019_LeafPhotoA_2025-10-24 11_26_34.441-05_00_leaf.png,6.15
11020_LeafPhotoA_2025-10-24 11_27_42.381-05_00_leaf.png,9.57
11020_LeafPhotoA_2025-10-24 11_27_43.079-05_00_leaf.png,9.83
11020_LeafPhotoA_2025-10-24 11_28_00.379-05_00_leaf.png,15.58
11020_LeafPhotoA_2025-10-24 11_28_23.498-05_00_leaf.png,9.09
11021_LeafPhotoA_2025-10-24 11_29_22.359-05_00_leaf.png,24.06
11021_LeafPhotoA_2025-10-24 11_29_44.786-05_00_leaf.png,1.82
11021_LeafPhotoA_2025-10-24 11_30_11.572-05_00_leaf.png,36.6
11025_LeafPhotoA_2025-10-24 11_31_53.538-05_00_leaf.png,3.15
11025_LeafPhotoA_2025-10-24 11_32_24.261-05_00_leaf.png,0.16
11025_LeafPhotoA_2025-10-24 11_32_47.811-05_00_leaf.png,0.6
11102_LeafPhotoA_2025-10-24 11_40_54.220-05_00_leaf.png,1.68
11102_LeafPhotoA_2025-10-24 11_41_32.744-05_00_leaf.png,33.55
11102_LeafPhotoA_2025-10-24 11_41_58.550-05_00_leaf.png,9.13
11104_LeafPhotoA_2025-10-24 11_43_12.715-05_00_leaf.png,34.85
11104_LeafPhotoA_2025-10-24 11_43_49.288-05_00_leaf.png,20.01
11105_LeafPhotoA_2025-10-24 11_44_10.665-05_00_leaf.png,0
11105_LeafPhotoA_2025-10-24 11_44_28.733-05_00_leaf.png,0.24
11105_LeafPhotoA_2025-10-24 11_44_40.988-05_00_leaf.png,2.37
11108_LeafPhotoA_2025-10-24 11_45_20.821-05_00_leaf.png,17.08
11108_LeafPhotoA_2025-10-24 11_45_34.217-05_00_leaf.png,5.81
11108_LeafPhotoA_2025-10-24 11_45_47.821-05_00_leaf.png,2.21
11109_LeafPhotoA_2025-10-24 11_46_04.177-05_00_leaf.png,1.06
11109_LeafPhotoA_2025-10-24 11_46_22.448-05_00_leaf.png,12.08
11109_LeafPhotoA_2025-10-24 11_46_36.628-05_00_leaf.png,15.64
11110_LeafPhotoA_2025-10-24 11_47_01.595-05_00_leaf.png,9.11
11110_LeafPhotoA_2025-10-24 11_47_17.496-05_00_leaf.png,15.89
11110_LeafPhotoA_2025-10-24 11_47_32.744-05_00_leaf.png,17.01
11111_LeafPhotoA_2025-10-24 11_47_57.125-05_00_leaf.png,1.65
11111_LeafPhotoA_2025-10-24 11_48_13.727-05_00_leaf.png,37.69
11111_LeafPhotoA_2025-10-24 11_48_31.412-05_00_leaf.png,66.73
11113_LeafPhotoA_2025-10-24 11_49_42.324-05_00_leaf.png,14.23
11113_LeafPhotoA_2025-10-24 11_50_00.546-05_00_leaf.png,4.54
11113_LeafPhotoA_2025-10-24 11_50_17.882-05_00_leaf.png,16.06
11114_LeafPhotoA_2025-10-24 11_50_44.957-05_00_leaf.png,4.34
11114_LeafPhotoA_2025-10-24 11_50_59.948-05_00_leaf.png,41.3
11114_LeafPhotoA_2025-10-24 11_51_16.450-05_00_leaf.png,35
11115_LeafPhotoA_2025-10-24 11_51_46.334-05_00_leaf.png,29.64
11115_LeafPhotoA_2025-10-24 11_52_05.039-05_00_leaf.png,7.6
11115_LeafPhotoA_2025-10-24 11_52_27.808-05_00_leaf.png,39.27
11116_LeafPhotoA_2025-10-24 11_52_51.650-05_00_leaf.png,7.14
11116_LeafPhotoA_2025-10-24 11_53_07.331-05_00_leaf.png,4.1
11116_LeafPhotoA_2025-10-24 11_53_22.715-05_00_leaf.png,10.46
11119_LeafPhotoA_2025-10-24 11_54_26.905-05_00_leaf.png,0.49
11119_LeafPhotoA_2025-10-24 11_54_42.078-05_00_leaf.png,0.26
11119_LeafPhotoA_2025-10-24 11_55_01.394-05_00_leaf.png,10.75
11120_LeafPhotoA_2025-10-24 11_55_22.001-05_00_leaf.png,33.91
11120_LeafPhotoA_2025-10-24 11_55_35.219-05_00_leaf.png,10.47
11120_LeafPhotoA_2025-10-24 11_55_48.789-05_00_leaf.png,4.71
11121_LeafPhotoA_2025-10-24 11_56_12.597-05_00_leaf.png,1.04
11121_LeafPhotoA_2025-10-24 11_56_27.320-05_00_leaf.png,5.86
11121_LeafPhotoA_2025-10-24 11_56_45.645-05_00_leaf.png,1.03
11126_LeafPhotoA_2025-10-24 11_58_06.286-05_00_leaf.png,0
11126_LeafPhotoA_2025-10-24 11_59_01.218-05_00_leaf.png,25.64
11126_LeafPhotoA_2025-10-24 11_59_24.692-05_00_leaf.png,64.51
11202_LeafPhotoA_2025-10-24 12_02_02.329-05_00_leaf.png,16.08
11202_LeafPhotoA_2025-10-24 12_02_25.679-05_00_leaf.png,18.95
11202_LeafPhotoA_2025-10-24 12_04_03.844-05_00_leaf.png,10.88
11203_LeafPhotoA_2025-10-24 12_04_49.872-05_00_leaf.png,0.02
11203_LeafPhotoA_2025-10-24 12_05_52.049-05_00_leaf.png,0
11204_LeafPhotoA_2025-10-24 12_07_41.261-05_00_leaf.png,34.9
11204_LeafPhotoA_2025-10-24 12_08_15.209-05_00_leaf.png,33.52
11204_LeafPhotoA_2025-10-24 12_09_25.705-05_00_leaf.png,30.58
11205_LeafPhotoA_2025-10-24 12_10_49.970-05_00_leaf.png,10.82
11205_LeafPhotoA_2025-10-24 12_11_47.452-05_00_leaf.png,12.85
11205_LeafPhotoA_2025-10-24 12_12_12.865-05_00_leaf.png,11.84
11207_LeafPhotoA_2025-10-24 12_13_20.997-05_00_leaf.png,28.74
11207_LeafPhotoA_2025-10-24 12_13_38.155-05_00_leaf.png,29.96
11207_LeafPhotoA_2025-10-24 12_14_09.438-05_00_leaf.png,76.3
11209_LeafPhotoA_2025-10-24 12_15_05.171-05_00_leaf.png,10.15
11209_LeafPhotoA_2025-10-24 12_15_28.541-05_00_leaf.png,21.72
11209_LeafPhotoA_2025-10-24 12_15_42.568-05_00_leaf.png,37.7
11211_LeafPhotoA_2025-10-24 12_18_04.803-05_00_leaf.png,4.65
11211_LeafPhotoA_2025-10-24 12_18_27.725-05_00_leaf.png,4.19
11211_LeafPhotoA_2025-10-24 12_18_53.319-05_00_leaf.png,13.88
11215_LeafPhotoA_2025-10-24 12_20_23.396-05_00_leaf.png,10.74
11215_LeafPhotoA_2025-10-24 12_20_45.563-05_00_leaf.png,3.77
11215_LeafPhotoA_2025-10-24 12_20_59.823-05_00_leaf.png,16.59
11220_LeafPhotoA_2025-10-24 12_21_48.175-05_00_leaf.png,0.92
11220_LeafPhotoA_2025-10-24 12_22_02.310-05_00_leaf.png,1.94
11220_LeafPhotoA_2025-10-24 12_22_23.547-05_00_leaf.png,3.24
11222_LeafPhotoA_2025-10-24 12_22_59.625-05_00_leaf.png,13.12
11222_LeafPhotoA_2025-10-24 12_23_37.381-05_00_leaf.png,7.61
11222_LeafPhotoA_2025-10-24 12_23_55.814-05_00_leaf.png,4.93
11225_LeafPhotoA_2025-10-24 12_24_26.531-05_00_leaf.png,7.26
11225_LeafPhotoA_2025-10-24 12_24_40.444-05_00_leaf.png,11.19
11225_LeafPhotoA_2025-10-24 12_24_51.853-05_00_leaf.png,6.28
11226_LeafPhotoA_2025-10-24 12_25_12.735-05_00_leaf.png,13.33
11226_LeafPhotoA_2025-10-24 12_25_30.413-05_00_leaf.png,15.74
11226_LeafPhotoA_2025-10-24 12_25_43.877-05_00_leaf.png,11.38
11302_LeafPhotoA_2025-10-24 13_05_14.584-05_00_leaf.png,2.18
11302_LeafPhotoA_2025-10-24 13_05_32.059-05_00_leaf.png,5.26
11302_LeafPhotoA_2025-10-24 13_05_57.995-05_00_leaf.png,1.77
11304_LeafPhotoA_2025-10-24 13_06_46.938-05_00_leaf.png,18.85
11304_LeafPhotoA_2025-10-24 13_07_11.755-05_00_leaf.png,5.92
11304_LeafPhotoA_2025-10-24 13_07_30.728-05_00_leaf.png,0.24
11305_LeafPhotoA_2025-10-24 13_08_18.743-05_00_leaf.png,0.37
11305_LeafPhotoA_2025-10-24 13_08_44.381-05_00_leaf.png,0
11305_LeafPhotoA_2025-10-24 13_09_13.282-05_00_leaf.png,1.41
11306_LeafPhotoA_2025-10-24 13_10_16.338-05_00_leaf.png,18.24
11306_LeafPhotoA_2025-10-24 13_10_37.946-05_00_leaf.png,42.31
11306_LeafPhotoA_2025-10-24 13_11_18.629-05_00_leaf.png,48.11
11307_LeafPhotoA_2025-10-24 13_12_29.200-05_00_leaf.png,0.08
11307_LeafPhotoA_2025-10-24 13_12_59.758-05_00_leaf.png,1.3
11307_LeafPhotoA_2025-10-24 13_13_21.050-05_00_leaf.png,1.18
11310_LeafPhotoA_2025-10-24 13_16_57.760-05_00_leaf.png,0
11310_LeafPhotoA_2025-10-24 13_17_24.354-05_00_leaf.png,0
11310_LeafPhotoA_2025-10-24 13_17_46.645-05_00_leaf.png,0
11311_LeafPhotoA_2025-10-24 13_14_43.811-05_00_leaf.png,3.81
11311_LeafPhotoA_2025-10-24 13_15_16.019-05_00_leaf.png,22.48
11311_LeafPhotoA_2025-10-24 13_15_36.746-05_00_leaf.png,24.55
11312_LeafPhotoA_2025-10-24 13_21_25.122-05_00_leaf.png,1.75
11312_LeafPhotoA_2025-10-24 13_21_49.136-05_00_leaf.png,2.54
11312_LeafPhotoA_2025-10-24 13_22_07.309-05_00_leaf.png,15.21
11313_LeafPhotoA_2025-10-24 13_22_41.598-05_00_leaf.png,2.65
11313_LeafPhotoA_2025-10-24 13_23_04.697-05_00_leaf.png,3.73
11313_LeafPhotoA_2025-10-24 13_23_28.172-05_00_leaf.png,0.14
11314_LeafPhotoA_2025-10-24 13_24_14.706-05_00_leaf.png,1.14
11314_LeafPhotoA_2025-10-24 13_24_33.828-05_00_leaf.png,9.24
11314_LeafPhotoA_2025-10-24 13_24_52.528-05_00_leaf.png,17.74
11315_LeafPhotoA_2025-10-24 13_25_38.641-05_00_leaf.png,3.39
11315_LeafPhotoA_2025-10-24 13_26_06.646-05_00_leaf.png,0
11315_LeafPhotoA_2025-10-24 13_26_32.678-05_00_leaf.png,6.19
11316_LeafPhotoA_2025-10-24 13_27_08.306-05_00_leaf.png,1.97
11316_LeafPhotoA_2025-10-24 13_27_28.192-05_00_leaf.png,0.33
11316_LeafPhotoA_2025-10-24 13_27_53.504-05_00_leaf.png,0.34
11320_LeafPhotoA_2025-10-24 13_30_05.744-05_00_leaf.png,12.5
11320_LeafPhotoA_2025-10-24 13_30_32.177-05_00_leaf.png,4.18
11320_LeafPhotoA_2025-10-24 13_31_04.814-05_00_leaf.png,20.82
11321_LeafPhotoA_2025-10-24 13_31_56.970-05_00_leaf.png,22.91
11321_LeafPhotoA_2025-10-24 13_32_23.970-05_00_leaf.png,1.16
11321_LeafPhotoA_2025-10-24 13_32_50.025-05_00_leaf.png,30.73
11324_LeafPhotoA_2025-10-24 13_34_38.284-05_00_leaf.png,2.02
11324_LeafPhotoA_2025-10-24 13_35_17.907-05_00_leaf.png,3.07
11324_LeafPhotoA_2025-10-24 13_35_41.914-05_00_leaf.png,1.04
11325_LeafPhotoA_2025-10-24 13_36_44.486-05_00_leaf.png,0
11325_LeafPhotoA_2025-10-24 13_37_10.237-05_00_leaf.png,44.61
11325_LeafPhotoA_2025-10-24 13_37_38.156-05_00_leaf.png,24.42
11326_LeafPhotoA_2025-10-24 13_38_18.836-05_00_leaf.png,0.04
11326_LeafPhotoA_2025-10-24 13_38_35.647-05_00_leaf.png,24.71
11326_LeafPhotoA_2025-10-24 13_38_52.451-05_00_leaf.png,10.65
11401_LeafPhotoA_2025-10-24 13_42_51.258-05_00_leaf.png,28.41
11401_LeafPhotoA_2025-10-24 13_43_32.717-05_00_leaf.png,24.66
11401_LeafPhotoA_2025-10-24 13_43_49.280-05_00_leaf.png,14
11403_LeafPhotoA_2025-10-24 13_44_43.997-05_00_leaf.png,0.72
11403_LeafPhotoA_2025-10-24 13_45_04.619-05_00_leaf.png,2.31
11403_LeafPhotoA_2025-10-24 13_45_23.261-05_00_leaf.png,11.47
11404_LeafPhotoA_2025-10-24 13_45_54.527-05_00_leaf.png,0.07
11404_LeafPhotoA_2025-10-24 13_46_11.455-05_00_leaf.png,0.01
11404_LeafPhotoA_2025-10-24 13_46_45.045-05_00_leaf.png,0.02
11405_LeafPhotoA_2025-10-24 13_47_11.412-05_00_leaf.png,27.38
11405_LeafPhotoA_2025-10-24 13_47_32.447-05_00_leaf.png,7.89
11405_LeafPhotoA_2025-10-24 13_47_53.889-05_00_leaf.png,1.65
11410_LeafPhotoA_2025-10-24 13_49_10.168-05_00_leaf.png,53.73
11410_LeafPhotoA_2025-10-24 13_49_30.935-05_00_leaf.png,16.08
11410_LeafPhotoA_2025-10-24 13_49_49.229-05_00_leaf.png,23.52
11411_LeafPhotoA_2025-10-24 13_50_21.521-05_00_leaf.png,0.56
11411_LeafPhotoA_2025-10-24 13_50_46.540-05_00_leaf.png,5.75
11411_LeafPhotoA_2025-10-24 13_51_03.867-05_00_leaf.png,3.46
11413_LeafPhotoA_2025-10-24 13_51_35.339-05_00_leaf.png,5.86
11413_LeafPhotoA_2025-10-24 13_51_52.273-05_00_leaf.png,3.48
11413_LeafPhotoA_2025-10-24 13_52_28.446-05_00_leaf.png,3.07
11416_LeafPhotoA_2025-10-24 13_53_55.723-05_00_leaf.png,0
11416_LeafPhotoA_2025-10-24 13_54_22.790-05_00_leaf.png,0
11416_LeafPhotoA_2025-10-24 13_54_40.544-05_00_leaf.png,33.88
11417_LeafPhotoA_2025-10-24 13_55_15.695-05_00_leaf.png,0.08
11417_LeafPhotoA_2025-10-24 13_55_43.690-05_00_leaf.png,3.7
11417_LeafPhotoA_2025-10-24 13_56_02.914-05_00_leaf.png,42.65
11421_LeafPhotoA_2025-10-24 13_57_40.771-05_00_leaf.png,36.65
11421_LeafPhotoA_2025-10-24 13_57_59.510-05_00_leaf.png,2.55
11421_LeafPhotoA_2025-10-24 13_58_25.217-05_00_leaf.png,14.48
11423_LeafPhotoA_2025-10-24 13_59_09.980-05_00_leaf.png,11.85
11423_LeafPhotoA_2025-10-24 13_59_29.603-05_00_leaf.png,2.77
11423_LeafPhotoA_2025-10-24 13_59_59.013-05_00_leaf.png,19.8
11424_LeafPhotoA_2025-10-24 14_00_42.398-05_00_leaf.png,0.09
11424_LeafPhotoA_2025-10-24 14_01_06.300-05_00_leaf.png,5.77
11424_LeafPhotoA_2025-10-24 14_01_28.263-05_00_leaf.png,8.42
11424_LeafPhotoA_2025-10-24 14_01_48.762-05_00_leaf.png,8.41
11426_LeafPhotoA_2025-10-24 14_02_35.000-05_00_leaf.png,21.59
11426_LeafPhotoA_2025-10-24 14_03_07.240-05_00_leaf.png,0
11426_LeafPhotoA_2025-10-24 14_03_33.906-05_00_leaf.png,17.81
11427_LeafPhotoA_2025-10-24 14_04_33.045-05_00_leaf.png,0
11427_LeafPhotoA_2025-10-24 14_05_08.503-05_00_leaf.png,0
11427_LeafPhotoA_2025-10-24 14_05_54.868-05_00_leaf.png,0
11503_LeafPhotoA_2025-10-24 14_08_34.771-05_00_leaf.png,0.01
11503_LeafPhotoA_2025-10-24 14_09_15.699-05_00_leaf.png,0.18
11503_LeafPhotoA_2025-10-24 14_09_35.158-05_00_leaf.png,0.02
11504_LeafPhotoA_2025-10-24 14_10_09.315-05_00_leaf.png,0
11504_LeafPhotoA_2025-10-24 14_10_39.378-05_00_leaf.png,0.19
11504_LeafPhotoA_2025-10-24 14_10_55.149-05_00_leaf.png,0
11505_LeafPhotoA_2025-10-24 14_11_35.220-05_00_leaf.png,0.41
11505_LeafPhotoA_2025-10-24 14_11_57.611-05_00_leaf.png,9.63
11505_LeafPhotoA_2025-10-24 14_12_34.330-05_00_leaf.png,6.12
11509_LeafPhotoA_2025-10-24 14_14_05.716-05_00_leaf.png,1.82
11509_LeafPhotoA_2025-10-24 14_14_29.686-05_00_leaf.png,3.88
11509_LeafPhotoA_2025-10-24 14_14_50.468-05_00_leaf.png,14.97
11510_LeafPhotoA_2025-10-24 14_15_36.857-05_00_leaf.png,6.84
11510_LeafPhotoA_2025-10-24 14_15_56.400-05_00_leaf.png,10.99
11510_LeafPhotoA_2025-10-24 14_16_16.452-05_00_leaf.png,29.37
11512_LeafPhotoA_2025-10-24 14_16_57.829-05_00_leaf.png,6.65
11512_LeafPhotoA_2025-10-24 14_17_32.022-05_00_leaf.png,3.65
11512_LeafPhotoA_2025-10-24 14_17_55.707-05_00_leaf.png,8.02
11513_LeafPhotoA_2025-10-24 14_18_17.030-05_00_leaf.png,34.95
11513_LeafPhotoA_2025-10-24 14_18_34.385-05_00_leaf.png,31.97
11513_LeafPhotoA_2025-10-24 14_18_53.608-05_00_leaf.png,43.65
11515_LeafPhotoA_2025-10-24 14_19_32.197-05_00_leaf.png,18.88
11515_LeafPhotoA_2025-10-24 14_19_49.123-05_00_leaf.png,2.65
11515_LeafPhotoA_2025-10-24 14_20_06.577-05_00_leaf.png,1.63
11517_LeafPhotoA_2025-10-24 14_20_36.231-05_00_leaf.png,7.55
11517_LeafPhotoA_2025-10-24 14_20_53.496-05_00_leaf.png,18.38
11517_LeafPhotoA_2025-10-24 14_21_18.372-05_00_leaf.png,25.34
11518_LeafPhotoA_2025-10-24 14_21_47.991-05_00_leaf.png,0.77
11518_LeafPhotoA_2025-10-24 14_22_16.676-05_00_leaf.png,3.08
11518_LeafPhotoA_2025-10-24 14_22_40.297-05_00_leaf.png,0.63
11520_LeafPhotoA_2025-10-24 14_23_15.025-05_00_leaf.png,0.58
11520_LeafPhotoA_2025-10-24 14_23_42.462-05_00_leaf.png,5.48
11520_LeafPhotoA_2025-10-24 14_24_08.721-05_00_leaf.png,0.91
11521_LeafPhotoA_2025-10-24 14_24_49.389-05_00_leaf.png,0.41
11521_LeafPhotoA_2025-10-24 14_25_08.985-05_00_leaf.png,3.58
11521_LeafPhotoA_2025-10-24 14_25_48.295-05_00_leaf.png,5.33
11522_LeafPhotoA_2025-10-24 14_26_24.718-05_00_leaf.png,0.98
11522_LeafPhotoA_2025-10-24 14_27_01.739-05_00_leaf.png,12.16
11522_LeafPhotoA_2025-10-24 14_27_18.560-05_00_leaf.png,0.76
11523_LeafPhotoA_2025-10-24 14_28_05.230-05_00_leaf.png,3.8
11523_LeafPhotoA_2025-10-24 14_28_22.198-05_00_leaf.png,2.56
11523_LeafPhotoA_2025-10-24 14_28_37.544-05_00_leaf.png,1.87
11524_LeafPhotoA_2025-10-24 14_29_21.932-05_00_leaf.png,2.08
11524_LeafPhotoA_2025-10-24 14_29_53.507-05_00_leaf.png,22.52
11524_LeafPhotoA_2025-10-24 14_30_08.757-05_00_leaf.png,13.76
11525_LeafPhotoA_2025-10-24 14_30_42.247-05_00_leaf.png,7.01
11525_LeafPhotoA_2025-10-24 14_31_03.502-05_00_leaf.png,14.22
11525_LeafPhotoA_2025-10-24 14_31_22.679-05_00_leaf.png,10.87
11601_LeafPhotoA_2025-10-24 14_33_56.105-05_00_leaf.png,1.94
11601_LeafPhotoA_2025-10-24 14_34_35.798-05_00_leaf.png,0
11601_LeafPhotoA_2025-10-24 14_34_58.980-05_00_leaf.png,0
11602_LeafPhotoA_2025-10-24 14_35_25.153-05_00_leaf.png,14.43
11602_LeafPhotoA_2025-10-24 14_35_46.256-05_00_leaf.png,8.97
11602_LeafPhotoA_2025-10-24 14_35_58.483-05_00_leaf.png,4.69
11603_LeafPhotoA_2025-10-24 14_36_31.506-05_00_leaf.png,1.92
11603_LeafPhotoA_2025-10-24 14_36_47.085-05_00_leaf.png,0
11603_LeafPhotoA_2025-10-24 14_37_02.391-05_00_leaf.png,0
11604_LeafPhotoA_2025-10-24 14_37_32.709-05_00_leaf.png,5.2
11604_LeafPhotoA_2025-10-24 14_37_49.263-05_00_leaf.png,2.08
11604_LeafPhotoA_2025-10-24 14_38_05.842-05_00_leaf.png,1.24
11605_LeafPhotoA_2025-10-24 14_38_41.490-05_00_leaf.png,10.56
11605_LeafPhotoA_2025-10-24 14_39_06.222-05_00_leaf.png,0
11605_LeafPhotoA_2025-10-24 14_39_24.718-05_00_leaf.png,0
11607_LeafPhotoA_2025-10-24 14_39_57.151-05_00_leaf.png,37.15
11607_LeafPhotoA_2025-10-24 14_40_14.237-05_00_leaf.png,31
11607_LeafPhotoA_2025-10-24 14_40_31.981-05_00_leaf.png,54.83
11608_LeafPhotoA_2025-10-24 14_40_55.596-05_00_leaf.png,5.99
11608_LeafPhotoA_2025-10-24 14_41_13.115-05_00_leaf.png,19.19
11608_LeafPhotoA_2025-10-24 14_41_28.519-05_00_leaf.png,27.27
11609_LeafPhotoA_2025-10-24 14_41_56.021-05_00_leaf.png,8.05
11609_LeafPhotoA_2025-10-24 14_42_15.807-05_00_leaf.png,12.04
11610_LeafPhotoA_2025-10-24 14_43_08.125-05_00_leaf.png,12.52
11610_LeafPhotoA_2025-10-24 14_43_20.376-05_00_leaf.png,7.78
11610_LeafPhotoA_2025-10-24 14_43_34.712-05_00_leaf.png,22.22
11613_LeafPhotoA_2025-10-24 14_44_14.623-05_00_leaf.png,3.19
11613_LeafPhotoA_2025-10-24 14_44_31.793-05_00_leaf.png,0.13
11613_LeafPhotoA_2025-10-24 14_44_48.389-05_00_leaf.png,2.13
11617_LeafPhotoA_2025-10-24 14_45_46.941-05_00_leaf.png,7.5
11617_LeafPhotoA_2025-10-24 14_46_03.719-05_00_leaf.png,7.6
11617_LeafPhotoA_2025-10-24 14_46_16.104-05_00_leaf.png,0
11618_LeafPhotoA_2025-10-24 14_46_41.785-05_00_leaf.png,14.14
11618_LeafPhotoA_2025-10-24 14_46_56.578-05_00_leaf.png,2.16
11618_LeafPhotoA_2025-10-24 14_47_20.508-05_00_leaf.png,18.14
11620_LeafPhotoA_2025-10-24 14_48_11.592-05_00_leaf.png,8.57
11620_LeafPhotoA_2025-10-24 14_48_34.084-05_00_leaf.png,46.01
11620_LeafPhotoA_2025-10-24 14_49_08.806-05_00_leaf.png,22.22
11622_LeafPhotoA_2025-10-24 14_51_33.014-05_00_leaf.png,8.66
11622_LeafPhotoA_2025-10-24 14_51_54.814-05_00_leaf.png,6.04
11622_LeafPhotoA_2025-10-24 14_52_08.882-05_00_leaf.png,25.37
11623_LeafPhotoA_2025-10-24 14_50_18.654-05_00_leaf.png,8.91
11623_LeafPhotoA_2025-10-24 14_50_32.533-05_00_leaf.png,16.38
11623_LeafPhotoA_2025-10-24 14_50_49.205-05_00_leaf.png,15.45
11624_LeafPhotoA_2025-10-24 14_52_49.746-05_00_leaf.png,13.93
11624_LeafPhotoA_2025-10-24 14_53_13.614-05_00_leaf.png,7.72
11624_LeafPhotoA_2025-10-24 14_53_28.588-05_00_leaf.png,0
11627_LeafPhotoA_2025-10-24 14_54_19.574-05_00_leaf.png,1.69
11627_LeafPhotoA_2025-10-24 14_54_46.029-05_00_leaf.png,0.01
11627_LeafPhotoA_2025-10-24 14_55_17.117-05_00_leaf.png,24.98
20101_LeafPhotoA_2025-10-23 10_41_58.022-05_00_leaf.png,27.63
20101_LeafPhotoA_2025-10-23 10_42_30.913-05_00_leaf.png,33.57
20101_LeafPhotoA_2025-10-23 10_42_47.187-05_00_leaf.png,47.43
20102_LeafPhotoA_2025-10-23 10_43_24.124-05_00_leaf.png,2.71
20102_LeafPhotoA_2025-10-23 10_43_42.877-05_00_leaf.png,4.77
20102_LeafPhotoA_2025-10-23 10_43_55.433-05_00_leaf.png,0.46
20103_LeafPhotoA_2025-10-23 10_44_24.779-05_00_leaf.png,10.6
20103_LeafPhotoA_2025-10-23 10_44_38.883-05_00_leaf.png,9.9
20103_LeafPhotoA_2025-10-23 10_44_52.690-05_00_leaf.png,26.02
20104_LeafPhotoA_2025-10-23 10_45_13.118-05_00_leaf.png,0
20104_LeafPhotoA_2025-10-23 10_45_24.771-05_00_leaf.png,0
20104_LeafPhotoA_2025-10-23 10_45_37.121-05_00_leaf.png,0
20105_LeafPhotoA_2025-10-23 10_46_05.969-05_00_leaf.png,0.22
20105_LeafPhotoA_2025-10-23 10_46_16.057-05_00_leaf.png,36.25
20105_LeafPhotoA_2025-10-23 10_46_36.024-05_00_leaf.png,0.48
20106_LeafPhotoA_2025-10-23 10_47_17.512-05_00_leaf.png,0.44
20106_LeafPhotoA_2025-10-23 10_47_41.613-05_00_leaf.png,13.45
20106_LeafPhotoA_2025-10-23 10_47_57.605-05_00_leaf.png,11.79
20107_LeafPhotoA_2025-10-23 10_48_54.902-05_00_leaf.png,0.59
20107_LeafPhotoA_2025-10-23 10_49_07.761-05_00_leaf.png,21.55
20107_LeafPhotoA_2025-10-23 10_49_23.199-05_00_leaf.png,10.8
20108_LeafPhotoA_2025-10-23 10_50_48.456-05_00_leaf.png,0.17
20108_LeafPhotoA_2025-10-23 10_51_00.736-05_00_leaf.png,1.38
20108_LeafPhotoA_2025-10-23 10_51_12.753-05_00_leaf.png,0.94
20109_LeafPhotoA_2025-10-23 10_52_03.307-05_00_leaf.png,0.35
20109_LeafPhotoA_2025-10-23 10_52_16.928-05_00_leaf.png,3.46
20109_LeafPhotoA_2025-10-23 10_52_27.718-05_00_leaf.png,2.33
20110_LeafPhotoA_2025-10-23 10_52_47.184-05_00_leaf.png,3.98
20110_LeafPhotoA_2025-10-23 10_53_05.317-05_00_leaf.png,0.44
20110_LeafPhotoA_2025-10-23 10_53_17.475-05_00_leaf.png,3.57
20111_LeafPhotoA_2025-10-23 10_53_46.797-05_00_leaf.png,0.38
20111_LeafPhotoA_2025-10-23 10_53_58.908-05_00_leaf.png,0.12
20111_LeafPhotoA_2025-10-23 10_54_15.263-05_00_leaf.png,1.32
20112_LeafPhotoA_2025-10-23 10_55_42.294-05_00_leaf.png,2.67
20112_LeafPhotoA_2025-10-23 10_56_13.988-05_00_leaf.png,1.04
20112_LeafPhotoA_2025-10-23 10_56_43.907-05_00_leaf.png,1.13
20113_LeafPhotoA_2025-10-23 10_57_32.779-05_00_leaf.png,13.23
20113_LeafPhotoA_2025-10-23 10_57_50.752-05_00_leaf.png,5.13
20113_LeafPhotoA_2025-10-23 10_58_14.128-05_00_leaf.png,3.07
20114_LeafPhotoA_2025-10-23 10_58_40.912-05_00_leaf.png,0.12
20114_LeafPhotoA_2025-10-23 10_58_54.718-05_00_leaf.png,0
20114_LeafPhotoA_2025-10-23 10_59_13.400-05_00_leaf.png,0
20115_LeafPhotoA_2025-10-23 10_59_52.936-05_00_leaf.png,3.92
20115_LeafPhotoA_2025-10-23 11_00_07.749-05_00_leaf.png,1.62
20115_LeafPhotoA_2025-10-23 11_00_18.972-05_00_leaf.png,4.85
20116_LeafPhotoA_2025-10-23 11_01_03.234-05_00_leaf.png,1.66
20116_LeafPhotoA_2025-10-23 11_01_20.598-05_00_leaf.png,7.57
20116_LeafPhotoA_2025-10-23 11_01_32.414-05_00_leaf.png,0.09
20117_LeafPhotoA_2025-10-23 11_02_03.761-05_00_leaf.png,11.61
20117_LeafPhotoA_2025-10-23 11_02_16.411-05_00_leaf.png,8.46
20117_LeafPhotoA_2025-10-23 11_02_24.897-05_00_leaf.png,4.96
20118_LeafPhotoA_2025-10-23 11_03_10.757-05_00_leaf.png,23.99
20118_LeafPhotoA_2025-10-23 11_03_22.336-05_00_leaf.png,3.55
20118_LeafPhotoA_2025-10-23 11_03_34.809-05_00_leaf.png,4.73
20119_LeafPhotoA_2025-10-23 11_04_41.033-05_00_leaf.png,5.38
20119_LeafPhotoA_2025-10-23 11_04_58.923-05_00_leaf.png,8.72
20119_LeafPhotoA_2025-10-23 11_05_11.400-05_00_leaf.png,4.99
20120_LeafPhotoA_2025-10-23 11_06_07.088-05_00_leaf.png,8.17
20120_LeafPhotoA_2025-10-23 11_06_22.528-05_00_leaf.png,0.81
20120_LeafPhotoA_2025-10-23 11_06_33.821-05_00_leaf.png,1.22
20121_LeafPhotoA_2025-10-23 11_07_04.780-05_00_leaf.png,0.25
20121_LeafPhotoA_2025-10-23 11_07_17.231-05_00_leaf.png,0.62
20121_LeafPhotoA_2025-10-23 11_07_30.111-05_00_leaf.png,5.9
20122_LeafPhotoA_2025-10-23 11_07_57.835-05_00_leaf.png,0.21
20122_LeafPhotoA_2025-10-23 11_08_10.440-05_00_leaf.png,0
20122_LeafPhotoA_2025-10-23 11_08_18.994-05_00_leaf.png,0.05
20123_LeafPhotoA_2025-10-23 11_08_41.417-05_00_leaf.png,0.36
20123_LeafPhotoA_2025-10-23 11_08_55.140-05_00_leaf.png,0.06
20123_LeafPhotoA_2025-10-23 11_09_06.322-05_00_leaf.png,2.91
20124_LeafPhotoA_2025-10-23 11_09_34.936-05_00_leaf.png,0.61
20124_LeafPhotoA_2025-10-23 11_09_45.105-05_00_leaf.png,1.39
20124_LeafPhotoA_2025-10-23 11_09_55.776-05_00_leaf.png,0
20125_LeafPhotoA_2025-10-23 11_10_29.574-05_00_leaf.png,13.2
20125_LeafPhotoA_2025-10-23 11_10_39.626-05_00_leaf.png,2.3
20125_LeafPhotoA_2025-10-23 11_10_55.254-05_00_leaf.png,4.15
20126_LeafPhotoA_2025-10-23 11_15_00.747-05_00_leaf.png,28.02
20126_LeafPhotoA_2025-10-23 11_15_20.679-05_00_leaf.png,1
20126_LeafPhotoA_2025-10-23 11_15_35.339-05_00_leaf.png,3.06
20127_LeafPhotoA_2025-10-23 11_13_27.238-05_00_leaf.png,1.58
20127_LeafPhotoA_2025-10-23 11_13_40.984-05_00_leaf.png,12.14
20127_LeafPhotoA_2025-10-23 11_13_52.458-05_00_leaf.png,0.97
20201_LeafPhotoA_2025-10-23 11_18_35.214-05_00_leaf.png,23.15
20201_LeafPhotoA_2025-10-23 11_18_50.950-05_00_leaf.png,23.47
20202_LeafPhotoA_2025-10-23 11_20_55.979-05_00_leaf.png,42.85
20202_LeafPhotoA_2025-10-23 11_21_17.803-05_00_leaf.png,19.69
20202_LeafPhotoA_2025-10-23 11_21_53.935-05_00_leaf.png,22.08
20203_LeafPhotoA_2025-10-23 11_22_20.804-05_00_leaf.png,42.93
20203_LeafPhotoA_2025-10-23 11_22_42.197-05_00_leaf.png,63.45
20203_LeafPhotoA_2025-10-23 11_23_07.078-05_00_leaf.png,49.26
20204_LeafPhotoA_2025-10-23 11_24_48.706-05_00_leaf.png,27.67
20204_LeafPhotoA_2025-10-23 11_25_00.667-05_00_leaf.png,20.43
20204_LeafPhotoA_2025-10-23 11_25_10.465-05_00_leaf.png,44.67
20206_LeafPhotoA_2025-10-23 11_26_36.726-05_00_leaf.png,3.28
20206_LeafPhotoA_2025-10-23 11_26_52.686-05_00_leaf.png,43.61
20206_LeafPhotoA_2025-10-23 11_27_02.879-05_00_leaf.png,47.79
20207_LeafPhotoA_2025-10-23 11_27_55.193-05_00_leaf.png,0.52
20207_LeafPhotoA_2025-10-23 11_28_06.081-05_00_leaf.png,0.02
20207_LeafPhotoA_2025-10-23 11_28_17.768-05_00_leaf.png,2.4
20208_LeafPhotoA_2025-10-23 11_29_37.524-05_00_leaf.png,7.87
20208_LeafPhotoA_2025-10-23 11_29_47.228-05_00_leaf.png,7.35
20208_LeafPhotoA_2025-10-23 11_29_56.488-05_00_leaf.png,20.17
20209_LeafPhotoA_2025-10-23 11_30_24.602-05_00_leaf.png,7.08
20209_LeafPhotoA_2025-10-23 11_30_32.898-05_00_leaf.png,2.61
20209_LeafPhotoA_2025-10-23 11_30_41.344-05_00_leaf.png,3.11
20210_LeafPhotoA_2025-10-23 11_31_31.877-05_00_leaf.png,3.07
20210_LeafPhotoA_2025-10-23 11_31_47.881-05_00_leaf.png,17.34
20210_LeafPhotoA_2025-10-23 11_31_55.947-05_00_leaf.png,0.05
20211_LeafPhotoA_2025-10-23 11_32_15.557-05_00_leaf.png,0.58
20211_LeafPhotoA_2025-10-23 11_32_23.638-05_00_leaf.png,0
20211_LeafPhotoA_2025-10-23 11_32_33.285-05_00_leaf.png,0
20212_LeafPhotoA_2025-10-23 11_33_02.559-05_00_leaf.png,15
20212_LeafPhotoA_2025-10-23 11_33_11.824-05_00_leaf.png,5.91
20212_LeafPhotoA_2025-10-23 11_33_19.554-05_00_leaf.png,2.31
20213_LeafPhotoA_2025-10-23 11_33_48.062-05_00_leaf.png,0.05
20213_LeafPhotoA_2025-10-23 11_33_56.175-05_00_leaf.png,0.12
20213_LeafPhotoA_2025-10-23 11_34_05.374-05_00_leaf.png,0.13
20214_LeafPhotoA_2025-10-23 11_34_25.221-05_00_leaf.png,0.36
20214_LeafPhotoA_2025-10-23 11_34_36.006-05_00_leaf.png,2.61
20214_LeafPhotoA_2025-10-23 11_34_43.634-05_00_leaf.png,1.46
20215_LeafPhotoA_2025-10-23 11_35_28.047-05_00_leaf.png,0
20215_LeafPhotoA_2025-10-23 11_35_37.277-05_00_leaf.png,7.92
20215_LeafPhotoA_2025-10-23 11_35_45.830-05_00_leaf.png,0
20216_LeafPhotoA_2025-10-23 11_36_16.938-05_00_leaf.png,9.06
20216_LeafPhotoA_2025-10-23 11_36_26.555-05_00_leaf.png,22.19
20216_LeafPhotoA_2025-10-23 11_36_36.990-05_00_leaf.png,20.32
20217_LeafPhotoA_2025-10-23 11_37_21.603-05_00_leaf.png,0
20217_LeafPhotoA_2025-10-23 11_37_35.446-05_00_leaf.png,6.11
20217_LeafPhotoA_2025-10-23 11_37_44.819-05_00_leaf.png,21.92
20218_LeafPhotoA_2025-10-23 11_38_42.800-05_00_leaf.png,11.33
20218_LeafPhotoA_2025-10-23 11_38_55.486-05_00_leaf.png,2.49
20218_LeafPhotoA_2025-10-23 11_39_12.090-05_00_leaf.png,4.26
20219_LeafPhotoA_2025-10-23 11_39_36.159-05_00_leaf.png,0.35
20219_LeafPhotoA_2025-10-23 11_39_51.653-05_00_leaf.png,0.13
20219_LeafPhotoA_2025-10-23 11_40_13.147-05_00_leaf.png,0.15
20220_LeafPhotoA_2025-10-23 11_40_52.128-05_00_leaf.png,0.1
20220_LeafPhotoA_2025-10-23 11_41_03.425-05_00_leaf.png,2.63
20220_LeafPhotoA_2025-10-23 11_41_10.635-05_00_leaf.png,10.79
20221_LeafPhotoA_2025-10-23 11_41_38.137-05_00_leaf.png,3.1
20221_LeafPhotoA_2025-10-23 11_41_53.254-05_00_leaf.png,1.02
20221_LeafPhotoA_2025-10-23 11_42_07.435-05_00_leaf.png,2.81
20222_LeafPhotoA_2025-10-23 11_42_35.946-05_00_leaf.png,0.05
20222_LeafPhotoA_2025-10-23 11_42_46.360-05_00_leaf.png,0.42
20222_LeafPhotoA_2025-10-23 11_42_54.435-05_00_leaf.png,0
20223_LeafPhotoA_2025-10-23 11_44_02.231-05_00_leaf.png,0.66
20223_LeafPhotoA_2025-10-23 11_44_24.652-05_00_leaf.png,3.82
20223_LeafPhotoA_2025-10-23 11_44_55.572-05_00_leaf.png,0.07
20224_LeafPhotoA_2025-10-23 11_45_36.332-05_00_leaf.png,10.21
20224_LeafPhotoA_2025-10-23 11_45_46.245-05_00_leaf.png,4.24
20225_LeafPhotoA_2025-10-23 11_46_21.684-05_00_leaf.png,0.84
20225_LeafPhotoA_2025-10-23 11_46_53.716-05_00_leaf.png,3.11
20225_LeafPhotoA_2025-10-23 11_47_03.889-05_00_leaf.png,15.19
20226_LeafPhotoA_2025-10-23 11_48_04.050-05_00_leaf.png,1.69
20226_LeafPhotoA_2025-10-23 11_48_22.903-05_00_leaf.png,0.37
20226_LeafPhotoA_2025-10-23 11_48_35.550-05_00_leaf.png,0
20227_LeafPhotoA_2025-10-23 11_49_14.226-05_00_leaf.png,2.92
20227_LeafPhotoA_2025-10-23 11_49_26.026-05_00_leaf.png,0
20227_LeafPhotoA_2025-10-23 11_49_36.615-05_00_leaf.png,1.13
20301_LeafPhotoA_2025-10-23 11_52_35.162-05_00_leaf.png,15.32
20301_LeafPhotoA_2025-10-23 11_52_54.865-05_00_leaf.png,4.04
20301_LeafPhotoA_2025-10-23 11_53_11.360-05_00_leaf.png,29.87
20302_LeafPhotoA_2025-10-23 11_54_18.296-05_00_leaf.png,2.66
20302_LeafPhotoA_2025-10-23 11_54_46.885-05_00_leaf.png,0.39
20303_LeafPhotoA_2025-10-23 11_55_15.203-05_00_leaf.png,4.47
20303_LeafPhotoA_2025-10-23 11_55_31.538-05_00_leaf.png,2.39
20303_LeafPhotoA_2025-10-23 11_55_43.315-05_00_leaf.png,0.29
20305_LeafPhotoA_2025-10-23 11_56_49.380-05_00_leaf.png,7.16
20305_LeafPhotoA_2025-10-23 11_57_01.825-05_00_leaf.png,4.39
20305_LeafPhotoA_2025-10-23 11_57_25.143-05_00_leaf.png,20.12
20306_LeafPhotoA_2025-10-23 11_58_51.573-05_00_leaf.png,22.46
20306_LeafPhotoA_2025-10-23 11_59_06.168-05_00_leaf.png,10.64
20306_LeafPhotoA_2025-10-23 11_59_21.124-05_00_leaf.png,4.1
20308_LeafPhotoA_2025-10-23 12_02_39.486-05_00_leaf.png,10.8
20308_LeafPhotoA_2025-10-23 12_02_57.735-05_00_leaf.png,2.2
20308_LeafPhotoA_2025-10-23 12_03_13.991-05_00_leaf.png,3.22
20309_LeafPhotoA_2025-10-23 12_03_42.946-05_00_leaf.png,24.56
20309_LeafPhotoA_2025-10-23 12_03_54.616-05_00_leaf.png,1
20309_LeafPhotoA_2025-10-23 12_04_27.463-05_00_leaf.png,8.83
20310_LeafPhotoA_2025-10-23 12_05_05.420-05_00_leaf.png,0
20310_LeafPhotoA_2025-10-23 12_05_18.279-05_00_leaf.png,39.07
20310_LeafPhotoA_2025-10-23 12_05_33.810-05_00_leaf.png,0.03
20312_LeafPhotoA_2025-10-23 12_06_47.107-05_00_leaf.png,17.28
20312_LeafPhotoA_2025-10-23 12_06_57.593-05_00_leaf.png,8.42
20312_LeafPhotoA_2025-10-23 12_07_08.740-05_00_leaf.png,39.76
20313_LeafPhotoA_2025-10-23 12_07_44.170-05_00_leaf.png,0.04
20313_LeafPhotoA_2025-10-23 12_07_58.956-05_00_leaf.png,0.88
20313_LeafPhotoA_2025-10-23 12_08_26.306-05_00_leaf.png,22.14
20314_LeafPhotoA_2025-10-23 12_09_11.461-05_00_leaf.png,0
20314_LeafPhotoA_2025-10-23 12_09_23.026-05_00_leaf.png,0.06
20314_LeafPhotoA_2025-10-23 12_09_34.812-05_00_leaf.png,0
20315_LeafPhotoA_2025-10-23 12_10_06.491-05_00_leaf.png,26.84
20315_LeafPhotoA_2025-10-23 12_10_15.992-05_00_leaf.png,14.62
20315_LeafPhotoA_2025-10-23 12_10_30.658-05_00_leaf.png,17.79
20316_LeafPhotoA_2025-10-23 12_10_46.508-05_00_leaf.png,0
20316_LeafPhotoA_2025-10-23 12_10_59.306-05_00_leaf.png,6.64
20316_LeafPhotoA_2025-10-23 12_11_16.099-05_00_leaf.png,11.42
20317_LeafPhotoA_2025-10-23 12_11_34.026-05_00_leaf.png,4.15
20317_LeafPhotoA_2025-10-23 12_11_55.674-05_00_leaf.png,12.3
20317_LeafPhotoA_2025-10-23 12_12_11.948-05_00_leaf.png,5.08
20318_LeafPhotoA_2025-10-23 12_12_50.290-05_00_leaf.png,20.44
20318_LeafPhotoA_2025-10-23 12_13_01.610-05_00_leaf.png,14.03
20318_LeafPhotoA_2025-10-23 12_13_12.665-05_00_leaf.png,0.72
20319_LeafPhotoA_2025-10-23 12_13_40.613-05_00_leaf.png,0
20319_LeafPhotoA_2025-10-23 12_13_53.323-05_00_leaf.png,6.71
20319_LeafPhotoA_2025-10-23 12_14_05.178-05_00_leaf.png,18.47
20320_LeafPhotoA_2025-10-23 12_14_40.262-05_00_leaf.png,0.04
20320_LeafPhotoA_2025-10-23 12_14_55.981-05_00_leaf.png,0
20320_LeafPhotoA_2025-10-23 12_15_12.712-05_00_leaf.png,1.92
20321_LeafPhotoA_2025-10-23 12_15_33.445-05_00_leaf.png,0.89
20321_LeafPhotoA_2025-10-23 12_15_51.795-05_00_leaf.png,1.75
20321_LeafPhotoA_2025-10-23 12_16_29.758-05_00_leaf.png,0.47
20322_LeafPhotoA_2025-10-23 12_17_05.004-05_00_leaf.png,0.59
20322_LeafPhotoA_2025-10-23 12_17_17.299-05_00_leaf.png,23.44
20322_LeafPhotoA_2025-10-23 12_17_29.876-05_00_leaf.png,5.89
20324_LeafPhotoA_2025-10-23 12_18_27.618-05_00_leaf.png,0.01
20324_LeafPhotoA_2025-10-23 12_18_40.868-05_00_leaf.png,0.21
20324_LeafPhotoA_2025-10-23 12_18_58.136-05_00_leaf.png,0
20325_LeafPhotoA_2025-10-23 12_19_13.863-05_00_leaf.png,7.98
20325_LeafPhotoA_2025-10-23 12_19_26.576-05_00_leaf.png,6.85
20325_LeafPhotoA_2025-10-23 12_19_37.960-05_00_leaf.png,15.3
20327_LeafPhotoA_2025-10-23 12_20_18.862-05_00_leaf.png,0.12
20327_LeafPhotoA_2025-10-23 12_20_30.219-05_00_leaf.png,0.17
20327_LeafPhotoA_2025-10-23 12_20_43.870-05_00_leaf.png,23.71
20401_LeafPhotoA_2025-10-23 13_56_39.523-05_00_leaf.png,2.24
20401_LeafPhotoA_2025-10-23 13_57_03.873-05_00_leaf.png,0
20401_LeafPhotoA_2025-10-23 13_57_22.979-05_00_leaf.png,31.56
20402_LeafPhotoA_2025-10-23 13_58_10.346-05_00_leaf.png,1.47
20402_LeafPhotoA_2025-10-23 13_58_20.086-05_00_leaf.png,10.83
20402_LeafPhotoA_2025-10-23 13_58_28.141-05_00_leaf.png,8.13
20403_LeafPhotoA_2025-10-23 13_58_53.281-05_00_leaf.png,30.51
20403_LeafPhotoA_2025-10-23 13_59_05.443-05_00_leaf.png,0.89
20404_LeafPhotoA_2025-10-23 13_59_34.890-05_00_leaf.png,8.32
20404_LeafPhotoA_2025-10-23 13_59_46.462-05_00_leaf.png,7.07
20404_LeafPhotoA_2025-10-23 14_00_01.002-05_00_leaf.png,21.91
20405_LeafPhotoA_2025-10-23 14_00_22.380-05_00_leaf.png,11.25
20405_LeafPhotoA_2025-10-23 14_00_34.088-05_00_leaf.png,2.33
20405_LeafPhotoA_2025-10-23 14_00_44.013-05_00_leaf.png,2.37
20406_LeafPhotoA_2025-10-23 14_01_07.378-05_00_leaf.png,0
20406_LeafPhotoA_2025-10-23 14_01_23.390-05_00_leaf.png,0
20406_LeafPhotoA_2025-10-23 14_01_33.544-05_00_leaf.png,0.27
20408_LeafPhotoA_2025-10-23 14_02_09.569-05_00_leaf.png,17.7
20408_LeafPhotoA_2025-10-23 14_02_19.755-05_00_leaf.png,17.33
20408_LeafPhotoA_2025-10-23 14_02_30.870-05_00_leaf.png,15.22
20409_LeafPhotoA_2025-10-23 14_02_52.549-05_00_leaf.png,20.89
20409_LeafPhotoA_2025-10-23 14_03_02.383-05_00_masked.png,2.63
20409_LeafPhotoA_2025-10-23 14_03_11.764-05_00_leaf.png,0.11
20410_LeafPhotoA_2025-10-23 14_03_32.178-05_00_leaf.png,5.83
20410_LeafPhotoA_2025-10-23 14_03_41.967-05_00_leaf.png,12.03
20410_LeafPhotoA_2025-10-23 14_03_51.081-05_00_leaf.png,0.21
20411_LeafPhotoA_2025-10-23 14_04_19.072-05_00_leaf.png,0
20411_LeafPhotoA_2025-10-23 14_04_29.108-05_00_leaf.png,0
20411_LeafPhotoA_2025-10-23 14_04_47.795-05_00_leaf.png,0
20412_LeafPhotoA_2025-10-23 14_05_20.111-05_00_leaf.png,0.01
20412_LeafPhotoA_2025-10-23 14_05_32.924-05_00_leaf.png,0.3
20412_LeafPhotoA_2025-10-23 14_05_48.768-05_00_leaf.png,0.07
20414_LeafPhotoA_2025-10-23 14_06_47.462-05_00_leaf.png,0.63
20414_LeafPhotoA_2025-10-23 14_06_57.844-05_00_leaf.png,21.29
20414_LeafPhotoA_2025-10-23 14_07_07.903-05_00_leaf.png,0.04
20415_LeafPhotoA_2025-10-23 14_07_31.743-05_00_leaf.png,0.67
20415_LeafPhotoA_2025-10-23 14_07_46.336-05_00_leaf.png,4.17
20415_LeafPhotoA_2025-10-23 14_07_55.529-05_00_leaf.png,0.08
20416_LeafPhotoA_2025-10-23 14_08_45.606-05_00_leaf.png,9.88
20416_LeafPhotoA_2025-10-23 14_08_56.740-05_00_leaf.png,6.91
20416_LeafPhotoA_2025-10-23 14_09_08.082-05_00_leaf.png,0.08
20417_LeafPhotoA_2025-10-23 14_09_39.501-05_00_leaf.png,45.89
20417_LeafPhotoA_2025-10-23 14_09_54.663-05_00_leaf.png,0
20417_LeafPhotoA_2025-10-23 14_10_05.449-05_00_leaf.png,8.44
20418_LeafPhotoA_2025-10-23 14_10_29.488-05_00_leaf.png,0
20418_LeafPhotoA_2025-10-23 14_10_41.329-05_00_leaf.png,18.74
20418_LeafPhotoA_2025-10-23 14_10_51.206-05_00_leaf.png,1.97
20419_LeafPhotoA_2025-10-23 14_11_14.760-05_00_leaf.png,0.04
20419_LeafPhotoA_2025-10-23 14_11_34.063-05_00_leaf.png,2.24
20420_LeafPhotoA_2025-10-23 14_16_56.097-05_00_leaf.png,26.15
20420_LeafPhotoA_2025-10-23 14_17_31.451-05_00_leaf.png,8.93
20420_LeafPhotoA_2025-10-23 14_17_45.307-05_00_leaf.png,8.94
20421_LeafPhotoA_2025-10-23 14_18_10.867-05_00_leaf.png,1.13
20421_LeafPhotoA_2025-10-23 14_18_18.617-05_00_leaf.png,4.36
20421_LeafPhotoA_2025-10-23 14_18_32.928-05_00_leaf.png,2.06
20424_LeafPhotoA_2025-10-23 14_22_04.172-05_00_leaf.png,0.19
20424_LeafPhotoA_2025-10-23 14_22_20.409-05_00_leaf.png,0
20424_LeafPhotoA_2025-10-23 14_22_32.037-05_00_leaf.png,13.29
20425_LeafPhotoA_2025-10-23 14_21_15.274-05_00_leaf.png,0.01
20425_LeafPhotoA_2025-10-23 14_21_27.066-05_00_leaf.png,0.81
20425_LeafPhotoA_2025-10-23 14_21_36.557-05_00_leaf.png,8.62
20427_LeafPhotoA_2025-10-23 14_23_15.570-05_00_leaf.png,1.97
20427_LeafPhotoA_2025-10-23 14_23_26.351-05_00_leaf.png,16.51
20427_LeafPhotoA_2025-10-23 14_23_37.122-05_00_leaf.png,11.27
20501_LeafPhotoA_2025-10-23 14_25_04.433-05_00_leaf.png,8.33
20501_LeafPhotoA_2025-10-23 14_25_24.562-05_00_leaf.png,12.68
20501_LeafPhotoA_2025-10-23 14_25_49.106-05_00_leaf.png,6.01
20502_LeafPhotoA_2025-10-23 14_26_21.991-05_00_leaf.png,11.57
20502_LeafPhotoA_2025-10-23 14_26_36.045-05_00_leaf.png,9.75
20502_LeafPhotoA_2025-10-23 14_26_55.990-05_00_leaf.png,6.16
20503_LeafPhotoA_2025-10-23 14_27_19.062-05_00_leaf.png,26
20503_LeafPhotoA_2025-10-23 14_27_29.580-05_00_leaf.png,22.7
20503_LeafPhotoA_2025-10-23 14_27_40.048-05_00_leaf.png,49.86
20506_LeafPhotoA_2025-10-23 14_28_19.566-05_00_leaf.png,0
20506_LeafPhotoA_2025-10-23 14_28_34.702-05_00_leaf.png,15.19
20506_LeafPhotoA_2025-10-23 14_28_44.049-05_00_leaf.png,0.01
20507_LeafPhotoA_2025-10-23 14_29_12.318-05_00_leaf.png,33.92
20507_LeafPhotoA_2025-10-23 14_29_24.694-05_00_leaf.png,0
20507_LeafPhotoA_2025-10-23 14_29_35.225-05_00_leaf.png,24.18
20510_LeafPhotoA_2025-10-23 14_30_25.768-05_00_leaf.png,11.65
20510_LeafPhotoA_2025-10-23 14_30_37.554-05_00_leaf.png,1.44
20510_LeafPhotoA_2025-10-23 14_30_46.379-05_00_leaf.png,0.11
20512_LeafPhotoA_2025-10-23 14_31_32.791-05_00_leaf.png,0.01
20512_LeafPhotoA_2025-10-23 14_31_44.863-05_00_leaf.png,0
20512_LeafPhotoA_2025-10-23 14_31_54.620-05_00_leaf.png,2.16
20513_LeafPhotoA_2025-10-23 14_32_19.365-05_00_leaf.png,9.55
20513_LeafPhotoA_2025-10-23 14_32_30.327-05_00_leaf.png,0
20513_LeafPhotoA_2025-10-23 14_32_38.456-05_00_leaf.png,59.4
20514_LeafPhotoA_2025-10-23 14_33_12.126-05_00_leaf.png,0.03
20514_LeafPhotoA_2025-10-23 14_33_23.006-05_00_leaf.png,1.83
20514_LeafPhotoA_2025-10-23 14_33_33.580-05_00_leaf.png,1.74
20515_LeafPhotoA_2025-10-23 14_34_05.789-05_00_leaf.png,0.25
20515_LeafPhotoA_2025-10-23 14_34_15.862-05_00_leaf.png,0
20515_LeafPhotoA_2025-10-23 14_34_24.869-05_00_leaf.png,0.05
20516_LeafPhotoA_2025-10-23 14_34_42.927-05_00_leaf.png,0.15
20516_LeafPhotoA_2025-10-23 14_34_59.590-05_00_leaf.png,1.74
20516_LeafPhotoA_2025-10-23 14_35_09.382-05_00_leaf.png,0.2
20517_LeafPhotoA_2025-10-23 14_35_38.972-05_00_leaf.png,0.17
20517_LeafPhotoA_2025-10-23 14_35_50.501-05_00_leaf.png,0.01
20517_LeafPhotoA_2025-10-23 14_36_03.332-05_00_leaf.png,0.01
20519_LeafPhotoA_2025-10-23 14_36_54.878-05_00_leaf.png,0.31
20519_LeafPhotoA_2025-10-23 14_37_05.767-05_00_leaf.png,2.43
20519_LeafPhotoA_2025-10-23 14_37_14.182-05_00_leaf.png,1.33
20520_LeafPhotoA_2025-10-23 14_37_36.552-05_00_leaf.png,3.32
20520_LeafPhotoA_2025-10-23 14_37_47.113-05_00_leaf.png,0
20520_LeafPhotoA_2025-10-23 14_37_57.609-05_00_leaf.png,0.02
20521_LeafPhotoA_2025-10-23 14_38_26.539-05_00_leaf.png,6.18
20521_LeafPhotoA_2025-10-23 14_38_38.214-05_00_leaf.png,2.2
20521_LeafPhotoA_2025-10-23 14_38_51.804-05_00_leaf.png,23.77
20525_LeafPhotoA_2025-10-23 14_39_58.814-05_00_leaf.png,0
20525_LeafPhotoA_2025-10-23 14_40_13.313-05_00_leaf.png,1.14
20525_LeafPhotoA_2025-10-23 14_40_24.518-05_00_leaf.png,7.79
20527_LeafPhotoA_2025-10-23 14_41_34.662-05_00_leaf.png,19.92
20527_LeafPhotoA_2025-10-23 14_41_46.650-05_00_leaf.png,48.3
20527_LeafPhotoA_2025-10-23 14_41_58.939-05_00_leaf.png,0
20601_LeafPhotoA_2025-10-23 14_43_50.610-05_00_leaf.png,21.76
20601_LeafPhotoA_2025-10-23 14_44_02.214-05_00_leaf.png,38.22
20601_LeafPhotoA_2025-10-23 14_44_13.105-05_00_leaf.png,11.75
20603_LeafPhotoA_2025-10-23 14_45_11.027-05_00_leaf.png,0
20603_LeafPhotoA_2025-10-23 14_45_22.663-05_00_leaf.png,0.03
20603_LeafPhotoA_2025-10-23 14_45_32.888-05_00_leaf.png,0.01
20604_LeafPhotoA_2025-10-23 14_45_55.873-05_00_leaf.png,4.77
20604_LeafPhotoA_2025-10-23 14_46_10.735-05_00_leaf.png,13.1
20604_LeafPhotoA_2025-10-23 14_46_20.013-05_00_leaf.png,13.23
20605_LeafPhotoA_2025-10-23 14_46_48.155-05_00_leaf.png,29.95
20605_LeafPhotoA_2025-10-23 14_47_00.861-05_00_leaf.png,0
20605_LeafPhotoA_2025-10-23 14_47_07.217-05_00_leaf.png,21.37
20608_LeafPhotoA_2025-10-23 14_48_27.489-05_00_leaf.png,0.03
20608_LeafPhotoA_2025-10-23 14_49_05.379-05_00_leaf.png,0
20608_LeafPhotoA_2025-10-23 14_49_17.238-05_00_leaf.png,0
20609_LeafPhotoA_2025-10-23 14_49_35.085-05_00_leaf.png,0.05
20609_LeafPhotoA_2025-10-23 14_49_48.619-05_00_leaf.png,0
20609_LeafPhotoA_2025-10-23 14_49_59.360-05_00_leaf.png,0
20610_LeafPhotoA_2025-10-23 14_50_25.892-05_00_leaf.png,0
20610_LeafPhotoA_2025-10-23 14_50_38.136-05_00_leaf.png,0.33
20610_LeafPhotoA_2025-10-23 14_50_49.550-05_00_leaf.png,0.74
20611_LeafPhotoA_2025-10-23 14_51_26.010-05_00_leaf.png,1.52
20611_LeafPhotoA_2025-10-23 14_51_34.753-05_00_leaf.png,0
20611_LeafPhotoA_2025-10-23 14_51_52.714-05_00_leaf.png,0.16
20612_LeafPhotoA_2025-10-23 14_52_22.326-05_00_leaf.png,69.95
20612_LeafPhotoA_2025-10-23 14_52_34.475-05_00_leaf.png,46.73
20612_LeafPhotoA_2025-10-23 14_52_42.804-05_00_leaf.png,49.34
20613_LeafPhotoA_2025-10-23 14_53_14.319-05_00_leaf.png,3.26
20613_LeafPhotoA_2025-10-23 14_53_39.741-05_00_leaf.png,21.22
20613_LeafPhotoA_2025-10-23 14_53_54.172-05_00_leaf.png,13.46
20614_LeafPhotoA_2025-10-23 14_54_42.566-05_00_leaf.png,0.01
20614_LeafPhotoA_2025-10-23 14_54_55.895-05_00_leaf.png,0
20614_LeafPhotoA_2025-10-23 14_55_05.919-05_00_leaf.png,0
20617_LeafPhotoA_2025-10-23 14_57_33.824-05_00_leaf.png,16.21
20617_LeafPhotoA_2025-10-23 14_57_46.576-05_00_leaf.png,0.18
20617_LeafPhotoA_2025-10-23 14_57_55.591-05_00_leaf.png,22.25
20618_LeafPhotoA_2025-10-23 14_58_17.596-05_00_leaf.png,1.78
20618_LeafPhotoA_2025-10-23 14_58_29.932-05_00_leaf.png,11.93
20618_LeafPhotoA_2025-10-23 14_58_45.785-05_00_leaf.png,39.46
20619_LeafPhotoA_2025-10-23 14_59_44.122-05_00_leaf.png,1.01
20619_LeafPhotoA_2025-10-23 14_59_55.396-05_00_leaf.png,6.27
20619_LeafPhotoA_2025-10-23 15_00_13.429-05_00_leaf.png,7.79
20620_LeafPhotoA_2025-10-23 15_00_54.446-05_00_leaf.png,7.53
20620_LeafPhotoA_2025-10-23 15_01_03.363-05_00_leaf.png,2.07
20623_LeafPhotoA_2025-10-23 15_02_10.338-05_00_leaf.png,0.02
20623_LeafPhotoA_2025-10-23 15_02_25.057-05_00_leaf.png,0.03
20623_LeafPhotoA_2025-10-23 15_02_36.137-05_00_leaf.png,7.23
20624_LeafPhotoA_2025-10-23 15_02_56.816-05_00_leaf.png,0.01
20624_LeafPhotoA_2025-10-23 15_03_07.217-05_00_leaf.png,0.09
20624_LeafPhotoA_2025-10-23 15_03_17.313-05_00_leaf.png,0
20701_LeafPhotoA_2025-10-23 15_57_34.413-05_00_leaf.png,2.27
20701_LeafPhotoA_2025-10-23 15_58_00.336-05_00_leaf.png,22.44
20701_LeafPhotoA_2025-10-23 15_58_16.117-05_00_leaf.png,3.31
20703_LeafPhotoA_2025-10-23 15_59_41.089-05_00_leaf.png,0.01
20703_LeafPhotoA_2025-10-23 15_59_52.012-05_00_leaf.png,0.01
20703_LeafPhotoA_2025-10-23 16_00_17.221-05_00_leaf.png,0
20704_LeafPhotoA_2025-10-23 16_01_19.699-05_00_leaf.png,0.95
20704_LeafPhotoA_2025-10-23 16_01_31.314-05_00_leaf.png,0.13
20704_LeafPhotoA_2025-10-23 16_01_44.960-05_00_leaf.png,5.8
20708_LeafPhotoA_2025-10-23 16_03_01.014-05_00_leaf.png,0
20708_LeafPhotoA_2025-10-23 16_03_20.393-05_00_leaf.png,0.1
20708_LeafPhotoA_2025-10-23 16_03_34.559-05_00_leaf.png,0.23
20710_LeafPhotoA_2025-10-23 16_04_16.624-05_00_leaf.png,17.88
20710_LeafPhotoA_2025-10-23 16_04_54.595-05_00_leaf.png,0
20710_LeafPhotoA_2025-10-23 16_05_10.791-05_00_leaf.png,0.01
20711_LeafPhotoA_2025-10-23 16_05_32.368-05_00_leaf.png,0
20711_LeafPhotoA_2025-10-23 16_05_53.359-05_00_leaf.png,13.12
20711_LeafPhotoA_2025-10-23 16_06_12.460-05_00_leaf.png,11.88
20713_LeafPhotoA_2025-10-23 16_06_45.050-05_00_leaf.png,1.68
20713_LeafPhotoA_2025-10-23 16_07_05.352-05_00_leaf.png,12.33
20713_LeafPhotoA_2025-10-23 16_07_18.014-05_00_leaf.png,7.4
20714_LeafPhotoA_2025-10-23 16_08_07.580-05_00_leaf.png,42.75
20714_LeafPhotoA_2025-10-23 16_08_29.342-05_00_leaf.png,15.51
20714_LeafPhotoA_2025-10-23 16_08_50.958-05_00_leaf.png,0
20716_LeafPhotoA_2025-10-23 16_09_30.198-05_00_leaf.png,12.42
20716_LeafPhotoA_2025-10-23 16_09_50.827-05_00_leaf.png,4.21
20716_LeafPhotoA_2025-10-23 16_10_09.369-05_00_leaf.png,0.24
20718_LeafPhotoA_2025-10-23 16_11_12.097-05_00_leaf.png,0.86
20718_LeafPhotoA_2025-10-23 16_11_35.828-05_00_leaf.png,0
20718_LeafPhotoA_2025-10-23 16_11_54.351-05_00_leaf.png,1.82
20719_LeafPhotoA_2025-10-23 16_12_23.253-05_00_leaf.png,0
20719_LeafPhotoA_2025-10-23 16_12_44.268-05_00_leaf.png,0.08
20719_LeafPhotoA_2025-10-23 16_13_04.459-05_00_leaf.png,0
20721_LeafPhotoA_2025-10-23 16_13_34.733-05_00_leaf.png,13.35
20721_LeafPhotoA_2025-10-23 16_13_51.913-05_00_leaf.png,0.31
20721_LeafPhotoA_2025-10-23 16_14_15.521-05_00_leaf.png,4.57
20723_LeafPhotoA_2025-10-23 16_14_51.700-05_00_leaf.png,3.34
20723_LeafPhotoA_2025-10-23 16_15_07.393-05_00_leaf.png,15.95
20723_LeafPhotoA_2025-10-23 16_15_22.951-05_00_leaf.png,9.02
20724_LeafPhotoA_2025-10-23 16_15_59.346-05_00_leaf.png,0.01
20724_LeafPhotoA_2025-10-23 16_16_17.738-05_00_leaf.png,23.85
20724_LeafPhotoA_2025-10-23 16_16_36.055-05_00_leaf.png,2.65
20727_LeafPhotoA_2025-10-23 16_17_28.658-05_00_leaf.png,1.52
20727_LeafPhotoA_2025-10-23 16_17_44.086-05_00_leaf.png,1.32
20727_LeafPhotoA_2025-10-23 16_18_00.896-05_00_leaf.png,0.53
20801_LeafPhotoA_2025-10-24 09_50_20.572-05_00_leaf.png,44.74
20801_LeafPhotoA_2025-10-24 09_50_36.076-05_00_leaf.png,0
20801_LeafPhotoA_2025-10-24 09_50_53.446-05_00_leaf.png,31.52
20803_LeafPhotoA_2025-10-24 09_51_32.690-05_00_leaf.png,0.02
20803_LeafPhotoA_2025-10-24 09_51_54.038-05_00_leaf.png,18.12
20803_LeafPhotoA_2025-10-24 09_52_13.045-05_00_leaf.png,0.14
20806_LeafPhotoA_2025-10-24 09_53_07.653-05_00_leaf.png,0
20806_LeafPhotoA_2025-10-24 09_53_22.901-05_00_leaf.png,13.8
20806_LeafPhotoA_2025-10-24 09_53_46.837-05_00_leaf.png,10.55
20808_LeafPhotoA_2025-10-24 09_54_31.382-05_00_leaf.png,7.39
20808_LeafPhotoA_2025-10-24 09_54_54.155-05_00_masked.png,0.03
20808_LeafPhotoA_2025-10-24 09_55_16.425-05_00_leaf.png,3.99
20809_LeafPhotoA_2025-10-24 09_55_40.317-05_00_leaf.png,0.18
20809_LeafPhotoA_2025-10-24 09_56_06.917-05_00_leaf.png,25.45
20809_LeafPhotoA_2025-10-24 09_56_30.395-05_00_leaf.png,7.93
20810_LeafPhotoA_2025-10-24 09_57_10.606-05_00_leaf.png,0.37
20810_LeafPhotoA_2025-10-24 09_57_29.063-05_00_leaf.png,0
20810_LeafPhotoA_2025-10-24 09_57_52.474-05_00_leaf.png,0
20812_LeafPhotoA_2025-10-24 09_58_26.304-05_00_leaf.png,2.11
20812_LeafPhotoA_2025-10-24 09_58_43.914-05_00_leaf.png,1.72
20812_LeafPhotoA_2025-10-24 09_59_07.920-05_00_leaf.png,9.13
20813_LeafPhotoA_2025-10-24 09_59_29.968-05_00_leaf.png,0.09
20813_LeafPhotoA_2025-10-24 09_59_52.545-05_00_leaf.png,0
20813_LeafPhotoA_2025-10-24 10_00_06.659-05_00_leaf.png,0
20816_LeafPhotoA_2025-10-24 10_00_53.186-05_00_leaf.png,22.38
20816_LeafPhotoA_2025-10-24 10_01_27.399-05_00_leaf.png,0.01
20816_LeafPhotoA_2025-10-24 10_02_07.144-05_00_leaf.png,16.15
20817_LeafPhotoA_2025-10-24 10_05_52.213-05_00_leaf.png,8.93
20817_LeafPhotoA_2025-10-24 10_06_10.356-05_00_leaf.png,0.05
20817_LeafPhotoA_2025-10-24 10_06_23.169-05_00_leaf.png,1.32
20818_LeafPhotoA_2025-10-24 10_08_29.856-05_00_leaf.png,10.98
20818_LeafPhotoA_2025-10-24 10_09_16.885-05_00_leaf.png,0.55
20818_LeafPhotoA_2025-10-24 10_10_23.707-05_00_leaf.png,0
20820_LeafPhotoA_2025-10-24 10_11_16.069-05_00_leaf.png,3.31
20820_LeafPhotoA_2025-10-24 10_11_34.279-05_00_leaf.png,0.01
20820_LeafPhotoA_2025-10-24 10_12_04.658-05_00_leaf.png,6.9
20821_LeafPhotoA_2025-10-24 10_12_41.911-05_00_leaf.png,0
20821_LeafPhotoA_2025-10-24 10_13_04.709-05_00_leaf.png,25.26
20821_LeafPhotoA_2025-10-24 10_13_21.057-05_00_leaf.png,4.68
20823_LeafPhotoA_2025-10-24 10_14_02.675-05_00_leaf.png,11.71
20823_LeafPhotoA_2025-10-24 10_14_22.917-05_00_leaf.png,3.96
20823_LeafPhotoA_2025-10-24 10_14_39.267-05_00_leaf.png,0.62
20824_LeafPhotoA_2025-10-24 10_16_02.109-05_00_leaf.png,1.42
20824_LeafPhotoA_2025-10-24 10_16_22.646-05_00_leaf.png,2.55
20824_LeafPhotoA_2025-10-24 10_16_40.483-05_00_leaf.png,1.85
20827_LeafPhotoA_2025-10-24 10_17_41.459-05_00_leaf.png,10.22
20827_LeafPhotoA_2025-10-24 10_17_59.152-05_00_leaf.png,0.82
20827_LeafPhotoA_2025-10-24 10_18_33.826-05_00_leaf.png,2.61
20901_LeafPhotoA_2025-10-24 10_20_36.058-05_00_leaf.png,13.74
20901_LeafPhotoA_2025-10-24 10_20_52.448-05_00_leaf.png,0
20901_LeafPhotoA_2025-10-24 10_21_15.641-05_00_leaf.png,0.18
20902_LeafPhotoA_2025-10-24 10_22_03.280-05_00_leaf.png,28.05
20902_LeafPhotoA_2025-10-24 10_23_15.253-05_00_leaf.png,3.11
20902_LeafPhotoA_2025-10-24 10_24_32.101-05_00_leaf.png,3.88
20903_LeafPhotoA_2025-10-24 10_25_14.741-05_00_leaf.png,21.74
20903_LeafPhotoA_2025-10-24 10_25_40.981-05_00_leaf.png,8
20903_LeafPhotoA_2025-10-24 10_26_02.073-05_00_leaf.png,12.84
20906_LeafPhotoA_2025-10-24 10_27_17.097-05_00_leaf.png,0.21
20906_LeafPhotoA_2025-10-24 10_27_34.600-05_00_leaf.png,0.48
20906_LeafPhotoA_2025-10-24 10_28_02.102-05_00_leaf.png,18.74
20908_LeafPhotoA_2025-10-24 10_28_47.730-05_00_leaf.png,7.33
20908_LeafPhotoA_2025-10-24 10_29_23.635-05_00_leaf.png,5.46
20908_LeafPhotoA_2025-10-24 10_30_20.164-05_00_leaf.png,0
20910_LeafPhotoA_2025-10-24 10_31_13.039-05_00_leaf.png,8.79
20910_LeafPhotoA_2025-10-24 10_31_45.708-05_00_leaf.png,0
20910_LeafPhotoA_2025-10-24 10_32_56.395-05_00_leaf.png,33.96
20911_LeafPhotoA_2025-10-24 10_33_49.093-05_00_leaf.png,22.62
20911_LeafPhotoA_2025-10-24 10_34_42.114-05_00_leaf.png,0.65
20911_LeafPhotoA_2025-10-24 10_35_08.347-05_00_leaf.png,43.55
20913_LeafPhotoA_2025-10-24 10_36_33.005-05_00_leaf.png,0
20913_LeafPhotoA_2025-10-24 10_37_21.886-05_00_leaf.png,0.31
20913_LeafPhotoA_2025-10-24 10_37_42.623-05_00_leaf.png,23.08
20914_LeafPhotoA_2025-10-24 10_38_55.192-05_00_leaf.png,0.02
20914_LeafPhotoA_2025-10-24 10_39_36.496-05_00_leaf.png,0.23
20914_LeafPhotoA_2025-10-24 10_40_07.284-05_00_leaf.png,4.5
20915_LeafPhotoA_2025-10-24 10_40_50.656-05_00_leaf.png,15.4
20915_LeafPhotoA_2025-10-24 10_41_37.837-05_00_leaf.png,0.04
20915_LeafPhotoA_2025-10-24 10_41_57.823-05_00_leaf.png,0.31
20916_LeafPhotoA_2025-10-24 10_43_00.140-05_00_leaf.png,42.15
20916_LeafPhotoA_2025-10-24 10_43_44.234-05_00_leaf.png,0
20916_LeafPhotoA_2025-10-24 10_44_08.214-05_00_leaf.png,0.53
20918_LeafPhotoA_2025-10-24 10_45_09.493-05_00_leaf.png,18.94
20918_LeafPhotoA_2025-10-24 10_46_22.372-05_00_leaf.png,0
20918_LeafPhotoA_2025-10-24 10_46_49.394-05_00_leaf.png,0.07
20919_LeafPhotoA_2025-10-24 10_47_28.343-05_00_leaf.png,1
20919_LeafPhotoA_2025-10-24 10_47_50.043-05_00_leaf.png,5.62
20919_LeafPhotoA_2025-10-24 10_48_27.004-05_00_leaf.png,6.16
20921_LeafPhotoA_2025-10-24 10_49_24.059-05_00_leaf.png,47.22
20921_LeafPhotoA_2025-10-24 10_50_04.629-05_00_leaf.png,16.77
20921_LeafPhotoA_2025-10-24 10_50_41.058-05_00_leaf.png,8.54
20925_LeafPhotoA_2025-10-24 10_53_33.684-05_00_leaf.png,13.49
20925_LeafPhotoA_2025-10-24 10_54_51.738-05_00_leaf.png,0.52
20925_LeafPhotoA_2025-10-24 10_55_08.429-05_00_leaf.png,0.11
21003_LeafPhotoA_2025-10-24 10_58_51.820-05_00_leaf.png,0.68
21003_LeafPhotoA_2025-10-24 10_59_10.724-05_00_leaf.png,0.13
21003_LeafPhotoA_2025-10-24 10_59_41.466-05_00_leaf.png,9.14
21004_LeafPhotoA_2025-10-24 11_01_08.234-05_00_leaf.png,8.03
21004_LeafPhotoA_2025-10-24 11_01_29.802-05_00_leaf.png,4.67
21004_LeafPhotoA_2025-10-24 11_02_01.194-05_00_leaf.png,0.24
21005_LeafPhotoA_2025-10-24 11_03_14.387-05_00_leaf.png,1.4
21005_LeafPhotoA_2025-10-24 11_03_41.071-05_00_leaf.png,0.3
21005_LeafPhotoA_2025-10-24 11_04_03.331-05_00_leaf.png,0.11
21006_LeafPhotoA_2025-10-24 11_05_26.607-05_00_leaf.png,12.47
21006_LeafPhotoA_2025-10-24 11_06_02.230-05_00_leaf.png,8.64
21006_LeafPhotoA_2025-10-24 11_06_20.861-05_00_leaf.png,2.38
21009_LeafPhotoA_2025-10-24 11_07_24.244-05_00_leaf.png,1.66
21009_LeafPhotoA_2025-10-24 11_07_55.084-05_00_leaf.png,0.51
21009_LeafPhotoA_2025-10-24 11_08_13.470-05_00_leaf.png,4.39
21013_LeafPhotoA_2025-10-24 11_09_12.722-05_00_leaf.png,4.73
21013_LeafPhotoA_2025-10-24 11_09_31.966-05_00_leaf.png,15.24
21013_LeafPhotoA_2025-10-24 11_09_51.971-05_00_leaf.png,1.28
21014_LeafPhotoA_2025-10-24 11_10_34.177-05_00_leaf.png,7.56
21014_LeafPhotoA_2025-10-24 11_10_53.731-05_00_leaf.png,1.53
21014_LeafPhotoA_2025-10-24 11_11_23.769-05_00_leaf.png,5.07
21016_LeafPhotoA_2025-10-24 11_15_23.498-05_00_leaf.png,0
21016_LeafPhotoA_2025-10-24 11_15_41.450-05_00_leaf.png,14.61
21019_LeafPhotoA_2025-10-24 11_17_16.824-05_00_leaf.png,1.06
21019_LeafPhotoA_2025-10-24 11_17_50.486-05_00_leaf.png,2.14
21019_LeafPhotoA_2025-10-24 11_18_15.933-05_00_leaf.png,2.2
21020_LeafPhotoA_2025-10-24 11_19_30.041-05_00_leaf.png,2.78
21020_LeafPhotoA_2025-10-24 11_20_00.197-05_00_leaf.png,7.26
21020_LeafPhotoA_2025-10-24 11_20_19.296-05_00_leaf.png,8.68
21021_LeafPhotoA_2025-10-24 11_21_35.995-05_00_leaf.png,0.88
21021_LeafPhotoA_2025-10-24 11_22_29.755-05_00_leaf.png,3.97
21022_LeafPhotoA_2025-10-24 11_23_21.977-05_00_leaf.png,0.52
21022_LeafPhotoA_2025-10-24 11_23_44.905-05_00_leaf.png,1.97
21022_LeafPhotoA_2025-10-24 11_24_45.989-05_00_leaf.png,0.74
21026_LeafPhotoA_2025-10-24 11_28_14.297-05_00_leaf.png,8.74
21026_LeafPhotoA_2025-10-24 11_28_35.435-05_00_leaf.png,2.67
21026_LeafPhotoA_2025-10-24 11_28_54.451-05_00_leaf.png,5.02
21103_LeafPhotoA_2025-10-24 11_31_08.247-05_00_leaf.png,1.38
21103_LeafPhotoA_2025-10-24 11_31_26.369-05_00_leaf.png,0.2
21103_LeafPhotoA_2025-10-24 11_31_46.267-05_00_leaf.png,8.03
21104_LeafPhotoA_2025-10-24 11_33_10.983-05_00_leaf.png,1.66
21104_LeafPhotoA_2025-10-24 11_33_27.516-05_00_leaf.png,0
21104_LeafPhotoA_2025-10-24 11_33_47.037-05_00_leaf.png,2.44
21107_LeafPhotoA_2025-10-24 11_34_34.476-05_00_leaf.png,0
21107_LeafPhotoA_2025-10-24 11_34_50.609-05_00_leaf.png,46.59
21107_LeafPhotoA_2025-10-24 11_35_11.099-05_00_leaf.png,43.84
21109_LeafPhotoA_2025-10-24 11_35_58.356-05_00_leaf.png,1.18
21109_LeafPhotoA_2025-10-24 11_36_45.525-05_00_leaf.png,1.13
21109_LeafPhotoA_2025-10-24 11_37_03.629-05_00_leaf.png,1.32
21110_LeafPhotoA_2025-10-24 11_37_49.820-05_00_leaf.png,6.18
21110_LeafPhotoA_2025-10-24 11_38_11.706-05_00_leaf.png,5.51
21110_LeafPhotoA_2025-10-24 11_38_43.487-05_00_leaf.png,14.98
21112_LeafPhotoA_2025-10-24 11_39_51.103-05_00_leaf.png,10.52
21112_LeafPhotoA_2025-10-24 11_40_14.315-05_00_leaf.png,9.88
21112_LeafPhotoA_2025-10-24 11_40_35.700-05_00_leaf.png,0.35
21117_LeafPhotoA_2025-10-24 11_43_19.704-05_00_leaf.png,1.19
21117_LeafPhotoA_2025-10-24 11_43_43.364-05_00_leaf.png,30.88
21117_LeafPhotoA_2025-10-24 11_44_08.741-05_00_leaf.png,26.6
21119_LeafPhotoA_2025-10-24 11_44_55.453-05_00_leaf.png,2.13
21119_LeafPhotoA_2025-10-24 11_45_19.587-05_00_leaf.png,0.01
21119_LeafPhotoA_2025-10-24 11_45_37.964-05_00_leaf.png,6.03
21120_LeafPhotoA_2025-10-24 11_46_15.808-05_00_leaf.png,0.19
21120_LeafPhotoA_2025-10-24 11_46_56.035-05_00_leaf.png,3.04
21120_LeafPhotoA_2025-10-24 11_47_13.423-05_00_leaf.png,1.98
21121_LeafPhotoA_2025-10-24 11_48_23.673-05_00_leaf.png,0.28
21121_LeafPhotoA_2025-10-24 11_48_46.755-05_00_leaf.png,15.67
21121_LeafPhotoA_2025-10-24 11_49_07.853-05_00_leaf.png,5.29
21123_LeafPhotoA_2025-10-24 11_50_39.293-05_00_leaf.png,14.51
21123_LeafPhotoA_2025-10-24 11_51_03.164-05_00_leaf.png,0
21123_LeafPhotoA_2025-10-24 11_51_29.467-05_00_leaf.png,4.91
21127_LeafPhotoA_2025-10-24 11_53_13.719-05_00_leaf.png,0.69
21127_LeafPhotoA_2025-10-24 11_53_49.181-05_00_leaf.png,0.29
21127_LeafPhotoA_2025-10-24 11_54_04.189-05_00_leaf.png,0.02
21203_LeafPhotoA_2025-10-24 11_56_44.445-05_00_leaf.png,21.85
21203_LeafPhotoA_2025-10-24 11_57_02.137-05_00_leaf.png,5.99
21203_LeafPhotoA_2025-10-24 11_57_20.999-05_00_leaf.png,0
21208_LeafPhotoA_2025-10-24 11_58_42.658-05_00_leaf.png,5.13
21208_LeafPhotoA_2025-10-24 11_59_09.829-05_00_leaf.png,0.05
21208_LeafPhotoA_2025-10-24 11_59_35.609-05_00_leaf.png,2.5
21209_LeafPhotoA_2025-10-24 12_01_26.836-05_00_leaf.png,5.45
21209_LeafPhotoA_2025-10-24 12_01_50.138-05_00_leaf.png,6.77
21209_LeafPhotoA_2025-10-24 12_02_03.905-05_00_leaf.png,15.02
21210_LeafPhotoA_2025-10-24 12_04_34.607-05_00_leaf.png,0.01
21210_LeafPhotoA_2025-10-24 12_04_52.791-05_00_leaf.png,0.22
21210_LeafPhotoA_2025-10-24 12_05_14.127-05_00_leaf.png,0.3
21214_LeafPhotoA_2025-10-24 12_06_37.823-05_00_leaf.png,4.83
21214_LeafPhotoA_2025-10-24 12_07_00.524-05_00_leaf.png,0.66
21214_LeafPhotoA_2025-10-24 12_07_23.310-05_00_leaf.png,9.67
21215_LeafPhotoA_2025-10-24 12_08_09.046-05_00_leaf.png,3.51
21215_LeafPhotoA_2025-10-24 12_08_38.021-05_00_leaf.png,4.63
21215_LeafPhotoA_2025-10-24 12_09_08.783-05_00_leaf.png,2.5
21218_LeafPhotoA_2025-10-24 12_10_15.445-05_00_leaf.png,0
21218_LeafPhotoA_2025-10-24 12_10_33.843-05_00_leaf.png,4.09
21218_LeafPhotoA_2025-10-24 12_11_22.135-05_00_leaf.png,3.34
21219_LeafPhotoA_2025-10-24 12_11_58.658-05_00_leaf.png,0.17
21219_LeafPhotoA_2025-10-24 12_12_21.342-05_00_leaf.png,14.06
21219_LeafPhotoA_2025-10-24 12_12_35.871-05_00_leaf.png,3.82
21220_LeafPhotoA_2025-10-24 12_13_16.589-05_00_leaf.png,0.93
21220_LeafPhotoA_2025-10-24 12_13_40.188-05_00_leaf.png,1.17
21223_LeafPhotoA_2025-10-24 12_14_54.156-05_00_leaf.png,0.9
21223_LeafPhotoA_2025-10-24 12_15_12.205-05_00_leaf.png,0.78
21223_LeafPhotoA_2025-10-24 12_15_34.326-05_00_leaf.png,0
21225_LeafPhotoA_2025-10-24 12_16_20.778-05_00_leaf.png,0.02
21225_LeafPhotoA_2025-10-24 12_16_56.049-05_00_leaf.png,0.12
21227_LeafPhotoA_2025-10-24 12_17_42.134-05_00_leaf.png,0.12
21227_LeafPhotoA_2025-10-24 12_17_59.478-05_00_leaf.png,0.23
21227_LeafPhotoA_2025-10-24 12_20_12.784-05_00_leaf.png,2.7
21301_LeafPhotoA_2025-10-24 14_11_48.243-05_00_leaf.png,0
21301_LeafPhotoA_2025-10-24 14_12_07.801-05_00_leaf.png,0.15
21301_LeafPhotoA_2025-10-24 14_12_32.104-05_00_leaf.png,1.43
21303_LeafPhotoA_2025-10-24 14_13_12.074-05_00_leaf.png,0
21303_LeafPhotoA_2025-10-24 14_13_32.802-05_00_leaf.png,0.18
21303_LeafPhotoA_2025-10-24 14_13_51.258-05_00_leaf.png,4.6
21304_LeafPhotoA_2025-10-24 14_14_24.633-05_00_leaf.png,0
21304_LeafPhotoA_2025-10-24 14_14_46.382-05_00_leaf.png,10.11
21304_LeafPhotoA_2025-10-24 14_15_02.459-05_00_leaf.png,1.01
21305_LeafPhotoA_2025-10-24 14_16_54.487-05_00_leaf.png,0
21305_LeafPhotoA_2025-10-24 14_17_22.696-05_00_leaf.png,0
21305_LeafPhotoA_2025-10-24 14_17_49.560-05_00_leaf.png,10.57
21306_LeafPhotoA_2025-10-24 14_18_58.341-05_00_leaf.png,0.02
21306_LeafPhotoA_2025-10-24 14_19_22.328-05_00_leaf.png,3.89
21306_LeafPhotoA_2025-10-24 14_20_07.612-05_00_leaf.png,0.23
21307_LeafPhotoA_2025-10-24 14_21_58.686-05_00_leaf.png,0
21307_LeafPhotoA_2025-10-24 14_22_20.278-05_00_leaf.png,0
21309_LeafPhotoA_2025-10-24 14_23_21.437-05_00_leaf.png,0.01
21309_LeafPhotoA_2025-10-24 14_24_35.988-05_00_leaf.png,0.06
21310_LeafPhotoA_2025-10-24 14_25_46.724-05_00_leaf.png,7.81
21310_LeafPhotoA_2025-10-24 14_26_04.584-05_00_leaf.png,3.5
21315_LeafPhotoA_2025-10-24 14_28_47.725-05_00_leaf.png,0.01
21315_LeafPhotoA_2025-10-24 14_29_17.533-05_00_leaf.png,0
21315_LeafPhotoA_2025-10-24 14_29_41.325-05_00_leaf.png,9.08
21316_LeafPhotoA_2025-10-24 14_30_27.561-05_00_leaf.png,0.01
21316_LeafPhotoA_2025-10-24 14_30_49.630-05_00_leaf.png,0.42
21316_LeafPhotoA_2025-10-24 14_31_18.080-05_00_leaf.png,1.76
21318_LeafPhotoA_2025-10-24 14_32_30.746-05_00_leaf.png,1.32
21318_LeafPhotoA_2025-10-24 14_33_09.898-05_00_leaf.png,6.57
21318_LeafPhotoA_2025-10-24 14_33_57.267-05_00_leaf.png,5.89
21320_LeafPhotoA_2025-10-24 14_35_19.190-05_00_leaf.png,0
21320_LeafPhotoA_2025-10-24 14_36_19.191-05_00_leaf.png,0.38
21323_LeafPhotoA_2025-10-24 14_37_45.287-05_00_leaf.png,38.07
21323_LeafPhotoA_2025-10-24 14_38_01.755-05_00_leaf.png,5.91
21323_LeafPhotoA_2025-10-24 14_38_19.182-05_00_leaf.png,0
21326_LeafPhotoA_2025-10-24 14_40_28.943-05_00_leaf.png,3.06
21326_LeafPhotoA_2025-10-24 14_40_47.417-05_00_leaf.png,0.19
21326_LeafPhotoA_2025-10-24 14_41_05.368-05_00_leaf.png,3.17
21327_LeafPhotoA_2025-10-24 14_41_46.248-05_00_leaf.png,8.62
21327_LeafPhotoA_2025-10-24 14_42_07.193-05_00_leaf.png,1.59
21401_LeafPhotoA_2025-10-24 14_44_56.145-05_00_leaf.png,0.11
21401_LeafPhotoA_2025-10-24 14_45_11.621-05_00_leaf.png,6.84
21401_LeafPhotoA_2025-10-24 14_45_28.516-05_00_leaf.png,4.27
21405_LeafPhotoA_2025-10-24 14_46_18.008-05_00_leaf.png,4.72
21405_LeafPhotoA_2025-10-24 14_46_36.604-05_00_leaf.png,0.15
21405_LeafPhotoA_2025-10-24 14_46_55.676-05_00_leaf.png,1.65
21406_LeafPhotoA_2025-10-24 14_47_38.883-05_00_leaf.png,1.7
21406_LeafPhotoA_2025-10-24 14_48_06.260-05_00_leaf.png,1.6
21406_LeafPhotoA_2025-10-24 14_48_24.766-05_00_leaf.png,1.7
21407_LeafPhotoA_2025-10-24 14_48_48.412-05_00_leaf.png,1.59
21407_LeafPhotoA_2025-10-24 14_49_20.637-05_00_leaf.png,0.66
21407_LeafPhotoA_2025-10-24 14_49_39.597-05_00_leaf.png,1.85
21408_LeafPhotoA_2025-10-24 14_50_41.880-05_00_leaf.png,4.98
21408_LeafPhotoA_2025-10-24 14_50_59.110-05_00_leaf.png,1.08
21408_LeafPhotoA_2025-10-24 14_51_12.399-05_00_leaf.png,7.05
21413_LeafPhotoA_2025-10-24 14_52_38.928-05_00_leaf.png,4.61
21413_LeafPhotoA_2025-10-24 14_53_06.117-05_00_leaf.png,1.51
21413_LeafPhotoA_2025-10-24 14_53_18.173-05_00_leaf.png,0.41
21414_LeafPhotoA_2025-10-24 14_54_03.138-05_00_leaf.png,19.84
21414_LeafPhotoA_2025-10-24 14_54_22.182-05_00_leaf.png,19.05
21414_LeafPhotoA_2025-10-24 14_54_37.308-05_00_leaf.png,3.45
21420_LeafPhotoA_2025-10-24 14_56_16.004-05_00_leaf.png,2.01
21420_LeafPhotoA_2025-10-24 14_56_34.126-05_00_leaf.png,45.84
21420_LeafPhotoA_2025-10-24 14_56_50.190-05_00_leaf.png,0.12
21421_LeafPhotoA_2025-10-24 14_57_50.126-05_00_leaf.png,7.03
21421_LeafPhotoA_2025-10-24 14_58_15.420-05_00_leaf.png,3.09
21421_LeafPhotoA_2025-10-24 14_58_37.625-05_00_leaf.png,0.18
21423_LeafPhotoA_2025-10-24 14_59_16.048-05_00_leaf.png,1.82
21423_LeafPhotoA_2025-10-24 15_00_05.772-05_00_leaf.png,0.71
21425_LeafPhotoA_2025-10-24 15_01_53.223-05_00_leaf.png,11.31
21425_LeafPhotoA_2025-10-24 15_02_13.185-05_00_leaf.png,0
21425_LeafPhotoA_2025-10-24 15_02_39.240-05_00_leaf.png,3.88
21426_LeafPhotoA_2025-10-24 15_03_12.455-05_00_leaf.png,16.94
21426_LeafPhotoA_2025-10-24 15_03_32.954-05_00_leaf.png,11.19
21426_LeafPhotoA_2025-10-24 15_03_52.144-05_00_leaf.png,5.15
21501_LeafPhotoA_2025-10-24 15_06_21.790-05_00_leaf.png,2.46
21501_LeafPhotoA_2025-10-24 15_06_36.897-05_00_leaf.png,1.23
21502_LeafPhotoA_2025-10-24 15_08_05.029-05_00_leaf.png,0.66
21502_LeafPhotoA_2025-10-24 15_08_20.453-05_00_leaf.png,1.26
21502_LeafPhotoA_2025-10-24 15_08_35.417-05_00_leaf.png,8.57
21503_LeafPhotoA_2025-10-24 15_09_05.136-05_00_leaf.png,0.19
21503_LeafPhotoA_2025-10-24 15_09_57.465-05_00_leaf.png,3.84
21503_LeafPhotoA_2025-10-24 15_10_12.048-05_00_leaf.png,1.55
21509_LeafPhotoA_2025-10-24 15_17_17.377-05_00_leaf.png,9.41
21509_LeafPhotoA_2025-10-24 15_17_43.162-05_00_leaf.png,25.35
21513_LeafPhotoA_2025-10-24 15_19_00.782-05_00_leaf.png,0.8
21513_LeafPhotoA_2025-10-24 15_19_18.331-05_00_leaf.png,0.04
21513_LeafPhotoA_2025-10-24 15_19_30.570-05_00_leaf.png,2.5
21515_LeafPhotoA_2025-10-24 15_21_02.209-05_00_leaf.png,0
21515_LeafPhotoA_2025-10-24 15_21_18.298-05_00_leaf.png,0
21517_LeafPhotoA_2025-10-24 15_22_25.393-05_00_leaf.png,0.2
21520_LeafPhotoA_2025-10-24 15_23_25.688-05_00_leaf.png,0.81
21520_LeafPhotoA_2025-10-24 15_23_59.298-05_00_leaf.png,0.3
21521_LeafPhotoA_2025-10-24 15_25_03.259-05_00_leaf.png,0.55
21521_LeafPhotoA_2025-10-24 15_25_22.248-05_00_leaf.png,0
21521_LeafPhotoA_2025-10-24 15_25_39.460-05_00_leaf.png,1.1
21524_LeafPhotoA_2025-10-24 15_26_58.811-05_00_leaf.png,0.03
21524_LeafPhotoA_2025-10-24 15_27_16.173-05_00_leaf.png,6.06
21524_LeafPhotoA_2025-10-24 15_27_34.832-05_00_leaf.png,2.12
21525_LeafPhotoA_2025-10-24 15_28_08.331-05_00_leaf.png,0.13
21525_LeafPhotoA_2025-10-24 15_28_23.492-05_00_leaf.png,0.14
21525_LeafPhotoA_2025-10-24 15_28_37.282-05_00_leaf.png,0.09
21601_LeafPhotoA_2025-10-24 15_31_58.051-05_00_leaf.png,5.14
21601_LeafPhotoA_2025-10-24 15_32_13.873-05_00_leaf.png,0.12
21601_LeafPhotoA_2025-10-24 15_32_28.971-05_00_leaf.png,10.6
21602_LeafPhotoA_2025-10-24 15_34_18.897-05_00_leaf.png,6.53
21602_LeafPhotoA_2025-10-24 15_34_44.433-05_00_leaf.png,0.16
21602_LeafPhotoA_2025-10-24 15_34_57.540-05_00_leaf.png,8.92
21603_LeafPhotoA_2025-10-24 15_35_42.609-05_00_leaf.png,0.52
21603_LeafPhotoA_2025-10-24 15_36_11.180-05_00_leaf.png,23.04
21603_LeafPhotoA_2025-10-24 15_36_27.704-05_00_leaf.png,0.34
21604_LeafPhotoA_2025-10-24 15_38_08.327-05_00_leaf.png,2.92
21604_LeafPhotoA_2025-10-24 15_38_40.381-05_00_leaf.png,1.18
21604_LeafPhotoA_2025-10-24 15_39_10.526-05_00_leaf.png,0.12
21607_LeafPhotoA_2025-10-24 15_44_13.237-05_00_leaf.png,1.43
21607_LeafPhotoA_2025-10-24 15_45_15.706-05_00_leaf.png,0.93
21607_LeafPhotoA_2025-10-24 15_45_30.296-05_00_leaf.png,1.04
21613_LeafPhotoA_2025-10-24 15_46_53.536-05_00_leaf.png,14.99
21613_LeafPhotoA_2025-10-24 15_47_33.270-05_00_leaf.png,0.49
21613_LeafPhotoA_2025-10-24 15_47_56.615-05_00_leaf.png,8.46
21615_LeafPhotoA_2025-10-24 15_51_25.062-05_00_leaf.png,0.07
21615_LeafPhotoA_2025-10-24 15_51_44.881-05_00_leaf.png,22.3
21615_LeafPhotoA_2025-10-24 15_52_06.529-05_00_leaf.png,29.03
21617_LeafPhotoA_2025-10-24 15_53_38.635-05_00_leaf.png,0.02
21617_LeafPhotoA_2025-10-24 15_54_09.548-05_00_leaf.png,0
21617_LeafPhotoA_2025-10-24 15_54_27.222-05_00_leaf.png,0.46
21619_LeafPhotoA_2025-10-24 15_55_48.176-05_00_leaf.png,0.81
21619_LeafPhotoA_2025-10-24 15_56_05.193-05_00_leaf.png,2.49
21619_LeafPhotoA_2025-10-24 15_56_20.653-05_00_leaf.png,1.21
21620_LeafPhotoA_2025-10-24 15_57_15.953-05_00_leaf.png,0
21620_LeafPhotoA_2025-10-24 15_57_33.295-05_00_leaf.png,0.51
21620_LeafPhotoA_2025-10-24 15_57_44.082-05_00_leaf.png,6.33
21621_LeafPhotoA_2025-10-24 15_58_43.512-05_00_leaf.png,4.91
21621_LeafPhotoA_2025-10-24 15_59_11.488-05_00_leaf.png,0.02
21621_LeafPhotoA_2025-10-24 15_59_31.076-05_00_leaf.png,0.01
21622_LeafPhotoA_2025-10-24 16_00_34.363-05_00_leaf.png,4.01
21622_LeafPhotoA_2025-10-24 16_01_31.647-05_00_leaf.png,2.02
21622_LeafPhotoA_2025-10-24 16_01_45.056-05_00_leaf.png,3.02
21624_LeafPhotoA_2025-10-24 16_03_19.607-05_00_leaf.png,11.63
21624_LeafPhotoA_2025-10-24 16_03_41.275-05_00_leaf.png,2.26
21624_LeafPhotoA_2025-10-24 16_03_55.167-05_00_leaf.png,0.05
