device,image_name,leaf_pixels,score_average,plotNumber
device1,device1_1201_LeafPhotoA_2025-09-08 10_44_12.793-05_00_leaf.png,3547784,0,1201
device1,device1_1201_LeafPhotoA_2025-09-08 10_44_32.680-05_00_leaf.png,3838836,0,1201
device1,device1_1201_LeafPhotoA_2025-09-08 10_45_01.777-05_00_leaf.png,4121602,0.05,1201
device1,device1_1202_LeafPhotoA_2025-09-08 10_45_39.926-05_00_leaf.png,4407323,0.01,1202
device1,device1_1202_LeafPhotoA_2025-09-08 10_45_58.475-05_00_leaf.png,4962189,0.01,1202
device1,device1_1202_LeafPhotoA_2025-09-08 10_46_25.784-05_00_leaf.png,4213843,0.03,1202
device1,device1_1203_LeafPhotoA_2025-09-08 09_17_24.189-05_00_leaf.png,4527787,1.22,1203
device1,device1_1203_LeafPhotoA_2025-09-08 09_17_50.777-05_00_leaf.png,3936184,0.44,1203
device1,device1_1203_LeafPhotoA_2025-09-08 09_19_50.867-05_00_leaf.png,4074737,2.31,1203
device1,device1_1204_LeafPhotoA_2025-09-08 09_23_23.652-05_00_leaf.png,1914820,0.31,1204
device1,device1_1204_LeafPhotoA_2025-09-08 09_24_34.513-05_00_leaf.png,2602534,0,1204
device1,device1_1204_LeafPhotoA_2025-09-08 09_25_21.477-05_00_leaf.png,4013751,0.09,1204
device1,device1_1205_LeafPhotoA_2025-09-08 09_26_48.852-05_00_leaf.png,4095930,0.1,1205
device1,device1_1205_LeafPhotoA_2025-09-08 09_27_17.999-05_00_leaf.png,3780786,0.03,1205
device1,device1_1205_LeafPhotoA_2025-09-08 09_28_04.109-05_00_leaf.png,2566530,0.35,1205
device1,device1_1206_LeafPhotoA_2025-09-08 09_30_08.342-05_00_leaf.png,3916868,0.33,1206
device1,device1_1206_LeafPhotoA_2025-09-08 09_30_31.899-05_00_leaf.png,3235260,0.01,1206
device1,device1_1206_LeafPhotoA_2025-09-08 09_31_09.977-05_00_leaf.png,3430293,0.01,1206
device1,device1_1207_LeafPhotoA_2025-09-08 09_33_35.033-05_00_leaf.png,4479719,0.22,1207
device1,device1_1207_LeafPhotoA_2025-09-08 09_34_30.630-05_00_leaf.png,4411970,0.33,1207
device1,device1_1207_LeafPhotoA_2025-09-08 09_35_06.843-05_00_leaf.png,2902218,0.01,1207
device1,device1_1209_LeafPhotoA_2025-09-08 09_36_46.496-05_00_leaf.png,3317837,0.06,1209
device1,device1_1209_LeafPhotoA_2025-09-08 09_37_14.965-05_00_leaf.png,4934199,0.05,1209
device1,device1_1209_LeafPhotoA_2025-09-08 09_37_46.150-05_00_leaf.png,4938596,0.12,1209
device1,device1_1210_LeafPhotoA_2025-09-08 09_38_24.164-05_00_leaf.png,5082761,0.06,1210
device1,device1_1210_LeafPhotoA_2025-09-08 09_39_04.129-05_00_leaf.png,4829187,0.13,1210
device1,device1_1210_LeafPhotoA_2025-09-08 09_39_32.955-05_00_leaf.png,4207916,0.06,1210
device1,device1_1211_LeafPhotoA_2025-09-08 09_40_17.651-05_00_leaf.png,2133435,1,1211
device1,device1_1211_LeafPhotoA_2025-09-08 09_40_41.006-05_00_leaf.png,3051934,0.33,1211
device1,device1_1211_LeafPhotoA_2025-09-08 09_41_08.074-05_00_leaf.png,2465920,0.11,1211
device1,device1_1212_LeafPhotoA_2025-09-08 09_42_02.733-05_00_leaf.png,3008760,0.36,1212
device1,device1_1212_LeafPhotoA_2025-09-08 09_42_24.685-05_00_leaf.png,4131740,0.18,1212
device1,device1_1212_LeafPhotoA_2025-09-08 09_42_54.332-05_00_leaf.png,2671958,1.11,1212
device1,device1_1213_LeafPhotoA_2025-09-08 09_43_59.948-05_00_leaf.png,3382849,0.35,1213
device1,device1_1213_LeafPhotoA_2025-09-08 09_44_31.820-05_00_leaf.png,4166797,0.13,1213
device1,device1_1213_LeafPhotoA_2025-09-08 09_45_05.304-05_00_leaf.png,4950510,0,1213
device1,device1_1214_LeafPhotoA_2025-09-08 09_46_06.613-05_00_leaf.png,2867994,0.68,1214
device1,device1_1214_LeafPhotoA_2025-09-08 09_46_46.292-05_00_leaf.png,2591003,0.94,1214
device1,device1_1214_LeafPhotoA_2025-09-08 09_47_10.824-05_00_leaf.png,2992556,0.21,1214
device1,device1_1215_LeafPhotoA_2025-09-08 09_48_15.511-05_00_leaf.png,5316992,0.2,1215
device1,device1_1215_LeafPhotoA_2025-09-08 09_49_06.447-05_00_leaf.png,3258095,0.39,1215
device1,device1_1215_LeafPhotoA_2025-09-08 09_50_40.556-05_00_leaf.png,5575877,0.29,1215
device1,device1_1216_LeafPhotoA_2025-09-08 09_51_18.258-05_00_leaf.png,3150356,0.14,1216
device1,device1_1216_LeafPhotoA_2025-09-08 09_51_38.597-05_00_leaf.png,4199556,0.22,1216
device1,device1_1216_LeafPhotoA_2025-09-08 09_52_09.164-05_00_leaf.png,2980291,0.05,1216
device1,device1_1217_LeafPhotoA_2025-09-08 09_52_51.663-05_00_leaf.png,3901020,0.08,1217
device1,device1_1217_LeafPhotoA_2025-09-08 09_53_36.339-05_00_leaf.png,4290394,0.01,1217
device1,device1_1217_LeafPhotoA_2025-09-08 09_54_02.015-05_00_leaf.png,2759064,0.54,1217
device1,device1_1218_LeafPhotoA_2025-09-08 09_55_19.524-05_00_leaf.png,3463211,0.48,1218
device1,device1_1218_LeafPhotoA_2025-09-08 09_55_48.140-05_00_leaf.png,4158689,10.43,1218
device1,device1_1218_LeafPhotoA_2025-09-08 09_56_20.034-05_00_leaf.png,3164251,8.45,1218
device1,device1_1219_LeafPhotoA_2025-09-08 09_57_12.021-05_00_leaf.png,3126002,0.09,1219
device1,device1_1219_LeafPhotoA_2025-09-08 09_57_23.701-05_00_leaf.png,2510466,0.35,1219
device1,device1_1219_LeafPhotoA_2025-09-08 09_57_43.225-05_00_leaf.png,2749994,0.12,1219
device1,device1_1220_LeafPhotoA_2025-09-08 09_58_33.442-05_00_leaf.png,3471480,0.73,1220
device1,device1_1220_LeafPhotoA_2025-09-08 09_59_06.171-05_00_leaf.png,2971242,0.09,1220
device1,device1_1220_LeafPhotoA_2025-09-08 09_59_32.289-05_00_leaf.png,3100104,0.08,1220
device1,device1_1221_LeafPhotoA_2025-09-08 10_00_11.226-05_00_leaf.png,3309497,0.34,1221
device1,device1_1221_LeafPhotoA_2025-09-08 10_00_47.447-05_00_leaf.png,2720953,0.12,1221
device1,device1_1221_LeafPhotoA_2025-09-08 10_01_01.790-05_00_leaf.png,3391229,0.27,1221
device1,device1_1222_LeafPhotoA_2025-09-08 10_01_43.423-05_00_leaf.png,4360508,0,1222
device1,device1_1222_LeafPhotoA_2025-09-08 10_02_04.448-05_00_leaf.png,3844470,0.09,1222
device1,device1_1222_LeafPhotoA_2025-09-08 10_02_22.746-05_00_leaf.png,3682817,0.03,1222
device1,device1_1223_LeafPhotoA_2025-09-08 10_02_54.221-05_00_leaf.png,3806848,0.08,1223
device1,device1_1223_LeafPhotoA_2025-09-08 10_03_13.455-05_00_leaf.png,3449780,0.23,1223
device1,device1_1223_LeafPhotoA_2025-09-08 10_03_37.290-05_00_leaf.png,4182928,0.12,1223
device1,device1_1224_LeafPhotoA_2025-09-08 10_04_30.822-05_00_leaf.png,2767219,0.01,1224
device1,device1_1224_LeafPhotoA_2025-09-08 10_04_48.677-05_00_leaf.png,3019772,0.02,1224
device1,device1_1224_LeafPhotoA_2025-09-08 10_05_08.517-05_00_leaf.png,3883255,0.06,1224
device1,device1_1225_LeafPhotoA_2025-09-08 10_05_53.630-05_00_leaf.png,4641028,4.28,1225
device1,device1_1225_LeafPhotoA_2025-09-08 10_06_05.269-05_00_leaf.png,3225291,3.95,1225
device1,device1_1226_LeafPhotoA_2025-09-08 10_07_41.534-05_00_leaf.png,3424291,0.15,1226
device1,device1_1226_LeafPhotoA_2025-09-08 10_07_58.660-05_00_leaf.png,3970138,0.08,1226
device1,device1_1226_LeafPhotoA_2025-09-08 10_08_53.325-05_00_leaf.png,5200122,0.15,1226
device1,device1_1227_LeafPhotoA_2025-09-08 10_09_23.405-05_00_leaf.png,4015541,0.31,1227
device1,device1_1227_LeafPhotoA_2025-09-08 10_09_53.429-05_00_leaf.png,5677024,0.17,1227
device1,device1_1227_LeafPhotoA_2025-09-08 10_10_08.331-05_00_leaf.png,3345536,1.84,1227
device1,device1_1228_LeafPhotoA_2025-09-08 10_10_42.828-05_00_leaf.png,4425965,0.11,1228
device1,device1_1228_LeafPhotoA_2025-09-08 10_11_20.554-05_00_leaf.png,4808592,0.04,1228
device1,device1_1228_LeafPhotoA_2025-09-08 10_11_36.583-05_00_leaf.png,5019506,0.24,1228
device1,device1_1229_LeafPhotoA_2025-09-08 10_12_28.613-05_00_leaf.png,2540660,0.29,1229
device1,device1_1229_LeafPhotoA_2025-09-08 10_12_40.415-05_00_leaf.png,4058268,0.06,1229
device1,device1_1229_LeafPhotoA_2025-09-08 10_13_02.494-05_00_leaf.png,3604156,0.86,1229
device1,device1_1230_LeafPhotoA_2025-09-08 10_14_02.865-05_00_leaf.png,2900189,0.02,1230
device1,device1_1230_LeafPhotoA_2025-09-08 10_14_16.314-05_00_leaf.png,4175965,0.07,1230
device1,device1_1230_LeafPhotoA_2025-09-08 10_14_37.037-05_00_leaf.png,4496427,0.21,1230
device1,device1_1231_LeafPhotoA_2025-09-08 10_15_16.896-05_00_leaf.png,2843384,0.29,1231
device1,device1_1231_LeafPhotoA_2025-09-08 10_16_02.846-05_00_leaf.png,2842850,0.46,1231
device1,device1_1231_LeafPhotoA_2025-09-08 10_16_21.866-05_00_leaf.png,3318227,0.93,1231
device1,device1_1232_LeafPhotoA_2025-09-08 10_16_48.705-05_00_leaf.png,3610530,0.3,1232
device1,device1_1232_LeafPhotoA_2025-09-08 10_17_07.215-05_00_leaf.png,3470622,0.16,1232
device1,device1_1232_LeafPhotoA_2025-09-08 10_17_24.001-05_00_leaf.png,2894364,0.03,1232
device1,device1_1233_LeafPhotoA_2025-09-08 10_18_11.748-05_00_leaf.png,3762666,0.08,1233
device1,device1_1233_LeafPhotoA_2025-09-08 10_18_40.717-05_00_leaf.png,3428720,0.37,1233
device1,device1_1233_LeafPhotoA_2025-09-08 10_18_57.547-05_00_leaf.png,2690723,0.06,1233
device1,device1_1234_LeafPhotoA_2025-09-08 10_19_27.121-05_00_leaf.png,3227068,0.01,1234
device1,device1_1234_LeafPhotoA_2025-09-08 10_19_53.934-05_00_leaf.png,4724461,0.21,1234
device1,device1_1234_LeafPhotoA_2025-09-08 10_20_18.045-05_00_leaf.png,4093152,0.1,1234
device1,device1_1235_LeafPhotoA_2025-09-08 10_20_51.257-05_00_leaf.png,4101833,0.06,1235
device1,device1_1235_LeafPhotoA_2025-09-08 10_21_19.791-05_00_leaf.png,6151735,0.04,1235
device1,device1_1235_LeafPhotoA_2025-09-08 10_21_51.952-05_00_leaf.png,5995126,1.31,1235
device1,device1_1236_LeafPhotoA_2025-09-08 10_22_21.849-05_00_leaf.png,3460309,0,1236
device1,device1_1236_LeafPhotoA_2025-09-08 10_22_36.343-05_00_leaf.png,3336188,0.18,1236
device1,device1_1236_LeafPhotoA_2025-09-08 10_23_03.516-05_00_leaf.png,4094913,0.01,1236
device1,device1_1237_LeafPhotoA_2025-09-08 10_23_55.466-05_00_leaf.png,3345321,0.13,1237
device1,device1_1237_LeafPhotoA_2025-09-08 10_24_10.516-05_00_leaf.png,3937056,0.09,1237
device1,device1_1237_LeafPhotoA_2025-09-08 10_24_26.726-05_00_leaf.png,2711052,0.46,1237
device1,device1_1238_LeafPhotoA_2025-09-08 10_25_06.118-05_00_leaf.png,4112895,0,1238
device1,device1_1238_LeafPhotoA_2025-09-08 10_25_18.210-05_00_leaf.png,3611954,0,1238
device1,device1_1238_LeafPhotoA_2025-09-08 10_25_39.811-05_00_leaf.png,4898321,0.02,1238
device1,device1_1240_LeafPhotoA_2025-09-08 10_28_09.778-05_00_leaf.png,3264276,0.07,1240
device1,device1_1240_LeafPhotoA_2025-09-08 10_28_24.122-05_00_leaf.png,3138894,0.02,1240
device1,device1_1240_LeafPhotoA_2025-09-08 10_28_39.382-05_00_leaf.png,3899369,0.07,1240
device1,device1_1241_LeafPhotoA_2025-09-08 10_29_08.880-05_00_leaf.png,3694246,0.55,1241
device1,device1_1241_LeafPhotoA_2025-09-08 10_29_30.893-05_00_leaf.png,3369405,0.29,1241
device1,device1_1241_LeafPhotoA_2025-09-08 10_29_46.119-05_00_leaf.png,2877478,0.18,1241
device1,device1_1242_LeafPhotoA_2025-09-08 10_30_10.377-05_00_leaf.png,3658439,0.14,1242
device1,device1_1242_LeafPhotoA_2025-09-08 10_30_23.957-05_00_leaf.png,2993342,0.02,1242
device1,device1_1242_LeafPhotoA_2025-09-08 10_30_41.702-05_00_leaf.png,3274384,0.14,1242
device1,device1_1243_LeafPhotoA_2025-09-08 10_31_08.763-05_00_leaf.png,3935008,0.09,1243
device1,device1_1243_LeafPhotoA_2025-09-08 10_31_30.623-05_00_leaf.png,3687801,0,1243
device1,device1_1243_LeafPhotoA_2025-09-08 10_31_49.546-05_00_leaf.png,3425260,0,1243
device1,device1_1244_LeafPhotoA_2025-09-08 10_32_46.273-05_00_leaf.png,2923703,0.17,1244
device1,device1_1244_LeafPhotoA_2025-09-08 10_33_08.371-05_00_leaf.png,4113571,0.74,1244
device1,device1_1244_LeafPhotoA_2025-09-08 10_33_45.219-05_00_leaf.png,3184487,0.09,1244
device1,device1_1245_LeafPhotoA_2025-09-08 10_34_10.196-05_00_leaf.png,4424447,0.08,1245
device1,device1_1245_LeafPhotoA_2025-09-08 10_34_23.868-05_00_leaf.png,2953827,0.28,1245
device1,device1_1245_LeafPhotoA_2025-09-08 10_34_46.122-05_00_leaf.png,3844891,0.15,1245
device1,device1_1246_LeafPhotoA_2025-09-08 10_36_39.620-05_00_leaf.png,8866385,8.01,1246
device1,device1_1246_LeafPhotoA_2025-09-08 10_36_51.001-05_00_leaf.png,9394731,7.46,1246
device1,device1_1246_LeafPhotoA_2025-09-08 10_38_21.989-05_00_leaf.png,4818976,5.42,1246
device1,device1_1247_LeafPhotoA_2025-09-08 10_38_45.722-05_00_leaf.png,3790926,0.22,1247
device1,device1_1247_LeafPhotoA_2025-09-08 10_39_05.531-05_00_leaf.png,3516339,2.31,1247
device1,device1_1247_LeafPhotoA_2025-09-08 10_39_31.896-05_00_leaf.png,4432914,0.44,1247
device1,device1_1248_LeafPhotoA_2025-09-08 10_40_18.525-05_00_leaf.png,3638779,5.45,1248
device1,device1_1248_LeafPhotoA_2025-09-08 10_40_49.391-05_00_leaf.png,2602078,0.14,1248
device1,device1_1248_LeafPhotoA_2025-09-08 10_41_11.816-05_00_leaf.png,2925903,0.52,1248
device1,device1_1249_LeafPhotoA_2025-09-08 10_41_51.533-05_00_leaf.png,3168452,0.01,1249
device1,device1_1249_LeafPhotoA_2025-09-08 10_42_08.665-05_00_leaf.png,3512286,0.01,1249
device1,device1_1249_LeafPhotoA_2025-09-08 10_42_35.463-05_00_leaf.png,2575595,0.07,1249
device1,device1_1250_LeafPhotoA_2025-09-08 10_43_08.313-05_00_leaf.png,4371752,0.05,1250
device1,device1_1250_LeafPhotoA_2025-09-08 10_43_21.050-05_00_leaf.png,3282002,0.03,1250
device1,device1_1250_LeafPhotoA_2025-09-08 10_43_41.179-05_00_leaf.png,4828457,0.01,1250
device1,device1_1901_LeafPhotoA_2025-09-09 16_10_27.238-05_00_leaf.png,4754919,4.15,1901
device1,device1_1901_LeafPhotoA_2025-09-09 16_10_49.390-05_00_leaf.png,4011246,1.82,1901
device1,device1_1901_LeafPhotoA_2025-09-09 16_11_13.192-05_00_leaf.png,4208017,6.49,1901
device1,device1_1902_LeafPhotoA_2025-09-09 16_11_37.456-05_00_leaf.png,2372610,1.35,1902
device1,device1_1902_LeafPhotoA_2025-09-09 16_11_53.139-05_00_leaf.png,3316598,1.63,1902
device1,device1_1902_LeafPhotoA_2025-09-09 16_12_26.161-05_00_leaf.png,2207804,5.02,1902
device1,device1_1902_LeafPhotoA_2025-09-09 16_12_29.314-05_00_leaf.png,2213793,4.89,1902
device1,device1_1903_LeafPhotoA_2025-09-09 14_22_36.498-05_00_leaf.png,5051459,3.34,1903
device1,device1_1903_LeafPhotoA_2025-09-09 14_22_56.999-05_00_leaf.png,5186532,2.95,1903
device1,device1_1903_LeafPhotoA_2025-09-09 14_23_28.474-05_00_leaf.png,4884866,0.05,1903
device1,device1_1904_LeafPhotoA_2025-09-09 14_24_12.701-05_00_leaf.png,2097299,0.07,1904
device1,device1_1904_LeafPhotoA_2025-09-09 14_38_44.936-05_00_leaf.png,2518695,0.04,1904
device1,device1_1904_LeafPhotoA_2025-09-09 14_39_09.961-05_00_leaf.png,2579670,45.53,1904
device1,device1_1905_LeafPhotoA_2025-09-09 14_39_48.802-05_00_leaf.png,4607382,0.12,1905
device1,device1_1905_LeafPhotoA_2025-09-09 14_40_25.244-05_00_leaf.png,2659786,0.08,1905
device1,device1_1905_LeafPhotoA_2025-09-09 14_40_50.447-05_00_leaf.png,3794820,0.06,1905
device1,device1_1906_LeafPhotoA_2025-09-09 14_41_25.913-05_00_leaf.png,3610624,8.93,1906
device1,device1_1906_LeafPhotoA_2025-09-09 14_41_43.234-05_00_leaf.png,2658327,1.31,1906
device1,device1_1906_LeafPhotoA_2025-09-09 14_41_58.555-05_00_leaf.png,3299423,0.37,1906
device1,device1_1907_LeafPhotoA_2025-09-09 14_42_36.286-05_00_leaf.png,3263304,0.42,1907
device1,device1_1907_LeafPhotoA_2025-09-09 14_43_01.063-05_00_leaf.png,3410648,0.03,1907
device1,device1_1907_LeafPhotoA_2025-09-09 14_43_36.922-05_00_leaf.png,4913347,0.15,1907
device1,device1_1908_LeafPhotoA_2025-09-09 14_44_09.948-05_00_leaf.png,2442616,0.1,1908
device1,device1_1908_LeafPhotoA_2025-09-09 14_44_38.996-05_00_leaf.png,4002710,4.37,1908
device1,device1_1909_LeafPhotoA_2025-09-09 14_45_25.178-05_00_leaf.png,4722272,0.15,1909
device1,device1_1909_LeafPhotoA_2025-09-09 14_45_40.811-05_00_leaf.png,3184269,0.41,1909
device1,device1_1909_LeafPhotoA_2025-09-09 14_45_58.330-05_00_leaf.png,3078847,0.39,1909
device1,device1_1910_LeafPhotoA_2025-09-09 14_46_26.493-05_00_leaf.png,3089284,3.87,1910
device1,device1_1910_LeafPhotoA_2025-09-09 14_46_57.588-05_00_leaf.png,5463910,5.35,1910
device1,device1_1910_LeafPhotoA_2025-09-09 14_47_37.655-05_00_leaf.png,3021692,8.21,1910
device1,device1_1910_LeafPhotoA_2025-09-09 14_47_40.472-05_00_leaf.png,3003999,8.38,1910
device1,device1_1911_LeafPhotoA_2025-09-09 14_48_07.325-05_00_leaf.png,3863470,0.16,1911
device1,device1_1911_LeafPhotoA_2025-09-09 14_48_38.419-05_00_leaf.png,3445085,2.01,1911
device1,device1_1911_LeafPhotoA_2025-09-09 14_48_54.342-05_00_leaf.png,3031105,0.11,1911
device1,device1_1912_LeafPhotoA_2025-09-09 14_49_29.538-05_00_leaf.png,3248558,0.16,1912
device1,device1_1912_LeafPhotoA_2025-09-09 14_50_10.025-05_00_leaf.png,2455519,0.08,1912
device1,device1_1912_LeafPhotoA_2025-09-09 14_50_46.611-05_00_leaf.png,4068630,6.87,1912
device1,device1_1913_LeafPhotoA_2025-09-09 14_51_37.293-05_00_leaf.png,3678280,0.14,1913
device1,device1_1913_LeafPhotoA_2025-09-09 14_51_54.605-05_00_leaf.png,4286190,0.96,1913
device1,device1_1913_LeafPhotoA_2025-09-09 14_52_15.644-05_00_leaf.png,3204370,1.41,1913
device1,device1_1914_LeafPhotoA_2025-09-09 14_52_44.868-05_00_leaf.png,2590231,0.19,1914
device1,device1_1914_LeafPhotoA_2025-09-09 14_53_03.088-05_00_leaf.png,3764908,1.73,1914
device1,device1_1914_LeafPhotoA_2025-09-09 14_53_39.833-05_00_leaf.png,4659270,2.57,1914
device1,device1_1915_LeafPhotoA_2025-09-09 14_54_12.298-05_00_leaf.png,4418015,0.18,1915
device1,device1_1915_LeafPhotoA_2025-09-09 14_54_35.908-05_00_leaf.png,4810567,0.16,1915
device1,device1_1915_LeafPhotoA_2025-09-09 14_54_52.435-05_00_leaf.png,4349797,0.24,1915
device1,device1_1916_LeafPhotoA_2025-09-09 14_55_12.000-05_00_leaf.png,3990757,0.6,1916
device1,device1_1916_LeafPhotoA_2025-09-09 14_55_34.742-05_00_leaf.png,4820730,0.21,1916
device1,device1_1916_LeafPhotoA_2025-09-09 14_56_01.187-05_00_leaf.png,3978633,0.33,1916
device1,device1_1917_LeafPhotoA_2025-09-09 14_56_25.122-05_00_leaf.png,2918228,0.2,1917
device1,device1_1917_LeafPhotoA_2025-09-09 14_56_36.953-05_00_leaf.png,2555787,0.12,1917
device1,device1_1917_LeafPhotoA_2025-09-09 14_56_50.086-05_00_leaf.png,1740214,0.41,1917
device1,device1_1918_LeafPhotoA_2025-09-09 15_02_47.803-05_00_leaf.png,3609976,13.35,1918
device1,device1_1918_LeafPhotoA_2025-09-09 15_02_50.307-05_00_leaf.png,3609936,13.12,1918
device1,device1_1918_LeafPhotoA_2025-09-09 15_03_06.740-05_00_leaf.png,3758997,3.1,1918
device1,device1_1918_LeafPhotoA_2025-09-09 15_03_24.456-05_00_leaf.png,3546541,0.2,1918
device1,device1_1919_LeafPhotoA_2025-09-09 15_04_25.452-05_00_leaf.png,4080989,2.99,1919
device1,device1_1919_LeafPhotoA_2025-09-09 15_04_40.684-05_00_leaf.png,4354418,0.22,1919
device1,device1_1919_LeafPhotoA_2025-09-09 15_04_56.294-05_00_leaf.png,4791495,1.35,1919
device1,device1_1920_LeafPhotoA_2025-09-09 15_05_19.608-05_00_leaf.png,2965200,0.61,1920
device1,device1_1920_LeafPhotoA_2025-09-09 15_08_42.209-05_00_leaf.png,3494589,7.06,1920
device1,device1_1920_LeafPhotoA_2025-09-09 15_08_57.013-05_00_leaf.png,2987552,0.28,1920
device1,device1_1921_LeafPhotoA_2025-09-09 15_12_20.904-05_00_leaf.png,3723829,2.48,1921
device1,device1_1921_LeafPhotoA_2025-09-09 15_12_34.296-05_00_leaf.png,3619234,4.84,1921
device1,device1_1921_LeafPhotoA_2025-09-09 15_12_36.682-05_00_leaf.png,3626891,5.04,1921
device1,device1_1921_LeafPhotoA_2025-09-09 15_12_57.015-05_00_leaf.png,3196937,1.31,1921
device1,device1_1922_LeafPhotoA_2025-09-09 15_13_34.215-05_00_leaf.png,3517590,0.01,1922
device1,device1_1922_LeafPhotoA_2025-09-09 15_13_52.698-05_00_leaf.png,4263591,0.41,1922
device1,device1_1922_LeafPhotoA_2025-09-09 15_14_07.247-05_00_leaf.png,2957027,0.02,1922
device1,device1_1923_LeafPhotoA_2025-09-09 15_14_33.032-05_00_leaf.png,4942323,0.61,1923
device1,device1_1923_LeafPhotoA_2025-09-09 15_14_50.867-05_00_leaf.png,4339478,0.75,1923
device1,device1_1923_LeafPhotoA_2025-09-09 15_15_28.540-05_00_leaf.png,3216060,0.38,1923
device1,device1_1924_LeafPhotoA_2025-09-09 15_15_59.399-05_00_leaf.png,4441478,0.06,1924
device1,device1_1924_LeafPhotoA_2025-09-09 15_16_22.656-05_00_leaf.png,3261879,0,1924
device1,device1_1924_LeafPhotoA_2025-09-09 15_16_54.101-05_00_leaf.png,2547328,0,1924
device1,device1_1925_LeafPhotoA_2025-09-09 15_17_26.468-05_00_leaf.png,3194747,2.11,1925
device1,device1_1925_LeafPhotoA_2025-09-09 15_17_55.387-05_00_leaf.png,4514849,0.02,1925
device1,device1_1925_LeafPhotoA_2025-09-09 15_18_12.546-05_00_leaf.png,3631994,1.15,1925
device1,device1_1926_LeafPhotoA_2025-09-09 15_18_37.580-05_00_leaf.png,4704999,3.42,1926
device1,device1_1926_LeafPhotoA_2025-09-09 15_19_00.799-05_00_leaf.png,5222300,0.26,1926
device1,device1_1926_LeafPhotoA_2025-09-09 15_19_28.315-05_00_leaf.png,4460787,0.06,1926
device1,device1_1927_LeafPhotoA_2025-09-09 15_20_02.342-05_00_leaf.png,4551194,0.05,1927
device1,device1_1927_LeafPhotoA_2025-09-09 15_20_31.560-05_00_leaf.png,4281355,0.16,1927
device1,device1_1927_LeafPhotoA_2025-09-09 15_21_25.320-05_00_leaf.png,4072795,0.03,1927
device1,device1_1928_LeafPhotoA_2025-09-09 15_22_03.004-05_00_leaf.png,3539034,0.14,1928
device1,device1_1928_LeafPhotoA_2025-09-09 15_22_22.102-05_00_leaf.png,5151236,0.35,1928
device1,device1_1928_LeafPhotoA_2025-09-09 15_22_56.693-05_00_leaf.png,5810339,0.46,1928
device1,device1_1929_LeafPhotoA_2025-09-09 15_23_35.192-05_00_leaf.png,2123331,2.97,1929
device1,device1_1929_LeafPhotoA_2025-09-09 15_23_57.788-05_00_leaf.png,1790150,0.02,1929
device1,device1_1929_LeafPhotoA_2025-09-09 15_25_04.796-05_00_leaf.png,2309317,8.47,1929
device1,device1_1930_LeafPhotoA_2025-09-09 15_25_32.792-05_00_leaf.png,3176322,1,1930
device1,device1_1930_LeafPhotoA_2025-09-09 15_26_04.882-05_00_leaf.png,4701772,9.43,1930
device1,device1_1930_LeafPhotoA_2025-09-09 15_26_30.073-05_00_leaf.png,4617162,0.46,1930
device1,device1_1931_LeafPhotoA_2025-09-09 15_27_04.726-05_00_leaf.png,5533739,0.05,1931
device1,device1_1931_LeafPhotoA_2025-09-09 15_27_25.958-05_00_leaf.png,5062586,0.04,1931
device1,device1_1931_LeafPhotoA_2025-09-09 15_27_42.200-05_00_leaf.png,4719477,0.73,1931
device1,device1_1931_LeafPhotoA_2025-09-09 15_27_44.124-05_00_leaf.png,4713936,0.7,1931
device1,device1_1933_LeafPhotoA_2025-09-09 15_28_34.369-05_00_leaf.png,3467781,2.21,1933
device1,device1_1933_LeafPhotoA_2025-09-09 15_28_49.123-05_00_leaf.png,4351511,0.44,1933
device1,device1_1933_LeafPhotoA_2025-09-09 15_29_34.937-05_00_leaf.png,2851300,2.23,1933
device1,device1_1934_LeafPhotoA_2025-09-09 15_30_06.443-05_00_leaf.png,4059760,2.49,1934
device1,device1_1934_LeafPhotoA_2025-09-09 15_31_03.956-05_00_leaf.png,4489167,0.69,1934
device1,device1_1934_LeafPhotoA_2025-09-09 15_31_35.690-05_00_leaf.png,4929493,4.14,1934
device1,device1_1935_LeafPhotoA_2025-09-09 15_31_58.041-05_00_leaf.png,3452937,4.3,1935
device1,device1_1935_LeafPhotoA_2025-09-09 15_32_17.546-05_00_leaf.png,3885454,0.47,1935
device1,device1_1935_LeafPhotoA_2025-09-09 15_32_38.713-05_00_leaf.png,3242658,0.75,1935
device1,device1_1936_LeafPhotoA_2025-09-09 15_33_16.584-05_00_leaf.png,2629080,10.74,1936
device1,device1_1936_LeafPhotoA_2025-09-09 15_33_42.951-05_00_leaf.png,2438261,2.34,1936
device1,device1_1936_LeafPhotoA_2025-09-09 15_33_57.754-05_00_leaf.png,3063493,2,1936
device1,device1_1937_LeafPhotoA_2025-09-09 15_34_34.063-05_00_leaf.png,3755824,0.18,1937
device1,device1_1937_LeafPhotoA_2025-09-09 15_34_53.268-05_00_leaf.png,3305450,0.3,1937
device1,device1_1937_LeafPhotoA_2025-09-09 15_35_27.022-05_00_leaf.png,3025778,1.3,1937
device1,device1_1938_LeafPhotoA_2025-09-09 15_36_15.137-05_00_leaf.png,2062358,0.28,1938
device1,device1_1938_LeafPhotoA_2025-09-09 15_36_30.268-05_00_leaf.png,3609638,0.15,1938
device1,device1_1938_LeafPhotoA_2025-09-09 15_37_07.757-05_00_leaf.png,2576795,3.53,1938
device1,device1_1939_LeafPhotoA_2025-09-09 15_37_40.149-05_00_leaf.png,5247206,0.61,1939
device1,device1_1939_LeafPhotoA_2025-09-09 15_37_59.567-05_00_leaf.png,6017584,1.19,1939
device1,device1_1939_LeafPhotoA_2025-09-09 15_38_14.899-05_00_leaf.png,5437088,0.03,1939
device1,device1_1940_LeafPhotoA_2025-09-09 15_38_35.318-05_00_leaf.png,2977000,1.53,1940
device1,device1_1940_LeafPhotoA_2025-09-09 15_38_52.041-05_00_leaf.png,3813328,0.26,1940
device1,device1_1940_LeafPhotoA_2025-09-09 15_39_17.973-05_00_leaf.png,4210027,9.35,1940
device1,device1_1941_LeafPhotoA_2025-09-09 15_39_42.497-05_00_leaf.png,4142449,0.37,1941
device1,device1_1941_LeafPhotoA_2025-09-09 15_40_00.245-05_00_leaf.png,5177479,0.24,1941
device1,device1_1941_LeafPhotoA_2025-09-09 15_40_15.436-05_00_leaf.png,4040957,1.8,1941
device1,device1_1942_LeafPhotoA_2025-09-09 15_57_02.281-05_00_leaf.png,2452087,0.44,1942
device1,device1_1942_LeafPhotoA_2025-09-09 15_57_21.713-05_00_leaf.png,2576908,1.16,1942
device1,device1_1942_LeafPhotoA_2025-09-09 15_58_03.414-05_00_leaf.png,9180707,14.64,1942
device1,device1_1942_LeafPhotoA_2025-09-09 15_58_35.948-05_00_leaf.png,9996781,7.48,1942
device1,device1_1943_LeafPhotoA_2025-09-09 15_59_12.998-05_00_leaf.png,4725631,0.18,1943
device1,device1_1943_LeafPhotoA_2025-09-09 15_59_57.463-05_00_leaf.png,4616576,0.51,1943
device1,device1_1943_LeafPhotoA_2025-09-09 16_00_56.560-05_00_leaf.png,4849606,0.09,1943
device1,device1_1944_LeafPhotoA_2025-09-09 16_01_21.249-05_00_leaf.png,3813436,18.72,1944
device1,device1_1944_LeafPhotoA_2025-09-09 16_02_01.063-05_00_leaf.png,2547785,4.63,1944
device1,device1_1944_LeafPhotoA_2025-09-09 16_02_39.375-05_00_leaf.png,2598549,3.99,1944
device1,device1_1945_LeafPhotoA_2025-09-09 16_03_06.261-05_00_leaf.png,4177208,1.18,1945
device1,device1_1945_LeafPhotoA_2025-09-09 16_03_25.425-05_00_leaf.png,3718627,0.34,1945
device1,device1_1945_LeafPhotoA_2025-09-09 16_03_42.302-05_00_leaf.png,3364756,0.42,1945
device1,device1_1946_LeafPhotoA_2025-09-09 16_04_35.592-05_00_leaf.png,4154353,0.07,1946
device1,device1_1946_LeafPhotoA_2025-09-09 16_04_53.847-05_00_leaf.png,4681332,4.04,1946
device1,device1_1946_LeafPhotoA_2025-09-09 16_05_11.903-05_00_leaf.png,3939053,0.54,1946
device1,device1_1947_LeafPhotoA_2025-09-09 16_05_40.373-05_00_leaf.png,3298333,0.38,1947
device1,device1_1947_LeafPhotoA_2025-09-09 16_05_57.440-05_00_leaf.png,4675580,0.29,1947
device1,device1_1947_LeafPhotoA_2025-09-09 16_06_21.951-05_00_leaf.png,2249556,0.03,1947
device1,device1_1948_LeafPhotoA_2025-09-09 16_06_48.680-05_00_leaf.png,3477449,11.88,1948
device1,device1_1948_LeafPhotoA_2025-09-09 16_07_15.000-05_00_leaf.png,3798265,0.45,1948
device1,device1_1948_LeafPhotoA_2025-09-09 16_07_35.786-05_00_leaf.png,4548665,1.07,1948
device1,device1_1949_LeafPhotoA_2025-09-09 16_08_00.707-05_00_leaf.png,3361192,0,1949
device1,device1_1949_LeafPhotoA_2025-09-09 16_08_23.351-05_00_leaf.png,2486215,0,1949
device1,device1_1949_LeafPhotoA_2025-09-09 16_08_44.077-05_00_leaf.png,2387358,0,1949
device1,device1_1950_LeafPhotoA_2025-09-09 16_09_08.510-05_00_leaf.png,5222193,0.48,1950
device1,device1_1950_LeafPhotoA_2025-09-09 16_09_30.048-05_00_leaf.png,5490688,0.06,1950
device1,device1_1950_LeafPhotoA_2025-09-09 16_09_54.773-05_00_leaf.png,4419937,0.32,1950
device1,device1_1959_LeafPhotoA_2025-09-09 17_13_56.991-05_00_leaf.png,3893975,1.24,1959
device1,device1_1959_LeafPhotoA_2025-09-09 17_14_09.215-05_00_leaf.png,3646451,0.35,1959
device1,device1_1959_LeafPhotoA_2025-09-09 17_14_26.940-05_00_leaf.png,3558843,0.73,1959
device1,device1_1960_LeafPhotoA_2025-09-09 17_15_21.670-05_00_leaf.png,3224686,0.06,1960
device1,device1_1960_LeafPhotoA_2025-09-09 17_15_53.202-05_00_leaf.png,4186830,0.12,1960
device1,device1_1960_LeafPhotoA_2025-09-09 17_16_18.726-05_00_leaf.png,6108199,0.69,1960
device1,device1_1961_LeafPhotoA_2025-09-09 17_16_42.761-05_00_leaf.png,4848021,0.79,1961
device1,device1_1961_LeafPhotoA_2025-09-09 17_16_59.878-05_00_leaf.png,5028178,1.27,1961
device1,device1_1961_LeafPhotoA_2025-09-09 17_17_16.589-05_00_leaf.png,3086863,0.12,1961
device1,device1_1962_LeafPhotoA_2025-09-09 17_17_41.862-05_00_leaf.png,4262954,2.59,1962
device1,device1_1962_LeafPhotoA_2025-09-09 17_17_56.270-05_00_leaf.png,4023185,5.01,1962
device1,device1_1962_LeafPhotoA_2025-09-09 17_18_15.383-05_00_leaf.png,3313112,0.05,1962
device1,device1_1963_LeafPhotoA_2025-09-09 17_18_37.907-05_00_leaf.png,3062472,6.13,1963
device1,device1_1963_LeafPhotoA_2025-09-09 17_18_57.565-05_00_leaf.png,4160986,0.33,1963
device1,device1_1963_LeafPhotoA_2025-09-09 17_19_17.230-05_00_leaf.png,2925007,0.36,1963
device1,device1_2201_LeafPhotoA_2025-09-08 10_47_11.543-05_00_leaf.png,4624509,0.01,2201
device1,device1_2201_LeafPhotoA_2025-09-08 10_47_34.501-05_00_leaf.png,5929581,0.01,2201
device1,device1_2201_LeafPhotoA_2025-09-08 10_47_55.692-05_00_leaf.png,4260369,0,2201
device1,device1_2202_LeafPhotoA_2025-09-08 10_48_23.952-05_00_leaf.png,4998022,0.06,2202
device1,device1_2202_LeafPhotoA_2025-09-08 10_48_38.768-05_00_leaf.png,3717076,0,2202
device1,device1_2202_LeafPhotoA_2025-09-08 10_48_52.303-05_00_leaf.png,5602903,0.11,2202
device1,device1_2203_LeafPhotoA_2025-09-08 10_49_25.748-05_00_leaf.png,2720508,0.25,2203
device1,device1_2203_LeafPhotoA_2025-09-08 10_49_46.312-05_00_leaf.png,3709780,1.06,2203
device1,device1_2203_LeafPhotoA_2025-09-08 10_50_00.534-05_00_leaf.png,2838711,0.77,2203
device1,device1_2204_LeafPhotoA_2025-09-08 10_50_57.372-05_00_leaf.png,3382471,0.01,2204
device1,device1_2204_LeafPhotoA_2025-09-08 10_51_18.731-05_00_leaf.png,2919875,0,2204
device1,device1_2204_LeafPhotoA_2025-09-08 10_51_32.424-05_00_leaf.png,3552428,0,2204
device1,device1_2205_LeafPhotoA_2025-09-08 10_52_09.894-05_00_leaf.png,3850292,0.23,2205
device1,device1_2205_LeafPhotoA_2025-09-08 10_52_29.620-05_00_leaf.png,2726894,0.03,2205
device1,device1_2205_LeafPhotoA_2025-09-08 10_52_49.920-05_00_leaf.png,3186067,0.05,2205
device1,device1_2206_LeafPhotoA_2025-09-08 10_53_32.789-05_00_leaf.png,4198805,0.01,2206
device1,device1_2206_LeafPhotoA_2025-09-08 10_53_50.729-05_00_leaf.png,4963082,0.01,2206
device1,device1_2206_LeafPhotoA_2025-09-08 10_54_07.474-05_00_leaf.png,4863642,0,2206
device1,device1_2207_LeafPhotoA_2025-09-08 10_54_55.448-05_00_leaf.png,2422153,0.14,2207
device1,device1_2207_LeafPhotoA_2025-09-08 10_55_18.048-05_00_leaf.png,3883872,0.44,2207
device1,device1_2207_LeafPhotoA_2025-09-08 10_55_39.931-05_00_leaf.png,4061814,0.19,2207
device1,device1_2208_LeafPhotoA_2025-09-08 10_56_14.172-05_00_leaf.png,4367552,6.16,2208
device1,device1_2208_LeafPhotoA_2025-09-08 10_56_29.142-05_00_leaf.png,2978972,0.51,2208
device1,device1_2208_LeafPhotoA_2025-09-08 10_56_49.037-05_00_leaf.png,3893992,0.8,2208
device1,device1_2209_LeafPhotoA_2025-09-08 10_57_42.055-05_00_leaf.png,4301871,0.17,2209
device1,device1_2209_LeafPhotoA_2025-09-08 10_58_25.351-05_00_leaf.png,3456385,0.07,2209
device1,device1_2209_LeafPhotoA_2025-09-08 10_59_39.014-05_00_leaf.png,3949702,0.65,2209
device1,device1_2210_LeafPhotoA_2025-09-08 11_00_04.684-05_00_leaf.png,2833466,0,2210
device1,device1_2210_LeafPhotoA_2025-09-08 11_00_21.852-05_00_leaf.png,3740124,0.01,2210
device1,device1_2210_LeafPhotoA_2025-09-08 11_00_36.664-05_00_leaf.png,3443347,0.04,2210
device1,device1_2211_LeafPhotoA_2025-09-08 11_00_59.925-05_00_leaf.png,5410606,0.05,2211
device1,device1_2211_LeafPhotoA_2025-09-08 11_01_14.288-05_00_leaf.png,5182329,0.03,2211
device1,device1_2211_LeafPhotoA_2025-09-08 11_01_34.648-05_00_leaf.png,5396297,0.18,2211
device1,device1_2212_LeafPhotoA_2025-09-08 11_02_23.259-05_00_leaf.png,4355566,0.7,2212
device1,device1_2212_LeafPhotoA_2025-09-08 11_02_41.799-05_00_leaf.png,2889463,0.19,2212
device1,device1_2212_LeafPhotoA_2025-09-08 11_02_55.317-05_00_leaf.png,3882556,0.06,2212
device1,device1_2213_LeafPhotoA_2025-09-08 11_03_25.212-05_00_leaf.png,2790580,0.41,2213
device1,device1_2213_LeafPhotoA_2025-09-08 11_03_41.024-05_00_leaf.png,3321739,0.56,2213
device1,device1_2213_LeafPhotoA_2025-09-08 11_04_01.148-05_00_leaf.png,3443534,0.21,2213
device1,device1_2214_LeafPhotoA_2025-09-08 11_06_44.010-05_00_leaf.png,3208219,5.61,2214
device1,device1_2214_LeafPhotoA_2025-09-08 11_07_42.373-05_00_leaf.png,3798467,5.3,2214
device1,device1_2214_LeafPhotoA_2025-09-08 11_07_55.630-05_00_leaf.png,3790894,5.25,2214
device1,device1_2215_LeafPhotoA_2025-09-08 11_08_15.046-05_00_leaf.png,2955412,0.87,2215
device1,device1_2215_LeafPhotoA_2025-09-08 11_08_31.563-05_00_leaf.png,4559100,1.38,2215
device1,device1_2215_LeafPhotoA_2025-09-08 11_08_51.218-05_00_leaf.png,3565009,0.37,2215
device1,device1_2216_LeafPhotoA_2025-09-08 11_10_06.371-05_00_leaf.png,3085735,0.09,2216
device1,device1_2216_LeafPhotoA_2025-09-08 11_10_30.787-05_00_leaf.png,3823092,0.01,2216
device1,device1_2216_LeafPhotoA_2025-09-08 11_10_48.494-05_00_leaf.png,4404650,0.11,2216
device1,device1_2217_LeafPhotoA_2025-09-08 11_13_01.242-05_00_leaf.png,3711355,0.14,2217
device1,device1_2217_LeafPhotoA_2025-09-08 11_13_58.086-05_00_leaf.png,3186419,0.21,2217
device1,device1_2217_LeafPhotoA_2025-09-08 11_14_17.597-05_00_leaf.png,3971536,0.38,2217
device1,device1_2218_LeafPhotoA_2025-09-08 11_14_46.146-05_00_leaf.png,2583115,0,2218
device1,device1_2218_LeafPhotoA_2025-09-08 11_15_11.248-05_00_leaf.png,2894883,0,2218
device1,device1_2218_LeafPhotoA_2025-09-08 11_15_34.494-05_00_leaf.png,4674702,0.01,2218
device1,device1_2219_LeafPhotoA_2025-09-08 11_16_35.629-05_00_leaf.png,3269508,0.12,2219
device1,device1_2219_LeafPhotoA_2025-09-08 11_17_01.709-05_00_leaf.png,3757727,0.02,2219
device1,device1_2219_LeafPhotoA_2025-09-08 11_17_19.783-05_00_leaf.png,4298346,0.09,2219
device1,device1_2220_LeafPhotoA_2025-09-08 11_18_15.498-05_00_leaf.png,4208700,2.66,2220
device1,device1_2220_LeafPhotoA_2025-09-08 11_18_41.599-05_00_leaf.png,2790834,2.79,2220
device1,device1_2220_LeafPhotoA_2025-09-08 11_19_01.382-05_00_leaf.png,3488355,2.34,2220
device1,device1_2221_LeafPhotoA_2025-09-08 11_19_48.606-05_00_leaf.png,4651505,0.05,2221
device1,device1_2221_LeafPhotoA_2025-09-08 11_20_41.684-05_00_leaf.png,4590554,0.02,2221
device1,device1_2221_LeafPhotoA_2025-09-08 11_21_31.466-05_00_leaf.png,4082096,0.04,2221
device1,device1_2222_LeafPhotoA_2025-09-08 11_22_09.556-05_00_leaf.png,4864195,0.22,2222
device1,device1_2222_LeafPhotoA_2025-09-08 11_22_29.920-05_00_leaf.png,3612282,0.15,2222
device1,device1_2222_LeafPhotoA_2025-09-08 11_22_53.252-05_00_leaf.png,3102051,0.83,2222
device1,device1_2223_LeafPhotoA_2025-09-08 11_23_28.027-05_00_leaf.png,3045145,0.32,2223
device1,device1_2223_LeafPhotoA_2025-09-08 11_23_49.064-05_00_leaf.png,4418339,0.75,2223
device1,device1_2223_LeafPhotoA_2025-09-08 11_24_19.965-05_00_leaf.png,4286912,0.34,2223
device1,device1_2224_LeafPhotoA_2025-09-08 11_25_14.126-05_00_leaf.png,6127512,2.22,2224
device1,device1_2224_LeafPhotoA_2025-09-08 11_25_59.755-05_00_leaf.png,4735801,2.83,2224
device1,device1_2224_LeafPhotoA_2025-09-08 11_26_31.982-05_00_leaf.png,5251181,2.41,2224
device1,device1_2225_LeafPhotoA_2025-09-08 11_27_06.412-05_00_leaf.png,4055522,0.01,2225
device1,device1_2225_LeafPhotoA_2025-09-08 11_27_25.820-05_00_leaf.png,4381540,0.09,2225
device1,device1_2225_LeafPhotoA_2025-09-08 11_27_46.440-05_00_leaf.png,3844776,0.14,2225
device1,device1_2226_LeafPhotoA_2025-09-08 11_28_19.544-05_00_leaf.png,3218704,0.39,2226
device1,device1_2226_LeafPhotoA_2025-09-08 11_28_42.865-05_00_leaf.png,3268906,0,2226
device1,device1_2226_LeafPhotoA_2025-09-08 11_29_20.764-05_00_leaf.png,3700876,0.01,2226
device1,device1_2227_LeafPhotoA_2025-09-08 11_30_02.848-05_00_leaf.png,3469818,1.21,2227
device1,device1_2227_LeafPhotoA_2025-09-08 11_30_41.145-05_00_leaf.png,5130442,2.56,2227
device1,device1_2227_LeafPhotoA_2025-09-08 11_30_56.055-05_00_leaf.png,3904210,1.21,2227
device1,device1_2228_LeafPhotoA_2025-09-08 11_31_49.819-05_00_leaf.png,3265235,0.03,2228
device1,device1_2228_LeafPhotoA_2025-09-08 11_32_11.788-05_00_leaf.png,2733946,0.04,2228
device1,device1_2228_LeafPhotoA_2025-09-08 11_32_25.436-05_00_leaf.png,3780739,0.02,2228
device1,device1_2229_LeafPhotoA_2025-09-08 11_33_03.520-05_00_leaf.png,4841429,0.06,2229
device1,device1_2229_LeafPhotoA_2025-09-08 11_33_21.108-05_00_leaf.png,3686275,0.92,2229
device1,device1_2229_LeafPhotoA_2025-09-08 11_33_39.436-05_00_leaf.png,4750802,0.38,2229
device1,device1_2230_LeafPhotoA_2025-09-08 11_34_08.280-05_00_leaf.png,3220047,0.1,2230
device1,device1_2230_LeafPhotoA_2025-09-08 11_34_29.686-05_00_leaf.png,5227787,0.46,2230
device1,device1_2230_LeafPhotoA_2025-09-08 11_34_55.804-05_00_leaf.png,5091667,0.19,2230
device1,device1_2231_LeafPhotoA_2025-09-08 11_35_24.854-05_00_leaf.png,3669994,1.69,2231
device1,device1_2231_LeafPhotoA_2025-09-08 11_35_43.778-05_00_leaf.png,3608060,0.2,2231
device1,device1_2231_LeafPhotoA_2025-09-08 11_36_06.987-05_00_leaf.png,3307940,3.78,2231
device1,device1_2232_LeafPhotoA_2025-09-08 11_36_28.775-05_00_leaf.png,4120297,0.3,2232
device1,device1_2232_LeafPhotoA_2025-09-08 11_36_45.907-05_00_leaf.png,3985052,0.24,2232
device1,device1_2232_LeafPhotoA_2025-09-08 11_37_08.412-05_00_leaf.png,3342108,0.1,2232
device1,device1_2233_LeafPhotoA_2025-09-08 11_37_43.992-05_00_leaf.png,4131394,9.03,2233
device1,device1_2233_LeafPhotoA_2025-09-08 11_37_57.315-05_00_leaf.png,2521074,3.08,2233
device1,device1_2233_LeafPhotoA_2025-09-08 11_38_19.741-05_00_leaf.png,3073745,6.23,2233
device1,device1_2234_LeafPhotoA_2025-09-08 11_39_01.597-05_00_leaf.png,3276948,0.27,2234
device1,device1_2234_LeafPhotoA_2025-09-08 11_39_18.537-05_00_leaf.png,2757821,0.15,2234
device1,device1_2234_LeafPhotoA_2025-09-08 11_39_37.209-05_00_leaf.png,3181686,0.15,2234
device1,device1_2235_LeafPhotoA_2025-09-08 11_40_03.588-05_00_leaf.png,5128141,1.86,2235
device1,device1_2235_LeafPhotoA_2025-09-08 11_40_27.107-05_00_leaf.png,5763433,0.73,2235
device1,device1_2235_LeafPhotoA_2025-09-08 11_40_41.471-05_00_leaf.png,3999120,0,2235
device1,device1_2236_LeafPhotoA_2025-09-08 11_41_19.526-05_00_leaf.png,2762586,0.1,2236
device1,device1_2236_LeafPhotoA_2025-09-08 11_41_44.799-05_00_leaf.png,3149877,0.52,2236
device1,device1_2236_LeafPhotoA_2025-09-08 11_42_02.303-05_00_leaf.png,3329081,0.49,2236
device1,device1_2237_LeafPhotoA_2025-09-08 11_42_52.155-05_00_leaf.png,3325559,0.16,2237
device1,device1_2237_LeafPhotoA_2025-09-08 11_43_07.075-05_00_leaf.png,3869326,0.76,2237
device1,device1_2237_LeafPhotoA_2025-09-08 11_43_37.148-05_00_leaf.png,2473083,0.04,2237
device1,device1_2238_LeafPhotoA_2025-09-08 11_44_44.603-05_00_leaf.png,4423165,1.1,2238
device1,device1_2238_LeafPhotoA_2025-09-08 11_44_58.574-05_00_leaf.png,5184872,0.64,2238
device1,device1_2238_LeafPhotoA_2025-09-08 11_45_21.941-05_00_leaf.png,3694102,4.01,2238
device1,device1_2239_LeafPhotoA_2025-09-08 11_46_20.571-05_00_leaf.png,3595096,0.09,2239
device1,device1_2239_LeafPhotoA_2025-09-08 11_46_35.628-05_00_leaf.png,4433277,0.22,2239
device1,device1_2239_LeafPhotoA_2025-09-08 11_46_58.979-05_00_leaf.png,4470767,0.57,2239
device1,device1_2240_LeafPhotoA_2025-09-08 11_48_12.770-05_00_leaf.png,5092008,0.19,2240
device1,device1_2240_LeafPhotoA_2025-09-08 11_48_35.062-05_00_leaf.png,5139696,0.22,2240
device1,device1_2240_LeafPhotoA_2025-09-08 11_49_15.391-05_00_leaf.png,5054960,0.05,2240
device1,device1_2241_LeafPhotoA_2025-09-08 11_50_20.657-05_00_leaf.png,3616877,0.16,2241
device1,device1_2241_LeafPhotoA_2025-09-08 11_50_42.865-05_00_leaf.png,4505434,0.49,2241
device1,device1_2241_LeafPhotoA_2025-09-08 11_51_00.472-05_00_leaf.png,3013614,0,2241
device1,device1_2242_LeafPhotoA_2025-09-08 11_51_47.885-05_00_leaf.png,1933072,0.07,2242
device1,device1_2242_LeafPhotoA_2025-09-08 11_52_14.332-05_00_leaf.png,3218578,2.6,2242
device1,device1_2242_LeafPhotoA_2025-09-08 11_52_49.016-05_00_leaf.png,2455608,0.64,2242
device1,device1_2243_LeafPhotoA_2025-09-08 11_53_27.332-05_00_leaf.png,4660583,0.06,2243
device1,device1_2243_LeafPhotoA_2025-09-08 11_53_28.057-05_00_leaf.png,4659725,0.07,2243
device1,device1_2243_LeafPhotoA_2025-09-08 11_53_58.121-05_00_leaf.png,5171774,0.09,2243
device1,device1_2243_LeafPhotoA_2025-09-08 11_54_15.051-05_00_leaf.png,4713675,0.08,2243
device1,device1_2244_LeafPhotoA_2025-09-08 11_55_01.692-05_00_leaf.png,4160482,0.05,2244
device1,device1_2244_LeafPhotoA_2025-09-08 11_55_31.971-05_00_leaf.png,4571367,0.08,2244
device1,device1_2244_LeafPhotoA_2025-09-08 11_56_08.443-05_00_leaf.png,4586581,0.05,2244
device1,device1_2245_LeafPhotoA_2025-09-08 11_56_40.538-05_00_leaf.png,3408580,0.61,2245
device1,device1_2245_LeafPhotoA_2025-09-08 11_57_25.663-05_00_leaf.png,2816912,0.12,2245
device1,device1_2245_LeafPhotoA_2025-09-08 11_57_52.459-05_00_leaf.png,3691115,7.29,2245
device1,device1_2246_LeafPhotoA_2025-09-08 11_58_26.493-05_00_leaf.png,2085359,1.12,2246
device1,device1_2246_LeafPhotoA_2025-09-08 11_58_42.644-05_00_leaf.png,2313020,0.78,2246
device1,device1_2246_LeafPhotoA_2025-09-08 11_59_06.687-05_00_leaf.png,2444835,0.56,2246
device1,device1_2247_LeafPhotoA_2025-09-08 11_59_40.094-05_00_leaf.png,4690081,0.13,2247
device1,device1_2247_LeafPhotoA_2025-09-08 12_00_01.765-05_00_leaf.png,3396324,0.07,2247
device1,device1_2247_LeafPhotoA_2025-09-08 12_00_22.231-05_00_leaf.png,3936468,0.04,2247
device1,device1_2248_LeafPhotoA_2025-09-08 12_01_03.092-05_00_leaf.png,3133755,0.16,2248
device1,device1_2248_LeafPhotoA_2025-09-08 12_01_20.448-05_00_leaf.png,5138745,0.03,2248
device1,device1_2248_LeafPhotoA_2025-09-08 12_01_46.646-05_00_leaf.png,4708590,0.15,2248
device1,device1_2249_LeafPhotoA_2025-09-08 12_02_31.219-05_00_leaf.png,3037516,0,2249
device1,device1_2249_LeafPhotoA_2025-09-08 12_02_49.867-05_00_leaf.png,3525898,0.04,2249
device1,device1_2249_LeafPhotoA_2025-09-08 12_03_33.131-05_00_leaf.png,2883325,0.01,2249
device1,device1_2250_LeafPhotoA_2025-09-08 12_04_12.601-05_00_leaf.png,4811381,0.06,2250
device1,device1_2250_LeafPhotoA_2025-09-08 12_04_41.387-05_00_leaf.png,5930967,3.86,2250
device1,device1_2250_LeafPhotoA_2025-09-08 12_05_17.820-05_00_leaf.png,4884419,4.6,2250
device1,device1_2251_LeafPhotoA_2025-09-08 12_15_49.413-05_00_leaf.png,5785014,0.17,2251
device1,device1_2251_LeafPhotoA_2025-09-08 12_16_14.146-05_00_leaf.png,3918248,0.01,2251
device1,device1_2251_LeafPhotoA_2025-09-08 12_16_40.207-05_00_leaf.png,5530729,0.03,2251
device1,device1_2252_LeafPhotoA_2025-09-08 12_17_34.004-05_00_leaf.png,4235013,0.03,2252
device1,device1_2252_LeafPhotoA_2025-09-08 12_17_51.378-05_00_leaf.png,3453597,0.03,2252
device1,device1_2252_LeafPhotoA_2025-09-08 12_18_11.212-05_00_leaf.png,3966423,0,2252
device1,device1_2253_LeafPhotoA_2025-09-08 12_18_44.610-05_00_leaf.png,3477049,0.05,2253
device1,device1_2253_LeafPhotoA_2025-09-08 12_19_07.213-05_00_leaf.png,3987022,0.04,2253
device1,device1_2253_LeafPhotoA_2025-09-08 12_19_25.519-05_00_leaf.png,3897852,0.89,2253
device1,device1_2254_LeafPhotoA_2025-09-08 12_20_09.110-05_00_leaf.png,2031572,0.31,2254
device1,device1_2254_LeafPhotoA_2025-09-08 12_20_26.871-05_00_leaf.png,2638257,0.71,2254
device1,device1_2254_LeafPhotoA_2025-09-08 12_20_42.894-05_00_leaf.png,3058949,2.09,2254
device1,device1_2255_LeafPhotoA_2025-09-08 12_22_14.213-05_00_leaf.png,3712422,1.95,2255
device1,device1_2255_LeafPhotoA_2025-09-08 12_22_41.128-05_00_leaf.png,4539976,1.34,2255
device1,device1_2255_LeafPhotoA_2025-09-08 12_23_10.399-05_00_leaf.png,4862840,2.13,2255
device1,device1_2256_LeafPhotoA_2025-09-08 12_24_33.115-05_00_leaf.png,2961953,1.06,2256
device1,device1_2256_LeafPhotoA_2025-09-08 12_25_10.829-05_00_leaf.png,2588693,0.25,2256
device1,device1_2256_LeafPhotoA_2025-09-08 12_25_38.136-05_00_leaf.png,2986129,0.58,2256
device1,device1_2257_LeafPhotoA_2025-09-08 12_26_14.872-05_00_leaf.png,4469006,0.04,2257
device1,device1_2257_LeafPhotoA_2025-09-08 12_26_38.283-05_00_leaf.png,4463295,0.05,2257
device1,device1_2257_LeafPhotoA_2025-09-08 12_26_56.434-05_00_leaf.png,4570896,0.12,2257
device1,device1_2259_LeafPhotoA_2025-09-08 12_30_14.149-05_00_leaf.png,4395422,0.12,2259
device1,device1_2259_LeafPhotoA_2025-09-08 12_30_29.796-05_00_leaf.png,4553130,0.04,2259
device1,device1_2259_LeafPhotoA_2025-09-08 12_30_52.708-05_00_leaf.png,4035410,0.05,2259
device1,device1_2260_LeafPhotoA_2025-09-08 12_31_34.534-05_00_leaf.png,4534449,0.46,2260
device1,device1_2260_LeafPhotoA_2025-09-08 12_32_04.249-05_00_leaf.png,5037796,0.8,2260
device1,device1_2260_LeafPhotoA_2025-09-08 12_32_24.295-05_00_leaf.png,4533608,1.31,2260
device1,device1_2261_LeafPhotoA_2025-09-08 12_32_57.935-05_00_leaf.png,4385621,0.04,2261
device1,device1_2261_LeafPhotoA_2025-09-08 12_33_19.920-05_00_leaf.png,5255658,0.04,2261
device1,device1_2261_LeafPhotoA_2025-09-08 12_33_43.183-05_00_leaf.png,4488410,0.01,2261
device1,device1_2262_LeafPhotoA_2025-09-08 12_34_17.650-05_00_leaf.png,3133358,0.02,2262
device1,device1_2262_LeafPhotoA_2025-09-08 12_34_41.227-05_00_leaf.png,4658927,0.16,2262
device1,device1_2262_LeafPhotoA_2025-09-08 12_35_02.709-05_00_leaf.png,4769382,0.88,2262
device1,device1_2263_LeafPhotoA_2025-09-08 12_35_34.964-05_00_leaf.png,4298792,0,2263
device1,device1_2263_LeafPhotoA_2025-09-08 12_35_51.633-05_00_leaf.png,4494366,0,2263
device1,device1_2263_LeafPhotoA_2025-09-08 12_36_09.842-05_00_leaf.png,3413173,0,2263
device1,device1_2264_LeafPhotoA_2025-09-08 12_36_45.299-05_00_leaf.png,4392733,0.09,2264
device1,device1_2264_LeafPhotoA_2025-09-08 12_37_02.624-05_00_leaf.png,4985585,0.03,2264
device1,device1_2264_LeafPhotoA_2025-09-08 12_37_35.402-05_00_leaf.png,5340670,0.07,2264
device1,device1_2265_LeafPhotoA_2025-09-08 12_39_28.832-05_00_leaf.png,5034651,0.11,2265
device1,device1_2265_LeafPhotoA_2025-09-08 12_39_50.942-05_00_leaf.png,3438099,0.01,2265
device1,device1_2265_LeafPhotoA_2025-09-08 12_40_19.095-05_00_leaf.png,3280320,0.09,2265
device1,device1_2901_LeafPhotoA_2025-09-09 16_12_49.325-05_00_leaf.png,3853973,2.49,2901
device1,device1_2901_LeafPhotoA_2025-09-09 16_13_10.131-05_00_leaf.png,4156775,0.36,2901
device1,device1_2901_LeafPhotoA_2025-09-09 16_13_31.116-05_00_leaf.png,4199898,0.08,2901
device1,device1_2902_LeafPhotoA_2025-09-09 16_13_57.638-05_00_leaf.png,4110168,0.01,2902
device1,device1_2902_LeafPhotoA_2025-09-09 16_14_17.420-05_00_leaf.png,4480786,0.02,2902
device1,device1_2902_LeafPhotoA_2025-09-09 16_15_16.673-05_00_leaf.png,4708485,0.01,2902
device1,device1_2903_LeafPhotoA_2025-09-09 16_19_58.490-05_00_leaf.png,3341424,5.26,2903
device1,device1_2903_LeafPhotoA_2025-09-09 16_20_23.657-05_00_leaf.png,3791535,0.11,2903
device1,device1_2903_LeafPhotoA_2025-09-09 16_20_50.020-05_00_leaf.png,3811301,0.15,2903
device1,device1_2904_LeafPhotoA_2025-09-09 16_21_17.468-05_00_leaf.png,4064624,0.14,2904
device1,device1_2904_LeafPhotoA_2025-09-09 16_22_22.034-05_00_leaf.png,4276929,0.03,2904
device1,device1_2905_LeafPhotoA_2025-09-09 16_22_51.700-05_00_leaf.png,2508940,0.32,2905
device1,device1_2905_LeafPhotoA_2025-09-09 16_23_07.677-05_00_leaf.png,3049625,0.26,2905
device1,device1_2905_LeafPhotoA_2025-09-09 16_23_24.410-05_00_leaf.png,3295435,5.82,2905
device1,device1_2906_LeafPhotoA_2025-09-09 16_23_53.771-05_00_leaf.png,2543927,0.65,2906
device1,device1_2906_LeafPhotoA_2025-09-09 16_24_18.555-05_00_leaf.png,1210263,0.25,2906
device1,device1_2906_LeafPhotoA_2025-09-09 16_24_40.953-05_00_leaf.png,1837508,7.72,2906
device1,device1_2907_LeafPhotoA_2025-09-09 16_25_30.178-05_00_leaf.png,3861285,0.06,2907
device1,device1_2907_LeafPhotoA_2025-09-09 16_25_56.942-05_00_leaf.png,4048188,0.05,2907
device1,device1_2907_LeafPhotoA_2025-09-09 16_26_24.193-05_00_leaf.png,3707899,1.53,2907
device1,device1_2908_LeafPhotoA_2025-09-09 16_26_44.978-05_00_leaf.png,1989904,0.44,2908
device1,device1_2908_LeafPhotoA_2025-09-09 16_27_08.906-05_00_leaf.png,3602930,0.97,2908
device1,device1_2908_LeafPhotoA_2025-09-09 16_27_32.937-05_00_leaf.png,3801285,0.09,2908
device1,device1_2910_LeafPhotoA_2025-09-09 16_28_46.516-05_00_leaf.png,4198287,0.07,2910
device1,device1_2910_LeafPhotoA_2025-09-09 16_29_06.349-05_00_leaf.png,4804961,11.19,2910
device1,device1_2910_LeafPhotoA_2025-09-09 16_29_52.886-05_00_leaf.png,3874860,4.74,2910
device1,device1_2911_LeafPhotoA_2025-09-09 16_30_21.225-05_00_leaf.png,4094102,0.11,2911
device1,device1_2911_LeafPhotoA_2025-09-09 16_30_45.841-05_00_leaf.png,4192261,2.55,2911
device1,device1_2911_LeafPhotoA_2025-09-09 16_31_06.317-05_00_leaf.png,3356092,1.38,2911
device1,device1_2912_LeafPhotoA_2025-09-09 16_32_02.377-05_00_leaf.png,4410977,0.51,2912
device1,device1_2912_LeafPhotoA_2025-09-09 16_32_34.809-05_00_leaf.png,4376445,0.01,2912
device1,device1_2912_LeafPhotoA_2025-09-09 16_32_54.751-05_00_leaf.png,2724568,0,2912
device1,device1_2914_LeafPhotoA_2025-09-09 16_33_56.135-05_00_leaf.png,5151507,23.05,2914
device1,device1_2914_LeafPhotoA_2025-09-09 16_34_30.069-05_00_leaf.png,3932373,12.24,2914
device1,device1_2914_LeafPhotoA_2025-09-09 16_34_44.640-05_00_leaf.png,4498855,18.39,2914
device1,device1_2915_LeafPhotoA_2025-09-09 16_35_12.361-05_00_leaf.png,3583222,0.11,2915
device1,device1_2915_LeafPhotoA_2025-09-09 16_35_42.182-05_00_leaf.png,4238394,0.24,2915
device1,device1_2915_LeafPhotoA_2025-09-09 16_35_59.021-05_00_leaf.png,3156362,0.07,2915
device1,device1_2916_LeafPhotoA_2025-09-09 16_36_27.915-05_00_leaf.png,5121712,1.64,2916
device1,device1_2916_LeafPhotoA_2025-09-09 16_36_45.008-05_00_leaf.png,3732896,0.24,2916
device1,device1_2916_LeafPhotoA_2025-09-09 16_37_06.863-05_00_leaf.png,4308806,0.24,2916
device1,device1_2917_LeafPhotoA_2025-09-09 16_37_43.830-05_00_leaf.png,4085771,1.25,2917
device1,device1_2917_LeafPhotoA_2025-09-09 16_38_04.615-05_00_leaf.png,3626064,5.88,2917
device1,device1_2917_LeafPhotoA_2025-09-09 16_38_36.775-05_00_leaf.png,4682064,4.93,2917
device1,device1_2918_LeafPhotoA_2025-09-09 16_39_22.605-05_00_leaf.png,3305088,0.15,2918
device1,device1_2919_LeafPhotoA_2025-09-09 16_43_20.270-05_00_leaf.png,4135511,0.18,2919
device1,device1_2919_LeafPhotoA_2025-09-09 16_43_36.577-05_00_leaf.png,4692309,0.1,2919
device1,device1_2919_LeafPhotoA_2025-09-09 16_43_55.086-05_00_leaf.png,4156939,1.56,2919
device1,device1_2920_LeafPhotoA_2025-09-09 16_44_18.640-05_00_leaf.png,4614068,6.23,2920
device1,device1_2920_LeafPhotoA_2025-09-09 16_44_34.502-05_00_leaf.png,5014988,3.98,2920
device1,device1_2920_LeafPhotoA_2025-09-09 16_44_53.862-05_00_leaf.png,5182678,4.28,2920
device1,device1_2921_LeafPhotoA_2025-09-09 16_45_28.965-05_00_leaf.png,4908320,6.66,2921
device1,device1_2921_LeafPhotoA_2025-09-09 16_45_30.784-05_00_leaf.png,4906621,4.63,2921
device1,device1_2921_LeafPhotoA_2025-09-09 16_45_48.220-05_00_leaf.png,2804861,2.45,2921
device1,device1_2921_LeafPhotoA_2025-09-09 16_46_07.607-05_00_leaf.png,4157561,0.57,2921
device1,device1_2922_LeafPhotoA_2025-09-09 16_47_07.203-05_00_leaf.png,3086251,4.65,2922
device1,device1_2922_LeafPhotoA_2025-09-09 16_48_00.490-05_00_leaf.png,2437066,5.31,2922
device1,device1_2922_LeafPhotoA_2025-09-09 16_48_28.303-05_00_leaf.png,3611544,1.13,2922
device1,device1_5001_LeafPhotoA_2025-09-09 16_53_50.350-05_00_leaf.png,3821218,0.79,5001
device1,device1_5001_LeafPhotoA_2025-09-09 16_54_05.915-05_00_leaf.png,3246019,3.49,5001
device1,device1_5001_LeafPhotoA_2025-09-09 16_54_24.724-05_00_leaf.png,3790275,0.58,5001
device1,device1_5002_LeafPhotoA_2025-09-09 16_52_32.706-05_00_leaf.png,3089841,0.19,5002
device1,device1_5002_LeafPhotoA_2025-09-09 16_52_56.147-05_00_leaf.png,3446867,0.12,5002
device1,device1_5002_LeafPhotoA_2025-09-09 16_53_21.907-05_00_leaf.png,2752563,0.31,5002
device1,device1_5003_LeafPhotoA_2025-09-09 15_52_05.539-05_00_leaf.png,3759001,0.08,5003
device1,device1_5003_LeafPhotoA_2025-09-09 15_52_33.594-05_00_leaf.png,4472669,0.11,5003
device1,device1_5003_LeafPhotoA_2025-09-09 15_53_08.787-05_00_leaf.png,4597028,0.13,5003
device1,device1_5037_LeafPhotoA_2025-09-09 17_10_55.072-05_00_leaf.png,2207504,0.02,5037
device1,device1_5037_LeafPhotoA_2025-09-09 17_11_08.319-05_00_leaf.png,3001754,0.03,5037
device1,device1_5037_LeafPhotoA_2025-09-09 17_11_33.036-05_00_leaf.png,2569781,0.02,5037
device1,device1_5038_LeafPhotoA_2025-09-09 17_10_03.443-05_00_leaf.png,3023357,0.06,5038
device1,device1_5038_LeafPhotoA_2025-09-09 17_10_21.519-05_00_leaf.png,3522507,1.24,5038
device1,device1_5038_LeafPhotoA_2025-09-09 17_10_38.713-05_00_leaf.png,2617022,0.23,5038
device1,device1_5039_LeafPhotoA_2025-09-09 17_08_48.537-05_00_leaf.png,4084603,0.35,5039
device1,device1_5039_LeafPhotoA_2025-09-09 17_09_08.178-05_00_leaf.png,3227502,0,5039
device1,device1_5039_LeafPhotoA_2025-09-09 17_09_28.755-05_00_leaf.png,4472221,0.02,5039
device1,device1_5040_LeafPhotoA_2025-09-09 17_07_36.438-05_00_leaf.png,3729101,0.05,5040
device1,device1_5040_LeafPhotoA_2025-09-09 17_08_03.933-05_00_leaf.png,3935421,0.28,5040
device1,device1_5040_LeafPhotoA_2025-09-09 17_08_17.987-05_00_leaf.png,4895201,0.03,5040
device1,device1_5041_LeafPhotoA_2025-09-09 17_06_35.509-05_00_leaf.png,4533512,1.51,5041
device1,device1_5041_LeafPhotoA_2025-09-09 17_06_49.187-05_00_leaf.png,3335490,0,5041
device1,device1_5041_LeafPhotoA_2025-09-09 17_07_10.859-05_00_leaf.png,4106039,0.06,5041
device1,device1_5042_LeafPhotoA_2025-09-09 17_05_12.378-05_00_leaf.png,3523031,0.39,5042
device1,device1_5042_LeafPhotoA_2025-09-09 17_05_31.983-05_00_leaf.png,3497077,0.18,5042
device1,device1_5042_LeafPhotoA_2025-09-09 17_06_07.317-05_00_leaf.png,2408189,0.29,5042
device1,device1_5043_LeafPhotoA_2025-09-09 17_04_13.828-05_00_leaf.png,3629177,0.24,5043
device1,device1_5043_LeafPhotoA_2025-09-09 17_04_14.649-05_00_leaf.png,3626068,0.25,5043
device1,device1_5043_LeafPhotoA_2025-09-09 17_04_31.274-05_00_leaf.png,4501138,0.06,5043
device1,device1_5043_LeafPhotoA_2025-09-09 17_04_50.370-05_00_leaf.png,3486767,0.04,5043
device1,device1_5044_LeafPhotoA_2025-09-09 17_02_55.243-05_00_leaf.png,2896819,0.11,5044
device1,device1_5044_LeafPhotoA_2025-09-09 17_03_13.426-05_00_leaf.png,4076552,1.47,5044
device1,device1_5044_LeafPhotoA_2025-09-09 17_03_36.589-05_00_leaf.png,3626708,0.16,5044
device1,device1_5045_LeafPhotoA_2025-09-09 17_01_44.217-05_00_leaf.png,3555244,0.03,5045
device1,device1_5045_LeafPhotoA_2025-09-09 17_02_01.598-05_00_leaf.png,3927869,0.03,5045
device1,device1_5045_LeafPhotoA_2025-09-09 17_02_15.843-05_00_leaf.png,2634076,0.02,5045
device1,device1_5046_LeafPhotoA_2025-09-09 17_00_34.523-05_00_leaf.png,3145581,0.08,5046
device1,device1_5046_LeafPhotoA_2025-09-09 17_00_49.541-05_00_leaf.png,3893779,0.01,5046
device1,device1_5046_LeafPhotoA_2025-09-09 17_01_05.973-05_00_leaf.png,4304210,0.05,5046
device1,device1_5047_LeafPhotoA_2025-09-09 16_58_30.449-05_00_leaf.png,4839857,0.8,5047
device1,device1_5047_LeafPhotoA_2025-09-09 16_59_13.351-05_00_leaf.png,3066054,0.01,5047
device1,device1_5047_LeafPhotoA_2025-09-09 17_00_01.993-05_00_leaf.png,4044746,0.3,5047
device1,device1_5048_LeafPhotoA_2025-09-09 16_57_15.379-05_00_leaf.png,2754155,0.72,5048
device1,device1_5048_LeafPhotoA_2025-09-09 16_57_33.651-05_00_leaf.png,2949366,0.36,5048
device1,device1_5048_LeafPhotoA_2025-09-09 16_57_53.768-05_00_leaf.png,2960696,1.85,5048
device1,device1_5049_LeafPhotoA_2025-09-09 16_56_07.067-05_00_leaf.png,4646277,0.28,5049
device1,device1_5049_LeafPhotoA_2025-09-09 16_56_25.601-05_00_leaf.png,4021766,0.21,5049
device1,device1_5049_LeafPhotoA_2025-09-09 16_56_41.381-05_00_leaf.png,3360338,0.16,5049
device1,device1_5050_LeafPhotoA_2025-09-09 16_55_09.306-05_00_leaf.png,4648893,0.18,5050
device1,device1_5050_LeafPhotoA_2025-09-09 16_55_24.289-05_00_leaf.png,4553485,0.06,5050
device1,device1_5050_LeafPhotoA_2025-09-09 16_55_37.483-05_00_leaf.png,3474546,0.06,5050
device1,device1_9259_LeafPhotoA_2025-09-08 12_06_51.840-05_00_leaf.png,3255061,0.01,9259
device1,device1_9259_LeafPhotoA_2025-09-08 12_07_10.872-05_00_leaf.png,3015651,0,9259
device1,device1_9259_LeafPhotoA_2025-09-08 12_07_32.284-05_00_leaf.png,3715167,0.02,9259
device1,device1_9260_LeafPhotoA_2025-09-08 12_05_42.943-05_00_leaf.png,4364867,0.1,9260
device1,device1_9260_LeafPhotoA_2025-09-08 12_05_57.503-05_00_leaf.png,3893437,0.02,9260
device1,device1_9260_LeafPhotoA_2025-09-08 12_06_19.285-05_00_leaf.png,3603128,0.01,9260
device2,device2_1101_LeafPhotoA_2025-09-08 10_49_46.896-05_00_leaf.png,2872141,0.03,1101
device2,device2_1101_LeafPhotoA_2025-09-08 10_50_13.286-05_00_leaf.png,2939569,6.42,1101
device2,device2_1101_LeafPhotoA_2025-09-08 10_50_38.365-05_00_leaf.png,3755124,0.14,1101
device2,device2_1102_LeafPhotoA_2025-09-08 10_51_28.648-05_00_leaf.png,3028082,0.17,1102
device2,device2_1102_LeafPhotoA_2025-09-08 10_51_55.982-05_00_leaf.png,3779412,1.78,1102
device2,device2_1102_LeafPhotoA_2025-09-08 10_52_30.639-05_00_leaf.png,3622912,1.22,1102
device2,device2_1103_LeafPhotoA_2025-09-08 09_16_38.476-05_00_leaf.png,2383018,0.22,1103
device2,device2_1103_LeafPhotoA_2025-09-08 09_18_21.849-05_00_leaf.png,2882721,0.2,1103
device2,device2_1103_LeafPhotoA_2025-09-08 09_19_25.768-05_00_leaf.png,4297424,0.19,1103
device2,device2_1104_LeafPhotoA_2025-09-08 09_36_16.822-05_00_leaf.png,3169894,0,1104
device2,device2_1104_LeafPhotoA_2025-09-08 09_36_42.090-05_00_leaf.png,4705740,0,1104
device2,device2_1104_LeafPhotoA_2025-09-08 09_37_08.525-05_00_leaf.png,1895259,0,1104
device2,device2_1105_LeafPhotoA_2025-09-08 09_38_06.236-05_00_leaf.png,4463341,0,1105
device2,device2_1105_LeafPhotoA_2025-09-08 09_38_45.129-05_00_leaf.png,10348808,17.87,1105
device2,device2_1105_LeafPhotoA_2025-09-08 09_39_17.312-05_00_leaf.png,4289127,0.07,1105
device2,device2_1106_LeafPhotoA_2025-09-08 09_40_25.771-05_00_leaf.png,2895151,2.27,1106
device2,device2_1106_LeafPhotoA_2025-09-08 09_41_24.337-05_00_leaf.png,4643779,4.8,1106
device2,device2_1107_LeafPhotoA_2025-09-08 09_43_30.324-05_00_leaf.png,4350632,0.23,1107
device2,device2_1107_LeafPhotoA_2025-09-08 09_44_03.594-05_00_leaf.png,4005884,0.02,1107
device2,device2_1108_LeafPhotoA_2025-09-08 09_44_49.552-05_00_leaf.png,4161856,0.39,1108
device2,device2_1108_LeafPhotoA_2025-09-08 09_45_17.923-05_00_leaf.png,4187002,0.22,1108
device2,device2_1108_LeafPhotoA_2025-09-08 09_45_37.921-05_00_leaf.png,3696692,0.15,1108
device2,device2_1109_LeafPhotoA_2025-09-08 09_47_24.655-05_00_leaf.png,4120078,0.46,1109
device2,device2_1109_LeafPhotoA_2025-09-08 09_47_58.332-05_00_leaf.png,4380161,0.3,1109
device2,device2_1109_LeafPhotoA_2025-09-08 09_48_18.960-05_00_leaf.png,4496137,0.31,1109
device2,device2_1110_LeafPhotoA_2025-09-08 09_48_54.489-05_00_leaf.png,5412660,0.25,1110
device2,device2_1110_LeafPhotoA_2025-09-08 09_49_27.638-05_00_leaf.png,5642238,0.19,1110
device2,device2_1110_LeafPhotoA_2025-09-08 09_49_57.248-05_00_leaf.png,4839475,0.8,1110
device2,device2_1111_LeafPhotoA_2025-09-08 09_50_44.488-05_00_leaf.png,2479192,0.02,1111
device2,device2_1111_LeafPhotoA_2025-09-08 09_51_27.996-05_00_leaf.png,2926839,0.26,1111
device2,device2_1111_LeafPhotoA_2025-09-08 09_52_01.440-05_00_leaf.png,3277526,0.51,1111
device2,device2_1112_LeafPhotoA_2025-09-08 09_52_56.205-05_00_leaf.png,2087093,0.3,1112
device2,device2_1112_LeafPhotoA_2025-09-08 09_53_21.075-05_00_leaf.png,1688514,0,1112
device2,device2_1112_LeafPhotoA_2025-09-08 09_53_39.737-05_00_leaf.png,1570605,0.15,1112
device2,device2_1113_LeafPhotoA_2025-09-08 09_54_19.069-05_00_leaf.png,1408374,0,1113
device2,device2_1113_LeafPhotoA_2025-09-08 09_54_47.376-05_00_leaf.png,965725,0,1113
device2,device2_1113_LeafPhotoA_2025-09-08 09_55_09.635-05_00_leaf.png,1460120,0,1113
device2,device2_1114_LeafPhotoA_2025-09-08 09_55_33.569-05_00_leaf.png,3294538,0.91,1114
device2,device2_1114_LeafPhotoA_2025-09-08 09_56_22.839-05_00_leaf.png,4459708,0.24,1114
device2,device2_1114_LeafPhotoA_2025-09-08 09_56_53.006-05_00_leaf.png,2647058,0.06,1114
device2,device2_1115_LeafPhotoA_2025-09-08 09_57_42.464-05_00_leaf.png,4821208,0.94,1115
device2,device2_1115_LeafPhotoA_2025-09-08 09_58_09.096-05_00_leaf.png,3751689,1.48,1115
device2,device2_1115_LeafPhotoA_2025-09-08 09_58_32.273-05_00_leaf.png,3407222,1.83,1115
device2,device2_1116_LeafPhotoA_2025-09-08 09_59_24.734-05_00_leaf.png,4614782,0.02,1116
device2,device2_1116_LeafPhotoA_2025-09-08 09_59_50.648-05_00_leaf.png,4144772,0.06,1116
device2,device2_1116_LeafPhotoA_2025-09-08 10_00_12.748-05_00_leaf.png,5024113,0.02,1116
device2,device2_1117_LeafPhotoA_2025-09-08 10_00_48.141-05_00_leaf.png,3695140,0.23,1117
device2,device2_1117_LeafPhotoA_2025-09-08 10_01_14.938-05_00_leaf.png,2848143,0.88,1117
device2,device2_1117_LeafPhotoA_2025-09-08 10_01_40.986-05_00_leaf.png,3020765,0.27,1117
device2,device2_1118_LeafPhotoA_2025-09-08 10_02_17.783-05_00_leaf.png,2162600,0.22,1118
device2,device2_1118_LeafPhotoA_2025-09-08 10_02_36.914-05_00_leaf.png,4823143,0.09,1118
device2,device2_1118_LeafPhotoA_2025-09-08 10_03_02.378-05_00_leaf.png,5283732,0,1118
device2,device2_1119_LeafPhotoA_2025-09-08 10_03_34.150-05_00_leaf.png,5980391,0.72,1119
device2,device2_1119_LeafPhotoA_2025-09-08 10_03_58.358-05_00_leaf.png,5521203,0.33,1119
device2,device2_1120_LeafPhotoA_2025-09-08 10_05_09.393-05_00_leaf.png,4586902,0.21,1120
device2,device2_1120_LeafPhotoA_2025-09-08 10_05_30.399-05_00_leaf.png,4395147,0.36,1120
device2,device2_1120_LeafPhotoA_2025-09-08 10_05_52.986-05_00_leaf.png,4449554,0.64,1120
device2,device2_1121_LeafPhotoA_2025-09-08 10_06_22.472-05_00_leaf.png,3708062,0.16,1121
device2,device2_1121_LeafPhotoA_2025-09-08 10_06_38.077-05_00_leaf.png,3644038,0.19,1121
device2,device2_1121_LeafPhotoA_2025-09-08 10_06_53.769-05_00_leaf.png,3581971,5.14,1121
device2,device2_1122_LeafPhotoA_2025-09-08 10_07_20.326-05_00_leaf.png,2809932,2.04,1122
device2,device2_1122_LeafPhotoA_2025-09-08 10_07_49.073-05_00_leaf.png,3023369,2.16,1122
device2,device2_1122_LeafPhotoA_2025-09-08 10_08_12.180-05_00_leaf.png,1229871,2.17,1122
device2,device2_1123_LeafPhotoA_2025-09-08 10_08_49.730-05_00_leaf.png,2397169,0.71,1123
device2,device2_1123_LeafPhotoA_2025-09-08 10_09_09.535-05_00_leaf.png,2873798,0.09,1123
device2,device2_1123_LeafPhotoA_2025-09-08 10_09_23.984-05_00_leaf.png,3146084,0.7,1123
device2,device2_1124_LeafPhotoA_2025-09-08 10_10_04.044-05_00_leaf.png,2934871,0.87,1124
device2,device2_1124_LeafPhotoA_2025-09-08 10_10_32.893-05_00_leaf.png,3647177,0.52,1124
device2,device2_1124_LeafPhotoA_2025-09-08 10_10_51.695-05_00_leaf.png,3275075,1.99,1124
device2,device2_1125_LeafPhotoA_2025-09-08 10_11_23.578-05_00_leaf.png,3467749,0.64,1125
device2,device2_1125_LeafPhotoA_2025-09-08 10_12_23.672-05_00_leaf.png,2608348,0.47,1125
device2,device2_1125_LeafPhotoA_2025-09-08 10_13_03.747-05_00_leaf.png,2530157,0.26,1125
device2,device2_1126_LeafPhotoA_2025-09-08 10_13_29.753-05_00_leaf.png,4510958,5.67,1126
device2,device2_1126_LeafPhotoA_2025-09-08 10_13_57.176-05_00_leaf.png,2498263,0.67,1126
device2,device2_1126_LeafPhotoA_2025-09-08 10_14_23.671-05_00_leaf.png,1434388,2.32,1126
device2,device2_1127_LeafPhotoA_2025-09-08 10_15_03.979-05_00_leaf.png,3775654,1.61,1127
device2,device2_1127_LeafPhotoA_2025-09-08 10_15_24.325-05_00_leaf.png,4293267,2.88,1127
device2,device2_1127_LeafPhotoA_2025-09-08 10_15_40.241-05_00_leaf.png,2787907,0.8,1127
device2,device2_1128_LeafPhotoA_2025-09-08 10_16_08.428-05_00_leaf.png,3963324,0.27,1128
device2,device2_1128_LeafPhotoA_2025-09-08 10_16_35.243-05_00_leaf.png,2906315,0.36,1128
device2,device2_1128_LeafPhotoA_2025-09-08 10_16_55.291-05_00_leaf.png,3195220,0.15,1128
device2,device2_1129_LeafPhotoA_2025-09-08 10_17_39.978-05_00_leaf.png,4853694,3.9,1129
device2,device2_1129_LeafPhotoA_2025-09-08 10_18_06.081-05_00_leaf.png,4099545,4.89,1129
device2,device2_1129_LeafPhotoA_2025-09-08 10_18_24.399-05_00_leaf.png,2706114,1.43,1129
device2,device2_1130_LeafPhotoA_2025-09-08 10_19_32.229-05_00_leaf.png,3884024,2.28,1130
device2,device2_1130_LeafPhotoA_2025-09-08 10_20_05.265-05_00_leaf.png,4884903,2.73,1130
device2,device2_1130_LeafPhotoA_2025-09-08 10_20_33.571-05_00_leaf.png,2386562,0.03,1130
device2,device2_1131_LeafPhotoA_2025-09-08 10_20_55.815-05_00_leaf.png,2826003,0.17,1131
device2,device2_1131_LeafPhotoA_2025-09-08 10_21_15.490-05_00_leaf.png,2954141,0.1,1131
device2,device2_1131_LeafPhotoA_2025-09-08 10_21_33.523-05_00_leaf.png,3266498,0.2,1131
device2,device2_1132_LeafPhotoA_2025-09-08 10_21_57.592-05_00_leaf.png,5547053,0.57,1132
device2,device2_1132_LeafPhotoA_2025-09-08 10_23_11.796-05_00_leaf.png,4673284,0.18,1132
device2,device2_1133_LeafPhotoA_2025-09-08 10_23_49.097-05_00_leaf.png,2776373,0.27,1133
device2,device2_1133_LeafPhotoA_2025-09-08 10_24_21.231-05_00_leaf.png,1916040,0.15,1133
device2,device2_1133_LeafPhotoA_2025-09-08 10_24_42.824-05_00_leaf.png,2572971,0.65,1133
device2,device2_1134_LeafPhotoA_2025-09-08 10_25_05.676-05_00_leaf.png,4471052,0.04,1134
device2,device2_1134_LeafPhotoA_2025-09-08 10_25_22.077-05_00_leaf.png,4810537,0.05,1134
device2,device2_1134_LeafPhotoA_2025-09-08 10_25_38.944-05_00_leaf.png,4687178,0.05,1134
device2,device2_1135_LeafPhotoA_2025-09-08 10_26_12.206-05_00_leaf.png,5090596,0.95,1135
device2,device2_1135_LeafPhotoA_2025-09-08 10_26_37.579-05_00_leaf.png,4015667,0.02,1135
device2,device2_1135_LeafPhotoA_2025-09-08 10_27_12.155-05_00_leaf.png,4325638,0.08,1135
device2,device2_1136_LeafPhotoA_2025-09-08 10_28_06.923-05_00_leaf.png,3531728,0.22,1136
device2,device2_1136_LeafPhotoA_2025-09-08 10_28_29.129-05_00_leaf.png,3658712,0,1136
device2,device2_1136_LeafPhotoA_2025-09-08 10_28_43.366-05_00_leaf.png,3501176,0.2,1136
device2,device2_1137_LeafPhotoA_2025-09-08 10_29_15.612-05_00_leaf.png,4140396,0.18,1137
device2,device2_1137_LeafPhotoA_2025-09-08 10_29_33.365-05_00_leaf.png,3259053,0.08,1137
device2,device2_1137_LeafPhotoA_2025-09-08 10_30_17.775-05_00_leaf.png,3429976,0.21,1137
device2,device2_1138_LeafPhotoA_2025-09-08 10_30_50.978-05_00_leaf.png,4240637,0.83,1138
device2,device2_1138_LeafPhotoA_2025-09-08 10_31_08.551-05_00_leaf.png,3554265,1.64,1138
device2,device2_1138_LeafPhotoA_2025-09-08 10_31_28.640-05_00_leaf.png,4509421,2.09,1138
device2,device2_1139_LeafPhotoA_2025-09-08 10_32_13.831-05_00_leaf.png,5134242,0.33,1139
device2,device2_1139_LeafPhotoA_2025-09-08 10_32_30.914-05_00_leaf.png,4654444,0.04,1139
device2,device2_1139_LeafPhotoA_2025-09-08 10_32_54.266-05_00_leaf.png,3631090,0.37,1139
device2,device2_1140_LeafPhotoA_2025-09-08 10_33_30.646-05_00_leaf.png,2322857,0.45,1140
device2,device2_1140_LeafPhotoA_2025-09-08 10_33_49.348-05_00_leaf.png,2176393,0.08,1140
device2,device2_1140_LeafPhotoA_2025-09-08 10_34_08.475-05_00_leaf.png,2890821,1.52,1140
device2,device2_1141_LeafPhotoA_2025-09-08 10_34_36.614-05_00_leaf.png,2898073,0.17,1141
device2,device2_1141_LeafPhotoA_2025-09-08 10_34_59.433-05_00_leaf.png,2926468,2.39,1141
device2,device2_1141_LeafPhotoA_2025-09-08 10_35_31.807-05_00_leaf.png,3430014,0.05,1141
device2,device2_1142_LeafPhotoA_2025-09-08 10_36_24.487-05_00_leaf.png,4137669,0.21,1142
device2,device2_1142_LeafPhotoA_2025-09-08 10_36_54.046-05_00_leaf.png,3632394,0.2,1142
device2,device2_1142_LeafPhotoA_2025-09-08 10_37_21.587-05_00_leaf.png,2383111,0,1142
device2,device2_1143_LeafPhotoA_2025-09-08 10_37_49.962-05_00_leaf.png,2320283,10.88,1143
device2,device2_1143_LeafPhotoA_2025-09-08 10_38_21.557-05_00_leaf.png,3533323,27.63,1143
device2,device2_1143_LeafPhotoA_2025-09-08 10_38_47.981-05_00_leaf.png,4852066,17.73,1143
device2,device2_1144_LeafPhotoA_2025-09-08 10_39_38.539-05_00_leaf.png,5297391,0.88,1144
device2,device2_1144_LeafPhotoA_2025-09-08 10_39_57.505-05_00_leaf.png,2829936,3.45,1144
device2,device2_1144_LeafPhotoA_2025-09-08 10_40_26.306-05_00_leaf.png,3945293,0.78,1144
device2,device2_1145_LeafPhotoA_2025-09-08 10_41_08.586-05_00_leaf.png,3384691,0.4,1145
device2,device2_1145_LeafPhotoA_2025-09-08 10_41_37.289-05_00_leaf.png,5087516,0.33,1145
device2,device2_1145_LeafPhotoA_2025-09-08 10_41_59.930-05_00_leaf.png,4904623,0.37,1145
device2,device2_1146_LeafPhotoA_2025-09-08 10_42_38.302-05_00_leaf.png,2484435,0.01,1146
device2,device2_1146_LeafPhotoA_2025-09-08 10_42_56.482-05_00_leaf.png,2580703,0.12,1146
device2,device2_1146_LeafPhotoA_2025-09-08 10_43_16.185-05_00_leaf.png,2465280,0.19,1146
device2,device2_1147_LeafPhotoA_2025-09-08 10_43_48.976-05_00_leaf.png,4967186,1.53,1147
device2,device2_1147_LeafPhotoA_2025-09-08 10_44_08.415-05_00_leaf.png,4528110,0.25,1147
device2,device2_1147_LeafPhotoA_2025-09-08 10_44_29.060-05_00_leaf.png,4872582,1.99,1147
device2,device2_1148_LeafPhotoA_2025-09-08 10_45_23.150-05_00_leaf.png,4690724,3.06,1148
device2,device2_1148_LeafPhotoA_2025-09-08 10_46_19.368-05_00_leaf.png,2178520,0.11,1148
device2,device2_1149_LeafPhotoA_2025-09-08 10_46_42.123-05_00_leaf.png,3062841,0.55,1149
device2,device2_1149_LeafPhotoA_2025-09-08 10_47_03.744-05_00_leaf.png,4236282,0.45,1149
device2,device2_1149_LeafPhotoA_2025-09-08 10_47_32.215-05_00_leaf.png,3037200,2.51,1149
device2,device2_1150_LeafPhotoA_2025-09-08 10_48_11.571-05_00_leaf.png,4427819,5.28,1150
device2,device2_1150_LeafPhotoA_2025-09-08 10_48_38.053-05_00_leaf.png,3160672,0.06,1150
device2,device2_1150_LeafPhotoA_2025-09-08 10_48_59.635-05_00_leaf.png,4580706,0.23,1150
device2,device2_1197_LeafPhotoA_2025-09-08 09_32_09.193-05_00_leaf.png,1512463,0.16,1197
device2,device2_1198_LeafPhotoA_2025-09-08 09_25_24.531-05_00_leaf.png,3544399,0.07,1198
device2,device2_1198_LeafPhotoA_2025-09-08 09_27_02.711-05_00_leaf.png,2508838,0.71,1198
device2,device2_1198_LeafPhotoA_2025-09-08 09_27_47.775-05_00_leaf.png,2242478,0.36,1198
device2,device2_1198_LeafPhotoA_2025-09-09 08_45_40.843-05_00_leaf.png,2243661,4.23,1198
device2,device2_1198_LeafPhotoA_2025-09-09 08_46_13.604-05_00_leaf.png,2577805,0.75,1198
device2,device2_1198_LeafPhotoA_2025-09-09 08_47_22.322-05_00_leaf.png,2260760,0.57,1198
device2,device2_1801_LeafPhotoA_2025-09-09 10_04_53.383-05_00_leaf.png,4479665,0.02,1801
device2,device2_1801_LeafPhotoA_2025-09-09 10_05_08.118-05_00_leaf.png,2800804,0,1801
device2,device2_1801_LeafPhotoA_2025-09-09 10_05_27.778-05_00_leaf.png,3548527,0.18,1801
device2,device2_1802_LeafPhotoA_2025-09-09 10_05_52.814-05_00_leaf.png,3700328,0.02,1802
device2,device2_1802_LeafPhotoA_2025-09-09 10_06_24.747-05_00_leaf.png,3762246,0.07,1802
device2,device2_1802_LeafPhotoA_2025-09-09 10_06_55.886-05_00_leaf.png,3490412,0,1802
device2,device2_1803_LeafPhotoA_2025-09-09 08_52_14.872-05_00_leaf.png,4959830,0.08,1803
device2,device2_1803_LeafPhotoA_2025-09-09 08_52_53.796-05_00_leaf.png,3870502,0.17,1803
device2,device2_1803_LeafPhotoA_2025-09-09 08_53_39.810-05_00_leaf.png,4730593,0.03,1803
device2,device2_1804_LeafPhotoA_2025-09-09 08_55_31.515-05_00_leaf.png,3561385,0.02,1804
device2,device2_1804_LeafPhotoA_2025-09-09 08_55_56.459-05_00_leaf.png,4154341,0.04,1804
device2,device2_1804_LeafPhotoA_2025-09-09 08_56_30.954-05_00_leaf.png,2631791,0.02,1804
device2,device2_1805_LeafPhotoA_2025-09-09 08_56_51.680-05_00_leaf.png,3561733,7.69,1805
device2,device2_1805_LeafPhotoA_2025-09-09 08_57_18.762-05_00_leaf.png,5042038,0.02,1805
device2,device2_1805_LeafPhotoA_2025-09-09 08_57_47.562-05_00_leaf.png,4076101,0.02,1805
device2,device2_1806_LeafPhotoA_2025-09-09 08_58_19.870-05_00_leaf.png,4401454,22.71,1806
device2,device2_1806_LeafPhotoA_2025-09-09 08_58_32.090-05_00_leaf.png,3037588,0.15,1806
device2,device2_1806_LeafPhotoA_2025-09-09 08_58_50.435-05_00_leaf.png,3785128,18.89,1806
device2,device2_1807_LeafPhotoA_2025-09-09 08_59_43.526-05_00_leaf.png,3301628,0.01,1807
device2,device2_1807_LeafPhotoA_2025-09-09 09_00_00.050-05_00_leaf.png,3102660,0.12,1807
device2,device2_1807_LeafPhotoA_2025-09-09 09_00_41.013-05_00_leaf.png,2909388,1.09,1807
device2,device2_1808_LeafPhotoA_2025-09-09 09_01_19.684-05_00_leaf.png,4448719,0.5,1808
device2,device2_1808_LeafPhotoA_2025-09-09 09_03_06.187-05_00_leaf.png,4498867,3.37,1808
device2,device2_1809_LeafPhotoA_2025-09-09 09_03_24.660-05_00_leaf.png,2678224,0.39,1809
device2,device2_1809_LeafPhotoA_2025-09-09 09_03_42.438-05_00_leaf.png,3381578,0.12,1809
device2,device2_1809_LeafPhotoA_2025-09-09 09_04_05.610-05_00_leaf.png,4811719,0.17,1809
device2,device2_1810_LeafPhotoA_2025-09-09 09_04_45.716-05_00_leaf.png,4269155,0.36,1810
device2,device2_1810_LeafPhotoA_2025-09-09 09_05_10.870-05_00_leaf.png,4823691,1.06,1810
device2,device2_1810_LeafPhotoA_2025-09-09 09_05_30.894-05_00_leaf.png,3264035,33.86,1810
device2,device2_1811_LeafPhotoA_2025-09-09 09_05_51.708-05_00_leaf.png,4373988,0.06,1811
device2,device2_1811_LeafPhotoA_2025-09-09 09_06_09.841-05_00_leaf.png,4339523,0.05,1811
device2,device2_1811_LeafPhotoA_2025-09-09 09_06_27.369-05_00_leaf.png,5383227,0.27,1811
device2,device2_1812_LeafPhotoA_2025-09-09 09_06_51.692-05_00_leaf.png,2460506,0,1812
device2,device2_1812_LeafPhotoA_2025-09-09 09_07_10.454-05_00_leaf.png,4649017,1.12,1812
device2,device2_1812_LeafPhotoA_2025-09-09 09_07_26.119-05_00_leaf.png,3727763,0.73,1812
device2,device2_1813_LeafPhotoA_2025-09-09 09_08_08.790-05_00_leaf.png,4169982,0.01,1813
device2,device2_1813_LeafPhotoA_2025-09-09 09_08_31.616-05_00_leaf.png,5317143,0.17,1813
device2,device2_1814_LeafPhotoA_2025-09-09 09_09_44.317-05_00_leaf.png,3747027,0.07,1814
device2,device2_1814_LeafPhotoA_2025-09-09 09_09_58.884-05_00_leaf.png,4024807,0.17,1814
device2,device2_1814_LeafPhotoA_2025-09-09 09_10_31.361-05_00_leaf.png,3271923,0,1814
device2,device2_1815_LeafPhotoA_2025-09-09 09_11_08.154-05_00_leaf.png,4610713,0.36,1815
device2,device2_1815_LeafPhotoA_2025-09-09 09_11_30.894-05_00_leaf.png,3930826,0.04,1815
device2,device2_1815_LeafPhotoA_2025-09-09 09_11_50.753-05_00_leaf.png,2895993,0.01,1815
device2,device2_1816_LeafPhotoA_2025-09-09 09_12_12.100-05_00_leaf.png,3808664,0.04,1816
device2,device2_1816_LeafPhotoA_2025-09-09 09_12_14.179-05_00_leaf.png,3825281,0.03,1816
device2,device2_1816_LeafPhotoA_2025-09-09 09_12_26.291-05_00_leaf.png,4809759,0.1,1816
device2,device2_1816_LeafPhotoA_2025-09-09 09_12_48.345-05_00_leaf.png,4552830,0.12,1816
device2,device2_1817_LeafPhotoA_2025-09-09 09_13_12.712-05_00_leaf.png,3453566,0.07,1817
device2,device2_1817_LeafPhotoA_2025-09-09 09_14_15.852-05_00_leaf.png,3972737,0.02,1817
device2,device2_1817_LeafPhotoA_2025-09-09 09_14_32.648-05_00_leaf.png,3243518,0.21,1817
device2,device2_1818_LeafPhotoA_2025-09-09 09_15_00.073-05_00_leaf.png,4835870,0.04,1818
device2,device2_1818_LeafPhotoA_2025-09-09 09_15_15.206-05_00_leaf.png,4593127,0.02,1818
device2,device2_1818_LeafPhotoA_2025-09-09 09_15_37.334-05_00_leaf.png,3646490,0.04,1818
device2,device2_1819_LeafPhotoA_2025-09-09 09_16_17.541-05_00_leaf.png,3317889,0.28,1819
device2,device2_1819_LeafPhotoA_2025-09-09 09_16_48.083-05_00_leaf.png,2616949,0.01,1819
device2,device2_1819_LeafPhotoA_2025-09-09 09_17_22.079-05_00_leaf.png,2314136,0.09,1819
device2,device2_1820_LeafPhotoA_2025-09-09 09_18_44.068-05_00_leaf.png,3532107,0.06,1820
device2,device2_1820_LeafPhotoA_2025-09-09 09_19_07.343-05_00_leaf.png,4032226,0,1820
device2,device2_1820_LeafPhotoA_2025-09-09 09_21_05.870-05_00_leaf.png,3573688,0.18,1820
device2,device2_1820_LeafPhotoA_2025-09-09 09_21_55.600-05_00_leaf.png,4763156,0.04,1820
device2,device2_1821_LeafPhotoA_2025-09-09 09_22_20.423-05_00_leaf.png,3747222,0.01,1821
device2,device2_1821_LeafPhotoA_2025-09-09 09_22_34.959-05_00_leaf.png,2961615,0.54,1821
device2,device2_1821_LeafPhotoA_2025-09-09 09_22_53.235-05_00_leaf.png,2912394,40.79,1821
device2,device2_1822_LeafPhotoA_2025-09-09 09_23_30.807-05_00_leaf.png,4650096,0.08,1822
device2,device2_1822_LeafPhotoA_2025-09-09 09_24_05.897-05_00_leaf.png,3239110,0.15,1822
device2,device2_1823_LeafPhotoA_2025-09-09 09_24_29.002-05_00_leaf.png,2347721,0.4,1823
device2,device2_1823_LeafPhotoA_2025-09-09 09_24_42.198-05_00_leaf.png,2709591,1.02,1823
device2,device2_1823_LeafPhotoA_2025-09-09 09_24_55.043-05_00_leaf.png,3019276,0.1,1823
device2,device2_1824_LeafPhotoA_2025-09-09 09_25_19.533-05_00_leaf.png,3623747,0.85,1824
device2,device2_1824_LeafPhotoA_2025-09-09 09_25_42.309-05_00_leaf.png,3231359,0.19,1824
device2,device2_1824_LeafPhotoA_2025-09-09 09_25_58.862-05_00_leaf.png,3391478,0.19,1824
device2,device2_1825_LeafPhotoA_2025-09-09 09_26_26.568-05_00_leaf.png,4645713,0.01,1825
device2,device2_1825_LeafPhotoA_2025-09-09 09_26_52.647-05_00_leaf.png,3068709,0.33,1825
device2,device2_1825_LeafPhotoA_2025-09-09 09_27_03.878-05_00_leaf.png,3397671,0.01,1825
device2,device2_1826_LeafPhotoA_2025-09-09 09_27_26.116-05_00_leaf.png,3818827,0.04,1826
device2,device2_1826_LeafPhotoA_2025-09-09 09_27_46.244-05_00_leaf.png,3800826,0.2,1826
device2,device2_1826_LeafPhotoA_2025-09-09 09_28_05.885-05_00_leaf.png,4592736,0.06,1826
device2,device2_1827_LeafPhotoA_2025-09-09 09_28_41.756-05_00_leaf.png,3645952,1.71,1827
device2,device2_1827_LeafPhotoA_2025-09-09 09_29_43.270-05_00_leaf.png,5288358,0.58,1827
device2,device2_1827_LeafPhotoA_2025-09-09 09_30_30.998-05_00_leaf.png,4385411,0.53,1827
device2,device2_1828_LeafPhotoA_2025-09-09 09_30_57.848-05_00_leaf.png,40987,100,1828
device2,device2_1829_LeafPhotoA_2025-09-09 09_31_52.096-05_00_leaf.png,4232229,2.23,1829
device2,device2_1829_LeafPhotoA_2025-09-09 09_32_20.945-05_00_leaf.png,4227421,0.02,1829
device2,device2_1829_LeafPhotoA_2025-09-09 09_32_41.208-05_00_leaf.png,4839265,0.01,1829
device2,device2_1829_LeafPhotoA_2025-09-09 09_32_44.390-05_00_leaf.png,4843471,0.01,1829
device2,device2_1830_LeafPhotoA_2025-09-09 09_33_10.797-05_00_leaf.png,3631125,0.95,1830
device2,device2_1830_LeafPhotoA_2025-09-09 09_33_33.215-05_00_leaf.png,4458174,0.72,1830
device2,device2_1830_LeafPhotoA_2025-09-09 09_33_52.287-05_00_leaf.png,5060059,2.89,1830
device2,device2_1831_LeafPhotoA_2025-09-09 09_34_14.026-05_00_leaf.png,3810802,0.64,1831
device2,device2_1831_LeafPhotoA_2025-09-09 09_34_56.164-05_00_leaf.png,4629663,4.01,1831
device2,device2_1832_LeafPhotoA_2025-09-09 09_36_05.583-05_00_leaf.png,2312084,0.33,1832
device2,device2_1832_LeafPhotoA_2025-09-09 09_36_55.634-05_00_leaf.png,3233768,1.13,1832
device2,device2_1832_LeafPhotoA_2025-09-09 09_37_31.561-05_00_leaf.png,3544617,5.59,1832
device2,device2_1833_LeafPhotoA_2025-09-09 09_38_52.366-05_00_leaf.png,2299431,0.04,1833
device2,device2_1833_LeafPhotoA_2025-09-09 09_39_11.864-05_00_leaf.png,4049731,0.28,1833
device2,device2_1833_LeafPhotoA_2025-09-09 09_40_01.494-05_00_leaf.png,2862701,0.09,1833
device2,device2_1834_LeafPhotoA_2025-09-09 09_40_54.847-05_00_leaf.png,3492559,0.09,1834
device2,device2_1834_LeafPhotoA_2025-09-09 09_42_08.907-05_00_leaf.png,4023412,0.27,1834
device2,device2_1834_LeafPhotoA_2025-09-09 09_42_27.442-05_00_leaf.png,3783184,0.71,1834
device2,device2_1835_LeafPhotoA_2025-09-09 09_42_55.521-05_00_leaf.png,4085149,0.72,1835
device2,device2_1835_LeafPhotoA_2025-09-09 09_43_15.396-05_00_leaf.png,3094276,0.22,1835
device2,device2_1835_LeafPhotoA_2025-09-09 09_43_40.840-05_00_leaf.png,2759165,1.62,1835
device2,device2_1836_LeafPhotoA_2025-09-09 09_44_16.294-05_00_leaf.png,5021437,0.21,1836
device2,device2_1836_LeafPhotoA_2025-09-09 09_44_33.697-05_00_leaf.png,2950628,0.01,1836
device2,device2_1836_LeafPhotoA_2025-09-09 09_44_56.451-05_00_leaf.png,4920643,0.09,1836
device2,device2_1837_LeafPhotoA_2025-09-09 09_45_27.145-05_00_leaf.png,2495268,0.2,1837
device2,device2_1837_LeafPhotoA_2025-09-09 09_45_47.607-05_00_leaf.png,4000023,0.26,1837
device2,device2_1837_LeafPhotoA_2025-09-09 09_46_09.010-05_00_leaf.png,5269549,0.33,1837
device2,device2_1838_LeafPhotoA_2025-09-09 09_47_07.906-05_00_leaf.png,3673575,0.31,1838
device2,device2_1838_LeafPhotoA_2025-09-09 09_47_10.830-05_00_leaf.png,3673157,0.31,1838
device2,device2_1838_LeafPhotoA_2025-09-09 09_47_30.451-05_00_leaf.png,3080969,0.04,1838
device2,device2_1838_LeafPhotoA_2025-09-09 09_47_45.602-05_00_leaf.png,3437368,4.4,1838
device2,device2_1839_LeafPhotoA_2025-09-09 09_48_25.201-05_00_leaf.png,2355755,15.54,1839
device2,device2_1839_LeafPhotoA_2025-09-09 09_48_40.552-05_00_leaf.png,3709081,1.3,1839
device2,device2_1839_LeafPhotoA_2025-09-09 09_48_55.837-05_00_leaf.png,3213799,5.6,1839
device2,device2_1840_LeafPhotoA_2025-09-09 09_49_35.313-05_00_leaf.png,2399816,0.23,1840
device2,device2_1840_LeafPhotoA_2025-09-09 09_49_58.136-05_00_leaf.png,3341556,0.82,1840
device2,device2_1840_LeafPhotoA_2025-09-09 09_50_21.262-05_00_leaf.png,2765551,3.68,1840
device2,device2_1841_LeafPhotoA_2025-09-09 09_50_58.248-05_00_leaf.png,2579729,0.22,1841
device2,device2_1841_LeafPhotoA_2025-09-09 09_51_20.335-05_00_leaf.png,2261251,0.63,1841
device2,device2_1841_LeafPhotoA_2025-09-09 09_51_37.728-05_00_leaf.png,3810292,0.06,1841
device2,device2_1842_LeafPhotoA_2025-09-09 09_52_16.462-05_00_leaf.png,4436546,0.34,1842
device2,device2_1842_LeafPhotoA_2025-09-09 09_52_52.694-05_00_leaf.png,3361200,0.15,1842
device2,device2_1842_LeafPhotoA_2025-09-09 09_53_22.973-05_00_leaf.png,3371286,0.15,1842
device2,device2_1843_LeafPhotoA_2025-09-09 09_53_53.963-05_00_leaf.png,4490339,0.22,1843
device2,device2_1843_LeafPhotoA_2025-09-09 09_54_14.316-05_00_leaf.png,3862456,0.03,1843
device2,device2_1843_LeafPhotoA_2025-09-09 09_54_29.186-05_00_leaf.png,4415597,0,1843
device2,device2_1844_LeafPhotoA_2025-09-09 09_54_54.323-05_00_leaf.png,4006859,0.18,1844
device2,device2_1844_LeafPhotoA_2025-09-09 09_55_08.082-05_00_leaf.png,4537030,0.5,1844
device2,device2_1844_LeafPhotoA_2025-09-09 09_55_23.675-05_00_leaf.png,4478882,0.04,1844
device2,device2_1845_LeafPhotoA_2025-09-09 09_56_13.820-05_00_leaf.png,4603999,0.02,1845
device2,device2_1845_LeafPhotoA_2025-09-09 09_56_53.032-05_00_leaf.png,4680941,0.09,1845
device2,device2_1845_LeafPhotoA_2025-09-09 09_57_25.069-05_00_leaf.png,5145934,0.08,1845
device2,device2_1846_LeafPhotoA_2025-09-09 09_58_16.639-05_00_leaf.png,2102774,0.4,1846
device2,device2_1846_LeafPhotoA_2025-09-09 09_58_18.543-05_00_leaf.png,2102394,0.45,1846
device2,device2_1846_LeafPhotoA_2025-09-09 09_58_43.617-05_00_leaf.png,2897812,0.41,1846
device2,device2_1846_LeafPhotoA_2025-09-09 09_59_49.035-05_00_leaf.png,2732776,1.23,1846
device2,device2_1848_LeafPhotoA_2025-09-09 10_00_59.122-05_00_leaf.png,2827551,0.02,1848
device2,device2_1848_LeafPhotoA_2025-09-09 10_01_18.662-05_00_leaf.png,3675730,0.01,1848
device2,device2_1848_LeafPhotoA_2025-09-09 10_01_35.524-05_00_leaf.png,3295706,0.64,1848
device2,device2_1849_LeafPhotoA_2025-09-09 10_02_04.668-05_00_leaf.png,3452847,0.01,1849
device2,device2_1849_LeafPhotoA_2025-09-09 10_02_20.103-05_00_leaf.png,2312113,0.01,1849
device2,device2_1849_LeafPhotoA_2025-09-09 10_02_39.137-05_00_leaf.png,3155054,0.02,1849
device2,device2_1850_LeafPhotoA_2025-09-09 10_03_09.761-05_00_leaf.png,3917105,6.27,1850
device2,device2_1850_LeafPhotoA_2025-09-09 10_03_39.043-05_00_leaf.png,2855129,2.24,1850
device2,device2_1850_LeafPhotoA_2025-09-09 10_04_00.731-05_00_leaf.png,2766824,0.8,1850
device2,device2_1957_LeafPhotoA_2025-09-09 17_15_45.226-05_00_leaf.png,4492830,0.01,1957
device2,device2_1957_LeafPhotoA_2025-09-09 17_16_19.606-05_00_leaf.png,4854415,0.01,1957
device2,device2_1957_LeafPhotoA_2025-09-09 17_16_42.339-05_00_leaf.png,3399403,0,1957
device2,device2_1958_LeafPhotoA_2025-09-09 17_13_52.082-05_00_leaf.png,3292988,0.26,1958
device2,device2_1958_LeafPhotoA_2025-09-09 17_14_17.079-05_00_leaf.png,4379045,0.08,1958
device2,device2_1958_LeafPhotoA_2025-09-09 17_15_04.442-05_00_leaf.png,5083235,0.18,1958
device2,device2_2101_LeafPhotoA_2025-09-08 10_53_21.932-05_00_leaf.png,5527985,2.72,2101
device2,device2_2101_LeafPhotoA_2025-09-08 10_53_40.932-05_00_leaf.png,2827824,0.03,2101
device2,device2_2101_LeafPhotoA_2025-09-08 10_54_10.965-05_00_leaf.png,2006647,1.7,2101
device2,device2_2102_LeafPhotoA_2025-09-08 10_54_52.185-05_00_leaf.png,3169900,1.57,2102
device2,device2_2102_LeafPhotoA_2025-09-08 10_55_20.287-05_00_leaf.png,3538383,3.3,2102
device2,device2_2102_LeafPhotoA_2025-09-08 10_55_37.852-05_00_leaf.png,3558954,1.47,2102
device2,device2_2104_LeafPhotoA_2025-09-08 10_57_30.453-05_00_leaf.png,4789403,0.1,2104
device2,device2_2104_LeafPhotoA_2025-09-08 10_57_47.242-05_00_leaf.png,5129655,1.43,2104
device2,device2_2104_LeafPhotoA_2025-09-08 10_58_03.934-05_00_leaf.png,4275813,0.25,2104
device2,device2_2105_LeafPhotoA_2025-09-08 10_58_38.812-05_00_leaf.png,3266452,0.57,2105
device2,device2_2105_LeafPhotoA_2025-09-08 10_59_12.941-05_00_leaf.png,4005388,0.19,2105
device2,device2_2105_LeafPhotoA_2025-09-08 10_59_34.360-05_00_leaf.png,3020205,3.77,2105
device2,device2_2106_LeafPhotoA_2025-09-08 11_00_29.676-05_00_leaf.png,3934110,0.05,2106
device2,device2_2106_LeafPhotoA_2025-09-08 11_01_04.699-05_00_leaf.png,4418562,0,2106
device2,device2_2106_LeafPhotoA_2025-09-08 11_01_23.828-05_00_leaf.png,3989577,0.08,2106
device2,device2_2107_LeafPhotoA_2025-09-08 11_02_19.026-05_00_leaf.png,2814422,0.07,2107
device2,device2_2107_LeafPhotoA_2025-09-08 11_02_37.715-05_00_leaf.png,4221890,0.12,2107
device2,device2_2107_LeafPhotoA_2025-09-08 11_02_57.699-05_00_leaf.png,4745314,0.05,2107
device2,device2_2108_LeafPhotoA_2025-09-08 11_03_55.008-05_00_leaf.png,2934777,0.03,2108
device2,device2_2108_LeafPhotoA_2025-09-08 11_04_15.373-05_00_leaf.png,3822183,0.11,2108
device2,device2_2108_LeafPhotoA_2025-09-08 11_04_46.395-05_00_leaf.png,3416668,0.13,2108
device2,device2_2109_LeafPhotoA_2025-09-08 11_05_30.028-05_00_leaf.png,4279066,2.03,2109
device2,device2_2109_LeafPhotoA_2025-09-08 11_06_01.858-05_00_leaf.png,4936592,0.71,2109
device2,device2_2109_LeafPhotoA_2025-09-08 11_06_38.271-05_00_leaf.png,4713325,0.68,2109
device2,device2_2110_LeafPhotoA_2025-09-08 11_07_19.238-05_00_leaf.png,3478159,0.03,2110
device2,device2_2110_LeafPhotoA_2025-09-08 11_07_42.700-05_00_leaf.png,3993458,0.01,2110
device2,device2_2110_LeafPhotoA_2025-09-08 11_08_01.451-05_00_leaf.png,4858527,0,2110
device2,device2_2111_LeafPhotoA_2025-09-08 11_08_49.106-05_00_leaf.png,3075917,0.03,2111
device2,device2_2111_LeafPhotoA_2025-09-08 11_09_07.834-05_00_leaf.png,2164363,0,2111
device2,device2_2111_LeafPhotoA_2025-09-08 11_09_27.004-05_00_leaf.png,3280907,0.01,2111
device2,device2_2112_LeafPhotoA_2025-09-08 11_10_23.055-05_00_leaf.png,4600970,0.12,2112
device2,device2_2112_LeafPhotoA_2025-09-08 11_11_01.123-05_00_leaf.png,5198991,0.25,2112
device2,device2_2112_LeafPhotoA_2025-09-08 11_11_21.201-05_00_leaf.png,4225927,0.11,2112
device2,device2_2113_LeafPhotoA_2025-09-08 11_12_12.957-05_00_leaf.png,5593561,0.66,2113
device2,device2_2113_LeafPhotoA_2025-09-08 11_12_39.081-05_00_leaf.png,4487383,0.57,2113
device2,device2_2113_LeafPhotoA_2025-09-08 11_13_21.841-05_00_leaf.png,2719851,0.07,2113
device2,device2_2114_LeafPhotoA_2025-09-08 11_14_11.562-05_00_leaf.png,1807142,1,2114
device2,device2_2114_LeafPhotoA_2025-09-08 11_14_43.534-05_00_leaf.png,1381669,1.05,2114
device2,device2_2114_LeafPhotoA_2025-09-08 11_15_30.762-05_00_leaf.png,2072943,5.96,2114
device2,device2_2115_LeafPhotoA_2025-09-08 11_16_33.968-05_00_leaf.png,2751053,0.3,2115
device2,device2_2115_LeafPhotoA_2025-09-08 11_16_57.411-05_00_leaf.png,2309164,0.57,2115
device2,device2_2115_LeafPhotoA_2025-09-08 11_18_02.749-05_00_leaf.png,3016149,0.3,2115
device2,device2_2116_LeafPhotoA_2025-09-08 11_18_49.586-05_00_leaf.png,3997386,0.07,2116
device2,device2_2116_LeafPhotoA_2025-09-08 11_19_01.321-05_00_leaf.png,3972385,0.17,2116
device2,device2_2116_LeafPhotoA_2025-09-08 11_19_32.377-05_00_leaf.png,3204793,0.01,2116
device2,device2_2117_LeafPhotoA_2025-09-08 11_20_56.207-05_00_leaf.png,2520837,0.51,2117
device2,device2_2117_LeafPhotoA_2025-09-08 11_21_31.258-05_00_leaf.png,3462620,2.29,2117
device2,device2_2117_LeafPhotoA_2025-09-08 11_22_01.521-05_00_leaf.png,3086063,1.43,2117
device2,device2_2118_LeafPhotoA_2025-09-08 11_23_14.627-05_00_leaf.png,2992404,0.17,2118
device2,device2_2118_LeafPhotoA_2025-09-08 11_23_52.016-05_00_leaf.png,3041719,0.69,2118
device2,device2_2118_LeafPhotoA_2025-09-08 11_24_23.851-05_00_leaf.png,4848248,4.77,2118
device2,device2_2119_LeafPhotoA_2025-09-08 11_27_35.133-05_00_leaf.png,5354231,0.18,2119
device2,device2_2119_LeafPhotoA_2025-09-08 11_28_09.281-05_00_leaf.png,4343733,2.58,2119
device2,device2_2119_LeafPhotoA_2025-09-08 11_28_47.667-05_00_leaf.png,3354510,0.14,2119
device2,device2_2120_LeafPhotoA_2025-09-08 11_30_05.277-05_00_leaf.png,3533647,5.87,2120
device2,device2_2120_LeafPhotoA_2025-09-08 11_30_27.361-05_00_leaf.png,4072023,7.32,2120
device2,device2_2120_LeafPhotoA_2025-09-08 11_31_02.513-05_00_leaf.png,2353487,0.49,2120
device2,device2_2121_LeafPhotoA_2025-09-08 11_35_13.707-05_00_leaf.png,3101846,0.08,2121
device2,device2_2121_LeafPhotoA_2025-09-08 11_35_28.120-05_00_leaf.png,3195791,0.27,2121
device2,device2_2121_LeafPhotoA_2025-09-08 11_35_44.356-05_00_leaf.png,2963465,1,2121
device2,device2_2122_LeafPhotoA_2025-09-08 11_36_16.313-05_00_leaf.png,2704466,0.06,2122
device2,device2_2122_LeafPhotoA_2025-09-08 11_36_36.570-05_00_leaf.png,3043177,0.2,2122
device2,device2_2122_LeafPhotoA_2025-09-08 11_37_02.707-05_00_leaf.png,2202475,0.55,2122
device2,device2_2123_LeafPhotoA_2025-09-08 11_37_55.884-05_00_leaf.png,3836198,0.35,2123
device2,device2_2123_LeafPhotoA_2025-09-08 11_39_04.236-05_00_leaf.png,5084707,0.39,2123
device2,device2_2123_LeafPhotoA_2025-09-08 11_39_34.348-05_00_leaf.png,4130619,0.06,2123
device2,device2_2124_LeafPhotoA_2025-09-08 11_40_14.032-05_00_leaf.png,2777662,0.25,2124
device2,device2_2124_LeafPhotoA_2025-09-08 11_40_31.153-05_00_leaf.png,3012469,5.54,2124
device2,device2_2124_LeafPhotoA_2025-09-08 11_40_47.692-05_00_leaf.png,3566318,0.92,2124
device2,device2_2125_LeafPhotoA_2025-09-08 11_41_15.143-05_00_leaf.png,2382825,0,2125
device2,device2_2125_LeafPhotoA_2025-09-08 11_41_32.008-05_00_leaf.png,2780337,0.56,2125
device2,device2_2125_LeafPhotoA_2025-09-08 11_41_48.033-05_00_leaf.png,3203337,0.05,2125
device2,device2_2126_LeafPhotoA_2025-09-08 11_42_41.989-05_00_leaf.png,3447943,0.24,2126
device2,device2_2126_LeafPhotoA_2025-09-08 11_43_18.978-05_00_leaf.png,1671632,0.01,2126
device2,device2_2126_LeafPhotoA_2025-09-08 11_43_37.367-05_00_leaf.png,5074523,1.06,2126
device2,device2_2127_LeafPhotoA_2025-09-08 11_44_05.581-05_00_leaf.png,4004151,0.54,2127
device2,device2_2127_LeafPhotoA_2025-09-08 11_44_25.013-05_00_leaf.png,4420936,0.32,2127
device2,device2_2127_LeafPhotoA_2025-09-08 11_44_47.310-05_00_leaf.png,3172928,0.43,2127
device2,device2_2128_LeafPhotoA_2025-09-08 11_45_15.030-05_00_leaf.png,2647568,0.01,2128
device2,device2_2128_LeafPhotoA_2025-09-08 11_45_30.525-05_00_leaf.png,3821789,0.02,2128
device2,device2_2128_LeafPhotoA_2025-09-08 11_45_58.923-05_00_leaf.png,4624478,0.07,2128
device2,device2_2129_LeafPhotoA_2025-09-08 11_46_31.339-05_00_leaf.png,3785404,0.03,2129
device2,device2_2129_LeafPhotoA_2025-09-08 11_46_50.494-05_00_leaf.png,3812076,0.26,2129
device2,device2_2129_LeafPhotoA_2025-09-08 11_47_13.878-05_00_leaf.png,2991239,0.03,2129
device2,device2_2130_LeafPhotoA_2025-09-08 11_48_17.799-05_00_leaf.png,3073737,0.28,2130
device2,device2_2130_LeafPhotoA_2025-09-08 11_48_43.180-05_00_leaf.png,4545808,3.96,2130
device2,device2_2130_LeafPhotoA_2025-09-08 11_49_10.108-05_00_leaf.png,3415556,0.31,2130
device2,device2_2131_LeafPhotoA_2025-09-08 11_49_49.248-05_00_leaf.png,3042632,0.27,2131
device2,device2_2131_LeafPhotoA_2025-09-08 11_50_05.287-05_00_leaf.png,4294313,0.1,2131
device2,device2_2131_LeafPhotoA_2025-09-08 11_50_25.777-05_00_leaf.png,2227628,0.05,2131
device2,device2_2132_LeafPhotoA_2025-09-08 11_51_19.739-05_00_leaf.png,3491639,0.08,2132
device2,device2_2132_LeafPhotoA_2025-09-08 11_51_38.059-05_00_leaf.png,3269862,0.51,2132
device2,device2_2132_LeafPhotoA_2025-09-08 11_52_06.627-05_00_leaf.png,3475605,1.84,2132
device2,device2_2133_LeafPhotoA_2025-09-08 11_52_44.034-05_00_leaf.png,3865597,0,2133
device2,device2_2133_LeafPhotoA_2025-09-08 11_53_11.383-05_00_leaf.png,3833737,0,2133
device2,device2_2133_LeafPhotoA_2025-09-08 11_53_41.466-05_00_leaf.png,3859036,0,2133
device2,device2_2134_LeafPhotoA_2025-09-08 11_54_08.535-05_00_leaf.png,3765709,0,2134
device2,device2_2134_LeafPhotoA_2025-09-08 11_54_27.192-05_00_leaf.png,4266642,0.09,2134
device2,device2_2134_LeafPhotoA_2025-09-08 11_54_43.870-05_00_leaf.png,4474236,0.62,2134
device2,device2_2135_LeafPhotoA_2025-09-08 11_55_20.941-05_00_leaf.png,4032385,0.28,2135
device2,device2_2135_LeafPhotoA_2025-09-08 11_55_34.208-05_00_leaf.png,3527936,9.44,2135
device2,device2_2135_LeafPhotoA_2025-09-08 11_55_49.375-05_00_leaf.png,3799757,0.09,2135
device2,device2_2136_LeafPhotoA_2025-09-08 11_56_30.205-05_00_leaf.png,2602549,1.23,2136
device2,device2_2136_LeafPhotoA_2025-09-08 11_56_48.263-05_00_leaf.png,2897586,0.86,2136
device2,device2_2136_LeafPhotoA_2025-09-08 11_57_17.186-05_00_leaf.png,3125781,1.49,2136
device2,device2_2137_LeafPhotoA_2025-09-08 11_58_14.843-05_00_leaf.png,2764538,0.43,2137
device2,device2_2137_LeafPhotoA_2025-09-08 11_58_36.176-05_00_leaf.png,3084089,1.56,2137
device2,device2_2137_LeafPhotoA_2025-09-08 11_58_54.998-05_00_leaf.png,2547845,10.06,2137
device2,device2_2138_LeafPhotoA_2025-09-08 11_59_23.566-05_00_leaf.png,3897988,0.77,2138
device2,device2_2138_LeafPhotoA_2025-09-08 11_59_41.707-05_00_leaf.png,3371703,0.51,2138
device2,device2_2138_LeafPhotoA_2025-09-08 11_59_55.761-05_00_leaf.png,3566703,1.11,2138
device2,device2_2139_LeafPhotoA_2025-09-08 12_00_29.693-05_00_leaf.png,4517638,4.28,2139
device2,device2_2139_LeafPhotoA_2025-09-08 12_00_51.134-05_00_leaf.png,5041861,3.8,2139
device2,device2_2139_LeafPhotoA_2025-09-08 12_01_10.749-05_00_leaf.png,2688917,2.62,2139
device2,device2_2140_LeafPhotoA_2025-09-08 12_01_54.848-05_00_leaf.png,3753536,4.55,2140
device2,device2_2140_LeafPhotoA_2025-09-08 12_02_14.190-05_00_leaf.png,2831332,0.49,2140
device2,device2_2140_LeafPhotoA_2025-09-08 12_02_50.308-05_00_leaf.png,3234478,1.9,2140
device2,device2_2141_LeafPhotoA_2025-09-08 12_03_30.635-05_00_leaf.png,2994186,0.88,2141
device2,device2_2141_LeafPhotoA_2025-09-08 12_03_51.292-05_00_leaf.png,3163134,0.02,2141
device2,device2_2141_LeafPhotoA_2025-09-08 12_04_08.417-05_00_leaf.png,4114287,1.52,2141
device2,device2_2142_LeafPhotoA_2025-09-08 12_04_48.465-05_00_leaf.png,4355411,0.29,2142
device2,device2_2142_LeafPhotoA_2025-09-08 12_05_08.833-05_00_leaf.png,3561896,0.01,2142
device2,device2_2142_LeafPhotoA_2025-09-08 12_05_55.661-05_00_leaf.png,5417172,0.1,2142
device2,device2_2143_LeafPhotoA_2025-09-08 12_06_30.982-05_00_leaf.png,3786910,0.15,2143
device2,device2_2143_LeafPhotoA_2025-09-08 12_06_55.272-05_00_leaf.png,3708617,0.39,2143
device2,device2_2143_LeafPhotoA_2025-09-08 12_07_12.647-05_00_leaf.png,3867211,0.62,2143
device2,device2_2144_LeafPhotoA_2025-09-08 12_08_04.287-05_00_leaf.png,4559434,0.81,2144
device2,device2_2144_LeafPhotoA_2025-09-08 12_08_32.877-05_00_leaf.png,3668633,0.14,2144
device2,device2_2144_LeafPhotoA_2025-09-08 12_08_59.362-05_00_leaf.png,4533035,0.69,2144
device2,device2_2145_LeafPhotoA_2025-09-08 12_11_53.988-05_00_leaf.png,3213051,1.35,2145
device2,device2_2145_LeafPhotoA_2025-09-08 12_12_18.335-05_00_leaf.png,3768961,1.15,2145
device2,device2_2145_LeafPhotoA_2025-09-08 12_12_59.236-05_00_leaf.png,4002400,0.72,2145
device2,device2_2146_LeafPhotoA_2025-09-08 12_13_34.936-05_00_leaf.png,3976270,0.25,2146
device2,device2_2146_LeafPhotoA_2025-09-08 12_13_58.787-05_00_leaf.png,4100662,0.57,2146
device2,device2_2146_LeafPhotoA_2025-09-08 12_14_28.664-05_00_leaf.png,2976869,0.65,2146
device2,device2_2147_LeafPhotoA_2025-09-08 12_17_39.207-05_00_leaf.png,3519859,2.29,2147
device2,device2_2147_LeafPhotoA_2025-09-08 12_17_59.772-05_00_leaf.png,4100576,0.34,2147
device2,device2_2147_LeafPhotoA_2025-09-08 12_18_14.764-05_00_leaf.png,2593450,0.45,2147
device2,device2_2148_LeafPhotoA_2025-09-08 12_18_57.574-05_00_leaf.png,2360909,0.15,2148
device2,device2_2148_LeafPhotoA_2025-09-08 12_19_21.001-05_00_leaf.png,2645210,0.36,2148
device2,device2_2148_LeafPhotoA_2025-09-08 12_19_50.290-05_00_leaf.png,2447591,0.39,2148
device2,device2_2149_LeafPhotoA_2025-09-08 12_20_25.908-05_00_leaf.png,4535065,0.22,2149
device2,device2_2149_LeafPhotoA_2025-09-08 12_20_42.863-05_00_leaf.png,4848166,0.3,2149
device2,device2_2149_LeafPhotoA_2025-09-08 12_21_08.100-05_00_leaf.png,4283268,0.11,2149
device2,device2_2150_LeafPhotoA_2025-09-08 12_22_07.286-05_00_leaf.png,3962345,0.08,2150
device2,device2_2150_LeafPhotoA_2025-09-08 12_22_24.870-05_00_leaf.png,2526419,0.36,2150
device2,device2_2150_LeafPhotoA_2025-09-08 12_22_44.950-05_00_leaf.png,1958125,0.45,2150
device2,device2_2151_LeafPhotoA_2025-09-08 12_25_03.831-05_00_leaf.png,2647273,7.1,2151
device2,device2_2151_LeafPhotoA_2025-09-08 12_25_22.655-05_00_leaf.png,4858041,3.31,2151
device2,device2_2151_LeafPhotoA_2025-09-08 12_25_52.464-05_00_leaf.png,3527633,0.7,2151
device2,device2_2152_LeafPhotoA_2025-09-08 12_27_14.646-05_00_leaf.png,4737423,0.04,2152
device2,device2_2152_LeafPhotoA_2025-09-08 12_27_35.519-05_00_leaf.png,3754023,0.42,2152
device2,device2_2152_LeafPhotoA_2025-09-08 12_27_54.253-05_00_leaf.png,4142541,0.52,2152
device2,device2_2153_LeafPhotoA_2025-09-08 12_28_18.695-05_00_leaf.png,3869011,0.18,2153
device2,device2_2153_LeafPhotoA_2025-09-08 12_28_41.123-05_00_leaf.png,4138559,1.05,2153
device2,device2_2153_LeafPhotoA_2025-09-08 12_29_10.390-05_00_leaf.png,2885402,0.02,2153
device2,device2_2154_LeafPhotoA_2025-09-08 12_30_04.473-05_00_leaf.png,4625229,1.03,2154
device2,device2_2154_LeafPhotoA_2025-09-08 12_30_32.350-05_00_leaf.png,5169374,4.43,2154
device2,device2_2154_LeafPhotoA_2025-09-08 12_30_58.351-05_00_leaf.png,3870744,5.22,2154
device2,device2_2156_LeafPhotoA_2025-09-08 12_32_46.869-05_00_leaf.png,4348683,7.14,2156
device2,device2_2156_LeafPhotoA_2025-09-08 12_33_17.231-05_00_leaf.png,2670521,2.27,2156
device2,device2_2156_LeafPhotoA_2025-09-08 12_33_27.869-05_00_leaf.png,2846788,3.8,2156
device2,device2_2157_LeafPhotoA_2025-09-08 12_34_09.263-05_00_leaf.png,1596383,0.35,2157
device2,device2_2157_LeafPhotoA_2025-09-08 12_34_40.264-05_00_leaf.png,1668096,0,2157
device2,device2_2157_LeafPhotoA_2025-09-08 12_34_57.239-05_00_leaf.png,1556401,0,2157
device2,device2_2158_LeafPhotoA_2025-09-08 12_35_42.896-05_00_leaf.png,4539424,0.34,2158
device2,device2_2158_LeafPhotoA_2025-09-08 12_36_18.286-05_00_leaf.png,3075380,0.08,2158
device2,device2_2158_LeafPhotoA_2025-09-08 12_36_35.506-05_00_leaf.png,2775551,0,2158
device2,device2_2159_LeafPhotoA_2025-09-08 12_37_20.810-05_00_leaf.png,3222246,1.29,2159
device2,device2_2159_LeafPhotoA_2025-09-08 12_37_41.670-05_00_leaf.png,3471034,1.87,2159
device2,device2_2159_LeafPhotoA_2025-09-08 12_38_08.474-05_00_leaf.png,3935363,0.05,2159
device2,device2_2160_LeafPhotoA_2025-09-08 12_38_59.488-05_00_leaf.png,3022571,1.03,2160
device2,device2_2160_LeafPhotoA_2025-09-08 12_39_41.341-05_00_leaf.png,2433769,0.12,2160
device2,device2_2160_LeafPhotoA_2025-09-08 12_40_02.144-05_00_leaf.png,3391155,0.2,2160
device2,device2_2628_LeafPhotoA_2025-09-09 11_57_11.819-05_00_leaf.png,5288189,1.83,2628
device2,device2_2628_LeafPhotoA_2025-09-09 11_57_32.124-05_00_leaf.png,4070753,0.11,2628
device2,device2_2629_LeafPhotoA_2025-09-09 11_55_55.502-05_00_leaf.png,3520752,0.1,2629
device2,device2_2629_LeafPhotoA_2025-09-09 11_56_10.222-05_00_leaf.png,2658855,0.35,2629
device2,device2_2629_LeafPhotoA_2025-09-09 11_56_31.608-05_00_leaf.png,3526312,1.22,2629
device2,device2_2630_LeafPhotoA_2025-09-09 11_53_58.743-05_00_leaf.png,5130879,0.21,2630
device2,device2_2630_LeafPhotoA_2025-09-09 11_55_07.763-05_00_leaf.png,2633477,4.36,2630
device2,device2_2630_LeafPhotoA_2025-09-09 11_55_28.286-05_00_leaf.png,3341655,1.54,2630
device2,device2_2631_LeafPhotoA_2025-09-09 11_48_13.981-05_00_leaf.png,3167784,0.08,2631
device2,device2_2631_LeafPhotoA_2025-09-09 11_48_31.518-05_00_leaf.png,4082012,0.42,2631
device2,device2_2631_LeafPhotoA_2025-09-09 11_48_53.491-05_00_leaf.png,4077788,2.11,2631
device2,device2_2632_LeafPhotoA_2025-09-09 11_46_23.207-05_00_leaf.png,1839292,0,2632
device2,device2_2632_LeafPhotoA_2025-09-09 11_46_42.739-05_00_leaf.png,2320440,2.88,2632
device2,device2_2632_LeafPhotoA_2025-09-09 11_47_03.275-05_00_leaf.png,2573936,0.55,2632
device2,device2_2633_LeafPhotoA_2025-09-09 11_45_24.257-05_00_leaf.png,3270090,0.11,2633
device2,device2_2633_LeafPhotoA_2025-09-09 11_45_39.167-05_00_leaf.png,3344831,0,2633
device2,device2_2633_LeafPhotoA_2025-09-09 11_45_59.003-05_00_leaf.png,4419993,0.27,2633
device2,device2_2634_LeafPhotoA_2025-09-09 11_44_28.338-05_00_leaf.png,2175428,0.1,2634
device2,device2_2634_LeafPhotoA_2025-09-09 11_44_43.269-05_00_leaf.png,2228915,0.34,2634
device2,device2_2634_LeafPhotoA_2025-09-09 11_45_02.226-05_00_leaf.png,2155653,0.05,2634
device2,device2_2634_LeafPhotoA_2025-09-09 11_45_03.345-05_00_leaf.png,2162601,0.07,2634
device2,device2_2635_LeafPhotoA_2025-09-09 11_43_29.677-05_00_leaf.png,4280331,1.63,2635
device2,device2_2635_LeafPhotoA_2025-09-09 11_43_49.303-05_00_leaf.png,2417433,0.01,2635
device2,device2_2635_LeafPhotoA_2025-09-09 11_44_06.336-05_00_leaf.png,4247192,1.42,2635
device2,device2_2636_LeafPhotoA_2025-09-09 11_41_17.741-05_00_leaf.png,5003954,0.39,2636
device2,device2_2636_LeafPhotoA_2025-09-09 11_41_35.525-05_00_leaf.png,4835436,0.18,2636
device2,device2_2636_LeafPhotoA_2025-09-09 11_41_59.309-05_00_leaf.png,4823602,0.07,2636
device2,device2_2637_LeafPhotoA_2025-09-09 11_39_51.050-05_00_leaf.png,4732264,0.16,2637
device2,device2_2637_LeafPhotoA_2025-09-09 11_39_54.548-05_00_leaf.png,4733039,0.16,2637
device2,device2_2637_LeafPhotoA_2025-09-09 11_40_07.094-05_00_leaf.png,3632707,0.08,2637
device2,device2_2637_LeafPhotoA_2025-09-09 11_40_45.027-05_00_leaf.png,3331962,0.14,2637
device2,device2_2638_LeafPhotoA_2025-09-09 11_37_20.764-05_00_leaf.png,3897500,2.32,2638
device2,device2_2638_LeafPhotoA_2025-09-09 11_37_35.895-05_00_leaf.png,3746844,2.16,2638
device2,device2_2639_LeafPhotoA_2025-09-09 11_36_29.590-05_00_leaf.png,2841650,0.15,2639
device2,device2_2639_LeafPhotoA_2025-09-09 11_36_43.627-05_00_leaf.png,4858692,3.01,2639
device2,device2_2639_LeafPhotoA_2025-09-09 11_37_01.257-05_00_leaf.png,3452242,0.03,2639
device2,device2_2640_LeafPhotoA_2025-09-09 11_35_19.283-05_00_leaf.png,2271426,0.95,2640
device2,device2_2640_LeafPhotoA_2025-09-09 11_35_38.193-05_00_leaf.png,3399380,3.81,2640
device2,device2_2640_LeafPhotoA_2025-09-09 11_35_53.752-05_00_leaf.png,2667348,7.79,2640
device2,device2_2641_LeafPhotoA_2025-09-09 11_34_16.558-05_00_leaf.png,4253842,0.19,2641
device2,device2_2641_LeafPhotoA_2025-09-09 11_34_20.084-05_00_leaf.png,4242996,0.17,2641
device2,device2_2641_LeafPhotoA_2025-09-09 11_34_33.082-05_00_leaf.png,3421286,0.15,2641
device2,device2_2641_LeafPhotoA_2025-09-09 11_34_35.643-05_00_leaf.png,3419805,0.17,2641
device2,device2_2641_LeafPhotoA_2025-09-09 11_34_55.775-05_00_leaf.png,4057745,0.49,2641
device2,device2_2642_LeafPhotoA_2025-09-09 11_32_53.765-05_00_leaf.png,3660078,3.92,2642
device2,device2_2642_LeafPhotoA_2025-09-09 11_33_07.750-05_00_leaf.png,2467244,0.25,2642
device2,device2_2642_LeafPhotoA_2025-09-09 11_33_22.074-05_00_leaf.png,2706994,0.04,2642
device2,device2_2643_LeafPhotoA_2025-09-09 11_31_46.042-05_00_leaf.png,3630851,13.19,2643
device2,device2_2643_LeafPhotoA_2025-09-09 11_32_04.760-05_00_leaf.png,3551263,3.15,2643
device2,device2_2643_LeafPhotoA_2025-09-09 11_32_21.605-05_00_leaf.png,3782605,4.94,2643
device2,device2_2644_LeafPhotoA_2025-09-09 11_30_52.319-05_00_leaf.png,2831204,0.12,2644
device2,device2_2644_LeafPhotoA_2025-09-09 11_31_05.390-05_00_leaf.png,2979379,0.03,2644
device2,device2_2644_LeafPhotoA_2025-09-09 11_31_18.278-05_00_leaf.png,2993111,0.01,2644
device2,device2_2645_LeafPhotoA_2025-09-09 11_29_40.825-05_00_leaf.png,3201124,0.06,2645
device2,device2_2645_LeafPhotoA_2025-09-09 11_29_58.583-05_00_leaf.png,2776867,0,2645
device2,device2_2645_LeafPhotoA_2025-09-09 11_30_33.412-05_00_leaf.png,3731697,1.29,2645
device2,device2_2646_LeafPhotoA_2025-09-09 11_28_36.823-05_00_leaf.png,3959572,0.67,2646
device2,device2_2646_LeafPhotoA_2025-09-09 11_28_54.998-05_00_leaf.png,4557605,1.99,2646
device2,device2_2646_LeafPhotoA_2025-09-09 11_29_11.117-05_00_leaf.png,4159457,3.33,2646
device2,device2_2648_LeafPhotoA_2025-09-09 11_26_35.297-05_00_leaf.png,4902734,0.14,2648
device2,device2_2648_LeafPhotoA_2025-09-09 11_26_52.423-05_00_leaf.png,4114239,0.34,2648
device2,device2_2648_LeafPhotoA_2025-09-09 11_27_06.528-05_00_leaf.png,4561458,0.13,2648
device2,device2_2649_LeafPhotoA_2025-09-09 11_25_48.055-05_00_leaf.png,2953411,5.07,2649
device2,device2_2649_LeafPhotoA_2025-09-09 11_26_00.362-05_00_leaf.png,1660987,0.44,2649
device2,device2_2649_LeafPhotoA_2025-09-09 11_26_12.925-05_00_leaf.png,3533958,4.82,2649
device2,device2_2650_LeafPhotoA_2025-09-09 11_24_20.852-05_00_leaf.png,3151673,0.03,2650
device2,device2_2650_LeafPhotoA_2025-09-09 11_24_34.938-05_00_leaf.png,2535794,0.01,2650
device2,device2_2650_LeafPhotoA_2025-09-09 11_25_02.540-05_00_leaf.png,4228597,0,2650
device2,device2_2801_LeafPhotoA_2025-09-09 10_07_28.673-05_00_leaf.png,3845821,0.12,2801
device2,device2_2801_LeafPhotoA_2025-09-09 10_08_13.653-05_00_leaf.png,3645826,0.08,2801
device2,device2_2801_LeafPhotoA_2025-09-09 10_08_16.405-05_00_leaf.png,3647117,0.08,2801
device2,device2_2801_LeafPhotoA_2025-09-09 10_08_49.510-05_00_leaf.png,4862009,2.65,2801
device2,device2_2802_LeafPhotoA_2025-09-09 10_09_17.916-05_00_leaf.png,5855386,0.77,2802
device2,device2_2802_LeafPhotoA_2025-09-09 10_10_00.248-05_00_leaf.png,4801623,1.46,2802
device2,device2_2802_LeafPhotoA_2025-09-09 10_10_24.476-05_00_leaf.png,4645505,1.21,2802
device2,device2_2803_LeafPhotoA_2025-09-09 10_10_57.181-05_00_leaf.png,4831270,0,2803
device2,device2_2803_LeafPhotoA_2025-09-09 10_11_12.451-05_00_leaf.png,4259714,0.22,2803
device2,device2_2803_LeafPhotoA_2025-09-09 10_11_32.298-05_00_leaf.png,3561008,0.07,2803
device2,device2_2805_LeafPhotoA_2025-09-09 10_12_29.804-05_00_leaf.png,3573886,0.09,2805
device2,device2_2805_LeafPhotoA_2025-09-09 10_12_57.980-05_00_leaf.png,3132403,0.09,2805
device2,device2_2805_LeafPhotoA_2025-09-09 10_13_28.235-05_00_leaf.png,3819914,0.07,2805
device2,device2_2806_LeafPhotoA_2025-09-09 10_14_07.822-05_00_leaf.png,3264044,0.24,2806
device2,device2_2806_LeafPhotoA_2025-09-09 10_14_28.933-05_00_leaf.png,4936579,0.15,2806
device2,device2_2806_LeafPhotoA_2025-09-09 10_14_53.350-05_00_leaf.png,4259502,0.04,2806
device2,device2_2807_LeafPhotoA_2025-09-09 10_15_13.179-05_00_leaf.png,3299288,0.01,2807
device2,device2_2807_LeafPhotoA_2025-09-09 10_15_33.932-05_00_leaf.png,4202874,2.35,2807
device2,device2_2807_LeafPhotoA_2025-09-09 10_15_57.305-05_00_leaf.png,4073388,0.71,2807
device2,device2_2808_LeafPhotoA_2025-09-09 10_16_50.324-05_00_leaf.png,3527325,0.18,2808
device2,device2_2809_LeafPhotoA_2025-09-09 10_18_24.611-05_00_leaf.png,1679681,0,2809
device2,device2_2809_LeafPhotoA_2025-09-09 10_18_44.946-05_00_leaf.png,1619518,0,2809
device2,device2_2809_LeafPhotoA_2025-09-09 10_19_02.584-05_00_leaf.png,1696064,0,2809
device2,device2_2810_LeafPhotoA_2025-09-09 10_19_57.877-05_00_leaf.png,3918169,0.58,2810
device2,device2_2810_LeafPhotoA_2025-09-09 10_20_27.932-05_00_leaf.png,3384967,1.02,2810
device2,device2_2810_LeafPhotoA_2025-09-09 10_20_53.087-05_00_leaf.png,3832862,0.2,2810
device2,device2_2811_LeafPhotoA_2025-09-09 10_21_27.594-05_00_leaf.png,5047197,0,2811
device2,device2_2811_LeafPhotoA_2025-09-09 10_21_52.940-05_00_leaf.png,5727099,0,2811
device2,device2_2811_LeafPhotoA_2025-09-09 10_22_16.773-05_00_leaf.png,5348870,0,2811
device2,device2_2812_LeafPhotoA_2025-09-09 10_22_55.766-05_00_leaf.png,2935411,4.75,2812
device2,device2_2812_LeafPhotoA_2025-09-09 10_23_14.511-05_00_leaf.png,2646257,1.41,2812
device2,device2_2812_LeafPhotoA_2025-09-09 10_23_49.001-05_00_leaf.png,3299045,0.63,2812
device2,device2_2813_LeafPhotoA_2025-09-09 10_24_11.025-05_00_leaf.png,3204850,0.15,2813
device2,device2_2813_LeafPhotoA_2025-09-09 10_24_25.691-05_00_leaf.png,4432103,0.04,2813
device2,device2_2813_LeafPhotoA_2025-09-09 10_24_50.048-05_00_leaf.png,5646132,0.49,2813
device2,device2_2814_LeafPhotoA_2025-09-09 10_25_25.625-05_00_leaf.png,1737652,34.57,2814
device2,device2_2814_LeafPhotoA_2025-09-09 10_25_44.101-05_00_leaf.png,2314721,6.21,2814
device2,device2_2815_LeafPhotoA_2025-09-09 10_26_56.411-05_00_leaf.png,4463384,0.09,2815
device2,device2_2815_LeafPhotoA_2025-09-09 10_27_13.250-05_00_leaf.png,4028470,0.15,2815
device2,device2_2815_LeafPhotoA_2025-09-09 10_27_33.982-05_00_leaf.png,4536350,0.12,2815
device2,device2_2816_LeafPhotoA_2025-09-09 10_27_56.787-05_00_leaf.png,2934378,0.24,2816
device2,device2_2816_LeafPhotoA_2025-09-09 10_28_13.960-05_00_leaf.png,3423223,0.02,2816
device2,device2_2816_LeafPhotoA_2025-09-09 10_28_34.319-05_00_leaf.png,2622288,0.04,2816
device2,device2_2817_LeafPhotoA_2025-09-09 10_29_12.059-05_00_leaf.png,4780810,0.51,2817
device2,device2_2817_LeafPhotoA_2025-09-09 10_29_25.768-05_00_leaf.png,4130878,0.02,2817
device2,device2_2817_LeafPhotoA_2025-09-09 10_29_27.945-05_00_leaf.png,4130181,0.03,2817
device2,device2_2817_LeafPhotoA_2025-09-09 10_29_42.079-05_00_leaf.png,4126464,0.02,2817
device2,device2_2818_LeafPhotoA_2025-09-09 10_30_07.956-05_00_leaf.png,4002656,0.56,2818
device2,device2_2818_LeafPhotoA_2025-09-09 10_30_23.950-05_00_leaf.png,3240357,0.11,2818
device2,device2_2818_LeafPhotoA_2025-09-09 10_30_50.378-05_00_leaf.png,4218559,0.1,2818
device2,device2_2819_LeafPhotoA_2025-09-09 10_31_41.756-05_00_leaf.png,2731485,0.05,2819
device2,device2_2819_LeafPhotoA_2025-09-09 10_31_56.479-05_00_leaf.png,283735,4.32,2819
device2,device2_2819_LeafPhotoA_2025-09-09 10_32_15.407-05_00_leaf.png,3698845,5.17,2819
device2,device2_2820_LeafPhotoA_2025-09-09 10_32_42.261-05_00_leaf.png,6124843,1.21,2820
device2,device2_2820_LeafPhotoA_2025-09-09 10_33_04.221-05_00_leaf.png,4817174,0.61,2820
device2,device2_2820_LeafPhotoA_2025-09-09 10_33_28.800-05_00_leaf.png,4927279,0.06,2820
device2,device2_2820_LeafPhotoA_2025-09-09 10_33_31.424-05_00_leaf.png,4928399,0.07,2820
device2,device2_2821_LeafPhotoA_2025-09-09 10_34_08.388-05_00_leaf.png,2372114,0.07,2821
device2,device2_2821_LeafPhotoA_2025-09-09 10_34_27.626-05_00_leaf.png,2438860,0.02,2821
device2,device2_2821_LeafPhotoA_2025-09-09 10_34_49.622-05_00_leaf.png,3309401,0.25,2821
device2,device2_2822_LeafPhotoA_2025-09-09 10_35_15.302-05_00_leaf.png,4700370,0.08,2822
device2,device2_2822_LeafPhotoA_2025-09-09 10_35_16.906-05_00_leaf.png,4699812,0.08,2822
device2,device2_2822_LeafPhotoA_2025-09-09 10_35_31.815-05_00_leaf.png,3503713,0.01,2822
device2,device2_2822_LeafPhotoA_2025-09-09 10_35_32.479-05_00_leaf.png,3504161,0.01,2822
device2,device2_2822_LeafPhotoA_2025-09-09 10_35_34.346-05_00_leaf.png,3506564,0.01,2822
device2,device2_2822_LeafPhotoA_2025-09-09 10_36_00.143-05_00_leaf.png,4084897,0.01,2822
device2,device2_2823_LeafPhotoA_2025-09-09 10_36_28.299-05_00_leaf.png,4383372,0.12,2823
device2,device2_2823_LeafPhotoA_2025-09-09 10_36_54.593-05_00_leaf.png,3921491,0.04,2823
device2,device2_2823_LeafPhotoA_2025-09-09 10_37_18.413-05_00_leaf.png,5016520,0.08,2823
device2,device2_2824_LeafPhotoA_2025-09-09 10_37_53.818-05_00_leaf.png,3285977,9.12,2824
device2,device2_2824_LeafPhotoA_2025-09-09 10_38_33.539-05_00_leaf.png,3163885,3.18,2824
device2,device2_2824_LeafPhotoA_2025-09-09 10_39_10.209-05_00_leaf.png,2894641,1.13,2824
device2,device2_2825_LeafPhotoA_2025-09-09 10_39_43.098-05_00_leaf.png,4262972,0.34,2825
device2,device2_2825_LeafPhotoA_2025-09-09 10_40_26.007-05_00_leaf.png,4706055,2.12,2825
device2,device2_2825_LeafPhotoA_2025-09-09 10_41_01.791-05_00_leaf.png,2932101,0.03,2825
device2,device2_2826_LeafPhotoA_2025-09-09 10_41_32.330-05_00_leaf.png,3868221,0.08,2826
device2,device2_2826_LeafPhotoA_2025-09-09 10_41_51.874-05_00_leaf.png,4596490,0.09,2826
device2,device2_2826_LeafPhotoA_2025-09-09 10_42_31.280-05_00_leaf.png,4274491,0.5,2826
device2,device2_2827_LeafPhotoA_2025-09-09 10_43_11.100-05_00_leaf.png,5217494,0.04,2827
device2,device2_2827_LeafPhotoA_2025-09-09 10_43_35.236-05_00_leaf.png,5527908,0.08,2827
device2,device2_2827_LeafPhotoA_2025-09-09 10_43_49.887-05_00_leaf.png,4861357,0.15,2827
device2,device2_2828_LeafPhotoA_2025-09-09 10_44_34.263-05_00_leaf.png,3408760,0.06,2828
device2,device2_2828_LeafPhotoA_2025-09-09 10_44_50.138-05_00_leaf.png,4694313,0.01,2828
device2,device2_2828_LeafPhotoA_2025-09-09 10_45_10.386-05_00_leaf.png,2721023,0,2828
device2,device2_2829_LeafPhotoA_2025-09-09 10_45_35.882-05_00_leaf.png,3246738,0.01,2829
device2,device2_2829_LeafPhotoA_2025-09-09 10_45_51.800-05_00_leaf.png,3393948,0.11,2829
device2,device2_2829_LeafPhotoA_2025-09-09 10_46_21.438-05_00_leaf.png,4238834,0.15,2829
device2,device2_2830_LeafPhotoA_2025-09-09 10_46_44.993-05_00_leaf.png,2821152,0.02,2830
device2,device2_2830_LeafPhotoA_2025-09-09 10_46_57.219-05_00_leaf.png,3355470,0.16,2830
device2,device2_2830_LeafPhotoA_2025-09-09 10_47_11.599-05_00_leaf.png,4570705,1.03,2830
device2,device2_2831_LeafPhotoA_2025-09-09 10_47_36.937-05_00_leaf.png,4548267,0.53,2831
device2,device2_2831_LeafPhotoA_2025-09-09 10_48_02.713-05_00_leaf.png,2390923,0.11,2831
device2,device2_2831_LeafPhotoA_2025-09-09 10_48_28.918-05_00_leaf.png,4902757,0.15,2831
device2,device2_2832_LeafPhotoA_2025-09-09 10_48_51.187-05_00_leaf.png,1645108,4.32,2832
device2,device2_2832_LeafPhotoA_2025-09-09 10_49_08.753-05_00_leaf.png,2332542,1.45,2832
device2,device2_2832_LeafPhotoA_2025-09-09 10_49_50.291-05_00_leaf.png,3149842,2.61,2832
device2,device2_2833_LeafPhotoA_2025-09-09 10_50_33.812-05_00_leaf.png,3241146,0.22,2833
device2,device2_2833_LeafPhotoA_2025-09-09 10_51_02.314-05_00_leaf.png,4924167,0.08,2833
device2,device2_2833_LeafPhotoA_2025-09-09 10_55_45.835-05_00_leaf.png,4355929,0.07,2833
device2,device2_2833_LeafPhotoA_2025-09-09 10_55_47.381-05_00_leaf.png,4354462,0.07,2833
device2,device2_2834_LeafPhotoA_2025-09-09 10_57_48.809-05_00_leaf.png,3061710,4.6,2834
device2,device2_2834_LeafPhotoA_2025-09-09 10_58_05.266-05_00_leaf.png,4186014,0.58,2834
device2,device2_2834_LeafPhotoA_2025-09-09 10_58_21.581-05_00_leaf.png,3919202,9.09,2834
device2,device2_2835_LeafPhotoA_2025-09-09 10_58_38.330-05_00_leaf.png,2476930,1.05,2835
device2,device2_2835_LeafPhotoA_2025-09-09 10_58_57.226-05_00_leaf.png,2363989,0.76,2835
device2,device2_2835_LeafPhotoA_2025-09-09 10_59_12.275-05_00_leaf.png,1861114,2.46,2835
device2,device2_2836_LeafPhotoA_2025-09-09 10_59_32.833-05_00_leaf.png,3689329,4.53,2836
device2,device2_2836_LeafPhotoA_2025-09-09 10_59_48.765-05_00_leaf.png,4433657,14.81,2836
device2,device2_2836_LeafPhotoA_2025-09-09 11_00_18.130-05_00_leaf.png,4631308,14.3,2836
device2,device2_2837_LeafPhotoA_2025-09-09 11_00_43.918-05_00_leaf.png,3507065,0.03,2837
device2,device2_2837_LeafPhotoA_2025-09-09 11_00_45.073-05_00_leaf.png,3506311,0.03,2837
device2,device2_2837_LeafPhotoA_2025-09-09 11_01_03.664-05_00_leaf.png,4474066,0.51,2837
device2,device2_2837_LeafPhotoA_2025-09-09 11_01_19.106-05_00_leaf.png,3282082,0.32,2837
device2,device2_2838_LeafPhotoA_2025-09-09 11_01_42.500-05_00_leaf.png,2429194,0.23,2838
device2,device2_2838_LeafPhotoA_2025-09-09 11_02_19.761-05_00_leaf.png,2312366,0.78,2838
device2,device2_2838_LeafPhotoA_2025-09-09 11_02_35.747-05_00_leaf.png,2467207,0.49,2838
device2,device2_2839_LeafPhotoA_2025-09-09 11_03_04.637-05_00_leaf.png,4770097,0.11,2839
device2,device2_2839_LeafPhotoA_2025-09-09 11_03_31.822-05_00_leaf.png,3770040,0.11,2839
device2,device2_2839_LeafPhotoA_2025-09-09 11_03_57.990-05_00_leaf.png,4802177,0.27,2839
device2,device2_2840_LeafPhotoA_2025-09-09 11_04_30.965-05_00_leaf.png,4189330,0.25,2840
device2,device2_2840_LeafPhotoA_2025-09-09 11_04_51.346-05_00_leaf.png,3757477,0.02,2840
device2,device2_2840_LeafPhotoA_2025-09-09 11_05_14.333-05_00_leaf.png,4507075,0.14,2840
device2,device2_2841_LeafPhotoA_2025-09-09 11_05_42.082-05_00_leaf.png,3495765,0.18,2841
device2,device2_2841_LeafPhotoA_2025-09-09 11_06_07.430-05_00_leaf.png,4069201,0.62,2841
device2,device2_2841_LeafPhotoA_2025-09-09 11_06_19.779-05_00_leaf.png,2422168,0.23,2841
device2,device2_2842_LeafPhotoA_2025-09-09 11_06_43.650-05_00_leaf.png,3246051,0.4,2842
device2,device2_2842_LeafPhotoA_2025-09-09 11_06_58.814-05_00_leaf.png,4181858,0.23,2842
device2,device2_2842_LeafPhotoA_2025-09-09 11_07_18.943-05_00_leaf.png,4272649,0.47,2842
device2,device2_2843_LeafPhotoA_2025-09-09 11_07_54.202-05_00_leaf.png,2780218,1.01,2843
device2,device2_2843_LeafPhotoA_2025-09-09 11_08_14.433-05_00_leaf.png,4152151,7.59,2843
device2,device2_2843_LeafPhotoA_2025-09-09 11_08_30.175-05_00_leaf.png,3165668,0.07,2843
device2,device2_2844_LeafPhotoA_2025-09-09 11_13_04.531-05_00_leaf.png,4549105,0.05,2844
device2,device2_2844_LeafPhotoA_2025-09-09 11_13_34.394-05_00_leaf.png,3905899,0.06,2844
device2,device2_2844_LeafPhotoA_2025-09-09 11_13_51.387-05_00_leaf.png,3386192,0.08,2844
device2,device2_2845_LeafPhotoA_2025-09-09 11_14_17.685-05_00_leaf.png,3652151,0.06,2845
device2,device2_2845_LeafPhotoA_2025-09-09 11_15_58.910-05_00_leaf.png,5134267,0.06,2845
device2,device2_2846_LeafPhotoA_2025-09-09 11_16_29.461-05_00_leaf.png,4233569,0.12,2846
device2,device2_2846_LeafPhotoA_2025-09-09 11_16_30.193-05_00_leaf.png,4232740,0.12,2846
device2,device2_2846_LeafPhotoA_2025-09-09 11_16_50.935-05_00_leaf.png,3460658,0,2846
device2,device2_2846_LeafPhotoA_2025-09-09 11_16_52.182-05_00_leaf.png,3468760,0,2846
device2,device2_2846_LeafPhotoA_2025-09-09 11_17_12.295-05_00_leaf.png,4434974,0.23,2846
device2,device2_2847_LeafPhotoA_2025-09-09 11_17_36.980-05_00_leaf.png,4951785,0.57,2847
device2,device2_2847_LeafPhotoA_2025-09-09 11_18_03.261-05_00_leaf.png,8676,7.15,2847
device2,device2_2847_LeafPhotoA_2025-09-09 11_18_26.579-05_00_leaf.png,4847555,0.46,2847
device2,device2_2848_LeafPhotoA_2025-09-09 11_18_47.375-05_00_leaf.png,3872434,0.17,2848
device2,device2_2848_LeafPhotoA_2025-09-09 11_18_50.031-05_00_leaf.png,3872104,0.16,2848
device2,device2_2848_LeafPhotoA_2025-09-09 11_19_03.958-05_00_leaf.png,4271666,0.05,2848
device2,device2_2848_LeafPhotoA_2025-09-09 11_19_25.339-05_00_leaf.png,3946963,0.08,2848
device2,device2_2849_LeafPhotoA_2025-09-09 11_20_03.180-05_00_leaf.png,3072373,0.09,2849
device2,device2_2849_LeafPhotoA_2025-09-09 11_20_05.317-05_00_leaf.png,3072995,0.09,2849
device2,device2_2849_LeafPhotoA_2025-09-09 11_20_32.210-05_00_leaf.png,1970403,0.02,2849
device2,device2_2850_LeafPhotoA_2025-09-09 11_20_57.594-05_00_leaf.png,4650761,5.8,2850
device2,device2_2850_LeafPhotoA_2025-09-09 11_21_12.569-05_00_leaf.png,5432518,1.45,2850
device2,device2_2850_LeafPhotoA_2025-09-09 11_21_37.450-05_00_leaf.png,5092766,6.2,2850
device2,device2_5004_LeafPhotoA_2025-09-09 15_54_54.669-05_00_leaf.png,4349792,0.07,5004
device2,device2_5004_LeafPhotoA_2025-09-09 15_55_39.378-05_00_leaf.png,4893492,0,5004
device2,device2_5004_LeafPhotoA_2025-09-09 15_56_28.732-05_00_leaf.png,4866317,0.16,5004
device2,device2_5006_LeafPhotoA_2025-09-09 16_00_08.315-05_00_leaf.png,5795987,0.14,5006
device2,device2_5006_LeafPhotoA_2025-09-09 16_00_49.089-05_00_leaf.png,3845182,0.73,5006
device2,device2_5006_LeafPhotoA_2025-09-09 16_01_39.048-05_00_leaf.png,3998438,0.08,5006
device2,device2_5007_LeafPhotoA_2025-09-09 16_02_41.830-05_00_leaf.png,4204249,0.83,5007
device2,device2_5007_LeafPhotoA_2025-09-09 16_03_28.672-05_00_leaf.png,2850249,0.06,5007
device2,device2_5007_LeafPhotoA_2025-09-09 16_04_07.687-05_00_leaf.png,1858504,0.18,5007
device2,device2_5008_LeafPhotoA_2025-09-09 16_05_27.813-05_00_leaf.png,2173189,0.1,5008
device2,device2_5008_LeafPhotoA_2025-09-09 16_06_06.742-05_00_leaf.png,2903587,0.03,5008
device2,device2_5008_LeafPhotoA_2025-09-09 16_06_40.356-05_00_leaf.png,3971171,0.1,5008
device2,device2_5009_LeafPhotoA_2025-09-09 16_08_07.304-05_00_leaf.png,4552048,0.14,5009
device2,device2_5009_LeafPhotoA_2025-09-09 16_08_39.148-05_00_leaf.png,3003735,0.12,5009
device2,device2_5009_LeafPhotoA_2025-09-09 16_09_18.180-05_00_leaf.png,5466217,0.14,5009
device2,device2_5010_LeafPhotoA_2025-09-09 16_10_38.483-05_00_leaf.png,4381940,0.27,5010
device2,device2_5010_LeafPhotoA_2025-09-09 16_12_11.860-05_00_leaf.png,3804301,0.03,5010
device2,device2_5010_LeafPhotoA_2025-09-09 16_13_16.205-05_00_leaf.png,4114988,0.08,5010
device2,device2_5011_LeafPhotoA_2025-09-09 16_14_00.630-05_00_leaf.png,4695352,0.03,5011
device2,device2_5011_LeafPhotoA_2025-09-09 16_14_58.369-05_00_leaf.png,4695673,0.07,5011
device2,device2_5011_LeafPhotoA_2025-09-09 16_15_48.428-05_00_leaf.png,7392631,13.26,5011
device2,device2_5012_LeafPhotoA_2025-09-09 16_16_24.799-05_00_leaf.png,4856712,0.01,5012
device2,device2_5012_LeafPhotoA_2025-09-09 16_16_59.197-05_00_leaf.png,3436928,0.01,5012
device2,device2_5012_LeafPhotoA_2025-09-09 16_17_52.855-05_00_leaf.png,3353543,0.06,5012
device2,device2_5013_LeafPhotoA_2025-09-09 16_18_38.533-05_00_leaf.png,2564423,0,5013
device2,device2_5013_LeafPhotoA_2025-09-09 16_19_10.228-05_00_leaf.png,3843917,0.02,5013
device2,device2_5013_LeafPhotoA_2025-09-09 16_19_37.480-05_00_leaf.png,3795097,0.01,5013
device2,device2_5014_LeafPhotoA_2025-09-09 16_20_31.482-05_00_leaf.png,4791616,0.26,5014
device2,device2_5014_LeafPhotoA_2025-09-09 16_21_14.771-05_00_leaf.png,3876232,0.06,5014
device2,device2_5014_LeafPhotoA_2025-09-09 16_21_36.548-05_00_leaf.png,4684415,0.1,5014
device2,device2_5015_LeafPhotoA_2025-09-09 16_22_07.686-05_00_leaf.png,3425990,0.31,5015
device2,device2_5015_LeafPhotoA_2025-09-09 16_22_45.406-05_00_leaf.png,4577671,0.22,5015
device2,device2_5015_LeafPhotoA_2025-09-09 16_24_18.485-05_00_leaf.png,2510673,0.02,5015
device2,device2_5016_LeafPhotoA_2025-09-09 16_24_50.932-05_00_leaf.png,4995817,0.04,5016
device2,device2_5016_LeafPhotoA_2025-09-09 16_25_22.793-05_00_leaf.png,4745710,0.17,5016
device2,device2_5016_LeafPhotoA_2025-09-09 16_26_24.822-05_00_leaf.png,3480209,0.06,5016
device2,device2_5017_LeafPhotoA_2025-09-09 16_27_01.981-05_00_leaf.png,4859107,0.13,5017
device2,device2_5017_LeafPhotoA_2025-09-09 16_27_45.615-05_00_leaf.png,4424009,0.16,5017
device2,device2_5017_LeafPhotoA_2025-09-09 16_28_08.818-05_00_leaf.png,3467564,0.05,5017
device2,device2_5018_LeafPhotoA_2025-09-09 16_28_39.040-05_00_leaf.png,3541387,0.12,5018
device2,device2_5018_LeafPhotoA_2025-09-09 16_29_03.355-05_00_leaf.png,4240327,0.03,5018
device2,device2_5018_LeafPhotoA_2025-09-09 16_30_02.554-05_00_leaf.png,4909665,0.04,5018
device2,device2_5019_LeafPhotoA_2025-09-09 16_30_54.216-05_00_leaf.png,3224257,0.01,5019
device2,device2_5019_LeafPhotoA_2025-09-09 16_31_34.300-05_00_leaf.png,4721207,0.01,5019
device2,device2_5019_LeafPhotoA_2025-09-09 16_32_30.738-05_00_leaf.png,3901762,0.15,5019
device2,device2_5020_LeafPhotoA_2025-09-09 16_33_30.269-05_00_leaf.png,2967300,0.04,5020
device2,device2_5020_LeafPhotoA_2025-09-09 16_33_57.896-05_00_leaf.png,3825410,0.05,5020
device2,device2_5020_LeafPhotoA_2025-09-09 16_34_35.421-05_00_leaf.png,3722698,0.05,5020
device2,device2_5020_LeafPhotoA_2025-09-09 16_35_38.882-05_00_leaf.png,4088549,0.05,5020
device2,device2_5021_LeafPhotoA_2025-09-09 16_37_05.057-05_00_leaf.png,5080938,0.2,5021
device2,device2_5021_LeafPhotoA_2025-09-09 16_37_59.169-05_00_leaf.png,4961141,0.08,5021
device2,device2_5021_LeafPhotoA_2025-09-09 16_38_25.311-05_00_leaf.png,3583901,0.05,5021
device2,device2_5022_LeafPhotoA_2025-09-09 16_39_23.130-05_00_leaf.png,4196399,0.01,5022
device2,device2_5022_LeafPhotoA_2025-09-09 16_39_49.815-05_00_leaf.png,4352433,0.12,5022
device2,device2_5022_LeafPhotoA_2025-09-09 16_40_09.193-05_00_leaf.png,3261035,0.02,5022
device2,device2_5023_LeafPhotoA_2025-09-09 16_41_18.662-05_00_leaf.png,4185067,9.27,5023
device2,device2_5024_LeafPhotoA_2025-09-09 16_42_57.588-05_00_leaf.png,3488835,0.01,5024
device2,device2_5024_LeafPhotoA_2025-09-09 16_43_46.058-05_00_leaf.png,3300155,0.07,5024
device2,device2_5024_LeafPhotoA_2025-09-09 16_44_42.173-05_00_leaf.png,2524676,0.32,5024
device2,device2_5025_LeafPhotoA_2025-09-09 16_45_32.356-05_00_leaf.png,4259188,0.03,5025
device2,device2_5025_LeafPhotoA_2025-09-09 16_45_57.960-05_00_leaf.png,3862937,0.05,5025
device2,device2_5025_LeafPhotoA_2025-09-09 16_46_18.869-05_00_leaf.png,2882511,0.03,5025
device2,device2_5026_LeafPhotoA_2025-09-09 16_46_53.991-05_00_leaf.png,2790717,0.06,5026
device2,device2_5026_LeafPhotoA_2025-09-09 16_47_17.086-05_00_leaf.png,3446175,0.73,5026
device2,device2_5026_LeafPhotoA_2025-09-09 16_47_54.280-05_00_leaf.png,4483829,0.01,5026
device2,device2_5027_LeafPhotoA_2025-09-09 16_48_30.065-05_00_leaf.png,2325073,0.05,5027
device2,device2_5027_LeafPhotoA_2025-09-09 16_49_22.665-05_00_leaf.png,4344551,0.01,5027
device2,device2_5027_LeafPhotoA_2025-09-09 16_50_06.776-05_00_leaf.png,3879393,0,5027
device2,device2_5028_LeafPhotoA_2025-09-09 16_50_56.210-05_00_leaf.png,3735414,0.15,5028
device2,device2_5028_LeafPhotoA_2025-09-09 16_51_40.743-05_00_leaf.png,4726057,0.58,5028
device2,device2_5028_LeafPhotoA_2025-09-09 16_52_02.474-05_00_leaf.png,3562430,1.42,5028
device2,device2_5029_LeafPhotoA_2025-09-09 16_52_43.123-05_00_leaf.png,2751473,0,5029
device2,device2_5029_LeafPhotoA_2025-09-09 16_53_03.125-05_00_leaf.png,3273482,0,5029
device2,device2_5029_LeafPhotoA_2025-09-09 16_53_32.045-05_00_leaf.png,5141551,0.11,5029
device2,device2_5030_LeafPhotoA_2025-09-09 16_55_05.294-05_00_leaf.png,3988838,0.1,5030
device2,device2_5030_LeafPhotoA_2025-09-09 16_55_31.747-05_00_leaf.png,2959693,0.01,5030
device2,device2_5030_LeafPhotoA_2025-09-09 16_56_37.930-05_00_leaf.png,4867751,0.04,5030
device2,device2_5031_LeafPhotoA_2025-09-09 16_57_35.057-05_00_leaf.png,4107530,0.15,5031
device2,device2_5031_LeafPhotoA_2025-09-09 16_57_57.212-05_00_leaf.png,2943207,0.04,5031
device2,device2_5031_LeafPhotoA_2025-09-09 16_58_56.953-05_00_leaf.png,3361550,0.07,5031
device2,device2_5032_LeafPhotoA_2025-09-09 16_59_35.795-05_00_leaf.png,4172396,0.13,5032
device2,device2_5032_LeafPhotoA_2025-09-09 17_00_16.718-05_00_leaf.png,4379806,0,5032
device2,device2_5032_LeafPhotoA_2025-09-09 17_00_38.020-05_00_leaf.png,3959911,0.01,5032
device2,device2_5033_LeafPhotoA_2025-09-09 17_01_28.819-05_00_leaf.png,4684934,0.02,5033
device2,device2_5033_LeafPhotoA_2025-09-09 17_02_00.210-05_00_leaf.png,3831057,0.03,5033
device2,device2_5033_LeafPhotoA_2025-09-09 17_03_14.855-05_00_leaf.png,4179331,0,5033
device2,device2_5034_LeafPhotoA_2025-09-09 17_04_40.934-05_00_leaf.png,2614068,0.23,5034
device2,device2_5034_LeafPhotoA_2025-09-09 17_05_27.126-05_00_leaf.png,4488701,0.04,5034
device2,device2_5034_LeafPhotoA_2025-09-09 17_06_37.694-05_00_leaf.png,4679400,0.03,5034
device2,device2_5035_LeafPhotoA_2025-09-09 17_07_12.804-05_00_leaf.png,2484066,0.11,5035
device2,device2_5035_LeafPhotoA_2025-09-09 17_07_40.324-05_00_leaf.png,4346758,0.07,5035
device2,device2_5035_LeafPhotoA_2025-09-09 17_08_04.130-05_00_leaf.png,3213878,0.12,5035
device2,device2_5036_LeafPhotoA_2025-09-09 17_09_05.761-05_00_leaf.png,3110975,0.23,5036
device2,device2_5036_LeafPhotoA_2025-09-09 17_09_44.541-05_00_leaf.png,3166691,0.02,5036
device2,device2_5036_LeafPhotoA_2025-09-09 17_10_48.634-05_00_leaf.png,4211417,0.25,5036
device3,device3_1402_LeafPhotoB_2025-09-08 10_39_37.458-05_00_leaf.png,3418675,2.53,1402
device3,device3_1402_LeafPhotoB_2025-09-08 10_39_51.383-05_00_leaf.png,4740464,0.68,1402
device3,device3_1402_LeafPhotoB_2025-09-08 10_40_07.212-05_00_leaf.png,4227828,0.52,1402
device3,device3_1403_LeafPhotoA_2025-09-08 09_22_57.928-05_00_leaf.png,3458268,0.29,1403
device3,device3_1403_LeafPhotoA_2025-09-08 09_23_29.770-05_00_leaf.png,4477789,0.13,1403
device3,device3_1403_LeafPhotoA_2025-09-08 09_23_43.647-05_00_leaf.png,3912460,0.68,1403
device3,device3_1403_LeafPhotoB_2025-09-08 09_56_24.150-05_00_leaf.png,3554209,0.41,1403
device3,device3_1403_LeafPhotoB_2025-09-08 09_56_43.771-05_00_leaf.png,3052908,0.84,1403
device3,device3_1403_LeafPhotoB_2025-09-08 09_57_03.631-05_00_leaf.png,3903761,0.61,1403
device3,device3_1404_LeafPhotoA_2025-09-08 09_24_09.579-05_00_leaf.png,3266961,0.61,1404
device3,device3_1404_LeafPhotoA_2025-09-08 09_24_59.245-05_00_leaf.png,2569647,0.41,1404
device3,device3_1404_LeafPhotoA_2025-09-08 09_25_24.932-05_00_leaf.png,3112871,0.98,1404
device3,device3_1404_LeafPhotoB_2025-09-08 09_57_48.172-05_00_leaf.png,3242755,0.07,1404
device3,device3_1404_LeafPhotoB_2025-09-08 09_58_06.206-05_00_leaf.png,2800366,0.68,1404
device3,device3_1404_LeafPhotoB_2025-09-08 09_58_20.950-05_00_leaf.png,2748067,0.08,1404
device3,device3_1405_LeafPhotoA_2025-09-08 09_25_44.126-05_00_leaf.png,4659046,0.23,1405
device3,device3_1405_LeafPhotoA_2025-09-08 09_26_00.409-05_00_leaf.png,5237131,0.02,1405
device3,device3_1405_LeafPhotoA_2025-09-08 09_26_17.478-05_00_leaf.png,4227141,0.15,1405
device3,device3_1405_LeafPhotoB_2025-09-08 09_59_35.657-05_00_leaf.png,3827988,0.04,1405
device3,device3_1405_LeafPhotoB_2025-09-08 09_59_46.991-05_00_leaf.png,5066790,0.03,1405
device3,device3_1405_LeafPhotoB_2025-09-08 10_00_01.542-05_00_leaf.png,4431745,0.2,1405
device3,device3_1406_LeafPhotoA_2025-09-08 09_26_34.458-05_00_leaf.png,3267370,0.37,1406
device3,device3_1406_LeafPhotoA_2025-09-08 09_26_44.592-05_00_leaf.png,3644211,0.03,1406
device3,device3_1406_LeafPhotoA_2025-09-08 09_27_03.265-05_00_leaf.png,4247755,0.07,1406
device3,device3_1406_LeafPhotoB_2025-09-08 10_00_25.514-05_00_leaf.png,2848247,0,1406
device3,device3_1406_LeafPhotoB_2025-09-08 10_00_43.533-05_00_leaf.png,3194042,0.07,1406
device3,device3_1406_LeafPhotoB_2025-09-08 10_00_56.678-05_00_leaf.png,3955423,0.15,1406
device3,device3_1407_LeafPhotoA_2025-09-08 09_28_44.756-05_00_leaf.png,3867269,0,1407
device3,device3_1407_LeafPhotoA_2025-09-08 09_28_58.311-05_00_leaf.png,3713500,0.01,1407
device3,device3_1407_LeafPhotoA_2025-09-08 09_29_28.229-05_00_leaf.png,4159462,0.04,1407
device3,device3_1407_LeafPhotoB_2025-09-08 10_01_14.199-05_00_leaf.png,3678511,0.01,1407
device3,device3_1407_LeafPhotoB_2025-09-08 10_01_37.190-05_00_leaf.png,4827546,0.02,1407
device3,device3_1407_LeafPhotoB_2025-09-08 10_01_50.917-05_00_leaf.png,3339952,0.01,1407
device3,device3_1408_LeafPhotoA_2025-09-08 09_29_57.775-05_00_leaf.png,3932953,0.09,1408
device3,device3_1408_LeafPhotoA_2025-09-08 09_30_10.265-05_00_leaf.png,3988438,0.02,1408
device3,device3_1408_LeafPhotoA_2025-09-08 09_30_25.659-05_00_leaf.png,4100711,0.24,1408
device3,device3_1408_LeafPhotoB_2025-09-08 10_02_06.407-05_00_leaf.png,4611194,0.62,1408
device3,device3_1408_LeafPhotoB_2025-09-08 10_02_25.946-05_00_leaf.png,4256183,0.01,1408
device3,device3_1408_LeafPhotoB_2025-09-08 10_02_42.702-05_00_leaf.png,3674120,0,1408
device3,device3_1409_LeafPhotoA_2025-09-08 09_30_48.724-05_00_leaf.png,4510093,0.06,1409
device3,device3_1409_LeafPhotoA_2025-09-08 09_31_03.140-05_00_leaf.png,3839781,0.13,1409
device3,device3_1409_LeafPhotoA_2025-09-08 09_31_25.793-05_00_leaf.png,3953200,0.24,1409
device3,device3_1409_LeafPhotoB_2025-09-08 10_03_05.456-05_00_leaf.png,5193743,0.03,1409
device3,device3_1409_LeafPhotoB_2025-09-08 10_03_16.957-05_00_leaf.png,3817791,0.03,1409
device3,device3_1409_LeafPhotoB_2025-09-08 10_03_38.933-05_00_leaf.png,3868267,0.08,1409
device3,device3_1410_LeafPhotoB_2025-09-08 10_04_25.839-05_00_leaf.png,3399270,0.16,1410
device3,device3_1410_LeafPhotoB_2025-09-08 10_04_41.927-05_00_leaf.png,4049744,0.14,1410
device3,device3_1410_LeafPhotoB_2025-09-08 10_04_58.302-05_00_leaf.png,4484761,0.31,1410
device3,device3_1411_LeafPhotoA_2025-09-08 09_31_58.433-05_00_leaf.png,4235713,0.04,1411
device3,device3_1411_LeafPhotoA_2025-09-08 09_32_12.507-05_00_leaf.png,4363524,0.21,1411
device3,device3_1411_LeafPhotoA_2025-09-08 09_32_24.163-05_00_leaf.png,4448442,0.09,1411
device3,device3_1411_LeafPhotoB_2025-09-08 10_05_13.598-05_00_leaf.png,4038286,0.11,1411
device3,device3_1411_LeafPhotoB_2025-09-08 10_05_27.189-05_00_leaf.png,3855250,0.01,1411
device3,device3_1411_LeafPhotoB_2025-09-08 10_05_39.958-05_00_leaf.png,3821942,0.09,1411
device3,device3_1412_LeafPhotoA_2025-09-08 09_32_54.115-05_00_leaf.png,5063811,0.08,1412
device3,device3_1412_LeafPhotoA_2025-09-08 09_33_07.020-05_00_leaf.png,4330733,0.04,1412
device3,device3_1412_LeafPhotoA_2025-09-08 09_33_17.239-05_00_leaf.png,4792068,0.01,1412
device3,device3_1412_LeafPhotoB_2025-09-08 10_06_06.715-05_00_leaf.png,4852517,0.01,1412
device3,device3_1412_LeafPhotoB_2025-09-08 10_06_24.412-05_00_leaf.png,4314663,0.02,1412
device3,device3_1412_LeafPhotoB_2025-09-08 10_06_46.177-05_00_leaf.png,4945832,0.05,1412
device3,device3_1413_LeafPhotoA_2025-09-08 09_34_55.801-05_00_leaf.png,4562596,0.89,1413
device3,device3_1413_LeafPhotoA_2025-09-08 09_35_09.246-05_00_leaf.png,3606918,0.63,1413
device3,device3_1413_LeafPhotoA_2025-09-08 09_35_26.834-05_00_leaf.png,5218837,0.15,1413
device3,device3_1413_LeafPhotoB_2025-09-08 10_07_20.287-05_00_leaf.png,4473239,0.99,1413
device3,device3_1413_LeafPhotoB_2025-09-08 10_07_33.536-05_00_leaf.png,5537454,0.58,1413
device3,device3_1413_LeafPhotoB_2025-09-08 10_07_49.375-05_00_leaf.png,5406544,0.06,1413
device3,device3_1414_LeafPhotoA_2025-09-08 09_35_54.943-05_00_leaf.png,4086040,1.85,1414
device3,device3_1414_LeafPhotoA_2025-09-08 09_36_11.855-05_00_leaf.png,3664905,0.31,1414
device3,device3_1414_LeafPhotoA_2025-09-08 09_36_43.216-05_00_leaf.png,4711465,0.08,1414
device3,device3_1414_LeafPhotoB_2025-09-08 10_08_06.102-05_00_leaf.png,4338402,0.36,1414
device3,device3_1414_LeafPhotoB_2025-09-08 10_08_19.101-05_00_leaf.png,3697004,0.39,1414
device3,device3_1414_LeafPhotoB_2025-09-08 10_08_38.443-05_00_leaf.png,3984363,0.31,1414
device3,device3_1415_LeafPhotoA_2025-09-08 09_36_57.692-05_00_leaf.png,4366418,0.2,1415
device3,device3_1415_LeafPhotoA_2025-09-08 09_37_10.701-05_00_leaf.png,4665513,0.05,1415
device3,device3_1415_LeafPhotoA_2025-09-08 09_37_26.969-05_00_leaf.png,4899283,0.54,1415
device3,device3_1415_LeafPhotoB_2025-09-08 10_09_00.442-05_00_leaf.png,4581023,0,1415
device3,device3_1415_LeafPhotoB_2025-09-08 10_09_27.941-05_00_leaf.png,4453594,0,1415
device3,device3_1415_LeafPhotoB_2025-09-08 10_09_42.773-05_00_leaf.png,4353071,0.07,1415
device3,device3_1416_LeafPhotoA_2025-09-08 09_37_47.151-05_00_leaf.png,2925644,1.68,1416
device3,device3_1416_LeafPhotoA_2025-09-08 09_38_03.624-05_00_leaf.png,1722792,0.79,1416
device3,device3_1416_LeafPhotoA_2025-09-08 09_38_16.317-05_00_leaf.png,2796278,17.21,1416
device3,device3_1416_LeafPhotoB_2025-09-08 10_10_04.086-05_00_leaf.png,2776291,1.93,1416
device3,device3_1416_LeafPhotoB_2025-09-08 10_10_19.522-05_00_leaf.png,2829898,3.43,1416
device3,device3_1416_LeafPhotoB_2025-09-08 10_10_32.046-05_00_leaf.png,2553925,0.44,1416
device3,device3_1417_LeafPhotoA_2025-09-08 09_38_35.702-05_00_leaf.png,4797358,0.39,1417
device3,device3_1417_LeafPhotoA_2025-09-08 09_38_47.982-05_00_leaf.png,4308768,0.75,1417
device3,device3_1417_LeafPhotoA_2025-09-08 09_39_01.207-05_00_leaf.png,4038591,0.15,1417
device3,device3_1417_LeafPhotoB_2025-09-08 10_10_54.682-05_00_leaf.png,4488516,0.24,1417
device3,device3_1417_LeafPhotoB_2025-09-08 10_11_12.838-05_00_leaf.png,3811078,0.14,1417
device3,device3_1417_LeafPhotoB_2025-09-08 10_11_25.439-05_00_leaf.png,4056934,0.14,1417
device3,device3_1418_LeafPhotoA_2025-09-08 09_39_17.003-05_00_leaf.png,2884784,0.5,1418
device3,device3_1418_LeafPhotoA_2025-09-08 09_39_31.263-05_00_leaf.png,3608563,0.25,1418
device3,device3_1418_LeafPhotoA_2025-09-08 09_39_53.374-05_00_leaf.png,2073265,0.1,1418
device3,device3_1419_LeafPhotoA_2025-09-08 09_40_12.388-05_00_leaf.png,4059137,0.59,1419
device3,device3_1419_LeafPhotoA_2025-09-08 09_40_27.704-05_00_leaf.png,4114161,0.85,1419
device3,device3_1419_LeafPhotoA_2025-09-08 09_40_43.829-05_00_leaf.png,5698763,1.23,1419
device3,device3_1419_LeafPhotoB_2025-09-08 10_12_08.008-05_00_leaf.png,6261311,6.7,1419
device3,device3_1419_LeafPhotoB_2025-09-08 10_12_32.466-05_00_leaf.png,4933141,0.39,1419
device3,device3_1419_LeafPhotoB_2025-09-08 10_12_52.618-05_00_leaf.png,4784074,1.49,1419
device3,device3_1420_LeafPhotoA_2025-09-08 09_41_06.140-05_00_leaf.png,3204533,0.02,1420
device3,device3_1420_LeafPhotoA_2025-09-08 09_41_17.685-05_00_leaf.png,3142596,0.72,1420
device3,device3_1420_LeafPhotoA_2025-09-08 09_41_34.659-05_00_leaf.png,3347992,0.41,1420
device3,device3_1420_LeafPhotoB_2025-09-08 10_13_16.780-05_00_leaf.png,2675650,0.21,1420
device3,device3_1420_LeafPhotoB_2025-09-08 10_13_31.143-05_00_leaf.png,2793441,0.33,1420
device3,device3_1420_LeafPhotoB_2025-09-08 10_13_43.282-05_00_leaf.png,3743398,0.82,1420
device3,device3_1421_LeafPhotoA_2025-09-08 09_41_53.928-05_00_leaf.png,3179803,0.97,1421
device3,device3_1421_LeafPhotoA_2025-09-08 09_42_19.629-05_00_leaf.png,4463435,0.9,1421
device3,device3_1421_LeafPhotoA_2025-09-08 09_42_46.156-05_00_leaf.png,4245499,0.85,1421
device3,device3_1421_LeafPhotoB_2025-09-08 10_14_05.185-05_00_leaf.png,3279595,0.62,1421
device3,device3_1421_LeafPhotoB_2025-09-08 10_14_21.935-05_00_leaf.png,4657815,2.01,1421
device3,device3_1421_LeafPhotoB_2025-09-08 10_14_32.969-05_00_leaf.png,3430852,1.45,1421
device3,device3_1422_LeafPhotoA_2025-09-08 09_43_08.669-05_00_leaf.png,4231337,0.07,1422
device3,device3_1422_LeafPhotoA_2025-09-08 09_43_34.234-05_00_leaf.png,4946139,3.03,1422
device3,device3_1422_LeafPhotoA_2025-09-08 09_43_48.954-05_00_leaf.png,4705686,0.85,1422
device3,device3_1422_LeafPhotoB_2025-09-08 10_14_53.433-05_00_leaf.png,3867202,0.39,1422
device3,device3_1422_LeafPhotoB_2025-09-08 10_15_09.376-05_00_leaf.png,4278178,0.32,1422
device3,device3_1422_LeafPhotoB_2025-09-08 10_15_27.896-05_00_leaf.png,3870226,0.39,1422
device3,device3_1423_LeafPhotoA_2025-09-08 09_45_35.093-05_00_leaf.png,3678891,13.39,1423
device3,device3_1423_LeafPhotoA_2025-09-08 09_45_44.647-05_00_leaf.png,3271193,33.45,1423
device3,device3_1423_LeafPhotoA_2025-09-08 09_45_59.918-05_00_leaf.png,4069094,1.9,1423
device3,device3_1423_LeafPhotoB_2025-09-08 10_15_40.160-05_00_leaf.png,4140548,3.64,1423
device3,device3_1423_LeafPhotoB_2025-09-08 10_16_01.096-05_00_leaf.png,3850259,0.21,1423
device3,device3_1423_LeafPhotoB_2025-09-08 10_16_13.965-05_00_leaf.png,4176000,15.09,1423
device3,device3_1425_LeafPhotoA_2025-09-08 09_46_43.037-05_00_leaf.png,1917728,0.51,1425
device3,device3_1425_LeafPhotoA_2025-09-08 09_47_10.851-05_00_leaf.png,2175088,0.85,1425
device3,device3_1425_LeafPhotoA_2025-09-08 09_47_28.860-05_00_leaf.png,1996040,0.08,1425
device3,device3_1425_LeafPhotoB_2025-09-08 10_17_50.975-05_00_leaf.png,1687064,0,1425
device3,device3_1425_LeafPhotoB_2025-09-08 10_18_01.409-05_00_leaf.png,1770226,0.05,1425
device3,device3_1425_LeafPhotoB_2025-09-08 10_18_14.226-05_00_leaf.png,1930085,0,1425
device3,device3_1426_LeafPhotoA_2025-09-08 09_47_47.969-05_00_leaf.png,3443593,0.08,1426
device3,device3_1426_LeafPhotoA_2025-09-08 09_48_15.272-05_00_leaf.png,3946922,0.04,1426
device3,device3_1426_LeafPhotoA_2025-09-08 09_48_40.364-05_00_leaf.png,3847474,0.08,1426
device3,device3_1426_LeafPhotoB_2025-09-08 10_18_43.819-05_00_leaf.png,3714580,0.07,1426
device3,device3_1426_LeafPhotoB_2025-09-08 10_18_55.853-05_00_leaf.png,3872365,0.03,1426
device3,device3_1426_LeafPhotoB_2025-09-08 10_19_14.970-05_00_leaf.png,3785771,0.4,1426
device3,device3_1427_LeafPhotoA_2025-09-08 09_49_09.933-05_00_leaf.png,4934819,9.8,1427
device3,device3_1427_LeafPhotoA_2025-09-08 09_49_32.229-05_00_leaf.png,4554157,5.68,1427
device3,device3_1427_LeafPhotoA_2025-09-08 09_50_09.893-05_00_leaf.png,4800022,1.04,1427
device3,device3_1427_LeafPhotoB_2025-09-08 10_19_32.588-05_00_leaf.png,2379022,3.02,1427
device3,device3_1427_LeafPhotoB_2025-09-08 10_19_51.875-05_00_leaf.png,4341262,5.43,1427
device3,device3_1427_LeafPhotoB_2025-09-08 10_20_17.635-05_00_leaf.png,5086971,13.23,1427
device3,device3_1428_LeafPhotoA_2025-09-08 09_50_33.027-05_00_leaf.png,2363728,0.39,1428
device3,device3_1428_LeafPhotoA_2025-09-08 09_51_08.468-05_00_leaf.png,2393079,0.4,1428
device3,device3_1428_LeafPhotoA_2025-09-08 09_51_33.104-05_00_leaf.png,2371120,0.06,1428
device3,device3_1428_LeafPhotoB_2025-09-08 10_20_34.301-05_00_leaf.png,2444255,0.16,1428
device3,device3_1428_LeafPhotoB_2025-09-08 10_20_44.859-05_00_leaf.png,2292219,0.1,1428
device3,device3_1428_LeafPhotoB_2025-09-08 10_20_54.940-05_00_leaf.png,3038624,1.4,1428
device3,device3_1429_LeafPhotoB_2025-09-08 10_21_27.167-05_00_leaf.png,4050070,0,1429
device3,device3_1429_LeafPhotoB_2025-09-08 10_21_45.012-05_00_leaf.png,3695497,0,1429
device3,device3_1429_LeafPhotoB_2025-09-08 10_21_59.306-05_00_leaf.png,3910806,0,1429
device3,device3_1430_LeafPhotoB_2025-09-08 10_22_13.491-05_00_leaf.png,3792076,0.38,1430
device3,device3_1430_LeafPhotoB_2025-09-08 10_22_26.749-05_00_leaf.png,3487431,0.64,1430
device3,device3_1430_LeafPhotoB_2025-09-08 10_22_40.647-05_00_leaf.png,3692296,0.99,1430
device3,device3_1431_LeafPhotoB_2025-09-08 10_22_58.506-05_00_leaf.png,2973955,0.08,1431
device3,device3_1431_LeafPhotoB_2025-09-08 10_23_11.656-05_00_leaf.png,3207036,0.15,1431
device3,device3_1431_LeafPhotoB_2025-09-08 10_23_26.888-05_00_leaf.png,3030788,0.11,1431
device3,device3_1432_LeafPhotoB_2025-09-08 10_23_48.158-05_00_leaf.png,3086235,0.09,1432
device3,device3_1432_LeafPhotoB_2025-09-08 10_24_14.621-05_00_leaf.png,3614277,0.1,1432
device3,device3_1432_LeafPhotoB_2025-09-08 10_24_34.385-05_00_leaf.png,4807438,0.02,1432
device3,device3_1432_LeafPhotoB_2025-09-08 10_24_35.058-05_00_leaf.png,4795920,0.02,1432
device3,device3_1433_LeafPhotoB_2025-09-08 10_24_54.548-05_00_leaf.png,4071972,0.01,1433
device3,device3_1433_LeafPhotoB_2025-09-08 10_25_14.329-05_00_leaf.png,4058475,0.02,1433
device3,device3_1433_LeafPhotoB_2025-09-08 10_25_25.543-05_00_leaf.png,4007987,0.01,1433
device3,device3_1434_LeafPhotoB_2025-09-08 10_25_43.558-05_00_leaf.png,5273254,2.68,1434
device3,device3_1434_LeafPhotoB_2025-09-08 10_25_56.347-05_00_leaf.png,4515475,0.19,1434
device3,device3_1434_LeafPhotoB_2025-09-08 10_26_11.159-05_00_leaf.png,5112204,0.07,1434
device3,device3_1435_LeafPhotoB_2025-09-08 10_26_34.129-05_00_leaf.png,3468309,1.31,1435
device3,device3_1435_LeafPhotoB_2025-09-08 10_27_06.390-05_00_leaf.png,3499039,1.36,1435
device3,device3_1435_LeafPhotoB_2025-09-08 10_27_28.480-05_00_leaf.png,3431950,0.79,1435
device3,device3_1437_LeafPhotoB_2025-09-08 10_27_55.443-05_00_leaf.png,5708716,0.46,1437
device3,device3_1437_LeafPhotoB_2025-09-08 10_28_09.727-05_00_leaf.png,5465506,0.36,1437
device3,device3_1437_LeafPhotoB_2025-09-08 10_28_28.391-05_00_leaf.png,4825344,1.31,1437
device3,device3_1438_LeafPhotoB_2025-09-08 10_28_46.756-05_00_leaf.png,3618455,0.86,1438
device3,device3_1438_LeafPhotoB_2025-09-08 10_28_59.226-05_00_leaf.png,3601883,1.48,1438
device3,device3_1438_LeafPhotoB_2025-09-08 10_29_14.214-05_00_leaf.png,3967683,0.27,1438
device3,device3_1439_LeafPhotoB_2025-09-08 10_29_31.631-05_00_leaf.png,4543861,0.08,1439
device3,device3_1439_LeafPhotoB_2025-09-08 10_29_47.790-05_00_leaf.png,4833769,0.26,1439
device3,device3_1439_LeafPhotoB_2025-09-08 10_30_09.882-05_00_leaf.png,4165835,0.3,1439
device3,device3_1440_LeafPhotoB_2025-09-08 10_30_29.467-05_00_leaf.png,4281227,0.4,1440
device3,device3_1440_LeafPhotoB_2025-09-08 10_30_46.051-05_00_leaf.png,3375904,8.16,1440
device3,device3_1440_LeafPhotoB_2025-09-08 10_31_00.422-05_00_leaf.png,3085458,16.94,1440
device3,device3_1442_LeafPhotoB_2025-09-08 10_31_26.108-05_00_leaf.png,3531521,0,1442
device3,device3_1442_LeafPhotoB_2025-09-08 10_31_39.975-05_00_leaf.png,3606715,0.03,1442
device3,device3_1442_LeafPhotoB_2025-09-08 10_31_55.394-05_00_leaf.png,3562664,0,1442
device3,device3_1443_LeafPhotoB_2025-09-08 10_32_09.583-05_00_leaf.png,2848635,0,1443
device3,device3_1443_LeafPhotoB_2025-09-08 10_32_18.840-05_00_leaf.png,2388873,0.12,1443
device3,device3_1443_LeafPhotoB_2025-09-08 10_32_32.870-05_00_leaf.png,3462113,0.21,1443
device3,device3_1444_LeafPhotoB_2025-09-08 10_32_52.147-05_00_leaf.png,4274853,0.19,1444
device3,device3_1444_LeafPhotoB_2025-09-08 10_33_04.036-05_00_leaf.png,3143260,0.22,1444
device3,device3_1444_LeafPhotoB_2025-09-08 10_33_19.309-05_00_leaf.png,3270743,0,1444
device3,device3_1445_LeafPhotoB_2025-09-08 10_33_50.397-05_00_leaf.png,4182184,0.02,1445
device3,device3_1445_LeafPhotoB_2025-09-08 10_34_39.346-05_00_leaf.png,3345864,0.05,1445
device3,device3_1445_LeafPhotoB_2025-09-08 10_34_53.870-05_00_leaf.png,3968812,0.06,1445
device3,device3_1446_LeafPhotoB_2025-09-08 10_35_11.158-05_00_leaf.png,3861091,0.01,1446
device3,device3_1446_LeafPhotoB_2025-09-08 10_35_24.930-05_00_leaf.png,3252373,0,1446
device3,device3_1446_LeafPhotoB_2025-09-08 10_35_35.863-05_00_leaf.png,3532472,0.11,1446
device3,device3_1447_LeafPhotoB_2025-09-08 10_35_48.540-05_00_leaf.png,3151717,0.21,1447
device3,device3_1447_LeafPhotoB_2025-09-08 10_35_59.468-05_00_leaf.png,2457194,0.19,1447
device3,device3_1447_LeafPhotoB_2025-09-08 10_36_13.275-05_00_leaf.png,3301754,0.03,1447
device3,device3_1449_LeafPhotoB_2025-09-08 10_36_57.248-05_00_leaf.png,5028578,0.07,1449
device3,device3_1449_LeafPhotoB_2025-09-08 10_37_14.657-05_00_leaf.png,4702071,0.79,1449
device3,device3_1449_LeafPhotoB_2025-09-08 10_37_44.031-05_00_leaf.png,5083974,0.46,1449
device3,device3_1450_LeafPhotoB_2025-09-08 10_38_14.719-05_00_leaf.png,5245779,0.08,1450
device3,device3_1450_LeafPhotoB_2025-09-08 10_38_28.773-05_00_leaf.png,4294846,0.12,1450
device3,device3_1450_LeafPhotoB_2025-09-08 10_38_42.061-05_00_leaf.png,4251421,0.01,1450
device3,device3_1451_LeafPhotoB_2025-09-08 12_26_52.151-05_00_leaf.png,3075094,0.05,1451
device3,device3_1451_LeafPhotoB_2025-09-08 12_27_08.432-05_00_leaf.png,4210064,0.18,1451
device3,device3_1451_LeafPhotoB_2025-09-08 12_27_31.222-05_00_leaf.png,4452364,3.03,1451
device3,device3_1452_LeafPhotoB_2025-09-08 12_28_04.292-05_00_leaf.png,3962613,0,1452
device3,device3_1452_LeafPhotoB_2025-09-08 12_28_18.852-05_00_leaf.png,3588299,0,1452
device3,device3_1452_LeafPhotoB_2025-09-08 12_28_36.613-05_00_leaf.png,4800440,0.01,1452
device3,device3_1453_LeafPhotoB_2025-09-08 12_28_55.069-05_00_leaf.png,3443624,0,1453
device3,device3_1453_LeafPhotoB_2025-09-08 12_29_19.500-05_00_leaf.png,3835802,0,1453
device3,device3_1453_LeafPhotoB_2025-09-08 12_29_33.966-05_00_leaf.png,4014581,0,1453
device3,device3_1454_LeafPhotoB_2025-09-08 12_30_04.447-05_00_leaf.png,4249365,0.27,1454
device3,device3_1454_LeafPhotoB_2025-09-08 12_30_18.686-05_00_leaf.png,4377961,0.43,1454
device3,device3_1454_LeafPhotoB_2025-09-08 12_30_37.592-05_00_leaf.png,3701442,0.76,1454
device3,device3_1455_LeafPhotoB_2025-09-08 12_30_57.508-05_00_leaf.png,3427350,0,1455
device3,device3_1455_LeafPhotoB_2025-09-08 12_31_16.896-05_00_leaf.png,4184334,0.01,1455
device3,device3_1455_LeafPhotoB_2025-09-08 12_31_33.579-05_00_leaf.png,4138717,0,1455
device3,device3_1456_LeafPhotoB_2025-09-08 12_32_10.307-05_00_leaf.png,2627764,0,1456
device3,device3_1456_LeafPhotoB_2025-09-08 12_32_32.393-05_00_leaf.png,2723368,0,1456
device3,device3_1456_LeafPhotoB_2025-09-08 12_32_43.034-05_00_leaf.png,4064584,0.8,1456
device3,device3_1457_LeafPhotoB_2025-09-08 12_33_18.791-05_00_leaf.png,3313639,1.47,1457
device3,device3_1457_LeafPhotoB_2025-09-08 12_33_31.319-05_00_leaf.png,3070591,1.76,1457
device3,device3_1457_LeafPhotoB_2025-09-08 12_33_49.003-05_00_leaf.png,3658256,1.28,1457
device3,device3_1458_LeafPhotoB_2025-09-08 12_34_05.630-05_00_leaf.png,2854414,26.26,1458
device3,device3_1458_LeafPhotoB_2025-09-08 12_34_26.038-05_00_leaf.png,2545215,64.91,1458
device3,device3_1458_LeafPhotoB_2025-09-08 12_34_59.608-05_00_leaf.png,2749934,24.59,1458
device3,device3_1459_LeafPhotoB_2025-09-08 12_35_29.491-05_00_leaf.png,3853574,35.68,1459
device3,device3_1459_LeafPhotoB_2025-09-08 12_35_52.246-05_00_leaf.png,4097469,13.47,1459
device3,device3_1459_LeafPhotoB_2025-09-08 12_36_19.960-05_00_leaf.png,3944119,40.32,1459
device3,device3_1460_LeafPhotoB_2025-09-08 12_36_50.012-05_00_leaf.png,4084927,0.44,1460
device3,device3_1460_LeafPhotoB_2025-09-08 12_37_07.076-05_00_leaf.png,4777416,33.39,1460
device3,device3_1460_LeafPhotoB_2025-09-08 12_37_19.999-05_00_leaf.png,3866330,5.33,1460
device3,device3_1461_LeafPhotoB_2025-09-08 16_23_03.412-05_00_leaf.png,3713731,1.62,1461
device3,device3_1461_LeafPhotoB_2025-09-08 16_23_19.625-05_00_leaf.png,4189556,2.34,1461
device3,device3_1461_LeafPhotoB_2025-09-08 16_23_38.151-05_00_leaf.png,4873295,2.28,1461
device3,device3_1462_LeafPhotoB_2025-09-08 16_26_18.579-05_00_leaf.png,3837888,0.02,1462
device3,device3_1462_LeafPhotoB_2025-09-08 16_26_32.765-05_00_leaf.png,3591982,0.03,1462
device3,device3_1462_LeafPhotoB_2025-09-08 16_26_49.146-05_00_leaf.png,3327214,0.48,1462
device3,device3_1463_LeafPhotoB_2025-09-08 16_27_04.088-05_00_leaf.png,4485585,0.01,1463
device3,device3_1463_LeafPhotoB_2025-09-08 16_27_20.224-05_00_leaf.png,4550510,0.04,1463
device3,device3_1463_LeafPhotoB_2025-09-08 16_27_34.797-05_00_leaf.png,4743037,0.04,1463
device3,device3_1464_LeafPhotoB_2025-09-08 16_27_57.851-05_00_leaf.png,4829864,13.05,1464
device3,device3_1464_LeafPhotoB_2025-09-08 16_28_08.137-05_00_leaf.png,4782795,0.63,1464
device3,device3_1464_LeafPhotoB_2025-09-08 16_28_20.275-05_00_leaf.png,4907556,2.42,1464
device3,device3_1465_LeafPhotoB_2025-09-08 16_28_36.566-05_00_leaf.png,3426021,0.77,1465
device3,device3_1465_LeafPhotoB_2025-09-08 16_28_56.144-05_00_leaf.png,3291528,0.04,1465
device3,device3_1465_LeafPhotoB_2025-09-08 16_29_10.998-05_00_leaf.png,2740303,0.02,1465
device3,device3_1466_LeafPhotoB_2025-09-08 16_29_29.831-05_00_leaf.png,3800688,0.02,1466
device3,device3_1466_LeafPhotoB_2025-09-08 16_29_39.552-05_00_leaf.png,3724774,0.01,1466
device3,device3_1466_LeafPhotoB_2025-09-08 16_29_40.288-05_00_leaf.png,3732524,0.01,1466
device3,device3_1466_LeafPhotoB_2025-09-08 16_29_52.930-05_00_leaf.png,4752718,0.02,1466
device3,device3_1467_LeafPhotoB_2025-09-08 16_30_05.950-05_00_leaf.png,3603868,0.13,1467
device3,device3_1467_LeafPhotoB_2025-09-08 16_30_17.890-05_00_leaf.png,3702833,0.05,1467
device3,device3_1467_LeafPhotoB_2025-09-08 16_30_30.667-05_00_leaf.png,3719942,0.8,1467
device3,device3_1468_LeafPhotoB_2025-09-08 16_30_51.912-05_00_leaf.png,3364513,0.04,1468
device3,device3_1468_LeafPhotoB_2025-09-08 16_31_09.404-05_00_leaf.png,3363177,0.08,1468
device3,device3_1468_LeafPhotoB_2025-09-08 16_31_26.894-05_00_leaf.png,2915462,0.11,1468
device3,device3_1469_LeafPhotoB_2025-09-08 16_35_32.382-05_00_leaf.png,4618196,0,1469
device3,device3_1469_LeafPhotoB_2025-09-08 16_35_58.479-05_00_leaf.png,4960068,0,1469
device3,device3_1469_LeafPhotoB_2025-09-08 16_36_09.551-05_00_leaf.png,3964729,0,1469
device3,device3_1470_LeafPhotoB_2025-09-08 16_36_29.530-05_00_leaf.png,4313349,0,1470
device3,device3_1470_LeafPhotoB_2025-09-08 16_36_49.715-05_00_leaf.png,4413511,0.01,1470
device3,device3_1470_LeafPhotoB_2025-09-08 16_37_07.996-05_00_leaf.png,3641231,0,1470
device3,device3_1471_LeafPhotoB_2025-09-08 16_37_30.951-05_00_leaf.png,2302340,0.18,1471
device3,device3_1471_LeafPhotoB_2025-09-08 16_37_42.651-05_00_leaf.png,3190028,2.38,1471
device3,device3_1471_LeafPhotoB_2025-09-08 16_38_00.298-05_00_leaf.png,3258235,2.95,1471
device3,device3_1472_LeafPhotoB_2025-09-08 16_38_16.048-05_00_leaf.png,3815327,0.11,1472
device3,device3_1472_LeafPhotoB_2025-09-08 16_38_48.113-05_00_leaf.png,4310785,0.26,1472
device3,device3_1472_LeafPhotoB_2025-09-08 16_38_58.831-05_00_leaf.png,4939913,3.93,1472
device3,device3_1473_LeafPhotoB_2025-09-08 16_39_20.032-05_00_leaf.png,2499615,0.11,1473
device3,device3_1473_LeafPhotoB_2025-09-08 16_39_33.249-05_00_leaf.png,2172188,0.01,1473
device3,device3_1473_LeafPhotoB_2025-09-08 16_40_01.080-05_00_leaf.png,3156431,0.03,1473
device3,device3_1474_LeafPhotoB_2025-09-08 16_40_18.602-05_00_leaf.png,2982133,0.87,1474
device3,device3_1474_LeafPhotoB_2025-09-08 16_40_31.348-05_00_leaf.png,4052688,0.2,1474
device3,device3_1474_LeafPhotoB_2025-09-08 16_40_44.789-05_00_leaf.png,4618269,0.38,1474
device3,device3_1476_LeafPhotoB_2025-09-08 16_41_16.108-05_00_leaf.png,2950283,0.37,1476
device3,device3_1476_LeafPhotoB_2025-09-08 16_41_31.914-05_00_leaf.png,3885447,0.1,1476
device3,device3_1476_LeafPhotoB_2025-09-08 16_41_47.993-05_00_leaf.png,4004597,0.05,1476
device3,device3_1477_LeafPhotoB_2025-09-08 16_42_07.762-05_00_leaf.png,3699759,0.1,1477
device3,device3_1477_LeafPhotoB_2025-09-08 16_42_21.068-05_00_leaf.png,3249693,0.03,1477
device3,device3_1477_LeafPhotoB_2025-09-08 16_42_33.646-05_00_leaf.png,3746150,0,1477
device3,device3_1478_LeafPhotoB_2025-09-08 16_42_49.010-05_00_leaf.png,3734031,0.04,1478
device3,device3_1478_LeafPhotoB_2025-09-08 16_42_58.947-05_00_leaf.png,4106557,0,1478
device3,device3_1478_LeafPhotoB_2025-09-08 16_43_12.786-05_00_leaf.png,4340711,0.01,1478
device3,device3_1479_LeafPhotoB_2025-09-08 16_43_30.857-05_00_leaf.png,3066595,0.78,1479
device3,device3_1479_LeafPhotoB_2025-09-08 16_43_43.184-05_00_leaf.png,3505999,0.4,1479
device3,device3_1479_LeafPhotoB_2025-09-08 16_43_58.192-05_00_leaf.png,4445299,0.49,1479
device3,device3_1480_LeafPhotoB_2025-09-08 16_44_17.993-05_00_leaf.png,3807634,0.07,1480
device3,device3_1480_LeafPhotoB_2025-09-08 16_44_45.429-05_00_leaf.png,4059270,0.02,1480
device3,device3_1480_LeafPhotoB_2025-09-08 16_45_21.155-05_00_leaf.png,4268449,0.04,1480
device3,device3_1481_LeafPhotoB_2025-09-08 16_45_59.268-05_00_leaf.png,4421245,0.82,1481
device3,device3_1481_LeafPhotoB_2025-09-08 16_46_18.777-05_00_leaf.png,3640097,0.59,1481
device3,device3_1481_LeafPhotoB_2025-09-08 16_46_46.962-05_00_leaf.png,4310039,0.2,1481
device3,device3_1482_LeafPhotoB_2025-09-08 16_47_26.736-05_00_leaf.png,5067717,0.22,1482
device3,device3_1482_LeafPhotoB_2025-09-08 16_47_43.625-05_00_leaf.png,4577164,0.04,1482
device3,device3_1482_LeafPhotoB_2025-09-08 16_48_03.824-05_00_leaf.png,4195302,0.03,1482
device3,device3_1483_LeafPhotoB_2025-09-08 16_48_19.448-05_00_leaf.png,3025889,0.22,1483
device3,device3_1483_LeafPhotoB_2025-09-08 16_48_33.487-05_00_leaf.png,3449519,0.25,1483
device3,device3_1483_LeafPhotoB_2025-09-08 16_48_47.018-05_00_leaf.png,3501044,0.12,1483
device3,device3_1484_LeafPhotoB_2025-09-08 16_49_07.005-05_00_leaf.png,3221386,0.18,1484
device3,device3_1484_LeafPhotoB_2025-09-08 16_49_20.878-05_00_leaf.png,2915810,0.2,1484
device3,device3_1484_LeafPhotoB_2025-09-08 16_49_33.890-05_00_leaf.png,3121798,0.4,1484
device3,device3_1485_LeafPhotoB_2025-09-08 16_49_47.906-05_00_leaf.png,3342627,0.14,1485
device3,device3_1485_LeafPhotoB_2025-09-08 16_50_02.303-05_00_leaf.png,2830374,0.01,1485
device3,device3_1485_LeafPhotoB_2025-09-08 16_50_12.154-05_00_leaf.png,3093371,0.18,1485
device3,device3_1486_LeafPhotoB_2025-09-08 16_50_43.463-05_00_leaf.png,3278801,0.14,1486
device3,device3_1486_LeafPhotoB_2025-09-08 16_50_58.987-05_00_leaf.png,3010419,0.17,1486
device3,device3_1486_LeafPhotoB_2025-09-08 16_51_13.008-05_00_leaf.png,3272822,0.28,1486
device3,device3_1487_LeafPhotoB_2025-09-08 16_51_33.738-05_00_leaf.png,5196002,0.03,1487
device3,device3_1487_LeafPhotoB_2025-09-08 16_51_50.666-05_00_leaf.png,4841433,0.02,1487
device3,device3_1487_LeafPhotoB_2025-09-08 16_52_05.100-05_00_leaf.png,3965901,0,1487
device3,device3_1488_LeafPhotoB_2025-09-08 16_52_22.057-05_00_leaf.png,2571694,0.31,1488
device3,device3_1488_LeafPhotoB_2025-09-08 16_52_36.463-05_00_leaf.png,3435608,5.24,1488
device3,device3_1488_LeafPhotoB_2025-09-08 16_52_49.070-05_00_leaf.png,3141771,0.49,1488
device3,device3_1489_LeafPhotoB_2025-09-08 16_53_08.357-05_00_leaf.png,2713445,1.33,1489
device3,device3_1489_LeafPhotoB_2025-09-08 16_53_25.071-05_00_leaf.png,4580000,12.75,1489
device3,device3_1489_LeafPhotoB_2025-09-08 16_53_25.747-05_00_leaf.png,4588398,12.8,1489
device3,device3_1489_LeafPhotoB_2025-09-08 16_53_40.419-05_00_leaf.png,3307846,2.2,1489
device3,device3_1490_LeafPhotoB_2025-09-08 16_54_04.216-05_00_leaf.png,3760004,0.28,1490
device3,device3_1490_LeafPhotoB_2025-09-08 16_54_17.946-05_00_leaf.png,3453838,0.03,1490
device3,device3_1490_LeafPhotoB_2025-09-08 16_54_44.052-05_00_leaf.png,4116434,0.06,1490
device3,device3_1491_LeafPhotoB_2025-09-08 16_54_59.348-05_00_leaf.png,3602075,1.63,1491
device3,device3_1491_LeafPhotoB_2025-09-08 16_55_16.219-05_00_leaf.png,2884603,0.33,1491
device3,device3_1491_LeafPhotoB_2025-09-08 16_55_33.374-05_00_leaf.png,3029406,1.01,1491
device3,device3_1492_LeafPhotoB_2025-09-08 16_55_50.896-05_00_leaf.png,3880675,0.08,1492
device3,device3_1492_LeafPhotoB_2025-09-08 16_56_04.972-05_00_leaf.png,4497660,0.04,1492
device3,device3_1492_LeafPhotoB_2025-09-08 16_56_25.125-05_00_leaf.png,4603134,0.02,1492
device3,device3_1493_LeafPhotoB_2025-09-08 16_56_46.199-05_00_leaf.png,4606578,0.02,1493
device3,device3_1493_LeafPhotoB_2025-09-08 16_57_00.908-05_00_leaf.png,4079073,2.09,1493
device3,device3_1493_LeafPhotoB_2025-09-08 16_57_17.227-05_00_leaf.png,3518695,0.02,1493
device3,device3_1494_LeafPhotoB_2025-09-08 16_57_43.923-05_00_leaf.png,3738658,0.12,1494
device3,device3_1494_LeafPhotoB_2025-09-08 16_57_56.808-05_00_leaf.png,3556285,1.18,1494
device3,device3_1494_LeafPhotoB_2025-09-08 16_58_14.924-05_00_leaf.png,3274972,1.07,1494
device3,device3_1495_LeafPhotoB_2025-09-08 16_59_04.309-05_00_leaf.png,2349453,0.06,1495
device3,device3_1495_LeafPhotoB_2025-09-08 16_59_36.020-05_00_leaf.png,2585852,0.33,1495
device3,device3_1495_LeafPhotoB_2025-09-08 16_59_59.798-05_00_leaf.png,2916034,0.39,1495
device3,device3_1496_LeafPhotoB_2025-09-08 17_00_27.437-05_00_leaf.png,3517626,0.02,1496
device3,device3_1496_LeafPhotoB_2025-09-08 17_00_41.868-05_00_leaf.png,3974618,0.01,1496
device3,device3_1496_LeafPhotoB_2025-09-08 17_01_04.944-05_00_leaf.png,4882705,0.05,1496
device3,device3_1497_LeafPhotoB_2025-09-08 17_01_26.512-05_00_leaf.png,3131612,0.03,1497
device3,device3_1497_LeafPhotoB_2025-09-08 17_01_41.460-05_00_leaf.png,3152650,0.01,1497
device3,device3_1497_LeafPhotoB_2025-09-08 17_01_53.160-05_00_leaf.png,2781840,0.06,1497
device3,device3_1498_LeafPhotoB_2025-09-08 17_02_14.153-05_00_leaf.png,4064317,0,1498
device3,device3_1498_LeafPhotoB_2025-09-08 17_02_27.955-05_00_leaf.png,3151831,0,1498
device3,device3_1498_LeafPhotoB_2025-09-08 17_02_43.690-05_00_leaf.png,3566261,0.03,1498
device3,device3_1499_LeafPhotoB_2025-09-08 12_24_43.362-05_00_leaf.png,4035465,0.32,1499
device3,device3_1499_LeafPhotoB_2025-09-08 12_25_01.445-05_00_leaf.png,3362911,0.02,1499
device3,device3_1499_LeafPhotoB_2025-09-08 12_25_20.309-05_00_leaf.png,3474016,0.95,1499
device3,device3_1500_LeafPhotoB_2025-09-08 12_25_38.479-05_00_leaf.png,2863629,0.12,1500
device3,device3_1500_LeafPhotoB_2025-09-08 12_26_17.305-05_00_leaf.png,3832163,0.39,1500
device3,device3_1500_LeafPhotoB_2025-09-08 12_26_34.531-05_00_leaf.png,4087116,0.24,1500
device3,device3_1701_LeafPhotoA_2025-09-09 10_10_27.810-05_00_leaf.png,3406942,1.35,1701
device3,device3_1701_LeafPhotoA_2025-09-09 10_10_43.191-05_00_leaf.png,5385014,1.39,1701
device3,device3_1701_LeafPhotoA_2025-09-09 10_11_01.325-05_00_leaf.png,5323952,1.16,1701
device3,device3_1702_LeafPhotoA_2025-09-09 10_11_56.328-05_00_leaf.png,3014491,15.72,1702
device3,device3_1702_LeafPhotoA_2025-09-09 10_12_12.772-05_00_leaf.png,3714718,4.87,1702
device3,device3_1702_LeafPhotoA_2025-09-09 10_12_23.395-05_00_leaf.png,3945415,2.91,1702
device3,device3_1703_LeafPhotoA_2025-09-09 08_54_00.767-05_00_leaf.png,2302113,1.98,1703
device3,device3_1703_LeafPhotoA_2025-09-09 08_54_19.208-05_00_leaf.png,6255798,3.71,1703
device3,device3_1703_LeafPhotoA_2025-09-09 08_54_57.168-05_00_leaf.png,3542527,0.23,1703
device3,device3_1704_LeafPhotoA_2025-09-09 08_55_40.866-05_00_leaf.png,1761681,16.73,1704
device3,device3_1704_LeafPhotoA_2025-09-09 08_56_01.667-05_00_leaf.png,4274773,1.08,1704
device3,device3_1704_LeafPhotoA_2025-09-09 08_56_12.893-05_00_leaf.png,4172390,10.04,1704
device3,device3_1705_LeafPhotoA_2025-09-09 08_56_59.048-05_00_leaf.png,979256,4.82,1705
device3,device3_1705_LeafPhotoA_2025-09-09 08_57_10.990-05_00_leaf.png,1398618,4.21,1705
device3,device3_1705_LeafPhotoA_2025-09-09 08_57_26.822-05_00_leaf.png,1145244,24.7,1705
device3,device3_1706_LeafPhotoA_2025-09-09 08_59_05.746-05_00_leaf.png,4234433,1.64,1706
device3,device3_1706_LeafPhotoA_2025-09-09 08_59_25.055-05_00_leaf.png,4303812,1.35,1706
device3,device3_1706_LeafPhotoA_2025-09-09 08_59_45.727-05_00_leaf.png,4308331,1.66,1706
device3,device3_1707_LeafPhotoA_2025-09-09 09_00_57.756-05_00_leaf.png,3274774,17.83,1707
device3,device3_1707_LeafPhotoA_2025-09-09 09_01_20.381-05_00_leaf.png,2471413,4.86,1707
device3,device3_1707_LeafPhotoA_2025-09-09 09_01_32.749-05_00_leaf.png,3703427,2.51,1707
device3,device3_1708_LeafPhotoA_2025-09-09 09_02_19.198-05_00_leaf.png,2756815,3.94,1708
device3,device3_1708_LeafPhotoA_2025-09-09 09_02_34.833-05_00_leaf.png,3818848,6.54,1708
device3,device3_1708_LeafPhotoA_2025-09-09 09_02_44.624-05_00_leaf.png,3373912,2.83,1708
device3,device3_1709_LeafPhotoA_2025-09-09 09_03_16.182-05_00_leaf.png,2696425,1.44,1709
device3,device3_1709_LeafPhotoA_2025-09-09 09_03_55.277-05_00_leaf.png,3564424,3.62,1709
device3,device3_1709_LeafPhotoA_2025-09-09 09_04_13.885-05_00_leaf.png,2228435,1.2,1709
device3,device3_1710_LeafPhotoA_2025-09-09 09_05_21.607-05_00_leaf.png,4541669,0.76,1710
device3,device3_1710_LeafPhotoA_2025-09-09 09_05_37.194-05_00_leaf.png,2537732,6.53,1710
device3,device3_1710_LeafPhotoA_2025-09-09 09_05_51.452-05_00_leaf.png,3449782,4.64,1710
device3,device3_1711_LeafPhotoA_2025-09-09 09_06_29.620-05_00_leaf.png,2070844,13.33,1711
device3,device3_1711_LeafPhotoA_2025-09-09 09_06_43.162-05_00_leaf.png,3482102,10.76,1711
device3,device3_1711_LeafPhotoA_2025-09-09 09_06_57.472-05_00_leaf.png,2773129,23.55,1711
device3,device3_1712_LeafPhotoA_2025-09-09 09_07_36.217-05_00_leaf.png,3014779,21.23,1712
device3,device3_1712_LeafPhotoA_2025-09-09 09_07_46.862-05_00_leaf.png,1539364,17.83,1712
device3,device3_1712_LeafPhotoA_2025-09-09 09_07_57.472-05_00_leaf.png,1863143,17.14,1712
device3,device3_1713_LeafPhotoA_2025-09-09 09_08_31.161-05_00_leaf.png,3264652,0.83,1713
device3,device3_1713_LeafPhotoA_2025-09-09 09_08_44.736-05_00_leaf.png,8408320,8.23,1713
device3,device3_1713_LeafPhotoA_2025-09-09 09_08_57.026-05_00_leaf.png,1375171,10.08,1713
device3,device3_1714_LeafPhotoA_2025-09-09 09_09_41.593-05_00_leaf.png,3097870,8.34,1714
device3,device3_1714_LeafPhotoA_2025-09-09 09_09_56.290-05_00_leaf.png,2682076,1.33,1714
device3,device3_1714_LeafPhotoA_2025-09-09 09_10_15.671-05_00_leaf.png,3097395,2.21,1714
device3,device3_1715_LeafPhotoA_2025-09-09 09_11_15.651-05_00_leaf.png,3715325,3.87,1715
device3,device3_1715_LeafPhotoA_2025-09-09 09_11_29.899-05_00_leaf.png,2634752,5.17,1715
device3,device3_1715_LeafPhotoA_2025-09-09 09_11_42.677-05_00_leaf.png,3317511,1.7,1715
device3,device3_1716_LeafPhotoA_2025-09-09 09_12_35.952-05_00_leaf.png,3584324,8.28,1716
device3,device3_1716_LeafPhotoA_2025-09-09 09_12_53.151-05_00_leaf.png,2610853,1.16,1716
device3,device3_1716_LeafPhotoA_2025-09-09 09_13_11.474-05_00_leaf.png,3316523,0.43,1716
device3,device3_1717_LeafPhotoA_2025-09-09 09_13_50.531-05_00_leaf.png,2872723,4.79,1717
device3,device3_1717_LeafPhotoA_2025-09-09 09_14_13.919-05_00_leaf.png,2868146,10.01,1717
device3,device3_1717_LeafPhotoA_2025-09-09 09_14_26.177-05_00_leaf.png,2177873,13.16,1717
device3,device3_1718_LeafPhotoA_2025-09-09 09_15_04.331-05_00_leaf.png,3253226,4.94,1718
device3,device3_1718_LeafPhotoA_2025-09-09 09_15_27.169-05_00_leaf.png,3274137,7.48,1718
device3,device3_1718_LeafPhotoA_2025-09-09 09_15_39.984-05_00_leaf.png,5262294,3.65,1718
device3,device3_1719_LeafPhotoA_2025-09-09 09_16_41.295-05_00_leaf.png,2597442,0.37,1719
device3,device3_1719_LeafPhotoA_2025-09-09 09_17_16.298-05_00_leaf.png,3424834,4.71,1719
device3,device3_1719_LeafPhotoA_2025-09-09 09_17_27.215-05_00_leaf.png,4506587,22.26,1719
device3,device3_1720_LeafPhotoA_2025-09-09 09_18_32.847-05_00_leaf.png,5005274,0.79,1720
device3,device3_1720_LeafPhotoA_2025-09-09 09_18_49.231-05_00_leaf.png,4148812,0.05,1720
device3,device3_1720_LeafPhotoA_2025-09-09 09_19_03.700-05_00_leaf.png,3397469,0,1720
device3,device3_1721_LeafPhotoA_2025-09-09 09_20_07.683-05_00_leaf.png,4436530,5.83,1721
device3,device3_1721_LeafPhotoA_2025-09-09 09_20_24.206-05_00_leaf.png,2131711,1.08,1721
device3,device3_1721_LeafPhotoA_2025-09-09 09_20_36.298-05_00_leaf.png,2998704,5.47,1721
device3,device3_1722_LeafPhotoA_2025-09-09 09_21_25.253-05_00_leaf.png,3401959,7.85,1722
device3,device3_1722_LeafPhotoA_2025-09-09 09_22_01.475-05_00_leaf.png,5423105,2.92,1722
device3,device3_1722_LeafPhotoA_2025-09-09 09_22_14.978-05_00_leaf.png,3551108,8.48,1722
device3,device3_1723_LeafPhotoA_2025-09-09 09_22_47.180-05_00_leaf.png,1976169,0.02,1723
device3,device3_1723_LeafPhotoA_2025-09-09 09_23_04.032-05_00_leaf.png,1751971,0.04,1723
device3,device3_1723_LeafPhotoA_2025-09-09 09_23_13.290-05_00_leaf.png,2303491,0,1723
device3,device3_1724_LeafPhotoA_2025-09-09 09_24_27.083-05_00_leaf.png,2656927,0.2,1724
device3,device3_1724_LeafPhotoA_2025-09-09 09_24_40.338-05_00_leaf.png,3100408,5.38,1724
device3,device3_1724_LeafPhotoA_2025-09-09 09_24_52.857-05_00_leaf.png,2907320,0.68,1724
device3,device3_1725_LeafPhotoA_2025-09-09 09_26_33.121-05_00_leaf.png,3666765,1.02,1725
device3,device3_1725_LeafPhotoA_2025-09-09 09_26_46.980-05_00_leaf.png,4033037,0.2,1725
device3,device3_1725_LeafPhotoA_2025-09-09 09_26_59.067-05_00_leaf.png,4648520,0.05,1725
device3,device3_1726_LeafPhotoA_2025-09-09 09_27_35.389-05_00_leaf.png,2459477,7.79,1726
device3,device3_1726_LeafPhotoA_2025-09-09 09_27_45.384-05_00_leaf.png,2934421,2.59,1726
device3,device3_1726_LeafPhotoA_2025-09-09 09_27_58.950-05_00_leaf.png,3209923,10.16,1726
device3,device3_1728_LeafPhotoA_2025-09-09 09_30_43.761-05_00_leaf.png,3418247,7.13,1728
device3,device3_1728_LeafPhotoA_2025-09-09 09_30_58.151-05_00_leaf.png,3611030,22.84,1728
device3,device3_1728_LeafPhotoA_2025-09-09 09_31_07.362-05_00_leaf.png,2533354,7.76,1728
device3,device3_1728_LeafPhotoA_2025-09-09 09_32_17.423-05_00_leaf.png,4240233,12.22,1728
device3,device3_1729_LeafPhotoA_2025-09-09 09_34_46.373-05_00_leaf.png,4605369,8.84,1729
device3,device3_1730_LeafPhotoA_2025-09-09 09_35_06.789-05_00_leaf.png,3819867,1.62,1730
device3,device3_1730_LeafPhotoA_2025-09-09 09_35_28.620-05_00_leaf.png,3049973,2.21,1730
device3,device3_1730_LeafPhotoA_2025-09-09 09_36_42.379-05_00_leaf.png,2794280,6.3,1730
device3,device3_1731_LeafPhotoA_2025-09-09 09_38_03.446-05_00_leaf.png,3882320,0.17,1731
device3,device3_1731_LeafPhotoA_2025-09-09 09_38_23.442-05_00_leaf.png,3496788,0.31,1731
device3,device3_1731_LeafPhotoA_2025-09-09 09_38_51.235-05_00_leaf.png,5248507,0.08,1731
device3,device3_1732_LeafPhotoA_2025-09-09 09_40_31.196-05_00_leaf.png,2446579,3.27,1732
device3,device3_1732_LeafPhotoA_2025-09-09 09_40_48.387-05_00_leaf.png,3537680,2.16,1732
device3,device3_1732_LeafPhotoA_2025-09-09 09_41_32.775-05_00_leaf.png,3635878,3.27,1732
device3,device3_1733_LeafPhotoA_2025-09-09 09_42_31.148-05_00_leaf.png,2454476,2.5,1733
device3,device3_1733_LeafPhotoA_2025-09-09 09_42_56.742-05_00_leaf.png,3326482,16.59,1733
device3,device3_1733_LeafPhotoA_2025-09-09 09_43_21.749-05_00_leaf.png,1617671,30.8,1733
device3,device3_1734_LeafPhotoA_2025-09-09 09_44_18.298-05_00_leaf.png,3247004,32.93,1734
device3,device3_1734_LeafPhotoA_2025-09-09 09_44_46.087-05_00_leaf.png,1789674,41.02,1734
device3,device3_1734_LeafPhotoA_2025-09-09 09_44_56.945-05_00_leaf.png,2670356,16.46,1734
device3,device3_1735_LeafPhotoA_2025-09-09 09_46_06.290-05_00_leaf.png,3601805,39.38,1735
device3,device3_1735_LeafPhotoA_2025-09-09 09_46_28.098-05_00_leaf.png,2382746,21.49,1735
device3,device3_1735_LeafPhotoA_2025-09-09 09_46_39.828-05_00_leaf.png,3864723,13.81,1735
device3,device3_1736_LeafPhotoA_2025-09-09 09_48_04.210-05_00_leaf.png,3085681,0.46,1736
device3,device3_1736_LeafPhotoA_2025-09-09 09_48_22.904-05_00_leaf.png,3491553,1.05,1736
device3,device3_1736_LeafPhotoA_2025-09-09 09_48_40.445-05_00_leaf.png,2816776,0.19,1736
device3,device3_1737_LeafPhotoA_2025-09-09 09_49_33.389-05_00_leaf.png,2937053,2.08,1737
device3,device3_1737_LeafPhotoA_2025-09-09 09_49_50.732-05_00_leaf.png,3384548,2.2,1737
device3,device3_1737_LeafPhotoA_2025-09-09 09_50_03.892-05_00_leaf.png,3002633,12.27,1737
device3,device3_1738_LeafPhotoA_2025-09-09 09_51_15.610-05_00_leaf.png,2525569,44.75,1738
device3,device3_1738_LeafPhotoA_2025-09-09 09_51_34.794-05_00_leaf.png,2833552,3.1,1738
device3,device3_1738_LeafPhotoA_2025-09-09 09_51_48.890-05_00_leaf.png,4176178,24.55,1738
device3,device3_1739_LeafPhotoA_2025-09-09 09_53_10.390-05_00_leaf.png,2652412,24.4,1739
device3,device3_1739_LeafPhotoA_2025-09-09 09_53_28.728-05_00_leaf.png,2685658,8.68,1739
device3,device3_1739_LeafPhotoA_2025-09-09 09_53_43.322-05_00_leaf.png,2535036,7.55,1739
device3,device3_1740_LeafPhotoA_2025-09-09 09_54_56.172-05_00_leaf.png,4518376,1.46,1740
device3,device3_1740_LeafPhotoA_2025-09-09 09_55_10.339-05_00_leaf.png,2639900,39.64,1740
device3,device3_1740_LeafPhotoA_2025-09-09 09_55_26.066-05_00_leaf.png,3919023,15.74,1740
device3,device3_1741_LeafPhotoA_2025-09-09 09_56_17.882-05_00_leaf.png,4413676,2.07,1741
device3,device3_1741_LeafPhotoA_2025-09-09 09_56_32.397-05_00_leaf.png,3417929,15.99,1741
device3,device3_1741_LeafPhotoA_2025-09-09 09_56_46.070-05_00_leaf.png,4286959,7.45,1741
device3,device3_1742_LeafPhotoA_2025-09-09 09_57_44.095-05_00_leaf.png,1882098,2.89,1742
device3,device3_1742_LeafPhotoA_2025-09-09 09_58_06.549-05_00_leaf.png,3054235,31.54,1742
device3,device3_1742_LeafPhotoA_2025-09-09 09_58_17.497-05_00_leaf.png,4973748,2.61,1742
device3,device3_1743_LeafPhotoA_2025-09-09 09_59_01.185-05_00_leaf.png,4293854,9.18,1743
device3,device3_1743_LeafPhotoA_2025-09-09 09_59_20.258-05_00_leaf.png,3123705,37.24,1743
device3,device3_1743_LeafPhotoA_2025-09-09 09_59_38.653-05_00_leaf.png,3555071,16.49,1743
device3,device3_1744_LeafPhotoA_2025-09-09 10_00_25.624-05_00_leaf.png,3936551,2.58,1744
device3,device3_1744_LeafPhotoA_2025-09-09 10_00_42.251-05_00_leaf.png,4247030,10.15,1744
device3,device3_1744_LeafPhotoA_2025-09-09 10_01_05.958-05_00_leaf.png,5662041,19.72,1744
device3,device3_1745_LeafPhotoA_2025-09-09 10_01_39.508-05_00_leaf.png,3427015,11.99,1745
device3,device3_1745_LeafPhotoA_2025-09-09 10_01_53.164-05_00_leaf.png,3089166,8.48,1745
device3,device3_1745_LeafPhotoA_2025-09-09 10_02_04.517-05_00_leaf.png,2352117,10.99,1745
device3,device3_1746_LeafPhotoA_2025-09-09 10_03_19.051-05_00_leaf.png,5216095,1.14,1746
device3,device3_1746_LeafPhotoA_2025-09-09 10_03_34.287-05_00_leaf.png,3808581,0.08,1746
device3,device3_1746_LeafPhotoA_2025-09-09 10_03_46.262-05_00_leaf.png,4028045,0.14,1746
device3,device3_1747_LeafPhotoA_2025-09-09 10_04_42.065-05_00_leaf.png,5332047,2.71,1747
device3,device3_1747_LeafPhotoA_2025-09-09 10_04_59.320-05_00_leaf.png,3793769,20.05,1747
device3,device3_1747_LeafPhotoA_2025-09-09 10_05_14.099-05_00_leaf.png,4574914,17.27,1747
device3,device3_1748_LeafPhotoA_2025-09-09 10_05_59.202-05_00_leaf.png,3131291,2.35,1748
device3,device3_1748_LeafPhotoA_2025-09-09 10_06_14.568-05_00_leaf.png,2788382,1.2,1748
device3,device3_1748_LeafPhotoA_2025-09-09 10_06_29.195-05_00_leaf.png,3181371,5.92,1748
device3,device3_1749_LeafPhotoA_2025-09-09 10_07_40.842-05_00_leaf.png,2571111,4.81,1749
device3,device3_1749_LeafPhotoA_2025-09-09 10_07_54.381-05_00_leaf.png,2075056,0.54,1749
device3,device3_1749_LeafPhotoA_2025-09-09 10_08_07.956-05_00_leaf.png,3770266,1.79,1749
device3,device3_1750_LeafPhotoA_2025-09-09 10_09_04.573-05_00_leaf.png,3065592,2.08,1750
device3,device3_1750_LeafPhotoA_2025-09-09 10_09_17.886-05_00_leaf.png,2964942,0.55,1750
device3,device3_1750_LeafPhotoA_2025-09-09 10_09_28.880-05_00_leaf.png,3042061,1.49,1750
device3,device3_2161_LeafPhotoA_2025-09-09 11_50_30.746-05_00_leaf.png,2333576,23.44,2161
device3,device3_2161_LeafPhotoA_2025-09-09 11_50_42.659-05_00_leaf.png,2080538,8.51,2161
device3,device3_2161_LeafPhotoA_2025-09-09 11_51_07.707-05_00_leaf.png,2370644,3.31,2161
device3,device3_2162_LeafPhotoA_2025-09-09 11_52_14.872-05_00_leaf.png,5432886,5.57,2162
device3,device3_2162_LeafPhotoA_2025-09-09 11_52_42.308-05_00_leaf.png,3816193,1.77,2162
device3,device3_2162_LeafPhotoA_2025-09-09 11_52_54.057-05_00_leaf.png,3549210,0.23,2162
device3,device3_2163_LeafPhotoA_2025-09-09 11_54_41.163-05_00_leaf.png,1245476,1.13,2163
device3,device3_2163_LeafPhotoA_2025-09-09 11_54_54.715-05_00_leaf.png,2319551,5.11,2163
device3,device3_2163_LeafPhotoA_2025-09-09 11_55_16.653-05_00_leaf.png,1910754,0.04,2163
device3,device3_2164_LeafPhotoA_2025-09-09 11_57_07.291-05_00_leaf.png,2059855,0,2164
device3,device3_2164_LeafPhotoA_2025-09-09 11_57_19.201-05_00_leaf.png,2413008,0,2164
device3,device3_2164_LeafPhotoA_2025-09-09 11_57_28.700-05_00_leaf.png,3865300,0.03,2164
device3,device3_2165_LeafPhotoA_2025-09-09 11_58_06.977-05_00_leaf.png,2730966,0.26,2165
device3,device3_2165_LeafPhotoA_2025-09-09 11_58_19.089-05_00_leaf.png,2233719,0.51,2165
device3,device3_2165_LeafPhotoA_2025-09-09 11_58_33.229-05_00_leaf.png,4330062,3.05,2165
device3,device3_2166_LeafPhotoA_2025-09-09 11_59_53.673-05_00_leaf.png,2304040,0.76,2166
device3,device3_2166_LeafPhotoA_2025-09-09 12_00_07.893-05_00_leaf.png,2562711,0.72,2166
device3,device3_2166_LeafPhotoA_2025-09-09 12_00_21.661-05_00_leaf.png,1757007,1.51,2166
device3,device3_2167_LeafPhotoA_2025-09-09 12_01_16.586-05_00_leaf.png,3266859,2.2,2167
device3,device3_2167_LeafPhotoA_2025-09-09 12_01_30.774-05_00_leaf.png,2899233,3.79,2167
device3,device3_2167_LeafPhotoA_2025-09-09 12_01_42.551-05_00_leaf.png,2101400,0.08,2167
device3,device3_2168_LeafPhotoA_2025-09-09 12_03_43.292-05_00_leaf.png,2046911,3.96,2168
device3,device3_2168_LeafPhotoA_2025-09-09 12_03_54.274-05_00_leaf.png,2609592,22.73,2168
device3,device3_2168_LeafPhotoA_2025-09-09 12_04_03.294-05_00_leaf.png,2009023,10.52,2168
device3,device3_2169_LeafPhotoA_2025-09-09 12_05_00.575-05_00_leaf.png,1928272,3.44,2169
device3,device3_2169_LeafPhotoA_2025-09-09 12_05_10.533-05_00_leaf.png,2296539,0.51,2169
device3,device3_2169_LeafPhotoA_2025-09-09 12_05_18.887-05_00_leaf.png,3503995,0.13,2169
device3,device3_2169_LeafPhotoA_2025-09-09 12_05_45.764-05_00_leaf.png,3117059,4.98,2169
device3,device3_2169_LeafPhotoA_2025-09-09 12_05_55.711-05_00_leaf.png,2471413,33.36,2169
device3,device3_2169_LeafPhotoA_2025-09-09 12_06_08.101-05_00_leaf.png,4014315,2.94,2169
device3,device3_2170_LeafPhotoA_2025-09-09 12_08_21.167-05_00_leaf.png,2011658,20.79,2170
device3,device3_2170_LeafPhotoA_2025-09-09 12_08_38.735-05_00_leaf.png,2423063,5.75,2170
device3,device3_2170_LeafPhotoA_2025-09-09 12_08_50.054-05_00_leaf.png,3613262,4.68,2170
device3,device3_2170_LeafPhotoA_2025-09-09 12_08_50.946-05_00_leaf.png,4735470,4.04,2170
device3,device3_2171_LeafPhotoA_2025-09-09 12_07_17.437-05_00_leaf.png,3168906,10.9,2171
device3,device3_2171_LeafPhotoA_2025-09-09 12_07_31.059-05_00_leaf.png,3703524,7.98,2171
device3,device3_2171_LeafPhotoA_2025-09-09 12_07_43.929-05_00_leaf.png,3029769,6.94,2171
device3,device3_2171_LeafPhotoA_2025-09-09 12_11_29.526-05_00_leaf.png,2248488,6.48,2171
device3,device3_2172_LeafPhotoA_2025-09-09 12_11_45.293-05_00_leaf.png,5730271,5.93,2172
device3,device3_2172_LeafPhotoA_2025-09-09 12_11_57.132-05_00_leaf.png,3294472,1.17,2172
device3,device3_2173_LeafPhotoA_2025-09-09 12_13_18.928-05_00_leaf.png,8234453,9.68,2173
device3,device3_2173_LeafPhotoA_2025-09-09 12_14_11.365-05_00_leaf.png,3293684,18.67,2173
device3,device3_2173_LeafPhotoA_2025-09-09 12_14_23.103-05_00_leaf.png,7390605,10.68,2173
device3,device3_2174_LeafPhotoA_2025-09-09 12_15_03.048-05_00_leaf.png,8035882,8.44,2174
device3,device3_2174_LeafPhotoA_2025-09-09 12_15_14.269-05_00_leaf.png,8801144,8.19,2174
device3,device3_2174_LeafPhotoA_2025-09-09 12_15_26.621-05_00_leaf.png,7518561,8.88,2174
device3,device3_2175_LeafPhotoA_2025-09-09 12_16_04.953-05_00_leaf.png,8141669,16.29,2175
device3,device3_2175_LeafPhotoA_2025-09-09 12_16_18.005-05_00_leaf.png,7988637,17.62,2175
device3,device3_2175_LeafPhotoA_2025-09-09 12_19_13.536-05_00_leaf.png,2068099,0.75,2175
device3,device3_2176_LeafPhotoA_2025-09-09 12_19_48.658-05_00_leaf.png,8486263,13.15,2176
device3,device3_2176_LeafPhotoA_2025-09-09 12_20_00.501-05_00_leaf.png,9360858,13.14,2176
device3,device3_2176_LeafPhotoA_2025-09-09 12_20_11.972-05_00_leaf.png,8595878,12.61,2176
device3,device3_2177_LeafPhotoA_2025-09-09 12_21_22.406-05_00_leaf.png,2661560,0.15,2177
device3,device3_2177_LeafPhotoA_2025-09-09 12_21_32.834-05_00_leaf.png,2244698,0.65,2177
device3,device3_2178_LeafPhotoA_2025-09-09 12_22_12.377-05_00_leaf.png,1707579,1.39,2178
device3,device3_2178_LeafPhotoA_2025-09-09 12_22_40.647-05_00_leaf.png,2994489,0.86,2178
device3,device3_2178_LeafPhotoA_2025-09-09 12_23_02.870-05_00_leaf.png,7862582,11.12,2178
device3,device3_2179_LeafPhotoA_2025-09-09 12_23_30.000-05_00_leaf.png,8800182,15.46,2179
device3,device3_2179_LeafPhotoA_2025-09-09 12_23_39.813-05_00_leaf.png,9443464,16.45,2179
device3,device3_2180_LeafPhotoA_2025-09-09 12_24_28.651-05_00_leaf.png,7372478,14.17,2180
device3,device3_2180_LeafPhotoA_2025-09-09 12_24_37.417-05_00_leaf.png,8043366,15.42,2180
device3,device3_2180_LeafPhotoA_2025-09-09 12_24_48.677-05_00_leaf.png,8559741,13.86,2180
device3,device3_2181_LeafPhotoA_2025-09-09 12_25_24.274-05_00_leaf.png,7599826,13.45,2181
device3,device3_2181_LeafPhotoA_2025-09-09 12_25_47.850-05_00_leaf.png,7885189,23,2181
device3,device3_2182_LeafPhotoA_2025-09-09 12_26_26.340-05_00_leaf.png,8859210,16.72,2182
device3,device3_2182_LeafPhotoA_2025-09-09 12_26_51.449-05_00_leaf.png,8493121,13.54,2182
device3,device3_2183_LeafPhotoA_2025-09-09 12_27_52.179-05_00_leaf.png,2812376,2,2183
device3,device3_2183_LeafPhotoA_2025-09-09 12_28_05.907-05_00_leaf.png,3018758,2.14,2183
device3,device3_2183_LeafPhotoA_2025-09-09 12_28_17.472-05_00_leaf.png,2737525,7.63,2183
device3,device3_2184_LeafPhotoA_2025-09-09 12_28_52.400-05_00_leaf.png,2419866,0.69,2184
device3,device3_2184_LeafPhotoA_2025-09-09 12_29_02.951-05_00_leaf.png,3654024,0.03,2184
device3,device3_2184_LeafPhotoA_2025-09-09 12_29_11.777-05_00_leaf.png,3238240,0.36,2184
device3,device3_2184_LeafPhotoA_2025-09-09 12_29_38.544-05_00_leaf.png,3116497,0.01,2184
device3,device3_2184_LeafPhotoA_2025-09-09 12_29_50.831-05_00_leaf.png,2477918,0.12,2184
device3,device3_2184_LeafPhotoA_2025-09-09 12_30_05.392-05_00_leaf.png,3462387,0.01,2184
device3,device3_2185_LeafPhotoA_2025-09-09 12_31_57.613-05_00_leaf.png,2456410,0.03,2185
device3,device3_2185_LeafPhotoA_2025-09-09 12_32_08.628-05_00_leaf.png,3575574,0.14,2185
device3,device3_2185_LeafPhotoA_2025-09-09 12_32_19.175-05_00_leaf.png,3097965,0.52,2185
device3,device3_2186_LeafPhotoA_2025-09-09 12_31_03.766-05_00_leaf.png,3649200,10.84,2186
device3,device3_2186_LeafPhotoA_2025-09-09 12_31_18.903-05_00_leaf.png,2545764,35.94,2186
device3,device3_2186_LeafPhotoA_2025-09-09 12_31_28.944-05_00_leaf.png,3326641,20.57,2186
device3,device3_2187_LeafPhotoA_2025-09-09 12_32_57.938-05_00_leaf.png,1880116,3.91,2187
device3,device3_2187_LeafPhotoA_2025-09-09 12_33_18.243-05_00_leaf.png,2202021,1.08,2187
device3,device3_2187_LeafPhotoA_2025-09-09 12_33_30.247-05_00_leaf.png,2727571,22.61,2187
device3,device3_2188_LeafPhotoA_2025-09-09 12_34_26.464-05_00_leaf.png,5178928,0.42,2188
device3,device3_2188_LeafPhotoA_2025-09-09 12_34_35.986-05_00_leaf.png,2517126,0.24,2188
device3,device3_2188_LeafPhotoA_2025-09-09 12_34_49.357-05_00_leaf.png,3265287,0.35,2188
device3,device3_2401_LeafPhotoB_2025-09-08 10_40_27.891-05_00_leaf.png,2309929,0.14,2401
device3,device3_2401_LeafPhotoB_2025-09-08 10_40_48.911-05_00_leaf.png,2836286,9.8,2401
device3,device3_2401_LeafPhotoB_2025-09-08 10_41_06.278-05_00_leaf.png,3947400,9.91,2401
device3,device3_2402_LeafPhotoB_2025-09-08 10_41_29.920-05_00_leaf.png,3315108,0,2402
device3,device3_2402_LeafPhotoB_2025-09-08 10_41_43.879-05_00_leaf.png,3184214,3.49,2402
device3,device3_2402_LeafPhotoB_2025-09-08 10_42_01.773-05_00_leaf.png,3866224,0.04,2402
device3,device3_2403_LeafPhotoB_2025-09-08 10_42_32.001-05_00_leaf.png,3847519,0,2403
device3,device3_2403_LeafPhotoB_2025-09-08 10_42_47.252-05_00_leaf.png,3786081,0.03,2403
device3,device3_2403_LeafPhotoB_2025-09-08 10_42_57.989-05_00_leaf.png,3807923,0.01,2403
device3,device3_2403_LeafPhotoB_2025-09-08 10_42_58.623-05_00_leaf.png,3807754,0.01,2403
device3,device3_2404_LeafPhotoB_2025-09-08 10_43_18.818-05_00_leaf.png,2690567,0.06,2404
device3,device3_2404_LeafPhotoB_2025-09-08 10_43_34.946-05_00_leaf.png,2936720,0.1,2404
device3,device3_2404_LeafPhotoB_2025-09-08 10_44_08.041-05_00_leaf.png,2820585,5.98,2404
device3,device3_2405_LeafPhotoB_2025-09-08 10_44_24.813-05_00_leaf.png,3316770,0.79,2405
device3,device3_2405_LeafPhotoB_2025-09-08 10_44_46.792-05_00_leaf.png,5145973,4.15,2405
device3,device3_2405_LeafPhotoB_2025-09-08 10_45_12.850-05_00_leaf.png,4387130,5.2,2405
device3,device3_2406_LeafPhotoB_2025-09-08 10_45_27.535-05_00_leaf.png,3703994,0,2406
device3,device3_2406_LeafPhotoB_2025-09-08 10_45_37.419-05_00_leaf.png,4219543,0.02,2406
device3,device3_2406_LeafPhotoB_2025-09-08 10_45_50.938-05_00_leaf.png,3934122,0,2406
device3,device3_2407_LeafPhotoB_2025-09-08 10_46_11.638-05_00_leaf.png,4678629,0.03,2407
device3,device3_2407_LeafPhotoB_2025-09-08 10_46_25.065-05_00_leaf.png,3784272,0.05,2407
device3,device3_2407_LeafPhotoB_2025-09-08 10_46_44.216-05_00_leaf.png,4804685,0.1,2407
device3,device3_2408_LeafPhotoB_2025-09-08 10_47_09.777-05_00_leaf.png,4036588,0,2408
device3,device3_2408_LeafPhotoB_2025-09-08 10_47_28.230-05_00_leaf.png,5594034,0.02,2408
device3,device3_2408_LeafPhotoB_2025-09-08 10_47_42.863-05_00_leaf.png,4614645,0.2,2408
device3,device3_2409_LeafPhotoB_2025-09-08 10_48_08.751-05_00_leaf.png,4274664,1.36,2409
device3,device3_2409_LeafPhotoB_2025-09-08 10_48_23.553-05_00_leaf.png,4391793,3.32,2409
device3,device3_2409_LeafPhotoB_2025-09-08 10_48_46.713-05_00_leaf.png,5404100,1.67,2409
device3,device3_2410_LeafPhotoB_2025-09-08 10_49_17.609-05_00_leaf.png,3949467,4.08,2410
device3,device3_2410_LeafPhotoB_2025-09-08 10_49_34.518-05_00_leaf.png,3106446,0.69,2410
device3,device3_2410_LeafPhotoB_2025-09-08 10_49_47.847-05_00_leaf.png,3113308,0.9,2410
device3,device3_2411_LeafPhotoB_2025-09-08 10_50_22.704-05_00_leaf.png,4169676,0.04,2411
device3,device3_2411_LeafPhotoB_2025-09-08 10_50_33.943-05_00_leaf.png,3846742,0,2411
device3,device3_2411_LeafPhotoB_2025-09-08 10_51_05.721-05_00_leaf.png,4072845,0.05,2411
device3,device3_2412_LeafPhotoB_2025-09-08 10_51_28.613-05_00_leaf.png,3404132,0.28,2412
device3,device3_2412_LeafPhotoB_2025-09-08 10_51_45.253-05_00_leaf.png,3242902,0.57,2412
device3,device3_2412_LeafPhotoB_2025-09-08 10_51_57.035-05_00_leaf.png,3491072,0.09,2412
device3,device3_2413_LeafPhotoB_2025-09-08 10_52_14.802-05_00_leaf.png,4318674,0.01,2413
device3,device3_2413_LeafPhotoB_2025-09-08 10_52_26.660-05_00_leaf.png,4870730,0.11,2413
device3,device3_2413_LeafPhotoB_2025-09-08 10_52_41.456-05_00_leaf.png,4457900,0.01,2413
device3,device3_2414_LeafPhotoB_2025-09-08 10_52_59.257-05_00_leaf.png,3053299,0.03,2414
device3,device3_2414_LeafPhotoB_2025-09-08 10_53_14.267-05_00_leaf.png,3216920,0.02,2414
device3,device3_2414_LeafPhotoB_2025-09-08 10_53_38.899-05_00_leaf.png,3248272,0.18,2414
device3,device3_2415_LeafPhotoB_2025-09-08 10_53_58.757-05_00_leaf.png,3926288,0.01,2415
device3,device3_2415_LeafPhotoB_2025-09-08 10_54_10.848-05_00_leaf.png,3067129,0.01,2415
device3,device3_2415_LeafPhotoB_2025-09-08 10_54_22.742-05_00_leaf.png,3884583,0.01,2415
device3,device3_2416_LeafPhotoB_2025-09-08 10_54_44.073-05_00_leaf.png,2626093,0.18,2416
device3,device3_2416_LeafPhotoB_2025-09-08 10_55_01.829-05_00_leaf.png,3293249,0.69,2416
device3,device3_2416_LeafPhotoB_2025-09-08 10_55_17.707-05_00_leaf.png,3011977,0.08,2416
device3,device3_2417_LeafPhotoB_2025-09-08 10_55_37.333-05_00_leaf.png,3102204,4.23,2417
device3,device3_2417_LeafPhotoB_2025-09-08 10_55_50.662-05_00_leaf.png,5826644,2.42,2417
device3,device3_2417_LeafPhotoB_2025-09-08 10_56_04.277-05_00_leaf.png,6052569,0.27,2417
device3,device3_2418_LeafPhotoB_2025-09-08 10_56_26.318-05_00_leaf.png,3650238,0.09,2418
device3,device3_2418_LeafPhotoB_2025-09-08 10_56_40.105-05_00_leaf.png,3662572,0.04,2418
device3,device3_2418_LeafPhotoB_2025-09-08 10_57_05.375-05_00_leaf.png,4576435,0.3,2418
device3,device3_2419_LeafPhotoB_2025-09-08 10_57_28.297-05_00_leaf.png,4280635,0.43,2419
device3,device3_2419_LeafPhotoB_2025-09-08 10_57_42.679-05_00_leaf.png,3897568,0.28,2419
device3,device3_2419_LeafPhotoB_2025-09-08 10_58_16.377-05_00_leaf.png,4627582,1.03,2419
device3,device3_2421_LeafPhotoB_2025-09-08 10_58_54.728-05_00_leaf.png,3476874,0.04,2421
device3,device3_2421_LeafPhotoB_2025-09-08 10_59_09.402-05_00_leaf.png,3689693,0.07,2421
device3,device3_2421_LeafPhotoB_2025-09-08 10_59_22.469-05_00_leaf.png,3022162,0.08,2421
device3,device3_2422_LeafPhotoB_2025-09-08 10_59_40.936-05_00_leaf.png,3479309,2.92,2422
device3,device3_2422_LeafPhotoB_2025-09-08 10_59_54.940-05_00_leaf.png,3501050,0.23,2422
device3,device3_2422_LeafPhotoB_2025-09-08 11_00_07.203-05_00_leaf.png,3710884,0.91,2422
device3,device3_2423_LeafPhotoB_2025-09-08 11_00_25.099-05_00_leaf.png,4410190,0.08,2423
device3,device3_2423_LeafPhotoB_2025-09-08 11_00_40.727-05_00_leaf.png,4856540,0.54,2423
device3,device3_2423_LeafPhotoB_2025-09-08 11_01_00.060-05_00_leaf.png,4075050,0,2423
device3,device3_2424_LeafPhotoB_2025-09-08 11_01_21.479-05_00_leaf.png,3752709,0.06,2424
device3,device3_2424_LeafPhotoB_2025-09-08 11_01_39.265-05_00_leaf.png,3050174,0.01,2424
device3,device3_2424_LeafPhotoB_2025-09-08 11_02_00.927-05_00_leaf.png,3622410,0.07,2424
device3,device3_2425_LeafPhotoB_2025-09-08 11_02_27.155-05_00_leaf.png,4415039,0.09,2425
device3,device3_2425_LeafPhotoB_2025-09-08 11_02_48.204-05_00_leaf.png,4584178,0.42,2425
device3,device3_2425_LeafPhotoB_2025-09-08 11_03_03.016-05_00_leaf.png,3930696,0.1,2425
device3,device3_2426_LeafPhotoB_2025-09-08 11_03_20.588-05_00_leaf.png,4031989,0.04,2426
device3,device3_2426_LeafPhotoB_2025-09-08 11_03_34.617-05_00_leaf.png,3910945,0.08,2426
device3,device3_2426_LeafPhotoB_2025-09-08 11_03_59.472-05_00_leaf.png,3779972,0.01,2426
device3,device3_2428_LeafPhotoB_2025-09-08 11_04_33.129-05_00_leaf.png,3482078,0.03,2428
device3,device3_2428_LeafPhotoB_2025-09-08 11_04_47.563-05_00_leaf.png,3839802,0.05,2428
device3,device3_2428_LeafPhotoB_2025-09-08 11_05_01.808-05_00_leaf.png,4230244,0.13,2428
device3,device3_2429_LeafPhotoB_2025-09-08 11_05_20.910-05_00_leaf.png,2886721,2.14,2429
device3,device3_2429_LeafPhotoB_2025-09-08 11_05_54.449-05_00_leaf.png,3658062,0.38,2429
device3,device3_2429_LeafPhotoB_2025-09-08 11_06_06.696-05_00_leaf.png,3373956,0.11,2429
device3,device3_2430_LeafPhotoB_2025-09-08 11_06_42.435-05_00_leaf.png,4616723,0.15,2430
device3,device3_2430_LeafPhotoB_2025-09-08 11_06_59.975-05_00_leaf.png,4400220,0.17,2430
device3,device3_2430_LeafPhotoB_2025-09-08 11_07_18.830-05_00_leaf.png,3660800,0.25,2430
device3,device3_2431_LeafPhotoB_2025-09-08 11_07_48.428-05_00_leaf.png,3440148,8.7,2431
device3,device3_2431_LeafPhotoB_2025-09-08 11_08_07.315-05_00_leaf.png,5195750,7.02,2431
device3,device3_2431_LeafPhotoB_2025-09-08 11_08_35.233-05_00_leaf.png,4342254,8.77,2431
device3,device3_2432_LeafPhotoB_2025-09-08 11_08_55.037-05_00_leaf.png,3686728,0,2432
device3,device3_2432_LeafPhotoB_2025-09-08 11_09_13.961-05_00_leaf.png,3853016,0.12,2432
device3,device3_2432_LeafPhotoB_2025-09-08 11_09_28.923-05_00_leaf.png,4123151,0.07,2432
device3,device3_2433_LeafPhotoB_2025-09-08 11_09_46.410-05_00_leaf.png,4699777,0.03,2433
device3,device3_2433_LeafPhotoB_2025-09-08 11_10_01.520-05_00_leaf.png,5475074,0.01,2433
device3,device3_2433_LeafPhotoB_2025-09-08 11_10_18.612-05_00_leaf.png,4663550,0,2433
device3,device3_2434_LeafPhotoB_2025-09-08 11_10_38.584-05_00_leaf.png,2835573,0.11,2434
device3,device3_2434_LeafPhotoB_2025-09-08 11_10_53.702-05_00_leaf.png,2654053,0.01,2434
device3,device3_2434_LeafPhotoB_2025-09-08 11_11_09.497-05_00_leaf.png,3933809,0.13,2434
device3,device3_2435_LeafPhotoB_2025-09-08 11_11_33.781-05_00_leaf.png,3050036,0.33,2435
device3,device3_2435_LeafPhotoB_2025-09-08 11_11_49.728-05_00_leaf.png,2599571,0.02,2435
device3,device3_2435_LeafPhotoB_2025-09-08 11_12_07.370-05_00_leaf.png,2469486,0.13,2435
device3,device3_2436_LeafPhotoB_2025-09-08 11_12_23.591-05_00_leaf.png,4114560,0.11,2436
device3,device3_2436_LeafPhotoB_2025-09-08 11_12_35.180-05_00_leaf.png,4751981,0.02,2436
device3,device3_2436_LeafPhotoB_2025-09-08 11_12_52.698-05_00_leaf.png,6156495,0.05,2436
device3,device3_2437_LeafPhotoB_2025-09-08 11_13_12.248-05_00_leaf.png,2872381,0.06,2437
device3,device3_2437_LeafPhotoB_2025-09-08 11_13_30.091-05_00_leaf.png,3146245,1.12,2437
device3,device3_2437_LeafPhotoB_2025-09-08 11_13_49.474-05_00_leaf.png,4431602,0.52,2437
device3,device3_2438_LeafPhotoB_2025-09-08 11_14_12.077-05_00_leaf.png,3614352,1.09,2438
device3,device3_2438_LeafPhotoB_2025-09-08 11_14_34.150-05_00_leaf.png,3740135,0.86,2438
device3,device3_2438_LeafPhotoB_2025-09-08 11_14_46.360-05_00_leaf.png,3842052,1.49,2438
device3,device3_2439_LeafPhotoB_2025-09-08 11_15_15.989-05_00_leaf.png,3353962,0,2439
device3,device3_2439_LeafPhotoB_2025-09-08 11_15_32.151-05_00_leaf.png,4163675,0,2439
device3,device3_2439_LeafPhotoB_2025-09-08 11_15_54.973-05_00_leaf.png,4545051,0.13,2439
device3,device3_2440_LeafPhotoB_2025-09-08 11_16_19.468-05_00_leaf.png,3241322,0.52,2440
device3,device3_2440_LeafPhotoB_2025-09-08 11_16_38.840-05_00_leaf.png,3889202,0.01,2440
device3,device3_2440_LeafPhotoB_2025-09-08 11_16_55.519-05_00_leaf.png,5273603,0.21,2440
device3,device3_2441_LeafPhotoB_2025-09-08 11_17_12.000-05_00_leaf.png,4447707,0.65,2441
device3,device3_2441_LeafPhotoB_2025-09-08 11_17_24.992-05_00_leaf.png,4390342,0.88,2441
device3,device3_2441_LeafPhotoB_2025-09-08 11_17_37.081-05_00_leaf.png,3676406,1.13,2441
device3,device3_2442_LeafPhotoB_2025-09-08 11_17_53.068-05_00_leaf.png,4383426,0.06,2442
device3,device3_2442_LeafPhotoB_2025-09-08 11_18_15.332-05_00_leaf.png,3825867,1.12,2442
device3,device3_2442_LeafPhotoB_2025-09-08 11_18_36.514-05_00_leaf.png,4197462,0.38,2442
device3,device3_2443_LeafPhotoB_2025-09-08 11_18_59.151-05_00_leaf.png,4411210,0.21,2443
device3,device3_2443_LeafPhotoB_2025-09-08 11_19_16.215-05_00_leaf.png,4690857,1.77,2443
device3,device3_2443_LeafPhotoB_2025-09-08 11_19_31.397-05_00_leaf.png,4545641,0.05,2443
device3,device3_2444_LeafPhotoB_2025-09-08 11_19_56.783-05_00_leaf.png,2686101,1.7,2444
device3,device3_2444_LeafPhotoB_2025-09-08 11_20_15.398-05_00_leaf.png,3851672,2.14,2444
device3,device3_2444_LeafPhotoB_2025-09-08 11_20_29.552-05_00_leaf.png,3245557,4.21,2444
device3,device3_2445_LeafPhotoB_2025-09-08 11_20_50.013-05_00_leaf.png,4475219,0.01,2445
device3,device3_2445_LeafPhotoB_2025-09-08 11_21_12.225-05_00_leaf.png,4999722,0.03,2445
device3,device3_2445_LeafPhotoB_2025-09-08 11_21_24.959-05_00_leaf.png,4503637,0.03,2445
device3,device3_2446_LeafPhotoB_2025-09-08 11_21_40.834-05_00_leaf.png,4467340,0.26,2446
device3,device3_2446_LeafPhotoB_2025-09-08 11_22_03.984-05_00_leaf.png,4058119,0.22,2446
device3,device3_2446_LeafPhotoB_2025-09-08 11_22_15.606-05_00_leaf.png,4043305,0.2,2446
device3,device3_2447_LeafPhotoB_2025-09-08 11_22_35.454-05_00_leaf.png,4671599,0.03,2447
device3,device3_2447_LeafPhotoB_2025-09-08 11_22_51.883-05_00_leaf.png,4463878,0.03,2447
device3,device3_2447_LeafPhotoB_2025-09-08 11_23_12.690-05_00_leaf.png,5151807,0.3,2447
device3,device3_2449_LeafPhotoB_2025-09-08 11_23_39.370-05_00_leaf.png,3902492,0.63,2449
device3,device3_2449_LeafPhotoB_2025-09-08 11_24_17.199-05_00_leaf.png,4326006,0.24,2449
device3,device3_2449_LeafPhotoB_2025-09-08 11_24_42.137-05_00_leaf.png,4519967,0.88,2449
device3,device3_2450_LeafPhotoB_2025-09-08 11_25_14.788-05_00_leaf.png,2626044,0.01,2450
device3,device3_2450_LeafPhotoB_2025-09-08 11_25_27.986-05_00_leaf.png,3788021,0.02,2450
device3,device3_2450_LeafPhotoB_2025-09-08 11_25_41.315-05_00_leaf.png,3250518,0.01,2450
device3,device3_2451_LeafPhotoB_2025-09-08 11_29_15.932-05_00_leaf.png,3891587,0.6,2451
device3,device3_2451_LeafPhotoB_2025-09-08 11_29_33.928-05_00_leaf.png,2633349,0.08,2451
device3,device3_2451_LeafPhotoB_2025-09-08 11_29_50.007-05_00_leaf.png,3931141,1.38,2451
device3,device3_2452_LeafPhotoB_2025-09-08 11_30_12.684-05_00_leaf.png,3121207,1.57,2452
device3,device3_2452_LeafPhotoB_2025-09-08 11_30_25.968-05_00_leaf.png,2741739,0.09,2452
device3,device3_2452_LeafPhotoB_2025-09-08 11_30_37.130-05_00_leaf.png,3252418,0.7,2452
device3,device3_2453_LeafPhotoB_2025-09-08 11_30_51.747-05_00_leaf.png,4317123,1.25,2453
device3,device3_2453_LeafPhotoB_2025-09-08 11_31_03.660-05_00_leaf.png,3785578,0.6,2453
device3,device3_2453_LeafPhotoB_2025-09-08 11_31_31.055-05_00_leaf.png,4171233,0.52,2453
device3,device3_2454_LeafPhotoB_2025-09-08 11_31_56.448-05_00_leaf.png,3169346,0.04,2454
device3,device3_2454_LeafPhotoB_2025-09-08 11_32_15.386-05_00_leaf.png,3081646,0.13,2454
device3,device3_2454_LeafPhotoB_2025-09-08 11_32_34.940-05_00_leaf.png,4077896,0.06,2454
device3,device3_2455_LeafPhotoB_2025-09-08 11_32_47.648-05_00_leaf.png,2846808,34.66,2455
device3,device3_2455_LeafPhotoB_2025-09-08 11_33_04.409-05_00_leaf.png,2443362,19.04,2455
device3,device3_2455_LeafPhotoB_2025-09-08 11_33_17.904-05_00_leaf.png,3175031,29.64,2455
device3,device3_2456_LeafPhotoB_2025-09-08 11_33_40.566-05_00_leaf.png,3705193,0.71,2456
device3,device3_2456_LeafPhotoB_2025-09-08 11_33_58.568-05_00_leaf.png,3448738,0.4,2456
device3,device3_2456_LeafPhotoB_2025-09-08 11_34_19.278-05_00_leaf.png,3435691,0.2,2456
device3,device3_2457_LeafPhotoB_2025-09-08 11_34_42.688-05_00_leaf.png,3293258,0.95,2457
device3,device3_2457_LeafPhotoB_2025-09-08 11_34_58.036-05_00_leaf.png,4217288,0.48,2457
device3,device3_2457_LeafPhotoB_2025-09-08 11_35_12.164-05_00_leaf.png,3706971,2.11,2457
device3,device3_2458_LeafPhotoB_2025-09-08 11_35_26.865-05_00_leaf.png,3022230,0.03,2458
device3,device3_2458_LeafPhotoB_2025-09-08 11_35_48.169-05_00_leaf.png,4042826,0.35,2458
device3,device3_2458_LeafPhotoB_2025-09-08 11_36_10.536-05_00_leaf.png,4401420,0.3,2458
device3,device3_2459_LeafPhotoB_2025-09-08 11_36_28.099-05_00_leaf.png,4398276,1.38,2459
device3,device3_2459_LeafPhotoB_2025-09-08 11_36_49.568-05_00_leaf.png,4657438,0.65,2459
device3,device3_2459_LeafPhotoB_2025-09-08 11_37_09.757-05_00_leaf.png,3720771,0.57,2459
device3,device3_2460_LeafPhotoB_2025-09-08 11_37_28.626-05_00_leaf.png,4117349,0.4,2460
device3,device3_2460_LeafPhotoB_2025-09-08 11_37_49.196-05_00_leaf.png,4550410,1.64,2460
device3,device3_2460_LeafPhotoB_2025-09-08 11_38_12.910-05_00_leaf.png,4803219,0.29,2460
device3,device3_2461_LeafPhotoB_2025-09-08 11_38_28.563-05_00_leaf.png,4204847,0.19,2461
device3,device3_2461_LeafPhotoB_2025-09-08 11_38_43.859-05_00_leaf.png,3321346,0.64,2461
device3,device3_2461_LeafPhotoB_2025-09-08 11_38_57.202-05_00_leaf.png,3418078,0,2461
device3,device3_2462_LeafPhotoB_2025-09-08 11_39_17.131-05_00_leaf.png,4613997,0.2,2462
device3,device3_2462_LeafPhotoB_2025-09-08 11_39_36.705-05_00_leaf.png,4094147,0.03,2462
device3,device3_2462_LeafPhotoB_2025-09-08 11_39_52.765-05_00_leaf.png,4324261,0.98,2462
device3,device3_2463_LeafPhotoB_2025-09-08 11_40_13.151-05_00_leaf.png,3962281,0.56,2463
device3,device3_2463_LeafPhotoB_2025-09-08 11_40_37.342-05_00_leaf.png,3938174,0.01,2463
device3,device3_2463_LeafPhotoB_2025-09-08 11_41_05.461-05_00_leaf.png,3993994,0.16,2463
device3,device3_2464_LeafPhotoB_2025-09-08 11_41_27.674-05_00_leaf.png,2867050,4.74,2464
device3,device3_2464_LeafPhotoB_2025-09-08 11_41_40.408-05_00_leaf.png,3029367,2,2464
device3,device3_2464_LeafPhotoB_2025-09-08 11_41_58.706-05_00_leaf.png,3093375,0.81,2464
device3,device3_2466_LeafPhotoB_2025-09-08 11_42_42.225-05_00_leaf.png,4305457,0,2466
device3,device3_2466_LeafPhotoB_2025-09-08 11_43_07.816-05_00_leaf.png,3637777,0,2466
device3,device3_2466_LeafPhotoB_2025-09-08 11_43_32.013-05_00_leaf.png,4646538,0,2466
device3,device3_2467_LeafPhotoB_2025-09-08 11_43_53.177-05_00_leaf.png,2570533,0.03,2467
device3,device3_2467_LeafPhotoB_2025-09-08 11_44_04.738-05_00_leaf.png,2842001,0.04,2467
device3,device3_2467_LeafPhotoB_2025-09-08 11_44_24.631-05_00_leaf.png,2984264,0.04,2467
device3,device3_2468_LeafPhotoB_2025-09-08 11_44_50.567-05_00_leaf.png,3416859,0,2468
device3,device3_2468_LeafPhotoB_2025-09-08 11_45_06.529-05_00_leaf.png,2677544,0,2468
device3,device3_2469_LeafPhotoB_2025-09-08 11_45_54.424-05_00_leaf.png,2294173,0.07,2469
device3,device3_2469_LeafPhotoB_2025-09-08 11_46_05.633-05_00_leaf.png,3275026,0,2469
device3,device3_2469_LeafPhotoB_2025-09-08 11_46_21.698-05_00_leaf.png,3813718,0,2469
device3,device3_2470_LeafPhotoB_2025-09-08 11_46_55.188-05_00_leaf.png,3625943,0.14,2470
device3,device3_2470_LeafPhotoB_2025-09-08 11_47_16.377-05_00_leaf.png,5551354,3.11,2470
device3,device3_2470_LeafPhotoB_2025-09-08 11_47_37.543-05_00_leaf.png,5332264,0.58,2470
device3,device3_2471_LeafPhotoB_2025-09-08 11_47_57.632-05_00_leaf.png,4170044,0.14,2471
device3,device3_2471_LeafPhotoB_2025-09-08 11_48_18.471-05_00_leaf.png,4784985,0.03,2471
device3,device3_2471_LeafPhotoB_2025-09-08 11_48_37.758-05_00_leaf.png,4704406,0.07,2471
device3,device3_2473_LeafPhotoB_2025-09-08 11_49_19.311-05_00_leaf.png,3350479,0.01,2473
device3,device3_2473_LeafPhotoB_2025-09-08 11_49_33.165-05_00_leaf.png,2676192,0,2473
device3,device3_2473_LeafPhotoB_2025-09-08 11_49_44.783-05_00_leaf.png,3048876,0.05,2473
device3,device3_2474_LeafPhotoB_2025-09-08 11_50_06.958-05_00_leaf.png,3474667,0,2474
device3,device3_2474_LeafPhotoB_2025-09-08 11_50_19.735-05_00_leaf.png,4347018,0.12,2474
device3,device3_2474_LeafPhotoB_2025-09-08 11_50_37.859-05_00_leaf.png,3839598,0,2474
device3,device3_2475_LeafPhotoB_2025-09-08 11_50_55.527-05_00_leaf.png,3719548,0.06,2475
device3,device3_2475_LeafPhotoB_2025-09-08 11_51_18.068-05_00_leaf.png,3973787,0,2475
device3,device3_2475_LeafPhotoB_2025-09-08 11_51_32.508-05_00_leaf.png,4478490,0.01,2475
device3,device3_2476_LeafPhotoB_2025-09-08 11_51_54.468-05_00_leaf.png,4642885,0.13,2476
device3,device3_2476_LeafPhotoB_2025-09-08 11_52_12.277-05_00_leaf.png,4340637,0.4,2476
device3,device3_2476_LeafPhotoB_2025-09-08 11_52_28.192-05_00_leaf.png,3660275,0.1,2476
device3,device3_2477_LeafPhotoB_2025-09-08 11_52_47.408-05_00_leaf.png,2186942,12.42,2477
device3,device3_2477_LeafPhotoB_2025-09-08 11_53_02.439-05_00_leaf.png,2606386,0.56,2477
device3,device3_2477_LeafPhotoB_2025-09-08 11_53_18.561-05_00_leaf.png,2144137,0.39,2477
device3,device3_2478_LeafPhotoB_2025-09-08 11_53_38.180-05_00_leaf.png,3688949,0.49,2478
device3,device3_2478_LeafPhotoB_2025-09-08 11_53_59.656-05_00_leaf.png,3717886,0.11,2478
device3,device3_2478_LeafPhotoB_2025-09-08 11_54_11.812-05_00_leaf.png,3192887,0.44,2478
device3,device3_2479_LeafPhotoB_2025-09-08 11_54_28.900-05_00_leaf.png,3263198,24.28,2479
device3,device3_2479_LeafPhotoB_2025-09-08 11_54_48.256-05_00_leaf.png,3664951,10.29,2479
device3,device3_2479_LeafPhotoB_2025-09-08 11_55_27.735-05_00_leaf.png,2858413,5.65,2479
device3,device3_2480_LeafPhotoB_2025-09-08 11_56_26.663-05_00_leaf.png,2712165,0.02,2480
device3,device3_2480_LeafPhotoB_2025-09-08 11_56_42.017-05_00_leaf.png,4628263,0.03,2480
device3,device3_2480_LeafPhotoB_2025-09-08 11_56_53.343-05_00_leaf.png,3306049,0.28,2480
device3,device3_2481_LeafPhotoB_2025-09-08 11_57_15.133-05_00_leaf.png,4929857,21.6,2481
device3,device3_2481_LeafPhotoB_2025-09-08 11_57_43.381-05_00_leaf.png,4763284,6.49,2481
device3,device3_2481_LeafPhotoB_2025-09-08 11_58_03.951-05_00_leaf.png,4595914,4.84,2481
device3,device3_2482_LeafPhotoB_2025-09-08 11_58_20.522-05_00_leaf.png,3070339,0,2482
device3,device3_2482_LeafPhotoB_2025-09-08 11_58_37.076-05_00_leaf.png,3426025,0,2482
device3,device3_2482_LeafPhotoB_2025-09-08 11_58_49.297-05_00_leaf.png,3643019,0,2482
device3,device3_2483_LeafPhotoB_2025-09-08 11_59_11.721-05_00_leaf.png,3348890,0.04,2483
device3,device3_2483_LeafPhotoB_2025-09-08 11_59_30.421-05_00_leaf.png,4074067,0,2483
device3,device3_2483_LeafPhotoB_2025-09-08 11_59_55.157-05_00_leaf.png,4056195,0.01,2483
device3,device3_2485_LeafPhotoB_2025-09-08 12_00_29.273-05_00_leaf.png,2610702,0,2485
device3,device3_2485_LeafPhotoB_2025-09-08 12_00_41.756-05_00_leaf.png,3321913,0,2485
device3,device3_2485_LeafPhotoB_2025-09-08 12_00_56.370-05_00_leaf.png,3859229,0.06,2485
device3,device3_2486_LeafPhotoB_2025-09-08 12_01_15.501-05_00_leaf.png,2703869,0.01,2486
device3,device3_2486_LeafPhotoB_2025-09-08 12_02_07.247-05_00_leaf.png,2430433,0.01,2486
device3,device3_2486_LeafPhotoB_2025-09-08 12_02_19.467-05_00_leaf.png,2962030,0,2486
device3,device3_2487_LeafPhotoB_2025-09-08 12_02_35.681-05_00_leaf.png,3096648,0.45,2487
device3,device3_2487_LeafPhotoB_2025-09-08 12_02_46.707-05_00_leaf.png,3620515,0.7,2487
device3,device3_2487_LeafPhotoB_2025-09-08 12_02_57.464-05_00_leaf.png,3479784,0.85,2487
device3,device3_2488_LeafPhotoB_2025-09-08 12_03_35.014-05_00_leaf.png,4360767,0.2,2488
device3,device3_2488_LeafPhotoB_2025-09-08 12_03_51.164-05_00_leaf.png,4073897,0.23,2488
device3,device3_2488_LeafPhotoB_2025-09-08 12_04_17.623-05_00_leaf.png,4791353,0.39,2488
device3,device3_2489_LeafPhotoB_2025-09-08 12_04_36.797-05_00_leaf.png,4499719,4.14,2489
device3,device3_2489_LeafPhotoB_2025-09-08 12_04_49.131-05_00_leaf.png,3515220,4.59,2489
device3,device3_2489_LeafPhotoB_2025-09-08 12_05_01.783-05_00_leaf.png,3239819,1.44,2489
device3,device3_2490_LeafPhotoB_2025-09-08 12_05_22.252-05_00_leaf.png,3233003,0.07,2490
device3,device3_2490_LeafPhotoB_2025-09-08 12_05_34.710-05_00_leaf.png,4300606,0.07,2490
device3,device3_2490_LeafPhotoB_2025-09-08 12_05_51.103-05_00_leaf.png,3574632,0.04,2490
device3,device3_2491_LeafPhotoB_2025-09-08 12_06_12.641-05_00_leaf.png,4114223,0.11,2491
device3,device3_2491_LeafPhotoB_2025-09-08 12_06_22.307-05_00_leaf.png,3497568,0.62,2491
device3,device3_2491_LeafPhotoB_2025-09-08 12_06_33.972-05_00_leaf.png,3666596,0.05,2491
device3,device3_2492_LeafPhotoB_2025-09-08 12_07_02.332-05_00_leaf.png,5818004,0.01,2492
device3,device3_2492_LeafPhotoB_2025-09-08 12_07_17.613-05_00_leaf.png,5828187,0.03,2492
device3,device3_2492_LeafPhotoB_2025-09-08 12_07_35.878-05_00_leaf.png,5092301,0.02,2492
device3,device3_2494_LeafPhotoB_2025-09-08 12_08_08.304-05_00_leaf.png,3789700,0.03,2494
device3,device3_2494_LeafPhotoB_2025-09-08 12_08_28.619-05_00_leaf.png,3074717,0.11,2494
device3,device3_2494_LeafPhotoB_2025-09-08 12_08_43.290-05_00_leaf.png,3129537,0.09,2494
device3,device3_2495_LeafPhotoB_2025-09-08 12_19_09.877-05_00_leaf.png,4595540,0,2495
device3,device3_2495_LeafPhotoB_2025-09-08 12_19_33.263-05_00_leaf.png,4710599,0.01,2495
device3,device3_2495_LeafPhotoB_2025-09-08 12_20_03.955-05_00_leaf.png,4638102,0,2495
device3,device3_2497_LeafPhotoB_2025-09-08 12_20_41.266-05_00_leaf.png,3042611,0.11,2497
device3,device3_2497_LeafPhotoB_2025-09-08 12_21_06.775-05_00_leaf.png,3179994,1.59,2497
device3,device3_2497_LeafPhotoB_2025-09-08 12_21_27.211-05_00_leaf.png,3115704,0.03,2497
device3,device3_2498_LeafPhotoB_2025-09-08 12_21_48.900-05_00_leaf.png,2224090,0.07,2498
device3,device3_2498_LeafPhotoB_2025-09-08 12_22_01.714-05_00_leaf.png,2763565,0.28,2498
device3,device3_2498_LeafPhotoB_2025-09-08 12_22_17.705-05_00_leaf.png,2462875,0.03,2498
device3,device3_2499_LeafPhotoB_2025-09-08 12_22_54.693-05_00_leaf.png,4745322,0.04,2499
device3,device3_2499_LeafPhotoB_2025-09-08 12_23_08.774-05_00_leaf.png,4128162,0.05,2499
device3,device3_2499_LeafPhotoB_2025-09-08 12_23_25.734-05_00_leaf.png,4633066,0.09,2499
device3,device3_2500_LeafPhotoB_2025-09-08 12_23_42.593-05_00_leaf.png,3749935,0.09,2500
device3,device3_2500_LeafPhotoB_2025-09-08 12_23_57.392-05_00_leaf.png,3254544,0.03,2500
device3,device3_2500_LeafPhotoB_2025-09-08 12_24_10.861-05_00_leaf.png,3069423,0,2500
device3,device3_2651_LeafPhotoA_2025-09-09 11_24_51.588-05_00_leaf.png,4011587,9.78,2651
device3,device3_2651_LeafPhotoA_2025-09-09 11_25_09.613-05_00_leaf.png,3028061,21.26,2651
device3,device3_2651_LeafPhotoA_2025-09-09 11_25_22.604-05_00_leaf.png,4121458,7.31,2651
device3,device3_2652_LeafPhotoA_2025-09-09 11_26_03.712-05_00_leaf.png,2775920,2.16,2652
device3,device3_2652_LeafPhotoA_2025-09-09 11_26_15.311-05_00_leaf.png,3671711,7.99,2652
device3,device3_2652_LeafPhotoA_2025-09-09 11_26_23.246-05_00_leaf.png,4346899,16.32,2652
device3,device3_2652_LeafPhotoA_2025-09-09 11_26_57.371-05_00_leaf.png,2880448,0.54,2652
device3,device3_2652_LeafPhotoA_2025-09-09 11_27_07.178-05_00_leaf.png,2698688,0.16,2652
device3,device3_2652_LeafPhotoA_2025-09-09 11_27_15.367-05_00_leaf.png,2755129,1.54,2652
device3,device3_2654_LeafPhotoA_2025-09-09 11_27_41.628-05_00_leaf.png,2789417,1.98,2654
device3,device3_2654_LeafPhotoA_2025-09-09 11_28_05.595-05_00_leaf.png,1919906,3.19,2654
device3,device3_2654_LeafPhotoA_2025-09-09 11_28_16.359-05_00_leaf.png,3192485,4.44,2654
device3,device3_2655_LeafPhotoA_2025-09-09 11_28_45.306-05_00_leaf.png,2811004,0.4,2655
device3,device3_2655_LeafPhotoA_2025-09-09 11_28_54.713-05_00_leaf.png,4000950,2.95,2655
device3,device3_2655_LeafPhotoA_2025-09-09 11_29_02.979-05_00_leaf.png,3189790,0.11,2655
device3,device3_2656_LeafPhotoA_2025-09-09 11_29_40.243-05_00_leaf.png,3287349,0.3,2656
device3,device3_2656_LeafPhotoA_2025-09-09 11_29_51.657-05_00_leaf.png,3320447,0.68,2656
device3,device3_2656_LeafPhotoA_2025-09-09 11_30_02.897-05_00_leaf.png,3620351,4.48,2656
device3,device3_2657_LeafPhotoA_2025-09-09 11_30_26.164-05_00_leaf.png,2949388,7.79,2657
device3,device3_2657_LeafPhotoA_2025-09-09 11_30_34.759-05_00_leaf.png,3561430,7.76,2657
device3,device3_2657_LeafPhotoA_2025-09-09 11_30_43.745-05_00_leaf.png,3279159,13.42,2657
device3,device3_2658_LeafPhotoA_2025-09-09 11_31_22.938-05_00_leaf.png,2210506,9.76,2658
device3,device3_2658_LeafPhotoA_2025-09-09 11_31_38.776-05_00_leaf.png,3194866,0.26,2658
device3,device3_2658_LeafPhotoA_2025-09-09 11_31_47.212-05_00_leaf.png,2984480,0.33,2658
device3,device3_2659_LeafPhotoA_2025-09-09 11_32_05.483-05_00_leaf.png,2837530,0.02,2659
device3,device3_2659_LeafPhotoA_2025-09-09 11_32_14.964-05_00_leaf.png,4256774,0.02,2659
device3,device3_2659_LeafPhotoA_2025-09-09 11_32_22.708-05_00_leaf.png,3301817,0.1,2659
device3,device3_2660_LeafPhotoA_2025-09-09 11_32_52.703-05_00_leaf.png,3014776,29.65,2660
device3,device3_2660_LeafPhotoA_2025-09-09 11_33_03.024-05_00_leaf.png,2778105,8.08,2660
device3,device3_2660_LeafPhotoA_2025-09-09 11_33_11.679-05_00_leaf.png,3236297,9.53,2660
device3,device3_2661_LeafPhotoA_2025-09-09 11_33_47.885-05_00_leaf.png,3692406,39.62,2661
device3,device3_2661_LeafPhotoA_2025-09-09 11_33_59.084-05_00_leaf.png,2423894,9.13,2661
device3,device3_2661_LeafPhotoA_2025-09-09 11_34_08.781-05_00_leaf.png,3038236,3.54,2661
device3,device3_2662_LeafPhotoA_2025-09-09 11_35_09.264-05_00_leaf.png,2818572,1.58,2662
device3,device3_2662_LeafPhotoA_2025-09-09 11_35_19.193-05_00_leaf.png,1861099,0.23,2662
device3,device3_2662_LeafPhotoA_2025-09-09 11_35_27.644-05_00_leaf.png,1714605,2.65,2662
device3,device3_2663_LeafPhotoA_2025-09-09 11_35_58.368-05_00_leaf.png,3224222,6.76,2663
device3,device3_2663_LeafPhotoA_2025-09-09 11_36_07.757-05_00_leaf.png,1791202,23.47,2663
device3,device3_2663_LeafPhotoA_2025-09-09 11_36_17.664-05_00_leaf.png,1972272,0.38,2663
device3,device3_2664_LeafPhotoA_2025-09-09 11_37_07.892-05_00_leaf.png,4251477,0.09,2664
device3,device3_2664_LeafPhotoA_2025-09-09 11_37_21.882-05_00_leaf.png,3047808,0.32,2664
device3,device3_2664_LeafPhotoA_2025-09-09 11_37_29.251-05_00_leaf.png,3541176,1.12,2664
device3,device3_2665_LeafPhotoA_2025-09-09 11_37_53.158-05_00_leaf.png,1949417,15.5,2665
device3,device3_2665_LeafPhotoA_2025-09-09 11_38_04.733-05_00_leaf.png,2406213,5,2665
device3,device3_2665_LeafPhotoA_2025-09-09 11_38_13.083-05_00_leaf.png,2194649,24.69,2665
device3,device3_2666_LeafPhotoA_2025-09-09 11_39_00.856-05_00_leaf.png,2365382,1.01,2666
device3,device3_2666_LeafPhotoA_2025-09-09 11_39_15.175-05_00_leaf.png,2769835,0.59,2666
device3,device3_2666_LeafPhotoA_2025-09-09 11_39_27.702-05_00_leaf.png,4423324,5.26,2666
device3,device3_2667_LeafPhotoA_2025-09-09 11_40_29.802-05_00_leaf.png,2379085,0.23,2667
device3,device3_2667_LeafPhotoA_2025-09-09 11_40_46.518-05_00_leaf.png,2192988,0.08,2667
device3,device3_2667_LeafPhotoA_2025-09-09 11_40_56.484-05_00_leaf.png,2826429,0.54,2667
device3,device3_2668_LeafPhotoA_2025-09-09 11_41_41.343-05_00_leaf.png,3969363,44.39,2668
device3,device3_2668_LeafPhotoA_2025-09-09 11_41_58.060-05_00_leaf.png,2557884,10.77,2668
device3,device3_2668_LeafPhotoA_2025-09-09 11_42_13.435-05_00_leaf.png,2847704,10.59,2668
device3,device3_2669_LeafPhotoA_2025-09-09 11_42_55.786-05_00_leaf.png,3112858,45.7,2669
device3,device3_2669_LeafPhotoA_2025-09-09 11_43_06.835-05_00_leaf.png,3459699,42.79,2669
device3,device3_2669_LeafPhotoA_2025-09-09 11_43_16.485-05_00_leaf.png,2672118,17.22,2669
device3,device3_2670_LeafPhotoA_2025-09-09 11_44_02.746-05_00_leaf.png,3542494,44.67,2670
device3,device3_2670_LeafPhotoA_2025-09-09 11_44_17.139-05_00_leaf.png,3968743,66.79,2670
device3,device3_2670_LeafPhotoA_2025-09-09 11_44_27.608-05_00_leaf.png,3406882,10.18,2670
device3,device3_2671_LeafPhotoA_2025-09-09 11_45_10.930-05_00_leaf.png,1701581,30.73,2671
device3,device3_2671_LeafPhotoA_2025-09-09 11_45_24.152-05_00_leaf.png,1817678,33.01,2671
device3,device3_2671_LeafPhotoA_2025-09-09 11_45_37.038-05_00_leaf.png,2685852,30.97,2671
device3,device3_2672_LeafPhotoA_2025-09-09 11_46_26.263-05_00_leaf.png,3792931,1.58,2672
device3,device3_2672_LeafPhotoA_2025-09-09 11_46_40.643-05_00_leaf.png,4673766,1.07,2672
device3,device3_2672_LeafPhotoA_2025-09-09 11_46_50.393-05_00_leaf.png,4040713,0.6,2672
device3,device3_2701_LeafPhotoA_2025-09-09 10_13_21.986-05_00_leaf.png,2825154,0.02,2701
device3,device3_2701_LeafPhotoA_2025-09-09 10_13_36.912-05_00_leaf.png,2393874,9.17,2701
device3,device3_2701_LeafPhotoA_2025-09-09 10_13_51.959-05_00_leaf.png,2424071,0.01,2701
device3,device3_2702_LeafPhotoA_2025-09-09 10_14_43.297-05_00_leaf.png,3026454,1.9,2702
device3,device3_2702_LeafPhotoA_2025-09-09 10_14_59.550-05_00_leaf.png,4287711,13.8,2702
device3,device3_2702_LeafPhotoA_2025-09-09 10_15_13.481-05_00_leaf.png,2359360,2.78,2702
device3,device3_2703_LeafPhotoA_2025-09-09 10_15_56.392-05_00_leaf.png,4098522,46.22,2703
device3,device3_2703_LeafPhotoA_2025-09-09 10_16_12.643-05_00_leaf.png,4368603,7.61,2703
device3,device3_2703_LeafPhotoA_2025-09-09 10_16_25.928-05_00_leaf.png,3741557,0.53,2703
device3,device3_2704_LeafPhotoA_2025-09-09 10_17_28.444-05_00_leaf.png,4137296,0.04,2704
device3,device3_2704_LeafPhotoA_2025-09-09 10_17_41.351-05_00_leaf.png,3921975,0.44,2704
device3,device3_2704_LeafPhotoA_2025-09-09 10_17_55.823-05_00_leaf.png,4352645,1.61,2704
device3,device3_2705_LeafPhotoA_2025-09-09 10_18_58.628-05_00_leaf.png,1736024,3.63,2705
device3,device3_2705_LeafPhotoA_2025-09-09 10_19_11.905-05_00_leaf.png,2243238,1.48,2705
device3,device3_2705_LeafPhotoA_2025-09-09 10_19_54.020-05_00_leaf.png,4493567,0.49,2705
device3,device3_2706_LeafPhotoA_2025-09-09 10_20_56.236-05_00_leaf.png,4031773,13.31,2706
device3,device3_2706_LeafPhotoA_2025-09-09 10_21_29.913-05_00_leaf.png,3693982,7.54,2706
device3,device3_2706_LeafPhotoA_2025-09-09 10_22_00.716-05_00_leaf.png,1934263,0.26,2706
device3,device3_2707_LeafPhotoA_2025-09-09 10_22_49.647-05_00_leaf.png,1970076,1.06,2707
device3,device3_2707_LeafPhotoA_2025-09-09 10_23_04.383-05_00_leaf.png,1737973,1.16,2707
device3,device3_2707_LeafPhotoA_2025-09-09 10_23_18.227-05_00_leaf.png,1676799,7.67,2707
device3,device3_2708_LeafPhotoA_2025-09-09 10_24_08.898-05_00_leaf.png,2462901,0.39,2708
device3,device3_2708_LeafPhotoA_2025-09-09 10_24_24.585-05_00_leaf.png,2320379,2.92,2708
device3,device3_2708_LeafPhotoA_2025-09-09 10_24_40.810-05_00_leaf.png,2138232,4.43,2708
device3,device3_2709_LeafPhotoA_2025-09-09 10_25_19.995-05_00_leaf.png,2714307,8.52,2709
device3,device3_2709_LeafPhotoA_2025-09-09 10_25_57.484-05_00_leaf.png,3337043,45.96,2709
device3,device3_2709_LeafPhotoA_2025-09-09 10_26_09.764-05_00_leaf.png,1991377,38.42,2709
device3,device3_2710_LeafPhotoA_2025-09-09 10_26_45.232-05_00_leaf.png,2411190,0.56,2710
device3,device3_2710_LeafPhotoA_2025-09-09 10_27_29.805-05_00_leaf.png,2258190,6.35,2710
device3,device3_2711_LeafPhotoA_2025-09-09 10_28_05.879-05_00_leaf.png,3020837,5.73,2711
device3,device3_2711_LeafPhotoA_2025-09-09 10_28_23.854-05_00_leaf.png,2071810,7.51,2711
device3,device3_2711_LeafPhotoA_2025-09-09 10_28_38.011-05_00_leaf.png,2748754,0.5,2711
device3,device3_2712_LeafPhotoA_2025-09-09 10_29_53.397-05_00_leaf.png,2462563,2.25,2712
device3,device3_2712_LeafPhotoA_2025-09-09 10_30_09.638-05_00_leaf.png,3383304,23.42,2712
device3,device3_2712_LeafPhotoA_2025-09-09 10_30_21.843-05_00_leaf.png,4195712,20.26,2712
device3,device3_2713_LeafPhotoA_2025-09-09 10_31_30.088-05_00_leaf.png,4234960,5.42,2713
device3,device3_2713_LeafPhotoA_2025-09-09 10_31_44.153-05_00_leaf.png,2993698,3.94,2713
device3,device3_2713_LeafPhotoA_2025-09-09 10_31_56.708-05_00_leaf.png,2508142,33.9,2713
device3,device3_2714_LeafPhotoA_2025-09-09 10_33_10.614-05_00_leaf.png,3522048,42.85,2714
device3,device3_2714_LeafPhotoA_2025-09-09 10_33_23.388-05_00_leaf.png,2623135,0.02,2714
device3,device3_2714_LeafPhotoA_2025-09-09 10_33_32.644-05_00_leaf.png,3542814,25.1,2714
device3,device3_2715_LeafPhotoA_2025-09-09 10_34_25.383-05_00_leaf.png,1744442,14.11,2715
device3,device3_2715_LeafPhotoA_2025-09-09 10_34_37.745-05_00_leaf.png,1589708,16.68,2715
device3,device3_2715_LeafPhotoA_2025-09-09 10_34_49.690-05_00_leaf.png,1405958,0.81,2715
device3,device3_2716_LeafPhotoA_2025-09-09 10_35_24.174-05_00_leaf.png,3078220,6.37,2716
device3,device3_2716_LeafPhotoA_2025-09-09 10_35_36.382-05_00_leaf.png,3283045,2.36,2716
device3,device3_2716_LeafPhotoA_2025-09-09 10_35_46.540-05_00_leaf.png,2702545,1,2716
device3,device3_2717_LeafPhotoA_2025-09-09 10_36_27.604-05_00_leaf.png,3376423,37.5,2717
device3,device3_2717_LeafPhotoA_2025-09-09 10_36_42.002-05_00_leaf.png,3368356,27.08,2717
device3,device3_2717_LeafPhotoA_2025-09-09 10_36_52.862-05_00_leaf.png,2864643,4.06,2717
device3,device3_2718_LeafPhotoA_2025-09-09 10_37_49.577-05_00_leaf.png,2829725,2.23,2718
device3,device3_2718_LeafPhotoA_2025-09-09 10_38_02.718-05_00_leaf.png,4088246,11.91,2718
device3,device3_2718_LeafPhotoA_2025-09-09 10_38_17.523-05_00_leaf.png,2908961,1.02,2718
device3,device3_2719_LeafPhotoA_2025-09-09 10_39_13.141-05_00_leaf.png,2603757,2.85,2719
device3,device3_2719_LeafPhotoA_2025-09-09 10_39_28.624-05_00_leaf.png,2344876,23.61,2719
device3,device3_2719_LeafPhotoA_2025-09-09 10_39_58.608-05_00_leaf.png,2226394,3.21,2719
device3,device3_2720_LeafPhotoA_2025-09-09 10_40_32.940-05_00_leaf.png,2713903,1.03,2720
device3,device3_2720_LeafPhotoA_2025-09-09 10_40_48.988-05_00_leaf.png,3042406,3.34,2720
device3,device3_2720_LeafPhotoA_2025-09-09 10_41_05.392-05_00_leaf.png,3950031,0.48,2720
device3,device3_2721_LeafPhotoA_2025-09-09 10_41_55.885-05_00_leaf.png,3966921,2.35,2721
device3,device3_2721_LeafPhotoA_2025-09-09 10_42_14.365-05_00_leaf.png,3694699,14.97,2721
device3,device3_2721_LeafPhotoA_2025-09-09 10_42_26.993-05_00_leaf.png,4078551,62.94,2721
device3,device3_2722_LeafPhotoA_2025-09-09 10_43_15.446-05_00_leaf.png,3279489,54.51,2722
device3,device3_2722_LeafPhotoA_2025-09-09 10_43_28.841-05_00_leaf.png,3718262,16.6,2722
device3,device3_2722_LeafPhotoA_2025-09-09 10_43_40.267-05_00_leaf.png,3100839,26.53,2722
device3,device3_2723_LeafPhotoA_2025-09-09 10_44_34.871-05_00_leaf.png,2856653,10.48,2723
device3,device3_2723_LeafPhotoA_2025-09-09 10_44_59.309-05_00_leaf.png,3119291,29.57,2723
device3,device3_2723_LeafPhotoA_2025-09-09 10_45_15.256-05_00_leaf.png,2787546,10.86,2723
device3,device3_2724_LeafPhotoA_2025-09-09 10_46_14.817-05_00_leaf.png,1909194,13.72,2724
device3,device3_2724_LeafPhotoA_2025-09-09 10_46_27.417-05_00_leaf.png,2252009,3.42,2724
device3,device3_2724_LeafPhotoA_2025-09-09 10_46_37.811-05_00_leaf.png,2122486,44.84,2724
device3,device3_2725_LeafPhotoA_2025-09-09 10_47_13.768-05_00_leaf.png,3799912,0.95,2725
device3,device3_2725_LeafPhotoA_2025-09-09 10_47_23.194-05_00_leaf.png,3426671,1.13,2725
device3,device3_2725_LeafPhotoA_2025-09-09 10_47_31.497-05_00_leaf.png,2748727,0.29,2725
device3,device3_2726_LeafPhotoA_2025-09-09 10_48_21.312-05_00_leaf.png,3221564,0,2726
device3,device3_2726_LeafPhotoA_2025-09-09 10_48_35.000-05_00_leaf.png,2691301,0,2726
device3,device3_2726_LeafPhotoA_2025-09-09 10_48_47.560-05_00_leaf.png,3229066,0,2726
device3,device3_2727_LeafPhotoA_2025-09-09 10_49_43.175-05_00_leaf.png,3637854,3.41,2727
device3,device3_2727_LeafPhotoA_2025-09-09 10_49_54.377-05_00_leaf.png,3041177,0.38,2727
device3,device3_2727_LeafPhotoA_2025-09-09 10_50_03.069-05_00_leaf.png,2223450,1.13,2727
device3,device3_2728_LeafPhotoA_2025-09-09 10_52_01.471-05_00_leaf.png,2955628,3.11,2728
device3,device3_2728_LeafPhotoA_2025-09-09 10_52_13.946-05_00_leaf.png,2795475,5.71,2728
device3,device3_2728_LeafPhotoA_2025-09-09 10_52_22.764-05_00_leaf.png,3738764,0.33,2728
device3,device3_2729_LeafPhotoA_2025-09-09 10_55_13.189-05_00_leaf.png,3786462,24.27,2729
device3,device3_2729_LeafPhotoA_2025-09-09 10_55_26.872-05_00_leaf.png,3024816,4.06,2729
device3,device3_2729_LeafPhotoA_2025-09-09 10_55_43.588-05_00_leaf.png,3233432,19.83,2729
device3,device3_2730_LeafPhotoA_2025-09-09 10_53_50.334-05_00_leaf.png,4026767,0.1,2730
device3,device3_2730_LeafPhotoA_2025-09-09 10_54_05.796-05_00_leaf.png,4198234,0.09,2730
device3,device3_2730_LeafPhotoA_2025-09-09 10_54_17.007-05_00_leaf.png,3892076,0,2730
device3,device3_2731_LeafPhotoA_2025-09-09 10_56_31.988-05_00_leaf.png,2972008,1.98,2731
device3,device3_2731_LeafPhotoA_2025-09-09 10_56_46.860-05_00_leaf.png,3137725,18.68,2731
device3,device3_2731_LeafPhotoA_2025-09-09 10_56_57.551-05_00_leaf.png,2524033,0.55,2731
device3,device3_2732_LeafPhotoA_2025-09-09 10_57_41.889-05_00_leaf.png,4405923,2.57,2732
device3,device3_2732_LeafPhotoA_2025-09-09 10_57_56.358-05_00_leaf.png,2491660,0.89,2732
device3,device3_2732_LeafPhotoA_2025-09-09 10_58_09.717-05_00_leaf.png,3642287,3.16,2732
device3,device3_2733_LeafPhotoA_2025-09-09 10_59_12.603-05_00_leaf.png,3593621,10.84,2733
device3,device3_2733_LeafPhotoA_2025-09-09 10_59_34.111-05_00_leaf.png,3919468,5.13,2733
device3,device3_2733_LeafPhotoA_2025-09-09 10_59_51.732-05_00_leaf.png,3058691,5.5,2733
device3,device3_2734_LeafPhotoA_2025-09-09 11_00_52.812-05_00_leaf.png,3230760,1.05,2734
device3,device3_2734_LeafPhotoA_2025-09-09 11_01_05.699-05_00_leaf.png,2933773,0.82,2734
device3,device3_2734_LeafPhotoA_2025-09-09 11_01_18.196-05_00_leaf.png,3636907,0.51,2734
device3,device3_2735_LeafPhotoA_2025-09-09 11_01_58.610-05_00_leaf.png,2310884,6.98,2735
device3,device3_2735_LeafPhotoA_2025-09-09 11_02_08.041-05_00_leaf.png,2418883,12.71,2735
device3,device3_2735_LeafPhotoA_2025-09-09 11_02_14.913-05_00_leaf.png,2140164,7.34,2735
device3,device3_2736_LeafPhotoA_2025-09-09 11_03_06.705-05_00_leaf.png,3525254,0.04,2736
device3,device3_2736_LeafPhotoA_2025-09-09 11_03_17.238-05_00_leaf.png,3174132,0.59,2736
device3,device3_2736_LeafPhotoA_2025-09-09 11_03_28.827-05_00_leaf.png,3316801,2.56,2736
device3,device3_2737_LeafPhotoA_2025-09-09 11_04_04.650-05_00_leaf.png,3292525,14.55,2737
device3,device3_2737_LeafPhotoA_2025-09-09 11_04_16.447-05_00_leaf.png,2424311,23.75,2737
device3,device3_2737_LeafPhotoA_2025-09-09 11_04_37.350-05_00_leaf.png,4472261,25.51,2737
device3,device3_2738_LeafPhotoA_2025-09-09 11_05_25.200-05_00_leaf.png,2327472,2.72,2738
device3,device3_2738_LeafPhotoA_2025-09-09 11_05_39.627-05_00_leaf.png,1204031,21.99,2738
device3,device3_2738_LeafPhotoA_2025-09-09 11_05_49.952-05_00_leaf.png,3452376,0.41,2738
device3,device3_2739_LeafPhotoA_2025-09-09 11_06_56.509-05_00_leaf.png,3633888,2.39,2739
device3,device3_2739_LeafPhotoA_2025-09-09 11_07_13.556-05_00_leaf.png,3897629,0.92,2739
device3,device3_2739_LeafPhotoA_2025-09-09 11_07_26.074-05_00_leaf.png,3444282,0,2739
device3,device3_2740_LeafPhotoA_2025-09-09 11_08_17.094-05_00_leaf.png,3265608,79.34,2740
device3,device3_2740_LeafPhotoA_2025-09-09 11_08_33.741-05_00_leaf.png,2904105,23.65,2740
device3,device3_2740_LeafPhotoA_2025-09-09 11_08_45.685-05_00_leaf.png,4745336,18.81,2740
device3,device3_2741_LeafPhotoA_2025-09-09 11_09_38.474-05_00_leaf.png,1540566,11.84,2741
device3,device3_2741_LeafPhotoA_2025-09-09 11_10_00.470-05_00_leaf.png,1309193,0.07,2741
device3,device3_2741_LeafPhotoA_2025-09-09 11_10_13.775-05_00_leaf.png,1605923,10.54,2741
device3,device3_2742_LeafPhotoA_2025-09-09 11_11_30.673-05_00_leaf.png,4118053,12.2,2742
device3,device3_2742_LeafPhotoA_2025-09-09 11_11_45.615-05_00_leaf.png,3737959,4.93,2742
device3,device3_2742_LeafPhotoA_2025-09-09 11_11_59.314-05_00_leaf.png,2876485,4.57,2742
device3,device3_2743_LeafPhotoA_2025-09-09 11_13_07.020-05_00_leaf.png,4170218,38.89,2743
device3,device3_2743_LeafPhotoA_2025-09-09 11_13_20.170-05_00_leaf.png,2834524,2.65,2743
device3,device3_2743_LeafPhotoA_2025-09-09 11_13_32.251-05_00_leaf.png,2901426,19.5,2743
device3,device3_2744_LeafPhotoA_2025-09-09 11_14_34.359-05_00_leaf.png,3514313,0,2744
device3,device3_2744_LeafPhotoA_2025-09-09 11_14_50.338-05_00_leaf.png,2300761,0.26,2744
device3,device3_2744_LeafPhotoA_2025-09-09 11_15_01.877-05_00_leaf.png,3592134,0.53,2744
device3,device3_2745_LeafPhotoA_2025-09-09 11_15_51.281-05_00_leaf.png,2734542,0.17,2745
device3,device3_2745_LeafPhotoA_2025-09-09 11_16_01.759-05_00_leaf.png,2845359,0.08,2745
device3,device3_2745_LeafPhotoA_2025-09-09 11_16_09.864-05_00_leaf.png,3562915,0.03,2745
device3,device3_2746_LeafPhotoA_2025-09-09 11_17_03.503-05_00_leaf.png,3578543,1.12,2746
device3,device3_2746_LeafPhotoA_2025-09-09 11_17_16.865-05_00_leaf.png,3260547,2.14,2746
device3,device3_2746_LeafPhotoA_2025-09-09 11_17_28.647-05_00_leaf.png,1562950,3.87,2746
device3,device3_2747_LeafPhotoA_2025-09-09 11_18_18.163-05_00_leaf.png,3158595,0.8,2747
device3,device3_2747_LeafPhotoA_2025-09-09 11_18_35.315-05_00_leaf.png,2594746,0.36,2747
device3,device3_2747_LeafPhotoA_2025-09-09 11_18_49.314-05_00_leaf.png,2084248,0.11,2747
device3,device3_2748_LeafPhotoA_2025-09-09 11_19_26.990-05_00_leaf.png,4179461,12.59,2748
device3,device3_2748_LeafPhotoA_2025-09-09 11_19_41.557-05_00_leaf.png,3836885,5.33,2748
device3,device3_2748_LeafPhotoA_2025-09-09 11_19_58.528-05_00_leaf.png,3403026,31.47,2748
device3,device3_2749_LeafPhotoA_2025-09-09 11_20_42.639-05_00_leaf.png,1622875,42.92,2749
device3,device3_2749_LeafPhotoA_2025-09-09 11_20_58.643-05_00_leaf.png,2266935,23.13,2749
device3,device3_2749_LeafPhotoA_2025-09-09 11_21_08.265-05_00_leaf.png,3787891,19.25,2749
device3,device3_2750_LeafPhotoA_2025-09-09 11_21_31.376-05_00_leaf.png,2615243,0.16,2750
device3,device3_2750_LeafPhotoA_2025-09-09 11_21_43.490-05_00_leaf.png,2040409,0.31,2750
device3,device3_2750_LeafPhotoA_2025-09-09 11_21_52.462-05_00_leaf.png,2634816,0,2750
device3,device3_2751_LeafPhotoA_2025-09-09 16_38_31.126-05_00_leaf.png,1710199,0.05,2751
device3,device3_2751_LeafPhotoA_2025-09-09 16_38_59.540-05_00_leaf.png,3277974,0.04,2751
device3,device3_2751_LeafPhotoA_2025-09-09 16_39_34.979-05_00_leaf.png,1648686,0.02,2751
device3,device3_2752_LeafPhotoA_2025-09-09 16_36_56.388-05_00_leaf.png,3484334,0.01,2752
device3,device3_2752_LeafPhotoA_2025-09-09 16_37_21.179-05_00_leaf.png,3844429,0.05,2752
device3,device3_2752_LeafPhotoA_2025-09-09 16_37_44.997-05_00_leaf.png,1917275,0.02,2752
device3,device3_2753_LeafPhotoA_2025-09-09 16_34_11.347-05_00_leaf.png,4520447,0.04,2753
device3,device3_2753_LeafPhotoA_2025-09-09 16_34_45.623-05_00_leaf.png,4711186,0.16,2753
device3,device3_2753_LeafPhotoA_2025-09-09 16_35_37.933-05_00_leaf.png,4130340,0,2753
device3,device3_2754_LeafPhotoA_2025-09-09 16_30_38.228-05_00_leaf.png,2514921,0.01,2754
device3,device3_2754_LeafPhotoA_2025-09-09 16_31_47.067-05_00_leaf.png,2824485,0.06,2754
device3,device3_2754_LeafPhotoA_2025-09-09 16_33_23.221-05_00_leaf.png,4572135,0.03,2754
device3,device3_2755_LeafPhotoA_2025-09-09 16_28_33.930-05_00_leaf.png,3172054,0,2755
device3,device3_2755_LeafPhotoA_2025-09-09 16_29_42.604-05_00_leaf.png,3497215,0,2755
device3,device3_2756_LeafPhotoA_2025-09-09 16_26_24.147-05_00_leaf.png,3070878,0.18,2756
device3,device3_2756_LeafPhotoA_2025-09-09 16_26_59.634-05_00_leaf.png,3089082,0.01,2756
device3,device3_2756_LeafPhotoA_2025-09-09 16_27_37.923-05_00_leaf.png,3223806,0,2756
device3,device3_2757_LeafPhotoA_2025-09-09 16_24_21.228-05_00_leaf.png,4313634,0.07,2757
device3,device3_2757_LeafPhotoA_2025-09-09 16_24_49.829-05_00_leaf.png,5327456,0.02,2757
device3,device3_2757_LeafPhotoA_2025-09-09 16_25_38.722-05_00_leaf.png,6738983,0.91,2757
device3,device3_2758_LeafPhotoA_2025-09-09 16_22_09.492-05_00_leaf.png,3601796,0.03,2758
device3,device3_2758_LeafPhotoA_2025-09-09 16_22_49.517-05_00_leaf.png,5348219,0.13,2758
device3,device3_2758_LeafPhotoA_2025-09-09 16_23_29.834-05_00_leaf.png,5450393,0.11,2758
device3,device3_2759_LeafPhotoA_2025-09-09 16_20_02.085-05_00_leaf.png,1819557,0.39,2759
device3,device3_2759_LeafPhotoA_2025-09-09 16_20_36.551-05_00_leaf.png,2627692,0.28,2759
device3,device3_2759_LeafPhotoA_2025-09-09 16_21_24.991-05_00_leaf.png,2837179,0.15,2759
device3,device3_2760_LeafPhotoA_2025-09-09 16_18_46.285-05_00_leaf.png,4805522,0.17,2760
device3,device3_2761_LeafPhotoA_2025-09-09 16_15_44.747-05_00_leaf.png,4783800,0.04,2761
device3,device3_2761_LeafPhotoA_2025-09-09 16_17_06.673-05_00_leaf.png,5877870,0.15,2761
device3,device3_2762_LeafPhotoA_2025-09-09 16_13_54.792-05_00_leaf.png,3666957,0.07,2762
device3,device3_2762_LeafPhotoA_2025-09-09 16_14_35.027-05_00_leaf.png,3343432,0.29,2762
device3,device3_2763_LeafPhotoA_2025-09-09 16_11_24.849-05_00_leaf.png,1600740,0.35,2763
device3,device3_2763_LeafPhotoA_2025-09-09 16_12_07.642-05_00_leaf.png,2006257,0.05,2763
device3,device3_2764_LeafPhotoA_2025-09-09 16_08_05.797-05_00_leaf.png,3452899,0.14,2764
device3,device3_2764_LeafPhotoA_2025-09-09 16_08_33.579-05_00_leaf.png,4104087,0.69,2764
device3,device3_2764_LeafPhotoA_2025-09-09 16_09_14.933-05_00_leaf.png,3575548,0.02,2764
device3,device3_2765_LeafPhotoA_2025-09-09 16_04_43.053-05_00_leaf.png,4931896,0.06,2765
device3,device3_2765_LeafPhotoA_2025-09-09 16_05_37.886-05_00_leaf.png,4813582,0.11,2765
device3,device3_2765_LeafPhotoA_2025-09-09 16_06_20.833-05_00_leaf.png,3995724,0.02,2765
device3,device3_2766_LeafPhotoA_2025-09-09 16_02_55.179-05_00_leaf.png,1567245,0.67,2766
device3,device3_2766_LeafPhotoA_2025-09-09 16_03_42.418-05_00_leaf.png,3082174,0.57,2766
device3,device3_2768_LeafPhotoA_2025-09-09 15_57_42.770-05_00_leaf.png,3310561,0,2768
device3,device3_2768_LeafPhotoA_2025-09-09 15_58_43.810-05_00_leaf.png,6187513,0.02,2768
device3,device3_2769_LeafPhotoA_2025-09-09 15_55_06.978-05_00_leaf.png,3335555,0.04,2769
device3,device3_2769_LeafPhotoA_2025-09-09 15_55_52.935-05_00_leaf.png,4595651,0.23,2769
device3,device3_2769_LeafPhotoA_2025-09-09 15_56_26.438-05_00_leaf.png,3531832,0,2769
device3,device3_2770_LeafPhotoA_2025-09-09 15_52_45.121-05_00_leaf.png,4818201,0.04,2770
device3,device3_2770_LeafPhotoA_2025-09-09 15_53_28.477-05_00_leaf.png,3633344,0.22,2770
device3,device3_2772_LeafPhotoA_2025-09-09 15_48_17.570-05_00_leaf.png,2987066,0.11,2772
device3,device3_2773_LeafPhotoA_2025-09-09 15_46_08.156-05_00_leaf.png,3244421,0.33,2773
device3,device3_2774_LeafPhotoA_2025-09-09 15_41_10.070-05_00_leaf.png,3862293,0.5,2774
device3,device3_2774_LeafPhotoA_2025-09-09 15_41_52.499-05_00_leaf.png,3517824,0.1,2774
device3,device3_2774_LeafPhotoA_2025-09-09 15_42_38.012-05_00_leaf.png,5442246,0.01,2774
device3,device3_2775_LeafPhotoA_2025-09-09 15_37_14.819-05_00_leaf.png,3960456,0.09,2775
device3,device3_2775_LeafPhotoA_2025-09-09 15_39_08.142-05_00_leaf.png,5639370,0.03,2775
device3,device3_2775_LeafPhotoA_2025-09-09 15_39_34.640-05_00_leaf.png,1868034,0.03,2775
device3,device3_2776_LeafPhotoA_2025-09-09 15_34_21.815-05_00_leaf.png,2985200,0,2776
device3,device3_2776_LeafPhotoA_2025-09-09 15_35_07.675-05_00_leaf.png,2872274,0,2776
device3,device3_2776_LeafPhotoA_2025-09-09 15_36_01.695-05_00_leaf.png,3852677,0,2776
device3,device3_2777_LeafPhotoA_2025-09-09 15_31_37.159-05_00_leaf.png,2921861,2.8,2777
device3,device3_2777_LeafPhotoA_2025-09-09 15_32_31.895-05_00_leaf.png,2751043,0.16,2777
device3,device3_2778_LeafPhotoA_2025-09-09 15_29_04.288-05_00_leaf.png,4114712,0,2778
device3,device3_2778_LeafPhotoA_2025-09-09 15_29_44.527-05_00_leaf.png,3256263,0,2778
device3,device3_2778_LeafPhotoA_2025-09-09 15_30_30.057-05_00_leaf.png,2635865,0,2778
device3,device3_2779_LeafPhotoA_2025-09-09 15_27_20.390-05_00_leaf.png,2213216,0,2779
device3,device3_2780_LeafPhotoA_2025-09-09 15_23_15.576-05_00_leaf.png,3791562,1.12,2780
device3,device3_2780_LeafPhotoA_2025-09-09 15_24_22.621-05_00_leaf.png,4212986,0.02,2780
device3,device3_2781_LeafPhotoA_2025-09-09 15_19_17.469-05_00_leaf.png,2811993,1.24,2781
device3,device3_2783_LeafPhotoA_2025-09-09 15_13_00.053-05_00_leaf.png,3745904,0.08,2783
device3,device3_2783_LeafPhotoA_2025-09-09 15_14_29.872-05_00_leaf.png,2507456,0.04,2783
device3,device3_2785_LeafPhotoA_2025-09-09 15_05_44.586-05_00_leaf.png,4808042,0.08,2785
device3,device3_2785_LeafPhotoA_2025-09-09 15_06_37.895-05_00_leaf.png,3104301,0.06,2785
device3,device3_2785_LeafPhotoA_2025-09-09 15_07_48.541-05_00_leaf.png,4244414,1.41,2785
device4,device4_1301_LeafPhotoA_2025-09-08 10_19_50.410-05_00_leaf.png,3737265,0.07,1301
device4,device4_1301_LeafPhotoA_2025-09-08 10_20_06.394-05_00_leaf.png,3062125,0.01,1301
device4,device4_1301_LeafPhotoA_2025-09-08 10_20_24.380-05_00_leaf.png,3297536,0,1301
device4,device4_1302_LeafPhotoA_2025-09-08 10_20_46.359-05_00_leaf.png,2663083,0,1302
device4,device4_1302_LeafPhotoA_2025-09-08 10_21_01.031-05_00_leaf.png,2937724,0,1302
device4,device4_1302_LeafPhotoA_2025-09-08 10_21_20.697-05_00_leaf.png,2447591,0,1302
device4,device4_1302_LeafPhotoA_2025-09-08 10_22_05.371-05_00_leaf.png,3408081,19.45,1302
device4,device4_1302_LeafPhotoA_2025-09-08 10_22_31.224-05_00_leaf.png,4345758,6.89,1302
device4,device4_1302_LeafPhotoA_2025-09-08 10_22_58.013-05_00_leaf.png,4151374,14.21,1302
device4,device4_1303_LeafPhotoA_2025-09-08 09_17_33.156-05_00_leaf.png,3336598,0,1303
device4,device4_1303_LeafPhotoA_2025-09-08 09_17_49.871-05_00_leaf.png,4024341,0.01,1303
device4,device4_1303_LeafPhotoA_2025-09-08 09_18_12.359-05_00_leaf.png,3181301,0,1303
device4,device4_1304_LeafPhotoA_2025-09-08 09_18_49.655-05_00_leaf.png,3340350,0.13,1304
device4,device4_1304_LeafPhotoA_2025-09-08 09_19_06.684-05_00_leaf.png,3147679,0.12,1304
device4,device4_1305_LeafPhotoA_2025-09-08 09_19_24.505-05_00_leaf.png,4795807,0.1,1305
device4,device4_1305_LeafPhotoA_2025-09-08 09_19_42.020-05_00_leaf.png,3542376,0,1305
device4,device4_1305_LeafPhotoA_2025-09-08 09_20_08.702-05_00_leaf.png,5320628,0.01,1305
device4,device4_1306_LeafPhotoA_2025-09-08 09_21_07.935-05_00_leaf.png,2482185,0.9,1306
device4,device4_1306_LeafPhotoA_2025-09-08 09_21_26.779-05_00_leaf.png,2796134,0.51,1306
device4,device4_1306_LeafPhotoA_2025-09-08 09_21_40.571-05_00_leaf.png,2591761,0.78,1306
device4,device4_1307_LeafPhotoA_2025-09-08 09_21_58.249-05_00_leaf.png,3816902,0.09,1307
device4,device4_1307_LeafPhotoA_2025-09-08 09_22_15.163-05_00_leaf.png,5101568,0.11,1307
device4,device4_1307_LeafPhotoA_2025-09-08 09_22_33.567-05_00_leaf.png,5005381,0.06,1307
device4,device4_1308_LeafPhotoA_2025-09-08 09_23_10.892-05_00_leaf.png,4728380,0.19,1308
device4,device4_1308_LeafPhotoA_2025-09-08 09_23_31.553-05_00_leaf.png,3895033,0.1,1308
device4,device4_1308_LeafPhotoA_2025-09-08 09_24_08.103-05_00_leaf.png,5019953,0.14,1308
device4,device4_1309_LeafPhotoA_2025-09-08 09_24_37.926-05_00_leaf.png,4178773,10.28,1309
device4,device4_1309_LeafPhotoA_2025-09-08 09_24_58.238-05_00_leaf.png,3823271,12.53,1309
device4,device4_1309_LeafPhotoA_2025-09-08 09_25_34.905-05_00_leaf.png,3456624,12.31,1309
device4,device4_1310_LeafPhotoA_2025-09-08 09_26_39.882-05_00_leaf.png,3973733,0.26,1310
device4,device4_1310_LeafPhotoA_2025-09-08 09_26_56.251-05_00_leaf.png,4021663,0.17,1310
device4,device4_1311_LeafPhotoA_2025-09-08 09_27_50.762-05_00_leaf.png,1716288,0.12,1311
device4,device4_1311_LeafPhotoA_2025-09-08 09_28_14.472-05_00_leaf.png,2589474,2.24,1311
device4,device4_1311_LeafPhotoA_2025-09-08 09_28_46.614-05_00_leaf.png,2485396,11.02,1311
device4,device4_1312_LeafPhotoA_2025-09-08 09_29_19.242-05_00_leaf.png,4408974,0.07,1312
device4,device4_1312_LeafPhotoA_2025-09-08 09_29_34.710-05_00_leaf.png,3873529,0.07,1312
device4,device4_1312_LeafPhotoA_2025-09-08 09_29_51.639-05_00_leaf.png,3490616,0.26,1312
device4,device4_1313_LeafPhotoA_2025-09-08 09_30_13.901-05_00_leaf.png,2719530,0.54,1313
device4,device4_1313_LeafPhotoA_2025-09-08 09_30_31.084-05_00_leaf.png,3110526,6.65,1313
device4,device4_1313_LeafPhotoA_2025-09-08 09_30_44.464-05_00_leaf.png,3096062,0.13,1313
device4,device4_1314_LeafPhotoA_2025-09-08 09_31_44.782-05_00_leaf.png,4620391,0.93,1314
device4,device4_1314_LeafPhotoA_2025-09-08 09_32_02.288-05_00_leaf.png,4937894,17.67,1314
device4,device4_1314_LeafPhotoA_2025-09-08 09_32_32.845-05_00_leaf.png,5698040,10,1314
device4,device4_1315_LeafPhotoA_2025-09-08 09_33_12.652-05_00_leaf.png,3602085,2.22,1315
device4,device4_1315_LeafPhotoA_2025-09-08 09_33_31.769-05_00_leaf.png,4036531,5.09,1315
device4,device4_1315_LeafPhotoA_2025-09-08 09_34_04.345-05_00_leaf.png,3442595,0.79,1315
device4,device4_1316_LeafPhotoA_2025-09-08 09_34_20.097-05_00_leaf.png,3851323,17.58,1316
device4,device4_1316_LeafPhotoA_2025-09-08 09_34_38.201-05_00_leaf.png,4401803,64.74,1316
device4,device4_1316_LeafPhotoA_2025-09-08 09_35_01.396-05_00_leaf.png,4171369,49.94,1316
device4,device4_1317_LeafPhotoA_2025-09-08 09_35_24.203-05_00_leaf.png,3951701,2.84,1317
device4,device4_1317_LeafPhotoA_2025-09-08 09_36_17.551-05_00_leaf.png,3746179,0.82,1317
device4,device4_1317_LeafPhotoA_2025-09-08 09_36_34.963-05_00_leaf.png,3800284,0.16,1317
device4,device4_1318_LeafPhotoA_2025-09-08 09_37_04.959-05_00_leaf.png,5731154,0.63,1318
device4,device4_1318_LeafPhotoA_2025-09-08 09_37_28.384-05_00_leaf.png,5428972,0,1318
device4,device4_1318_LeafPhotoA_2025-09-08 09_38_14.702-05_00_leaf.png,6185142,0.45,1318
device4,device4_1319_LeafPhotoA_2025-09-08 09_40_14.780-05_00_leaf.png,3263809,4.73,1319
device4,device4_1319_LeafPhotoA_2025-09-08 09_40_31.396-05_00_leaf.png,2149690,5.75,1319
device4,device4_1319_LeafPhotoA_2025-09-08 09_40_51.056-05_00_leaf.png,2665662,0.03,1319
device4,device4_1320_LeafPhotoA_2025-09-08 09_42_02.349-05_00_leaf.png,3982765,2.05,1320
device4,device4_1320_LeafPhotoA_2025-09-08 09_42_26.181-05_00_leaf.png,3108829,2.49,1320
device4,device4_1320_LeafPhotoA_2025-09-08 09_42_47.429-05_00_leaf.png,2377507,0.02,1320
device4,device4_1321_LeafPhotoA_2025-09-08 09_43_13.104-05_00_leaf.png,4752680,0.02,1321
device4,device4_1321_LeafPhotoA_2025-09-08 09_43_47.604-05_00_leaf.png,3256561,0,1321
device4,device4_1321_LeafPhotoA_2025-09-08 09_44_03.768-05_00_leaf.png,3806473,0.02,1321
device4,device4_1322_LeafPhotoA_2025-09-08 09_44_31.031-05_00_leaf.png,3135903,0.03,1322
device4,device4_1322_LeafPhotoA_2025-09-08 09_44_46.085-05_00_leaf.png,2311169,0.01,1322
device4,device4_1322_LeafPhotoA_2025-09-08 09_45_01.696-05_00_leaf.png,2856645,0.17,1322
device4,device4_1323_LeafPhotoA_2025-09-08 09_45_23.945-05_00_leaf.png,3891264,0.32,1323
device4,device4_1323_LeafPhotoA_2025-09-08 09_46_08.097-05_00_leaf.png,2789344,0.2,1323
device4,device4_1323_LeafPhotoA_2025-09-08 09_46_28.454-05_00_leaf.png,2241405,0.04,1323
device4,device4_1324_LeafPhotoA_2025-09-08 09_46_52.634-05_00_leaf.png,2863732,1.29,1324
device4,device4_1324_LeafPhotoA_2025-09-08 09_47_08.944-05_00_leaf.png,2972993,0.46,1324
device4,device4_1324_LeafPhotoA_2025-09-08 09_47_29.295-05_00_leaf.png,3628990,5.09,1324
device4,device4_1325_LeafPhotoA_2025-09-08 09_47_56.861-05_00_leaf.png,3188573,0.12,1325
device4,device4_1325_LeafPhotoA_2025-09-08 09_48_22.263-05_00_leaf.png,4288237,0.24,1325
device4,device4_1325_LeafPhotoA_2025-09-08 09_48_43.634-05_00_leaf.png,4634164,0.02,1325
device4,device4_1326_LeafPhotoA_2025-09-08 09_49_04.977-05_00_leaf.png,3348068,0.05,1326
device4,device4_1326_LeafPhotoA_2025-09-08 09_49_17.811-05_00_leaf.png,3764709,0.14,1326
device4,device4_1326_LeafPhotoA_2025-09-08 09_49_31.523-05_00_leaf.png,3134369,0.01,1326
device4,device4_1326_LeafPhotoA_2025-09-08 09_49_33.510-05_00_leaf.png,3131865,0.01,1326
device4,device4_1327_LeafPhotoA_2025-09-08 09_50_04.120-05_00_leaf.png,4031214,1.73,1327
device4,device4_1327_LeafPhotoA_2025-09-08 09_50_22.121-05_00_leaf.png,3349299,0.5,1327
device4,device4_1327_LeafPhotoA_2025-09-08 09_50_58.746-05_00_leaf.png,3348834,0.49,1327
device4,device4_1329_LeafPhotoA_2025-09-08 09_55_55.841-05_00_leaf.png,3058626,0.06,1329
device4,device4_1329_LeafPhotoA_2025-09-08 09_56_25.680-05_00_leaf.png,2310376,0,1329
device4,device4_1329_LeafPhotoA_2025-09-08 09_56_53.667-05_00_leaf.png,2679393,0,1329
device4,device4_1330_LeafPhotoA_2025-09-08 09_57_17.816-05_00_leaf.png,6015794,0.39,1330
device4,device4_1330_LeafPhotoA_2025-09-08 09_57_37.119-05_00_leaf.png,3638323,0.01,1330
device4,device4_1330_LeafPhotoA_2025-09-08 09_58_06.898-05_00_leaf.png,4689774,0.32,1330
device4,device4_1331_LeafPhotoA_2025-09-08 09_58_31.257-05_00_leaf.png,5063933,3.87,1331
device4,device4_1331_LeafPhotoA_2025-09-08 09_58_53.544-05_00_leaf.png,3561185,0.04,1331
device4,device4_1331_LeafPhotoA_2025-09-08 09_59_08.980-05_00_leaf.png,4130191,0.14,1331
device4,device4_1332_LeafPhotoA_2025-09-08 09_59_44.447-05_00_leaf.png,2731344,0.09,1332
device4,device4_1332_LeafPhotoA_2025-09-08 09_59_58.906-05_00_leaf.png,2575410,0.08,1332
device4,device4_1332_LeafPhotoA_2025-09-08 10_00_19.909-05_00_leaf.png,2456821,0.04,1332
device4,device4_1333_LeafPhotoA_2025-09-08 10_01_03.626-05_00_leaf.png,3641513,6.48,1333
device4,device4_1333_LeafPhotoA_2025-09-08 10_01_18.955-05_00_leaf.png,3242856,1.35,1333
device4,device4_1334_LeafPhotoA_2025-09-08 10_01_43.028-05_00_leaf.png,3274522,0.01,1334
device4,device4_1334_LeafPhotoA_2025-09-08 10_02_17.468-05_00_leaf.png,4759107,0.68,1334
device4,device4_1335_LeafPhotoA_2025-09-08 10_03_20.694-05_00_leaf.png,2785875,2.33,1335
device4,device4_1335_LeafPhotoA_2025-09-08 10_03_33.177-05_00_leaf.png,2488201,2.34,1335
device4,device4_1335_LeafPhotoA_2025-09-08 10_03_48.168-05_00_leaf.png,3949241,0.64,1335
device4,device4_1336_LeafPhotoA_2025-09-08 10_04_22.990-05_00_leaf.png,3394857,0.07,1336
device4,device4_1336_LeafPhotoA_2025-09-08 10_04_39.227-05_00_leaf.png,2156511,0.05,1336
device4,device4_1336_LeafPhotoA_2025-09-08 10_04_55.016-05_00_leaf.png,3041020,0.01,1336
device4,device4_1337_LeafPhotoA_2025-09-08 10_05_13.215-05_00_leaf.png,3322783,0.76,1337
device4,device4_1337_LeafPhotoA_2025-09-08 10_05_28.154-05_00_leaf.png,2398524,0.94,1337
device4,device4_1337_LeafPhotoA_2025-09-08 10_05_50.848-05_00_leaf.png,3790266,1.26,1337
device4,device4_1338_LeafPhotoA_2025-09-08 10_06_33.224-05_00_leaf.png,4805337,55.34,1338
device4,device4_1338_LeafPhotoA_2025-09-08 10_06_47.896-05_00_leaf.png,4098410,6.99,1338
device4,device4_1338_LeafPhotoA_2025-09-08 10_07_02.814-05_00_leaf.png,3517828,42.53,1338
device4,device4_1339_LeafPhotoA_2025-09-08 10_07_26.017-05_00_leaf.png,3436536,0.09,1339
device4,device4_1339_LeafPhotoA_2025-09-08 10_07_42.468-05_00_leaf.png,4074245,0.36,1339
device4,device4_1339_LeafPhotoA_2025-09-08 10_08_06.144-05_00_leaf.png,3747779,0.05,1339
device4,device4_1340_LeafPhotoA_2025-09-08 10_08_37.990-05_00_leaf.png,2841968,0.09,1340
device4,device4_1340_LeafPhotoA_2025-09-08 10_08_50.867-05_00_leaf.png,3192836,0.07,1340
device4,device4_1340_LeafPhotoA_2025-09-08 10_09_03.293-05_00_leaf.png,2874502,0.05,1340
device4,device4_1341_LeafPhotoA_2025-09-08 10_09_22.231-05_00_leaf.png,3568637,0.45,1341
device4,device4_1341_LeafPhotoA_2025-09-08 10_09_38.844-05_00_leaf.png,4609022,0.02,1341
device4,device4_1341_LeafPhotoA_2025-09-08 10_09_53.998-05_00_leaf.png,2265123,0.03,1341
device4,device4_1342_LeafPhotoA_2025-09-08 10_10_13.170-05_00_leaf.png,3373996,0.07,1342
device4,device4_1342_LeafPhotoA_2025-09-08 10_10_25.775-05_00_leaf.png,3420108,0.77,1342
device4,device4_1342_LeafPhotoA_2025-09-08 10_10_41.383-05_00_leaf.png,4300986,3.43,1342
device4,device4_1343_LeafPhotoA_2025-09-08 10_11_04.420-05_00_leaf.png,3291390,0,1343
device4,device4_1343_LeafPhotoA_2025-09-08 10_11_19.080-05_00_leaf.png,5269263,10.09,1343
device4,device4_1343_LeafPhotoA_2025-09-08 10_11_32.270-05_00_leaf.png,4154935,1.1,1343
device4,device4_1344_LeafPhotoA_2025-09-08 10_11_55.418-05_00_leaf.png,3595245,0.02,1344
device4,device4_1344_LeafPhotoA_2025-09-08 10_12_17.747-05_00_leaf.png,2769575,0,1344
device4,device4_1344_LeafPhotoA_2025-09-08 10_12_38.569-05_00_leaf.png,2776249,0.11,1344
device4,device4_1345_LeafPhotoA_2025-09-08 10_12_57.558-05_00_leaf.png,4333115,0.05,1345
device4,device4_1345_LeafPhotoA_2025-09-08 10_13_26.383-05_00_leaf.png,3551330,0.45,1345
device4,device4_1345_LeafPhotoA_2025-09-08 10_13_40.409-05_00_leaf.png,3716001,3.07,1345
device4,device4_1346_LeafPhotoA_2025-09-08 10_14_27.977-05_00_leaf.png,2262681,0.74,1346
device4,device4_1346_LeafPhotoA_2025-09-08 10_14_44.618-05_00_leaf.png,3124155,7.69,1346
device4,device4_1346_LeafPhotoA_2025-09-08 10_15_00.579-05_00_leaf.png,2613289,2.79,1346
device4,device4_1347_LeafPhotoA_2025-09-08 10_15_29.541-05_00_leaf.png,5007504,0.74,1347
device4,device4_1347_LeafPhotoA_2025-09-08 10_15_42.901-05_00_leaf.png,4209409,0.01,1347
device4,device4_1347_LeafPhotoA_2025-09-08 10_15_59.647-05_00_leaf.png,4027244,0.19,1347
device4,device4_1348_LeafPhotoA_2025-09-08 10_16_33.542-05_00_leaf.png,3237630,0.02,1348
device4,device4_1348_LeafPhotoA_2025-09-08 10_17_01.061-05_00_leaf.png,6533387,0.77,1348
device4,device4_1348_LeafPhotoA_2025-09-08 10_17_17.769-05_00_leaf.png,5338370,0,1348
device4,device4_1349_LeafPhotoA_2025-09-08 10_17_45.282-05_00_leaf.png,3262173,0.02,1349
device4,device4_1349_LeafPhotoA_2025-09-08 10_18_02.619-05_00_leaf.png,5279349,0.03,1349
device4,device4_1349_LeafPhotoA_2025-09-08 10_18_15.798-05_00_leaf.png,4375930,0.01,1349
device4,device4_1350_LeafPhotoA_2025-09-08 10_18_59.648-05_00_leaf.png,3731596,0.01,1350
device4,device4_1350_LeafPhotoA_2025-09-08 10_19_15.288-05_00_leaf.png,4665599,0,1350
device4,device4_1350_LeafPhotoA_2025-09-08 10_19_29.932-05_00_leaf.png,4302825,0.43,1350
device4,device4_1351_LeafPhotoA_2025-09-08 12_27_34.347-05_00_leaf.png,2953723,18.45,1351
device4,device4_1351_LeafPhotoA_2025-09-08 12_28_03.896-05_00_leaf.png,2015243,0.09,1351
device4,device4_1351_LeafPhotoA_2025-09-08 12_28_16.380-05_00_leaf.png,1593918,0.59,1351
device4,device4_1352_LeafPhotoA_2025-09-08 12_28_41.375-05_00_leaf.png,3879790,1.2,1352
device4,device4_1352_LeafPhotoA_2025-09-08 12_28_53.645-05_00_leaf.png,3504820,1.52,1352
device4,device4_1352_LeafPhotoA_2025-09-08 12_29_11.662-05_00_leaf.png,4191079,2.41,1352
device4,device4_1353_LeafPhotoA_2025-09-08 12_29_28.708-05_00_leaf.png,3470579,0.11,1353
device4,device4_1353_LeafPhotoA_2025-09-08 12_29_30.408-05_00_leaf.png,3479317,0.11,1353
device4,device4_1353_LeafPhotoA_2025-09-08 12_29_44.786-05_00_leaf.png,3249081,0.04,1353
device4,device4_1353_LeafPhotoA_2025-09-08 12_30_21.320-05_00_leaf.png,5075646,0.31,1353
device4,device4_1354_LeafPhotoA_2025-09-08 12_30_47.135-05_00_leaf.png,3365103,4.26,1354
device4,device4_1354_LeafPhotoA_2025-09-08 12_31_07.094-05_00_leaf.png,3357743,3.44,1354
device4,device4_1354_LeafPhotoA_2025-09-08 12_31_23.618-05_00_leaf.png,3386442,2.7,1354
device4,device4_1355_LeafPhotoA_2025-09-08 12_32_00.615-05_00_leaf.png,3859017,4.1,1355
device4,device4_1355_LeafPhotoA_2025-09-08 12_32_02.036-05_00_leaf.png,3857690,4.17,1355
device4,device4_1355_LeafPhotoA_2025-09-08 12_32_16.167-05_00_leaf.png,3943214,4.35,1355
device4,device4_1355_LeafPhotoA_2025-09-08 12_32_34.587-05_00_leaf.png,3643367,0.38,1355
device4,device4_1356_LeafPhotoA_2025-09-08 12_32_58.983-05_00_leaf.png,3929265,0.56,1356
device4,device4_1356_LeafPhotoA_2025-09-08 12_33_10.815-05_00_leaf.png,4924289,4.82,1356
device4,device4_1356_LeafPhotoA_2025-09-08 12_33_26.204-05_00_leaf.png,3607630,5.88,1356
device4,device4_1357_LeafPhotoA_2025-09-08 12_34_05.972-05_00_leaf.png,3971056,50.04,1357
device4,device4_1357_LeafPhotoA_2025-09-08 12_34_20.142-05_00_leaf.png,3761684,1.3,1357
device4,device4_1357_LeafPhotoA_2025-09-08 12_34_33.310-05_00_leaf.png,3644439,31.56,1357
device4,device4_1358_LeafPhotoA_2025-09-08 12_35_05.753-05_00_leaf.png,3432687,10.31,1358
device4,device4_1358_LeafPhotoA_2025-09-08 12_35_26.225-05_00_leaf.png,3742482,3.62,1358
device4,device4_1358_LeafPhotoA_2025-09-08 12_35_55.394-05_00_leaf.png,4272058,14.44,1358
device4,device4_1359_LeafPhotoA_2025-09-08 12_38_47.936-05_00_leaf.png,4262880,1.25,1359
device4,device4_1359_LeafPhotoA_2025-09-08 12_39_06.490-05_00_leaf.png,5100213,0.85,1359
device4,device4_1359_LeafPhotoA_2025-09-08 12_39_25.385-05_00_leaf.png,4093571,3.02,1359
device4,device4_1360_LeafPhotoA_2025-09-08 12_39_53.486-05_00_leaf.png,2173762,3.65,1360
device4,device4_1360_LeafPhotoA_2025-09-08 12_40_03.936-05_00_leaf.png,1823032,0.21,1360
device4,device4_1360_LeafPhotoA_2025-09-08 12_40_13.454-05_00_leaf.png,1827368,0.22,1360
device4,device4_1360_LeafPhotoA_2025-09-08 12_40_30.592-05_00_leaf.png,2409276,7.88,1360
device4,device4_1361_LeafPhotoA_2025-09-08 12_40_52.684-05_00_leaf.png,3826169,3.91,1361
device4,device4_1361_LeafPhotoA_2025-09-08 12_41_14.140-05_00_leaf.png,4363121,0.8,1361
device4,device4_1361_LeafPhotoA_2025-09-08 12_41_32.487-05_00_leaf.png,3257336,3.73,1361
device4,device4_1362_LeafPhotoA_2025-09-08 12_41_57.130-05_00_leaf.png,2781735,0.04,1362
device4,device4_1362_LeafPhotoA_2025-09-08 12_42_10.210-05_00_leaf.png,2916216,0.2,1362
device4,device4_1362_LeafPhotoA_2025-09-08 12_42_13.789-05_00_leaf.png,2910297,0.21,1362
device4,device4_1362_LeafPhotoA_2025-09-08 12_42_33.264-05_00_leaf.png,4540959,0.87,1362
device4,device4_1363_LeafPhotoA_2025-09-08 12_42_56.904-05_00_leaf.png,2662802,16.48,1363
device4,device4_1363_LeafPhotoA_2025-09-08 12_43_11.886-05_00_leaf.png,3034943,53.68,1363
device4,device4_1363_LeafPhotoA_2025-09-08 12_43_30.304-05_00_leaf.png,2855836,26.71,1363
device4,device4_1364_LeafPhotoA_2025-09-08 12_43_52.002-05_00_leaf.png,2659215,1.46,1364
device4,device4_1364_LeafPhotoA_2025-09-08 12_44_11.915-05_00_leaf.png,2074026,0.19,1364
device4,device4_1364_LeafPhotoA_2025-09-08 12_46_15.472-05_00_leaf.png,9874402,5.92,1364
device4,device4_1364_LeafPhotoA_2025-09-08 12_46_20.647-05_00_leaf.png,9418216,3.6,1364
device4,device4_1365_LeafPhotoA_2025-09-08 12_46_52.460-05_00_leaf.png,3798150,0.39,1365
device4,device4_1365_LeafPhotoA_2025-09-08 12_47_05.614-05_00_leaf.png,3807018,0,1365
device4,device4_1365_LeafPhotoA_2025-09-08 12_47_18.027-05_00_leaf.png,4134477,0.8,1365
device4,device4_1365_LeafPhotoA_2025-09-08 12_47_27.603-05_00_leaf.png,4151776,0.82,1365
device4,device4_1366_LeafPhotoA_2025-09-08 12_47_53.362-05_00_leaf.png,3903025,0.11,1366
device4,device4_1366_LeafPhotoA_2025-09-08 12_48_11.705-05_00_leaf.png,4258833,0.2,1366
device4,device4_1366_LeafPhotoA_2025-09-08 12_48_32.099-05_00_leaf.png,5124455,0.32,1366
device4,device4_1367_LeafPhotoA_2025-09-08 12_49_39.844-05_00_leaf.png,2494077,0.11,1367
device4,device4_1367_LeafPhotoA_2025-09-08 12_50_01.418-05_00_leaf.png,3172428,1.85,1367
device4,device4_1367_LeafPhotoA_2025-09-08 12_50_27.003-05_00_leaf.png,3460693,0.06,1367
device4,device4_1368_LeafPhotoA_2025-09-08 12_50_56.220-05_00_leaf.png,4879871,0.39,1368
device4,device4_1368_LeafPhotoA_2025-09-08 12_51_12.579-05_00_leaf.png,3665726,0.22,1368
device4,device4_1368_LeafPhotoA_2025-09-08 12_51_27.631-05_00_leaf.png,4411062,0.09,1368
device4,device4_1369_LeafPhotoA_2025-09-08 12_51_46.284-05_00_leaf.png,2426287,6.8,1369
device4,device4_1369_LeafPhotoA_2025-09-08 12_51_56.930-05_00_leaf.png,2963053,3.19,1369
device4,device4_1369_LeafPhotoA_2025-09-08 12_52_09.172-05_00_leaf.png,2391320,0.81,1369
device4,device4_1370_LeafPhotoA_2025-09-08 12_52_33.590-05_00_leaf.png,2464465,0.99,1370
device4,device4_1370_LeafPhotoA_2025-09-08 12_52_45.620-05_00_leaf.png,3089148,0.16,1370
device4,device4_1370_LeafPhotoA_2025-09-08 12_53_00.444-05_00_leaf.png,3705688,5.58,1370
device4,device4_1371_LeafPhotoA_2025-09-08 12_53_26.686-05_00_leaf.png,2026749,0.69,1371
device4,device4_1371_LeafPhotoA_2025-09-08 12_53_42.124-05_00_leaf.png,2200835,8.18,1371
device4,device4_1371_LeafPhotoA_2025-09-08 12_53_58.500-05_00_leaf.png,2561970,0.78,1371
device4,device4_1372_LeafPhotoA_2025-09-08 12_54_25.629-05_00_leaf.png,4537174,0.19,1372
device4,device4_1372_LeafPhotoA_2025-09-08 12_54_38.657-05_00_leaf.png,3862873,0.13,1372
device4,device4_1372_LeafPhotoA_2025-09-08 12_54_49.976-05_00_leaf.png,3347645,0.09,1372
device4,device4_1373_LeafPhotoA_2025-09-08 12_55_26.187-05_00_leaf.png,5365785,2.72,1373
device4,device4_1373_LeafPhotoA_2025-09-08 12_55_37.690-05_00_leaf.png,4439145,1.88,1373
device4,device4_1374_LeafPhotoA_2025-09-08 12_56_08.244-05_00_leaf.png,2855643,0.01,1374
device4,device4_1374_LeafPhotoA_2025-09-08 12_56_33.851-05_00_leaf.png,5027874,1.34,1374
device4,device4_1374_LeafPhotoA_2025-09-08 12_56_52.744-05_00_leaf.png,4440523,9.23,1374
device4,device4_1375_LeafPhotoA_2025-09-08 12_57_11.327-05_00_leaf.png,1693415,0.01,1375
device4,device4_1375_LeafPhotoA_2025-09-08 12_57_28.435-05_00_leaf.png,1827603,0.33,1375
device4,device4_1375_LeafPhotoA_2025-09-08 12_57_41.520-05_00_leaf.png,3136059,0.31,1375
device4,device4_1376_LeafPhotoA_2025-09-08 12_58_09.814-05_00_leaf.png,2133588,0.49,1376
device4,device4_1376_LeafPhotoA_2025-09-08 12_58_22.473-05_00_leaf.png,2719380,0.64,1376
device4,device4_1376_LeafPhotoA_2025-09-08 12_58_59.498-05_00_leaf.png,4513114,0.18,1376
device4,device4_1376_LeafPhotoA_2025-09-08 12_59_02.378-05_00_leaf.png,4505911,0.21,1376
device4,device4_1377_LeafPhotoA_2025-09-08 12_59_16.329-05_00_leaf.png,4247390,2.23,1377
device4,device4_1377_LeafPhotoA_2025-09-08 12_59_27.299-05_00_leaf.png,3472027,0.62,1377
device4,device4_1377_LeafPhotoA_2025-09-08 12_59_37.518-05_00_leaf.png,3347759,0.12,1377
device4,device4_1378_LeafPhotoA_2025-09-08 12_59_53.571-05_00_leaf.png,4834269,1.02,1378
device4,device4_1378_LeafPhotoA_2025-09-08 13_00_28.777-05_00_leaf.png,3009945,0,1378
device4,device4_1379_LeafPhotoA_2025-09-08 13_00_47.446-05_00_leaf.png,2784973,0.01,1379
device4,device4_1379_LeafPhotoA_2025-09-08 13_00_59.301-05_00_leaf.png,3929064,0.05,1379
device4,device4_1379_LeafPhotoA_2025-09-08 13_01_13.542-05_00_leaf.png,3199807,0.03,1379
device4,device4_1381_LeafPhotoA_2025-09-08 13_01_59.229-05_00_leaf.png,3797452,0.1,1381
device4,device4_1381_LeafPhotoA_2025-09-08 13_02_12.732-05_00_leaf.png,3718609,1.03,1381
device4,device4_1381_LeafPhotoA_2025-09-08 13_02_22.354-05_00_leaf.png,3930480,1.31,1381
device4,device4_1383_LeafPhotoA_2025-09-08 13_02_56.131-05_00_leaf.png,3153693,0.16,1383
device4,device4_1383_LeafPhotoA_2025-09-08 13_03_11.486-05_00_leaf.png,4167913,0.07,1383
device4,device4_1383_LeafPhotoA_2025-09-08 13_03_25.117-05_00_leaf.png,3127338,0.38,1383
device4,device4_1384_LeafPhotoA_2025-09-08 13_03_40.196-05_00_leaf.png,2283199,0.57,1384
device4,device4_1384_LeafPhotoA_2025-09-08 13_03_50.491-05_00_leaf.png,1789539,0.47,1384
device4,device4_1385_LeafPhotoA_2025-09-08 13_04_24.143-05_00_leaf.png,4608141,0.32,1385
device4,device4_1385_LeafPhotoA_2025-09-08 13_04_40.954-05_00_leaf.png,3639885,8.61,1385
device4,device4_1385_LeafPhotoA_2025-09-08 13_05_07.306-05_00_leaf.png,4454157,5.73,1385
device4,device4_1386_LeafPhotoA_2025-09-08 13_05_49.839-05_00_leaf.png,4009621,0.03,1386
device4,device4_1386_LeafPhotoA_2025-09-08 13_06_11.904-05_00_leaf.png,4312546,0.02,1386
device4,device4_1386_LeafPhotoA_2025-09-08 13_06_28.820-05_00_leaf.png,4015892,0.71,1386
device4,device4_1387_LeafPhotoA_2025-09-08 13_06_51.782-05_00_leaf.png,3517576,0.01,1387
device4,device4_1387_LeafPhotoA_2025-09-08 13_07_10.555-05_00_leaf.png,5584085,0.17,1387
device4,device4_1387_LeafPhotoA_2025-09-08 13_07_31.088-05_00_leaf.png,3784271,0.17,1387
device4,device4_1388_LeafPhotoA_2025-09-08 13_07_50.613-05_00_leaf.png,4022936,6.57,1388
device4,device4_1388_LeafPhotoA_2025-09-08 13_08_04.955-05_00_leaf.png,4051893,2.59,1388
device4,device4_1388_LeafPhotoA_2025-09-08 13_08_20.646-05_00_leaf.png,4095134,1.91,1388
device4,device4_1389_LeafPhotoA_2025-09-08 13_08_37.035-05_00_leaf.png,1862100,0.88,1389
device4,device4_1389_LeafPhotoA_2025-09-08 13_08_52.456-05_00_leaf.png,2208593,2.2,1389
device4,device4_1389_LeafPhotoA_2025-09-08 13_09_09.219-05_00_leaf.png,2993484,5.22,1389
device4,device4_1390_LeafPhotoA_2025-09-08 13_09_44.069-05_00_leaf.png,4516071,3.31,1390
device4,device4_1390_LeafPhotoA_2025-09-08 13_10_02.976-05_00_leaf.png,5411084,3.51,1390
device4,device4_1390_LeafPhotoA_2025-09-08 13_10_18.653-05_00_leaf.png,5447884,0.05,1390
device4,device4_1391_LeafPhotoA_2025-09-08 13_10_41.595-05_00_leaf.png,4614408,4.83,1391
device4,device4_1391_LeafPhotoA_2025-09-08 13_11_17.073-05_00_leaf.png,3514803,8.75,1391
device4,device4_1391_LeafPhotoA_2025-09-08 13_11_35.950-05_00_leaf.png,2847261,52.99,1391
device4,device4_1392_LeafPhotoA_2025-09-08 13_12_01.932-05_00_leaf.png,4238513,0.33,1392
device4,device4_1392_LeafPhotoA_2025-09-08 13_12_31.182-05_00_leaf.png,4155739,1.49,1392
device4,device4_1392_LeafPhotoA_2025-09-08 13_12_43.154-05_00_leaf.png,3103207,0.01,1392
device4,device4_1393_LeafPhotoA_2025-09-08 13_13_03.754-05_00_leaf.png,3468168,0.14,1393
device4,device4_1399_LeafPhotoA_2025-09-08 12_25_23.016-05_00_leaf.png,2216419,0.43,1399
device4,device4_1399_LeafPhotoA_2025-09-08 12_25_25.945-05_00_leaf.png,2214895,0.41,1399
device4,device4_1399_LeafPhotoA_2025-09-08 12_25_39.723-05_00_leaf.png,2417467,8.53,1399
device4,device4_1399_LeafPhotoA_2025-09-08 12_25_54.043-05_00_leaf.png,2691125,4.28,1399
device4,device4_1400_LeafPhotoA_2025-09-08 12_26_27.652-05_00_leaf.png,2993456,8.6,1400
device4,device4_1400_LeafPhotoA_2025-09-08 12_26_49.996-05_00_leaf.png,2602928,0.44,1400
device4,device4_1400_LeafPhotoA_2025-09-08 12_26_53.139-05_00_leaf.png,2597653,0.43,1400
device4,device4_1400_LeafPhotoA_2025-09-08 12_27_08.065-05_00_leaf.png,1865425,2.15,1400
device4,device4_1551_LeafPhotoA_2025-09-09 10_21_01.078-05_00_leaf.png,3909327,0.4,1551
device4,device4_1551_LeafPhotoA_2025-09-09 10_21_19.530-05_00_leaf.png,4110925,0,1551
device4,device4_1551_LeafPhotoA_2025-09-09 10_21_35.149-05_00_leaf.png,4771646,0.01,1551
device4,device4_1552_LeafPhotoA_2025-09-09 10_19_10.665-05_00_leaf.png,2314398,0.25,1552
device4,device4_1552_LeafPhotoA_2025-09-09 10_19_58.469-05_00_leaf.png,3442201,0.08,1552
device4,device4_1552_LeafPhotoA_2025-09-09 10_20_26.130-05_00_leaf.png,2995730,1,1552
device4,device4_1552_LeafPhotoA_2025-09-09 10_20_37.516-05_00_leaf.png,3001567,1.05,1552
device4,device4_1553_LeafPhotoA_2025-09-09 10_18_19.302-05_00_leaf.png,3952921,0.51,1553
device4,device4_1553_LeafPhotoA_2025-09-09 10_18_36.828-05_00_leaf.png,4368578,0.16,1553
device4,device4_1553_LeafPhotoA_2025-09-09 10_18_50.828-05_00_leaf.png,3741228,0.04,1553
device4,device4_1554_LeafPhotoA_2025-09-09 10_17_31.890-05_00_leaf.png,1567349,0.52,1554
device4,device4_1554_LeafPhotoA_2025-09-09 10_17_43.433-05_00_leaf.png,2441363,2,1554
device4,device4_1554_LeafPhotoA_2025-09-09 10_18_00.304-05_00_leaf.png,2251535,0.54,1554
device4,device4_1555_LeafPhotoA_2025-09-09 10_16_19.652-05_00_leaf.png,3057353,2.08,1555
device4,device4_1555_LeafPhotoA_2025-09-09 10_16_41.334-05_00_leaf.png,2556627,0.6,1555
device4,device4_1555_LeafPhotoA_2025-09-09 10_17_03.026-05_00_leaf.png,4187221,1.02,1555
device4,device4_1557_LeafPhotoA_2025-09-09 10_14_44.359-05_00_leaf.png,2233265,0.64,1557
device4,device4_1557_LeafPhotoA_2025-09-09 10_15_07.131-05_00_leaf.png,4374109,0.01,1557
device4,device4_1557_LeafPhotoA_2025-09-09 10_15_30.318-05_00_leaf.png,2513090,1.02,1557
device4,device4_1558_LeafPhotoA_2025-09-09 10_13_47.690-05_00_leaf.png,1769460,0.5,1558
device4,device4_1558_LeafPhotoA_2025-09-09 10_14_15.546-05_00_leaf.png,1392664,0.34,1558
device4,device4_1558_LeafPhotoA_2025-09-09 10_14_26.881-05_00_leaf.png,1852208,0.44,1558
device4,device4_1560_LeafPhotoA_2025-09-09 10_12_37.535-05_00_leaf.png,3662786,0.02,1560
device4,device4_1560_LeafPhotoA_2025-09-09 10_12_50.607-05_00_leaf.png,2970523,0,1560
device4,device4_1560_LeafPhotoA_2025-09-09 10_13_03.380-05_00_leaf.png,3761875,0.28,1560
device4,device4_1561_LeafPhotoA_2025-09-09 10_11_41.214-05_00_leaf.png,4385397,0.01,1561
device4,device4_1561_LeafPhotoA_2025-09-09 10_11_58.945-05_00_leaf.png,3395688,0.1,1561
device4,device4_1561_LeafPhotoA_2025-09-09 10_12_13.903-05_00_leaf.png,3694080,0.08,1561
device4,device4_1562_LeafPhotoA_2025-09-09 10_10_53.268-05_00_leaf.png,3711458,0.04,1562
device4,device4_1562_LeafPhotoA_2025-09-09 10_11_10.077-05_00_leaf.png,3283798,0,1562
device4,device4_1562_LeafPhotoA_2025-09-09 10_11_20.903-05_00_leaf.png,3346190,0,1562
device4,device4_1564_LeafPhotoA_2025-09-09 10_09_48.582-05_00_leaf.png,4143690,0.04,1564
device4,device4_1564_LeafPhotoA_2025-09-09 10_10_06.110-05_00_leaf.png,3613466,0.02,1564
device4,device4_1564_LeafPhotoA_2025-09-09 10_10_24.159-05_00_leaf.png,3083340,0.4,1564
device4,device4_1565_LeafPhotoA_2025-09-09 10_08_57.168-05_00_leaf.png,5022021,0.21,1565
device4,device4_1565_LeafPhotoA_2025-09-09 10_09_14.010-05_00_leaf.png,3766573,0,1565
device4,device4_1565_LeafPhotoA_2025-09-09 10_09_29.044-05_00_leaf.png,5158239,0.14,1565
device4,device4_1566_LeafPhotoA_2025-09-09 10_03_07.791-05_00_leaf.png,4537134,0.02,1566
device4,device4_1566_LeafPhotoA_2025-09-09 10_04_32.953-05_00_leaf.png,3996176,0.07,1566
device4,device4_1566_LeafPhotoA_2025-09-09 10_04_49.966-05_00_leaf.png,4442210,0,1566
device4,device4_1570_LeafPhotoA_2025-09-09 10_01_07.860-05_00_leaf.png,4289240,3.46,1570
device4,device4_1570_LeafPhotoA_2025-09-09 10_01_29.800-05_00_leaf.png,4895569,4.36,1570
device4,device4_1570_LeafPhotoA_2025-09-09 10_02_00.700-05_00_leaf.png,4801624,0.14,1570
device4,device4_1571_LeafPhotoA_2025-09-09 10_00_09.814-05_00_leaf.png,3996164,0.04,1571
device4,device4_1571_LeafPhotoA_2025-09-09 10_00_23.487-05_00_leaf.png,3640107,0.07,1571
device4,device4_1571_LeafPhotoA_2025-09-09 10_00_41.501-05_00_leaf.png,3612895,0.01,1571
device4,device4_1572_LeafPhotoA_2025-09-09 09_55_57.760-05_00_leaf.png,2809246,0.12,1572
device4,device4_1572_LeafPhotoA_2025-09-09 09_56_18.547-05_00_leaf.png,2753751,0.92,1572
device4,device4_1573_LeafPhotoA_2025-09-09 09_54_35.196-05_00_leaf.png,4237648,2,1573
device4,device4_1573_LeafPhotoA_2025-09-09 09_55_06.241-05_00_leaf.png,3705477,0.15,1573
device4,device4_1573_LeafPhotoA_2025-09-09 09_55_28.681-05_00_leaf.png,3218396,0.02,1573
device4,device4_1575_LeafPhotoA_2025-09-09 09_53_19.245-05_00_leaf.png,3339983,0,1575
device4,device4_1575_LeafPhotoA_2025-09-09 09_53_37.723-05_00_leaf.png,3571682,0,1575
device4,device4_1575_LeafPhotoA_2025-09-09 09_53_55.360-05_00_leaf.png,4664158,0.04,1575
device4,device4_1576_LeafPhotoA_2025-09-09 09_52_24.983-05_00_leaf.png,3401151,0.13,1576
device4,device4_1576_LeafPhotoA_2025-09-09 09_52_40.800-05_00_leaf.png,3251661,0.18,1576
device4,device4_1576_LeafPhotoA_2025-09-09 09_53_05.170-05_00_leaf.png,3494212,0,1576
device4,device4_1577_LeafPhotoA_2025-09-09 09_51_33.491-05_00_leaf.png,3298704,0.05,1577
device4,device4_1577_LeafPhotoA_2025-09-09 09_51_50.173-05_00_leaf.png,4057786,0.36,1577
device4,device4_1577_LeafPhotoA_2025-09-09 09_52_09.527-05_00_leaf.png,3729839,0.08,1577
device4,device4_1578_LeafPhotoA_2025-09-09 09_50_43.842-05_00_leaf.png,3235145,0.04,1578
device4,device4_1578_LeafPhotoA_2025-09-09 09_51_04.362-05_00_leaf.png,3011450,0.02,1578
device4,device4_1578_LeafPhotoA_2025-09-09 09_51_18.559-05_00_leaf.png,3054214,0.07,1578
device4,device4_1579_LeafPhotoA_2025-09-09 09_49_41.362-05_00_leaf.png,5001944,0.1,1579
device4,device4_1579_LeafPhotoA_2025-09-09 09_49_56.429-05_00_leaf.png,4844461,0.12,1579
device4,device4_1579_LeafPhotoA_2025-09-09 09_50_11.550-05_00_leaf.png,3563642,0,1579
device4,device4_1580_LeafPhotoA_2025-09-09 09_44_29.835-05_00_leaf.png,2985962,0.19,1580
device4,device4_1580_LeafPhotoA_2025-09-09 09_45_01.608-05_00_leaf.png,2452616,0.92,1580
device4,device4_1581_LeafPhotoA_2025-09-09 09_43_24.744-05_00_leaf.png,2053837,0.02,1581
device4,device4_1581_LeafPhotoA_2025-09-09 09_43_40.334-05_00_leaf.png,2714544,10.59,1581
device4,device4_1581_LeafPhotoA_2025-09-09 09_44_04.384-05_00_leaf.png,2669705,19.88,1581
device4,device4_1582_LeafPhotoA_2025-09-09 09_42_32.403-05_00_leaf.png,2396772,0.33,1582
device4,device4_1582_LeafPhotoA_2025-09-09 09_42_48.417-05_00_leaf.png,2625886,0.68,1582
device4,device4_1582_LeafPhotoA_2025-09-09 09_43_05.587-05_00_leaf.png,3446708,0.02,1582
device4,device4_1584_LeafPhotoA_2025-09-09 09_39_38.950-05_00_leaf.png,3217938,0.89,1584
device4,device4_1584_LeafPhotoA_2025-09-09 09_39_59.694-05_00_leaf.png,2961298,0,1584
device4,device4_1584_LeafPhotoA_2025-09-09 09_40_43.802-05_00_leaf.png,4511466,0.04,1584
device4,device4_1585_LeafPhotoA_2025-09-09 09_38_59.411-05_00_leaf.png,3617000,6.69,1585
device4,device4_1585_LeafPhotoA_2025-09-09 09_39_14.646-05_00_leaf.png,2810920,9.43,1585
device4,device4_1587_LeafPhotoA_2025-09-09 09_37_51.582-05_00_leaf.png,2901533,0.08,1587
device4,device4_1587_LeafPhotoA_2025-09-09 09_38_08.962-05_00_leaf.png,3018616,0.01,1587
device4,device4_1587_LeafPhotoA_2025-09-09 09_38_26.336-05_00_leaf.png,3925952,0.01,1587
device4,device4_1588_LeafPhotoA_2025-09-09 09_36_16.639-05_00_leaf.png,4877640,0.01,1588
device4,device4_1588_LeafPhotoA_2025-09-09 09_36_36.189-05_00_leaf.png,4228172,0.01,1588
device4,device4_1588_LeafPhotoA_2025-09-09 09_37_21.753-05_00_leaf.png,4348749,0.02,1588
device4,device4_1590_LeafPhotoA_2025-09-09 09_34_40.340-05_00_leaf.png,2667878,1.2,1590
device4,device4_1590_LeafPhotoA_2025-09-09 09_34_55.449-05_00_leaf.png,3243328,0.1,1590
device4,device4_1590_LeafPhotoA_2025-09-09 09_35_12.937-05_00_leaf.png,2706820,0.24,1590
device4,device4_1591_LeafPhotoA_2025-09-09 09_33_52.679-05_00_leaf.png,3631537,0.04,1591
device4,device4_1591_LeafPhotoA_2025-09-09 09_34_04.687-05_00_leaf.png,3081989,0.01,1591
device4,device4_1591_LeafPhotoA_2025-09-09 09_34_16.514-05_00_leaf.png,4345389,0.01,1591
device4,device4_1593_LeafPhotoA_2025-09-09 09_32_41.914-05_00_leaf.png,3378895,0.09,1593
device4,device4_1593_LeafPhotoA_2025-09-09 09_33_01.652-05_00_leaf.png,2862480,0.16,1593
device4,device4_1593_LeafPhotoA_2025-09-09 09_33_14.926-05_00_leaf.png,3107075,2.04,1593
device4,device4_1594_LeafPhotoA_2025-09-09 09_31_48.458-05_00_leaf.png,2664954,3.28,1594
device4,device4_1594_LeafPhotoA_2025-09-09 09_32_04.545-05_00_leaf.png,3712013,2.31,1594
device4,device4_1594_LeafPhotoA_2025-09-09 09_32_22.958-05_00_leaf.png,3019796,0.79,1594
device4,device4_1596_LeafPhotoA_2025-09-09 09_30_52.542-05_00_leaf.png,3822304,0.12,1596
device4,device4_1596_LeafPhotoA_2025-09-09 09_31_04.890-05_00_leaf.png,3519633,0.47,1596
device4,device4_1596_LeafPhotoA_2025-09-09 09_31_19.758-05_00_leaf.png,4348520,1.23,1596
device4,device4_1597_LeafPhotoA_2025-09-09 09_30_09.532-05_00_leaf.png,3640114,0,1597
device4,device4_1597_LeafPhotoA_2025-09-09 09_30_26.654-05_00_leaf.png,5638072,0.02,1597
device4,device4_1597_LeafPhotoA_2025-09-09 09_30_39.354-05_00_leaf.png,3470704,0.01,1597
device4,device4_1598_LeafPhotoA_2025-09-09 09_28_50.071-05_00_leaf.png,3845230,0.04,1598
device4,device4_1598_LeafPhotoA_2025-09-09 09_29_08.978-05_00_leaf.png,3360732,0.14,1598
device4,device4_1598_LeafPhotoA_2025-09-09 09_29_41.679-05_00_leaf.png,4187825,0.12,1598
device4,device4_1599_LeafPhotoA_2025-09-09 10_23_04.852-05_00_leaf.png,3000423,0.29,1599
device4,device4_1599_LeafPhotoA_2025-09-09 10_23_29.230-05_00_leaf.png,2263323,1.34,1599
device4,device4_1600_LeafPhotoA_2025-09-09 10_22_02.956-05_00_leaf.png,5920746,0.02,1600
device4,device4_1600_LeafPhotoA_2025-09-09 10_22_19.836-05_00_leaf.png,4590672,0.03,1600
device4,device4_1600_LeafPhotoA_2025-09-09 10_22_37.520-05_00_leaf.png,4107950,0.02,1600
device4,device4_1851_LeafPhotoA_2025-09-09 13_44_39.585-05_00_leaf.png,2147501,0.06,1851
device4,device4_1851_LeafPhotoA_2025-09-09 13_45_07.951-05_00_leaf.png,2625042,0.12,1851
device4,device4_1851_LeafPhotoA_2025-09-09 13_45_19.270-05_00_leaf.png,2379398,0.21,1851
device4,device4_1851_LeafPhotoA_2025-09-09 13_45_20.119-05_00_leaf.png,2378918,0.21,1851
device4,device4_1853_LeafPhotoA_2025-09-09 13_43_19.198-05_00_leaf.png,4390851,0.01,1853
device4,device4_1853_LeafPhotoA_2025-09-09 13_43_32.816-05_00_leaf.png,4669076,0.04,1853
device4,device4_1853_LeafPhotoA_2025-09-09 13_43_57.677-05_00_leaf.png,4594391,0.02,1853
device4,device4_1854_LeafPhotoA_2025-09-09 13_42_14.798-05_00_leaf.png,4042456,0.1,1854
device4,device4_1854_LeafPhotoA_2025-09-09 13_42_43.347-05_00_leaf.png,3684651,0.65,1854
device4,device4_1854_LeafPhotoA_2025-09-09 13_42_58.635-05_00_leaf.png,3339003,0.12,1854
device4,device4_1855_LeafPhotoA_2025-09-09 13_41_18.742-05_00_leaf.png,4190067,0,1855
device4,device4_1855_LeafPhotoA_2025-09-09 13_41_33.020-05_00_leaf.png,4794373,0,1855
device4,device4_1855_LeafPhotoA_2025-09-09 13_41_50.521-05_00_leaf.png,4891798,0,1855
device4,device4_1856_LeafPhotoA_2025-09-09 13_40_00.876-05_00_leaf.png,4066715,0.25,1856
device4,device4_1856_LeafPhotoA_2025-09-09 13_40_18.948-05_00_leaf.png,3613431,0,1856
device4,device4_1856_LeafPhotoA_2025-09-09 13_40_44.812-05_00_leaf.png,4635813,0.08,1856
device4,device4_1858_LeafPhotoA_2025-09-09 13_38_22.566-05_00_leaf.png,4211652,0,1858
device4,device4_1858_LeafPhotoA_2025-09-09 13_38_40.065-05_00_leaf.png,3586084,0,1858
device4,device4_1858_LeafPhotoA_2025-09-09 13_39_18.807-05_00_leaf.png,3843415,0,1858
device4,device4_1859_LeafPhotoA_2025-09-09 13_37_12.958-05_00_leaf.png,3057048,0.01,1859
device4,device4_1859_LeafPhotoA_2025-09-09 13_37_34.301-05_00_leaf.png,3901744,0.44,1859
device4,device4_1859_LeafPhotoA_2025-09-09 13_37_51.141-05_00_leaf.png,2932855,0.06,1859
device4,device4_1860_LeafPhotoA_2025-09-09 13_36_13.808-05_00_leaf.png,2874720,0.11,1860
device4,device4_1861_LeafPhotoA_2025-09-09 13_35_17.850-05_00_leaf.png,2367879,0.31,1861
device4,device4_1861_LeafPhotoA_2025-09-09 13_35_33.781-05_00_leaf.png,3189174,1.86,1861
device4,device4_1861_LeafPhotoA_2025-09-09 13_35_47.066-05_00_leaf.png,3180165,0.6,1861
device4,device4_1863_LeafPhotoA_2025-09-09 13_33_41.872-05_00_leaf.png,2122251,0.26,1863
device4,device4_1863_LeafPhotoA_2025-09-09 13_34_00.663-05_00_leaf.png,2555637,0.11,1863
device4,device4_1863_LeafPhotoA_2025-09-09 13_34_31.433-05_00_leaf.png,3091426,1.73,1863
device4,device4_1864_LeafPhotoA_2025-09-09 13_32_45.370-05_00_leaf.png,2770725,0.16,1864
device4,device4_1864_LeafPhotoA_2025-09-09 13_33_01.123-05_00_leaf.png,2519923,0.71,1864
device4,device4_1864_LeafPhotoA_2025-09-09 13_33_20.998-05_00_leaf.png,4180860,0.1,1864
device4,device4_1865_LeafPhotoA_2025-09-09 13_31_46.367-05_00_leaf.png,4497592,1.11,1865
device4,device4_1865_LeafPhotoA_2025-09-09 13_32_04.116-05_00_leaf.png,4769161,6.33,1865
device4,device4_1865_LeafPhotoA_2025-09-09 13_32_27.920-05_00_leaf.png,3814669,0.18,1865
device4,device4_1866_LeafPhotoA_2025-09-09 13_30_08.982-05_00_leaf.png,3815790,7.38,1866
device4,device4_1866_LeafPhotoA_2025-09-09 13_30_23.454-05_00_leaf.png,3594868,6.72,1866
device4,device4_1866_LeafPhotoA_2025-09-09 13_31_18.564-05_00_leaf.png,3614733,0.02,1866
device4,device4_1868_LeafPhotoA_2025-09-09 13_29_01.704-05_00_leaf.png,3357859,0.02,1868
device4,device4_1868_LeafPhotoA_2025-09-09 13_29_17.151-05_00_leaf.png,3720828,0,1868
device4,device4_1868_LeafPhotoA_2025-09-09 13_29_37.011-05_00_leaf.png,4338745,0.07,1868
device4,device4_1872_LeafPhotoA_2025-09-09 13_27_10.389-05_00_leaf.png,3922379,0.62,1872
device4,device4_1872_LeafPhotoA_2025-09-09 13_27_26.362-05_00_leaf.png,3814351,0.3,1872
device4,device4_1872_LeafPhotoA_2025-09-09 13_27_40.543-05_00_leaf.png,4128924,0.32,1872
device4,device4_1873_LeafPhotoA_2025-09-09 13_24_25.512-05_00_leaf.png,3118974,4,1873
device4,device4_1873_LeafPhotoA_2025-09-09 13_24_49.630-05_00_leaf.png,3056035,1.88,1873
device4,device4_1873_LeafPhotoA_2025-09-09 13_25_03.055-05_00_leaf.png,3913984,2.27,1873
device4,device4_1874_LeafPhotoA_2025-09-09 13_23_32.662-05_00_leaf.png,2554315,0.02,1874
device4,device4_1874_LeafPhotoA_2025-09-09 13_23_50.650-05_00_leaf.png,2049604,0.12,1874
device4,device4_1874_LeafPhotoA_2025-09-09 13_24_05.096-05_00_leaf.png,2070795,0.04,1874
device4,device4_1876_LeafPhotoA_2025-09-09 13_22_15.099-05_00_leaf.png,2264800,0.75,1876
device4,device4_1876_LeafPhotoA_2025-09-09 13_22_32.808-05_00_leaf.png,2575452,0.42,1876
device4,device4_1876_LeafPhotoA_2025-09-09 13_22_49.642-05_00_leaf.png,2503439,0.05,1876
device4,device4_1877_LeafPhotoA_2025-09-09 13_21_11.014-05_00_leaf.png,2819488,0.47,1877
device4,device4_1877_LeafPhotoA_2025-09-09 13_21_29.026-05_00_leaf.png,3490962,0.77,1877
device4,device4_1877_LeafPhotoA_2025-09-09 13_21_50.382-05_00_leaf.png,3666501,0.29,1877
device4,device4_1878_LeafPhotoA_2025-09-09 13_20_17.369-05_00_leaf.png,3014376,0,1878
device4,device4_1878_LeafPhotoA_2025-09-09 13_20_37.567-05_00_leaf.png,3108290,0.15,1878
device4,device4_1878_LeafPhotoA_2025-09-09 13_20_53.161-05_00_leaf.png,3199958,0.09,1878
device4,device4_1879_LeafPhotoA_2025-09-09 13_18_49.746-05_00_leaf.png,4250191,0.17,1879
device4,device4_1879_LeafPhotoA_2025-09-09 13_19_03.820-05_00_leaf.png,3992553,0,1879
device4,device4_1879_LeafPhotoA_2025-09-09 13_19_22.623-05_00_leaf.png,5023554,0,1879
device4,device4_1880_LeafPhotoA_2025-09-09 13_17_54.406-05_00_leaf.png,1928924,0.29,1880
device4,device4_1880_LeafPhotoA_2025-09-09 13_18_13.748-05_00_leaf.png,2427847,0.09,1880
device4,device4_1880_LeafPhotoA_2025-09-09 13_18_32.766-05_00_leaf.png,2642719,1.98,1880
device4,device4_1882_LeafPhotoA_2025-09-09 13_16_51.402-05_00_leaf.png,4926081,2.17,1882
device4,device4_1882_LeafPhotoA_2025-09-09 13_17_09.662-05_00_leaf.png,4998702,0.4,1882
device4,device4_1882_LeafPhotoA_2025-09-09 13_17_22.842-05_00_leaf.png,4325672,0.03,1882
device4,device4_1883_LeafPhotoA_2025-09-09 13_15_30.655-05_00_leaf.png,3339596,0.47,1883
device4,device4_1883_LeafPhotoA_2025-09-09 13_15_58.541-05_00_leaf.png,3908432,1.92,1883
device4,device4_1883_LeafPhotoA_2025-09-09 13_16_30.658-05_00_leaf.png,4002177,0.61,1883
device4,device4_1884_LeafPhotoA_2025-09-09 13_14_13.481-05_00_leaf.png,4255185,1.34,1884
device4,device4_1884_LeafPhotoA_2025-09-09 13_14_34.240-05_00_leaf.png,4431575,0.62,1884
device4,device4_1884_LeafPhotoA_2025-09-09 13_14_52.815-05_00_leaf.png,4467369,0.09,1884
device4,device4_1885_LeafPhotoA_2025-09-09 13_12_51.356-05_00_leaf.png,3179130,0.84,1885
device4,device4_1885_LeafPhotoA_2025-09-09 13_13_11.754-05_00_leaf.png,2634532,0.57,1885
device4,device4_1885_LeafPhotoA_2025-09-09 13_13_35.702-05_00_leaf.png,3601290,1.33,1885
device4,device4_1889_LeafPhotoA_2025-09-09 13_11_08.430-05_00_leaf.png,2663882,0.54,1889
device4,device4_1889_LeafPhotoA_2025-09-09 13_11_28.788-05_00_leaf.png,4055497,0.78,1889
device4,device4_1889_LeafPhotoA_2025-09-09 13_11_50.814-05_00_leaf.png,2765103,0.01,1889
device4,device4_1890_LeafPhotoA_2025-09-09 13_09_56.225-05_00_leaf.png,2865744,0.26,1890
device4,device4_1890_LeafPhotoA_2025-09-09 13_10_15.049-05_00_leaf.png,4505660,0.21,1890
device4,device4_1890_LeafPhotoA_2025-09-09 13_10_47.470-05_00_leaf.png,3329905,0.21,1890
device4,device4_1891_LeafPhotoA_2025-09-09 13_08_48.319-05_00_leaf.png,3235411,1.03,1891
device4,device4_1891_LeafPhotoA_2025-09-09 13_09_03.281-05_00_leaf.png,2986682,0.04,1891
device4,device4_1891_LeafPhotoA_2025-09-09 13_09_26.481-05_00_leaf.png,3571029,0,1891
device4,device4_1892_LeafPhotoA_2025-09-09 13_07_41.262-05_00_leaf.png,3372368,0.23,1892
device4,device4_1892_LeafPhotoA_2025-09-09 13_07_55.292-05_00_leaf.png,3245969,0.01,1892
device4,device4_1892_LeafPhotoA_2025-09-09 13_08_15.511-05_00_leaf.png,3701291,0.14,1892
device4,device4_1893_LeafPhotoA_2025-09-09 12_59_38.775-05_00_leaf.png,4171354,0.26,1893
device4,device4_1893_LeafPhotoA_2025-09-09 13_00_18.224-05_00_leaf.png,3520478,0,1893
device4,device4_1893_LeafPhotoA_2025-09-09 13_00_43.028-05_00_leaf.png,4785850,0.16,1893
device4,device4_1894_LeafPhotoA_2025-09-09 12_58_28.270-05_00_leaf.png,4620437,0.06,1894
device4,device4_1894_LeafPhotoA_2025-09-09 12_58_44.856-05_00_leaf.png,3327669,0.01,1894
device4,device4_1894_LeafPhotoA_2025-09-09 12_59_06.272-05_00_leaf.png,3265127,0.05,1894
device4,device4_1896_LeafPhotoA_2025-09-09 12_57_03.176-05_00_leaf.png,2268046,75.14,1896
device4,device4_1896_LeafPhotoA_2025-09-09 12_57_23.415-05_00_leaf.png,2926622,41.7,1896
device4,device4_1896_LeafPhotoA_2025-09-09 12_57_40.726-05_00_leaf.png,2374476,29.83,1896
device4,device4_1897_LeafPhotoA_2025-09-09 12_55_47.671-05_00_leaf.png,2487620,0.23,1897
device4,device4_1897_LeafPhotoA_2025-09-09 12_56_14.284-05_00_leaf.png,3235876,0.39,1897
device4,device4_1897_LeafPhotoA_2025-09-09 12_56_37.462-05_00_leaf.png,2395294,4.13,1897
device4,device4_1898_LeafPhotoA_2025-09-09 12_54_33.673-05_00_leaf.png,5166821,0.33,1898
device4,device4_1898_LeafPhotoA_2025-09-09 12_54_50.965-05_00_leaf.png,3615854,1.47,1898
device4,device4_1898_LeafPhotoA_2025-09-09 12_55_25.546-05_00_leaf.png,5582603,0.34,1898
device4,device4_1899_LeafPhotoA_2025-09-09 13_46_46.296-05_00_leaf.png,3415269,0.01,1899
device4,device4_1899_LeafPhotoA_2025-09-09 13_47_11.649-05_00_leaf.png,4062690,0,1899
device4,device4_1899_LeafPhotoA_2025-09-09 13_48_21.666-05_00_leaf.png,3891564,0.01,1899
device4,device4_1900_LeafPhotoA_2025-09-09 13_45_34.903-05_00_leaf.png,3725740,2.99,1900
device4,device4_1900_LeafPhotoA_2025-09-09 13_45_59.573-05_00_leaf.png,3696544,1.97,1900
device4,device4_1900_LeafPhotoA_2025-09-09 13_46_32.667-05_00_leaf.png,3560451,0.41,1900
device4,device4_2301_LeafPhotoA_2025-09-08 10_23_19.706-05_00_leaf.png,4572093,0.49,2301
device4,device4_2301_LeafPhotoA_2025-09-08 10_23_38.387-05_00_leaf.png,3587458,10.97,2301
device4,device4_2301_LeafPhotoA_2025-09-08 10_23_49.725-05_00_leaf.png,3214120,0.13,2301
device4,device4_2302_LeafPhotoA_2025-09-08 10_29_56.041-05_00_leaf.png,3213651,0.58,2302
device4,device4_2302_LeafPhotoA_2025-09-08 10_29_58.116-05_00_leaf.png,3214906,0.58,2302
device4,device4_2302_LeafPhotoA_2025-09-08 10_30_29.450-05_00_leaf.png,3343042,0.71,2302
device4,device4_2302_LeafPhotoA_2025-09-08 10_30_44.995-05_00_leaf.png,4428936,2.52,2302
device4,device4_2303_LeafPhotoA_2025-09-08 10_31_06.347-05_00_leaf.png,3724441,0,2303
device4,device4_2303_LeafPhotoA_2025-09-08 10_31_21.429-05_00_leaf.png,3865816,0,2303
device4,device4_2303_LeafPhotoA_2025-09-08 10_31_37.354-05_00_leaf.png,3457189,0.02,2303
device4,device4_2304_LeafPhotoA_2025-09-08 10_31_58.330-05_00_leaf.png,3866920,0.25,2304
device4,device4_2304_LeafPhotoA_2025-09-08 10_32_16.820-05_00_leaf.png,2794759,0.12,2304
device4,device4_2304_LeafPhotoA_2025-09-08 10_32_41.541-05_00_leaf.png,3992603,0.04,2304
device4,device4_2305_LeafPhotoA_2025-09-08 10_33_04.896-05_00_leaf.png,4281490,0.05,2305
device4,device4_2305_LeafPhotoA_2025-09-08 10_33_20.987-05_00_leaf.png,3692408,0.11,2305
device4,device4_2305_LeafPhotoA_2025-09-08 10_33_36.159-05_00_leaf.png,3540032,0.01,2305
device4,device4_2306_LeafPhotoA_2025-09-08 10_33_55.447-05_00_leaf.png,2688882,0.1,2306
device4,device4_2306_LeafPhotoA_2025-09-08 10_34_25.264-05_00_leaf.png,2632859,0.18,2306
device4,device4_2306_LeafPhotoA_2025-09-08 10_34_43.926-05_00_leaf.png,3617032,0.25,2306
device4,device4_2307_LeafPhotoA_2025-09-08 10_35_04.821-05_00_leaf.png,4573661,0.2,2307
device4,device4_2307_LeafPhotoA_2025-09-08 10_35_19.611-05_00_leaf.png,3641887,0.18,2307
device4,device4_2307_LeafPhotoA_2025-09-08 10_35_39.695-05_00_leaf.png,4283113,0.08,2307
device4,device4_2307_LeafPhotoA_2025-09-08 10_35_41.725-05_00_leaf.png,4283133,0.08,2307
device4,device4_2308_LeafPhotoA_2025-09-08 10_36_11.138-05_00_leaf.png,3454238,3.14,2308
device4,device4_2308_LeafPhotoA_2025-09-08 10_36_29.526-05_00_leaf.png,2227259,0.88,2308
device4,device4_2308_LeafPhotoA_2025-09-08 10_36_53.619-05_00_leaf.png,2433255,2.02,2308
device4,device4_2309_LeafPhotoA_2025-09-08 10_37_11.316-05_00_leaf.png,4079148,0.3,2309
device4,device4_2309_LeafPhotoA_2025-09-08 10_37_26.186-05_00_leaf.png,2510480,0.31,2309
device4,device4_2309_LeafPhotoA_2025-09-08 10_37_37.394-05_00_leaf.png,2655516,0.38,2309
device4,device4_2310_LeafPhotoA_2025-09-08 10_38_03.156-05_00_leaf.png,4662425,3.14,2310
device4,device4_2310_LeafPhotoA_2025-09-08 10_38_18.366-05_00_leaf.png,3806508,0.12,2310
device4,device4_2310_LeafPhotoA_2025-09-08 10_38_33.199-05_00_leaf.png,4730410,0.25,2310
device4,device4_2311_LeafPhotoA_2025-09-08 10_39_10.387-05_00_leaf.png,3748194,0.02,2311
device4,device4_2311_LeafPhotoA_2025-09-08 10_39_49.775-05_00_leaf.png,4370500,0.01,2311
device4,device4_2311_LeafPhotoA_2025-09-08 10_40_04.548-05_00_leaf.png,3354957,0.08,2311
device4,device4_2312_LeafPhotoA_2025-09-08 10_40_26.535-05_00_leaf.png,2926704,0.39,2312
device4,device4_2312_LeafPhotoA_2025-09-08 10_40_44.267-05_00_leaf.png,2085743,0.75,2312
device4,device4_2312_LeafPhotoA_2025-09-08 10_40_59.416-05_00_leaf.png,3560563,0.83,2312
device4,device4_2313_LeafPhotoA_2025-09-08 10_41_17.601-05_00_leaf.png,3175626,0.25,2313
device4,device4_2313_LeafPhotoA_2025-09-08 10_41_29.728-05_00_leaf.png,3008387,0.51,2313
device4,device4_2313_LeafPhotoA_2025-09-08 10_41_46.182-05_00_leaf.png,2794318,1.58,2313
device4,device4_2314_LeafPhotoA_2025-09-08 10_42_10.116-05_00_leaf.png,3493551,0.06,2314
device4,device4_2314_LeafPhotoA_2025-09-08 10_42_26.409-05_00_leaf.png,5419074,0,2314
device4,device4_2314_LeafPhotoA_2025-09-08 10_43_02.868-05_00_leaf.png,5437914,0.17,2314
device4,device4_2315_LeafPhotoA_2025-09-08 10_43_18.717-05_00_leaf.png,3307238,0.04,2315
device4,device4_2315_LeafPhotoA_2025-09-08 10_43_19.379-05_00_leaf.png,3307673,0.04,2315
device4,device4_2315_LeafPhotoA_2025-09-08 10_43_53.843-05_00_leaf.png,2475705,0.06,2315
device4,device4_2315_LeafPhotoA_2025-09-08 10_44_03.778-05_00_leaf.png,3262819,0.12,2315
device4,device4_2316_LeafPhotoA_2025-09-08 10_44_29.741-05_00_leaf.png,3504650,0.05,2316
device4,device4_2316_LeafPhotoA_2025-09-08 10_44_31.127-05_00_leaf.png,3478512,0.05,2316
device4,device4_2316_LeafPhotoA_2025-09-08 10_44_56.764-05_00_leaf.png,4978062,0.1,2316
device4,device4_2316_LeafPhotoA_2025-09-08 10_45_16.299-05_00_leaf.png,4566529,0.04,2316
device4,device4_2317_LeafPhotoA_2025-09-08 10_45_32.243-05_00_leaf.png,3021058,3.52,2317
device4,device4_2317_LeafPhotoA_2025-09-08 10_45_43.691-05_00_leaf.png,3026126,0.77,2317
device4,device4_2317_LeafPhotoA_2025-09-08 10_45_54.278-05_00_leaf.png,3533458,2.12,2317
device4,device4_2318_LeafPhotoA_2025-09-08 10_46_13.359-05_00_leaf.png,2551759,0.02,2318
device4,device4_2318_LeafPhotoA_2025-09-08 10_46_28.265-05_00_leaf.png,4845877,0.17,2318
device4,device4_2318_LeafPhotoA_2025-09-08 10_46_40.691-05_00_leaf.png,3433178,0,2318
device4,device4_2319_LeafPhotoA_2025-09-08 10_47_00.068-05_00_leaf.png,3622340,0.02,2319
device4,device4_2319_LeafPhotoA_2025-09-08 10_47_21.052-05_00_leaf.png,3277561,0.38,2319
device4,device4_2319_LeafPhotoA_2025-09-08 10_47_34.815-05_00_leaf.png,4122407,0,2319
device4,device4_2320_LeafPhotoA_2025-09-08 10_47_53.620-05_00_leaf.png,4798290,0.41,2320
device4,device4_2320_LeafPhotoA_2025-09-08 10_48_17.455-05_00_leaf.png,3252233,3.37,2320
device4,device4_2320_LeafPhotoA_2025-09-08 10_48_19.527-05_00_leaf.png,3245421,3.01,2320
device4,device4_2320_LeafPhotoA_2025-09-08 10_48_43.230-05_00_leaf.png,3606511,0.34,2320
device4,device4_2321_LeafPhotoA_2025-09-08 10_49_06.715-05_00_leaf.png,4357068,0.47,2321
device4,device4_2321_LeafPhotoA_2025-09-08 10_49_22.045-05_00_leaf.png,3676611,1.69,2321
device4,device4_2321_LeafPhotoA_2025-09-08 10_49_37.201-05_00_leaf.png,2572454,0.16,2321
device4,device4_2321_LeafPhotoA_2025-09-08 10_49_38.368-05_00_leaf.png,2568685,0.18,2321
device4,device4_2322_LeafPhotoA_2025-09-08 10_50_00.196-05_00_leaf.png,4414190,0.01,2322
device4,device4_2322_LeafPhotoA_2025-09-08 10_50_20.367-05_00_leaf.png,5455295,0.02,2322
device4,device4_2322_LeafPhotoA_2025-09-08 10_50_34.474-05_00_leaf.png,3128548,0.04,2322
device4,device4_2323_LeafPhotoA_2025-09-08 10_50_55.422-05_00_leaf.png,3540281,0.45,2323
device4,device4_2323_LeafPhotoA_2025-09-08 10_51_12.228-05_00_leaf.png,3922388,0.48,2323
device4,device4_2323_LeafPhotoA_2025-09-08 10_51_30.122-05_00_leaf.png,3975547,0.22,2323
device4,device4_2324_LeafPhotoA_2025-09-08 10_51_49.394-05_00_leaf.png,3156267,3.06,2324
device4,device4_2324_LeafPhotoA_2025-09-08 10_52_05.628-05_00_leaf.png,3517089,3.31,2324
device4,device4_2324_LeafPhotoA_2025-09-08 10_52_24.755-05_00_leaf.png,3599532,1.98,2324
device4,device4_2325_LeafPhotoA_2025-09-08 10_52_52.963-05_00_leaf.png,4200743,0.06,2325
device4,device4_2325_LeafPhotoA_2025-09-08 10_53_09.738-05_00_leaf.png,2656264,0.66,2325
device4,device4_2325_LeafPhotoA_2025-09-08 10_53_41.168-05_00_leaf.png,5542845,0.11,2325
device4,device4_2326_LeafPhotoA_2025-09-08 10_54_08.238-05_00_leaf.png,2726816,0.46,2326
device4,device4_2326_LeafPhotoA_2025-09-08 10_54_19.018-05_00_leaf.png,2514430,0.08,2326
device4,device4_2326_LeafPhotoA_2025-09-08 10_54_30.172-05_00_leaf.png,3107537,0,2326
device4,device4_2327_LeafPhotoA_2025-09-08 10_54_51.388-05_00_leaf.png,5811608,0.01,2327
device4,device4_2327_LeafPhotoA_2025-09-08 10_55_09.797-05_00_leaf.png,5320579,0.08,2327
device4,device4_2327_LeafPhotoA_2025-09-08 10_55_25.574-05_00_leaf.png,5967804,0,2327
device4,device4_2328_LeafPhotoA_2025-09-08 10_55_54.867-05_00_leaf.png,3968195,0.27,2328
device4,device4_2328_LeafPhotoA_2025-09-08 10_56_16.059-05_00_leaf.png,4077183,0.65,2328
device4,device4_2329_LeafPhotoA_2025-09-08 10_57_14.098-05_00_leaf.png,2638607,0.1,2329
device4,device4_2329_LeafPhotoA_2025-09-08 10_57_32.199-05_00_leaf.png,4305066,0.08,2329
device4,device4_2329_LeafPhotoA_2025-09-08 10_57_53.686-05_00_leaf.png,4632801,0.4,2329
device4,device4_2330_LeafPhotoA_2025-09-08 10_58_18.113-05_00_leaf.png,3551824,0.02,2330
device4,device4_2330_LeafPhotoA_2025-09-08 10_58_31.927-05_00_leaf.png,4347450,0.02,2330
device4,device4_2330_LeafPhotoA_2025-09-08 10_58_44.992-05_00_leaf.png,3977838,0.03,2330
device4,device4_2331_LeafPhotoA_2025-09-08 10_59_14.029-05_00_leaf.png,3615279,0,2331
device4,device4_2331_LeafPhotoA_2025-09-08 10_59_30.734-05_00_leaf.png,3464946,0.01,2331
device4,device4_2331_LeafPhotoA_2025-09-08 10_59_46.770-05_00_leaf.png,4865623,3.56,2331
device4,device4_2332_LeafPhotoA_2025-09-08 11_00_08.372-05_00_leaf.png,3034921,0.14,2332
device4,device4_2332_LeafPhotoA_2025-09-08 11_00_10.006-05_00_leaf.png,3031284,0.13,2332
device4,device4_2332_LeafPhotoA_2025-09-08 11_00_39.742-05_00_leaf.png,4796949,0.14,2332
device4,device4_2333_LeafPhotoA_2025-09-08 11_01_10.344-05_00_leaf.png,2533467,0.06,2333
device4,device4_2333_LeafPhotoA_2025-09-08 11_01_20.148-05_00_leaf.png,2857231,0.03,2333
device4,device4_2333_LeafPhotoA_2025-09-08 11_01_31.396-05_00_leaf.png,2676035,0,2333
device4,device4_2334_LeafPhotoA_2025-09-08 11_02_01.003-05_00_leaf.png,3448340,0.84,2334
device4,device4_2334_LeafPhotoA_2025-09-08 11_02_14.879-05_00_leaf.png,2108951,0.1,2334
device4,device4_2334_LeafPhotoA_2025-09-08 11_02_34.893-05_00_leaf.png,3536446,1.84,2334
device4,device4_2336_LeafPhotoA_2025-09-08 11_04_05.137-05_00_leaf.png,2218615,0.15,2336
device4,device4_2336_LeafPhotoA_2025-09-08 11_04_23.054-05_00_leaf.png,2473793,0.62,2336
device4,device4_2336_LeafPhotoA_2025-09-08 11_04_50.552-05_00_leaf.png,3925837,2.52,2336
device4,device4_2337_LeafPhotoA_2025-09-08 11_05_13.063-05_00_leaf.png,3234524,0,2337
device4,device4_2337_LeafPhotoA_2025-09-08 11_05_24.949-05_00_leaf.png,4626562,0.05,2337
device4,device4_2337_LeafPhotoA_2025-09-08 11_05_36.828-05_00_leaf.png,3415697,0.05,2337
device4,device4_2338_LeafPhotoA_2025-09-08 11_06_18.327-05_00_leaf.png,2955542,12.89,2338
device4,device4_2338_LeafPhotoA_2025-09-08 11_06_38.534-05_00_leaf.png,3133042,11.75,2338
device4,device4_2339_LeafPhotoA_2025-09-08 11_07_05.624-05_00_leaf.png,2977578,0.03,2339
device4,device4_2339_LeafPhotoA_2025-09-08 11_07_23.379-05_00_leaf.png,3686879,0.14,2339
device4,device4_2339_LeafPhotoA_2025-09-08 11_07_39.980-05_00_leaf.png,3139312,0.26,2339
device4,device4_2340_LeafPhotoA_2025-09-08 11_08_03.310-05_00_leaf.png,3973671,6.33,2340
device4,device4_2340_LeafPhotoA_2025-09-08 11_08_22.188-05_00_leaf.png,2780300,2.21,2340
device4,device4_2340_LeafPhotoA_2025-09-08 11_08_35.472-05_00_leaf.png,2727281,3.75,2340
device4,device4_2341_LeafPhotoA_2025-09-08 11_09_00.781-05_00_leaf.png,3915987,0.01,2341
device4,device4_2341_LeafPhotoA_2025-09-08 11_09_22.552-05_00_leaf.png,5061871,0,2341
device4,device4_2341_LeafPhotoA_2025-09-08 11_09_35.214-05_00_leaf.png,3953358,0,2341
device4,device4_2342_LeafPhotoA_2025-09-08 11_09_49.879-05_00_leaf.png,4003712,0.04,2342
device4,device4_2342_LeafPhotoA_2025-09-08 11_10_11.218-05_00_leaf.png,3941592,0.71,2342
device4,device4_2342_LeafPhotoA_2025-09-08 11_10_30.052-05_00_leaf.png,4101951,0.38,2342
device4,device4_2343_LeafPhotoA_2025-09-08 11_10_48.082-05_00_leaf.png,3171579,0.03,2343
device4,device4_2343_LeafPhotoA_2025-09-08 11_11_03.769-05_00_leaf.png,4143808,0.01,2343
device4,device4_2343_LeafPhotoA_2025-09-08 11_11_17.973-05_00_leaf.png,3713405,0,2343
device4,device4_2344_LeafPhotoA_2025-09-08 11_11_44.914-05_00_leaf.png,2446946,0.35,2344
device4,device4_2344_LeafPhotoA_2025-09-08 11_12_07.490-05_00_leaf.png,2754953,0.63,2344
device4,device4_2344_LeafPhotoA_2025-09-08 11_12_26.443-05_00_leaf.png,2416485,0.37,2344
device4,device4_2345_LeafPhotoA_2025-09-08 11_13_00.875-05_00_leaf.png,2894890,0.09,2345
device4,device4_2345_LeafPhotoA_2025-09-08 11_13_17.226-05_00_leaf.png,2258520,0.04,2345
device4,device4_2345_LeafPhotoA_2025-09-08 11_13_33.598-05_00_leaf.png,3079676,0.91,2345
device4,device4_2346_LeafPhotoA_2025-09-08 11_14_01.928-05_00_leaf.png,4303873,0.22,2346
device4,device4_2346_LeafPhotoA_2025-09-08 11_14_15.994-05_00_leaf.png,4457413,0.04,2346
device4,device4_2346_LeafPhotoA_2025-09-08 11_14_32.498-05_00_leaf.png,4075774,0.07,2346
device4,device4_2347_LeafPhotoA_2025-09-08 11_14_48.020-05_00_leaf.png,3616713,0.41,2347
device4,device4_2347_LeafPhotoA_2025-09-08 11_15_05.044-05_00_leaf.png,3412594,0,2347
device4,device4_2347_LeafPhotoA_2025-09-08 11_15_19.129-05_00_leaf.png,4003996,0.05,2347
device4,device4_2348_LeafPhotoA_2025-09-08 11_15_56.048-05_00_leaf.png,4386804,5.11,2348
device4,device4_2348_LeafPhotoA_2025-09-08 11_16_45.659-05_00_leaf.png,3831592,6.38,2348
device4,device4_2348_LeafPhotoA_2025-09-08 11_16_57.826-05_00_leaf.png,3164210,0.55,2348
device4,device4_2349_LeafPhotoA_2025-09-08 11_17_21.223-05_00_leaf.png,3436438,0.06,2349
device4,device4_2349_LeafPhotoA_2025-09-08 11_17_33.401-05_00_leaf.png,3656145,0.15,2349
device4,device4_2349_LeafPhotoA_2025-09-08 11_17_49.310-05_00_leaf.png,3380005,4.96,2349
device4,device4_2350_LeafPhotoA_2025-09-08 11_18_12.137-05_00_leaf.png,3775610,0.79,2350
device4,device4_2350_LeafPhotoA_2025-09-08 11_18_26.349-05_00_leaf.png,3923173,0.02,2350
device4,device4_2350_LeafPhotoA_2025-09-08 11_18_42.680-05_00_leaf.png,3961805,0.01,2350
device4,device4_2351_LeafPhotoA_2025-09-08 11_20_36.453-05_00_leaf.png,2807978,0.05,2351
device4,device4_2351_LeafPhotoA_2025-09-08 11_20_51.197-05_00_leaf.png,2058755,0.05,2351
device4,device4_2351_LeafPhotoA_2025-09-08 11_21_12.953-05_00_leaf.png,1583199,14.82,2351
device4,device4_2352_LeafPhotoA_2025-09-08 11_21_37.931-05_00_leaf.png,4508667,2.11,2352
device4,device4_2352_LeafPhotoA_2025-09-08 11_21_52.118-05_00_leaf.png,2841304,0.01,2352
device4,device4_2352_LeafPhotoA_2025-09-08 11_22_04.472-05_00_leaf.png,4231490,0.02,2352
device4,device4_2353_LeafPhotoA_2025-09-08 11_22_25.819-05_00_leaf.png,1727388,2.18,2353
device4,device4_2353_LeafPhotoA_2025-09-08 11_23_00.014-05_00_leaf.png,2255106,0.57,2353
device4,device4_2353_LeafPhotoA_2025-09-08 11_23_22.790-05_00_leaf.png,2236466,3.02,2353
device4,device4_2354_LeafPhotoA_2025-09-08 11_23_50.143-05_00_leaf.png,3384281,1.04,2354
device4,device4_2354_LeafPhotoA_2025-09-08 11_24_10.805-05_00_leaf.png,3819596,4.53,2354
device4,device4_2354_LeafPhotoA_2025-09-08 11_24_31.366-05_00_leaf.png,4275856,1.03,2354
device4,device4_2355_LeafPhotoA_2025-09-08 11_24_58.704-05_00_leaf.png,1374282,0.26,2355
device4,device4_2355_LeafPhotoA_2025-09-08 11_25_14.792-05_00_leaf.png,1339237,0.11,2355
device4,device4_2355_LeafPhotoA_2025-09-08 11_25_29.558-05_00_leaf.png,2135666,0.03,2355
device4,device4_2356_LeafPhotoA_2025-09-08 11_26_10.806-05_00_leaf.png,2637013,2.71,2356
device4,device4_2356_LeafPhotoA_2025-09-08 11_26_29.241-05_00_leaf.png,1839491,3.39,2356
device4,device4_2356_LeafPhotoA_2025-09-08 11_26_58.132-05_00_leaf.png,2770018,10.12,2356
device4,device4_2357_LeafPhotoA_2025-09-08 11_27_31.904-05_00_leaf.png,4178221,0,2357
device4,device4_2357_LeafPhotoA_2025-09-08 11_27_46.672-05_00_leaf.png,4074682,0,2357
device4,device4_2357_LeafPhotoA_2025-09-08 11_28_10.254-05_00_leaf.png,4976067,0,2357
device4,device4_2358_LeafPhotoA_2025-09-08 11_28_27.839-05_00_leaf.png,3996662,0.01,2358
device4,device4_2358_LeafPhotoA_2025-09-08 11_28_41.408-05_00_leaf.png,4053290,0.13,2358
device4,device4_2358_LeafPhotoA_2025-09-08 11_28_53.078-05_00_leaf.png,3955271,0.83,2358
device4,device4_2359_LeafPhotoA_2025-09-08 11_29_12.262-05_00_leaf.png,3362930,1.25,2359
device4,device4_2359_LeafPhotoA_2025-09-08 11_29_27.307-05_00_leaf.png,2377723,0.08,2359
device4,device4_2359_LeafPhotoA_2025-09-08 11_29_28.752-05_00_leaf.png,2386030,0.11,2359
device4,device4_2359_LeafPhotoA_2025-09-08 11_29_42.544-05_00_leaf.png,2923194,0.06,2359
device4,device4_2360_LeafPhotoA_2025-09-08 11_30_00.112-05_00_leaf.png,3637770,0.74,2360
device4,device4_2360_LeafPhotoA_2025-09-08 11_30_16.306-05_00_leaf.png,3583983,1.53,2360
device4,device4_2360_LeafPhotoA_2025-09-08 11_30_29.114-05_00_leaf.png,4502088,1.72,2360
device4,device4_2361_LeafPhotoA_2025-09-08 11_30_43.974-05_00_leaf.png,2884789,3.22,2361
device4,device4_2361_LeafPhotoA_2025-09-08 11_30_56.521-05_00_leaf.png,4523090,0.02,2361
device4,device4_2361_LeafPhotoA_2025-09-08 11_31_12.171-05_00_leaf.png,3431282,0.22,2361
device4,device4_2362_LeafPhotoA_2025-09-08 11_31_30.672-05_00_leaf.png,2444450,0.15,2362
device4,device4_2362_LeafPhotoA_2025-09-08 11_31_44.910-05_00_leaf.png,2511882,0.09,2362
device4,device4_2362_LeafPhotoA_2025-09-08 11_31_59.976-05_00_leaf.png,2135027,0,2362
device4,device4_2363_LeafPhotoA_2025-09-08 11_32_22.082-05_00_leaf.png,3556520,0.01,2363
device4,device4_2363_LeafPhotoA_2025-09-08 11_32_32.542-05_00_leaf.png,3520950,0.08,2363
device4,device4_2363_LeafPhotoA_2025-09-08 11_32_49.077-05_00_leaf.png,3956280,0,2363
device4,device4_2364_LeafPhotoA_2025-09-08 11_33_15.177-05_00_leaf.png,4816973,0.01,2364
device4,device4_2364_LeafPhotoA_2025-09-08 11_33_28.427-05_00_leaf.png,3947603,0.01,2364
device4,device4_2364_LeafPhotoA_2025-09-08 11_33_42.776-05_00_leaf.png,4694386,0.01,2364
device4,device4_2365_LeafPhotoA_2025-09-08 11_34_01.886-05_00_leaf.png,4334738,0.32,2365
device4,device4_2365_LeafPhotoA_2025-09-08 11_34_12.797-05_00_leaf.png,3607347,0.4,2365
device4,device4_2365_LeafPhotoA_2025-09-08 11_34_28.631-05_00_leaf.png,3178097,0.21,2365
device4,device4_2366_LeafPhotoA_2025-09-08 11_34_43.010-05_00_leaf.png,3779363,0.06,2366
device4,device4_2366_LeafPhotoA_2025-09-08 11_35_02.617-05_00_leaf.png,4695956,1.68,2366
device4,device4_2366_LeafPhotoA_2025-09-08 11_35_18.114-05_00_leaf.png,3388991,0.02,2366
device4,device4_2367_LeafPhotoA_2025-09-08 11_35_37.673-05_00_leaf.png,5043089,0.14,2367
device4,device4_2367_LeafPhotoA_2025-09-08 11_35_39.850-05_00_leaf.png,5045868,0.17,2367
device4,device4_2367_LeafPhotoA_2025-09-08 11_35_51.554-05_00_leaf.png,4242926,0.46,2367
device4,device4_2367_LeafPhotoA_2025-09-08 11_36_21.785-05_00_leaf.png,5728539,6.25,2367
device4,device4_2368_LeafPhotoA_2025-09-08 11_36_38.586-05_00_leaf.png,2408701,0,2368
device4,device4_2368_LeafPhotoA_2025-09-08 11_36_49.594-05_00_leaf.png,2408844,0.6,2368
device4,device4_2368_LeafPhotoA_2025-09-08 11_37_04.057-05_00_leaf.png,2754986,0.03,2368
device4,device4_2369_LeafPhotoA_2025-09-08 11_37_22.530-05_00_leaf.png,4354647,0.02,2369
device4,device4_2369_LeafPhotoA_2025-09-08 11_37_47.971-05_00_leaf.png,3063209,0,2369
device4,device4_2369_LeafPhotoA_2025-09-08 11_38_04.718-05_00_leaf.png,4142323,0,2369
device4,device4_2370_LeafPhotoA_2025-09-08 11_38_28.443-05_00_leaf.png,4493438,4.08,2370
device4,device4_2370_LeafPhotoA_2025-09-08 11_38_41.904-05_00_leaf.png,4499750,0.61,2370
device4,device4_2370_LeafPhotoA_2025-09-08 11_38_56.854-05_00_leaf.png,4154331,0.32,2370
device4,device4_2371_LeafPhotoA_2025-09-08 11_39_16.529-05_00_leaf.png,4168744,1.81,2371
device4,device4_2371_LeafPhotoA_2025-09-08 11_39_40.484-05_00_leaf.png,3952084,0.2,2371
device4,device4_2372_LeafPhotoA_2025-09-08 11_41_15.959-05_00_leaf.png,3782022,4.02,2372
device4,device4_2372_LeafPhotoA_2025-09-08 11_41_28.193-05_00_leaf.png,3406907,2.37,2372
device4,device4_2372_LeafPhotoA_2025-09-08 11_41_39.021-05_00_leaf.png,3542758,1.23,2372
device4,device4_2373_LeafPhotoA_2025-09-08 11_42_29.066-05_00_leaf.png,2058407,4.84,2373
device4,device4_2373_LeafPhotoA_2025-09-08 11_42_42.836-05_00_leaf.png,2007677,0,2373
device4,device4_2373_LeafPhotoA_2025-09-08 11_42_55.886-05_00_leaf.png,2319788,0,2373
device4,device4_2374_LeafPhotoA_2025-09-08 11_43_28.926-05_00_leaf.png,2754352,0.53,2374
device4,device4_2374_LeafPhotoA_2025-09-08 11_43_54.221-05_00_leaf.png,3078411,0.67,2374
device4,device4_2375_LeafPhotoA_2025-09-08 11_45_20.246-05_00_leaf.png,4688287,0.14,2375
device4,device4_2375_LeafPhotoA_2025-09-08 11_45_35.778-05_00_leaf.png,5119811,0.09,2375
device4,device4_2375_LeafPhotoA_2025-09-08 11_45_58.952-05_00_leaf.png,3652771,0.2,2375
device4,device4_2376_LeafPhotoA_2025-09-08 11_46_17.100-05_00_leaf.png,2022427,0.93,2376
device4,device4_2376_LeafPhotoA_2025-09-08 11_46_40.263-05_00_leaf.png,1933273,1.66,2376
device4,device4_2376_LeafPhotoA_2025-09-08 11_46_53.167-05_00_leaf.png,2869454,0.76,2376
device4,device4_2377_LeafPhotoA_2025-09-08 11_47_13.064-05_00_leaf.png,4414657,9.3,2377
device4,device4_2377_LeafPhotoA_2025-09-08 11_47_38.946-05_00_leaf.png,3926154,1.82,2377
device4,device4_2377_LeafPhotoA_2025-09-08 11_47_56.414-05_00_leaf.png,2979800,0.9,2377
device4,device4_2378_LeafPhotoA_2025-09-08 11_48_15.166-05_00_leaf.png,3301981,2.37,2378
device4,device4_2378_LeafPhotoA_2025-09-08 11_48_33.407-05_00_leaf.png,3814583,0.73,2378
device4,device4_2378_LeafPhotoA_2025-09-08 11_48_47.340-05_00_leaf.png,3300581,1.79,2378
device4,device4_2378_LeafPhotoA_2025-09-08 11_48_49.909-05_00_leaf.png,3289905,1.8,2378
device4,device4_2379_LeafPhotoA_2025-09-08 11_49_30.772-05_00_leaf.png,2414525,2.19,2379
device4,device4_2379_LeafPhotoA_2025-09-08 11_49_47.715-05_00_leaf.png,1966098,1.64,2379
device4,device4_2379_LeafPhotoA_2025-09-08 11_50_06.701-05_00_leaf.png,2348759,1.38,2379
device4,device4_2380_LeafPhotoA_2025-09-08 11_50_29.744-05_00_leaf.png,3535628,0.41,2380
device4,device4_2380_LeafPhotoA_2025-09-08 11_50_42.672-05_00_leaf.png,3837753,0.1,2380
device4,device4_2380_LeafPhotoA_2025-09-08 11_50_53.706-05_00_leaf.png,3588722,0.09,2380
device4,device4_2381_LeafPhotoA_2025-09-08 11_51_08.300-05_00_leaf.png,2856476,2.19,2381
device4,device4_2381_LeafPhotoA_2025-09-08 11_51_21.824-05_00_leaf.png,2744691,0.01,2381
device4,device4_2381_LeafPhotoA_2025-09-08 11_51_50.879-05_00_leaf.png,2472594,1.11,2381
device4,device4_2382_LeafPhotoA_2025-09-08 11_52_08.982-05_00_leaf.png,4365589,0.02,2382
device4,device4_2382_LeafPhotoA_2025-09-08 11_52_26.421-05_00_leaf.png,2814682,0.13,2382
device4,device4_2382_LeafPhotoA_2025-09-08 11_52_42.959-05_00_leaf.png,4176409,0.09,2382
device4,device4_2383_LeafPhotoA_2025-09-08 11_53_15.679-05_00_leaf.png,2053821,0.06,2383
device4,device4_2384_LeafPhotoA_2025-09-08 11_54_39.506-05_00_leaf.png,3776794,0.03,2384
device4,device4_2384_LeafPhotoA_2025-09-08 11_54_53.539-05_00_leaf.png,3195659,0.08,2384
device4,device4_2384_LeafPhotoA_2025-09-08 11_55_15.071-05_00_leaf.png,4144773,0.36,2384
device4,device4_2385_LeafPhotoA_2025-09-08 11_55_37.754-05_00_leaf.png,4725101,0.07,2385
device4,device4_2385_LeafPhotoA_2025-09-08 11_56_10.265-05_00_leaf.png,4129120,0,2385
device4,device4_2386_LeafPhotoA_2025-09-08 11_56_34.377-05_00_leaf.png,4212975,0,2386
device4,device4_2386_LeafPhotoA_2025-09-08 11_56_54.323-05_00_leaf.png,2979809,0.07,2386
device4,device4_2386_LeafPhotoA_2025-09-08 11_57_13.953-05_00_leaf.png,5156736,0.11,2386
device4,device4_2387_LeafPhotoA_2025-09-08 11_57_27.423-05_00_leaf.png,3767230,0.08,2387
device4,device4_2387_LeafPhotoA_2025-09-08 11_57_40.853-05_00_leaf.png,3227307,0.01,2387
device4,device4_2387_LeafPhotoA_2025-09-08 11_57_55.365-05_00_leaf.png,3821739,0,2387
device4,device4_2388_LeafPhotoA_2025-09-08 11_58_19.980-05_00_leaf.png,3224732,3.5,2388
device4,device4_2388_LeafPhotoA_2025-09-08 11_58_34.729-05_00_leaf.png,2469657,0.04,2388
device4,device4_2388_LeafPhotoA_2025-09-08 11_58_50.247-05_00_leaf.png,2972320,0.2,2388
device4,device4_2389_LeafPhotoA_2025-09-08 11_59_06.491-05_00_leaf.png,4630032,0.18,2389
device4,device4_2389_LeafPhotoA_2025-09-08 11_59_22.549-05_00_leaf.png,3910649,23.67,2389
device4,device4_2389_LeafPhotoA_2025-09-08 11_59_40.731-05_00_leaf.png,4353544,11.06,2389
device4,device4_2390_LeafPhotoA_2025-09-08 12_00_53.414-05_00_leaf.png,3402206,0,2390
device4,device4_2390_LeafPhotoA_2025-09-08 12_01_06.713-05_00_leaf.png,3856536,0,2390
device4,device4_2390_LeafPhotoA_2025-09-08 12_01_21.774-05_00_leaf.png,5092796,0.12,2390
device4,device4_2391_LeafPhotoA_2025-09-08 12_01_42.651-05_00_leaf.png,2563569,0.05,2391
device4,device4_2391_LeafPhotoA_2025-09-08 12_01_55.589-05_00_leaf.png,2723840,0.77,2391
device4,device4_2391_LeafPhotoA_2025-09-08 12_03_15.238-05_00_leaf.png,1814002,0.05,2391
device4,device4_2392_LeafPhotoA_2025-09-08 12_03_43.423-05_00_leaf.png,3112476,0.05,2392
device4,device4_2392_LeafPhotoA_2025-09-08 12_03_57.056-05_00_leaf.png,4550740,0.55,2392
device4,device4_2392_LeafPhotoA_2025-09-08 12_04_38.689-05_00_leaf.png,5193127,0.79,2392
device4,device4_2393_LeafPhotoA_2025-09-08 12_17_57.585-05_00_leaf.png,4059462,2.58,2393
device4,device4_2393_LeafPhotoA_2025-09-08 12_18_13.823-05_00_leaf.png,4460199,1.47,2393
device4,device4_2393_LeafPhotoA_2025-09-08 12_18_35.288-05_00_leaf.png,3168291,5.01,2393
device4,device4_2394_LeafPhotoA_2025-09-08 12_19_19.139-05_00_leaf.png,4047596,3.78,2394
device4,device4_2394_LeafPhotoA_2025-09-08 12_19_34.246-05_00_leaf.png,3103706,1.41,2394
device4,device4_2394_LeafPhotoA_2025-09-08 12_19_48.103-05_00_leaf.png,2764809,3.32,2394
device4,device4_2395_LeafPhotoA_2025-09-08 12_20_11.123-05_00_leaf.png,3058515,1.9,2395
device4,device4_2395_LeafPhotoA_2025-09-08 12_20_13.779-05_00_leaf.png,3067057,1.9,2395
device4,device4_2395_LeafPhotoA_2025-09-08 12_20_28.826-05_00_leaf.png,3833241,0.29,2395
device4,device4_2395_LeafPhotoA_2025-09-08 12_20_41.660-05_00_leaf.png,3146807,1.87,2395
device4,device4_2396_LeafPhotoA_2025-09-08 12_21_09.312-05_00_leaf.png,3421516,0.91,2396
device4,device4_2396_LeafPhotoA_2025-09-08 12_21_52.714-05_00_leaf.png,3329847,13.49,2396
device4,device4_2397_LeafPhotoA_2025-09-08 12_22_15.466-05_00_leaf.png,4351640,0.16,2397
device4,device4_2397_LeafPhotoA_2025-09-08 12_22_28.326-05_00_leaf.png,3661829,0.05,2397
device4,device4_2397_LeafPhotoA_2025-09-08 12_22_44.039-05_00_leaf.png,4067542,0,2397
device4,device4_2398_LeafPhotoA_2025-09-08 12_23_11.064-05_00_leaf.png,4035320,5.39,2398
device4,device4_2398_LeafPhotoA_2025-09-08 12_23_24.567-05_00_leaf.png,3300899,0.66,2398
device4,device4_2398_LeafPhotoA_2025-09-08 12_23_36.582-05_00_leaf.png,2736585,0.77,2398
device4,device4_2399_LeafPhotoA_2025-09-08 12_23_52.894-05_00_leaf.png,2576276,0.02,2399
device4,device4_2399_LeafPhotoA_2025-09-08 12_24_05.607-05_00_leaf.png,2793777,0.9,2399
device4,device4_2399_LeafPhotoA_2025-09-08 12_24_21.478-05_00_leaf.png,2893654,0.27,2399
device4,device4_2400_LeafPhotoA_2025-09-08 12_24_38.718-05_00_leaf.png,4201012,2.45,2400
device4,device4_2400_LeafPhotoA_2025-09-08 12_24_54.208-05_00_leaf.png,3503617,0.66,2400
device4,device4_2400_LeafPhotoA_2025-09-08 12_25_05.924-05_00_leaf.png,3506945,0.07,2400
device4,device4_2551_LeafPhotoA_2025-09-09 11_08_02.367-05_00_leaf.png,3686569,0.05,2551
device4,device4_2551_LeafPhotoA_2025-09-09 11_08_14.599-05_00_leaf.png,3987184,0.34,2551
device4,device4_2551_LeafPhotoA_2025-09-09 11_08_29.776-05_00_leaf.png,4574210,0.65,2551
device4,device4_2552_LeafPhotoA_2025-09-09 11_07_12.139-05_00_leaf.png,2662308,0.24,2552
device4,device4_2552_LeafPhotoA_2025-09-09 11_07_31.178-05_00_leaf.png,3177950,0.32,2552
device4,device4_2552_LeafPhotoA_2025-09-09 11_07_45.491-05_00_leaf.png,2642450,0.41,2552
device4,device4_2553_LeafPhotoA_2025-09-09 11_06_19.892-05_00_leaf.png,4294818,0.01,2553
device4,device4_2553_LeafPhotoA_2025-09-09 11_06_30.916-05_00_leaf.png,4123108,0.08,2553
device4,device4_2553_LeafPhotoA_2025-09-09 11_06_50.974-05_00_leaf.png,4646281,0.05,2553
device4,device4_2554_LeafPhotoA_2025-09-09 11_05_31.279-05_00_leaf.png,5284875,0.11,2554
device4,device4_2554_LeafPhotoA_2025-09-09 11_05_52.276-05_00_leaf.png,4830718,0.07,2554
device4,device4_2554_LeafPhotoA_2025-09-09 11_06_06.455-05_00_leaf.png,5372488,0.03,2554
device4,device4_2555_LeafPhotoA_2025-09-09 11_04_33.165-05_00_leaf.png,3140753,0.05,2555
device4,device4_2555_LeafPhotoA_2025-09-09 11_04_54.665-05_00_leaf.png,3036696,0.14,2555
device4,device4_2555_LeafPhotoA_2025-09-09 11_05_08.349-05_00_leaf.png,3390061,0.12,2555
device4,device4_2557_LeafPhotoA_2025-09-09 11_03_09.546-05_00_leaf.png,4246299,0.05,2557
device4,device4_2557_LeafPhotoA_2025-09-09 11_03_24.662-05_00_leaf.png,3734062,0.01,2557
device4,device4_2557_LeafPhotoA_2025-09-09 11_03_37.173-05_00_leaf.png,4548441,0,2557
device4,device4_2560_LeafPhotoA_2025-09-09 11_01_46.743-05_00_leaf.png,3644850,0.1,2560
device4,device4_2560_LeafPhotoA_2025-09-09 11_01_58.851-05_00_leaf.png,3870912,0,2560
device4,device4_2560_LeafPhotoA_2025-09-09 11_02_15.641-05_00_leaf.png,4387111,0.02,2560
device4,device4_2561_LeafPhotoA_2025-09-09 11_00_30.429-05_00_leaf.png,3960793,0,2561
device4,device4_2561_LeafPhotoA_2025-09-09 11_01_04.730-05_00_leaf.png,3856989,0.31,2561
device4,device4_2561_LeafPhotoA_2025-09-09 11_01_24.854-05_00_leaf.png,5196236,0.02,2561
device4,device4_2562_LeafPhotoA_2025-09-09 10_59_13.146-05_00_leaf.png,3546473,0.44,2562
device4,device4_2562_LeafPhotoA_2025-09-09 10_59_37.771-05_00_leaf.png,4722798,0.25,2562
device4,device4_2562_LeafPhotoA_2025-09-09 11_00_06.779-05_00_leaf.png,2729717,0.02,2562
device4,device4_2564_LeafPhotoA_2025-09-09 10_57_55.578-05_00_leaf.png,3223091,0.25,2564
device4,device4_2564_LeafPhotoA_2025-09-09 10_58_11.101-05_00_leaf.png,2625874,0.15,2564
device4,device4_2564_LeafPhotoA_2025-09-09 10_58_26.656-05_00_leaf.png,3815851,0.55,2564
device4,device4_2567_LeafPhotoA_2025-09-09 10_55_31.180-05_00_leaf.png,4087181,0.04,2567
device4,device4_2567_LeafPhotoA_2025-09-09 10_56_02.265-05_00_leaf.png,4233602,0.15,2567
device4,device4_2567_LeafPhotoA_2025-09-09 10_56_27.733-05_00_leaf.png,3412709,0.11,2567
device4,device4_2568_LeafPhotoA_2025-09-09 10_50_54.288-05_00_leaf.png,2702435,0.02,2568
device4,device4_2568_LeafPhotoA_2025-09-09 10_51_10.887-05_00_leaf.png,3373118,0,2568
device4,device4_2568_LeafPhotoA_2025-09-09 10_51_28.745-05_00_leaf.png,3056207,0.01,2568
device4,device4_2570_LeafPhotoA_2025-09-09 10_49_34.407-05_00_leaf.png,4726548,3.37,2570
device4,device4_2570_LeafPhotoA_2025-09-09 10_50_01.735-05_00_leaf.png,3842538,0.11,2570
device4,device4_2570_LeafPhotoA_2025-09-09 10_50_17.563-05_00_leaf.png,4518643,2.37,2570
device4,device4_2571_LeafPhotoA_2025-09-09 10_48_29.738-05_00_leaf.png,3091836,0.08,2571
device4,device4_2571_LeafPhotoA_2025-09-09 10_48_55.214-05_00_leaf.png,4084686,0.37,2571
device4,device4_2571_LeafPhotoA_2025-09-09 10_49_10.201-05_00_leaf.png,2910511,0.27,2571
device4,device4_2572_LeafPhotoA_2025-09-09 10_47_23.463-05_00_leaf.png,4710942,0.02,2572
device4,device4_2572_LeafPhotoA_2025-09-09 10_47_38.476-05_00_leaf.png,4485800,0.08,2572
device4,device4_2572_LeafPhotoA_2025-09-09 10_48_03.925-05_00_leaf.png,4539968,0.07,2572
device4,device4_2575_LeafPhotoA_2025-09-09 10_46_01.327-05_00_leaf.png,2703611,0,2575
device4,device4_2575_LeafPhotoA_2025-09-09 10_46_23.046-05_00_leaf.png,4853748,0.01,2575
device4,device4_2575_LeafPhotoA_2025-09-09 10_46_43.109-05_00_leaf.png,4157019,0.02,2575
device4,device4_2576_LeafPhotoA_2025-09-09 10_44_25.300-05_00_leaf.png,2752152,0.39,2576
device4,device4_2576_LeafPhotoA_2025-09-09 10_45_03.727-05_00_leaf.png,4673446,0.5,2576
device4,device4_2576_LeafPhotoA_2025-09-09 10_45_23.159-05_00_leaf.png,2599040,0.18,2576
device4,device4_2577_LeafPhotoA_2025-09-09 10_43_09.620-05_00_leaf.png,3310133,0.12,2577
device4,device4_2577_LeafPhotoA_2025-09-09 10_43_37.288-05_00_leaf.png,4972185,0.01,2577
device4,device4_2577_LeafPhotoA_2025-09-09 10_43_58.634-05_00_leaf.png,4328423,0,2577
device4,device4_2578_LeafPhotoA_2025-09-09 10_42_22.010-05_00_leaf.png,3573130,0.02,2578
device4,device4_2578_LeafPhotoA_2025-09-09 10_42_33.814-05_00_leaf.png,2946344,0,2578
device4,device4_2578_LeafPhotoA_2025-09-09 10_42_50.093-05_00_leaf.png,3999041,0.12,2578
device4,device4_2579_LeafPhotoA_2025-09-09 10_41_23.855-05_00_leaf.png,3430485,0,2579
device4,device4_2579_LeafPhotoA_2025-09-09 10_41_50.960-05_00_leaf.png,3555332,0.01,2579
device4,device4_2579_LeafPhotoA_2025-09-09 10_42_05.888-05_00_leaf.png,4086825,0.06,2579
device4,device4_2580_LeafPhotoA_2025-09-09 10_40_29.632-05_00_leaf.png,2313120,0.08,2580
device4,device4_2580_LeafPhotoA_2025-09-09 10_40_41.016-05_00_leaf.png,2378123,0.29,2580
device4,device4_2580_LeafPhotoA_2025-09-09 10_41_01.950-05_00_leaf.png,2896742,0.07,2580
device4,device4_2581_LeafPhotoA_2025-09-09 10_39_30.384-05_00_leaf.png,3027681,0.4,2581
device4,device4_2581_LeafPhotoA_2025-09-09 10_39_51.149-05_00_leaf.png,3198671,0,2581
device4,device4_2581_LeafPhotoA_2025-09-09 10_40_05.059-05_00_leaf.png,3664661,0.25,2581
device4,device4_2583_LeafPhotoA_2025-09-09 10_37_51.342-05_00_leaf.png,5469648,0.02,2583
device4,device4_2583_LeafPhotoA_2025-09-09 10_38_14.778-05_00_leaf.png,5704052,0.02,2583
device4,device4_2583_LeafPhotoA_2025-09-09 10_38_39.926-05_00_leaf.png,5135874,0,2583
device4,device4_2585_LeafPhotoA_2025-09-09 10_35_58.662-05_00_leaf.png,3606522,0.01,2585
device4,device4_2585_LeafPhotoA_2025-09-09 10_36_12.299-05_00_leaf.png,3669923,0,2585
device4,device4_2585_LeafPhotoA_2025-09-09 10_36_30.754-05_00_leaf.png,4397371,0.05,2585
device4,device4_2586_LeafPhotoA_2025-09-09 10_34_33.986-05_00_leaf.png,3698890,0,2586
device4,device4_2586_LeafPhotoA_2025-09-09 10_34_51.098-05_00_leaf.png,4399887,0.01,2586
device4,device4_2586_LeafPhotoA_2025-09-09 10_35_22.188-05_00_leaf.png,4850651,0.13,2586
device4,device4_2586_LeafPhotoA_2025-09-09 10_35_36.782-05_00_leaf.png,4345616,0.04,2586
device4,device4_2587_LeafPhotoA_2025-09-09 10_33_28.831-05_00_leaf.png,4561349,0.01,2587
device4,device4_2587_LeafPhotoA_2025-09-09 10_33_51.773-05_00_leaf.png,4701178,0.01,2587
device4,device4_2587_LeafPhotoA_2025-09-09 10_34_06.660-05_00_leaf.png,3991148,0,2587
device4,device4_2590_LeafPhotoA_2025-09-09 10_31_13.798-05_00_leaf.png,4495573,0.08,2590
device4,device4_2590_LeafPhotoA_2025-09-09 10_31_27.084-05_00_leaf.png,3788635,0.02,2590
device4,device4_2590_LeafPhotoA_2025-09-09 10_31_37.971-05_00_leaf.png,3685684,0.02,2590
device4,device4_2591_LeafPhotoA_2025-09-09 10_30_20.019-05_00_leaf.png,4769127,0.15,2591
device4,device4_2591_LeafPhotoA_2025-09-09 10_30_33.033-05_00_leaf.png,3091740,0.01,2591
device4,device4_2591_LeafPhotoA_2025-09-09 10_30_47.429-05_00_leaf.png,4361782,0.01,2591
device4,device4_2593_LeafPhotoA_2025-09-09 10_28_51.717-05_00_leaf.png,1385079,0,2593
device4,device4_2593_LeafPhotoA_2025-09-09 10_29_04.535-05_00_leaf.png,1751658,0,2593
device4,device4_2593_LeafPhotoA_2025-09-09 10_29_18.849-05_00_leaf.png,1932090,0,2593
device4,device4_2594_LeafPhotoA_2025-09-09 10_28_00.830-05_00_leaf.png,4263785,0.25,2594
device4,device4_2594_LeafPhotoA_2025-09-09 10_28_20.057-05_00_leaf.png,3871981,0.01,2594
device4,device4_2594_LeafPhotoA_2025-09-09 10_28_33.840-05_00_leaf.png,2890825,0.31,2594
device4,device4_2595_LeafPhotoA_2025-09-09 10_27_15.935-05_00_leaf.png,2928824,0.13,2595
device4,device4_2595_LeafPhotoA_2025-09-09 10_27_29.983-05_00_leaf.png,3605545,0.05,2595
device4,device4_2595_LeafPhotoA_2025-09-09 10_27_43.323-05_00_leaf.png,2771745,0.1,2595
device4,device4_2596_LeafPhotoA_2025-09-09 10_26_15.512-05_00_leaf.png,3314263,5.93,2596
device4,device4_2596_LeafPhotoA_2025-09-09 10_26_28.393-05_00_leaf.png,3073619,6.06,2596
device4,device4_2596_LeafPhotoA_2025-09-09 10_26_43.918-05_00_leaf.png,2838256,0.02,2596
device4,device4_2597_LeafPhotoA_2025-09-09 10_25_34.827-05_00_leaf.png,3195509,0.44,2597
device4,device4_2597_LeafPhotoA_2025-09-09 10_25_46.649-05_00_leaf.png,3964332,0.17,2597
device4,device4_2597_LeafPhotoA_2025-09-09 10_25_59.565-05_00_leaf.png,3769565,0.06,2597
device4,device4_2598_LeafPhotoA_2025-09-09 10_24_46.081-05_00_leaf.png,2939559,0.13,2598
device4,device4_2598_LeafPhotoA_2025-09-09 10_24_58.471-05_00_leaf.png,3595009,1.71,2598
device4,device4_2598_LeafPhotoA_2025-09-09 10_25_18.725-05_00_leaf.png,3110020,0.52,2598
device4,device4_2600_LeafPhotoA_2025-09-09 10_23_58.682-05_00_leaf.png,2821699,0,2600
device4,device4_2600_LeafPhotoA_2025-09-09 10_24_13.561-05_00_leaf.png,2389294,0.05,2600
device4,device4_2852_LeafPhotoA_2025-09-09 15_03_30.678-05_00_leaf.png,1623944,0.01,2852
device4,device4_2852_LeafPhotoA_2025-09-09 15_03_44.065-05_00_leaf.png,1731254,0.1,2852
device4,device4_2852_LeafPhotoA_2025-09-09 15_03_56.830-05_00_leaf.png,2165022,0,2852
device4,device4_2853_LeafPhotoA_2025-09-09 15_02_42.867-05_00_leaf.png,3431264,0.04,2853
device4,device4_2853_LeafPhotoA_2025-09-09 15_02_56.940-05_00_leaf.png,3601847,0.05,2853
device4,device4_2853_LeafPhotoA_2025-09-09 15_03_12.660-05_00_leaf.png,3612442,0.14,2853
device4,device4_2854_LeafPhotoA_2025-09-09 15_01_54.120-05_00_leaf.png,5170712,0.21,2854
device4,device4_2854_LeafPhotoA_2025-09-09 15_02_12.395-05_00_leaf.png,4139037,0.06,2854
device4,device4_2854_LeafPhotoA_2025-09-09 15_02_28.031-05_00_leaf.png,4679775,2,2854
device4,device4_2855_LeafPhotoA_2025-09-09 15_00_51.775-05_00_leaf.png,3057878,0.01,2855
device4,device4_2855_LeafPhotoA_2025-09-09 15_01_16.505-05_00_leaf.png,3275399,0.04,2855
device4,device4_2855_LeafPhotoA_2025-09-09 15_01_32.569-05_00_leaf.png,2745077,0.04,2855
device4,device4_2858_LeafPhotoA_2025-09-09 14_57_55.895-05_00_leaf.png,4172347,0,2858
device4,device4_2858_LeafPhotoA_2025-09-09 14_58_17.179-05_00_leaf.png,4433592,0,2858
device4,device4_2858_LeafPhotoA_2025-09-09 15_00_14.634-05_00_leaf.png,4541536,0.01,2858
device4,device4_2860_LeafPhotoA_2025-09-09 14_56_33.247-05_00_leaf.png,4396940,0.14,2860
device4,device4_2860_LeafPhotoA_2025-09-09 14_56_58.266-05_00_leaf.png,4433391,0.83,2860
device4,device4_2860_LeafPhotoA_2025-09-09 14_57_27.737-05_00_leaf.png,3823543,0,2860
device4,device4_2861_LeafPhotoA_2025-09-09 14_55_15.426-05_00_leaf.png,3030187,0.01,2861
device4,device4_2861_LeafPhotoA_2025-09-09 14_55_29.768-05_00_leaf.png,2842342,0.01,2861
device4,device4_2861_LeafPhotoA_2025-09-09 14_56_05.273-05_00_leaf.png,2841503,0,2861
device4,device4_2862_LeafPhotoA_2025-09-09 14_54_22.638-05_00_leaf.png,4959450,0.02,2862
device4,device4_2862_LeafPhotoA_2025-09-09 14_54_36.677-05_00_leaf.png,3832432,0.01,2862
device4,device4_2862_LeafPhotoA_2025-09-09 14_54_57.602-05_00_leaf.png,4220284,0.04,2862
device4,device4_2863_LeafPhotoA_2025-09-09 14_53_23.187-05_00_leaf.png,3437782,1.57,2863
device4,device4_2863_LeafPhotoA_2025-09-09 14_53_39.925-05_00_leaf.png,3370110,0.24,2863
device4,device4_2863_LeafPhotoA_2025-09-09 14_53_58.289-05_00_leaf.png,2891141,0.88,2863
device4,device4_2864_LeafPhotoA_2025-09-09 14_52_22.635-05_00_leaf.png,2827506,0.05,2864
device4,device4_2864_LeafPhotoA_2025-09-09 14_52_43.386-05_00_leaf.png,2919402,0.25,2864
device4,device4_2864_LeafPhotoA_2025-09-09 14_53_07.855-05_00_leaf.png,3046311,0.01,2864
device4,device4_2866_LeafPhotoA_2025-09-09 14_51_12.802-05_00_leaf.png,4128439,0.08,2866
device4,device4_2866_LeafPhotoA_2025-09-09 14_51_30.250-05_00_leaf.png,3984976,0.24,2866
device4,device4_2866_LeafPhotoA_2025-09-09 14_51_42.101-05_00_leaf.png,3621405,0.03,2866
device4,device4_2867_LeafPhotoA_2025-09-09 14_50_15.954-05_00_leaf.png,4481362,0.03,2867
device4,device4_2867_LeafPhotoA_2025-09-09 14_50_34.297-05_00_leaf.png,3853108,0.01,2867
device4,device4_2867_LeafPhotoA_2025-09-09 14_50_50.648-05_00_leaf.png,4135058,0.37,2867
device4,device4_2868_LeafPhotoA_2025-09-09 14_49_22.419-05_00_leaf.png,3235186,0.01,2868
device4,device4_2868_LeafPhotoA_2025-09-09 14_49_37.155-05_00_leaf.png,3050615,0.01,2868
device4,device4_2868_LeafPhotoA_2025-09-09 14_49_55.962-05_00_leaf.png,3416465,0,2868
device4,device4_2869_LeafPhotoA_2025-09-09 14_48_30.620-05_00_leaf.png,3973739,0.03,2869
device4,device4_2869_LeafPhotoA_2025-09-09 14_48_44.251-05_00_leaf.png,3479074,0.17,2869
device4,device4_2869_LeafPhotoA_2025-09-09 14_48_58.455-05_00_leaf.png,4421053,0.38,2869
device4,device4_2870_LeafPhotoA_2025-09-09 14_47_41.484-05_00_leaf.png,2814810,0.13,2870
device4,device4_2870_LeafPhotoA_2025-09-09 14_47_54.163-05_00_leaf.png,1970159,0.17,2870
device4,device4_2870_LeafPhotoA_2025-09-09 14_48_08.275-05_00_leaf.png,2999824,1.72,2870
device4,device4_2871_LeafPhotoA_2025-09-09 14_46_47.592-05_00_leaf.png,1917327,12.89,2871
device4,device4_2871_LeafPhotoA_2025-09-09 14_47_06.075-05_00_leaf.png,2671342,1.5,2871
device4,device4_2871_LeafPhotoA_2025-09-09 14_47_23.331-05_00_leaf.png,2018783,0.62,2871
device4,device4_2872_LeafPhotoA_2025-09-09 14_45_34.832-05_00_leaf.png,5693656,0,2872
device4,device4_2872_LeafPhotoA_2025-09-09 14_46_07.324-05_00_leaf.png,4650091,0,2872
device4,device4_2872_LeafPhotoA_2025-09-09 14_46_31.841-05_00_leaf.png,5409814,0,2872
device4,device4_2873_LeafPhotoA_2025-09-09 14_44_40.818-05_00_leaf.png,3544807,0,2873
device4,device4_2873_LeafPhotoA_2025-09-09 14_44_59.997-05_00_leaf.png,3304875,0,2873
device4,device4_2873_LeafPhotoA_2025-09-09 14_45_14.174-05_00_leaf.png,3567929,0.01,2873
device4,device4_2876_LeafPhotoA_2025-09-09 14_43_15.675-05_00_leaf.png,3026332,0.46,2876
device4,device4_2876_LeafPhotoA_2025-09-09 14_43_31.946-05_00_leaf.png,3266041,0.2,2876
device4,device4_2876_LeafPhotoA_2025-09-09 14_43_48.364-05_00_leaf.png,3798009,0.13,2876
device4,device4_2877_LeafPhotoA_2025-09-09 14_42_21.535-05_00_leaf.png,3857858,0.05,2877
device4,device4_2877_LeafPhotoA_2025-09-09 14_42_42.800-05_00_leaf.png,4547942,0.15,2877
device4,device4_2877_LeafPhotoA_2025-09-09 14_42_55.104-05_00_leaf.png,3966196,0.04,2877
device4,device4_2878_LeafPhotoA_2025-09-09 14_41_14.790-05_00_leaf.png,2355045,0.09,2878
device4,device4_2878_LeafPhotoA_2025-09-09 14_41_26.142-05_00_leaf.png,3048296,1.48,2878
device4,device4_2878_LeafPhotoA_2025-09-09 14_41_56.851-05_00_leaf.png,2622398,0.51,2878
device4,device4_2879_LeafPhotoA_2025-09-09 14_38_38.388-05_00_leaf.png,3178580,0.03,2879
device4,device4_2879_LeafPhotoA_2025-09-09 14_38_53.940-05_00_leaf.png,3431815,0,2879
device4,device4_2879_LeafPhotoA_2025-09-09 14_40_51.022-05_00_leaf.png,4589501,0.04,2879
device4,device4_2882_LeafPhotoA_2025-09-09 14_08_42.942-05_00_leaf.png,2640818,0,2882
device4,device4_2882_LeafPhotoA_2025-09-09 14_09_03.698-05_00_leaf.png,4623642,0.69,2882
device4,device4_2882_LeafPhotoA_2025-09-09 14_09_31.481-05_00_leaf.png,4023482,1.52,2882
device4,device4_2883_LeafPhotoA_2025-09-09 14_07_57.385-05_00_leaf.png,2631027,0.06,2883
device4,device4_2883_LeafPhotoA_2025-09-09 14_08_10.558-05_00_leaf.png,2760175,0.08,2883
device4,device4_2883_LeafPhotoA_2025-09-09 14_08_23.684-05_00_leaf.png,3807889,0.4,2883
device4,device4_2884_LeafPhotoA_2025-09-09 14_07_17.861-05_00_leaf.png,2883851,0.54,2884
device4,device4_2884_LeafPhotoA_2025-09-09 14_07_29.398-05_00_leaf.png,2796036,0.74,2884
device4,device4_2884_LeafPhotoA_2025-09-09 14_07_40.879-05_00_leaf.png,2238322,0.07,2884
device4,device4_2885_LeafPhotoA_2025-09-09 14_06_34.264-05_00_leaf.png,3705468,0.01,2885
device4,device4_2885_LeafPhotoA_2025-09-09 14_06_49.236-05_00_leaf.png,3253157,0.01,2885
device4,device4_2885_LeafPhotoA_2025-09-09 14_06_59.905-05_00_leaf.png,3013786,0,2885
device4,device4_2886_LeafPhotoA_2025-09-09 14_04_21.298-05_00_leaf.png,4000172,0.03,2886
device4,device4_2886_LeafPhotoA_2025-09-09 14_04_40.696-05_00_leaf.png,2216448,0.27,2886
device4,device4_2886_LeafPhotoA_2025-09-09 14_04_59.993-05_00_leaf.png,3389727,0.33,2886
device4,device4_2887_LeafPhotoA_2025-09-09 14_02_57.914-05_00_leaf.png,4064384,0.06,2887
device4,device4_2887_LeafPhotoA_2025-09-09 14_03_16.714-05_00_leaf.png,4322375,0.01,2887
device4,device4_2887_LeafPhotoA_2025-09-09 14_03_46.022-05_00_leaf.png,5147621,1.54,2887
device4,device4_2891_LeafPhotoA_2025-09-09 14_01_28.259-05_00_leaf.png,2801796,0.08,2891
device4,device4_2891_LeafPhotoA_2025-09-09 14_01_42.403-05_00_leaf.png,2364045,0.02,2891
device4,device4_2891_LeafPhotoA_2025-09-09 14_01_54.403-05_00_leaf.png,2345353,0,2891
device4,device4_2892_LeafPhotoA_2025-09-09 14_00_39.299-05_00_leaf.png,3741232,0.14,2892
device4,device4_2892_LeafPhotoA_2025-09-09 14_00_52.477-05_00_leaf.png,3023147,0,2892
device4,device4_2892_LeafPhotoA_2025-09-09 14_01_08.419-05_00_leaf.png,4583266,0.05,2892
device4,device4_2893_LeafPhotoA_2025-09-09 13_59_49.093-05_00_leaf.png,3046077,0.54,2893
device4,device4_2893_LeafPhotoA_2025-09-09 14_00_04.504-05_00_leaf.png,3121228,0.33,2893
device4,device4_2894_LeafPhotoA_2025-09-09 13_57_50.386-05_00_leaf.png,2601536,0.21,2894
device4,device4_2894_LeafPhotoA_2025-09-09 13_58_11.834-05_00_leaf.png,2916061,0.13,2894
device4,device4_2894_LeafPhotoA_2025-09-09 13_58_25.011-05_00_leaf.png,3260293,0.24,2894
device4,device4_2896_LeafPhotoA_2025-09-09 13_57_11.270-05_00_leaf.png,3721806,0,2896
device4,device4_2897_LeafPhotoA_2025-09-09 13_55_49.813-05_00_leaf.png,5235134,0.03,2897
device4,device4_2897_LeafPhotoA_2025-09-09 13_56_14.252-05_00_leaf.png,4343263,0.09,2897
device4,device4_2897_LeafPhotoA_2025-09-09 13_56_47.306-05_00_leaf.png,4327939,0.04,2897
device4,device4_2898_LeafPhotoA_2025-09-09 13_54_48.485-05_00_leaf.png,4312474,0,2898
device4,device4_2898_LeafPhotoA_2025-09-09 13_55_01.926-05_00_leaf.png,4566444,0.01,2898
device4,device4_2898_LeafPhotoA_2025-09-09 13_55_23.491-05_00_leaf.png,4409343,0,2898
device4,device4_2900_LeafPhotoA_2025-09-09 13_53_40.957-05_00_leaf.png,4271310,0.23,2900
device4,device4_2900_LeafPhotoA_2025-09-09 13_54_06.492-05_00_leaf.png,3228926,0,2900
device4,device4_2900_LeafPhotoA_2025-09-09 13_54_18.858-05_00_leaf.png,3771469,0,2900
device4,device4_9129_LeafPhotoNotesA_2025-09-08 08_59_11.284-05_00_leaf.png,3541163,0.12,9129
device4,device4_9129_LeafPhotoNotesA_2025-09-08 08_59_47.156-05_00_leaf.png,3886371,0.01,9129
device4,device4_9129_LeafPhotoNotesA_2025-09-08 09_00_07.500-05_00_leaf.png,4769561,0.02,9129
device5,device5_1001_LeafPhotoA_2025-09-08 10_30_44.491-05_00_leaf.png,3784777,0.93,1001
device5,device5_1001_LeafPhotoA_2025-09-08 10_31_01.387-05_00_leaf.png,4066216,0.01,1001
device5,device5_1001_LeafPhotoA_2025-09-08 10_31_16.660-05_00_leaf.png,4216265,0.1,1001
device5,device5_1002_LeafPhotoA_2025-09-08 10_31_39.299-05_00_leaf.png,5071174,0.02,1002
device5,device5_1002_LeafPhotoA_2025-09-08 10_31_52.212-05_00_leaf.png,3923757,0.03,1002
device5,device5_1002_LeafPhotoA_2025-09-08 10_32_08.178-05_00_leaf.png,3005087,0.02,1002
device5,device5_1003_LeafPhotoA_2025-09-08 09_16_15.481-05_00_leaf.png,4738563,2.9,1003
device5,device5_1003_LeafPhotoA_2025-09-08 09_18_47.237-05_00_leaf.png,3939840,0.16,1003
device5,device5_1003_LeafPhotoA_2025-09-08 09_20_11.247-05_00_leaf.png,3096910,0.11,1003
device5,device5_1004_LeafPhotoA_2025-09-08 09_21_46.459-05_00_leaf.png,4404229,0.1,1004
device5,device5_1004_LeafPhotoA_2025-09-08 09_22_28.681-05_00_leaf.png,3648682,0.12,1004
device5,device5_1004_LeafPhotoA_2025-09-08 09_23_15.296-05_00_leaf.png,3785435,0.04,1004
device5,device5_1005_LeafPhotoA_2025-09-08 09_35_15.574-05_00_leaf.png,4917475,0.12,1005
device5,device5_1005_LeafPhotoA_2025-09-08 09_35_34.267-05_00_leaf.png,4206704,0.08,1005
device5,device5_1005_LeafPhotoA_2025-09-08 09_36_05.265-05_00_leaf.png,4883001,0.02,1005
device5,device5_1006_LeafPhotoA_2025-09-08 09_30_50.026-05_00_leaf.png,3388151,0.65,1006
device5,device5_1006_LeafPhotoA_2025-09-08 09_31_43.387-05_00_leaf.png,4917052,0.34,1006
device5,device5_1006_LeafPhotoA_2025-09-08 09_36_28.687-05_00_leaf.png,3645353,0,1006
device5,device5_1007_LeafPhotoA_2025-09-08 09_36_58.125-05_00_leaf.png,2383986,1.98,1007
device5,device5_1007_LeafPhotoA_2025-09-08 09_37_28.704-05_00_leaf.png,2143902,0.46,1007
device5,device5_1007_LeafPhotoA_2025-09-08 09_37_48.595-05_00_leaf.png,2934386,0.23,1007
device5,device5_1008_LeafPhotoA_2025-09-08 09_38_43.510-05_00_leaf.png,3234776,0.02,1008
device5,device5_1008_LeafPhotoA_2025-09-08 09_39_01.597-05_00_leaf.png,4980995,0.01,1008
device5,device5_1008_LeafPhotoA_2025-09-08 09_39_17.372-05_00_leaf.png,4572584,0,1008
device5,device5_1009_LeafPhotoA_2025-09-08 09_39_52.913-05_00_leaf.png,2785415,0.61,1009
device5,device5_1009_LeafPhotoA_2025-09-08 09_40_11.883-05_00_leaf.png,3338438,0.61,1009
device5,device5_1009_LeafPhotoA_2025-09-08 09_40_30.501-05_00_leaf.png,2977729,0.58,1009
device5,device5_1010_LeafPhotoA_2025-09-08 09_41_20.962-05_00_leaf.png,2970438,0.98,1010
device5,device5_1010_LeafPhotoA_2025-09-08 09_41_44.218-05_00_leaf.png,4343639,0.13,1010
device5,device5_1010_LeafPhotoA_2025-09-08 09_42_09.670-05_00_leaf.png,2750457,0.12,1010
device5,device5_1011_LeafPhotoA_2025-09-08 09_42_35.227-05_00_leaf.png,4536126,0.98,1011
device5,device5_1011_LeafPhotoA_2025-09-08 09_43_02.719-05_00_leaf.png,3791588,1.15,1011
device5,device5_1011_LeafPhotoA_2025-09-08 09_43_19.114-05_00_leaf.png,4099243,0.02,1011
device5,device5_1012_LeafPhotoA_2025-09-08 09_43_43.769-05_00_leaf.png,2039910,0.45,1012
device5,device5_1012_LeafPhotoA_2025-09-08 09_44_03.312-05_00_leaf.png,2917484,3.74,1012
device5,device5_1012_LeafPhotoA_2025-09-08 09_44_21.398-05_00_leaf.png,3747666,6.67,1012
device5,device5_1013_LeafPhotoA_2025-09-08 09_44_55.247-05_00_leaf.png,3110050,0,1013
device5,device5_1013_LeafPhotoA_2025-09-08 09_45_15.101-05_00_leaf.png,2472479,0,1013
device5,device5_1013_LeafPhotoA_2025-09-08 09_45_36.458-05_00_leaf.png,2837784,0,1013
device5,device5_1014_LeafPhotoA_2025-09-08 09_46_05.675-05_00_leaf.png,4298277,15.8,1014
device5,device5_1014_LeafPhotoA_2025-09-08 09_46_27.231-05_00_leaf.png,5290382,1.62,1014
device5,device5_1014_LeafPhotoA_2025-09-08 09_46_45.331-05_00_leaf.png,5400494,7.22,1014
device5,device5_1015_LeafPhotoA_2025-09-08 09_47_54.758-05_00_leaf.png,2471469,0.03,1015
device5,device5_1015_LeafPhotoA_2025-09-08 09_48_10.333-05_00_leaf.png,2957816,0.23,1015
device5,device5_1015_LeafPhotoA_2025-09-08 09_48_38.527-05_00_leaf.png,3912648,0.14,1015
device5,device5_1016_LeafPhotoA_2025-09-08 09_49_16.143-05_00_leaf.png,3808902,0.88,1016
device5,device5_1016_LeafPhotoA_2025-09-08 09_49_32.371-05_00_leaf.png,3213092,0.07,1016
device5,device5_1016_LeafPhotoA_2025-09-08 09_49_45.693-05_00_leaf.png,2997579,0.11,1016
device5,device5_1017_LeafPhotoA_2025-09-08 09_50_06.635-05_00_leaf.png,3832747,2.62,1017
device5,device5_1017_LeafPhotoA_2025-09-08 09_50_29.293-05_00_leaf.png,3208814,0.13,1017
device5,device5_1017_LeafPhotoA_2025-09-08 09_50_44.460-05_00_leaf.png,4052333,11.6,1017
device5,device5_1018_LeafPhotoA_2025-09-08 09_51_08.278-05_00_leaf.png,3715332,2.72,1018
device5,device5_1018_LeafPhotoA_2025-09-08 09_51_38.144-05_00_leaf.png,4544601,0.21,1018
device5,device5_1018_LeafPhotoA_2025-09-08 09_51_57.750-05_00_leaf.png,3142696,0.3,1018
device5,device5_1019_LeafPhotoA_2025-09-08 09_52_21.687-05_00_leaf.png,3564594,8.98,1019
device5,device5_1019_LeafPhotoA_2025-09-08 09_52_36.483-05_00_leaf.png,3242832,2.48,1019
device5,device5_1019_LeafPhotoA_2025-09-08 09_52_56.602-05_00_leaf.png,3997077,12.71,1019
device5,device5_1020_LeafPhotoA_2025-09-08 09_53_31.800-05_00_leaf.png,1823730,0.11,1020
device5,device5_1020_LeafPhotoA_2025-09-08 09_53_44.483-05_00_leaf.png,1833127,0.46,1020
device5,device5_1020_LeafPhotoA_2025-09-08 09_53_54.975-05_00_leaf.png,1882181,0.29,1020
device5,device5_1021_LeafPhotoA_2025-09-08 09_54_18.191-05_00_leaf.png,5378768,0.46,1021
device5,device5_1021_LeafPhotoA_2025-09-08 09_56_13.637-05_00_leaf.png,3240704,0.02,1021
device5,device5_1021_LeafPhotoA_2025-09-08 09_56_28.590-05_00_leaf.png,4535881,0.04,1021
device5,device5_1022_LeafPhotoA_2025-09-08 09_56_58.902-05_00_leaf.png,4968960,2.39,1022
device5,device5_1022_LeafPhotoA_2025-09-08 09_57_13.943-05_00_leaf.png,3611403,0.02,1022
device5,device5_1022_LeafPhotoA_2025-09-08 09_57_30.921-05_00_leaf.png,4483617,0.1,1022
device5,device5_1023_LeafPhotoA_2025-09-08 09_57_52.275-05_00_leaf.png,5937463,0.76,1023
device5,device5_1023_LeafPhotoA_2025-09-08 09_58_19.651-05_00_leaf.png,4581776,0.16,1023
device5,device5_1023_LeafPhotoA_2025-09-08 09_58_33.821-05_00_leaf.png,5376313,1.74,1023
device5,device5_1024_LeafPhotoA_2025-09-08 09_59_13.129-05_00_leaf.png,3274787,0.65,1024
device5,device5_1024_LeafPhotoA_2025-09-08 09_59_38.426-05_00_leaf.png,2608559,3.25,1024
device5,device5_1024_LeafPhotoA_2025-09-08 09_59_52.200-05_00_leaf.png,3074906,4.56,1024
device5,device5_1025_LeafPhotoA_2025-09-08 10_00_36.145-05_00_leaf.png,5569136,0.12,1025
device5,device5_1025_LeafPhotoA_2025-09-08 10_00_48.160-05_00_leaf.png,4919544,1.21,1025
device5,device5_1025_LeafPhotoA_2025-09-08 10_01_00.108-05_00_leaf.png,5277688,0.95,1025
device5,device5_1026_LeafPhotoA_2025-09-08 10_01_28.900-05_00_leaf.png,3301347,0.24,1026
device5,device5_1026_LeafPhotoA_2025-09-08 10_01_43.312-05_00_leaf.png,5719892,0.49,1026
device5,device5_1026_LeafPhotoA_2025-09-08 10_01_59.080-05_00_leaf.png,3415063,0.09,1026
device5,device5_1027_LeafPhotoA_2025-09-08 10_02_31.981-05_00_leaf.png,5662251,0.92,1027
device5,device5_1027_LeafPhotoA_2025-09-08 10_02_50.654-05_00_leaf.png,5321924,0.82,1027
device5,device5_1027_LeafPhotoA_2025-09-08 10_03_06.832-05_00_leaf.png,4008074,0.28,1027
device5,device5_1028_LeafPhotoA_2025-09-08 10_03_31.588-05_00_leaf.png,2287581,0.37,1028
device5,device5_1028_LeafPhotoA_2025-09-08 10_03_47.511-05_00_leaf.png,4153793,2.1,1028
device5,device5_1028_LeafPhotoA_2025-09-08 10_03_59.770-05_00_leaf.png,3104516,2.54,1028
device5,device5_1029_LeafPhotoA_2025-09-08 10_04_31.255-05_00_leaf.png,2605618,0.11,1029
device5,device5_1029_LeafPhotoA_2025-09-08 10_04_42.098-05_00_leaf.png,3907832,0.02,1029
device5,device5_1029_LeafPhotoA_2025-09-08 10_04_56.323-05_00_leaf.png,3465689,0.05,1029
device5,device5_1030_LeafPhotoA_2025-09-08 10_05_12.593-05_00_leaf.png,3343675,0.85,1030
device5,device5_1030_LeafPhotoA_2025-09-08 10_05_24.735-05_00_leaf.png,4207184,0.54,1030
device5,device5_1030_LeafPhotoA_2025-09-08 10_05_38.200-05_00_leaf.png,3831716,0.26,1030
device5,device5_1031_LeafPhotoA_2025-09-08 10_05_56.491-05_00_leaf.png,5238499,1.38,1031
device5,device5_1031_LeafPhotoA_2025-09-08 10_06_14.545-05_00_leaf.png,4537951,2.15,1031
device5,device5_1031_LeafPhotoA_2025-09-08 10_06_33.217-05_00_leaf.png,4733887,0.01,1031
device5,device5_1032_LeafPhotoA_2025-09-08 10_07_00.646-05_00_leaf.png,2997545,0.69,1032
device5,device5_1032_LeafPhotoA_2025-09-08 10_07_16.135-05_00_leaf.png,3289699,0.11,1032
device5,device5_1032_LeafPhotoA_2025-09-08 10_07_30.322-05_00_leaf.png,3462102,0.23,1032
device5,device5_1033_LeafPhotoA_2025-09-08 10_08_09.974-05_00_leaf.png,5898225,0.35,1033
device5,device5_1033_LeafPhotoA_2025-09-08 10_08_28.524-05_00_leaf.png,5559836,0.1,1033
device5,device5_1033_LeafPhotoA_2025-09-08 10_08_54.253-05_00_leaf.png,4535378,0.03,1033
device5,device5_1034_LeafPhotoA_2025-09-08 10_09_26.073-05_00_leaf.png,3804135,0.46,1034
device5,device5_1034_LeafPhotoA_2025-09-08 10_10_03.182-05_00_leaf.png,4893634,0.71,1034
device5,device5_1034_LeafPhotoA_2025-09-08 10_10_16.663-05_00_leaf.png,5418525,0.15,1034
device5,device5_1035_LeafPhotoA_2025-09-08 10_12_45.309-05_00_leaf.png,3835309,0.21,1035
device5,device5_1035_LeafPhotoA_2025-09-08 10_12_59.269-05_00_leaf.png,5304944,0.18,1035
device5,device5_1035_LeafPhotoA_2025-09-08 10_13_13.017-05_00_leaf.png,3909678,0.15,1035
device5,device5_1036_LeafPhotoA_2025-09-08 10_13_37.325-05_00_leaf.png,3444003,0.08,1036
device5,device5_1036_LeafPhotoA_2025-09-08 10_13_48.863-05_00_leaf.png,4139186,0.34,1036
device5,device5_1036_LeafPhotoA_2025-09-08 10_14_00.627-05_00_leaf.png,3670409,0.71,1036
device5,device5_1037_LeafPhotoA_2025-09-08 10_14_34.857-05_00_leaf.png,5145823,1.12,1037
device5,device5_1037_LeafPhotoA_2025-09-08 10_14_49.421-05_00_leaf.png,4346262,1.2,1037
device5,device5_1037_LeafPhotoA_2025-09-08 10_15_09.536-05_00_leaf.png,4796497,3.21,1037
device5,device5_1038_LeafPhotoA_2025-09-08 10_15_32.315-05_00_leaf.png,4571225,0.48,1038
device5,device5_1038_LeafPhotoA_2025-09-08 10_15_50.926-05_00_leaf.png,3258027,0.46,1038
device5,device5_1038_LeafPhotoA_2025-09-08 10_16_04.977-05_00_leaf.png,2973458,0.17,1038
device5,device5_1039_LeafPhotoA_2025-09-08 10_16_33.293-05_00_leaf.png,4672432,1.87,1039
device5,device5_1039_LeafPhotoA_2025-09-08 10_17_00.651-05_00_leaf.png,4338965,0.15,1039
device5,device5_1039_LeafPhotoA_2025-09-08 10_17_11.743-05_00_leaf.png,4710293,0.02,1039
device5,device5_1040_LeafPhotoA_2025-09-08 10_17_57.190-05_00_leaf.png,3701640,0.01,1040
device5,device5_1040_LeafPhotoA_2025-09-08 10_18_12.445-05_00_leaf.png,4489276,0.04,1040
device5,device5_1040_LeafPhotoA_2025-09-08 10_18_43.741-05_00_leaf.png,3125726,0.04,1040
device5,device5_1041_LeafPhotoA_2025-09-08 10_19_07.539-05_00_leaf.png,4646776,0.63,1041
device5,device5_1041_LeafPhotoA_2025-09-08 10_19_21.222-05_00_leaf.png,3247482,0.17,1041
device5,device5_1041_LeafPhotoA_2025-09-08 10_19_35.997-05_00_leaf.png,4793104,0.15,1041
device5,device5_1042_LeafPhotoA_2025-09-08 10_20_35.599-05_00_leaf.png,3041658,0.01,1042
device5,device5_1042_LeafPhotoA_2025-09-08 10_20_51.175-05_00_leaf.png,1832858,0,1042
device5,device5_1042_LeafPhotoA_2025-09-08 10_21_06.936-05_00_leaf.png,2534301,0,1042
device5,device5_1043_LeafPhotoA_2025-09-08 10_21_32.723-05_00_leaf.png,3884748,0.49,1043
device5,device5_1043_LeafPhotoA_2025-09-08 10_21_46.526-05_00_leaf.png,3628565,0.58,1043
device5,device5_1043_LeafPhotoA_2025-09-08 10_21_59.227-05_00_leaf.png,4250443,10.91,1043
device5,device5_1044_LeafPhotoA_2025-09-08 10_22_48.871-05_00_leaf.png,4038083,3.78,1044
device5,device5_1044_LeafPhotoA_2025-09-08 10_23_04.014-05_00_leaf.png,3310712,3.48,1044
device5,device5_1044_LeafPhotoA_2025-09-08 10_23_47.531-05_00_leaf.png,4034164,1.53,1044
device5,device5_1045_LeafPhotoA_2025-09-08 10_24_13.087-05_00_leaf.png,3369715,0.04,1045
device5,device5_1045_LeafPhotoA_2025-09-08 10_24_25.395-05_00_leaf.png,3716643,0,1045
device5,device5_1045_LeafPhotoA_2025-09-08 10_24_39.722-05_00_leaf.png,2740901,0,1045
device5,device5_1047_LeafPhotoA_2025-09-08 10_26_20.486-05_00_leaf.png,4893579,0.24,1047
device5,device5_1047_LeafPhotoA_2025-09-08 10_26_48.305-05_00_leaf.png,4241596,0.27,1047
device5,device5_1047_LeafPhotoA_2025-09-08 10_27_02.535-05_00_leaf.png,3268036,0.06,1047
device5,device5_1048_LeafPhotoA_2025-09-08 10_27_26.311-05_00_leaf.png,3126734,0.1,1048
device5,device5_1048_LeafPhotoA_2025-09-08 10_27_42.531-05_00_leaf.png,2845144,0.02,1048
device5,device5_1048_LeafPhotoA_2025-09-08 10_27_55.320-05_00_leaf.png,3137043,0.03,1048
device5,device5_1049_LeafPhotoA_2025-09-08 10_28_20.044-05_00_leaf.png,5614584,0.01,1049
device5,device5_1049_LeafPhotoA_2025-09-08 10_28_40.680-05_00_leaf.png,5779572,0.01,1049
device5,device5_1049_LeafPhotoA_2025-09-08 10_28_53.505-05_00_leaf.png,5453608,0,1049
device5,device5_1050_LeafPhotoA_2025-09-08 10_29_26.585-05_00_leaf.png,3357380,0.13,1050
device5,device5_1050_LeafPhotoA_2025-09-08 10_29_43.243-05_00_leaf.png,3565204,0.07,1050
device5,device5_1050_LeafPhotoA_2025-09-08 10_29_56.473-05_00_leaf.png,4404924,0.53,1050
device5,device5_1051_LeafPhotoA_2025-09-08 12_41_41.689-05_00_leaf.png,4575123,4.96,1051
device5,device5_1051_LeafPhotoA_2025-09-08 12_41_54.794-05_00_leaf.png,4694892,1.72,1051
device5,device5_1051_LeafPhotoA_2025-09-08 12_42_13.116-05_00_leaf.png,4544033,1,1051
device5,device5_1052_LeafPhotoA_2025-09-08 12_42_45.391-05_00_leaf.png,4484290,1.12,1052
device5,device5_1052_LeafPhotoA_2025-09-08 12_42_57.295-05_00_leaf.png,5165320,2.48,1052
device5,device5_1052_LeafPhotoA_2025-09-08 12_43_10.542-05_00_leaf.png,4543186,0.28,1052
device5,device5_1053_LeafPhotoA_2025-09-08 12_43_28.443-05_00_leaf.png,3944484,2.45,1053
device5,device5_1053_LeafPhotoA_2025-09-08 12_43_49.634-05_00_leaf.png,3509537,3.25,1053
device5,device5_1053_LeafPhotoA_2025-09-08 12_44_09.725-05_00_leaf.png,3565306,4.49,1053
device5,device5_1054_LeafPhotoA_2025-09-08 12_44_38.059-05_00_leaf.png,1898336,0.62,1054
device5,device5_1054_LeafPhotoA_2025-09-08 12_44_49.928-05_00_leaf.png,1753591,0.07,1054
device5,device5_1054_LeafPhotoA_2025-09-08 12_45_31.324-05_00_leaf.png,2009987,0.45,1054
device5,device5_1055_LeafPhotoA_2025-09-08 12_45_58.943-05_00_leaf.png,2982887,2.88,1055
device5,device5_1055_LeafPhotoA_2025-09-08 12_46_11.865-05_00_leaf.png,4371331,0.7,1055
device5,device5_1055_LeafPhotoA_2025-09-08 12_46_26.025-05_00_leaf.png,3880012,0.5,1055
device5,device5_1056_LeafPhotoA_2025-09-08 12_46_55.383-05_00_leaf.png,3259992,3.07,1056
device5,device5_1056_LeafPhotoA_2025-09-08 12_47_08.950-05_00_leaf.png,2615787,0.76,1056
device5,device5_1056_LeafPhotoA_2025-09-08 12_47_21.347-05_00_leaf.png,3850037,0.63,1056
device5,device5_1056_LeafPhotoA_2025-09-08 12_47_34.787-05_00_leaf.png,3791076,0.44,1056
device5,device5_1057_LeafPhotoA_2025-09-08 12_48_09.886-05_00_leaf.png,4657681,22.38,1057
device5,device5_1057_LeafPhotoA_2025-09-08 12_48_37.892-05_00_leaf.png,3802909,29.15,1057
device5,device5_1057_LeafPhotoA_2025-09-08 12_49_00.094-05_00_leaf.png,3317363,8.52,1057
device5,device5_1058_LeafPhotoA_2025-09-08 12_49_24.947-05_00_leaf.png,2800626,0.02,1058
device5,device5_1058_LeafPhotoA_2025-09-08 12_50_17.103-05_00_leaf.png,3361659,0.77,1058
device5,device5_1058_LeafPhotoA_2025-09-08 12_50_31.062-05_00_leaf.png,4135037,0.19,1058
device5,device5_1059_LeafPhotoA_2025-09-08 12_51_02.759-05_00_leaf.png,5175801,1.6,1059
device5,device5_1059_LeafPhotoA_2025-09-08 12_51_04.089-05_00_leaf.png,5176517,1.63,1059
device5,device5_1059_LeafPhotoA_2025-09-08 12_51_19.205-05_00_leaf.png,6533271,0,1059
device5,device5_1060_LeafPhotoA_2025-09-08 12_51_59.737-05_00_leaf.png,4832948,0,1060
device5,device5_1060_LeafPhotoA_2025-09-08 12_52_11.188-05_00_leaf.png,4262033,0.01,1060
device5,device5_1060_LeafPhotoA_2025-09-08 12_52_23.607-05_00_leaf.png,3294076,0.49,1060
device5,device5_1061_LeafPhotoA_2025-09-08 12_52_48.432-05_00_leaf.png,4170461,0,1061
device5,device5_1061_LeafPhotoA_2025-09-08 12_53_03.341-05_00_leaf.png,5023802,0.07,1061
device5,device5_1061_LeafPhotoA_2025-09-08 12_53_18.379-05_00_leaf.png,4646109,0.04,1061
device5,device5_1062_LeafPhotoA_2025-09-08 12_53_58.949-05_00_leaf.png,2249181,0.71,1062
device5,device5_1062_LeafPhotoA_2025-09-08 12_54_11.961-05_00_leaf.png,3188689,4.01,1062
device5,device5_1062_LeafPhotoA_2025-09-08 12_54_24.608-05_00_leaf.png,2851340,1.29,1062
device5,device5_1063_LeafPhotoA_2025-09-08 12_54_42.315-05_00_leaf.png,3295578,0.35,1063
device5,device5_1063_LeafPhotoA_2025-09-08 12_54_53.990-05_00_leaf.png,3181586,0,1063
device5,device5_1063_LeafPhotoA_2025-09-08 12_55_04.884-05_00_leaf.png,3310249,0.59,1063
device5,device5_1064_LeafPhotoA_2025-09-08 12_55_47.422-05_00_leaf.png,3340020,3.47,1064
device5,device5_1064_LeafPhotoA_2025-09-08 12_55_59.210-05_00_leaf.png,3533566,2.4,1064
device5,device5_1064_LeafPhotoA_2025-09-08 12_56_11.568-05_00_leaf.png,3842229,26.74,1064
device5,device5_1065_LeafPhotoA_2025-09-08 12_56_29.728-05_00_leaf.png,3590889,1.46,1065
device5,device5_1065_LeafPhotoA_2025-09-08 12_56_50.799-05_00_leaf.png,4837211,0.63,1065
device5,device5_1065_LeafPhotoA_2025-09-08 12_57_07.532-05_00_leaf.png,4209500,0.01,1065
device5,device5_1066_LeafPhotoA_2025-09-08 12_57_46.555-05_00_leaf.png,2981214,15.44,1066
device5,device5_1066_LeafPhotoA_2025-09-08 12_58_11.508-05_00_leaf.png,2660241,0.95,1066
device5,device5_1066_LeafPhotoA_2025-09-08 12_58_34.508-05_00_leaf.png,6676367,4.64,1066
device5,device5_1067_LeafPhotoA_2025-09-08 12_59_01.810-05_00_leaf.png,3263333,1.67,1067
device5,device5_1067_LeafPhotoA_2025-09-08 12_59_13.071-05_00_leaf.png,2646583,0.06,1067
device5,device5_1067_LeafPhotoA_2025-09-08 12_59_24.163-05_00_leaf.png,3303716,4.56,1067
device5,device5_1069_LeafPhotoA_2025-09-08 13_00_37.435-05_00_leaf.png,3906848,0.04,1069
device5,device5_1069_LeafPhotoA_2025-09-08 13_00_55.842-05_00_leaf.png,3946533,0.05,1069
device5,device5_1069_LeafPhotoA_2025-09-08 13_01_10.484-05_00_leaf.png,4344994,3.28,1069
device5,device5_1070_LeafPhotoA_2025-09-08 13_01_31.955-05_00_leaf.png,3225062,0.6,1070
device5,device5_1070_LeafPhotoA_2025-09-08 13_01_46.896-05_00_leaf.png,4123522,0.16,1070
device5,device5_1070_LeafPhotoA_2025-09-08 13_01_59.089-05_00_leaf.png,4968778,1.13,1070
device5,device5_1071_LeafPhotoA_2025-09-08 13_02_15.956-05_00_leaf.png,3792998,0.46,1071
device5,device5_1071_LeafPhotoA_2025-09-08 13_02_28.154-05_00_leaf.png,3046471,2.49,1071
device5,device5_1071_LeafPhotoA_2025-09-08 13_02_40.681-05_00_leaf.png,3745558,1.18,1071
device5,device5_1072_LeafPhotoA_2025-09-08 13_03_12.392-05_00_leaf.png,4995911,7.32,1072
device5,device5_1072_LeafPhotoA_2025-09-08 13_03_29.236-05_00_leaf.png,3336814,6.91,1072
device5,device5_1073_LeafPhotoA_2025-09-08 13_06_10.190-05_00_leaf.png,3339110,0.39,1073
device5,device5_1073_LeafPhotoA_2025-09-08 13_06_22.249-05_00_leaf.png,4895855,1.08,1073
device5,device5_1073_LeafPhotoA_2025-09-08 13_06_37.638-05_00_leaf.png,3460162,0.67,1073
device5,device5_1074_LeafPhotoA_2025-09-08 13_07_04.797-05_00_leaf.png,5542059,1.87,1074
device5,device5_1074_LeafPhotoA_2025-09-08 13_07_19.185-05_00_leaf.png,5169879,0.2,1074
device5,device5_1074_LeafPhotoA_2025-09-08 13_07_20.236-05_00_leaf.png,5166080,0.2,1074
device5,device5_1074_LeafPhotoA_2025-09-08 13_07_35.831-05_00_leaf.png,3831062,0.03,1074
device5,device5_1075_LeafPhotoA_2025-09-08 13_08_10.230-05_00_leaf.png,3232829,0.92,1075
device5,device5_1075_LeafPhotoA_2025-09-08 13_08_28.899-05_00_leaf.png,3546098,0.51,1075
device5,device5_1075_LeafPhotoA_2025-09-08 13_08_46.218-05_00_leaf.png,3378598,0.24,1075
device5,device5_1076_LeafPhotoA_2025-09-08 13_09_02.306-05_00_leaf.png,4220515,0.15,1076
device5,device5_1076_LeafPhotoA_2025-09-08 13_09_04.809-05_00_leaf.png,4181592,0.16,1076
device5,device5_1076_LeafPhotoA_2025-09-08 13_09_14.610-05_00_leaf.png,5149404,0.32,1076
device5,device5_1076_LeafPhotoA_2025-09-08 13_09_39.276-05_00_leaf.png,3525246,0.01,1076
device5,device5_1077_LeafPhotoA_2025-09-08 13_10_03.609-05_00_leaf.png,3130308,0.01,1077
device5,device5_1077_LeafPhotoA_2025-09-08 13_10_16.495-05_00_leaf.png,2703350,0.4,1077
device5,device5_1077_LeafPhotoA_2025-09-08 13_10_27.977-05_00_leaf.png,3220881,1.12,1077
device5,device5_1078_LeafPhotoA_2025-09-08 13_10_47.187-05_00_leaf.png,4564647,5.11,1078
device5,device5_1078_LeafPhotoA_2025-09-08 13_10_59.348-05_00_leaf.png,5094638,1.46,1078
device5,device5_1079_LeafPhotoA_2025-09-08 13_11_39.389-05_00_leaf.png,2605807,0.05,1079
device5,device5_1079_LeafPhotoA_2025-09-08 13_12_23.319-05_00_leaf.png,2018560,0.14,1079
device5,device5_1079_LeafPhotoA_2025-09-08 13_12_46.443-05_00_leaf.png,2388125,0.24,1079
device5,device5_1080_LeafPhotoA_2025-09-08 13_13_10.878-05_00_leaf.png,3233000,8.61,1080
device5,device5_1080_LeafPhotoA_2025-09-08 13_13_28.658-05_00_leaf.png,2239317,0.09,1080
device5,device5_1080_LeafPhotoA_2025-09-08 13_13_48.454-05_00_leaf.png,2526173,1.81,1080
device5,device5_1081_LeafPhotoA_2025-09-08 13_14_07.416-05_00_leaf.png,3218748,1.63,1081
device5,device5_1081_LeafPhotoA_2025-09-08 13_14_19.465-05_00_leaf.png,2637501,0.83,1081
device5,device5_1081_LeafPhotoA_2025-09-08 13_14_31.503-05_00_leaf.png,2991806,0.22,1081
device5,device5_1082_LeafPhotoA_2025-09-08 13_15_14.529-05_00_leaf.png,3588876,1.83,1082
device5,device5_1082_LeafPhotoA_2025-09-08 13_15_41.911-05_00_leaf.png,2540707,0.09,1082
device5,device5_1082_LeafPhotoA_2025-09-08 13_16_01.725-05_00_leaf.png,2863708,0.19,1082
device5,device5_1083_LeafPhotoA_2025-09-08 13_16_43.264-05_00_leaf.png,3354096,0,1083
device5,device5_1083_LeafPhotoA_2025-09-08 13_16_45.891-05_00_leaf.png,3376976,0,1083
device5,device5_1083_LeafPhotoA_2025-09-08 13_16_58.615-05_00_leaf.png,3848061,0,1083
device5,device5_1083_LeafPhotoA_2025-09-08 13_17_11.784-05_00_leaf.png,4776675,0.01,1083
device5,device5_1084_LeafPhotoA_2025-09-08 13_17_37.134-05_00_leaf.png,5197835,0.01,1084
device5,device5_1084_LeafPhotoA_2025-09-08 13_17_51.731-05_00_leaf.png,5266240,0.11,1084
device5,device5_1099_LeafPhotoA_2025-09-08 12_37_28.231-05_00_leaf.png,5226796,0.02,1099
device5,device5_1099_LeafPhotoA_2025-09-08 12_38_16.189-05_00_leaf.png,5744446,0.1,1099
device5,device5_1099_LeafPhotoA_2025-09-08 12_38_29.235-05_00_leaf.png,5062971,0.12,1099
device5,device5_1100_LeafPhotoA_2025-09-08 12_40_34.567-05_00_leaf.png,3966615,9.41,1100
device5,device5_1100_LeafPhotoA_2025-09-08 12_40_55.551-05_00_leaf.png,4400605,1.45,1100
device5,device5_1100_LeafPhotoA_2025-09-08 12_41_10.019-05_00_leaf.png,3200114,2.21,1100
device5,device5_1752_LeafPhotoA_2025-09-09 10_44_38.144-05_00_leaf.png,3944135,0.1,1752
device5,device5_1752_LeafPhotoA_2025-09-09 10_45_23.344-05_00_leaf.png,4557612,0.44,1752
device5,device5_1752_LeafPhotoA_2025-09-09 10_46_22.850-05_00_leaf.png,4682952,0,1752
device5,device5_1753_LeafPhotoA_2025-09-09 10_42_13.331-05_00_leaf.png,2888289,0.2,1753
device5,device5_1753_LeafPhotoA_2025-09-09 10_42_49.649-05_00_leaf.png,3088314,0.2,1753
device5,device5_1753_LeafPhotoA_2025-09-09 10_43_44.994-05_00_leaf.png,3210772,2.28,1753
device5,device5_1754_LeafPhotoA_2025-09-09 10_40_15.655-05_00_leaf.png,1721460,0.01,1754
device5,device5_1754_LeafPhotoA_2025-09-09 10_40_56.346-05_00_leaf.png,1524354,0.08,1754
device5,device5_1754_LeafPhotoA_2025-09-09 10_41_21.345-05_00_leaf.png,1623219,0.12,1754
device5,device5_1755_LeafPhotoA_2025-09-09 10_36_38.241-05_00_leaf.png,2894592,0.05,1755
device5,device5_1755_LeafPhotoA_2025-09-09 10_37_23.912-05_00_leaf.png,2860213,0.31,1755
device5,device5_1755_LeafPhotoA_2025-09-09 10_37_59.166-05_00_leaf.png,3696266,0.16,1755
device5,device5_1756_LeafPhotoA_2025-09-09 10_35_17.499-05_00_leaf.png,2913244,0,1756
device5,device5_1756_LeafPhotoA_2025-09-09 10_35_51.473-05_00_leaf.png,3310037,0.9,1756
device5,device5_1757_LeafPhotoA_2025-09-09 10_32_45.935-05_00_leaf.png,3327132,0.83,1757
device5,device5_1757_LeafPhotoA_2025-09-09 10_33_53.494-05_00_leaf.png,3295704,0.63,1757
device5,device5_1757_LeafPhotoA_2025-09-09 10_34_52.788-05_00_leaf.png,3489746,1.06,1757
device5,device5_1758_LeafPhotoA_2025-09-09 10_31_19.555-05_00_leaf.png,3338309,0.39,1758
device5,device5_1759_LeafPhotoA_2025-09-09 10_29_45.151-05_00_leaf.png,4181265,0.01,1759
device5,device5_1760_LeafPhotoA_2025-09-09 10_26_32.033-05_00_leaf.png,2100709,0.01,1760
device5,device5_1760_LeafPhotoA_2025-09-09 10_27_45.490-05_00_leaf.png,2805467,0.9,1760
device5,device5_1761_LeafPhotoA_2025-09-09 10_24_16.104-05_00_leaf.png,2739394,0.01,1761
device5,device5_1761_LeafPhotoA_2025-09-09 10_25_02.889-05_00_leaf.png,3903126,0.15,1761
device5,device5_1761_LeafPhotoA_2025-09-09 10_25_38.313-05_00_leaf.png,2498637,0.08,1761
device5,device5_1762_LeafPhotoA_2025-09-09 10_16_53.342-05_00_leaf.png,4194049,0.01,1762
device5,device5_1762_LeafPhotoA_2025-09-09 10_17_32.741-05_00_leaf.png,4605862,0.15,1762
device5,device5_1762_LeafPhotoA_2025-09-09 10_18_19.216-05_00_leaf.png,3666194,0.21,1762
device5,device5_1764_LeafPhotoA_2025-09-09 10_13_04.700-05_00_leaf.png,3699390,0.22,1764
device5,device5_1764_LeafPhotoA_2025-09-09 10_14_17.460-05_00_leaf.png,4438081,1.19,1764
device5,device5_1764_LeafPhotoA_2025-09-09 10_14_51.736-05_00_leaf.png,3236438,1.11,1764
device5,device5_1765_LeafPhotoA_2025-09-09 10_09_28.465-05_00_leaf.png,2248052,0.77,1765
device5,device5_1769_LeafPhotoA_2025-09-09 10_04_20.425-05_00_leaf.png,3936532,0.13,1769
device5,device5_1769_LeafPhotoA_2025-09-09 10_05_11.145-05_00_leaf.png,4084055,0.06,1769
device5,device5_1769_LeafPhotoA_2025-09-09 10_05_53.456-05_00_leaf.png,4913596,0.03,1769
device5,device5_1770_LeafPhotoA_2025-09-09 10_02_23.992-05_00_leaf.png,3771017,0.02,1770
device5,device5_1770_LeafPhotoA_2025-09-09 10_02_55.627-05_00_leaf.png,2731885,0.02,1770
device5,device5_1770_LeafPhotoA_2025-09-09 10_03_34.347-05_00_leaf.png,3318193,10.33,1770
device5,device5_1771_LeafPhotoA_2025-09-09 09_59_39.083-05_00_leaf.png,4173560,0.18,1771
device5,device5_1771_LeafPhotoA_2025-09-09 10_00_12.248-05_00_leaf.png,1880886,0.05,1771
device5,device5_1771_LeafPhotoA_2025-09-09 10_01_15.348-05_00_leaf.png,4671781,0.01,1771
device5,device5_1772_LeafPhotoA_2025-09-09 09_57_17.313-05_00_leaf.png,4121460,0.01,1772
device5,device5_1772_LeafPhotoA_2025-09-09 09_57_59.162-05_00_leaf.png,3479171,0.42,1772
device5,device5_1772_LeafPhotoA_2025-09-09 09_58_55.525-05_00_leaf.png,3682773,13.14,1772
device5,device5_1773_LeafPhotoA_2025-09-09 09_54_55.821-05_00_leaf.png,5311877,0.01,1773
device5,device5_1773_LeafPhotoA_2025-09-09 09_55_43.906-05_00_leaf.png,4087963,0.55,1773
device5,device5_1773_LeafPhotoA_2025-09-09 09_56_25.622-05_00_leaf.png,4291150,0.01,1773
device5,device5_1774_LeafPhotoA_2025-09-09 09_52_28.091-05_00_leaf.png,3554252,0,1774
device5,device5_1774_LeafPhotoA_2025-09-09 09_53_13.789-05_00_leaf.png,4610536,0.08,1774
device5,device5_1774_LeafPhotoA_2025-09-09 09_54_11.896-05_00_leaf.png,4196845,0.09,1774
device5,device5_1776_LeafPhotoA_2025-09-09 09_48_11.724-05_00_leaf.png,4122886,1.14,1776
device5,device5_1776_LeafPhotoA_2025-09-09 09_49_10.916-05_00_leaf.png,4357006,0.69,1776
device5,device5_1776_LeafPhotoA_2025-09-09 09_50_01.565-05_00_leaf.png,4906422,0.02,1776
device5,device5_1777_LeafPhotoA_2025-09-09 09_45_44.096-05_00_leaf.png,2562766,0.23,1777
device5,device5_1777_LeafPhotoA_2025-09-09 09_46_18.165-05_00_leaf.png,2423881,0.22,1777
device5,device5_1777_LeafPhotoA_2025-09-09 09_47_11.350-05_00_leaf.png,2252503,0.1,1777
device5,device5_1778_LeafPhotoA_2025-09-09 09_42_58.720-05_00_leaf.png,3009638,0,1778
device5,device5_1778_LeafPhotoA_2025-09-09 09_43_24.277-05_00_leaf.png,2991658,0,1778
device5,device5_1778_LeafPhotoA_2025-09-09 09_44_21.005-05_00_leaf.png,3901808,0.01,1778
device5,device5_1779_LeafPhotoA_2025-09-09 09_40_21.975-05_00_leaf.png,3974092,0.01,1779
device5,device5_1779_LeafPhotoA_2025-09-09 09_41_03.611-05_00_leaf.png,3577359,0.03,1779
device5,device5_1779_LeafPhotoA_2025-09-09 09_42_00.197-05_00_leaf.png,4257246,0.01,1779
device5,device5_1780_LeafPhotoA_2025-09-09 09_38_23.059-05_00_leaf.png,4377254,0.25,1780
device5,device5_1780_LeafPhotoA_2025-09-09 09_38_45.607-05_00_leaf.png,2871150,3.84,1780
device5,device5_1780_LeafPhotoA_2025-09-09 09_39_37.221-05_00_leaf.png,2913423,4.18,1780
device5,device5_1781_LeafPhotoA_2025-09-09 09_35_35.490-05_00_leaf.png,2628585,0.14,1781
device5,device5_1781_LeafPhotoA_2025-09-09 09_36_38.482-05_00_leaf.png,3186519,0.03,1781
device5,device5_1781_LeafPhotoA_2025-09-09 09_37_23.734-05_00_leaf.png,3932692,0.1,1781
device5,device5_1783_LeafPhotoA_2025-09-09 09_31_42.902-05_00_leaf.png,1338516,0.04,1783
device5,device5_1783_LeafPhotoA_2025-09-09 09_32_23.737-05_00_leaf.png,1217486,0.04,1783
device5,device5_1783_LeafPhotoA_2025-09-09 09_32_42.480-05_00_leaf.png,1396935,0.29,1783
device5,device5_1784_LeafPhotoA_2025-09-09 09_28_34.876-05_00_leaf.png,3027995,0.06,1784
device5,device5_1784_LeafPhotoA_2025-09-09 09_29_14.968-05_00_leaf.png,3714486,2.53,1784
device5,device5_1784_LeafPhotoA_2025-09-09 09_29_57.480-05_00_leaf.png,4431191,0.02,1784
device5,device5_1785_LeafPhotoA_2025-09-09 09_25_46.446-05_00_leaf.png,2406131,0.43,1785
device5,device5_1785_LeafPhotoA_2025-09-09 09_26_37.713-05_00_leaf.png,2367786,0.33,1785
device5,device5_1785_LeafPhotoA_2025-09-09 09_27_17.457-05_00_leaf.png,3335252,0.35,1785
device5,device5_1786_LeafPhotoA_2025-09-09 09_23_28.313-05_00_leaf.png,4145623,0.05,1786
device5,device5_1786_LeafPhotoA_2025-09-09 09_23_54.596-05_00_leaf.png,3083059,0,1786
device5,device5_1786_LeafPhotoA_2025-09-09 09_24_52.454-05_00_leaf.png,4451734,0.02,1786
device5,device5_1787_LeafPhotoA_2025-09-09 09_21_24.292-05_00_leaf.png,4053956,0,1787
device5,device5_1787_LeafPhotoA_2025-09-09 09_22_02.350-05_00_leaf.png,4092088,0.01,1787
device5,device5_1787_LeafPhotoA_2025-09-09 09_22_29.658-05_00_leaf.png,2918306,0,1787
device5,device5_1788_LeafPhotoA_2025-09-09 09_18_43.980-05_00_leaf.png,3326219,0.11,1788
device5,device5_1788_LeafPhotoA_2025-09-09 09_19_27.881-05_00_leaf.png,5261898,0.01,1788
device5,device5_1788_LeafPhotoA_2025-09-09 09_19_58.828-05_00_leaf.png,4056635,0.06,1788
device5,device5_1789_LeafPhotoA_2025-09-09 09_15_57.914-05_00_leaf.png,3352794,0,1789
device5,device5_1789_LeafPhotoA_2025-09-09 09_16_33.878-05_00_leaf.png,3560104,0.03,1789
device5,device5_1789_LeafPhotoA_2025-09-09 09_17_24.094-05_00_leaf.png,3490754,0.01,1789
device5,device5_1790_LeafPhotoA_2025-09-09 09_13_05.798-05_00_leaf.png,2534283,1,1790
device5,device5_1791_LeafPhotoA_2025-09-09 09_10_53.533-05_00_leaf.png,2202244,0.12,1791
device5,device5_1791_LeafPhotoA_2025-09-09 09_11_25.476-05_00_leaf.png,2038303,0.05,1791
device5,device5_1791_LeafPhotoA_2025-09-09 09_12_06.315-05_00_leaf.png,2761773,0.09,1791
device5,device5_1792_LeafPhotoA_2025-09-09 09_08_36.909-05_00_leaf.png,2092273,0.68,1792
device5,device5_1792_LeafPhotoA_2025-09-09 09_09_06.607-05_00_leaf.png,2751449,0.11,1792
device5,device5_1792_LeafPhotoA_2025-09-09 09_09_32.758-05_00_leaf.png,2838220,0.05,1792
device5,device5_1793_LeafPhotoA_2025-09-09 09_06_27.392-05_00_leaf.png,3774698,0,1793
device5,device5_1793_LeafPhotoA_2025-09-09 09_07_14.912-05_00_leaf.png,3653262,0.25,1793
device5,device5_1793_LeafPhotoA_2025-09-09 09_08_05.381-05_00_leaf.png,3330599,0.04,1793
device5,device5_1794_LeafPhotoA_2025-09-09 09_03_39.792-05_00_leaf.png,3271471,0.06,1794
device5,device5_1794_LeafPhotoA_2025-09-09 09_04_33.415-05_00_leaf.png,3999697,0.01,1794
device5,device5_1794_LeafPhotoA_2025-09-09 09_05_29.819-05_00_leaf.png,3838335,0.03,1794
device5,device5_1795_LeafPhotoA_2025-09-09 09_01_35.038-05_00_leaf.png,3325499,0.03,1795
device5,device5_1795_LeafPhotoA_2025-09-09 09_02_23.607-05_00_leaf.png,4156199,0.15,1795
device5,device5_1795_LeafPhotoA_2025-09-09 09_03_05.375-05_00_leaf.png,4167440,0.08,1795
device5,device5_1796_LeafPhotoA_2025-09-09 08_59_14.635-05_00_leaf.png,2163667,5.17,1796
device5,device5_1796_LeafPhotoA_2025-09-09 09_00_05.778-05_00_leaf.png,2220528,0.59,1796
device5,device5_1796_LeafPhotoA_2025-09-09 09_00_31.771-05_00_leaf.png,1553790,1.94,1796
device5,device5_1797_LeafPhotoA_2025-09-09 08_57_28.901-05_00_leaf.png,2743181,0.21,1797
device5,device5_1797_LeafPhotoA_2025-09-09 08_57_54.375-05_00_leaf.png,4669586,0.44,1797
device5,device5_1797_LeafPhotoA_2025-09-09 08_58_28.460-05_00_leaf.png,3871772,0.49,1797
device5,device5_1798_LeafPhotoA_2025-09-09 08_54_11.996-05_00_leaf.png,3371614,1.51,1798
device5,device5_1798_LeafPhotoA_2025-09-09 08_54_43.161-05_00_leaf.png,3558079,0.47,1798
device5,device5_1798_LeafPhotoA_2025-09-09 08_56_01.715-05_00_leaf.png,2580397,0.78,1798
device5,device5_1799_LeafPhotoA_2025-09-09 10_54_39.834-05_00_leaf.png,2356683,0.01,1799
device5,device5_1799_LeafPhotoA_2025-09-09 10_55_19.600-05_00_leaf.png,2364015,0.51,1799
device5,device5_1799_LeafPhotoA_2025-09-09 10_55_52.861-05_00_leaf.png,3807638,0.01,1799
device5,device5_1800_LeafPhotoA_2025-09-09 10_51_00.873-05_00_leaf.png,3604538,0.27,1800
device5,device5_1800_LeafPhotoA_2025-09-09 10_52_27.692-05_00_leaf.png,4338004,0.04,1800
device5,device5_1800_LeafPhotoA_2025-09-09 10_53_17.816-05_00_leaf.png,2533609,0.05,1800
device5,device5_1862_LeafPhotoA_2025-09-09 16_52_15.108-05_00_leaf.png,4986108,4.14,1862
device5,device5_1862_LeafPhotoA_2025-09-09 16_52_33.745-05_00_leaf.png,3771752,0.07,1862
device5,device5_1862_LeafPhotoA_2025-09-09 16_53_12.465-05_00_leaf.png,4608905,0.09,1862
device5,device5_1864_LeafPhotoA_2025-09-09 16_53_55.357-05_00_leaf.png,2360481,0.35,1864
device5,device5_1864_LeafPhotoA_2025-09-09 16_54_10.885-05_00_leaf.png,3272209,1.51,1864
device5,device5_1864_LeafPhotoA_2025-09-09 16_54_24.230-05_00_leaf.png,2173358,0.07,1864
device5,device5_1868_LeafPhotoA_2025-09-09 16_55_18.502-05_00_leaf.png,3382126,0,1868
device5,device5_1868_LeafPhotoA_2025-09-09 16_55_32.779-05_00_leaf.png,4293203,0.02,1868
device5,device5_1868_LeafPhotoA_2025-09-09 16_55_48.014-05_00_leaf.png,3449702,0.01,1868
device5,device5_1870_LeafPhotoA_2025-09-09 16_56_29.768-05_00_leaf.png,3860018,0.2,1870
device5,device5_1870_LeafPhotoA_2025-09-09 16_56_52.997-05_00_leaf.png,4404322,0.01,1870
device5,device5_1870_LeafPhotoA_2025-09-09 16_57_12.240-05_00_leaf.png,3630058,0.01,1870
device5,device5_1871_LeafPhotoA_2025-09-09 16_57_29.711-05_00_leaf.png,3123640,1.61,1871
device5,device5_1871_LeafPhotoA_2025-09-09 16_57_52.699-05_00_leaf.png,2826132,0.3,1871
device5,device5_1871_LeafPhotoA_2025-09-09 16_58_17.969-05_00_leaf.png,2712494,5.72,1871
device5,device5_1871_LeafPhotoA_2025-09-09 16_58_18.974-05_00_leaf.png,2720776,5.65,1871
device5,device5_1872_LeafPhotoA_2025-09-09 17_01_06.251-05_00_leaf.png,2823264,0.08,1872
device5,device5_1872_LeafPhotoA_2025-09-09 17_01_16.737-05_00_leaf.png,2731730,0.01,1872
device5,device5_1872_LeafPhotoA_2025-09-09 17_01_28.651-05_00_leaf.png,3776281,0.16,1872
device5,device5_1873_LeafPhotoA_2025-09-09 17_01_51.065-05_00_leaf.png,4330341,2.21,1873
device5,device5_1873_LeafPhotoA_2025-09-09 17_02_05.810-05_00_leaf.png,4059648,0.69,1873
device5,device5_1873_LeafPhotoA_2025-09-09 17_02_17.764-05_00_leaf.png,3532460,0.49,1873
device5,device5_1874_LeafPhotoA_2025-09-09 17_02_37.782-05_00_leaf.png,2092556,0,1874
device5,device5_1874_LeafPhotoA_2025-09-09 17_02_50.343-05_00_leaf.png,2699324,0.2,1874
device5,device5_1874_LeafPhotoA_2025-09-09 17_03_08.960-05_00_leaf.png,2966189,0.03,1874
device5,device5_1876_LeafPhotoA_2025-09-09 17_03_41.325-05_00_leaf.png,3412804,0.49,1876
device5,device5_1876_LeafPhotoA_2025-09-09 17_03_52.842-05_00_leaf.png,4020386,0.24,1876
device5,device5_1876_LeafPhotoA_2025-09-09 17_04_03.852-05_00_leaf.png,3412980,1,1876
device5,device5_1877_LeafPhotoA_2025-09-09 17_04_18.057-05_00_leaf.png,4115588,2.18,1877
device5,device5_1877_LeafPhotoA_2025-09-09 17_04_30.257-05_00_leaf.png,3399579,0.04,1877
device5,device5_1877_LeafPhotoA_2025-09-09 17_04_42.599-05_00_leaf.png,2870592,0.12,1877
device5,device5_1878_LeafPhotoA_2025-09-09 17_05_30.142-05_00_leaf.png,2499635,0.02,1878
device5,device5_1878_LeafPhotoA_2025-09-09 17_05_46.079-05_00_leaf.png,3052512,0,1878
device5,device5_1878_LeafPhotoA_2025-09-09 17_06_16.006-05_00_leaf.png,2804551,0.01,1878
device5,device5_1879_LeafPhotoA_2025-09-09 17_06_36.057-05_00_leaf.png,4696776,0.07,1879
device5,device5_1879_LeafPhotoA_2025-09-09 17_06_52.468-05_00_leaf.png,4317595,0.01,1879
device5,device5_1879_LeafPhotoA_2025-09-09 17_07_06.305-05_00_leaf.png,4991417,0.04,1879
device5,device5_1880_LeafPhotoA_2025-09-09 17_07_23.015-05_00_leaf.png,3851623,1.01,1880
device5,device5_1880_LeafPhotoA_2025-09-09 17_07_40.953-05_00_leaf.png,2306162,0.38,1880
device5,device5_1880_LeafPhotoA_2025-09-09 17_07_55.388-05_00_leaf.png,4271114,0.23,1880
device5,device5_1882_LeafPhotoA_2025-09-09 17_08_37.253-05_00_leaf.png,5187528,0.08,1882
device5,device5_1882_LeafPhotoA_2025-09-09 17_08_57.451-05_00_leaf.png,5124937,0.35,1882
device5,device5_1882_LeafPhotoA_2025-09-09 17_09_17.681-05_00_leaf.png,4641794,0.06,1882
device5,device5_1883_LeafPhotoA_2025-09-09 17_09_46.898-05_00_leaf.png,3846179,0.55,1883
device5,device5_1883_LeafPhotoA_2025-09-09 17_10_02.859-05_00_leaf.png,3708441,0,1883
device5,device5_1883_LeafPhotoA_2025-09-09 17_10_24.902-05_00_leaf.png,3633001,0.15,1883
device5,device5_1884_LeafPhotoA_2025-09-09 17_10_49.422-05_00_leaf.png,4949846,0.06,1884
device5,device5_1884_LeafPhotoA_2025-09-09 17_11_08.191-05_00_leaf.png,3442888,0,1884
device5,device5_1884_LeafPhotoA_2025-09-09 17_11_24.016-05_00_leaf.png,3947421,17.1,1884
device5,device5_1887_LeafPhotoA_2025-09-09 17_12_12.082-05_00_leaf.png,4548418,1.32,1887
device5,device5_1887_LeafPhotoA_2025-09-09 17_12_27.474-05_00_leaf.png,4421460,0.36,1887
device5,device5_1887_LeafPhotoA_2025-09-09 17_12_56.019-05_00_leaf.png,4394353,0.42,1887
device5,device5_1889_LeafPhotoA_2025-09-09 17_13_36.116-05_00_leaf.png,4004505,0.98,1889
device5,device5_1889_LeafPhotoA_2025-09-09 17_13_53.804-05_00_leaf.png,2234805,0.18,1889
device5,device5_1889_LeafPhotoA_2025-09-09 17_14_06.020-05_00_leaf.png,3345779,0.18,1889
device5,device5_1890_LeafPhotoA_2025-09-09 17_14_27.785-05_00_leaf.png,3470736,0.18,1890
device5,device5_1890_LeafPhotoA_2025-09-09 17_14_44.531-05_00_leaf.png,3503252,0.03,1890
device5,device5_1890_LeafPhotoA_2025-09-09 17_14_57.064-05_00_leaf.png,2791353,0.05,1890
device5,device5_1891_LeafPhotoA_2025-09-09 17_15_39.200-05_00_leaf.png,3380851,0.08,1891
device5,device5_1891_LeafPhotoA_2025-09-09 17_16_06.533-05_00_leaf.png,3297293,0.14,1891
device5,device5_1891_LeafPhotoA_2025-09-09 17_16_20.000-05_00_leaf.png,3093309,0.02,1891
device5,device5_1893_LeafPhotoA_2025-09-09 17_17_11.617-05_00_leaf.png,5295733,0.23,1893
device5,device5_1893_LeafPhotoA_2025-09-09 17_17_29.747-05_00_leaf.png,4282096,1.36,1893
device5,device5_1893_LeafPhotoA_2025-09-09 17_17_44.716-05_00_leaf.png,4635865,0.47,1893
device5,device5_1894_LeafPhotoA_2025-09-09 17_18_06.332-05_00_leaf.png,3822650,0.02,1894
device5,device5_1894_LeafPhotoA_2025-09-09 17_18_20.095-05_00_leaf.png,4499238,0.01,1894
device5,device5_1894_LeafPhotoA_2025-09-09 17_18_35.498-05_00_leaf.png,5070300,0.04,1894
device5,device5_1895_LeafPhotoA_2025-09-09 17_18_59.933-05_00_leaf.png,2985961,0,1895
device5,device5_1895_LeafPhotoA_2025-09-09 17_19_16.257-05_00_leaf.png,3500910,0.29,1895
device5,device5_1895_LeafPhotoA_2025-09-09 17_19_38.798-05_00_leaf.png,4661099,0.37,1895
device5,device5_1897_LeafPhotoA_2025-09-09 17_20_22.344-05_00_leaf.png,2545249,0.05,1897
device5,device5_1897_LeafPhotoA_2025-09-09 17_20_37.721-05_00_leaf.png,4019818,0.03,1897
device5,device5_1897_LeafPhotoA_2025-09-09 17_20_57.001-05_00_leaf.png,4719759,0.4,1897
device5,device5_1898_LeafPhotoA_2025-09-09 17_21_11.510-05_00_leaf.png,4851430,0.12,1898
device5,device5_1898_LeafPhotoA_2025-09-09 17_21_26.370-05_00_leaf.png,4022162,0.48,1898
device5,device5_1898_LeafPhotoA_2025-09-09 17_21_38.361-05_00_leaf.png,4425120,0.82,1898
device5,device5_2001_LeafPhotoA_2025-09-08 10_33_00.415-05_00_leaf.png,3253555,0.17,2001
device5,device5_2001_LeafPhotoA_2025-09-08 10_33_25.145-05_00_leaf.png,3630295,0.01,2001
device5,device5_2001_LeafPhotoA_2025-09-08 10_33_39.142-05_00_leaf.png,3273594,0.03,2001
device5,device5_2002_LeafPhotoA_2025-09-08 10_34_19.260-05_00_leaf.png,5361907,0.22,2002
device5,device5_2002_LeafPhotoA_2025-09-08 10_34_30.740-05_00_leaf.png,4638886,0.03,2002
device5,device5_2002_LeafPhotoA_2025-09-08 10_34_47.962-05_00_leaf.png,5580778,1.1,2002
device5,device5_2003_LeafPhotoA_2025-09-08 10_35_47.277-05_00_leaf.png,4478392,0.27,2003
device5,device5_2003_LeafPhotoA_2025-09-08 10_36_06.330-05_00_leaf.png,4363630,1.07,2003
device5,device5_2003_LeafPhotoA_2025-09-08 10_36_50.744-05_00_leaf.png,4594147,0.26,2003
device5,device5_2004_LeafPhotoA_2025-09-08 10_37_13.959-05_00_leaf.png,3791637,0.06,2004
device5,device5_2004_LeafPhotoA_2025-09-08 10_37_27.418-05_00_leaf.png,4478706,0.01,2004
device5,device5_2004_LeafPhotoA_2025-09-08 10_37_41.786-05_00_leaf.png,4085297,0.5,2004
device5,device5_2005_LeafPhotoA_2025-09-08 10_38_51.151-05_00_leaf.png,3074640,0.14,2005
device5,device5_2005_LeafPhotoA_2025-09-08 10_39_03.351-05_00_leaf.png,2801712,0.07,2005
device5,device5_2005_LeafPhotoA_2025-09-08 10_39_22.370-05_00_leaf.png,3643513,0.49,2005
device5,device5_2006_LeafPhotoA_2025-09-08 10_39_46.824-05_00_leaf.png,2775039,0.17,2006
device5,device5_2006_LeafPhotoA_2025-09-08 10_40_11.377-05_00_leaf.png,3956261,1.53,2006
device5,device5_2006_LeafPhotoA_2025-09-08 10_40_23.832-05_00_leaf.png,4015262,0.02,2006
device5,device5_2007_LeafPhotoA_2025-09-08 10_41_04.967-05_00_leaf.png,3051253,0.18,2007
device5,device5_2007_LeafPhotoA_2025-09-08 10_41_21.522-05_00_leaf.png,4622616,0.26,2007
device5,device5_2007_LeafPhotoA_2025-09-08 10_41_44.887-05_00_leaf.png,3468431,0.11,2007
device5,device5_2008_LeafPhotoA_2025-09-08 10_42_14.018-05_00_leaf.png,3835194,0.05,2008
device5,device5_2008_LeafPhotoA_2025-09-08 10_42_25.153-05_00_leaf.png,3477060,0.33,2008
device5,device5_2008_LeafPhotoA_2025-09-08 10_42_41.786-05_00_leaf.png,4440873,0.07,2008
device5,device5_2009_LeafPhotoA_2025-09-08 10_43_20.723-05_00_leaf.png,5807356,0,2009
device5,device5_2009_LeafPhotoA_2025-09-08 10_43_35.775-05_00_leaf.png,5276598,0.02,2009
device5,device5_2010_LeafPhotoA_2025-09-08 10_43_56.742-05_00_leaf.png,5281232,0.05,2010
device5,device5_2010_LeafPhotoA_2025-09-08 10_44_09.779-05_00_leaf.png,5340629,0.31,2010
device5,device5_2010_LeafPhotoA_2025-09-08 10_44_22.059-05_00_leaf.png,2855809,0.05,2010
device5,device5_2011_LeafPhotoA_2025-09-08 10_44_49.899-05_00_leaf.png,4665561,0.25,2011
device5,device5_2011_LeafPhotoA_2025-09-08 10_45_04.494-05_00_leaf.png,4844063,0.07,2011
device5,device5_2011_LeafPhotoA_2025-09-08 10_45_16.513-05_00_leaf.png,4906744,0.15,2011
device5,device5_2012_LeafPhotoA_2025-09-08 10_45_43.023-05_00_leaf.png,4625127,0.89,2012
device5,device5_2012_LeafPhotoA_2025-09-08 10_46_45.417-05_00_leaf.png,3310396,0.15,2012
device5,device5_2012_LeafPhotoA_2025-09-08 10_47_00.708-05_00_leaf.png,5633433,0.29,2012
device5,device5_2013_LeafPhotoA_2025-09-08 10_47_41.391-05_00_leaf.png,4145027,0.28,2013
device5,device5_2013_LeafPhotoA_2025-09-08 10_47_58.599-05_00_leaf.png,4098576,2.37,2013
device5,device5_2013_LeafPhotoA_2025-09-08 10_48_14.101-05_00_leaf.png,4648653,1.09,2013
device5,device5_2014_LeafPhotoA_2025-09-08 10_48_40.371-05_00_leaf.png,5166787,1.63,2014
device5,device5_2014_LeafPhotoA_2025-09-08 10_48_54.835-05_00_leaf.png,3122417,4.74,2014
device5,device5_2014_LeafPhotoA_2025-09-08 10_49_16.735-05_00_leaf.png,2282864,1.13,2014
device5,device5_2015_LeafPhotoA_2025-09-08 10_49_58.274-05_00_leaf.png,5246084,0.14,2015
device5,device5_2015_LeafPhotoA_2025-09-08 10_50_10.021-05_00_leaf.png,3849432,0.21,2015
device5,device5_2015_LeafPhotoA_2025-09-08 10_50_22.360-05_00_leaf.png,3741363,0.02,2015
device5,device5_2016_LeafPhotoA_2025-09-08 10_50_51.583-05_00_leaf.png,3444408,0.07,2016
device5,device5_2016_LeafPhotoA_2025-09-08 10_51_09.549-05_00_leaf.png,4045466,0.18,2016
device5,device5_2016_LeafPhotoA_2025-09-08 10_51_23.187-05_00_leaf.png,3635037,0.05,2016
device5,device5_2017_LeafPhotoA_2025-09-08 10_51_43.947-05_00_leaf.png,2942074,0.1,2017
device5,device5_2017_LeafPhotoA_2025-09-08 10_52_02.425-05_00_leaf.png,3892677,0.72,2017
device5,device5_2017_LeafPhotoA_2025-09-08 10_52_13.069-05_00_leaf.png,2416300,0.74,2017
device5,device5_2018_LeafPhotoA_2025-09-08 10_52_35.412-05_00_leaf.png,2958770,0.07,2018
device5,device5_2018_LeafPhotoA_2025-09-08 10_52_50.641-05_00_leaf.png,3090260,0.02,2018
device5,device5_2018_LeafPhotoA_2025-09-08 10_53_10.410-05_00_leaf.png,5809373,0.52,2018
device5,device5_2019_LeafPhotoA_2025-09-08 10_53_38.798-05_00_leaf.png,2476601,1.53,2019
device5,device5_2019_LeafPhotoA_2025-09-08 10_54_15.123-05_00_leaf.png,2563076,0.37,2019
device5,device5_2019_LeafPhotoA_2025-09-08 10_54_32.129-05_00_leaf.png,2372621,0,2019
device5,device5_2020_LeafPhotoA_2025-09-08 10_55_08.462-05_00_leaf.png,6414099,1.3,2020
device5,device5_2020_LeafPhotoA_2025-09-08 10_56_02.471-05_00_leaf.png,4707227,0,2020
device5,device5_2020_LeafPhotoA_2025-09-08 10_56_20.686-05_00_leaf.png,3789542,0.47,2020
device5,device5_2021_LeafPhotoA_2025-09-08 10_57_17.324-05_00_leaf.png,4288681,2.37,2021
device5,device5_2021_LeafPhotoA_2025-09-08 10_57_41.091-05_00_leaf.png,3301508,0.78,2021
device5,device5_2021_LeafPhotoA_2025-09-08 10_58_05.347-05_00_leaf.png,2801143,5.74,2021
device5,device5_2022_LeafPhotoA_2025-09-08 10_58_46.955-05_00_leaf.png,3179492,2.23,2022
device5,device5_2022_LeafPhotoA_2025-09-08 10_59_14.434-05_00_leaf.png,2956650,0.52,2022
device5,device5_2022_LeafPhotoA_2025-09-08 11_00_05.092-05_00_leaf.png,2896152,3.37,2022
device5,device5_2023_LeafPhotoA_2025-09-08 11_00_30.566-05_00_leaf.png,4433823,3.38,2023
device5,device5_2023_LeafPhotoA_2025-09-08 11_00_43.852-05_00_leaf.png,4152745,0.24,2023
device5,device5_2023_LeafPhotoA_2025-09-08 11_00_57.230-05_00_leaf.png,4724884,1.32,2023
device5,device5_2024_LeafPhotoA_2025-09-08 11_01_36.170-05_00_leaf.png,3437812,2.85,2024
device5,device5_2024_LeafPhotoA_2025-09-08 11_01_54.771-05_00_leaf.png,4686727,5.09,2024
device5,device5_2024_LeafPhotoA_2025-09-08 11_02_10.041-05_00_leaf.png,5340170,6.41,2024
device5,device5_2025_LeafPhotoA_2025-09-08 11_02_42.776-05_00_leaf.png,3798160,2.11,2025
device5,device5_2025_LeafPhotoA_2025-09-08 11_03_05.262-05_00_leaf.png,3739217,16.04,2025
device5,device5_2025_LeafPhotoA_2025-09-08 11_03_24.696-05_00_leaf.png,3784400,5.57,2025
device5,device5_2026_LeafPhotoA_2025-09-08 11_03_53.558-05_00_leaf.png,2705526,0.08,2026
device5,device5_2026_LeafPhotoA_2025-09-08 11_04_07.433-05_00_leaf.png,3731219,0.03,2026
device5,device5_2026_LeafPhotoA_2025-09-08 11_04_24.520-05_00_leaf.png,4234382,0.03,2026
device5,device5_2027_LeafPhotoA_2025-09-08 11_04_52.960-05_00_leaf.png,2725137,0.16,2027
device5,device5_2027_LeafPhotoA_2025-09-08 11_05_15.365-05_00_leaf.png,3819311,1.2,2027
device5,device5_2027_LeafPhotoA_2025-09-08 11_05_31.496-05_00_leaf.png,2794288,0.36,2027
device5,device5_2028_LeafPhotoA_2025-09-08 11_06_07.435-05_00_leaf.png,2888463,0.43,2028
device5,device5_2028_LeafPhotoA_2025-09-08 11_06_20.578-05_00_leaf.png,2986880,0.57,2028
device5,device5_2028_LeafPhotoA_2025-09-08 11_06_34.290-05_00_leaf.png,3131143,0.48,2028
device5,device5_2029_LeafPhotoA_2025-09-08 11_07_01.047-05_00_leaf.png,3369501,3.93,2029
device5,device5_2029_LeafPhotoA_2025-09-08 11_07_23.840-05_00_leaf.png,3391171,10.56,2029
device5,device5_2029_LeafPhotoA_2025-09-08 11_07_39.556-05_00_leaf.png,4188104,8.79,2029
device5,device5_2030_LeafPhotoA_2025-09-08 11_08_05.704-05_00_leaf.png,4793116,0.12,2030
device5,device5_2030_LeafPhotoA_2025-09-08 11_08_19.875-05_00_leaf.png,5455042,0.19,2030
device5,device5_2030_LeafPhotoA_2025-09-08 11_08_32.970-05_00_leaf.png,4679626,1.06,2030
device5,device5_2031_LeafPhotoA_2025-09-08 11_09_01.241-05_00_leaf.png,3843045,4.92,2031
device5,device5_2031_LeafPhotoA_2025-09-08 11_09_17.583-05_00_leaf.png,3208205,2.24,2031
device5,device5_2031_LeafPhotoA_2025-09-08 11_09_35.917-05_00_leaf.png,2515007,0.03,2031
device5,device5_2032_LeafPhotoA_2025-09-08 11_10_13.542-05_00_leaf.png,5169352,0.01,2032
device5,device5_2032_LeafPhotoA_2025-09-08 11_10_28.852-05_00_leaf.png,4352097,0.2,2032
device5,device5_2032_LeafPhotoA_2025-09-08 11_10_42.319-05_00_leaf.png,5104330,0.02,2032
device5,device5_2033_LeafPhotoA_2025-09-08 11_11_13.000-05_00_leaf.png,2101884,0.51,2033
device5,device5_2033_LeafPhotoA_2025-09-08 11_11_29.285-05_00_leaf.png,1873368,2.17,2033
device5,device5_2033_LeafPhotoA_2025-09-08 11_11_44.554-05_00_leaf.png,3847237,0.46,2033
device5,device5_2034_LeafPhotoA_2025-09-08 11_12_08.463-05_00_leaf.png,3798638,1.79,2034
device5,device5_2034_LeafPhotoA_2025-09-08 11_12_26.101-05_00_leaf.png,3765985,1.64,2034
device5,device5_2034_LeafPhotoA_2025-09-08 11_12_42.774-05_00_leaf.png,3782937,0.41,2034
device5,device5_2035_LeafPhotoA_2025-09-08 11_13_14.336-05_00_leaf.png,4268760,0,2035
device5,device5_2035_LeafPhotoA_2025-09-08 11_13_27.574-05_00_leaf.png,3585870,0.94,2035
device5,device5_2035_LeafPhotoA_2025-09-08 11_13_47.216-05_00_leaf.png,4251211,1.3,2035
device5,device5_2036_LeafPhotoA_2025-09-08 11_14_51.000-05_00_leaf.png,1844272,0.76,2036
device5,device5_2036_LeafPhotoA_2025-09-08 11_15_14.195-05_00_leaf.png,1834719,0.01,2036
device5,device5_2036_LeafPhotoA_2025-09-08 11_15_44.674-05_00_leaf.png,1896156,0.05,2036
device5,device5_2037_LeafPhotoA_2025-09-08 11_16_12.785-05_00_leaf.png,2577438,0.06,2037
device5,device5_2037_LeafPhotoA_2025-09-08 11_16_27.368-05_00_leaf.png,4437006,0.11,2037
device5,device5_2037_LeafPhotoA_2025-09-08 11_16_47.930-05_00_leaf.png,3112104,0.07,2037
device5,device5_2038_LeafPhotoA_2025-09-08 11_17_28.924-05_00_leaf.png,3575348,17.15,2038
device5,device5_2038_LeafPhotoA_2025-09-08 11_17_41.875-05_00_leaf.png,2615930,1.23,2038
device5,device5_2038_LeafPhotoA_2025-09-08 11_17_54.751-05_00_leaf.png,3146559,4.92,2038
device5,device5_2039_LeafPhotoA_2025-09-08 11_18_25.248-05_00_leaf.png,4243429,1.9,2039
device5,device5_2039_LeafPhotoA_2025-09-08 11_18_42.001-05_00_leaf.png,4018093,7.56,2039
device5,device5_2039_LeafPhotoA_2025-09-08 11_18_59.080-05_00_leaf.png,4193029,3.65,2039
device5,device5_2040_LeafPhotoA_2025-09-08 11_19_26.696-05_00_leaf.png,3312280,0.38,2040
device5,device5_2040_LeafPhotoA_2025-09-08 11_19_38.777-05_00_leaf.png,2864724,1.81,2040
device5,device5_2040_LeafPhotoA_2025-09-08 11_19_56.770-05_00_leaf.png,3869605,1.21,2040
device5,device5_2041_LeafPhotoA_2025-09-08 11_20_20.644-05_00_leaf.png,3571846,0.24,2041
device5,device5_2041_LeafPhotoA_2025-09-08 11_20_39.452-05_00_leaf.png,4821033,0.01,2041
device5,device5_2041_LeafPhotoA_2025-09-08 11_21_09.187-05_00_leaf.png,5563522,0.06,2041
device5,device5_2042_LeafPhotoA_2025-09-08 11_21_33.880-05_00_leaf.png,4883827,0.3,2042
device5,device5_2042_LeafPhotoA_2025-09-08 11_21_46.728-05_00_leaf.png,4857246,0.42,2042
device5,device5_2042_LeafPhotoA_2025-09-08 11_21_59.003-05_00_leaf.png,5018313,0.03,2042
device5,device5_2043_LeafPhotoA_2025-09-08 11_22_41.762-05_00_leaf.png,4911801,0.53,2043
device5,device5_2043_LeafPhotoA_2025-09-08 11_22_55.838-05_00_leaf.png,4482661,1.38,2043
device5,device5_2043_LeafPhotoA_2025-09-08 11_23_13.129-05_00_leaf.png,4329126,3.31,2043
device5,device5_2044_LeafPhotoA_2025-09-08 11_23_43.148-05_00_leaf.png,2740836,0.28,2044
device5,device5_2044_LeafPhotoA_2025-09-08 11_24_28.147-05_00_leaf.png,6054407,10.94,2044
device5,device5_2044_LeafPhotoA_2025-09-08 11_24_45.702-05_00_leaf.png,5116229,2.19,2044
device5,device5_2045_LeafPhotoA_2025-09-08 11_25_27.690-05_00_leaf.png,3510627,0.02,2045
device5,device5_2045_LeafPhotoA_2025-09-08 11_25_42.703-05_00_leaf.png,6015194,0.16,2045
device5,device5_2045_LeafPhotoA_2025-09-08 11_26_04.594-05_00_leaf.png,4998144,0.06,2045
device5,device5_2046_LeafPhotoA_2025-09-08 11_26_31.500-05_00_leaf.png,3026854,0.2,2046
device5,device5_2046_LeafPhotoA_2025-09-08 11_26_43.488-05_00_leaf.png,2278769,0.45,2046
device5,device5_2046_LeafPhotoA_2025-09-08 11_26_58.418-05_00_leaf.png,2269778,0.24,2046
device5,device5_2047_LeafPhotoA_2025-09-08 11_27_32.816-05_00_leaf.png,2696723,1.45,2047
device5,device5_2047_LeafPhotoA_2025-09-08 11_27_45.065-05_00_leaf.png,2800217,0.54,2047
device5,device5_2047_LeafPhotoA_2025-09-08 11_28_01.448-05_00_leaf.png,2823430,0.69,2047
device5,device5_2048_LeafPhotoA_2025-09-08 11_28_25.459-05_00_leaf.png,3975556,0.16,2048
device5,device5_2048_LeafPhotoA_2025-09-08 11_28_37.140-05_00_leaf.png,3928736,0.81,2048
device5,device5_2048_LeafPhotoA_2025-09-08 11_28_55.893-05_00_leaf.png,4038534,0.47,2048
device5,device5_2049_LeafPhotoA_2025-09-08 11_29_12.336-05_00_leaf.png,2985183,1.75,2049
device5,device5_2049_LeafPhotoA_2025-09-08 11_29_22.980-05_00_leaf.png,2524737,0,2049
device5,device5_2049_LeafPhotoA_2025-09-08 11_29_38.790-05_00_leaf.png,3146815,0.54,2049
device5,device5_2050_LeafPhotoA_2025-09-08 11_30_03.692-05_00_leaf.png,4267250,0.55,2050
device5,device5_2050_LeafPhotoA_2025-09-08 11_30_29.447-05_00_leaf.png,4598929,0.1,2050
device5,device5_2050_LeafPhotoA_2025-09-08 11_31_03.093-05_00_leaf.png,3793711,0,2050
device5,device5_2051_LeafPhotoA_2025-09-08 11_43_12.742-05_00_leaf.png,1440688,11.11,2051
device5,device5_2051_LeafPhotoA_2025-09-08 11_43_37.507-05_00_leaf.png,2431904,15.75,2051
device5,device5_2051_LeafPhotoA_2025-09-08 11_43_52.523-05_00_leaf.png,3045656,33.5,2051
device5,device5_2052_LeafPhotoA_2025-09-08 11_45_37.237-05_00_leaf.png,3396930,3.08,2052
device5,device5_2052_LeafPhotoA_2025-09-08 11_45_38.516-05_00_leaf.png,3400656,3.67,2052
device5,device5_2052_LeafPhotoA_2025-09-08 11_46_03.735-05_00_leaf.png,2528959,1.92,2052
device5,device5_2052_LeafPhotoA_2025-09-08 11_46_20.148-05_00_leaf.png,3228724,5.65,2052
device5,device5_2053_LeafPhotoA_2025-09-08 11_46_54.815-05_00_leaf.png,2835417,4.25,2053
device5,device5_2053_LeafPhotoA_2025-09-08 11_47_19.777-05_00_leaf.png,1830334,0.22,2053
device5,device5_2053_LeafPhotoA_2025-09-08 11_47_32.581-05_00_leaf.png,2287658,4.16,2053
device5,device5_2054_LeafPhotoA_2025-09-08 11_48_05.690-05_00_leaf.png,3279898,0.54,2054
device5,device5_2054_LeafPhotoA_2025-09-08 11_48_20.743-05_00_leaf.png,3463344,0.47,2054
device5,device5_2054_LeafPhotoA_2025-09-08 11_48_38.141-05_00_leaf.png,3456980,0.39,2054
device5,device5_2055_LeafPhotoA_2025-09-08 11_49_04.884-05_00_leaf.png,6200477,0.7,2055
device5,device5_2055_LeafPhotoA_2025-09-08 11_49_17.884-05_00_leaf.png,5196450,3.96,2055
device5,device5_2055_LeafPhotoA_2025-09-08 11_49_38.748-05_00_leaf.png,6025591,1.32,2055
device5,device5_2056_LeafPhotoA_2025-09-08 11_50_05.707-05_00_leaf.png,3699066,2.07,2056
device5,device5_2056_LeafPhotoA_2025-09-08 11_50_24.829-05_00_leaf.png,4281818,0.14,2056
device5,device5_2056_LeafPhotoA_2025-09-08 11_50_35.688-05_00_leaf.png,4148230,0.27,2056
device5,device5_2057_LeafPhotoA_2025-09-08 11_50_58.255-05_00_leaf.png,3760991,0.16,2057
device5,device5_2057_LeafPhotoA_2025-09-08 11_51_09.975-05_00_leaf.png,3996247,0,2057
device5,device5_2057_LeafPhotoA_2025-09-08 11_51_27.707-05_00_leaf.png,3846336,0,2057
device5,device5_2058_LeafPhotoA_2025-09-08 11_51_50.795-05_00_leaf.png,3518013,0.7,2058
device5,device5_2058_LeafPhotoA_2025-09-08 11_52_16.226-05_00_leaf.png,4479127,0.13,2058
device5,device5_2058_LeafPhotoA_2025-09-08 11_52_37.403-05_00_leaf.png,3542009,0.13,2058
device5,device5_2059_LeafPhotoA_2025-09-08 11_52_57.079-05_00_leaf.png,4877198,0.03,2059
device5,device5_2059_LeafPhotoA_2025-09-08 11_53_10.159-05_00_leaf.png,5863955,0,2059
device5,device5_2059_LeafPhotoA_2025-09-08 11_53_37.810-05_00_leaf.png,4429187,0.04,2059
device5,device5_2060_LeafPhotoA_2025-09-08 11_54_01.131-05_00_leaf.png,3500180,1.07,2060
device5,device5_2060_LeafPhotoA_2025-09-08 11_54_13.998-05_00_leaf.png,4225833,1.68,2060
device5,device5_2060_LeafPhotoA_2025-09-08 11_54_39.708-05_00_leaf.png,4434754,0.1,2060
device5,device5_2061_LeafPhotoA_2025-09-08 11_55_09.806-05_00_leaf.png,2363674,0.8,2061
device5,device5_2061_LeafPhotoA_2025-09-08 11_55_23.114-05_00_leaf.png,3010476,0.63,2061
device5,device5_2061_LeafPhotoA_2025-09-08 11_55_36.655-05_00_leaf.png,2911139,0.32,2061
device5,device5_2062_LeafPhotoA_2025-09-08 11_56_00.618-05_00_leaf.png,4632357,0.01,2062
device5,device5_2062_LeafPhotoA_2025-09-08 11_56_16.610-05_00_leaf.png,5658776,0.09,2062
device5,device5_2062_LeafPhotoA_2025-09-08 11_56_29.638-05_00_leaf.png,4853141,0.01,2062
device5,device5_2063_LeafPhotoA_2025-09-08 11_56_52.721-05_00_leaf.png,3995763,0.03,2063
device5,device5_2063_LeafPhotoA_2025-09-08 11_57_10.603-05_00_leaf.png,3216297,8.19,2063
device5,device5_2063_LeafPhotoA_2025-09-08 11_57_23.639-05_00_leaf.png,3085723,0.01,2063
device5,device5_2064_LeafPhotoA_2025-09-08 11_57_49.749-05_00_leaf.png,3066522,0.02,2064
device5,device5_2064_LeafPhotoA_2025-09-08 11_58_02.700-05_00_leaf.png,2591492,0,2064
device5,device5_2064_LeafPhotoA_2025-09-08 11_58_16.799-05_00_leaf.png,3997777,0.63,2064
device5,device5_2065_LeafPhotoA_2025-09-08 11_58_33.163-05_00_leaf.png,2367767,1.1,2065
device5,device5_2065_LeafPhotoA_2025-09-08 11_58_51.273-05_00_leaf.png,4118037,1.18,2065
device5,device5_2065_LeafPhotoA_2025-09-08 11_59_20.400-05_00_leaf.png,4030822,2.04,2065
device5,device5_2066_LeafPhotoA_2025-09-08 11_59_48.439-05_00_leaf.png,4438510,0.06,2066
device5,device5_2066_LeafPhotoA_2025-09-08 12_00_00.120-05_00_leaf.png,5103075,0.02,2066
device5,device5_2066_LeafPhotoA_2025-09-08 12_00_44.750-05_00_leaf.png,4451966,0.01,2066
device5,device5_2067_LeafPhotoA_2025-09-08 12_01_11.396-05_00_leaf.png,4456619,0.24,2067
device5,device5_2067_LeafPhotoA_2025-09-08 12_01_32.584-05_00_leaf.png,4804555,0.62,2067
device5,device5_2067_LeafPhotoA_2025-09-08 12_01_55.257-05_00_leaf.png,4026929,0.5,2067
device5,device5_2068_LeafPhotoA_2025-09-08 12_02_28.342-05_00_leaf.png,4092598,6.19,2068
device5,device5_2068_LeafPhotoA_2025-09-08 12_02_41.449-05_00_leaf.png,4523327,2.56,2068
device5,device5_2068_LeafPhotoA_2025-09-08 12_02_55.291-05_00_leaf.png,3941110,4.23,2068
device5,device5_2069_LeafPhotoA_2025-09-08 12_03_26.688-05_00_leaf.png,4776562,0.48,2069
device5,device5_2069_LeafPhotoA_2025-09-08 12_03_40.102-05_00_leaf.png,5251936,0.13,2069
device5,device5_2069_LeafPhotoA_2025-09-08 12_03_55.448-05_00_leaf.png,4318238,0.37,2069
device5,device5_2070_LeafPhotoA_2025-09-08 12_04_24.225-05_00_leaf.png,5991891,0.29,2070
device5,device5_2070_LeafPhotoA_2025-09-08 12_04_38.455-05_00_leaf.png,9454195,7.99,2070
device5,device5_2070_LeafPhotoA_2025-09-08 12_04_58.888-05_00_leaf.png,5123751,3.81,2070
device5,device5_2071_LeafPhotoA_2025-09-08 12_05_40.977-05_00_leaf.png,3233716,1.44,2071
device5,device5_2071_LeafPhotoA_2025-09-08 12_06_01.483-05_00_leaf.png,3194701,4.3,2071
device5,device5_2071_LeafPhotoA_2025-09-08 12_06_16.416-05_00_leaf.png,3413526,8.53,2071
device5,device5_2072_LeafPhotoA_2025-09-08 12_06_56.217-05_00_leaf.png,3654855,3.55,2072
device5,device5_2072_LeafPhotoA_2025-09-08 12_07_15.598-05_00_leaf.png,3043229,0.1,2072
device5,device5_2072_LeafPhotoA_2025-09-08 12_07_29.298-05_00_leaf.png,2438962,1.55,2072
device5,device5_2073_LeafPhotoA_2025-09-08 12_07_54.433-05_00_leaf.png,4292078,0.05,2073
device5,device5_2073_LeafPhotoA_2025-09-08 12_08_09.567-05_00_leaf.png,3456059,0.33,2073
device5,device5_2073_LeafPhotoA_2025-09-08 12_08_20.725-05_00_leaf.png,4279164,0.03,2073
device5,device5_2074_LeafPhotoA_2025-09-08 12_09_18.987-05_00_leaf.png,5093383,17.64,2074
device5,device5_2074_LeafPhotoA_2025-09-08 12_09_58.431-05_00_leaf.png,3657415,2.08,2074
device5,device5_2074_LeafPhotoA_2025-09-08 12_10_39.627-05_00_leaf.png,3938769,0.65,2074
device5,device5_2075_LeafPhotoA_2025-09-08 12_10_54.878-05_00_leaf.png,5177397,1.29,2075
device5,device5_2075_LeafPhotoA_2025-09-08 12_11_12.357-05_00_leaf.png,3278374,0.07,2075
device5,device5_2075_LeafPhotoA_2025-09-08 12_11_28.690-05_00_leaf.png,4249990,0.69,2075
device5,device5_2076_LeafPhotoA_2025-09-08 12_11_50.135-05_00_leaf.png,4761112,3.47,2076
device5,device5_2076_LeafPhotoA_2025-09-08 12_12_04.243-05_00_leaf.png,4558444,1.26,2076
device5,device5_2076_LeafPhotoA_2025-09-08 12_12_20.490-05_00_leaf.png,5252437,0.12,2076
device5,device5_2077_LeafPhotoA_2025-09-08 12_12_49.370-05_00_leaf.png,4001467,1.48,2077
device5,device5_2077_LeafPhotoA_2025-09-08 12_13_08.868-05_00_leaf.png,4213574,1.1,2077
device5,device5_2077_LeafPhotoA_2025-09-08 12_13_22.676-05_00_leaf.png,3615424,0.04,2077
device5,device5_2078_LeafPhotoA_2025-09-08 12_13_44.564-05_00_leaf.png,3054481,0.19,2078
device5,device5_2078_LeafPhotoA_2025-09-08 12_13_55.107-05_00_leaf.png,3255776,0.55,2078
device5,device5_2078_LeafPhotoA_2025-09-08 12_14_10.635-05_00_leaf.png,3450205,3.02,2078
device5,device5_2078_LeafPhotoA_2025-09-08 12_14_13.645-05_00_leaf.png,3463355,3.66,2078
device5,device5_2079_LeafPhotoA_2025-09-08 12_14_55.028-05_00_leaf.png,3632400,6.56,2079
device5,device5_2079_LeafPhotoA_2025-09-08 12_15_23.334-05_00_leaf.png,4530743,1.05,2079
device5,device5_2079_LeafPhotoA_2025-09-08 12_15_51.555-05_00_leaf.png,4493215,6.75,2079
device5,device5_2080_LeafPhotoA_2025-09-08 12_16_15.024-05_00_leaf.png,2410682,16.43,2080
device5,device5_2080_LeafPhotoA_2025-09-08 12_16_27.461-05_00_leaf.png,2590358,4.73,2080
device5,device5_2080_LeafPhotoA_2025-09-08 12_16_41.953-05_00_leaf.png,2855285,3.59,2080
device5,device5_2081_LeafPhotoA_2025-09-08 12_17_17.950-05_00_leaf.png,3783686,2.98,2081
device5,device5_2081_LeafPhotoA_2025-09-08 12_17_33.538-05_00_leaf.png,2945470,2.43,2081
device5,device5_2081_LeafPhotoA_2025-09-08 12_17_53.083-05_00_leaf.png,2775120,0.35,2081
device5,device5_2082_LeafPhotoA_2025-09-08 12_18_18.860-05_00_leaf.png,3460059,0.01,2082
device5,device5_2082_LeafPhotoA_2025-09-08 12_18_21.345-05_00_leaf.png,3457440,0,2082
device5,device5_2082_LeafPhotoA_2025-09-08 12_18_36.645-05_00_leaf.png,4859636,0.01,2082
device5,device5_2082_LeafPhotoA_2025-09-08 12_18_52.908-05_00_leaf.png,4442034,0.22,2082
device5,device5_2083_LeafPhotoA_2025-09-08 12_19_19.214-05_00_leaf.png,3526264,6.81,2083
device5,device5_2083_LeafPhotoA_2025-09-08 12_19_35.806-05_00_leaf.png,3918116,0.21,2083
device5,device5_2083_LeafPhotoA_2025-09-08 12_19_52.118-05_00_leaf.png,3620015,0.3,2083
device5,device5_2084_LeafPhotoA_2025-09-08 12_20_23.095-05_00_leaf.png,4755678,1.7,2084
device5,device5_2084_LeafPhotoA_2025-09-08 12_20_34.982-05_00_leaf.png,4260544,0.32,2084
device5,device5_2084_LeafPhotoA_2025-09-08 12_20_48.194-05_00_leaf.png,4671702,0.26,2084
device5,device5_2085_LeafPhotoA_2025-09-08 12_21_13.087-05_00_leaf.png,4554713,0.09,2085
device5,device5_2085_LeafPhotoA_2025-09-08 12_21_28.882-05_00_leaf.png,4861699,1.49,2085
device5,device5_2085_LeafPhotoA_2025-09-08 12_21_46.275-05_00_leaf.png,4392699,0.26,2085
device5,device5_2086_LeafPhotoA_2025-09-08 12_22_14.963-05_00_leaf.png,2807599,5.01,2086
device5,device5_2086_LeafPhotoA_2025-09-08 12_22_42.088-05_00_leaf.png,1975322,8.23,2086
device5,device5_2086_LeafPhotoA_2025-09-08 12_23_08.629-05_00_leaf.png,2301073,1.6,2086
device5,device5_2087_LeafPhotoA_2025-09-08 12_23_37.453-05_00_leaf.png,4289774,45.66,2087
device5,device5_2087_LeafPhotoA_2025-09-08 12_23_52.510-05_00_leaf.png,3185189,23.08,2087
device5,device5_2087_LeafPhotoA_2025-09-08 12_24_17.487-05_00_leaf.png,4706707,35.48,2087
device5,device5_2088_LeafPhotoA_2025-09-08 12_24_45.089-05_00_leaf.png,2671189,8.13,2088
device5,device5_2088_LeafPhotoA_2025-09-08 12_25_04.293-05_00_leaf.png,3616660,9.26,2088
device5,device5_2088_LeafPhotoA_2025-09-08 12_25_17.092-05_00_leaf.png,3410154,4.84,2088
device5,device5_2089_LeafPhotoA_2025-09-08 12_26_16.331-05_00_leaf.png,5488499,0.08,2089
device5,device5_2089_LeafPhotoA_2025-09-08 12_26_30.490-05_00_leaf.png,4250441,0.67,2089
device5,device5_2089_LeafPhotoA_2025-09-08 12_26_53.526-05_00_leaf.png,3485897,0.11,2089
device5,device5_2090_LeafPhotoA_2025-09-08 12_27_18.336-05_00_leaf.png,4673669,1,2090
device5,device5_2090_LeafPhotoA_2025-09-08 12_27_30.205-05_00_leaf.png,5395763,0.47,2090
device5,device5_2090_LeafPhotoA_2025-09-08 12_27_42.323-05_00_leaf.png,4682845,0.12,2090
device5,device5_2091_LeafPhotoA_2025-09-08 12_28_02.636-05_00_leaf.png,3027694,0.17,2091
device5,device5_2091_LeafPhotoA_2025-09-08 12_28_15.428-05_00_leaf.png,4332913,0.53,2091
device5,device5_2091_LeafPhotoA_2025-09-08 12_28_34.136-05_00_leaf.png,4301288,7.35,2091
device5,device5_2092_LeafPhotoA_2025-09-08 12_28_55.575-05_00_leaf.png,5162952,1.06,2092
device5,device5_2092_LeafPhotoA_2025-09-08 12_29_08.542-05_00_leaf.png,4510692,1.52,2092
device5,device5_2092_LeafPhotoA_2025-09-08 12_29_21.462-05_00_leaf.png,4648775,16.99,2092
device5,device5_2093_LeafPhotoA_2025-09-08 12_29_42.069-05_00_leaf.png,3209095,3.57,2093
device5,device5_2093_LeafPhotoA_2025-09-08 12_29_56.851-05_00_leaf.png,3930303,8.71,2093
device5,device5_2093_LeafPhotoA_2025-09-08 12_30_10.775-05_00_leaf.png,3329305,0.27,2093
device5,device5_2094_LeafPhotoA_2025-09-08 12_30_31.222-05_00_leaf.png,3451389,0.46,2094
device5,device5_2094_LeafPhotoA_2025-09-08 12_30_48.048-05_00_leaf.png,3713342,0.71,2094
device5,device5_2094_LeafPhotoA_2025-09-08 12_31_02.273-05_00_leaf.png,3353064,0.18,2094
device5,device5_2095_LeafPhotoA_2025-09-08 12_31_24.850-05_00_leaf.png,3543951,3.21,2095
device5,device5_2095_LeafPhotoA_2025-09-08 12_31_36.632-05_00_leaf.png,3262459,4.45,2095
device5,device5_2095_LeafPhotoA_2025-09-08 12_32_23.137-05_00_leaf.png,4460219,1.81,2095
device5,device5_2096_LeafPhotoA_2025-09-08 12_32_51.160-05_00_leaf.png,2952296,0.47,2096
device5,device5_2096_LeafPhotoA_2025-09-08 12_33_02.680-05_00_leaf.png,3859630,0.84,2096
device5,device5_2096_LeafPhotoA_2025-09-08 12_33_16.675-05_00_leaf.png,2790597,0.45,2096
device5,device5_2097_LeafPhotoA_2025-09-08 12_33_49.300-05_00_leaf.png,3646917,0.39,2097
device5,device5_2097_LeafPhotoA_2025-09-08 12_34_03.075-05_00_leaf.png,2526626,0.16,2097
device5,device5_2097_LeafPhotoA_2025-09-08 12_34_15.530-05_00_leaf.png,3109562,3.01,2097
device5,device5_2098_LeafPhotoA_2025-09-08 12_34_41.821-05_00_leaf.png,5683953,0.08,2098
device5,device5_2098_LeafPhotoA_2025-09-08 12_34_56.955-05_00_leaf.png,3351891,3.11,2098
device5,device5_2098_LeafPhotoA_2025-09-08 12_35_10.209-05_00_leaf.png,3822020,0.33,2098
device5,device5_2099_LeafPhotoA_2025-09-08 12_35_37.198-05_00_leaf.png,5150493,1.72,2099
device5,device5_2099_LeafPhotoA_2025-09-08 12_36_01.865-05_00_leaf.png,5074019,2.26,2099
device5,device5_2099_LeafPhotoA_2025-09-08 12_36_15.841-05_00_leaf.png,4702645,0.09,2099
device5,device5_2100_LeafPhotoA_2025-09-08 12_36_34.340-05_00_leaf.png,4689790,0.29,2100
device5,device5_2100_LeafPhotoA_2025-09-08 12_36_47.537-05_00_leaf.png,4740259,8.32,2100
device5,device5_2100_LeafPhotoA_2025-09-08 12_36_59.677-05_00_leaf.png,4504950,0.01,2100
device5,device5_2787_LeafPhotoA_2025-09-09 11_36_58.902-05_00_leaf.png,4281155,0.64,2787
device5,device5_2787_LeafPhotoA_2025-09-09 11_37_29.182-05_00_leaf.png,3901994,0.31,2787
device5,device5_2787_LeafPhotoA_2025-09-09 11_37_59.982-05_00_leaf.png,5005706,0.87,2787
device5,device5_2788_LeafPhotoA_2025-09-09 11_34_40.611-05_00_leaf.png,3335491,3.01,2788
device5,device5_2788_LeafPhotoA_2025-09-09 11_35_19.113-05_00_leaf.png,2562883,0.57,2788
device5,device5_2788_LeafPhotoA_2025-09-09 11_35_53.537-05_00_leaf.png,3633654,0.08,2788
device5,device5_2789_LeafPhotoA_2025-09-09 11_32_09.812-05_00_leaf.png,2300417,0.46,2789
device5,device5_2789_LeafPhotoA_2025-09-09 11_32_54.900-05_00_leaf.png,2624772,7.76,2789
device5,device5_2789_LeafPhotoA_2025-09-09 11_33_29.860-05_00_leaf.png,1929433,0.57,2789
device5,device5_2790_LeafPhotoA_2025-09-09 11_28_37.397-05_00_leaf.png,1429899,0.09,2790
device5,device5_2790_LeafPhotoA_2025-09-09 11_29_13.511-05_00_leaf.png,1727071,0.33,2790
device5,device5_2790_LeafPhotoA_2025-09-09 11_29_36.154-05_00_leaf.png,1451697,0.1,2790
device5,device5_2791_LeafPhotoA_2025-09-09 11_24_06.766-05_00_leaf.png,1858901,0.1,2791
device5,device5_2791_LeafPhotoA_2025-09-09 11_24_33.408-05_00_leaf.png,2621573,0.32,2791
device5,device5_2791_LeafPhotoA_2025-09-09 11_25_15.281-05_00_leaf.png,3031031,0.01,2791
device5,device5_2792_LeafPhotoA_2025-09-09 11_21_24.578-05_00_leaf.png,5245088,0.09,2792
device5,device5_2792_LeafPhotoA_2025-09-09 11_22_20.588-05_00_leaf.png,4317962,0.02,2792
device5,device5_2792_LeafPhotoA_2025-09-09 11_23_03.034-05_00_leaf.png,3643584,0.01,2792
device5,device5_2793_LeafPhotoA_2025-09-09 11_17_23.061-05_00_leaf.png,4490542,0.15,2793
device5,device5_2793_LeafPhotoA_2025-09-09 11_18_40.595-05_00_leaf.png,4560123,0.22,2793
device5,device5_2793_LeafPhotoA_2025-09-09 11_19_19.936-05_00_leaf.png,3629108,0.11,2793
device5,device5_2794_LeafPhotoA_2025-09-09 11_14_44.812-05_00_leaf.png,2942533,0.05,2794
device5,device5_2794_LeafPhotoA_2025-09-09 11_15_18.380-05_00_leaf.png,3500903,0,2794
device5,device5_2794_LeafPhotoA_2025-09-09 11_16_08.016-05_00_leaf.png,4754202,0.03,2794
device5,device5_2795_LeafPhotoA_2025-09-09 11_12_26.633-05_00_leaf.png,1798097,0.02,2795
device5,device5_2795_LeafPhotoA_2025-09-09 11_13_07.307-05_00_leaf.png,3482329,0,2795
device5,device5_2795_LeafPhotoA_2025-09-09 11_13_55.902-05_00_leaf.png,2844397,0.14,2795
device5,device5_2796_LeafPhotoA_2025-09-09 11_08_23.415-05_00_leaf.png,2343261,0.19,2796
device5,device5_2796_LeafPhotoA_2025-09-09 11_09_54.572-05_00_leaf.png,2864133,0.01,2796
device5,device5_2796_LeafPhotoA_2025-09-09 11_10_28.008-05_00_leaf.png,2374306,0.01,2796
device5,device5_2797_LeafPhotoA_2025-09-09 11_03_59.681-05_00_leaf.png,2791687,0.73,2797
device5,device5_2797_LeafPhotoA_2025-09-09 11_04_47.139-05_00_leaf.png,2758514,0.02,2797
device5,device5_2797_LeafPhotoA_2025-09-09 11_05_20.233-05_00_leaf.png,3207233,0.09,2797
device5,device5_2798_LeafPhotoA_2025-09-09 11_00_47.109-05_00_leaf.png,2414181,0.06,2798
device5,device5_2798_LeafPhotoA_2025-09-09 11_01_30.478-05_00_leaf.png,3199754,0.66,2798
device5,device5_2798_LeafPhotoA_2025-09-09 11_02_03.304-05_00_leaf.png,3781030,0.31,2798
device5,device5_2799_LeafPhotoA_2025-09-09 10_58_49.184-05_00_leaf.png,3135362,0.02,2799
device5,device5_2799_LeafPhotoA_2025-09-09 10_59_24.009-05_00_leaf.png,2536666,0.06,2799
device5,device5_2799_LeafPhotoA_2025-09-09 11_00_03.992-05_00_leaf.png,2960778,0.22,2799
device5,device5_2800_LeafPhotoA_2025-09-09 10_56_35.461-05_00_leaf.png,3089127,0.04,2800
device5,device5_2800_LeafPhotoA_2025-09-09 10_57_07.937-05_00_leaf.png,3421599,0,2800
device5,device5_2800_LeafPhotoA_2025-09-09 10_57_47.642-05_00_leaf.png,4322607,0.04,2800
device5,device5_2923_LeafPhotoA_2025-09-09 16_48_21.302-05_00_leaf.png,3108197,0.28,2923
device5,device5_2923_LeafPhotoA_2025-09-09 16_48_42.436-05_00_leaf.png,4460012,0.25,2923
device5,device5_2923_LeafPhotoA_2025-09-09 16_49_16.333-05_00_leaf.png,5005325,4.45,2923
device5,device5_2924_LeafPhotoA_2025-09-09 16_47_26.716-05_00_leaf.png,4605753,0,2924
device5,device5_2924_LeafPhotoA_2025-09-09 16_47_41.111-05_00_leaf.png,3269210,0.09,2924
device5,device5_2924_LeafPhotoA_2025-09-09 16_47_53.684-05_00_leaf.png,3964926,0.01,2924
device5,device5_2925_LeafPhotoA_2025-09-09 16_46_08.157-05_00_leaf.png,4785245,0.02,2925
device5,device5_2925_LeafPhotoA_2025-09-09 16_46_25.796-05_00_leaf.png,3818909,0.01,2925
device5,device5_2925_LeafPhotoA_2025-09-09 16_46_45.681-05_00_leaf.png,3866771,0.21,2925
device5,device5_2926_LeafPhotoA_2025-09-09 16_44_50.981-05_00_leaf.png,2474735,4.51,2926
device5,device5_2926_LeafPhotoA_2025-09-09 16_45_06.330-05_00_leaf.png,3201768,3.62,2926
device5,device5_2926_LeafPhotoA_2025-09-09 16_45_28.527-05_00_leaf.png,2845765,2.06,2926
device5,device5_2927_LeafPhotoA_2025-09-09 16_43_37.393-05_00_leaf.png,3824321,0.14,2927
device5,device5_2927_LeafPhotoA_2025-09-09 16_43_50.624-05_00_leaf.png,4469604,4.6,2927
device5,device5_2927_LeafPhotoA_2025-09-09 16_44_20.130-05_00_leaf.png,3978778,0.75,2927
device5,device5_2928_LeafPhotoA_2025-09-09 16_42_37.897-05_00_leaf.png,3585595,0.05,2928
device5,device5_2928_LeafPhotoA_2025-09-09 16_42_58.362-05_00_leaf.png,4244052,0.03,2928
device5,device5_2928_LeafPhotoA_2025-09-09 16_43_19.406-05_00_leaf.png,4238486,0.02,2928
device5,device5_2929_LeafPhotoA_2025-09-09 16_40_00.443-05_00_leaf.png,3645769,0.14,2929
device5,device5_2929_LeafPhotoA_2025-09-09 16_40_12.575-05_00_leaf.png,3177498,0.02,2929
device5,device5_2929_LeafPhotoA_2025-09-09 16_41_26.129-05_00_leaf.png,2824376,0.03,2929
device5,device5_2930_LeafPhotoA_2025-09-09 16_38_52.735-05_00_leaf.png,4236917,0.84,2930
device5,device5_2930_LeafPhotoA_2025-09-09 16_39_06.657-05_00_leaf.png,4124808,0.13,2930
device5,device5_2930_LeafPhotoA_2025-09-09 16_39_31.864-05_00_leaf.png,4527100,1.29,2930
device5,device5_2931_LeafPhotoA_2025-09-09 16_37_41.914-05_00_leaf.png,3021928,0.23,2931
device5,device5_2931_LeafPhotoA_2025-09-09 16_37_54.160-05_00_leaf.png,2425382,0.12,2931
device5,device5_2931_LeafPhotoA_2025-09-09 16_38_16.363-05_00_leaf.png,4150836,2.63,2931
device5,device5_2932_LeafPhotoA_2025-09-09 16_36_44.096-05_00_leaf.png,4590442,0.07,2932
device5,device5_2932_LeafPhotoA_2025-09-09 16_37_01.603-05_00_leaf.png,4613053,0.44,2932
device5,device5_2932_LeafPhotoA_2025-09-09 16_37_19.747-05_00_leaf.png,4066506,2.27,2932
device5,device5_2933_LeafPhotoA_2025-09-09 16_35_09.095-05_00_leaf.png,3840897,0.01,2933
device5,device5_2933_LeafPhotoA_2025-09-09 16_35_43.009-05_00_leaf.png,4063545,0,2933
device5,device5_2933_LeafPhotoA_2025-09-09 16_35_56.335-05_00_leaf.png,4518932,0.02,2933
device5,device5_2934_LeafPhotoA_2025-09-09 16_34_19.842-05_00_leaf.png,2740184,0.04,2934
device5,device5_2934_LeafPhotoA_2025-09-09 16_34_35.076-05_00_leaf.png,3258698,0.26,2934
device5,device5_2934_LeafPhotoA_2025-09-09 16_34_47.888-05_00_leaf.png,3222529,0.14,2934
device5,device5_2935_LeafPhotoA_2025-09-09 16_33_20.557-05_00_leaf.png,3841782,0.02,2935
device5,device5_2935_LeafPhotoA_2025-09-09 16_33_34.724-05_00_leaf.png,3195240,0.01,2935
device5,device5_2935_LeafPhotoA_2025-09-09 16_33_59.373-05_00_leaf.png,4218650,0.01,2935
device5,device5_2937_LeafPhotoA_2025-09-09 16_32_19.810-05_00_leaf.png,2489845,0.23,2937
device5,device5_2937_LeafPhotoA_2025-09-09 16_32_32.846-05_00_leaf.png,2085867,0.03,2937
device5,device5_2937_LeafPhotoA_2025-09-09 16_32_48.737-05_00_leaf.png,2256805,0.04,2937
device5,device5_2938_LeafPhotoA_2025-09-09 16_31_33.993-05_00_leaf.png,3673976,6.54,2938
device5,device5_2938_LeafPhotoA_2025-09-09 16_31_49.085-05_00_leaf.png,3819269,6.69,2938
device5,device5_2938_LeafPhotoA_2025-09-09 16_32_02.951-05_00_leaf.png,4545133,6.11,2938
device5,device5_2939_LeafPhotoA_2025-09-09 16_30_52.388-05_00_leaf.png,2280820,0.03,2939
device5,device5_2939_LeafPhotoA_2025-09-09 16_31_04.280-05_00_leaf.png,2798254,0.01,2939
device5,device5_2939_LeafPhotoA_2025-09-09 16_31_18.809-05_00_leaf.png,2924956,0.85,2939
device5,device5_2940_LeafPhotoA_2025-09-09 16_29_47.690-05_00_leaf.png,3776968,0.34,2940
device5,device5_2940_LeafPhotoA_2025-09-09 16_30_13.533-05_00_leaf.png,3089907,0.08,2940
device5,device5_2940_LeafPhotoA_2025-09-09 16_30_26.327-05_00_leaf.png,2465211,0.12,2940
device5,device5_2941_LeafPhotoA_2025-09-09 16_28_44.280-05_00_leaf.png,2969526,0,2941
device5,device5_2941_LeafPhotoA_2025-09-09 16_28_59.691-05_00_leaf.png,4700732,0.22,2941
device5,device5_2941_LeafPhotoA_2025-09-09 16_29_21.629-05_00_leaf.png,3718914,0.08,2941
device5,device5_2942_LeafPhotoA_2025-09-09 16_27_26.746-05_00_leaf.png,3367028,6.47,2942
device5,device5_2942_LeafPhotoA_2025-09-09 16_27_44.669-05_00_leaf.png,3493082,0.21,2942
device5,device5_2942_LeafPhotoA_2025-09-09 16_28_15.119-05_00_leaf.png,3473041,2.92,2942
device5,device5_2944_LeafPhotoA_2025-09-09 16_26_04.577-05_00_leaf.png,1473130,0.03,2944
device5,device5_2944_LeafPhotoA_2025-09-09 16_26_32.815-05_00_leaf.png,1288690,0.15,2944
device5,device5_2944_LeafPhotoA_2025-09-09 16_26_45.347-05_00_leaf.png,1371654,0.23,2944
device5,device5_2945_LeafPhotoA_2025-09-09 16_25_09.044-05_00_leaf.png,2981164,0.81,2945
device5,device5_2945_LeafPhotoA_2025-09-09 16_25_28.384-05_00_leaf.png,3459007,0.36,2945
device5,device5_2945_LeafPhotoA_2025-09-09 16_25_42.400-05_00_leaf.png,4001709,2.89,2945
device5,device5_2946_LeafPhotoA_2025-09-09 16_24_18.391-05_00_leaf.png,4133254,0.09,2946
device5,device5_2946_LeafPhotoA_2025-09-09 16_24_34.125-05_00_leaf.png,4060260,0.13,2946
device5,device5_2946_LeafPhotoA_2025-09-09 16_24_45.870-05_00_leaf.png,3356310,0.12,2946
device5,device5_2947_LeafPhotoA_2025-09-09 16_23_20.019-05_00_leaf.png,3900890,0.3,2947
device5,device5_2947_LeafPhotoA_2025-09-09 16_23_43.498-05_00_leaf.png,3471827,0.07,2947
device5,device5_2947_LeafPhotoA_2025-09-09 16_23_57.838-05_00_leaf.png,4522687,0.38,2947
device5,device5_2948_LeafPhotoA_2025-09-09 16_22_18.781-05_00_leaf.png,5384702,0.02,2948
device5,device5_2948_LeafPhotoA_2025-09-09 16_22_43.434-05_00_leaf.png,5057726,0.12,2948
device5,device5_2948_LeafPhotoA_2025-09-09 16_22_53.859-05_00_leaf.png,3528968,0.03,2948
device5,device5_2949_LeafPhotoA_2025-09-09 16_21_26.314-05_00_leaf.png,3941279,0.09,2949
device5,device5_2949_LeafPhotoA_2025-09-09 16_21_45.401-05_00_leaf.png,4112046,0.08,2949
device5,device5_2949_LeafPhotoA_2025-09-09 16_22_01.225-05_00_leaf.png,3832858,0.03,2949
device5,device5_2950_LeafPhotoA_2025-09-09 16_20_26.713-05_00_leaf.png,3992892,0,2950
device5,device5_2950_LeafPhotoA_2025-09-09 16_20_43.306-05_00_leaf.png,3428971,0.59,2950
device5,device5_2950_LeafPhotoA_2025-09-09 16_20_58.442-05_00_leaf.png,2869119,0.48,2950
device6,device6_1151_LeafPhotoA_2025-09-08 16_59_29.011-05_00_leaf.png,3586788,0,1151
device6,device6_1151_LeafPhotoA_2025-09-08 17_00_01.150-05_00_leaf.png,3723923,1.4,1151
device6,device6_1151_LeafPhotoA_2025-09-08 17_00_17.575-05_00_leaf.png,3704947,0.05,1151
device6,device6_1152_LeafPhotoA_2025-09-08 16_57_46.339-05_00_leaf.png,2308224,2.55,1152
device6,device6_1152_LeafPhotoA_2025-09-08 16_58_21.742-05_00_leaf.png,2075020,0.28,1152
device6,device6_1152_LeafPhotoA_2025-09-08 16_58_45.213-05_00_leaf.png,3707748,0.28,1152
device6,device6_1153_LeafPhotoA_2025-09-08 16_56_31.378-05_00_leaf.png,1087349,0.21,1153
device6,device6_1153_LeafPhotoA_2025-09-08 16_56_51.165-05_00_leaf.png,1943882,0.01,1153
device6,device6_1153_LeafPhotoA_2025-09-08 16_57_12.409-05_00_leaf.png,2232953,0.04,1153
device6,device6_1154_LeafPhotoA_2025-09-08 16_55_14.008-05_00_leaf.png,2438984,0.01,1154
device6,device6_1154_LeafPhotoA_2025-09-08 16_55_32.237-05_00_leaf.png,1955942,0,1154
device6,device6_1154_LeafPhotoA_2025-09-08 16_55_54.587-05_00_leaf.png,1783680,0.01,1154
device6,device6_1155_LeafPhotoA_2025-09-08 16_53_26.883-05_00_leaf.png,3130608,0.05,1155
device6,device6_1155_LeafPhotoA_2025-09-08 16_53_48.092-05_00_leaf.png,3582222,0.09,1155
device6,device6_1155_LeafPhotoA_2025-09-08 16_54_35.831-05_00_leaf.png,3233646,0.01,1155
device6,device6_1156_LeafPhotoA_2025-09-08 16_51_40.451-05_00_leaf.png,3401556,0.07,1156
device6,device6_1156_LeafPhotoA_2025-09-08 16_52_15.162-05_00_leaf.png,2678299,0.07,1156
device6,device6_1156_LeafPhotoA_2025-09-08 16_52_57.211-05_00_leaf.png,3352697,0.32,1156
device6,device6_1157_LeafPhotoA_2025-09-08 16_50_24.357-05_00_leaf.png,3059719,1.3,1157
device6,device6_1157_LeafPhotoA_2025-09-08 16_50_48.963-05_00_leaf.png,2608824,1.01,1157
device6,device6_1157_LeafPhotoA_2025-09-08 16_51_09.176-05_00_leaf.png,2827705,0.2,1157
device6,device6_1158_LeafPhotoA_2025-09-08 16_48_52.735-05_00_leaf.png,3089967,1.16,1158
device6,device6_1158_LeafPhotoA_2025-09-08 16_49_27.616-05_00_leaf.png,2945421,1.14,1158
device6,device6_1158_LeafPhotoA_2025-09-08 16_49_58.058-05_00_leaf.png,2671937,0.03,1158
device6,device6_1159_LeafPhotoA_2025-09-08 16_47_54.035-05_00_leaf.png,3864164,0.01,1159
device6,device6_1159_LeafPhotoA_2025-09-08 16_48_08.020-05_00_leaf.png,3104727,0.04,1159
device6,device6_1159_LeafPhotoA_2025-09-08 16_48_24.109-05_00_leaf.png,3468431,1.13,1159
device6,device6_1160_LeafPhotoA_2025-09-08 16_46_05.404-05_00_leaf.png,4384033,1.46,1160
device6,device6_1160_LeafPhotoA_2025-09-08 16_46_51.942-05_00_leaf.png,3546598,0.04,1160
device6,device6_1160_LeafPhotoA_2025-09-08 16_47_23.883-05_00_leaf.png,4205893,9.49,1160
device6,device6_1161_LeafPhotoA_2025-09-08 16_45_12.965-05_00_leaf.png,2647820,0.33,1161
device6,device6_1161_LeafPhotoA_2025-09-08 16_45_23.833-05_00_leaf.png,1389372,0.12,1161
device6,device6_1161_LeafPhotoA_2025-09-08 16_45_39.714-05_00_leaf.png,3838690,0,1161
device6,device6_1162_LeafPhotoA_2025-09-08 16_43_44.001-05_00_leaf.png,3303609,2.77,1162
device6,device6_1162_LeafPhotoA_2025-09-08 16_44_28.928-05_00_leaf.png,2233540,0.06,1162
device6,device6_1162_LeafPhotoA_2025-09-08 16_44_44.447-05_00_leaf.png,3305297,0.07,1162
device6,device6_1163_LeafPhotoA_2025-09-08 16_42_10.758-05_00_leaf.png,1293833,0.09,1163
device6,device6_1163_LeafPhotoA_2025-09-08 16_42_34.304-05_00_leaf.png,195354,12.35,1163
device6,device6_1163_LeafPhotoA_2025-09-08 16_43_05.979-05_00_leaf.png,2269303,1.7,1163
device6,device6_1164_LeafPhotoA_2025-09-08 16_41_07.769-05_00_leaf.png,2551384,0.02,1164
device6,device6_1164_LeafPhotoA_2025-09-08 16_41_25.344-05_00_leaf.png,3200150,0.01,1164
device6,device6_1164_LeafPhotoA_2025-09-08 16_41_39.534-05_00_leaf.png,1985627,0,1164
device6,device6_1165_LeafPhotoA_2025-09-08 16_39_18.501-05_00_leaf.png,3071145,0.38,1165
device6,device6_1165_LeafPhotoA_2025-09-08 16_39_46.444-05_00_leaf.png,3400444,0.11,1165
device6,device6_1165_LeafPhotoA_2025-09-08 16_40_06.930-05_00_leaf.png,3000490,0.01,1165
device6,device6_1166_LeafPhotoA_2025-09-08 16_38_04.088-05_00_leaf.png,1674541,0,1166
device6,device6_1166_LeafPhotoA_2025-09-08 16_38_17.988-05_00_leaf.png,3004618,0,1166
device6,device6_1166_LeafPhotoA_2025-09-08 16_38_31.082-05_00_leaf.png,976583,0.01,1166
device6,device6_1167_LeafPhotoA_2025-09-08 16_36_51.710-05_00_leaf.png,2417560,0.13,1167
device6,device6_1167_LeafPhotoA_2025-09-08 16_37_11.962-05_00_leaf.png,2356317,0.38,1167
device6,device6_1167_LeafPhotoA_2025-09-08 16_37_34.329-05_00_leaf.png,8040481,9.01,1167
device6,device6_1168_LeafPhotoA_2025-09-08 16_35_21.707-05_00_leaf.png,2598545,0.17,1168
device6,device6_1168_LeafPhotoA_2025-09-08 16_35_40.609-05_00_leaf.png,3117374,0.8,1168
device6,device6_1168_LeafPhotoA_2025-09-08 16_36_01.267-05_00_leaf.png,3551873,0.07,1168
device6,device6_1169_LeafPhotoA_2025-09-08 16_34_08.310-05_00_leaf.png,2245086,0,1169
device6,device6_1169_LeafPhotoA_2025-09-08 16_34_32.395-05_00_leaf.png,1666384,0,1169
device6,device6_1169_LeafPhotoA_2025-09-08 16_34_51.077-05_00_leaf.png,1844988,0.05,1169
device6,device6_1170_LeafPhotoA_2025-09-08 16_32_45.562-05_00_leaf.png,2165371,0.02,1170
device6,device6_1170_LeafPhotoA_2025-09-08 16_33_09.280-05_00_leaf.png,1715080,0.12,1170
device6,device6_1170_LeafPhotoA_2025-09-08 16_33_32.773-05_00_leaf.png,1615584,0.02,1170
device6,device6_1171_LeafPhotoA_2025-09-08 16_30_33.870-05_00_leaf.png,3800485,0.26,1171
device6,device6_1171_LeafPhotoA_2025-09-08 16_31_27.281-05_00_leaf.png,2812757,0,1171
device6,device6_1171_LeafPhotoA_2025-09-08 16_32_06.873-05_00_leaf.png,3257787,0.12,1171
device6,device6_1172_LeafPhotoA_2025-09-08 16_28_54.331-05_00_leaf.png,3407116,0.01,1172
device6,device6_1172_LeafPhotoA_2025-09-08 16_29_18.586-05_00_leaf.png,1982775,0,1172
device6,device6_1172_LeafPhotoA_2025-09-08 16_30_06.055-05_00_leaf.png,3276730,0.03,1172
device6,device6_1173_LeafPhotoA_2025-09-08 16_27_48.628-05_00_leaf.png,3272406,1.01,1173
device6,device6_1173_LeafPhotoA_2025-09-08 16_28_11.383-05_00_leaf.png,2865229,1,1173
device6,device6_1173_LeafPhotoA_2025-09-08 16_28_29.349-05_00_leaf.png,2627703,0.43,1173
device6,device6_1174_LeafPhotoA_2025-09-08 16_26_09.463-05_00_leaf.png,3373166,0,1174
device6,device6_1174_LeafPhotoA_2025-09-08 16_26_26.879-05_00_leaf.png,3621307,0,1174
device6,device6_1174_LeafPhotoA_2025-09-08 16_26_52.134-05_00_leaf.png,3821935,0.01,1174
device6,device6_1175_LeafPhotoA_2025-09-08 16_24_37.781-05_00_leaf.png,2316561,0.09,1175
device6,device6_1175_LeafPhotoA_2025-09-08 16_25_03.869-05_00_leaf.png,2859170,0,1175
device6,device6_1175_LeafPhotoA_2025-09-08 16_25_27.149-05_00_leaf.png,2020198,0.02,1175
device6,device6_1176_LeafPhotoA_2025-09-08 16_22_58.961-05_00_leaf.png,4670716,0.01,1176
device6,device6_1176_LeafPhotoA_2025-09-08 16_23_35.938-05_00_leaf.png,4529561,0.35,1176
device6,device6_1176_LeafPhotoA_2025-09-08 16_24_00.200-05_00_leaf.png,4429496,0.01,1176
device6,device6_1177_LeafPhotoA_2025-09-08 16_21_29.985-05_00_leaf.png,4485790,7.75,1177
device6,device6_1177_LeafPhotoA_2025-09-08 16_21_52.403-05_00_leaf.png,3297932,0.05,1177
device6,device6_1177_LeafPhotoA_2025-09-08 16_22_14.380-05_00_leaf.png,2097476,1.14,1177
device6,device6_1178_LeafPhotoA_2025-09-08 16_19_24.244-05_00_leaf.png,2589603,1.21,1178
device6,device6_1178_LeafPhotoA_2025-09-08 16_19_57.203-05_00_leaf.png,3784901,0.4,1178
device6,device6_1178_LeafPhotoA_2025-09-08 16_20_21.931-05_00_leaf.png,3911422,0.15,1178
device6,device6_1179_LeafPhotoA_2025-09-08 16_17_18.972-05_00_leaf.png,2584075,0.05,1179
device6,device6_1179_LeafPhotoA_2025-09-08 16_17_37.143-05_00_leaf.png,3218619,0,1179
device6,device6_1179_LeafPhotoA_2025-09-08 16_18_00.937-05_00_leaf.png,3593509,0.05,1179
device6,device6_1180_LeafPhotoA_2025-09-08 16_14_42.983-05_00_leaf.png,3375182,0.53,1180
device6,device6_1180_LeafPhotoA_2025-09-08 16_15_10.466-05_00_leaf.png,3003360,0.58,1180
device6,device6_1180_LeafPhotoA_2025-09-08 16_15_29.779-05_00_leaf.png,2895073,0.04,1180
device6,device6_1181_LeafPhotoA_2025-09-08 16_13_30.089-05_00_leaf.png,2871254,1.67,1181
device6,device6_1181_LeafPhotoA_2025-09-08 16_13_46.902-05_00_leaf.png,3159102,0.56,1181
device6,device6_1181_LeafPhotoA_2025-09-08 16_14_15.468-05_00_leaf.png,3188440,0.38,1181
device6,device6_1182_LeafPhotoA_2025-09-08 16_12_25.242-05_00_leaf.png,2138403,0.05,1182
device6,device6_1182_LeafPhotoA_2025-09-08 16_12_39.461-05_00_leaf.png,2121964,0,1182
device6,device6_1182_LeafPhotoA_2025-09-08 16_12_58.388-05_00_leaf.png,1614757,0,1182
device6,device6_1183_LeafPhotoA_2025-09-08 16_10_25.603-05_00_leaf.png,4395065,0.94,1183
device6,device6_1183_LeafPhotoA_2025-09-08 16_10_58.782-05_00_leaf.png,3750618,0.61,1183
device6,device6_1183_LeafPhotoA_2025-09-08 16_11_43.574-05_00_leaf.png,3335864,3.77,1183
device6,device6_1184_LeafPhotoA_2025-09-08 16_08_30.015-05_00_leaf.png,2404105,0.76,1184
device6,device6_1184_LeafPhotoA_2025-09-08 16_08_54.473-05_00_leaf.png,2195764,0.51,1184
device6,device6_1184_LeafPhotoA_2025-09-08 16_09_22.530-05_00_leaf.png,2254579,1.55,1184
device6,device6_1185_LeafPhotoA_2025-09-08 16_07_03.874-05_00_leaf.png,4610856,0,1185
device6,device6_1185_LeafPhotoA_2025-09-08 16_07_28.096-05_00_leaf.png,5755056,0.03,1185
device6,device6_1185_LeafPhotoA_2025-09-08 16_07_58.771-05_00_leaf.png,3785814,0,1185
device6,device6_1186_LeafPhotoA_2025-09-08 16_05_12.767-05_00_leaf.png,4356138,0.12,1186
device6,device6_1186_LeafPhotoA_2025-09-08 16_05_34.142-05_00_leaf.png,4174480,0.09,1186
device6,device6_1186_LeafPhotoA_2025-09-08 16_05_54.823-05_00_leaf.png,3586369,0,1186
device6,device6_1187_LeafPhotoA_2025-09-08 16_02_51.706-05_00_leaf.png,3850429,0,1187
device6,device6_1187_LeafPhotoA_2025-09-08 16_03_30.325-05_00_leaf.png,3361784,0.01,1187
device6,device6_1187_LeafPhotoA_2025-09-08 16_04_03.683-05_00_leaf.png,4571217,0,1187
device6,device6_1188_LeafPhotoA_2025-09-08 16_01_18.490-05_00_leaf.png,3748251,0.23,1188
device6,device6_1188_LeafPhotoA_2025-09-08 16_01_44.544-05_00_leaf.png,3129624,3.36,1188
device6,device6_1188_LeafPhotoA_2025-09-08 16_02_11.270-05_00_leaf.png,2765008,0.63,1188
device6,device6_1189_LeafPhotoA_2025-09-08 15_58_05.450-05_00_leaf.png,1809354,0.18,1189
device6,device6_1189_LeafPhotoA_2025-09-08 15_58_26.047-05_00_leaf.png,1722027,0.4,1189
device6,device6_1189_LeafPhotoA_2025-09-08 15_59_09.423-05_00_leaf.png,1744341,0.25,1189
device6,device6_1190_LeafPhotoA_2025-09-08 15_56_14.852-05_00_leaf.png,5049813,2.06,1190
device6,device6_1190_LeafPhotoA_2025-09-08 15_56_54.318-05_00_leaf.png,4315469,0.07,1190
device6,device6_1190_LeafPhotoA_2025-09-08 15_57_15.298-05_00_leaf.png,4737637,0,1190
device6,device6_1191_LeafPhotoA_2025-09-08 15_53_40.792-05_00_leaf.png,4998784,8.29,1191
device6,device6_1191_LeafPhotoA_2025-09-08 15_54_08.755-05_00_leaf.png,2360657,0.19,1191
device6,device6_1191_LeafPhotoA_2025-09-08 15_54_25.154-05_00_leaf.png,2240919,0,1191
device6,device6_1192_LeafPhotoA_2025-09-08 15_52_20.871-05_00_leaf.png,4145587,0.18,1192
device6,device6_1192_LeafPhotoA_2025-09-08 15_52_44.412-05_00_leaf.png,4491566,0.15,1192
device6,device6_1192_LeafPhotoA_2025-09-08 15_53_09.891-05_00_leaf.png,3756224,0.33,1192
device6,device6_1193_LeafPhotoA_2025-09-08 15_50_58.786-05_00_leaf.png,2467733,0.03,1193
device6,device6_1193_LeafPhotoA_2025-09-08 15_51_23.244-05_00_leaf.png,2835911,0.84,1193
device6,device6_1193_LeafPhotoA_2025-09-08 15_51_41.936-05_00_leaf.png,2016217,0,1193
device6,device6_1194_LeafPhotoA_2025-09-08 15_49_13.610-05_00_leaf.png,3132766,0.17,1194
device6,device6_1194_LeafPhotoA_2025-09-08 15_49_50.617-05_00_leaf.png,4115330,0,1194
device6,device6_1194_LeafPhotoA_2025-09-08 15_50_20.191-05_00_leaf.png,2045350,1.78,1194
device6,device6_1195_LeafPhotoA_2025-09-08 15_47_39.608-05_00_leaf.png,3103214,0.18,1195
device6,device6_1195_LeafPhotoA_2025-09-08 15_48_23.868-05_00_leaf.png,2994126,0.02,1195
device6,device6_1196_LeafPhotoA_2025-09-08 15_45_29.366-05_00_leaf.png,4292162,0.19,1196
device6,device6_1196_LeafPhotoA_2025-09-08 15_46_27.438-05_00_leaf.png,2622070,0.31,1196
device6,device6_1196_LeafPhotoA_2025-09-08 15_47_01.365-05_00_leaf.png,3367683,0.86,1196
device6,device6_1197_LeafPhotoA_2025-09-08 15_42_33.635-05_00_leaf.png,1497395,0,1197
device6,device6_1197_LeafPhotoA_2025-09-08 15_43_16.821-05_00_leaf.png,1303835,0,1197
device6,device6_1197_LeafPhotoA_2025-09-08 15_43_50.293-05_00_leaf.png,1113768,0.05,1197
device6,device6_1199_LeafPhotoA_2025-09-08 17_02_26.759-05_00_leaf.png,4806472,0.08,1199
device6,device6_1199_LeafPhotoA_2025-09-08 17_02_43.707-05_00_leaf.png,3462117,0.01,1199
device6,device6_1199_LeafPhotoA_2025-09-08 17_03_02.869-05_00_leaf.png,3980164,1.72,1199
device6,device6_1200_LeafPhotoA_2025-09-08 17_00_53.346-05_00_leaf.png,5095437,0,1200
device6,device6_1200_LeafPhotoA_2025-09-08 17_01_20.552-05_00_leaf.png,4718099,0,1200
device6,device6_1200_LeafPhotoA_2025-09-08 17_01_52.096-05_00_leaf.png,3812571,0.01,1200
device6,device6_1601_LeafPhotoA_2025-09-09 10_49_03.891-05_00_leaf.png,3947124,0.01,1601
device6,device6_1601_LeafPhotoA_2025-09-09 10_49_28.982-05_00_leaf.png,3108412,0,1601
device6,device6_1601_LeafPhotoA_2025-09-09 10_49_58.783-05_00_leaf.png,4559198,0.28,1601
device6,device6_1602_LeafPhotoA_2025-09-09 10_50_29.978-05_00_leaf.png,2656140,0,1602
device6,device6_1602_LeafPhotoA_2025-09-09 10_51_03.780-05_00_leaf.png,3078412,0,1602
device6,device6_1602_LeafPhotoA_2025-09-09 10_51_55.488-05_00_leaf.png,3266524,0,1602
device6,device6_1603_LeafPhotoA_2025-09-09 08_56_04.202-05_00_leaf.png,3021684,0.26,1603
device6,device6_1603_LeafPhotoA_2025-09-09 08_56_39.137-05_00_leaf.png,2111806,0.24,1603
device6,device6_1603_LeafPhotoA_2025-09-09 08_58_23.722-05_00_leaf.png,1920082,0.58,1603
device6,device6_1604_LeafPhotoA_2025-09-09 08_59_55.363-05_00_leaf.png,4457176,1.2,1604
device6,device6_1604_LeafPhotoA_2025-09-09 09_02_28.515-05_00_leaf.png,2337019,0.07,1604
device6,device6_1604_LeafPhotoA_2025-09-09 09_03_22.178-05_00_leaf.png,5120551,2.07,1604
device6,device6_1604_LeafPhotoA_2025-09-09 09_03_46.692-05_00_leaf.png,4869072,2.87,1604
device6,device6_1605_LeafPhotoA_2025-09-09 09_07_08.633-05_00_leaf.png,4698658,0.03,1605
device6,device6_1605_LeafPhotoA_2025-09-09 09_08_08.350-05_00_leaf.png,3977477,0.12,1605
device6,device6_1605_LeafPhotoA_2025-09-09 09_08_54.638-05_00_leaf.png,5330389,0.11,1605
device6,device6_1605_LeafPhotoA_2025-09-09 09_11_26.299-05_00_leaf.png,4236391,1.82,1605
device6,device6_1606_LeafPhotoA_2025-09-09 09_19_10.085-05_00_leaf.png,4222448,0.29,1606
device6,device6_1606_LeafPhotoA_2025-09-09 09_19_47.493-05_00_leaf.png,3781785,0.04,1606
device6,device6_1606_LeafPhotoA_2025-09-09 09_20_21.427-05_00_leaf.png,4082623,0.01,1606
device6,device6_1607_LeafPhotoA_2025-09-09 09_21_05.102-05_00_leaf.png,2662461,4.8,1607
device6,device6_1607_LeafPhotoA_2025-09-09 09_21_41.813-05_00_leaf.png,8043440,10.85,1607
device6,device6_1607_LeafPhotoA_2025-09-09 09_22_36.201-05_00_leaf.png,3973019,0.09,1607
device6,device6_1608_LeafPhotoA_2025-09-09 09_23_59.629-05_00_leaf.png,3512372,0.2,1608
device6,device6_1608_LeafPhotoA_2025-09-09 09_25_43.474-05_00_leaf.png,2963229,0.01,1608
device6,device6_1608_LeafPhotoA_2025-09-09 09_26_21.821-05_00_leaf.png,3426125,0,1608
device6,device6_1610_LeafPhotoA_2025-09-09 09_28_37.610-05_00_leaf.png,3824111,0.28,1610
device6,device6_1610_LeafPhotoA_2025-09-09 09_29_22.300-05_00_leaf.png,3608753,0.01,1610
device6,device6_1610_LeafPhotoA_2025-09-09 09_29_35.116-05_00_leaf.png,3085117,0.11,1610
device6,device6_1610_LeafPhotoA_2025-09-09 09_31_08.461-05_00_leaf.png,3900545,0.1,1610
device6,device6_1611_LeafPhotoA_2025-09-09 09_31_44.422-05_00_leaf.png,2683753,7.25,1611
device6,device6_1611_LeafPhotoA_2025-09-09 09_32_43.080-05_00_leaf.png,3383696,0,1611
device6,device6_1611_LeafPhotoA_2025-09-09 09_33_17.486-05_00_leaf.png,3361219,1.34,1611
device6,device6_1613_LeafPhotoA_2025-09-09 09_34_58.350-05_00_leaf.png,2267369,0.4,1613
device6,device6_1613_LeafPhotoA_2025-09-09 09_35_12.971-05_00_leaf.png,2793888,0.04,1613
device6,device6_1613_LeafPhotoA_2025-09-09 09_35_32.143-05_00_leaf.png,2137294,0,1613
device6,device6_1615_LeafPhotoA_2025-09-09 09_37_05.908-05_00_leaf.png,2695422,0.31,1615
device6,device6_1615_LeafPhotoA_2025-09-09 09_38_18.951-05_00_leaf.png,2821765,0.01,1615
device6,device6_1615_LeafPhotoA_2025-09-09 09_38_30.259-05_00_leaf.png,2822293,0.01,1615
device6,device6_1615_LeafPhotoA_2025-09-09 09_39_37.565-05_00_leaf.png,2985690,0.6,1615
device6,device6_1616_LeafPhotoA_2025-09-09 09_40_32.568-05_00_leaf.png,3784348,0.19,1616
device6,device6_1616_LeafPhotoA_2025-09-09 09_41_23.675-05_00_leaf.png,4251861,0.29,1616
device6,device6_1617_LeafPhotoA_2025-09-09 09_43_21.124-05_00_leaf.png,4388148,0.96,1617
device6,device6_1617_LeafPhotoA_2025-09-09 09_43_56.607-05_00_leaf.png,3310896,0.12,1617
device6,device6_1617_LeafPhotoA_2025-09-09 09_44_34.252-05_00_leaf.png,1293920,0,1617
device6,device6_1618_LeafPhotoA_2025-09-09 09_45_16.572-05_00_leaf.png,3875362,0.06,1618
device6,device6_1618_LeafPhotoA_2025-09-09 09_45_45.857-05_00_leaf.png,3537154,0.02,1618
device6,device6_1618_LeafPhotoA_2025-09-09 09_46_05.379-05_00_leaf.png,3804648,0.03,1618
device6,device6_1619_LeafPhotoA_2025-09-09 09_48_07.339-05_00_leaf.png,2778098,0.14,1619
device6,device6_1619_LeafPhotoA_2025-09-09 09_48_45.939-05_00_leaf.png,3347393,0.25,1619
device6,device6_1619_LeafPhotoA_2025-09-09 09_49_42.512-05_00_leaf.png,3632662,0.46,1619
device6,device6_1620_LeafPhotoA_2025-09-09 09_50_13.474-05_00_leaf.png,5176558,0.2,1620
device6,device6_1620_LeafPhotoA_2025-09-09 09_50_41.110-05_00_leaf.png,4104346,0.04,1620
device6,device6_1620_LeafPhotoA_2025-09-09 09_51_32.614-05_00_leaf.png,4752164,0.3,1620
device6,device6_1621_LeafPhotoA_2025-09-09 09_52_05.240-05_00_leaf.png,4798858,0.02,1621
device6,device6_1621_LeafPhotoA_2025-09-09 09_52_43.936-05_00_leaf.png,2565047,0.26,1621
device6,device6_1621_LeafPhotoA_2025-09-09 09_53_07.351-05_00_leaf.png,2939740,1.89,1621
device6,device6_1622_LeafPhotoA_2025-09-09 09_56_01.433-05_00_leaf.png,2315699,85.98,1622
device6,device6_1622_LeafPhotoA_2025-09-09 09_56_37.304-05_00_leaf.png,2398857,0.08,1622
device6,device6_1623_LeafPhotoA_2025-09-09 09_57_08.756-05_00_leaf.png,3457845,0.31,1623
device6,device6_1623_LeafPhotoA_2025-09-09 09_57_37.816-05_00_leaf.png,3960233,0.03,1623
device6,device6_1623_LeafPhotoA_2025-09-09 09_58_46.896-05_00_leaf.png,4716007,0.2,1623
device6,device6_1625_LeafPhotoA_2025-09-09 10_00_36.678-05_00_leaf.png,2818773,0.66,1625
device6,device6_1625_LeafPhotoA_2025-09-09 10_01_11.467-05_00_leaf.png,3551370,0.01,1625
device6,device6_1625_LeafPhotoA_2025-09-09 10_02_28.135-05_00_leaf.png,4320054,0.42,1625
device6,device6_1626_LeafPhotoA_2025-09-09 10_02_55.500-05_00_leaf.png,3885230,0.86,1626
device6,device6_1626_LeafPhotoA_2025-09-09 10_03_50.260-05_00_leaf.png,2168900,0.04,1626
device6,device6_1626_LeafPhotoA_2025-09-09 10_04_08.926-05_00_leaf.png,2418322,0.16,1626
device6,device6_1626_LeafPhotoA_2025-09-09 10_04_33.689-05_00_leaf.png,3173647,0.03,1626
device6,device6_1627_LeafPhotoA_2025-09-09 10_06_34.203-05_00_leaf.png,4727663,0.01,1627
device6,device6_1628_LeafPhotoA_2025-09-09 10_07_53.973-05_00_leaf.png,3837770,0.86,1628
device6,device6_1628_LeafPhotoA_2025-09-09 10_08_59.380-05_00_leaf.png,3813916,0.08,1628
device6,device6_1628_LeafPhotoA_2025-09-09 10_09_26.590-05_00_leaf.png,3540608,0.07,1628
device6,device6_1629_LeafPhotoA_2025-09-09 10_10_01.561-05_00_leaf.png,2426411,0.01,1629
device6,device6_1629_LeafPhotoA_2025-09-09 10_11_31.349-05_00_leaf.png,3630343,0.05,1629
device6,device6_1629_LeafPhotoA_2025-09-09 10_11_44.104-05_00_leaf.png,3642204,0,1629
device6,device6_1631_LeafPhotoA_2025-09-09 10_13_12.245-05_00_leaf.png,5523610,0.09,1631
device6,device6_1631_LeafPhotoA_2025-09-09 10_14_01.203-05_00_leaf.png,2638147,0.02,1631
device6,device6_1631_LeafPhotoA_2025-09-09 10_15_18.728-05_00_leaf.png,4651390,0.03,1631
device6,device6_1633_LeafPhotoA_2025-09-09 10_16_57.625-05_00_leaf.png,3772727,0.06,1633
device6,device6_1633_LeafPhotoA_2025-09-09 10_17_21.309-05_00_leaf.png,3065790,0.02,1633
device6,device6_1633_LeafPhotoA_2025-09-09 10_17_41.711-05_00_leaf.png,3630249,0.07,1633
device6,device6_1635_LeafPhotoA_2025-09-09 10_18_49.238-05_00_leaf.png,6077601,4.08,1635
device6,device6_1635_LeafPhotoA_2025-09-09 10_19_16.522-05_00_leaf.png,4306281,1,1635
device6,device6_1635_LeafPhotoA_2025-09-09 10_20_03.665-05_00_leaf.png,6517487,39.03,1635
device6,device6_1637_LeafPhotoA_2025-09-09 10_20_54.445-05_00_leaf.png,4505522,1.99,1637
device6,device6_1637_LeafPhotoA_2025-09-09 10_21_26.140-05_00_leaf.png,4211768,0.07,1637
device6,device6_1637_LeafPhotoA_2025-09-09 10_22_02.714-05_00_leaf.png,4177527,1.38,1637
device6,device6_1637_LeafPhotoA_2025-09-09 10_22_19.551-05_00_leaf.png,4009929,1.91,1637
device6,device6_1637_LeafPhotoA_2025-09-09 10_22_42.671-05_00_leaf.png,4795585,0.04,1637
device6,device6_1638_LeafPhotoA_2025-09-09 10_23_45.018-05_00_leaf.png,3684098,0,1638
device6,device6_1638_LeafPhotoA_2025-09-09 10_24_55.772-05_00_leaf.png,4368595,0.73,1638
device6,device6_1638_LeafPhotoA_2025-09-09 10_25_18.118-05_00_leaf.png,3971513,0,1638
device6,device6_1638_LeafPhotoA_2025-09-09 10_27_46.342-05_00_leaf.png,4669884,2.39,1638
device6,device6_1639_LeafPhotoA_2025-09-09 10_26_20.214-05_00_leaf.png,3557840,0.28,1639
device6,device6_1640_LeafPhotoA_2025-09-09 10_29_02.998-05_00_leaf.png,4319676,2.66,1640
device6,device6_1640_LeafPhotoA_2025-09-09 10_29_25.116-05_00_leaf.png,3904723,0.87,1640
device6,device6_1640_LeafPhotoA_2025-09-09 10_29_49.970-05_00_leaf.png,3106368,0.14,1640
device6,device6_1641_LeafPhotoA_2025-09-09 10_30_20.507-05_00_leaf.png,3509880,0.01,1641
device6,device6_1641_LeafPhotoA_2025-09-09 10_30_56.504-05_00_leaf.png,4181237,0.06,1641
device6,device6_1641_LeafPhotoA_2025-09-09 10_31_26.075-05_00_leaf.png,4384762,0.08,1641
device6,device6_1642_LeafPhotoA_2025-09-09 10_32_36.943-05_00_leaf.png,6361426,0.01,1642
device6,device6_1642_LeafPhotoA_2025-09-09 10_32_57.344-05_00_leaf.png,4470911,0.47,1642
device6,device6_1642_LeafPhotoA_2025-09-09 10_33_37.386-05_00_leaf.png,5082439,0.06,1642
device6,device6_1644_LeafPhotoA_2025-09-09 10_35_13.308-05_00_leaf.png,3910450,0.01,1644
device6,device6_1644_LeafPhotoA_2025-09-09 10_35_46.183-05_00_leaf.png,4481383,0.23,1644
device6,device6_1645_LeafPhotoA_2025-09-09 10_37_11.413-05_00_leaf.png,3338562,0,1645
device6,device6_1645_LeafPhotoA_2025-09-09 10_37_33.335-05_00_leaf.png,3805195,0,1645
device6,device6_1645_LeafPhotoA_2025-09-09 10_38_11.553-05_00_leaf.png,2789185,0,1645
device6,device6_1646_LeafPhotoA_2025-09-09 10_39_03.969-05_00_leaf.png,5261218,0.01,1646
device6,device6_1646_LeafPhotoA_2025-09-09 10_39_42.256-05_00_leaf.png,5627660,0.03,1646
device6,device6_1646_LeafPhotoA_2025-09-09 10_40_19.188-05_00_leaf.png,5356591,0,1646
device6,device6_1647_LeafPhotoA_2025-09-09 10_41_18.150-05_00_leaf.png,2366418,0.84,1647
device6,device6_1647_LeafPhotoA_2025-09-09 10_41_55.931-05_00_leaf.png,2503375,1.32,1647
device6,device6_1647_LeafPhotoA_2025-09-09 10_42_44.964-05_00_leaf.png,2416770,1.33,1647
device6,device6_1648_LeafPhotoA_2025-09-09 10_43_26.038-05_00_leaf.png,3982024,0.23,1648
device6,device6_1648_LeafPhotoA_2025-09-09 10_44_29.803-05_00_leaf.png,2704240,0.22,1648
device6,device6_1648_LeafPhotoA_2025-09-09 10_44_47.490-05_00_leaf.png,2960081,0.02,1648
device6,device6_1649_LeafPhotoA_2025-09-09 10_45_43.169-05_00_leaf.png,2817290,3.38,1649
device6,device6_1649_LeafPhotoA_2025-09-09 10_46_06.939-05_00_leaf.png,3140892,0.01,1649
device6,device6_1649_LeafPhotoA_2025-09-09 10_46_22.339-05_00_leaf.png,3136089,0.01,1649
device6,device6_1649_LeafPhotoA_2025-09-09 10_46_55.771-05_00_leaf.png,4115771,0.62,1649
device6,device6_1964_LeafPhotoA_2025-09-09 17_17_52.490-05_00_leaf.png,3130876,0,1964
device6,device6_1964_LeafPhotoA_2025-09-09 17_18_38.588-05_00_leaf.png,4243815,0.06,1964
device6,device6_1964_LeafPhotoA_2025-09-09 17_19_08.817-05_00_leaf.png,2410753,0,1964
device6,device6_1965_LeafPhotoA_2025-09-09 17_15_40.034-05_00_leaf.png,4343907,0.03,1965
device6,device6_1965_LeafPhotoA_2025-09-09 17_16_11.932-05_00_leaf.png,4782547,0,1965
device6,device6_1965_LeafPhotoA_2025-09-09 17_16_46.200-05_00_leaf.png,2719065,0.25,1965
device6,device6_1966_LeafPhotoA_2025-09-09 17_13_06.759-05_00_leaf.png,3825301,0.01,1966
device6,device6_1966_LeafPhotoA_2025-09-09 17_14_11.633-05_00_leaf.png,3958161,0,1966
device6,device6_1967_LeafPhotoA_2025-09-09 17_10_16.875-05_00_leaf.png,3074925,0,1967
device6,device6_1967_LeafPhotoA_2025-09-09 17_10_44.774-05_00_leaf.png,3009530,0.01,1967
device6,device6_1967_LeafPhotoA_2025-09-09 17_11_14.547-05_00_leaf.png,3470350,0,1967
device6,device6_1968_LeafPhotoA_2025-09-09 17_07_57.941-05_00_leaf.png,4850471,0.55,1968
device6,device6_1968_LeafPhotoA_2025-09-09 17_08_26.534-05_00_leaf.png,5106230,0,1968
device6,device6_1968_LeafPhotoA_2025-09-09 17_09_24.078-05_00_leaf.png,3651734,0,1968
device6,device6_1969_LeafPhotoA_2025-09-09 17_06_13.365-05_00_leaf.png,4831438,0.06,1969
device6,device6_1969_LeafPhotoA_2025-09-09 17_07_06.080-05_00_leaf.png,4623921,0,1969
device6,device6_1969_LeafPhotoA_2025-09-09 17_07_30.768-05_00_leaf.png,3487024,0.02,1969
device6,device6_1970_LeafPhotoA_2025-09-09 17_03_49.937-05_00_leaf.png,5464899,0.02,1970
device6,device6_1970_LeafPhotoA_2025-09-09 17_04_21.771-05_00_leaf.png,4408065,0.04,1970
device6,device6_1970_LeafPhotoA_2025-09-09 17_05_13.365-05_00_leaf.png,5671195,0.03,1970
device6,device6_1971_LeafPhotoA_2025-09-09 17_00_57.416-05_00_leaf.png,3908791,1.79,1971
device6,device6_1971_LeafPhotoA_2025-09-09 17_01_42.859-05_00_leaf.png,1913483,0.03,1971
device6,device6_1972_LeafPhotoA_2025-09-09 16_58_45.502-05_00_leaf.png,3208984,0.09,1972
device6,device6_1972_LeafPhotoA_2025-09-09 16_59_11.949-05_00_leaf.png,3264033,0.03,1972
device6,device6_1972_LeafPhotoA_2025-09-09 16_59_52.671-05_00_leaf.png,3456995,0.01,1972
device6,device6_1973_LeafPhotoA_2025-09-09 16_56_08.078-05_00_leaf.png,3880620,0.03,1973
device6,device6_1973_LeafPhotoA_2025-09-09 16_56_43.084-05_00_leaf.png,3314931,0.24,1973
device6,device6_1973_LeafPhotoA_2025-09-09 16_57_35.226-05_00_leaf.png,3196181,0.06,1973
device6,device6_1974_LeafPhotoA_2025-09-09 16_53_52.915-05_00_leaf.png,2889340,0.3,1974
device6,device6_1974_LeafPhotoA_2025-09-09 16_54_37.970-05_00_leaf.png,2750057,1.22,1974
device6,device6_1974_LeafPhotoA_2025-09-09 16_55_20.811-05_00_leaf.png,2979342,2,1974
device6,device6_1975_LeafPhotoA_2025-09-09 16_50_58.525-05_00_leaf.png,5070941,0.06,1975
device6,device6_1975_LeafPhotoA_2025-09-09 16_51_47.447-05_00_leaf.png,4198094,0,1975
device6,device6_1975_LeafPhotoA_2025-09-09 16_53_06.153-05_00_leaf.png,5412877,0,1975
device6,device6_1976_LeafPhotoA_2025-09-09 16_49_21.774-05_00_leaf.png,3434359,1.41,1976
device6,device6_1976_LeafPhotoA_2025-09-09 16_49_56.599-05_00_leaf.png,1769990,0,1976
device6,device6_1976_LeafPhotoA_2025-09-09 16_50_22.968-05_00_leaf.png,3807364,0.22,1976
device6,device6_1977_LeafPhotoA_2025-09-09 16_47_53.833-05_00_leaf.png,1802249,3.12,1977
device6,device6_1977_LeafPhotoA_2025-09-09 16_48_12.095-05_00_leaf.png,1555967,0.02,1977
device6,device6_1977_LeafPhotoA_2025-09-09 16_48_43.256-05_00_leaf.png,1841879,1.29,1977
device6,device6_1978_LeafPhotoA_2025-09-09 16_45_40.590-05_00_leaf.png,6246176,0.2,1978
device6,device6_1978_LeafPhotoA_2025-09-09 16_46_02.859-05_00_leaf.png,5147153,0.55,1978
device6,device6_1978_LeafPhotoA_2025-09-09 16_46_20.867-05_00_leaf.png,6011764,0,1978
device6,device6_1979_LeafPhotoA_2025-09-09 16_43_21.079-05_00_leaf.png,3945586,0,1979
device6,device6_1979_LeafPhotoA_2025-09-09 16_43_47.139-05_00_leaf.png,3584274,0,1979
device6,device6_1979_LeafPhotoA_2025-09-09 16_44_30.938-05_00_leaf.png,4433381,0,1979
device6,device6_1980_LeafPhotoA_2025-09-09 16_41_59.678-05_00_leaf.png,4144470,1.11,1980
device6,device6_1980_LeafPhotoA_2025-09-09 16_42_23.522-05_00_leaf.png,4485413,0.27,1980
device6,device6_1980_LeafPhotoA_2025-09-09 16_42_42.136-05_00_leaf.png,4267628,0.35,1980
device6,device6_1981_LeafPhotoA_2025-09-09 16_40_09.824-05_00_leaf.png,3801726,0,1981
device6,device6_1981_LeafPhotoA_2025-09-09 16_40_33.538-05_00_leaf.png,4815017,0,1981
device6,device6_1981_LeafPhotoA_2025-09-09 16_41_00.551-05_00_leaf.png,4372058,0.03,1981
device6,device6_1982_LeafPhotoA_2025-09-09 16_37_30.543-05_00_leaf.png,3859030,0.32,1982
device6,device6_1982_LeafPhotoA_2025-09-09 16_38_09.128-05_00_leaf.png,3932394,0.02,1982
device6,device6_1982_LeafPhotoA_2025-09-09 16_38_38.228-05_00_leaf.png,3248103,0.26,1982
device6,device6_1983_LeafPhotoA_2025-09-09 16_36_01.643-05_00_leaf.png,4073208,0.03,1983
device6,device6_1983_LeafPhotoA_2025-09-09 16_36_28.793-05_00_leaf.png,4194154,0.05,1983
device6,device6_1983_LeafPhotoA_2025-09-09 16_36_50.818-05_00_leaf.png,4171258,0.54,1983
device6,device6_1984_LeafPhotoA_2025-09-09 16_31_27.437-05_00_leaf.png,4059129,0,1984
device6,device6_1984_LeafPhotoA_2025-09-09 16_31_54.710-05_00_leaf.png,3704215,0.32,1984
device6,device6_1984_LeafPhotoA_2025-09-09 16_32_45.924-05_00_leaf.png,5232850,0.34,1984
device6,device6_1985_LeafPhotoA_2025-09-09 16_28_39.988-05_00_leaf.png,3613789,0.04,1985
device6,device6_1985_LeafPhotoA_2025-09-09 16_29_04.899-05_00_leaf.png,3877098,0.33,1985
device6,device6_1985_LeafPhotoA_2025-09-09 16_29_32.710-05_00_leaf.png,4353804,0,1985
device6,device6_1986_LeafPhotoA_2025-09-09 16_26_46.681-05_00_leaf.png,4315734,0.08,1986
device6,device6_1986_LeafPhotoA_2025-09-09 16_27_33.169-05_00_leaf.png,5415456,0.07,1986
device6,device6_1986_LeafPhotoA_2025-09-09 16_28_01.285-05_00_leaf.png,5139425,0.04,1986
device6,device6_1987_LeafPhotoA_2025-09-09 16_24_10.036-05_00_leaf.png,2747256,0,1987
device6,device6_1987_LeafPhotoA_2025-09-09 16_24_58.420-05_00_leaf.png,3996996,0.71,1987
device6,device6_1987_LeafPhotoA_2025-09-09 16_25_49.901-05_00_leaf.png,3871068,0.25,1987
device6,device6_1988_LeafPhotoA_2025-09-09 16_21_38.404-05_00_leaf.png,3565877,0.09,1988
device6,device6_1988_LeafPhotoA_2025-09-09 16_22_13.320-05_00_leaf.png,3951368,0.06,1988
device6,device6_1988_LeafPhotoA_2025-09-09 16_22_55.706-05_00_leaf.png,4748606,0.24,1988
device6,device6_1989_LeafPhotoA_2025-09-09 16_17_42.693-05_00_leaf.png,3515211,0,1989
device6,device6_1989_LeafPhotoA_2025-09-09 16_18_21.948-05_00_leaf.png,4080934,0.67,1989
device6,device6_1989_LeafPhotoA_2025-09-09 16_19_15.931-05_00_leaf.png,2091550,0.04,1989
device6,device6_1990_LeafPhotoA_2025-09-09 16_15_32.835-05_00_leaf.png,3301297,4.33,1990
device6,device6_1990_LeafPhotoA_2025-09-09 16_16_23.794-05_00_leaf.png,3479044,13.41,1990
device6,device6_1990_LeafPhotoA_2025-09-09 16_16_52.207-05_00_leaf.png,3231999,2.95,1990
device6,device6_1991_LeafPhotoA_2025-09-09 16_11_50.518-05_00_leaf.png,4193498,0.01,1991
device6,device6_1991_LeafPhotoA_2025-09-09 16_12_26.389-05_00_leaf.png,4166492,0.02,1991
device6,device6_1991_LeafPhotoA_2025-09-09 16_13_21.006-05_00_leaf.png,4575540,0.31,1991
device6,device6_1992_LeafPhotoA_2025-09-09 16_10_24.121-05_00_leaf.png,4485413,0,1992
device6,device6_1992_LeafPhotoA_2025-09-09 16_10_46.603-05_00_leaf.png,4230916,0.05,1992
device6,device6_1992_LeafPhotoA_2025-09-09 16_11_11.075-05_00_leaf.png,3354845,0.01,1992
device6,device6_1993_LeafPhotoA_2025-09-09 16_08_35.570-05_00_leaf.png,3312536,1.09,1993
device6,device6_1993_LeafPhotoA_2025-09-09 16_09_06.117-05_00_leaf.png,3331259,0.85,1993
device6,device6_1993_LeafPhotoA_2025-09-09 16_09_43.430-05_00_leaf.png,3337821,0.08,1993
device6,device6_1994_LeafPhotoA_2025-09-09 16_05_55.793-05_00_leaf.png,5252468,0.11,1994
device6,device6_1994_LeafPhotoA_2025-09-09 16_06_30.805-05_00_leaf.png,5274346,0.06,1994
device6,device6_1994_LeafPhotoA_2025-09-09 16_07_18.609-05_00_leaf.png,5708179,0.06,1994
device6,device6_1995_LeafPhotoA_2025-09-09 16_03_55.682-05_00_leaf.png,4236970,0.14,1995
device6,device6_1995_LeafPhotoA_2025-09-09 16_04_38.776-05_00_leaf.png,2993634,0.03,1995
device6,device6_1995_LeafPhotoA_2025-09-09 16_05_00.473-05_00_leaf.png,3476508,0.31,1995
device6,device6_1996_LeafPhotoA_2025-09-09 15_59_40.117-05_00_leaf.png,4173944,0.14,1996
device6,device6_1996_LeafPhotoA_2025-09-09 15_59_59.812-05_00_leaf.png,5077594,0.02,1996
device6,device6_1996_LeafPhotoA_2025-09-09 16_01_11.417-05_00_leaf.png,4503093,1.23,1996
device6,device6_1997_LeafPhotoA_2025-09-09 15_56_12.339-05_00_leaf.png,4369162,0.02,1997
device6,device6_1997_LeafPhotoA_2025-09-09 15_58_08.714-05_00_leaf.png,3241856,0.61,1997
device6,device6_1997_LeafPhotoA_2025-09-09 15_58_29.800-05_00_leaf.png,4085447,0.31,1997
device6,device6_1998_LeafPhotoA_2025-09-09 15_54_24.664-05_00_leaf.png,2367836,0.14,1998
device6,device6_1998_LeafPhotoA_2025-09-09 15_54_42.932-05_00_leaf.png,2544609,0.07,1998
device6,device6_1998_LeafPhotoA_2025-09-09 15_54_59.250-05_00_leaf.png,3093193,0.2,1998
device6,device6_2189_LeafPhotoA_2025-09-08 17_18_00.620-05_00_leaf.png,3720210,0,2189
device6,device6_2189_LeafPhotoA_2025-09-08 17_18_33.881-05_00_leaf.png,4506763,0,2189
device6,device6_2189_LeafPhotoA_2025-09-08 17_18_50.308-05_00_leaf.png,4731129,0,2189
device6,device6_2190_LeafPhotoA_2025-09-08 17_16_58.120-05_00_leaf.png,3162321,0.02,2190
device6,device6_2190_LeafPhotoA_2025-09-08 17_17_16.502-05_00_leaf.png,2718319,0,2190
device6,device6_2190_LeafPhotoA_2025-09-08 17_17_36.101-05_00_leaf.png,2553761,0,2190
device6,device6_2191_LeafPhotoA_2025-09-08 17_16_00.546-05_00_leaf.png,3510270,0.02,2191
device6,device6_2191_LeafPhotoA_2025-09-08 17_16_22.623-05_00_leaf.png,3697569,0.02,2191
device6,device6_2191_LeafPhotoA_2025-09-08 17_16_36.659-05_00_leaf.png,3278922,0.08,2191
device6,device6_2192_LeafPhotoA_2025-09-08 17_13_32.965-05_00_leaf.png,4034729,0.21,2192
device6,device6_2192_LeafPhotoA_2025-09-08 17_13_50.279-05_00_leaf.png,3687470,0,2192
device6,device6_2192_LeafPhotoA_2025-09-08 17_14_08.265-05_00_leaf.png,4483115,0.11,2192
device6,device6_2193_LeafPhotoA_2025-09-08 17_12_26.199-05_00_leaf.png,6369229,0.6,2193
device6,device6_2193_LeafPhotoA_2025-09-08 17_12_46.303-05_00_leaf.png,2405839,0,2193
device6,device6_2193_LeafPhotoA_2025-09-08 17_13_09.464-05_00_leaf.png,2062165,0,2193
device6,device6_2194_LeafPhotoA_2025-09-08 17_11_09.444-05_00_leaf.png,3346511,0.18,2194
device6,device6_2194_LeafPhotoA_2025-09-08 17_11_29.841-05_00_leaf.png,3142706,0.17,2194
device6,device6_2194_LeafPhotoA_2025-09-08 17_11_43.452-05_00_leaf.png,3267144,0.59,2194
device6,device6_2195_LeafPhotoA_2025-09-08 17_10_01.848-05_00_leaf.png,3455760,0.11,2195
device6,device6_2195_LeafPhotoA_2025-09-08 17_10_30.408-05_00_leaf.png,4218897,0.21,2195
device6,device6_2195_LeafPhotoA_2025-09-08 17_10_49.615-05_00_leaf.png,3493338,0.09,2195
device6,device6_2196_LeafPhotoA_2025-09-08 17_09_05.011-05_00_leaf.png,2340438,1.64,2196
device6,device6_2196_LeafPhotoA_2025-09-08 17_09_20.396-05_00_leaf.png,2105035,0.75,2196
device6,device6_2196_LeafPhotoA_2025-09-08 17_09_39.608-05_00_leaf.png,2040664,0.38,2196
device6,device6_2197_LeafPhotoA_2025-09-08 17_07_18.265-05_00_leaf.png,2953136,0.03,2197
device6,device6_2197_LeafPhotoA_2025-09-08 17_07_37.038-05_00_leaf.png,5012363,0.13,2197
device6,device6_2197_LeafPhotoA_2025-09-08 17_08_13.372-05_00_leaf.png,2420487,0.14,2197
device6,device6_2198_LeafPhotoA_2025-09-08 17_06_35.180-05_00_leaf.png,1820676,0,2198
device6,device6_2198_LeafPhotoA_2025-09-08 17_06_49.676-05_00_leaf.png,3153437,0.06,2198
device6,device6_2198_LeafPhotoA_2025-09-08 17_07_00.770-05_00_leaf.png,2819567,0.25,2198
device6,device6_2199_LeafPhotoA_2025-09-08 17_05_27.908-05_00_leaf.png,5784974,22.23,2199
device6,device6_2199_LeafPhotoA_2025-09-08 17_05_50.087-05_00_leaf.png,4046465,3.03,2199
device6,device6_2199_LeafPhotoA_2025-09-08 17_06_13.649-05_00_leaf.png,4574254,5.4,2199
device6,device6_2200_LeafPhotoA_2025-09-08 17_03_29.885-05_00_leaf.png,3808300,0,2200
device6,device6_2200_LeafPhotoA_2025-09-08 17_03_53.641-05_00_leaf.png,4290454,0,2200
device6,device6_2200_LeafPhotoA_2025-09-08 17_04_21.744-05_00_leaf.png,3561424,0,2200
device6,device6_2601_LeafPhotoA_2025-09-09 10_52_23.333-05_00_leaf.png,5165901,0.06,2601
device6,device6_2601_LeafPhotoA_2025-09-09 10_52_51.691-05_00_leaf.png,4151898,0,2601
device6,device6_2601_LeafPhotoA_2025-09-09 10_53_20.928-05_00_leaf.png,4108239,0,2601
device6,device6_2602_LeafPhotoA_2025-09-09 10_54_30.343-05_00_leaf.png,3317104,0.47,2602
device6,device6_2602_LeafPhotoA_2025-09-09 10_55_20.250-05_00_leaf.png,3363366,0.02,2602
device6,device6_2602_LeafPhotoA_2025-09-09 10_55_46.992-05_00_leaf.png,3392600,0.49,2602
device6,device6_2603_LeafPhotoA_2025-09-09 10_56_25.013-05_00_leaf.png,3613353,0,2603
device6,device6_2603_LeafPhotoA_2025-09-09 10_56_50.156-05_00_leaf.png,3711852,0,2603
device6,device6_2603_LeafPhotoA_2025-09-09 10_57_38.966-05_00_leaf.png,2858516,0,2603
device6,device6_2604_LeafPhotoA_2025-09-09 10_58_07.559-05_00_leaf.png,2976535,0.07,2604
device6,device6_2604_LeafPhotoA_2025-09-09 10_58_58.482-05_00_leaf.png,2276322,0.05,2604
device6,device6_2604_LeafPhotoA_2025-09-09 11_00_00.577-05_00_leaf.png,3849032,1.01,2604
device6,device6_2606_LeafPhotoA_2025-09-09 11_00_57.992-05_00_leaf.png,2607390,0.17,2606
device6,device6_2606_LeafPhotoA_2025-09-09 11_01_25.958-05_00_leaf.png,3484684,0.2,2606
device6,device6_2606_LeafPhotoA_2025-09-09 11_02_24.283-05_00_leaf.png,3004842,5.21,2606
device6,device6_2609_LeafPhotoA_2025-09-09 11_03_49.770-05_00_leaf.png,2546645,0.24,2609
device6,device6_2611_LeafPhotoA_2025-09-09 11_06_16.761-05_00_leaf.png,4046554,0.14,2611
device6,device6_2611_LeafPhotoA_2025-09-09 11_06_42.851-05_00_leaf.png,3579033,0.1,2611
device6,device6_2611_LeafPhotoA_2025-09-09 11_08_12.615-05_00_leaf.png,4304090,0.12,2611
device6,device6_2613_LeafPhotoA_2025-09-09 11_09_15.958-05_00_leaf.png,3133038,1.21,2613
device6,device6_2614_LeafPhotoA_2025-09-09 11_10_22.921-05_00_leaf.png,3318916,0.37,2614
device6,device6_2614_LeafPhotoA_2025-09-09 11_11_14.587-05_00_leaf.png,3988509,0.05,2614
device6,device6_2614_LeafPhotoA_2025-09-09 11_11_45.814-05_00_leaf.png,4600866,1.32,2614
device6,device6_2615_LeafPhotoA_2025-09-09 12_02_19.506-05_00_leaf.png,4107838,0.02,2615
device6,device6_2615_LeafPhotoA_2025-09-09 12_02_36.780-05_00_leaf.png,3747960,0.11,2615
device6,device6_2615_LeafPhotoA_2025-09-09 12_02_52.012-05_00_leaf.png,3736673,0.09,2615
device6,device6_2616_LeafPhotoA_2025-09-09 12_03_18.288-05_00_leaf.png,2869388,0.38,2616
device6,device6_2616_LeafPhotoA_2025-09-09 12_03_36.063-05_00_leaf.png,2401025,0.39,2616
device6,device6_2616_LeafPhotoA_2025-09-09 12_03_49.918-05_00_leaf.png,2696875,0.36,2616
device6,device6_2617_LeafPhotoA_2025-09-09 12_04_12.625-05_00_leaf.png,3362289,7.46,2617
device6,device6_2617_LeafPhotoA_2025-09-09 12_04_34.317-05_00_leaf.png,4498829,2.62,2617
device6,device6_2617_LeafPhotoA_2025-09-09 12_04_50.202-05_00_leaf.png,4333802,0.69,2617
device6,device6_2618_LeafPhotoA_2025-09-09 12_05_14.747-05_00_leaf.png,4064299,0.02,2618
device6,device6_2618_LeafPhotoA_2025-09-09 12_05_44.240-05_00_leaf.png,4774452,2.65,2618
device6,device6_2618_LeafPhotoA_2025-09-09 12_06_25.737-05_00_leaf.png,4366347,0,2618
device6,device6_2619_LeafPhotoA_2025-09-09 12_06_59.916-05_00_leaf.png,3395808,0.45,2619
device6,device6_2619_LeafPhotoA_2025-09-09 12_07_24.744-05_00_leaf.png,3980220,0.23,2619
device6,device6_2619_LeafPhotoA_2025-09-09 12_07_57.026-05_00_leaf.png,2813273,0.02,2619
device6,device6_2620_LeafPhotoA_2025-09-09 12_08_15.926-05_00_leaf.png,3579270,0.06,2620
device6,device6_2620_LeafPhotoA_2025-09-09 12_08_33.534-05_00_leaf.png,3730843,0.15,2620
device6,device6_2621_LeafPhotoA_2025-09-09 12_09_21.345-05_00_leaf.png,2180065,0.06,2621
device6,device6_2621_LeafPhotoA_2025-09-09 12_09_47.007-05_00_leaf.png,1916652,0,2621
device6,device6_2621_LeafPhotoA_2025-09-09 12_10_12.710-05_00_leaf.png,2683176,0,2621
device6,device6_2622_LeafPhotoA_2025-09-09 12_10_37.558-05_00_leaf.png,2280513,14.41,2622
device6,device6_2622_LeafPhotoA_2025-09-09 12_10_39.184-05_00_leaf.png,2281862,14.12,2622
device6,device6_2622_LeafPhotoA_2025-09-09 12_11_05.468-05_00_leaf.png,2843687,1.32,2622
device6,device6_2622_LeafPhotoA_2025-09-09 12_11_18.417-05_00_leaf.png,3488735,24.05,2622
device6,device6_2623_LeafPhotoA_2025-09-09 12_11_49.318-05_00_leaf.png,3426172,0.83,2623
device6,device6_2623_LeafPhotoA_2025-09-09 12_12_10.294-05_00_leaf.png,3850391,4.1,2623
device6,device6_2623_LeafPhotoA_2025-09-09 12_12_35.557-05_00_leaf.png,3349540,1.72,2623
device6,device6_2623_LeafPhotoA_2025-09-09 12_12_38.330-05_00_leaf.png,3343896,1.72,2623
device6,device6_2624_LeafPhotoA_2025-09-09 12_13_16.746-05_00_leaf.png,5404266,2.42,2624
device6,device6_2624_LeafPhotoA_2025-09-09 12_13_47.178-05_00_leaf.png,700940,0.01,2624
device6,device6_2625_LeafPhotoA_2025-09-09 12_14_53.327-05_00_leaf.png,3990998,0.04,2625
device6,device6_2625_LeafPhotoA_2025-09-09 12_15_05.460-05_00_leaf.png,1606005,0,2625
device6,device6_2625_LeafPhotoA_2025-09-09 12_15_22.451-05_00_leaf.png,3170321,0.04,2625
device6,device6_2625_LeafPhotoA_2025-09-09 12_15_25.850-05_00_leaf.png,3199659,0.01,2625
device6,device6_2626_LeafPhotoA_2025-09-09 12_15_49.759-05_00_leaf.png,2613823,3.3,2626
device6,device6_2626_LeafPhotoA_2025-09-09 12_16_20.585-05_00_leaf.png,3811489,0.14,2626
device6,device6_2627_LeafPhotoA_2025-09-09 12_17_03.198-05_00_leaf.png,2388771,27.92,2627
device6,device6_2627_LeafPhotoA_2025-09-09 12_17_25.809-05_00_leaf.png,3120849,3.77,2627
device6,device6_2627_LeafPhotoA_2025-09-09 12_17_50.560-05_00_leaf.png,1869510,12.86,2627
device6,device6_9353_LeafPhotoA_2025-09-09 15_50_42.685-05_00_leaf.png,1835987,0.43,9353
device6,device6_9353_LeafPhotoA_2025-09-09 15_52_14.635-05_00_leaf.png,2583901,0.07,9353
device6,device6_9353_LeafPhotoA_2025-09-09 15_52_48.229-05_00_leaf.png,3237206,0.24,9353
device7,device7_1084_LeafPhotoA_2025-09-09 10_56_54.861-05_00_leaf.png,3826347,0,1084
device7,device7_1084_LeafPhotoA_2025-09-09 10_57_11.618-05_00_leaf.png,2281809,0.05,1084
device7,device7_1084_LeafPhotoA_2025-09-09 10_57_27.969-05_00_leaf.png,4267335,0.02,1084
device7,device7_1085_LeafPhotoA_2025-09-09 10_57_52.246-05_00_leaf.png,3453145,0.06,1085
device7,device7_1085_LeafPhotoA_2025-09-09 10_57_54.383-05_00_leaf.png,3456246,0.06,1085
device7,device7_1085_LeafPhotoA_2025-09-09 10_58_08.346-05_00_leaf.png,4123713,0.1,1085
device7,device7_1085_LeafPhotoA_2025-09-09 10_58_22.092-05_00_leaf.png,3356553,0.12,1085
device7,device7_1086_LeafPhotoA_2025-09-09 10_58_54.973-05_00_leaf.png,4386835,0.95,1086
device7,device7_1086_LeafPhotoA_2025-09-09 10_59_11.313-05_00_leaf.png,4115379,0.15,1086
device7,device7_1086_LeafPhotoA_2025-09-09 10_59_23.090-05_00_leaf.png,4265307,0.33,1086
device7,device7_1087_LeafPhotoA_2025-09-09 10_59_43.217-05_00_leaf.png,3646629,0.02,1087
device7,device7_1087_LeafPhotoA_2025-09-09 10_59_59.625-05_00_leaf.png,5517976,0.13,1087
device7,device7_1087_LeafPhotoA_2025-09-09 11_00_11.411-05_00_leaf.png,5365016,0.11,1087
device7,device7_1090_LeafPhotoA_2025-09-09 11_01_46.837-05_00_leaf.png,3164299,0.27,1090
device7,device7_1090_LeafPhotoA_2025-09-09 11_02_09.742-05_00_leaf.png,4600710,0.37,1090
device7,device7_1090_LeafPhotoA_2025-09-09 11_02_26.123-05_00_leaf.png,4685339,0.1,1090
device7,device7_1091_LeafPhotoA_2025-09-09 11_02_49.148-05_00_leaf.png,2598097,0.09,1091
device7,device7_1091_LeafPhotoA_2025-09-09 11_03_04.801-05_00_leaf.png,3386949,0.32,1091
device7,device7_1091_LeafPhotoA_2025-09-09 11_03_16.259-05_00_leaf.png,2890541,0.08,1091
device7,device7_1092_LeafPhotoA_2025-09-09 11_03_37.932-05_00_leaf.png,3352126,0.07,1092
device7,device7_1092_LeafPhotoA_2025-09-09 11_03_50.695-05_00_leaf.png,5263241,0.45,1092
device7,device7_1092_LeafPhotoA_2025-09-09 11_04_04.807-05_00_leaf.png,3844614,0.14,1092
device7,device7_1093_LeafPhotoA_2025-09-09 11_04_37.753-05_00_leaf.png,4329927,18.24,1093
device7,device7_1093_LeafPhotoA_2025-09-09 11_04_59.658-05_00_leaf.png,4462275,39.02,1093
device7,device7_1093_LeafPhotoA_2025-09-09 11_05_22.909-05_00_leaf.png,6919590,17.69,1093
device7,device7_1094_LeafPhotoA_2025-09-09 11_05_53.371-05_00_leaf.png,4923179,0.9,1094
device7,device7_1094_LeafPhotoA_2025-09-09 11_06_06.446-05_00_leaf.png,8183093,12.99,1094
device7,device7_1094_LeafPhotoA_2025-09-09 11_06_18.391-05_00_leaf.png,8256100,13.01,1094
device7,device7_1095_LeafPhotoA_2025-09-09 11_06_35.078-05_00_leaf.png,8297252,5.37,1095
device7,device7_1095_LeafPhotoA_2025-09-09 11_06_50.542-05_00_leaf.png,4338668,0.03,1095
device7,device7_1095_LeafPhotoA_2025-09-09 11_07_02.101-05_00_leaf.png,4115673,0.03,1095
device7,device7_1096_LeafPhotoA_2025-09-09 11_07_15.232-05_00_leaf.png,3587869,0,1096
device7,device7_1096_LeafPhotoA_2025-09-09 11_07_25.616-05_00_leaf.png,7184020,2.06,1096
device7,device7_1096_LeafPhotoA_2025-09-09 11_07_36.920-05_00_leaf.png,3799047,0.02,1096
device7,device7_1097_LeafPhotoA_2025-09-09 11_08_07.840-05_00_leaf.png,9096349,9.61,1097
device7,device7_1097_LeafPhotoA_2025-09-09 11_08_19.632-05_00_leaf.png,5210508,0.12,1097
device7,device7_1097_LeafPhotoA_2025-09-09 11_08_30.235-05_00_leaf.png,4583128,0.18,1097
device7,device7_1098_LeafPhotoA_2025-09-09 11_08_50.010-05_00_leaf.png,3876325,0.04,1098
device7,device7_1098_LeafPhotoA_2025-09-09 11_09_08.326-05_00_leaf.png,9059545,11.72,1098
device7,device7_1098_LeafPhotoA_2025-09-09 11_09_21.218-05_00_leaf.png,4686406,0.12,1098
device7,device7_1198_LeafPhotoA_2025-09-08 15_40_27.792-05_00_leaf.png,1860698,0.45,1198
device7,device7_1198_LeafPhotoA_2025-09-08 15_40_47.993-05_00_leaf.png,3165805,1.66,1198
device7,device7_1198_LeafPhotoA_2025-09-08 15_41_15.856-05_00_leaf.png,4434553,2.04,1198
device7,device7_1251_LeafPhotoA_2025-09-08 16_36_31.612-05_00_leaf.png,3388696,1.02,1251
device7,device7_1251_LeafPhotoA_2025-09-08 16_37_02.961-05_00_leaf.png,4179585,1.44,1251
device7,device7_1251_LeafPhotoA_2025-09-08 16_37_26.468-05_00_leaf.png,3913705,0.87,1251
device7,device7_1252_LeafPhotoA_2025-09-08 16_35_43.926-05_00_leaf.png,2553912,0.71,1252
device7,device7_1252_LeafPhotoA_2025-09-08 16_35_58.445-05_00_leaf.png,3639189,2.73,1252
device7,device7_1252_LeafPhotoA_2025-09-08 16_36_12.451-05_00_leaf.png,9386922,6.83,1252
device7,device7_1253_LeafPhotoA_2025-09-08 16_34_54.468-05_00_leaf.png,3578310,0,1253
device7,device7_1253_LeafPhotoA_2025-09-08 16_35_07.867-05_00_leaf.png,4058090,0.03,1253
device7,device7_1253_LeafPhotoA_2025-09-08 16_35_21.642-05_00_leaf.png,3938530,0.21,1253
device7,device7_1254_LeafPhotoA_2025-09-08 16_34_11.961-05_00_leaf.png,5079787,0.08,1254
device7,device7_1254_LeafPhotoA_2025-09-08 16_34_23.303-05_00_leaf.png,2769750,0.02,1254
device7,device7_1254_LeafPhotoA_2025-09-08 16_34_37.548-05_00_leaf.png,3192057,0.01,1254
device7,device7_1256_LeafPhotoA_2025-09-08 16_32_47.764-05_00_leaf.png,4920496,3.32,1256
device7,device7_1256_LeafPhotoA_2025-09-08 16_33_05.105-05_00_leaf.png,3939666,0.58,1256
device7,device7_1256_LeafPhotoA_2025-09-08 16_33_20.459-05_00_leaf.png,4753662,0.82,1256
device7,device7_1257_LeafPhotoA_2025-09-08 16_31_47.223-05_00_leaf.png,3279247,0.91,1257
device7,device7_1257_LeafPhotoA_2025-09-08 16_31_58.175-05_00_leaf.png,3845387,0.08,1257
device7,device7_1257_LeafPhotoA_2025-09-08 16_32_23.671-05_00_leaf.png,3956451,0.15,1257
device7,device7_1258_LeafPhotoA_2025-09-08 16_30_59.985-05_00_leaf.png,3284080,0.04,1258
device7,device7_1258_LeafPhotoA_2025-09-08 16_31_01.774-05_00_leaf.png,3282082,0.04,1258
device7,device7_1258_LeafPhotoA_2025-09-08 16_31_15.963-05_00_leaf.png,3718398,0.35,1258
device7,device7_1258_LeafPhotoA_2025-09-08 16_31_30.669-05_00_leaf.png,3482171,21.68,1258
device7,device7_1259_LeafPhotoA_2025-09-08 16_30_12.453-05_00_leaf.png,3613639,0.24,1259
device7,device7_1259_LeafPhotoA_2025-09-08 16_30_23.555-05_00_leaf.png,3217701,0.41,1259
device7,device7_1259_LeafPhotoA_2025-09-08 16_30_38.744-05_00_leaf.png,2318539,0.63,1259
device7,device7_1260_LeafPhotoA_2025-09-08 16_29_10.870-05_00_leaf.png,4051465,0.09,1260
device7,device7_1260_LeafPhotoA_2025-09-08 16_29_24.500-05_00_leaf.png,4767648,0.04,1260
device7,device7_1260_LeafPhotoA_2025-09-08 16_29_52.976-05_00_leaf.png,4129231,0.03,1260
device7,device7_1261_LeafPhotoA_2025-09-08 16_28_18.923-05_00_leaf.png,4340298,0.04,1261
device7,device7_1261_LeafPhotoA_2025-09-08 16_28_39.256-05_00_leaf.png,9071609,9.85,1261
device7,device7_1261_LeafPhotoA_2025-09-08 16_28_52.946-05_00_leaf.png,4744375,0.11,1261
device7,device7_1262_LeafPhotoA_2025-09-08 16_27_16.439-05_00_leaf.png,2486158,0.24,1262
device7,device7_1262_LeafPhotoA_2025-09-08 16_27_29.678-05_00_leaf.png,2993684,0.6,1262
device7,device7_1262_LeafPhotoA_2025-09-08 16_27_49.515-05_00_leaf.png,3790143,0.02,1262
device7,device7_1263_LeafPhotoA_2025-09-08 16_22_56.619-05_00_leaf.png,4081514,13.12,1263
device7,device7_1263_LeafPhotoA_2025-09-08 16_23_22.630-05_00_leaf.png,4876577,2.91,1263
device7,device7_1263_LeafPhotoA_2025-09-08 16_23_38.717-05_00_leaf.png,5114255,5.33,1263
device7,device7_1264_LeafPhotoA_2025-09-08 16_21_58.024-05_00_leaf.png,5115811,0.05,1264
device7,device7_1264_LeafPhotoA_2025-09-08 16_22_21.244-05_00_leaf.png,4071265,0.52,1264
device7,device7_1264_LeafPhotoA_2025-09-08 16_22_38.258-05_00_leaf.png,4468775,0.01,1264
device7,device7_1265_LeafPhotoA_2025-09-08 16_20_58.175-05_00_leaf.png,2881968,1.04,1265
device7,device7_1265_LeafPhotoA_2025-09-08 16_21_10.202-05_00_leaf.png,2810736,0.15,1265
device7,device7_1265_LeafPhotoA_2025-09-08 16_21_30.137-05_00_leaf.png,2159565,0.25,1265
device7,device7_1266_LeafPhotoA_2025-09-08 16_20_10.812-05_00_leaf.png,3881790,0.01,1266
device7,device7_1266_LeafPhotoA_2025-09-08 16_20_25.613-05_00_leaf.png,4034125,0.05,1266
device7,device7_1266_LeafPhotoA_2025-09-08 16_20_40.775-05_00_leaf.png,4005985,0.15,1266
device7,device7_1267_LeafPhotoA_2025-09-08 16_19_11.885-05_00_leaf.png,2224325,1.75,1267
device7,device7_1267_LeafPhotoA_2025-09-08 16_19_24.654-05_00_leaf.png,3286229,0.65,1267
device7,device7_1267_LeafPhotoA_2025-09-08 16_19_47.103-05_00_leaf.png,2723378,0.11,1267
device7,device7_1268_LeafPhotoA_2025-09-08 16_18_08.501-05_00_leaf.png,3613554,0.03,1268
device7,device7_1268_LeafPhotoA_2025-09-08 16_18_21.694-05_00_leaf.png,3646984,0.01,1268
device7,device7_1268_LeafPhotoA_2025-09-08 16_18_36.417-05_00_leaf.png,4318717,0.01,1268
device7,device7_1269_LeafPhotoA_2025-09-08 16_17_16.376-05_00_leaf.png,3561121,5.36,1269
device7,device7_1269_LeafPhotoA_2025-09-08 16_17_38.730-05_00_leaf.png,4062365,0.09,1269
device7,device7_1269_LeafPhotoA_2025-09-08 16_17_52.960-05_00_leaf.png,4411949,0.68,1269
device7,device7_1270_LeafPhotoA_2025-09-08 16_16_23.047-05_00_leaf.png,3569177,0.62,1270
device7,device7_1270_LeafPhotoA_2025-09-08 16_16_41.431-05_00_leaf.png,3396284,1.02,1270
device7,device7_1270_LeafPhotoA_2025-09-08 16_16_55.988-05_00_leaf.png,3705274,0.78,1270
device7,device7_1271_LeafPhotoA_2025-09-08 16_15_42.123-05_00_leaf.png,3289544,0.68,1271
device7,device7_1271_LeafPhotoA_2025-09-08 16_15_54.251-05_00_leaf.png,3236900,0.64,1271
device7,device7_1271_LeafPhotoA_2025-09-08 16_16_08.206-05_00_leaf.png,4030775,0.55,1271
device7,device7_1272_LeafPhotoA_2025-09-08 16_14_31.926-05_00_leaf.png,3923081,0.19,1272
device7,device7_1272_LeafPhotoA_2025-09-08 16_14_44.397-05_00_leaf.png,3682008,0.73,1272
device7,device7_1272_LeafPhotoA_2025-09-08 16_15_18.232-05_00_leaf.png,8840492,15.45,1272
device7,device7_1273_LeafPhotoA_2025-09-08 16_13_50.108-05_00_leaf.png,3272115,9.11,1273
device7,device7_1273_LeafPhotoA_2025-09-08 16_13_59.909-05_00_leaf.png,2598047,0.68,1273
device7,device7_1273_LeafPhotoA_2025-09-08 16_14_13.241-05_00_leaf.png,2577739,1.54,1273
device7,device7_1274_LeafPhotoA_2025-09-08 16_13_00.947-05_00_leaf.png,4275438,0.01,1274
device7,device7_1274_LeafPhotoA_2025-09-08 16_13_15.279-05_00_leaf.png,4009351,1.21,1274
device7,device7_1274_LeafPhotoA_2025-09-08 16_13_29.162-05_00_leaf.png,2987335,0.06,1274
device7,device7_1275_LeafPhotoA_2025-09-08 16_12_12.231-05_00_leaf.png,4719766,12.2,1275
device7,device7_1275_LeafPhotoA_2025-09-08 16_12_28.660-05_00_leaf.png,5613519,4.9,1275
device7,device7_1275_LeafPhotoA_2025-09-08 16_12_45.531-05_00_leaf.png,4119507,9.54,1275
device7,device7_1276_LeafPhotoA_2025-09-08 16_11_15.393-05_00_leaf.png,2372463,1.31,1276
device7,device7_1276_LeafPhotoA_2025-09-08 16_11_32.845-05_00_leaf.png,2483451,0.16,1276
device7,device7_1276_LeafPhotoA_2025-09-08 16_11_50.578-05_00_leaf.png,2345322,0.9,1276
device7,device7_1277_LeafPhotoA_2025-09-08 16_09_30.061-05_00_leaf.png,3505464,0.21,1277
device7,device7_1277_LeafPhotoA_2025-09-08 16_10_45.807-05_00_leaf.png,2477022,2.74,1277
device7,device7_1277_LeafPhotoA_2025-09-08 16_10_56.367-05_00_leaf.png,3098607,2.2,1277
device7,device7_1278_LeafPhotoA_2025-09-08 16_08_45.462-05_00_leaf.png,3370849,0.71,1278
device7,device7_1278_LeafPhotoA_2025-09-08 16_08_58.986-05_00_leaf.png,2454046,1.32,1278
device7,device7_1278_LeafPhotoA_2025-09-08 16_09_11.776-05_00_leaf.png,3704985,0.49,1278
device7,device7_1279_LeafPhotoA_2025-09-08 16_08_00.467-05_00_leaf.png,4325352,0,1279
device7,device7_1279_LeafPhotoA_2025-09-08 16_08_11.687-05_00_leaf.png,4109274,0,1279
device7,device7_1279_LeafPhotoA_2025-09-08 16_08_24.864-05_00_leaf.png,5417264,0,1279
device7,device7_1280_LeafPhotoA_2025-09-08 16_07_02.445-05_00_leaf.png,2816432,0,1280
device7,device7_1280_LeafPhotoA_2025-09-08 16_07_14.321-05_00_leaf.png,4524374,0.01,1280
device7,device7_1280_LeafPhotoA_2025-09-08 16_07_33.334-05_00_leaf.png,5249503,0,1280
device7,device7_1281_LeafPhotoA_2025-09-08 16_06_15.730-05_00_leaf.png,1698359,0.34,1281
device7,device7_1281_LeafPhotoA_2025-09-08 16_06_18.116-05_00_leaf.png,1691156,0.35,1281
device7,device7_1281_LeafPhotoA_2025-09-08 16_06_36.541-05_00_leaf.png,3344242,17.47,1281
device7,device7_1281_LeafPhotoA_2025-09-08 16_06_47.781-05_00_leaf.png,2318770,1.28,1281
device7,device7_1282_LeafPhotoA_2025-09-08 16_05_16.879-05_00_leaf.png,5168092,2.53,1282
device7,device7_1282_LeafPhotoA_2025-09-08 16_05_40.462-05_00_leaf.png,3936324,1.06,1282
device7,device7_1282_LeafPhotoA_2025-09-08 16_05_53.077-05_00_leaf.png,3822263,0,1282
device7,device7_1283_LeafPhotoA_2025-09-08 16_04_13.413-05_00_leaf.png,10268911,7.19,1283
device7,device7_1283_LeafPhotoA_2025-09-08 16_04_31.206-05_00_leaf.png,3654696,0,1283
device7,device7_1283_LeafPhotoA_2025-09-08 16_04_54.105-05_00_leaf.png,3657422,0.25,1283
device7,device7_1284_LeafPhotoA_2025-09-08 16_03_16.136-05_00_leaf.png,4530054,0.54,1284
device7,device7_1284_LeafPhotoA_2025-09-08 16_03_35.951-05_00_leaf.png,4556764,4.18,1284
device7,device7_1284_LeafPhotoA_2025-09-08 16_03_49.001-05_00_leaf.png,4376414,0.02,1284
device7,device7_1285_LeafPhotoA_2025-09-08 16_02_02.373-05_00_leaf.png,4611332,0,1285
device7,device7_1285_LeafPhotoA_2025-09-08 16_02_21.767-05_00_leaf.png,5430912,3.76,1285
device7,device7_1285_LeafPhotoA_2025-09-08 16_02_38.808-05_00_leaf.png,4233846,7.5,1285
device7,device7_1286_LeafPhotoA_2025-09-08 16_01_17.344-05_00_leaf.png,3359095,59.84,1286
device7,device7_1286_LeafPhotoA_2025-09-08 16_01_31.756-05_00_leaf.png,3202282,46.43,1286
device7,device7_1286_LeafPhotoA_2025-09-08 16_01_45.976-05_00_leaf.png,3108256,60.8,1286
device7,device7_1287_LeafPhotoA_2025-09-08 15_59_57.251-05_00_leaf.png,4892702,0.61,1287
device7,device7_1287_LeafPhotoA_2025-09-08 16_00_42.513-05_00_leaf.png,4797372,5.82,1287
device7,device7_1287_LeafPhotoA_2025-09-08 16_01_01.012-05_00_leaf.png,4094613,32.63,1287
device7,device7_1288_LeafPhotoA_2025-09-08 15_59_14.840-05_00_leaf.png,3521286,0.03,1288
device7,device7_1288_LeafPhotoA_2025-09-08 15_59_27.299-05_00_leaf.png,4463548,0.42,1288
device7,device7_1288_LeafPhotoA_2025-09-08 15_59_38.747-05_00_leaf.png,2592263,0.14,1288
device7,device7_1289_LeafPhotoA_2025-09-08 15_57_17.379-05_00_leaf.png,4121378,0.25,1289
device7,device7_1289_LeafPhotoA_2025-09-08 15_57_37.217-05_00_leaf.png,5076449,1.56,1289
device7,device7_1289_LeafPhotoA_2025-09-08 15_58_04.282-05_00_leaf.png,4627152,0.82,1289
device7,device7_1290_LeafPhotoA_2025-09-08 15_56_23.653-05_00_leaf.png,3365527,0.42,1290
device7,device7_1290_LeafPhotoA_2025-09-08 15_56_37.615-05_00_leaf.png,5140201,13.22,1290
device7,device7_1290_LeafPhotoA_2025-09-08 15_56_50.690-05_00_leaf.png,4304839,6.96,1290
device7,device7_1291_LeafPhotoA_2025-09-08 15_54_50.120-05_00_leaf.png,3491053,0.26,1291
device7,device7_1291_LeafPhotoA_2025-09-08 15_55_02.334-05_00_leaf.png,4641132,0.09,1291
device7,device7_1291_LeafPhotoA_2025-09-08 15_55_03.217-05_00_leaf.png,4642570,0.11,1291
device7,device7_1291_LeafPhotoA_2025-09-08 15_55_48.408-05_00_leaf.png,3873158,0.45,1291
device7,device7_1291_LeafPhotoA_2025-09-08 15_55_50.629-05_00_leaf.png,3872591,0.44,1291
device7,device7_1292_LeafPhotoA_2025-09-08 15_53_52.485-05_00_leaf.png,2658286,0.02,1292
device7,device7_1292_LeafPhotoA_2025-09-08 15_54_22.156-05_00_leaf.png,4718691,0.54,1292
device7,device7_1293_LeafPhotoA_2025-09-08 15_52_58.637-05_00_leaf.png,4535527,0.03,1293
device7,device7_1293_LeafPhotoA_2025-09-08 15_53_11.521-05_00_leaf.png,3506468,1,1293
device7,device7_1293_LeafPhotoA_2025-09-08 15_53_24.573-05_00_leaf.png,3234287,0.04,1293
device7,device7_1294_LeafPhotoA_2025-09-08 15_51_16.167-05_00_leaf.png,3300029,0.02,1294
device7,device7_1294_LeafPhotoA_2025-09-08 15_51_28.194-05_00_leaf.png,4077074,0.01,1294
device7,device7_1295_LeafPhotoA_2025-09-08 15_49_55.699-05_00_leaf.png,9935501,8.27,1295
device7,device7_1295_LeafPhotoA_2025-09-08 15_50_08.082-05_00_leaf.png,2238220,2.56,1295
device7,device7_1295_LeafPhotoA_2025-09-08 15_50_19.233-05_00_leaf.png,2888132,0.38,1295
device7,device7_1296_LeafPhotoA_2025-09-08 15_48_42.112-05_00_leaf.png,5139956,0.07,1296
device7,device7_1296_LeafPhotoA_2025-09-08 15_48_52.871-05_00_leaf.png,3508846,5.83,1296
device7,device7_1296_LeafPhotoA_2025-09-08 15_49_06.359-05_00_leaf.png,3840000,0.77,1296
device7,device7_1296_LeafPhotoA_2025-09-08 15_49_08.394-05_00_leaf.png,3837701,0.78,1296
device7,device7_1297_LeafPhotoA_2025-09-08 15_47_55.790-05_00_leaf.png,3907299,0.13,1297
device7,device7_1297_LeafPhotoA_2025-09-08 15_48_11.082-05_00_leaf.png,3440449,0.29,1297
device7,device7_1297_LeafPhotoA_2025-09-08 15_48_23.885-05_00_leaf.png,4523370,0.34,1297
device7,device7_1298_LeafPhotoA_2025-09-08 15_47_08.630-05_00_leaf.png,2307018,0.24,1298
device7,device7_1298_LeafPhotoA_2025-09-08 15_47_21.277-05_00_leaf.png,2225096,0.2,1298
device7,device7_1298_LeafPhotoA_2025-09-08 15_47_32.922-05_00_leaf.png,3074897,2.23,1298
device7,device7_1299_LeafPhotoA_2025-09-08 16_38_35.389-05_00_leaf.png,3609328,0.26,1299
device7,device7_1299_LeafPhotoA_2025-09-08 16_38_48.630-05_00_leaf.png,4166653,0.03,1299
device7,device7_1299_LeafPhotoA_2025-09-08 16_39_02.787-05_00_leaf.png,4781840,2.19,1299
device7,device7_1300_LeafPhotoA_2025-09-08 16_37_53.454-05_00_leaf.png,2868671,0.46,1300
device7,device7_1300_LeafPhotoA_2025-09-08 16_38_09.236-05_00_leaf.png,3302810,1.83,1300
device7,device7_1300_LeafPhotoA_2025-09-08 16_38_22.299-05_00_leaf.png,2652885,0.23,1300
device7,device7_1393_LeafPhotoA_2025-09-08 13_18_32.825-05_00_leaf.png,3632314,0.06,1393
device7,device7_1393_LeafPhotoA_2025-09-08 13_18_52.744-05_00_leaf.png,3991968,0.21,1393
device7,device7_1393_LeafPhotoA_2025-09-08 13_19_15.503-05_00_leaf.png,4255975,0.03,1393
device7,device7_1394_LeafPhotoA_2025-09-08 13_19_35.204-05_00_leaf.png,3398695,1.21,1394
device7,device7_1394_LeafPhotoA_2025-09-08 13_19_49.921-05_00_leaf.png,4092467,0.26,1394
device7,device7_1394_LeafPhotoA_2025-09-08 13_20_12.644-05_00_leaf.png,4776911,0.62,1394
device7,device7_1394_LeafPhotoA_2025-09-08 13_20_13.438-05_00_leaf.png,4774788,0.63,1394
device7,device7_1395_LeafPhotoA_2025-09-08 13_20_31.109-05_00_leaf.png,2102612,0.21,1395
device7,device7_1395_LeafPhotoA_2025-09-08 13_22_02.106-05_00_leaf.png,2131087,0.04,1395
device7,device7_1395_LeafPhotoA_2025-09-08 13_22_26.470-05_00_leaf.png,2810182,0.02,1395
device7,device7_1396_LeafPhotoA_2025-09-08 13_22_43.424-05_00_leaf.png,3268129,0.13,1396
device7,device7_1396_LeafPhotoA_2025-09-08 13_22_54.710-05_00_leaf.png,3063232,0.02,1396
device7,device7_1396_LeafPhotoA_2025-09-08 13_23_07.766-05_00_leaf.png,3681439,1.02,1396
device7,device7_1397_LeafPhotoA_2025-09-08 13_28_16.462-05_00_leaf.png,9923813,6.33,1397
device7,device7_1397_LeafPhotoA_2025-09-08 13_28_34.632-05_00_leaf.png,2811589,17.21,1397
device7,device7_1397_LeafPhotoA_2025-09-08 13_28_44.630-05_00_leaf.png,3332902,0.37,1397
device7,device7_1398_LeafPhotoA_2025-09-08 13_29_01.012-05_00_leaf.png,3657429,0.15,1398
device7,device7_1398_LeafPhotoA_2025-09-08 13_29_17.211-05_00_leaf.png,2869448,0.83,1398
device7,device7_1398_LeafPhotoA_2025-09-08 13_29_28.589-05_00_leaf.png,3728151,4.35,1398
device7,device7_1502_LeafPhotoA_2025-09-09 09_54_03.269-05_00_leaf.png,2471533,1.91,1502
device7,device7_1502_LeafPhotoA_2025-09-09 09_54_26.325-05_00_leaf.png,2936046,10.2,1502
device7,device7_1502_LeafPhotoA_2025-09-09 09_54_42.702-05_00_leaf.png,3183554,2.8,1502
device7,device7_1503_LeafPhotoA_2025-09-09 08_44_17.065-05_00_leaf.png,2594986,0.44,1503
device7,device7_1503_LeafPhotoA_2025-09-09 08_44_49.181-05_00_leaf.png,3003832,0.04,1503
device7,device7_1503_LeafPhotoA_2025-09-09 08_46_17.627-05_00_leaf.png,4294406,0.18,1503
device7,device7_1503_LeafPhotoA_2025-09-09 08_48_00.776-05_00_leaf.png,3263107,0.29,1503
device7,device7_1503_LeafPhotoA_2025-09-09 08_48_30.975-05_00_leaf.png,4566967,0.1,1503
device7,device7_1504_LeafPhotoA_2025-09-09 08_50_28.700-05_00_leaf.png,4092715,1.32,1504
device7,device7_1504_LeafPhotoA_2025-09-09 08_50_51.868-05_00_leaf.png,5511287,0.84,1504
device7,device7_1504_LeafPhotoA_2025-09-09 08_51_18.085-05_00_leaf.png,4988183,2.24,1504
device7,device7_1505_LeafPhotoA_2025-09-09 08_52_20.526-05_00_leaf.png,4584529,0.07,1505
device7,device7_1505_LeafPhotoA_2025-09-09 08_53_30.898-05_00_leaf.png,2448465,0,1505
device7,device7_1505_LeafPhotoA_2025-09-09 08_53_52.709-05_00_leaf.png,3975850,2.52,1505
device7,device7_1506_LeafPhotoA_2025-09-09 08_57_43.859-05_00_leaf.png,3831586,0.64,1506
device7,device7_1506_LeafPhotoA_2025-09-09 08_58_13.215-05_00_leaf.png,2449473,0.19,1506
device7,device7_1506_LeafPhotoA_2025-09-09 08_58_31.636-05_00_leaf.png,3528037,0.56,1506
device7,device7_1507_LeafPhotoA_2025-09-09 08_55_37.448-05_00_leaf.png,3020587,5.45,1507
device7,device7_1507_LeafPhotoA_2025-09-09 08_59_58.702-05_00_leaf.png,4120628,20.08,1507
device7,device7_1507_LeafPhotoA_2025-09-09 09_01_13.684-05_00_leaf.png,1862460,2.08,1507
device7,device7_1508_LeafPhotoA_2025-09-09 09_01_58.791-05_00_leaf.png,4890571,0.26,1508
device7,device7_1508_LeafPhotoA_2025-09-09 09_02_17.390-05_00_leaf.png,4869730,0.06,1508
device7,device7_1508_LeafPhotoA_2025-09-09 09_02_33.328-05_00_leaf.png,4374420,0.17,1508
device7,device7_1509_LeafPhotoA_2025-09-09 09_03_10.274-05_00_leaf.png,2706519,21.43,1509
device7,device7_1509_LeafPhotoA_2025-09-09 09_03_11.183-05_00_leaf.png,2710372,21.26,1509
device7,device7_1509_LeafPhotoA_2025-09-09 09_03_34.340-05_00_leaf.png,1803492,0.07,1509
device7,device7_1509_LeafPhotoA_2025-09-09 09_04_45.922-05_00_leaf.png,3160434,8.75,1509
device7,device7_1510_LeafPhotoA_2025-09-09 09_05_13.748-05_00_leaf.png,3102432,0.19,1510
device7,device7_1510_LeafPhotoA_2025-09-09 09_05_34.354-05_00_leaf.png,360363,78.25,1510
device7,device7_1510_LeafPhotoA_2025-09-09 09_05_53.366-05_00_leaf.png,4692023,0.19,1510
device7,device7_1511_LeafPhotoA_2025-09-09 09_06_44.214-05_00_leaf.png,3036783,0.46,1511
device7,device7_1511_LeafPhotoA_2025-09-09 09_07_10.933-05_00_leaf.png,2291883,0.14,1511
device7,device7_1511_LeafPhotoA_2025-09-09 09_07_27.155-05_00_leaf.png,2547026,0.14,1511
device7,device7_1512_LeafPhotoA_2025-09-09 09_07_49.638-05_00_leaf.png,4678399,0.2,1512
device7,device7_1512_LeafPhotoA_2025-09-09 09_08_14.227-05_00_leaf.png,3899489,1.24,1512
device7,device7_1512_LeafPhotoA_2025-09-09 09_08_29.596-05_00_leaf.png,4132606,0.77,1512
device7,device7_1513_LeafPhotoA_2025-09-09 09_08_55.207-05_00_leaf.png,3366979,0,1513
device7,device7_1513_LeafPhotoA_2025-09-09 09_09_11.836-05_00_leaf.png,4224245,0.03,1513
device7,device7_1513_LeafPhotoA_2025-09-09 09_09_31.940-05_00_leaf.png,4097252,0.14,1513
device7,device7_1514_LeafPhotoA_2025-09-09 09_09_59.554-05_00_leaf.png,4008602,0.17,1514
device7,device7_1514_LeafPhotoA_2025-09-09 09_10_17.966-05_00_leaf.png,5058393,0.01,1514
device7,device7_1514_LeafPhotoA_2025-09-09 09_10_34.947-05_00_leaf.png,5517506,1.35,1514
device7,device7_1514_LeafPhotoA_2025-09-09 09_10_41.069-05_00_leaf.png,5547439,1.12,1514
device7,device7_1515_LeafPhotoA_2025-09-09 09_11_01.399-05_00_leaf.png,3536658,0.21,1515
device7,device7_1515_LeafPhotoA_2025-09-09 09_11_21.301-05_00_leaf.png,3525555,0.42,1515
device7,device7_1515_LeafPhotoA_2025-09-09 09_11_40.214-05_00_leaf.png,2762816,1.29,1515
device7,device7_1516_LeafPhotoA_2025-09-09 09_12_02.493-05_00_leaf.png,3411378,0,1516
device7,device7_1516_LeafPhotoA_2025-09-09 09_12_21.868-05_00_leaf.png,3747447,0.29,1516
device7,device7_1516_LeafPhotoA_2025-09-09 09_12_38.878-05_00_leaf.png,3830409,0.04,1516
device7,device7_1517_LeafPhotoA_2025-09-09 09_13_05.185-05_00_leaf.png,2677867,0.26,1517
device7,device7_1517_LeafPhotoA_2025-09-09 09_13_28.956-05_00_leaf.png,3495601,0.21,1517
device7,device7_1517_LeafPhotoA_2025-09-09 09_13_56.370-05_00_leaf.png,3381419,0.01,1517
device7,device7_1518_LeafPhotoA_2025-09-09 09_14_16.566-05_00_leaf.png,4929670,0.97,1518
device7,device7_1518_LeafPhotoA_2025-09-09 09_14_37.331-05_00_leaf.png,3429727,0.33,1518
device7,device7_1518_LeafPhotoA_2025-09-09 09_14_51.805-05_00_leaf.png,2662839,0.77,1518
device7,device7_1519_LeafPhotoA_2025-09-09 09_15_22.615-05_00_leaf.png,4876589,0.01,1519
device7,device7_1519_LeafPhotoA_2025-09-09 09_16_01.020-05_00_leaf.png,4847494,0.02,1519
device7,device7_1519_LeafPhotoA_2025-09-09 09_16_22.062-05_00_leaf.png,5293912,0,1519
device7,device7_1520_LeafPhotoA_2025-09-09 09_16_44.839-05_00_leaf.png,3105351,0.13,1520
device7,device7_1520_LeafPhotoA_2025-09-09 09_17_00.155-05_00_leaf.png,2767860,0.01,1520
device7,device7_1520_LeafPhotoA_2025-09-09 09_17_13.853-05_00_leaf.png,3830443,0.09,1520
device7,device7_1521_LeafPhotoA_2025-09-09 09_17_54.205-05_00_leaf.png,2675910,14.02,1521
device7,device7_1521_LeafPhotoA_2025-09-09 09_18_11.693-05_00_leaf.png,3037005,0.03,1521
device7,device7_1521_LeafPhotoA_2025-09-09 09_18_30.185-05_00_leaf.png,3226446,0.17,1521
device7,device7_1522_LeafPhotoA_2025-09-09 09_19_19.603-05_00_leaf.png,4024036,0.03,1522
device7,device7_1522_LeafPhotoA_2025-09-09 09_19_43.723-05_00_leaf.png,3984344,1.9,1522
device7,device7_1522_LeafPhotoA_2025-09-09 09_19_59.545-05_00_leaf.png,4645933,0.01,1522
device7,device7_1523_LeafPhotoA_2025-09-09 09_20_25.982-05_00_leaf.png,3952842,0.44,1523
device7,device7_1523_LeafPhotoA_2025-09-09 09_20_38.952-05_00_leaf.png,3866986,0.58,1523
device7,device7_1523_LeafPhotoA_2025-09-09 09_20_52.756-05_00_leaf.png,3431720,1.82,1523
device7,device7_1524_LeafPhotoA_2025-09-09 09_21_22.778-05_00_leaf.png,4527089,0.34,1524
device7,device7_1524_LeafPhotoA_2025-09-09 09_21_57.092-05_00_leaf.png,3370066,1.9,1524
device7,device7_1524_LeafPhotoA_2025-09-09 09_22_11.221-05_00_leaf.png,3402266,1.33,1524
device7,device7_1525_LeafPhotoA_2025-09-09 09_22_38.343-05_00_leaf.png,3445293,0.89,1525
device7,device7_1525_LeafPhotoA_2025-09-09 09_22_51.811-05_00_leaf.png,3377642,0.2,1525
device7,device7_1525_LeafPhotoA_2025-09-09 09_23_09.815-05_00_leaf.png,4460276,0.3,1525
device7,device7_1526_LeafPhotoA_2025-09-09 09_23_30.420-05_00_leaf.png,3518298,0.07,1526
device7,device7_1526_LeafPhotoA_2025-09-09 09_23_50.405-05_00_leaf.png,4232187,0.28,1526
device7,device7_1526_LeafPhotoA_2025-09-09 09_24_05.644-05_00_leaf.png,3585260,1.72,1526
device7,device7_1527_LeafPhotoA_2025-09-09 09_24_38.737-05_00_leaf.png,3556794,1.04,1527
device7,device7_1527_LeafPhotoA_2025-09-09 09_24_59.552-05_00_leaf.png,4210271,0.01,1527
device7,device7_1527_LeafPhotoA_2025-09-09 09_25_12.331-05_00_leaf.png,4494946,0.07,1527
device7,device7_1528_LeafPhotoA_2025-09-09 09_25_45.081-05_00_leaf.png,2573163,6.82,1528
device7,device7_1528_LeafPhotoA_2025-09-09 09_26_08.153-05_00_leaf.png,3409511,6.2,1528
device7,device7_1528_LeafPhotoA_2025-09-09 09_26_28.328-05_00_leaf.png,3397114,7.91,1528
device7,device7_1529_LeafPhotoA_2025-09-09 09_26_46.566-05_00_leaf.png,3970954,0.01,1529
device7,device7_1529_LeafPhotoA_2025-09-09 09_26_59.336-05_00_leaf.png,4593254,0.03,1529
device7,device7_1529_LeafPhotoA_2025-09-09 09_27_12.422-05_00_leaf.png,3154073,0,1529
device7,device7_1530_LeafPhotoA_2025-09-09 09_27_39.851-05_00_leaf.png,6250625,0.96,1530
device7,device7_1530_LeafPhotoA_2025-09-09 09_27_58.432-05_00_leaf.png,9386219,11.34,1530
device7,device7_1530_LeafPhotoA_2025-09-09 09_28_13.536-05_00_leaf.png,4547311,0.76,1530
device7,device7_1531_LeafPhotoA_2025-09-09 09_28_36.108-05_00_leaf.png,4524308,0.53,1531
device7,device7_1531_LeafPhotoA_2025-09-09 09_28_50.207-05_00_leaf.png,4653972,0.34,1531
device7,device7_1531_LeafPhotoA_2025-09-09 09_29_04.886-05_00_leaf.png,4448486,0.62,1531
device7,device7_1532_LeafPhotoA_2025-09-09 09_29_26.983-05_00_leaf.png,2591470,0.86,1532
device7,device7_1532_LeafPhotoA_2025-09-09 09_30_16.870-05_00_leaf.png,2183424,0.54,1532
device7,device7_1532_LeafPhotoA_2025-09-09 09_30_40.186-05_00_leaf.png,4096613,2.48,1532
device7,device7_1533_LeafPhotoA_2025-09-09 09_31_04.036-05_00_leaf.png,3038551,11.97,1533
device7,device7_1533_LeafPhotoA_2025-09-09 09_31_25.593-05_00_leaf.png,3050815,5.85,1533
device7,device7_1533_LeafPhotoA_2025-09-09 09_31_45.074-05_00_leaf.png,3641683,20.32,1533
device7,device7_1534_LeafPhotoA_2025-09-09 09_32_20.747-05_00_leaf.png,3036841,0.1,1534
device7,device7_1534_LeafPhotoA_2025-09-09 09_32_36.020-05_00_leaf.png,3494021,2.03,1534
device7,device7_1534_LeafPhotoA_2025-09-09 09_32_49.938-05_00_leaf.png,4289410,0.18,1534
device7,device7_1535_LeafPhotoA_2025-09-09 09_33_22.895-05_00_leaf.png,4868526,6.87,1535
device7,device7_1535_LeafPhotoA_2025-09-09 09_33_46.658-05_00_leaf.png,3256449,0.45,1535
device7,device7_1535_LeafPhotoA_2025-09-09 09_34_04.560-05_00_leaf.png,3613792,0,1535
device7,device7_1536_LeafPhotoA_2025-09-09 09_34_32.116-05_00_leaf.png,3007750,0.63,1536
device7,device7_1536_LeafPhotoA_2025-09-09 09_34_46.885-05_00_leaf.png,4130850,1.64,1536
device7,device7_1536_LeafPhotoA_2025-09-09 09_35_04.541-05_00_leaf.png,3427780,0.03,1536
device7,device7_1537_LeafPhotoA_2025-09-09 09_35_24.777-05_00_leaf.png,3799649,0.91,1537
device7,device7_1537_LeafPhotoA_2025-09-09 09_35_44.038-05_00_leaf.png,4615135,0.37,1537
device7,device7_1537_LeafPhotoA_2025-09-09 09_36_00.380-05_00_leaf.png,3333287,2.9,1537
device7,device7_1538_LeafPhotoA_2025-09-09 09_36_27.479-05_00_leaf.png,2116294,4.57,1538
device7,device7_1538_LeafPhotoA_2025-09-09 09_36_42.535-05_00_leaf.png,1660307,1.57,1538
device7,device7_1538_LeafPhotoA_2025-09-09 09_36_57.672-05_00_leaf.png,2756638,2.71,1538
device7,device7_1539_LeafPhotoA_2025-09-09 09_37_27.008-05_00_leaf.png,2918632,5.49,1539
device7,device7_1539_LeafPhotoA_2025-09-09 09_37_43.228-05_00_leaf.png,3288875,2.89,1539
device7,device7_1539_LeafPhotoA_2025-09-09 09_37_58.578-05_00_leaf.png,3548088,0.43,1539
device7,device7_1540_LeafPhotoA_2025-09-09 09_38_25.826-05_00_leaf.png,3843576,6.24,1540
device7,device7_1540_LeafPhotoA_2025-09-09 09_38_48.539-05_00_leaf.png,3217886,1.1,1540
device7,device7_1540_LeafPhotoA_2025-09-09 09_39_03.044-05_00_leaf.png,2809656,0.67,1540
device7,device7_1541_LeafPhotoA_2025-09-09 09_40_02.101-05_00_leaf.png,3541440,1.98,1541
device7,device7_1541_LeafPhotoA_2025-09-09 09_40_32.695-05_00_leaf.png,4399809,12.43,1541
device7,device7_1541_LeafPhotoA_2025-09-09 09_40_54.951-05_00_leaf.png,2592240,0.93,1541
device7,device7_1542_LeafPhotoA_2025-09-09 09_41_29.585-05_00_leaf.png,4708313,12.1,1542
device7,device7_1542_LeafPhotoA_2025-09-09 09_42_01.568-05_00_leaf.png,5233437,37.15,1542
device7,device7_1542_LeafPhotoA_2025-09-09 09_42_23.433-05_00_leaf.png,4293705,15.94,1542
device7,device7_1543_LeafPhotoA_2025-09-09 09_43_07.504-05_00_leaf.png,3456285,0.08,1543
device7,device7_1543_LeafPhotoA_2025-09-09 09_43_28.797-05_00_leaf.png,3494996,0.54,1543
device7,device7_1543_LeafPhotoA_2025-09-09 09_43_51.333-05_00_leaf.png,4355730,0.15,1543
device7,device7_1544_LeafPhotoA_2025-09-09 09_44_21.004-05_00_leaf.png,3213281,0,1544
device7,device7_1544_LeafPhotoA_2025-09-09 09_44_42.594-05_00_leaf.png,5449559,0.52,1544
device7,device7_1544_LeafPhotoA_2025-09-09 09_45_02.427-05_00_leaf.png,5287400,0.09,1544
device7,device7_1545_LeafPhotoA_2025-09-09 09_45_27.497-05_00_leaf.png,5020787,0.02,1545
device7,device7_1545_LeafPhotoA_2025-09-09 09_45_44.186-05_00_leaf.png,3816780,0,1545
device7,device7_1545_LeafPhotoA_2025-09-09 09_46_01.234-05_00_leaf.png,4550097,0,1545
device7,device7_1546_LeafPhotoA_2025-09-09 09_46_41.923-05_00_leaf.png,3307868,5.46,1546
device7,device7_1546_LeafPhotoA_2025-09-09 09_47_10.554-05_00_leaf.png,2413057,7.46,1546
device7,device7_1546_LeafPhotoA_2025-09-09 09_48_01.521-05_00_leaf.png,2681346,2.26,1546
device7,device7_1547_LeafPhotoA_2025-09-09 09_48_32.347-05_00_leaf.png,377808,78.49,1547
device7,device7_1547_LeafPhotoA_2025-09-09 09_48_52.486-05_00_leaf.png,5025618,7.06,1547
device7,device7_1547_LeafPhotoA_2025-09-09 09_49_06.170-05_00_leaf.png,5709695,4.92,1547
device7,device7_1548_LeafPhotoA_2025-09-09 09_49_29.604-05_00_leaf.png,2888295,9.06,1548
device7,device7_1548_LeafPhotoA_2025-09-09 09_49_52.309-05_00_leaf.png,2600777,0.11,1548
device7,device7_1548_LeafPhotoA_2025-09-09 09_50_14.551-05_00_leaf.png,2569085,1.4,1548
device7,device7_1549_LeafPhotoA_2025-09-09 09_50_49.099-05_00_leaf.png,3857916,1.55,1549
device7,device7_1549_LeafPhotoA_2025-09-09 09_51_02.084-05_00_leaf.png,2843565,0.26,1549
device7,device7_1549_LeafPhotoA_2025-09-09 09_51_22.056-05_00_leaf.png,3466933,0.17,1549
device7,device7_1550_LeafPhotoA_2025-09-09 09_51_45.299-05_00_leaf.png,4356631,0.23,1550
device7,device7_1550_LeafPhotoA_2025-09-09 09_52_02.803-05_00_leaf.png,5191113,0.18,1550
device7,device7_1550_LeafPhotoA_2025-09-09 09_52_22.748-05_00_leaf.png,4733470,0.21,1550
device7,device7_1951_LeafPhotoA_2025-09-09 17_08_50.768-05_00_leaf.png,5329896,0.47,1951
device7,device7_1951_LeafPhotoA_2025-09-09 17_09_03.119-05_00_leaf.png,4201518,0.09,1951
device7,device7_1951_LeafPhotoA_2025-09-09 17_09_34.140-05_00_leaf.png,4951716,0.41,1951
device7,device7_1951_LeafPhotoA_2025-09-09 17_10_14.303-05_00_leaf.png,4502234,0.32,1951
device7,device7_1952_LeafPhotoA_2025-09-09 17_10_49.885-05_00_leaf.png,5535054,0.13,1952
device7,device7_1952_LeafPhotoA_2025-09-09 17_11_21.522-05_00_leaf.png,4413938,0.12,1952
device7,device7_1952_LeafPhotoA_2025-09-09 17_11_41.843-05_00_leaf.png,5040457,0,1952
device7,device7_1953_LeafPhotoA_2025-09-09 17_13_00.118-05_00_leaf.png,4374608,0.63,1953
device7,device7_1953_LeafPhotoA_2025-09-09 17_13_18.695-05_00_leaf.png,3936771,0.03,1953
device7,device7_1953_LeafPhotoA_2025-09-09 17_13_39.408-05_00_leaf.png,3457506,0.17,1953
device7,device7_1954_LeafPhotoA_2025-09-09 17_14_08.636-05_00_leaf.png,4102318,1.17,1954
device7,device7_1954_LeafPhotoA_2025-09-09 17_14_25.366-05_00_leaf.png,2359619,0.28,1954
device7,device7_1954_LeafPhotoA_2025-09-09 17_14_43.070-05_00_leaf.png,4039586,1.77,1954
device7,device7_1955_LeafPhotoA_2025-09-09 17_15_44.998-05_00_leaf.png,4193963,0.05,1955
device7,device7_1955_LeafPhotoA_2025-09-09 17_16_01.607-05_00_leaf.png,3374427,2.23,1955
device7,device7_1955_LeafPhotoA_2025-09-09 17_16_32.268-05_00_leaf.png,3108591,0.11,1955
device7,device7_1956_LeafPhotoA_2025-09-09 17_17_05.235-05_00_leaf.png,3277888,0.1,1956
device7,device7_1956_LeafPhotoA_2025-09-09 17_17_22.869-05_00_leaf.png,3702255,0,1956
device7,device7_1956_LeafPhotoA_2025-09-09 17_17_49.256-05_00_leaf.png,4064452,0.08,1956
device7,device7_1999_LeafPhotoA_2025-09-09 17_06_20.755-05_00_leaf.png,3930788,1.43,1999
device7,device7_1999_LeafPhotoA_2025-09-09 17_06_37.796-05_00_leaf.png,4477642,1.96,1999
device7,device7_1999_LeafPhotoA_2025-09-09 17_06_52.482-05_00_leaf.png,3476305,0.75,1999
device7,device7_2266_LeafPhotoA_2025-09-08 17_16_27.772-05_00_leaf.png,3124213,12.82,2266
device7,device7_2266_LeafPhotoA_2025-09-08 17_16_52.298-05_00_leaf.png,2330416,4.23,2266
device7,device7_2266_LeafPhotoA_2025-09-08 17_17_09.917-05_00_leaf.png,3004355,8.06,2266
device7,device7_2267_LeafPhotoA_2025-09-08 17_15_34.150-05_00_leaf.png,4231414,0.97,2267
device7,device7_2267_LeafPhotoA_2025-09-08 17_15_46.577-05_00_leaf.png,3885735,3.49,2267
device7,device7_2267_LeafPhotoA_2025-09-08 17_16_05.774-05_00_leaf.png,4459602,2.07,2267
device7,device7_2268_LeafPhotoA_2025-09-08 17_14_30.384-05_00_leaf.png,2770948,0.02,2268
device7,device7_2268_LeafPhotoA_2025-09-08 17_14_46.907-05_00_leaf.png,3469145,2.48,2268
device7,device7_2268_LeafPhotoA_2025-09-08 17_14_58.767-05_00_leaf.png,3486586,2.93,2268
device7,device7_2269_LeafPhotoA_2025-09-08 17_13_41.456-05_00_leaf.png,4076468,0.1,2269
device7,device7_2269_LeafPhotoA_2025-09-08 17_13_56.784-05_00_leaf.png,4914111,0.79,2269
device7,device7_2269_LeafPhotoA_2025-09-08 17_14_12.666-05_00_leaf.png,3647601,0.21,2269
device7,device7_2270_LeafPhotoA_2025-09-08 17_12_53.909-05_00_leaf.png,3477642,0.77,2270
device7,device7_2270_LeafPhotoA_2025-09-08 17_13_07.295-05_00_leaf.png,3173043,1.55,2270
device7,device7_2270_LeafPhotoA_2025-09-08 17_13_20.989-05_00_leaf.png,3213322,0.39,2270
device7,device7_2271_LeafPhotoA_2025-09-08 17_11_48.211-05_00_leaf.png,2118898,0.22,2271
device7,device7_2271_LeafPhotoA_2025-09-08 17_12_04.853-05_00_leaf.png,3504105,0.8,2271
device7,device7_2271_LeafPhotoA_2025-09-08 17_12_28.676-05_00_leaf.png,3053290,27.12,2271
device7,device7_2272_LeafPhotoA_2025-09-08 17_10_51.813-05_00_leaf.png,2265544,0.78,2272
device7,device7_2272_LeafPhotoA_2025-09-08 17_11_05.980-05_00_leaf.png,2732216,0.9,2272
device7,device7_2272_LeafPhotoA_2025-09-08 17_11_21.629-05_00_leaf.png,3460851,0.2,2272
device7,device7_2273_LeafPhotoA_2025-09-08 17_10_01.760-05_00_leaf.png,5419403,0.34,2273
device7,device7_2273_LeafPhotoA_2025-09-08 17_10_20.317-05_00_leaf.png,10208938,7.88,2273
device7,device7_2273_LeafPhotoA_2025-09-08 17_10_36.730-05_00_leaf.png,3950473,0.39,2273
device7,device7_2274_LeafPhotoA_2025-09-08 17_09_04.827-05_00_leaf.png,3733844,7.04,2274
device7,device7_2274_LeafPhotoA_2025-09-08 17_09_23.369-05_00_leaf.png,4096838,1.06,2274
device7,device7_2274_LeafPhotoA_2025-09-08 17_09_38.644-05_00_leaf.png,4389548,0.62,2274
device7,device7_2275_LeafPhotoA_2025-09-08 17_05_17.058-05_00_leaf.png,2895040,0.07,2275
device7,device7_2275_LeafPhotoA_2025-09-08 17_08_23.990-05_00_leaf.png,2234758,0.01,2275
device7,device7_2275_LeafPhotoA_2025-09-08 17_08_42.063-05_00_leaf.png,2794242,0.03,2275
device7,device7_2276_LeafPhotoA_2025-09-08 17_03_35.378-05_00_leaf.png,3155795,0.63,2276
device7,device7_2276_LeafPhotoA_2025-09-08 17_03_48.028-05_00_leaf.png,3679240,2.97,2276
device7,device7_2277_LeafPhotoA_2025-09-08 17_02_31.405-05_00_leaf.png,3548652,0.09,2277
device7,device7_2277_LeafPhotoA_2025-09-08 17_02_41.959-05_00_leaf.png,2881744,4.88,2277
device7,device7_2277_LeafPhotoA_2025-09-08 17_02_56.416-05_00_leaf.png,3524408,0.26,2277
device7,device7_2278_LeafPhotoA_2025-09-08 17_01_22.567-05_00_leaf.png,3943498,4.97,2278
device7,device7_2278_LeafPhotoA_2025-09-08 17_01_54.314-05_00_leaf.png,4653975,5.79,2278
device7,device7_2278_LeafPhotoA_2025-09-08 17_02_12.714-05_00_leaf.png,3739137,12.53,2278
device7,device7_2279_LeafPhotoA_2025-09-08 17_00_29.242-05_00_leaf.png,3785180,14.88,2279
device7,device7_2279_LeafPhotoA_2025-09-08 17_00_42.322-05_00_leaf.png,3311163,0.57,2279
device7,device7_2279_LeafPhotoA_2025-09-08 17_01_02.168-05_00_leaf.png,3224614,18.81,2279
device7,device7_2280_LeafPhotoA_2025-09-08 16_59_30.600-05_00_leaf.png,2462968,14.08,2280
device7,device7_2280_LeafPhotoA_2025-09-08 16_59_44.564-05_00_leaf.png,2499900,0.33,2280
device7,device7_2280_LeafPhotoA_2025-09-08 16_59_56.766-05_00_leaf.png,9044312,7.89,2280
device7,device7_2281_LeafPhotoA_2025-09-08 16_57_54.456-05_00_leaf.png,3302081,6.6,2281
device7,device7_2281_LeafPhotoA_2025-09-08 16_58_15.797-05_00_leaf.png,4827034,0.3,2281
device7,device7_2281_LeafPhotoA_2025-09-08 16_59_13.027-05_00_leaf.png,8609100,30.47,2281
device7,device7_2282_LeafPhotoA_2025-09-08 16_57_02.887-05_00_leaf.png,3818862,0.09,2282
device7,device7_2282_LeafPhotoA_2025-09-08 16_57_21.521-05_00_leaf.png,3599927,0.13,2282
device7,device7_2282_LeafPhotoA_2025-09-08 16_57_36.730-05_00_leaf.png,4746201,0.09,2282
device7,device7_2283_LeafPhotoA_2025-09-08 16_56_10.574-05_00_leaf.png,4168426,1.72,2283
device7,device7_2283_LeafPhotoA_2025-09-08 16_56_23.948-05_00_leaf.png,3444906,2.24,2283
device7,device7_2283_LeafPhotoA_2025-09-08 16_56_36.626-05_00_leaf.png,8331347,9.92,2283
device7,device7_2284_LeafPhotoA_2025-09-08 16_55_20.194-05_00_leaf.png,3280743,0.22,2284
device7,device7_2284_LeafPhotoA_2025-09-08 16_55_35.272-05_00_leaf.png,3631517,0.09,2284
device7,device7_2284_LeafPhotoA_2025-09-08 16_55_53.373-05_00_leaf.png,3582205,0.11,2284
device7,device7_2285_LeafPhotoA_2025-09-08 16_54_39.925-05_00_leaf.png,4129674,0.01,2285
device7,device7_2285_LeafPhotoA_2025-09-08 16_54_52.461-05_00_leaf.png,3596840,0,2285
device7,device7_2285_LeafPhotoA_2025-09-08 16_55_04.775-05_00_leaf.png,3308901,0.09,2285
device7,device7_2286_LeafPhotoA_2025-09-08 16_53_44.741-05_00_leaf.png,5028502,0.24,2286
device7,device7_2286_LeafPhotoA_2025-09-08 16_53_56.957-05_00_leaf.png,3777501,0.02,2286
device7,device7_2286_LeafPhotoA_2025-09-08 16_54_14.459-05_00_leaf.png,2968873,0.04,2286
device7,device7_2287_LeafPhotoA_2025-09-08 16_52_49.103-05_00_leaf.png,5252084,0.72,2287
device7,device7_2287_LeafPhotoA_2025-09-08 16_53_06.874-05_00_leaf.png,5029213,9.12,2287
device7,device7_2287_LeafPhotoA_2025-09-08 16_53_20.850-05_00_leaf.png,2899375,0.48,2287
device7,device7_2288_LeafPhotoA_2025-09-08 16_51_52.055-05_00_leaf.png,4569490,0.1,2288
device7,device7_2288_LeafPhotoA_2025-09-08 16_52_05.224-05_00_leaf.png,3170827,0.18,2288
device7,device7_2288_LeafPhotoA_2025-09-08 16_52_18.824-05_00_leaf.png,3733080,0.48,2288
device7,device7_2289_LeafPhotoA_2025-09-08 16_50_55.751-05_00_leaf.png,3477895,0.24,2289
device7,device7_2289_LeafPhotoA_2025-09-08 16_51_09.005-05_00_leaf.png,3978626,0.66,2289
device7,device7_2289_LeafPhotoA_2025-09-08 16_51_26.507-05_00_leaf.png,4259633,0.9,2289
device7,device7_2290_LeafPhotoA_2025-09-08 16_50_03.639-05_00_leaf.png,2451168,0.06,2290
device7,device7_2290_LeafPhotoA_2025-09-08 16_50_22.595-05_00_leaf.png,2945590,0.12,2290
device7,device7_2290_LeafPhotoA_2025-09-08 16_50_34.968-05_00_leaf.png,3318026,2.68,2290
device7,device7_2291_LeafPhotoA_2025-09-08 16_48_45.076-05_00_leaf.png,3834209,0.07,2291
device7,device7_2291_LeafPhotoA_2025-09-08 16_48_57.455-05_00_leaf.png,4521121,0.33,2291
device7,device7_2291_LeafPhotoA_2025-09-08 16_49_20.296-05_00_leaf.png,5117187,0.14,2291
device7,device7_2292_LeafPhotoA_2025-09-08 16_47_52.649-05_00_leaf.png,2662011,0.39,2292
device7,device7_2292_LeafPhotoA_2025-09-08 16_48_06.499-05_00_leaf.png,4184372,1.06,2292
device7,device7_2292_LeafPhotoA_2025-09-08 16_48_20.056-05_00_leaf.png,2973670,0.24,2292
device7,device7_2293_LeafPhotoA_2025-09-08 16_47_09.501-05_00_leaf.png,4199565,1.68,2293
device7,device7_2293_LeafPhotoA_2025-09-08 16_47_21.144-05_00_leaf.png,3780089,0,2293
device7,device7_2293_LeafPhotoA_2025-09-08 16_47_33.097-05_00_leaf.png,4583924,0.37,2293
device7,device7_2294_LeafPhotoA_2025-09-08 16_46_18.299-05_00_leaf.png,3114990,0.07,2294
device7,device7_2294_LeafPhotoA_2025-09-08 16_46_31.068-05_00_leaf.png,3553131,3.6,2294
device7,device7_2294_LeafPhotoA_2025-09-08 16_46_46.424-05_00_leaf.png,3499889,3.34,2294
device7,device7_2295_LeafPhotoA_2025-09-08 16_45_06.756-05_00_leaf.png,3776326,0.59,2295
device7,device7_2295_LeafPhotoA_2025-09-08 16_45_22.277-05_00_leaf.png,9073084,7.8,2295
device7,device7_2295_LeafPhotoA_2025-09-08 16_45_42.473-05_00_leaf.png,4071633,1.97,2295
device7,device7_2296_LeafPhotoA_2025-09-08 16_44_03.321-05_00_leaf.png,4256152,0.01,2296
device7,device7_2296_LeafPhotoA_2025-09-08 16_44_29.195-05_00_leaf.png,3175679,0.51,2296
device7,device7_2296_LeafPhotoA_2025-09-08 16_44_42.715-05_00_leaf.png,3540799,0.25,2296
device7,device7_2297_LeafPhotoA_2025-09-08 16_43_09.120-05_00_leaf.png,4050785,0.48,2297
device7,device7_2297_LeafPhotoA_2025-09-08 16_43_20.615-05_00_leaf.png,4268693,2.45,2297
device7,device7_2297_LeafPhotoA_2025-09-08 16_43_31.283-05_00_leaf.png,2623249,1.43,2297
device7,device7_2298_LeafPhotoA_2025-09-08 16_41_04.728-05_00_leaf.png,2062988,0.11,2298
device7,device7_2298_LeafPhotoA_2025-09-08 16_42_16.559-05_00_leaf.png,1641034,0.23,2298
device7,device7_2298_LeafPhotoA_2025-09-08 16_42_46.040-05_00_leaf.png,3486210,15.2,2298
device7,device7_2299_LeafPhotoA_2025-09-08 16_40_08.904-05_00_leaf.png,4124062,1.28,2299
device7,device7_2299_LeafPhotoA_2025-09-08 16_40_21.663-05_00_leaf.png,4506557,0.87,2299
device7,device7_2299_LeafPhotoA_2025-09-08 16_40_34.465-05_00_leaf.png,4351809,0.23,2299
device7,device7_2300_LeafPhotoA_2025-09-08 16_39_22.731-05_00_leaf.png,4495088,0.14,2300
device7,device7_2300_LeafPhotoA_2025-09-08 16_39_37.651-05_00_leaf.png,2792924,0.01,2300
device7,device7_2300_LeafPhotoA_2025-09-08 16_39_52.159-05_00_leaf.png,3581641,0,2300
device7,device7_2501_LeafPhotoA_2025-09-09 09_55_22.011-05_00_leaf.png,3004714,0.19,2501
device7,device7_2501_LeafPhotoA_2025-09-09 09_55_35.522-05_00_leaf.png,3954714,0.23,2501
device7,device7_2501_LeafPhotoA_2025-09-09 09_55_51.660-05_00_leaf.png,3873020,13.24,2501
device7,device7_2502_LeafPhotoA_2025-09-09 09_56_19.849-05_00_leaf.png,3096854,0.05,2502
device7,device7_2502_LeafPhotoA_2025-09-09 09_56_36.827-05_00_leaf.png,4963250,0.37,2502
device7,device7_2502_LeafPhotoA_2025-09-09 09_56_59.534-05_00_leaf.png,5410274,1.82,2502
device7,device7_2503_LeafPhotoA_2025-09-09 09_57_24.721-05_00_leaf.png,4031978,4.63,2503
device7,device7_2503_LeafPhotoA_2025-09-09 09_58_02.824-05_00_leaf.png,3960669,6.7,2503
device7,device7_2503_LeafPhotoA_2025-09-09 09_58_27.327-05_00_leaf.png,4125307,13.61,2503
device7,device7_2504_LeafPhotoA_2025-09-09 09_58_58.195-05_00_leaf.png,4874487,0.07,2504
device7,device7_2504_LeafPhotoA_2025-09-09 09_59_15.494-05_00_leaf.png,3192942,0.01,2504
device7,device7_2504_LeafPhotoA_2025-09-09 10_00_01.419-05_00_leaf.png,3928493,0.02,2504
device7,device7_2505_LeafPhotoA_2025-09-09 10_00_24.966-05_00_leaf.png,4178062,0.04,2505
device7,device7_2505_LeafPhotoA_2025-09-09 10_00_42.737-05_00_leaf.png,4195367,0.03,2505
device7,device7_2505_LeafPhotoA_2025-09-09 10_00_57.054-05_00_leaf.png,3166598,0,2505
device7,device7_2506_LeafPhotoA_2025-09-09 10_01_22.923-05_00_leaf.png,3815491,2.34,2506
device7,device7_2506_LeafPhotoA_2025-09-09 10_01_46.426-05_00_leaf.png,3587578,1.52,2506
device7,device7_2506_LeafPhotoA_2025-09-09 10_02_00.313-05_00_leaf.png,2232833,0.1,2506
device7,device7_2507_LeafPhotoA_2025-09-09 10_02_20.723-05_00_leaf.png,3288163,0,2507
device7,device7_2507_LeafPhotoA_2025-09-09 10_02_36.291-05_00_leaf.png,4457843,0.17,2507
device7,device7_2507_LeafPhotoA_2025-09-09 10_02_50.023-05_00_leaf.png,3703565,0,2507
device7,device7_2508_LeafPhotoA_2025-09-09 10_03_32.896-05_00_leaf.png,2892026,1.29,2508
device7,device7_2508_LeafPhotoA_2025-09-09 10_03_45.478-05_00_leaf.png,3709652,0.39,2508
device7,device7_2508_LeafPhotoA_2025-09-09 10_04_04.166-05_00_leaf.png,3182738,0.13,2508
device7,device7_2510_LeafPhotoA_2025-09-09 10_05_09.669-05_00_leaf.png,4064615,0.06,2510
device7,device7_2510_LeafPhotoA_2025-09-09 10_05_24.878-05_00_leaf.png,3786341,0.25,2510
device7,device7_2510_LeafPhotoA_2025-09-09 10_05_41.945-05_00_leaf.png,4456194,0.07,2510
device7,device7_2511_LeafPhotoA_2025-09-09 10_06_08.538-05_00_leaf.png,3037208,0.07,2511
device7,device7_2511_LeafPhotoA_2025-09-09 10_06_22.712-05_00_leaf.png,2528162,0.22,2511
device7,device7_2511_LeafPhotoA_2025-09-09 10_06_43.007-05_00_leaf.png,4376020,0.12,2511
device7,device7_2513_LeafPhotoA_2025-09-09 10_09_51.890-05_00_leaf.png,2692706,0.94,2513
device7,device7_2513_LeafPhotoA_2025-09-09 10_10_08.520-05_00_leaf.png,3354622,0.24,2513
device7,device7_2513_LeafPhotoA_2025-09-09 10_10_22.944-05_00_leaf.png,2756516,0.44,2513
device7,device7_2514_LeafPhotoA_2025-09-09 10_11_17.660-05_00_leaf.png,3357706,15.31,2514
device7,device7_2514_LeafPhotoA_2025-09-09 10_11_35.245-05_00_leaf.png,2570752,17.82,2514
device7,device7_2514_LeafPhotoA_2025-09-09 10_12_03.398-05_00_leaf.png,4062672,7.04,2514
device7,device7_2515_LeafPhotoA_2025-09-09 10_12_37.469-05_00_leaf.png,4828834,0.32,2515
device7,device7_2515_LeafPhotoA_2025-09-09 10_12_50.255-05_00_leaf.png,2831738,0.01,2515
device7,device7_2515_LeafPhotoA_2025-09-09 10_13_03.695-05_00_leaf.png,3848825,0.01,2515
device7,device7_2516_LeafPhotoA_2025-09-09 10_13_35.191-05_00_leaf.png,3175765,1.2,2516
device7,device7_2516_LeafPhotoA_2025-09-09 10_13_47.907-05_00_leaf.png,3291355,0.26,2516
device7,device7_2516_LeafPhotoA_2025-09-09 10_14_00.183-05_00_leaf.png,4106463,0.19,2516
device7,device7_2518_LeafPhotoA_2025-09-09 10_14_44.963-05_00_leaf.png,3054200,1.81,2518
device7,device7_2518_LeafPhotoA_2025-09-09 10_15_00.835-05_00_leaf.png,4141420,1.53,2518
device7,device7_2518_LeafPhotoA_2025-09-09 10_15_15.738-05_00_leaf.png,3179913,1.59,2518
device7,device7_2519_LeafPhotoA_2025-09-09 10_15_37.717-05_00_leaf.png,4455064,0.05,2519
device7,device7_2519_LeafPhotoA_2025-09-09 10_15_51.881-05_00_leaf.png,4932378,0.86,2519
device7,device7_2519_LeafPhotoA_2025-09-09 10_16_07.193-05_00_leaf.png,3537947,0.14,2519
device7,device7_2520_LeafPhotoA_2025-09-09 10_16_27.887-05_00_leaf.png,3602600,0,2520
device7,device7_2520_LeafPhotoA_2025-09-09 10_17_04.786-05_00_leaf.png,3228893,0,2520
device7,device7_2520_LeafPhotoA_2025-09-09 10_17_35.049-05_00_leaf.png,4330368,0.12,2520
device7,device7_2521_LeafPhotoA_2025-09-09 10_18_10.988-05_00_leaf.png,2339618,9.37,2521
device7,device7_2521_LeafPhotoA_2025-09-09 10_18_25.933-05_00_leaf.png,3190381,5.59,2521
device7,device7_2521_LeafPhotoA_2025-09-09 10_18_41.098-05_00_leaf.png,3574806,16.16,2521
device7,device7_2522_LeafPhotoA_2025-09-09 10_19_08.671-05_00_leaf.png,4768858,0.16,2522
device7,device7_2522_LeafPhotoA_2025-09-09 10_19_25.309-05_00_leaf.png,5115335,0.21,2522
device7,device7_2522_LeafPhotoA_2025-09-09 10_19_43.870-05_00_leaf.png,5195720,0.04,2522
device7,device7_2523_LeafPhotoA_2025-09-09 10_20_42.859-05_00_leaf.png,2971789,0.15,2523
device7,device7_2523_LeafPhotoA_2025-09-09 10_20_56.437-05_00_leaf.png,2293378,1.09,2523
device7,device7_2523_LeafPhotoA_2025-09-09 10_21_13.667-05_00_leaf.png,4932206,13.32,2523
device7,device7_2524_LeafPhotoA_2025-09-09 10_21_34.620-05_00_leaf.png,4423902,0.36,2524
device7,device7_2524_LeafPhotoA_2025-09-09 10_21_46.111-05_00_leaf.png,4888418,0.23,2524
device7,device7_2524_LeafPhotoA_2025-09-09 10_22_00.314-05_00_leaf.png,3427698,1.14,2524
device7,device7_2525_LeafPhotoA_2025-09-09 10_22_27.215-05_00_leaf.png,4011478,0.47,2525
device7,device7_2525_LeafPhotoA_2025-09-09 10_22_44.965-05_00_leaf.png,4484791,7.56,2525
device7,device7_2525_LeafPhotoA_2025-09-09 10_23_03.176-05_00_leaf.png,4282971,1.7,2525
device7,device7_2526_LeafPhotoA_2025-09-09 10_23_46.298-05_00_leaf.png,4458497,1.05,2526
device7,device7_2526_LeafPhotoA_2025-09-09 10_24_08.055-05_00_leaf.png,3349521,0.09,2526
device7,device7_2526_LeafPhotoA_2025-09-09 10_24_25.633-05_00_leaf.png,3529850,2.81,2526
device7,device7_2527_LeafPhotoA_2025-09-09 10_24_54.172-05_00_leaf.png,4041750,0.06,2527
device7,device7_2527_LeafPhotoA_2025-09-09 10_25_23.091-05_00_leaf.png,4938170,7.55,2527
device7,device7_2527_LeafPhotoA_2025-09-09 10_25_42.935-05_00_leaf.png,4285508,0.15,2527
device7,device7_2528_LeafPhotoA_2025-09-09 10_26_02.563-05_00_leaf.png,3373737,1.1,2528
device7,device7_2528_LeafPhotoA_2025-09-09 10_26_16.379-05_00_leaf.png,4218679,0.13,2528
device7,device7_2528_LeafPhotoA_2025-09-09 10_26_30.929-05_00_leaf.png,3575036,2.35,2528
device7,device7_2529_LeafPhotoA_2025-09-09 10_26_59.299-05_00_leaf.png,5716504,0.13,2529
device7,device7_2529_LeafPhotoA_2025-09-09 10_27_20.782-05_00_leaf.png,6261326,0.05,2529
device7,device7_2529_LeafPhotoA_2025-09-09 10_27_35.348-05_00_leaf.png,5627072,0.29,2529
device7,device7_2530_LeafPhotoA_2025-09-09 10_27_59.792-05_00_leaf.png,3645479,10.31,2530
device7,device7_2530_LeafPhotoA_2025-09-09 10_28_15.500-05_00_leaf.png,2553144,2.4,2530
device7,device7_2530_LeafPhotoA_2025-09-09 10_28_43.092-05_00_leaf.png,3209326,9.04,2530
device7,device7_2531_LeafPhotoA_2025-09-09 10_29_36.127-05_00_leaf.png,4529728,0.32,2531
device7,device7_2531_LeafPhotoA_2025-09-09 10_29_53.440-05_00_leaf.png,3713097,0.4,2531
device7,device7_2531_LeafPhotoA_2025-09-09 10_30_08.576-05_00_leaf.png,4414878,1.26,2531
device7,device7_2532_LeafPhotoA_2025-09-09 10_30_36.212-05_00_leaf.png,4091717,0.19,2532
device7,device7_2532_LeafPhotoA_2025-09-09 10_30_50.658-05_00_leaf.png,4318839,0.04,2532
device7,device7_2532_LeafPhotoA_2025-09-09 10_31_05.423-05_00_leaf.png,6056124,0.04,2532
device7,device7_2533_LeafPhotoA_2025-09-09 10_31_29.237-05_00_leaf.png,3222139,0.06,2533
device7,device7_2533_LeafPhotoA_2025-09-09 10_31_53.410-05_00_leaf.png,5169949,0.16,2533
device7,device7_2533_LeafPhotoA_2025-09-09 10_32_10.665-05_00_leaf.png,2904329,0,2533
device7,device7_2534_LeafPhotoA_2025-09-09 10_32_52.060-05_00_leaf.png,5144694,0.18,2534
device7,device7_2534_LeafPhotoA_2025-09-09 10_33_09.797-05_00_leaf.png,3764761,0.03,2534
device7,device7_2534_LeafPhotoA_2025-09-09 10_33_37.404-05_00_leaf.png,4895038,0.34,2534
device7,device7_2535_LeafPhotoA_2025-09-09 10_34_28.634-05_00_leaf.png,3877235,1.15,2535
device7,device7_2535_LeafPhotoA_2025-09-09 10_34_53.952-05_00_leaf.png,5390470,0.06,2535
device7,device7_2535_LeafPhotoA_2025-09-09 10_35_08.137-05_00_leaf.png,5102491,0.23,2535
device7,device7_2536_LeafPhotoA_2025-09-09 10_35_28.301-05_00_leaf.png,3747673,0.08,2536
device7,device7_2536_LeafPhotoA_2025-09-09 10_35_42.407-05_00_leaf.png,3904898,1.29,2536
device7,device7_2536_LeafPhotoA_2025-09-09 10_35_58.367-05_00_leaf.png,3834178,0.04,2536
device7,device7_2537_LeafPhotoA_2025-09-09 10_36_17.774-05_00_leaf.png,5221755,0.03,2537
device7,device7_2537_LeafPhotoA_2025-09-09 10_36_31.054-05_00_leaf.png,4768495,0,2537
device7,device7_2537_LeafPhotoA_2025-09-09 10_36_44.485-05_00_leaf.png,5831777,0.15,2537
device7,device7_2538_LeafPhotoA_2025-09-09 10_37_10.289-05_00_leaf.png,2514518,0.24,2538
device7,device7_2538_LeafPhotoA_2025-09-09 10_37_31.295-05_00_leaf.png,2675371,3.81,2538
device7,device7_2538_LeafPhotoA_2025-09-09 10_37_44.918-05_00_leaf.png,2047796,1.33,2538
device7,device7_2539_LeafPhotoA_2025-09-09 10_38_11.553-05_00_leaf.png,4217321,0.12,2539
device7,device7_2539_LeafPhotoA_2025-09-09 10_38_26.834-05_00_leaf.png,4979370,0.01,2539
device7,device7_2539_LeafPhotoA_2025-09-09 10_38_39.736-05_00_leaf.png,3958076,0.03,2539
device7,device7_2540_LeafPhotoA_2025-09-09 10_39_18.612-05_00_leaf.png,2434521,0.98,2540
device7,device7_2540_LeafPhotoA_2025-09-09 10_39_42.487-05_00_leaf.png,3945887,1.38,2540
device7,device7_2540_LeafPhotoA_2025-09-09 10_39_58.284-05_00_leaf.png,4144446,0.57,2540
device7,device7_2541_LeafPhotoA_2025-09-09 10_40_14.732-05_00_leaf.png,2390196,0.65,2541
device7,device7_2541_LeafPhotoA_2025-09-09 10_40_27.804-05_00_leaf.png,2295744,0.02,2541
device7,device7_2541_LeafPhotoA_2025-09-09 10_40_50.113-05_00_leaf.png,2644173,3,2541
device7,device7_2542_LeafPhotoA_2025-09-09 10_41_43.642-05_00_leaf.png,2326674,7.23,2542
device7,device7_2542_LeafPhotoA_2025-09-09 10_42_00.496-05_00_leaf.png,1902327,9.77,2542
device7,device7_2542_LeafPhotoA_2025-09-09 10_42_11.941-05_00_leaf.png,1742453,11.94,2542
device7,device7_2543_LeafPhotoA_2025-09-09 10_42_28.900-05_00_leaf.png,2203002,0.34,2543
device7,device7_2543_LeafPhotoA_2025-09-09 10_42_41.692-05_00_leaf.png,2314971,0.1,2543
device7,device7_2543_LeafPhotoA_2025-09-09 10_42_55.066-05_00_leaf.png,2545841,1.23,2543
device7,device7_2544_LeafPhotoA_2025-09-09 10_43_11.636-05_00_leaf.png,4099045,0.07,2544
device7,device7_2544_LeafPhotoA_2025-09-09 10_43_25.068-05_00_leaf.png,3405890,0,2544
device7,device7_2544_LeafPhotoA_2025-09-09 10_43_41.569-05_00_leaf.png,4429832,0.38,2544
device7,device7_2545_LeafPhotoA_2025-09-09 10_43_58.882-05_00_leaf.png,4846699,0.01,2545
device7,device7_2545_LeafPhotoA_2025-09-09 10_44_11.084-05_00_leaf.png,4976067,0.02,2545
device7,device7_2545_LeafPhotoA_2025-09-09 10_44_24.235-05_00_leaf.png,4711357,0.44,2545
device7,device7_2546_LeafPhotoA_2025-09-09 10_44_50.411-05_00_leaf.png,1639672,0.14,2546
device7,device7_2546_LeafPhotoA_2025-09-09 10_45_03.700-05_00_leaf.png,1937422,0.05,2546
device7,device7_2546_LeafPhotoA_2025-09-09 10_45_21.515-05_00_leaf.png,3214164,0.29,2546
device7,device7_2547_LeafPhotoA_2025-09-09 10_45_36.851-05_00_leaf.png,3059224,0.02,2547
device7,device7_2547_LeafPhotoA_2025-09-09 10_45_56.236-05_00_leaf.png,4530954,0,2547
device7,device7_2547_LeafPhotoA_2025-09-09 10_46_11.951-05_00_leaf.png,2574087,0.05,2547
device7,device7_2548_LeafPhotoA_2025-09-09 10_46_34.189-05_00_leaf.png,2374769,1.7,2548
device7,device7_2548_LeafPhotoA_2025-09-09 10_46_45.768-05_00_leaf.png,2253016,0.14,2548
device7,device7_2548_LeafPhotoA_2025-09-09 10_46_59.092-05_00_leaf.png,1788899,0.23,2548
device7,device7_2548_LeafPhotoA_2025-09-09 10_47_04.929-05_00_leaf.png,1812340,0.31,2548
device7,device7_2549_LeafPhotoA_2025-09-09 10_47_26.113-05_00_leaf.png,4259202,0.02,2549
device7,device7_2549_LeafPhotoA_2025-09-09 10_47_37.559-05_00_leaf.png,3924087,0.09,2549
device7,device7_2549_LeafPhotoA_2025-09-09 10_47_52.487-05_00_leaf.png,4356980,0.11,2549
device7,device7_2550_LeafPhotoA_2025-09-09 10_48_24.183-05_00_leaf.png,3451271,0.02,2550
device7,device7_2550_LeafPhotoA_2025-09-09 10_48_49.646-05_00_leaf.png,2641071,0.22,2550
device7,device7_2550_LeafPhotoA_2025-09-09 10_49_38.420-05_00_leaf.png,4299826,0.17,2550
device7,device7_2951_LeafPhotoA_2025-09-09 15_53_42.031-05_00_leaf.png,5736069,0.24,2951
device7,device7_2951_LeafPhotoA_2025-09-09 15_54_00.848-05_00_leaf.png,2516911,0.14,2951
device7,device7_2951_LeafPhotoA_2025-09-09 15_54_19.559-05_00_leaf.png,5449561,0.34,2951
device7,device7_2952_LeafPhotoA_2025-09-09 15_55_24.127-05_00_leaf.png,2882603,0.52,2952
device7,device7_2952_LeafPhotoA_2025-09-09 15_55_46.839-05_00_leaf.png,2284691,0.09,2952
device7,device7_2952_LeafPhotoA_2025-09-09 15_56_06.421-05_00_leaf.png,3044386,0.09,2952
device7,device7_2953_LeafPhotoA_2025-09-09 15_56_42.626-05_00_leaf.png,3803982,0.03,2953
device7,device7_2953_LeafPhotoA_2025-09-09 15_57_04.962-05_00_leaf.png,4970799,0.01,2953
device7,device7_2953_LeafPhotoA_2025-09-09 15_57_21.600-05_00_leaf.png,8457151,4.48,2953
device7,device7_2955_LeafPhotoA_2025-09-09 15_58_37.235-05_00_leaf.png,3697212,0.02,2955
device7,device7_2955_LeafPhotoA_2025-09-09 15_58_51.909-05_00_leaf.png,4613099,0.05,2955
device7,device7_2955_LeafPhotoA_2025-09-09 15_59_07.316-05_00_leaf.png,4883619,0.19,2955
device7,device7_2956_LeafPhotoA_2025-09-09 15_59_30.545-05_00_leaf.png,4370297,0.01,2956
device7,device7_2956_LeafPhotoA_2025-09-09 15_59_48.571-05_00_leaf.png,4440763,0.04,2956
device7,device7_2956_LeafPhotoA_2025-09-09 16_00_04.048-05_00_leaf.png,3900118,0.63,2956
device7,device7_2957_LeafPhotoA_2025-09-09 16_00_50.634-05_00_leaf.png,7277026,2.51,2957
device7,device7_2957_LeafPhotoA_2025-09-09 16_01_36.267-05_00_leaf.png,6994962,10.79,2957
device7,device7_2957_LeafPhotoA_2025-09-09 16_02_31.748-05_00_leaf.png,2997620,0.82,2957
device7,device7_2958_LeafPhotoA_2025-09-09 16_03_05.962-05_00_leaf.png,2846012,0.16,2958
device7,device7_2958_LeafPhotoA_2025-09-09 16_03_21.913-05_00_leaf.png,3002602,0.03,2958
device7,device7_2958_LeafPhotoA_2025-09-09 16_03_36.451-05_00_leaf.png,3354828,0.08,2958
device7,device7_2959_LeafPhotoA_2025-09-09 16_03_58.698-05_00_leaf.png,3104200,0.61,2959
device7,device7_2959_LeafPhotoA_2025-09-09 16_04_11.610-05_00_leaf.png,3462252,2.43,2959
device7,device7_2959_LeafPhotoA_2025-09-09 16_04_31.379-05_00_leaf.png,3460041,0.19,2959
device7,device7_2960_LeafPhotoA_2025-09-09 16_04_57.542-05_00_leaf.png,3583425,9.42,2960
device7,device7_2960_LeafPhotoA_2025-09-09 16_05_15.179-05_00_leaf.png,3141609,4.08,2960
device7,device7_2960_LeafPhotoA_2025-09-09 16_05_27.861-05_00_leaf.png,3483138,0.01,2960
device7,device7_2961_LeafPhotoA_2025-09-09 16_05_49.172-05_00_leaf.png,3948372,0.02,2961
device7,device7_2961_LeafPhotoA_2025-09-09 16_06_14.434-05_00_leaf.png,3824764,0.07,2961
device7,device7_2961_LeafPhotoA_2025-09-09 16_06_39.264-05_00_leaf.png,3403287,0.15,2961
device7,device7_2962_LeafPhotoA_2025-09-09 16_07_02.844-05_00_leaf.png,2514319,0.7,2962
device7,device7_2962_LeafPhotoA_2025-09-09 16_07_20.971-05_00_leaf.png,3364562,0.15,2962
device7,device7_2962_LeafPhotoA_2025-09-09 16_07_33.642-05_00_leaf.png,4201103,2.01,2962
device7,device7_2963_LeafPhotoA_2025-09-09 16_08_06.194-05_00_leaf.png,3081431,0.18,2963
device7,device7_2963_LeafPhotoA_2025-09-09 16_08_32.339-05_00_leaf.png,2749999,0.25,2963
device7,device7_2963_LeafPhotoA_2025-09-09 16_08_49.827-05_00_leaf.png,2727461,2.85,2963
device7,device7_2964_LeafPhotoA_2025-09-09 16_09_13.058-05_00_leaf.png,4266725,0.12,2964
device7,device7_2964_LeafPhotoA_2025-09-09 16_09_30.529-05_00_leaf.png,4600270,0.34,2964
device7,device7_2964_LeafPhotoA_2025-09-09 16_09_48.358-05_00_leaf.png,5148588,8.8,2964
device7,device7_2965_LeafPhotoA_2025-09-09 16_10_16.858-05_00_leaf.png,3571264,8.33,2965
device7,device7_2965_LeafPhotoA_2025-09-09 16_10_37.025-05_00_leaf.png,3650838,5.67,2965
device7,device7_2965_LeafPhotoA_2025-09-09 16_10_52.399-05_00_leaf.png,3519086,3.46,2965
device7,device7_2966_LeafPhotoA_2025-09-09 16_11_18.553-05_00_leaf.png,3859828,9.03,2966
device7,device7_2966_LeafPhotoA_2025-09-09 16_11_42.576-05_00_leaf.png,3511619,0.52,2966
device7,device7_2966_LeafPhotoA_2025-09-09 16_12_00.911-05_00_leaf.png,3520096,0.63,2966
device7,device7_2967_LeafPhotoA_2025-09-09 16_12_26.608-05_00_leaf.png,4941454,0,2967
device7,device7_2967_LeafPhotoA_2025-09-09 16_12_43.654-05_00_leaf.png,3788645,0.15,2967
device7,device7_2967_LeafPhotoA_2025-09-09 16_12_56.640-05_00_leaf.png,4405585,0.04,2967
device7,device7_2967_LeafPhotoA_2025-09-09 16_12_57.667-05_00_leaf.png,4414509,0.04,2967
device7,device7_2968_LeafPhotoA_2025-09-09 16_13_21.412-05_00_leaf.png,2690505,0,2968
device7,device7_2968_LeafPhotoA_2025-09-09 16_13_39.949-05_00_leaf.png,3711347,1.65,2968
device7,device7_2968_LeafPhotoA_2025-09-09 16_13_56.537-05_00_leaf.png,3266320,0,2968
device7,device7_2969_LeafPhotoA_2025-09-09 16_14_28.384-05_00_leaf.png,2490649,0.27,2969
device7,device7_2969_LeafPhotoA_2025-09-09 16_14_45.311-05_00_leaf.png,2626821,13.17,2969
device7,device7_2969_LeafPhotoA_2025-09-09 16_15_07.526-05_00_leaf.png,3529429,24.14,2969
device7,device7_2970_LeafPhotoA_2025-09-09 16_15_37.477-05_00_leaf.png,5095908,2.38,2970
device7,device7_2970_LeafPhotoA_2025-09-09 16_17_01.331-05_00_leaf.png,2790807,0.01,2970
device7,device7_2970_LeafPhotoA_2025-09-09 16_17_33.602-05_00_leaf.png,4642164,0.56,2970
device7,device7_2971_LeafPhotoA_2025-09-09 16_17_58.581-05_00_leaf.png,4168773,1.2,2971
device7,device7_2971_LeafPhotoA_2025-09-09 16_18_13.019-05_00_leaf.png,2684000,0.11,2971
device7,device7_2971_LeafPhotoA_2025-09-09 16_18_50.026-05_00_leaf.png,3380492,0.2,2971
device7,device7_2972_LeafPhotoA_2025-09-09 16_19_24.514-05_00_leaf.png,3926581,0.32,2972
device7,device7_2972_LeafPhotoA_2025-09-09 16_19_38.095-05_00_leaf.png,4560289,0,2972
device7,device7_2972_LeafPhotoA_2025-09-09 16_19_51.973-05_00_leaf.png,5888968,0.04,2972
device7,device7_2973_LeafPhotoA_2025-09-09 16_20_26.404-05_00_leaf.png,2719599,0.01,2973
device7,device7_2973_LeafPhotoA_2025-09-09 16_21_29.645-05_00_leaf.png,5392230,0.5,2973
device7,device7_2973_LeafPhotoA_2025-09-09 16_21_58.030-05_00_leaf.png,5269444,0.1,2973
device7,device7_2974_LeafPhotoA_2025-09-09 16_22_34.046-05_00_leaf.png,3395313,51.95,2974
device7,device7_2974_LeafPhotoA_2025-09-09 16_23_04.095-05_00_leaf.png,2455796,6.25,2974
device7,device7_2974_LeafPhotoA_2025-09-09 16_23_39.964-05_00_leaf.png,2929934,3.12,2974
device7,device7_2975_LeafPhotoA_2025-09-09 16_24_07.497-05_00_leaf.png,4364102,0.07,2975
device7,device7_2975_LeafPhotoA_2025-09-09 16_24_31.832-05_00_leaf.png,5240553,9.6,2975
device7,device7_2975_LeafPhotoA_2025-09-09 16_25_05.783-05_00_leaf.png,4708715,0.44,2975
device7,device7_2976_LeafPhotoA_2025-09-09 16_25_40.894-05_00_leaf.png,4036875,0.04,2976
device7,device7_2976_LeafPhotoA_2025-09-09 16_25_55.191-05_00_leaf.png,5285427,0.2,2976
device7,device7_2976_LeafPhotoA_2025-09-09 16_26_25.764-05_00_leaf.png,4028574,0.13,2976
device7,device7_2977_LeafPhotoA_2025-09-09 16_27_20.581-05_00_leaf.png,1974410,0.51,2977
device7,device7_2977_LeafPhotoA_2025-09-09 16_27_35.646-05_00_leaf.png,1796232,0.2,2977
device7,device7_2977_LeafPhotoA_2025-09-09 16_27_56.364-05_00_leaf.png,2555402,1.85,2977
device7,device7_2978_LeafPhotoA_2025-09-09 16_28_25.306-05_00_leaf.png,3363974,0.17,2978
device7,device7_2978_LeafPhotoA_2025-09-09 16_29_45.519-05_00_leaf.png,3914561,0.4,2978
device7,device7_2978_LeafPhotoA_2025-09-09 16_30_23.291-05_00_leaf.png,4372952,0.26,2978
device7,device7_2979_LeafPhotoA_2025-09-09 16_30_46.157-05_00_leaf.png,2913894,0.87,2979
device7,device7_2979_LeafPhotoA_2025-09-09 16_31_00.348-05_00_leaf.png,3569613,10.72,2979
device7,device7_2979_LeafPhotoA_2025-09-09 16_31_17.706-05_00_leaf.png,3667491,4.62,2979
device7,device7_2980_LeafPhotoA_2025-09-09 16_31_45.145-05_00_leaf.png,3345515,0.21,2980
device7,device7_2980_LeafPhotoA_2025-09-09 16_32_05.590-05_00_leaf.png,3747785,0.28,2980
device7,device7_2980_LeafPhotoA_2025-09-09 16_32_28.053-05_00_leaf.png,3108925,0.01,2980
device7,device7_2981_LeafPhotoA_2025-09-09 16_33_03.761-05_00_leaf.png,5346253,0.59,2981
device7,device7_2981_LeafPhotoA_2025-09-09 16_33_40.081-05_00_leaf.png,3836121,0.39,2981
device7,device7_2981_LeafPhotoA_2025-09-09 16_34_00.438-05_00_leaf.png,4707224,1.76,2981
device7,device7_2982_LeafPhotoA_2025-09-09 16_34_38.081-05_00_leaf.png,3958881,0.2,2982
device7,device7_2982_LeafPhotoA_2025-09-09 16_34_58.351-05_00_leaf.png,4994759,0.21,2982
device7,device7_2982_LeafPhotoA_2025-09-09 16_35_17.361-05_00_leaf.png,3924456,0.08,2982
device7,device7_2983_LeafPhotoA_2025-09-09 16_35_43.161-05_00_leaf.png,4196554,0.24,2983
device7,device7_2983_LeafPhotoA_2025-09-09 16_35_57.602-05_00_leaf.png,4503380,0.2,2983
device7,device7_2983_LeafPhotoA_2025-09-09 16_36_16.682-05_00_leaf.png,5053571,0.23,2983
device7,device7_2985_LeafPhotoA_2025-09-09 16_37_41.283-05_00_leaf.png,4283635,0,2985
device7,device7_2985_LeafPhotoA_2025-09-09 16_38_03.634-05_00_leaf.png,5648211,0.01,2985
device7,device7_2985_LeafPhotoA_2025-09-09 16_38_24.477-05_00_leaf.png,3716690,0.05,2985
device7,device7_2986_LeafPhotoA_2025-09-09 16_38_56.583-05_00_leaf.png,4103297,0.23,2986
device7,device7_2986_LeafPhotoA_2025-09-09 16_39_14.642-05_00_leaf.png,3414056,0.53,2986
device7,device7_2986_LeafPhotoA_2025-09-09 16_39_35.391-05_00_leaf.png,3391314,0.07,2986
device7,device7_2987_LeafPhotoA_2025-09-09 16_40_03.236-05_00_leaf.png,4537430,0.14,2987
device7,device7_2987_LeafPhotoA_2025-09-09 16_40_23.227-05_00_leaf.png,4021604,1.2,2987
device7,device7_2987_LeafPhotoA_2025-09-09 16_40_49.606-05_00_leaf.png,4180211,0.11,2987
device7,device7_2989_LeafPhotoA_2025-09-09 16_42_08.693-05_00_leaf.png,3879003,18.65,2989
device7,device7_2989_LeafPhotoA_2025-09-09 16_42_37.958-05_00_leaf.png,2791986,18.78,2989
device7,device7_2989_LeafPhotoA_2025-09-09 16_43_00.199-05_00_leaf.png,2477260,5.26,2989
device7,device7_2990_LeafPhotoA_2025-09-09 16_43_23.725-05_00_leaf.png,2893670,2.64,2990
device7,device7_2990_LeafPhotoA_2025-09-09 16_43_41.243-05_00_leaf.png,3374832,19.47,2990
device7,device7_2990_LeafPhotoA_2025-09-09 16_43_59.306-05_00_leaf.png,2842943,1.82,2990
device7,device7_2991_LeafPhotoA_2025-09-09 16_44_34.559-05_00_leaf.png,2765001,0.69,2991
device7,device7_2991_LeafPhotoA_2025-09-09 16_44_58.562-05_00_leaf.png,2333838,3.06,2991
device7,device7_2991_LeafPhotoA_2025-09-09 16_45_25.826-05_00_leaf.png,3123641,2.06,2991
device7,device7_2992_LeafPhotoA_2025-09-09 16_45_59.148-05_00_leaf.png,3293794,5.98,2992
device7,device7_2992_LeafPhotoA_2025-09-09 16_46_15.202-05_00_leaf.png,4851486,3.38,2992
device7,device7_2992_LeafPhotoA_2025-09-09 16_46_31.136-05_00_leaf.png,3934471,1.08,2992
device7,device7_2992_LeafPhotoA_2025-09-09 16_46_47.466-05_00_leaf.png,3795530,1.24,2992
device7,device7_2993_LeafPhotoA_2025-09-09 16_47_15.469-05_00_leaf.png,3415461,2.44,2993
device7,device7_2993_LeafPhotoA_2025-09-09 16_47_35.076-05_00_leaf.png,3040679,0.28,2993
device7,device7_2993_LeafPhotoA_2025-09-09 16_47_51.394-05_00_leaf.png,3678857,3.22,2993
device7,device7_2994_LeafPhotoA_2025-09-09 16_48_26.336-05_00_leaf.png,3676614,6.06,2994
device7,device7_2994_LeafPhotoA_2025-09-09 16_48_43.554-05_00_leaf.png,4294480,0.78,2994
device7,device7_2994_LeafPhotoA_2025-09-09 16_49_02.106-05_00_leaf.png,3340810,4.57,2994
device7,device7_2995_LeafPhotoA_2025-09-09 16_49_56.517-05_00_leaf.png,4235549,0.08,2995
device7,device7_2995_LeafPhotoA_2025-09-09 16_50_10.941-05_00_leaf.png,4356907,0.51,2995
device7,device7_2995_LeafPhotoA_2025-09-09 16_50_30.918-05_00_leaf.png,3471328,0,2995
device7,device7_2997_LeafPhotoA_2025-09-09 16_52_04.218-05_00_leaf.png,4654847,0.03,2997
device7,device7_2997_LeafPhotoA_2025-09-09 16_52_26.912-05_00_leaf.png,4936820,0.04,2997
device7,device7_2997_LeafPhotoA_2025-09-09 16_52_44.374-05_00_leaf.png,3194653,0.05,2997
device7,device7_2998_LeafPhotoA_2025-09-09 16_53_06.164-05_00_leaf.png,3434295,0.66,2998
device7,device7_2998_LeafPhotoA_2025-09-09 16_53_27.666-05_00_leaf.png,3681072,2.01,2998
device7,device7_2998_LeafPhotoA_2025-09-09 16_53_48.298-05_00_leaf.png,2941201,1.35,2998
device7,device7_2999_LeafPhotoA_2025-09-09 16_54_09.800-05_00_leaf.png,3592727,1.77,2999
device7,device7_2999_LeafPhotoA_2025-09-09 16_54_48.280-05_00_leaf.png,5550254,0.05,2999
device7,device7_2999_LeafPhotoA_2025-09-09 16_55_04.325-05_00_leaf.png,5067073,0.69,2999
device7,device7_9351_LeafPhotoA_2025-09-09 17_07_25.532-05_00_leaf.png,3933084,0.02,9351
device7,device7_9351_LeafPhotoA_2025-09-09 17_07_37.530-05_00_leaf.png,4092250,0.01,9351
device7,device7_9351_LeafPhotoA_2025-09-09 17_08_11.021-05_00_leaf.png,3795916,0.07,9351
device7,device7_9351_LeafPhotoA_2025-09-09 17_08_21.018-05_00_leaf.png,3821816,0.06,9351
device7,device7_9354_LeafPhotoA_2025-09-09 16_55_46.656-05_00_leaf.png,5863116,0.35,9354
device7,device7_9354_LeafPhotoA_2025-09-09 16_56_00.197-05_00_leaf.png,4447598,0.02,9354
device7,device7_9354_LeafPhotoA_2025-09-09 16_56_13.356-05_00_leaf.png,3310307,0.01,9354
device8,device8_1651_LeafPhotoA_2025-09-09 10_22_46.838-05_00_leaf.png,4547187,2.33,1651
device8,device8_1651_LeafPhotoA_2025-09-09 10_23_09.214-05_00_leaf.png,2973228,0.82,1651
device8,device8_1651_LeafPhotoA_2025-09-09 10_23_33.004-05_00_leaf.png,5019580,0.66,1651
device8,device8_1652_LeafPhotoA_2025-09-09 10_20_27.938-05_00_leaf.png,4330628,0.05,1652
device8,device8_1652_LeafPhotoA_2025-09-09 10_20_45.076-05_00_leaf.png,3390383,0.04,1652
device8,device8_1652_LeafPhotoA_2025-09-09 10_21_09.046-05_00_leaf.png,3765994,0.01,1652
device8,device8_1653_LeafPhotoA_2025-09-09 10_18_50.624-05_00_leaf.png,3833308,0.25,1653
device8,device8_1653_LeafPhotoA_2025-09-09 10_19_17.972-05_00_leaf.png,3036273,0.86,1653
device8,device8_1653_LeafPhotoA_2025-09-09 10_19_52.202-05_00_leaf.png,3084925,0.19,1653
device8,device8_1654_LeafPhotoA_2025-09-09 10_17_19.345-05_00_leaf.png,2614155,4.15,1654
device8,device8_1654_LeafPhotoA_2025-09-09 10_17_35.332-05_00_leaf.png,2342798,0.17,1654
device8,device8_1654_LeafPhotoA_2025-09-09 10_18_00.201-05_00_leaf.png,1990645,0.01,1654
device8,device8_1655_LeafPhotoA_2025-09-09 10_16_19.071-05_00_leaf.png,2677691,0.18,1655
device8,device8_1655_LeafPhotoA_2025-09-09 10_16_35.909-05_00_leaf.png,2150920,0.68,1655
device8,device8_1655_LeafPhotoA_2025-09-09 10_16_50.570-05_00_leaf.png,2825027,0.8,1655
device8,device8_1656_LeafPhotoA_2025-09-09 10_14_31.060-05_00_leaf.png,1194033,0.19,1656
device8,device8_1656_LeafPhotoA_2025-09-09 10_15_06.464-05_00_leaf.png,2798806,8.46,1656
device8,device8_1656_LeafPhotoA_2025-09-09 10_15_52.695-05_00_leaf.png,2522377,3.66,1656
device8,device8_1657_LeafPhotoA_2025-09-09 10_13_10.082-05_00_leaf.png,4322123,0.04,1657
device8,device8_1657_LeafPhotoA_2025-09-09 10_13_27.838-05_00_leaf.png,2266879,0.01,1657
device8,device8_1657_LeafPhotoA_2025-09-09 10_13_53.773-05_00_leaf.png,2711793,0.02,1657
device8,device8_1658_LeafPhotoA_2025-09-09 10_11_51.588-05_00_leaf.png,2419933,0.45,1658
device8,device8_1658_LeafPhotoA_2025-09-09 10_12_08.321-05_00_leaf.png,1872178,0.23,1658
device8,device8_1658_LeafPhotoA_2025-09-09 10_12_25.098-05_00_leaf.png,1867626,0.48,1658
device8,device8_1659_LeafPhotoA_2025-09-09 10_10_14.000-05_00_leaf.png,2490415,0.14,1659
device8,device8_1659_LeafPhotoA_2025-09-09 10_10_31.881-05_00_leaf.png,3181383,0,1659
device8,device8_1659_LeafPhotoA_2025-09-09 10_11_01.636-05_00_leaf.png,3526419,0.1,1659
device8,device8_1660_LeafPhotoA_2025-09-09 10_08_41.077-05_00_leaf.png,3090317,2.88,1660
device8,device8_1660_LeafPhotoA_2025-09-09 10_09_15.885-05_00_leaf.png,4208694,1.49,1660
device8,device8_1660_LeafPhotoA_2025-09-09 10_09_36.852-05_00_leaf.png,2153041,0.09,1660
device8,device8_1661_LeafPhotoA_2025-09-09 10_06_41.954-05_00_leaf.png,2816294,0.27,1661
device8,device8_1661_LeafPhotoA_2025-09-09 10_07_18.041-05_00_leaf.png,3500989,3.53,1661
device8,device8_1661_LeafPhotoA_2025-09-09 10_07_49.113-05_00_leaf.png,4307579,0.11,1661
device8,device8_1662_LeafPhotoA_2025-09-09 10_04_42.347-05_00_leaf.png,4217929,18.45,1662
device8,device8_1662_LeafPhotoA_2025-09-09 10_05_08.044-05_00_leaf.png,4444607,27.53,1662
device8,device8_1662_LeafPhotoA_2025-09-09 10_05_45.641-05_00_leaf.png,3780754,0.88,1662
device8,device8_1663_LeafPhotoA_2025-09-09 10_03_12.285-05_00_leaf.png,3558134,0.24,1663
device8,device8_1663_LeafPhotoA_2025-09-09 10_03_33.950-05_00_leaf.png,4737391,9.18,1663
device8,device8_1663_LeafPhotoA_2025-09-09 10_03_58.157-05_00_leaf.png,3584314,10.31,1663
device8,device8_1664_LeafPhotoA_2025-09-09 10_01_18.649-05_00_leaf.png,3047106,0.6,1664
device8,device8_1664_LeafPhotoA_2025-09-09 10_01_52.765-05_00_leaf.png,3824078,13.25,1664
device8,device8_1664_LeafPhotoA_2025-09-09 10_02_15.859-05_00_leaf.png,2813667,5.24,1664
device8,device8_1665_LeafPhotoA_2025-09-09 09_57_34.568-05_00_leaf.png,3867488,0.83,1665
device8,device8_1665_LeafPhotoA_2025-09-09 09_58_21.642-05_00_leaf.png,4833160,4.94,1665
device8,device8_1665_LeafPhotoA_2025-09-09 09_58_42.760-05_00_leaf.png,4240461,0.76,1665
device8,device8_1666_LeafPhotoA_2025-09-09 09_55_47.332-05_00_leaf.png,3910749,0.09,1666
device8,device8_1666_LeafPhotoA_2025-09-09 09_56_14.563-05_00_leaf.png,4103980,1.31,1666
device8,device8_1666_LeafPhotoA_2025-09-09 09_56_38.700-05_00_leaf.png,4382861,0.35,1666
device8,device8_1667_LeafPhotoA_2025-09-09 09_53_57.699-05_00_leaf.png,3395907,0.21,1667
device8,device8_1667_LeafPhotoA_2025-09-09 09_54_21.626-05_00_leaf.png,2857030,0.1,1667
device8,device8_1667_LeafPhotoA_2025-09-09 09_54_52.034-05_00_leaf.png,2576124,0.21,1667
device8,device8_1668_LeafPhotoA_2025-09-09 09_52_08.659-05_00_leaf.png,1190449,0.59,1668
device8,device8_1668_LeafPhotoA_2025-09-09 09_53_01.765-05_00_leaf.png,1255998,0.04,1668
device8,device8_1668_LeafPhotoA_2025-09-09 09_53_26.842-05_00_leaf.png,1266935,0,1668
device8,device8_1669_LeafPhotoA_2025-09-09 09_50_38.152-05_00_leaf.png,3627603,0.38,1669
device8,device8_1669_LeafPhotoA_2025-09-09 09_51_13.731-05_00_leaf.png,4879268,0.2,1669
device8,device8_1669_LeafPhotoA_2025-09-09 09_51_39.618-05_00_leaf.png,4134153,1.17,1669
device8,device8_1670_LeafPhotoA_2025-09-09 09_49_04.506-05_00_leaf.png,5053758,1.02,1670
device8,device8_1670_LeafPhotoA_2025-09-09 09_49_34.631-05_00_leaf.png,3822627,0.18,1670
device8,device8_1670_LeafPhotoA_2025-09-09 09_50_03.040-05_00_leaf.png,4773307,0.03,1670
device8,device8_1671_LeafPhotoA_2025-09-09 09_47_13.666-05_00_leaf.png,2860206,0.44,1671
device8,device8_1671_LeafPhotoA_2025-09-09 09_47_38.998-05_00_leaf.png,2357436,0.06,1671
device8,device8_1671_LeafPhotoA_2025-09-09 09_47_56.412-05_00_leaf.png,3715577,0.07,1671
device8,device8_1672_LeafPhotoA_2025-09-09 09_45_09.593-05_00_leaf.png,2776962,0.1,1672
device8,device8_1672_LeafPhotoA_2025-09-09 09_45_28.483-05_00_leaf.png,2201960,0.24,1672
device8,device8_1672_LeafPhotoA_2025-09-09 09_45_47.566-05_00_leaf.png,2966668,3.2,1672
device8,device8_1673_LeafPhotoA_2025-09-09 09_43_33.389-05_00_leaf.png,3928614,1.86,1673
device8,device8_1673_LeafPhotoA_2025-09-09 09_44_07.120-05_00_leaf.png,4996273,8.96,1673
device8,device8_1673_LeafPhotoA_2025-09-09 09_44_46.978-05_00_leaf.png,5857671,2.46,1673
device8,device8_1674_LeafPhotoA_2025-09-09 09_42_05.409-05_00_leaf.png,2202564,0,1674
device8,device8_1674_LeafPhotoA_2025-09-09 09_42_21.468-05_00_leaf.png,2351189,0,1674
device8,device8_1674_LeafPhotoA_2025-09-09 09_42_55.831-05_00_leaf.png,2090290,0.19,1674
device8,device8_1675_LeafPhotoA_2025-09-09 09_40_03.291-05_00_leaf.png,3115269,1.06,1675
device8,device8_1675_LeafPhotoA_2025-09-09 09_40_29.898-05_00_leaf.png,3865856,0.11,1675
device8,device8_1675_LeafPhotoA_2025-09-09 09_40_57.514-05_00_leaf.png,2867238,0.35,1675
device8,device8_1676_LeafPhotoA_2025-09-09 09_38_29.544-05_00_leaf.png,1660140,0,1676
device8,device8_1676_LeafPhotoA_2025-09-09 09_38_54.646-05_00_leaf.png,1604773,0,1676
device8,device8_1676_LeafPhotoA_2025-09-09 09_39_20.394-05_00_leaf.png,1885282,0.01,1676
device8,device8_1677_LeafPhotoA_2025-09-09 09_35_17.102-05_00_leaf.png,3417087,0.04,1677
device8,device8_1677_LeafPhotoA_2025-09-09 09_35_54.862-05_00_leaf.png,4818746,0.36,1677
device8,device8_1677_LeafPhotoA_2025-09-09 09_36_51.253-05_00_leaf.png,4874458,0.42,1677
device8,device8_1678_LeafPhotoA_2025-09-09 09_33_46.129-05_00_leaf.png,3671201,33.06,1678
device8,device8_1678_LeafPhotoA_2025-09-09 09_34_24.350-05_00_leaf.png,2830870,10.78,1678
device8,device8_1678_LeafPhotoA_2025-09-09 09_34_40.386-05_00_leaf.png,2681519,1.23,1678
device8,device8_1679_LeafPhotoA_2025-09-09 09_32_13.519-05_00_leaf.png,2076905,0.85,1679
device8,device8_1679_LeafPhotoA_2025-09-09 09_32_39.298-05_00_leaf.png,2886102,0.05,1679
device8,device8_1679_LeafPhotoA_2025-09-09 09_33_07.078-05_00_leaf.png,2744258,1.02,1679
device8,device8_1680_LeafPhotoA_2025-09-09 09_30_14.560-05_00_leaf.png,3787732,0.81,1680
device8,device8_1680_LeafPhotoA_2025-09-09 09_30_52.328-05_00_leaf.png,3470270,0.02,1680
device8,device8_1680_LeafPhotoA_2025-09-09 09_31_29.921-05_00_leaf.png,4054203,0.03,1680
device8,device8_1681_LeafPhotoA_2025-09-09 09_28_40.568-05_00_leaf.png,5301159,0.38,1681
device8,device8_1681_LeafPhotoA_2025-09-09 09_29_00.984-05_00_leaf.png,4136365,0.17,1681
device8,device8_1681_LeafPhotoA_2025-09-09 09_29_21.098-05_00_leaf.png,5249020,0.28,1681
device8,device8_1682_LeafPhotoA_2025-09-09 09_27_14.735-05_00_leaf.png,3861226,0.83,1682
device8,device8_1682_LeafPhotoA_2025-09-09 09_27_43.023-05_00_leaf.png,3556455,0.41,1682
device8,device8_1682_LeafPhotoA_2025-09-09 09_28_07.796-05_00_leaf.png,3495325,1.06,1682
device8,device8_1683_LeafPhotoA_2025-09-09 09_25_17.477-05_00_leaf.png,2961169,0.62,1683
device8,device8_1683_LeafPhotoA_2025-09-09 09_26_05.837-05_00_leaf.png,3134464,0.2,1683
device8,device8_1683_LeafPhotoA_2025-09-09 09_26_37.806-05_00_leaf.png,3842233,0.17,1683
device8,device8_1684_LeafPhotoA_2025-09-09 09_22_36.332-05_00_leaf.png,4018134,0.26,1684
device8,device8_1684_LeafPhotoA_2025-09-09 09_23_23.512-05_00_leaf.png,2997654,0.06,1684
device8,device8_1684_LeafPhotoA_2025-09-09 09_24_47.921-05_00_leaf.png,3445827,2.54,1684
device8,device8_1685_LeafPhotoA_2025-09-09 09_21_05.698-05_00_leaf.png,3674133,0.06,1685
device8,device8_1685_LeafPhotoA_2025-09-09 09_21_31.855-05_00_leaf.png,3349239,0.99,1685
device8,device8_1685_LeafPhotoA_2025-09-09 09_21_56.327-05_00_leaf.png,3396838,0.01,1685
device8,device8_1686_LeafPhotoA_2025-09-09 09_18_59.603-05_00_leaf.png,4742335,0.07,1686
device8,device8_1686_LeafPhotoA_2025-09-09 09_19_27.336-05_00_leaf.png,4293140,0.41,1686
device8,device8_1686_LeafPhotoA_2025-09-09 09_20_07.860-05_00_leaf.png,3347639,1.62,1686
device8,device8_1687_LeafPhotoA_2025-09-09 09_17_10.244-05_00_leaf.png,4403713,10.87,1687
device8,device8_1687_LeafPhotoA_2025-09-09 09_18_05.463-05_00_leaf.png,3323514,0.88,1687
device8,device8_1687_LeafPhotoA_2025-09-09 09_18_28.478-05_00_leaf.png,4612922,21.22,1687
device8,device8_1688_LeafPhotoA_2025-09-09 09_15_12.542-05_00_leaf.png,4038389,1.82,1688
device8,device8_1688_LeafPhotoA_2025-09-09 09_15_58.077-05_00_leaf.png,4037784,0.61,1688
device8,device8_1688_LeafPhotoA_2025-09-09 09_16_33.766-05_00_leaf.png,4139228,1.1,1688
device8,device8_1689_LeafPhotoA_2025-09-09 09_13_19.326-05_00_leaf.png,2411021,0.01,1689
device8,device8_1689_LeafPhotoA_2025-09-09 09_13_41.276-05_00_leaf.png,2636040,0.08,1689
device8,device8_1689_LeafPhotoA_2025-09-09 09_14_24.619-05_00_leaf.png,5644035,2.28,1689
device8,device8_1690_LeafPhotoA_2025-09-09 09_12_07.001-05_00_leaf.png,1578073,0.03,1690
device8,device8_1690_LeafPhotoA_2025-09-09 09_12_32.150-05_00_leaf.png,1665363,0.15,1690
device8,device8_1690_LeafPhotoA_2025-09-09 09_12_50.691-05_00_leaf.png,1095879,0.01,1690
device8,device8_1691_LeafPhotoA_2025-09-09 09_10_07.451-05_00_leaf.png,3783419,0.1,1691
device8,device8_1691_LeafPhotoA_2025-09-09 09_11_08.996-05_00_leaf.png,1711098,0.6,1691
device8,device8_1691_LeafPhotoA_2025-09-09 09_11_35.748-05_00_leaf.png,2014331,0.02,1691
device8,device8_1692_LeafPhotoA_2025-09-09 09_08_12.048-05_00_leaf.png,3451942,0.1,1692
device8,device8_1692_LeafPhotoA_2025-09-09 09_08_46.571-05_00_leaf.png,3566471,0.07,1692
device8,device8_1692_LeafPhotoA_2025-09-09 09_09_22.638-05_00_leaf.png,3779308,0.23,1692
device8,device8_1693_LeafPhotoA_2025-09-09 09_06_11.383-05_00_leaf.png,1933246,0,1693
device8,device8_1693_LeafPhotoA_2025-09-09 09_06_51.061-05_00_leaf.png,2456325,0.17,1693
device8,device8_1693_LeafPhotoA_2025-09-09 09_07_35.518-05_00_leaf.png,2697596,0.43,1693
device8,device8_1694_LeafPhotoA_2025-09-09 09_00_39.649-05_00_leaf.png,4148877,0.34,1694
device8,device8_1694_LeafPhotoA_2025-09-09 09_01_04.007-05_00_leaf.png,4124311,0.01,1694
device8,device8_1694_LeafPhotoA_2025-09-09 09_01_25.174-05_00_leaf.png,4860438,0.35,1694
device8,device8_1695_LeafPhotoA_2025-09-09 08_58_54.768-05_00_leaf.png,3195762,0.09,1695
device8,device8_1695_LeafPhotoA_2025-09-09 08_59_21.580-05_00_leaf.png,3837994,0.18,1695
device8,device8_1695_LeafPhotoA_2025-09-09 08_59_47.206-05_00_leaf.png,3928598,3.43,1695
device8,device8_1696_LeafPhotoA_2025-09-09 08_56_42.820-05_00_leaf.png,4706678,0.11,1696
device8,device8_1696_LeafPhotoA_2025-09-09 08_57_33.835-05_00_leaf.png,2934866,0.1,1696
device8,device8_1696_LeafPhotoA_2025-09-09 08_58_12.927-05_00_leaf.png,2433685,0.21,1696
device8,device8_1697_LeafPhotoA_2025-09-09 08_53_00.472-05_00_leaf.png,4569650,0.02,1697
device8,device8_1697_LeafPhotoA_2025-09-09 08_53_49.546-05_00_leaf.png,5890438,0.02,1697
device8,device8_1697_LeafPhotoA_2025-09-09 08_54_31.422-05_00_leaf.png,4080674,0.12,1697
device8,device8_1698_LeafPhotoA_2025-09-09 08_50_01.438-05_00_leaf.png,3042172,0.15,1698
device8,device8_1698_LeafPhotoA_2025-09-09 08_50_47.882-05_00_leaf.png,2524453,0.13,1698
device8,device8_1698_LeafPhotoA_2025-09-09 08_51_41.576-05_00_leaf.png,2311545,0.01,1698
device8,device8_1699_LeafPhotoA_2025-09-09 10_25_26.876-05_00_leaf.png,3308498,0.09,1699
device8,device8_1699_LeafPhotoA_2025-09-09 10_25_54.249-05_00_leaf.png,4172758,0.08,1699
device8,device8_1699_LeafPhotoA_2025-09-09 10_26_34.494-05_00_leaf.png,3547126,0.08,1699
device8,device8_1700_LeafPhotoA_2025-09-09 10_24_08.148-05_00_leaf.png,3105491,0.02,1700
device8,device8_1700_LeafPhotoA_2025-09-09 10_24_29.178-05_00_leaf.png,2793606,0.11,1700
device8,device8_1700_LeafPhotoA_2025-09-09 10_24_58.399-05_00_leaf.png,2833101,1.37,1700
device8,device8_2673_LeafPhotoA_2025-09-09 11_11_18.428-05_00_leaf.png,5470527,0.01,2673
device8,device8_2673_LeafPhotoA_2025-09-09 11_11_36.385-05_00_leaf.png,4838887,0.02,2673
device8,device8_2673_LeafPhotoA_2025-09-09 11_11_55.379-05_00_leaf.png,5637120,0,2673
device8,device8_2674_LeafPhotoA_2025-09-09 11_10_09.426-05_00_leaf.png,1626598,0.01,2674
device8,device8_2674_LeafPhotoA_2025-09-09 11_10_28.971-05_00_leaf.png,2940063,0.17,2674
device8,device8_2674_LeafPhotoA_2025-09-09 11_10_47.957-05_00_leaf.png,2369784,0.29,2674
device8,device8_2675_LeafPhotoA_2025-09-09 11_08_49.008-05_00_leaf.png,3895359,0.12,2675
device8,device8_2675_LeafPhotoA_2025-09-09 11_09_07.955-05_00_leaf.png,3117076,0.37,2675
device8,device8_2675_LeafPhotoA_2025-09-09 11_09_26.132-05_00_leaf.png,2806915,0.08,2675
device8,device8_2676_LeafPhotoA_2025-09-09 11_07_08.920-05_00_leaf.png,3424853,0.33,2676
device8,device8_2676_LeafPhotoA_2025-09-09 11_07_43.952-05_00_leaf.png,4045809,0.22,2676
device8,device8_2676_LeafPhotoA_2025-09-09 11_08_09.880-05_00_leaf.png,3186220,0.23,2676
device8,device8_2677_LeafPhotoA_2025-09-09 11_05_42.041-05_00_leaf.png,2553701,0.37,2677
device8,device8_2677_LeafPhotoA_2025-09-09 11_05_57.824-05_00_leaf.png,2078747,0.07,2677
device8,device8_2677_LeafPhotoA_2025-09-09 11_06_22.531-05_00_leaf.png,4153210,19.64,2677
device8,device8_2678_LeafPhotoA_2025-09-09 11_04_09.961-05_00_leaf.png,2492078,7.15,2678
device8,device8_2678_LeafPhotoA_2025-09-09 11_04_41.551-05_00_leaf.png,1898124,23.57,2678
device8,device8_2678_LeafPhotoA_2025-09-09 11_04_59.423-05_00_leaf.png,1738455,10.22,2678
device8,device8_2679_LeafPhotoA_2025-09-09 11_03_11.295-05_00_leaf.png,2817017,0.05,2679
device8,device8_2679_LeafPhotoA_2025-09-09 11_03_30.053-05_00_leaf.png,2334156,0.01,2679
device8,device8_2679_LeafPhotoA_2025-09-09 11_03_49.837-05_00_leaf.png,3173201,0.13,2679
device8,device8_2680_LeafPhotoA_2025-09-09 11_01_52.276-05_00_leaf.png,2780426,3.36,2680
device8,device8_2680_LeafPhotoA_2025-09-09 11_02_16.370-05_00_leaf.png,3936184,4.72,2680
device8,device8_2680_LeafPhotoA_2025-09-09 11_02_40.155-05_00_leaf.png,3228928,2.42,2680
device8,device8_2681_LeafPhotoA_2025-09-09 11_00_45.617-05_00_leaf.png,2818406,0.05,2681
device8,device8_2681_LeafPhotoA_2025-09-09 11_01_00.524-05_00_leaf.png,3687220,0.9,2681
device8,device8_2681_LeafPhotoA_2025-09-09 11_01_20.135-05_00_leaf.png,3201791,0.69,2681
device8,device8_2682_LeafPhotoA_2025-09-09 10_59_28.941-05_00_leaf.png,2336481,0.14,2682
device8,device8_2682_LeafPhotoA_2025-09-09 10_59_57.177-05_00_leaf.png,3354093,13.98,2682
device8,device8_2682_LeafPhotoA_2025-09-09 11_00_18.602-05_00_leaf.png,4197472,0.52,2682
device8,device8_2683_LeafPhotoA_2025-09-09 10_58_14.933-05_00_leaf.png,3868053,0.45,2683
device8,device8_2683_LeafPhotoA_2025-09-09 10_58_36.510-05_00_leaf.png,2942189,10.22,2683
device8,device8_2683_LeafPhotoA_2025-09-09 10_58_56.882-05_00_leaf.png,2935048,15.77,2683
device8,device8_2684_LeafPhotoA_2025-09-09 10_52_13.899-05_00_leaf.png,2708188,0.56,2684
device8,device8_2684_LeafPhotoA_2025-09-09 10_52_49.058-05_00_leaf.png,3894374,10.15,2684
device8,device8_2684_LeafPhotoA_2025-09-09 10_53_05.875-05_00_leaf.png,1825652,1.12,2684
device8,device8_2685_LeafPhotoA_2025-09-09 10_50_03.056-05_00_leaf.png,3731871,0.15,2685
device8,device8_2685_LeafPhotoA_2025-09-09 10_50_31.334-05_00_leaf.png,4033986,1.05,2685
device8,device8_2685_LeafPhotoA_2025-09-09 10_50_55.356-05_00_leaf.png,3935413,13.59,2685
device8,device8_2686_LeafPhotoA_2025-09-09 10_48_10.419-05_00_leaf.png,3748937,8.74,2686
device8,device8_2686_LeafPhotoA_2025-09-09 10_48_44.524-05_00_leaf.png,8183980,8.58,2686
device8,device8_2686_LeafPhotoA_2025-09-09 10_49_18.309-05_00_leaf.png,4276339,2.55,2686
device8,device8_2687_LeafPhotoA_2025-09-09 10_46_37.263-05_00_leaf.png,3479776,12.44,2687
device8,device8_2687_LeafPhotoA_2025-09-09 10_47_11.070-05_00_leaf.png,3296411,0.13,2687
device8,device8_2687_LeafPhotoA_2025-09-09 10_47_32.733-05_00_leaf.png,3057177,6.67,2687
device8,device8_2688_LeafPhotoA_2025-09-09 10_45_02.207-05_00_leaf.png,3079837,5.08,2688
device8,device8_2688_LeafPhotoA_2025-09-09 10_45_28.153-05_00_leaf.png,3955724,0.17,2688
device8,device8_2688_LeafPhotoA_2025-09-09 10_46_08.641-05_00_leaf.png,2537084,0.73,2688
device8,device8_2689_LeafPhotoA_2025-09-09 10_43_51.800-05_00_leaf.png,3017354,1.16,2689
device8,device8_2689_LeafPhotoA_2025-09-09 10_44_14.034-05_00_leaf.png,4486591,9.91,2689
device8,device8_2689_LeafPhotoA_2025-09-09 10_44_36.223-05_00_leaf.png,3557071,0.3,2689
device8,device8_2690_LeafPhotoA_2025-09-09 10_42_26.059-05_00_leaf.png,3242612,10.73,2690
device8,device8_2690_LeafPhotoA_2025-09-09 10_42_46.845-05_00_leaf.png,4364085,12.57,2690
device8,device8_2690_LeafPhotoA_2025-09-09 10_43_06.625-05_00_leaf.png,3232550,15.7,2690
device8,device8_2691_LeafPhotoA_2025-09-09 10_41_04.176-05_00_leaf.png,3864982,0.22,2691
device8,device8_2691_LeafPhotoA_2025-09-09 10_41_20.472-05_00_leaf.png,2019890,0.11,2691
device8,device8_2691_LeafPhotoA_2025-09-09 10_41_36.763-05_00_leaf.png,2271438,1.66,2691
device8,device8_2692_LeafPhotoA_2025-09-09 10_39_36.661-05_00_leaf.png,1738607,0.25,2692
device8,device8_2692_LeafPhotoA_2025-09-09 10_39_58.111-05_00_leaf.png,3286563,0.1,2692
device8,device8_2692_LeafPhotoA_2025-09-09 10_40_14.979-05_00_leaf.png,2373516,0.14,2692
device8,device8_2693_LeafPhotoA_2025-09-09 10_37_58.417-05_00_leaf.png,4456313,0.81,2693
device8,device8_2693_LeafPhotoA_2025-09-09 10_38_35.796-05_00_leaf.png,1997344,0.01,2693
device8,device8_2693_LeafPhotoA_2025-09-09 10_39_10.391-05_00_leaf.png,3483355,0.5,2693
device8,device8_2694_LeafPhotoA_2025-09-09 10_36_13.341-05_00_leaf.png,4821726,0.37,2694
device8,device8_2694_LeafPhotoA_2025-09-09 10_36_29.129-05_00_leaf.png,3494322,0.07,2694
device8,device8_2694_LeafPhotoA_2025-09-09 10_36_57.596-05_00_leaf.png,3136361,0.19,2694
device8,device8_2695_LeafPhotoA_2025-09-09 10_34_35.123-05_00_leaf.png,4893307,0.01,2695
device8,device8_2695_LeafPhotoA_2025-09-09 10_35_14.008-05_00_leaf.png,3043630,0.07,2695
device8,device8_2695_LeafPhotoA_2025-09-09 10_35_38.136-05_00_leaf.png,4882824,0.02,2695
device8,device8_2696_LeafPhotoA_2025-09-09 10_32_49.629-05_00_leaf.png,1982501,0.22,2696
device8,device8_2696_LeafPhotoA_2025-09-09 10_33_32.870-05_00_leaf.png,4209515,0.6,2696
device8,device8_2696_LeafPhotoA_2025-09-09 10_34_00.698-05_00_leaf.png,4445499,3.02,2696
device8,device8_2697_LeafPhotoA_2025-09-09 10_31_09.373-05_00_leaf.png,4230783,12.94,2697
device8,device8_2697_LeafPhotoA_2025-09-09 10_31_30.542-05_00_leaf.png,5871078,0.12,2697
device8,device8_2697_LeafPhotoA_2025-09-09 10_31_56.386-05_00_leaf.png,2629779,0.21,2697
device8,device8_2698_LeafPhotoA_2025-09-09 10_28_27.500-05_00_leaf.png,5596381,2.49,2698
device8,device8_2698_LeafPhotoA_2025-09-09 10_29_05.967-05_00_leaf.png,3106678,7.8,2698
device8,device8_2698_LeafPhotoA_2025-09-09 10_30_06.460-05_00_leaf.png,5378666,1.55,2698
device8,device8_2698_LeafPhotoA_2025-09-09 10_30_46.723-05_00_leaf.png,2421151,0.02,2698
device8,device8_2699_LeafPhotoA_2025-09-09 10_27_27.811-05_00_leaf.png,2226519,4.08,2699
device8,device8_2699_LeafPhotoA_2025-09-09 10_27_44.456-05_00_leaf.png,2525385,6.86,2699
device8,device8_2699_LeafPhotoA_2025-09-09 10_27_59.712-05_00_leaf.png,2098548,7.62,2699
device8,device8_6001_LeafPhotoA_2025-09-09 17_14_22.845-05_00_leaf.png,2770123,0.09,6001
device8,device8_6001_LeafPhotoA_2025-09-09 17_14_40.807-05_00_leaf.png,2659601,0.49,6001
device8,device8_6001_LeafPhotoA_2025-09-09 17_15_10.205-05_00_leaf.png,4811420,5.61,6001
device8,device8_6002_LeafPhotoA_2025-09-09 17_12_27.854-05_00_leaf.png,3626114,0,6002
device8,device8_6002_LeafPhotoA_2025-09-09 17_13_20.306-05_00_leaf.png,4304146,0.33,6002
device8,device8_6002_LeafPhotoA_2025-09-09 17_13_49.958-05_00_leaf.png,4463765,0.15,6002
device8,device8_6003_LeafPhotoA_2025-09-09 17_10_54.447-05_00_leaf.png,5180429,1.02,6003
device8,device8_6003_LeafPhotoA_2025-09-09 17_11_19.490-05_00_leaf.png,3492901,2.65,6003
device8,device8_6003_LeafPhotoA_2025-09-09 17_11_54.880-05_00_leaf.png,4731119,1.41,6003
device8,device8_6004_LeafPhotoA_2025-09-09 17_09_42.097-05_00_leaf.png,4366981,0.07,6004
device8,device8_6004_LeafPhotoA_2025-09-09 17_10_00.494-05_00_leaf.png,4313806,0.01,6004
device8,device8_6004_LeafPhotoA_2025-09-09 17_10_24.106-05_00_leaf.png,4108266,0.03,6004
device8,device8_6005_LeafPhotoA_2025-09-09 17_08_17.026-05_00_leaf.png,4106384,0.41,6005
device8,device8_6005_LeafPhotoA_2025-09-09 17_08_32.780-05_00_leaf.png,2363338,0.09,6005
device8,device8_6005_LeafPhotoA_2025-09-09 17_09_01.522-05_00_leaf.png,5800681,0.51,6005
device8,device8_6006_LeafPhotoA_2025-09-09 17_06_53.712-05_00_leaf.png,4590575,0.08,6006
device8,device8_6006_LeafPhotoA_2025-09-09 17_07_18.097-05_00_leaf.png,4491365,0.03,6006
device8,device8_6007_LeafPhotoA_2025-09-09 17_05_30.780-05_00_leaf.png,3674543,0.01,6007
device8,device8_6007_LeafPhotoA_2025-09-09 17_05_57.172-05_00_leaf.png,4568266,0.01,6007
device8,device8_6007_LeafPhotoA_2025-09-09 17_06_24.525-05_00_leaf.png,4824084,0.01,6007
device8,device8_6008_LeafPhotoA_2025-09-09 17_03_23.640-05_00_leaf.png,4387125,0.04,6008
device8,device8_6008_LeafPhotoA_2025-09-09 17_03_49.237-05_00_leaf.png,3489912,0.03,6008
device8,device8_6008_LeafPhotoA_2025-09-09 17_04_17.476-05_00_leaf.png,3773340,0,6008
device8,device8_6009_LeafPhotoA_2025-09-09 17_01_55.280-05_00_leaf.png,3230988,0.06,6009
device8,device8_6009_LeafPhotoA_2025-09-09 17_02_18.695-05_00_leaf.png,3451135,0.06,6009
device8,device8_6009_LeafPhotoA_2025-09-09 17_02_53.371-05_00_leaf.png,3186903,0.01,6009
device8,device8_6010_LeafPhotoA_2025-09-09 17_00_09.109-05_00_leaf.png,4254398,0.04,6010
device8,device8_6010_LeafPhotoA_2025-09-09 17_00_41.812-05_00_leaf.png,4395291,0.02,6010
device8,device8_6010_LeafPhotoA_2025-09-09 17_01_22.660-05_00_leaf.png,4504975,0.03,6010
device8,device8_6011_LeafPhotoA_2025-09-09 16_58_30.608-05_00_leaf.png,3909853,0.06,6011
device8,device8_6011_LeafPhotoA_2025-09-09 16_58_56.697-05_00_leaf.png,4391225,0,6011
device8,device8_6011_LeafPhotoA_2025-09-09 16_59_32.153-05_00_leaf.png,5049004,0,6011
device8,device8_6012_LeafPhotoA_2025-09-09 16_57_05.352-05_00_leaf.png,4514015,0,6012
device8,device8_6012_LeafPhotoA_2025-09-09 16_57_21.679-05_00_leaf.png,3528629,0,6012
device8,device8_6012_LeafPhotoA_2025-09-09 16_57_45.126-05_00_leaf.png,3289164,0.14,6012
device8,device8_6013_LeafPhotoA_2025-09-09 16_55_44.021-05_00_leaf.png,3476770,0.03,6013
device8,device8_6013_LeafPhotoA_2025-09-09 16_56_02.230-05_00_leaf.png,2581362,0.07,6013
device8,device8_6013_LeafPhotoA_2025-09-09 16_56_40.988-05_00_leaf.png,3020750,0,6013
device8,device8_6014_LeafPhotoA_2025-09-09 16_54_25.553-05_00_leaf.png,2827558,0.01,6014
device8,device8_6014_LeafPhotoA_2025-09-09 16_54_50.169-05_00_leaf.png,3847339,0.06,6014
device8,device8_6014_LeafPhotoA_2025-09-09 16_55_20.029-05_00_leaf.png,3026085,0,6014
device8,device8_6015_LeafPhotoA_2025-09-09 16_51_57.556-05_00_leaf.png,2999899,2.02,6015
device8,device8_6015_LeafPhotoA_2025-09-09 16_52_18.680-05_00_leaf.png,3081482,0.01,6015
device8,device8_6015_LeafPhotoA_2025-09-09 16_53_05.353-05_00_leaf.png,4690270,0.1,6015
device8,device8_6016_LeafPhotoA_2025-09-09 16_48_44.576-05_00_leaf.png,3883606,0.18,6016
device8,device8_6016_LeafPhotoA_2025-09-09 16_49_23.408-05_00_leaf.png,3909479,0.04,6016
device8,device8_6016_LeafPhotoA_2025-09-09 16_51_25.872-05_00_leaf.png,4063838,0.01,6016
device8,device8_6017_LeafPhotoA_2025-09-09 16_47_10.661-05_00_leaf.png,4156601,0.03,6017
device8,device8_6017_LeafPhotoA_2025-09-09 16_47_31.103-05_00_leaf.png,3063652,0,6017
device8,device8_6017_LeafPhotoA_2025-09-09 16_48_02.296-05_00_leaf.png,3896187,0,6017
device8,device8_6017_LeafPhotoA_2025-09-09 16_48_04.736-05_00_leaf.png,3897362,0,6017
device8,device8_6018_LeafPhotoA_2025-09-09 16_45_47.719-05_00_leaf.png,4058966,0.09,6018
device8,device8_6018_LeafPhotoA_2025-09-09 16_46_05.626-05_00_leaf.png,3078977,0,6018
device8,device8_6018_LeafPhotoA_2025-09-09 16_46_19.898-05_00_leaf.png,3311502,0,6018
device8,device8_6019_LeafPhotoA_2025-09-09 16_44_38.365-05_00_leaf.png,3882251,0.1,6019
device8,device8_6019_LeafPhotoA_2025-09-09 16_44_54.643-05_00_leaf.png,3943951,0.21,6019
device8,device8_6019_LeafPhotoA_2025-09-09 16_45_18.944-05_00_leaf.png,4603829,0.05,6019
device8,device8_6020_LeafPhotoA_2025-09-09 16_43_31.839-05_00_leaf.png,4020740,2.34,6020
device8,device8_6020_LeafPhotoA_2025-09-09 16_43_52.229-05_00_leaf.png,4758721,21.79,6020
device8,device8_6020_LeafPhotoA_2025-09-09 16_44_10.933-05_00_leaf.png,4376623,0.05,6020
device8,device8_6021_LeafPhotoA_2025-09-09 16_41_49.289-05_00_leaf.png,3072063,0.41,6021
device8,device8_6021_LeafPhotoA_2025-09-09 16_42_19.648-05_00_leaf.png,3688847,0.27,6021
device8,device8_6021_LeafPhotoA_2025-09-09 16_42_47.946-05_00_leaf.png,4315992,1.08,6021
device8,device8_6022_LeafPhotoA_2025-09-09 16_39_40.952-05_00_leaf.png,4214459,0.11,6022
device8,device8_6022_LeafPhotoA_2025-09-09 16_40_07.051-05_00_leaf.png,4141972,0.04,6022
device8,device8_6022_LeafPhotoA_2025-09-09 16_40_43.421-05_00_leaf.png,4454151,0.1,6022
device8,device8_6023_LeafPhotoA_2025-09-09 16_38_12.155-05_00_leaf.png,3539706,0.05,6023
device8,device8_6023_LeafPhotoA_2025-09-09 16_38_39.420-05_00_leaf.png,3595181,0.1,6023
device8,device8_6023_LeafPhotoA_2025-09-09 16_39_07.292-05_00_leaf.png,4447899,0.03,6023
device8,device8_6024_LeafPhotoA_2025-09-09 16_36_43.765-05_00_leaf.png,2335462,0.02,6024
device8,device8_6024_LeafPhotoA_2025-09-09 16_37_05.339-05_00_leaf.png,2478704,0.06,6024
device8,device8_6024_LeafPhotoA_2025-09-09 16_37_26.263-05_00_leaf.png,3677016,0.01,6024
device8,device8_6025_LeafPhotoA_2025-09-09 16_35_27.637-05_00_leaf.png,4053345,0.47,6025
device8,device8_6025_LeafPhotoA_2025-09-09 16_35_46.802-05_00_leaf.png,4641295,0.02,6025
device8,device8_6025_LeafPhotoA_2025-09-09 16_36_06.554-05_00_leaf.png,3590255,0.01,6025
device8,device8_6026_LeafPhotoA_2025-09-09 16_34_00.070-05_00_leaf.png,2963179,0,6026
device8,device8_6026_LeafPhotoA_2025-09-09 16_34_32.295-05_00_leaf.png,4040789,0.15,6026
device8,device8_6026_LeafPhotoA_2025-09-09 16_35_01.025-05_00_leaf.png,3621904,0.45,6026
device8,device8_6027_LeafPhotoA_2025-09-09 16_32_39.056-05_00_leaf.png,4114798,0.02,6027
device8,device8_6027_LeafPhotoA_2025-09-09 16_32_57.658-05_00_leaf.png,3412424,0.06,6027
device8,device8_6027_LeafPhotoA_2025-09-09 16_33_32.836-05_00_leaf.png,4178640,0.6,6027
device8,device8_6028_LeafPhotoA_2025-09-09 16_31_20.804-05_00_leaf.png,4534428,3.34,6028
device8,device8_6028_LeafPhotoA_2025-09-09 16_31_47.400-05_00_leaf.png,2644882,0.12,6028
device8,device8_6028_LeafPhotoA_2025-09-09 16_32_11.308-05_00_leaf.png,3573597,3.78,6028
device8,device8_6029_LeafPhotoA_2025-09-09 16_30_12.499-05_00_leaf.png,3156906,0.59,6029
device8,device8_6029_LeafPhotoA_2025-09-09 16_30_34.819-05_00_leaf.png,3248409,1.2,6029
device8,device8_6029_LeafPhotoA_2025-09-09 16_30_57.172-05_00_leaf.png,3008365,8.32,6029
device8,device8_6030_LeafPhotoA_2025-09-09 16_28_59.875-05_00_leaf.png,3863138,0,6030
device8,device8_6030_LeafPhotoA_2025-09-09 16_29_23.370-05_00_leaf.png,4471988,0.05,6030
device8,device8_6030_LeafPhotoA_2025-09-09 16_29_46.899-05_00_leaf.png,4997888,0.43,6030
device8,device8_6031_LeafPhotoA_2025-09-09 16_27_08.654-05_00_leaf.png,3809147,0.17,6031
device8,device8_6031_LeafPhotoA_2025-09-09 16_27_36.309-05_00_leaf.png,3642334,0.08,6031
device8,device8_6031_LeafPhotoA_2025-09-09 16_28_09.415-05_00_leaf.png,3441149,1.56,6031
device8,device8_6032_LeafPhotoA_2025-09-09 16_25_35.723-05_00_leaf.png,3637847,0.01,6032
device8,device8_6032_LeafPhotoA_2025-09-09 16_26_01.816-05_00_leaf.png,4059088,0.02,6032
device8,device8_6032_LeafPhotoA_2025-09-09 16_26_29.121-05_00_leaf.png,3394883,0.02,6032
device8,device8_6032_LeafPhotoA_2025-09-09 16_26_31.835-05_00_leaf.png,3389864,0.02,6032
device8,device8_6033_LeafPhotoA_2025-09-09 16_23_06.280-05_00_leaf.png,4891680,0.09,6033
device8,device8_6033_LeafPhotoA_2025-09-09 16_23_40.350-05_00_leaf.png,3799977,0.08,6033
device8,device8_6033_LeafPhotoA_2025-09-09 16_24_04.688-05_00_leaf.png,3959757,0.08,6033
device8,device8_6034_LeafPhotoA_2025-09-09 16_21_16.069-05_00_leaf.png,4145253,0.07,6034
device8,device8_6034_LeafPhotoA_2025-09-09 16_21_58.079-05_00_leaf.png,4504885,0,6034
device8,device8_6034_LeafPhotoA_2025-09-09 16_22_18.571-05_00_leaf.png,3842554,0.08,6034
device8,device8_6035_LeafPhotoA_2025-09-09 16_19_18.972-05_00_leaf.png,4630384,0.03,6035
device8,device8_6035_LeafPhotoA_2025-09-09 16_19_41.324-05_00_leaf.png,4478788,0.01,6035
device8,device8_6035_LeafPhotoA_2025-09-09 16_20_16.113-05_00_leaf.png,4689588,0.17,6035
device8,device8_6036_LeafPhotoA_2025-09-09 16_17_27.908-05_00_leaf.png,2650145,0.08,6036
device8,device8_6036_LeafPhotoA_2025-09-09 16_18_12.663-05_00_leaf.png,4115251,0.09,6036
device8,device8_6036_LeafPhotoA_2025-09-09 16_18_38.992-05_00_leaf.png,4218444,0.15,6036
device8,device8_6037_LeafPhotoA_2025-09-09 16_15_36.452-05_00_leaf.png,3641554,0,6037
device8,device8_6037_LeafPhotoA_2025-09-09 16_16_18.893-05_00_leaf.png,3859313,0,6037
device8,device8_6037_LeafPhotoA_2025-09-09 16_16_47.656-05_00_leaf.png,4723507,0.01,6037
device8,device8_6038_LeafPhotoA_2025-09-09 16_13_18.326-05_00_leaf.png,3397125,0.92,6038
device8,device8_6038_LeafPhotoA_2025-09-09 16_14_10.977-05_00_leaf.png,3437530,0.16,6038
device8,device8_6038_LeafPhotoA_2025-09-09 16_14_43.340-05_00_leaf.png,3153386,0,6038
device8,device8_6039_LeafPhotoA_2025-09-09 16_11_47.089-05_00_leaf.png,4067839,0.56,6039
device8,device8_6039_LeafPhotoA_2025-09-09 16_12_26.653-05_00_leaf.png,3655076,0.35,6039
device8,device8_6039_LeafPhotoA_2025-09-09 16_12_47.394-05_00_leaf.png,4399105,0.24,6039
device8,device8_6040_LeafPhotoA_2025-09-09 16_09_58.058-05_00_leaf.png,3825788,0.67,6040
device8,device8_6040_LeafPhotoA_2025-09-09 16_10_33.353-05_00_leaf.png,3599386,0.09,6040
device8,device8_6040_LeafPhotoA_2025-09-09 16_10_34.394-05_00_leaf.png,3600795,0.09,6040
device8,device8_6040_LeafPhotoA_2025-09-09 16_11_19.557-05_00_leaf.png,3536556,0.03,6040
device8,device8_6041_LeafPhotoA_2025-09-09 16_08_13.957-05_00_leaf.png,4453231,0.06,6041
device8,device8_6041_LeafPhotoA_2025-09-09 16_08_32.350-05_00_leaf.png,4306734,0.08,6041
device8,device8_6041_LeafPhotoA_2025-09-09 16_09_11.708-05_00_leaf.png,4033088,0.18,6041
device8,device8_6042_LeafPhotoA_2025-09-09 16_06_35.024-05_00_leaf.png,3544197,0.15,6042
device8,device8_6042_LeafPhotoA_2025-09-09 16_07_02.560-05_00_leaf.png,3188120,0.11,6042
device8,device8_6042_LeafPhotoA_2025-09-09 16_07_34.766-05_00_leaf.png,3469106,0,6042
device8,device8_6043_LeafPhotoA_2025-09-09 16_04_16.208-05_00_leaf.png,2879863,0.01,6043
device8,device8_6043_LeafPhotoA_2025-09-09 16_04_58.355-05_00_leaf.png,3042475,19.14,6043
device8,device8_6043_LeafPhotoA_2025-09-09 16_06_03.616-05_00_leaf.png,3684889,0.03,6043
device8,device8_6044_LeafPhotoA_2025-09-09 16_03_00.837-05_00_leaf.png,3282688,0.02,6044
device8,device8_6044_LeafPhotoA_2025-09-09 16_03_22.160-05_00_leaf.png,3713668,0.02,6044
device8,device8_6044_LeafPhotoA_2025-09-09 16_03_43.942-05_00_leaf.png,4157413,0,6044
device8,device8_6045_LeafPhotoA_2025-09-09 16_01_24.061-05_00_leaf.png,3485765,1.05,6045
device8,device8_6045_LeafPhotoA_2025-09-09 16_01_49.612-05_00_leaf.png,2624559,23.31,6045
device8,device8_6045_LeafPhotoA_2025-09-09 16_02_20.802-05_00_leaf.png,3106014,1.11,6045
device8,device8_6046_LeafPhotoA_2025-09-09 15_59_52.522-05_00_leaf.png,4032681,0.2,6046
device8,device8_6046_LeafPhotoA_2025-09-09 16_00_23.298-05_00_leaf.png,4315105,4.47,6046
device8,device8_6046_LeafPhotoA_2025-09-09 16_00_26.173-05_00_leaf.png,4316181,9.08,6046
device8,device8_6046_LeafPhotoA_2025-09-09 16_00_49.626-05_00_leaf.png,3953730,0.09,6046
device8,device8_6047_LeafPhotoA_2025-09-09 15_58_15.285-05_00_leaf.png,4464898,0.11,6047
device8,device8_6047_LeafPhotoA_2025-09-09 15_58_39.641-05_00_leaf.png,3548881,0.03,6047
device8,device8_6047_LeafPhotoA_2025-09-09 15_59_00.070-05_00_leaf.png,4217953,0.14,6047
device8,device8_6048_LeafPhotoA_2025-09-09 15_56_42.727-05_00_leaf.png,5061611,0.04,6048
device8,device8_6048_LeafPhotoA_2025-09-09 15_57_01.049-05_00_leaf.png,3876969,0.11,6048
device8,device8_6048_LeafPhotoA_2025-09-09 15_57_43.525-05_00_leaf.png,3989055,10.03,6048
device8,device8_6049_LeafPhotoA_2025-09-09 15_54_47.227-05_00_leaf.png,2756912,0.02,6049
device8,device8_6049_LeafPhotoA_2025-09-09 15_55_31.935-05_00_leaf.png,2944143,0.02,6049
device8,device8_6049_LeafPhotoA_2025-09-09 15_56_09.732-05_00_leaf.png,3717862,0,6049
device8,device8_6050_LeafPhotoA_2025-09-09 15_53_25.398-05_00_leaf.png,3265418,0.26,6050
device8,device8_6050_LeafPhotoA_2025-09-09 15_53_46.186-05_00_leaf.png,4214949,0.21,6050
device8,device8_6050_LeafPhotoA_2025-09-09 15_54_06.626-05_00_leaf.png,3096478,0.18,6050
